Datetime,Open,High,Low,Close,Volume
2025-01-02 00:00:00,1.10446,1.10494,1.10284,1.10428,945
2025-01-02 01:00:00,1.10428,1.10646,1.10383,1.10634,3451
2025-01-02 02:00:00,1.10634,1.10673,1.10572,1.10649,3350
2025-01-02 03:00:00,1.10646,1.10704,1.10581,1.10617,7038
2025-01-02 04:00:00,1.10616,1.10688,1.10573,1.10687,5396
2025-01-02 05:00:00,1.10688,1.10694,1.10631,1.1066,2927
2025-01-02 06:00:00,1.10659,1.107,1.10633,1.10687,2364
2025-01-02 07:00:00,1.10686,1.10739,1.10673,1.10714,2589
2025-01-02 08:00:00,1.10713,1.10728,1.10692,1.10704,3220
2025-01-02 09:00:00,1.10704,1.10744,1.10612,1.10627,4492
2025-01-02 10:00:00,1.10628,1.10679,1.10607,1.10637,6447
2025-01-02 11:00:00,1.10639,1.10683,1.10555,1.10657,4967
2025-01-02 12:00:00,1.10656,1.10695,1.106,1.10685,6287
2025-01-02 13:00:00,1.10685,1.10763,1.10668,1.10712,5305
2025-01-02 14:00:00,1.10712,1.10733,1.10653,1.10703,5699
2025-01-02 15:00:00,1.10704,1.10764,1.10663,1.10763,9479
2025-01-02 16:00:00,1.10762,1.10827,1.10749,1.10796,9546
2025-01-02 17:00:00,1.10794,1.1085,1.1069,1.10835,12002
2025-01-02 18:00:00,1.10835,1.10881,1.10813,1.10847,12160
2025-01-02 19:00:00,1.10847,1.10879,1.10816,1.10857,9350
2025-01-02 20:00:00,1.10856,1.10871,1.10797,1.10815,7117
2025-01-02 21:00:00,1.10816,1.10848,1.10806,1.10841,5449
2025-01-02 22:00:00,1.10839,1.10907,1.10829,1.10892,5173
2025-01-02 23:00:00,1.10893,1.10903,1.10849,1.10864,2115
2025-01-03 00:00:00,1.10859,1.10891,1.10606,1.10811,2227
2025-01-03 01:00:00,1.10811,1.10912,1.10811,1.10863,1343
2025-01-03 02:00:00,1.10863,1.10943,1.10836,1.10862,3665
2025-01-03 03:00:00,1.1086,1.10925,1.1084,1.10916,4889
2025-01-03 04:00:00,1.10918,1.10933,1.10842,1.10861,4216
2025-01-03 05:00:00,1.10862,1.10864,1.10819,1.10832,3026
2025-01-03 06:00:00,1.10833,1.10878,1.10819,1.10862,2214
2025-01-03 07:00:00,1.10863,1.10886,1.10842,1.10867,3076
2025-01-03 08:00:00,1.10866,1.10895,1.10839,1.10848,3948
2025-01-03 09:00:00,1.10848,1.10913,1.10848,1.10886,7682
2025-01-03 10:00:00,1.10885,1.10925,1.10864,1.10904,6581
2025-01-03 11:00:00,1.10906,1.10954,1.1089,1.10925,5736
2025-01-03 12:00:00,1.10926,1.10995,1.10906,1.1099,4076
2025-01-03 13:00:00,1.10991,1.11009,1.10951,1.10975,3936
2025-01-03 14:00:00,1.10975,1.10984,1.10928,1.10949,4436
2025-01-03 15:00:00,1.10947,1.10949,1.10892,1.10915,5720
2025-01-03 16:00:00,1.10915,1.10919,1.10758,1.10795,6597
2025-01-03 17:00:00,1.10788,1.1086,1.10754,1.10798,12347
2025-01-03 18:00:00,1.10797,1.10801,1.1073,1.10794,6593
2025-01-03 19:00:00,1.10794,1.10801,1.10732,1.10766,5799
2025-01-03 20:00:00,1.10768,1.10827,1.10762,1.10821,4781
2025-01-03 21:00:00,1.10821,1.10864,1.10811,1.10836,3580
2025-01-03 22:00:00,1.10836,1.10856,1.10815,1.10854,3302
2025-01-03 23:00:00,1.10853,1.10855,1.10703,1.10733,1788
2025-01-06 00:00:00,1.10482,1.10656,1.10463,1.10593,810
2025-01-06 01:00:00,1.10593,1.10781,1.10589,1.10746,2497
2025-01-06 02:00:00,1.10746,1.10763,1.10691,1.10744,4737
2025-01-06 03:00:00,1.10744,1.10837,1.10673,1.1082,7074
2025-01-06 04:00:00,1.10822,1.10863,1.10765,1.10832,5787
2025-01-06 05:00:00,1.10831,1.10847,1.10688,1.10691,4060
2025-01-06 06:00:00,1.1069,1.10702,1.10643,1.10688,2800
2025-01-06 07:00:00,1.10688,1.10761,1.10662,1.10756,3499
2025-01-06 08:00:00,1.10757,1.10766,1.107,1.10751,3593
2025-01-06 09:00:00,1.10751,1.10796,1.10724,1.10736,4325
2025-01-06 10:00:00,1.10734,1.10797,1.10715,1.10789,6957
2025-01-06 11:00:00,1.10789,1.10821,1.10756,1.10815,6586
2025-01-06 12:00:00,1.10814,1.10824,1.10789,1.10813,4511
2025-01-06 13:00:00,1.10816,1.10889,1.10761,1.10763,15420
2025-01-06 14:00:00,1.10765,1.10839,1.10738,1.10825,10736
2025-01-06 15:00:00,1.10826,1.10884,1.10798,1.10837,11852
2025-01-06 16:00:00,1.10836,1.10863,1.10722,1.10751,16410
2025-01-06 17:00:00,1.1075,1.10811,1.10706,1.10732,15211
2025-01-06 18:00:00,1.10728,1.10738,1.10684,1.10719,9290
2025-01-06 19:00:00,1.10719,1.10725,1.10648,1.10652,6416
2025-01-06 20:00:00,1.10655,1.10716,1.10645,1.10706,6394
2025-01-06 21:00:00,1.10705,1.10733,1.10693,1.10698,5515
2025-01-06 22:00:00,1.10698,1.10703,1.10656,1.10677,3980
2025-01-06 23:00:00,1.10678,1.10688,1.10646,1.10669,1943
2025-01-07 00:00:00,1.10674,1.10676,1.10492,1.10648,1455
2025-01-07 01:00:00,1.10648,1.10683,1.10609,1.10645,1994
2025-01-07 02:00:00,1.10644,1.10719,1.10636,1.107,4683
2025-01-07 03:00:00,1.10698,1.10731,1.10639,1.10683,6568
2025-01-07 04:00:00,1.10685,1.10697,1.10588,1.10599,5537
2025-01-07 05:00:00,1.10598,1.10628,1.10553,1.1058,4016
2025-01-07 06:00:00,1.10581,1.10584,1.10533,1.10584,2590
2025-01-07 07:00:00,1.10583,1.10612,1.10554,1.10598,4468
2025-01-07 08:00:00,1.10597,1.10628,1.10548,1.10609,4121
2025-01-07 09:00:00,1.10608,1.10629,1.1053,1.10553,6665
2025-01-07 10:00:00,1.10555,1.10562,1.10433,1.10475,6672
2025-01-07 11:00:00,1.10473,1.10507,1.10431,1.10505,5965
2025-01-07 12:00:00,1.10505,1.10576,1.10495,1.10557,5657
2025-01-07 13:00:00,1.10557,1.10593,1.10513,1.10545,4876
2025-01-07 14:00:00,1.10545,1.1067,1.10522,1.1064,5516
2025-01-07 15:00:00,1.10639,1.10687,1.10591,1.10595,6427
2025-01-07 16:00:00,1.10594,1.10622,1.10536,1.10545,6999
2025-01-07 17:00:00,1.10549,1.10675,1.1038,1.10626,16137
2025-01-07 18:00:00,1.10626,1.10682,1.10613,1.1065,12150
2025-01-07 19:00:00,1.10648,1.10662,1.10586,1.10598,9505
2025-01-07 20:00:00,1.10582,1.10634,1.1058,1.1061,6494
2025-01-07 21:00:00,1.1061,1.10639,1.10578,1.10611,4817
2025-01-07 22:00:00,1.10612,1.10618,1.10561,1.10589,4787
2025-01-07 23:00:00,1.10587,1.10622,1.10571,1.10578,1630
2025-01-08 00:00:00,1.10567,1.10619,1.1047,1.10612,1108
2025-01-08 01:00:00,1.10612,1.10651,1.10587,1.1065,1858
2025-01-08 02:00:00,1.1065,1.10655,1.10482,1.1052,5536
2025-01-08 03:00:00,1.10519,1.10525,1.10402,1.10478,6060
2025-01-08 04:00:00,1.10477,1.10603,1.10461,1.106,4083
2025-01-08 05:00:00,1.10601,1.10651,1.10568,1.10633,3049
2025-01-08 06:00:00,1.10633,1.1065,1.10566,1.10574,2395
2025-01-08 07:00:00,1.10573,1.10576,1.10513,1.10535,3010
2025-01-08 08:00:00,1.10535,1.10578,1.1046,1.10567,3594
2025-01-08 09:00:00,1.10567,1.10632,1.10523,1.10625,5472
2025-01-08 10:00:00,1.10627,1.10693,1.10613,1.10646,7326
2025-01-08 11:00:00,1.10645,1.10707,1.10634,1.10694,5817
2025-01-08 12:00:00,1.10696,1.10739,1.10643,1.1065,4939
2025-01-08 13:00:00,1.10648,1.10749,1.10643,1.107,10854
2025-01-08 14:00:00,1.10699,1.10732,1.10653,1.10701,8509
2025-01-08 15:00:00,1.10699,1.10791,1.10649,1.10778,13034
2025-01-08 16:00:00,1.10779,1.10859,1.10742,1.10744,11720
2025-01-08 17:00:00,1.10742,1.10808,1.10729,1.10741,11561
2025-01-08 18:00:00,1.1074,1.10793,1.10738,1.10768,8712
2025-01-08 19:00:00,1.10768,1.10775,1.10716,1.10758,7520
2025-01-08 20:00:00,1.10753,1.10814,1.10668,1.10774,7498
2025-01-08 21:00:00,1.10773,1.10827,1.10745,1.10819,7799
2025-01-08 22:00:00,1.10821,1.10852,1.10797,1.10842,4640
2025-01-08 23:00:00,1.10843,1.1085,1.10795,1.1081,1763
2025-01-09 00:00:00,1.10799,1.10829,1.10473,1.108,1048
2025-01-09 01:00:00,1.108,1.10824,1.10775,1.10811,1594
2025-01-09 02:00:00,1.10811,1.10862,1.10753,1.10776,4987
2025-01-09 03:00:00,1.10778,1.10806,1.10714,1.10789,5203
2025-01-09 04:00:00,1.1079,1.10805,1.10712,1.10716,4234
2025-01-09 05:00:00,1.10716,1.10776,1.10699,1.1075,3225
2025-01-09 06:00:00,1.10751,1.10772,1.107,1.10752,2702
2025-01-09 07:00:00,1.10751,1.10755,1.10688,1.10717,3374
2025-01-09 08:00:00,1.10716,1.10805,1.10691,1.10767,4659
2025-01-09 09:00:00,1.10766,1.10813,1.10698,1.10804,7140
2025-01-09 10:00:00,1.10805,1.10824,1.10688,1.1077,8755
2025-01-09 11:00:00,1.1077,1.1082,1.10736,1.10775,6914
2025-01-09 12:00:00,1.10776,1.10813,1.10739,1.10811,6474
2025-01-09 13:00:00,1.10811,1.10841,1.10768,1.1082,5322
2025-01-09 14:00:00,1.1082,1.10838,1.10773,1.10789,5199
2025-01-09 15:00:00,1.10788,1.1079,1.10726,1.10752,6222
2025-01-09 16:00:00,1.10751,1.10777,1.10672,1.1068,5178
2025-01-09 17:00:00,1.10681,1.10781,1.10676,1.10716,5304
2025-01-09 18:00:00,1.10717,1.10747,1.1068,1.10692,3998
2025-01-09 19:00:00,1.10691,1.10717,1.10671,1.10675,3531
2025-01-09 20:00:00,1.10676,1.10699,1.10655,1.10672,2293
2025-01-09 21:00:00,1.10672,1.10696,1.10621,1.10673,1460
2025-01-09 22:00:00,1.10672,1.10689,1.10651,1.10669,1272
2025-01-09 23:00:00,1.1067,1.10679,1.10614,1.10628,861
2025-01-10 00:00:00,1.10624,1.10678,1.10498,1.1065,739
2025-01-10 01:00:00,1.1065,1.10696,1.1065,1.10659,1684
2025-01-10 02:00:00,1.10659,1.10703,1.10646,1.10695,3502
2025-01-10 03:00:00,1.10694,1.10803,1.10685,1.10691,5352
2025-01-10 04:00:00,1.1069,1.10748,1.10667,1.10727,3214
2025-01-10 05:00:00,1.10727,1.10789,1.10726,1.10766,2501
2025-01-10 06:00:00,1.10765,1.10784,1.10733,1.10776,2634
2025-01-10 07:00:00,1.10777,1.10817,1.1077,1.108,3640
2025-01-10 08:00:00,1.10802,1.10828,1.10784,1.10812,3460
2025-01-10 09:00:00,1.10811,1.10838,1.10762,1.10786,4400
2025-01-10 10:00:00,1.10785,1.10851,1.10777,1.10836,5678
2025-01-10 11:00:00,1.10835,1.10886,1.10802,1.10858,5100
2025-01-10 12:00:00,1.10859,1.10884,1.10825,1.10882,3788
2025-01-10 13:00:00,1.10882,1.10897,1.10849,1.10859,3752
2025-01-10 14:00:00,1.10859,1.10869,1.10765,1.10788,4383
2025-01-10 15:00:00,1.10791,1.10815,1.10584,1.10758,15447
2025-01-10 16:00:00,1.10759,1.10805,1.10738,1.10781,17765
2025-01-10 17:00:00,1.10779,1.10794,1.1064,1.10676,16372
2025-01-10 18:00:00,1.10675,1.10692,1.10617,1.10632,12316
2025-01-10 19:00:00,1.10632,1.10642,1.10583,1.10625,8627
2025-01-10 20:00:00,1.10626,1.10688,1.1062,1.10682,6914
2025-01-10 21:00:00,1.10683,1.10687,1.10579,1.10581,6279
2025-01-10 22:00:00,1.10581,1.10617,1.10567,1.10607,5472
2025-01-10 23:00:00,1.10606,1.10622,1.1052,1.10594,1971
2025-01-13 00:00:00,1.10468,1.10617,1.10405,1.10593,1018
2025-01-13 01:00:00,1.10593,1.10681,1.10546,1.10608,3028
2025-01-13 02:00:00,1.10608,1.10643,1.10585,1.10596,3653
2025-01-13 03:00:00,1.10597,1.10672,1.10581,1.10636,7052
2025-01-13 04:00:00,1.10635,1.10654,1.10562,1.10585,5370
2025-01-13 05:00:00,1.10584,1.10584,1.10454,1.10462,5105
2025-01-13 06:00:00,1.10461,1.10543,1.10455,1.10491,3672
2025-01-13 07:00:00,1.10492,1.10556,1.10489,1.10539,3476
2025-01-13 08:00:00,1.10538,1.10636,1.10538,1.10636,3872
2025-01-13 09:00:00,1.10636,1.10654,1.10585,1.10644,6402
2025-01-13 10:00:00,1.10644,1.10722,1.10622,1.10713,8278
2025-01-13 11:00:00,1.10716,1.1078,1.10692,1.10711,9065
2025-01-13 12:00:00,1.1071,1.10782,1.10691,1.10763,6231
2025-01-13 13:00:00,1.10762,1.10781,1.10749,1.10766,5272
2025-01-13 14:00:00,1.10766,1.10776,1.10706,1.10734,7530
2025-01-13 15:00:00,1.10733,1.10749,1.10662,1.10682,7567
2025-01-13 16:00:00,1.1068,1.1079,1.10671,1.10774,10183
2025-01-13 17:00:00,1.1077,1.10813,1.10739,1.10792,10216
2025-01-13 18:00:00,1.10791,1.10846,1.10774,1.10812,7619
2025-01-13 19:00:00,1.10812,1.1083,1.10793,1.10814,6594
2025-01-13 20:00:00,1.10815,1.10825,1.10731,1.10744,4663
2025-01-13 21:00:00,1.10745,1.10777,1.10724,1.1074,4288
2025-01-13 22:00:00,1.10739,1.10742,1.10677,1.10692,3817
2025-01-13 23:00:00,1.10693,1.10703,1.10586,1.10633,2745
2025-01-14 00:00:00,1.10627,1.10665,1.10274,1.10533,1020
2025-01-14 01:00:00,1.10533,1.10599,1.10411,1.10513,5829
2025-01-14 02:00:00,1.10514,1.10523,1.10393,1.10457,5268
2025-01-14 03:00:00,1.10458,1.10473,1.10306,1.1033,7401
2025-01-14 04:00:00,1.10328,1.10435,1.10301,1.10371,5026
2025-01-14 05:00:00,1.10372,1.10418,1.10317,1.10331,4332
2025-01-14 06:00:00,1.10331,1.1036,1.10299,1.10343,2436
2025-01-14 07:00:00,1.10341,1.1036,1.10301,1.10325,3613
2025-01-14 08:00:00,1.10325,1.10338,1.10271,1.10291,4335
2025-01-14 09:00:00,1.10291,1.10355,1.10267,1.10287,7219
2025-01-14 10:00:00,1.10289,1.10304,1.10205,1.10289,8116
2025-01-14 11:00:00,1.10288,1.10342,1.10262,1.10321,6210
2025-01-14 12:00:00,1.10322,1.10337,1.10267,1.10294,5091
2025-01-14 13:00:00,1.10292,1.10473,1.10266,1.10353,4258
2025-01-14 14:00:00,1.10353,1.10414,1.10304,1.10402,5271
2025-01-14 15:00:00,1.10401,1.10448,1.1026,1.10428,12280
2025-01-14 16:00:00,1.1043,1.10474,1.10411,1.10438,12025
2025-01-14 17:00:00,1.10437,1.10565,1.10429,1.10557,11569
2025-01-14 18:00:00,1.10556,1.10565,1.10462,1.10479,10716
2025-01-14 19:00:00,1.10478,1.10605,1.10469,1.10581,6768
2025-01-14 20:00:00,1.10575,1.1059,1.1054,1.10559,4263
2025-01-14 21:00:00,1.10558,1.10564,1.10502,1.10507,3683
2025-01-14 22:00:00,1.10506,1.10535,1.1048,1.1053,4678
2025-01-14 23:00:00,1.1053,1.10542,1.10499,1.10513,1523
2025-01-15 00:00:00,1.10508,1.10521,1.10266,1.10508,587
2025-01-15 01:00:00,1.10508,1.1055,1.10492,1.105,1463
2025-01-15 02:00:00,1.105,1.10541,1.10401,1.10411,3442
2025-01-15 03:00:00,1.1041,1.10453,1.10398,1.10418,4383
2025-01-15 04:00:00,1.10417,1.10492,1.1038,1.1047,3145
2025-01-15 05:00:00,1.10469,1.10513,1.10429,1.10477,2913
2025-01-15 06:00:00,1.10477,1.10515,1.10448,1.10493,2338
2025-01-15 07:00:00,1.10492,1.10543,1.10449,1.10531,3162
2025-01-15 08:00:00,1.10531,1.10539,1.10474,1.10528,2844
2025-01-15 09:00:00,1.10528,1.10563,1.10418,1.10431,6661
2025-01-15 10:00:00,1.10432,1.10469,1.10389,1.10409,6832
2025-01-15 11:00:00,1.1041,1.10474,1.10405,1.10452,5122
2025-01-15 12:00:00,1.10452,1.10527,1.10439,1.10508,3861
2025-01-15 13:00:00,1.10506,1.10571,1.10494,1.10561,3471
2025-01-15 14:00:00,1.10561,1.10614,1.10555,1.10603,4464
2025-01-15 15:00:00,1.10601,1.1064,1.10182,1.10562,13686
2025-01-15 16:00:00,1.10562,1.10673,1.10548,1.10651,14518
2025-01-15 17:00:00,1.10651,1.10724,1.10593,1.10715,12797
2025-01-15 18:00:00,1.10714,1.10798,1.10689,1.10775,11679
2025-01-15 19:00:00,1.10775,1.1084,1.10766,1.10825,7079
2025-01-15 20:00:00,1.1083,1.10885,1.10811,1.10875,4774
2025-01-15 21:00:00,1.10875,1.10934,1.10857,1.10875,3523
2025-01-15 22:00:00,1.10874,1.10875,1.10836,1.10851,3021
2025-01-15 23:00:00,1.10848,1.10874,1.10825,1.10855,1371
2025-01-16 00:00:00,1.10866,1.1089,1.1059,1.10848,523
2025-01-16 01:00:00,1.10848,1.10878,1.10774,1.10786,2106
2025-01-16 02:00:00,1.10786,1.10946,1.10709,1.10777,5698
2025-01-16 03:00:00,1.10778,1.10815,1.1069,1.10733,6526
2025-01-16 04:00:00,1.10731,1.10788,1.10683,1.1072,5654
2025-01-16 05:00:00,1.1072,1.10762,1.10679,1.10729,3940
2025-01-16 06:00:00,1.10727,1.1074,1.10658,1.10685,2807
2025-01-16 07:00:00,1.10686,1.10693,1.10594,1.10681,4486
2025-01-16 08:00:00,1.10682,1.10753,1.10671,1.10738,5180
2025-01-16 09:00:00,1.10738,1.10852,1.10737,1.1081,6111
2025-01-16 10:00:00,1.10811,1.10933,1.10805,1.10913,5606
2025-01-16 11:00:00,1.10911,1.10925,1.10839,1.10879,4837
2025-01-16 12:00:00,1.10878,1.10902,1.10853,1.10881,3979
2025-01-16 13:00:00,1.10879,1.10893,1.10842,1.10868,3955
2025-01-16 14:00:00,1.10868,1.10936,1.10864,1.10923,5923
2025-01-16 15:00:00,1.10921,1.11,1.10775,1.11,10717
2025-01-16 16:00:00,1.11001,1.11029,1.10922,1.10934,10200
2025-01-16 17:00:00,1.10937,1.10954,1.10754,1.10785,13868
2025-01-16 18:00:00,1.10785,1.10797,1.10725,1.10751,12259
2025-01-16 19:00:00,1.1075,1.10785,1.1073,1.10757,8518
2025-01-16 20:00:00,1.10753,1.10777,1.10724,1.10755,5005
2025-01-16 21:00:00,1.10754,1.10768,1.10731,1.10745,4717
2025-01-16 22:00:00,1.10744,1.10784,1.10736,1.10762,3727
2025-01-16 23:00:00,1.10763,1.10798,1.1075,1.1078,1747
2025-01-17 00:00:00,1.10782,1.10831,1.106,1.10791,319
2025-01-17 01:00:00,1.10791,1.10821,1.1073,1.10736,1611
2025-01-17 02:00:00,1.10736,1.10764,1.1065,1.10696,3627
2025-01-17 03:00:00,1.10695,1.10749,1.10653,1.10715,4609
2025-01-17 04:00:00,1.10721,1.10757,1.10703,1.10739,4934
2025-01-17 05:00:00,1.1074,1.10864,1.10726,1.10848,2987
2025-01-17 06:00:00,1.10847,1.10883,1.10789,1.10828,3084
2025-01-17 07:00:00,1.10829,1.10914,1.10821,1.109,3564
2025-01-17 08:00:00,1.109,1.11008,1.10885,1.10992,3077
2025-01-17 09:00:00,1.10992,1.11016,1.10953,1.10979,5685
2025-01-17 10:00:00,1.10986,1.10989,1.10887,1.10902,5334
2025-01-17 11:00:00,1.10903,1.10907,1.10804,1.10808,5152
2025-01-17 12:00:00,1.10808,1.10825,1.10782,1.10789,3513
2025-01-17 13:00:00,1.10788,1.10819,1.10718,1.10733,4197
2025-01-17 14:00:00,1.10733,1.10769,1.10664,1.10742,5548
2025-01-17 15:00:00,1.10741,1.10839,1.10731,1.108,8639
2025-01-17 16:00:00,1.10799,1.10985,1.10786,1.10944,14356
2025-01-17 17:00:00,1.10945,1.10984,1.10865,1.10973,14545
2025-01-17 18:00:00,1.10972,1.10979,1.10929,1.10957,8591
2025-01-17 19:00:00,1.10956,1.10997,1.10946,1.10962,5706
2025-01-17 20:00:00,1.10964,1.10977,1.1091,1.10967,3830
2025-01-17 21:00:00,1.10966,1.10988,1.10939,1.10981,3893
2025-01-17 22:00:00,1.10983,1.10986,1.1088,1.10892,4376
2025-01-17 23:00:00,1.10893,1.10929,1.10799,1.10807,2792
2025-01-20 00:00:00,1.10728,1.1091,1.10702,1.10767,592
2025-01-20 01:00:00,1.10767,1.10942,1.10763,1.10879,2414
2025-01-20 02:00:00,1.10879,1.10894,1.1082,1.10839,3990
2025-01-20 03:00:00,1.10838,1.10855,1.10803,1.10825,5698
2025-01-20 04:00:00,1.10824,1.10838,1.10753,1.10757,4645
2025-01-20 05:00:00,1.10758,1.10808,1.10726,1.10753,3734
2025-01-20 06:00:00,1.10753,1.10771,1.10735,1.1074,2164
2025-01-20 07:00:00,1.10739,1.10748,1.10699,1.10716,3378
2025-01-20 08:00:00,1.10717,1.10779,1.10703,1.10757,4171
2025-01-20 09:00:00,1.10759,1.10822,1.10667,1.10667,4693
2025-01-20 10:00:00,1.10668,1.10764,1.10657,1.10705,5624
2025-01-20 11:00:00,1.10704,1.10739,1.10677,1.10686,5223
2025-01-20 12:00:00,1.10687,1.10735,1.10679,1.10704,4291
2025-01-20 13:00:00,1.10703,1.10726,1.10679,1.10692,3660
2025-01-20 14:00:00,1.10692,1.10722,1.10671,1.10716,4426
2025-01-20 15:00:00,1.10719,1.1083,1.10606,1.10701,15070
2025-01-20 16:00:00,1.107,1.10728,1.10633,1.10662,16930
2025-01-20 17:00:00,1.10663,1.10687,1.106,1.10654,12594
2025-01-20 18:00:00,1.10655,1.10675,1.10623,1.10655,6524
2025-01-20 19:00:00,1.10655,1.10676,1.10588,1.10598,9382
2025-01-20 20:00:00,1.10597,1.10607,1.10567,1.10589,3025
2025-01-20 21:00:00,1.10589,1.10594,1.10528,1.10533,3728
2025-01-20 22:00:00,1.10531,1.10573,1.10515,1.10548,5726
2025-01-20 23:00:00,1.10549,1.10615,1.10535,1.10598,3342
2025-01-21 00:00:00,1.10603,1.10603,1.10278,1.10484,565
2025-01-21 01:00:00,1.10484,1.10565,1.10475,1.10549,5651
2025-01-21 02:00:00,1.10549,1.10562,1.10369,1.1044,12610
2025-01-21 03:00:00,1.10439,1.10604,1.10428,1.10487,18377
2025-01-21 04:00:00,1.10488,1.10566,1.10458,1.10468,10013
2025-01-21 05:00:00,1.10467,1.10512,1.10436,1.10488,7110
2025-01-21 06:00:00,1.10488,1.10515,1.10459,1.1049,3618
2025-01-21 07:00:00,1.1049,1.10539,1.10461,1.10483,3509
2025-01-21 08:00:00,1.10483,1.10583,1.1046,1.10569,5093
2025-01-21 09:00:00,1.1057,1.10597,1.10539,1.10567,7049
2025-01-21 10:00:00,1.10568,1.10649,1.10559,1.10572,6433
2025-01-21 11:00:00,1.10571,1.10674,1.10559,1.10658,7431
2025-01-21 12:00:00,1.10658,1.10684,1.10579,1.10634,6216
2025-01-21 13:00:00,1.10634,1.10656,1.10589,1.10597,5864
2025-01-21 14:00:00,1.10597,1.10633,1.10568,1.10623,7141
2025-01-21 15:00:00,1.10624,1.10643,1.10594,1.10629,8422
2025-01-21 16:00:00,1.10631,1.1067,1.10607,1.10659,11555
2025-01-21 17:00:00,1.10661,1.10704,1.10607,1.10647,13722
2025-01-21 18:00:00,1.10648,1.10687,1.10635,1.10674,8964
2025-01-21 19:00:00,1.10673,1.10684,1.10621,1.10632,6731
2025-01-21 20:00:00,1.1063,1.10668,1.10595,1.10612,5068
2025-01-21 21:00:00,1.10613,1.10619,1.10563,1.10566,4034
2025-01-21 22:00:00,1.10566,1.10583,1.10531,1.10554,3601
2025-01-21 23:00:00,1.10554,1.10564,1.1042,1.10438,2420
2025-01-22 00:00:00,1.10417,1.10555,1.1024,1.10499,3593
2025-01-22 01:00:00,1.10499,1.10634,1.10493,1.1062,6478
2025-01-22 02:00:00,1.10624,1.10746,1.10622,1.10743,6202
2025-01-22 03:00:00,1.10743,1.10774,1.10718,1.10762,6181
2025-01-22 04:00:00,1.10761,1.10856,1.10749,1.10831,4948
2025-01-22 05:00:00,1.10833,1.10841,1.10725,1.10752,3260
2025-01-22 06:00:00,1.10751,1.10753,1.10664,1.10671,2706
2025-01-22 07:00:00,1.10669,1.10707,1.10646,1.10658,3616
2025-01-22 08:00:00,1.10657,1.10725,1.10619,1.10684,5095
2025-01-22 09:00:00,1.10684,1.10695,1.10645,1.10669,6335
2025-01-22 10:00:00,1.10669,1.10713,1.10643,1.10646,7479
2025-01-22 11:00:00,1.10648,1.10681,1.10614,1.10633,7696
2025-01-22 12:00:00,1.10633,1.10689,1.10624,1.10661,6233
2025-01-22 13:00:00,1.1066,1.10719,1.10653,1.10697,4686
2025-01-22 14:00:00,1.10697,1.10743,1.10697,1.10731,5705
2025-01-22 15:00:00,1.10732,1.10753,1.10687,1.10727,8590
2025-01-22 16:00:00,1.10726,1.10738,1.10666,1.10692,10517
2025-01-22 17:00:00,1.10692,1.10723,1.10613,1.10715,9963
2025-01-22 18:00:00,1.10713,1.10734,1.10661,1.10724,6738
2025-01-22 19:00:00,1.10724,1.10757,1.10698,1.10754,4783
2025-01-22 20:00:00,1.10753,1.10764,1.10724,1.10751,4534
2025-01-22 21:00:00,1.10751,1.10751,1.10717,1.10739,3255
2025-01-22 22:00:00,1.1074,1.10766,1.10716,1.10736,3240
2025-01-22 23:00:00,1.10735,1.10755,1.10707,1.10729,1925
2025-01-23 00:00:00,1.10723,1.10741,1.10468,1.10717,777
2025-01-23 01:00:00,1.10717,1.10784,1.10704,1.10774,1735
2025-01-23 02:00:00,1.10774,1.10774,1.10722,1.10743,3543
2025-01-23 03:00:00,1.10744,1.10775,1.10695,1.10733,6173
2025-01-23 04:00:00,1.10732,1.10733,1.1065,1.10657,5366
2025-01-23 05:00:00,1.10656,1.10752,1.10653,1.10745,3623
2025-01-23 06:00:00,1.10744,1.10747,1.10667,1.10686,2660
2025-01-23 07:00:00,1.10684,1.10708,1.10653,1.10705,3767
2025-01-23 08:00:00,1.10704,1.10717,1.10638,1.10648,3374
2025-01-23 09:00:00,1.10648,1.1071,1.10625,1.10685,5511
2025-01-23 10:00:00,1.10685,1.10743,1.10684,1.10712,6650
2025-01-23 11:00:00,1.10713,1.10729,1.10683,1.10713,5674
2025-01-23 12:00:00,1.10714,1.10758,1.10703,1.10729,3727
2025-01-23 13:00:00,1.10729,1.10762,1.10704,1.10747,2697
2025-01-23 14:00:00,1.10745,1.10762,1.10722,1.10743,3668
2025-01-23 15:00:00,1.10743,1.10753,1.10704,1.10739,5590
2025-01-23 16:00:00,1.10737,1.10738,1.10687,1.10734,5444
2025-01-23 17:00:00,1.10732,1.10798,1.10727,1.10791,5411
2025-01-23 18:00:00,1.10791,1.10803,1.10722,1.10757,9860
2025-01-23 19:00:00,1.10757,1.10804,1.1075,1.10801,5339
2025-01-23 20:00:00,1.10797,1.10815,1.10757,1.10765,3789
2025-01-23 21:00:00,1.10765,1.10784,1.10752,1.10765,3054
2025-01-23 22:00:00,1.10765,1.10774,1.1073,1.10744,3307
2025-01-23 23:00:00,1.10744,1.10773,1.10717,1.10733,1663
2025-01-24 00:00:00,1.10725,1.10725,1.10474,1.10676,733
2025-01-24 01:00:00,1.10676,1.10747,1.10676,1.1071,1347
2025-01-24 02:00:00,1.1071,1.10757,1.10697,1.10748,2724
2025-01-24 03:00:00,1.10748,1.10752,1.1062,1.10669,3114
2025-01-24 04:00:00,1.10669,1.10722,1.10632,1.10693,7363
2025-01-24 05:00:00,1.10694,1.10757,1.10684,1.1074,5852
2025-01-24 06:00:00,1.1074,1.10772,1.1071,1.10713,3936
2025-01-24 07:00:00,1.10714,1.10771,1.10676,1.10743,3292
2025-01-24 08:00:00,1.10743,1.10761,1.10609,1.10621,5025
2025-01-24 09:00:00,1.10621,1.10664,1.10588,1.10612,4947
2025-01-24 10:00:00,1.10612,1.10664,1.10606,1.10648,5582
2025-01-24 11:00:00,1.10648,1.10684,1.10608,1.10673,4717
2025-01-24 12:00:00,1.10673,1.10709,1.10646,1.10646,3236
2025-01-24 13:00:00,1.10646,1.10656,1.10565,1.10607,2862
2025-01-24 14:00:00,1.10607,1.1065,1.10599,1.10609,3837
2025-01-24 15:00:00,1.10609,1.10643,1.10581,1.10592,4964
2025-01-24 16:00:00,1.10592,1.10621,1.10491,1.1056,6312
2025-01-24 17:00:00,1.1056,1.10594,1.10488,1.10562,7815
2025-01-24 18:00:00,1.10564,1.10569,1.10529,1.10539,5154
2025-01-24 19:00:00,1.10537,1.10573,1.10522,1.10541,3727
2025-01-24 20:00:00,1.10541,1.10555,1.10519,1.10545,3156
2025-01-24 21:00:00,1.10545,1.10553,1.10506,1.10519,2598
2025-01-24 22:00:00,1.10519,1.1053,1.10488,1.10525,2857
2025-01-24 23:00:00,1.10525,1.10579,1.10506,1.10554,2440
2025-01-27 00:00:00,1.10382,1.10557,1.10382,1.10473,1095
2025-01-27 01:00:00,1.10473,1.1056,1.10463,1.10522,2736
2025-01-27 02:00:00,1.10522,1.1058,1.10485,1.10573,3255
2025-01-27 03:00:00,1.10573,1.10703,1.10558,1.10696,4906
2025-01-27 04:00:00,1.10696,1.10702,1.10617,1.10621,4293
2025-01-27 05:00:00,1.10621,1.10698,1.10601,1.10657,4027
2025-01-27 06:00:00,1.10657,1.10667,1.10628,1.10644,2488
2025-01-27 07:00:00,1.10644,1.10644,1.10564,1.10589,2901
2025-01-27 08:00:00,1.10589,1.10611,1.10528,1.10561,3564
2025-01-27 09:00:00,1.10561,1.10602,1.10532,1.10583,4197
2025-01-27 10:00:00,1.10583,1.10607,1.1055,1.10592,5276
2025-01-27 11:00:00,1.10592,1.10596,1.10526,1.10565,5305
2025-01-27 12:00:00,1.10565,1.10598,1.10519,1.10535,5697
2025-01-27 13:00:00,1.10535,1.10551,1.10487,1.10544,5209
2025-01-27 14:00:00,1.10544,1.10591,1.10528,1.10557,4812
2025-01-27 15:00:00,1.10557,1.10565,1.10488,1.10525,5975
2025-01-27 16:00:00,1.10524,1.10536,1.10465,1.10513,6486
2025-01-27 17:00:00,1.10519,1.10555,1.10502,1.10549,6107
2025-01-27 18:00:00,1.10549,1.10559,1.10479,1.10497,5168
2025-01-27 19:00:00,1.10497,1.10536,1.10473,1.10474,4576
2025-01-27 20:00:00,1.10474,1.10523,1.10466,1.1048,3805
2025-01-27 21:00:00,1.1048,1.10512,1.10448,1.10453,3538
2025-01-27 22:00:00,1.10453,1.10533,1.10439,1.1053,3149
2025-01-27 23:00:00,1.1053,1.10586,1.10498,1.10504,1874
2025-01-28 00:00:00,1.10515,1.10566,1.1032,1.10545,644
2025-01-28 01:00:00,1.10545,1.10623,1.10468,1.10502,6989
2025-01-28 02:00:00,1.105,1.10585,1.10451,1.10582,5417
2025-01-28 03:00:00,1.10582,1.10649,1.10565,1.10591,5027
2025-01-28 04:00:00,1.10591,1.10603,1.10465,1.10472,5779
2025-01-28 05:00:00,1.10472,1.105,1.10429,1.10473,3401
2025-01-28 06:00:00,1.10473,1.10518,1.10427,1.10479,2756
2025-01-28 07:00:00,1.10479,1.10495,1.10444,1.10475,2118
2025-01-28 08:00:00,1.10475,1.10484,1.10411,1.10446,2696
2025-01-28 09:00:00,1.10446,1.10487,1.10408,1.10465,3457
2025-01-28 10:00:00,1.10465,1.10467,1.10389,1.10409,4212
2025-01-28 11:00:00,1.10409,1.1049,1.1039,1.10468,3800
2025-01-28 12:00:00,1.1047,1.10485,1.10455,1.10468,2646
2025-01-28 13:00:00,1.10468,1.10479,1.10442,1.10476,2484
2025-01-28 14:00:00,1.10476,1.10486,1.10377,1.10434,3892
2025-01-28 15:00:00,1.10434,1.10466,1.10399,1.10426,4584
2025-01-28 16:00:00,1.10428,1.10471,1.10394,1.1042,5212
2025-01-28 17:00:00,1.10409,1.10431,1.10343,1.10354,5662
2025-01-28 18:00:00,1.10354,1.10367,1.10294,1.10316,4716
2025-01-28 19:00:00,1.10316,1.1032,1.10277,1.10315,3328
2025-01-28 20:00:00,1.10315,1.10322,1.10285,1.10308,3759
2025-01-28 21:00:00,1.10308,1.10354,1.10287,1.1033,2627
2025-01-28 22:00:00,1.1033,1.10353,1.10316,1.1033,2640
2025-01-28 23:00:00,1.1033,1.10348,1.10308,1.10323,1453
2025-01-29 00:00:00,1.1031,1.10372,1.1015,1.10336,326
2025-01-29 01:00:00,1.10336,1.10404,1.10336,1.10369,1337
2025-01-29 02:00:00,1.10369,1.1039,1.10078,1.10109,3710
2025-01-29 03:00:00,1.10109,1.10158,1.10064,1.1015,2699
2025-01-29 04:00:00,1.1015,1.10257,1.1015,1.10188,2774
2025-01-29 05:00:00,1.10188,1.1021,1.10128,1.1018,2472
2025-01-29 06:00:00,1.1018,1.10211,1.10134,1.1016,2343
2025-01-29 07:00:00,1.1016,1.10247,1.10144,1.10247,2154
2025-01-29 08:00:00,1.10247,1.10255,1.10196,1.10217,2893
2025-01-29 09:00:00,1.10217,1.10259,1.10189,1.10232,2960
2025-01-29 10:00:00,1.10232,1.10249,1.10198,1.10222,3325
2025-01-29 11:00:00,1.10222,1.10283,1.1022,1.1026,3190
2025-01-29 12:00:00,1.1026,1.10279,1.1022,1.10251,2891
2025-01-29 13:00:00,1.10251,1.10284,1.10223,1.1025,2463
2025-01-29 14:00:00,1.10252,1.10269,1.10197,1.1022,3601
2025-01-29 15:00:00,1.10222,1.10288,1.10208,1.10219,4799
2025-01-29 16:00:00,1.10219,1.10244,1.10192,1.10206,5093
2025-01-29 17:00:00,1.10207,1.10222,1.10127,1.10151,5937
2025-01-29 18:00:00,1.10151,1.10171,1.10125,1.10169,5728
2025-01-29 19:00:00,1.10169,1.10201,1.10143,1.10187,4815
2025-01-29 20:00:00,1.10189,1.10248,1.10152,1.10194,3842
2025-01-29 21:00:00,1.10161,1.10268,1.1007,1.10196,11555
2025-01-29 22:00:00,1.10191,1.10214,1.10159,1.1017,7605
2025-01-29 23:00:00,1.1017,1.10194,1.10093,1.10114,2865
2025-01-30 00:00:00,1.09977,1.10121,1.099,1.10071,649
2025-01-30 01:00:00,1.10071,1.10174,1.10071,1.10129,2349
2025-01-30 02:00:00,1.10129,1.10201,1.10106,1.10161,2455
2025-01-30 03:00:00,1.10161,1.10219,1.10142,1.10203,2598
2025-01-30 04:00:00,1.10203,1.10243,1.10148,1.10172,2601
2025-01-30 05:00:00,1.10172,1.10224,1.10166,1.10201,2599
2025-01-30 06:00:00,1.10201,1.10223,1.10171,1.10191,1974
2025-01-30 07:00:00,1.10191,1.10198,1.10151,1.10166,2029
2025-01-30 08:00:00,1.10166,1.10211,1.1015,1.10198,2463
2025-01-30 09:00:00,1.10198,1.10282,1.10182,1.10246,2451
2025-01-30 10:00:00,1.10246,1.10344,1.10244,1.1031,3498
2025-01-30 11:00:00,1.10308,1.10316,1.102,1.10211,3571
2025-01-30 12:00:00,1.10209,1.10272,1.10202,1.1026,2369
2025-01-30 13:00:00,1.1026,1.10272,1.10198,1.10244,2398
2025-01-30 14:00:00,1.10244,1.10249,1.10187,1.10209,3546
2025-01-30 15:00:00,1.10209,1.10237,1.1006,1.10193,6090
2025-01-30 16:00:00,1.10193,1.10241,1.10167,1.10181,7346
2025-01-30 17:00:00,1.10181,1.10283,1.10173,1.10257,6023
2025-01-30 18:00:00,1.10257,1.10294,1.10235,1.10249,4487
2025-01-30 19:00:00,1.10249,1.10261,1.10219,1.10234,3877
2025-01-30 20:00:00,1.10234,1.10265,1.10225,1.10259,2522
2025-01-30 21:00:00,1.10259,1.10303,1.10231,1.10288,2427
2025-01-30 22:00:00,1.10288,1.10326,1.10221,1.10266,7027
2025-01-30 23:00:00,1.10266,1.10298,1.10148,1.10167,4680
2025-01-31 00:00:00,1.10154,1.10265,1.1001,1.10185,989
2025-01-31 01:00:00,1.10185,1.103,1.10185,1.1027,2316
2025-01-31 02:00:00,1.1027,1.10329,1.10246,1.10287,2984
2025-01-31 03:00:00,1.10287,1.10347,1.10265,1.1027,3794
2025-01-31 04:00:00,1.1027,1.10337,1.10224,1.10238,2848
2025-01-31 05:00:00,1.10238,1.10293,1.10223,1.10273,2280
2025-01-31 06:00:00,1.10273,1.10287,1.10234,1.10287,2087
2025-01-31 07:00:00,1.10287,1.10312,1.10199,1.10238,2626
2025-01-31 08:00:00,1.10238,1.10274,1.10195,1.10202,2508
2025-01-31 09:00:00,1.10202,1.10205,1.10148,1.1016,3382
2025-01-31 10:00:00,1.10162,1.10169,1.10099,1.10113,3113
2025-01-31 11:00:00,1.10113,1.10141,1.10085,1.10112,3888
2025-01-31 12:00:00,1.10114,1.10134,1.10082,1.10111,2811
2025-01-31 13:00:00,1.10111,1.10133,1.10094,1.10128,2404
2025-01-31 14:00:00,1.10128,1.10133,1.10092,1.10108,2845
2025-01-31 15:00:00,1.10108,1.10172,1.10092,1.10155,5646
2025-01-31 16:00:00,1.10155,1.10208,1.10136,1.10197,6086
2025-01-31 17:00:00,1.10197,1.10348,1.10196,1.1032,7055
2025-01-31 18:00:00,1.1032,1.10345,1.10149,1.10151,5142
2025-01-31 19:00:00,1.10151,1.10241,1.1014,1.1021,8707
2025-01-31 20:00:00,1.1021,1.10251,1.10181,1.10211,10427
2025-01-31 21:00:00,1.10211,1.10234,1.10175,1.10195,7339
2025-01-31 22:00:00,1.10195,1.10199,1.10144,1.10148,6931
2025-01-31 23:00:00,1.1015,1.10219,1.10008,1.1009,6307
2025-02-03 00:00:00,1.09916,1.10335,1.09916,1.1026,1388
2025-02-03 01:00:00,1.1026,1.10355,1.10139,1.10275,8833
2025-02-03 02:00:00,1.10275,1.10377,1.10197,1.10316,10689
2025-02-03 03:00:00,1.10318,1.10406,1.10252,1.10371,7752
2025-02-03 04:00:00,1.10371,1.10398,1.10191,1.10291,7901
2025-02-03 05:00:00,1.10291,1.10382,1.10264,1.10362,5768
2025-02-03 06:00:00,1.10362,1.10493,1.10338,1.10414,6583
2025-02-03 07:00:00,1.10414,1.10465,1.10359,1.10455,4850
2025-02-03 08:00:00,1.10455,1.10541,1.10446,1.10499,5396
2025-02-03 09:00:00,1.10499,1.1053,1.10465,1.105,6362
2025-02-03 10:00:00,1.105,1.10508,1.10382,1.10429,6798
2025-02-03 11:00:00,1.10427,1.10461,1.10398,1.10461,4188
2025-02-03 12:00:00,1.10461,1.10509,1.10446,1.10501,3385
2025-02-03 13:00:00,1.10501,1.10526,1.10449,1.10509,3553
2025-02-03 14:00:00,1.10509,1.10517,1.10428,1.10511,4565
2025-02-03 15:00:00,1.10511,1.1054,1.10488,1.10521,7231
2025-02-03 16:00:00,1.10521,1.10543,1.10473,1.10494,7999
2025-02-03 17:00:00,1.10479,1.10564,1.10402,1.1055,14743
2025-02-03 18:00:00,1.1055,1.10571,1.105,1.10537,11161
2025-02-03 19:00:00,1.10537,1.1055,1.10436,1.10508,8464
2025-02-03 20:00:00,1.10504,1.10553,1.10494,1.1054,7344
2025-02-03 21:00:00,1.1054,1.10576,1.10529,1.10565,4037
2025-02-03 22:00:00,1.10567,1.10588,1.10542,1.10547,3928
2025-02-03 23:00:00,1.10549,1.10628,1.10502,1.106,6669
2025-02-04 00:00:00,1.10584,1.10684,1.10378,1.10518,2452
2025-02-04 01:00:00,1.10518,1.10577,1.10424,1.10483,3677
2025-02-04 02:00:00,1.10483,1.10551,1.10452,1.10535,3604
2025-02-04 03:00:00,1.10535,1.10549,1.1046,1.10518,4776
2025-02-04 04:00:00,1.10518,1.10599,1.10498,1.10591,3836
2025-02-04 05:00:00,1.10591,1.10664,1.10585,1.10648,3370
2025-02-04 06:00:00,1.10648,1.10701,1.10637,1.10648,2510
2025-02-04 07:00:00,1.10648,1.10666,1.10531,1.10626,7664
2025-02-04 08:00:00,1.10626,1.1068,1.10623,1.10652,3999
2025-02-04 09:00:00,1.10654,1.10705,1.10604,1.10699,3762
2025-02-04 10:00:00,1.10699,1.10709,1.10624,1.10663,5026
2025-02-04 11:00:00,1.10663,1.10706,1.10647,1.10698,3801
2025-02-04 12:00:00,1.107,1.10729,1.10651,1.10727,2754
2025-02-04 13:00:00,1.10727,1.1076,1.10693,1.1071,2399
2025-02-04 14:00:00,1.1071,1.10769,1.10703,1.10753,3305
2025-02-04 15:00:00,1.10753,1.1078,1.10692,1.10698,4160
2025-02-04 16:00:00,1.10698,1.10714,1.10613,1.10613,5182
2025-02-04 17:00:00,1.10617,1.10758,1.10432,1.10744,8131
2025-02-04 18:00:00,1.10744,1.10795,1.1072,1.10738,5058
2025-02-04 19:00:00,1.10738,1.10758,1.10699,1.10734,4523
2025-02-04 20:00:00,1.10735,1.10739,1.10699,1.10702,2570
2025-02-04 21:00:00,1.10702,1.10739,1.10684,1.10722,2788
2025-02-04 22:00:00,1.10718,1.10777,1.10703,1.10773,2374
2025-02-04 23:00:00,1.10773,1.10785,1.10659,1.10667,1925
2025-02-05 00:00:00,1.10579,1.10659,1.10487,1.10609,483
2025-02-05 01:00:00,1.10609,1.10734,1.10609,1.10668,1615
2025-02-05 02:00:00,1.10668,1.10688,1.10564,1.10573,3106
2025-02-05 03:00:00,1.10571,1.10597,1.10488,1.10531,4868
2025-02-05 04:00:00,1.10529,1.10587,1.10501,1.10533,4177
2025-02-05 05:00:00,1.10533,1.10566,1.10455,1.10464,2729
2025-02-05 06:00:00,1.10464,1.1049,1.10425,1.10472,2318
2025-02-05 07:00:00,1.10472,1.10549,1.10438,1.1054,2839
2025-02-05 08:00:00,1.1054,1.10543,1.10436,1.10503,3312
2025-02-05 09:00:00,1.10503,1.10577,1.10492,1.10557,4219
2025-02-05 10:00:00,1.10556,1.10578,1.10511,1.10516,4671
2025-02-05 11:00:00,1.10516,1.10534,1.10464,1.105,3594
2025-02-05 12:00:00,1.105,1.10546,1.10454,1.10478,3250
2025-02-05 13:00:00,1.10478,1.10505,1.10451,1.10471,2805
2025-02-05 14:00:00,1.10471,1.10499,1.10452,1.10494,2673
2025-02-05 15:00:00,1.10494,1.10535,1.1044,1.10531,5502
2025-02-05 16:00:00,1.10531,1.10567,1.10491,1.105,5296
2025-02-05 17:00:00,1.10478,1.10526,1.1038,1.10485,7916
2025-02-05 18:00:00,1.10483,1.10514,1.10441,1.10494,4742
2025-02-05 19:00:00,1.10492,1.10532,1.10486,1.10524,2953
2025-02-05 20:00:00,1.10524,1.1053,1.10496,1.10503,2526
2025-02-05 21:00:00,1.10503,1.10532,1.10497,1.10528,2326
2025-02-05 22:00:00,1.10528,1.10554,1.10494,1.10512,2043
2025-02-05 23:00:00,1.10512,1.10532,1.10492,1.10499,1454
2025-02-06 00:00:00,1.10488,1.1057,1.10298,1.10429,719
2025-02-06 01:00:00,1.10429,1.10521,1.10429,1.10478,1516
2025-02-06 02:00:00,1.10478,1.10513,1.10447,1.10466,2700
2025-02-06 03:00:00,1.10466,1.10504,1.10428,1.10498,3828
2025-02-06 04:00:00,1.10494,1.1053,1.10428,1.10522,3565
2025-02-06 05:00:00,1.10522,1.10541,1.10434,1.10444,2477
2025-02-06 06:00:00,1.10444,1.10527,1.10433,1.10506,2016
2025-02-06 07:00:00,1.10506,1.10578,1.10501,1.10545,2215
2025-02-06 08:00:00,1.10545,1.10674,1.1054,1.1062,2505
2025-02-06 09:00:00,1.1062,1.107,1.10589,1.10678,3035
2025-02-06 10:00:00,1.10678,1.1069,1.10626,1.10662,3574
2025-02-06 11:00:00,1.10662,1.10694,1.10639,1.10686,2945
2025-02-06 12:00:00,1.10686,1.10706,1.10667,1.10678,2913
2025-02-06 13:00:00,1.10678,1.10701,1.10644,1.10677,2514
2025-02-06 14:00:00,1.10675,1.10727,1.10668,1.10703,5023
2025-02-06 15:00:00,1.10703,1.10727,1.10633,1.1071,5314
2025-02-06 16:00:00,1.10711,1.10753,1.10698,1.10722,5121
2025-02-06 17:00:00,1.10722,1.10757,1.10691,1.10747,5917
2025-02-06 18:00:00,1.10747,1.10779,1.10723,1.1075,4159
2025-02-06 19:00:00,1.10748,1.1076,1.10725,1.10742,2384
2025-02-06 20:00:00,1.10742,1.10753,1.10703,1.10723,3302
2025-02-06 21:00:00,1.10723,1.10738,1.10704,1.1073,2170
2025-02-06 22:00:00,1.10728,1.10741,1.10713,1.10724,1707
2025-02-06 23:00:00,1.10724,1.10724,1.10693,1.10713,1198
2025-02-07 00:00:00,1.10675,1.10679,1.1039,1.1065,447
2025-02-07 01:00:00,1.1065,1.10728,1.1065,1.10704,1235
2025-02-07 02:00:00,1.10704,1.10725,1.10668,1.10681,2669
2025-02-07 03:00:00,1.10681,1.10703,1.10612,1.10642,4040
2025-02-07 04:00:00,1.10642,1.10662,1.10607,1.10626,3012
2025-02-07 05:00:00,1.10626,1.10681,1.10618,1.10658,2633
2025-02-07 06:00:00,1.10658,1.10709,1.10648,1.10667,1891
2025-02-07 07:00:00,1.10667,1.1071,1.10639,1.10651,2215
2025-02-07 08:00:00,1.10651,1.10727,1.10643,1.10725,2505
2025-02-07 09:00:00,1.10725,1.10756,1.10685,1.10706,2873
2025-02-07 10:00:00,1.10706,1.10731,1.10655,1.10673,2794
2025-02-07 11:00:00,1.10673,1.10706,1.10661,1.10678,2729
2025-02-07 12:00:00,1.10678,1.107,1.10668,1.10692,2459
2025-02-07 13:00:00,1.10692,1.10722,1.10683,1.10695,2623
2025-02-07 14:00:00,1.10695,1.10715,1.10653,1.10666,2301
2025-02-07 15:00:00,1.10666,1.10799,1.10484,1.10758,8027
2025-02-07 16:00:00,1.10758,1.10843,1.10727,1.10816,6523
2025-02-07 17:00:00,1.10823,1.10922,1.10749,1.10856,9192
2025-02-07 18:00:00,1.10854,1.10872,1.10799,1.10824,10106
2025-02-07 19:00:00,1.10824,1.10903,1.10799,1.10892,8561
2025-02-07 20:00:00,1.10892,1.10911,1.10848,1.10868,3392
2025-02-07 21:00:00,1.10868,1.10885,1.10834,1.10847,2970
2025-02-07 22:00:00,1.10847,1.10859,1.10814,1.10819,2253
2025-02-07 23:00:00,1.10819,1.1084,1.10664,1.10684,2726
2025-02-10 00:00:00,1.10551,1.107,1.10398,1.10656,1432
2025-02-10 01:00:00,1.10656,1.10849,1.10656,1.10849,3260
2025-02-10 02:00:00,1.10849,1.10914,1.10805,1.10868,3808
2025-02-10 03:00:00,1.1087,1.10921,1.10854,1.10884,4792
2025-02-10 04:00:00,1.10884,1.10914,1.10851,1.10888,3255
2025-02-10 05:00:00,1.10888,1.10909,1.10855,1.10892,2637
2025-02-10 06:00:00,1.10892,1.10905,1.10853,1.10878,2229
2025-02-10 07:00:00,1.10878,1.10893,1.10843,1.10859,2664
2025-02-10 08:00:00,1.10859,1.10889,1.10827,1.10866,2954
2025-02-10 09:00:00,1.10864,1.10932,1.10851,1.1091,3835
2025-02-10 10:00:00,1.1091,1.10987,1.10897,1.10971,4341
2025-02-10 11:00:00,1.10971,1.10973,1.10926,1.10968,3856
2025-02-10 12:00:00,1.10966,1.11002,1.10961,1.10978,2998
2025-02-10 13:00:00,1.10978,1.11006,1.10971,1.10977,2869
2025-02-10 14:00:00,1.10976,1.11015,1.10968,1.1101,2827
2025-02-10 15:00:00,1.1101,1.11043,1.10995,1.11043,3551
2025-02-10 16:00:00,1.11041,1.11084,1.11023,1.11065,4329
2025-02-10 17:00:00,1.11065,1.11119,1.11059,1.11091,4320
2025-02-10 18:00:00,1.11091,1.11151,1.11076,1.11109,3558
2025-02-10 19:00:00,1.11109,1.11182,1.11101,1.11129,2617
2025-02-10 20:00:00,1.11129,1.11263,1.11126,1.11253,2180
2025-02-10 21:00:00,1.11253,1.11287,1.11235,1.11281,1687
2025-02-10 22:00:00,1.11281,1.11284,1.1126,1.11264,1489
2025-02-10 23:00:00,1.11264,1.11293,1.11255,1.11281,808
2025-02-11 00:00:00,1.11275,1.11326,1.11034,1.11279,968
2025-02-11 01:00:00,1.11279,1.11357,1.11252,1.11276,2666
2025-02-11 02:00:00,1.11276,1.11355,1.11266,1.11295,2032
2025-02-11 03:00:00,1.11295,1.11317,1.1122,1.11259,3204
2025-02-11 04:00:00,1.11259,1.11296,1.11182,1.11215,3471
2025-02-11 05:00:00,1.11215,1.11216,1.11144,1.11165,2293
2025-02-11 06:00:00,1.11165,1.11197,1.11157,1.11166,1686
2025-02-11 07:00:00,1.11166,1.1118,1.11143,1.11164,1898
2025-02-11 08:00:00,1.11164,1.11208,1.11137,1.1119,2329
2025-02-11 09:00:00,1.1119,1.1119,1.11145,1.11176,3787
2025-02-11 10:00:00,1.11178,1.11201,1.11152,1.1117,4002
2025-02-11 11:00:00,1.1117,1.11206,1.11147,1.11156,3337
2025-02-11 12:00:00,1.11158,1.11201,1.11141,1.11151,2938
2025-02-11 13:00:00,1.11149,1.11183,1.11143,1.11168,2592
2025-02-11 14:00:00,1.1117,1.11233,1.11145,1.11225,2989
2025-02-11 15:00:00,1.11225,1.11228,1.11161,1.11196,3590
2025-02-11 16:00:00,1.11194,1.11225,1.11169,1.11209,3957
2025-02-11 17:00:00,1.11209,1.11297,1.11206,1.11284,4632
2025-02-11 18:00:00,1.11286,1.11294,1.11245,1.11279,3828
2025-02-11 19:00:00,1.11279,1.113,1.11261,1.11291,2448
2025-02-11 20:00:00,1.11293,1.11345,1.11259,1.11335,2042
2025-02-11 21:00:00,1.11335,1.11354,1.1129,1.11347,3003
2025-02-11 22:00:00,1.11349,1.11349,1.11283,1.11305,2407
2025-02-11 23:00:00,1.11307,1.11333,1.11293,1.11311,1132
2025-02-12 00:00:00,1.11316,1.11316,1.11058,1.11263,576
2025-02-12 01:00:00,1.11263,1.11341,1.11263,1.11286,1300
2025-02-12 02:00:00,1.11286,1.11299,1.11222,1.11232,2654
2025-02-12 03:00:00,1.11232,1.11242,1.11203,1.11228,4121
2025-02-12 04:00:00,1.11228,1.11258,1.11209,1.11226,3124
2025-02-12 05:00:00,1.11224,1.11249,1.11207,1.11225,2979
2025-02-12 06:00:00,1.11225,1.11271,1.11193,1.11252,2204
2025-02-12 07:00:00,1.11252,1.11291,1.11223,1.11272,2522
2025-02-12 08:00:00,1.11272,1.11362,1.11255,1.11333,2576
2025-02-12 09:00:00,1.11333,1.11355,1.11243,1.11252,3508
2025-02-12 10:00:00,1.11254,1.11318,1.11248,1.11301,3977
2025-02-12 11:00:00,1.11301,1.11313,1.11259,1.11288,3621
2025-02-12 12:00:00,1.11288,1.11358,1.11272,1.11342,3062
2025-02-12 13:00:00,1.11342,1.11347,1.11272,1.11298,2877
2025-02-12 14:00:00,1.11298,1.11305,1.11263,1.11282,2492
2025-02-12 15:00:00,1.1128,1.11356,1.11012,1.11354,8013
2025-02-12 16:00:00,1.11355,1.11365,1.11298,1.11351,6967
2025-02-12 17:00:00,1.11353,1.11434,1.11335,1.11413,8340
2025-02-12 18:00:00,1.11415,1.11428,1.11385,1.11414,5871
2025-02-12 19:00:00,1.11412,1.11416,1.11334,1.11374,6440
2025-02-12 20:00:00,1.11376,1.11377,1.11332,1.11361,4262
2025-02-12 21:00:00,1.11361,1.11383,1.11332,1.11335,2267
2025-02-12 22:00:00,1.11335,1.11352,1.11294,1.11311,2291
2025-02-12 23:00:00,1.11311,1.11337,1.11267,1.11287,2166
2025-02-13 00:00:00,1.11279,1.11279,1.11084,1.11225,823
2025-02-13 01:00:00,1.11225,1.11371,1.11225,1.11361,1280
2025-02-13 02:00:00,1.11361,1.11375,1.11312,1.11336,2513
2025-02-13 03:00:00,1.11336,1.11343,1.11285,1.11306,4537
2025-02-13 04:00:00,1.11302,1.11328,1.11285,1.11308,3436
2025-02-13 05:00:00,1.1131,1.11341,1.113,1.1131,3419
2025-02-13 06:00:00,1.1131,1.1133,1.11261,1.11267,3336
2025-02-13 07:00:00,1.11267,1.11282,1.11215,1.11257,3409
2025-02-13 08:00:00,1.11257,1.11285,1.11196,1.11204,3948
2025-02-13 09:00:00,1.11204,1.11243,1.11189,1.11219,4264
2025-02-13 10:00:00,1.11219,1.11242,1.11169,1.11169,4730
2025-02-13 11:00:00,1.11169,1.11198,1.11162,1.11175,3801
2025-02-13 12:00:00,1.11177,1.11203,1.11158,1.11178,3104
2025-02-13 13:00:00,1.11176,1.11204,1.11154,1.11163,3910
2025-02-13 14:00:00,1.11163,1.11204,1.11141,1.11156,3839
2025-02-13 15:00:00,1.11157,1.11237,1.11028,1.11215,6297
2025-02-13 16:00:00,1.11219,1.11264,1.11203,1.11254,5515
2025-02-13 17:00:00,1.11252,1.11381,1.11246,1.11377,7902
2025-02-13 18:00:00,1.11377,1.11391,1.1133,1.11334,4535
2025-02-13 19:00:00,1.11336,1.11348,1.11268,1.11275,3164
2025-02-13 20:00:00,1.11272,1.11324,1.11259,1.11322,7116
2025-02-13 21:00:00,1.11322,1.11348,1.11266,1.11306,4938
2025-02-13 22:00:00,1.11306,1.1133,1.11295,1.11323,2881
2025-02-13 23:00:00,1.11323,1.11345,1.11246,1.1125,1392
2025-02-14 00:00:00,1.11253,1.1126,1.11012,1.11167,691
2025-02-14 01:00:00,1.11167,1.11244,1.11167,1.11225,2092
2025-02-14 02:00:00,1.11225,1.1123,1.11105,1.11146,3410
2025-02-14 03:00:00,1.11146,1.11214,1.1114,1.11187,4785
2025-02-14 04:00:00,1.11187,1.1125,1.11101,1.11116,3722
2025-02-14 05:00:00,1.11114,1.11157,1.11073,1.11103,2899
2025-02-14 06:00:00,1.11103,1.11155,1.11091,1.11141,2009
2025-02-14 07:00:00,1.11141,1.11165,1.1111,1.11157,3101
2025-02-14 08:00:00,1.11159,1.11187,1.11112,1.11135,3622
2025-02-14 09:00:00,1.11137,1.11193,1.11085,1.11186,4406
2025-02-14 10:00:00,1.11187,1.1124,1.11088,1.11125,4883
2025-02-14 11:00:00,1.11125,1.11168,1.1107,1.11085,3973
2025-02-14 12:00:00,1.11087,1.11127,1.11074,1.1109,3199
2025-02-14 13:00:00,1.11092,1.11149,1.11079,1.11146,3041
2025-02-14 14:00:00,1.11146,1.11181,1.11129,1.11156,2969
2025-02-14 15:00:00,1.11154,1.11161,1.10986,1.11115,5721
2025-02-14 16:00:00,1.11117,1.1114,1.11065,1.111,5755
2025-02-14 17:00:00,1.11101,1.11106,1.10998,1.11081,5748
2025-02-14 18:00:00,1.11079,1.11081,1.10873,1.10888,3967
2025-02-14 19:00:00,1.10888,1.10918,1.10846,1.1086,2451
2025-02-14 20:00:00,1.1086,1.10885,1.10854,1.10869,1699
2025-02-14 21:00:00,1.10869,1.10877,1.1081,1.10813,2045
2025-02-14 22:00:00,1.10813,1.10861,1.10782,1.10835,1786
2025-02-14 23:00:00,1.10833,1.10865,1.10711,1.10752,1903
2025-02-17 00:00:00,1.10854,1.10953,1.10792,1.1091,1010
2025-02-17 01:00:00,1.1091,1.10962,1.10846,1.10876,2774
2025-02-17 02:00:00,1.10876,1.10937,1.10817,1.10835,3260
2025-02-17 03:00:00,1.10835,1.1086,1.10752,1.1085,4628
2025-02-17 04:00:00,1.1085,1.10886,1.10797,1.10883,4165
2025-02-17 05:00:00,1.10883,1.10955,1.10879,1.10951,3727
2025-02-17 06:00:00,1.10951,1.10984,1.10899,1.10928,2523
2025-02-17 07:00:00,1.10928,1.11019,1.10922,1.11007,3905
2025-02-17 08:00:00,1.11007,1.11033,1.10938,1.10985,3583
2025-02-17 09:00:00,1.10985,1.10998,1.10941,1.10957,3807
2025-02-17 10:00:00,1.10955,1.11014,1.10941,1.10961,4164
2025-02-17 11:00:00,1.10962,1.11033,1.10958,1.11024,3199
2025-02-17 12:00:00,1.11024,1.11034,1.10988,1.11,3176
2025-02-17 13:00:00,1.11001,1.11013,1.10939,1.10948,2587
2025-02-17 14:00:00,1.10948,1.10984,1.10936,1.10967,2613
2025-02-17 15:00:00,1.10967,1.11,1.10956,1.10988,2703
2025-02-17 16:00:00,1.10988,1.11005,1.10975,1.10979,2836
2025-02-17 17:00:00,1.10979,1.10996,1.10957,1.10969,2579
2025-02-17 18:00:00,1.10969,1.10986,1.10943,1.10947,2348
2025-02-17 19:00:00,1.10947,1.10954,1.10889,1.10898,1393
2025-02-17 20:00:00,1.10898,1.109,1.10834,1.10836,1218
2025-02-17 21:00:00,1.10836,1.10874,1.10788,1.10872,1335
2025-02-17 22:00:00,1.10872,1.10873,1.10826,1.10834,724
2025-02-17 23:00:00,1.10834,1.1085,1.1079,1.10814,627
2025-02-18 00:00:00,1.10791,1.1084,1.10649,1.10752,759
2025-02-18 01:00:00,1.10749,1.10894,1.10749,1.10893,1400
2025-02-18 02:00:00,1.10893,1.10925,1.10866,1.10911,2705
2025-02-18 03:00:00,1.10911,1.10993,1.10871,1.10967,4487
2025-02-18 04:00:00,1.10967,1.11107,1.10965,1.11089,3827
2025-02-18 05:00:00,1.11089,1.11338,1.10933,1.11221,4845
2025-02-18 06:00:00,1.11221,1.11411,1.11134,1.11326,3684
2025-02-18 07:00:00,1.11326,1.11408,1.11295,1.11349,3657
2025-02-18 08:00:00,1.11349,1.11414,1.11276,1.11298,3557
2025-02-18 09:00:00,1.11298,1.11318,1.11255,1.11274,3697
2025-02-18 10:00:00,1.11274,1.11371,1.11264,1.11336,4366
2025-02-18 11:00:00,1.11336,1.11398,1.11322,1.11392,3521
2025-02-18 12:00:00,1.11392,1.11455,1.11366,1.11371,3269
2025-02-18 13:00:00,1.11371,1.11391,1.11351,1.11371,2685
2025-02-18 14:00:00,1.11371,1.11394,1.11321,1.11324,2975
2025-02-18 15:00:00,1.11324,1.11402,1.11297,1.11321,4341
2025-02-18 16:00:00,1.11321,1.11366,1.11314,1.11352,4296
2025-02-18 17:00:00,1.11352,1.11418,1.11344,1.11399,4448
2025-02-18 18:00:00,1.11397,1.11414,1.11307,1.11343,3472
2025-02-18 19:00:00,1.11343,1.11385,1.11333,1.11338,2619
2025-02-18 20:00:00,1.1134,1.11385,1.11324,1.11366,2273
2025-02-18 21:00:00,1.11366,1.11371,1.11327,1.11349,1942
2025-02-18 22:00:00,1.11349,1.11382,1.11342,1.11374,1758
2025-02-18 23:00:00,1.11376,1.11389,1.11321,1.11343,1595
2025-02-19 00:00:00,1.11335,1.11385,1.1114,1.11338,1034
2025-02-19 01:00:00,1.11338,1.11398,1.1129,1.1136,1402
2025-02-19 02:00:00,1.1136,1.11399,1.11266,1.11368,2942
2025-02-19 03:00:00,1.1137,1.11745,1.11127,1.11523,5739
2025-02-19 04:00:00,1.11528,1.11664,1.11172,1.11235,5506
2025-02-19 05:00:00,1.11235,1.11292,1.11198,1.1125,3073
2025-02-19 06:00:00,1.1125,1.11276,1.11229,1.11255,2361
2025-02-19 07:00:00,1.11255,1.11268,1.11216,1.11228,2964
2025-02-19 08:00:00,1.11228,1.11236,1.11151,1.11166,3259
2025-02-19 09:00:00,1.11166,1.11182,1.1109,1.11103,3647
2025-02-19 10:00:00,1.11103,1.11157,1.11053,1.11076,3485
2025-02-19 11:00:00,1.11076,1.11079,1.11033,1.11052,2936
2025-02-19 12:00:00,1.11052,1.11133,1.11043,1.11123,3262
2025-02-19 13:00:00,1.11123,1.11137,1.11059,1.11122,3645
2025-02-19 14:00:00,1.11122,1.11174,1.11113,1.11153,2956
2025-02-19 15:00:00,1.11153,1.11174,1.11114,1.11129,3455
2025-02-19 16:00:00,1.11129,1.11154,1.11092,1.11145,4288
2025-02-19 17:00:00,1.11145,1.11201,1.11118,1.11191,5747
2025-02-19 18:00:00,1.11193,1.11248,1.11191,1.11227,4140
2025-02-19 19:00:00,1.11227,1.11252,1.11203,1.11243,2661
2025-02-19 20:00:00,1.11243,1.11286,1.11221,1.11266,2074
2025-02-19 21:00:00,1.11262,1.11304,1.1124,1.11297,3075
2025-02-19 22:00:00,1.11297,1.11309,1.11278,1.11309,1800
2025-02-19 23:00:00,1.11309,1.11326,1.11195,1.11206,1148
2025-02-20 00:00:00,1.11174,1.11223,1.10954,1.11164,1011
2025-02-20 01:00:00,1.11164,1.11236,1.1115,1.11224,1565
2025-02-20 02:00:00,1.11224,1.11356,1.11077,1.11278,4192
2025-02-20 03:00:00,1.11278,1.11288,1.11123,1.11174,5645
2025-02-20 04:00:00,1.11174,1.1132,1.11134,1.11266,5913
2025-02-20 05:00:00,1.11266,1.11313,1.11198,1.1128,4046
2025-02-20 06:00:00,1.1128,1.11315,1.11231,1.1126,3036
2025-02-20 07:00:00,1.1126,1.113,1.11217,1.1122,3039
2025-02-20 08:00:00,1.11218,1.1128,1.11214,1.11262,4085
2025-02-20 09:00:00,1.11262,1.11289,1.11225,1.1126,3797
2025-02-20 10:00:00,1.1126,1.11339,1.11237,1.1125,4368
2025-02-20 11:00:00,1.1125,1.11314,1.1124,1.11291,3707
2025-02-20 12:00:00,1.11291,1.11322,1.11274,1.11308,3702
2025-02-20 13:00:00,1.11308,1.11332,1.11284,1.11305,3389
2025-02-20 14:00:00,1.11305,1.11312,1.11267,1.11276,4845
2025-02-20 15:00:00,1.11276,1.11295,1.11172,1.11212,5568
2025-02-20 16:00:00,1.11212,1.11212,1.11088,1.1111,6292
2025-02-20 17:00:00,1.1111,1.11129,1.11079,1.11107,6790
2025-02-20 18:00:00,1.11107,1.11126,1.11041,1.11081,4543
2025-02-20 19:00:00,1.11081,1.11107,1.10971,1.11008,3509
2025-02-20 20:00:00,1.11008,1.11055,1.10996,1.11052,2722
2025-02-20 21:00:00,1.11052,1.11098,1.11036,1.11089,2616
2025-02-20 22:00:00,1.11089,1.11103,1.11063,1.11072,1592
2025-02-20 23:00:00,1.11072,1.11083,1.11057,1.11072,1321
2025-02-21 00:00:00,1.11012,1.11053,1.10821,1.11043,856
2025-02-21 01:00:00,1.11043,1.11108,1.10994,1.1106,2231
2025-02-21 02:00:00,1.1106,1.11086,1.10973,1.10984,3224
2025-02-21 03:00:00,1.10984,1.11031,1.10969,1.10991,4712
2025-02-21 04:00:00,1.10989,1.11062,1.10971,1.11003,5933
2025-02-21 05:00:00,1.11003,1.11018,1.1095,1.1096,3650
2025-02-21 06:00:00,1.1096,1.11,1.10938,1.10942,2522
2025-02-21 07:00:00,1.10942,1.1096,1.10882,1.10916,4482
2025-02-21 08:00:00,1.10916,1.10948,1.10895,1.10927,3788
2025-02-21 09:00:00,1.10927,1.10958,1.10877,1.10894,4014
2025-02-21 10:00:00,1.10894,1.10922,1.10859,1.10862,5733
2025-02-21 11:00:00,1.10862,1.10937,1.10862,1.10925,3760
2025-02-21 12:00:00,1.10925,1.10957,1.10899,1.10904,3251
2025-02-21 13:00:00,1.10904,1.10954,1.10894,1.10938,3083
2025-02-21 14:00:00,1.10938,1.10968,1.10924,1.10934,3186
2025-02-21 15:00:00,1.10934,1.10956,1.10875,1.1091,3933
2025-02-21 16:00:00,1.1091,1.10937,1.10771,1.10849,5952
2025-02-21 17:00:00,1.10849,1.10888,1.10814,1.1086,7090
2025-02-21 18:00:00,1.10858,1.10875,1.10838,1.10854,3933
2025-02-21 19:00:00,1.10856,1.10871,1.10831,1.10839,3381
2025-02-21 20:00:00,1.10839,1.10843,1.1077,1.10794,4228
2025-02-21 21:00:00,1.10794,1.10798,1.10733,1.10746,3293
2025-02-21 22:00:00,1.10749,1.10772,1.107,1.10714,2585
2025-02-21 23:00:00,1.10714,1.10723,1.10619,1.10631,2179
2025-02-24 00:00:00,1.10519,1.10763,1.10519,1.10672,1543
2025-02-24 01:00:00,1.10672,1.10799,1.10672,1.10772,3352
2025-02-24 02:00:00,1.10772,1.1081,1.10735,1.10746,5171
2025-02-24 03:00:00,1.10746,1.10805,1.10717,1.10757,7150
2025-02-24 04:00:00,1.10757,1.10797,1.10711,1.10779,7101
2025-02-24 05:00:00,1.10779,1.10807,1.10749,1.10782,4469
2025-02-24 06:00:00,1.10782,1.10799,1.10737,1.10786,2855
2025-02-24 07:00:00,1.10786,1.10813,1.10761,1.10764,3748
2025-02-24 08:00:00,1.10764,1.10775,1.10724,1.10751,3836
2025-02-24 09:00:00,1.10751,1.10789,1.10741,1.10781,4786
2025-02-24 10:00:00,1.10779,1.10803,1.1072,1.10794,6238
2025-02-24 11:00:00,1.10794,1.10847,1.10755,1.10788,4633
2025-02-24 12:00:00,1.10788,1.10845,1.10779,1.10786,3672
2025-02-24 13:00:00,1.10786,1.10844,1.10772,1.10819,3826
2025-02-24 14:00:00,1.10819,1.10839,1.10793,1.10829,3832
2025-02-24 15:00:00,1.10829,1.10834,1.10774,1.10804,4272
2025-02-24 16:00:00,1.10804,1.10834,1.10657,1.1068,6235
2025-02-24 17:00:00,1.1068,1.10694,1.10631,1.10671,7437
2025-02-24 18:00:00,1.10673,1.10725,1.10644,1.10706,4979
2025-02-24 19:00:00,1.10706,1.10752,1.107,1.10706,3662
2025-02-24 20:00:00,1.10706,1.10724,1.10698,1.10711,2823
2025-02-24 21:00:00,1.10712,1.10722,1.10681,1.10698,2843
2025-02-24 22:00:00,1.10698,1.10735,1.10687,1.10722,3737
2025-02-24 23:00:00,1.10722,1.10769,1.10714,1.1073,1411
2025-02-25 00:00:00,1.1073,1.10731,1.10567,1.10698,578
2025-02-25 01:00:00,1.10698,1.10764,1.10669,1.10692,2257
2025-02-25 02:00:00,1.1069,1.10779,1.1069,1.10761,4161
2025-02-25 03:00:00,1.10763,1.10791,1.10735,1.10772,4596
2025-02-25 04:00:00,1.10772,1.10824,1.10743,1.1082,4681
2025-02-25 05:00:00,1.1082,1.10842,1.10763,1.10804,3448
2025-02-25 06:00:00,1.10804,1.10804,1.10726,1.10739,2402
2025-02-25 07:00:00,1.10741,1.10777,1.10729,1.10754,2800
2025-02-25 08:00:00,1.10754,1.10777,1.10712,1.10746,3346
2025-02-25 09:00:00,1.10744,1.10783,1.10688,1.10693,5096
2025-02-25 10:00:00,1.10693,1.10771,1.10686,1.10725,5806
2025-02-25 11:00:00,1.10725,1.10818,1.10706,1.10804,4433
2025-02-25 12:00:00,1.10804,1.10846,1.10782,1.10814,3778
2025-02-25 13:00:00,1.10814,1.10918,1.10808,1.10891,3371
2025-02-25 14:00:00,1.10891,1.10896,1.10837,1.10854,4484
2025-02-25 15:00:00,1.10854,1.10895,1.10798,1.10803,5004
2025-02-25 16:00:00,1.10803,1.10818,1.10734,1.10758,5675
2025-02-25 17:00:00,1.10763,1.10815,1.10655,1.10809,9189
2025-02-25 18:00:00,1.10809,1.10822,1.10746,1.10799,6531
2025-02-25 19:00:00,1.10799,1.10852,1.10783,1.10821,4168
2025-02-25 20:00:00,1.10821,1.10893,1.10814,1.10877,3826
2025-02-25 21:00:00,1.10877,1.10883,1.10839,1.1086,3463
2025-02-25 22:00:00,1.1086,1.10894,1.1083,1.10834,3188
2025-02-25 23:00:00,1.10834,1.10847,1.1078,1.10795,1793
2025-02-26 00:00:00,1.1067,1.10828,1.10553,1.10795,943
2025-02-26 01:00:00,1.10794,1.10853,1.10774,1.10842,1891
2025-02-26 02:00:00,1.1084,1.10866,1.10763,1.10783,4236
2025-02-26 03:00:00,1.10783,1.10865,1.10738,1.10846,5343
2025-02-26 04:00:00,1.10846,1.10853,1.10716,1.1078,4874
2025-02-26 05:00:00,1.1078,1.10804,1.10724,1.1077,3871
2025-02-26 06:00:00,1.1077,1.10791,1.10727,1.10776,3381
2025-02-26 07:00:00,1.10776,1.10805,1.1074,1.10785,3576
2025-02-26 08:00:00,1.10785,1.10877,1.10781,1.1084,3277
2025-02-26 09:00:00,1.1084,1.10851,1.10779,1.10824,4705
2025-02-26 10:00:00,1.10822,1.10879,1.10815,1.10822,4615
2025-02-26 11:00:00,1.10822,1.10869,1.10788,1.10827,3416
2025-02-26 12:00:00,1.10827,1.10858,1.10803,1.10819,3686
2025-02-26 13:00:00,1.10819,1.1089,1.10817,1.10836,3690
2025-02-26 14:00:00,1.10836,1.10866,1.10819,1.10838,3477
2025-02-26 15:00:00,1.10838,1.10861,1.10755,1.10764,4619
2025-02-26 16:00:00,1.10764,1.10771,1.10679,1.10721,5983
2025-02-26 17:00:00,1.10721,1.10804,1.10713,1.10726,7018
2025-02-26 18:00:00,1.10728,1.10782,1.10712,1.10724,5423
2025-02-26 19:00:00,1.10726,1.10741,1.1068,1.10733,7264
2025-02-26 20:00:00,1.10731,1.10737,1.10645,1.1066,4720
2025-02-26 21:00:00,1.1066,1.10695,1.1064,1.10678,4261
2025-02-26 22:00:00,1.10678,1.10688,1.10624,1.10644,3024
2025-02-26 23:00:00,1.10644,1.10695,1.1064,1.10677,2523
2025-02-27 00:00:00,1.10637,1.10724,1.10468,1.10686,697
2025-02-27 01:00:00,1.10686,1.10758,1.10683,1.10716,2025
2025-02-27 02:00:00,1.10718,1.10729,1.10643,1.10652,4430
2025-02-27 03:00:00,1.10652,1.10759,1.10632,1.10744,5324
2025-02-27 04:00:00,1.10744,1.10793,1.1072,1.10781,5970
2025-02-27 05:00:00,1.10781,1.10795,1.10687,1.10696,4351
2025-02-27 06:00:00,1.10698,1.10777,1.1066,1.10775,3089
2025-02-27 07:00:00,1.10777,1.10822,1.1075,1.10802,3086
2025-02-27 08:00:00,1.108,1.1081,1.10756,1.10789,4323
2025-02-27 09:00:00,1.10789,1.10812,1.10763,1.1079,3762
2025-02-27 10:00:00,1.1079,1.10847,1.10766,1.10837,4755
2025-02-27 11:00:00,1.10837,1.10864,1.10817,1.10831,4557
2025-02-27 12:00:00,1.10831,1.1085,1.10814,1.10845,3948
2025-02-27 13:00:00,1.10845,1.10875,1.1082,1.10866,3639
2025-02-27 14:00:00,1.10864,1.10872,1.10761,1.10766,3811
2025-02-27 15:00:00,1.10766,1.10812,1.1068,1.10728,8716
2025-02-27 16:00:00,1.10729,1.10783,1.10684,1.10701,9511
2025-02-27 17:00:00,1.10701,1.10848,1.10661,1.10785,8900
2025-02-27 18:00:00,1.10785,1.10865,1.10753,1.10787,5985
2025-02-27 19:00:00,1.10787,1.10823,1.10742,1.1077,4115
2025-02-27 20:00:00,1.1077,1.10774,1.10733,1.10749,3278
2025-02-27 21:00:00,1.10749,1.1077,1.10707,1.10747,3833
2025-02-27 22:00:00,1.10747,1.10756,1.10688,1.10697,3274
2025-02-27 23:00:00,1.10697,1.10749,1.10685,1.10718,1545
2025-02-28 00:00:00,1.10712,1.10723,1.1051,1.10703,1366
2025-02-28 01:00:00,1.10704,1.1077,1.10698,1.1075,1948
2025-02-28 02:00:00,1.1075,1.10841,1.10736,1.10796,4006
2025-02-28 03:00:00,1.10796,1.10879,1.10791,1.10825,6522
2025-02-28 04:00:00,1.10825,1.1089,1.10796,1.10829,5624
2025-02-28 05:00:00,1.10829,1.10901,1.10814,1.10879,4557
2025-02-28 06:00:00,1.10879,1.10937,1.10831,1.10934,2928
2025-02-28 07:00:00,1.10934,1.10982,1.10901,1.10938,3367
2025-02-28 08:00:00,1.10938,1.10991,1.10924,1.10926,4299
2025-02-28 09:00:00,1.10926,1.10942,1.10885,1.1092,4502
2025-02-28 10:00:00,1.1092,1.10974,1.10888,1.10954,4707
2025-02-28 11:00:00,1.10954,1.10968,1.10891,1.10947,3366
2025-02-28 12:00:00,1.10947,1.10998,1.10937,1.10972,3587
2025-02-28 13:00:00,1.10972,1.10991,1.10951,1.10979,3096
2025-02-28 14:00:00,1.10979,1.11,1.10935,1.10945,3738
2025-02-28 15:00:00,1.10945,1.10981,1.10883,1.10892,5507
2025-02-28 16:00:00,1.10892,1.1092,1.10826,1.10877,6261
2025-02-28 17:00:00,1.10877,1.10973,1.10827,1.10965,7353
2025-02-28 18:00:00,1.10965,1.10984,1.10868,1.10894,6840
2025-02-28 19:00:00,1.10894,1.10897,1.1085,1.10859,4907
2025-02-28 20:00:00,1.10859,1.10898,1.10832,1.10869,6379
2025-02-28 21:00:00,1.10869,1.10906,1.10865,1.10894,4205
2025-02-28 22:00:00,1.10892,1.10926,1.10873,1.10898,3684
2025-02-28 23:00:00,1.1089,1.10932,1.10707,1.10768,1852
2025-03-03 00:00:00,1.10798,1.10947,1.10765,1.10828,635
2025-03-03 01:00:00,1.10828,1.11015,1.10828,1.10992,3320
2025-03-03 02:00:00,1.10992,1.1101,1.10935,1.10944,5390
2025-03-03 03:00:00,1.10944,1.11004,1.1094,1.10979,6007
2025-03-03 04:00:00,1.10979,1.11029,1.10892,1.10901,4087
2025-03-03 05:00:00,1.109,1.11004,1.10883,1.10988,4763
2025-03-03 06:00:00,1.10988,1.11053,1.10978,1.11008,2600
2025-03-03 07:00:00,1.11008,1.11038,1.10963,1.1097,2808
2025-03-03 08:00:00,1.1097,1.11034,1.10929,1.11026,3599
2025-03-03 09:00:00,1.11026,1.11042,1.10955,1.10991,3772
2025-03-03 10:00:00,1.10991,1.11013,1.10929,1.10959,4357
2025-03-03 11:00:00,1.10959,1.10992,1.10934,1.10982,3951
2025-03-03 12:00:00,1.10982,1.11043,1.10963,1.1102,4605
2025-03-03 13:00:00,1.1102,1.11048,1.11002,1.11016,3402
2025-03-03 14:00:00,1.11016,1.11059,1.10981,1.11027,5243
2025-03-03 15:00:00,1.11027,1.11068,1.11007,1.11025,4920
2025-03-03 16:00:00,1.11025,1.11068,1.10931,1.10952,5525
2025-03-03 17:00:00,1.10943,1.10995,1.10888,1.10921,8969
2025-03-03 18:00:00,1.10921,1.10959,1.10878,1.10881,6028
2025-03-03 19:00:00,1.10881,1.10912,1.10835,1.10863,3833
2025-03-03 20:00:00,1.1086,1.10873,1.10785,1.10829,5099
2025-03-03 21:00:00,1.10829,1.1085,1.10758,1.10767,5464
2025-03-03 22:00:00,1.10771,1.10781,1.10692,1.10774,8341
2025-03-03 23:00:00,1.10774,1.10819,1.10758,1.10808,2818
2025-03-04 00:00:00,1.10803,1.10803,1.10635,1.10726,960
2025-03-04 01:00:00,1.10724,1.10785,1.10702,1.10748,2516
2025-03-04 02:00:00,1.10748,1.10812,1.1071,1.10785,5087
2025-03-04 03:00:00,1.10787,1.10787,1.10631,1.10653,7185
2025-03-04 04:00:00,1.10655,1.10739,1.10589,1.1068,5407
2025-03-04 05:00:00,1.1068,1.10712,1.10629,1.10656,4850
2025-03-04 06:00:00,1.10656,1.10663,1.10573,1.10576,4319
2025-03-04 07:00:00,1.10578,1.10655,1.10541,1.10604,6520
2025-03-04 08:00:00,1.10604,1.10729,1.10602,1.10727,4953
2025-03-04 09:00:00,1.10725,1.10725,1.10564,1.10609,5051
2025-03-04 10:00:00,1.10609,1.10617,1.10497,1.10519,6947
2025-03-04 11:00:00,1.10519,1.10636,1.10503,1.10605,4688
2025-03-04 12:00:00,1.10605,1.10633,1.10576,1.10608,4920
2025-03-04 13:00:00,1.10608,1.10666,1.10582,1.10658,4603
2025-03-04 14:00:00,1.10658,1.10673,1.10607,1.10631,6155
2025-03-04 15:00:00,1.10631,1.10656,1.10549,1.10555,7419
2025-03-04 16:00:00,1.10555,1.1061,1.10512,1.10514,8755
2025-03-04 17:00:00,1.10514,1.10549,1.10442,1.10463,10004
2025-03-04 18:00:00,1.10463,1.10545,1.10434,1.10515,8904
2025-03-04 19:00:00,1.10513,1.1059,1.10506,1.10576,7063
2025-03-04 20:00:00,1.10576,1.10635,1.10571,1.10623,7568
2025-03-04 21:00:00,1.10623,1.10763,1.10616,1.10666,5789
2025-03-04 22:00:00,1.10666,1.10714,1.10619,1.10636,6640
2025-03-04 23:00:00,1.10636,1.10762,1.10622,1.10687,6068
2025-03-05 00:00:00,1.10678,1.1069,1.1044,1.10678,889
2025-03-05 01:00:00,1.10678,1.10787,1.10598,1.10724,2984
2025-03-05 02:00:00,1.10724,1.10801,1.10664,1.10673,5241
2025-03-05 03:00:00,1.10673,1.10683,1.10558,1.10573,7362
2025-03-05 04:00:00,1.10573,1.10639,1.10553,1.1059,5965
2025-03-05 05:00:00,1.10592,1.10691,1.10567,1.10657,5492
2025-03-05 06:00:00,1.10657,1.10689,1.10618,1.10661,3690
2025-03-05 07:00:00,1.10661,1.107,1.10631,1.10681,4168
2025-03-05 08:00:00,1.10681,1.107,1.10589,1.10696,4536
2025-03-05 09:00:00,1.10696,1.10743,1.10666,1.10683,6471
2025-03-05 10:00:00,1.10682,1.10687,1.10593,1.1065,6002
2025-03-05 11:00:00,1.1065,1.10679,1.10617,1.10646,5071
2025-03-05 12:00:00,1.10646,1.1065,1.10586,1.10597,4154
2025-03-05 13:00:00,1.10597,1.10612,1.10527,1.10541,3664
2025-03-05 14:00:00,1.10541,1.1058,1.10512,1.10543,5309
2025-03-05 15:00:00,1.10541,1.10597,1.1046,1.10534,9024
2025-03-05 16:00:00,1.10534,1.10586,1.10485,1.10549,9474
2025-03-05 17:00:00,1.10537,1.10639,1.10463,1.10597,11661
2025-03-05 18:00:00,1.10597,1.10619,1.10509,1.1061,9205
2025-03-05 19:00:00,1.10608,1.10693,1.10575,1.10693,8132
2025-03-05 20:00:00,1.10693,1.10709,1.1062,1.10703,7783
2025-03-05 21:00:00,1.10702,1.10725,1.10625,1.10661,4620
2025-03-05 22:00:00,1.10661,1.10679,1.10612,1.10638,3343
2025-03-05 23:00:00,1.10636,1.10647,1.10579,1.10615,2491
2025-03-06 00:00:00,1.10608,1.10608,1.10378,1.10544,705
2025-03-06 01:00:00,1.10544,1.10654,1.10503,1.10626,2194
2025-03-06 02:00:00,1.10626,1.10678,1.10609,1.10656,4390
2025-03-06 03:00:00,1.10656,1.10665,1.10565,1.10624,6232
2025-03-06 04:00:00,1.10624,1.10653,1.10582,1.10598,5708
2025-03-06 05:00:00,1.10598,1.10673,1.10556,1.10623,3741
2025-03-06 06:00:00,1.10623,1.1063,1.10552,1.10607,2740
2025-03-06 07:00:00,1.10605,1.10609,1.10485,1.10511,4217
2025-03-06 08:00:00,1.10511,1.10553,1.10489,1.10551,4992
2025-03-06 09:00:00,1.10551,1.10577,1.10484,1.10495,6210
2025-03-06 10:00:00,1.10495,1.10533,1.10419,1.10433,7018
2025-03-06 11:00:00,1.10433,1.10468,1.10383,1.10437,6571
2025-03-06 12:00:00,1.10437,1.10439,1.10342,1.10362,5066
2025-03-06 13:00:00,1.10362,1.10428,1.10326,1.10418,4583
2025-03-06 14:00:00,1.10418,1.10452,1.10364,1.10399,5213
2025-03-06 15:00:00,1.10401,1.10467,1.10312,1.10367,8461
2025-03-06 16:00:00,1.10367,1.10424,1.10353,1.1039,10183
2025-03-06 17:00:00,1.1039,1.10531,1.10388,1.10507,10288
2025-03-06 18:00:00,1.10506,1.10524,1.10398,1.10403,9441
2025-03-06 19:00:00,1.10405,1.1043,1.10347,1.10384,7874
2025-03-06 20:00:00,1.10382,1.10466,1.10365,1.10424,6735
2025-03-06 21:00:00,1.10424,1.10435,1.10325,1.10369,5625
2025-03-06 22:00:00,1.10369,1.1042,1.10357,1.10407,5937
2025-03-06 23:00:00,1.10405,1.10445,1.10376,1.10404,2445
2025-03-07 00:00:00,1.10354,1.10391,1.10174,1.10383,843
2025-03-07 01:00:00,1.10383,1.10432,1.1034,1.10387,2095
2025-03-07 02:00:00,1.10388,1.10401,1.1029,1.10315,4831
2025-03-07 03:00:00,1.10315,1.10335,1.1023,1.10276,5763
2025-03-07 04:00:00,1.10276,1.1036,1.10253,1.10356,4774
2025-03-07 05:00:00,1.10356,1.10364,1.1017,1.10241,4146
2025-03-07 06:00:00,1.10241,1.10328,1.10239,1.1031,3034
2025-03-07 07:00:00,1.1031,1.10367,1.10277,1.10289,3786
2025-03-07 08:00:00,1.10289,1.10403,1.10272,1.10292,4572
2025-03-07 09:00:00,1.10292,1.1031,1.10232,1.10279,4668
2025-03-07 10:00:00,1.10283,1.10311,1.10229,1.10275,5946
2025-03-07 11:00:00,1.10275,1.10308,1.10218,1.10235,4636
2025-03-07 12:00:00,1.10235,1.10241,1.10157,1.10218,4790
2025-03-07 13:00:00,1.10218,1.10245,1.10183,1.10205,3962
2025-03-07 14:00:00,1.10205,1.10209,1.10126,1.10164,5373
2025-03-07 15:00:00,1.10164,1.10241,1.09932,1.1014,10183
2025-03-07 16:00:00,1.10138,1.10384,1.10131,1.10352,10288
2025-03-07 17:00:00,1.10352,1.10429,1.10333,1.10424,9516
2025-03-07 18:00:00,1.10422,1.10431,1.10323,1.10344,8270
2025-03-07 19:00:00,1.10342,1.10474,1.10289,1.10443,9014
2025-03-07 20:00:00,1.10443,1.10529,1.10388,1.10499,5932
2025-03-07 21:00:00,1.10497,1.10547,1.10473,1.10501,5461
2025-03-07 22:00:00,1.10501,1.10501,1.10443,1.10454,4129
2025-03-07 23:00:00,1.10454,1.10457,1.10298,1.10305,2477
2025-03-10 00:00:00,1.10247,1.10434,1.10096,1.10283,610
2025-03-10 01:00:00,1.10283,1.10446,1.10212,1.10374,3897
2025-03-10 02:00:00,1.10374,1.10426,1.10319,1.1041,3678
2025-03-10 03:00:00,1.1041,1.10459,1.10388,1.10395,4924
2025-03-10 04:00:00,1.10395,1.10451,1.10372,1.10425,4834
2025-03-10 05:00:00,1.10425,1.10485,1.10412,1.10474,4273
2025-03-10 06:00:00,1.10474,1.10494,1.10376,1.10386,3709
2025-03-10 07:00:00,1.10388,1.10408,1.10369,1.1038,2674
2025-03-10 08:00:00,1.1038,1.10453,1.10363,1.10441,3695
2025-03-10 09:00:00,1.10441,1.10452,1.10371,1.10378,3667
2025-03-10 10:00:00,1.10378,1.10378,1.10307,1.10317,4732
2025-03-10 11:00:00,1.10318,1.10322,1.10205,1.10215,5929
2025-03-10 12:00:00,1.10215,1.10288,1.1018,1.10212,5158
2025-03-10 13:00:00,1.10212,1.10247,1.10192,1.10243,4196
2025-03-10 14:00:00,1.10243,1.10303,1.10238,1.10274,5702
2025-03-10 15:00:00,1.10274,1.10285,1.10188,1.1024,5181
2025-03-10 16:00:00,1.10238,1.10264,1.10178,1.1019,6654
2025-03-10 17:00:00,1.10192,1.10193,1.10083,1.10092,7573
2025-03-10 18:00:00,1.10092,1.10197,1.10092,1.1018,6736
2025-03-10 19:00:00,1.1018,1.10183,1.10096,1.10139,5421
2025-03-10 20:00:00,1.10141,1.10152,1.10071,1.10086,4861
2025-03-10 21:00:00,1.10084,1.10151,1.10055,1.1009,5547
2025-03-10 22:00:00,1.1009,1.10236,1.10071,1.10232,5993
2025-03-10 23:00:00,1.10235,1.10244,1.10151,1.1017,3128
2025-03-11 00:00:00,1.1014,1.10143,1.10049,1.10049,499
2025-03-11 01:00:00,1.10049,1.10284,1.10021,1.10263,2449
2025-03-11 02:00:00,1.10263,1.10279,1.10198,1.10271,3171
2025-03-11 03:00:00,1.10271,1.10298,1.10177,1.10288,4812
2025-03-11 04:00:00,1.1029,1.10314,1.10184,1.10276,6799
2025-03-11 05:00:00,1.10276,1.10337,1.10245,1.10272,6399
2025-03-11 06:00:00,1.10272,1.10303,1.10202,1.10212,4986
2025-03-11 07:00:00,1.10212,1.10282,1.102,1.10218,3153
2025-03-11 08:00:00,1.10218,1.10333,1.10162,1.10321,4595
2025-03-11 09:00:00,1.10321,1.10369,1.10268,1.10278,5052
2025-03-11 10:00:00,1.10278,1.10307,1.10197,1.10231,5448
2025-03-11 11:00:00,1.10229,1.10278,1.1019,1.10273,5616
2025-03-11 12:00:00,1.10271,1.10288,1.10181,1.10199,4360
2025-03-11 13:00:00,1.10197,1.1024,1.10184,1.10233,3514
2025-03-11 14:00:00,1.10233,1.10268,1.10201,1.10255,3797
2025-03-11 15:00:00,1.10255,1.10292,1.10219,1.10242,5051
2025-03-11 16:00:00,1.10242,1.10263,1.1016,1.1016,6259
2025-03-11 17:00:00,1.10142,1.10243,1.10016,1.1005,10739
2025-03-11 18:00:00,1.10047,1.10133,1.10037,1.10069,8204
2025-03-11 19:00:00,1.1007,1.10105,1.10047,1.10083,5818
2025-03-11 20:00:00,1.10085,1.10123,1.10039,1.10088,5518
2025-03-11 21:00:00,1.10088,1.10236,1.10086,1.10234,7763
2025-03-11 22:00:00,1.10232,1.1024,1.10179,1.10182,5918
2025-03-11 23:00:00,1.10182,1.10208,1.10163,1.10163,1769
2025-03-12 00:00:00,1.10161,1.10161,1.09936,1.10062,683
2025-03-12 01:00:00,1.10062,1.10232,1.1,1.10226,1859
2025-03-12 02:00:00,1.10226,1.10228,1.10172,1.10217,2094
2025-03-12 03:00:00,1.10219,1.10245,1.10143,1.10245,3511
2025-03-12 04:00:00,1.10245,1.1025,1.10173,1.10212,4402
2025-03-12 05:00:00,1.1021,1.10313,1.10198,1.10242,3546
2025-03-12 06:00:00,1.1024,1.10287,1.10211,1.10224,3047
2025-03-12 07:00:00,1.10224,1.10259,1.10212,1.10238,2360
2025-03-12 08:00:00,1.1024,1.10281,1.1023,1.10262,3216
2025-03-12 09:00:00,1.10264,1.10275,1.10132,1.10155,3260
2025-03-12 10:00:00,1.10155,1.1019,1.1012,1.10155,4198
2025-03-12 11:00:00,1.10153,1.10203,1.10132,1.10146,5090
2025-03-12 12:00:00,1.10146,1.10177,1.10103,1.10144,3773
2025-03-12 13:00:00,1.10144,1.10169,1.10111,1.10113,2341
2025-03-12 14:00:00,1.10115,1.10196,1.101,1.10175,3535
2025-03-12 15:00:00,1.10175,1.1026,1.1,1.10125,9378
2025-03-12 16:00:00,1.10126,1.10258,1.10114,1.1024,8929
2025-03-12 17:00:00,1.1024,1.1026,1.10166,1.10173,7244
2025-03-12 18:00:00,1.10173,1.10198,1.10125,1.1019,5505
2025-03-12 19:00:00,1.10191,1.10226,1.10162,1.1018,5271
2025-03-12 20:00:00,1.10181,1.10245,1.10151,1.10205,4704
2025-03-12 21:00:00,1.10205,1.10274,1.10193,1.10247,4254
2025-03-12 22:00:00,1.10247,1.10289,1.10237,1.10269,4263
2025-03-12 23:00:00,1.10269,1.10313,1.10248,1.10289,2252
2025-03-13 00:00:00,1.10221,1.10262,1.09998,1.10209,610
2025-03-13 01:00:00,1.10209,1.10311,1.10193,1.10291,1537
2025-03-13 02:00:00,1.10291,1.10317,1.10271,1.10294,1842
2025-03-13 03:00:00,1.10296,1.10312,1.1025,1.10255,3064
2025-03-13 04:00:00,1.10256,1.10278,1.10227,1.10257,4337
2025-03-13 05:00:00,1.10257,1.10279,1.10226,1.10244,3468
2025-03-13 06:00:00,1.10244,1.1025,1.10165,1.10183,3002
2025-03-13 07:00:00,1.10183,1.10198,1.10118,1.10152,2288
2025-03-13 08:00:00,1.10152,1.10192,1.10112,1.10184,3470
2025-03-13 09:00:00,1.10183,1.10297,1.10122,1.10288,4230
2025-03-13 10:00:00,1.10288,1.10314,1.10245,1.10302,4847
2025-03-13 11:00:00,1.10302,1.10307,1.10226,1.10259,5013
2025-03-13 12:00:00,1.10259,1.10331,1.10237,1.10309,3691
2025-03-13 13:00:00,1.10309,1.10354,1.10298,1.10338,3795
2025-03-13 14:00:00,1.10338,1.10357,1.10303,1.10337,3855
2025-03-13 15:00:00,1.10337,1.10356,1.10058,1.1035,7024
2025-03-13 16:00:00,1.1035,1.10363,1.10282,1.10336,6200
2025-03-13 17:00:00,1.10336,1.1034,1.1026,1.10287,6091
2025-03-13 18:00:00,1.10286,1.10298,1.10134,1.10156,5941
2025-03-13 19:00:00,1.10156,1.10194,1.10144,1.10184,5616
2025-03-13 20:00:00,1.10182,1.10192,1.10129,1.10192,4703
2025-03-13 21:00:00,1.10192,1.1022,1.10158,1.10212,4031
2025-03-13 22:00:00,1.10212,1.10238,1.10186,1.10198,3622
2025-03-13 23:00:00,1.10198,1.10284,1.10156,1.10274,2087
2025-03-14 00:00:00,1.1026,1.1026,1.10142,1.10209,970
2025-03-14 01:00:00,1.10217,1.10287,1.10189,1.10256,1205
2025-03-14 02:00:00,1.10256,1.10309,1.1023,1.10236,1901
2025-03-14 03:00:00,1.10236,1.1028,1.10192,1.10234,3612
2025-03-14 04:00:00,1.10234,1.10239,1.10121,1.10134,4083
2025-03-14 05:00:00,1.10134,1.10181,1.10123,1.10167,3804
2025-03-14 06:00:00,1.10167,1.10231,1.10165,1.10206,3318
2025-03-14 07:00:00,1.10206,1.1024,1.10172,1.10233,2472
2025-03-14 08:00:00,1.10233,1.10244,1.10154,1.10175,3119
2025-03-14 09:00:00,1.10175,1.10217,1.10167,1.10199,2774
2025-03-14 10:00:00,1.10199,1.1022,1.10144,1.1015,4203
2025-03-14 11:00:00,1.10148,1.10176,1.10112,1.10154,3604
2025-03-14 12:00:00,1.10154,1.10192,1.1013,1.1018,3602
2025-03-14 13:00:00,1.10179,1.10203,1.10133,1.10165,5324
2025-03-14 14:00:00,1.10165,1.10175,1.10099,1.10108,4887
2025-03-14 15:00:00,1.10108,1.10173,1.10106,1.10143,4355
2025-03-14 16:00:00,1.10143,1.10148,1.10074,1.10074,4882
2025-03-14 17:00:00,1.10057,1.10125,1.10043,1.10093,6779
2025-03-14 18:00:00,1.10093,1.10103,1.1003,1.10055,5059
2025-03-14 19:00:00,1.10055,1.10064,1.10008,1.10058,4157
2025-03-14 20:00:00,1.10058,1.10063,1.10013,1.10021,3384
2025-03-14 21:00:00,1.10021,1.1005,1.10015,1.10031,2870
2025-03-14 22:00:00,1.10031,1.10046,1.09966,1.10014,1928
2025-03-14 23:00:00,1.10016,1.10044,1.09955,1.09964,2076
2025-03-17 00:00:00,1.09902,1.10057,1.09824,1.10017,611
2025-03-17 01:00:00,1.10017,1.10063,1.0989,1.09955,2787
2025-03-17 02:00:00,1.09955,1.10002,1.09918,1.09976,1939
2025-03-17 03:00:00,1.09976,1.10074,1.09931,1.10049,3000
2025-03-17 04:00:00,1.10049,1.10061,1.0995,1.09964,4323
2025-03-17 05:00:00,1.09963,1.09978,1.09915,1.09941,2805
2025-03-17 06:00:00,1.09943,1.09945,1.09866,1.09884,2209
2025-03-17 07:00:00,1.09884,1.09906,1.09819,1.09845,3138
2025-03-17 08:00:00,1.09845,1.09936,1.09827,1.09921,2710
2025-03-17 09:00:00,1.09921,1.09921,1.09845,1.09883,2574
2025-03-17 10:00:00,1.09883,1.09889,1.09808,1.09861,3375
2025-03-17 11:00:00,1.09861,1.09862,1.09768,1.09813,3536
2025-03-17 12:00:00,1.09813,1.09858,1.09807,1.09813,3446
2025-03-17 13:00:00,1.09813,1.09833,1.09732,1.09744,2925
2025-03-17 14:00:00,1.09744,1.09761,1.09709,1.09712,2428
2025-03-17 15:00:00,1.09712,1.09718,1.09611,1.09669,5689
2025-03-17 16:00:00,1.09671,1.09706,1.09614,1.09645,5306
2025-03-17 17:00:00,1.09646,1.09683,1.09594,1.0967,4995
2025-03-17 18:00:00,1.0967,1.09702,1.0963,1.09699,4455
2025-03-17 19:00:00,1.09699,1.09724,1.09654,1.0969,3450
2025-03-17 20:00:00,1.0969,1.09746,1.09684,1.09708,2717
2025-03-17 21:00:00,1.09708,1.09737,1.09696,1.09702,2662
2025-03-17 22:00:00,1.09704,1.09717,1.09677,1.09685,2100
2025-03-17 23:00:00,1.09685,1.09687,1.09622,1.09676,2139
2025-03-18 00:00:00,1.09669,1.09698,1.09488,1.09693,628
2025-03-18 01:00:00,1.09693,1.09728,1.0959,1.09593,1341
2025-03-18 02:00:00,1.09593,1.09622,1.09561,1.09582,1442
2025-03-18 03:00:00,1.09582,1.0963,1.09564,1.09572,2916
2025-03-18 04:00:00,1.09572,1.09602,1.0954,1.09599,3136
2025-03-18 05:00:00,1.09599,1.09634,1.09559,1.09567,2820
2025-03-18 06:00:00,1.09567,1.0958,1.09515,1.09564,2364
2025-03-18 07:00:00,1.09564,1.09583,1.09524,1.09552,1980
2025-03-18 08:00:00,1.09552,1.0956,1.09514,1.09545,1748
2025-03-18 09:00:00,1.09545,1.09565,1.09511,1.09546,2253
2025-03-18 10:00:00,1.09546,1.09624,1.09512,1.09568,2628
2025-03-18 11:00:00,1.09568,1.09604,1.09556,1.0958,3284
2025-03-18 12:00:00,1.09579,1.09594,1.09523,1.09531,2601
2025-03-18 13:00:00,1.09531,1.09539,1.09491,1.09503,2970
2025-03-18 14:00:00,1.09503,1.09539,1.09489,1.09532,2418
2025-03-18 15:00:00,1.09532,1.09557,1.09503,1.09507,3483
2025-03-18 16:00:00,1.09507,1.09521,1.09441,1.0945,4067
2025-03-18 17:00:00,1.0945,1.09456,1.09385,1.09443,4222
2025-03-18 18:00:00,1.09441,1.09441,1.09358,1.09375,4386
2025-03-18 19:00:00,1.09375,1.09407,1.09344,1.0936,3875
2025-03-18 20:00:00,1.0936,1.09362,1.09309,1.09354,3894
2025-03-18 21:00:00,1.09354,1.09358,1.09307,1.09333,2952
2025-03-18 22:00:00,1.09331,1.09354,1.0932,1.09335,2379
2025-03-18 23:00:00,1.09335,1.09347,1.09277,1.09282,1396
2025-03-19 00:00:00,1.0929,1.09312,1.09205,1.09257,477
2025-03-19 01:00:00,1.09259,1.09345,1.09245,1.09321,1206
2025-03-19 02:00:00,1.09321,1.09342,1.09299,1.0934,1208
2025-03-19 03:00:00,1.0934,1.09415,1.09313,1.09369,2455
2025-03-19 04:00:00,1.09369,1.0941,1.09355,1.09408,2556
2025-03-19 05:00:00,1.09408,1.09437,1.09387,1.09421,2660
2025-03-19 06:00:00,1.09421,1.09441,1.09397,1.09423,2326
2025-03-19 07:00:00,1.09423,1.09432,1.09375,1.09412,1874
2025-03-19 08:00:00,1.09412,1.09419,1.09366,1.09366,2071
2025-03-19 09:00:00,1.09366,1.094,1.0931,1.09318,2595
2025-03-19 10:00:00,1.09318,1.094,1.09282,1.0936,5817
2025-03-19 11:00:00,1.0936,1.09409,1.09334,1.09349,4446
2025-03-19 12:00:00,1.09349,1.094,1.09337,1.09388,3455
2025-03-19 13:00:00,1.09388,1.09426,1.09373,1.09418,3544
2025-03-19 14:00:00,1.09418,1.09445,1.09379,1.09392,2854
2025-03-19 15:00:00,1.09392,1.09422,1.09386,1.09413,3628
2025-03-19 16:00:00,1.09413,1.0948,1.09409,1.09465,4711
2025-03-19 17:00:00,1.09465,1.09482,1.09415,1.09437,3715
2025-03-19 18:00:00,1.09437,1.09487,1.09434,1.09473,3334
2025-03-19 19:00:00,1.09473,1.09484,1.09455,1.09461,2857
2025-03-19 20:00:00,1.09461,1.09466,1.09381,1.09381,3269
2025-03-19 21:00:00,1.09253,1.09487,1.09216,1.09484,9633
2025-03-19 22:00:00,1.09483,1.09484,1.09334,1.09351,6438
2025-03-19 23:00:00,1.09351,1.09357,1.09277,1.09301,2344
2025-03-20 00:00:00,1.09295,1.09347,1.08972,1.09197,576
2025-03-20 01:00:00,1.09197,1.09309,1.09186,1.09306,1810
2025-03-20 02:00:00,1.09306,1.09354,1.09285,1.09348,2205
2025-03-20 03:00:00,1.09348,1.09383,1.09138,1.09304,4644
2025-03-20 04:00:00,1.09304,1.09397,1.09235,1.09357,4549
2025-03-20 05:00:00,1.09357,1.09509,1.09324,1.09444,3740
2025-03-20 06:00:00,1.09444,1.09492,1.09423,1.09464,2785
2025-03-20 07:00:00,1.09464,1.09546,1.0944,1.09517,2243
2025-03-20 08:00:00,1.09517,1.09551,1.09493,1.09541,2414
2025-03-20 09:00:00,1.09541,1.09572,1.09532,1.09546,2519
2025-03-20 10:00:00,1.09546,1.09559,1.09464,1.09522,4212
2025-03-20 11:00:00,1.09522,1.09611,1.095,1.09564,4220
2025-03-20 12:00:00,1.09564,1.0962,1.095,1.09518,4644
2025-03-20 13:00:00,1.09518,1.09625,1.09509,1.09591,4869
2025-03-20 14:00:00,1.09589,1.09618,1.09571,1.09582,3407
2025-03-20 15:00:00,1.09582,1.09607,1.09492,1.09579,4580
2025-03-20 16:00:00,1.09579,1.09611,1.09553,1.09578,4796
2025-03-20 17:00:00,1.09578,1.09611,1.09527,1.09564,5105
2025-03-20 18:00:00,1.09564,1.09579,1.09546,1.09568,3844
2025-03-20 19:00:00,1.09568,1.09575,1.0954,1.0955,3911
2025-03-20 20:00:00,1.09548,1.09567,1.09491,1.09493,2580
2025-03-20 21:00:00,1.09493,1.0951,1.09446,1.09449,2216
2025-03-20 22:00:00,1.09449,1.09467,1.09414,1.09436,2023
2025-03-20 23:00:00,1.09438,1.0947,1.09432,1.09446,1163
2025-03-21 00:00:00,1.09449,1.0946,1.09313,1.09411,452
2025-03-21 01:00:00,1.09411,1.09483,1.09362,1.09444,1822
2025-03-21 02:00:00,1.09444,1.09449,1.09388,1.09397,1633
2025-03-21 03:00:00,1.09397,1.09426,1.09345,1.09363,2839
2025-03-21 04:00:00,1.09363,1.0939,1.09338,1.09372,3306
2025-03-21 05:00:00,1.09373,1.09395,1.09329,1.09332,3001
2025-03-21 06:00:00,1.09332,1.0942,1.09325,1.09405,2504
2025-03-21 07:00:00,1.09405,1.09421,1.09389,1.09394,1911
2025-03-21 08:00:00,1.09394,1.09399,1.09329,1.09371,2734
2025-03-21 09:00:00,1.09371,1.09389,1.09327,1.09355,2453
2025-03-21 10:00:00,1.09355,1.09374,1.09284,1.09325,3097
2025-03-21 11:00:00,1.09325,1.09338,1.09243,1.09254,3802
2025-03-21 12:00:00,1.09254,1.09269,1.09201,1.09229,3046
2025-03-21 13:00:00,1.09229,1.09258,1.09217,1.09238,2691
2025-03-21 14:00:00,1.09238,1.09243,1.09208,1.09227,2667
2025-03-21 15:00:00,1.09227,1.09238,1.09187,1.09191,3952
2025-03-21 16:00:00,1.09191,1.09208,1.09141,1.09169,5248
2025-03-21 17:00:00,1.09169,1.09233,1.09126,1.09228,4747
2025-03-21 18:00:00,1.09228,1.0934,1.09196,1.09316,4442
2025-03-21 19:00:00,1.09316,1.09407,1.09291,1.09386,5091
2025-03-21 20:00:00,1.09386,1.09421,1.09362,1.09394,3109
2025-03-21 21:00:00,1.09396,1.09435,1.09378,1.09424,2886
2025-03-21 22:00:00,1.09424,1.0944,1.09392,1.09423,2270
2025-03-21 23:00:00,1.09423,1.09449,1.09269,1.09367,1755
2025-03-24 00:00:00,1.09199,1.0933,1.09068,1.09297,600
2025-03-24 01:00:00,1.09297,1.09497,1.09297,1.09398,2616
2025-03-24 02:00:00,1.09398,1.09473,1.09385,1.09469,2454
2025-03-24 03:00:00,1.09471,1.09503,1.09435,1.095,3073
2025-03-24 04:00:00,1.09497,1.09622,1.09486,1.09614,4365
2025-03-24 05:00:00,1.09614,1.09674,1.09598,1.0963,3619
2025-03-24 06:00:00,1.0963,1.09705,1.09611,1.09701,2756
2025-03-24 07:00:00,1.09701,1.09719,1.09663,1.09717,2085
2025-03-24 08:00:00,1.09717,1.09804,1.097,1.09796,2907
2025-03-24 09:00:00,1.09796,1.09813,1.09727,1.09744,2899
2025-03-24 10:00:00,1.09744,1.09763,1.09713,1.09741,3015
2025-03-24 11:00:00,1.09739,1.09799,1.09716,1.09797,3990
2025-03-24 12:00:00,1.09797,1.098,1.0967,1.09674,2975
2025-03-24 13:00:00,1.09674,1.09733,1.09657,1.09724,2652
2025-03-24 14:00:00,1.09724,1.09762,1.0972,1.09753,2423
2025-03-24 15:00:00,1.09753,1.0979,1.09738,1.09767,2951
2025-03-24 16:00:00,1.09767,1.09814,1.09721,1.09812,4281
2025-03-24 17:00:00,1.0981,1.09842,1.09787,1.09835,4960
2025-03-24 18:00:00,1.09835,1.09889,1.0979,1.09792,4069
2025-03-24 19:00:00,1.09792,1.09831,1.09745,1.09771,4564
2025-03-24 20:00:00,1.09773,1.09813,1.09674,1.09792,3060
2025-03-24 21:00:00,1.09792,1.09806,1.09759,1.09773,4028
2025-03-24 22:00:00,1.09775,1.09787,1.09732,1.0974,2471
2025-03-24 23:00:00,1.0974,1.09761,1.09717,1.0973,1617
2025-03-25 00:00:00,1.09706,1.0974,1.09432,1.0967,605
2025-03-25 01:00:00,1.0967,1.09777,1.09657,1.09757,1595
2025-03-25 02:00:00,1.09757,1.09785,1.09745,1.09776,1405
2025-03-25 03:00:00,1.09776,1.09841,1.09773,1.09836,2791
2025-03-25 04:00:00,1.09836,1.09894,1.09825,1.09856,3617
2025-03-25 05:00:00,1.09856,1.09873,1.09803,1.09867,3172
2025-03-25 06:00:00,1.09867,1.09905,1.09854,1.09894,2494
2025-03-25 07:00:00,1.09895,1.09906,1.09849,1.09859,2197
2025-03-25 08:00:00,1.09859,1.09882,1.09802,1.09876,2137
2025-03-25 09:00:00,1.09876,1.09876,1.09822,1.09859,2004
2025-03-25 10:00:00,1.09861,1.09917,1.09838,1.0988,2869
2025-03-25 11:00:00,1.0988,1.09963,1.0988,1.09954,3914
2025-03-25 12:00:00,1.09952,1.10029,1.09944,1.10016,3424
2025-03-25 13:00:00,1.10016,1.10025,1.09953,1.09983,3430
2025-03-25 14:00:00,1.09983,1.09987,1.09947,1.09987,3186
2025-03-25 15:00:00,1.09985,1.0999,1.09924,1.09972,3416
2025-03-25 16:00:00,1.09972,1.10034,1.0997,1.1001,4323
2025-03-25 17:00:00,1.09982,1.10019,1.09956,1.10006,5239
2025-03-25 18:00:00,1.10006,1.10014,1.09934,1.09963,4022
2025-03-25 19:00:00,1.09963,1.09963,1.09872,1.09888,3626
2025-03-25 20:00:00,1.09888,1.09904,1.0987,1.09902,2666
2025-03-25 21:00:00,1.09902,1.09922,1.09872,1.09891,2338
2025-03-25 22:00:00,1.09891,1.09934,1.09886,1.09896,2813
2025-03-25 23:00:00,1.09898,1.09949,1.09894,1.09928,1474
2025-03-26 00:00:00,1.09931,1.09931,1.0964,1.09895,825
2025-03-26 01:00:00,1.09895,1.0997,1.0987,1.09965,1553
2025-03-26 02:00:00,1.09965,1.10015,1.09956,1.10008,1373
2025-03-26 03:00:00,1.10008,1.10035,1.09901,1.09914,3571
2025-03-26 04:00:00,1.09914,1.09956,1.09844,1.09869,5180
2025-03-26 05:00:00,1.09869,1.09881,1.09774,1.09776,3101
2025-03-26 06:00:00,1.09776,1.09811,1.0974,1.0979,3009
2025-03-26 07:00:00,1.0979,1.09821,1.0975,1.09812,2339
2025-03-26 08:00:00,1.09812,1.0983,1.09769,1.09792,3040
2025-03-26 09:00:00,1.09792,1.09844,1.09767,1.09838,2660
2025-03-26 10:00:00,1.09838,1.09897,1.09803,1.0982,3904
2025-03-26 11:00:00,1.0982,1.09861,1.09784,1.09857,3999
2025-03-26 12:00:00,1.09857,1.09864,1.09819,1.09841,3361
2025-03-26 13:00:00,1.09841,1.09865,1.09821,1.0985,2638
2025-03-26 14:00:00,1.0985,1.09861,1.09827,1.09852,2735
2025-03-26 15:00:00,1.09852,1.09884,1.09797,1.0982,3425
2025-03-26 16:00:00,1.0982,1.09866,1.09777,1.09821,3746
2025-03-26 17:00:00,1.09822,1.0985,1.0979,1.0982,3790
2025-03-26 18:00:00,1.0982,1.09849,1.098,1.09817,3085
2025-03-26 19:00:00,1.09817,1.09827,1.09798,1.09815,2409
2025-03-26 20:00:00,1.09815,1.09855,1.09809,1.09823,3080
2025-03-26 21:00:00,1.09823,1.09845,1.0981,1.0983,2522
2025-03-26 22:00:00,1.0983,1.09877,1.09825,1.09866,2243
2025-03-26 23:00:00,1.09865,1.09948,1.09859,1.09935,2402
2025-03-27 00:00:00,1.0993,1.0993,1.095,1.09885,953
2025-03-27 01:00:00,1.09893,1.09961,1.09859,1.09933,2555
2025-03-27 02:00:00,1.09933,1.09957,1.09908,1.09942,1914
2025-03-27 03:00:00,1.09942,1.09946,1.09876,1.09886,1775
2025-03-27 04:00:00,1.09886,1.09889,1.09815,1.09857,2758
2025-03-27 05:00:00,1.09856,1.09927,1.09828,1.09867,3138
2025-03-27 06:00:00,1.09867,1.10001,1.09856,1.09992,1998
2025-03-27 07:00:00,1.09992,1.09993,1.09934,1.09942,1382
2025-03-27 08:00:00,1.09942,1.09944,1.0983,1.09866,2054
2025-03-27 09:00:00,1.09867,1.09928,1.09823,1.09892,2607
2025-03-27 10:00:00,1.09893,1.09915,1.09872,1.0989,2258
2025-03-27 11:00:00,1.0989,1.09909,1.09829,1.09847,2686
2025-03-27 12:00:00,1.09847,1.09878,1.09835,1.09867,2067
2025-03-27 13:00:00,1.09867,1.09879,1.09833,1.09835,1981
2025-03-27 14:00:00,1.09835,1.09888,1.09829,1.09872,2219
2025-03-27 15:00:00,1.09872,1.09887,1.09774,1.09822,2271
2025-03-27 16:00:00,1.09822,1.09836,1.09748,1.09833,2988
2025-03-27 17:00:00,1.09833,1.09842,1.09757,1.0977,3262
2025-03-27 18:00:00,1.0977,1.09778,1.09706,1.09749,3760
2025-03-27 19:00:00,1.09749,1.09799,1.09735,1.09784,2243
2025-03-27 20:00:00,1.09782,1.09784,1.09749,1.09777,1591
2025-03-27 21:00:00,1.09773,1.09827,1.0977,1.09826,1872
2025-03-27 22:00:00,1.09825,1.09853,1.09811,1.09835,1587
2025-03-27 23:00:00,1.09835,1.09881,1.09833,1.09837,1361
2025-03-28 00:00:00,1.09796,1.09838,1.09608,1.09779,449
2025-03-28 01:00:00,1.09779,1.09846,1.09779,1.09828,2097
2025-03-28 02:00:00,1.09828,1.09868,1.09798,1.09862,1260
2025-03-28 03:00:00,1.09862,1.09907,1.09812,1.09897,1856
2025-03-28 04:00:00,1.09897,1.09989,1.09894,1.09968,1972
2025-03-28 05:00:00,1.09968,1.09998,1.09956,1.09973,2485
2025-03-28 06:00:00,1.09973,1.09986,1.09936,1.09939,1510
2025-03-28 07:00:00,1.09938,1.09983,1.09927,1.09956,1219
2025-03-28 08:00:00,1.09956,1.09981,1.09951,1.09981,1270
2025-03-28 09:00:00,1.09981,1.10046,1.09979,1.1002,1285
2025-03-28 10:00:00,1.1002,1.1005,1.09992,1.10014,1805
2025-03-28 11:00:00,1.10014,1.10111,1.1001,1.1011,2537
2025-03-28 12:00:00,1.1011,1.10122,1.10073,1.10084,2126
2025-03-28 13:00:00,1.10084,1.10121,1.10078,1.101,1511
2025-03-28 14:00:00,1.101,1.10115,1.1007,1.10095,1572
2025-03-28 15:00:00,1.10094,1.10119,1.1006,1.10076,3498
2025-03-28 16:00:00,1.10076,1.1009,1.10023,1.10044,4099
2025-03-28 17:00:00,1.10035,1.10053,1.09927,1.09959,4375
2025-03-28 18:00:00,1.09958,1.10015,1.09936,1.0995,4257
2025-03-28 19:00:00,1.0995,1.09979,1.0994,1.09945,2326
2025-03-28 20:00:00,1.09945,1.09976,1.09926,1.09973,1589
2025-03-28 21:00:00,1.09973,1.10025,1.09957,1.10021,1746
2025-03-28 22:00:00,1.10021,1.10044,1.10004,1.10028,2145
2025-03-28 23:00:00,1.10028,1.10081,1.09981,1.10003,2540
2025-03-31 00:00:00,1.09761,1.10094,1.09712,1.10051,663
2025-03-31 01:00:00,1.10051,1.10131,1.09992,1.10056,3037
2025-03-31 02:00:00,1.10056,1.10138,1.10034,1.10091,3076
2025-03-31 03:00:00,1.10092,1.10243,1.10063,1.10192,3787
2025-03-31 04:00:00,1.10192,1.10228,1.10127,1.10153,4499
2025-03-31 05:00:00,1.10151,1.10206,1.10072,1.1009,2524
2025-03-31 06:00:00,1.1009,1.10095,1.09998,1.10032,2235
2025-03-31 07:00:00,1.10032,1.10042,1.0997,1.1003,1705
2025-03-31 08:00:00,1.1003,1.10042,1.09987,1.10017,2039
2025-03-31 09:00:00,1.10017,1.10041,1.09928,1.09929,3519
2025-03-31 10:00:00,1.09929,1.10005,1.099,1.09998,3430
2025-03-31 11:00:00,1.09998,1.10031,1.09955,1.09997,3358
2025-03-31 12:00:00,1.09997,1.10028,1.0994,1.09947,2815
2025-03-31 13:00:00,1.09947,1.09949,1.09891,1.09912,2385
2025-03-31 14:00:00,1.09912,1.0992,1.0988,1.09906,2362
2025-03-31 15:00:00,1.09906,1.09983,1.09903,1.09981,2846
2025-03-31 16:00:00,1.09981,1.09998,1.09924,1.09956,3182
2025-03-31 17:00:00,1.09957,1.10119,1.09957,1.10007,4735
2025-03-31 18:00:00,1.10006,1.10085,1.09972,1.10072,4546
2025-03-31 19:00:00,1.10072,1.10108,1.1005,1.1007,2928
2025-03-31 20:00:00,1.1007,1.10095,1.10059,1.1008,2307
2025-03-31 21:00:00,1.1008,1.10133,1.10072,1.10094,1927
2025-03-31 22:00:00,1.10095,1.10122,1.10063,1.10069,1332
2025-03-31 23:00:00,1.10069,1.10071,1.10007,1.10009,883
2025-04-01 00:00:00,1.10012,1.10012,1.09856,1.09975,512
2025-04-01 01:00:00,1.0997,1.10066,1.09966,1.10035,843
2025-04-01 02:00:00,1.10035,1.10074,1.10004,1.10069,1255
2025-04-01 03:00:00,1.10069,1.10101,1.10036,1.1005,2178
2025-04-01 04:00:00,1.1005,1.10097,1.10034,1.10072,2969
2025-04-01 05:00:00,1.10072,1.10162,1.10063,1.10157,2476
2025-04-01 06:00:00,1.10157,1.1025,1.10132,1.10136,2671
2025-04-01 07:00:00,1.10136,1.10212,1.10116,1.1021,2112
2025-04-01 08:00:00,1.10208,1.10265,1.10197,1.10239,2326
2025-04-01 09:00:00,1.10239,1.10314,1.10217,1.10261,3244
2025-04-01 10:00:00,1.10261,1.10287,1.10126,1.10127,3480
2025-04-01 11:00:00,1.10127,1.1021,1.1012,1.10172,2205
2025-04-01 12:00:00,1.10172,1.10185,1.10126,1.10157,2802
2025-04-01 13:00:00,1.10157,1.10168,1.10102,1.10127,3843
2025-04-01 14:00:00,1.10127,1.10151,1.10069,1.10126,2832
2025-04-01 15:00:00,1.10126,1.1014,1.10085,1.10126,2456
2025-04-01 16:00:00,1.10126,1.10166,1.10086,1.10087,3868
2025-04-01 17:00:00,1.10069,1.10128,1.09976,1.10055,5192
2025-04-01 18:00:00,1.10055,1.10179,1.10048,1.10099,3858
2025-04-01 19:00:00,1.10098,1.10118,1.10072,1.10087,2623
2025-04-01 20:00:00,1.10087,1.10108,1.10066,1.10087,1540
2025-04-01 21:00:00,1.10078,1.10112,1.10074,1.10102,2231
2025-04-01 22:00:00,1.10102,1.10155,1.10096,1.10149,1892
2025-04-01 23:00:00,1.10149,1.1016,1.10109,1.10122,2011
2025-04-02 00:00:00,1.10126,1.1013,1.09873,1.10082,1512
2025-04-02 01:00:00,1.10089,1.10138,1.10052,1.10114,1933
2025-04-02 02:00:00,1.10115,1.1013,1.10074,1.10086,1212
2025-04-02 03:00:00,1.10086,1.10101,1.09987,1.10011,1825
2025-04-02 04:00:00,1.10011,1.10045,1.09983,1.10043,2631
2025-04-02 05:00:00,1.10044,1.10103,1.10037,1.10082,2433
2025-04-02 06:00:00,1.10082,1.1011,1.10062,1.101,1492
2025-04-02 07:00:00,1.101,1.10116,1.10054,1.10087,1075
2025-04-02 08:00:00,1.10087,1.1011,1.09993,1.09999,1272
2025-04-02 09:00:00,1.10002,1.10054,1.09929,1.09929,2179
2025-04-02 10:00:00,1.09929,1.09958,1.09859,1.09878,2490
2025-04-02 11:00:00,1.09878,1.09905,1.09864,1.09874,1910
2025-04-02 12:00:00,1.09874,1.09897,1.0982,1.0986,1726
2025-04-02 13:00:00,1.09861,1.09869,1.09793,1.09807,2555
2025-04-02 14:00:00,1.09807,1.09821,1.09752,1.0976,1650
2025-04-02 15:00:00,1.0976,1.09795,1.09718,1.0975,2513
2025-04-02 16:00:00,1.0975,1.09775,1.09698,1.09733,3362
2025-04-02 17:00:00,1.09733,1.0979,1.09708,1.09779,4358
2025-04-02 18:00:00,1.09779,1.09809,1.09748,1.09765,3439
2025-04-02 19:00:00,1.09765,1.09814,1.09757,1.098,2808
2025-04-02 20:00:00,1.098,1.09812,1.09752,1.09777,1858
2025-04-02 21:00:00,1.09776,1.09782,1.09724,1.09728,2155
2025-04-02 22:00:00,1.09728,1.0975,1.09704,1.09728,1782
2025-04-02 23:00:00,1.09727,1.09909,1.09455,1.09554,12182
2025-04-03 00:00:00,1.09436,1.09722,1.09066,1.09487,1391
2025-04-03 01:00:00,1.09487,1.09659,1.09319,1.09624,6220
2025-04-03 02:00:00,1.09624,1.09628,1.09363,1.09376,6147
2025-04-03 03:00:00,1.09376,1.09415,1.09292,1.09321,6077
2025-04-03 04:00:00,1.09321,1.09527,1.09286,1.09474,6073
2025-04-03 05:00:00,1.09474,1.09499,1.09322,1.09381,3388
2025-04-03 06:00:00,1.09381,1.09385,1.09281,1.0935,2603
2025-04-03 07:00:00,1.0935,1.09423,1.09307,1.09313,2642
2025-04-03 08:00:00,1.09313,1.09338,1.09219,1.09224,4133
2025-04-03 09:00:00,1.09224,1.09302,1.09183,1.09212,5194
2025-04-03 10:00:00,1.09212,1.09326,1.09187,1.09317,5092
2025-04-03 11:00:00,1.09317,1.09366,1.09294,1.09308,3741
2025-04-03 12:00:00,1.09308,1.09322,1.0921,1.09262,4008
2025-04-03 13:00:00,1.09262,1.09272,1.09106,1.09158,5414
2025-04-03 14:00:00,1.09158,1.09195,1.09102,1.09174,3040
2025-04-03 15:00:00,1.09174,1.09181,1.09082,1.09113,5370
2025-04-03 16:00:00,1.09111,1.09194,1.09061,1.09129,6574
2025-04-03 17:00:00,1.09032,1.09249,1.08947,1.09095,6602
2025-04-03 18:00:00,1.09097,1.09278,1.09068,1.09234,6435
2025-04-03 19:00:00,1.09232,1.09307,1.09229,1.09274,4863
2025-04-03 20:00:00,1.09274,1.09334,1.09257,1.09292,2729
2025-04-03 21:00:00,1.09285,1.09332,1.09245,1.0925,3014
2025-04-03 22:00:00,1.0925,1.09307,1.09213,1.09219,3290
2025-04-03 23:00:00,1.09218,1.09256,1.0919,1.09214,2956
2025-04-04 00:00:00,1.09219,1.09274,1.08904,1.09237,735
2025-04-04 01:00:00,1.09239,1.09301,1.09169,1.09181,2136
2025-04-04 02:00:00,1.09181,1.09298,1.09158,1.09296,3242
2025-04-04 03:00:00,1.09296,1.09345,1.09211,1.09213,3225
2025-04-04 04:00:00,1.09213,1.09263,1.09189,1.09234,2412
2025-04-04 05:00:00,1.09234,1.09313,1.0918,1.09216,3841
2025-04-04 06:00:00,1.09216,1.09266,1.09076,1.09076,3920
2025-04-04 07:00:00,1.09076,1.09157,1.09013,1.09041,3657
2025-04-04 08:00:00,1.09041,1.09119,1.08986,1.09103,3230
2025-04-04 09:00:00,1.09104,1.09158,1.0906,1.091,4239
2025-04-04 10:00:00,1.091,1.09264,1.09068,1.09189,6229
2025-04-04 11:00:00,1.09189,1.09193,1.09059,1.09062,6027
2025-04-04 12:00:00,1.09069,1.09109,1.08954,1.0897,4960
2025-04-04 13:00:00,1.08972,1.08996,1.08328,1.08432,9341
2025-04-04 14:00:00,1.08433,1.08517,1.07744,1.08337,12801
2025-04-04 15:00:00,1.08337,1.08466,1.07572,1.08388,13535
2025-04-04 16:00:00,1.08388,1.08508,1.08101,1.08113,10849
2025-04-04 17:00:00,1.08114,1.08155,1.07756,1.07925,10213
2025-04-04 18:00:00,1.07924,1.08213,1.07873,1.08036,14532
2025-04-04 19:00:00,1.08036,1.0812,1.0787,1.07875,10241
2025-04-04 20:00:00,1.07876,1.08057,1.07822,1.08025,9269
2025-04-04 21:00:00,1.08025,1.08075,1.07874,1.07934,7390
2025-04-04 22:00:00,1.07934,1.08174,1.07905,1.08052,7760
2025-04-04 23:00:00,1.08048,1.08078,1.07846,1.07846,3836
2025-04-07 00:00:00,1.07425,1.0763,1.07396,1.07582,1072
2025-04-07 01:00:00,1.07583,1.07923,1.07022,1.07857,15498
2025-04-07 02:00:00,1.07858,1.08058,1.07641,1.08048,9586
2025-04-07 03:00:00,1.08044,1.08165,1.07855,1.08039,10195
2025-04-07 04:00:00,1.08037,1.08045,1.07579,1.07852,10147
2025-04-07 05:00:00,1.07852,1.08179,1.07829,1.0804,6772
2025-04-07 06:00:00,1.0804,1.08161,1.07837,1.07916,6639
2025-04-07 07:00:00,1.07916,1.08063,1.07916,1.07989,4785
2025-04-07 08:00:00,1.07989,1.08222,1.0798,1.08133,6464
2025-04-07 09:00:00,1.08133,1.08171,1.07906,1.07963,8086
2025-04-07 10:00:00,1.07962,1.08078,1.07597,1.07638,9251
2025-04-07 11:00:00,1.07638,1.07883,1.07628,1.07862,8354
2025-04-07 12:00:00,1.07863,1.07923,1.07803,1.07861,7215
2025-04-07 13:00:00,1.07861,1.08265,1.07857,1.08139,8500
2025-04-07 14:00:00,1.08139,1.08279,1.08103,1.08168,8332
2025-04-07 15:00:00,1.08169,1.08398,1.08044,1.0837,10713
2025-04-07 16:00:00,1.0837,1.0837,1.0817,1.08305,10013
2025-04-07 17:00:00,1.08306,1.08686,1.08093,1.08299,16603
2025-04-07 18:00:00,1.083,1.08437,1.07774,1.08031,14529
2025-04-07 19:00:00,1.08031,1.08061,1.07894,1.07977,10430
2025-04-07 20:00:00,1.07979,1.08192,1.0797,1.08123,10908
2025-04-07 21:00:00,1.08127,1.08165,1.07974,1.0803,7818
2025-04-07 22:00:00,1.08029,1.08105,1.07951,1.08051,6230
2025-04-07 23:00:00,1.08053,1.08188,1.07914,1.07968,4035
2025-04-08 00:00:00,1.07941,1.08017,1.07589,1.0796,888
2025-04-08 01:00:00,1.0796,1.08229,1.0796,1.08226,3386
2025-04-08 02:00:00,1.08222,1.08419,1.08207,1.0832,2879
2025-04-08 03:00:00,1.0832,1.0832,1.08113,1.08129,6782
2025-04-08 04:00:00,1.08133,1.08164,1.0798,1.07997,7466
2025-04-08 05:00:00,1.07997,1.08093,1.07974,1.08002,5836
2025-04-08 06:00:00,1.08002,1.0822,1.07994,1.08218,3938
2025-04-08 07:00:00,1.08218,1.08293,1.08001,1.08074,4350
2025-04-08 08:00:00,1.08074,1.08215,1.08058,1.08206,4054
2025-04-08 09:00:00,1.08206,1.08206,1.07922,1.08024,6798
2025-04-08 10:00:00,1.08024,1.08149,1.07937,1.08119,8269
2025-04-08 11:00:00,1.08116,1.08297,1.08056,1.08249,6012
2025-04-08 12:00:00,1.08249,1.0826,1.08065,1.08085,7600
2025-04-08 13:00:00,1.08085,1.08138,1.08014,1.08018,4575
2025-04-08 14:00:00,1.08018,1.08172,1.07979,1.08109,5607
2025-04-08 15:00:00,1.08109,1.08135,1.07936,1.07951,6530
2025-04-08 16:00:00,1.07951,1.08215,1.07896,1.08117,9069
2025-04-08 17:00:00,1.08114,1.08215,1.07911,1.07933,9120
2025-04-08 18:00:00,1.07934,1.08006,1.07831,1.07882,7783
2025-04-08 19:00:00,1.07882,1.07896,1.07628,1.07653,9484
2025-04-08 20:00:00,1.07652,1.07717,1.07592,1.07653,10634
2025-04-08 21:00:00,1.07655,1.07659,1.07511,1.0752,9163
2025-04-08 22:00:00,1.0752,1.07682,1.07417,1.07625,7507
2025-04-08 23:00:00,1.07625,1.07739,1.07588,1.07612,5147
2025-04-09 00:00:00,1.07457,1.07606,1.07307,1.07568,1156
2025-04-09 01:00:00,1.07568,1.07882,1.07558,1.07786,6415
2025-04-09 02:00:00,1.07784,1.07958,1.07734,1.0795,5170
2025-04-09 03:00:00,1.0795,1.08006,1.07737,1.07863,9091
2025-04-09 04:00:00,1.07863,1.08273,1.07784,1.08122,8738
2025-04-09 05:00:00,1.08127,1.08246,1.07894,1.08129,7721
2025-04-09 06:00:00,1.08129,1.08252,1.07852,1.07874,4858
2025-04-09 07:00:00,1.07874,1.08055,1.07716,1.0776,6318
2025-04-09 08:00:00,1.0776,1.07861,1.07645,1.07853,8282
2025-04-09 09:00:00,1.07853,1.08024,1.07842,1.0794,8347
2025-04-09 10:00:00,1.07939,1.08338,1.07937,1.08331,9664
2025-04-09 11:00:00,1.0833,1.08358,1.08048,1.08055,7158
2025-04-09 12:00:00,1.08055,1.0834,1.08042,1.08302,6087
2025-04-09 13:00:00,1.08302,1.08415,1.0827,1.08351,5303
2025-04-09 14:00:00,1.08353,1.08356,1.07953,1.08072,10670
2025-04-09 15:00:00,1.08074,1.08096,1.07959,1.07996,8125
2025-04-09 16:00:00,1.07996,1.08294,1.07928,1.08276,9745
2025-04-09 17:00:00,1.08276,1.08331,1.08036,1.0804,8555
2025-04-09 18:00:00,1.08042,1.08131,1.07974,1.07976,7098
2025-04-09 19:00:00,1.07976,1.0815,1.07937,1.0814,4838
2025-04-09 20:00:00,1.0814,1.08886,1.08109,1.08698,14634
2025-04-09 21:00:00,1.08709,1.08966,1.08692,1.08758,13665
2025-04-09 22:00:00,1.08757,1.09063,1.08725,1.08957,9708
2025-04-09 23:00:00,1.08959,1.09073,1.0883,1.09015,7606
2025-04-10 00:00:00,1.08878,1.09046,1.0879,1.089,1708
2025-04-10 01:00:00,1.089,1.0899,1.08803,1.08889,11101
2025-04-10 02:00:00,1.08889,1.08907,1.08789,1.08813,6340
2025-04-10 03:00:00,1.0881,1.08881,1.08529,1.08553,8166
2025-04-10 04:00:00,1.08552,1.08806,1.08546,1.08798,8280
2025-04-10 05:00:00,1.08798,1.08856,1.0866,1.08713,5281
2025-04-10 06:00:00,1.08714,1.08753,1.08535,1.08598,5294
2025-04-10 07:00:00,1.08598,1.08691,1.08524,1.086,4712
2025-04-10 08:00:00,1.086,1.08799,1.08594,1.08762,5206
2025-04-10 09:00:00,1.08762,1.08768,1.0863,1.08722,6741
2025-04-10 10:00:00,1.08721,1.08783,1.08426,1.08481,9400
2025-04-10 11:00:00,1.08481,1.08495,1.08323,1.08459,6632
2025-04-10 12:00:00,1.08459,1.08494,1.0837,1.08416,4903
2025-04-10 13:00:00,1.08416,1.08697,1.08404,1.08611,6244
2025-04-10 14:00:00,1.08611,1.08615,1.08425,1.08431,4697
2025-04-10 15:00:00,1.08431,1.08561,1.08186,1.08369,8220
2025-04-10 16:00:00,1.08369,1.0847,1.08276,1.08414,8396
2025-04-10 17:00:00,1.08414,1.08799,1.08369,1.08796,9361
2025-04-10 18:00:00,1.08793,1.08797,1.08205,1.08229,10028
2025-04-10 19:00:00,1.08225,1.08323,1.08126,1.08251,10361
2025-04-10 20:00:00,1.08251,1.08339,1.08165,1.08255,10483
2025-04-10 21:00:00,1.08256,1.08404,1.08237,1.08343,8428
2025-04-10 22:00:00,1.08343,1.08417,1.08198,1.08353,10736
2025-04-10 23:00:00,1.08354,1.08459,1.08301,1.08438,6319
2025-04-11 00:00:00,1.08439,1.08479,1.0825,1.08423,216
2025-04-11 01:00:00,1.08456,1.08478,1.08252,1.08282,6390
2025-04-11 02:00:00,1.08282,1.08317,1.08215,1.08279,7409
2025-04-11 03:00:00,1.08279,1.0831,1.07907,1.07973,8770
2025-04-11 04:00:00,1.07973,1.0803,1.07836,1.07965,7960
2025-04-11 05:00:00,1.07965,1.08027,1.07926,1.07937,6294
2025-04-11 06:00:00,1.07937,1.07945,1.07704,1.07719,5785
2025-04-11 07:00:00,1.0772,1.07746,1.07418,1.07428,6263
2025-04-11 08:00:00,1.07428,1.07555,1.07291,1.07355,7652
2025-04-11 09:00:00,1.07352,1.07651,1.07332,1.07598,7764
2025-04-11 10:00:00,1.07604,1.07609,1.07339,1.07392,6706
2025-04-11 11:00:00,1.07392,1.07392,1.07003,1.07015,7449
2025-04-11 12:00:00,1.07016,1.07173,1.06944,1.07166,7868
2025-04-11 13:00:00,1.07166,1.07553,1.07161,1.07442,6041
2025-04-11 14:00:00,1.07442,1.07575,1.07324,1.07571,5289
2025-04-11 15:00:00,1.07572,1.07624,1.07358,1.07549,7695
2025-04-11 16:00:00,1.07549,1.07678,1.07331,1.07406,9823
2025-04-11 17:00:00,1.07406,1.07741,1.07384,1.07635,10551
2025-04-11 18:00:00,1.07635,1.07753,1.07596,1.07746,10030
2025-04-11 19:00:00,1.07747,1.07846,1.07718,1.07825,7887
2025-04-11 20:00:00,1.07823,1.07985,1.07808,1.07972,7775
2025-04-11 21:00:00,1.0797,1.08018,1.07942,1.07955,5661
2025-04-11 22:00:00,1.07955,1.0803,1.07913,1.07934,4853
2025-04-11 23:00:00,1.07933,1.07984,1.07817,1.07817,2319
2025-04-14 00:00:00,1.08183,1.08218,1.07929,1.07938,756
2025-04-14 01:00:00,1.07938,1.08054,1.07719,1.07732,9185
2025-04-14 02:00:00,1.07732,1.08014,1.07673,1.07975,6165
2025-04-14 03:00:00,1.07974,1.07983,1.07657,1.07664,6019
2025-04-14 04:00:00,1.07664,1.07776,1.07533,1.07772,8227
2025-04-14 05:00:00,1.07772,1.07918,1.07702,1.0777,6061
2025-04-14 06:00:00,1.07771,1.07851,1.07625,1.0763,4819
2025-04-14 07:00:00,1.0763,1.07642,1.07535,1.07553,3351
2025-04-14 08:00:00,1.07553,1.07656,1.07515,1.07637,3465
2025-04-14 09:00:00,1.07637,1.07706,1.07506,1.0755,5252
2025-04-14 10:00:00,1.0755,1.07685,1.07474,1.07664,5098
2025-04-14 11:00:00,1.07664,1.07736,1.07601,1.0769,3140
2025-04-14 12:00:00,1.0769,1.07781,1.07674,1.07686,2976
2025-04-14 13:00:00,1.07686,1.07733,1.07573,1.07595,3091
2025-04-14 14:00:00,1.07595,1.07662,1.07571,1.0765,3129
2025-04-14 15:00:00,1.07651,1.07742,1.07623,1.07701,5389
2025-04-14 16:00:00,1.07701,1.07727,1.07421,1.07432,4948
2025-04-14 17:00:00,1.07432,1.07645,1.07415,1.07559,5100
2025-04-14 18:00:00,1.07559,1.07587,1.07464,1.07579,7039
2025-04-14 19:00:00,1.07579,1.07669,1.07568,1.07574,6889
2025-04-14 20:00:00,1.07573,1.07636,1.07538,1.07585,5640
2025-04-14 21:00:00,1.07585,1.07694,1.07567,1.07671,3760
2025-04-14 22:00:00,1.07671,1.07695,1.07618,1.0764,3651
2025-04-14 23:00:00,1.07641,1.07647,1.07572,1.07636,2082
2025-04-15 00:00:00,1.07412,1.07682,1.07412,1.07678,508
2025-04-15 01:00:00,1.0768,1.07687,1.07565,1.07618,4214
2025-04-15 02:00:00,1.07617,1.07778,1.07569,1.07736,2507
2025-04-15 03:00:00,1.07736,1.07761,1.07526,1.07529,3014
2025-04-15 04:00:00,1.07531,1.07591,1.07438,1.07496,4061
2025-04-15 05:00:00,1.07496,1.0754,1.07366,1.07372,3243
2025-04-15 06:00:00,1.07374,1.07515,1.07337,1.07484,3483
2025-04-15 07:00:00,1.07485,1.07593,1.07404,1.07537,3650
2025-04-15 08:00:00,1.07537,1.07568,1.07501,1.07531,3913
2025-04-15 09:00:00,1.0753,1.07656,1.07495,1.07595,5088
2025-04-15 10:00:00,1.07595,1.07711,1.07538,1.076,4008
2025-04-15 11:00:00,1.07603,1.07682,1.07506,1.07513,4605
2025-04-15 12:00:00,1.07513,1.07525,1.07366,1.07383,3970
2025-04-15 13:00:00,1.07383,1.07428,1.07332,1.07362,3090
2025-04-15 14:00:00,1.07362,1.07495,1.07357,1.07368,3827
2025-04-15 15:00:00,1.07368,1.07396,1.07264,1.07385,5288
2025-04-15 16:00:00,1.07385,1.0745,1.07357,1.07419,5842
2025-04-15 17:00:00,1.07419,1.07555,1.07357,1.07457,8322
2025-04-15 18:00:00,1.07457,1.07489,1.07392,1.07459,5546
2025-04-15 19:00:00,1.07459,1.07567,1.07456,1.07546,4062
2025-04-15 20:00:00,1.07546,1.07617,1.07496,1.0759,3410
2025-04-15 21:00:00,1.07591,1.07635,1.07552,1.07613,2281
2025-04-15 22:00:00,1.07613,1.07613,1.07552,1.07562,1641
2025-04-15 23:00:00,1.07562,1.07612,1.0753,1.07544,1475
2025-04-16 00:00:00,1.07548,1.07548,1.07209,1.07504,1044
2025-04-16 01:00:00,1.07505,1.07552,1.0744,1.07446,3310
2025-04-16 02:00:00,1.07446,1.0754,1.07376,1.07517,2885
2025-04-16 03:00:00,1.07517,1.07534,1.0738,1.07445,4403
2025-04-16 04:00:00,1.07445,1.07564,1.07388,1.07554,3988
2025-04-16 05:00:00,1.07554,1.0766,1.07383,1.07417,4436
2025-04-16 06:00:00,1.07417,1.07454,1.07334,1.07346,3129
2025-04-16 07:00:00,1.07346,1.07369,1.07276,1.07293,3140
2025-04-16 08:00:00,1.07293,1.07327,1.07218,1.07228,4220
2025-04-16 09:00:00,1.07228,1.07349,1.07207,1.07303,4485
2025-04-16 10:00:00,1.07303,1.07321,1.07219,1.07292,4041
2025-04-16 11:00:00,1.07292,1.07659,1.07279,1.07539,6247
2025-04-16 12:00:00,1.07539,1.07756,1.07497,1.07736,4836
2025-04-16 13:00:00,1.07736,1.07803,1.0772,1.07745,2972
2025-04-16 14:00:00,1.07744,1.07807,1.07724,1.07762,2755
2025-04-16 15:00:00,1.07762,1.07812,1.07684,1.0775,4054
2025-04-16 16:00:00,1.0775,1.0785,1.07739,1.07834,5493
2025-04-16 17:00:00,1.07834,1.07916,1.07786,1.07827,6634
2025-04-16 18:00:00,1.07827,1.07834,1.07718,1.07747,3137
2025-04-16 19:00:00,1.07751,1.07761,1.07692,1.07711,2584
2025-04-16 20:00:00,1.07711,1.07733,1.07562,1.07563,4505
2025-04-16 21:00:00,1.07564,1.07597,1.07441,1.07462,3730
2025-04-16 22:00:00,1.07462,1.07465,1.07346,1.07393,3990
2025-04-16 23:00:00,1.07397,1.07426,1.07324,1.07347,2076
2025-04-17 00:00:00,1.07338,1.0738,1.07218,1.07358,982
2025-04-17 01:00:00,1.07358,1.07408,1.07147,1.07338,2606
2025-04-17 02:00:00,1.07339,1.07361,1.07268,1.07296,2767
2025-04-17 03:00:00,1.07296,1.07506,1.07276,1.07425,5463
2025-04-17 04:00:00,1.07425,1.07602,1.0738,1.07531,3848
2025-04-17 05:00:00,1.07531,1.07534,1.07361,1.07461,3869
2025-04-17 06:00:00,1.07461,1.0748,1.07374,1.07413,3352
2025-04-17 07:00:00,1.07413,1.07457,1.07251,1.07257,2961
2025-04-17 08:00:00,1.07257,1.07379,1.07223,1.07318,2910
2025-04-17 09:00:00,1.07318,1.07452,1.07309,1.07392,3844
2025-04-17 10:00:00,1.07392,1.07427,1.07301,1.07316,3678
2025-04-17 11:00:00,1.07316,1.07389,1.07228,1.07236,2694
2025-04-17 12:00:00,1.07236,1.07254,1.07177,1.07193,2335
2025-04-17 13:00:00,1.07193,1.07202,1.07078,1.071,2882
2025-04-17 14:00:00,1.071,1.07135,1.07073,1.07103,1999
2025-04-17 15:00:00,1.07103,1.07165,1.07027,1.07059,5206
2025-04-17 16:00:00,1.07059,1.07149,1.06992,1.07016,4471
2025-04-17 17:00:00,1.07021,1.07109,1.06838,1.0686,5517
2025-04-17 18:00:00,1.0686,1.06931,1.06853,1.06918,3834
2025-04-17 19:00:00,1.06918,1.06956,1.06881,1.0694,4240
2025-04-17 20:00:00,1.06941,1.06973,1.06921,1.06938,2324
2025-04-17 21:00:00,1.06939,1.06982,1.06926,1.06952,1906
2025-04-17 22:00:00,1.06953,1.06999,1.06933,1.0699,1790
2025-04-17 23:00:00,1.0699,1.07047,1.06989,1.07009,1593
2025-04-18 00:00:00,1.06819,1.07023,1.06757,1.07017,408
2025-04-18 01:00:00,1.07069,1.07069,1.06913,1.06993,2198
2025-04-18 02:00:00,1.07018,1.07018,1.06924,1.07011,1801
2025-04-18 03:00:00,1.07011,1.07078,1.06888,1.0696,8328
2025-04-18 04:00:00,1.06958,1.0701,1.06944,1.06968,12653
2025-04-18 05:00:00,1.06968,1.07332,1.06948,1.073,15217
2025-04-18 06:00:00,1.07303,1.07467,1.07267,1.07429,18827
2025-04-18 07:00:00,1.0743,1.0752,1.07407,1.07487,16391
2025-04-18 08:00:00,1.0749,1.07576,1.07432,1.07479,15163
2025-04-18 09:00:00,1.07481,1.07596,1.07432,1.07443,16001
2025-04-18 10:00:00,1.0744,1.07568,1.07291,1.07451,14470
2025-04-18 11:00:00,1.07453,1.07482,1.07397,1.07475,15078
2025-04-18 12:00:00,1.07472,1.07498,1.07384,1.07415,8330
2025-04-18 13:00:00,1.07416,1.07511,1.07305,1.07466,21207
2025-04-18 14:00:00,1.07465,1.07493,1.07412,1.0746,19541
2025-04-18 15:00:00,1.07459,1.07502,1.07433,1.07445,17542
2025-04-18 16:00:00,1.07446,1.07478,1.07392,1.07434,14114
2025-04-18 17:00:00,1.07435,1.07446,1.07382,1.07399,15243
2025-04-18 18:00:00,1.07396,1.07448,1.0738,1.07442,14625
2025-04-18 19:00:00,1.07441,1.07449,1.07417,1.07441,12529
2025-04-18 20:00:00,1.07439,1.07482,1.07346,1.07363,13816
2025-04-18 21:00:00,1.07361,1.07428,1.07306,1.07417,15407
2025-04-18 22:00:00,1.07416,1.07424,1.07303,1.07346,14537
2025-04-18 23:00:00,1.07346,1.07382,1.07274,1.07381,13151
2025-04-21 00:00:00,1.07338,1.07347,1.07245,1.07287,187
2025-04-21 01:00:00,1.07287,1.07328,1.07044,1.07238,5720
2025-04-21 02:00:00,1.07238,1.0729,1.07207,1.07217,7623
2025-04-21 03:00:00,1.07217,1.07267,1.07125,1.07129,3958
2025-04-21 04:00:00,1.07129,1.07234,1.07096,1.07133,4884
2025-04-21 05:00:00,1.07133,1.07139,1.06977,1.0703,3925
2025-04-21 06:00:00,1.0703,1.07045,1.06935,1.07037,2322
2025-04-21 07:00:00,1.07038,1.07084,1.06992,1.06995,2001
2025-04-21 08:00:00,1.06995,1.07042,1.06884,1.06933,2757
2025-04-21 09:00:00,1.06933,1.07028,1.06898,1.07006,3539
2025-04-21 10:00:00,1.07006,1.07006,1.06919,1.06961,3699
2025-04-21 11:00:00,1.06961,1.0698,1.06861,1.06878,4204
2025-04-21 12:00:00,1.06878,1.0696,1.06854,1.06877,3215
2025-04-21 13:00:00,1.06877,1.06949,1.06869,1.06934,2580
2025-04-21 14:00:00,1.06933,1.06948,1.06834,1.0689,3399
2025-04-21 15:00:00,1.0689,1.0689,1.06832,1.06861,2242
2025-04-21 16:00:00,1.0686,1.06948,1.06857,1.06914,3488
2025-04-21 17:00:00,1.06914,1.06937,1.06827,1.06884,4395
2025-04-21 18:00:00,1.06884,1.06913,1.06827,1.06847,4009
2025-04-21 19:00:00,1.06847,1.06896,1.06811,1.0686,3015
2025-04-21 20:00:00,1.0686,1.06867,1.06789,1.06795,3027
2025-04-21 21:00:00,1.06793,1.06814,1.0678,1.06806,2736
2025-04-21 22:00:00,1.06806,1.06947,1.06778,1.06939,2924
2025-04-21 23:00:00,1.06939,1.06975,1.06885,1.06916,2131
2025-04-22 00:00:00,1.06862,1.06944,1.06759,1.0694,716
2025-04-22 01:00:00,1.0694,1.07044,1.06894,1.06954,2136
2025-04-22 02:00:00,1.06954,1.07039,1.06914,1.07017,2410
2025-04-22 03:00:00,1.07017,1.0706,1.0691,1.07023,4533
2025-04-22 04:00:00,1.07023,1.07061,1.06953,1.07003,5547
2025-04-22 05:00:00,1.07003,1.07008,1.06908,1.06949,3577
2025-04-22 06:00:00,1.06945,1.06964,1.06863,1.06911,3964
2025-04-22 07:00:00,1.06911,1.06923,1.06802,1.06828,2098
2025-04-22 08:00:00,1.06827,1.06863,1.06754,1.06828,4189
2025-04-22 09:00:00,1.06828,1.07041,1.06789,1.07013,4026
2025-04-22 10:00:00,1.07013,1.07023,1.06807,1.06828,3403
2025-04-22 11:00:00,1.06828,1.06855,1.0671,1.06723,4225
2025-04-22 12:00:00,1.06723,1.06741,1.06583,1.06606,2845
2025-04-22 13:00:00,1.06606,1.0666,1.06541,1.06632,3113
2025-04-22 14:00:00,1.06632,1.06697,1.06612,1.06663,3029
2025-04-22 15:00:00,1.06662,1.0671,1.06637,1.06656,4188
2025-04-22 16:00:00,1.06655,1.06655,1.06538,1.06571,4629
2025-04-22 17:00:00,1.06574,1.06687,1.06541,1.06545,3592
2025-04-22 18:00:00,1.06545,1.06625,1.06518,1.06616,3647
2025-04-22 19:00:00,1.06616,1.06831,1.06616,1.06815,5276
2025-04-22 20:00:00,1.06815,1.06826,1.06609,1.06622,4349
2025-04-22 21:00:00,1.06622,1.0667,1.06606,1.06634,2618
2025-04-22 22:00:00,1.06634,1.06662,1.06581,1.06627,2707
2025-04-22 23:00:00,1.06627,1.06727,1.06623,1.06703,851
2025-04-23 00:00:00,1.06516,1.06934,1.06485,1.06815,1426
2025-04-23 01:00:00,1.06815,1.06978,1.06787,1.06881,9128
2025-04-23 02:00:00,1.0688,1.06995,1.06857,1.06987,4436
2025-04-23 03:00:00,1.06987,1.06991,1.06889,1.06889,2486
2025-04-23 04:00:00,1.06889,1.07022,1.06886,1.06992,3523
2025-04-23 05:00:00,1.06992,1.07067,1.06964,1.07008,2596
2025-04-23 06:00:00,1.07008,1.07045,1.06946,1.0704,2479
2025-04-23 07:00:00,1.07038,1.07056,1.06877,1.06925,2267
2025-04-23 08:00:00,1.06925,1.07011,1.06903,1.06911,2883
2025-04-23 09:00:00,1.06911,1.07129,1.06872,1.07088,3139
2025-04-23 10:00:00,1.07088,1.07144,1.0705,1.07126,3149
2025-04-23 11:00:00,1.07124,1.0721,1.07084,1.07096,3035
2025-04-23 12:00:00,1.07096,1.07126,1.06979,1.07019,2707
2025-04-23 13:00:00,1.07019,1.07075,1.06982,1.07038,2206
2025-04-23 14:00:00,1.07038,1.07083,1.07024,1.0705,2216
2025-04-23 15:00:00,1.0705,1.07055,1.0692,1.07001,2462
2025-04-23 16:00:00,1.07,1.07208,1.06888,1.07196,7427
2025-04-23 17:00:00,1.07195,1.07256,1.07011,1.07119,7533
2025-04-23 18:00:00,1.07119,1.07126,1.06826,1.06901,6760
2025-04-23 19:00:00,1.06901,1.06915,1.0681,1.06875,4570
2025-04-23 20:00:00,1.06875,1.06901,1.06859,1.06867,3868
2025-04-23 21:00:00,1.06867,1.06889,1.06859,1.06879,3497
2025-04-23 22:00:00,1.06879,1.06891,1.06795,1.0685,3252
2025-04-23 23:00:00,1.0685,1.06962,1.06848,1.06956,2300
2025-04-24 00:00:00,1.06875,1.06982,1.06812,1.0696,686
2025-04-24 01:00:00,1.0696,1.06993,1.06873,1.06949,2592
2025-04-24 02:00:00,1.0695,1.06991,1.06912,1.06942,2269
2025-04-24 03:00:00,1.06942,1.06988,1.0691,1.06966,2500
2025-04-24 04:00:00,1.06966,1.0698,1.06826,1.06859,3749
2025-04-24 05:00:00,1.06859,1.06895,1.06807,1.06811,2323
2025-04-24 06:00:00,1.06811,1.06834,1.06758,1.06829,1457
2025-04-24 07:00:00,1.06829,1.06854,1.0678,1.06797,1515
2025-04-24 08:00:00,1.06797,1.06869,1.0676,1.06797,2556
2025-04-24 09:00:00,1.06797,1.0687,1.06749,1.06849,2917
2025-04-24 10:00:00,1.06849,1.06901,1.06809,1.06887,3167
2025-04-24 11:00:00,1.06887,1.06894,1.0672,1.0673,2803
2025-04-24 12:00:00,1.0673,1.06846,1.06714,1.06841,2345
2025-04-24 13:00:00,1.06841,1.06844,1.06769,1.06824,2433
2025-04-24 14:00:00,1.06824,1.06824,1.06705,1.06709,2671
2025-04-24 15:00:00,1.06709,1.06835,1.06648,1.06821,4364
2025-04-24 16:00:00,1.06821,1.06821,1.06749,1.06806,4455
2025-04-24 17:00:00,1.06805,1.06903,1.06788,1.069,5810
2025-04-24 18:00:00,1.06899,1.06906,1.06832,1.06856,4263
2025-04-24 19:00:00,1.06856,1.069,1.06828,1.06894,3267
2025-04-24 20:00:00,1.06894,1.06911,1.06865,1.06894,2626
2025-04-24 21:00:00,1.06894,1.06921,1.06869,1.06872,2413
2025-04-24 22:00:00,1.06872,1.06883,1.06831,1.06837,1052
2025-04-24 23:00:00,1.06837,1.06882,1.06837,1.06858,1216
2025-04-25 00:00:00,1.06764,1.06887,1.06672,1.06816,1010
2025-04-25 01:00:00,1.06816,1.06932,1.06748,1.06912,2232
2025-04-25 02:00:00,1.06912,1.06925,1.06865,1.06884,2058
2025-04-25 03:00:00,1.06884,1.06976,1.06884,1.06965,2765
2025-04-25 04:00:00,1.06965,1.06989,1.06885,1.06898,4041
2025-04-25 05:00:00,1.06898,1.06918,1.06874,1.0691,1563
2025-04-25 06:00:00,1.06909,1.0717,1.06909,1.07151,3654
2025-04-25 07:00:00,1.07151,1.07196,1.07085,1.07151,2701
2025-04-25 08:00:00,1.07151,1.07231,1.07151,1.07163,2961
2025-04-25 09:00:00,1.07163,1.07247,1.07141,1.07236,3070
2025-04-25 10:00:00,1.07236,1.07261,1.07006,1.0712,4571
2025-04-25 11:00:00,1.0712,1.07163,1.07049,1.07144,3434
2025-04-25 12:00:00,1.07144,1.07192,1.07087,1.07123,2235
2025-04-25 13:00:00,1.07123,1.0726,1.07077,1.07085,3111
2025-04-25 14:00:00,1.07085,1.07148,1.07083,1.07111,1707
2025-04-25 15:00:00,1.07111,1.07137,1.07071,1.0712,2233
2025-04-25 16:00:00,1.0712,1.0722,1.07081,1.07208,3257
2025-04-25 17:00:00,1.07148,1.07239,1.07089,1.07178,3989
2025-04-25 18:00:00,1.07178,1.07198,1.07144,1.07167,2526
2025-04-25 19:00:00,1.07167,1.07221,1.0716,1.07204,1915
2025-04-25 20:00:00,1.07204,1.07286,1.07159,1.07176,2699
2025-04-25 21:00:00,1.07177,1.07263,1.07165,1.07244,1979
2025-04-25 22:00:00,1.07244,1.07295,1.07242,1.07293,1951
2025-04-25 23:00:00,1.07293,1.07353,1.07199,1.07246,1337
2025-04-28 00:00:00,1.07128,1.07301,1.07117,1.07274,374
2025-04-28 01:00:00,1.07274,1.07373,1.07259,1.07369,2852
2025-04-28 02:00:00,1.07369,1.07369,1.07242,1.07273,2114
2025-04-28 03:00:00,1.07273,1.07303,1.07167,1.0728,2883
2025-04-28 04:00:00,1.0728,1.07304,1.07183,1.07287,2852
2025-04-28 05:00:00,1.07287,1.07322,1.07222,1.0723,2209
2025-04-28 06:00:00,1.0723,1.07265,1.07202,1.07237,2192
2025-04-28 07:00:00,1.07237,1.07297,1.07203,1.07288,1665
2025-04-28 08:00:00,1.07288,1.07326,1.07234,1.07325,2168
2025-04-28 09:00:00,1.07325,1.07392,1.073,1.07385,2524
2025-04-28 10:00:00,1.07385,1.0741,1.07315,1.07334,2652
2025-04-28 11:00:00,1.07333,1.07448,1.0732,1.07431,2412
2025-04-28 12:00:00,1.07431,1.07471,1.07414,1.07459,2654
2025-04-28 13:00:00,1.07459,1.07516,1.07447,1.07504,1789
2025-04-28 14:00:00,1.07504,1.07561,1.07495,1.07543,1312
2025-04-28 15:00:00,1.07543,1.07543,1.07487,1.07518,1584
2025-04-28 16:00:00,1.07518,1.07565,1.07497,1.07521,3784
2025-04-28 17:00:00,1.07521,1.07546,1.0742,1.07452,4820
2025-04-28 18:00:00,1.07453,1.07526,1.07416,1.07521,4078
2025-04-28 19:00:00,1.07521,1.07548,1.07496,1.07523,2851
2025-04-28 20:00:00,1.07523,1.07626,1.07507,1.07623,2178
2025-04-28 21:00:00,1.07623,1.07678,1.07613,1.07666,1324
2025-04-28 22:00:00,1.07666,1.07688,1.07599,1.07622,1410
2025-04-28 23:00:00,1.07622,1.07639,1.0755,1.07569,1014
2025-04-29 00:00:00,1.07565,1.07577,1.07276,1.07543,599
2025-04-29 01:00:00,1.07543,1.07653,1.07536,1.07612,939
2025-04-29 02:00:00,1.07612,1.07667,1.0761,1.07656,2080
2025-04-29 03:00:00,1.07656,1.07818,1.0765,1.0781,2123
2025-04-29 04:00:00,1.0781,1.07841,1.07727,1.07759,2969
2025-04-29 05:00:00,1.0776,1.07803,1.07638,1.07742,4081
2025-04-29 06:00:00,1.07742,1.07793,1.07703,1.07754,3158
2025-04-29 07:00:00,1.07754,1.07791,1.07715,1.07756,2026
2025-04-29 08:00:00,1.07756,1.07787,1.07688,1.0769,2191
2025-04-29 09:00:00,1.07692,1.0774,1.07663,1.07667,3254
2025-04-29 10:00:00,1.07667,1.07721,1.07545,1.07582,2933
2025-04-29 11:00:00,1.07582,1.07592,1.07483,1.07571,2279
2025-04-29 12:00:00,1.07571,1.07617,1.07547,1.07612,2215
2025-04-29 13:00:00,1.07614,1.07616,1.07546,1.07562,1910
2025-04-29 14:00:00,1.07562,1.07607,1.07539,1.07604,1799
2025-04-29 15:00:00,1.07604,1.07657,1.07577,1.07635,3479
2025-04-29 16:00:00,1.07637,1.07744,1.07587,1.07617,5384
2025-04-29 17:00:00,1.07551,1.07715,1.07542,1.07552,4766
2025-04-29 18:00:00,1.07552,1.07588,1.07487,1.07493,4077
2025-04-29 19:00:00,1.07493,1.07503,1.0744,1.07461,3123
2025-04-29 20:00:00,1.07464,1.07503,1.07444,1.07487,2297
2025-04-29 21:00:00,1.07487,1.07522,1.07474,1.07515,2192
2025-04-29 22:00:00,1.07515,1.0753,1.07463,1.07507,1613
2025-04-29 23:00:00,1.07507,1.07652,1.07504,1.07648,1103
2025-04-30 00:00:00,1.07622,1.07648,1.07301,1.07647,902
2025-04-30 01:00:00,1.07663,1.0767,1.0755,1.07598,1168
2025-04-30 02:00:00,1.07598,1.07611,1.07508,1.07555,1444
2025-04-30 03:00:00,1.07555,1.0766,1.07546,1.07656,3282
2025-04-30 04:00:00,1.07657,1.07916,1.07612,1.07889,4347
2025-04-30 05:00:00,1.07889,1.07932,1.07827,1.07916,3349
2025-04-30 06:00:00,1.07916,1.0797,1.07879,1.07887,2816
2025-04-30 07:00:00,1.07887,1.0811,1.07872,1.08085,2303
2025-04-30 08:00:00,1.08087,1.08092,1.07934,1.07939,1846
2025-04-30 09:00:00,1.0794,1.07975,1.07827,1.07944,3212
2025-04-30 10:00:00,1.07944,1.08002,1.07895,1.0791,3736
2025-04-30 11:00:00,1.0791,1.0798,1.07877,1.07953,3601
2025-04-30 12:00:00,1.0795,1.07998,1.07892,1.07933,3241
2025-04-30 13:00:00,1.0793,1.08005,1.07922,1.07992,3240
2025-04-30 14:00:00,1.07992,1.08011,1.07924,1.0793,2782
2025-04-30 15:00:00,1.0793,1.08003,1.07786,1.07812,5590
2025-04-30 16:00:00,1.07812,1.07843,1.07657,1.07673,5761
2025-04-30 17:00:00,1.07674,1.0782,1.07639,1.07797,7416
2025-04-30 18:00:00,1.07797,1.07897,1.07785,1.07852,6413
2025-04-30 19:00:00,1.07852,1.07857,1.07802,1.07814,3626
2025-04-30 20:00:00,1.07814,1.07833,1.07791,1.07794,2401
2025-04-30 21:00:00,1.07794,1.07874,1.07763,1.07834,3344
2025-04-30 22:00:00,1.07834,1.07863,1.07774,1.0783,3033
2025-04-30 23:00:00,1.0783,1.07898,1.07819,1.07888,2483
2025-05-01 00:00:00,1.07869,1.07869,1.07587,1.07785,322
2025-05-01 01:00:00,1.07785,1.07942,1.07785,1.07933,1982
2025-05-01 02:00:00,1.07935,1.08011,1.07925,1.07993,1585
2025-05-01 03:00:00,1.07993,1.07998,1.07879,1.07883,3457
2025-05-01 04:00:00,1.07883,1.07993,1.07879,1.07982,3195
2025-05-01 05:00:00,1.07982,1.08014,1.07932,1.07937,2411
2025-05-01 06:00:00,1.07938,1.07976,1.07805,1.07818,3604
2025-05-01 07:00:00,1.07818,1.07855,1.07703,1.07728,2655
2025-05-01 08:00:00,1.07728,1.07852,1.07726,1.0785,3132
2025-05-01 09:00:00,1.0785,1.0787,1.07798,1.07834,3747
2025-05-01 10:00:00,1.07833,1.07875,1.07765,1.07772,4329
2025-05-01 11:00:00,1.07772,1.07789,1.07707,1.07741,3113
2025-05-01 12:00:00,1.07741,1.07772,1.07693,1.07768,2322
2025-05-01 13:00:00,1.07768,1.07849,1.07766,1.07822,3066
2025-05-01 14:00:00,1.07822,1.07877,1.07801,1.07865,2668
2025-05-01 15:00:00,1.07865,1.07932,1.07842,1.07929,4391
2025-05-01 16:00:00,1.07925,1.07926,1.07787,1.07823,4641
2025-05-01 17:00:00,1.07728,1.08052,1.07728,1.08052,6609
2025-05-01 18:00:00,1.08052,1.0806,1.0799,1.08003,4671
2025-05-01 19:00:00,1.08004,1.08019,1.0794,1.07951,2667
2025-05-01 20:00:00,1.07951,1.0805,1.07937,1.08036,2109
2025-05-01 21:00:00,1.08037,1.08109,1.08032,1.08096,2908
2025-05-01 22:00:00,1.08096,1.08112,1.08031,1.0805,2021
2025-05-01 23:00:00,1.0805,1.08078,1.08029,1.08076,1478
2025-05-02 00:00:00,1.08046,1.08051,1.0784,1.08046,227
2025-05-02 01:00:00,1.08046,1.08086,1.08029,1.08083,1489
2025-05-02 02:00:00,1.08083,1.08098,1.07996,1.07999,1383
2025-05-02 03:00:00,1.07999,1.08226,1.07991,1.08129,4766
2025-05-02 04:00:00,1.08129,1.08223,1.08103,1.08194,4706
2025-05-02 05:00:00,1.08194,1.08202,1.08086,1.08138,3153
2025-05-02 06:00:00,1.08138,1.08203,1.08011,1.08196,3084
2025-05-02 07:00:00,1.08196,1.08197,1.08023,1.08103,3585
2025-05-02 08:00:00,1.08104,1.08131,1.08039,1.08041,2385
2025-05-02 09:00:00,1.08041,1.08257,1.08009,1.08079,4333
2025-05-02 10:00:00,1.08079,1.08342,1.08042,1.08337,3720
2025-05-02 11:00:00,1.08337,1.08417,1.08334,1.08348,3385
2025-05-02 12:00:00,1.08348,1.08403,1.08319,1.08363,4308
2025-05-02 13:00:00,1.08366,1.08408,1.08247,1.08259,3676
2025-05-02 14:00:00,1.08259,1.0832,1.08254,1.0828,2798
2025-05-02 15:00:00,1.0828,1.08362,1.07982,1.08318,6528
2025-05-02 16:00:00,1.0832,1.08368,1.0818,1.08186,7245
2025-05-02 17:00:00,1.08182,1.08268,1.08125,1.08256,6632
2025-05-02 18:00:00,1.08257,1.08273,1.08198,1.08257,5387
2025-05-02 19:00:00,1.08257,1.08375,1.08246,1.08354,4883
2025-05-02 20:00:00,1.08354,1.08389,1.08318,1.08382,3567
2025-05-02 21:00:00,1.08382,1.08426,1.08378,1.08423,3144
2025-05-02 22:00:00,1.08422,1.08451,1.08398,1.08447,2099
2025-05-02 23:00:00,1.08447,1.08471,1.0837,1.08389,1319
2025-05-05 00:00:00,1.0782,1.08398,1.0782,1.08333,1460
2025-05-05 01:00:00,1.08333,1.08439,1.08297,1.08342,2344
2025-05-05 02:00:00,1.08342,1.08372,1.08272,1.08308,1874
2025-05-05 03:00:00,1.08308,1.08362,1.08241,1.08354,3089
2025-05-05 04:00:00,1.08354,1.08395,1.08193,1.08216,5760
2025-05-05 05:00:00,1.08216,1.08259,1.08132,1.0816,3632
2025-05-05 06:00:00,1.0816,1.08284,1.0815,1.08279,2100
2025-05-05 07:00:00,1.0828,1.08286,1.08177,1.08263,2380
2025-05-05 08:00:00,1.08263,1.08298,1.08146,1.08209,4116
2025-05-05 09:00:00,1.08209,1.08376,1.08191,1.08349,3932
2025-05-05 10:00:00,1.08349,1.0843,1.08345,1.08425,3571
2025-05-05 11:00:00,1.08425,1.08519,1.08416,1.08503,3714
2025-05-05 12:00:00,1.08507,1.08541,1.08435,1.08471,3965
2025-05-05 13:00:00,1.08471,1.08491,1.08407,1.08412,2748
2025-05-05 14:00:00,1.08412,1.08427,1.08318,1.08331,2989
2025-05-05 15:00:00,1.08331,1.08365,1.08257,1.08273,3971
2025-05-05 16:00:00,1.08273,1.08394,1.08269,1.0833,4394
2025-05-05 17:00:00,1.08326,1.08387,1.08266,1.08298,5804
2025-05-05 18:00:00,1.083,1.0837,1.08294,1.08345,3764
2025-05-05 19:00:00,1.08345,1.08421,1.08337,1.08388,2606
2025-05-05 20:00:00,1.08388,1.08431,1.08368,1.0841,1862
2025-05-05 21:00:00,1.08409,1.08448,1.08399,1.08418,1608
2025-05-05 22:00:00,1.08418,1.08442,1.0838,1.08435,1894
2025-05-05 23:00:00,1.08435,1.08447,1.08386,1.08397,1004
2025-05-06 00:00:00,1.08392,1.08392,1.08132,1.083,1288
2025-05-06 01:00:00,1.0831,1.08481,1.0831,1.08468,958
2025-05-06 02:00:00,1.08468,1.08471,1.08369,1.08384,1031
2025-05-06 03:00:00,1.08384,1.08449,1.08354,1.08408,3396
2025-05-06 04:00:00,1.08408,1.08488,1.08319,1.08336,4794
2025-05-06 05:00:00,1.08336,1.08347,1.08218,1.08221,3408
2025-05-06 06:00:00,1.08221,1.08245,1.08187,1.08207,3232
2025-05-06 07:00:00,1.08207,1.08209,1.08075,1.08151,2614
2025-05-06 08:00:00,1.08151,1.08173,1.08007,1.08064,3446
2025-05-06 09:00:00,1.08064,1.08067,1.07938,1.07986,3739
2025-05-06 10:00:00,1.07986,1.08004,1.07873,1.07885,4698
2025-05-06 11:00:00,1.07885,1.07933,1.07808,1.07919,4000
2025-05-06 12:00:00,1.07919,1.08016,1.07866,1.07995,3681
2025-05-06 13:00:00,1.07995,1.08015,1.07959,1.07982,2574
2025-05-06 14:00:00,1.07982,1.08012,1.07966,1.07999,2872
2025-05-06 15:00:00,1.07999,1.08062,1.07983,1.08021,3104
2025-05-06 16:00:00,1.08021,1.08108,1.0802,1.0806,3796
2025-05-06 17:00:00,1.0806,1.08082,1.08025,1.08068,4815
2025-05-06 18:00:00,1.08068,1.08111,1.08041,1.08081,3508
2025-05-06 19:00:00,1.08081,1.08148,1.08074,1.08115,4964
2025-05-06 20:00:00,1.08115,1.08172,1.08112,1.08146,3352
2025-05-06 21:00:00,1.08147,1.08166,1.08134,1.08143,2941
2025-05-06 22:00:00,1.08142,1.0816,1.08094,1.08106,2429
2025-05-06 23:00:00,1.08106,1.08126,1.08042,1.08096,1439
2025-05-07 00:00:00,1.08054,1.08072,1.07827,1.08018,953
2025-05-07 01:00:00,1.08018,1.08324,1.0801,1.08268,5276
2025-05-07 02:00:00,1.08268,1.08274,1.0811,1.08164,3208
2025-05-07 03:00:00,1.08164,1.08166,1.08004,1.08043,5537
2025-05-07 04:00:00,1.08044,1.08168,1.0804,1.08159,6867
2025-05-07 05:00:00,1.08159,1.08198,1.08114,1.08126,4551
2025-05-07 06:00:00,1.08125,1.08157,1.07997,1.08011,3264
2025-05-07 07:00:00,1.08011,1.08013,1.0794,1.07987,2664
2025-05-07 08:00:00,1.07989,1.08103,1.07907,1.07908,3364
2025-05-07 09:00:00,1.07908,1.08009,1.07901,1.08005,3557
2025-05-07 10:00:00,1.08005,1.08043,1.07965,1.0799,4404
2025-05-07 11:00:00,1.07988,1.08022,1.07936,1.07989,3377
2025-05-07 12:00:00,1.07989,1.08103,1.07979,1.08085,2883
2025-05-07 13:00:00,1.08085,1.08125,1.08035,1.08105,2886
2025-05-07 14:00:00,1.08107,1.08135,1.08073,1.08135,2532
2025-05-07 15:00:00,1.08135,1.08159,1.08113,1.08121,3324
2025-05-07 16:00:00,1.08121,1.08131,1.08069,1.08078,4137
2025-05-07 17:00:00,1.08078,1.08106,1.08018,1.08099,3953
2025-05-07 18:00:00,1.08099,1.08128,1.08062,1.08118,4183
2025-05-07 19:00:00,1.08118,1.08169,1.08099,1.08151,3241
2025-05-07 20:00:00,1.08151,1.08202,1.08037,1.08037,2613
2025-05-07 21:00:00,1.08028,1.08225,1.07996,1.0822,7220
2025-05-07 22:00:00,1.08217,1.08221,1.08122,1.08174,6792
2025-05-07 23:00:00,1.08174,1.08228,1.08148,1.0815,1724
2025-05-08 00:00:00,1.08148,1.08169,1.07817,1.08154,323
2025-05-08 01:00:00,1.08153,1.08221,1.0814,1.08217,1943
2025-05-08 02:00:00,1.08217,1.08285,1.08177,1.08276,1165
2025-05-08 03:00:00,1.08276,1.08323,1.08208,1.08285,2805
2025-05-08 04:00:00,1.08283,1.08357,1.08259,1.0831,5072
2025-05-08 05:00:00,1.08311,1.0832,1.08131,1.08173,3661
2025-05-08 06:00:00,1.08173,1.08209,1.0814,1.08204,2154
2025-05-08 07:00:00,1.08204,1.08204,1.08078,1.08116,1904
2025-05-08 08:00:00,1.08116,1.08161,1.08065,1.08155,3787
2025-05-08 09:00:00,1.08155,1.08195,1.08049,1.08178,5230
2025-05-08 10:00:00,1.08178,1.08341,1.08157,1.08332,3992
2025-05-08 11:00:00,1.08332,1.08364,1.08279,1.08331,4342
2025-05-08 12:00:00,1.08334,1.08338,1.08262,1.08292,4008
2025-05-08 13:00:00,1.08292,1.0833,1.08226,1.08256,3665
2025-05-08 14:00:00,1.08256,1.08315,1.08239,1.08295,4043
2025-05-08 15:00:00,1.08295,1.08323,1.0821,1.0822,4662
2025-05-08 16:00:00,1.0822,1.08303,1.08208,1.08208,5113
2025-05-08 17:00:00,1.08209,1.08266,1.08171,1.08217,4914
2025-05-08 18:00:00,1.08217,1.0836,1.08212,1.08335,6528
2025-05-08 19:00:00,1.08334,1.0841,1.08315,1.08401,4096
2025-05-08 20:00:00,1.08401,1.08421,1.08371,1.08377,2793
2025-05-08 21:00:00,1.08377,1.08404,1.08358,1.08375,2251
2025-05-08 22:00:00,1.08375,1.08438,1.0835,1.08424,2162
2025-05-08 23:00:00,1.08424,1.08439,1.08354,1.08355,1056
2025-05-09 00:00:00,1.08359,1.08419,1.08241,1.08355,630
2025-05-09 01:00:00,1.08361,1.08415,1.08343,1.08345,1338
2025-05-09 02:00:00,1.08345,1.08396,1.08323,1.08358,1377
2025-05-09 03:00:00,1.08358,1.08471,1.08338,1.08451,3801
2025-05-09 04:00:00,1.08449,1.08561,1.08422,1.08493,3820
2025-05-09 05:00:00,1.08493,1.08649,1.08464,1.0863,4132
2025-05-09 06:00:00,1.08629,1.08684,1.08574,1.08677,3319
2025-05-09 07:00:00,1.08677,1.087,1.08632,1.08674,2481
2025-05-09 08:00:00,1.08674,1.08674,1.08573,1.08601,2610
2025-05-09 09:00:00,1.08601,1.08643,1.08583,1.08602,3359
2025-05-09 10:00:00,1.08602,1.08655,1.0859,1.08597,3790
2025-05-09 11:00:00,1.08597,1.08645,1.08577,1.08612,2831
2025-05-09 12:00:00,1.08612,1.08667,1.08595,1.08659,2614
2025-05-09 13:00:00,1.08659,1.0869,1.08645,1.08689,2746
2025-05-09 14:00:00,1.08689,1.0871,1.08607,1.08669,2982
2025-05-09 15:00:00,1.08669,1.08694,1.086,1.08649,2977
2025-05-09 16:00:00,1.08649,1.08714,1.08623,1.08679,4439
2025-05-09 17:00:00,1.08679,1.08685,1.08593,1.08641,4766
2025-05-09 18:00:00,1.08641,1.08666,1.08526,1.08534,4304
2025-05-09 19:00:00,1.08534,1.08537,1.08478,1.08478,3222
2025-05-09 20:00:00,1.08478,1.085,1.08447,1.08468,2708
2025-05-09 21:00:00,1.08468,1.08481,1.08417,1.08423,2294
2025-05-09 22:00:00,1.08423,1.0844,1.08392,1.08411,1504
2025-05-09 23:00:00,1.08411,1.08492,1.08388,1.08442,887
2025-05-12 00:00:00,1.08292,1.08534,1.0823,1.0845,184
2025-05-12 01:00:00,1.0845,1.08586,1.08408,1.08459,2872
2025-05-12 02:00:00,1.08459,1.08496,1.08419,1.08463,2225
2025-05-12 03:00:00,1.08463,1.08514,1.08419,1.08439,4972
2025-05-12 04:00:00,1.08436,1.08486,1.08381,1.08434,6120
2025-05-12 05:00:00,1.08434,1.08492,1.08357,1.08387,4236
2025-05-12 06:00:00,1.08387,1.08421,1.08334,1.08383,3013
2025-05-12 07:00:00,1.08379,1.08509,1.08379,1.08502,2086
2025-05-12 08:00:00,1.08502,1.08538,1.0849,1.08514,2538
2025-05-12 09:00:00,1.08514,1.08598,1.08485,1.08584,3736
2025-05-12 10:00:00,1.08584,1.08987,1.08584,1.08882,10945
2025-05-12 11:00:00,1.08882,1.08954,1.08799,1.08826,7303
2025-05-12 12:00:00,1.08826,1.08855,1.08788,1.08804,4380
2025-05-12 13:00:00,1.08804,1.089,1.08775,1.08877,4886
2025-05-12 14:00:00,1.08877,1.08905,1.08725,1.08738,5171
2025-05-12 15:00:00,1.08738,1.08785,1.08658,1.08675,4360
2025-05-12 16:00:00,1.08675,1.08706,1.08611,1.08632,5472
2025-05-12 17:00:00,1.08633,1.0871,1.08612,1.08651,6439
2025-05-12 18:00:00,1.08649,1.08718,1.08589,1.08613,4651
2025-05-12 19:00:00,1.08614,1.08702,1.08596,1.08701,3151
2025-05-12 20:00:00,1.08701,1.08739,1.08685,1.08721,2784
2025-05-12 21:00:00,1.08721,1.08756,1.08703,1.08747,3013
2025-05-12 22:00:00,1.08747,1.08749,1.08685,1.08736,2234
2025-05-12 23:00:00,1.08735,1.08836,1.08728,1.08828,1397
2025-05-13 00:00:00,1.08821,1.08832,1.0861,1.08744,460
2025-05-13 01:00:00,1.08742,1.08846,1.08742,1.08777,970
2025-05-13 02:00:00,1.08777,1.08822,1.08699,1.08725,1309
2025-05-13 03:00:00,1.08725,1.08816,1.08687,1.08742,3134
2025-05-13 04:00:00,1.08742,1.08877,1.0872,1.08819,5239
2025-05-13 05:00:00,1.08817,1.08819,1.08721,1.08728,3504
2025-05-13 06:00:00,1.08728,1.08835,1.08727,1.08827,2985
2025-05-13 07:00:00,1.08827,1.08931,1.08806,1.08879,2775
2025-05-13 08:00:00,1.08878,1.08913,1.08799,1.08838,3018
2025-05-13 09:00:00,1.08838,1.08851,1.08774,1.08794,4076
2025-05-13 10:00:00,1.08794,1.08845,1.08764,1.08786,5190
2025-05-13 11:00:00,1.08786,1.0883,1.08737,1.08747,3612
2025-05-13 12:00:00,1.08745,1.08794,1.08732,1.08782,3334
2025-05-13 13:00:00,1.08782,1.08857,1.08765,1.08781,3021
2025-05-13 14:00:00,1.08782,1.08798,1.08755,1.08763,2563
2025-05-13 15:00:00,1.08763,1.08815,1.08666,1.08745,5185
2025-05-13 16:00:00,1.08745,1.08786,1.08718,1.08774,6508
2025-05-13 17:00:00,1.08773,1.08955,1.08752,1.08948,6406
2025-05-13 18:00:00,1.08948,1.09036,1.08909,1.09015,4881
2025-05-13 19:00:00,1.09016,1.09056,1.09003,1.09052,3122
2025-05-13 20:00:00,1.09052,1.09057,1.09016,1.09024,2356
2025-05-13 21:00:00,1.09024,1.09053,1.08985,1.09035,2294
2025-05-13 22:00:00,1.09035,1.09047,1.09002,1.09025,1788
2025-05-13 23:00:00,1.09026,1.09033,1.08941,1.08964,1298
2025-05-14 00:00:00,1.0896,1.08986,1.08771,1.08958,638
2025-05-14 01:00:00,1.08958,1.09039,1.08947,1.09028,1313
2025-05-14 02:00:00,1.09028,1.09053,1.08985,1.09028,1463
2025-05-14 03:00:00,1.09029,1.09038,1.08875,1.08893,3606
2025-05-14 04:00:00,1.08893,1.09098,1.08887,1.09095,5149
2025-05-14 05:00:00,1.09097,1.09105,1.08958,1.08988,3922
2025-05-14 06:00:00,1.08988,1.09019,1.08912,1.08922,3132
2025-05-14 07:00:00,1.08922,1.08989,1.08893,1.08919,2373
2025-05-14 08:00:00,1.08919,1.08998,1.08897,1.08958,2504
2025-05-14 09:00:00,1.08958,1.09066,1.08949,1.09061,3796
2025-05-14 10:00:00,1.09061,1.09122,1.0904,1.09045,4874
2025-05-14 11:00:00,1.09045,1.09054,1.08857,1.08908,6229
2025-05-14 12:00:00,1.08908,1.08949,1.08684,1.0871,6014
2025-05-14 13:00:00,1.0871,1.08811,1.08706,1.08797,3201
2025-05-14 14:00:00,1.08797,1.08835,1.08784,1.08834,3287
2025-05-14 15:00:00,1.08834,1.08859,1.08789,1.08818,4147
2025-05-14 16:00:00,1.08818,1.08851,1.08759,1.08805,5661
2025-05-14 17:00:00,1.08805,1.08942,1.08791,1.08938,5825
2025-05-14 18:00:00,1.0894,1.08974,1.08899,1.08958,5095
2025-05-14 19:00:00,1.08958,1.08959,1.08891,1.08941,4558
2025-05-14 20:00:00,1.08941,1.08969,1.08913,1.08936,3023
2025-05-14 21:00:00,1.08936,1.0899,1.0892,1.08978,3037
2025-05-14 22:00:00,1.08978,1.09013,1.08956,1.08987,2505
2025-05-14 23:00:00,1.08987,1.09035,1.08973,1.08982,1548
2025-05-15 00:00:00,1.08965,1.08965,1.08719,1.08898,1737
2025-05-15 01:00:00,1.0891,1.08978,1.08902,1.08964,812
2025-05-15 02:00:00,1.08964,1.09031,1.08955,1.08994,1203
2025-05-15 03:00:00,1.08994,1.09081,1.08994,1.09045,3668
2025-05-15 04:00:00,1.09045,1.09217,1.08925,1.09164,4969
2025-05-15 05:00:00,1.09167,1.09177,1.09004,1.0907,4049
2025-05-15 06:00:00,1.09071,1.0911,1.09051,1.09074,3165
2025-05-15 07:00:00,1.09074,1.09172,1.09039,1.09144,2359
2025-05-15 08:00:00,1.09144,1.09164,1.09013,1.0902,3292
2025-05-15 09:00:00,1.0902,1.09059,1.08934,1.08991,3138
2025-05-15 10:00:00,1.08991,1.09031,1.08945,1.09026,4383
2025-05-15 11:00:00,1.09026,1.09036,1.08964,1.08987,3668
2025-05-15 12:00:00,1.08985,1.09046,1.08984,1.09044,3002
2025-05-15 13:00:00,1.09044,1.09056,1.08949,1.08978,3045
2025-05-15 14:00:00,1.08976,1.09104,1.08974,1.09093,3450
2025-05-15 15:00:00,1.09093,1.09176,1.09014,1.09064,4561
2025-05-15 16:00:00,1.09063,1.09131,1.09058,1.09072,5310
2025-05-15 17:00:00,1.09072,1.09127,1.09021,1.09117,5947
2025-05-15 18:00:00,1.0912,1.09139,1.08997,1.0901,4304
2025-05-15 19:00:00,1.0901,1.09056,1.09001,1.09043,2770
2025-05-15 20:00:00,1.09043,1.09098,1.09029,1.09062,2510
2025-05-15 21:00:00,1.09065,1.09076,1.09021,1.09058,2040
2025-05-15 22:00:00,1.09058,1.09064,1.09002,1.0901,1522
2025-05-15 23:00:00,1.0901,1.09041,1.08978,1.08989,1003
2025-05-16 00:00:00,1.0898,1.09032,1.08812,1.08971,914
2025-05-16 01:00:00,1.08964,1.09055,1.08964,1.08997,1051
2025-05-16 02:00:00,1.08997,1.09067,1.08961,1.0905,1215
2025-05-16 03:00:00,1.0905,1.09094,1.08995,1.09044,3340
2025-05-16 04:00:00,1.09046,1.09138,1.09033,1.09116,2999
2025-05-16 05:00:00,1.09116,1.0912,1.08952,1.0897,3177
2025-05-16 06:00:00,1.0897,1.08991,1.08784,1.08831,2908
2025-05-16 07:00:00,1.08831,1.08886,1.08802,1.0882,2577
2025-05-16 08:00:00,1.0882,1.08839,1.08775,1.08819,2653
2025-05-16 09:00:00,1.08819,1.08835,1.08724,1.08753,3147
2025-05-16 10:00:00,1.08753,1.08778,1.08662,1.08689,3606
2025-05-16 11:00:00,1.08689,1.08828,1.08635,1.08788,3406
2025-05-16 12:00:00,1.08788,1.08801,1.08723,1.08728,2939
2025-05-16 13:00:00,1.08728,1.08781,1.08721,1.0874,2624
2025-05-16 14:00:00,1.08741,1.08779,1.08721,1.08771,2425
2025-05-16 15:00:00,1.08773,1.08802,1.08752,1.0878,2785
2025-05-16 16:00:00,1.0878,1.0882,1.08754,1.08816,3072
2025-05-16 17:00:00,1.08803,1.08859,1.0878,1.08848,5132
2025-05-16 18:00:00,1.08848,1.08913,1.08838,1.08902,3192
2025-05-16 19:00:00,1.08903,1.08963,1.08891,1.08924,2563
2025-05-16 20:00:00,1.08924,1.08936,1.08906,1.08925,2165
2025-05-16 21:00:00,1.08925,1.08957,1.08911,1.08944,1887
2025-05-16 22:00:00,1.08944,1.08996,1.08928,1.08985,1443
2025-05-16 23:00:00,1.08985,1.08986,1.08864,1.08886,1438
2025-05-19 00:00:00,1.08787,1.08901,1.08657,1.08901,147
2025-05-19 01:00:00,1.08901,1.08901,1.08764,1.08795,1694
2025-05-19 02:00:00,1.08795,1.08896,1.08795,1.08876,1055
2025-05-19 03:00:00,1.08876,1.08883,1.08783,1.08849,3664
2025-05-19 04:00:00,1.08849,1.08853,1.08718,1.08736,3355
2025-05-19 05:00:00,1.08736,1.08881,1.08723,1.08842,3262
2025-05-19 06:00:00,1.08842,1.08901,1.08824,1.08866,2371
2025-05-19 07:00:00,1.08866,1.08868,1.08809,1.08846,1939
2025-05-19 08:00:00,1.08846,1.08883,1.08785,1.08813,2235
2025-05-19 09:00:00,1.08813,1.08823,1.08718,1.08764,4044
2025-05-19 10:00:00,1.08764,1.0898,1.08749,1.08969,4621
2025-05-19 11:00:00,1.08969,1.09058,1.08957,1.09054,3181
2025-05-19 12:00:00,1.09054,1.09087,1.08996,1.09013,4089
2025-05-19 13:00:00,1.09013,1.09037,1.08963,1.08971,3651
2025-05-19 14:00:00,1.08971,1.09034,1.08955,1.09021,3402
2025-05-19 15:00:00,1.09021,1.09066,1.09005,1.09029,3600
2025-05-19 16:00:00,1.09029,1.09063,1.08976,1.09007,5303
2025-05-19 17:00:00,1.09007,1.0904,1.08969,1.08993,4979
2025-05-19 18:00:00,1.08991,1.09003,1.08953,1.08981,3244
2025-05-19 19:00:00,1.08981,1.08998,1.08962,1.08978,2921
2025-05-19 20:00:00,1.08978,1.09012,1.08947,1.08958,2712
2025-05-19 21:00:00,1.08958,1.08979,1.08951,1.08963,1747
2025-05-19 22:00:00,1.08963,1.08966,1.08898,1.08898,1329
2025-05-19 23:00:00,1.08898,1.08926,1.08865,1.08869,847
2025-05-20 00:00:00,1.0887,1.08913,1.08838,1.08897,726
2025-05-20 01:00:00,1.0891,1.08925,1.08825,1.08884,749
2025-05-20 02:00:00,1.08884,1.08894,1.0884,1.08865,872
2025-05-20 03:00:00,1.08866,1.08924,1.08813,1.08845,3003
2025-05-20 04:00:00,1.08845,1.08888,1.08801,1.08804,4051
2025-05-20 05:00:00,1.08804,1.08921,1.08804,1.08919,2750
2025-05-20 06:00:00,1.08919,1.08923,1.08852,1.08865,2168
2025-05-20 07:00:00,1.08865,1.08885,1.08513,1.08539,3391
2025-05-20 08:00:00,1.08539,1.08583,1.08338,1.08427,4919
2025-05-20 09:00:00,1.08425,1.08512,1.08364,1.08376,4463
2025-05-20 10:00:00,1.08376,1.08403,1.08322,1.08399,4459
2025-05-20 11:00:00,1.08397,1.08454,1.08381,1.08435,3818
2025-05-20 12:00:00,1.08433,1.08505,1.08386,1.08469,3334
2025-05-20 13:00:00,1.08467,1.08551,1.08429,1.08543,3183
2025-05-20 14:00:00,1.08545,1.0855,1.08473,1.08524,2541
2025-05-20 15:00:00,1.08524,1.08566,1.08402,1.08403,3716
2025-05-20 16:00:00,1.08403,1.08453,1.08344,1.08356,4839
2025-05-20 17:00:00,1.08356,1.08374,1.08279,1.08315,5183
2025-05-20 18:00:00,1.08315,1.08404,1.08313,1.08392,3725
2025-05-20 19:00:00,1.08392,1.08474,1.08388,1.08441,2530
2025-05-20 20:00:00,1.08441,1.08477,1.08436,1.08466,2259
2025-05-20 21:00:00,1.08466,1.08483,1.08437,1.0845,2487
2025-05-20 22:00:00,1.0845,1.08458,1.08417,1.0842,2095
2025-05-20 23:00:00,1.0842,1.08456,1.08401,1.08404,1592
2025-05-21 00:00:00,1.08393,1.08393,1.0818,1.08353,531
2025-05-21 01:00:00,1.08402,1.08428,1.08335,1.08355,1485
2025-05-21 02:00:00,1.08355,1.08407,1.08326,1.08398,1112
2025-05-21 03:00:00,1.08398,1.08436,1.08358,1.08422,2979
2025-05-21 04:00:00,1.08424,1.08441,1.08369,1.084,3399
2025-05-21 05:00:00,1.084,1.08464,1.08372,1.08456,3661
2025-05-21 06:00:00,1.08456,1.08515,1.0842,1.0843,3281
2025-05-21 07:00:00,1.0843,1.08443,1.08392,1.08436,2418
2025-05-21 08:00:00,1.08436,1.08506,1.08406,1.08489,3452
2025-05-21 09:00:00,1.08489,1.08521,1.08413,1.08506,4944
2025-05-21 10:00:00,1.08506,1.08638,1.08504,1.08631,4361
2025-05-21 11:00:00,1.0863,1.08663,1.08565,1.08626,3196
2025-05-21 12:00:00,1.08628,1.08676,1.08586,1.08586,2521
2025-05-21 13:00:00,1.08586,1.08597,1.08409,1.08512,4210
2025-05-21 14:00:00,1.0851,1.08565,1.08474,1.08562,3281
2025-05-21 15:00:00,1.08564,1.08589,1.08475,1.08477,4364
2025-05-21 16:00:00,1.08476,1.08491,1.08395,1.08418,4522
2025-05-21 17:00:00,1.08417,1.08458,1.08369,1.08413,5573
2025-05-21 18:00:00,1.08413,1.08429,1.08391,1.08416,4031
2025-05-21 19:00:00,1.08416,1.08421,1.08369,1.0839,2398
2025-05-21 20:00:00,1.0839,1.08401,1.08292,1.08311,4807
2025-05-21 21:00:00,1.08311,1.08364,1.08291,1.08354,3097
2025-05-21 22:00:00,1.08354,1.08371,1.08284,1.08339,2897
2025-05-21 23:00:00,1.08339,1.08396,1.08335,1.08378,1268
2025-05-22 00:00:00,1.08364,1.08364,1.08126,1.08356,623
2025-05-22 01:00:00,1.08368,1.08438,1.08351,1.08419,1711
2025-05-22 02:00:00,1.08418,1.0844,1.08386,1.08414,1401
2025-05-22 03:00:00,1.08415,1.08529,1.08388,1.08523,3543
2025-05-22 04:00:00,1.08525,1.08577,1.08438,1.08507,4347
2025-05-22 05:00:00,1.08507,1.08671,1.08501,1.08638,3074
2025-05-22 06:00:00,1.08638,1.08764,1.08607,1.08725,2295
2025-05-22 07:00:00,1.08725,1.08785,1.08661,1.08755,2237
2025-05-22 08:00:00,1.08755,1.0882,1.08713,1.08787,2559
2025-05-22 09:00:00,1.08786,1.08821,1.087,1.08707,4072
2025-05-22 10:00:00,1.08707,1.0877,1.08697,1.08759,4448
2025-05-22 11:00:00,1.08759,1.08799,1.08727,1.08747,4529
2025-05-22 12:00:00,1.08745,1.08829,1.08735,1.08788,3686
2025-05-22 13:00:00,1.08788,1.08832,1.08758,1.08765,3212
2025-05-22 14:00:00,1.08765,1.08809,1.08718,1.08724,3383
2025-05-22 15:00:00,1.08724,1.08748,1.0867,1.08681,4152
2025-05-22 16:00:00,1.08681,1.08714,1.08636,1.08699,4952
2025-05-22 17:00:00,1.08697,1.08736,1.08635,1.08651,5425
2025-05-22 18:00:00,1.08651,1.08684,1.08616,1.08642,3933
2025-05-22 19:00:00,1.0864,1.08667,1.08587,1.08597,2498
2025-05-22 20:00:00,1.08597,1.08675,1.0859,1.08672,2905
2025-05-22 21:00:00,1.08672,1.08687,1.08663,1.0867,2102
2025-05-22 22:00:00,1.0867,1.08691,1.08614,1.08638,1791
2025-05-22 23:00:00,1.08636,1.08697,1.08634,1.0867,1633
2025-05-23 00:00:00,1.08672,1.08706,1.08484,1.08688,1157
2025-05-23 01:00:00,1.08698,1.08728,1.08657,1.08681,1164
2025-05-23 02:00:00,1.08681,1.08713,1.08667,1.0867,764
2025-05-23 03:00:00,1.0867,1.08713,1.08659,1.08696,2540
2025-05-23 04:00:00,1.08696,1.08764,1.08686,1.08738,3340
2025-05-23 05:00:00,1.08736,1.08838,1.08736,1.08801,2223
2025-05-23 06:00:00,1.08801,1.08822,1.0874,1.08763,1930
2025-05-23 07:00:00,1.08763,1.08772,1.08715,1.08756,1566
2025-05-23 08:00:00,1.08756,1.08769,1.08725,1.08746,1869
2025-05-23 09:00:00,1.08745,1.08752,1.08675,1.08682,2928
2025-05-23 10:00:00,1.08682,1.08697,1.08543,1.08568,3777
2025-05-23 11:00:00,1.08568,1.08616,1.08555,1.08587,3289
2025-05-23 12:00:00,1.08587,1.08587,1.08448,1.08515,2838
2025-05-23 13:00:00,1.08515,1.08533,1.08457,1.08495,2491
2025-05-23 14:00:00,1.08495,1.0851,1.08191,1.08229,6134
2025-05-23 15:00:00,1.08227,1.08351,1.08191,1.08345,6733
2025-05-23 16:00:00,1.08345,1.08404,1.08312,1.08387,5999
2025-05-23 17:00:00,1.08384,1.08451,1.08364,1.08374,5533
2025-05-23 18:00:00,1.08374,1.08443,1.08346,1.08388,4213
2025-05-23 19:00:00,1.08388,1.08459,1.08381,1.08452,2926
2025-05-23 20:00:00,1.08452,1.08536,1.08452,1.08524,2523
2025-05-23 21:00:00,1.08524,1.0853,1.08473,1.08501,2550
2025-05-23 22:00:00,1.08501,1.08521,1.08468,1.08473,1862
2025-05-23 23:00:00,1.08473,1.08543,1.08461,1.08486,2015
2025-05-26 00:00:00,1.08246,1.08447,1.08246,1.0841,373
2025-05-26 01:00:00,1.0841,1.08555,1.08387,1.08485,3143
2025-05-26 02:00:00,1.08485,1.08528,1.08475,1.08514,1782
2025-05-26 03:00:00,1.08514,1.08526,1.08472,1.08501,4099
2025-05-26 04:00:00,1.08501,1.08565,1.08387,1.0839,4662
2025-05-26 05:00:00,1.0839,1.08453,1.08291,1.08311,3768
2025-05-26 06:00:00,1.08311,1.08366,1.08253,1.08296,2718
2025-05-26 07:00:00,1.08296,1.08334,1.08264,1.0828,1883
2025-05-26 08:00:00,1.0828,1.08391,1.08241,1.08243,2316
2025-05-26 09:00:00,1.08243,1.08357,1.08236,1.0827,3651
2025-05-26 10:00:00,1.08272,1.08286,1.08169,1.08212,3894
2025-05-26 11:00:00,1.08212,1.08244,1.08193,1.08213,3118
2025-05-26 12:00:00,1.08211,1.08231,1.08147,1.08161,2122
2025-05-26 13:00:00,1.08161,1.08237,1.08141,1.08204,2523
2025-05-26 14:00:00,1.08204,1.0826,1.08189,1.0826,1981
2025-05-26 15:00:00,1.0826,1.0826,1.08183,1.08185,1983
2025-05-26 16:00:00,1.08185,1.08203,1.08145,1.08155,1698
2025-05-26 17:00:00,1.08155,1.08179,1.0813,1.08141,2197
2025-05-26 18:00:00,1.08141,1.08181,1.08127,1.0813,1756
2025-05-26 19:00:00,1.0813,1.08149,1.08085,1.08096,1126
2025-05-26 20:00:00,1.08096,1.08111,1.08061,1.08067,1016
2025-05-26 21:00:00,1.08067,1.08076,1.08042,1.08044,813
2025-05-26 22:00:00,1.08045,1.08067,1.08034,1.08058,707
2025-05-26 23:00:00,1.08058,1.08166,1.08047,1.0811,1084
2025-05-27 00:00:00,1.08098,1.0818,1.07882,1.08151,1329
2025-05-27 01:00:00,1.08158,1.08168,1.08016,1.08101,1517
2025-05-27 02:00:00,1.08101,1.08156,1.08073,1.08111,1252
2025-05-27 03:00:00,1.08111,1.08165,1.08069,1.08139,3110
2025-05-27 04:00:00,1.08139,1.08186,1.08121,1.08162,2814
2025-05-27 05:00:00,1.08161,1.08243,1.08132,1.08241,2274
2025-05-27 06:00:00,1.08241,1.08245,1.08166,1.08172,2024
2025-05-27 07:00:00,1.08172,1.0824,1.08135,1.08239,2196
2025-05-27 08:00:00,1.08239,1.08289,1.08129,1.08288,3949
2025-05-27 09:00:00,1.0829,1.08291,1.08201,1.08219,4523
2025-05-27 10:00:00,1.08219,1.08225,1.08061,1.08143,4551
2025-05-27 11:00:00,1.08143,1.08231,1.08114,1.08223,3488
2025-05-27 12:00:00,1.08223,1.08258,1.0818,1.08241,3052
2025-05-27 13:00:00,1.08241,1.08323,1.08234,1.08272,3151
2025-05-27 14:00:00,1.08272,1.08289,1.08211,1.08219,2809
2025-05-27 15:00:00,1.08219,1.0828,1.08156,1.08162,3069
2025-05-27 16:00:00,1.08162,1.08252,1.08144,1.08232,3340
2025-05-27 17:00:00,1.08235,1.08358,1.08234,1.08334,4908
2025-05-27 18:00:00,1.08333,1.08352,1.08284,1.08306,3125
2025-05-27 19:00:00,1.08306,1.08341,1.08281,1.08324,2628
2025-05-27 20:00:00,1.08324,1.08339,1.08303,1.08334,1429
2025-05-27 21:00:00,1.08334,1.08387,1.08333,1.0836,2053
2025-05-27 22:00:00,1.0836,1.0837,1.08303,1.08322,1608
2025-05-27 23:00:00,1.08322,1.08337,1.08286,1.08297,1171
2025-05-28 00:00:00,1.0828,1.08322,1.07884,1.08271,568
2025-05-28 01:00:00,1.08271,1.08381,1.08182,1.0837,856
2025-05-28 02:00:00,1.0837,1.08406,1.08327,1.08397,783
2025-05-28 03:00:00,1.08397,1.08513,1.08392,1.08463,2718
2025-05-28 04:00:00,1.08463,1.08507,1.08366,1.08376,3916
2025-05-28 05:00:00,1.08341,1.08433,1.07979,1.08164,4853
2025-05-28 06:00:00,1.08166,1.08173,1.07792,1.07834,3637
2025-05-28 07:00:00,1.07834,1.08053,1.07813,1.08041,2969
2025-05-28 08:00:00,1.08041,1.08154,1.07936,1.07941,3349
2025-05-28 09:00:00,1.07939,1.08031,1.07854,1.0787,3538
2025-05-28 10:00:00,1.07864,1.07894,1.07809,1.0789,3743
2025-05-28 11:00:00,1.0789,1.08035,1.07846,1.07901,2872
2025-05-28 12:00:00,1.07897,1.07954,1.07856,1.07926,3066
2025-05-28 13:00:00,1.07926,1.07937,1.07859,1.07928,2479
2025-05-28 14:00:00,1.07927,1.07968,1.07909,1.07947,2728
2025-05-28 15:00:00,1.07947,1.07955,1.07819,1.0782,3359
2025-05-28 16:00:00,1.0782,1.07862,1.07782,1.07806,5252
2025-05-28 17:00:00,1.07808,1.07843,1.07675,1.07816,5865
2025-05-28 18:00:00,1.07814,1.07864,1.07801,1.07824,4273
2025-05-28 19:00:00,1.07824,1.07833,1.07783,1.07812,3047
2025-05-28 20:00:00,1.07812,1.07821,1.07773,1.07791,2299
2025-05-28 21:00:00,1.07794,1.07815,1.07758,1.0779,1994
2025-05-28 22:00:00,1.0779,1.07832,1.07747,1.07824,1704
2025-05-28 23:00:00,1.07824,1.07844,1.07669,1.07686,1733
2025-05-29 00:00:00,1.07672,1.07672,1.07468,1.07563,462
2025-05-29 01:00:00,1.07563,1.0771,1.07538,1.07665,1395
2025-05-29 02:00:00,1.07665,1.07857,1.07647,1.07833,4969
2025-05-29 03:00:00,1.07833,1.07876,1.07769,1.07838,6588
2025-05-29 04:00:00,1.07839,1.08104,1.07838,1.08088,5403
2025-05-29 05:00:00,1.0809,1.08169,1.08004,1.08159,4358
2025-05-29 06:00:00,1.08159,1.08211,1.08079,1.08179,3836
2025-05-29 07:00:00,1.08181,1.08228,1.08159,1.08212,2339
2025-05-29 08:00:00,1.08212,1.08245,1.08103,1.08198,2782
2025-05-29 09:00:00,1.08198,1.08233,1.08006,1.08055,4200
2025-05-29 10:00:00,1.08055,1.08099,1.07964,1.08078,3876
2025-05-29 11:00:00,1.08075,1.0808,1.07976,1.07995,3027
2025-05-29 12:00:00,1.07995,1.07999,1.07931,1.07954,2938
2025-05-29 13:00:00,1.07957,1.07958,1.07906,1.07926,2805
2025-05-29 14:00:00,1.07926,1.07957,1.07907,1.07943,3264
2025-05-29 15:00:00,1.07943,1.07946,1.07796,1.07814,5261
2025-05-29 16:00:00,1.07814,1.07843,1.07763,1.0778,5355
2025-05-29 17:00:00,1.07779,1.07841,1.07718,1.07794,5156
2025-05-29 18:00:00,1.07795,1.07823,1.07735,1.07753,4264
2025-05-29 19:00:00,1.07753,1.07814,1.07738,1.07808,2782
2025-05-29 20:00:00,1.07808,1.07823,1.07779,1.07792,2149
2025-05-29 21:00:00,1.07792,1.07804,1.0778,1.07788,1916
2025-05-29 22:00:00,1.07788,1.07847,1.07784,1.07845,2096
2025-05-29 23:00:00,1.07845,1.07994,1.07834,1.07916,1661
2025-05-30 00:00:00,1.07914,1.07934,1.0747,1.0778,1922
2025-05-30 01:00:00,1.07805,1.07944,1.07791,1.07837,1034
2025-05-30 02:00:00,1.07837,1.07841,1.07778,1.07821,1374
2025-05-30 03:00:00,1.07825,1.07868,1.07705,1.07748,3999
2025-05-30 04:00:00,1.07748,1.07774,1.07609,1.07761,4875
2025-05-30 05:00:00,1.07761,1.07765,1.07713,1.0776,3350
2025-05-30 06:00:00,1.0776,1.07784,1.07716,1.07732,2056
2025-05-30 07:00:00,1.07732,1.07741,1.07685,1.07699,2165
2025-05-30 08:00:00,1.07699,1.07724,1.07614,1.07639,2431
2025-05-30 09:00:00,1.07639,1.07692,1.07613,1.07632,3056
2025-05-30 10:00:00,1.07632,1.07723,1.0761,1.07716,3850
2025-05-30 11:00:00,1.07716,1.07794,1.07699,1.0779,3079
2025-05-30 12:00:00,1.0779,1.07823,1.07749,1.07769,3157
2025-05-30 13:00:00,1.07769,1.07813,1.07744,1.07788,2536
2025-05-30 14:00:00,1.07788,1.07819,1.07768,1.07788,2294
2025-05-30 15:00:00,1.07788,1.07807,1.07639,1.07755,6208
2025-05-30 16:00:00,1.07755,1.07781,1.07694,1.07694,4607
2025-05-30 17:00:00,1.0769,1.07848,1.0769,1.07779,6987
2025-05-30 18:00:00,1.07779,1.07819,1.07747,1.07748,5033
2025-05-30 19:00:00,1.07748,1.07815,1.07733,1.07758,4003
2025-05-30 20:00:00,1.07759,1.0779,1.07725,1.07786,2698
2025-05-30 21:00:00,1.07786,1.07841,1.07784,1.0783,2756
2025-05-30 22:00:00,1.0783,1.07878,1.07829,1.07856,2049
2025-05-30 23:00:00,1.07858,1.07886,1.07755,1.07812,1586
2025-06-02 00:00:00,1.07774,1.07802,1.07576,1.076,357
2025-06-02 01:00:00,1.076,1.07911,1.07528,1.07889,2166
2025-06-02 02:00:00,1.07889,1.07915,1.07861,1.07863,1203
2025-06-02 03:00:00,1.07863,1.07873,1.07688,1.07723,3712
2025-06-02 04:00:00,1.07725,1.07752,1.07645,1.07688,4604
2025-06-02 05:00:00,1.07689,1.07696,1.07592,1.07593,3104
2025-06-02 06:00:00,1.07598,1.07652,1.0758,1.07636,2485
2025-06-02 07:00:00,1.07636,1.0768,1.07625,1.07673,2428
2025-06-02 08:00:00,1.07673,1.07701,1.0762,1.07687,2794
2025-06-02 09:00:00,1.07687,1.07749,1.07675,1.07704,3863
2025-06-02 10:00:00,1.07704,1.07743,1.07651,1.07658,5192
2025-06-02 11:00:00,1.07656,1.07706,1.07641,1.07699,4543
2025-06-02 12:00:00,1.07701,1.07714,1.07646,1.07698,3789
2025-06-02 13:00:00,1.07698,1.07712,1.07653,1.07711,3489
2025-06-02 14:00:00,1.07711,1.07766,1.07706,1.07745,3173
2025-06-02 15:00:00,1.07745,1.078,1.07736,1.07795,3671
2025-06-02 16:00:00,1.07795,1.0783,1.0764,1.0764,4793
2025-06-02 17:00:00,1.07637,1.07731,1.07575,1.07663,6371
2025-06-02 18:00:00,1.07664,1.07682,1.07591,1.07617,4343
2025-06-02 19:00:00,1.07617,1.07683,1.07612,1.07677,2871
2025-06-02 20:00:00,1.07677,1.07683,1.07642,1.0765,1879
2025-06-02 21:00:00,1.0765,1.07663,1.0758,1.07582,1816
2025-06-02 22:00:00,1.07582,1.07592,1.07502,1.07512,1648
2025-06-02 23:00:00,1.07512,1.07612,1.07505,1.07607,1163
2025-06-03 00:00:00,1.07615,1.07615,1.0741,1.07501,369
2025-06-03 01:00:00,1.07501,1.07618,1.07477,1.07582,1101
2025-06-03 02:00:00,1.07582,1.07582,1.07442,1.07446,1139
2025-06-03 03:00:00,1.07446,1.07462,1.07275,1.0729,2576
2025-06-03 04:00:00,1.07289,1.07356,1.07268,1.07302,4050
2025-06-03 05:00:00,1.073,1.07569,1.07282,1.07541,3488
2025-06-03 06:00:00,1.07541,1.0756,1.07456,1.07501,2716
2025-06-03 07:00:00,1.07501,1.07592,1.07492,1.07514,2168
2025-06-03 08:00:00,1.07514,1.07571,1.07466,1.07553,3066
2025-06-03 09:00:00,1.07553,1.07736,1.07536,1.07681,3440
2025-06-03 10:00:00,1.07684,1.07706,1.07565,1.07666,4391
2025-06-03 11:00:00,1.07666,1.07703,1.07584,1.07609,4158
2025-06-03 12:00:00,1.07609,1.07613,1.07518,1.07547,3675
2025-06-03 13:00:00,1.07547,1.07703,1.07546,1.07668,2858
2025-06-03 14:00:00,1.07666,1.07686,1.07632,1.07654,2661
2025-06-03 15:00:00,1.07654,1.07709,1.07638,1.07638,3375
2025-06-03 16:00:00,1.07637,1.0764,1.07564,1.07564,4453
2025-06-03 17:00:00,1.07556,1.07734,1.07504,1.07715,5659
2025-06-03 18:00:00,1.07715,1.07748,1.07697,1.07728,4372
2025-06-03 19:00:00,1.07728,1.07737,1.07667,1.07676,3202
2025-06-03 20:00:00,1.07676,1.07729,1.07665,1.07723,2265
2025-06-03 21:00:00,1.07723,1.07741,1.07711,1.07715,2284
2025-06-03 22:00:00,1.07713,1.07763,1.07713,1.07754,1447
2025-06-03 23:00:00,1.07754,1.07754,1.0771,1.07735,908
2025-06-04 00:00:00,1.0768,1.07732,1.0747,1.07715,617
2025-06-04 01:00:00,1.07715,1.07753,1.0766,1.07669,864
2025-06-04 02:00:00,1.07669,1.07685,1.07644,1.07644,752
2025-06-04 03:00:00,1.07644,1.07686,1.07627,1.0764,2857
2025-06-04 04:00:00,1.0764,1.07795,1.07516,1.07786,4414
2025-06-04 05:00:00,1.07784,1.07811,1.07663,1.07688,2915
2025-06-04 06:00:00,1.07688,1.07719,1.07636,1.07692,2241
2025-06-04 07:00:00,1.07692,1.0772,1.07654,1.07667,2026
2025-06-04 08:00:00,1.07667,1.07717,1.07623,1.07667,2286
2025-06-04 09:00:00,1.07667,1.07672,1.07626,1.07661,3919
2025-06-04 10:00:00,1.07657,1.07688,1.07598,1.07657,2941
2025-06-04 11:00:00,1.07657,1.07718,1.07638,1.07671,2455
2025-06-04 12:00:00,1.07671,1.07729,1.07651,1.07717,2724
2025-06-04 13:00:00,1.07717,1.07744,1.07692,1.07726,2707
2025-06-04 14:00:00,1.07726,1.07841,1.07701,1.07812,2780
2025-06-04 15:00:00,1.07812,1.07851,1.07776,1.07791,3891
2025-06-04 16:00:00,1.07792,1.07861,1.07787,1.07787,4147
2025-06-04 17:00:00,1.07756,1.07823,1.07706,1.07776,4671
2025-06-04 18:00:00,1.07776,1.0778,1.07689,1.07745,3864
2025-06-04 19:00:00,1.07745,1.07745,1.07701,1.07721,2506
2025-06-04 20:00:00,1.07721,1.07743,1.077,1.07718,1959
2025-06-04 21:00:00,1.07718,1.07744,1.07707,1.07742,1658
2025-06-04 22:00:00,1.07742,1.07744,1.07696,1.077,1077
2025-06-04 23:00:00,1.077,1.07729,1.07676,1.07707,1012
2025-06-05 00:00:00,1.07691,1.07691,1.07456,1.07587,470
2025-06-05 01:00:00,1.07587,1.07717,1.07587,1.07658,793
2025-06-05 02:00:00,1.07658,1.07706,1.07648,1.07693,890
2025-06-05 03:00:00,1.07693,1.0774,1.0768,1.07713,2749
2025-06-05 04:00:00,1.07713,1.07758,1.07668,1.0772,3227
2025-06-05 05:00:00,1.0772,1.07743,1.07589,1.07617,2417
2025-06-05 06:00:00,1.07617,1.07627,1.07508,1.07583,2777
2025-06-05 07:00:00,1.07583,1.07652,1.07581,1.07638,2138
2025-06-05 08:00:00,1.07638,1.07679,1.0762,1.07674,1802
2025-06-05 09:00:00,1.07675,1.07689,1.07607,1.07665,2789
2025-06-05 10:00:00,1.07664,1.07739,1.07641,1.07729,2939
2025-06-05 11:00:00,1.07729,1.0773,1.07658,1.07691,2412
2025-06-05 12:00:00,1.07691,1.07697,1.07628,1.0766,3251
2025-06-05 13:00:00,1.0766,1.07673,1.07576,1.07652,2413
2025-06-05 14:00:00,1.07652,1.07667,1.07616,1.07656,2448
2025-06-05 15:00:00,1.07654,1.07694,1.07549,1.07642,5034
2025-06-05 16:00:00,1.07642,1.07669,1.07509,1.07576,6267
2025-06-05 17:00:00,1.07576,1.07735,1.07547,1.07711,5701
2025-06-05 18:00:00,1.07708,1.07831,1.07703,1.07813,4633
2025-06-05 19:00:00,1.07813,1.07836,1.07769,1.07779,3008
2025-06-05 20:00:00,1.07779,1.0781,1.07768,1.07778,2307
2025-06-05 21:00:00,1.07778,1.07799,1.07766,1.07782,2619
2025-06-05 22:00:00,1.07782,1.07806,1.07732,1.07778,2960
2025-06-05 23:00:00,1.07778,1.07811,1.0776,1.0777,1170
2025-06-06 00:00:00,1.07754,1.07754,1.07614,1.07703,681
2025-06-06 01:00:00,1.07703,1.0779,1.07699,1.07789,1076
2025-06-06 02:00:00,1.07789,1.07789,1.07705,1.07754,1275
2025-06-06 03:00:00,1.07754,1.07765,1.07671,1.0771,2889
2025-06-06 04:00:00,1.0771,1.0771,1.07624,1.07636,2817
2025-06-06 05:00:00,1.07636,1.07753,1.0759,1.07645,2550
2025-06-06 06:00:00,1.07645,1.07675,1.07555,1.07593,2057
2025-06-06 07:00:00,1.07593,1.07598,1.07513,1.07525,2042
2025-06-06 08:00:00,1.07525,1.07588,1.07523,1.07569,1929
2025-06-06 09:00:00,1.07569,1.07619,1.0753,1.076,2891
2025-06-06 10:00:00,1.076,1.07622,1.07547,1.07596,3277
2025-06-06 11:00:00,1.07596,1.07698,1.07586,1.07692,3122
2025-06-06 12:00:00,1.07693,1.07727,1.07638,1.07663,2791
2025-06-06 13:00:00,1.07663,1.07683,1.076,1.07607,2360
2025-06-06 14:00:00,1.07607,1.07661,1.07596,1.07638,2420
2025-06-06 15:00:00,1.07638,1.07769,1.07546,1.07757,6548
2025-06-06 16:00:00,1.07756,1.07898,1.07756,1.07898,6826
2025-06-06 17:00:00,1.07897,1.07917,1.07827,1.0787,6146
2025-06-06 18:00:00,1.0787,1.0795,1.07863,1.0793,5093
2025-06-06 19:00:00,1.0793,1.07963,1.07918,1.07955,3111
2025-06-06 20:00:00,1.07955,1.07968,1.07899,1.07909,3108
2025-06-06 21:00:00,1.07909,1.07921,1.07878,1.07885,3086
2025-06-06 22:00:00,1.07885,1.07941,1.07882,1.07922,1614
2025-06-06 23:00:00,1.07922,1.07931,1.07873,1.07878,1048
2025-06-09 00:00:00,1.0784,1.07852,1.07762,1.07771,413
2025-06-09 01:00:00,1.07771,1.07946,1.07748,1.0787,1472
2025-06-09 02:00:00,1.0787,1.07912,1.07843,1.07912,1065
2025-06-09 03:00:00,1.07912,1.08028,1.07875,1.07996,2349
2025-06-09 04:00:00,1.07996,1.08,1.07904,1.07947,2826
2025-06-09 05:00:00,1.07947,1.07949,1.07854,1.07894,3326
2025-06-09 06:00:00,1.07893,1.07899,1.07839,1.07887,2053
2025-06-09 07:00:00,1.07887,1.07949,1.07879,1.07913,1669
2025-06-09 08:00:00,1.07913,1.0796,1.07851,1.07894,2192
2025-06-09 09:00:00,1.07894,1.07902,1.0778,1.07803,2839
2025-06-09 10:00:00,1.07803,1.0782,1.07747,1.07777,3200
2025-06-09 11:00:00,1.07777,1.07777,1.07694,1.07738,3394
2025-06-09 12:00:00,1.07738,1.07753,1.07677,1.07702,2790
2025-06-09 13:00:00,1.07702,1.07766,1.077,1.0774,2996
2025-06-09 14:00:00,1.0774,1.07789,1.07738,1.07753,3308
2025-06-09 15:00:00,1.07753,1.0783,1.07738,1.07812,2841
2025-06-09 16:00:00,1.07812,1.0782,1.07765,1.07783,3320
2025-06-09 17:00:00,1.07783,1.07877,1.07758,1.0785,3877
2025-06-09 18:00:00,1.0785,1.07855,1.07738,1.07759,3231
2025-06-09 19:00:00,1.07759,1.07787,1.07758,1.07766,1989
2025-06-09 20:00:00,1.07766,1.07787,1.07758,1.07765,1584
2025-06-09 21:00:00,1.07765,1.07769,1.07745,1.07756,1853
2025-06-09 22:00:00,1.07755,1.07761,1.07718,1.07718,1439
2025-06-09 23:00:00,1.07718,1.07748,1.07715,1.07738,933
2025-06-10 00:00:00,1.07699,1.07738,1.07476,1.07726,735
2025-06-10 01:00:00,1.07726,1.07784,1.07706,1.07745,834
2025-06-10 02:00:00,1.07745,1.07749,1.0769,1.07723,1094
2025-06-10 03:00:00,1.07723,1.07731,1.07627,1.07664,2336
2025-06-10 04:00:00,1.07664,1.07886,1.07661,1.07866,3540
2025-06-10 05:00:00,1.07866,1.07956,1.07805,1.07925,4150
2025-06-10 06:00:00,1.07925,1.07972,1.07813,1.07814,3049
2025-06-10 07:00:00,1.07814,1.07853,1.07787,1.07793,2351
2025-06-10 08:00:00,1.07795,1.07798,1.07624,1.07698,4908
2025-06-10 09:00:00,1.07698,1.07766,1.07654,1.07703,5213
2025-06-10 10:00:00,1.07701,1.07758,1.07608,1.07749,4875
2025-06-10 11:00:00,1.07749,1.07789,1.07727,1.07777,3242
2025-06-10 12:00:00,1.07777,1.07828,1.07754,1.07758,3270
2025-06-10 13:00:00,1.07758,1.07777,1.07693,1.07696,3135
2025-06-10 14:00:00,1.07696,1.07737,1.07673,1.07735,3262
2025-06-10 15:00:00,1.07735,1.07782,1.07704,1.0776,3683
2025-06-10 16:00:00,1.0776,1.0785,1.0776,1.07849,4191
2025-06-10 17:00:00,1.07847,1.07924,1.07827,1.07924,4312
2025-06-10 18:00:00,1.07923,1.07951,1.079,1.07902,3493
2025-06-10 19:00:00,1.07902,1.07921,1.0788,1.07912,1643
2025-06-10 20:00:00,1.07912,1.07917,1.07888,1.07894,1853
2025-06-10 21:00:00,1.07894,1.07909,1.07873,1.07894,1817
2025-06-10 22:00:00,1.0789,1.07932,1.07815,1.07836,1873
2025-06-10 23:00:00,1.07836,1.07848,1.07747,1.07757,1286
2025-06-11 00:00:00,1.07737,1.07737,1.07508,1.07687,619
2025-06-11 01:00:00,1.07687,1.07802,1.07681,1.07782,943
2025-06-11 02:00:00,1.07782,1.07806,1.07707,1.07741,1965
2025-06-11 03:00:00,1.07741,1.07753,1.07687,1.07709,3910
2025-06-11 04:00:00,1.07709,1.07769,1.07692,1.07756,3281
2025-06-11 05:00:00,1.07756,1.07864,1.0775,1.07859,2801
2025-06-11 06:00:00,1.07859,1.0795,1.07827,1.07943,2080
2025-06-11 07:00:00,1.07943,1.07947,1.07879,1.07915,2169
2025-06-11 08:00:00,1.07915,1.07981,1.07906,1.0797,2035
2025-06-11 09:00:00,1.0797,1.08045,1.07952,1.07995,2920
2025-06-11 10:00:00,1.07995,1.08032,1.07935,1.07948,3558
2025-06-11 11:00:00,1.07948,1.07981,1.07896,1.0791,2918
2025-06-11 12:00:00,1.0791,1.07926,1.07866,1.07899,3275
2025-06-11 13:00:00,1.07899,1.07949,1.07865,1.07919,2231
2025-06-11 14:00:00,1.07919,1.0794,1.07902,1.07917,2550
2025-06-11 15:00:00,1.07919,1.07998,1.07549,1.07877,6974
2025-06-11 16:00:00,1.07877,1.07901,1.07804,1.07896,6217
2025-06-11 17:00:00,1.07898,1.07928,1.07862,1.07909,4885
2025-06-11 18:00:00,1.07909,1.07974,1.07849,1.0785,3557
2025-06-11 19:00:00,1.0785,1.07947,1.07844,1.07932,2654
2025-06-11 20:00:00,1.07932,1.07948,1.07883,1.07885,1854
2025-06-11 21:00:00,1.07885,1.0789,1.07817,1.0785,3040
2025-06-11 22:00:00,1.0785,1.07861,1.07796,1.07831,1902
2025-06-11 23:00:00,1.07831,1.0785,1.07806,1.07813,1303
2025-06-12 00:00:00,1.07747,1.07818,1.07576,1.07799,407
2025-06-12 01:00:00,1.07799,1.07857,1.07768,1.07836,1103
2025-06-12 02:00:00,1.07835,1.07852,1.07803,1.07835,1581
2025-06-12 03:00:00,1.07835,1.07871,1.07782,1.07796,3621
2025-06-12 04:00:00,1.07796,1.07845,1.07703,1.07814,4436
2025-06-12 05:00:00,1.07814,1.07836,1.07732,1.0782,3557
2025-06-12 06:00:00,1.0782,1.07825,1.07664,1.07671,2915
2025-06-12 07:00:00,1.07671,1.07699,1.07631,1.07644,2555
2025-06-12 08:00:00,1.07644,1.07709,1.07615,1.07646,3177
2025-06-12 09:00:00,1.07646,1.07799,1.07611,1.07799,4420
2025-06-12 10:00:00,1.07799,1.07884,1.07777,1.07781,4794
2025-06-12 11:00:00,1.07781,1.07792,1.07704,1.07747,3935
2025-06-12 12:00:00,1.07747,1.0776,1.07629,1.07699,4118
2025-06-12 13:00:00,1.07699,1.07769,1.07675,1.07711,4898
2025-06-12 14:00:00,1.07711,1.07716,1.07589,1.07631,3900
2025-06-12 15:00:00,1.07631,1.07672,1.07536,1.07637,5273
2025-06-12 16:00:00,1.07639,1.07681,1.07614,1.07636,5172
2025-06-12 17:00:00,1.07636,1.07693,1.07623,1.07652,4723
2025-06-12 18:00:00,1.07652,1.07666,1.07593,1.07624,4629
2025-06-12 19:00:00,1.07624,1.07693,1.07623,1.07678,2426
2025-06-12 20:00:00,1.07678,1.07706,1.0767,1.07698,1700
2025-06-12 21:00:00,1.07698,1.07712,1.07662,1.07669,1406
2025-06-12 22:00:00,1.07669,1.07682,1.07628,1.07646,1583
2025-06-12 23:00:00,1.07646,1.07674,1.07602,1.07618,1151
2025-06-13 00:00:00,1.07611,1.07611,1.07488,1.07528,413
2025-06-13 01:00:00,1.07528,1.07682,1.07522,1.07653,1045
2025-06-13 02:00:00,1.07653,1.07692,1.07606,1.07616,1559
2025-06-13 03:00:00,1.07617,1.07736,1.07537,1.07696,10593
2025-06-13 04:00:00,1.07696,1.07703,1.07509,1.07524,7747
2025-06-13 05:00:00,1.07524,1.07579,1.07455,1.07557,6342
2025-06-13 06:00:00,1.07557,1.07649,1.07547,1.07566,4497
2025-06-13 07:00:00,1.07566,1.07711,1.07557,1.07686,3709
2025-06-13 08:00:00,1.07686,1.07732,1.07643,1.07682,4217
2025-06-13 09:00:00,1.07681,1.07723,1.07625,1.07668,4740
2025-06-13 10:00:00,1.07668,1.07791,1.0766,1.07782,5727
2025-06-13 11:00:00,1.07783,1.07834,1.07761,1.0781,4648
2025-06-13 12:00:00,1.0781,1.07866,1.078,1.07851,4412
2025-06-13 13:00:00,1.07851,1.07887,1.07774,1.07808,4640
2025-06-13 14:00:00,1.07808,1.07841,1.07779,1.07808,3825
2025-06-13 15:00:00,1.07808,1.07853,1.07804,1.07834,3312
2025-06-13 16:00:00,1.07836,1.07842,1.0771,1.0773,4079
2025-06-13 17:00:00,1.07727,1.07805,1.07715,1.07797,5528
2025-06-13 18:00:00,1.07797,1.07898,1.07774,1.07893,4140
2025-06-13 19:00:00,1.07893,1.07925,1.07865,1.07876,2764
2025-06-13 20:00:00,1.07878,1.07893,1.07856,1.07882,2940
2025-06-13 21:00:00,1.07882,1.07883,1.07814,1.07839,3341
2025-06-13 22:00:00,1.07841,1.07852,1.07814,1.07832,2472
2025-06-13 23:00:00,1.07833,1.07879,1.07789,1.07807,1929
2025-06-16 00:00:00,1.07761,1.07894,1.07612,1.07724,1764
2025-06-16 01:00:00,1.07724,1.07948,1.07677,1.07904,5788
2025-06-16 02:00:00,1.07904,1.0794,1.07871,1.07881,2322
2025-06-16 03:00:00,1.07881,1.07895,1.07753,1.07763,4096
2025-06-16 04:00:00,1.07767,1.07768,1.07633,1.07681,5223
2025-06-16 05:00:00,1.07681,1.07731,1.07635,1.07649,5074
2025-06-16 06:00:00,1.07649,1.07749,1.07604,1.07716,5070
2025-06-16 07:00:00,1.07716,1.078,1.07677,1.07741,3563
2025-06-16 08:00:00,1.07741,1.07823,1.07708,1.07817,4716
2025-06-16 09:00:00,1.07816,1.07916,1.07764,1.07853,5125
2025-06-16 10:00:00,1.07848,1.07945,1.07848,1.07929,4812
2025-06-16 11:00:00,1.07929,1.07938,1.07836,1.07842,3748
2025-06-16 12:00:00,1.07842,1.07865,1.07794,1.07828,3652
2025-06-16 13:00:00,1.07828,1.07856,1.07799,1.07807,3134
2025-06-16 14:00:00,1.07807,1.07838,1.07756,1.07778,3146
2025-06-16 15:00:00,1.07778,1.07814,1.07718,1.07735,4675
2025-06-16 16:00:00,1.07735,1.07759,1.07692,1.07709,6012
2025-06-16 17:00:00,1.07709,1.07717,1.076,1.07673,6753
2025-06-16 18:00:00,1.07673,1.07675,1.07598,1.07635,4886
2025-06-16 19:00:00,1.07635,1.07689,1.07621,1.07678,3444
2025-06-16 20:00:00,1.07678,1.07727,1.07674,1.07696,3259
2025-06-16 21:00:00,1.07696,1.07705,1.07662,1.07683,2474
2025-06-16 22:00:00,1.07681,1.07709,1.0763,1.07649,2419
2025-06-16 23:00:00,1.07649,1.07706,1.07608,1.07627,1355
2025-06-17 00:00:00,1.07619,1.07631,1.07382,1.07624,985
2025-06-17 01:00:00,1.07624,1.07692,1.07542,1.07646,2441
2025-06-17 02:00:00,1.07646,1.07672,1.07584,1.07597,2267
2025-06-17 03:00:00,1.07596,1.07638,1.07559,1.07611,5107
2025-06-17 04:00:00,1.07611,1.07662,1.07581,1.07647,4161
2025-06-17 05:00:00,1.07648,1.07701,1.07603,1.07664,4721
2025-06-17 06:00:00,1.07664,1.07677,1.07606,1.0764,4641
2025-06-17 07:00:00,1.0764,1.07715,1.07605,1.0771,3392
2025-06-17 08:00:00,1.0771,1.07736,1.07678,1.07714,3464
2025-06-17 09:00:00,1.07714,1.07795,1.07704,1.07732,4319
2025-06-17 10:00:00,1.07732,1.07784,1.07664,1.07722,5364
2025-06-17 11:00:00,1.07722,1.07729,1.07647,1.07682,3836
2025-06-17 12:00:00,1.07682,1.07708,1.07616,1.07677,4326
2025-06-17 13:00:00,1.07675,1.07686,1.07625,1.07647,2725
2025-06-17 14:00:00,1.07647,1.07652,1.07589,1.07628,3430
2025-06-17 15:00:00,1.07627,1.07642,1.07519,1.07612,5016
2025-06-17 16:00:00,1.07612,1.07648,1.07553,1.07631,5090
2025-06-17 17:00:00,1.07629,1.07679,1.07575,1.07632,6641
2025-06-17 18:00:00,1.07634,1.07634,1.07548,1.07585,4639
2025-06-17 19:00:00,1.07587,1.07621,1.07567,1.07579,4480
2025-06-17 20:00:00,1.07579,1.07607,1.07553,1.0758,5087
2025-06-17 21:00:00,1.0758,1.07616,1.07561,1.07611,4281
2025-06-17 22:00:00,1.07609,1.07675,1.076,1.07631,2941
2025-06-17 23:00:00,1.07631,1.07682,1.07628,1.07648,2231
2025-06-18 00:00:00,1.0762,1.07652,1.07366,1.07502,568
2025-06-18 01:00:00,1.07502,1.07687,1.07493,1.07637,1659
2025-06-18 02:00:00,1.07637,1.07694,1.07609,1.0767,2464
2025-06-18 03:00:00,1.07672,1.07763,1.07621,1.07676,6220
2025-06-18 04:00:00,1.07676,1.0773,1.07647,1.07664,5459
2025-06-18 05:00:00,1.07664,1.07714,1.07625,1.07666,4191
2025-06-18 06:00:00,1.07668,1.07736,1.07661,1.07723,2890
2025-06-18 07:00:00,1.07723,1.07794,1.0772,1.0778,3009
2025-06-18 08:00:00,1.07779,1.07826,1.07723,1.07809,3221
2025-06-18 09:00:00,1.07809,1.07862,1.07759,1.07825,4735
2025-06-18 10:00:00,1.07825,1.0785,1.07773,1.07795,4117
2025-06-18 11:00:00,1.07795,1.07831,1.07782,1.07818,3623
2025-06-18 12:00:00,1.07818,1.07826,1.07779,1.07803,3293
2025-06-18 13:00:00,1.07803,1.07829,1.07781,1.07793,3642
2025-06-18 14:00:00,1.07793,1.07885,1.07787,1.0787,2537
2025-06-18 15:00:00,1.0787,1.07882,1.07789,1.07838,3892
2025-06-18 16:00:00,1.07836,1.07883,1.07819,1.0784,4854
2025-06-18 17:00:00,1.07842,1.079,1.07817,1.07886,7226
2025-06-18 18:00:00,1.07884,1.07897,1.07819,1.07836,4855
2025-06-18 19:00:00,1.07836,1.07887,1.0783,1.0788,3748
2025-06-18 20:00:00,1.0788,1.07935,1.07845,1.07845,2983
2025-06-18 21:00:00,1.07831,1.07959,1.07682,1.0792,10200
2025-06-18 22:00:00,1.0792,1.07974,1.07903,1.0795,6627
2025-06-18 23:00:00,1.0795,1.07976,1.07929,1.07943,1664
2025-06-19 00:00:00,1.07916,1.07916,1.07614,1.07816,549
2025-06-19 01:00:00,1.07816,1.07973,1.07789,1.0793,1447
2025-06-19 02:00:00,1.0793,1.07955,1.079,1.07932,1971
2025-06-19 03:00:00,1.07932,1.07967,1.07904,1.07943,3969
2025-06-19 04:00:00,1.07943,1.08144,1.07864,1.08143,6254
2025-06-19 05:00:00,1.08143,1.08246,1.08052,1.08144,5055
2025-06-19 06:00:00,1.08144,1.08275,1.08125,1.08271,3990
2025-06-19 07:00:00,1.08271,1.0829,1.08179,1.08214,3408
2025-06-19 08:00:00,1.08214,1.08275,1.08192,1.08258,3597
2025-06-19 09:00:00,1.08258,1.08361,1.08226,1.08347,5083
2025-06-19 10:00:00,1.08347,1.08356,1.08228,1.08268,4730
2025-06-19 11:00:00,1.08268,1.08284,1.08186,1.08188,4196
2025-06-19 12:00:00,1.08188,1.08218,1.08127,1.08204,3671
2025-06-19 13:00:00,1.08204,1.08274,1.08191,1.08205,2984
2025-06-19 14:00:00,1.08207,1.0823,1.08141,1.08145,3338
2025-06-19 15:00:00,1.08145,1.08202,1.08129,1.08202,3577
2025-06-19 16:00:00,1.082,1.08213,1.08123,1.08125,4101
2025-06-19 17:00:00,1.08125,1.08211,1.08105,1.08177,4979
2025-06-19 18:00:00,1.08177,1.08225,1.08119,1.08143,2748
2025-06-19 19:00:00,1.0814,1.08171,1.08118,1.08158,1764
2025-06-19 20:00:00,1.08158,1.0818,1.08119,1.08167,1488
2025-06-19 21:00:00,1.08167,1.08167,1.08129,1.08142,1707
2025-06-19 22:00:00,1.08142,1.08145,1.08085,1.08097,1512
2025-06-19 23:00:00,1.08097,1.08153,1.08091,1.08105,1119
2025-06-20 00:00:00,1.08052,1.08082,1.07867,1.07982,589
2025-06-20 01:00:00,1.07982,1.08165,1.07972,1.0813,1884
2025-06-20 02:00:00,1.0813,1.08152,1.08067,1.08094,2177
2025-06-20 03:00:00,1.08093,1.08126,1.08056,1.08066,4266
2025-06-20 04:00:00,1.08064,1.08114,1.08035,1.08109,5060
2025-06-20 05:00:00,1.08109,1.08219,1.08089,1.08209,3431
2025-06-20 06:00:00,1.08209,1.08222,1.08103,1.08115,3587
2025-06-20 07:00:00,1.08115,1.08144,1.08075,1.08106,2821
2025-06-20 08:00:00,1.08106,1.08176,1.08053,1.08069,3564
2025-06-20 09:00:00,1.08069,1.08099,1.07993,1.08023,4987
2025-06-20 10:00:00,1.08023,1.08163,1.08022,1.08154,4033
2025-06-20 11:00:00,1.08152,1.08222,1.08123,1.08209,3908
2025-06-20 12:00:00,1.08209,1.08242,1.08191,1.08232,2755
2025-06-20 13:00:00,1.08232,1.08291,1.08202,1.08289,2505
2025-06-20 14:00:00,1.08289,1.083,1.08243,1.08293,3182
2025-06-20 15:00:00,1.08293,1.08329,1.08271,1.083,4917
2025-06-20 16:00:00,1.08302,1.08332,1.08223,1.08237,4765
2025-06-20 17:00:00,1.08237,1.08326,1.08232,1.0828,5795
2025-06-20 18:00:00,1.08282,1.08282,1.08143,1.08152,5091
2025-06-20 19:00:00,1.08152,1.08171,1.08088,1.08107,3473
2025-06-20 20:00:00,1.08107,1.08122,1.08056,1.08105,2703
2025-06-20 21:00:00,1.08105,1.08133,1.08084,1.08113,2964
2025-06-20 22:00:00,1.08113,1.08134,1.08097,1.08101,2278
2025-06-20 23:00:00,1.08101,1.08136,1.07956,1.0796,2096
2025-06-23 00:00:00,1.07895,1.08089,1.07488,1.07945,466
2025-06-23 01:00:00,1.07945,1.08277,1.07826,1.08091,4379
2025-06-23 02:00:00,1.08091,1.08145,1.08044,1.08125,3247
2025-06-23 03:00:00,1.08125,1.08138,1.07985,1.08118,5920
2025-06-23 04:00:00,1.08118,1.08143,1.08046,1.08079,6296
2025-06-23 05:00:00,1.08079,1.08086,1.07963,1.07994,5104
2025-06-23 06:00:00,1.07992,1.08126,1.07985,1.08103,4720
2025-06-23 07:00:00,1.08103,1.08186,1.0809,1.08154,3592
2025-06-23 08:00:00,1.08154,1.08252,1.08154,1.0824,4761
2025-06-23 09:00:00,1.0824,1.08276,1.08208,1.08271,5649
2025-06-23 10:00:00,1.08271,1.08318,1.08243,1.08299,5304
2025-06-23 11:00:00,1.08299,1.08395,1.08261,1.08265,4476
2025-06-23 12:00:00,1.08265,1.0836,1.08246,1.08302,6129
2025-06-23 13:00:00,1.08302,1.08359,1.08265,1.08334,4303
2025-06-23 14:00:00,1.08334,1.08358,1.08284,1.08295,3967
2025-06-23 15:00:00,1.08295,1.08382,1.0828,1.08365,5221
2025-06-23 16:00:00,1.08365,1.08411,1.08264,1.08286,6195
2025-06-23 17:00:00,1.08284,1.08321,1.08119,1.08161,8834
2025-06-23 18:00:00,1.08161,1.08202,1.08097,1.08124,6084
2025-06-23 19:00:00,1.08126,1.08152,1.08055,1.08093,6733
2025-06-23 20:00:00,1.08091,1.08152,1.08056,1.08115,6848
2025-06-23 21:00:00,1.08115,1.08145,1.08037,1.08052,4602
2025-06-23 22:00:00,1.08052,1.08066,1.0802,1.08048,2548
2025-06-23 23:00:00,1.08047,1.08085,1.08028,1.08051,1641
2025-06-24 00:00:00,1.08001,1.08244,1.079,1.08028,258
2025-06-24 01:00:00,1.08028,1.08138,1.08004,1.0813,2782
2025-06-24 02:00:00,1.0813,1.08133,1.08042,1.08061,3081
2025-06-24 03:00:00,1.08061,1.08092,1.08016,1.08058,5581
2025-06-24 04:00:00,1.08058,1.08133,1.0804,1.08102,4725
2025-06-24 05:00:00,1.08101,1.08134,1.07991,1.08033,3689
2025-06-24 06:00:00,1.08033,1.08087,1.07978,1.08066,3256
2025-06-24 07:00:00,1.08066,1.08089,1.07973,1.07989,3437
2025-06-24 08:00:00,1.07989,1.08055,1.07974,1.08014,3148
2025-06-24 09:00:00,1.08014,1.08022,1.07924,1.07951,5767
2025-06-24 10:00:00,1.07951,1.08011,1.07915,1.07972,6930
2025-06-24 11:00:00,1.07973,1.08034,1.07953,1.07971,5676
2025-06-24 12:00:00,1.0797,1.07975,1.07872,1.07912,3575
2025-06-24 13:00:00,1.07912,1.07926,1.07887,1.07912,3046
2025-06-24 14:00:00,1.07912,1.07926,1.07872,1.0791,3804
2025-06-24 15:00:00,1.07911,1.07967,1.07882,1.0796,4853
2025-06-24 16:00:00,1.0796,1.07984,1.07921,1.07961,5990
2025-06-24 17:00:00,1.07964,1.08088,1.07906,1.08032,7746
2025-06-24 18:00:00,1.08032,1.08049,1.07983,1.08043,5579
2025-06-24 19:00:00,1.08041,1.0806,1.08026,1.08052,2988
2025-06-24 20:00:00,1.08052,1.08087,1.08038,1.08071,2527
2025-06-24 21:00:00,1.08071,1.08083,1.08051,1.08081,2511
2025-06-24 22:00:00,1.08081,1.08092,1.08043,1.0808,2162
2025-06-24 23:00:00,1.08078,1.08093,1.08006,1.08027,1755
2025-06-25 00:00:00,1.08017,1.08102,1.07873,1.0794,267
2025-06-25 01:00:00,1.0794,1.08061,1.0794,1.08034,931
2025-06-25 02:00:00,1.08034,1.08051,1.07989,1.08049,1149
2025-06-25 03:00:00,1.08049,1.08053,1.0794,1.0795,3017
2025-06-25 04:00:00,1.0795,1.08009,1.07855,1.07913,4958
2025-06-25 05:00:00,1.07911,1.07914,1.0781,1.07832,3368
2025-06-25 06:00:00,1.0783,1.07832,1.07695,1.07777,2785
2025-06-25 07:00:00,1.07777,1.07811,1.07744,1.07798,2486
2025-06-25 08:00:00,1.078,1.07852,1.07731,1.07836,2926
2025-06-25 09:00:00,1.07836,1.07887,1.07818,1.07868,3870
2025-06-25 10:00:00,1.0787,1.07914,1.07843,1.07856,4410
2025-06-25 11:00:00,1.07856,1.07894,1.07829,1.07849,3738
2025-06-25 12:00:00,1.07849,1.07912,1.07842,1.07899,3311
2025-06-25 13:00:00,1.07901,1.07904,1.07861,1.079,2117
2025-06-25 14:00:00,1.079,1.07943,1.07875,1.07943,3139
2025-06-25 15:00:00,1.07941,1.0796,1.0791,1.07946,4096
2025-06-25 16:00:00,1.07946,1.0797,1.07821,1.07825,4495
2025-06-25 17:00:00,1.07829,1.07855,1.07746,1.07844,5863
2025-06-25 18:00:00,1.07844,1.07868,1.07808,1.0784,3715
2025-06-25 19:00:00,1.0784,1.07878,1.07814,1.07878,2896
2025-06-25 20:00:00,1.07878,1.0788,1.0784,1.0785,3523
2025-06-25 21:00:00,1.0785,1.0786,1.07803,1.07824,3056
2025-06-25 22:00:00,1.07824,1.07834,1.07789,1.07826,2151
2025-06-25 23:00:00,1.07826,1.07856,1.07813,1.07842,1499
2025-06-26 00:00:00,1.07781,1.07781,1.07644,1.0771,425
2025-06-26 01:00:00,1.0771,1.07807,1.077,1.07807,1156
2025-06-26 02:00:00,1.07807,1.07809,1.07711,1.07724,2436
2025-06-26 03:00:00,1.07724,1.07804,1.07695,1.07784,3342
2025-06-26 04:00:00,1.07784,1.07978,1.07777,1.07912,4158
2025-06-26 05:00:00,1.0791,1.07956,1.07777,1.0779,3870
2025-06-26 06:00:00,1.0779,1.07826,1.07723,1.07782,4137
2025-06-26 07:00:00,1.07782,1.07843,1.07742,1.07814,3142
2025-06-26 08:00:00,1.07814,1.0789,1.07813,1.0788,2997
2025-06-26 09:00:00,1.07882,1.07965,1.0787,1.07932,5295
2025-06-26 10:00:00,1.07929,1.07951,1.0789,1.07913,5212
2025-06-26 11:00:00,1.07913,1.07927,1.07831,1.07843,5245
2025-06-26 12:00:00,1.07843,1.07868,1.07807,1.07855,5228
2025-06-26 13:00:00,1.07855,1.079,1.07841,1.07892,3436
2025-06-26 14:00:00,1.07894,1.0797,1.07885,1.07968,3842
2025-06-26 15:00:00,1.07968,1.08015,1.07844,1.08003,5706
2025-06-26 16:00:00,1.08001,1.08065,1.07962,1.07975,6889
2025-06-26 17:00:00,1.07977,1.08041,1.07941,1.07974,7455
2025-06-26 18:00:00,1.07974,1.08036,1.07963,1.08007,5340
2025-06-26 19:00:00,1.08008,1.08042,1.07999,1.08027,3585
2025-06-26 20:00:00,1.08027,1.08078,1.0801,1.08067,3390
2025-06-26 21:00:00,1.08067,1.08072,1.0799,1.08011,2748
2025-06-26 22:00:00,1.08011,1.08051,1.07992,1.08042,2760
2025-06-26 23:00:00,1.08041,1.08074,1.0803,1.08064,1563
2025-06-27 00:00:00,1.07991,1.0825,1.07828,1.07978,574
2025-06-27 01:00:00,1.07978,1.08086,1.07978,1.08074,1164
2025-06-27 02:00:00,1.08074,1.08084,1.08008,1.08043,1532
2025-06-27 03:00:00,1.08043,1.08065,1.07995,1.08026,3120
2025-06-27 04:00:00,1.08024,1.08036,1.0796,1.08013,4768
2025-06-27 05:00:00,1.08013,1.08045,1.07932,1.07942,3440
2025-06-27 06:00:00,1.07942,1.08004,1.07903,1.07936,3020
2025-06-27 07:00:00,1.07936,1.07986,1.079,1.0796,1961
2025-06-27 08:00:00,1.0796,1.07992,1.0787,1.07882,2623
2025-06-27 09:00:00,1.0788,1.07945,1.07875,1.0791,4270
2025-06-27 10:00:00,1.0791,1.07968,1.07898,1.07912,4440
2025-06-27 11:00:00,1.07912,1.07915,1.07866,1.07888,3593
2025-06-27 12:00:00,1.07888,1.07929,1.07817,1.07819,3389
2025-06-27 13:00:00,1.07817,1.07866,1.07806,1.0785,3589
2025-06-27 14:00:00,1.0785,1.07861,1.07805,1.07819,3456
2025-06-27 15:00:00,1.07819,1.07867,1.07811,1.07832,5780
2025-06-27 16:00:00,1.0783,1.07889,1.07788,1.07797,6064
2025-06-27 17:00:00,1.07788,1.07839,1.07727,1.07759,5817
2025-06-27 18:00:00,1.07761,1.0784,1.07754,1.07802,4744
2025-06-27 19:00:00,1.07801,1.07808,1.07772,1.07778,3729
2025-06-27 20:00:00,1.07778,1.07826,1.07753,1.07785,4475
2025-06-27 21:00:00,1.07783,1.07821,1.07775,1.07807,5064
2025-06-27 22:00:00,1.07807,1.07826,1.07765,1.07797,2603
2025-06-27 23:00:00,1.07797,1.0782,1.0767,1.07702,1679
2025-06-30 00:00:00,1.07788,1.07844,1.07748,1.07809,365
2025-06-30 01:00:00,1.07809,1.07859,1.07718,1.07772,2481
2025-06-30 02:00:00,1.07772,1.07778,1.077,1.07744,1293
2025-06-30 03:00:00,1.07744,1.07757,1.07672,1.07675,3834
2025-06-30 04:00:00,1.07677,1.07711,1.07631,1.07676,3846
2025-06-30 05:00:00,1.07676,1.07744,1.07642,1.07741,4083
2025-06-30 06:00:00,1.07741,1.07752,1.07673,1.07701,2579
2025-06-30 07:00:00,1.07701,1.07737,1.07696,1.07721,2263
2025-06-30 08:00:00,1.07722,1.07728,1.07633,1.07669,2824
2025-06-30 09:00:00,1.07669,1.07676,1.07611,1.0763,4832
2025-06-30 10:00:00,1.0763,1.07745,1.0762,1.07727,4891
2025-06-30 11:00:00,1.07727,1.07747,1.07702,1.07724,3624
2025-06-30 12:00:00,1.07724,1.07736,1.07663,1.07671,3774
2025-06-30 13:00:00,1.07671,1.07742,1.07664,1.07724,3105
2025-06-30 14:00:00,1.07724,1.07758,1.07718,1.07744,2602
2025-06-30 15:00:00,1.07744,1.07793,1.0771,1.07787,3602
2025-06-30 16:00:00,1.07787,1.07881,1.07778,1.07866,4506
2025-06-30 17:00:00,1.07866,1.07978,1.07755,1.07941,6760
2025-06-30 18:00:00,1.07942,1.07952,1.07884,1.07919,5922
2025-06-30 19:00:00,1.07919,1.07947,1.07891,1.07921,4090
2025-06-30 20:00:00,1.07922,1.07958,1.07905,1.07944,3311
2025-06-30 21:00:00,1.07944,1.07978,1.07923,1.07948,3287
2025-06-30 22:00:00,1.07946,1.0797,1.07929,1.07961,2407
2025-06-30 23:00:00,1.07962,1.07968,1.07915,1.07923,1411
2025-07-01 00:00:00,1.07908,1.07916,1.07694,1.07908,1121
2025-07-01 01:00:00,1.07904,1.0801,1.07891,1.07982,956
2025-07-01 02:00:00,1.07981,1.07999,1.0794,1.07956,1060
2025-07-01 03:00:00,1.07956,1.07971,1.07897,1.07918,2349
2025-07-01 04:00:00,1.07918,1.07933,1.07835,1.0786,3256
2025-07-01 05:00:00,1.0786,1.07903,1.07847,1.079,2708
2025-07-01 06:00:00,1.079,1.07925,1.07869,1.07909,2492
2025-07-01 07:00:00,1.07909,1.07923,1.0785,1.07872,2726
2025-07-01 08:00:00,1.07872,1.07879,1.07822,1.07854,3094
2025-07-01 09:00:00,1.07857,1.07873,1.07803,1.0784,3984
2025-07-01 10:00:00,1.0784,1.07853,1.0774,1.07755,4469
2025-07-01 11:00:00,1.07755,1.07789,1.07681,1.07713,4105
2025-07-01 12:00:00,1.07713,1.07737,1.07664,1.07689,4316
2025-07-01 13:00:00,1.07689,1.07714,1.07659,1.07687,2716
2025-07-01 14:00:00,1.07687,1.07741,1.07677,1.07731,3436
2025-07-01 15:00:00,1.07731,1.07767,1.07723,1.07751,4285
2025-07-01 16:00:00,1.07751,1.07822,1.07721,1.07745,5302
2025-07-01 17:00:00,1.07732,1.07903,1.0765,1.0787,7964
2025-07-01 18:00:00,1.07871,1.07955,1.07858,1.0795,5944
2025-07-01 19:00:00,1.0795,1.07978,1.0794,1.07948,3441
2025-07-01 20:00:00,1.07948,1.07962,1.07914,1.07955,2623
2025-07-01 21:00:00,1.07955,1.0796,1.0791,1.0794,2139
2025-07-01 22:00:00,1.0794,1.07962,1.07892,1.07928,2283
2025-07-01 23:00:00,1.07928,1.07949,1.07913,1.07927,1382
2025-07-02 00:00:00,1.07913,1.07913,1.07562,1.07765,473
2025-07-02 01:00:00,1.07765,1.07902,1.07765,1.07879,905
2025-07-02 02:00:00,1.07879,1.07894,1.07858,1.07872,1232
2025-07-02 03:00:00,1.07872,1.07884,1.07799,1.07804,3125
2025-07-02 04:00:00,1.07804,1.07825,1.07756,1.07799,3787
2025-07-02 05:00:00,1.07799,1.07807,1.07762,1.07786,2749
2025-07-02 06:00:00,1.07786,1.07834,1.07764,1.07821,2729
2025-07-02 07:00:00,1.07821,1.07866,1.07797,1.07832,2531
2025-07-02 08:00:00,1.07832,1.07912,1.07822,1.07912,2790
2025-07-02 09:00:00,1.07912,1.0797,1.07905,1.07951,3311
2025-07-02 10:00:00,1.07951,1.08011,1.07935,1.07946,4233
2025-07-02 11:00:00,1.07946,1.08044,1.07924,1.08033,3263
2025-07-02 12:00:00,1.08033,1.08103,1.0801,1.0809,2852
2025-07-02 13:00:00,1.0809,1.08121,1.08069,1.08099,2883
2025-07-02 14:00:00,1.08099,1.08171,1.08096,1.08145,3464
2025-07-02 15:00:00,1.08145,1.08203,1.08096,1.08191,7975
2025-07-02 16:00:00,1.08191,1.08216,1.08138,1.08184,6728
2025-07-02 17:00:00,1.08184,1.08189,1.08103,1.08157,5862
2025-07-02 18:00:00,1.08157,1.08194,1.08126,1.08147,4513
2025-07-02 19:00:00,1.08147,1.08168,1.08122,1.08155,3284
2025-07-02 20:00:00,1.08155,1.08162,1.08115,1.08143,3148
2025-07-02 21:00:00,1.08143,1.08157,1.08024,1.08134,2595
2025-07-02 22:00:00,1.08134,1.08164,1.08106,1.08136,1849
2025-07-02 23:00:00,1.08138,1.08195,1.08111,1.08113,1318
2025-07-03 00:00:00,1.08052,1.08073,1.07874,1.08058,869
2025-07-03 01:00:00,1.08058,1.08156,1.08058,1.08123,1155
2025-07-03 02:00:00,1.08127,1.08153,1.081,1.08106,1353
2025-07-03 03:00:00,1.08106,1.08115,1.08012,1.08058,3490
2025-07-03 04:00:00,1.08058,1.08107,1.08053,1.08102,3441
2025-07-03 05:00:00,1.08102,1.08176,1.08069,1.08161,2980
2025-07-03 06:00:00,1.0816,1.08251,1.08155,1.08243,2433
2025-07-03 07:00:00,1.08243,1.08257,1.08194,1.08231,1918
2025-07-03 08:00:00,1.08231,1.08243,1.0818,1.0823,2334
2025-07-03 09:00:00,1.0823,1.08291,1.08192,1.08266,2893
2025-07-03 10:00:00,1.08268,1.08288,1.08188,1.08279,3794
2025-07-03 11:00:00,1.08279,1.08288,1.08224,1.08235,3420
2025-07-03 12:00:00,1.08233,1.0829,1.08231,1.08289,3009
2025-07-03 13:00:00,1.08289,1.08302,1.08257,1.08271,2536
2025-07-03 14:00:00,1.08271,1.08336,1.08261,1.08327,3012
2025-07-03 15:00:00,1.08327,1.08406,1.08122,1.08352,8016
2025-07-03 16:00:00,1.08352,1.08457,1.08185,1.08185,7964
2025-07-03 17:00:00,1.08196,1.0836,1.08166,1.08331,7696
2025-07-03 18:00:00,1.08332,1.08357,1.0831,1.08343,5257
2025-07-03 19:00:00,1.08343,1.08359,1.0829,1.08294,3276
2025-07-03 20:00:00,1.08296,1.08335,1.08278,1.0832,1251
2025-07-03 21:00:00,1.0832,1.08326,1.08288,1.08295,1098
2025-07-03 22:00:00,1.08295,1.08324,1.08284,1.08305,1201
2025-07-03 23:00:00,1.08305,1.0831,1.08223,1.08241,1463
2025-07-04 00:00:00,1.08092,1.08255,1.08036,1.08192,770
2025-07-04 01:00:00,1.08192,1.08284,1.08178,1.08263,1199
2025-07-04 02:00:00,1.08263,1.08276,1.08175,1.08189,1303
2025-07-04 03:00:00,1.08189,1.082,1.08127,1.08163,3116
2025-07-04 04:00:00,1.08159,1.08275,1.08137,1.08235,4121
2025-07-04 05:00:00,1.08235,1.08265,1.08202,1.08248,2835
2025-07-04 06:00:00,1.08248,1.08248,1.08168,1.08237,2305
2025-07-04 07:00:00,1.08237,1.08254,1.08203,1.08219,2448
2025-07-04 08:00:00,1.08219,1.08258,1.08212,1.08226,2573
2025-07-04 09:00:00,1.08226,1.08253,1.08127,1.08164,3313
2025-07-04 10:00:00,1.08167,1.08183,1.08103,1.08152,4580
2025-07-04 11:00:00,1.08152,1.08161,1.08091,1.08133,3489
2025-07-04 12:00:00,1.08133,1.08149,1.081,1.08137,3387
2025-07-04 13:00:00,1.08137,1.08158,1.08121,1.08151,3619
2025-07-04 14:00:00,1.08151,1.08183,1.08122,1.08172,3293
2025-07-04 15:00:00,1.08172,1.08174,1.08118,1.08143,3121
2025-07-04 16:00:00,1.08143,1.08177,1.08126,1.08158,3141
2025-07-04 17:00:00,1.08158,1.0822,1.081,1.08204,3697
2025-07-04 18:00:00,1.08205,1.08228,1.0817,1.08187,2719
2025-07-04 19:00:00,1.08187,1.08201,1.08161,1.08185,1563
2025-07-04 20:00:00,1.08185,1.08203,1.08141,1.08177,5054
2025-07-04 21:00:00,1.08177,1.08219,1.08162,1.08179,7810
2025-07-04 22:00:00,1.08179,1.08222,1.08124,1.08204,7047
2025-07-04 23:00:00,1.08209,1.08228,1.08006,1.08006,12569
2025-07-07 00:00:00,1.08091,1.08092,1.07876,1.07976,391
2025-07-07 01:00:00,1.07976,1.0825,1.0796,1.08187,1640
2025-07-07 02:00:00,1.08187,1.08289,1.08167,1.08267,1485
2025-07-07 03:00:00,1.08267,1.08288,1.08175,1.0826,4119
2025-07-07 04:00:00,1.0826,1.08291,1.08155,1.08206,4572
2025-07-07 05:00:00,1.08206,1.08294,1.08184,1.08271,3843
2025-07-07 06:00:00,1.08271,1.08271,1.08168,1.08241,3083
2025-07-07 07:00:00,1.08241,1.08263,1.08178,1.08224,2964
2025-07-07 08:00:00,1.08224,1.08264,1.08161,1.08239,3567
2025-07-07 09:00:00,1.08239,1.08303,1.08206,1.08263,4292
2025-07-07 10:00:00,1.08263,1.08321,1.08241,1.0831,4736
2025-07-07 11:00:00,1.0831,1.08347,1.08276,1.08325,4231
2025-07-07 12:00:00,1.08327,1.08358,1.08253,1.08317,3581
2025-07-07 13:00:00,1.08317,1.08334,1.08298,1.0831,3156
2025-07-07 14:00:00,1.08314,1.08377,1.08303,1.08331,3091
2025-07-07 15:00:00,1.08331,1.08444,1.08321,1.08424,3636
2025-07-07 16:00:00,1.08424,1.0845,1.08308,1.08321,4389
2025-07-07 17:00:00,1.08321,1.08363,1.08288,1.083,4675
2025-07-07 18:00:00,1.08302,1.08346,1.08286,1.08306,3610
2025-07-07 19:00:00,1.08309,1.08321,1.08273,1.0828,5541
2025-07-07 20:00:00,1.0828,1.08296,1.08245,1.08263,4722
2025-07-07 21:00:00,1.08263,1.08296,1.08247,1.08289,4111
2025-07-07 22:00:00,1.08289,1.08314,1.08259,1.08291,2642
2025-07-07 23:00:00,1.08291,1.08315,1.08256,1.08266,1209
2025-07-08 00:00:00,1.08263,1.08263,1.0801,1.08115,790
2025-07-08 01:00:00,1.08115,1.08288,1.08115,1.0827,923
2025-07-08 02:00:00,1.0827,1.08309,1.08251,1.08304,1259
2025-07-08 03:00:00,1.08304,1.08384,1.08259,1.08366,3253
2025-07-08 04:00:00,1.08366,1.08391,1.08291,1.08316,3266
2025-07-08 05:00:00,1.08316,1.0833,1.08248,1.08278,2723
2025-07-08 06:00:00,1.08278,1.08311,1.08259,1.083,2202
2025-07-08 07:00:00,1.083,1.08714,1.08265,1.08705,4746
2025-07-08 08:00:00,1.08707,1.08763,1.08566,1.08688,4780
2025-07-08 09:00:00,1.08688,1.08734,1.08606,1.08616,5387
2025-07-08 10:00:00,1.08616,1.08646,1.08556,1.08578,4570
2025-07-08 11:00:00,1.08575,1.08677,1.08564,1.08669,3993
2025-07-08 12:00:00,1.08669,1.08754,1.08651,1.08733,3397
2025-07-08 13:00:00,1.08735,1.0878,1.08717,1.08766,3632
2025-07-08 14:00:00,1.08765,1.08785,1.08753,1.08782,3148
2025-07-08 15:00:00,1.08782,1.08852,1.0876,1.08836,3995
2025-07-08 16:00:00,1.08836,1.08864,1.0872,1.08821,5533
2025-07-08 17:00:00,1.08823,1.08896,1.08786,1.08887,6206
2025-07-08 18:00:00,1.08887,1.0891,1.08852,1.08861,4802
2025-07-08 19:00:00,1.08861,1.08865,1.08822,1.08837,5097
2025-07-08 20:00:00,1.08835,1.0885,1.08781,1.08806,5455
2025-07-08 21:00:00,1.08806,1.08838,1.08771,1.08824,3223
2025-07-08 22:00:00,1.08824,1.08877,1.0876,1.08842,2132
2025-07-08 23:00:00,1.08842,1.08881,1.08834,1.08847,1311
2025-07-09 00:00:00,1.08857,1.08857,1.08665,1.08754,713
2025-07-09 01:00:00,1.08754,1.08868,1.08754,1.0886,846
2025-07-09 02:00:00,1.08864,1.089,1.08853,1.08867,976
2025-07-09 03:00:00,1.08869,1.08988,1.0884,1.08927,3152
2025-07-09 04:00:00,1.08927,1.08996,1.08772,1.08797,3709
2025-07-09 05:00:00,1.08774,1.08956,1.08676,1.08879,4334
2025-07-09 06:00:00,1.08879,1.08978,1.08879,1.08976,2947
2025-07-09 07:00:00,1.08976,1.08996,1.08888,1.08902,2730
2025-07-09 08:00:00,1.08902,1.09018,1.08863,1.08882,3337
2025-07-09 09:00:00,1.08882,1.08906,1.08818,1.08896,4094
2025-07-09 10:00:00,1.08896,1.08904,1.08847,1.0887,4907
2025-07-09 11:00:00,1.0887,1.08907,1.08811,1.08836,4289
2025-07-09 12:00:00,1.08838,1.08888,1.08828,1.08877,2980
2025-07-09 13:00:00,1.08877,1.08905,1.0884,1.08873,2787
2025-07-09 14:00:00,1.08873,1.08946,1.08871,1.08923,3056
2025-07-09 15:00:00,1.08923,1.09005,1.08903,1.08973,4666
2025-07-09 16:00:00,1.08973,1.09041,1.08953,1.08993,5931
2025-07-09 17:00:00,1.08993,1.09031,1.0895,1.09009,6133
2025-07-09 18:00:00,1.09009,1.09014,1.08953,1.09002,3711
2025-07-09 19:00:00,1.09002,1.09019,1.08969,1.09011,2613
2025-07-09 20:00:00,1.09011,1.09046,1.08962,1.09034,2978
2025-07-09 21:00:00,1.09034,1.09041,1.08949,1.0898,3200
2025-07-09 22:00:00,1.0898,1.08994,1.08891,1.08926,1849
2025-07-09 23:00:00,1.08926,1.08966,1.08907,1.08911,1508
2025-07-10 00:00:00,1.08879,1.08886,1.0864,1.08756,878
2025-07-10 01:00:00,1.08756,1.08965,1.08756,1.08952,960
2025-07-10 02:00:00,1.08952,1.08986,1.08941,1.08942,848
2025-07-10 03:00:00,1.08942,1.08982,1.08915,1.08952,3891
2025-07-10 04:00:00,1.08952,1.08976,1.08913,1.08935,2816
2025-07-10 05:00:00,1.08935,1.09032,1.08922,1.09016,2153
2025-07-10 06:00:00,1.09016,1.09032,1.08964,1.08982,1834
2025-07-10 07:00:00,1.08982,1.0899,1.08939,1.08954,1436
2025-07-10 08:00:00,1.08954,1.09017,1.08944,1.0901,1758
2025-07-10 09:00:00,1.0901,1.09035,1.08984,1.09016,2901
2025-07-10 10:00:00,1.09016,1.09024,1.08978,1.08986,3521
2025-07-10 11:00:00,1.08986,1.09052,1.08978,1.09039,2468
2025-07-10 12:00:00,1.09039,1.09055,1.08968,1.08979,2042
2025-07-10 13:00:00,1.08979,1.08993,1.08951,1.08984,2053
2025-07-10 14:00:00,1.08982,1.09008,1.08955,1.0896,2702
2025-07-10 15:00:00,1.0896,1.09046,1.08916,1.09046,4428
2025-07-10 16:00:00,1.09046,1.09129,1.09005,1.09077,4625
2025-07-10 17:00:00,1.09075,1.09205,1.09063,1.09203,6539
2025-07-10 18:00:00,1.09203,1.09214,1.09151,1.09167,4433
2025-07-10 19:00:00,1.09167,1.09173,1.09138,1.09166,3247
2025-07-10 20:00:00,1.09166,1.09186,1.0915,1.0917,2645
2025-07-10 21:00:00,1.0917,1.09209,1.09139,1.09197,2504
2025-07-10 22:00:00,1.09198,1.09252,1.09196,1.09218,1840
2025-07-10 23:00:00,1.09216,1.09227,1.09159,1.09172,1171
2025-07-11 00:00:00,1.09128,1.09129,1.08742,1.09019,844
2025-07-11 01:00:00,1.09019,1.09181,1.09004,1.09162,623
2025-07-11 02:00:00,1.09162,1.09164,1.09106,1.09139,878
2025-07-11 03:00:00,1.09139,1.09202,1.09075,1.09142,7462
2025-07-11 04:00:00,1.09142,1.09265,1.09133,1.09197,5724
2025-07-11 05:00:00,1.09197,1.09312,1.09187,1.09299,3834
2025-07-11 06:00:00,1.09299,1.09379,1.09282,1.09357,2716
2025-07-11 07:00:00,1.09357,1.09383,1.09317,1.09327,3341
2025-07-11 08:00:00,1.09327,1.09417,1.09326,1.094,3264
2025-07-11 09:00:00,1.094,1.09458,1.09351,1.09445,4203
2025-07-11 10:00:00,1.09445,1.09458,1.09296,1.09306,4065
2025-07-11 11:00:00,1.09306,1.09366,1.09294,1.09328,3642
2025-07-11 12:00:00,1.09328,1.09373,1.0931,1.09328,3042
2025-07-11 13:00:00,1.09328,1.09417,1.09315,1.09404,3040
2025-07-11 14:00:00,1.09404,1.09439,1.09386,1.09405,3130
2025-07-11 15:00:00,1.09405,1.09433,1.09386,1.09413,4889
2025-07-11 16:00:00,1.0941,1.09489,1.094,1.09472,5799
2025-07-11 17:00:00,1.09472,1.09541,1.09456,1.09481,5979
2025-07-11 18:00:00,1.09481,1.09496,1.09434,1.09449,4396
2025-07-11 19:00:00,1.09449,1.09522,1.09425,1.0952,3236
2025-07-11 20:00:00,1.0952,1.09534,1.09487,1.09509,2629
2025-07-11 21:00:00,1.09511,1.09531,1.09492,1.09502,2780
2025-07-11 22:00:00,1.09502,1.09524,1.09479,1.09516,1991
2025-07-11 23:00:00,1.09516,1.09523,1.09266,1.09319,2516
2025-07-14 00:00:00,1.0917,1.09377,1.09061,1.09361,395
2025-07-14 01:00:00,1.09361,1.09496,1.09322,1.09496,1939
2025-07-14 02:00:00,1.09496,1.0954,1.09478,1.09482,1781
2025-07-14 03:00:00,1.09482,1.09578,1.09454,1.09554,3745
2025-07-14 04:00:00,1.09554,1.09683,1.09545,1.09654,4868
2025-07-14 05:00:00,1.09654,1.09707,1.09616,1.09652,2965
2025-07-14 06:00:00,1.09651,1.09719,1.09636,1.09699,2540
2025-07-14 07:00:00,1.09699,1.09727,1.09658,1.09707,2354
2025-07-14 08:00:00,1.09706,1.09707,1.09611,1.09682,2753
2025-07-14 09:00:00,1.09682,1.09693,1.0964,1.09667,3767
2025-07-14 10:00:00,1.09667,1.09729,1.09651,1.09713,4317
2025-07-14 11:00:00,1.09713,1.09734,1.09635,1.09636,3057
2025-07-14 12:00:00,1.09636,1.09667,1.09592,1.09642,2887
2025-07-14 13:00:00,1.09642,1.09648,1.09582,1.09586,2619
2025-07-14 14:00:00,1.09586,1.09634,1.09574,1.09623,2463
2025-07-14 15:00:00,1.09623,1.09636,1.0957,1.09586,3055
2025-07-14 16:00:00,1.09586,1.09625,1.09578,1.09611,3840
2025-07-14 17:00:00,1.09611,1.09696,1.09591,1.0965,4079
2025-07-14 18:00:00,1.0965,1.09679,1.09607,1.09664,4273
2025-07-14 19:00:00,1.09664,1.09697,1.09605,1.09612,3844
2025-07-14 20:00:00,1.09612,1.09617,1.09574,1.09577,2250
2025-07-14 21:00:00,1.09577,1.096,1.09553,1.09571,1764
2025-07-14 22:00:00,1.09571,1.09595,1.09552,1.09576,1613
2025-07-14 23:00:00,1.09577,1.09584,1.09535,1.09566,943
2025-07-15 00:00:00,1.09558,1.09571,1.09397,1.09553,637
2025-07-15 01:00:00,1.09553,1.09609,1.09525,1.09576,1379
2025-07-15 02:00:00,1.09576,1.09601,1.09558,1.09594,768
2025-07-15 03:00:00,1.09594,1.09598,1.09515,1.09547,2603
2025-07-15 04:00:00,1.09547,1.09552,1.09466,1.0951,3240
2025-07-15 05:00:00,1.09508,1.09519,1.09466,1.09475,2913
2025-07-15 06:00:00,1.09475,1.09536,1.09452,1.09524,2244
2025-07-15 07:00:00,1.09524,1.09524,1.09458,1.09497,1886
2025-07-15 08:00:00,1.09497,1.09558,1.09453,1.0955,2484
2025-07-15 09:00:00,1.0955,1.09561,1.09484,1.09486,3239
2025-07-15 10:00:00,1.09486,1.09566,1.0948,1.09562,3351
2025-07-15 11:00:00,1.09562,1.09575,1.09482,1.09502,3329
2025-07-15 12:00:00,1.09502,1.09533,1.09464,1.09476,2858
2025-07-15 13:00:00,1.09476,1.09505,1.09448,1.09468,2531
2025-07-15 14:00:00,1.09468,1.0952,1.0946,1.0949,2560
2025-07-15 15:00:00,1.0949,1.09567,1.09278,1.09537,6131
2025-07-15 16:00:00,1.09537,1.09635,1.09536,1.09616,7355
2025-07-15 17:00:00,1.09614,1.09636,1.09554,1.09562,7531
2025-07-15 18:00:00,1.09562,1.09623,1.09556,1.09591,5073
2025-07-15 19:00:00,1.09592,1.09602,1.09539,1.09543,3997
2025-07-15 20:00:00,1.09543,1.0959,1.0953,1.09587,3001
2025-07-15 21:00:00,1.09587,1.09592,1.09553,1.09577,2200
2025-07-15 22:00:00,1.09577,1.09617,1.09557,1.09604,1982
2025-07-15 23:00:00,1.09606,1.09616,1.09542,1.09551,1218
2025-07-16 00:00:00,1.09523,1.09523,1.09344,1.09455,306
2025-07-16 01:00:00,1.09455,1.0958,1.09455,1.09532,955
2025-07-16 02:00:00,1.09532,1.09549,1.0947,1.09475,1014
2025-07-16 03:00:00,1.09475,1.09525,1.09415,1.09482,3257
2025-07-16 04:00:00,1.09485,1.09671,1.09469,1.09652,3551
2025-07-16 05:00:00,1.09652,1.09685,1.09587,1.09683,2427
2025-07-16 06:00:00,1.09681,1.09709,1.0966,1.09704,2060
2025-07-16 07:00:00,1.09704,1.09736,1.09653,1.09687,1732
2025-07-16 08:00:00,1.09687,1.09696,1.09647,1.09678,2007
2025-07-16 09:00:00,1.09678,1.09693,1.09613,1.09678,3730
2025-07-16 10:00:00,1.09678,1.09755,1.0967,1.09738,3352
2025-07-16 11:00:00,1.09736,1.09767,1.09714,1.09741,3451
2025-07-16 12:00:00,1.09744,1.09781,1.09716,1.09771,3142
2025-07-16 13:00:00,1.09771,1.09796,1.09732,1.09736,2421
2025-07-16 14:00:00,1.09738,1.09761,1.09721,1.09732,2414
2025-07-16 15:00:00,1.09734,1.09771,1.09592,1.09745,4746
2025-07-16 16:00:00,1.09745,1.09859,1.09728,1.09766,5211
2025-07-16 17:00:00,1.09766,1.099,1.09756,1.09854,5280
2025-07-16 18:00:00,1.09854,1.09881,1.09711,1.09806,13541
2025-07-16 19:00:00,1.09806,1.0984,1.09764,1.09784,8081
2025-07-16 20:00:00,1.09784,1.09803,1.09743,1.09768,4269
2025-07-16 21:00:00,1.09768,1.09811,1.09749,1.09788,3059
2025-07-16 22:00:00,1.09788,1.09803,1.09753,1.09771,2256
2025-07-16 23:00:00,1.09771,1.09811,1.0973,1.09751,1382
2025-07-17 00:00:00,1.09741,1.09741,1.0953,1.09706,351
2025-07-17 01:00:00,1.09706,1.0981,1.09699,1.09755,933
2025-07-17 02:00:00,1.09755,1.09761,1.09711,1.0973,964
2025-07-17 03:00:00,1.0973,1.09775,1.09703,1.09772,3568
2025-07-17 04:00:00,1.09772,1.09789,1.09461,1.09476,4704
2025-07-17 05:00:00,1.09476,1.09507,1.09381,1.09499,3589
2025-07-17 06:00:00,1.09499,1.09512,1.09461,1.09497,2976
2025-07-17 07:00:00,1.09497,1.09507,1.09457,1.09488,1992
2025-07-17 08:00:00,1.09488,1.09501,1.09423,1.0948,2613
2025-07-17 09:00:00,1.0948,1.09506,1.09354,1.09389,5006
2025-07-17 10:00:00,1.09389,1.09401,1.09285,1.09296,4437
2025-07-17 11:00:00,1.09296,1.09323,1.09221,1.09236,3826
2025-07-17 12:00:00,1.09236,1.09266,1.09219,1.0924,3051
2025-07-17 13:00:00,1.0924,1.09295,1.0922,1.09279,2753
2025-07-17 14:00:00,1.09279,1.09301,1.09219,1.09292,2928
2025-07-17 15:00:00,1.09292,1.09323,1.09203,1.09323,4998
2025-07-17 16:00:00,1.09323,1.09392,1.09272,1.09284,4972
2025-07-17 17:00:00,1.09284,1.09416,1.09282,1.09411,4530
2025-07-17 18:00:00,1.09411,1.09421,1.0935,1.09359,3730
2025-07-17 19:00:00,1.09359,1.09436,1.09351,1.0942,3706
2025-07-17 20:00:00,1.0942,1.09449,1.0941,1.09439,3186
2025-07-17 21:00:00,1.09439,1.09488,1.0943,1.09486,2661
2025-07-17 22:00:00,1.09486,1.09489,1.09415,1.09435,1940
2025-07-17 23:00:00,1.09434,1.09472,1.09351,1.09356,1268
2025-07-18 00:00:00,1.09357,1.09357,1.09124,1.09261,676
2025-07-18 01:00:00,1.09261,1.0941,1.09249,1.0935,1367
2025-07-18 02:00:00,1.0935,1.09353,1.09319,1.09329,733
2025-07-18 03:00:00,1.09329,1.09341,1.09256,1.09283,2506
2025-07-18 04:00:00,1.09283,1.09307,1.0917,1.0919,2973
2025-07-18 05:00:00,1.0919,1.0926,1.09156,1.09183,2700
2025-07-18 06:00:00,1.09183,1.09214,1.09154,1.09189,2254
2025-07-18 07:00:00,1.09189,1.09216,1.09151,1.09158,1888
2025-07-18 08:00:00,1.09157,1.09273,1.09157,1.09245,1950
2025-07-18 09:00:00,1.09244,1.09268,1.0921,1.09261,2948
2025-07-18 10:00:00,1.09261,1.09292,1.09227,1.09276,3263
2025-07-18 11:00:00,1.09276,1.09311,1.09256,1.0927,3438
2025-07-18 12:00:00,1.09271,1.09277,1.0924,1.09264,2525
2025-07-18 13:00:00,1.09264,1.09264,1.09166,1.09168,2484
2025-07-18 14:00:00,1.09168,1.09217,1.09151,1.09173,3122
2025-07-18 15:00:00,1.09173,1.09257,1.09162,1.09239,4106
2025-07-18 16:00:00,1.09239,1.09244,1.09136,1.09147,4657
2025-07-18 17:00:00,1.09151,1.0922,1.09151,1.09187,5399
2025-07-18 18:00:00,1.09189,1.09227,1.09147,1.09197,3837
2025-07-18 19:00:00,1.09197,1.0922,1.0914,1.09156,4075
2025-07-18 20:00:00,1.09161,1.09167,1.09121,1.09147,3028
2025-07-18 21:00:00,1.09147,1.09156,1.09099,1.0914,2305
2025-07-18 22:00:00,1.09138,1.09158,1.09125,1.09149,1663
2025-07-18 23:00:00,1.09149,1.09179,1.09011,1.09098,1090
2025-07-21 00:00:00,1.08918,1.09138,1.0891,1.09025,666
2025-07-21 01:00:00,1.09025,1.09472,1.08944,1.09417,2761
2025-07-21 02:00:00,1.09417,1.09474,1.09397,1.09413,1421
2025-07-21 03:00:00,1.09413,1.09495,1.09393,1.09459,3077
2025-07-21 04:00:00,1.09459,1.09503,1.09385,1.09429,3132
2025-07-21 05:00:00,1.09429,1.09439,1.09353,1.09374,2747
2025-07-21 06:00:00,1.09374,1.09401,1.09327,1.09385,2614
2025-07-21 07:00:00,1.09385,1.09397,1.09352,1.09358,2291
2025-07-21 08:00:00,1.09358,1.09363,1.09296,1.0934,2865
2025-07-21 09:00:00,1.0934,1.09345,1.09239,1.09262,3681
2025-07-21 10:00:00,1.09262,1.0932,1.09228,1.09281,3872
2025-07-21 11:00:00,1.09281,1.09323,1.09257,1.09279,3637
2025-07-21 12:00:00,1.09279,1.09336,1.09265,1.09333,2968
2025-07-21 13:00:00,1.09333,1.09349,1.09226,1.09245,2663
2025-07-21 14:00:00,1.09245,1.09277,1.09215,1.09249,3625
2025-07-21 15:00:00,1.09249,1.09269,1.09197,1.09241,3609
2025-07-21 16:00:00,1.09241,1.09271,1.09219,1.09254,3805
2025-07-21 17:00:00,1.09254,1.09266,1.09194,1.09224,4602
2025-07-21 18:00:00,1.09224,1.09264,1.09205,1.09245,3986
2025-07-21 19:00:00,1.09245,1.09266,1.09217,1.0924,3226
2025-07-21 20:00:00,1.0924,1.09261,1.09221,1.09227,2657
2025-07-21 21:00:00,1.09227,1.09241,1.09207,1.09238,2091
2025-07-21 22:00:00,1.09238,1.09271,1.09215,1.09253,1959
2025-07-21 23:00:00,1.09253,1.0931,1.09247,1.09303,1113
2025-07-22 00:00:00,1.09308,1.09308,1.09043,1.09223,668
2025-07-22 01:00:00,1.09223,1.09329,1.09198,1.09312,846
2025-07-22 02:00:00,1.09312,1.09367,1.09304,1.09356,1208
2025-07-22 03:00:00,1.09356,1.09435,1.09339,1.0936,3214
2025-07-22 04:00:00,1.0936,1.09392,1.09289,1.0936,3231
2025-07-22 05:00:00,1.0936,1.09428,1.09343,1.0942,2419
2025-07-22 06:00:00,1.0942,1.09441,1.09371,1.09398,2318
2025-07-22 07:00:00,1.09398,1.09424,1.09336,1.09372,2041
2025-07-22 08:00:00,1.09372,1.09467,1.09364,1.09467,2512
2025-07-22 09:00:00,1.09467,1.09545,1.09408,1.09518,3558
2025-07-22 10:00:00,1.09518,1.09582,1.09444,1.09492,3573
2025-07-22 11:00:00,1.09493,1.09527,1.09456,1.09511,3833
2025-07-22 12:00:00,1.09511,1.09522,1.09476,1.09491,2551
2025-07-22 13:00:00,1.09491,1.09496,1.09424,1.09441,2849
2025-07-22 14:00:00,1.09441,1.09472,1.09395,1.09417,3209
2025-07-22 15:00:00,1.09417,1.09443,1.09382,1.09415,4058
2025-07-22 16:00:00,1.09415,1.09468,1.0935,1.09368,5420
2025-07-22 17:00:00,1.09368,1.09377,1.09258,1.09296,6505
2025-07-22 18:00:00,1.09295,1.093,1.09198,1.09257,5325
2025-07-22 19:00:00,1.09257,1.0927,1.09177,1.09185,4275
2025-07-22 20:00:00,1.09186,1.09217,1.09171,1.09184,3045
2025-07-22 21:00:00,1.09184,1.09209,1.09172,1.0918,2667
2025-07-22 22:00:00,1.0918,1.09219,1.09162,1.09164,1908
2025-07-22 23:00:00,1.09164,1.09215,1.09164,1.09215,1317
2025-07-23 00:00:00,1.09156,1.09282,1.09073,1.09157,1219
2025-07-23 01:00:00,1.09155,1.09249,1.09121,1.09202,785
2025-07-23 02:00:00,1.09202,1.09256,1.09145,1.09251,1543
2025-07-23 03:00:00,1.09251,1.09287,1.09162,1.09174,4072
2025-07-23 04:00:00,1.09174,1.09272,1.09165,1.09251,3877
2025-07-23 05:00:00,1.09251,1.09308,1.09238,1.09271,3943
2025-07-23 06:00:00,1.09273,1.09281,1.09183,1.0924,3811
2025-07-23 07:00:00,1.0924,1.09256,1.09125,1.09164,2657
2025-07-23 08:00:00,1.09164,1.09179,1.09118,1.09158,3397
2025-07-23 09:00:00,1.09158,1.09161,1.09061,1.09077,4461
2025-07-23 10:00:00,1.09077,1.09095,1.0903,1.09072,3973
2025-07-23 11:00:00,1.09072,1.09143,1.09042,1.09137,3681
2025-07-23 12:00:00,1.09137,1.09163,1.0907,1.09085,3347
2025-07-23 13:00:00,1.09085,1.09097,1.09047,1.09087,3108
2025-07-23 14:00:00,1.09089,1.09189,1.09052,1.09174,3227
2025-07-23 15:00:00,1.09174,1.09214,1.09149,1.09177,3713
2025-07-23 16:00:00,1.09177,1.09192,1.09087,1.09096,4860
2025-07-23 17:00:00,1.09097,1.09135,1.09066,1.09082,4564
2025-07-23 18:00:00,1.09084,1.09157,1.09066,1.09152,4223
2025-07-23 19:00:00,1.09151,1.09208,1.0913,1.09191,5955
2025-07-23 20:00:00,1.09191,1.09199,1.09126,1.0914,4011
2025-07-23 21:00:00,1.0914,1.09206,1.09123,1.09194,3072
2025-07-23 22:00:00,1.09194,1.09216,1.09165,1.09208,2344
2025-07-23 23:00:00,1.09208,1.09217,1.09173,1.0919,1756
2025-07-24 00:00:00,1.09175,1.09175,1.09015,1.09067,590
2025-07-24 01:00:00,1.09067,1.09221,1.09065,1.09181,1174
2025-07-24 02:00:00,1.09181,1.09182,1.09137,1.09162,1254
2025-07-24 03:00:00,1.09162,1.09226,1.09118,1.09194,3822
2025-07-24 04:00:00,1.09194,1.0921,1.09122,1.09206,4929
2025-07-24 05:00:00,1.09206,1.09256,1.09165,1.09175,3441
2025-07-24 06:00:00,1.09175,1.09319,1.09157,1.09302,3001
2025-07-24 07:00:00,1.09302,1.09341,1.09269,1.09327,2873
2025-07-24 08:00:00,1.09327,1.09374,1.09305,1.09323,2705
2025-07-24 09:00:00,1.09323,1.09377,1.09292,1.09347,4281
2025-07-24 10:00:00,1.09347,1.09371,1.09283,1.093,3867
2025-07-24 11:00:00,1.093,1.09344,1.09273,1.09314,4036
2025-07-24 12:00:00,1.09314,1.09384,1.09298,1.09344,3365
2025-07-24 13:00:00,1.09344,1.0936,1.09293,1.09344,3228
2025-07-24 14:00:00,1.09344,1.09363,1.09313,1.09326,2969
2025-07-24 15:00:00,1.09326,1.09353,1.09272,1.09305,4688
2025-07-24 16:00:00,1.09305,1.09339,1.09237,1.09285,6503
2025-07-24 17:00:00,1.09283,1.09326,1.09236,1.09303,5257
2025-07-24 18:00:00,1.09303,1.09324,1.09255,1.09266,4666
2025-07-24 19:00:00,1.09266,1.09275,1.09224,1.09229,3514
2025-07-24 20:00:00,1.09231,1.09248,1.0922,1.09238,2985
2025-07-24 21:00:00,1.0924,1.09272,1.09236,1.09256,2492
2025-07-24 22:00:00,1.09256,1.09274,1.09239,1.09242,2496
2025-07-24 23:00:00,1.09242,1.09312,1.09217,1.09287,1867
2025-07-25 00:00:00,1.09283,1.09285,1.08778,1.09179,591
2025-07-25 01:00:00,1.09179,1.09327,1.09152,1.09304,886
2025-07-25 02:00:00,1.09304,1.0931,1.09228,1.09254,1031
2025-07-25 03:00:00,1.09254,1.09293,1.09237,1.09265,3044
2025-07-25 04:00:00,1.09265,1.09301,1.09206,1.0929,3718
2025-07-25 05:00:00,1.0929,1.09304,1.09247,1.09278,2966
2025-07-25 06:00:00,1.0928,1.09302,1.09225,1.09236,2334
2025-07-25 07:00:00,1.09236,1.09252,1.09149,1.0915,2964
2025-07-25 08:00:00,1.0915,1.09218,1.09119,1.0915,3071
2025-07-25 09:00:00,1.0915,1.09244,1.09145,1.09213,3862
2025-07-25 10:00:00,1.09213,1.09323,1.09207,1.09309,4374
2025-07-25 11:00:00,1.09309,1.09333,1.09263,1.09282,4192
2025-07-25 12:00:00,1.09282,1.09291,1.09184,1.09199,2998
2025-07-25 13:00:00,1.09197,1.09205,1.09163,1.09173,2685
2025-07-25 14:00:00,1.09173,1.09217,1.09164,1.09183,3127
2025-07-25 15:00:00,1.09185,1.09248,1.09178,1.09243,3586
2025-07-25 16:00:00,1.09243,1.09255,1.0914,1.09151,6688
2025-07-25 17:00:00,1.09151,1.09196,1.09149,1.09181,5486
2025-07-25 18:00:00,1.09181,1.092,1.09123,1.09132,4233
2025-07-25 19:00:00,1.09132,1.09175,1.09123,1.09152,3355
2025-07-25 20:00:00,1.09152,1.09175,1.09138,1.09141,2375
2025-07-25 21:00:00,1.09141,1.09154,1.09121,1.09139,2508
2025-07-25 22:00:00,1.09139,1.09154,1.09115,1.09119,1269
2025-07-25 23:00:00,1.09119,1.09149,1.09006,1.09079,1235
2025-07-28 00:00:00,1.09154,1.09204,1.09132,1.09168,315
2025-07-28 01:00:00,1.09168,1.09214,1.09091,1.09183,1701
2025-07-28 02:00:00,1.09183,1.09188,1.09154,1.09178,1243
2025-07-28 03:00:00,1.09178,1.09218,1.0915,1.09193,4464
2025-07-28 04:00:00,1.09193,1.09253,1.0914,1.09242,3993
2025-07-28 05:00:00,1.09242,1.09269,1.09193,1.09198,3236
2025-07-28 06:00:00,1.092,1.09247,1.09188,1.09197,2606
2025-07-28 07:00:00,1.09197,1.09248,1.09187,1.09243,2723
2025-07-28 08:00:00,1.09243,1.09256,1.09203,1.09241,2290
2025-07-28 09:00:00,1.09241,1.09244,1.09157,1.09165,4861
2025-07-28 10:00:00,1.09165,1.09239,1.09106,1.09219,5893
2025-07-28 11:00:00,1.09219,1.09219,1.09111,1.09149,4889
2025-07-28 12:00:00,1.09149,1.09211,1.09134,1.09189,4483
2025-07-28 13:00:00,1.09189,1.09234,1.09162,1.09188,4158
2025-07-28 14:00:00,1.09188,1.09224,1.09129,1.09154,4508
2025-07-28 15:00:00,1.09156,1.0918,1.0912,1.09169,5412
2025-07-28 16:00:00,1.09169,1.09184,1.09092,1.09107,5819
2025-07-28 17:00:00,1.09103,1.09168,1.09075,1.0916,6172
2025-07-28 18:00:00,1.0916,1.09169,1.09101,1.09128,4996
2025-07-28 19:00:00,1.09128,1.09155,1.09105,1.09124,3446
2025-07-28 20:00:00,1.09124,1.09166,1.09114,1.09148,3255
2025-07-28 21:00:00,1.09148,1.09176,1.09136,1.09161,3248
2025-07-28 22:00:00,1.09163,1.0921,1.09148,1.09202,2042
2025-07-28 23:00:00,1.09201,1.09213,1.09175,1.09202,1533
2025-07-29 00:00:00,1.09197,1.09197,1.08973,1.09179,862
2025-07-29 01:00:00,1.09179,1.09238,1.09152,1.09229,751
2025-07-29 02:00:00,1.09229,1.09238,1.092,1.09202,771
2025-07-29 03:00:00,1.09202,1.09241,1.09146,1.09235,3027
2025-07-29 04:00:00,1.09235,1.09281,1.09184,1.09263,3251
2025-07-29 05:00:00,1.09263,1.09273,1.0921,1.09256,2634
2025-07-29 06:00:00,1.09256,1.09277,1.09225,1.09256,2404
2025-07-29 07:00:00,1.09256,1.09305,1.09254,1.09286,2140
2025-07-29 08:00:00,1.09286,1.09303,1.09245,1.09289,2229
2025-07-29 09:00:00,1.0929,1.09349,1.09223,1.09293,5158
2025-07-29 10:00:00,1.09295,1.0935,1.09255,1.09329,5228
2025-07-29 11:00:00,1.09329,1.09345,1.09285,1.09311,4058
2025-07-29 12:00:00,1.09312,1.09377,1.09301,1.09315,3546
2025-07-29 13:00:00,1.09315,1.09335,1.0927,1.0929,3189
2025-07-29 14:00:00,1.09291,1.09299,1.09251,1.09267,3891
2025-07-29 15:00:00,1.09267,1.09293,1.09247,1.09288,4201
2025-07-29 16:00:00,1.09288,1.09391,1.0928,1.09355,4736
2025-07-29 17:00:00,1.09352,1.09358,1.09248,1.09347,7091
2025-07-29 18:00:00,1.09349,1.0936,1.09268,1.09305,5442
2025-07-29 19:00:00,1.09305,1.09372,1.093,1.09358,3513
2025-07-29 20:00:00,1.09358,1.09387,1.09326,1.09378,3894
2025-07-29 21:00:00,1.09378,1.09385,1.09347,1.09352,2838
2025-07-29 22:00:00,1.09352,1.09378,1.09315,1.09332,2457
2025-07-29 23:00:00,1.09332,1.09369,1.09296,1.09297,1154
2025-07-30 00:00:00,1.09275,1.09321,1.09116,1.09268,907
2025-07-30 01:00:00,1.09268,1.09392,1.09236,1.09388,522
2025-07-30 02:00:00,1.09388,1.09392,1.09352,1.09377,801
2025-07-30 03:00:00,1.09377,1.09382,1.09325,1.09356,3126
2025-07-30 04:00:00,1.09356,1.0937,1.0909,1.09239,5113
2025-07-30 05:00:00,1.09239,1.09259,1.092,1.09254,3161
2025-07-30 06:00:00,1.09254,1.09267,1.09194,1.09258,3143
2025-07-30 07:00:00,1.09258,1.09268,1.09179,1.09227,2631
2025-07-30 08:00:00,1.09227,1.09233,1.09171,1.09229,3024
2025-07-30 09:00:00,1.09229,1.09257,1.09176,1.09186,4080
2025-07-30 10:00:00,1.09188,1.09191,1.09136,1.09144,3965
2025-07-30 11:00:00,1.09146,1.09164,1.09112,1.0912,3526
2025-07-30 12:00:00,1.0912,1.09127,1.09087,1.09118,3451
2025-07-30 13:00:00,1.09118,1.0917,1.09109,1.09125,3296
2025-07-30 14:00:00,1.09125,1.09133,1.09089,1.09113,3636
2025-07-30 15:00:00,1.09113,1.09152,1.09042,1.09118,6460
2025-07-30 16:00:00,1.09116,1.09145,1.09063,1.0914,6921
2025-07-30 17:00:00,1.0914,1.09184,1.09111,1.09146,5753
2025-07-30 18:00:00,1.09146,1.09158,1.09093,1.09133,4241
2025-07-30 19:00:00,1.09133,1.09152,1.09118,1.0914,3047
2025-07-30 20:00:00,1.0914,1.09147,1.08882,1.08882,3222
2025-07-30 21:00:00,1.08922,1.09167,1.08904,1.09138,10975
2025-07-30 22:00:00,1.09138,1.09152,1.09076,1.09134,6826
2025-07-30 23:00:00,1.09132,1.09206,1.09078,1.09109,2958
2025-07-31 00:00:00,1.0911,1.0911,1.08983,1.09083,686
2025-07-31 01:00:00,1.09083,1.09173,1.09075,1.0915,1268
2025-07-31 02:00:00,1.0915,1.0915,1.09095,1.09098,1354
2025-07-31 03:00:00,1.09098,1.09136,1.09046,1.09088,4158
2025-07-31 04:00:00,1.09088,1.0924,1.09043,1.09214,5030
2025-07-31 05:00:00,1.09214,1.09224,1.09106,1.09125,3666
2025-07-31 06:00:00,1.09123,1.09177,1.09099,1.09141,3058
2025-07-31 07:00:00,1.09141,1.09183,1.09087,1.09142,2805
2025-07-31 08:00:00,1.09142,1.09179,1.09075,1.09085,3113
2025-07-31 09:00:00,1.09085,1.09122,1.09035,1.09116,4854
2025-07-31 10:00:00,1.09116,1.09203,1.09102,1.09186,5047
2025-07-31 11:00:00,1.09186,1.09224,1.09164,1.09194,4446
2025-07-31 12:00:00,1.09194,1.09222,1.09165,1.09194,3606
2025-07-31 13:00:00,1.09192,1.092,1.09114,1.09118,3830
2025-07-31 14:00:00,1.09118,1.09149,1.09078,1.09092,3160
2025-07-31 15:00:00,1.09092,1.09141,1.09037,1.0913,5042
2025-07-31 16:00:00,1.0913,1.09213,1.0911,1.09195,5658
2025-07-31 17:00:00,1.09197,1.09205,1.09041,1.09075,6380
2025-07-31 18:00:00,1.09075,1.0912,1.09046,1.09089,5487
2025-07-31 19:00:00,1.09089,1.09114,1.09071,1.09089,4235
2025-07-31 20:00:00,1.09089,1.091,1.09055,1.09095,3885
2025-07-31 21:00:00,1.09095,1.0912,1.09076,1.09114,3370
2025-07-31 22:00:00,1.09114,1.09119,1.09067,1.0908,3159
2025-07-31 23:00:00,1.09082,1.09106,1.09058,1.0908,2463
2025-08-01 00:00:00,1.0901,1.0904,1.08816,1.09008,914
2025-08-01 01:00:00,1.09018,1.09127,1.08977,1.09111,2000
2025-08-01 02:00:00,1.09111,1.09231,1.09101,1.09178,2450
2025-08-01 03:00:00,1.0918,1.09216,1.09142,1.09184,3673
2025-08-01 04:00:00,1.09184,1.09388,1.09162,1.09387,5015
2025-08-01 05:00:00,1.09388,1.09411,1.09319,1.09409,3642
2025-08-01 06:00:00,1.09409,1.09434,1.09381,1.09418,2980
2025-08-01 07:00:00,1.09416,1.0944,1.09404,1.09424,2335
2025-08-01 08:00:00,1.09424,1.09485,1.09393,1.09408,2922
2025-08-01 09:00:00,1.09408,1.09521,1.09393,1.09508,3867
2025-08-01 10:00:00,1.09508,1.09578,1.09463,1.09564,4259
2025-08-01 11:00:00,1.09566,1.09599,1.09506,1.09521,3576
2025-08-01 12:00:00,1.09521,1.09576,1.09457,1.09528,3474
2025-08-01 13:00:00,1.09531,1.09589,1.09509,1.09556,3235
2025-08-01 14:00:00,1.09556,1.09581,1.09528,1.09546,3610
2025-08-01 15:00:00,1.09546,1.09647,1.094,1.09456,10675
2025-08-01 16:00:00,1.09455,1.09552,1.09408,1.09464,12828
2025-08-01 17:00:00,1.09466,1.09542,1.09336,1.09466,12195
2025-08-01 18:00:00,1.09466,1.09501,1.0938,1.09415,7677
2025-08-01 19:00:00,1.09415,1.09438,1.09299,1.09302,6089
2025-08-01 20:00:00,1.09302,1.0937,1.09267,1.09357,6295
2025-08-01 21:00:00,1.09357,1.09362,1.09268,1.09271,5189
2025-08-01 22:00:00,1.09271,1.09303,1.09228,1.09258,6568
2025-08-01 23:00:00,1.0926,1.0934,1.09223,1.0925,3612
2025-08-04 00:00:00,1.09259,1.0931,1.09181,1.09183,1901
2025-08-04 01:00:00,1.09183,1.0946,1.09087,1.09429,3187
2025-08-04 02:00:00,1.09429,1.09431,1.09362,1.09376,2621
2025-08-04 03:00:00,1.09376,1.09543,1.09364,1.09524,5592
2025-08-04 04:00:00,1.09526,1.09588,1.09471,1.09481,6181
2025-08-04 05:00:00,1.09481,1.09526,1.09467,1.09518,4027
2025-08-04 06:00:00,1.09518,1.09537,1.09474,1.09526,3782
2025-08-04 07:00:00,1.09526,1.096,1.09509,1.09591,3122
2025-08-04 08:00:00,1.09591,1.0967,1.09587,1.09631,3951
2025-08-04 09:00:00,1.09631,1.09654,1.09554,1.09598,4985
2025-08-04 10:00:00,1.09598,1.09635,1.09576,1.09593,5536
2025-08-04 11:00:00,1.09593,1.0961,1.09554,1.0958,5353
2025-08-04 12:00:00,1.0958,1.09617,1.09531,1.0954,4478
2025-08-04 13:00:00,1.0954,1.09574,1.09468,1.09474,4203
2025-08-04 14:00:00,1.09474,1.09516,1.09454,1.09485,4830
2025-08-04 15:00:00,1.09485,1.09531,1.0947,1.09496,5313
2025-08-04 16:00:00,1.09496,1.09516,1.09407,1.09424,6118
2025-08-04 17:00:00,1.09422,1.09514,1.09405,1.09447,7044
2025-08-04 18:00:00,1.09449,1.09496,1.09429,1.09468,5941
2025-08-04 19:00:00,1.09468,1.09505,1.09449,1.09469,4466
2025-08-04 20:00:00,1.09469,1.0949,1.09449,1.09459,3603
2025-08-04 21:00:00,1.09458,1.09511,1.09452,1.09493,3575
2025-08-04 22:00:00,1.09493,1.0951,1.0947,1.09498,2807
2025-08-04 23:00:00,1.09498,1.0952,1.09445,1.09465,1934
2025-08-05 00:00:00,1.09427,1.0945,1.09182,1.09376,1804
2025-08-05 01:00:00,1.09376,1.09496,1.09363,1.09466,1503
2025-08-05 02:00:00,1.09466,1.09469,1.09419,1.09422,2960
2025-08-05 03:00:00,1.09422,1.09508,1.09368,1.09445,4181
2025-08-05 04:00:00,1.09447,1.09529,1.09405,1.09462,4316
2025-08-05 05:00:00,1.09462,1.09538,1.09441,1.09521,3612
2025-08-05 06:00:00,1.09521,1.09559,1.09491,1.09504,2878
2025-08-05 07:00:00,1.09504,1.0959,1.0949,1.09579,2814
2025-08-05 08:00:00,1.09579,1.09614,1.09545,1.09586,3522
2025-08-05 09:00:00,1.09586,1.09706,1.09578,1.09666,4321
2025-08-05 10:00:00,1.09665,1.09707,1.09598,1.09612,4884
2025-08-05 11:00:00,1.09612,1.09639,1.09594,1.09614,5385
2025-08-05 12:00:00,1.09614,1.09632,1.09562,1.09602,3804
2025-08-05 13:00:00,1.096,1.09612,1.09566,1.09601,3482
2025-08-05 14:00:00,1.09599,1.09725,1.09595,1.09659,3886
2025-08-05 15:00:00,1.09659,1.09735,1.09623,1.09728,5930
2025-08-05 16:00:00,1.09728,1.09743,1.09688,1.09694,5721
2025-08-05 17:00:00,1.0967,1.09708,1.09587,1.09689,9659
2025-08-05 18:00:00,1.09689,1.09691,1.09628,1.09686,6106
2025-08-05 19:00:00,1.09684,1.0975,1.09664,1.09739,4307
2025-08-05 20:00:00,1.09741,1.09779,1.09729,1.09771,3410
2025-08-05 21:00:00,1.09771,1.09782,1.0974,1.09745,3817
2025-08-05 22:00:00,1.09745,1.09765,1.09725,1.09729,3027
2025-08-05 23:00:00,1.09729,1.09772,1.09643,1.09648,1861
2025-08-06 00:00:00,1.09603,1.09624,1.094,1.09581,1133
2025-08-06 01:00:00,1.09581,1.09809,1.09541,1.09634,1710
2025-08-06 02:00:00,1.09632,1.09644,1.09492,1.09543,1676
2025-08-06 03:00:00,1.09543,1.09614,1.09532,1.09575,4019
2025-08-06 04:00:00,1.09575,1.09624,1.09568,1.09587,3736
2025-08-06 05:00:00,1.09587,1.09603,1.09525,1.09543,3470
2025-08-06 06:00:00,1.09543,1.09589,1.09531,1.09571,2731
2025-08-06 07:00:00,1.09571,1.09612,1.09562,1.09593,2603
2025-08-06 08:00:00,1.09593,1.09621,1.09575,1.09613,2796
2025-08-06 09:00:00,1.0961,1.09646,1.09595,1.09644,3890
2025-08-06 10:00:00,1.09644,1.09666,1.09615,1.09629,4298
2025-08-06 11:00:00,1.09631,1.09677,1.09607,1.09661,4026
2025-08-06 12:00:00,1.09661,1.09685,1.09621,1.09637,3507
2025-08-06 13:00:00,1.09637,1.09663,1.09602,1.09626,4058
2025-08-06 14:00:00,1.09628,1.09675,1.09609,1.09648,3646
2025-08-06 15:00:00,1.09648,1.09676,1.09598,1.09615,4263
2025-08-06 16:00:00,1.09613,1.09651,1.09573,1.0961,5482
2025-08-06 17:00:00,1.09612,1.09639,1.09557,1.09583,5771
2025-08-06 18:00:00,1.09583,1.09606,1.09519,1.09526,6207
2025-08-06 19:00:00,1.09527,1.09588,1.09514,1.09569,4568
2025-08-06 20:00:00,1.09569,1.09595,1.09549,1.09568,4145
2025-08-06 21:00:00,1.09568,1.09578,1.09531,1.09562,3360
2025-08-06 22:00:00,1.09562,1.09622,1.09541,1.096,2825
2025-08-06 23:00:00,1.096,1.09669,1.09578,1.09667,2265
2025-08-07 00:00:00,1.0959,1.09593,1.09394,1.09541,518
2025-08-07 01:00:00,1.09541,1.09673,1.09532,1.09631,1964
2025-08-07 02:00:00,1.09631,1.0966,1.09593,1.09642,2036
2025-08-07 03:00:00,1.09644,1.09698,1.09578,1.09589,3835
2025-08-07 04:00:00,1.09589,1.09629,1.09563,1.09595,4324
2025-08-07 05:00:00,1.09595,1.09604,1.09536,1.09536,3622
2025-08-07 06:00:00,1.09536,1.09611,1.09523,1.09536,3243
2025-08-07 07:00:00,1.09536,1.09549,1.09485,1.09536,2945
2025-08-07 08:00:00,1.09536,1.09588,1.09519,1.09526,3032
2025-08-07 09:00:00,1.09528,1.09558,1.0946,1.09544,4328
2025-08-07 10:00:00,1.09543,1.09637,1.09511,1.09609,4576
2025-08-07 11:00:00,1.09609,1.09665,1.09587,1.09624,5205
2025-08-07 12:00:00,1.09626,1.09641,1.096,1.09631,4376
2025-08-07 13:00:00,1.09631,1.09661,1.0959,1.09596,3814
2025-08-07 14:00:00,1.09596,1.09625,1.09556,1.09588,5335
2025-08-07 15:00:00,1.09588,1.09606,1.09496,1.09575,5635
2025-08-07 16:00:00,1.09575,1.0958,1.09481,1.09493,6870
2025-08-07 17:00:00,1.09493,1.09526,1.09407,1.09413,8032
2025-08-07 18:00:00,1.09413,1.09438,1.09355,1.09364,5402
2025-08-07 19:00:00,1.09364,1.09381,1.09338,1.09352,4108
2025-08-07 20:00:00,1.09352,1.09363,1.09327,1.09343,4843
2025-08-07 21:00:00,1.09343,1.09393,1.09334,1.09366,4043
2025-08-07 22:00:00,1.09364,1.09401,1.09349,1.09385,5221
2025-08-07 23:00:00,1.09383,1.09435,1.09375,1.09411,2816
2025-08-08 00:00:00,1.09355,1.09386,1.09188,1.09225,1033
2025-08-08 01:00:00,1.09225,1.09459,1.09201,1.0939,2189
2025-08-08 02:00:00,1.0939,1.09411,1.09299,1.0931,1971
2025-08-08 03:00:00,1.0931,1.09371,1.09278,1.09367,4007
2025-08-08 04:00:00,1.09367,1.09391,1.09331,1.09339,3930
2025-08-08 05:00:00,1.09339,1.09381,1.09309,1.0934,3040
2025-08-08 06:00:00,1.0934,1.09423,1.09334,1.09405,2889
2025-08-08 07:00:00,1.09405,1.09453,1.0937,1.09451,2555
2025-08-08 08:00:00,1.09451,1.09475,1.09406,1.09419,2860
2025-08-08 09:00:00,1.09419,1.09487,1.09405,1.0948,3417
2025-08-08 10:00:00,1.0948,1.09512,1.09452,1.09499,4642
2025-08-08 11:00:00,1.09499,1.09536,1.09474,1.09528,4310
2025-08-08 12:00:00,1.09528,1.09535,1.09474,1.09528,4082
2025-08-08 13:00:00,1.09528,1.09545,1.09492,1.0952,3611
2025-08-08 14:00:00,1.09518,1.09555,1.09508,1.09531,3495
2025-08-08 15:00:00,1.09531,1.09555,1.09481,1.09485,4713
2025-08-08 16:00:00,1.09485,1.09554,1.09457,1.09545,5175
2025-08-08 17:00:00,1.09547,1.09628,1.09518,1.0962,5778
2025-08-08 18:00:00,1.0962,1.09638,1.09587,1.09618,4434
2025-08-08 19:00:00,1.09618,1.09654,1.09611,1.09632,3370
2025-08-08 20:00:00,1.09632,1.09634,1.09593,1.0961,2780
2025-08-08 21:00:00,1.09608,1.0962,1.09582,1.09618,3586
2025-08-08 22:00:00,1.09618,1.09641,1.09606,1.09625,2662
2025-08-08 23:00:00,1.09625,1.09644,1.09443,1.09499,1629
2025-08-11 00:00:00,1.09276,1.09414,1.09216,1.09377,630
2025-08-11 01:00:00,1.09377,1.09614,1.09354,1.09559,1397
2025-08-11 02:00:00,1.09559,1.09571,1.09494,1.09565,1372
2025-08-11 03:00:00,1.09565,1.09616,1.09548,1.09574,3517
2025-08-11 04:00:00,1.09574,1.09574,1.09526,1.09538,3695
2025-08-11 05:00:00,1.09538,1.0962,1.09509,1.09611,3302
2025-08-11 06:00:00,1.09611,1.09624,1.09552,1.09555,3246
2025-08-11 07:00:00,1.09555,1.0962,1.09546,1.09617,2309
2025-08-11 08:00:00,1.09617,1.09632,1.09581,1.09615,2746
2025-08-11 09:00:00,1.09615,1.097,1.09575,1.09691,3635
2025-08-11 10:00:00,1.09691,1.09701,1.09661,1.09668,4824
2025-08-11 11:00:00,1.09666,1.09711,1.09646,1.09679,4468
2025-08-11 12:00:00,1.09677,1.09743,1.09661,1.09725,3984
2025-08-11 13:00:00,1.09725,1.09753,1.09693,1.09745,3423
2025-08-11 14:00:00,1.09745,1.09783,1.09732,1.09761,4227
2025-08-11 15:00:00,1.09761,1.09768,1.09694,1.09719,4886
2025-08-11 16:00:00,1.09719,1.09751,1.09699,1.09717,5398
2025-08-11 17:00:00,1.09715,1.09754,1.09677,1.09705,5658
2025-08-11 18:00:00,1.09705,1.09752,1.09691,1.09741,4534
2025-08-11 19:00:00,1.09741,1.0975,1.09711,1.09738,3685
2025-08-11 20:00:00,1.09738,1.09751,1.09715,1.09731,3636
2025-08-11 21:00:00,1.09731,1.09738,1.09688,1.09707,3200
2025-08-11 22:00:00,1.09707,1.09715,1.09674,1.09692,2784
2025-08-11 23:00:00,1.09692,1.09696,1.09647,1.09658,1691
2025-08-12 00:00:00,1.09631,1.09645,1.09436,1.09612,677
2025-08-12 01:00:00,1.09612,1.0971,1.09604,1.09685,1233
2025-08-12 02:00:00,1.09685,1.09692,1.0965,1.09669,1416
2025-08-12 03:00:00,1.09669,1.09752,1.09651,1.09686,3817
2025-08-12 04:00:00,1.09686,1.09698,1.09632,1.09663,3862
2025-08-12 05:00:00,1.09661,1.09791,1.09642,1.0978,2692
2025-08-12 06:00:00,1.0978,1.09832,1.09744,1.09796,2601
2025-08-12 07:00:00,1.09794,1.09801,1.09619,1.09707,3486
2025-08-12 08:00:00,1.09707,1.09721,1.09551,1.09572,4966
2025-08-12 09:00:00,1.09572,1.09642,1.09557,1.09624,5002
2025-08-12 10:00:00,1.09624,1.09637,1.09554,1.09579,4854
2025-08-12 11:00:00,1.09577,1.09631,1.09547,1.09629,4124
2025-08-12 12:00:00,1.09631,1.09676,1.09616,1.09622,3985
2025-08-12 13:00:00,1.09623,1.09639,1.09583,1.09623,3392
2025-08-12 14:00:00,1.09625,1.09632,1.0958,1.09597,3764
2025-08-12 15:00:00,1.09599,1.09609,1.09402,1.09571,9100
2025-08-12 16:00:00,1.09571,1.09642,1.09551,1.09632,10655
2025-08-12 17:00:00,1.0963,1.09671,1.09602,1.09648,8430
2025-08-12 18:00:00,1.09645,1.09681,1.09617,1.09659,6967
2025-08-12 19:00:00,1.09659,1.09672,1.09637,1.0965,5413
2025-08-12 20:00:00,1.09646,1.09666,1.09627,1.09664,4178
2025-08-12 21:00:00,1.09664,1.09675,1.09639,1.09663,3192
2025-08-12 22:00:00,1.09663,1.09689,1.09652,1.09669,2718
2025-08-12 23:00:00,1.09669,1.09693,1.09628,1.09633,1596
2025-08-13 00:00:00,1.09517,1.09597,1.09405,1.09572,754
2025-08-13 01:00:00,1.09572,1.09678,1.09572,1.09616,1217
2025-08-13 02:00:00,1.09616,1.09673,1.09586,1.096,1368
2025-08-13 03:00:00,1.096,1.0965,1.09591,1.09626,3076
2025-08-13 04:00:00,1.09626,1.09669,1.09578,1.09645,3531
2025-08-13 05:00:00,1.09645,1.09678,1.09549,1.09567,3029
2025-08-13 06:00:00,1.09567,1.09593,1.09558,1.09571,2587
2025-08-13 07:00:00,1.09571,1.09639,1.09559,1.09631,2317
2025-08-13 08:00:00,1.09631,1.09657,1.09616,1.09652,2553
2025-08-13 09:00:00,1.09652,1.09653,1.0952,1.09528,4075
2025-08-13 10:00:00,1.09528,1.09531,1.09471,1.09482,4693
2025-08-13 11:00:00,1.09482,1.09491,1.09422,1.09463,4195
2025-08-13 12:00:00,1.09463,1.09477,1.09404,1.09466,3564
2025-08-13 13:00:00,1.09466,1.09484,1.09451,1.09479,3213
2025-08-13 14:00:00,1.09479,1.09493,1.09443,1.0947,3409
2025-08-13 15:00:00,1.0947,1.09496,1.09464,1.0949,4212
2025-08-13 16:00:00,1.0949,1.09516,1.09462,1.09505,4703
2025-08-13 17:00:00,1.09505,1.09543,1.09478,1.09536,5549
2025-08-13 18:00:00,1.09536,1.09549,1.0949,1.09509,4750
2025-08-13 19:00:00,1.09507,1.09521,1.09493,1.09503,3541
2025-08-13 20:00:00,1.09503,1.09532,1.09494,1.09526,3207
2025-08-13 21:00:00,1.09526,1.09545,1.09512,1.09524,3199
2025-08-13 22:00:00,1.09524,1.09555,1.09508,1.09549,2448
2025-08-13 23:00:00,1.09547,1.09551,1.09499,1.09521,1519
2025-08-14 00:00:00,1.09427,1.09515,1.09305,1.09398,432
2025-08-14 01:00:00,1.09399,1.09552,1.09374,1.0954,1207
2025-08-14 02:00:00,1.0954,1.09562,1.09526,1.09541,1279
2025-08-14 03:00:00,1.09541,1.09552,1.09468,1.09506,3706
2025-08-14 04:00:00,1.09506,1.09655,1.09389,1.09642,4776
2025-08-14 05:00:00,1.09642,1.09702,1.09609,1.09669,3754
2025-08-14 06:00:00,1.09669,1.0967,1.09577,1.09604,3188
2025-08-14 07:00:00,1.09604,1.09637,1.09568,1.09592,2522
2025-08-14 08:00:00,1.09592,1.09738,1.09592,1.09725,3160
2025-08-14 09:00:00,1.09725,1.0977,1.09668,1.09727,5093
2025-08-14 10:00:00,1.09727,1.09753,1.09675,1.09726,5119
2025-08-14 11:00:00,1.09726,1.09758,1.09699,1.09706,3855
2025-08-14 12:00:00,1.09704,1.09718,1.09677,1.09708,3772
2025-08-14 13:00:00,1.09708,1.09734,1.09673,1.09696,3440
2025-08-14 14:00:00,1.09698,1.09708,1.09652,1.09673,3478
2025-08-14 15:00:00,1.09671,1.09707,1.09527,1.09687,7639
2025-08-14 16:00:00,1.09687,1.09772,1.0965,1.09659,7604
2025-08-14 17:00:00,1.09661,1.09704,1.09629,1.09676,6691
2025-08-14 18:00:00,1.09676,1.09717,1.09659,1.09694,5568
2025-08-14 19:00:00,1.09694,1.09733,1.09684,1.09724,4477
2025-08-14 20:00:00,1.09724,1.09756,1.09712,1.0975,3508
2025-08-14 21:00:00,1.0975,1.09814,1.09737,1.09805,3405
2025-08-14 22:00:00,1.09805,1.09823,1.0975,1.09763,2546
2025-08-14 23:00:00,1.09763,1.09791,1.09744,1.09748,1655
2025-08-15 00:00:00,1.09711,1.09746,1.09525,1.09702,797
2025-08-15 01:00:00,1.097,1.09787,1.09632,1.09777,1431
2025-08-15 02:00:00,1.09777,1.09781,1.09725,1.09739,1354
2025-08-15 03:00:00,1.09739,1.09766,1.09693,1.09741,3196
2025-08-15 04:00:00,1.09741,1.09768,1.09691,1.09722,3545
2025-08-15 05:00:00,1.09722,1.09827,1.09716,1.09805,3515
2025-08-15 06:00:00,1.09805,1.09825,1.0973,1.09765,2962
2025-08-15 07:00:00,1.09765,1.09798,1.09756,1.09793,2204
2025-08-15 08:00:00,1.09793,1.09854,1.09782,1.09829,2554
2025-08-15 09:00:00,1.09829,1.09873,1.09801,1.09869,3317
2025-08-15 10:00:00,1.09869,1.09902,1.09851,1.09861,3519
2025-08-15 11:00:00,1.09861,1.09873,1.09809,1.09814,3459
2025-08-15 12:00:00,1.09813,1.09836,1.09788,1.09836,3171
2025-08-15 13:00:00,1.09836,1.09868,1.09816,1.09861,2933
2025-08-15 14:00:00,1.09861,1.09893,1.09847,1.09875,3044
2025-08-15 15:00:00,1.09875,1.09928,1.09853,1.0988,5683
2025-08-15 16:00:00,1.0988,1.09948,1.09823,1.09948,6408
2025-08-15 17:00:00,1.09947,1.0995,1.09814,1.09909,6514
2025-08-15 18:00:00,1.09905,1.09919,1.09841,1.09858,5004
2025-08-15 19:00:00,1.09858,1.09899,1.09844,1.09858,3268
2025-08-15 20:00:00,1.09858,1.09869,1.09822,1.09825,2929
2025-08-15 21:00:00,1.09825,1.09837,1.0981,1.09817,2863
2025-08-15 22:00:00,1.09817,1.09859,1.09811,1.09844,2135
2025-08-15 23:00:00,1.09844,1.09883,1.09807,1.0982,1603
2025-08-18 00:00:00,1.0971,1.09776,1.09642,1.09697,465
2025-08-18 01:00:00,1.09697,1.09901,1.09656,1.09836,1398
2025-08-18 02:00:00,1.09836,1.09862,1.09812,1.0984,1425
2025-08-18 03:00:00,1.09841,1.09843,1.09778,1.09801,3278
2025-08-18 04:00:00,1.09803,1.09858,1.09771,1.09828,3502
2025-08-18 05:00:00,1.09828,1.09866,1.0981,1.0986,2773
2025-08-18 06:00:00,1.0986,1.09904,1.09822,1.09884,2696
2025-08-18 07:00:00,1.09882,1.09899,1.09766,1.09785,2204
2025-08-18 08:00:00,1.09785,1.09811,1.09754,1.09783,2607
2025-08-18 09:00:00,1.09783,1.098,1.09708,1.09716,3905
2025-08-18 10:00:00,1.09712,1.09762,1.09695,1.09738,4741
2025-08-18 11:00:00,1.0974,1.09747,1.09662,1.09682,4518
2025-08-18 12:00:00,1.09679,1.0973,1.09673,1.09687,4359
2025-08-18 13:00:00,1.09689,1.09701,1.09642,1.09659,3285
2025-08-18 14:00:00,1.09657,1.09695,1.09643,1.09682,3131
2025-08-18 15:00:00,1.0968,1.09716,1.09657,1.09705,4168
2025-08-18 16:00:00,1.09703,1.09725,1.09676,1.09693,4321
2025-08-18 17:00:00,1.09691,1.09709,1.09649,1.09701,5123
2025-08-18 18:00:00,1.09701,1.09705,1.0961,1.09617,4364
2025-08-18 19:00:00,1.09621,1.0963,1.09592,1.09607,3520
2025-08-18 20:00:00,1.09609,1.09629,1.0959,1.09623,2802
2025-08-18 21:00:00,1.09623,1.09643,1.09586,1.09627,2169
2025-08-18 22:00:00,1.09623,1.0964,1.09594,1.09628,1902
2025-08-18 23:00:00,1.09628,1.09631,1.09588,1.09601,1392
2025-08-19 00:00:00,1.09587,1.09618,1.09376,1.09546,1125
2025-08-19 01:00:00,1.09564,1.09665,1.09528,1.09645,1447
2025-08-19 02:00:00,1.09645,1.09692,1.0961,1.09644,1540
2025-08-19 03:00:00,1.09642,1.09644,1.09546,1.09564,3286
2025-08-19 04:00:00,1.09562,1.09604,1.09534,1.09556,4399
2025-08-19 05:00:00,1.09558,1.09579,1.09527,1.09541,3281
2025-08-19 06:00:00,1.09542,1.09556,1.09513,1.09536,3220
2025-08-19 07:00:00,1.09536,1.09565,1.09484,1.09513,2458
2025-08-19 08:00:00,1.09513,1.09541,1.09485,1.09493,3275
2025-08-19 09:00:00,1.09491,1.09547,1.09482,1.09523,3792
2025-08-19 10:00:00,1.09523,1.0958,1.09515,1.09531,4428
2025-08-19 11:00:00,1.09529,1.09607,1.0952,1.09567,4007
2025-08-19 12:00:00,1.09565,1.09586,1.0954,1.09547,3834
2025-08-19 13:00:00,1.09547,1.09578,1.09533,1.09557,3491
2025-08-19 14:00:00,1.09557,1.09601,1.09546,1.09573,2793
2025-08-19 15:00:00,1.09573,1.09581,1.09494,1.095,4435
2025-08-19 16:00:00,1.09498,1.09503,1.09421,1.0943,4984
2025-08-19 17:00:00,1.09423,1.09453,1.09389,1.09399,4781
2025-08-19 18:00:00,1.09397,1.09487,1.09391,1.0946,3863
2025-08-19 19:00:00,1.0946,1.09484,1.09429,1.0944,3229
2025-08-19 20:00:00,1.09439,1.09457,1.09393,1.09423,2832
2025-08-19 21:00:00,1.09422,1.09465,1.09414,1.09461,2426
2025-08-19 22:00:00,1.09463,1.09467,1.09438,1.09456,2255
2025-08-19 23:00:00,1.09456,1.09516,1.09439,1.095,1645
2025-08-20 00:00:00,1.09475,1.0953,1.09203,1.0941,1144
2025-08-20 01:00:00,1.09417,1.09522,1.09406,1.0947,1228
2025-08-20 02:00:00,1.0947,1.0949,1.09429,1.09429,1750
2025-08-20 03:00:00,1.09434,1.09505,1.09389,1.09472,3875
2025-08-20 04:00:00,1.09472,1.09523,1.0942,1.09498,4227
2025-08-20 05:00:00,1.09463,1.10549,1.09451,1.10338,6716
2025-08-20 06:00:00,1.10335,1.10637,1.10289,1.10375,4731
2025-08-20 07:00:00,1.10375,1.10588,1.10328,1.1057,2916
2025-08-20 08:00:00,1.10566,1.10635,1.10463,1.10508,3255
2025-08-20 09:00:00,1.10506,1.10566,1.1045,1.10546,4715
2025-08-20 10:00:00,1.10545,1.10686,1.10519,1.10612,4357
2025-08-20 11:00:00,1.1061,1.10623,1.10358,1.10369,4015
2025-08-20 12:00:00,1.10367,1.10455,1.10351,1.10383,3486
2025-08-20 13:00:00,1.10383,1.10447,1.10372,1.10416,3175
2025-08-20 14:00:00,1.10416,1.10464,1.10405,1.10454,2825
2025-08-20 15:00:00,1.10453,1.10471,1.10374,1.10399,4459
2025-08-20 16:00:00,1.10398,1.10454,1.10388,1.10442,4820
2025-08-20 17:00:00,1.10442,1.10462,1.10319,1.10325,6215
2025-08-20 18:00:00,1.10326,1.10436,1.10281,1.10408,4790
2025-08-20 19:00:00,1.10408,1.10419,1.10385,1.10396,3464
2025-08-20 20:00:00,1.10398,1.10409,1.10348,1.10355,3155
2025-08-20 21:00:00,1.10352,1.10405,1.10319,1.10381,3527
2025-08-20 22:00:00,1.10393,1.10437,1.10369,1.10422,2597
2025-08-20 23:00:00,1.10422,1.10504,1.10408,1.10458,1691
2025-08-21 00:00:00,1.10464,1.10464,1.10252,1.10446,383
2025-08-21 01:00:00,1.10452,1.10557,1.10441,1.10466,1446
2025-08-21 02:00:00,1.10468,1.10507,1.10416,1.10422,1527
2025-08-21 03:00:00,1.10422,1.10499,1.10391,1.10418,3668
2025-08-21 04:00:00,1.10418,1.1042,1.10291,1.10296,4253
2025-08-21 05:00:00,1.10297,1.1034,1.10282,1.10321,3427
2025-08-21 06:00:00,1.10321,1.10406,1.1031,1.10389,2454
2025-08-21 07:00:00,1.10389,1.10398,1.10346,1.10358,2131
2025-08-21 08:00:00,1.10361,1.10387,1.10316,1.10338,2880
2025-08-21 09:00:00,1.10336,1.10364,1.10284,1.10332,3706
2025-08-21 10:00:00,1.10332,1.10396,1.10299,1.10353,4024
2025-08-21 11:00:00,1.10351,1.10354,1.10291,1.10301,3635
2025-08-21 12:00:00,1.10301,1.10311,1.10243,1.10252,3120
2025-08-21 13:00:00,1.10254,1.10339,1.10239,1.10325,3061
2025-08-21 14:00:00,1.10325,1.10361,1.10296,1.10352,3613
2025-08-21 15:00:00,1.10352,1.10357,1.10201,1.10312,4784
2025-08-21 16:00:00,1.10308,1.1034,1.10228,1.10284,5851
2025-08-21 17:00:00,1.10284,1.10449,1.10282,1.10412,6367
2025-08-21 18:00:00,1.10412,1.10433,1.10351,1.10379,6195
2025-08-21 19:00:00,1.10381,1.10423,1.10363,1.10404,3676
2025-08-21 20:00:00,1.10404,1.10411,1.10349,1.10402,3447
2025-08-21 21:00:00,1.10402,1.10423,1.10371,1.10408,2931
2025-08-21 22:00:00,1.10412,1.10423,1.10371,1.10408,2254
2025-08-21 23:00:00,1.1041,1.10439,1.1032,1.10331,1336
2025-08-22 00:00:00,1.10313,1.10349,1.10141,1.10256,1072
2025-08-22 01:00:00,1.10256,1.1038,1.10256,1.10368,1200
2025-08-22 02:00:00,1.10368,1.10379,1.1032,1.10375,1380
2025-08-22 03:00:00,1.10377,1.10498,1.1037,1.1049,3524
2025-08-22 04:00:00,1.10492,1.10512,1.10337,1.10414,3687
2025-08-22 05:00:00,1.10414,1.10505,1.10367,1.10452,3063
2025-08-22 06:00:00,1.10454,1.10506,1.10419,1.10492,3210
2025-08-22 07:00:00,1.10492,1.10563,1.10471,1.10543,2376
2025-08-22 08:00:00,1.10543,1.10597,1.10508,1.10597,2500
2025-08-22 09:00:00,1.10595,1.10603,1.10538,1.1057,3365
2025-08-22 10:00:00,1.10572,1.10584,1.10517,1.10561,3221
2025-08-22 11:00:00,1.10561,1.10652,1.10561,1.10613,3544
2025-08-22 12:00:00,1.10609,1.10629,1.10577,1.10591,3295
2025-08-22 13:00:00,1.10589,1.10604,1.10553,1.10567,2603
2025-08-22 14:00:00,1.10565,1.10595,1.10554,1.10575,3008
2025-08-22 15:00:00,1.10575,1.10592,1.10531,1.10539,3529
2025-08-22 16:00:00,1.10539,1.1061,1.1051,1.106,4400
2025-08-22 17:00:00,1.10614,1.10677,1.10496,1.10648,13670
2025-08-22 18:00:00,1.10648,1.10689,1.10611,1.1063,6925
2025-08-22 19:00:00,1.10628,1.10641,1.10576,1.10593,5276
2025-08-22 20:00:00,1.10589,1.10645,1.10572,1.10638,3921
2025-08-22 21:00:00,1.10638,1.10645,1.10597,1.10605,2935
2025-08-22 22:00:00,1.10605,1.10622,1.10581,1.10607,2808
2025-08-22 23:00:00,1.1061,1.10623,1.10484,1.10512,1521
2025-08-25 00:00:00,1.10378,1.10487,1.10346,1.10471,700
2025-08-25 01:00:00,1.10462,1.10679,1.10427,1.10633,1885
2025-08-25 02:00:00,1.10633,1.1064,1.10552,1.10573,1596
2025-08-25 03:00:00,1.10573,1.10619,1.10545,1.10558,3369
2025-08-25 04:00:00,1.10558,1.106,1.10501,1.10576,3766
2025-08-25 05:00:00,1.10576,1.10669,1.10559,1.10608,2902
2025-08-25 06:00:00,1.10608,1.10664,1.10602,1.10648,2738
2025-08-25 07:00:00,1.10648,1.10663,1.10619,1.1064,2051
2025-08-25 08:00:00,1.1064,1.10689,1.10615,1.10664,2384
2025-08-25 09:00:00,1.10664,1.10682,1.10607,1.1065,3698
2025-08-25 10:00:00,1.1065,1.10711,1.10589,1.10613,3988
2025-08-25 11:00:00,1.10613,1.10723,1.10613,1.10715,3203
2025-08-25 12:00:00,1.10715,1.10745,1.10695,1.10737,2763
2025-08-25 13:00:00,1.10737,1.1077,1.10724,1.10758,3029
2025-08-25 14:00:00,1.10758,1.1077,1.10655,1.10664,2740
2025-08-25 15:00:00,1.10664,1.10718,1.10643,1.10701,3236
2025-08-25 16:00:00,1.10701,1.1071,1.10644,1.10655,3723
2025-08-25 17:00:00,1.10656,1.10698,1.10638,1.10673,4747
2025-08-25 18:00:00,1.10672,1.10777,1.10659,1.10773,4230
2025-08-25 19:00:00,1.10773,1.10814,1.10759,1.10795,3195
2025-08-25 20:00:00,1.10795,1.10832,1.10791,1.10818,3077
2025-08-25 21:00:00,1.10818,1.10839,1.10793,1.10822,3189
2025-08-25 22:00:00,1.10825,1.10836,1.1078,1.10827,3065
2025-08-25 23:00:00,1.10819,1.10834,1.10791,1.10814,2499
2025-08-26 00:00:00,1.10768,1.10796,1.10408,1.10677,1019
2025-08-26 01:00:00,1.10679,1.10841,1.10639,1.10803,1230
2025-08-26 02:00:00,1.10803,1.10827,1.10759,1.10821,1445
2025-08-26 03:00:00,1.10819,1.10859,1.10758,1.10842,7883
2025-08-26 04:00:00,1.10842,1.10909,1.10783,1.10893,4833
2025-08-26 05:00:00,1.10891,1.10963,1.10881,1.10921,3766
2025-08-26 06:00:00,1.10921,1.11061,1.10881,1.11032,3563
2025-08-26 07:00:00,1.11031,1.11033,1.10923,1.10932,2844
2025-08-26 08:00:00,1.10932,1.10955,1.10907,1.10942,2957
2025-08-26 09:00:00,1.10947,1.10954,1.10904,1.10933,4353
2025-08-26 10:00:00,1.10932,1.10947,1.10792,1.10799,5103
2025-08-26 11:00:00,1.10797,1.1092,1.10788,1.10906,4871
2025-08-26 12:00:00,1.109,1.10942,1.1088,1.10898,4112
2025-08-26 13:00:00,1.10897,1.10918,1.10824,1.10842,3594
2025-08-26 14:00:00,1.10842,1.10857,1.10818,1.10833,3372
2025-08-26 15:00:00,1.10833,1.10852,1.10779,1.10789,3923
2025-08-26 16:00:00,1.10787,1.10849,1.10757,1.10776,4407
2025-08-26 17:00:00,1.10776,1.10848,1.10757,1.10843,4970
2025-08-26 18:00:00,1.10843,1.10872,1.10791,1.10805,3704
2025-08-26 19:00:00,1.10807,1.10817,1.1077,1.10801,2983
2025-08-26 20:00:00,1.10801,1.10808,1.1077,1.10797,2424
2025-08-26 21:00:00,1.10797,1.10828,1.10775,1.10811,2631
2025-08-26 22:00:00,1.10814,1.10826,1.10785,1.10819,2352
2025-08-26 23:00:00,1.10818,1.10837,1.10787,1.10795,1589
2025-08-27 00:00:00,1.10719,1.1087,1.10516,1.10703,1080
2025-08-27 01:00:00,1.10703,1.10841,1.10703,1.10829,1237
2025-08-27 02:00:00,1.1083,1.10901,1.1083,1.10899,1201
2025-08-27 03:00:00,1.10899,1.10939,1.10837,1.10909,2492
2025-08-27 04:00:00,1.10907,1.11084,1.10896,1.10958,4004
2025-08-27 05:00:00,1.10958,1.10977,1.10887,1.10907,3119
2025-08-27 06:00:00,1.10907,1.1097,1.10901,1.10954,2352
2025-08-27 07:00:00,1.10951,1.10982,1.10938,1.10955,2322
2025-08-27 08:00:00,1.10955,1.10972,1.10918,1.10968,2336
2025-08-27 09:00:00,1.10968,1.11013,1.10949,1.11007,3085
2025-08-27 10:00:00,1.11007,1.11063,1.11,1.11047,3942
2025-08-27 11:00:00,1.11047,1.11054,1.10962,1.11006,4214
2025-08-27 12:00:00,1.11009,1.11028,1.10971,1.11013,3403
2025-08-27 13:00:00,1.11015,1.11086,1.11003,1.11083,3302
2025-08-27 14:00:00,1.11081,1.11095,1.11044,1.1107,3007
2025-08-27 15:00:00,1.1107,1.11104,1.11021,1.1109,3807
2025-08-27 16:00:00,1.1109,1.11095,1.11051,1.11075,4165
2025-08-27 17:00:00,1.11075,1.11153,1.11066,1.11088,4619
2025-08-27 18:00:00,1.11088,1.11101,1.11037,1.11088,4452
2025-08-27 19:00:00,1.11089,1.11107,1.11031,1.11048,3569
2025-08-27 20:00:00,1.11048,1.11079,1.11031,1.11057,3347
2025-08-27 21:00:00,1.11057,1.11084,1.11026,1.11066,2862
2025-08-27 22:00:00,1.1107,1.11087,1.11035,1.11052,2470
2025-08-27 23:00:00,1.11052,1.11095,1.11025,1.11036,2097
2025-08-28 00:00:00,1.11021,1.11098,1.10884,1.10945,1053
2025-08-28 01:00:00,1.10945,1.1111,1.1094,1.11089,1197
2025-08-28 02:00:00,1.11091,1.11117,1.11076,1.11117,1472
2025-08-28 03:00:00,1.11117,1.11168,1.11076,1.1114,3114
2025-08-28 04:00:00,1.1114,1.11217,1.1113,1.11202,3506
2025-08-28 05:00:00,1.112,1.11237,1.11167,1.11174,2860
2025-08-28 06:00:00,1.11172,1.112,1.11067,1.11085,2608
2025-08-28 07:00:00,1.11085,1.11119,1.11066,1.11109,2693
2025-08-28 08:00:00,1.11109,1.11148,1.11091,1.11099,2459
2025-08-28 09:00:00,1.11099,1.11136,1.11078,1.11131,3547
2025-08-28 10:00:00,1.11129,1.11168,1.11121,1.11139,3814
2025-08-28 11:00:00,1.11139,1.11172,1.11106,1.11129,3752
2025-08-28 12:00:00,1.11127,1.11185,1.1112,1.11176,3212
2025-08-28 13:00:00,1.11176,1.1118,1.11111,1.11133,3468
2025-08-28 14:00:00,1.11135,1.11181,1.11118,1.11136,3188
2025-08-28 15:00:00,1.11136,1.11188,1.11107,1.11151,5089
2025-08-28 16:00:00,1.11151,1.11162,1.11096,1.11146,5685
2025-08-28 17:00:00,1.11144,1.11151,1.1099,1.11,5374
2025-08-28 18:00:00,1.11,1.11032,1.10971,1.10997,4032
2025-08-28 19:00:00,1.10998,1.11009,1.10952,1.10977,3073
2025-08-28 20:00:00,1.10979,1.10989,1.10942,1.10964,2825
2025-08-28 21:00:00,1.10964,1.10992,1.10957,1.10986,2284
2025-08-28 22:00:00,1.10986,1.11007,1.10974,1.10981,1894
2025-08-28 23:00:00,1.10981,1.11006,1.10974,1.11001,1289
2025-08-29 00:00:00,1.10981,1.10981,1.10849,1.10948,531
2025-08-29 01:00:00,1.10919,1.11025,1.10913,1.11013,1824
2025-08-29 02:00:00,1.11013,1.11024,1.1098,1.11002,1163
2025-08-29 03:00:00,1.11002,1.11031,1.10986,1.10994,2706
2025-08-29 04:00:00,1.10994,1.1104,1.10966,1.11025,3980
2025-08-29 05:00:00,1.11025,1.11043,1.10955,1.10997,2744
2025-08-29 06:00:00,1.10995,1.1104,1.10974,1.10978,2427
2025-08-29 07:00:00,1.10978,1.11,1.10961,1.10974,2095
2025-08-29 08:00:00,1.10974,1.11007,1.10972,1.10973,2066
2025-08-29 09:00:00,1.10973,1.10987,1.10924,1.10938,3078
2025-08-29 10:00:00,1.10935,1.10947,1.10873,1.10885,3534
2025-08-29 11:00:00,1.10887,1.10906,1.10856,1.10892,3890
2025-08-29 12:00:00,1.10892,1.10915,1.10849,1.10901,3424
2025-08-29 13:00:00,1.10901,1.10912,1.10869,1.10893,2954
2025-08-29 14:00:00,1.10893,1.10913,1.10886,1.10896,2260
2025-08-29 15:00:00,1.10894,1.10934,1.10885,1.10893,4503
2025-08-29 16:00:00,1.10893,1.1096,1.10872,1.10934,4798
2025-08-29 17:00:00,1.1093,1.10958,1.10859,1.10903,6545
2025-08-29 18:00:00,1.10903,1.10926,1.10877,1.10922,4496
2025-08-29 19:00:00,1.1092,1.10939,1.10895,1.1092,3561
2025-08-29 20:00:00,1.10918,1.10947,1.10909,1.1092,2592
2025-08-29 21:00:00,1.1092,1.10932,1.10898,1.10916,2019
2025-08-29 22:00:00,1.10918,1.10952,1.10915,1.10935,2163
2025-08-29 23:00:00,1.10935,1.10949,1.10779,1.10808,2176
2025-09-01 00:00:00,1.10869,1.10956,1.10742,1.10799,733
2025-09-01 01:00:00,1.10799,1.10976,1.10778,1.10971,1292
2025-09-01 02:00:00,1.10969,1.11018,1.10952,1.10969,1279
2025-09-01 03:00:00,1.10969,1.10997,1.10836,1.10848,2752
2025-09-01 04:00:00,1.10845,1.10882,1.10742,1.10751,4028
2025-09-01 05:00:00,1.10753,1.10834,1.10712,1.10822,3959
2025-09-01 06:00:00,1.1082,1.10865,1.10804,1.10853,2895
2025-09-01 07:00:00,1.10854,1.10904,1.10844,1.10894,2673
2025-09-01 08:00:00,1.10888,1.10909,1.10862,1.10875,2779
2025-09-01 09:00:00,1.10877,1.10964,1.1087,1.10947,3847
2025-09-01 10:00:00,1.10947,1.10989,1.10901,1.10941,3915
2025-09-01 11:00:00,1.10939,1.10944,1.10854,1.10876,3524
2025-09-01 12:00:00,1.10876,1.10967,1.10863,1.10941,3375
2025-09-01 13:00:00,1.10941,1.11009,1.10931,1.11007,2711
2025-09-01 14:00:00,1.11005,1.11023,1.10974,1.10986,2833
2025-09-01 15:00:00,1.10988,1.11049,1.10982,1.11042,3075
2025-09-01 16:00:00,1.1104,1.11092,1.11019,1.11084,3270
2025-09-01 17:00:00,1.11084,1.11124,1.11046,1.11057,3289
2025-09-01 18:00:00,1.11056,1.11087,1.11041,1.11056,2670
2025-09-01 19:00:00,1.11056,1.11068,1.11036,1.11051,1844
2025-09-01 20:00:00,1.11051,1.11086,1.11041,1.11066,1325
2025-09-01 21:00:00,1.11066,1.1107,1.11042,1.11054,1145
2025-09-01 22:00:00,1.11059,1.11059,1.11016,1.11024,1097
2025-09-01 23:00:00,1.11022,1.11055,1.10988,1.11002,1920
2025-09-02 00:00:00,1.10894,1.1102,1.1074,1.10976,806
2025-09-02 01:00:00,1.10976,1.11066,1.10949,1.1103,1150
2025-09-02 02:00:00,1.1103,1.11045,1.11007,1.11039,1302
2025-09-02 03:00:00,1.11043,1.11043,1.10942,1.10996,3415
2025-09-02 04:00:00,1.10996,1.11115,1.10988,1.11057,4078
2025-09-02 05:00:00,1.11055,1.11093,1.11021,1.11055,3070
2025-09-02 06:00:00,1.11061,1.11107,1.11048,1.11091,2474
2025-09-02 07:00:00,1.11091,1.11131,1.11067,1.11093,2110
2025-09-02 08:00:00,1.11093,1.11118,1.11052,1.11106,2532
2025-09-02 09:00:00,1.11104,1.11153,1.11067,1.1115,3306
2025-09-02 10:00:00,1.11145,1.11167,1.11083,1.11144,7238
2025-09-02 11:00:00,1.11146,1.11204,1.11121,1.11202,6861
2025-09-02 12:00:00,1.112,1.11226,1.11156,1.11162,5675
2025-09-02 13:00:00,1.11162,1.11206,1.1115,1.11189,4565
2025-09-02 14:00:00,1.11191,1.11203,1.11152,1.11161,4315
2025-09-02 15:00:00,1.11161,1.1118,1.11041,1.11068,6340
2025-09-02 16:00:00,1.11068,1.11152,1.11038,1.11141,6529
2025-09-02 17:00:00,1.11139,1.11171,1.11095,1.11164,7490
2025-09-02 18:00:00,1.11162,1.11215,1.11129,1.11133,5342
2025-09-02 19:00:00,1.11133,1.11195,1.11119,1.1117,4125
2025-09-02 20:00:00,1.11168,1.11214,1.11139,1.11208,3036
2025-09-02 21:00:00,1.11208,1.11213,1.11169,1.112,3387
2025-09-02 22:00:00,1.11204,1.11206,1.1117,1.11173,2935
2025-09-02 23:00:00,1.11171,1.11202,1.11144,1.11155,1852
2025-09-03 00:00:00,1.11084,1.11103,1.10825,1.11085,755
2025-09-03 01:00:00,1.11091,1.11184,1.11085,1.11166,1039
2025-09-03 02:00:00,1.11166,1.11212,1.11147,1.1121,1134
2025-09-03 03:00:00,1.1121,1.11258,1.11186,1.11232,3056
2025-09-03 04:00:00,1.11232,1.1138,1.11206,1.11365,3737
2025-09-03 05:00:00,1.11365,1.11367,1.11243,1.11341,3336
2025-09-03 06:00:00,1.11342,1.11342,1.1125,1.11258,2808
2025-09-03 07:00:00,1.11258,1.11281,1.11217,1.11253,2388
2025-09-03 08:00:00,1.11254,1.11283,1.11228,1.11271,2713
2025-09-03 09:00:00,1.11271,1.11277,1.11216,1.11243,3331
2025-09-03 10:00:00,1.11245,1.1136,1.11233,1.11347,5181
2025-09-03 11:00:00,1.11351,1.11351,1.11268,1.113,4728
2025-09-03 12:00:00,1.113,1.11408,1.11287,1.11381,3946
2025-09-03 13:00:00,1.11381,1.11439,1.11374,1.11415,3387
2025-09-03 14:00:00,1.11415,1.11447,1.114,1.11426,3363
2025-09-03 15:00:00,1.11428,1.11474,1.11396,1.11466,4532
2025-09-03 16:00:00,1.11467,1.11518,1.1141,1.11412,5977
2025-09-03 17:00:00,1.11349,1.1145,1.11297,1.11381,7146
2025-09-03 18:00:00,1.11381,1.11405,1.11344,1.11381,4963
2025-09-03 19:00:00,1.11381,1.11424,1.11374,1.11411,3464
2025-09-03 20:00:00,1.11409,1.11423,1.11347,1.1137,3487
2025-09-03 21:00:00,1.1137,1.11392,1.11345,1.1139,3873
2025-09-03 22:00:00,1.11394,1.11397,1.11319,1.1133,2610
2025-09-03 23:00:00,1.11328,1.11355,1.11277,1.11292,1691
2025-09-04 00:00:00,1.1129,1.1131,1.11163,1.11192,878
2025-09-04 01:00:00,1.11197,1.11318,1.11191,1.11296,880
2025-09-04 02:00:00,1.11296,1.11321,1.11283,1.11285,1118
2025-09-04 03:00:00,1.11285,1.11346,1.11275,1.11279,3321
2025-09-04 04:00:00,1.11277,1.11294,1.11161,1.1117,4391
2025-09-04 05:00:00,1.11167,1.11245,1.11163,1.11237,3377
2025-09-04 06:00:00,1.11243,1.11267,1.1121,1.11233,2542
2025-09-04 07:00:00,1.11233,1.11252,1.1121,1.1124,1921
2025-09-04 08:00:00,1.1124,1.11252,1.11199,1.11204,2701
2025-09-04 09:00:00,1.11202,1.11237,1.11173,1.1121,3117
2025-09-04 10:00:00,1.1121,1.11289,1.11183,1.11272,3866
2025-09-04 11:00:00,1.11274,1.11276,1.1121,1.11221,3301
2025-09-04 12:00:00,1.11221,1.11289,1.11207,1.11253,3183
2025-09-04 13:00:00,1.11255,1.11272,1.11228,1.11258,2877
2025-09-04 14:00:00,1.11258,1.11293,1.11232,1.11275,3004
2025-09-04 15:00:00,1.11277,1.11356,1.11154,1.11348,5595
2025-09-04 16:00:00,1.11348,1.11416,1.11314,1.11413,5850
2025-09-04 17:00:00,1.1141,1.1151,1.11323,1.11507,6861
2025-09-04 18:00:00,1.11507,1.11568,1.11473,1.11559,3917
2025-09-04 19:00:00,1.11557,1.11567,1.11512,1.1155,3572
2025-09-04 20:00:00,1.1155,1.11562,1.11519,1.11538,2825
2025-09-04 21:00:00,1.11538,1.11556,1.11504,1.11536,2805
2025-09-04 22:00:00,1.11539,1.11552,1.11489,1.11497,1967
2025-09-04 23:00:00,1.11495,1.11507,1.11464,1.11471,1448
2025-09-05 00:00:00,1.11435,1.11462,1.11194,1.11363,630
2025-09-05 01:00:00,1.11363,1.11504,1.11352,1.11463,914
2025-09-05 02:00:00,1.11463,1.11486,1.11451,1.11471,1327
2025-09-05 03:00:00,1.11471,1.11484,1.11424,1.11432,3040
2025-09-05 04:00:00,1.11431,1.11447,1.11331,1.1134,2477
2025-09-05 05:00:00,1.1134,1.11399,1.11321,1.11387,2176
2025-09-05 06:00:00,1.11385,1.11402,1.11354,1.11365,1860
2025-09-05 07:00:00,1.11365,1.11409,1.11356,1.11403,1834
2025-09-05 08:00:00,1.11403,1.11429,1.11359,1.11425,1975
2025-09-05 09:00:00,1.11425,1.11442,1.11331,1.11361,3285
2025-09-05 10:00:00,1.11361,1.11384,1.11339,1.11346,3480
2025-09-05 11:00:00,1.11344,1.11368,1.11326,1.1135,2813
2025-09-05 12:00:00,1.11352,1.11378,1.11337,1.11361,2489
2025-09-05 13:00:00,1.11361,1.11412,1.11342,1.11373,2378
2025-09-05 14:00:00,1.11373,1.114,1.11362,1.11372,2659
2025-09-05 15:00:00,1.1137,1.11388,1.11086,1.11365,9051
2025-09-05 16:00:00,1.11359,1.11411,1.11321,1.1135,8631
2025-09-05 17:00:00,1.11348,1.1136,1.11156,1.11236,8643
2025-09-05 18:00:00,1.11236,1.11253,1.11147,1.11171,5934
2025-09-05 19:00:00,1.11174,1.11243,1.11159,1.1123,5417
2025-09-05 20:00:00,1.1123,1.11255,1.11215,1.11245,4483
2025-09-05 21:00:00,1.11245,1.11271,1.11229,1.11251,3483
2025-09-05 22:00:00,1.11246,1.11275,1.11233,1.11259,3108
2025-09-05 23:00:00,1.1126,1.11269,1.11124,1.1113,2306
2025-09-08 00:00:00,1.10978,1.11196,1.10926,1.11065,880
2025-09-08 01:00:00,1.11065,1.11315,1.11028,1.11277,2353
2025-09-08 02:00:00,1.11277,1.11326,1.11251,1.11326,1786
2025-09-08 03:00:00,1.11324,1.11337,1.11236,1.11288,3921
2025-09-08 04:00:00,1.11293,1.1133,1.11264,1.11313,4650
2025-09-08 05:00:00,1.11313,1.11324,1.11168,1.11279,4157
2025-09-08 06:00:00,1.11279,1.11283,1.11149,1.1119,3294
2025-09-08 07:00:00,1.1119,1.11211,1.11173,1.11205,2954
2025-09-08 08:00:00,1.11205,1.11219,1.11166,1.11184,2957
2025-09-08 09:00:00,1.1118,1.11229,1.11135,1.11165,4139
2025-09-08 10:00:00,1.11165,1.11176,1.11104,1.11121,4174
2025-09-08 11:00:00,1.11121,1.11161,1.11066,1.11153,3687
2025-09-08 12:00:00,1.11153,1.11179,1.11122,1.11131,3206
2025-09-08 13:00:00,1.11131,1.11152,1.11046,1.1106,2893
2025-09-08 14:00:00,1.11058,1.11087,1.11004,1.11004,2597
2025-09-08 15:00:00,1.11006,1.11044,1.10989,1.11036,3980
2025-09-08 16:00:00,1.11036,1.11053,1.10929,1.10959,4701
2025-09-08 17:00:00,1.10959,1.10963,1.10893,1.10938,4880
2025-09-08 18:00:00,1.10938,1.10965,1.10912,1.10953,3955
2025-09-08 19:00:00,1.10953,1.10998,1.10931,1.10987,3723
2025-09-08 20:00:00,1.10988,1.11011,1.10973,1.10984,3177
2025-09-08 21:00:00,1.10979,1.10997,1.10954,1.10977,2845
2025-09-08 22:00:00,1.10983,1.11011,1.10968,1.11001,2259
2025-09-08 23:00:00,1.10999,1.11011,1.10953,1.10962,1562
2025-09-09 00:00:00,1.10955,1.10955,1.10658,1.10878,620
2025-09-09 01:00:00,1.10878,1.11017,1.10878,1.11008,1374
2025-09-09 02:00:00,1.11008,1.11032,1.10973,1.10978,1221
2025-09-09 03:00:00,1.10978,1.10993,1.10926,1.10952,2918
2025-09-09 04:00:00,1.10952,1.11026,1.1095,1.10965,3300
2025-09-09 05:00:00,1.10963,1.11056,1.10962,1.11028,2965
2025-09-09 06:00:00,1.1103,1.11048,1.10991,1.11033,2580
2025-09-09 07:00:00,1.11033,1.11056,1.10997,1.11037,2245
2025-09-09 08:00:00,1.11037,1.11071,1.10999,1.11061,3058
2025-09-09 09:00:00,1.1106,1.11092,1.11019,1.11079,3725
2025-09-09 10:00:00,1.11081,1.11135,1.11047,1.11114,3896
2025-09-09 11:00:00,1.11112,1.11158,1.11092,1.11121,5332
2025-09-09 12:00:00,1.1112,1.11125,1.11058,1.11093,3838
2025-09-09 13:00:00,1.11093,1.11111,1.11056,1.11074,2861
2025-09-09 14:00:00,1.11074,1.111,1.11068,1.11091,2650
2025-09-09 15:00:00,1.11089,1.11105,1.11028,1.11036,3922
2025-09-09 16:00:00,1.11036,1.11078,1.10975,1.11026,4592
2025-09-09 17:00:00,1.11017,1.11111,1.10976,1.11106,8729
2025-09-09 18:00:00,1.11106,1.11153,1.111,1.11143,4911
2025-09-09 19:00:00,1.11141,1.11158,1.11115,1.11138,3304
2025-09-09 20:00:00,1.11138,1.11148,1.11118,1.11138,3421
2025-09-09 21:00:00,1.11138,1.11157,1.11112,1.11124,2586
2025-09-09 22:00:00,1.11122,1.11154,1.11121,1.11125,2129
2025-09-09 23:00:00,1.11121,1.11129,1.11088,1.11093,1603
2025-09-10 00:00:00,1.11036,1.11061,1.10872,1.11004,680
2025-09-10 01:00:00,1.11004,1.11138,1.10974,1.11113,1491
2025-09-10 02:00:00,1.11113,1.11153,1.11102,1.11119,1697
2025-09-10 03:00:00,1.11121,1.11158,1.11103,1.1115,3575
2025-09-10 04:00:00,1.1115,1.11198,1.11109,1.11187,4498
2025-09-10 05:00:00,1.11185,1.11221,1.11157,1.11172,3341
2025-09-10 06:00:00,1.11172,1.11174,1.11129,1.11151,2452
2025-09-10 07:00:00,1.11153,1.11163,1.111,1.11156,2735
2025-09-10 08:00:00,1.11158,1.11179,1.11082,1.11164,2839
2025-09-10 09:00:00,1.11165,1.11171,1.11086,1.11139,4237
2025-09-10 10:00:00,1.11137,1.1117,1.11094,1.11102,4606
2025-09-10 11:00:00,1.11102,1.11181,1.11095,1.11136,4062
2025-09-10 12:00:00,1.11131,1.1116,1.11095,1.11097,3619
2025-09-10 13:00:00,1.11099,1.11207,1.11097,1.11169,3190
2025-09-10 14:00:00,1.11169,1.11224,1.11163,1.11192,2954
2025-09-10 15:00:00,1.11192,1.11257,1.11062,1.11234,7307
2025-09-10 16:00:00,1.11234,1.11306,1.11191,1.11262,7127
2025-09-10 17:00:00,1.11264,1.11293,1.11218,1.11227,6170
2025-09-10 18:00:00,1.11227,1.11287,1.11221,1.1127,4322
2025-09-10 19:00:00,1.11272,1.11324,1.11253,1.11306,3044
2025-09-10 20:00:00,1.11306,1.11343,1.11285,1.11318,2890
2025-09-10 21:00:00,1.11317,1.11347,1.1129,1.11322,2759
2025-09-10 22:00:00,1.11325,1.11335,1.1129,1.11328,2598
2025-09-10 23:00:00,1.11328,1.11335,1.11302,1.11328,1497
2025-09-11 00:00:00,1.11263,1.11302,1.111,1.11238,1171
2025-09-11 01:00:00,1.11242,1.11355,1.11219,1.1133,1425
2025-09-11 02:00:00,1.1133,1.11384,1.11309,1.11376,1321
2025-09-11 03:00:00,1.11376,1.11398,1.11328,1.11358,2975
2025-09-11 04:00:00,1.1136,1.11375,1.11297,1.11331,3069
2025-09-11 05:00:00,1.11329,1.11404,1.11296,1.11368,2505
2025-09-11 06:00:00,1.11368,1.11403,1.11347,1.11352,2331
2025-09-11 07:00:00,1.11352,1.11368,1.11316,1.11329,2058
2025-09-11 08:00:00,1.11331,1.11349,1.11308,1.11329,2522
2025-09-11 09:00:00,1.11325,1.11448,1.11309,1.11431,4321
2025-09-11 10:00:00,1.11435,1.11488,1.11402,1.1146,4573
2025-09-11 11:00:00,1.11459,1.11499,1.11445,1.11478,4057
2025-09-11 12:00:00,1.1148,1.11502,1.11389,1.11409,4094
2025-09-11 13:00:00,1.11409,1.1144,1.11365,1.11435,3500
2025-09-11 14:00:00,1.11435,1.11457,1.11406,1.11429,3244
2025-09-11 15:00:00,1.11429,1.1148,1.11334,1.11421,8674
2025-09-11 16:00:00,1.11417,1.11498,1.11392,1.11447,8930
2025-09-11 17:00:00,1.11447,1.11566,1.11443,1.11519,6825
2025-09-11 18:00:00,1.1152,1.11535,1.1147,1.11478,4792
2025-09-11 19:00:00,1.11478,1.1154,1.11464,1.11499,3667
2025-09-11 20:00:00,1.115,1.1152,1.11482,1.11507,3723
2025-09-11 21:00:00,1.11507,1.1152,1.11474,1.11514,2827
2025-09-11 22:00:00,1.11513,1.11527,1.11453,1.11489,2414
2025-09-11 23:00:00,1.11489,1.11489,1.11411,1.11413,1985
2025-09-12 00:00:00,1.11381,1.11486,1.11202,1.11412,1011
2025-09-12 01:00:00,1.11412,1.11522,1.11389,1.11491,1452
2025-09-12 02:00:00,1.11491,1.11521,1.11441,1.11517,1465
2025-09-12 03:00:00,1.11515,1.11586,1.11491,1.11561,3685
2025-09-12 04:00:00,1.11564,1.11587,1.11466,1.11485,3781
2025-09-12 05:00:00,1.11487,1.11567,1.11482,1.11552,2926
2025-09-12 06:00:00,1.11552,1.11594,1.11519,1.11586,2565
2025-09-12 07:00:00,1.11585,1.11601,1.11543,1.11548,2563
2025-09-12 08:00:00,1.1155,1.11586,1.11533,1.11562,2476
2025-09-12 09:00:00,1.11564,1.116,1.11524,1.11589,3171
2025-09-12 10:00:00,1.11591,1.11609,1.11555,1.11584,3899
2025-09-12 11:00:00,1.11587,1.11661,1.11563,1.11656,4756
2025-09-12 12:00:00,1.11658,1.11702,1.1165,1.11677,3287
2025-09-12 13:00:00,1.11678,1.11683,1.11592,1.11666,2840
2025-09-12 14:00:00,1.11666,1.11681,1.11601,1.11658,2949
2025-09-12 15:00:00,1.1166,1.1167,1.11599,1.11654,4402
2025-09-12 16:00:00,1.11652,1.11655,1.11534,1.11536,4419
2025-09-12 17:00:00,1.11544,1.11613,1.11528,1.11595,5283
2025-09-12 18:00:00,1.11597,1.11597,1.11533,1.1158,3688
2025-09-12 19:00:00,1.11578,1.11619,1.11563,1.11603,3119
2025-09-12 20:00:00,1.11602,1.11609,1.11571,1.11588,2618
2025-09-12 21:00:00,1.11588,1.11607,1.11567,1.116,2129
2025-09-12 22:00:00,1.116,1.11645,1.11593,1.11641,2404
2025-09-12 23:00:00,1.11639,1.11665,1.11544,1.1155,2223
2025-09-15 00:00:00,1.11426,1.11596,1.1128,1.11416,1485
2025-09-15 01:00:00,1.11416,1.11678,1.11402,1.11672,1440
2025-09-15 02:00:00,1.11673,1.11699,1.11648,1.11674,1427
2025-09-15 03:00:00,1.11674,1.117,1.11651,1.11696,2585
2025-09-15 04:00:00,1.11697,1.11728,1.11654,1.11675,3228
2025-09-15 05:00:00,1.11675,1.11719,1.11652,1.11701,2750
2025-09-15 06:00:00,1.11697,1.11729,1.11687,1.11707,2634
2025-09-15 07:00:00,1.11701,1.11758,1.11674,1.11745,2285
2025-09-15 08:00:00,1.11749,1.11768,1.11693,1.11766,2579
2025-09-15 09:00:00,1.11764,1.11793,1.11732,1.1175,3783
2025-09-15 10:00:00,1.1175,1.11785,1.11728,1.11753,3965
2025-09-15 11:00:00,1.11753,1.11791,1.11726,1.11743,3342
2025-09-15 12:00:00,1.11742,1.11746,1.11662,1.11733,2986
2025-09-15 13:00:00,1.11735,1.11779,1.11715,1.11729,2790
2025-09-15 14:00:00,1.11731,1.11736,1.11695,1.11715,2637
2025-09-15 15:00:00,1.11714,1.11752,1.11674,1.11738,3885
2025-09-15 16:00:00,1.11738,1.11751,1.11687,1.1169,3985
2025-09-15 17:00:00,1.1169,1.11732,1.11673,1.11719,4495
2025-09-15 18:00:00,1.11719,1.11732,1.11688,1.11715,3603
2025-09-15 19:00:00,1.11715,1.11763,1.11708,1.11745,3651
2025-09-15 20:00:00,1.11745,1.11768,1.11694,1.11715,3166
2025-09-15 21:00:00,1.11715,1.11729,1.11692,1.11717,2987
2025-09-15 22:00:00,1.11718,1.11756,1.11711,1.11753,2580
2025-09-15 23:00:00,1.11753,1.11762,1.11691,1.11702,1566
2025-09-16 00:00:00,1.11594,1.11682,1.11364,1.1162,868
2025-09-16 01:00:00,1.1162,1.1176,1.11615,1.11756,1952
2025-09-16 02:00:00,1.11757,1.11811,1.11744,1.11808,1350
2025-09-16 03:00:00,1.11806,1.11852,1.11745,1.11832,2856
2025-09-16 04:00:00,1.11833,1.11913,1.118,1.11854,3167
2025-09-16 05:00:00,1.11854,1.11887,1.11777,1.1178,3160
2025-09-16 06:00:00,1.1178,1.11827,1.11736,1.11764,2630
2025-09-16 07:00:00,1.11764,1.11798,1.11721,1.11731,2517
2025-09-16 08:00:00,1.1173,1.11752,1.1162,1.11655,2640
2025-09-16 09:00:00,1.11652,1.11678,1.11618,1.11666,3558
2025-09-16 10:00:00,1.11666,1.11666,1.11537,1.11576,3930
2025-09-16 11:00:00,1.11576,1.11675,1.11562,1.11653,3467
2025-09-16 12:00:00,1.11653,1.1173,1.11624,1.11641,3614
2025-09-16 13:00:00,1.11641,1.11669,1.11617,1.11631,2717
2025-09-16 14:00:00,1.11631,1.11668,1.11623,1.11662,2480
2025-09-16 15:00:00,1.11662,1.1169,1.11563,1.11669,4233
2025-09-16 16:00:00,1.11669,1.11673,1.11574,1.11583,4387
2025-09-16 17:00:00,1.11581,1.11651,1.11562,1.11649,5400
2025-09-16 18:00:00,1.11649,1.11671,1.11603,1.11661,3410
2025-09-16 19:00:00,1.11661,1.11682,1.1164,1.11652,2957
2025-09-16 20:00:00,1.11652,1.11663,1.11618,1.11623,2632
2025-09-16 21:00:00,1.11623,1.11644,1.11596,1.11598,2043
2025-09-16 22:00:00,1.11601,1.11619,1.11574,1.1161,2013
2025-09-16 23:00:00,1.11609,1.11648,1.11603,1.11623,1368
2025-09-17 00:00:00,1.11609,1.11616,1.11352,1.11544,1368
2025-09-17 01:00:00,1.11544,1.11628,1.11507,1.1161,1204
2025-09-17 02:00:00,1.1161,1.11692,1.11599,1.1169,1038
2025-09-17 03:00:00,1.11688,1.11728,1.11666,1.11711,2370
2025-09-17 04:00:00,1.11711,1.11757,1.11666,1.11722,2599
2025-09-17 05:00:00,1.11722,1.11723,1.11656,1.11671,1713
2025-09-17 06:00:00,1.11671,1.11704,1.11647,1.11693,1444
2025-09-17 07:00:00,1.11693,1.11699,1.11647,1.11658,1196
2025-09-17 08:00:00,1.11658,1.11735,1.11627,1.11721,1470
2025-09-17 09:00:00,1.11722,1.11767,1.11709,1.11759,2152
2025-09-17 10:00:00,1.11759,1.11778,1.1169,1.1171,2365
2025-09-17 11:00:00,1.11711,1.11716,1.11668,1.11691,1887
2025-09-17 12:00:00,1.11691,1.11711,1.11647,1.1166,1642
2025-09-17 13:00:00,1.1166,1.11685,1.11639,1.11643,1717
2025-09-17 14:00:00,1.11643,1.11689,1.11592,1.11624,1895
2025-09-17 15:00:00,1.11626,1.11647,1.11584,1.11598,2138
2025-09-17 16:00:00,1.11598,1.11645,1.11587,1.11639,2830
2025-09-17 17:00:00,1.11639,1.117,1.1163,1.11675,2991
2025-09-17 18:00:00,1.11675,1.11682,1.11637,1.11664,2325
2025-09-17 19:00:00,1.11666,1.11671,1.11609,1.11629,2447
2025-09-17 20:00:00,1.11629,1.11646,1.11545,1.11545,2225
2025-09-17 21:00:00,1.11514,1.11682,1.11416,1.11672,15229
2025-09-17 22:00:00,1.11674,1.11707,1.11529,1.11559,10157
2025-09-17 23:00:00,1.11559,1.11605,1.1153,1.11546,2332
2025-09-18 00:00:00,1.1137,1.11511,1.11288,1.11469,663
2025-09-18 01:00:00,1.11469,1.11979,1.11407,1.11886,2223
2025-09-18 02:00:00,1.11884,1.12158,1.11872,1.12099,2127
2025-09-18 03:00:00,1.12099,1.1232,1.12034,1.1231,3761
2025-09-18 04:00:00,1.12314,1.12404,1.12087,1.12148,5088
2025-09-18 05:00:00,1.12148,1.12204,1.12065,1.12107,2460
2025-09-18 06:00:00,1.12107,1.12133,1.12055,1.12094,1839
2025-09-18 07:00:00,1.12094,1.12158,1.12045,1.12154,1854
2025-09-18 08:00:00,1.12154,1.12165,1.12087,1.12122,2507
2025-09-18 09:00:00,1.12126,1.123,1.12092,1.123,3556
2025-09-18 10:00:00,1.123,1.12385,1.12255,1.12371,4004
2025-09-18 11:00:00,1.12371,1.12664,1.12357,1.1265,3268
2025-09-18 12:00:00,1.12648,1.12657,1.12522,1.12641,3462
2025-09-18 13:00:00,1.12641,1.12792,1.12632,1.12693,3621
2025-09-18 14:00:00,1.12697,1.12727,1.12619,1.12638,4059
2025-09-18 15:00:00,1.12638,1.12664,1.1254,1.12545,5376
2025-09-18 16:00:00,1.12544,1.12603,1.12499,1.12563,7221
2025-09-18 17:00:00,1.12561,1.12604,1.1242,1.12425,7539
2025-09-18 18:00:00,1.12425,1.12553,1.12413,1.12532,5316
2025-09-18 19:00:00,1.12532,1.12562,1.12512,1.12521,3873
2025-09-18 20:00:00,1.12521,1.12536,1.12477,1.12484,3399
2025-09-18 21:00:00,1.12486,1.12505,1.12444,1.12467,2721
2025-09-18 22:00:00,1.12468,1.12479,1.12401,1.12412,2505
2025-09-18 23:00:00,1.12413,1.12426,1.12362,1.1239,1551
2025-09-19 00:00:00,1.12371,1.12383,1.11898,1.12315,770
2025-09-19 01:00:00,1.12315,1.12429,1.12308,1.1241,1634
2025-09-19 02:00:00,1.1241,1.12425,1.12298,1.1235,1776
2025-09-19 03:00:00,1.12348,1.12418,1.12302,1.1236,3132
2025-09-19 04:00:00,1.1236,1.12395,1.12321,1.12345,3500
2025-09-19 05:00:00,1.12345,1.12358,1.12294,1.1234,3065
2025-09-19 06:00:00,1.12336,1.12448,1.12322,1.12445,4003
2025-09-19 07:00:00,1.12446,1.12505,1.12403,1.12485,3974
2025-09-19 08:00:00,1.12485,1.12505,1.12405,1.12422,3258
2025-09-19 09:00:00,1.12428,1.12546,1.12423,1.12515,5319
2025-09-19 10:00:00,1.12515,1.12525,1.12413,1.12437,5071
2025-09-19 11:00:00,1.12434,1.12462,1.12411,1.12424,3947
2025-09-19 12:00:00,1.12428,1.12476,1.12381,1.12392,3518
2025-09-19 13:00:00,1.12392,1.12437,1.12372,1.1241,2799
2025-09-19 14:00:00,1.12409,1.1249,1.12389,1.1247,3278
2025-09-19 15:00:00,1.12468,1.1251,1.12434,1.12457,4180
2025-09-19 16:00:00,1.12457,1.12524,1.12447,1.1251,5219
2025-09-19 17:00:00,1.12512,1.12589,1.12481,1.12569,5499
2025-09-19 18:00:00,1.12569,1.12604,1.12552,1.12589,4525
2025-09-19 19:00:00,1.12591,1.12603,1.12552,1.12573,3212
2025-09-19 20:00:00,1.12573,1.12604,1.12561,1.12583,2539
2025-09-19 21:00:00,1.12583,1.12598,1.12556,1.12592,2423
2025-09-19 22:00:00,1.1259,1.12615,1.12576,1.12586,2352
2025-09-19 23:00:00,1.12586,1.12607,1.12439,1.12447,1664
2025-09-22 00:00:00,1.1226,1.1239,1.12242,1.12346,1022
2025-09-22 01:00:00,1.12346,1.12583,1.12304,1.12577,1813
2025-09-22 02:00:00,1.12579,1.12664,1.12564,1.12617,1729
2025-09-22 03:00:00,1.12616,1.1267,1.12538,1.12567,3573
2025-09-22 04:00:00,1.12564,1.12596,1.12505,1.12549,4840
2025-09-22 05:00:00,1.12549,1.12592,1.12514,1.12528,3490
2025-09-22 06:00:00,1.12527,1.12582,1.12505,1.12519,2362
2025-09-22 07:00:00,1.12519,1.12566,1.12486,1.12548,2248
2025-09-22 08:00:00,1.12548,1.12594,1.12529,1.12566,2326
2025-09-22 09:00:00,1.12568,1.12589,1.1251,1.12576,3422
2025-09-22 10:00:00,1.12575,1.12602,1.12501,1.12573,4527
2025-09-22 11:00:00,1.12573,1.12583,1.12515,1.12551,4185
2025-09-22 12:00:00,1.12549,1.12574,1.12506,1.12554,3102
2025-09-22 13:00:00,1.12554,1.12587,1.12527,1.12583,2636
2025-09-22 14:00:00,1.12584,1.12585,1.12511,1.12525,2566
2025-09-22 15:00:00,1.12525,1.12578,1.12493,1.12542,3604
2025-09-22 16:00:00,1.12543,1.1255,1.12412,1.12418,4749
2025-09-22 17:00:00,1.12419,1.12467,1.12391,1.12462,4514
2025-09-22 18:00:00,1.12462,1.12468,1.12396,1.12425,3317
2025-09-22 19:00:00,1.12425,1.1247,1.12411,1.12444,3366
2025-09-22 20:00:00,1.12444,1.12447,1.12409,1.1243,2623
2025-09-22 21:00:00,1.1243,1.12444,1.12408,1.12431,2248
2025-09-22 22:00:00,1.12432,1.12454,1.12404,1.12441,1992
2025-09-22 23:00:00,1.12441,1.12458,1.12412,1.12441,1640
2025-09-23 00:00:00,1.12402,1.12408,1.12242,1.12385,593
2025-09-23 01:00:00,1.12383,1.12462,1.12383,1.12447,1614
2025-09-23 02:00:00,1.12446,1.12486,1.1243,1.12479,1439
2025-09-23 03:00:00,1.12481,1.12532,1.12403,1.1249,2673
2025-09-23 04:00:00,1.1249,1.12536,1.12445,1.12489,3263
2025-09-23 05:00:00,1.1249,1.12521,1.12422,1.12442,3176
2025-09-23 06:00:00,1.12442,1.12525,1.12438,1.12508,2629
2025-09-23 07:00:00,1.12508,1.12588,1.12508,1.1257,2278
2025-09-23 08:00:00,1.1257,1.12638,1.12549,1.12575,2784
2025-09-23 09:00:00,1.12577,1.12601,1.1255,1.12571,3375
2025-09-23 10:00:00,1.12571,1.12659,1.1256,1.12602,4783
2025-09-23 11:00:00,1.126,1.12611,1.12547,1.12566,4015
2025-09-23 12:00:00,1.12568,1.12635,1.12561,1.12632,3498
2025-09-23 13:00:00,1.1263,1.1267,1.1261,1.12626,3099
2025-09-23 14:00:00,1.12626,1.12677,1.1262,1.1265,2400
2025-09-23 15:00:00,1.1265,1.12716,1.12625,1.12708,3268
2025-09-23 16:00:00,1.12708,1.12791,1.12687,1.1278,4841
2025-09-23 17:00:00,1.1278,1.12797,1.1272,1.12735,5196
2025-09-23 18:00:00,1.12737,1.12745,1.12672,1.12687,3523
2025-09-23 19:00:00,1.12687,1.12709,1.12653,1.12694,4340
2025-09-23 20:00:00,1.12692,1.12702,1.12611,1.1263,4680
2025-09-23 21:00:00,1.1263,1.12645,1.12602,1.12624,3430
2025-09-23 22:00:00,1.12627,1.12653,1.12616,1.12644,2862
2025-09-23 23:00:00,1.12642,1.12672,1.12606,1.12621,1269
2025-09-24 00:00:00,1.1261,1.12691,1.12453,1.12515,802
2025-09-24 01:00:00,1.12515,1.1268,1.12497,1.12656,1711
2025-09-24 02:00:00,1.12656,1.12679,1.12625,1.12668,1722
2025-09-24 03:00:00,1.12668,1.12693,1.12608,1.12623,3019
2025-09-24 04:00:00,1.12622,1.12844,1.126,1.12828,4777
2025-09-24 05:00:00,1.12828,1.13001,1.12816,1.12984,4034
2025-09-24 06:00:00,1.12984,1.12984,1.12893,1.12938,2649
2025-09-24 07:00:00,1.1294,1.13024,1.12928,1.12969,2435
2025-09-24 08:00:00,1.12967,1.13117,1.12946,1.13062,2608
2025-09-24 09:00:00,1.13062,1.13165,1.13054,1.1309,3268
2025-09-24 10:00:00,1.13088,1.13126,1.1304,1.13088,3453
2025-09-24 11:00:00,1.13086,1.13114,1.13039,1.131,3366
2025-09-24 12:00:00,1.13102,1.13166,1.13089,1.1314,2476
2025-09-24 13:00:00,1.13142,1.13182,1.13112,1.13132,2338
2025-09-24 14:00:00,1.13134,1.13184,1.13127,1.13163,2620
2025-09-24 15:00:00,1.13163,1.1324,1.13131,1.13131,4635
2025-09-24 16:00:00,1.13131,1.133,1.13128,1.13286,5534
2025-09-24 17:00:00,1.13288,1.13409,1.13271,1.13301,6387
2025-09-24 18:00:00,1.13304,1.13337,1.13282,1.13293,4726
2025-09-24 19:00:00,1.13294,1.13297,1.13174,1.13181,3870
2025-09-24 20:00:00,1.13184,1.13236,1.13175,1.13222,2785
2025-09-24 21:00:00,1.13222,1.1325,1.13198,1.13247,2706
2025-09-24 22:00:00,1.1325,1.13255,1.13217,1.13232,2221
2025-09-24 23:00:00,1.13234,1.13258,1.13206,1.13215,1497
2025-09-25 00:00:00,1.13141,1.13189,1.12722,1.13098,1182
2025-09-25 01:00:00,1.13098,1.13243,1.13098,1.13239,1509
2025-09-25 02:00:00,1.13239,1.13259,1.13191,1.13254,1668
2025-09-25 03:00:00,1.1325,1.13377,1.13211,1.1337,3173
2025-09-25 04:00:00,1.1337,1.13409,1.13294,1.13308,3406
2025-09-25 05:00:00,1.13306,1.13354,1.13281,1.13331,2866
2025-09-25 06:00:00,1.13331,1.13365,1.13226,1.13236,2264
2025-09-25 07:00:00,1.13236,1.13302,1.1322,1.13277,1937
2025-09-25 08:00:00,1.13275,1.13319,1.13263,1.13314,2466
2025-09-25 09:00:00,1.13316,1.13372,1.13298,1.13299,3314
2025-09-25 10:00:00,1.13299,1.13304,1.1322,1.13228,3887
2025-09-25 11:00:00,1.13228,1.13306,1.13214,1.1322,3676
2025-09-25 12:00:00,1.13222,1.13293,1.13222,1.13282,2981
2025-09-25 13:00:00,1.1328,1.13319,1.13258,1.13274,2701
2025-09-25 14:00:00,1.13276,1.13311,1.13255,1.13272,3205
2025-09-25 15:00:00,1.13274,1.13281,1.13181,1.13213,6712
2025-09-25 16:00:00,1.13213,1.13394,1.13184,1.13387,7236
2025-09-25 17:00:00,1.13389,1.13469,1.13321,1.13325,7001
2025-09-25 18:00:00,1.13325,1.13439,1.13323,1.13402,4895
2025-09-25 19:00:00,1.13399,1.13408,1.13356,1.13369,3967
2025-09-25 20:00:00,1.13367,1.13375,1.13319,1.13329,3994
2025-09-25 21:00:00,1.13329,1.13391,1.13292,1.13365,3614
2025-09-25 22:00:00,1.13364,1.13415,1.13341,1.13399,2765
2025-09-25 23:00:00,1.13402,1.13413,1.13377,1.13386,1596
2025-09-26 00:00:00,1.13394,1.13399,1.13064,1.13255,2044
2025-09-26 01:00:00,1.13255,1.13409,1.13143,1.13394,1458
2025-09-26 02:00:00,1.13394,1.13458,1.13371,1.13449,1906
2025-09-26 03:00:00,1.13449,1.13495,1.13381,1.13395,3317
2025-09-26 04:00:00,1.13393,1.13417,1.13337,1.13387,3329
2025-09-26 05:00:00,1.13387,1.13458,1.1337,1.13404,2510
2025-09-26 06:00:00,1.13404,1.13444,1.13384,1.13435,2159
2025-09-26 07:00:00,1.13433,1.1344,1.13372,1.13383,2309
2025-09-26 08:00:00,1.13383,1.13402,1.13354,1.13388,2364
2025-09-26 09:00:00,1.13387,1.13404,1.13304,1.13305,3357
2025-09-26 10:00:00,1.13305,1.13379,1.13303,1.13359,3972
2025-09-26 11:00:00,1.13359,1.13362,1.13287,1.13302,3120
2025-09-26 12:00:00,1.13302,1.1335,1.13287,1.13314,2951
2025-09-26 13:00:00,1.13311,1.13336,1.13273,1.13284,2762
2025-09-26 14:00:00,1.13286,1.13344,1.13271,1.13324,3081
2025-09-26 15:00:00,1.13324,1.13389,1.13276,1.1338,5534
2025-09-26 16:00:00,1.13382,1.13489,1.13338,1.13458,6552
2025-09-26 17:00:00,1.1346,1.13479,1.13387,1.13426,7474
2025-09-26 18:00:00,1.13426,1.13473,1.13406,1.13466,4964
2025-09-26 19:00:00,1.13464,1.13476,1.13419,1.13467,3355
2025-09-26 20:00:00,1.13469,1.13473,1.13435,1.13457,2582
2025-09-26 21:00:00,1.13457,1.13466,1.13417,1.13436,2438
2025-09-26 22:00:00,1.13436,1.13442,1.13408,1.13434,2055
2025-09-26 23:00:00,1.13434,1.13434,1.13276,1.13283,1413
2025-09-29 00:00:00,1.13062,1.13322,1.13,1.13314,565
2025-09-29 01:00:00,1.13314,1.13448,1.13314,1.13427,1401
2025-09-29 02:00:00,1.13419,1.13436,1.13389,1.13401,1675
2025-09-29 03:00:00,1.13399,1.13457,1.13383,1.13455,2977
2025-09-29 04:00:00,1.13455,1.13505,1.13432,1.1347,3849
2025-09-29 05:00:00,1.13472,1.13531,1.134,1.13425,3331
2025-09-29 06:00:00,1.13425,1.13521,1.13401,1.13511,2439
2025-09-29 07:00:00,1.13514,1.1354,1.13463,1.13467,2088
2025-09-29 08:00:00,1.13469,1.13494,1.13436,1.13466,2988
2025-09-29 09:00:00,1.13465,1.13496,1.13432,1.13441,3518
2025-09-29 10:00:00,1.13443,1.13495,1.13383,1.13385,3701
2025-09-29 11:00:00,1.13386,1.13449,1.13374,1.13443,2989
2025-09-29 12:00:00,1.13441,1.13487,1.13428,1.13469,2715
2025-09-29 13:00:00,1.13469,1.13511,1.13453,1.13464,2254
2025-09-29 14:00:00,1.13462,1.13513,1.13444,1.13508,3100
2025-09-29 15:00:00,1.13506,1.13509,1.13461,1.13474,4571
2025-09-29 16:00:00,1.13474,1.13572,1.13466,1.1357,5310
2025-09-29 17:00:00,1.13568,1.13667,1.13523,1.13665,5162
2025-09-29 18:00:00,1.13663,1.13695,1.13646,1.13678,4691
2025-09-29 19:00:00,1.13676,1.13744,1.13665,1.13727,2699
2025-09-29 20:00:00,1.13727,1.13793,1.13708,1.13772,2197
2025-09-29 21:00:00,1.13773,1.13808,1.13751,1.13792,1929
2025-09-29 22:00:00,1.13792,1.13854,1.13766,1.13824,1858
2025-09-29 23:00:00,1.13822,1.13834,1.13783,1.13828,1119
2025-09-30 00:00:00,1.13766,1.13822,1.13614,1.13794,681
2025-09-30 01:00:00,1.13801,1.13865,1.13735,1.13842,1430
2025-09-30 02:00:00,1.13842,1.13862,1.13794,1.138,1489
2025-09-30 03:00:00,1.13801,1.13866,1.1379,1.13828,3438
2025-09-30 04:00:00,1.1383,1.13878,1.13804,1.13817,4200
2025-09-30 05:00:00,1.13817,1.1392,1.13802,1.13857,3385
2025-09-30 06:00:00,1.13859,1.13871,1.13793,1.13795,2716
2025-09-30 07:00:00,1.13793,1.1414,1.13745,1.14068,3393
2025-09-30 08:00:00,1.1407,1.14136,1.14023,1.14064,3448
2025-09-30 09:00:00,1.14069,1.14074,1.13785,1.13837,4464
2025-09-30 10:00:00,1.13838,1.13863,1.13584,1.13832,5501
2025-09-30 11:00:00,1.13827,1.13954,1.13821,1.13952,5127
2025-09-30 12:00:00,1.13952,1.14082,1.13942,1.14082,3852
2025-09-30 13:00:00,1.14082,1.14095,1.1403,1.14069,2712
2025-09-30 14:00:00,1.14069,1.14113,1.1403,1.14064,3321
2025-09-30 15:00:00,1.14064,1.14128,1.14038,1.14083,3652
2025-09-30 16:00:00,1.14083,1.1418,1.14052,1.14079,5117
2025-09-30 17:00:00,1.14074,1.14156,1.1407,1.14135,6493
2025-09-30 18:00:00,1.14135,1.14135,1.14029,1.1405,5268
2025-09-30 19:00:00,1.1405,1.14131,1.14033,1.14101,3294
2025-09-30 20:00:00,1.14098,1.14148,1.14091,1.14128,2935
2025-09-30 21:00:00,1.14126,1.14158,1.14096,1.14114,2543
2025-09-30 22:00:00,1.14114,1.14127,1.14083,1.14118,2531
2025-09-30 23:00:00,1.14114,1.14152,1.14096,1.14129,1565
2025-10-01 00:00:00,1.14108,1.14108,1.13776,1.14022,1668
2025-10-01 01:00:00,1.14022,1.14123,1.14022,1.14115,1885
2025-10-01 02:00:00,1.14108,1.14139,1.14038,1.14058,1966
2025-10-01 03:00:00,1.14062,1.14091,1.14013,1.14047,3532
2025-10-01 04:00:00,1.14047,1.14076,1.13958,1.13979,3132
2025-10-01 05:00:00,1.13979,1.1403,1.13894,1.13905,2714
2025-10-01 06:00:00,1.13905,1.13933,1.13853,1.13878,2347
2025-10-01 07:00:00,1.1388,1.13897,1.13772,1.13804,2762
2025-10-01 08:00:00,1.13804,1.13837,1.13759,1.13783,3390
2025-10-01 09:00:00,1.13783,1.13854,1.13766,1.13788,4332
2025-10-01 10:00:00,1.13791,1.13825,1.13727,1.13774,5870
2025-10-01 11:00:00,1.13774,1.13782,1.13692,1.13739,4442
2025-10-01 12:00:00,1.13739,1.13797,1.13713,1.13792,3421
2025-10-01 13:00:00,1.13792,1.13847,1.13791,1.1381,3430
2025-10-01 14:00:00,1.1381,1.13839,1.13739,1.13773,3395
2025-10-01 15:00:00,1.13775,1.13787,1.13602,1.13636,8763
2025-10-01 16:00:00,1.13638,1.13672,1.1355,1.1355,6657
2025-10-01 17:00:00,1.13544,1.13713,1.13544,1.13612,7915
2025-10-01 18:00:00,1.13608,1.13654,1.13591,1.13646,5832
2025-10-01 19:00:00,1.13644,1.13681,1.13636,1.13674,3689
2025-10-01 20:00:00,1.13672,1.13719,1.13657,1.13711,2795
2025-10-01 21:00:00,1.13707,1.13751,1.13676,1.13726,3021
2025-10-01 22:00:00,1.13726,1.13732,1.13684,1.1369,2218
2025-10-01 23:00:00,1.1369,1.13723,1.13651,1.13667,1545
2025-10-02 00:00:00,1.13654,1.13666,1.13485,1.1363,752
2025-10-02 01:00:00,1.1363,1.13682,1.13585,1.13636,1476
2025-10-02 02:00:00,1.13637,1.13651,1.13596,1.13641,1687
2025-10-02 03:00:00,1.13641,1.13708,1.136,1.13611,3062
2025-10-02 04:00:00,1.13609,1.13614,1.13453,1.13455,3281
2025-10-02 05:00:00,1.13455,1.13547,1.1343,1.13511,2309
2025-10-02 06:00:00,1.13511,1.13553,1.13468,1.13523,2196
2025-10-02 07:00:00,1.13523,1.1356,1.13489,1.13501,1965
2025-10-02 08:00:00,1.13501,1.13528,1.13391,1.13441,2679
2025-10-02 09:00:00,1.1344,1.13447,1.13327,1.13398,3703
2025-10-02 10:00:00,1.134,1.13419,1.13311,1.134,3649
2025-10-02 11:00:00,1.134,1.1343,1.13343,1.13382,3968
2025-10-02 12:00:00,1.13382,1.13394,1.13327,1.13349,3413
2025-10-02 13:00:00,1.13347,1.13414,1.13328,1.13402,2984
2025-10-02 14:00:00,1.13406,1.13412,1.13335,1.13371,3530
2025-10-02 15:00:00,1.13371,1.13416,1.13348,1.13398,3810
2025-10-02 16:00:00,1.13398,1.13476,1.13363,1.13453,5708
2025-10-02 17:00:00,1.13455,1.13472,1.1334,1.1338,6246
2025-10-02 18:00:00,1.1338,1.13408,1.133,1.13319,5473
2025-10-02 19:00:00,1.13321,1.13333,1.13281,1.13309,3477
2025-10-02 20:00:00,1.13309,1.13336,1.13297,1.1331,2693
2025-10-02 21:00:00,1.13308,1.13367,1.133,1.1335,2193
2025-10-02 22:00:00,1.1335,1.13393,1.13337,1.13384,2067
2025-10-02 23:00:00,1.13384,1.13402,1.13363,1.13379,1348
2025-10-03 00:00:00,1.13234,1.13343,1.13218,1.13221,757
2025-10-03 01:00:00,1.13221,1.13396,1.13218,1.13386,1174
2025-10-03 02:00:00,1.13388,1.13405,1.13363,1.13393,1290
2025-10-03 03:00:00,1.13389,1.13424,1.13376,1.13405,2564
2025-10-03 04:00:00,1.13405,1.13441,1.13351,1.13362,3590
2025-10-03 05:00:00,1.1336,1.13368,1.13283,1.13347,2446
2025-10-03 06:00:00,1.13347,1.13368,1.13272,1.13365,2368
2025-10-03 07:00:00,1.13363,1.13379,1.13327,1.13348,1971
2025-10-03 08:00:00,1.13348,1.13359,1.13243,1.13259,2987
2025-10-03 09:00:00,1.13257,1.13363,1.13231,1.13358,3181
2025-10-03 10:00:00,1.13361,1.13391,1.13272,1.13282,3596
2025-10-03 11:00:00,1.13278,1.13319,1.1324,1.13279,3621
2025-10-03 12:00:00,1.13281,1.13321,1.13217,1.1322,2719
2025-10-03 13:00:00,1.1322,1.13243,1.13196,1.13218,2327
2025-10-03 14:00:00,1.13219,1.13233,1.13175,1.13215,3238
2025-10-03 15:00:00,1.13214,1.13257,1.1317,1.13231,4138
2025-10-03 16:00:00,1.13233,1.13317,1.13224,1.13307,5259
2025-10-03 17:00:00,1.13322,1.134,1.13246,1.1329,7620
2025-10-03 18:00:00,1.13291,1.13301,1.13251,1.13292,4320
2025-10-03 19:00:00,1.13296,1.13306,1.13275,1.13287,2855
2025-10-03 20:00:00,1.13289,1.13293,1.13203,1.13212,3330
2025-10-03 21:00:00,1.13212,1.13229,1.13177,1.13199,2924
2025-10-03 22:00:00,1.13193,1.13214,1.13172,1.13195,2331
2025-10-03 23:00:00,1.13193,1.13216,1.13094,1.13098,1450
2025-10-06 00:00:00,1.1296,1.13136,1.1296,1.13136,789
2025-10-06 01:00:00,1.13138,1.1331,1.13138,1.1325,3235
2025-10-06 02:00:00,1.1325,1.13277,1.13174,1.13219,4027
2025-10-06 03:00:00,1.1322,1.13281,1.1318,1.13209,4204
2025-10-06 04:00:00,1.13207,1.13274,1.13153,1.13249,3715
2025-10-06 05:00:00,1.13249,1.133,1.1321,1.13226,2733
2025-10-06 06:00:00,1.13226,1.13255,1.13181,1.1325,2672
2025-10-06 07:00:00,1.1325,1.13266,1.13201,1.13243,3121
2025-10-06 08:00:00,1.13243,1.13279,1.13209,1.1327,2861
2025-10-06 09:00:00,1.1327,1.13291,1.13229,1.13283,4487
2025-10-06 10:00:00,1.13281,1.13378,1.13277,1.13333,6440
2025-10-06 11:00:00,1.13331,1.13399,1.13292,1.13381,5464
2025-10-06 12:00:00,1.13381,1.13446,1.13371,1.13437,3942
2025-10-06 13:00:00,1.13439,1.13452,1.13368,1.13392,3670
2025-10-06 14:00:00,1.13392,1.13422,1.13346,1.13367,3883
2025-10-06 15:00:00,1.13367,1.13378,1.13322,1.13346,5755
2025-10-06 16:00:00,1.13347,1.13416,1.13317,1.1335,5214
2025-10-06 17:00:00,1.1335,1.1336,1.13308,1.13344,5476
2025-10-06 18:00:00,1.13338,1.13391,1.13328,1.13376,4324
2025-10-06 19:00:00,1.13374,1.13378,1.1331,1.13319,2827
2025-10-06 20:00:00,1.13321,1.13322,1.13277,1.13318,2659
2025-10-06 21:00:00,1.13322,1.13322,1.13252,1.13289,2241
2025-10-06 22:00:00,1.13291,1.13311,1.13235,1.13237,1962
2025-10-06 23:00:00,1.13237,1.13285,1.13237,1.13261,1188
2025-10-07 00:00:00,1.1314,1.13321,1.13032,1.1315,1134
2025-10-07 01:00:00,1.1315,1.13357,1.1315,1.13349,2377
2025-10-07 02:00:00,1.13349,1.13351,1.13269,1.13286,1837
2025-10-07 03:00:00,1.13284,1.13402,1.13267,1.13365,3097
2025-10-07 04:00:00,1.13361,1.13423,1.13353,1.13405,2820
2025-10-07 05:00:00,1.13406,1.1346,1.13373,1.1345,2325
2025-10-07 06:00:00,1.1345,1.13531,1.13448,1.13513,2325
2025-10-07 07:00:00,1.13513,1.13542,1.13441,1.13469,2121
2025-10-07 08:00:00,1.13467,1.13485,1.13409,1.13423,2784
2025-10-07 09:00:00,1.13423,1.13455,1.13399,1.1342,3689
2025-10-07 10:00:00,1.13424,1.13497,1.13382,1.13491,4110
2025-10-07 11:00:00,1.13491,1.13505,1.13441,1.13482,3479
2025-10-07 12:00:00,1.13482,1.13493,1.13437,1.13449,2843
2025-10-07 13:00:00,1.13449,1.13489,1.13438,1.13472,2652
2025-10-07 14:00:00,1.13471,1.13497,1.13429,1.13454,3242
2025-10-07 15:00:00,1.13454,1.13477,1.13392,1.13412,4204
2025-10-07 16:00:00,1.1341,1.13466,1.13391,1.13448,5246
2025-10-07 17:00:00,1.13448,1.1351,1.13409,1.13449,5197
2025-10-07 18:00:00,1.13449,1.13506,1.13427,1.13443,6042
2025-10-07 19:00:00,1.13443,1.13483,1.13422,1.13444,4540
2025-10-07 20:00:00,1.13444,1.13503,1.13439,1.13474,3530
2025-10-07 21:00:00,1.13478,1.1356,1.13476,1.1354,3291
2025-10-07 22:00:00,1.1354,1.13552,1.13491,1.13495,2558
2025-10-07 23:00:00,1.13495,1.13522,1.13462,1.13464,1624
2025-10-08 00:00:00,1.1345,1.13454,1.13222,1.13401,603
2025-10-08 01:00:00,1.13401,1.13531,1.13401,1.1353,1454
2025-10-08 02:00:00,1.1353,1.13541,1.13488,1.13502,2167
2025-10-08 03:00:00,1.13502,1.13543,1.13413,1.13433,3444
2025-10-08 04:00:00,1.13415,1.14459,1.13405,1.14141,7617
2025-10-08 05:00:00,1.14137,1.14263,1.14137,1.14189,4027
2025-10-08 06:00:00,1.14189,1.14299,1.14166,1.14222,2866
2025-10-08 07:00:00,1.1422,1.14342,1.14195,1.14268,2729
2025-10-08 08:00:00,1.14268,1.14334,1.14215,1.14329,2818
2025-10-08 09:00:00,1.14329,1.14335,1.14204,1.14281,4253
2025-10-08 10:00:00,1.14281,1.14311,1.14084,1.14177,4720
2025-10-08 11:00:00,1.14177,1.14188,1.13875,1.13958,4033
2025-10-08 12:00:00,1.13956,1.13956,1.13802,1.13878,3851
2025-10-08 13:00:00,1.13878,1.13922,1.13851,1.1389,3362
2025-10-08 14:00:00,1.13888,1.13904,1.13732,1.13744,3294
2025-10-08 15:00:00,1.13739,1.13859,1.13738,1.13853,3998
2025-10-08 16:00:00,1.13855,1.13956,1.1381,1.13955,5293
2025-10-08 17:00:00,1.13953,1.13967,1.13827,1.13836,5392
2025-10-08 18:00:00,1.13837,1.13933,1.1383,1.13915,4655
2025-10-08 19:00:00,1.13917,1.13923,1.13873,1.13885,3081
2025-10-08 20:00:00,1.13888,1.13928,1.13852,1.13924,2532
2025-10-08 21:00:00,1.13931,1.13933,1.1386,1.13881,4184
2025-10-08 22:00:00,1.13881,1.13892,1.13856,1.13861,2600
2025-10-08 23:00:00,1.13861,1.13893,1.13805,1.1381,1311
2025-10-09 00:00:00,1.13796,1.13809,1.1344,1.13767,980
2025-10-09 01:00:00,1.13767,1.13876,1.13751,1.13862,1428
2025-10-09 02:00:00,1.13864,1.13867,1.13799,1.13845,1885
2025-10-09 03:00:00,1.13845,1.1387,1.13821,1.13856,2760
2025-10-09 04:00:00,1.13856,1.13857,1.13721,1.13804,4290
2025-10-09 05:00:00,1.13804,1.13831,1.13666,1.13675,2537
2025-10-09 06:00:00,1.13675,1.13816,1.13675,1.1381,2060
2025-10-09 07:00:00,1.1381,1.13837,1.1374,1.13817,1639
2025-10-09 08:00:00,1.13817,1.1394,1.13815,1.13937,2155
2025-10-09 09:00:00,1.1394,1.14057,1.13884,1.13968,5406
2025-10-09 10:00:00,1.13968,1.14121,1.13962,1.14085,4928
2025-10-09 11:00:00,1.14085,1.14104,1.13995,1.14096,4419
2025-10-09 12:00:00,1.14096,1.14128,1.14035,1.14119,4361
2025-10-09 13:00:00,1.14121,1.14165,1.14093,1.14118,2594
2025-10-09 14:00:00,1.1412,1.14195,1.14112,1.14139,3104
2025-10-09 15:00:00,1.14145,1.14262,1.14137,1.14262,4801
2025-10-09 16:00:00,1.1426,1.14289,1.14179,1.14195,7738
2025-10-09 17:00:00,1.14195,1.14195,1.14053,1.14114,8158
2025-10-09 18:00:00,1.14114,1.14143,1.14048,1.14107,6954
2025-10-09 19:00:00,1.14106,1.14142,1.1405,1.14057,4944
2025-10-09 20:00:00,1.14063,1.14081,1.1403,1.14042,4879
2025-10-09 21:00:00,1.1404,1.14085,1.14022,1.14041,2879
2025-10-09 22:00:00,1.14041,1.1409,1.14038,1.14066,2683
2025-10-09 23:00:00,1.14065,1.14084,1.14024,1.14084,1451
2025-10-10 00:00:00,1.14048,1.14063,1.13668,1.13986,535
2025-10-10 01:00:00,1.13878,1.14092,1.13878,1.14089,1450
2025-10-10 02:00:00,1.14089,1.14163,1.14047,1.14055,2558
2025-10-10 03:00:00,1.14053,1.14163,1.14048,1.14131,2908
2025-10-10 04:00:00,1.14129,1.1417,1.14094,1.14151,3287
2025-10-10 05:00:00,1.14151,1.14191,1.14143,1.14175,2421
2025-10-10 06:00:00,1.14175,1.1419,1.14091,1.14103,2155
2025-10-10 07:00:00,1.14103,1.1414,1.14074,1.14084,1814
2025-10-10 08:00:00,1.14084,1.1412,1.14038,1.14116,2231
2025-10-10 09:00:00,1.14118,1.14139,1.14009,1.14015,4713
2025-10-10 10:00:00,1.14017,1.14058,1.13982,1.14005,5029
2025-10-10 11:00:00,1.14007,1.14012,1.13892,1.13916,4480
2025-10-10 12:00:00,1.13916,1.13959,1.13865,1.13945,3636
2025-10-10 13:00:00,1.13947,1.13976,1.13924,1.13958,3320
2025-10-10 14:00:00,1.13958,1.1398,1.13935,1.13959,3337
2025-10-10 15:00:00,1.13957,1.13979,1.13915,1.13954,4397
2025-10-10 16:00:00,1.13956,1.1399,1.13864,1.13879,5191
2025-10-10 17:00:00,1.13846,1.13993,1.13846,1.13919,6639
2025-10-10 18:00:00,1.13917,1.13917,1.1324,1.13285,13918
2025-10-10 19:00:00,1.13285,1.13406,1.13248,1.13316,8907
2025-10-10 20:00:00,1.13315,1.13417,1.13302,1.13378,5722
2025-10-10 21:00:00,1.13378,1.13389,1.13274,1.13301,4465
2025-10-10 22:00:00,1.13301,1.13316,1.13239,1.13286,4000
2025-10-10 23:00:00,1.13286,1.13286,1.13023,1.13042,3227
2025-10-13 00:00:00,1.13252,1.1346,1.13036,1.13203,1927
2025-10-13 01:00:00,1.13203,1.13442,1.13184,1.13329,4958
2025-10-13 02:00:00,1.13329,1.13507,1.13313,1.13486,3770
2025-10-13 03:00:00,1.13486,1.13614,1.13475,1.13597,5149
2025-10-13 04:00:00,1.136,1.13712,1.1357,1.13689,5489
2025-10-13 05:00:00,1.13687,1.13711,1.13658,1.13697,3080
2025-10-13 06:00:00,1.13699,1.13731,1.13611,1.13637,2714
2025-10-13 07:00:00,1.13637,1.13682,1.13617,1.13661,2165
2025-10-13 08:00:00,1.13661,1.13737,1.1365,1.13694,3020
2025-10-13 09:00:00,1.13694,1.13704,1.1364,1.13675,5127
2025-10-13 10:00:00,1.13674,1.13707,1.13602,1.13697,6223
2025-10-13 11:00:00,1.13697,1.13838,1.13691,1.13774,5095
2025-10-13 12:00:00,1.13774,1.13781,1.13694,1.13755,3301
2025-10-13 13:00:00,1.13757,1.13831,1.13749,1.13781,3162
2025-10-13 14:00:00,1.13781,1.1379,1.13696,1.13747,5071
2025-10-13 15:00:00,1.13751,1.13789,1.13731,1.13752,4760
2025-10-13 16:00:00,1.13756,1.138,1.13683,1.13733,6430
2025-10-13 17:00:00,1.13734,1.13792,1.13716,1.13734,7017
2025-10-13 18:00:00,1.13738,1.13787,1.13709,1.13716,4914
2025-10-13 19:00:00,1.13716,1.13778,1.13713,1.13767,3211
2025-10-13 20:00:00,1.13765,1.13774,1.13732,1.13743,2334
2025-10-13 21:00:00,1.13737,1.13768,1.13713,1.13719,2184
2025-10-13 22:00:00,1.13717,1.1378,1.13704,1.1378,1845
2025-10-13 23:00:00,1.13776,1.13778,1.1374,1.13775,794
2025-10-14 00:00:00,1.13756,1.13774,1.13536,1.13759,649
2025-10-14 01:00:00,1.13759,1.13831,1.13715,1.13827,1209
2025-10-14 02:00:00,1.13827,1.13921,1.13809,1.13905,1916
2025-10-14 03:00:00,1.13907,1.13952,1.13881,1.13909,3733
2025-10-14 04:00:00,1.13911,1.13917,1.13759,1.13777,4032
2025-10-14 05:00:00,1.13777,1.13851,1.13731,1.13842,2396
2025-10-14 06:00:00,1.13842,1.13856,1.13748,1.1378,3173
2025-10-14 07:00:00,1.1378,1.13785,1.13525,1.13543,5097
2025-10-14 08:00:00,1.13541,1.13606,1.13437,1.13489,5036
2025-10-14 09:00:00,1.13495,1.13626,1.13471,1.13572,6518
2025-10-14 10:00:00,1.13575,1.13646,1.1338,1.13449,7479
2025-10-14 11:00:00,1.13449,1.13534,1.13423,1.13479,4907
2025-10-14 12:00:00,1.13479,1.135,1.13391,1.1341,4259
2025-10-14 13:00:00,1.1341,1.13427,1.13307,1.1333,4757
2025-10-14 14:00:00,1.1333,1.13493,1.13325,1.13467,4316
2025-10-14 15:00:00,1.13467,1.13472,1.13224,1.13266,5616
2025-10-14 16:00:00,1.13266,1.13398,1.13263,1.13367,8185
2025-10-14 17:00:00,1.13369,1.13537,1.13354,1.13518,7400
2025-10-14 18:00:00,1.13518,1.13538,1.13467,1.13521,6038
2025-10-14 19:00:00,1.13521,1.13562,1.13491,1.1351,5755
2025-10-14 20:00:00,1.13507,1.13553,1.13478,1.13517,4382
2025-10-14 21:00:00,1.13517,1.1355,1.13496,1.1354,3151
2025-10-14 22:00:00,1.1354,1.13574,1.13448,1.13507,4636
2025-10-14 23:00:00,1.13507,1.13533,1.13467,1.13478,1339
2025-10-15 00:00:00,1.13413,1.13432,1.13194,1.13411,590
2025-10-15 01:00:00,1.13411,1.13604,1.13408,1.136,1608
2025-10-15 02:00:00,1.13602,1.1365,1.13578,1.13633,1730
2025-10-15 03:00:00,1.13636,1.1374,1.13613,1.13733,3199
2025-10-15 04:00:00,1.13733,1.13737,1.13617,1.13684,4153
2025-10-15 05:00:00,1.13682,1.13788,1.13665,1.1378,3380
2025-10-15 06:00:00,1.13778,1.13879,1.13763,1.1382,2445
2025-10-15 07:00:00,1.1382,1.13917,1.13809,1.13872,1932
2025-10-15 08:00:00,1.13874,1.13933,1.13865,1.13915,2172
2025-10-15 09:00:00,1.13915,1.13931,1.13823,1.13836,4104
2025-10-15 10:00:00,1.13838,1.13874,1.13745,1.13863,4428
2025-10-15 11:00:00,1.13863,1.13873,1.13779,1.13812,4067
2025-10-15 12:00:00,1.13816,1.13862,1.13809,1.13828,3586
2025-10-15 13:00:00,1.13826,1.13858,1.13812,1.13837,3095
2025-10-15 14:00:00,1.13837,1.13851,1.13786,1.13816,2643
2025-10-15 15:00:00,1.13816,1.13894,1.13805,1.13838,5151
2025-10-15 16:00:00,1.1384,1.13885,1.13752,1.13785,6769
2025-10-15 17:00:00,1.13785,1.13907,1.13776,1.13858,5524
2025-10-15 18:00:00,1.1386,1.13881,1.13744,1.13797,6276
2025-10-15 19:00:00,1.13797,1.13881,1.13787,1.13852,5054
2025-10-15 20:00:00,1.13848,1.13853,1.13699,1.13825,6919
2025-10-15 21:00:00,1.13829,1.13829,1.1377,1.13795,3410
2025-10-15 22:00:00,1.13795,1.13807,1.13759,1.13784,2526
2025-10-15 23:00:00,1.13784,1.13807,1.13747,1.1376,1476
2025-10-16 00:00:00,1.1375,1.13778,1.134,1.13733,812
2025-10-16 01:00:00,1.13733,1.13886,1.13731,1.13841,1513
2025-10-16 02:00:00,1.13841,1.13879,1.1382,1.13862,1887
2025-10-16 03:00:00,1.13862,1.13921,1.1308,1.13254,5737
2025-10-16 04:00:00,1.13255,1.13361,1.1291,1.12957,5744
2025-10-16 05:00:00,1.12959,1.13037,1.12865,1.12978,4041
2025-10-16 06:00:00,1.12978,1.13012,1.12914,1.12999,2959
2025-10-16 07:00:00,1.12999,1.13061,1.12957,1.13001,2136
2025-10-16 08:00:00,1.12999,1.13104,1.1298,1.13091,3028
2025-10-16 09:00:00,1.13089,1.1324,1.13065,1.13228,4362
2025-10-16 10:00:00,1.13226,1.13403,1.13211,1.13394,5387
2025-10-16 11:00:00,1.13395,1.13425,1.13332,1.13401,4178
2025-10-16 12:00:00,1.13401,1.13459,1.1338,1.13411,3066
2025-10-16 13:00:00,1.13409,1.13441,1.13385,1.13424,2827
2025-10-16 14:00:00,1.13422,1.13447,1.13352,1.13359,3475
2025-10-16 15:00:00,1.13362,1.13372,1.1322,1.1329,4874
2025-10-16 16:00:00,1.13284,1.13384,1.13283,1.13327,6670
2025-10-16 17:00:00,1.13323,1.13365,1.13253,1.13296,7000
2025-10-16 18:00:00,1.133,1.13343,1.13234,1.13265,6446
2025-10-16 19:00:00,1.13265,1.13284,1.1302,1.13244,7431
2025-10-16 20:00:00,1.13244,1.13258,1.13143,1.13173,6028
2025-10-16 21:00:00,1.13173,1.13254,1.1306,1.13239,5351
2025-10-16 22:00:00,1.1324,1.13282,1.13191,1.13272,3976
2025-10-16 23:00:00,1.13268,1.13304,1.13253,1.13255,1472
2025-10-17 00:00:00,1.1325,1.13253,1.13092,1.13197,353
2025-10-17 01:00:00,1.13179,1.13311,1.13152,1.13252,1501
2025-10-17 02:00:00,1.13254,1.13276,1.13152,1.13195,1624
2025-10-17 03:00:00,1.13195,1.13231,1.13126,1.13196,3108
2025-10-17 04:00:00,1.13196,1.13205,1.13124,1.1315,4426
2025-10-17 05:00:00,1.1315,1.13163,1.12962,1.13059,3172
2025-10-17 06:00:00,1.13058,1.13068,1.1289,1.12917,2468
2025-10-17 07:00:00,1.12919,1.12971,1.12848,1.12932,2265
2025-10-17 08:00:00,1.12932,1.12959,1.12851,1.12928,2822
2025-10-17 09:00:00,1.12928,1.1294,1.12798,1.12822,4914
2025-10-17 10:00:00,1.12822,1.12972,1.12764,1.12969,7720
2025-10-17 11:00:00,1.12965,1.12979,1.12872,1.12926,5627
2025-10-17 12:00:00,1.12926,1.12986,1.12895,1.1292,4378
2025-10-17 13:00:00,1.1292,1.1304,1.12877,1.13014,4509
2025-10-17 14:00:00,1.13016,1.1324,1.12955,1.13215,7044
2025-10-17 15:00:00,1.13215,1.13347,1.13181,1.13257,6606
2025-10-17 16:00:00,1.13247,1.1341,1.13235,1.13322,6866
2025-10-17 17:00:00,1.13319,1.13433,1.1328,1.13403,8127
2025-10-17 18:00:00,1.13403,1.13417,1.13288,1.13361,6362
2025-10-17 19:00:00,1.13361,1.13394,1.13288,1.13305,4242
2025-10-17 20:00:00,1.13305,1.13351,1.13272,1.13337,4091
2025-10-17 21:00:00,1.13336,1.13398,1.13327,1.13329,3032
2025-10-17 22:00:00,1.13329,1.13337,1.13264,1.13275,2542
2025-10-17 23:00:00,1.13273,1.13425,1.13258,1.13404,1740
2025-10-20 00:00:00,1.13026,1.13541,1.1298,1.13498,1032
2025-10-20 01:00:00,1.13498,1.13563,1.13416,1.13447,1626
2025-10-20 02:00:00,1.13447,1.13475,1.13382,1.13441,1500
2025-10-20 03:00:00,1.13441,1.13447,1.13377,1.13408,3360
2025-10-20 04:00:00,1.13408,1.13483,1.13342,1.13424,3512
2025-10-20 05:00:00,1.13425,1.13464,1.1338,1.1343,2298
2025-10-20 06:00:00,1.1343,1.13442,1.13321,1.13368,1740
2025-10-20 07:00:00,1.13366,1.13413,1.13338,1.13362,1703
2025-10-20 08:00:00,1.1336,1.13368,1.13296,1.1336,2080
2025-10-20 09:00:00,1.13357,1.13389,1.13305,1.13319,4144
2025-10-20 10:00:00,1.13319,1.13395,1.1328,1.13306,3923
2025-10-20 11:00:00,1.13304,1.13314,1.13192,1.13215,3758
2025-10-20 12:00:00,1.13215,1.13302,1.13189,1.13283,3786
2025-10-20 13:00:00,1.13283,1.13318,1.13268,1.13295,3354
2025-10-20 14:00:00,1.13295,1.13313,1.13244,1.13284,3146
2025-10-20 15:00:00,1.13284,1.13292,1.13205,1.13248,3756
2025-10-20 16:00:00,1.13247,1.13319,1.13226,1.13294,4624
2025-10-20 17:00:00,1.13294,1.13376,1.13245,1.13374,4625
2025-10-20 18:00:00,1.13374,1.13374,1.13291,1.13318,4204
2025-10-20 19:00:00,1.13316,1.13339,1.13305,1.13316,2941
2025-10-20 20:00:00,1.13318,1.13363,1.13309,1.13336,1817
2025-10-20 21:00:00,1.13334,1.13379,1.13331,1.13369,1552
2025-10-20 22:00:00,1.13369,1.13391,1.13352,1.13383,1313
2025-10-20 23:00:00,1.13383,1.13404,1.13366,1.13372,930
2025-10-21 00:00:00,1.13358,1.13373,1.13158,1.13272,536
2025-10-21 01:00:00,1.13272,1.13422,1.13272,1.13403,854
2025-10-21 02:00:00,1.13403,1.13453,1.13378,1.13449,1093
2025-10-21 03:00:00,1.13449,1.13461,1.13401,1.13448,2510
2025-10-21 04:00:00,1.13448,1.13465,1.13397,1.1345,3203
2025-10-21 05:00:00,1.13448,1.13532,1.1342,1.13511,2811
2025-10-21 06:00:00,1.13511,1.1354,1.13481,1.13509,1903
2025-10-21 07:00:00,1.1351,1.13557,1.13473,1.13506,2333
2025-10-21 08:00:00,1.13506,1.13548,1.13472,1.13497,3217
2025-10-21 09:00:00,1.13497,1.13514,1.13447,1.135,4135
2025-10-21 10:00:00,1.135,1.13508,1.13436,1.13484,4975
2025-10-21 11:00:00,1.13482,1.13486,1.13372,1.13466,5096
2025-10-21 12:00:00,1.13466,1.13498,1.13378,1.13495,3796
2025-10-21 13:00:00,1.13493,1.13506,1.13443,1.13495,3988
2025-10-21 14:00:00,1.13499,1.13499,1.13429,1.13447,3706
2025-10-21 15:00:00,1.13445,1.13462,1.13355,1.13365,5272
2025-10-21 16:00:00,1.13367,1.13389,1.13152,1.13179,6214
2025-10-21 17:00:00,1.13181,1.13224,1.13136,1.13157,6596
2025-10-21 18:00:00,1.13157,1.13168,1.13092,1.131,4635
2025-10-21 19:00:00,1.13102,1.13136,1.13027,1.13039,4159
2025-10-21 20:00:00,1.13039,1.13042,1.12976,1.12988,3388
2025-10-21 21:00:00,1.12991,1.13036,1.12985,1.12996,1820
2025-10-21 22:00:00,1.12994,1.13022,1.12956,1.12958,1459
2025-10-21 23:00:00,1.12958,1.13023,1.12958,1.12991,974
2025-10-22 00:00:00,1.12989,1.13029,1.12866,1.13005,912
2025-10-22 01:00:00,1.13005,1.1306,1.12907,1.1306,1004
2025-10-22 02:00:00,1.1306,1.13083,1.13022,1.13046,1308
2025-10-22 03:00:00,1.13046,1.13058,1.1293,1.12967,4064
2025-10-22 04:00:00,1.12967,1.13035,1.1294,1.13012,3296
2025-10-22 05:00:00,1.13012,1.13012,1.12962,1.12999,2160
2025-10-22 06:00:00,1.12999,1.13022,1.12942,1.13003,2072
2025-10-22 07:00:00,1.13003,1.13056,1.12991,1.13004,1844
2025-10-22 08:00:00,1.13004,1.13042,1.12973,1.13005,2142
2025-10-22 09:00:00,1.13005,1.13065,1.12981,1.12999,4699
2025-10-22 10:00:00,1.13002,1.13066,1.12996,1.13058,4462
2025-10-22 11:00:00,1.13056,1.13076,1.12983,1.12997,4880
2025-10-22 12:00:00,1.12997,1.13053,1.12917,1.13041,3688
2025-10-22 13:00:00,1.13043,1.13058,1.1301,1.13017,3391
2025-10-22 14:00:00,1.13019,1.13034,1.1295,1.12997,4117
2025-10-22 15:00:00,1.12997,1.13004,1.12936,1.12994,4994
2025-10-22 16:00:00,1.12994,1.13066,1.12967,1.1304,5164
2025-10-22 17:00:00,1.1304,1.13102,1.12973,1.13069,6018
2025-10-22 18:00:00,1.13069,1.13071,1.12985,1.13046,5285
2025-10-22 19:00:00,1.13048,1.13069,1.12863,1.12997,6146
2025-10-22 20:00:00,1.13,1.13023,1.12941,1.12989,4479
2025-10-22 21:00:00,1.12996,1.13054,1.12949,1.13044,3697
2025-10-22 22:00:00,1.13044,1.13083,1.13021,1.13066,2663
2025-10-22 23:00:00,1.13066,1.13084,1.13023,1.13064,1035
2025-10-23 00:00:00,1.12959,1.13047,1.12939,1.13022,591
2025-10-23 01:00:00,1.13022,1.131,1.13011,1.131,1056
2025-10-23 02:00:00,1.131,1.13129,1.13077,1.13111,1370
2025-10-23 03:00:00,1.13109,1.13123,1.1306,1.1309,2816
2025-10-23 04:00:00,1.13094,1.13145,1.1308,1.13108,2992
2025-10-23 05:00:00,1.13106,1.13142,1.1307,1.13125,2387
2025-10-23 06:00:00,1.13125,1.13192,1.13105,1.13172,1979
2025-10-23 07:00:00,1.13172,1.13204,1.13155,1.13163,1384
2025-10-23 08:00:00,1.13163,1.13204,1.13153,1.13193,1664
2025-10-23 09:00:00,1.13193,1.13277,1.13162,1.1324,3698
2025-10-23 10:00:00,1.1324,1.13256,1.13188,1.13198,3675
2025-10-23 11:00:00,1.132,1.13293,1.1318,1.13287,3199
2025-10-23 12:00:00,1.13287,1.13306,1.13215,1.13285,2695
2025-10-23 13:00:00,1.13285,1.13293,1.13245,1.13277,2621
2025-10-23 14:00:00,1.13277,1.13295,1.13212,1.1324,2728
2025-10-23 15:00:00,1.13242,1.13257,1.13197,1.13236,3590
2025-10-23 16:00:00,1.13238,1.13302,1.13203,1.13264,4560
2025-10-23 17:00:00,1.13264,1.13319,1.13227,1.13312,4937
2025-10-23 18:00:00,1.13306,1.13338,1.13272,1.1331,4346
2025-10-23 19:00:00,1.13308,1.13327,1.13272,1.13292,2459
2025-10-23 20:00:00,1.13294,1.13322,1.13244,1.13249,2479
2025-10-23 21:00:00,1.1325,1.13281,1.13241,1.13256,1273
2025-10-23 22:00:00,1.13257,1.13261,1.13196,1.13198,1105
2025-10-23 23:00:00,1.13196,1.13227,1.13189,1.13214,920
2025-10-24 00:00:00,1.13155,1.13155,1.13031,1.13079,666
2025-10-24 01:00:00,1.13083,1.13257,1.13063,1.13247,1108
2025-10-24 02:00:00,1.13247,1.13249,1.13184,1.13204,950
2025-10-24 03:00:00,1.13202,1.13203,1.13139,1.13159,2218
2025-10-24 04:00:00,1.13159,1.13244,1.13138,1.1319,2646
2025-10-24 05:00:00,1.1319,1.13202,1.13071,1.13076,2694
2025-10-24 06:00:00,1.13074,1.1313,1.13071,1.13104,2030
2025-10-24 07:00:00,1.13104,1.13118,1.1303,1.1311,1536
2025-10-24 08:00:00,1.1311,1.13129,1.1306,1.13118,2009
2025-10-24 09:00:00,1.13118,1.13146,1.13072,1.13084,3398
2025-10-24 10:00:00,1.1308,1.13101,1.12993,1.13082,4061
2025-10-24 11:00:00,1.1308,1.13116,1.13047,1.13093,3851
2025-10-24 12:00:00,1.13096,1.13157,1.13077,1.13142,2553
2025-10-24 13:00:00,1.13144,1.13162,1.13096,1.13143,1951
2025-10-24 14:00:00,1.13143,1.13203,1.13139,1.13199,2638
2025-10-24 15:00:00,1.13192,1.13225,1.12747,1.13185,7404
2025-10-24 16:00:00,1.13187,1.13237,1.13162,1.13182,7279
2025-10-24 17:00:00,1.13178,1.13251,1.13102,1.13245,6448
2025-10-24 18:00:00,1.13244,1.13297,1.13204,1.13281,4529
2025-10-24 19:00:00,1.13281,1.133,1.13266,1.13279,2123
2025-10-24 20:00:00,1.13279,1.13296,1.13263,1.13265,1760
2025-10-24 21:00:00,1.13265,1.13284,1.13257,1.13277,1535
2025-10-24 22:00:00,1.13277,1.13287,1.13252,1.13263,1147
2025-10-24 23:00:00,1.13263,1.13312,1.13189,1.13225,1066
2025-10-27 00:00:00,1.1307,1.13304,1.1296,1.13112,1411
2025-10-27 01:00:00,1.13081,1.135,1.13069,1.13386,2910
2025-10-27 02:00:00,1.13386,1.13451,1.13386,1.13436,1681
2025-10-27 03:00:00,1.13436,1.13469,1.13346,1.13355,2981
2025-10-27 04:00:00,1.13357,1.13429,1.13319,1.13426,3878
2025-10-27 05:00:00,1.13424,1.13481,1.13408,1.1346,2291
2025-10-27 06:00:00,1.1346,1.13518,1.13431,1.13458,2107
2025-10-27 07:00:00,1.13458,1.13499,1.13448,1.13465,1964
2025-10-27 08:00:00,1.13463,1.13502,1.1345,1.13485,1852
2025-10-27 09:00:00,1.13484,1.13503,1.13444,1.13481,3169
2025-10-27 10:00:00,1.13481,1.13609,1.13464,1.13594,3739
2025-10-27 11:00:00,1.13596,1.13784,1.13519,1.13782,4506
2025-10-27 12:00:00,1.13782,1.13802,1.13711,1.13776,4263
2025-10-27 13:00:00,1.1378,1.13816,1.13756,1.13763,3281
2025-10-27 14:00:00,1.13763,1.13795,1.13684,1.13714,3483
2025-10-27 15:00:00,1.13712,1.13759,1.1368,1.13729,3840
2025-10-27 16:00:00,1.13729,1.13747,1.13661,1.13745,4723
2025-10-27 17:00:00,1.13745,1.13755,1.13671,1.13708,4469
2025-10-27 18:00:00,1.13707,1.13743,1.1368,1.13743,4073
2025-10-27 19:00:00,1.13743,1.13755,1.13701,1.13712,2495
2025-10-27 20:00:00,1.13712,1.13749,1.13692,1.13733,1988
2025-10-27 21:00:00,1.13737,1.13737,1.13617,1.1362,1830
2025-10-27 22:00:00,1.13618,1.13634,1.13589,1.13622,1705
2025-10-27 23:00:00,1.13626,1.13631,1.13571,1.13626,1130
2025-10-28 00:00:00,1.1361,1.1361,1.13452,1.1355,638
2025-10-28 01:00:00,1.13486,1.13646,1.13486,1.13592,1236
2025-10-28 02:00:00,1.13592,1.13593,1.13497,1.13571,1449
2025-10-28 03:00:00,1.13569,1.13574,1.13492,1.13521,2685
2025-10-28 04:00:00,1.13523,1.13559,1.13505,1.1353,2881
2025-10-28 05:00:00,1.13528,1.13581,1.1351,1.13562,2365
2025-10-28 06:00:00,1.13562,1.13589,1.13522,1.13545,2183
2025-10-28 07:00:00,1.13545,1.13547,1.1348,1.13497,2216
2025-10-28 08:00:00,1.13501,1.13509,1.13434,1.13474,2362
2025-10-28 09:00:00,1.13474,1.13543,1.13465,1.13529,2336
2025-10-28 10:00:00,1.13529,1.13593,1.13527,1.13552,2873
2025-10-28 11:00:00,1.13552,1.13605,1.1351,1.13589,4121
2025-10-28 12:00:00,1.13587,1.13615,1.13562,1.13585,2789
2025-10-28 13:00:00,1.13585,1.13601,1.13552,1.13585,2356
2025-10-28 14:00:00,1.13585,1.13603,1.13555,1.13571,2848
2025-10-28 15:00:00,1.13571,1.13688,1.1357,1.13654,3835
2025-10-28 16:00:00,1.13652,1.13804,1.13645,1.13736,4371
2025-10-28 17:00:00,1.13739,1.13826,1.13717,1.13732,4934
2025-10-28 18:00:00,1.13732,1.13929,1.13668,1.13921,4210
2025-10-28 19:00:00,1.13919,1.13956,1.13817,1.13822,3908
2025-10-28 20:00:00,1.13823,1.13871,1.13805,1.13859,1991
2025-10-28 21:00:00,1.13862,1.13914,1.13853,1.13896,1730
2025-10-28 22:00:00,1.13896,1.13904,1.13859,1.13898,1520
2025-10-28 23:00:00,1.13898,1.13926,1.13885,1.13896,930
2025-10-29 00:00:00,1.13863,1.13863,1.13694,1.13789,535
2025-10-29 01:00:00,1.13778,1.13924,1.13774,1.13882,1268
2025-10-29 02:00:00,1.13884,1.13888,1.13813,1.13866,1471
2025-10-29 03:00:00,1.13866,1.14271,1.13732,1.14147,5044
2025-10-29 04:00:00,1.14145,1.14218,1.14093,1.14177,3838
2025-10-29 05:00:00,1.14179,1.14198,1.14107,1.14139,2427
2025-10-29 06:00:00,1.14137,1.1414,1.14059,1.14102,1948
2025-10-29 07:00:00,1.14102,1.14133,1.14066,1.14109,1863
2025-10-29 08:00:00,1.14109,1.14187,1.14093,1.14139,2572
2025-10-29 09:00:00,1.14137,1.14185,1.14117,1.14149,3042
2025-10-29 10:00:00,1.14145,1.14283,1.14137,1.14255,4400
2025-10-29 11:00:00,1.14253,1.14255,1.14174,1.14193,4336
2025-10-29 12:00:00,1.14195,1.14204,1.14097,1.14112,3675
2025-10-29 13:00:00,1.1411,1.14141,1.14075,1.14091,3288
2025-10-29 14:00:00,1.14089,1.1412,1.14064,1.14096,3232
2025-10-29 15:00:00,1.14096,1.14153,1.14053,1.14138,4248
2025-10-29 16:00:00,1.14138,1.14157,1.14058,1.14111,4786
2025-10-29 17:00:00,1.14111,1.14119,1.1402,1.14026,4446
2025-10-29 18:00:00,1.14024,1.14081,1.13948,1.14045,4670
2025-10-29 19:00:00,1.14047,1.14082,1.14014,1.14071,3162
2025-10-29 20:00:00,1.14071,1.14175,1.14063,1.14098,2917
2025-10-29 21:00:00,1.1409,1.14188,1.13973,1.14077,12719
2025-10-29 22:00:00,1.14079,1.14108,1.1402,1.14048,10713
2025-10-29 23:00:00,1.14051,1.14107,1.14036,1.14053,3033
2025-10-30 00:00:00,1.14037,1.14061,1.13909,1.13992,681
2025-10-30 01:00:00,1.1399,1.1406,1.1396,1.14027,1420
2025-10-30 02:00:00,1.14027,1.1411,1.14004,1.14099,1404
2025-10-30 03:00:00,1.14101,1.14129,1.14013,1.14049,3708
2025-10-30 04:00:00,1.14049,1.14103,1.1402,1.14068,4488
2025-10-30 05:00:00,1.14068,1.14098,1.14,1.14057,3546
2025-10-30 06:00:00,1.14057,1.14106,1.14032,1.14073,3380
2025-10-30 07:00:00,1.14073,1.14089,1.13853,1.13958,7202
2025-10-30 08:00:00,1.13958,1.14006,1.13909,1.13993,4236
2025-10-30 09:00:00,1.13995,1.14032,1.13954,1.14,4388
2025-10-30 10:00:00,1.14002,1.14091,1.13913,1.13936,5607
2025-10-30 11:00:00,1.13941,1.13979,1.13898,1.13931,4711
2025-10-30 12:00:00,1.13931,1.13964,1.13885,1.13905,4031
2025-10-30 13:00:00,1.13903,1.13926,1.13872,1.13915,3589
2025-10-30 14:00:00,1.13913,1.13999,1.13896,1.1399,3713
2025-10-30 15:00:00,1.1399,1.14144,1.1393,1.14101,5204
2025-10-30 16:00:00,1.14101,1.14137,1.14025,1.14039,6775
2025-10-30 17:00:00,1.14037,1.14122,1.14027,1.14112,7359
2025-10-30 18:00:00,1.14111,1.14182,1.14061,1.14075,5004
2025-10-30 19:00:00,1.14075,1.14126,1.14056,1.14086,3373
2025-10-30 20:00:00,1.14086,1.1414,1.14054,1.14092,2845
2025-10-30 21:00:00,1.14093,1.14128,1.14048,1.14113,2725
2025-10-30 22:00:00,1.14112,1.14145,1.14096,1.14138,2570
2025-10-30 23:00:00,1.14138,1.14155,1.14119,1.14136,1649
2025-10-31 00:00:00,1.14118,1.14125,1.13961,1.13961,434
2025-10-31 01:00:00,1.13961,1.14166,1.13961,1.14155,1012
2025-10-31 02:00:00,1.14156,1.14201,1.14136,1.14176,1244
2025-10-31 03:00:00,1.14178,1.14237,1.14172,1.14205,2776
2025-10-31 04:00:00,1.14205,1.14288,1.1418,1.14272,3613
2025-10-31 05:00:00,1.1427,1.14335,1.14241,1.14312,2989
2025-10-31 06:00:00,1.14312,1.14333,1.14263,1.1428,2272
2025-10-31 07:00:00,1.1428,1.14284,1.14234,1.14248,1719
2025-10-31 08:00:00,1.14248,1.14314,1.1424,1.14276,2613
2025-10-31 09:00:00,1.14278,1.14313,1.14239,1.14289,2767
2025-10-31 10:00:00,1.14291,1.14376,1.14289,1.14322,3491
2025-10-31 11:00:00,1.14322,1.14417,1.14318,1.14358,3765
2025-10-31 12:00:00,1.14358,1.14362,1.14268,1.14286,3109
2025-10-31 13:00:00,1.14286,1.14323,1.14263,1.14283,2603
2025-10-31 14:00:00,1.14281,1.14328,1.14264,1.14304,3144
2025-10-31 15:00:00,1.14302,1.144,1.14293,1.14361,4133
2025-10-31 16:00:00,1.14361,1.14399,1.14275,1.14346,5202
2025-10-31 17:00:00,1.14346,1.14389,1.14283,1.14319,5199
2025-10-31 18:00:00,1.14319,1.14363,1.14265,1.14311,5629
2025-10-31 19:00:00,1.14311,1.14377,1.14296,1.14331,4584
2025-10-31 20:00:00,1.1433,1.14348,1.14297,1.1433,2946
2025-10-31 21:00:00,1.14328,1.14346,1.14288,1.14328,2280
2025-10-31 22:00:00,1.14326,1.14354,1.14309,1.14333,1654
2025-10-31 23:00:00,1.14331,1.14345,1.1428,1.14292,1266
2025-11-03 00:00:00,1.14226,1.14375,1.14183,1.14302,565
2025-11-03 01:00:00,1.14304,1.14406,1.14304,1.14391,2517
2025-11-03 02:00:00,1.14391,1.14432,1.14369,1.14411,2227
2025-11-03 03:00:00,1.14411,1.14525,1.14404,1.14498,2807
2025-11-03 04:00:00,1.145,1.14519,1.14425,1.14439,2504
2025-11-03 05:00:00,1.14439,1.14496,1.1443,1.14492,1859
2025-11-03 06:00:00,1.14492,1.14507,1.14425,1.14466,1445
2025-11-03 07:00:00,1.14466,1.14536,1.14457,1.14498,1850
2025-11-03 08:00:00,1.14498,1.14521,1.14456,1.14498,2081
2025-11-03 09:00:00,1.14498,1.14513,1.14452,1.14491,3209
2025-11-03 10:00:00,1.14493,1.14606,1.14473,1.14602,4015
2025-11-03 11:00:00,1.14602,1.14602,1.14495,1.14524,3268
2025-11-03 12:00:00,1.14526,1.14568,1.14486,1.14499,2879
2025-11-03 13:00:00,1.14499,1.14554,1.14488,1.14534,2448
2025-11-03 14:00:00,1.14534,1.14558,1.14504,1.14513,2375
2025-11-03 15:00:00,1.14515,1.14554,1.14506,1.14533,3525
2025-11-03 16:00:00,1.14533,1.14589,1.14498,1.1452,4454
2025-11-03 17:00:00,1.14512,1.14542,1.14468,1.14482,6207
2025-11-03 18:00:00,1.14487,1.14534,1.14473,1.14511,4280
2025-11-03 19:00:00,1.14511,1.1455,1.14499,1.14539,2672
2025-11-03 20:00:00,1.14538,1.14578,1.14528,1.14539,1728
2025-11-03 21:00:00,1.14539,1.14557,1.14511,1.14538,1926
2025-11-03 22:00:00,1.14544,1.14564,1.14515,1.14551,1314
2025-11-03 23:00:00,1.14551,1.14569,1.14531,1.14548,858
2025-11-04 00:00:00,1.14528,1.14537,1.14298,1.14503,608
2025-11-04 01:00:00,1.14498,1.14587,1.14495,1.14572,1602
2025-11-04 02:00:00,1.14572,1.14796,1.14558,1.14778,2979
2025-11-04 03:00:00,1.14778,1.14858,1.14726,1.14767,3635
2025-11-04 04:00:00,1.14771,1.14788,1.14647,1.14651,2728
2025-11-04 05:00:00,1.14649,1.14715,1.14492,1.14694,3585
2025-11-04 06:00:00,1.14694,1.1483,1.14657,1.14817,2903
2025-11-04 07:00:00,1.14815,1.14889,1.14621,1.14633,3933
2025-11-04 08:00:00,1.14633,1.14749,1.14524,1.14558,4421
2025-11-04 09:00:00,1.14556,1.14617,1.14534,1.1459,4389
2025-11-04 10:00:00,1.14589,1.14702,1.1452,1.14694,5134
2025-11-04 11:00:00,1.14692,1.14768,1.14658,1.14712,4750
2025-11-04 12:00:00,1.14712,1.1475,1.1466,1.14743,3479
2025-11-04 13:00:00,1.14745,1.1479,1.14714,1.14768,2771
2025-11-04 14:00:00,1.14766,1.14773,1.14691,1.14728,3651
2025-11-04 15:00:00,1.14728,1.14754,1.1467,1.14684,3957
2025-11-04 16:00:00,1.14682,1.14693,1.14598,1.14652,5211
2025-11-04 17:00:00,1.1465,1.14779,1.1465,1.14741,5477
2025-11-04 18:00:00,1.14741,1.14777,1.14704,1.14764,4173
2025-11-04 19:00:00,1.14766,1.14795,1.14744,1.1477,2880
2025-11-04 20:00:00,1.14769,1.14783,1.14706,1.14736,2574
2025-11-04 21:00:00,1.14736,1.14803,1.1472,1.14771,2689
2025-11-04 22:00:00,1.14771,1.14818,1.14744,1.14813,2412
2025-11-04 23:00:00,1.14815,1.15124,1.14758,1.14953,1834
2025-11-05 00:00:00,1.1494,1.15031,1.14282,1.14982,1650
2025-11-05 01:00:00,1.14982,1.15071,1.14934,1.14941,1342
2025-11-05 02:00:00,1.14941,1.14958,1.14776,1.14789,3238
2025-11-05 03:00:00,1.14789,1.14829,1.14666,1.14751,5986
2025-11-05 04:00:00,1.14751,1.14817,1.14699,1.14744,3809
2025-11-05 05:00:00,1.14744,1.14847,1.14716,1.14829,3466
2025-11-05 06:00:00,1.14831,1.14832,1.14739,1.1479,2332
2025-11-05 07:00:00,1.1479,1.14842,1.14769,1.14813,2688
2025-11-05 08:00:00,1.14813,1.14839,1.14771,1.14796,2427
2025-11-05 09:00:00,1.14794,1.1481,1.14751,1.148,2716
2025-11-05 10:00:00,1.14798,1.14804,1.14743,1.1478,3746
2025-11-05 11:00:00,1.1478,1.14806,1.1474,1.1477,3504
2025-11-05 12:00:00,1.1477,1.14815,1.14734,1.14794,3164
2025-11-05 13:00:00,1.1479,1.14869,1.14771,1.14853,2750
2025-11-05 14:00:00,1.14853,1.14863,1.1477,1.14789,3237
2025-11-05 15:00:00,1.14789,1.14934,1.14772,1.14917,4459
2025-11-05 16:00:00,1.14915,1.14978,1.14914,1.14955,5072
2025-11-05 17:00:00,1.1497,1.15028,1.14895,1.14942,7573
2025-11-05 18:00:00,1.14942,1.15019,1.14916,1.14987,5007
2025-11-05 19:00:00,1.14987,1.15015,1.14928,1.14956,3176
2025-11-05 20:00:00,1.14958,1.14964,1.14893,1.1493,1711
2025-11-05 21:00:00,1.1493,1.14947,1.14877,1.14931,1825
2025-11-05 22:00:00,1.1493,1.14935,1.14866,1.14875,1442
2025-11-05 23:00:00,1.14873,1.1493,1.1485,1.149,1185
2025-11-06 00:00:00,1.14848,1.14855,1.14786,1.1485,530
2025-11-06 01:00:00,1.1485,1.14916,1.14832,1.14878,1535
2025-11-06 02:00:00,1.14878,1.14903,1.14825,1.14863,2388
2025-11-06 03:00:00,1.14864,1.14942,1.1483,1.14912,3252
2025-11-06 04:00:00,1.14912,1.14936,1.14857,1.1488,2459
2025-11-06 05:00:00,1.14882,1.15002,1.14878,1.1499,1885
2025-11-06 06:00:00,1.1499,1.14996,1.14906,1.14961,1694
2025-11-06 07:00:00,1.14961,1.15,1.1496,1.14988,1961
2025-11-06 08:00:00,1.14988,1.15026,1.14967,1.15023,2331
2025-11-06 09:00:00,1.15023,1.15108,1.15003,1.15065,3191
2025-11-06 10:00:00,1.15067,1.15131,1.14992,1.15015,4005
2025-11-06 11:00:00,1.15013,1.15111,1.15004,1.15073,3577
2025-11-06 12:00:00,1.15073,1.15076,1.15009,1.15018,3333
2025-11-06 13:00:00,1.15018,1.15048,1.14995,1.15006,3183
2025-11-06 14:00:00,1.15006,1.1506,1.14991,1.15009,3699
2025-11-06 15:00:00,1.15009,1.15017,1.14922,1.14969,4093
2025-11-06 16:00:00,1.14967,1.1506,1.14931,1.15008,6228
2025-11-06 17:00:00,1.15002,1.1502,1.14873,1.14891,8012
2025-11-06 18:00:00,1.14891,1.14943,1.14853,1.14886,6463
2025-11-06 19:00:00,1.14887,1.14988,1.14878,1.14962,4987
2025-11-06 20:00:00,1.14966,1.14998,1.14925,1.14953,4241
2025-11-06 21:00:00,1.14955,1.15013,1.14945,1.15002,3554
2025-11-06 22:00:00,1.15002,1.15014,1.14954,1.14975,3271
2025-11-06 23:00:00,1.14977,1.15004,1.14952,1.14957,1408
2025-11-07 00:00:00,1.1493,1.14974,1.1478,1.14972,954
2025-11-07 01:00:00,1.14972,1.15024,1.14953,1.14999,1221
2025-11-07 02:00:00,1.14997,1.15081,1.14953,1.1506,2589
2025-11-07 03:00:00,1.1506,1.15113,1.14988,1.15073,3997
2025-11-07 04:00:00,1.15072,1.15154,1.1503,1.15145,2835
2025-11-07 05:00:00,1.15145,1.15177,1.15096,1.15153,2702
2025-11-07 06:00:00,1.15153,1.15299,1.15142,1.15253,2554
2025-11-07 07:00:00,1.15253,1.1532,1.15221,1.15316,2290
2025-11-07 08:00:00,1.15316,1.15551,1.15309,1.1555,2763
2025-11-07 09:00:00,1.1555,1.15669,1.15539,1.15654,2975
2025-11-07 10:00:00,1.15656,1.15674,1.15327,1.1539,3917
2025-11-07 11:00:00,1.1539,1.15435,1.15328,1.15414,3392
2025-11-07 12:00:00,1.15414,1.15444,1.15391,1.15425,2973
2025-11-07 13:00:00,1.15427,1.15445,1.15365,1.15379,3839
2025-11-07 14:00:00,1.15379,1.15387,1.15285,1.15327,4096
2025-11-07 15:00:00,1.15325,1.15394,1.15262,1.15391,5325
2025-11-07 16:00:00,1.15391,1.15421,1.15231,1.15302,6678
2025-11-07 17:00:00,1.15314,1.15363,1.15286,1.15299,8094
2025-11-07 18:00:00,1.15297,1.15318,1.15255,1.15293,5051
2025-11-07 19:00:00,1.15291,1.15337,1.15273,1.15317,4680
2025-11-07 20:00:00,1.15319,1.15359,1.15293,1.15347,3543
2025-11-07 21:00:00,1.15345,1.1546,1.15318,1.15436,3921
2025-11-07 22:00:00,1.15436,1.15442,1.15361,1.1537,3619
2025-11-07 23:00:00,1.1537,1.15471,1.15308,1.1537,1280
2025-11-10 00:00:00,1.152,1.1547,1.15179,1.15405,1045
2025-11-10 01:00:00,1.15405,1.1557,1.15339,1.15561,2564
2025-11-10 02:00:00,1.15563,1.15729,1.15498,1.15714,4275
2025-11-10 03:00:00,1.15716,1.15821,1.15681,1.15774,4539
2025-11-10 04:00:00,1.15774,1.15788,1.15718,1.15743,3040
2025-11-10 05:00:00,1.15743,1.15775,1.15723,1.15764,2593
2025-11-10 06:00:00,1.15764,1.15778,1.15715,1.15772,2401
2025-11-10 07:00:00,1.15768,1.15851,1.15766,1.15798,2822
2025-11-10 08:00:00,1.15798,1.15885,1.15789,1.15862,2576
2025-11-10 09:00:00,1.15858,1.15906,1.15829,1.15867,3277
2025-11-10 10:00:00,1.15865,1.15869,1.15658,1.15682,3168
2025-11-10 11:00:00,1.1568,1.15755,1.15642,1.15698,3348
2025-11-10 12:00:00,1.15698,1.15748,1.15698,1.15744,2672
2025-11-10 13:00:00,1.15746,1.15847,1.15728,1.15812,2776
2025-11-10 14:00:00,1.15812,1.15838,1.15757,1.15763,2609
2025-11-10 15:00:00,1.15763,1.15815,1.15709,1.15757,3308
2025-11-10 16:00:00,1.15757,1.15774,1.15716,1.15753,4272
2025-11-10 17:00:00,1.15755,1.15812,1.15731,1.15768,4625
2025-11-10 18:00:00,1.15768,1.15806,1.15721,1.15802,4303
2025-11-10 19:00:00,1.158,1.15834,1.15773,1.15806,3489
2025-11-10 20:00:00,1.15807,1.15834,1.15764,1.15785,2282
2025-11-10 21:00:00,1.15787,1.1583,1.15773,1.15811,1837
2025-11-10 22:00:00,1.15815,1.15823,1.1578,1.15785,2028
2025-11-10 23:00:00,1.15787,1.15824,1.15755,1.15778,1187
2025-11-11 00:00:00,1.15724,1.15733,1.1553,1.1569,608
2025-11-11 01:00:00,1.1569,1.158,1.1569,1.158,1081
2025-11-11 02:00:00,1.158,1.1581,1.15689,1.15722,2139
2025-11-11 03:00:00,1.15722,1.15845,1.1571,1.15805,3361
2025-11-11 04:00:00,1.15805,1.15856,1.15718,1.15724,2159
2025-11-11 05:00:00,1.15724,1.15731,1.1565,1.15676,1947
2025-11-11 06:00:00,1.15676,1.15739,1.15653,1.15685,1749
2025-11-11 07:00:00,1.15687,1.15721,1.15672,1.15684,2619
2025-11-11 08:00:00,1.15686,1.15741,1.1566,1.15716,2477
2025-11-11 09:00:00,1.15716,1.15728,1.15611,1.15632,3338
2025-11-11 10:00:00,1.15632,1.15649,1.15498,1.15501,3084
2025-11-11 11:00:00,1.15503,1.15544,1.15471,1.15519,2599
2025-11-11 12:00:00,1.15519,1.15582,1.15512,1.15558,2032
2025-11-11 13:00:00,1.15557,1.15579,1.15537,1.15563,2624
2025-11-11 14:00:00,1.15563,1.15575,1.15409,1.15486,2928
2025-11-11 15:00:00,1.15487,1.15492,1.15359,1.1537,5430
2025-11-11 16:00:00,1.1537,1.15379,1.15259,1.15335,4198
2025-11-11 17:00:00,1.15337,1.15412,1.15327,1.15381,5681
2025-11-11 18:00:00,1.15381,1.15411,1.15345,1.15378,4358
2025-11-11 19:00:00,1.15381,1.15408,1.15363,1.15398,2906
2025-11-11 20:00:00,1.15401,1.1541,1.15367,1.15369,2356
2025-11-11 21:00:00,1.15367,1.15446,1.15361,1.15421,2357
2025-11-11 22:00:00,1.15421,1.15444,1.15395,1.15441,2079
2025-11-11 23:00:00,1.15437,1.15458,1.15414,1.15421,1114
2025-11-12 00:00:00,1.15406,1.15442,1.1516,1.15386,609
2025-11-12 01:00:00,1.15386,1.15479,1.15381,1.15426,1217
2025-11-12 02:00:00,1.15428,1.1549,1.15357,1.15388,2298
2025-11-12 03:00:00,1.15386,1.15399,1.15305,1.15331,3053
2025-11-12 04:00:00,1.15331,1.15365,1.15302,1.1536,2261
2025-11-12 05:00:00,1.1536,1.1543,1.15339,1.1542,1896
2025-11-12 06:00:00,1.1542,1.15463,1.15368,1.15459,2136
2025-11-12 07:00:00,1.15459,1.15504,1.15415,1.15493,2463
2025-11-12 08:00:00,1.15493,1.15573,1.15462,1.15531,2302
2025-11-12 09:00:00,1.15531,1.1561,1.15525,1.15555,2819
2025-11-12 10:00:00,1.1556,1.15702,1.15541,1.15665,3573
2025-11-12 11:00:00,1.15665,1.15681,1.15511,1.15522,3454
2025-11-12 12:00:00,1.15522,1.15527,1.15477,1.15481,2536
2025-11-12 13:00:00,1.15481,1.15552,1.15471,1.15515,2877
2025-11-12 14:00:00,1.15515,1.15542,1.15482,1.15493,3703
2025-11-12 15:00:00,1.15491,1.15528,1.15437,1.15495,4071
2025-11-12 16:00:00,1.15497,1.15519,1.15433,1.15442,5152
2025-11-12 17:00:00,1.15444,1.15527,1.15432,1.15522,5481
2025-11-12 18:00:00,1.15524,1.15553,1.15493,1.15518,5291
2025-11-12 19:00:00,1.1552,1.1554,1.15483,1.15507,3862
2025-11-12 20:00:00,1.15509,1.15522,1.15488,1.15505,2777
2025-11-12 21:00:00,1.15508,1.15516,1.15469,1.15498,2803
2025-11-12 22:00:00,1.15498,1.15513,1.15453,1.15466,2303
2025-11-12 23:00:00,1.15468,1.15492,1.15418,1.15423,1554
2025-11-13 00:00:00,1.15305,1.15426,1.15,1.15384,810
2025-11-13 01:00:00,1.15387,1.15467,1.1533,1.15449,1293
2025-11-13 02:00:00,1.15449,1.16163,1.15308,1.16016,4610
2025-11-13 03:00:00,1.16015,1.16025,1.15891,1.15923,5047
2025-11-13 04:00:00,1.15921,1.15974,1.15888,1.15946,3509
2025-11-13 05:00:00,1.15944,1.16006,1.15897,1.15942,2478
2025-11-13 06:00:00,1.15942,1.15984,1.1588,1.15963,2074
2025-11-13 07:00:00,1.15963,1.16164,1.15951,1.16146,2424
2025-11-13 08:00:00,1.16145,1.16357,1.16071,1.16124,2995
2025-11-13 09:00:00,1.16122,1.16163,1.15968,1.15985,4056
2025-11-13 10:00:00,1.15985,1.15985,1.15773,1.15778,3966
2025-11-13 11:00:00,1.15778,1.15856,1.15778,1.15817,4223
2025-11-13 12:00:00,1.15819,1.15848,1.15793,1.15817,3040
2025-11-13 13:00:00,1.15819,1.15847,1.15788,1.15818,3488
2025-11-13 14:00:00,1.15818,1.1584,1.15728,1.15757,4095
2025-11-13 15:00:00,1.15759,1.15763,1.15679,1.15692,4956
2025-11-13 16:00:00,1.15692,1.15696,1.15494,1.15504,6935
2025-11-13 17:00:00,1.15502,1.15543,1.15392,1.15508,7493
2025-11-13 18:00:00,1.15508,1.15556,1.1542,1.15443,6633
2025-11-13 19:00:00,1.15443,1.15506,1.15434,1.15451,6032
2025-11-13 20:00:00,1.15453,1.15501,1.15342,1.15468,5619
2025-11-13 21:00:00,1.15466,1.15475,1.15403,1.15421,5148
2025-11-13 22:00:00,1.15423,1.15474,1.15418,1.15453,4471
2025-11-13 23:00:00,1.15452,1.15511,1.15437,1.15481,1759
2025-11-14 00:00:00,1.15443,1.15536,1.15034,1.15536,1071
2025-11-14 01:00:00,1.15536,1.1557,1.15483,1.15525,1959
2025-11-14 02:00:00,1.15526,1.15557,1.15373,1.15393,3003
2025-11-14 03:00:00,1.15393,1.15433,1.15225,1.1523,4070
2025-11-14 04:00:00,1.1523,1.15318,1.15156,1.15158,3312
2025-11-14 05:00:00,1.15158,1.15195,1.15006,1.1505,2844
2025-11-14 06:00:00,1.1505,1.15056,1.14951,1.15005,2892
2025-11-14 07:00:00,1.15003,1.15052,1.14932,1.1496,2975
2025-11-14 08:00:00,1.14961,1.15018,1.14932,1.15,3566
2025-11-14 09:00:00,1.15,1.15035,1.14936,1.15029,4121
2025-11-14 10:00:00,1.15031,1.15054,1.14914,1.14961,5890
2025-11-14 11:00:00,1.14961,1.14989,1.14874,1.149,3679
2025-11-14 12:00:00,1.14904,1.14929,1.14808,1.1485,3183
2025-11-14 13:00:00,1.1485,1.14888,1.14648,1.14651,3948
2025-11-14 14:00:00,1.14651,1.14782,1.14593,1.14765,5514
2025-11-14 15:00:00,1.14765,1.14857,1.14737,1.14841,6315
2025-11-14 16:00:00,1.14844,1.14944,1.14794,1.14941,7842
2025-11-14 17:00:00,1.14939,1.15179,1.14885,1.15164,9010
2025-11-14 18:00:00,1.15164,1.15185,1.15058,1.15172,6016
2025-11-14 19:00:00,1.15172,1.15196,1.15106,1.15123,4642
2025-11-14 20:00:00,1.15123,1.15146,1.15064,1.15104,5708
2025-11-14 21:00:00,1.15106,1.15143,1.1508,1.15119,4357
2025-11-14 22:00:00,1.15119,1.15153,1.15067,1.15116,3230
2025-11-14 23:00:00,1.15114,1.15143,1.14973,1.15028,1464
2025-11-17 00:00:00,1.1487,1.15016,1.14865,1.14982,655
2025-11-17 01:00:00,1.14986,1.15114,1.1494,1.15099,1851
2025-11-17 02:00:00,1.15099,1.15194,1.15069,1.15178,3398
2025-11-17 03:00:00,1.15176,1.15228,1.15083,1.15101,3763
2025-11-17 04:00:00,1.15103,1.15159,1.15064,1.15127,3019
2025-11-17 05:00:00,1.15127,1.15165,1.15061,1.151,2598
2025-11-17 06:00:00,1.15098,1.15112,1.15063,1.15084,1286
2025-11-17 07:00:00,1.15084,1.15089,1.15003,1.15018,1996
2025-11-17 08:00:00,1.15018,1.1506,1.14988,1.15008,2768
2025-11-17 09:00:00,1.15006,1.15024,1.14919,1.14924,2855
2025-11-17 10:00:00,1.14926,1.1496,1.14888,1.14958,3914
2025-11-17 11:00:00,1.14958,1.15038,1.14928,1.14989,3704
2025-11-17 12:00:00,1.14991,1.15026,1.1495,1.14981,3569
2025-11-17 13:00:00,1.14981,1.15005,1.14958,1.14973,3563
2025-11-17 14:00:00,1.14973,1.15027,1.14957,1.15008,3746
2025-11-17 15:00:00,1.15008,1.15021,1.14924,1.14949,4600
2025-11-17 16:00:00,1.14951,1.15005,1.14904,1.1492,5922
2025-11-17 17:00:00,1.14922,1.14971,1.14745,1.14763,6795
2025-11-17 18:00:00,1.14763,1.14852,1.14748,1.14836,5325
2025-11-17 19:00:00,1.14839,1.14854,1.14783,1.14827,3859
2025-11-17 20:00:00,1.14832,1.14838,1.14788,1.14801,3950
2025-11-17 21:00:00,1.14801,1.14813,1.1473,1.14732,4342
2025-11-17 22:00:00,1.14732,1.14796,1.1473,1.14773,4435
2025-11-17 23:00:00,1.14773,1.14831,1.14745,1.14748,1476
2025-11-18 00:00:00,1.14749,1.14779,1.14462,1.14725,768
2025-11-18 01:00:00,1.14721,1.14861,1.14721,1.14827,1145
2025-11-18 02:00:00,1.14827,1.1488,1.14706,1.1474,2831
2025-11-18 03:00:00,1.14742,1.14802,1.14706,1.14723,3839
2025-11-18 04:00:00,1.14725,1.14847,1.14718,1.14781,3280
2025-11-18 05:00:00,1.14781,1.14784,1.14637,1.1468,3315
2025-11-18 06:00:00,1.14678,1.14747,1.14616,1.1469,4615
2025-11-18 07:00:00,1.1469,1.14711,1.14611,1.14652,3246
2025-11-18 08:00:00,1.14649,1.14702,1.14591,1.14627,3330
2025-11-18 09:00:00,1.14625,1.14664,1.1454,1.14609,3940
2025-11-18 10:00:00,1.14609,1.14656,1.14596,1.1462,4815
2025-11-18 11:00:00,1.1462,1.14677,1.1461,1.14651,3887
2025-11-18 12:00:00,1.14651,1.14785,1.14642,1.14778,3434
2025-11-18 13:00:00,1.14775,1.14782,1.14698,1.14774,3021
2025-11-18 14:00:00,1.14774,1.14827,1.14738,1.14756,3661
2025-11-18 15:00:00,1.14756,1.14788,1.14702,1.1475,5090
2025-11-18 16:00:00,1.14752,1.14855,1.14731,1.14807,6465
2025-11-18 17:00:00,1.1481,1.14907,1.14727,1.14733,9806
2025-11-18 18:00:00,1.14733,1.14954,1.14733,1.14914,7896
2025-11-18 19:00:00,1.14914,1.14979,1.1487,1.14959,6481
2025-11-18 20:00:00,1.14964,1.14989,1.1491,1.14979,5448
2025-11-18 21:00:00,1.14977,1.15032,1.14971,1.15022,4451
2025-11-18 22:00:00,1.15024,1.15031,1.14973,1.14999,4542
2025-11-18 23:00:00,1.15001,1.15054,1.14994,1.15012,1876
2025-11-19 00:00:00,1.14992,1.15002,1.14843,1.14983,467
2025-11-19 01:00:00,1.14981,1.15042,1.14954,1.15017,1243
2025-11-19 02:00:00,1.15017,1.1517,1.14999,1.15166,3368
2025-11-19 03:00:00,1.15164,1.15174,1.15074,1.15143,4253
2025-11-19 04:00:00,1.15143,1.15228,1.15104,1.15178,3608
2025-11-19 05:00:00,1.1518,1.15192,1.1507,1.15102,3299
2025-11-19 06:00:00,1.15104,1.1516,1.15064,1.15128,2819
2025-11-19 07:00:00,1.1513,1.15163,1.15086,1.15161,2950
2025-11-19 08:00:00,1.15159,1.15198,1.15113,1.15122,2587
2025-11-19 09:00:00,1.15124,1.15172,1.15104,1.15147,3101
2025-11-19 10:00:00,1.15143,1.15155,1.15042,1.15082,3843
2025-11-19 11:00:00,1.15084,1.15193,1.15073,1.15148,3807
2025-11-19 12:00:00,1.1515,1.15286,1.15146,1.15268,3722
2025-11-19 13:00:00,1.15268,1.15302,1.15226,1.15235,3313
2025-11-19 14:00:00,1.15237,1.15327,1.15215,1.15297,3198
2025-11-19 15:00:00,1.15297,1.15319,1.15238,1.15305,4237
2025-11-19 16:00:00,1.15307,1.15454,1.15302,1.15416,6434
2025-11-19 17:00:00,1.15418,1.15478,1.15294,1.15314,6866
2025-11-19 18:00:00,1.15314,1.15453,1.15286,1.15443,6612
2025-11-19 19:00:00,1.15445,1.15473,1.15397,1.15461,6746
2025-11-19 20:00:00,1.15462,1.15513,1.15442,1.15481,5259
2025-11-19 21:00:00,1.15483,1.15582,1.15442,1.15562,5590
2025-11-19 22:00:00,1.1556,1.15582,1.15524,1.15558,3902
2025-11-19 23:00:00,1.15558,1.15636,1.15535,1.15607,3011
2025-11-20 00:00:00,1.15579,1.15587,1.15365,1.15548,841
2025-11-20 01:00:00,1.15548,1.15664,1.15539,1.15588,1900
2025-11-20 02:00:00,1.15588,1.15629,1.15541,1.15547,2890
2025-11-20 03:00:00,1.15546,1.15637,1.15525,1.15628,3613
2025-11-20 04:00:00,1.15628,1.15725,1.15529,1.15568,3583
2025-11-20 05:00:00,1.15566,1.15672,1.15536,1.15593,3341
2025-11-20 06:00:00,1.15595,1.15638,1.15565,1.15634,2095
2025-11-20 07:00:00,1.15634,1.15658,1.15573,1.15609,2224
2025-11-20 08:00:00,1.15609,1.15627,1.15489,1.15507,2356
2025-11-20 09:00:00,1.15508,1.15525,1.15444,1.15499,3341
2025-11-20 10:00:00,1.15497,1.1553,1.15424,1.15454,4126
2025-11-20 11:00:00,1.15454,1.15474,1.15401,1.15448,3834
2025-11-20 12:00:00,1.15444,1.15471,1.15404,1.15415,3220
2025-11-20 13:00:00,1.15418,1.15433,1.1537,1.15378,3416
2025-11-20 14:00:00,1.15376,1.15427,1.15354,1.15407,3263
2025-11-20 15:00:00,1.15409,1.15433,1.15192,1.15364,8420
2025-11-20 16:00:00,1.15366,1.15406,1.15287,1.15355,8451
2025-11-20 17:00:00,1.15353,1.15414,1.15308,1.15358,7151
2025-11-20 18:00:00,1.15359,1.15367,1.15186,1.15214,8789
2025-11-20 19:00:00,1.15212,1.1525,1.15134,1.15238,10766
2025-11-20 20:00:00,1.15238,1.15342,1.15226,1.15241,7798
2025-11-20 21:00:00,1.15241,1.15303,1.1523,1.15299,6517
2025-11-20 22:00:00,1.15299,1.15317,1.15255,1.15272,5692
2025-11-20 23:00:00,1.15272,1.1535,1.1527,1.15329,2012
2025-11-21 00:00:00,1.15278,1.15388,1.14935,1.1518,1932
2025-11-21 01:00:00,1.1518,1.15409,1.15068,1.15361,2261
2025-11-21 02:00:00,1.15361,1.15453,1.15345,1.15412,3053
2025-11-21 03:00:00,1.15412,1.15422,1.15337,1.15349,4165
2025-11-21 04:00:00,1.15348,1.15374,1.1529,1.15299,2999
2025-11-21 05:00:00,1.15299,1.15322,1.15256,1.15266,3172
2025-11-21 06:00:00,1.15266,1.15275,1.1518,1.15199,2959
2025-11-21 07:00:00,1.15199,1.15228,1.15152,1.15197,3374
2025-11-21 08:00:00,1.15197,1.15199,1.15129,1.15165,2958
2025-11-21 09:00:00,1.15161,1.15177,1.1495,1.14995,4614
2025-11-21 10:00:00,1.14991,1.15124,1.14974,1.15101,6101
2025-11-21 11:00:00,1.15099,1.15136,1.14997,1.1505,5045
2025-11-21 12:00:00,1.1505,1.15052,1.14952,1.1501,6122
2025-11-21 13:00:00,1.15011,1.15072,1.14999,1.15038,4886
2025-11-21 14:00:00,1.15038,1.15091,1.14986,1.15056,7859
2025-11-21 15:00:00,1.15054,1.15104,1.14989,1.1505,5611
2025-11-21 16:00:00,1.1505,1.15071,1.14968,1.15024,8107
2025-11-21 17:00:00,1.15009,1.15054,1.14942,1.14992,10919
2025-11-21 18:00:00,1.14992,1.15109,1.14966,1.15108,8163
2025-11-21 19:00:00,1.15108,1.1514,1.15067,1.15083,6248
2025-11-21 20:00:00,1.15082,1.15125,1.15057,1.15083,5902
2025-11-21 21:00:00,1.15083,1.1509,1.15015,1.15023,3646
2025-11-21 22:00:00,1.15021,1.15073,1.15007,1.15052,4052
2025-11-21 23:00:00,1.15049,1.15088,1.14938,1.14938,1753
2025-11-24 00:00:00,1.14973,1.15206,1.14852,1.15089,605
2025-11-24 01:00:00,1.15091,1.15198,1.14983,1.15136,1728
2025-11-24 02:00:00,1.15136,1.15143,1.15069,1.15103,2673
2025-11-24 03:00:00,1.15101,1.15127,1.15048,1.15096,3740
2025-11-24 04:00:00,1.15098,1.15194,1.15089,1.1516,3285
2025-11-24 05:00:00,1.15162,1.15244,1.15157,1.1524,2526
2025-11-24 06:00:00,1.15242,1.15262,1.15198,1.15237,1857
2025-11-24 07:00:00,1.15237,1.15301,1.15202,1.15301,2594
2025-11-24 08:00:00,1.15299,1.15338,1.15244,1.15325,2431
2025-11-24 09:00:00,1.15325,1.15355,1.15271,1.15286,3054
2025-11-24 10:00:00,1.15288,1.1529,1.15111,1.15114,4336
2025-11-24 11:00:00,1.15115,1.15172,1.15111,1.1513,4568
2025-11-24 12:00:00,1.1513,1.15145,1.15033,1.15046,4167
2025-11-24 13:00:00,1.15046,1.15058,1.14965,1.14971,2764
2025-11-24 14:00:00,1.14969,1.15041,1.14923,1.15035,3853
2025-11-24 15:00:00,1.15035,1.15101,1.15024,1.15079,3670
2025-11-24 16:00:00,1.15081,1.15186,1.15054,1.15171,6588
2025-11-24 17:00:00,1.15172,1.15235,1.15111,1.15124,6257
2025-11-24 18:00:00,1.15126,1.15155,1.15092,1.1513,3773
2025-11-24 19:00:00,1.1513,1.15179,1.15123,1.15169,3445
2025-11-24 20:00:00,1.15168,1.152,1.15145,1.15182,2258
2025-11-24 21:00:00,1.15182,1.15209,1.15156,1.15172,2275
2025-11-24 22:00:00,1.1517,1.15235,1.15169,1.1521,2125
2025-11-24 23:00:00,1.15213,1.15225,1.15182,1.15195,1208
2025-11-25 00:00:00,1.15152,1.15202,1.14961,1.15183,753
2025-11-25 01:00:00,1.15183,1.15263,1.15158,1.15202,1295
2025-11-25 02:00:00,1.152,1.15247,1.15152,1.15172,2166
2025-11-25 03:00:00,1.15172,1.15174,1.15058,1.15124,3250
2025-11-25 04:00:00,1.15124,1.15183,1.15104,1.15166,2578
2025-11-25 05:00:00,1.15166,1.1525,1.15141,1.15169,2590
2025-11-25 06:00:00,1.15167,1.15287,1.1516,1.15243,2137
2025-11-25 07:00:00,1.15243,1.15298,1.15175,1.15231,2580
2025-11-25 08:00:00,1.15229,1.15301,1.15222,1.15278,2350
2025-11-25 09:00:00,1.15278,1.15315,1.15242,1.15285,2978
2025-11-25 10:00:00,1.15284,1.15328,1.1526,1.15275,3732
2025-11-25 11:00:00,1.15275,1.15299,1.15175,1.15185,3655
2025-11-25 12:00:00,1.15182,1.15252,1.15161,1.15161,3376
2025-11-25 13:00:00,1.15161,1.15266,1.15159,1.15262,2837
2025-11-25 14:00:00,1.15262,1.15299,1.15233,1.15267,4943
2025-11-25 15:00:00,1.15267,1.15318,1.15192,1.15233,6800
2025-11-25 16:00:00,1.15233,1.1524,1.1502,1.15111,7102
2025-11-25 17:00:00,1.15109,1.15143,1.14951,1.14955,9114
2025-11-25 18:00:00,1.14965,1.15045,1.14957,1.15044,5499
2025-11-25 19:00:00,1.15041,1.1512,1.14997,1.15082,5651
2025-11-25 20:00:00,1.15084,1.15137,1.15074,1.15093,3691
2025-11-25 21:00:00,1.15095,1.15111,1.15057,1.15089,2747
2025-11-25 22:00:00,1.15083,1.15141,1.15073,1.151,2818
2025-11-25 23:00:00,1.15102,1.15147,1.15062,1.15098,1401
2025-11-26 00:00:00,1.15061,1.15061,1.14905,1.15046,655
2025-11-26 01:00:00,1.15038,1.15091,1.14988,1.15025,1809
2025-11-26 02:00:00,1.15025,1.15281,1.1501,1.15113,4123
2025-11-26 03:00:00,1.15124,1.15178,1.14182,1.14498,7955
2025-11-26 04:00:00,1.145,1.14522,1.14103,1.14157,5488
2025-11-26 05:00:00,1.14155,1.14377,1.14065,1.14239,4200
2025-11-26 06:00:00,1.14241,1.14379,1.14221,1.14274,3045
2025-11-26 07:00:00,1.14275,1.14372,1.14272,1.1432,2810
2025-11-26 08:00:00,1.1432,1.14467,1.14313,1.14434,3002
2025-11-26 09:00:00,1.14436,1.14554,1.14427,1.14501,3985
2025-11-26 10:00:00,1.14501,1.14527,1.14403,1.14414,4903
2025-11-26 11:00:00,1.14416,1.14502,1.14387,1.14502,3992
2025-11-26 12:00:00,1.14498,1.14536,1.1447,1.14506,3633
2025-11-26 13:00:00,1.14508,1.14526,1.14439,1.14478,3996
2025-11-26 14:00:00,1.14478,1.14543,1.1443,1.14481,5809
2025-11-26 15:00:00,1.14479,1.14529,1.14437,1.14456,6961
2025-11-26 16:00:00,1.14457,1.1455,1.14408,1.14424,5663
2025-11-26 17:00:00,1.14424,1.14437,1.14254,1.14411,6791
2025-11-26 18:00:00,1.14409,1.14482,1.14404,1.14446,4744
2025-11-26 19:00:00,1.14446,1.14468,1.14421,1.14427,3649
2025-11-26 20:00:00,1.14433,1.14477,1.14402,1.14444,3466
2025-11-26 21:00:00,1.14444,1.14473,1.14428,1.14471,2528
2025-11-26 22:00:00,1.14471,1.14504,1.1445,1.14473,2099
2025-11-26 23:00:00,1.14473,1.14481,1.14304,1.14367,1559
2025-11-27 00:00:00,1.14349,1.14352,1.14079,1.14303,831
2025-11-27 01:00:00,1.14302,1.14418,1.14297,1.14349,1478
2025-11-27 02:00:00,1.14349,1.14355,1.14247,1.14266,2383
2025-11-27 03:00:00,1.14266,1.14293,1.14159,1.14161,3930
2025-11-27 04:00:00,1.14161,1.14188,1.13996,1.14029,3791
2025-11-27 05:00:00,1.14029,1.14099,1.14006,1.14044,2685
2025-11-27 06:00:00,1.14044,1.14126,1.14033,1.14115,2175
2025-11-27 07:00:00,1.14115,1.1413,1.1407,1.14116,2552
2025-11-27 08:00:00,1.14112,1.14188,1.14103,1.14114,2977
2025-11-27 09:00:00,1.14113,1.14145,1.14069,1.14111,2770
2025-11-27 10:00:00,1.14112,1.14184,1.14071,1.14149,3501
2025-11-27 11:00:00,1.14151,1.14189,1.14127,1.14143,3466
2025-11-27 12:00:00,1.14145,1.14266,1.14144,1.14254,2457
2025-11-27 13:00:00,1.14254,1.14261,1.14191,1.14205,2713
2025-11-27 14:00:00,1.14205,1.14235,1.14181,1.14225,2753
2025-11-27 15:00:00,1.14227,1.14237,1.14122,1.14134,3210
2025-11-27 16:00:00,1.14134,1.14163,1.14095,1.14115,2764
2025-11-27 17:00:00,1.14115,1.1412,1.14018,1.14086,2702
2025-11-27 18:00:00,1.14086,1.14119,1.14048,1.14083,1870
2025-11-27 19:00:00,1.14083,1.14133,1.1407,1.1412,1318
2025-11-27 20:00:00,1.14121,1.1413,1.1409,1.14108,962
2025-11-27 21:00:00,1.14108,1.14145,1.14098,1.14125,789
2025-11-27 22:00:00,1.14125,1.1416,1.1412,1.14147,1354
2025-11-27 23:00:00,1.14147,1.14153,1.14033,1.14041,1029
2025-11-28 00:00:00,1.13994,1.14094,1.1393,1.14054,649
2025-11-28 01:00:00,1.14054,1.14141,1.14015,1.14076,1169
2025-11-28 02:00:00,1.14076,1.14158,1.14062,1.14149,3892
2025-11-28 03:00:00,1.14149,1.14186,1.14096,1.1417,3765
2025-11-28 04:00:00,1.14164,1.14246,1.1416,1.14198,7689
2025-11-28 05:00:00,1.14194,1.1431,1.14175,1.14206,11688
2025-11-28 06:00:00,1.14201,1.1427,1.14178,1.1424,11424
2025-11-28 07:00:00,1.14238,1.14254,1.14138,1.14179,11723
2025-11-28 08:00:00,1.14177,1.14229,1.14114,1.14219,11343
2025-11-28 09:00:00,1.14217,1.14253,1.14155,1.14213,13350
2025-11-28 10:00:00,1.14215,1.1426,1.14143,1.1422,11602
2025-11-28 11:00:00,1.14224,1.14331,1.14214,1.14277,14316
2025-11-28 12:00:00,1.14277,1.14332,1.14247,1.14299,11581
2025-11-28 13:00:00,1.14303,1.14361,1.14284,1.14316,14423
2025-11-28 14:00:00,1.14316,1.14354,1.1426,1.14303,13259
2025-11-28 15:00:00,1.14299,1.1431,1.14228,1.14246,12496
2025-11-28 16:00:00,1.14244,1.14296,1.14189,1.14238,6376
2025-11-28 17:00:00,1.1424,1.14282,1.14174,1.14244,6947
2025-11-28 18:00:00,1.14244,1.14256,1.14166,1.14201,4338
2025-11-28 19:00:00,1.14203,1.14222,1.1415,1.14165,2985
2025-11-28 20:00:00,1.14167,1.14193,1.14126,1.14186,2424
2025-11-28 21:00:00,1.14186,1.14208,1.14161,1.14183,2308
2025-11-28 22:00:00,1.14183,1.1419,1.14144,1.14149,7623
2025-11-28 23:00:00,1.14149,1.14187,1.14017,1.1405,11266
2025-12-01 00:00:00,1.14069,1.14187,1.13992,1.14105,1288
2025-12-01 01:00:00,1.14105,1.14256,1.14083,1.14209,2431
2025-12-01 02:00:00,1.14209,1.14245,1.14082,1.14129,3878
2025-12-01 03:00:00,1.14129,1.14195,1.14061,1.14179,5620
2025-12-01 04:00:00,1.14181,1.14206,1.14135,1.1417,3914
2025-12-01 05:00:00,1.1417,1.14208,1.14129,1.14137,2310
2025-12-01 06:00:00,1.14137,1.14196,1.14121,1.14165,2021
2025-12-01 07:00:00,1.14164,1.14194,1.14115,1.14183,2399
2025-12-01 08:00:00,1.14183,1.14207,1.1415,1.14183,2459
2025-12-01 09:00:00,1.14183,1.14222,1.14155,1.14189,3229
2025-12-01 10:00:00,1.14187,1.14223,1.14138,1.14197,4312
2025-12-01 11:00:00,1.14199,1.14201,1.1412,1.14149,3540
2025-12-01 12:00:00,1.14149,1.14261,1.14146,1.1425,3025
2025-12-01 13:00:00,1.1425,1.1427,1.14187,1.1424,2489
2025-12-01 14:00:00,1.1424,1.14257,1.14151,1.14183,3639
2025-12-01 15:00:00,1.14183,1.14229,1.14151,1.14193,4085
2025-12-01 16:00:00,1.14193,1.14306,1.14186,1.14238,5382
2025-12-01 17:00:00,1.14233,1.14298,1.14136,1.14145,6100
2025-12-01 18:00:00,1.14145,1.14257,1.14145,1.14251,4264
2025-12-01 19:00:00,1.14251,1.14259,1.142,1.14214,3300
2025-12-01 20:00:00,1.14217,1.14265,1.1419,1.14253,2672
2025-12-01 21:00:00,1.14253,1.14257,1.14223,1.14249,2866
2025-12-01 22:00:00,1.14243,1.1427,1.14224,1.14225,2437
2025-12-01 23:00:00,1.14225,1.14246,1.1419,1.14206,1109
2025-12-02 00:00:00,1.14176,1.1421,1.14111,1.14153,531
2025-12-02 01:00:00,1.14155,1.14279,1.14141,1.14257,1289
2025-12-02 02:00:00,1.14259,1.14333,1.1422,1.14322,1783
2025-12-02 03:00:00,1.14322,1.14379,1.1427,1.14298,2880
2025-12-02 04:00:00,1.14296,1.14393,1.14278,1.14379,1926
2025-12-02 05:00:00,1.14379,1.14428,1.14363,1.14407,1789
2025-12-02 06:00:00,1.14407,1.14425,1.1438,1.14396,1341
2025-12-02 07:00:00,1.14398,1.1446,1.14391,1.14392,1321
2025-12-02 08:00:00,1.14394,1.14463,1.1439,1.14419,1644
2025-12-02 09:00:00,1.14419,1.14466,1.14383,1.14398,1976
2025-12-02 10:00:00,1.14398,1.14491,1.14381,1.14486,2607
2025-12-02 11:00:00,1.14486,1.14529,1.14466,1.14524,2361
2025-12-02 12:00:00,1.14522,1.1458,1.14515,1.1457,2507
2025-12-02 13:00:00,1.14569,1.14585,1.14536,1.14566,2133
2025-12-02 14:00:00,1.14566,1.14588,1.14481,1.1452,2522
2025-12-02 15:00:00,1.1452,1.14529,1.14482,1.14512,2945
2025-12-02 16:00:00,1.14512,1.14526,1.14424,1.1446,4819
2025-12-02 17:00:00,1.1446,1.14469,1.14364,1.1445,5740
2025-12-02 18:00:00,1.1445,1.14507,1.14421,1.1449,5333
2025-12-02 19:00:00,1.1449,1.14524,1.14431,1.14445,3743
2025-12-02 20:00:00,1.14449,1.1449,1.14425,1.14472,3229
2025-12-02 21:00:00,1.14472,1.14493,1.14428,1.14481,2710
2025-12-02 22:00:00,1.14481,1.14493,1.1443,1.14462,2505
2025-12-02 23:00:00,1.14462,1.14484,1.14386,1.14415,1122
2025-12-03 00:00:00,1.14282,1.14431,1.14145,1.14423,482
2025-12-03 01:00:00,1.14423,1.1452,1.14407,1.145,1342
2025-12-03 02:00:00,1.145,1.14542,1.14221,1.14429,3370
2025-12-03 03:00:00,1.14429,1.14475,1.14375,1.14408,3092
2025-12-03 04:00:00,1.1441,1.14416,1.14301,1.14343,2556
2025-12-03 05:00:00,1.14343,1.14454,1.14329,1.14442,1822
2025-12-03 06:00:00,1.14442,1.14448,1.14355,1.14378,1549
2025-12-03 07:00:00,1.14378,1.14439,1.14355,1.144,2023
2025-12-03 08:00:00,1.14399,1.14506,1.14378,1.14445,2270
2025-12-03 09:00:00,1.14445,1.14529,1.14423,1.14491,2967
2025-12-03 10:00:00,1.14491,1.14594,1.14483,1.14588,3124
2025-12-03 11:00:00,1.14588,1.14664,1.1457,1.14617,3082
2025-12-03 12:00:00,1.14616,1.14665,1.14591,1.14605,2637
2025-12-03 13:00:00,1.14607,1.14622,1.14547,1.14582,2200
2025-12-03 14:00:00,1.14582,1.14676,1.14565,1.14669,2392
2025-12-03 15:00:00,1.14669,1.14692,1.14509,1.14671,4207
2025-12-03 16:00:00,1.14671,1.14676,1.14527,1.14527,7138
2025-12-03 17:00:00,1.14532,1.14625,1.14421,1.14486,6635
2025-12-03 18:00:00,1.14486,1.14496,1.1426,1.1427,4060
2025-12-03 19:00:00,1.1427,1.14307,1.14238,1.1428,3120
2025-12-03 20:00:00,1.14279,1.14314,1.14235,1.1431,2762
2025-12-03 21:00:00,1.1431,1.14321,1.14257,1.14267,1821
2025-12-03 22:00:00,1.14267,1.14343,1.1426,1.14322,1570
2025-12-03 23:00:00,1.1432,1.14324,1.14254,1.14304,1162
2025-12-04 00:00:00,1.1426,1.14298,1.14177,1.14264,349
2025-12-04 01:00:00,1.14268,1.14392,1.14259,1.1439,1347
2025-12-04 02:00:00,1.1439,1.14575,1.14386,1.14452,2195
2025-12-04 03:00:00,1.14454,1.14543,1.14417,1.14538,3068
2025-12-04 04:00:00,1.14536,1.14569,1.14489,1.1452,2523
2025-12-04 05:00:00,1.1452,1.14609,1.14515,1.14591,2154
2025-12-04 06:00:00,1.14591,1.1464,1.14572,1.14586,1835
2025-12-04 07:00:00,1.14586,1.14615,1.14525,1.14552,2676
2025-12-04 08:00:00,1.14552,1.14613,1.14543,1.14587,2260
2025-12-04 09:00:00,1.14587,1.14626,1.1456,1.14592,2355
2025-12-04 10:00:00,1.14589,1.14612,1.14478,1.14506,4111
2025-12-04 11:00:00,1.14504,1.14601,1.1448,1.14592,3532
2025-12-04 12:00:00,1.14591,1.14648,1.14571,1.14602,2898
2025-12-04 13:00:00,1.14605,1.14624,1.14533,1.14568,2963
2025-12-04 14:00:00,1.1457,1.14625,1.14545,1.14596,2918
2025-12-04 15:00:00,1.14594,1.14675,1.14557,1.14622,4474
2025-12-04 16:00:00,1.14624,1.14631,1.14551,1.14597,4909
2025-12-04 17:00:00,1.14595,1.14711,1.14593,1.14625,5482
2025-12-04 18:00:00,1.14621,1.14661,1.14598,1.14623,4851
2025-12-04 19:00:00,1.14623,1.14647,1.14577,1.146,3130
2025-12-04 20:00:00,1.14601,1.1463,1.14573,1.14622,2629
2025-12-04 21:00:00,1.14622,1.14654,1.14607,1.1465,2848
2025-12-04 22:00:00,1.14647,1.14682,1.14631,1.14677,2525
2025-12-04 23:00:00,1.14676,1.14715,1.14642,1.14678,1299
2025-12-05 00:00:00,1.14653,1.14701,1.14254,1.14472,2909
2025-12-05 01:00:00,1.14474,1.14722,1.14375,1.14708,1276
2025-12-05 02:00:00,1.14708,1.14719,1.14677,1.14692,1589
2025-12-05 03:00:00,1.14693,1.14696,1.14642,1.14644,2456
2025-12-05 04:00:00,1.14646,1.14738,1.14642,1.14735,1904
2025-12-05 05:00:00,1.14735,1.14754,1.14687,1.14753,1408
2025-12-05 06:00:00,1.14753,1.14753,1.14677,1.14739,1553
2025-12-05 07:00:00,1.14741,1.14796,1.1471,1.14757,1993
2025-12-05 08:00:00,1.14759,1.14801,1.14715,1.1474,2168
2025-12-05 09:00:00,1.1474,1.14759,1.14666,1.14732,2524
2025-12-05 10:00:00,1.14732,1.14839,1.14721,1.14788,3158
2025-12-05 11:00:00,1.14788,1.1483,1.14784,1.14824,1969
2025-12-05 12:00:00,1.14824,1.14868,1.14812,1.14867,2032
2025-12-05 13:00:00,1.14867,1.14927,1.14843,1.14874,2102
2025-12-05 14:00:00,1.14874,1.14936,1.14846,1.1486,2704
2025-12-05 15:00:00,1.1486,1.1491,1.14852,1.14894,3835
2025-12-05 16:00:00,1.14894,1.14918,1.14813,1.14872,4814
2025-12-05 17:00:00,1.14842,1.1497,1.14842,1.149,4930
2025-12-05 18:00:00,1.149,1.14997,1.14898,1.14954,6436
2025-12-05 19:00:00,1.14954,1.14986,1.14944,1.14955,4246
2025-12-05 20:00:00,1.14953,1.14974,1.14923,1.14952,3590
2025-12-05 21:00:00,1.14952,1.14964,1.14917,1.14923,3048
2025-12-05 22:00:00,1.14923,1.14982,1.1492,1.14969,2389
2025-12-05 23:00:00,1.14971,1.15002,1.14853,1.14866,1409
2025-12-08 00:00:00,1.14618,1.14863,1.14573,1.14584,1137
2025-12-08 01:00:00,1.14577,1.14976,1.14577,1.14891,4230
2025-12-08 02:00:00,1.14889,1.14894,1.14738,1.14794,3373
2025-12-08 03:00:00,1.14794,1.14817,1.14733,1.14759,3648
2025-12-08 04:00:00,1.14759,1.14836,1.14751,1.14828,2605
2025-12-08 05:00:00,1.14829,1.14841,1.14783,1.14828,2277
2025-12-08 06:00:00,1.1483,1.14865,1.14809,1.14857,1721
2025-12-08 07:00:00,1.14857,1.14879,1.14821,1.14854,2293
2025-12-08 08:00:00,1.14854,1.14923,1.14821,1.14854,3013
2025-12-08 09:00:00,1.14856,1.1491,1.1483,1.14877,3551
2025-12-08 10:00:00,1.14877,1.14892,1.14765,1.14806,4380
2025-12-08 11:00:00,1.14808,1.1482,1.1469,1.14727,3882
2025-12-08 12:00:00,1.14727,1.14759,1.14704,1.14754,3310
2025-12-08 13:00:00,1.14755,1.1484,1.14736,1.14823,3108
2025-12-08 14:00:00,1.14827,1.14879,1.14731,1.14738,3418
2025-12-08 15:00:00,1.14736,1.14765,1.1468,1.14753,4960
2025-12-08 16:00:00,1.14753,1.14829,1.14692,1.14822,5609
2025-12-08 17:00:00,1.14824,1.14892,1.14788,1.14859,6394
2025-12-08 18:00:00,1.14858,1.14863,1.14751,1.14769,5142
2025-12-08 19:00:00,1.14771,1.14771,1.14703,1.14722,3757
2025-12-08 20:00:00,1.14726,1.14732,1.14657,1.14703,3325
2025-12-08 21:00:00,1.14701,1.1473,1.14687,1.14697,2719
2025-12-08 22:00:00,1.14697,1.14712,1.14662,1.14677,2058
2025-12-08 23:00:00,1.14677,1.14732,1.14652,1.14676,1322
2025-12-09 00:00:00,1.14664,1.14711,1.14412,1.14667,772
2025-12-09 01:00:00,1.14667,1.14757,1.14655,1.14725,1180
2025-12-09 02:00:00,1.14725,1.14749,1.14677,1.14717,2148
2025-12-09 03:00:00,1.14717,1.14758,1.147,1.14722,3424
2025-12-09 04:00:00,1.14722,1.14759,1.14623,1.1466,2698
2025-12-09 05:00:00,1.1466,1.14689,1.14363,1.14516,3846
2025-12-09 06:00:00,1.14516,1.14813,1.14507,1.14773,3827
2025-12-09 07:00:00,1.14775,1.14841,1.14725,1.14781,3481
2025-12-09 08:00:00,1.14779,1.14882,1.14761,1.14855,3558
2025-12-09 09:00:00,1.14855,1.14855,1.14776,1.14817,3470
2025-12-09 10:00:00,1.14819,1.14832,1.14742,1.14795,3953
2025-12-09 11:00:00,1.14793,1.14795,1.14678,1.14705,3901
2025-12-09 12:00:00,1.14707,1.14768,1.14665,1.14707,3969
2025-12-09 13:00:00,1.14703,1.14705,1.14635,1.14678,3342
2025-12-09 14:00:00,1.14678,1.14751,1.14671,1.1473,3481
2025-12-09 15:00:00,1.1473,1.14753,1.14695,1.1474,4792
2025-12-09 16:00:00,1.14741,1.1491,1.14714,1.14837,6317
2025-12-09 17:00:00,1.14803,1.1493,1.14758,1.14859,7695
2025-12-09 18:00:00,1.14859,1.14872,1.1482,1.14846,5035
2025-12-09 19:00:00,1.14848,1.14891,1.14842,1.1488,4096
2025-12-09 20:00:00,1.14878,1.14887,1.14847,1.14868,3125
2025-12-09 21:00:00,1.1487,1.14882,1.14839,1.14861,2956
2025-12-09 22:00:00,1.14859,1.14881,1.14832,1.14852,2269
2025-12-09 23:00:00,1.14854,1.14901,1.14846,1.14886,1355
2025-12-10 00:00:00,1.14846,1.14926,1.14717,1.14891,1131
2025-12-10 01:00:00,1.14891,1.14946,1.14871,1.14891,1269
2025-12-10 02:00:00,1.14889,1.15072,1.14861,1.15018,2833
2025-12-10 03:00:00,1.15016,1.15039,1.14963,1.15008,3987
2025-12-10 04:00:00,1.1501,1.15092,1.14935,1.15088,3375
2025-12-10 05:00:00,1.15088,1.15172,1.15065,1.15067,2868
2025-12-10 06:00:00,1.15068,1.15094,1.14994,1.15011,2118
2025-12-10 07:00:00,1.15011,1.15024,1.14957,1.14992,2291
2025-12-10 08:00:00,1.14992,1.15033,1.1497,1.14985,2486
2025-12-10 09:00:00,1.14983,1.15017,1.14937,1.14949,2784
2025-12-10 10:00:00,1.14949,1.14976,1.14905,1.14962,3844
2025-12-10 11:00:00,1.14962,1.14969,1.149,1.14907,3554
2025-12-10 12:00:00,1.14905,1.14929,1.14882,1.14916,3286
2025-12-10 13:00:00,1.14916,1.14933,1.14877,1.14897,2587
2025-12-10 14:00:00,1.14902,1.1493,1.14871,1.14911,2889
2025-12-10 15:00:00,1.14911,1.14957,1.14855,1.14875,4873
2025-12-10 16:00:00,1.14875,1.14902,1.14799,1.14805,5930
2025-12-10 17:00:00,1.14803,1.14843,1.14748,1.14841,5188
2025-12-10 18:00:00,1.14839,1.14843,1.14764,1.14774,4033
2025-12-10 19:00:00,1.14774,1.14805,1.14748,1.14786,3342
2025-12-10 20:00:00,1.14788,1.14847,1.14759,1.14805,3202
2025-12-10 21:00:00,1.1481,1.14913,1.14568,1.14842,13535
2025-12-10 22:00:00,1.1484,1.14866,1.14753,1.14841,8134
2025-12-10 23:00:00,1.14839,1.14854,1.1475,1.14756,2323
2025-12-11 00:00:00,1.1472,1.1478,1.1455,1.14686,898
2025-12-11 01:00:00,1.14684,1.14796,1.14684,1.14743,2262
2025-12-11 02:00:00,1.14743,1.14759,1.14547,1.14613,4544
2025-12-11 03:00:00,1.14613,1.14689,1.14612,1.14658,4668
2025-12-11 04:00:00,1.14658,1.14663,1.14558,1.14603,4037
2025-12-11 05:00:00,1.14603,1.14608,1.14476,1.14482,4931
2025-12-11 06:00:00,1.14482,1.14518,1.14419,1.14502,3030
2025-12-11 07:00:00,1.14502,1.14523,1.14456,1.14501,3457
2025-12-11 08:00:00,1.14499,1.14521,1.14454,1.14487,3355
2025-12-11 09:00:00,1.14487,1.14574,1.1446,1.1453,4060
2025-12-11 10:00:00,1.1453,1.14587,1.14467,1.145,4851
2025-12-11 11:00:00,1.145,1.14588,1.14492,1.1457,4511
2025-12-11 12:00:00,1.14575,1.14609,1.14557,1.14605,3771
2025-12-11 13:00:00,1.14605,1.14616,1.14516,1.14554,3834
2025-12-11 14:00:00,1.14554,1.14558,1.1448,1.14501,3809
2025-12-11 15:00:00,1.14501,1.1453,1.14404,1.14459,5794
2025-12-11 16:00:00,1.14459,1.14513,1.14418,1.14463,6590
2025-12-11 17:00:00,1.14467,1.14618,1.14456,1.14604,7505
2025-12-11 18:00:00,1.14604,1.14653,1.14568,1.14642,6320
2025-12-11 19:00:00,1.14638,1.14669,1.14611,1.14637,4994
2025-12-11 20:00:00,1.14642,1.1469,1.14628,1.14669,3605
2025-12-11 21:00:00,1.14667,1.14734,1.14665,1.14731,3320
2025-12-11 22:00:00,1.14731,1.14766,1.14685,1.14691,2693
2025-12-11 23:00:00,1.14691,1.1476,1.14682,1.14714,1671
2025-12-12 00:00:00,1.14659,1.1471,1.14532,1.14694,1171
2025-12-12 01:00:00,1.14694,1.1476,1.14677,1.14679,1398
2025-12-12 02:00:00,1.14677,1.14721,1.14664,1.14685,3625
2025-12-12 03:00:00,1.14685,1.14721,1.14647,1.14702,4341
2025-12-12 04:00:00,1.14701,1.14722,1.14649,1.14668,3248
2025-12-12 05:00:00,1.14668,1.14706,1.14664,1.14678,2279
2025-12-12 06:00:00,1.14678,1.14707,1.14662,1.14674,2284
2025-12-12 07:00:00,1.14674,1.14695,1.14645,1.14672,2071
2025-12-12 08:00:00,1.14672,1.14709,1.1464,1.14685,2872
2025-12-12 09:00:00,1.14687,1.14725,1.14643,1.14721,3779
2025-12-12 10:00:00,1.14721,1.14773,1.14673,1.14742,4790
2025-12-12 11:00:00,1.14742,1.14768,1.14662,1.14685,4285
2025-12-12 12:00:00,1.14687,1.1475,1.14646,1.14737,3340
2025-12-12 13:00:00,1.14739,1.14753,1.14696,1.14727,2797
2025-12-12 14:00:00,1.14729,1.14786,1.14705,1.14762,3299
2025-12-12 15:00:00,1.14762,1.14778,1.14688,1.14708,4222
2025-12-12 16:00:00,1.14708,1.14739,1.14667,1.14697,5581
2025-12-12 17:00:00,1.14697,1.14699,1.14597,1.14612,8570
2025-12-12 18:00:00,1.14616,1.1465,1.14577,1.14634,8478
2025-12-12 19:00:00,1.1463,1.14672,1.14607,1.14631,5741
2025-12-12 20:00:00,1.14631,1.14662,1.14614,1.1465,4672
2025-12-12 21:00:00,1.1465,1.14666,1.14604,1.14631,4260
2025-12-12 22:00:00,1.14631,1.14644,1.14592,1.14632,3910
2025-12-12 23:00:00,1.14632,1.14645,1.14465,1.14472,1837
2025-12-15 00:00:00,1.14378,1.14595,1.14264,1.14535,2146
2025-12-15 01:00:00,1.14539,1.14623,1.14475,1.14582,1953
2025-12-15 02:00:00,1.14582,1.14615,1.14527,1.14531,3130
2025-12-15 03:00:00,1.14531,1.14577,1.14478,1.14557,4408
2025-12-15 04:00:00,1.14559,1.15117,1.14524,1.14968,5258
2025-12-15 05:00:00,1.14968,1.15194,1.14956,1.15148,3875
2025-12-15 06:00:00,1.15148,1.15183,1.15054,1.15059,2979
2025-12-15 07:00:00,1.15061,1.15063,1.14931,1.14951,2995
2025-12-15 08:00:00,1.14951,1.15,1.14908,1.14918,3237
2025-12-15 09:00:00,1.14918,1.14946,1.14876,1.14941,3728
2025-12-15 10:00:00,1.14941,1.15078,1.14908,1.15055,4073
2025-12-15 11:00:00,1.15054,1.15064,1.14899,1.14906,3335
2025-12-15 12:00:00,1.14906,1.14926,1.14856,1.14879,2958
2025-12-15 13:00:00,1.14879,1.14881,1.14778,1.14795,2475
2025-12-15 14:00:00,1.14793,1.14841,1.14736,1.14839,3007
2025-12-15 15:00:00,1.14841,1.1485,1.1476,1.14823,4119
2025-12-15 16:00:00,1.14821,1.14835,1.14634,1.14676,6407
2025-12-15 17:00:00,1.14676,1.14704,1.14578,1.1463,8023
2025-12-15 18:00:00,1.14632,1.14664,1.1459,1.14645,6587
2025-12-15 19:00:00,1.14647,1.14691,1.14636,1.14683,4998
2025-12-15 20:00:00,1.14684,1.14711,1.14642,1.14698,4221
2025-12-15 21:00:00,1.147,1.1477,1.14687,1.14764,3009
2025-12-15 22:00:00,1.14762,1.1478,1.14718,1.14766,2691
2025-12-15 23:00:00,1.14764,1.14826,1.14754,1.14813,1219
2025-12-16 00:00:00,1.14797,1.14872,1.14698,1.14812,1083
2025-12-16 01:00:00,1.14814,1.14907,1.14789,1.14793,1658
2025-12-16 02:00:00,1.14793,1.14918,1.14694,1.14902,3615
2025-12-16 03:00:00,1.14902,1.15004,1.14844,1.1487,5926
2025-12-16 04:00:00,1.1487,1.15008,1.14841,1.14931,4719
2025-12-16 05:00:00,1.14931,1.14982,1.1484,1.14855,3952
2025-12-16 06:00:00,1.14855,1.14919,1.14809,1.14831,3190
2025-12-16 07:00:00,1.14833,1.14886,1.14788,1.14796,3486
2025-12-16 08:00:00,1.14798,1.14803,1.14744,1.14784,3441
2025-12-16 09:00:00,1.14784,1.14818,1.14725,1.14741,2882
2025-12-16 10:00:00,1.14742,1.14784,1.14697,1.14732,3876
2025-12-16 11:00:00,1.1473,1.14736,1.14678,1.14714,3495
2025-12-16 12:00:00,1.14714,1.14758,1.14699,1.1475,2645
2025-12-16 13:00:00,1.14752,1.14766,1.14725,1.1473,2113
2025-12-16 14:00:00,1.1473,1.14767,1.1471,1.14744,3164
2025-12-16 15:00:00,1.14742,1.14796,1.14499,1.14736,8389
2025-12-16 16:00:00,1.14738,1.14791,1.14654,1.14668,8797
2025-12-16 17:00:00,1.1467,1.14691,1.14531,1.14626,8442
2025-12-16 18:00:00,1.1462,1.14654,1.14546,1.1456,6121
2025-12-16 19:00:00,1.14559,1.14614,1.14508,1.14603,5449
2025-12-16 20:00:00,1.14601,1.147,1.1458,1.14674,5078
2025-12-16 21:00:00,1.14676,1.14705,1.1463,1.14651,5694
2025-12-16 22:00:00,1.14651,1.14691,1.14589,1.14605,3973
2025-12-16 23:00:00,1.14605,1.14686,1.14593,1.14671,1601
2025-12-17 00:00:00,1.14621,1.14702,1.14498,1.14701,1147
2025-12-17 01:00:00,1.14701,1.1471,1.14639,1.14671,1605
2025-12-17 02:00:00,1.14671,1.14712,1.14551,1.14569,3773
2025-12-17 03:00:00,1.14569,1.14652,1.14541,1.14595,5319
2025-12-17 04:00:00,1.14593,1.14723,1.14544,1.14586,4937
2025-12-17 05:00:00,1.14586,1.14596,1.1449,1.14496,3682
2025-12-17 06:00:00,1.14494,1.14566,1.14489,1.14564,3398
2025-12-17 07:00:00,1.14566,1.14615,1.14541,1.14605,3830
2025-12-17 08:00:00,1.14605,1.14643,1.14568,1.14628,4359
2025-12-17 09:00:00,1.14628,1.14699,1.14612,1.14641,4862
2025-12-17 10:00:00,1.14641,1.14651,1.14574,1.14602,4240
2025-12-17 11:00:00,1.14604,1.14658,1.14572,1.14622,3438
2025-12-17 12:00:00,1.14624,1.14629,1.14558,1.14578,2697
2025-12-17 13:00:00,1.14578,1.14614,1.14508,1.14609,2836
2025-12-17 14:00:00,1.14609,1.14635,1.14563,1.146,3088
2025-12-17 15:00:00,1.146,1.14656,1.14577,1.14602,5188
2025-12-17 16:00:00,1.14602,1.14612,1.14466,1.1452,5945
2025-12-17 17:00:00,1.14518,1.14521,1.143,1.14305,7271
2025-12-17 18:00:00,1.14309,1.14396,1.14293,1.14396,6923
2025-12-17 19:00:00,1.14392,1.14426,1.14348,1.14372,5557
2025-12-17 20:00:00,1.14374,1.14381,1.1431,1.14327,4744
2025-12-17 21:00:00,1.14327,1.14364,1.14297,1.14351,4018
2025-12-17 22:00:00,1.14344,1.14358,1.14297,1.14339,3359
2025-12-17 23:00:00,1.14341,1.14382,1.14188,1.1438,1839
2025-12-18 00:00:00,1.14338,1.14438,1.14113,1.14429,1113
2025-12-18 01:00:00,1.14429,1.14468,1.14367,1.14413,1772
2025-12-18 02:00:00,1.14413,1.14526,1.14374,1.14496,3751
2025-12-18 03:00:00,1.14494,1.1451,1.14411,1.14486,4640
2025-12-18 04:00:00,1.14486,1.14489,1.14401,1.14455,3940
2025-12-18 05:00:00,1.14455,1.1458,1.14421,1.14554,3553
2025-12-18 06:00:00,1.14556,1.14604,1.14499,1.14587,2517
2025-12-18 07:00:00,1.14585,1.14598,1.14543,1.14573,3439
2025-12-18 08:00:00,1.14574,1.14685,1.14545,1.1467,3679
2025-12-18 09:00:00,1.14672,1.14702,1.14607,1.14642,3444
2025-12-18 10:00:00,1.14646,1.14692,1.14591,1.1462,3742
2025-12-18 11:00:00,1.14621,1.14679,1.14596,1.146,3379
2025-12-18 12:00:00,1.14596,1.14617,1.14531,1.14572,2535
2025-12-18 13:00:00,1.14572,1.14608,1.14561,1.14603,2043
2025-12-18 14:00:00,1.14605,1.14636,1.14566,1.14597,3906
2025-12-18 15:00:00,1.14599,1.1465,1.14384,1.14583,8079
2025-12-18 16:00:00,1.14584,1.14617,1.14543,1.14612,8854
2025-12-18 17:00:00,1.14608,1.14654,1.14491,1.14503,7332
2025-12-18 18:00:00,1.14503,1.14558,1.14459,1.1451,5289
2025-12-18 19:00:00,1.1451,1.14562,1.1448,1.14556,6764
2025-12-18 20:00:00,1.14561,1.14601,1.14546,1.14568,4286
2025-12-18 21:00:00,1.14566,1.1461,1.14551,1.14583,4540
2025-12-18 22:00:00,1.14583,1.14585,1.14516,1.14518,3563
2025-12-18 23:00:00,1.14522,1.14522,1.1446,1.14476,1280
2025-12-19 00:00:00,1.1444,1.145,1.1428,1.14466,931
2025-12-19 01:00:00,1.14466,1.14551,1.14442,1.14515,1466
2025-12-19 02:00:00,1.14515,1.14603,1.14464,1.14538,3480
2025-12-19 03:00:00,1.14534,1.14579,1.14471,1.14548,4341
2025-12-19 04:00:00,1.14546,1.14617,1.14506,1.14613,3548
2025-12-19 05:00:00,1.14615,1.14679,1.14592,1.14668,4435
2025-12-19 06:00:00,1.14669,1.14733,1.1464,1.1469,2652
2025-12-19 07:00:00,1.1469,1.14729,1.1466,1.14674,2751
2025-12-19 08:00:00,1.14672,1.14723,1.14648,1.14662,4039
2025-12-19 09:00:00,1.14662,1.14905,1.14642,1.1489,3860
2025-12-19 10:00:00,1.14892,1.14937,1.14848,1.14904,3752
2025-12-19 11:00:00,1.14906,1.14966,1.14879,1.14947,3751
2025-12-19 12:00:00,1.1495,1.14978,1.14913,1.14928,3145
2025-12-19 13:00:00,1.1493,1.14985,1.14904,1.14969,2821
2025-12-19 14:00:00,1.14971,1.15043,1.14949,1.15013,3622
2025-12-19 15:00:00,1.15013,1.15086,1.15006,1.15055,4404
2025-12-19 16:00:00,1.15053,1.15068,1.14962,1.15043,5948
2025-12-19 17:00:00,1.15017,1.1508,1.14877,1.14877,6130
2025-12-19 18:00:00,1.14879,1.14922,1.14846,1.14869,4543
2025-12-19 19:00:00,1.14867,1.14883,1.14829,1.14853,3364
2025-12-19 20:00:00,1.14853,1.14858,1.14799,1.14818,3089
2025-12-19 21:00:00,1.14818,1.14858,1.14807,1.14827,2434
2025-12-19 22:00:00,1.14825,1.14861,1.14787,1.14791,2486
2025-12-19 23:00:00,1.14791,1.14832,1.14706,1.14725,1558
2025-12-22 00:00:00,1.14888,1.14942,1.1463,1.14663,1112
2025-12-22 01:00:00,1.14664,1.14932,1.14587,1.14868,3864
2025-12-22 02:00:00,1.14868,1.14875,1.14784,1.14795,5151
2025-12-22 03:00:00,1.14797,1.14901,1.14775,1.14882,5439
2025-12-22 04:00:00,1.14882,1.14893,1.14762,1.14777,2645
2025-12-22 05:00:00,1.14777,1.14861,1.14764,1.14821,2828
2025-12-22 06:00:00,1.14821,1.14873,1.14777,1.14855,2313
2025-12-22 07:00:00,1.14855,1.14876,1.14832,1.14854,3065
2025-12-22 08:00:00,1.14854,1.14918,1.14847,1.14891,2996
2025-12-22 09:00:00,1.14891,1.14912,1.14798,1.14891,3297
2025-12-22 10:00:00,1.14889,1.14891,1.14779,1.14786,3666
2025-12-22 11:00:00,1.14784,1.14842,1.14778,1.14814,3354
2025-12-22 12:00:00,1.14814,1.14824,1.14777,1.14805,3041
2025-12-22 13:00:00,1.14807,1.14819,1.14756,1.14759,2920
2025-12-22 14:00:00,1.14761,1.14824,1.14751,1.14809,3032
2025-12-22 15:00:00,1.14809,1.14824,1.14761,1.1481,4406
2025-12-22 16:00:00,1.1481,1.14846,1.14736,1.14736,4943
2025-12-22 17:00:00,1.14738,1.14898,1.14706,1.14888,5228
2025-12-22 18:00:00,1.14886,1.149,1.14815,1.14829,4540
2025-12-22 19:00:00,1.14833,1.14841,1.14777,1.14821,3243
2025-12-22 20:00:00,1.14821,1.14887,1.14781,1.14831,2651
2025-12-22 21:00:00,1.14831,1.14862,1.14828,1.14847,2499
2025-12-22 22:00:00,1.14847,1.1488,1.1484,1.14876,2186
2025-12-22 23:00:00,1.14874,1.149,1.14865,1.14873,1204
2025-12-23 00:00:00,1.14854,1.14885,1.1478,1.14861,315
2025-12-23 01:00:00,1.14861,1.1496,1.14846,1.14867,1710
2025-12-23 02:00:00,1.14869,1.14889,1.14729,1.14772,3127
2025-12-23 03:00:00,1.14774,1.14801,1.14714,1.14743,4038
2025-12-23 04:00:00,1.14741,1.14754,1.14608,1.14675,3628
2025-12-23 05:00:00,1.14673,1.14729,1.14639,1.14718,3348
2025-12-23 06:00:00,1.14718,1.14724,1.14662,1.14687,3079
2025-12-23 07:00:00,1.14689,1.14714,1.14627,1.14686,3106
2025-12-23 08:00:00,1.14684,1.14763,1.1467,1.14727,2876
2025-12-23 09:00:00,1.14728,1.14747,1.14647,1.1469,4342
2025-12-23 10:00:00,1.14688,1.14706,1.14635,1.14676,4046
2025-12-23 11:00:00,1.14676,1.14717,1.14615,1.14639,3956
2025-12-23 12:00:00,1.14639,1.14692,1.14627,1.14652,3233
2025-12-23 13:00:00,1.1465,1.14656,1.146,1.14642,2808
2025-12-23 14:00:00,1.1464,1.14661,1.14593,1.14638,3256
2025-12-23 15:00:00,1.1464,1.1476,1.14631,1.14711,5848
2025-12-23 16:00:00,1.14711,1.14768,1.14692,1.14699,9450
2025-12-23 17:00:00,1.14701,1.1479,1.14672,1.14775,8909
2025-12-23 18:00:00,1.14773,1.14802,1.14759,1.14779,5168
2025-12-23 19:00:00,1.14779,1.14785,1.14723,1.14739,4080
2025-12-23 20:00:00,1.1474,1.14778,1.14721,1.14736,4295
2025-12-23 21:00:00,1.14736,1.14741,1.14684,1.14707,4081
2025-12-23 22:00:00,1.14703,1.14756,1.14702,1.14742,3490
2025-12-23 23:00:00,1.14742,1.14762,1.14691,1.14708,2347
2025-12-24 00:00:00,1.14709,1.14799,1.1462,1.14646,1717
2025-12-24 01:00:00,1.1465,1.14756,1.14638,1.14704,2774
2025-12-24 02:00:00,1.14706,1.14781,1.14685,1.14743,4017
2025-12-24 03:00:00,1.14741,1.14783,1.14691,1.1474,5465
2025-12-24 04:00:00,1.1474,1.1476,1.14653,1.14709,4299
2025-12-24 05:00:00,1.14713,1.14809,1.14692,1.14784,3673
2025-12-24 06:00:00,1.14784,1.14859,1.14765,1.14856,3579
2025-12-24 07:00:00,1.14856,1.14864,1.14802,1.14838,2962
2025-12-24 08:00:00,1.14838,1.14881,1.14812,1.14873,3946
2025-12-24 09:00:00,1.14875,1.14947,1.14815,1.14845,4624
2025-12-24 10:00:00,1.14848,1.1486,1.14785,1.14817,5901
2025-12-24 11:00:00,1.14816,1.14837,1.14789,1.14819,4340
2025-12-24 12:00:00,1.14819,1.14839,1.14795,1.1483,2710
2025-12-24 13:00:00,1.1483,1.14865,1.14807,1.14858,2352
2025-12-24 14:00:00,1.1486,1.14883,1.14821,1.14842,2946
2025-12-24 15:00:00,1.14842,1.14897,1.14823,1.14891,4761
2025-12-24 16:00:00,1.14889,1.14923,1.14842,1.14881,5026
2025-12-24 17:00:00,1.14881,1.15033,1.14858,1.15,5029
2025-12-24 18:00:00,1.15,1.15,1.14904,1.14942,3843
2025-12-24 19:00:00,1.14944,1.14997,1.14926,1.14961,3103
2025-12-24 20:00:00,1.14965,1.14992,1.14858,1.1487,3681
2025-12-24 21:00:00,1.14871,1.14918,1.14865,1.14913,2470
2025-12-24 22:00:00,1.14911,1.14934,1.14896,1.1491,3599
2025-12-24 23:00:00,1.1491,1.14921,1.14847,1.14864,2469
2025-12-26 00:00:00,1.14684,1.14717,1.14526,1.14574,350
2025-12-26 01:00:00,1.14574,1.14951,1.14574,1.14897,4147
2025-12-26 02:00:00,1.14897,1.15006,1.1489,1.14991,3403
2025-12-26 03:00:00,1.14991,1.15005,1.14882,1.14997,4507
2025-12-26 04:00:00,1.14997,1.15052,1.14983,1.1504,3109
2025-12-26 05:00:00,1.15042,1.15061,1.14985,1.14995,2970
2025-12-26 06:00:00,1.14995,1.15024,1.14956,1.14996,2101
2025-12-26 07:00:00,1.14996,1.15013,1.14953,1.14987,2175
2025-12-26 08:00:00,1.14987,1.15079,1.14967,1.15059,3736
2025-12-26 09:00:00,1.15063,1.1511,1.15042,1.15069,3401
2025-12-26 10:00:00,1.15068,1.15088,1.15031,1.15069,3653
2025-12-26 11:00:00,1.15072,1.15106,1.1505,1.151,3202
2025-12-26 12:00:00,1.151,1.1518,1.15086,1.15175,2957
2025-12-26 13:00:00,1.15175,1.152,1.15154,1.15175,2920
2025-12-26 14:00:00,1.15175,1.15215,1.15173,1.15205,2884
2025-12-26 15:00:00,1.15205,1.15225,1.1514,1.15158,4709
2025-12-26 16:00:00,1.1516,1.1519,1.15118,1.15146,5196
2025-12-26 17:00:00,1.15146,1.15159,1.15069,1.15081,5760
2025-12-26 18:00:00,1.15082,1.15158,1.15064,1.15113,6608
2025-12-26 19:00:00,1.15113,1.1512,1.15077,1.15082,4775
2025-12-26 20:00:00,1.15083,1.15115,1.15072,1.15106,3856
2025-12-26 21:00:00,1.15108,1.15146,1.15093,1.15111,2983
2025-12-26 22:00:00,1.15109,1.15146,1.15107,1.15107,2132
2025-12-26 23:00:00,1.15111,1.15183,1.15029,1.15048,1501
2025-12-29 00:00:00,1.14828,1.15055,1.14802,1.15054,869
2025-12-29 01:00:00,1.15036,1.15248,1.15003,1.15246,2441
2025-12-29 02:00:00,1.15248,1.15285,1.1515,1.15252,3718
2025-12-29 03:00:00,1.15252,1.15314,1.15226,1.15265,4418
2025-12-29 04:00:00,1.15265,1.1531,1.15233,1.15267,3383
2025-12-29 05:00:00,1.15267,1.15364,1.15264,1.15349,2502
2025-12-29 06:00:00,1.15349,1.15395,1.15315,1.1539,1950
2025-12-29 07:00:00,1.15388,1.15474,1.15376,1.15392,3229
2025-12-29 08:00:00,1.15392,1.15416,1.15319,1.15382,3753
2025-12-29 09:00:00,1.1538,1.15437,1.15343,1.15352,4549
2025-12-29 10:00:00,1.15352,1.15401,1.15288,1.15303,4777
2025-12-29 11:00:00,1.15303,1.15421,1.15296,1.15353,5005
2025-12-29 12:00:00,1.15353,1.15446,1.15324,1.15423,3852
2025-12-29 13:00:00,1.15423,1.15484,1.1541,1.1543,3709
2025-12-29 14:00:00,1.15428,1.15482,1.15387,1.15415,3955
2025-12-29 15:00:00,1.15417,1.15491,1.15396,1.15446,5282
2025-12-29 16:00:00,1.15446,1.15452,1.15306,1.15308,6967
2025-12-29 17:00:00,1.15308,1.15383,1.15241,1.1525,7138
2025-12-29 18:00:00,1.15248,1.15298,1.152,1.15239,5412
2025-12-29 19:00:00,1.15239,1.15266,1.15214,1.1526,4133
2025-12-29 20:00:00,1.15264,1.15335,1.15218,1.15328,3035
2025-12-29 21:00:00,1.15328,1.15358,1.15306,1.15326,2941
2025-12-29 22:00:00,1.15326,1.15338,1.15288,1.15295,2398
2025-12-29 23:00:00,1.15295,1.15328,1.15267,1.15319,1509
2025-12-30 00:00:00,1.15308,1.15308,1.15068,1.15253,1175
2025-12-30 01:00:00,1.15249,1.15338,1.15233,1.15267,1452
2025-12-30 02:00:00,1.15269,1.15337,1.1524,1.15324,2490
2025-12-30 03:00:00,1.15324,1.1545,1.15259,1.1541,3941
2025-12-30 04:00:00,1.15406,1.15426,1.15366,1.15422,3477
2025-12-30 05:00:00,1.15422,1.1548,1.15395,1.15467,2724
2025-12-30 06:00:00,1.15467,1.15478,1.15408,1.15428,2014
2025-12-30 07:00:00,1.15428,1.15473,1.15374,1.15424,3082
2025-12-30 08:00:00,1.15424,1.15464,1.15395,1.15457,3042
2025-12-30 09:00:00,1.15455,1.15478,1.1535,1.15358,2804
2025-12-30 10:00:00,1.15359,1.1543,1.15329,1.15421,3776
2025-12-30 11:00:00,1.15421,1.1548,1.15361,1.15451,3281
2025-12-30 12:00:00,1.1545,1.15519,1.15441,1.15492,2631
2025-12-30 13:00:00,1.15491,1.15565,1.15476,1.15524,2696
2025-12-30 14:00:00,1.15524,1.15595,1.15518,1.15587,3287
2025-12-30 15:00:00,1.15587,1.15606,1.15457,1.15465,4410
2025-12-30 16:00:00,1.15467,1.1553,1.15455,1.15467,4534
2025-12-30 17:00:00,1.15467,1.1554,1.15425,1.15434,5223
2025-12-30 18:00:00,1.15432,1.15494,1.15417,1.15492,4453
2025-12-30 19:00:00,1.15492,1.15529,1.15481,1.15517,3241
2025-12-30 20:00:00,1.15508,1.15561,1.15468,1.15559,2538
2025-12-30 21:00:00,1.15554,1.1562,1.15535,1.15611,2426
2025-12-30 22:00:00,1.15607,1.15626,1.15566,1.15616,2280
2025-12-30 23:00:00,1.15618,1.15639,1.15566,1.15581,1156
2025-12-31 00:00:00,1.1556,1.15609,1.15481,1.15548,601
2025-12-31 01:00:00,1.15558,1.15667,1.15543,1.15632,1476
2025-12-31 02:00:00,1.15632,1.15741,1.15626,1.15735,2492
2025-12-31 03:00:00,1.15735,1.15811,1.15672,1.15793,4012
2025-12-31 04:00:00,1.15793,1.15882,1.15784,1.15804,3839
2025-12-31 05:00:00,1.15806,1.15872,1.15787,1.15845,2548
2025-12-31 06:00:00,1.15845,1.15859,1.15801,1.15829,1591
2025-12-31 07:00:00,1.15831,1.15924,1.15808,1.1589,2726
2025-12-31 08:00:00,1.15892,1.15971,1.15852,1.15908,2322
2025-12-31 09:00:00,1.1591,1.15954,1.1585,1.15861,3179
2025-12-31 10:00:00,1.15861,1.15914,1.15796,1.15885,3810
2025-12-31 11:00:00,1.15885,1.15933,1.15846,1.15903,2903
2025-12-31 12:00:00,1.15904,1.15937,1.15879,1.15908,2849
2025-12-31 13:00:00,1.15908,1.15946,1.1586,1.1589,3163
2025-12-31 14:00:00,1.15892,1.15911,1.15846,1.15893,3429
2025-12-31 15:00:00,1.15895,1.15957,1.1585,1.1586,4554
2025-12-31 16:00:00,1.1586,1.15897,1.15828,1.15879,5600
2025-12-31 17:00:00,1.15879,1.16056,1.15871,1.15968,6292
2025-12-31 18:00:00,1.1597,1.15997,1.15886,1.1589,4683
2025-12-31 19:00:00,1.15888,1.15948,1.15866,1.1593,4211
2025-12-31 20:00:00,1.15932,1.15971,1.15909,1.15965,3118
2025-12-31 21:00:00,1.15965,1.16019,1.15954,1.15992,2573
2025-12-31 22:00:00,1.15992,1.16043,1.15912,1.15921,2466
2025-12-31 23:00:00,1.1592,1.15985,1.15885,1.15912,1477
2026-01-02 00:00:00,1.15765,1.1581,1.15549,1.15586,778
2026-01-02 01:00:00,1.15586,1.16016,1.15586,1.15996,2076
2026-01-02 02:00:00,1.15996,1.16097,1.15986,1.16021,2557
2026-01-02 03:00:00,1.16025,1.16071,1.15987,1.16048,4034
2026-01-02 04:00:00,1.16048,1.16107,1.16003,1.16091,3361
2026-01-02 05:00:00,1.16089,1.1624,1.16077,1.16117,2793
2026-01-02 06:00:00,1.16117,1.16279,1.16112,1.1627,2287
2026-01-02 07:00:00,1.1627,1.16297,1.1624,1.16259,2093
2026-01-02 08:00:00,1.16261,1.16304,1.16229,1.16295,2344
2026-01-02 09:00:00,1.16297,1.163,1.16139,1.1617,3479
2026-01-02 10:00:00,1.1617,1.16277,1.16129,1.16171,4751
2026-01-02 11:00:00,1.16173,1.1622,1.16081,1.16104,3683
2026-01-02 12:00:00,1.16102,1.16102,1.16011,1.16035,2997
2026-01-02 13:00:00,1.16035,1.16046,1.15932,1.15971,2615
2026-01-02 14:00:00,1.15971,1.16021,1.15947,1.16001,2731
2026-01-02 15:00:00,1.15999,1.16049,1.15984,1.15998,3736
2026-01-02 16:00:00,1.16,1.16028,1.15878,1.15921,5193
2026-01-02 17:00:00,1.15922,1.15955,1.15851,1.15872,7411
2026-01-02 18:00:00,1.1587,1.15944,1.15857,1.15913,6303
2026-01-02 19:00:00,1.15913,1.15951,1.15895,1.15913,5179
2026-01-02 20:00:00,1.15902,1.15967,1.15901,1.15934,4109
2026-01-02 21:00:00,1.15934,1.16009,1.15925,1.15987,3964
2026-01-02 22:00:00,1.15989,1.16079,1.1598,1.16072,3172
2026-01-02 23:00:00,1.16073,1.16087,1.15916,1.15931,1294
2026-01-05 00:00:00,1.1579,1.16147,1.15687,1.1604,1651
2026-01-05 01:00:00,1.16035,1.16155,1.15962,1.16141,2868
2026-01-05 02:00:00,1.16141,1.16157,1.16003,1.16053,4312
2026-01-05 03:00:00,1.16053,1.16133,1.1604,1.16064,5731
2026-01-05 04:00:00,1.16062,1.1607,1.15929,1.16031,4557
2026-01-05 05:00:00,1.16029,1.16044,1.15971,1.1601,3902
2026-01-05 06:00:00,1.16012,1.16089,1.15988,1.16006,3562
2026-01-05 07:00:00,1.16006,1.16071,1.15951,1.16003,3298
2026-01-05 08:00:00,1.16003,1.16073,1.15971,1.16052,3490
2026-01-05 09:00:00,1.16058,1.16127,1.16012,1.16126,4062
2026-01-05 10:00:00,1.16126,1.16126,1.16021,1.16064,4812
2026-01-05 11:00:00,1.16068,1.1615,1.16052,1.16099,4297
2026-01-05 12:00:00,1.16099,1.16106,1.1599,1.16023,4310
2026-01-05 13:00:00,1.16023,1.16091,1.16001,1.16085,4041
2026-01-05 14:00:00,1.16085,1.16091,1.16009,1.16015,4050
2026-01-05 15:00:00,1.16013,1.16083,1.15992,1.15995,6400
2026-01-05 16:00:00,1.15995,1.16065,1.1599,1.1602,7786
2026-01-05 17:00:00,1.16018,1.16065,1.15952,1.16039,7613
2026-01-05 18:00:00,1.16039,1.16057,1.15991,1.16052,5474
2026-01-05 19:00:00,1.16052,1.16065,1.15991,1.15997,4571
2026-01-05 20:00:00,1.15992,1.16011,1.15962,1.15984,3131
2026-01-05 21:00:00,1.15984,1.16002,1.15961,1.15975,3241
2026-01-05 22:00:00,1.15977,1.1601,1.1596,1.1601,2174
2026-01-05 23:00:00,1.16005,1.16021,1.1596,1.15971,1343
2026-01-06 00:00:00,1.15958,1.15973,1.15878,1.1596,456
2026-01-06 01:00:00,1.1596,1.1605,1.15933,1.16032,1318
2026-01-06 02:00:00,1.16032,1.16034,1.15931,1.15935,3159
2026-01-06 03:00:00,1.15933,1.16026,1.15845,1.15892,4950
2026-01-06 04:00:00,1.15894,1.15913,1.15793,1.15857,4208
2026-01-06 05:00:00,1.15855,1.15954,1.15855,1.15941,3346
2026-01-06 06:00:00,1.15943,1.15994,1.15899,1.15964,2557
2026-01-06 07:00:00,1.15964,1.16005,1.15924,1.1599,3495
2026-01-06 08:00:00,1.1599,1.16039,1.15953,1.16027,3680
2026-01-06 09:00:00,1.16027,1.16035,1.15931,1.15965,3358
2026-01-06 10:00:00,1.15965,1.16022,1.15924,1.15986,4733
2026-01-06 11:00:00,1.15984,1.16029,1.15968,1.15974,4706
2026-01-06 12:00:00,1.15976,1.16051,1.15974,1.16016,3780
2026-01-06 13:00:00,1.16015,1.16068,1.15989,1.16058,2927
2026-01-06 14:00:00,1.16059,1.16157,1.16038,1.16144,3305
2026-01-06 15:00:00,1.16142,1.16176,1.16104,1.16173,5115
2026-01-06 16:00:00,1.16173,1.16238,1.16135,1.1621,6340
2026-01-06 17:00:00,1.16211,1.16488,1.16208,1.16484,6734
2026-01-06 18:00:00,1.16484,1.16576,1.16448,1.16484,5157
2026-01-06 19:00:00,1.16484,1.16512,1.16439,1.16458,3608
2026-01-06 20:00:00,1.1646,1.16538,1.16448,1.16521,3064
2026-01-06 21:00:00,1.16521,1.1653,1.16433,1.16433,2557
2026-01-06 22:00:00,1.16433,1.1651,1.16422,1.16502,2259
2026-01-06 23:00:00,1.16502,1.16518,1.16475,1.16475,1331
2026-01-07 00:00:00,1.16441,1.1645,1.16105,1.16378,2192
2026-01-07 01:00:00,1.16378,1.1653,1.16335,1.16492,1686
2026-01-07 02:00:00,1.16492,1.16515,1.16196,1.16423,4694
2026-01-07 03:00:00,1.16426,1.16633,1.16361,1.16583,5998
2026-01-07 04:00:00,1.16583,1.16615,1.16525,1.16613,4202
2026-01-07 05:00:00,1.16614,1.16786,1.16576,1.16753,3419
2026-01-07 06:00:00,1.16755,1.16935,1.16747,1.16925,3244
2026-01-07 07:00:00,1.16925,1.16926,1.16766,1.16802,3067
2026-01-07 08:00:00,1.16804,1.16839,1.16725,1.16741,3459
2026-01-07 09:00:00,1.16741,1.16745,1.1658,1.16584,3796
2026-01-07 10:00:00,1.16581,1.16605,1.16433,1.16439,3687
2026-01-07 11:00:00,1.16441,1.16463,1.16402,1.16424,3147
2026-01-07 12:00:00,1.16422,1.16443,1.16357,1.16389,3239
2026-01-07 13:00:00,1.16391,1.16407,1.1635,1.16362,2672
2026-01-07 14:00:00,1.16362,1.16377,1.16301,1.16331,3344
2026-01-07 15:00:00,1.16333,1.16372,1.16294,1.16356,5062
2026-01-07 16:00:00,1.16356,1.16497,1.16346,1.16404,6379
2026-01-07 17:00:00,1.16316,1.16495,1.16285,1.16378,8006
2026-01-07 18:00:00,1.16376,1.16431,1.16362,1.16412,4483
2026-01-07 19:00:00,1.16412,1.16414,1.16357,1.16392,3050
2026-01-07 20:00:00,1.1639,1.16424,1.16361,1.1642,3072
2026-01-07 21:00:00,1.1642,1.1645,1.16408,1.16437,3129
2026-01-07 22:00:00,1.16439,1.16452,1.16404,1.16406,2916
2026-01-07 23:00:00,1.16406,1.16459,1.16393,1.16404,1307
2026-01-08 00:00:00,1.16379,1.16396,1.16193,1.16394,642
2026-01-08 01:00:00,1.16394,1.16454,1.16384,1.16432,993
2026-01-08 02:00:00,1.16432,1.16514,1.16416,1.1651,2075
2026-01-08 03:00:00,1.1651,1.16572,1.16492,1.16539,3526
2026-01-08 04:00:00,1.1654,1.16548,1.16388,1.16418,3940
2026-01-08 05:00:00,1.16418,1.16425,1.16321,1.16378,3176
2026-01-08 06:00:00,1.16378,1.16393,1.1631,1.16329,2378
2026-01-08 07:00:00,1.16329,1.16349,1.16296,1.16329,3188
2026-01-08 08:00:00,1.16326,1.16385,1.16264,1.1638,4308
2026-01-08 09:00:00,1.1638,1.16426,1.16362,1.16404,4121
2026-01-08 10:00:00,1.1641,1.16534,1.16401,1.16527,4061
2026-01-08 11:00:00,1.16525,1.16567,1.16488,1.16508,3602
2026-01-08 12:00:00,1.16508,1.16517,1.16441,1.16507,3246
2026-01-08 13:00:00,1.16503,1.16531,1.16455,1.16464,2802
2026-01-08 14:00:00,1.16466,1.16501,1.16447,1.16494,2986
2026-01-08 15:00:00,1.16494,1.16526,1.16444,1.16487,4712
2026-01-08 16:00:00,1.16489,1.16498,1.16385,1.16394,6716
2026-01-08 17:00:00,1.16396,1.16488,1.16383,1.16396,6590
2026-01-08 18:00:00,1.16398,1.16431,1.16386,1.16405,5171
2026-01-08 19:00:00,1.16405,1.16453,1.16367,1.16444,4092
2026-01-08 20:00:00,1.16444,1.16467,1.16428,1.16452,2873
2026-01-08 21:00:00,1.16452,1.16485,1.16445,1.16464,2818
2026-01-08 22:00:00,1.16462,1.16494,1.16434,1.16484,2372
2026-01-08 23:00:00,1.16486,1.16519,1.16427,1.16449,1746
2026-01-09 00:00:00,1.16391,1.16504,1.16272,1.16481,947
2026-01-09 01:00:00,1.16481,1.1652,1.16448,1.16498,1448
2026-01-09 02:00:00,1.16498,1.16564,1.1649,1.16549,2451
2026-01-09 03:00:00,1.16547,1.16582,1.16509,1.16536,4078
2026-01-09 04:00:00,1.16535,1.16614,1.16523,1.1656,3212
2026-01-09 05:00:00,1.1656,1.16589,1.16526,1.16562,2933
2026-01-09 06:00:00,1.16562,1.16592,1.16542,1.16552,2672
2026-01-09 07:00:00,1.1655,1.16622,1.16539,1.16615,3384
2026-01-09 08:00:00,1.16615,1.16646,1.16569,1.16578,3129
2026-01-09 09:00:00,1.16577,1.16618,1.16534,1.16541,3304
2026-01-09 10:00:00,1.16544,1.16611,1.16525,1.16568,4044
2026-01-09 11:00:00,1.16569,1.16635,1.16557,1.16625,3154
2026-01-09 12:00:00,1.16625,1.16642,1.16575,1.16616,2892
2026-01-09 13:00:00,1.16616,1.16701,1.16597,1.16671,2547
2026-01-09 14:00:00,1.16673,1.16696,1.1659,1.16626,3421
2026-01-09 15:00:00,1.16626,1.16742,1.16494,1.16642,8563
2026-01-09 16:00:00,1.1664,1.16699,1.16572,1.16636,9985
2026-01-09 17:00:00,1.16634,1.16749,1.1656,1.16567,9157
2026-01-09 18:00:00,1.16568,1.16652,1.1655,1.16612,5423
2026-01-09 19:00:00,1.16612,1.16681,1.16597,1.16674,3451
2026-01-09 20:00:00,1.16674,1.16714,1.16637,1.16706,3023
2026-01-09 21:00:00,1.16706,1.16717,1.16674,1.16692,1969
2026-01-09 22:00:00,1.16692,1.16707,1.16651,1.16677,1400
2026-01-09 23:00:00,1.16675,1.16702,1.16538,1.16595,1027
2026-01-12 00:00:00,1.16436,1.16554,1.16402,1.16517,434
2026-01-12 01:00:00,1.16515,1.1673,1.16508,1.16698,1927
2026-01-12 02:00:00,1.16698,1.16716,1.16627,1.16656,4979
2026-01-12 03:00:00,1.16656,1.16676,1.16574,1.16593,5744
2026-01-12 04:00:00,1.16595,1.16612,1.1654,1.16567,3829
2026-01-12 05:00:00,1.16567,1.16612,1.16539,1.16601,2759
2026-01-12 06:00:00,1.16601,1.16638,1.16529,1.1657,2763
2026-01-12 07:00:00,1.1657,1.16593,1.16502,1.16518,3243
2026-01-12 08:00:00,1.16518,1.16555,1.16469,1.16543,3136
2026-01-12 09:00:00,1.16543,1.16617,1.16491,1.16551,3801
2026-01-12 10:00:00,1.16551,1.16599,1.16485,1.16508,4482
2026-01-12 11:00:00,1.16508,1.1656,1.16466,1.16535,3930
2026-01-12 12:00:00,1.16537,1.16579,1.16497,1.16539,3379
2026-01-12 13:00:00,1.16539,1.16544,1.16446,1.16474,2999
2026-01-12 14:00:00,1.16474,1.16496,1.16424,1.16475,3710
2026-01-12 15:00:00,1.16475,1.16484,1.16414,1.16463,5106
2026-01-12 16:00:00,1.16461,1.16486,1.16409,1.16479,6977
2026-01-12 17:00:00,1.16479,1.16578,1.16454,1.16572,5376
2026-01-12 18:00:00,1.16574,1.16577,1.1649,1.16527,4442
2026-01-12 19:00:00,1.16527,1.16539,1.16403,1.16409,3456
2026-01-12 20:00:00,1.16407,1.16431,1.1637,1.16409,2494
2026-01-12 21:00:00,1.16408,1.16433,1.16373,1.16428,2313
2026-01-12 22:00:00,1.16428,1.16432,1.16389,1.16416,1737
2026-01-12 23:00:00,1.16416,1.16416,1.16212,1.16247,1520
2026-01-13 00:00:00,1.16235,1.16244,1.16112,1.16177,651
2026-01-13 01:00:00,1.16177,1.16243,1.16172,1.16191,2019
2026-01-13 02:00:00,1.16193,1.16216,1.16172,1.1619,2933
2026-01-13 03:00:00,1.16188,1.16213,1.16153,1.16195,4801
2026-01-13 04:00:00,1.16193,1.1624,1.16178,1.16193,4197
2026-01-13 05:00:00,1.16195,1.16222,1.16112,1.16153,3294
2026-01-13 06:00:00,1.16153,1.16179,1.16117,1.16127,2728
2026-01-13 07:00:00,1.16127,1.16151,1.16078,1.16146,3520
2026-01-13 08:00:00,1.16146,1.16199,1.16114,1.16186,3823
2026-01-13 09:00:00,1.16186,1.16195,1.1614,1.16179,3242
2026-01-13 10:00:00,1.16179,1.16234,1.16143,1.16167,3714
2026-01-13 11:00:00,1.16165,1.16233,1.16165,1.16207,3265
2026-01-13 12:00:00,1.16207,1.16246,1.16182,1.16236,2942
2026-01-13 13:00:00,1.1624,1.16301,1.16215,1.16297,2608
2026-01-13 14:00:00,1.16297,1.16353,1.16282,1.16344,2903
2026-01-13 15:00:00,1.16342,1.16439,1.16183,1.16365,8379
2026-01-13 16:00:00,1.16367,1.1639,1.16267,1.1629,8315
2026-01-13 17:00:00,1.16286,1.16348,1.1621,1.16313,7762
2026-01-13 18:00:00,1.16313,1.16379,1.16291,1.16329,5656
2026-01-13 19:00:00,1.16329,1.16401,1.16318,1.16381,4316
2026-01-13 20:00:00,1.16379,1.16429,1.16354,1.1641,3551
2026-01-13 21:00:00,1.16412,1.16444,1.16393,1.16406,3374
2026-01-13 22:00:00,1.16404,1.1643,1.16384,1.16424,2687
2026-01-13 23:00:00,1.16423,1.16463,1.16418,1.16436,1184
2026-01-14 00:00:00,1.16378,1.16437,1.1617,1.16358,740
2026-01-14 01:00:00,1.16354,1.16496,1.16345,1.16455,1594
2026-01-14 02:00:00,1.16455,1.16507,1.16439,1.16458,2800
2026-01-14 03:00:00,1.16456,1.16541,1.1645,1.16536,4298
2026-01-14 04:00:00,1.16536,1.16562,1.16501,1.16514,4034
2026-01-14 05:00:00,1.16518,1.16594,1.165,1.16588,3531
2026-01-14 06:00:00,1.16588,1.1659,1.1655,1.16583,2075
2026-01-14 07:00:00,1.16583,1.16612,1.16555,1.16575,3298
2026-01-14 08:00:00,1.16573,1.1659,1.16505,1.16525,3487
2026-01-14 09:00:00,1.16525,1.16582,1.16489,1.16502,3090
2026-01-14 10:00:00,1.16502,1.16516,1.16439,1.16483,4799
2026-01-14 11:00:00,1.16483,1.16521,1.16465,1.16498,3489
2026-01-14 12:00:00,1.16496,1.16514,1.16371,1.16416,3584
2026-01-14 13:00:00,1.16416,1.1643,1.16367,1.16387,3212
2026-01-14 14:00:00,1.16387,1.16395,1.16337,1.16377,3659
2026-01-14 15:00:00,1.16375,1.16381,1.16248,1.16317,4932
2026-01-14 16:00:00,1.16317,1.16348,1.16243,1.16246,7198
2026-01-14 17:00:00,1.16246,1.16276,1.1613,1.16153,7439
2026-01-14 18:00:00,1.16153,1.1621,1.16142,1.16147,5609
2026-01-14 19:00:00,1.16151,1.16244,1.16145,1.16229,4543
2026-01-14 20:00:00,1.16233,1.16264,1.1621,1.16255,3889
2026-01-14 21:00:00,1.16254,1.16294,1.16244,1.1628,3210
2026-01-14 22:00:00,1.16282,1.16322,1.16246,1.16311,4115
2026-01-14 23:00:00,1.16307,1.16322,1.16227,1.1625,1688
2026-01-15 00:00:00,1.16116,1.16262,1.16024,1.16159,1318
2026-01-15 01:00:00,1.16159,1.16377,1.16116,1.16348,2384
2026-01-15 02:00:00,1.16349,1.16412,1.16335,1.16382,2832
2026-01-15 03:00:00,1.1638,1.16435,1.1636,1.16406,5219
2026-01-15 04:00:00,1.16405,1.16433,1.16388,1.16395,3652
2026-01-15 05:00:00,1.16395,1.16409,1.16318,1.16357,2998
2026-01-15 06:00:00,1.16359,1.16427,1.16339,1.16419,2201
2026-01-15 07:00:00,1.16417,1.16456,1.16383,1.16436,2941
2026-01-15 08:00:00,1.16436,1.16471,1.16391,1.16438,3834
2026-01-15 09:00:00,1.1644,1.16477,1.16403,1.16424,3378
2026-01-15 10:00:00,1.16424,1.16503,1.16417,1.16491,3616
2026-01-15 11:00:00,1.16491,1.16503,1.16445,1.16448,3581
2026-01-15 12:00:00,1.16448,1.16508,1.16411,1.16475,2951
2026-01-15 13:00:00,1.16478,1.1657,1.16467,1.16568,2638
2026-01-15 14:00:00,1.16566,1.16575,1.16443,1.16488,3139
2026-01-15 15:00:00,1.16488,1.16596,1.16394,1.16538,5178
2026-01-15 16:00:00,1.16535,1.1663,1.16529,1.16556,6100
2026-01-15 17:00:00,1.16558,1.16711,1.16535,1.16686,6058
2026-01-15 18:00:00,1.16686,1.16763,1.16671,1.16744,4799
2026-01-15 19:00:00,1.16744,1.1679,1.16711,1.16729,3364
2026-01-15 20:00:00,1.16729,1.1675,1.16699,1.16731,2950
2026-01-15 21:00:00,1.16733,1.16738,1.16687,1.16713,3300
2026-01-15 22:00:00,1.16712,1.16749,1.16695,1.1673,2963
2026-01-15 23:00:00,1.1673,1.16745,1.16624,1.16629,1415
2026-01-16 00:00:00,1.16611,1.16649,1.1636,1.16608,510
2026-01-16 01:00:00,1.16608,1.16699,1.16608,1.16665,1302
2026-01-16 02:00:00,1.16665,1.16669,1.16573,1.16591,2520
2026-01-16 03:00:00,1.16591,1.16627,1.16526,1.16533,3771
2026-01-16 04:00:00,1.16537,1.16555,1.16504,1.16513,3532
2026-01-16 05:00:00,1.16513,1.16545,1.16432,1.16451,2240
2026-01-16 06:00:00,1.16451,1.16476,1.16434,1.16463,1622
2026-01-16 07:00:00,1.16461,1.16463,1.16423,1.16446,2118
2026-01-16 08:00:00,1.16446,1.16459,1.16397,1.1641,2370
2026-01-16 09:00:00,1.16412,1.16445,1.16296,1.16351,2787
2026-01-16 10:00:00,1.16351,1.16416,1.16334,1.16359,3189
2026-01-16 11:00:00,1.16359,1.16375,1.1632,1.16359,2888
2026-01-16 12:00:00,1.16361,1.16432,1.16356,1.16403,2563
2026-01-16 13:00:00,1.16407,1.16409,1.16293,1.16337,2668
2026-01-16 14:00:00,1.16337,1.16384,1.16307,1.1634,3258
2026-01-16 15:00:00,1.16334,1.16347,1.1624,1.1629,4170
2026-01-16 16:00:00,1.16289,1.16308,1.16201,1.16204,4708
2026-01-16 17:00:00,1.16204,1.16254,1.16109,1.16247,7414
2026-01-16 18:00:00,1.1625,1.16253,1.16175,1.16208,5437
2026-01-16 19:00:00,1.16208,1.16213,1.16164,1.1619,3416
2026-01-16 20:00:00,1.1619,1.16226,1.16184,1.16208,2347
2026-01-16 21:00:00,1.16207,1.16234,1.16144,1.16176,2474
2026-01-16 22:00:00,1.16176,1.16188,1.16138,1.16186,1760
2026-01-16 23:00:00,1.16184,1.1622,1.16116,1.16139,1157
2026-01-19 00:00:00,1.16085,1.16152,1.15939,1.16053,859
2026-01-19 01:00:00,1.16053,1.16155,1.1603,1.16032,4063
2026-01-19 02:00:00,1.1603,1.16125,1.15991,1.16112,5181
2026-01-19 03:00:00,1.16112,1.16119,1.1584,1.15933,5006
2026-01-19 04:00:00,1.15935,1.1596,1.15885,1.15912,3859
2026-01-19 05:00:00,1.15912,1.15961,1.15888,1.15897,3640
2026-01-19 06:00:00,1.15897,1.15919,1.15829,1.15849,3047
2026-01-19 07:00:00,1.15853,1.15979,1.15834,1.15952,3570
2026-01-19 08:00:00,1.15952,1.15968,1.15901,1.15954,3558
2026-01-19 09:00:00,1.15954,1.15954,1.15854,1.15939,4098
2026-01-19 10:00:00,1.15943,1.15983,1.15925,1.15937,4279
2026-01-19 11:00:00,1.15937,1.15968,1.15907,1.15933,3635
2026-01-19 12:00:00,1.15933,1.1596,1.15863,1.15873,3122
2026-01-19 13:00:00,1.15871,1.15925,1.15863,1.15896,2597
2026-01-19 14:00:00,1.15896,1.15905,1.15854,1.15896,3006
2026-01-19 15:00:00,1.15896,1.15929,1.15858,1.15911,2951
2026-01-19 16:00:00,1.15911,1.15971,1.15889,1.15909,3249
2026-01-19 17:00:00,1.15907,1.15939,1.15856,1.15894,3769
2026-01-19 18:00:00,1.15894,1.15911,1.15865,1.1589,2716
2026-01-19 19:00:00,1.1589,1.15908,1.15858,1.15889,1758
2026-01-19 20:00:00,1.15878,1.15926,1.15851,1.15866,1077
2026-01-19 21:00:00,1.15866,1.1593,1.1585,1.15914,840
2026-01-19 22:00:00,1.15914,1.1595,1.15864,1.15877,753
2026-01-19 23:00:00,1.15875,1.159,1.1569,1.15766,1101
2026-01-20 00:00:00,1.15731,1.15775,1.1564,1.15771,543
2026-01-20 01:00:00,1.15771,1.15863,1.15723,1.15824,1144
2026-01-20 02:00:00,1.15821,1.15899,1.1572,1.15731,2982
2026-01-20 03:00:00,1.15731,1.15746,1.1557,1.15605,4680
2026-01-20 04:00:00,1.15605,1.15618,1.15473,1.15512,3399
2026-01-20 05:00:00,1.15512,1.15581,1.15484,1.15527,3192
2026-01-20 06:00:00,1.15529,1.15577,1.1544,1.15531,2509
2026-01-20 07:00:00,1.15531,1.15544,1.1548,1.15498,3173
2026-01-20 08:00:00,1.15496,1.15562,1.15459,1.1548,4005
2026-01-20 09:00:00,1.15482,1.15562,1.15455,1.15526,4736
2026-01-20 10:00:00,1.15528,1.15532,1.15349,1.15367,6765
2026-01-20 11:00:00,1.15369,1.15397,1.15247,1.15257,5593
2026-01-20 12:00:00,1.15257,1.15348,1.15251,1.15337,5289
2026-01-20 13:00:00,1.15335,1.15376,1.15282,1.1531,4214
2026-01-20 14:00:00,1.1531,1.15386,1.15295,1.15348,4470
2026-01-20 15:00:00,1.15348,1.1539,1.15305,1.15373,7736
2026-01-20 16:00:00,1.15375,1.15423,1.1534,1.15373,8975
2026-01-20 17:00:00,1.15372,1.15385,1.15249,1.15286,7610
2026-01-20 18:00:00,1.15287,1.15353,1.15255,1.15312,5452
2026-01-20 19:00:00,1.15312,1.1538,1.15291,1.15369,4477
2026-01-20 20:00:00,1.15365,1.15434,1.1535,1.15431,3613
2026-01-20 21:00:00,1.15431,1.15485,1.15417,1.15484,3650
2026-01-20 22:00:00,1.15482,1.15519,1.15462,1.15482,3294
2026-01-20 23:00:00,1.15479,1.15526,1.1547,1.15488,1198
2026-01-21 00:00:00,1.15497,1.15497,1.15315,1.15406,784
2026-01-21 01:00:00,1.15406,1.15571,1.15399,1.15521,1340
2026-01-21 02:00:00,1.15521,1.15622,1.15498,1.15609,2586
2026-01-21 03:00:00,1.15609,1.15638,1.15526,1.15571,4304
2026-01-21 04:00:00,1.15569,1.15581,1.15491,1.15493,2512
2026-01-21 05:00:00,1.15493,1.1552,1.15417,1.15439,2333
2026-01-21 06:00:00,1.15437,1.15471,1.15389,1.15397,1997
2026-01-21 07:00:00,1.15394,1.1541,1.15349,1.15395,2722
2026-01-21 08:00:00,1.15397,1.15449,1.1538,1.15413,3212
2026-01-21 09:00:00,1.15413,1.15449,1.15384,1.15417,3846
2026-01-21 10:00:00,1.15415,1.15529,1.15389,1.15503,3609
2026-01-21 11:00:00,1.15501,1.15537,1.1547,1.15476,3265
2026-01-21 12:00:00,1.15476,1.1549,1.15445,1.15479,3455
2026-01-21 13:00:00,1.15479,1.15511,1.15389,1.154,3218
2026-01-21 14:00:00,1.154,1.15476,1.15391,1.15434,4283
2026-01-21 15:00:00,1.15434,1.15515,1.15421,1.15494,4717
2026-01-21 16:00:00,1.15494,1.15623,1.15446,1.15623,8970
2026-01-21 17:00:00,1.15625,1.15783,1.15591,1.15748,7447
2026-01-21 18:00:00,1.15746,1.15763,1.15656,1.15679,6870
2026-01-21 19:00:00,1.15677,1.1569,1.15605,1.15649,6737
2026-01-21 20:00:00,1.15622,1.15677,1.1561,1.15662,4774
2026-01-21 21:00:00,1.15662,1.15746,1.15613,1.15655,6430
2026-01-21 22:00:00,1.15653,1.15714,1.15642,1.15689,4757
2026-01-21 23:00:00,1.15687,1.15736,1.15661,1.15683,1746
2026-01-22 00:00:00,1.15658,1.15713,1.1552,1.15599,976
2026-01-22 01:00:00,1.15584,1.15759,1.15584,1.15696,1250
2026-01-22 02:00:00,1.15697,1.16192,1.15693,1.16108,4024
2026-01-22 03:00:00,1.16108,1.16254,1.16085,1.1615,5006
2026-01-22 04:00:00,1.16148,1.16156,1.16042,1.16103,3064
2026-01-22 05:00:00,1.16101,1.16121,1.16057,1.16086,2526
2026-01-22 06:00:00,1.16084,1.16173,1.16082,1.16168,2353
2026-01-22 07:00:00,1.16166,1.16189,1.16101,1.16152,2855
2026-01-22 08:00:00,1.16152,1.16192,1.16103,1.16187,2869
2026-01-22 09:00:00,1.16185,1.16235,1.16107,1.16133,3142
2026-01-22 10:00:00,1.16132,1.16144,1.16017,1.16023,3688
2026-01-22 11:00:00,1.16023,1.16045,1.15927,1.15951,2872
2026-01-22 12:00:00,1.15951,1.15969,1.15759,1.15855,2688
2026-01-22 13:00:00,1.15855,1.15859,1.15741,1.15792,3709
2026-01-22 14:00:00,1.15792,1.15822,1.15746,1.158,3376
2026-01-22 15:00:00,1.158,1.15812,1.15587,1.1575,4848
2026-01-22 16:00:00,1.1575,1.15794,1.1569,1.15738,5592
2026-01-22 17:00:00,1.15743,1.158,1.15725,1.15791,6001
2026-01-22 18:00:00,1.15789,1.15813,1.15745,1.15805,5037
2026-01-22 19:00:00,1.15808,1.15817,1.15744,1.15795,4219
2026-01-22 20:00:00,1.15795,1.15826,1.15785,1.15802,2474
2026-01-22 21:00:00,1.15802,1.1584,1.15787,1.15817,2230
2026-01-22 22:00:00,1.15815,1.15827,1.15711,1.15721,2174
2026-01-22 23:00:00,1.15723,1.15738,1.15291,1.15393,1984
2026-01-23 00:00:00,1.15361,1.15492,1.15279,1.1543,915
2026-01-23 01:00:00,1.1543,1.15703,1.1543,1.15605,1244
2026-01-23 02:00:00,1.15605,1.1571,1.15584,1.15696,2620
2026-01-23 03:00:00,1.15698,1.15771,1.15633,1.15667,4440
2026-01-23 04:00:00,1.15667,1.15758,1.15578,1.15758,3333
2026-01-23 05:00:00,1.15758,1.15826,1.15733,1.15823,2644
2026-01-23 06:00:00,1.15821,1.15859,1.15764,1.15853,2292
2026-01-23 07:00:00,1.15853,1.15876,1.15802,1.1587,2693
2026-01-23 08:00:00,1.1587,1.15965,1.15841,1.15909,3683
2026-01-23 09:00:00,1.15907,1.15975,1.15838,1.15913,4295
2026-01-23 10:00:00,1.15913,1.15988,1.15885,1.15933,4593
2026-01-23 11:00:00,1.15933,1.15988,1.15921,1.15968,3728
2026-01-23 12:00:00,1.15968,1.16033,1.15948,1.16026,2883
2026-01-23 13:00:00,1.16026,1.16044,1.15926,1.16018,3637
2026-01-23 14:00:00,1.16018,1.16059,1.15985,1.16049,3594
2026-01-23 15:00:00,1.16047,1.16086,1.16036,1.16047,4049
2026-01-23 16:00:00,1.16047,1.16098,1.16007,1.16087,4785
2026-01-23 17:00:00,1.1609,1.16145,1.16024,1.1604,5021
2026-01-23 18:00:00,1.16038,1.16079,1.15976,1.16004,5782
2026-01-23 19:00:00,1.16004,1.16023,1.15935,1.15973,6918
2026-01-23 20:00:00,1.15973,1.16011,1.15937,1.15963,5631
2026-01-23 21:00:00,1.15961,1.15991,1.15895,1.15913,4043
2026-01-23 22:00:00,1.15913,1.15982,1.15899,1.15922,3642
2026-01-23 23:00:00,1.1592,1.15954,1.15869,1.15881,1730
2026-01-26 00:00:00,1.16218,1.16218,1.15865,1.16024,1726
2026-01-26 01:00:00,1.16027,1.16046,1.15785,1.15979,4050
2026-01-26 02:00:00,1.15979,1.16037,1.15931,1.16007,5798
2026-01-26 03:00:00,1.16009,1.16094,1.15969,1.16086,6223
2026-01-26 04:00:00,1.16086,1.16086,1.15984,1.16012,5051
2026-01-26 05:00:00,1.16014,1.16048,1.15966,1.1599,3647
2026-01-26 06:00:00,1.1599,1.16039,1.15966,1.16009,3175
2026-01-26 07:00:00,1.16011,1.16046,1.15983,1.15999,3000
2026-01-26 08:00:00,1.16003,1.16104,1.15992,1.16073,3979
2026-01-26 09:00:00,1.16077,1.16101,1.1601,1.16038,4174
2026-01-26 10:00:00,1.16038,1.16041,1.15917,1.15954,5353
2026-01-26 11:00:00,1.15952,1.15971,1.15888,1.15938,5030
2026-01-26 12:00:00,1.15936,1.15975,1.15922,1.15936,3441
2026-01-26 13:00:00,1.15936,1.15992,1.15899,1.15949,2860
2026-01-26 14:00:00,1.15949,1.15996,1.15931,1.15959,3927
2026-01-26 15:00:00,1.15961,1.16025,1.15953,1.15972,4823
2026-01-26 16:00:00,1.1597,1.15978,1.15886,1.15912,6035
2026-01-26 17:00:00,1.1591,1.15915,1.15748,1.15767,6198
2026-01-26 18:00:00,1.15769,1.15784,1.15703,1.1576,5812
2026-01-26 19:00:00,1.1576,1.15766,1.15679,1.15748,4103
2026-01-26 20:00:00,1.15746,1.15753,1.15687,1.15728,4121
2026-01-26 21:00:00,1.15725,1.15741,1.15657,1.15711,4445
2026-01-26 22:00:00,1.15711,1.15786,1.15704,1.15771,3419
2026-01-26 23:00:00,1.15769,1.15831,1.15746,1.15783,1950
2026-01-27 00:00:00,1.15744,1.1576,1.15576,1.15688,910
2026-01-27 01:00:00,1.15688,1.15832,1.15688,1.15809,1554
2026-01-27 02:00:00,1.15809,1.15913,1.15777,1.15909,2863
2026-01-27 03:00:00,1.1591,1.15936,1.15879,1.15908,4049
2026-01-27 04:00:00,1.15911,1.15956,1.15865,1.1592,3592
2026-01-27 05:00:00,1.15922,1.15957,1.15838,1.15885,3196
2026-01-27 06:00:00,1.15885,1.1593,1.15822,1.1588,3125
2026-01-27 07:00:00,1.15877,1.15911,1.15826,1.15847,2720
2026-01-27 08:00:00,1.15847,1.15921,1.15827,1.15906,3312
2026-01-27 09:00:00,1.15906,1.15949,1.15862,1.15897,3732
2026-01-27 10:00:00,1.15899,1.15955,1.15854,1.1593,4328
2026-01-27 11:00:00,1.15928,1.16085,1.15912,1.15968,4200
2026-01-27 12:00:00,1.1597,1.16049,1.15912,1.15921,4348
2026-01-27 13:00:00,1.15923,1.1595,1.15869,1.1588,3196
2026-01-27 14:00:00,1.1588,1.15942,1.15848,1.15874,5471
2026-01-27 15:00:00,1.15874,1.15961,1.15871,1.1592,6188
2026-01-27 16:00:00,1.15923,1.16025,1.15911,1.15986,7139
2026-01-27 17:00:00,1.15991,1.16036,1.15914,1.15914,7344
2026-01-27 18:00:00,1.15914,1.1598,1.15873,1.15964,6000
2026-01-27 19:00:00,1.15964,1.16012,1.15944,1.15987,5165
2026-01-27 20:00:00,1.15985,1.1601,1.15943,1.15976,3980
2026-01-27 21:00:00,1.15975,1.16029,1.15947,1.15953,2949
2026-01-27 22:00:00,1.15955,1.1601,1.15872,1.15948,7013
2026-01-27 23:00:00,1.15945,1.16015,1.15908,1.15969,5618
2026-01-28 00:00:00,1.15914,1.15974,1.15868,1.15929,603
2026-01-28 01:00:00,1.15929,1.16071,1.15929,1.16047,2505
2026-01-28 02:00:00,1.16049,1.16344,1.15987,1.16158,7807
2026-01-28 03:00:00,1.16157,1.16252,1.16139,1.162,7589
2026-01-28 04:00:00,1.16194,1.16282,1.16148,1.16278,5060
2026-01-28 05:00:00,1.16282,1.16308,1.16162,1.16172,3865
2026-01-28 06:00:00,1.1617,1.16208,1.16147,1.16198,2936
2026-01-28 07:00:00,1.16198,1.1623,1.16149,1.16205,4745
2026-01-28 08:00:00,1.16206,1.16246,1.16141,1.16142,4684
2026-01-28 09:00:00,1.16142,1.16161,1.16078,1.1609,5449
2026-01-28 10:00:00,1.1609,1.16132,1.16045,1.16097,6678
2026-01-28 11:00:00,1.16096,1.16123,1.16042,1.16097,5165
2026-01-28 12:00:00,1.16099,1.16126,1.15998,1.16091,4406
2026-01-28 13:00:00,1.16091,1.16126,1.1606,1.16088,4382
2026-01-28 14:00:00,1.16088,1.16133,1.16036,1.16093,5463
2026-01-28 15:00:00,1.16094,1.1614,1.16043,1.16049,5694
2026-01-28 16:00:00,1.16049,1.16062,1.15973,1.15989,6689
2026-01-28 17:00:00,1.1599,1.16029,1.15855,1.1598,11585
2026-01-28 18:00:00,1.15982,1.16006,1.15915,1.15935,7483
2026-01-28 19:00:00,1.15937,1.16036,1.15928,1.16017,5309
2026-01-28 20:00:00,1.16015,1.16076,1.15951,1.15954,4854
2026-01-28 21:00:00,1.15964,1.16093,1.1588,1.15993,9794
2026-01-28 22:00:00,1.15993,1.16173,1.15983,1.16142,5229
2026-01-28 23:00:00,1.16141,1.16238,1.16108,1.1616,3229
2026-01-29 00:00:00,1.16139,1.16139,1.15978,1.16092,755
2026-01-29 01:00:00,1.16092,1.16205,1.16038,1.16069,3150
2026-01-29 02:00:00,1.16067,1.16241,1.16066,1.16143,5745
2026-01-29 03:00:00,1.16145,1.16187,1.16123,1.1617,6756
2026-01-29 04:00:00,1.16172,1.16244,1.16142,1.16206,4981
2026-01-29 05:00:00,1.16206,1.16397,1.16203,1.16381,5051
2026-01-29 06:00:00,1.16383,1.16464,1.16312,1.16392,4634
2026-01-29 07:00:00,1.1639,1.16462,1.16374,1.16435,4297
2026-01-29 08:00:00,1.16435,1.16458,1.16358,1.16409,4230
2026-01-29 09:00:00,1.16403,1.16427,1.16343,1.16348,4546
2026-01-29 10:00:00,1.1635,1.164,1.16313,1.16388,5936
2026-01-29 11:00:00,1.16388,1.1643,1.16303,1.16312,5083
2026-01-29 12:00:00,1.16312,1.16315,1.16157,1.16166,4652
2026-01-29 13:00:00,1.16168,1.16196,1.16121,1.16147,4715
2026-01-29 14:00:00,1.16147,1.16199,1.16115,1.16177,4195
2026-01-29 15:00:00,1.16179,1.16315,1.1617,1.16273,7038
2026-01-29 16:00:00,1.16272,1.16365,1.1621,1.16211,10019
2026-01-29 17:00:00,1.16213,1.16239,1.15647,1.15668,18569
2026-01-29 18:00:00,1.15667,1.15915,1.15666,1.15821,13691
2026-01-29 19:00:00,1.1582,1.15912,1.15785,1.15819,9461
2026-01-29 20:00:00,1.15814,1.15905,1.15791,1.15879,6921
2026-01-29 21:00:00,1.15877,1.15919,1.15859,1.15861,6082
2026-01-29 22:00:00,1.15863,1.15965,1.15859,1.15942,4268
2026-01-29 23:00:00,1.1594,1.15982,1.15915,1.15947,2810
2026-01-30 00:00:00,1.15947,1.16044,1.15877,1.15928,1529
2026-01-30 01:00:00,1.15935,1.16058,1.15925,1.15996,2187
2026-01-30 02:00:00,1.15996,1.16075,1.1592,1.15978,6055
2026-01-30 03:00:00,1.15976,1.16024,1.15788,1.15811,9299
2026-01-30 04:00:00,1.15811,1.1584,1.15586,1.15778,10447
2026-01-30 05:00:00,1.15776,1.15805,1.15659,1.15747,6906
2026-01-30 06:00:00,1.15749,1.15818,1.15727,1.15779,4560
2026-01-30 07:00:00,1.15779,1.15791,1.15708,1.15732,5134
2026-01-30 08:00:00,1.15732,1.1574,1.15613,1.1562,6546
2026-01-30 09:00:00,1.15619,1.15724,1.156,1.15663,6609
2026-01-30 10:00:00,1.15661,1.15678,1.15582,1.1567,6399
2026-01-30 11:00:00,1.15668,1.15701,1.15515,1.15568,8077
2026-01-30 12:00:00,1.15569,1.15693,1.15557,1.15645,6809
2026-01-30 13:00:00,1.15643,1.15696,1.15613,1.15651,6561
2026-01-30 14:00:00,1.15649,1.15721,1.15622,1.15646,6863
2026-01-30 15:00:00,1.15647,1.15691,1.1545,1.15483,9557
2026-01-30 16:00:00,1.15482,1.15605,1.15471,1.15578,10637
2026-01-30 17:00:00,1.15576,1.1587,1.15528,1.15824,12196
2026-01-30 18:00:00,1.15823,1.15824,1.15646,1.15669,9673
2026-01-30 19:00:00,1.15667,1.15686,1.15548,1.15564,9364
2026-01-30 20:00:00,1.15563,1.15638,1.15452,1.15622,10869
2026-01-30 21:00:00,1.15624,1.15664,1.15559,1.15564,8213
2026-01-30 22:00:00,1.15566,1.1566,1.15545,1.1565,5200
2026-01-30 23:00:00,1.15655,1.15675,1.15485,1.15496,2332
2026-02-02 00:00:00,1.15393,1.15555,1.15281,1.15505,1482
2026-02-02 01:00:00,1.15506,1.15603,1.15369,1.15565,7775
2026-02-02 02:00:00,1.15565,1.15601,1.15501,1.15523,11018
2026-02-02 03:00:00,1.15523,1.15591,1.15421,1.15532,12174
2026-02-02 04:00:00,1.15532,1.15586,1.15426,1.15431,9086
2026-02-02 05:00:00,1.15431,1.15489,1.15337,1.1536,8400
2026-02-02 06:00:00,1.1536,1.15366,1.15276,1.15328,7280
2026-02-02 07:00:00,1.15329,1.15397,1.15275,1.15342,7499
2026-02-02 08:00:00,1.1534,1.15465,1.15269,1.15447,9245
2026-02-02 09:00:00,1.15446,1.15588,1.15425,1.15572,7744
2026-02-02 10:00:00,1.15572,1.15624,1.15523,1.15601,7466
2026-02-02 11:00:00,1.15601,1.15645,1.15497,1.1562,7275
2026-02-02 12:00:00,1.1562,1.15649,1.15547,1.15614,7010
2026-02-02 13:00:00,1.15613,1.15698,1.15574,1.15626,5059
2026-02-02 14:00:00,1.15626,1.15692,1.15579,1.1568,7210
2026-02-02 15:00:00,1.15679,1.1573,1.15586,1.15715,9715
2026-02-02 16:00:00,1.15715,1.15852,1.15702,1.15793,10310
2026-02-02 17:00:00,1.15675,1.15896,1.15657,1.15881,13069
2026-02-02 18:00:00,1.15881,1.15937,1.15795,1.15819,10940
2026-02-02 19:00:00,1.15821,1.15856,1.15775,1.15793,7179
2026-02-02 20:00:00,1.15789,1.15821,1.15707,1.15763,6007
2026-02-02 21:00:00,1.15763,1.15765,1.15702,1.15737,4099
2026-02-02 22:00:00,1.15733,1.15782,1.1572,1.15772,4563
2026-02-02 23:00:00,1.15769,1.15802,1.15743,1.15785,2078
2026-02-03 00:00:00,1.15757,1.15924,1.15646,1.15801,1458
2026-02-03 01:00:00,1.15801,1.15824,1.15703,1.15724,2099
2026-02-03 02:00:00,1.15724,1.15784,1.15669,1.15729,4063
2026-02-03 03:00:00,1.15729,1.15899,1.15724,1.15897,5969
2026-02-03 04:00:00,1.15893,1.15895,1.15798,1.15826,5247
2026-02-03 05:00:00,1.15822,1.16478,1.15783,1.16387,7690
2026-02-03 06:00:00,1.16387,1.16416,1.16058,1.16137,5126
2026-02-03 07:00:00,1.16137,1.16212,1.16066,1.16114,4593
2026-02-03 08:00:00,1.16114,1.16186,1.1609,1.16163,6912
2026-02-03 09:00:00,1.16165,1.16402,1.1612,1.16365,6488
2026-02-03 10:00:00,1.1636,1.16379,1.16193,1.16206,6570
2026-02-03 11:00:00,1.16206,1.16219,1.16009,1.16107,7283
2026-02-03 12:00:00,1.16107,1.1616,1.16082,1.16138,5325
2026-02-03 13:00:00,1.1614,1.16146,1.16063,1.16107,4384
2026-02-03 14:00:00,1.16107,1.16139,1.16073,1.16108,5161
2026-02-03 15:00:00,1.16109,1.16117,1.16004,1.16008,6755
2026-02-03 16:00:00,1.16008,1.16046,1.15941,1.15983,8227
2026-02-03 17:00:00,1.15982,1.16045,1.15938,1.16035,11734
2026-02-03 18:00:00,1.16033,1.16071,1.15965,1.16036,8268
2026-02-03 19:00:00,1.16036,1.16061,1.15982,1.16,8253
2026-02-03 20:00:00,1.15998,1.1603,1.15895,1.15904,7405
2026-02-03 21:00:00,1.15902,1.15983,1.15873,1.15917,7926
2026-02-03 22:00:00,1.15919,1.15967,1.15893,1.15959,5458
2026-02-03 23:00:00,1.15959,1.16216,1.1582,1.16125,2444
2026-02-04 00:00:00,1.16109,1.16109,1.15884,1.16005,1424
2026-02-04 01:00:00,1.16005,1.16251,1.15976,1.16246,2889
2026-02-04 02:00:00,1.16246,1.16296,1.16156,1.16238,3935
2026-02-04 03:00:00,1.16239,1.16365,1.16239,1.16317,5832
2026-02-04 04:00:00,1.16319,1.16376,1.16281,1.1631,5514
2026-02-04 05:00:00,1.16312,1.1641,1.16302,1.1639,3630
2026-02-04 06:00:00,1.1639,1.16393,1.16309,1.16377,2097
2026-02-04 07:00:00,1.16375,1.16446,1.16347,1.16376,2567
2026-02-04 08:00:00,1.16376,1.16401,1.16326,1.16354,3426
2026-02-04 09:00:00,1.16354,1.16469,1.16338,1.16443,4052
2026-02-04 10:00:00,1.16443,1.16484,1.16364,1.16394,5344
2026-02-04 11:00:00,1.16396,1.16581,1.16381,1.1654,4825
2026-02-04 12:00:00,1.16541,1.16639,1.16538,1.16619,4108
2026-02-04 13:00:00,1.16619,1.1663,1.16563,1.16617,3860
2026-02-04 14:00:00,1.16617,1.16633,1.16531,1.1659,3936
2026-02-04 15:00:00,1.16586,1.16639,1.16466,1.16636,6578
2026-02-04 16:00:00,1.16634,1.1669,1.16601,1.16614,10127
2026-02-04 17:00:00,1.16615,1.16629,1.16519,1.1656,13935
2026-02-04 18:00:00,1.1656,1.16579,1.16487,1.16509,10102
2026-02-04 19:00:00,1.16509,1.16547,1.16388,1.16481,10294
2026-02-04 20:00:00,1.16477,1.16516,1.16417,1.16427,7444
2026-02-04 21:00:00,1.16427,1.16533,1.16421,1.16509,7089
2026-02-04 22:00:00,1.16509,1.16591,1.16491,1.16549,5151
2026-02-04 23:00:00,1.16547,1.16609,1.16524,1.16559,2532
2026-02-05 00:00:00,1.16474,1.16593,1.16203,1.16523,925
2026-02-05 01:00:00,1.16523,1.16649,1.16523,1.16624,2569
2026-02-05 02:00:00,1.16628,1.16652,1.16589,1.16616,2855
2026-02-05 03:00:00,1.16615,1.16636,1.16555,1.16626,5214
2026-02-05 04:00:00,1.16625,1.16639,1.16364,1.16439,8772
2026-02-05 05:00:00,1.16444,1.16525,1.1637,1.16382,9266
2026-02-05 06:00:00,1.16383,1.16456,1.16379,1.16435,4318
2026-02-05 07:00:00,1.16435,1.16462,1.16376,1.1645,4388
2026-02-05 08:00:00,1.1645,1.16556,1.16422,1.16529,4640
2026-02-05 09:00:00,1.16529,1.16566,1.16475,1.16504,5313
2026-02-05 10:00:00,1.16504,1.16563,1.16481,1.16482,6078
2026-02-05 11:00:00,1.1648,1.16517,1.16434,1.16485,5666
2026-02-05 12:00:00,1.16481,1.16498,1.16403,1.16445,4921
2026-02-05 13:00:00,1.16443,1.16497,1.16428,1.16458,4042
2026-02-05 14:00:00,1.16457,1.16498,1.16239,1.16273,9556
2026-02-05 15:00:00,1.16273,1.16322,1.16178,1.16196,9823
2026-02-05 16:00:00,1.16195,1.16433,1.16183,1.16425,12634
2026-02-05 17:00:00,1.16419,1.16429,1.16211,1.16325,14224
2026-02-05 18:00:00,1.16321,1.16443,1.16269,1.16408,11105
2026-02-05 19:00:00,1.16408,1.16513,1.16351,1.16466,10234
2026-02-05 20:00:00,1.16463,1.16502,1.16417,1.16445,7185
2026-02-05 21:00:00,1.16444,1.16514,1.16442,1.16509,6276
2026-02-05 22:00:00,1.16509,1.16541,1.16441,1.16455,5547
2026-02-05 23:00:00,1.16455,1.16524,1.1639,1.16395,3512
2026-02-06 00:00:00,1.16348,1.1644,1.16308,1.16366,1197
2026-02-06 01:00:00,1.16366,1.16479,1.16344,1.16464,4000
2026-02-06 02:00:00,1.16466,1.16483,1.16331,1.16408,7450
2026-02-06 03:00:00,1.16403,1.16452,1.16315,1.16449,9257
2026-02-06 04:00:00,1.16447,1.1648,1.16412,1.16414,7041
2026-02-06 05:00:00,1.16416,1.16441,1.16345,1.16384,5336
2026-02-06 06:00:00,1.16384,1.16405,1.16261,1.16314,3885
2026-02-06 07:00:00,1.16314,1.16367,1.16272,1.16364,5041
2026-02-06 08:00:00,1.16364,1.1643,1.16355,1.16407,4680
2026-02-06 09:00:00,1.16407,1.16449,1.16375,1.16426,4480
2026-02-06 10:00:00,1.16426,1.16466,1.16372,1.16448,6037
2026-02-06 11:00:00,1.16448,1.16521,1.16414,1.16514,5162
2026-02-06 12:00:00,1.16516,1.16528,1.16454,1.16521,3556
2026-02-06 13:00:00,1.1652,1.16559,1.16495,1.16552,3914
2026-02-06 14:00:00,1.16552,1.16585,1.16509,1.16533,4500
2026-02-06 15:00:00,1.16533,1.16612,1.16497,1.16517,5944
2026-02-06 16:00:00,1.16521,1.16555,1.16451,1.16529,8060
2026-02-06 17:00:00,1.16532,1.16621,1.16464,1.16466,9908
2026-02-06 18:00:00,1.16465,1.1657,1.16465,1.1652,6630
2026-02-06 19:00:00,1.1652,1.16586,1.16517,1.16554,4754
2026-02-06 20:00:00,1.16556,1.16594,1.1653,1.16578,3767
2026-02-06 21:00:00,1.16578,1.16611,1.16572,1.16602,3112
2026-02-06 22:00:00,1.16602,1.16632,1.1658,1.16607,2503
2026-02-06 23:00:00,1.16607,1.16636,1.16537,1.16563,2086
2026-02-09 00:00:00,1.16439,1.1664,1.162,1.16405,1298
2026-02-09 01:00:00,1.16405,1.16705,1.16405,1.16639,5364
2026-02-09 02:00:00,1.16639,1.16702,1.16562,1.16668,5761
2026-02-09 03:00:00,1.16666,1.16714,1.1663,1.16682,6158
2026-02-09 04:00:00,1.16682,1.16821,1.16662,1.16785,4429
2026-02-09 05:00:00,1.16785,1.16833,1.16713,1.16767,3419
2026-02-09 06:00:00,1.16767,1.1681,1.16734,1.16789,2283
2026-02-09 07:00:00,1.16789,1.16809,1.16744,1.16774,2768
2026-02-09 08:00:00,1.16774,1.16825,1.16735,1.16813,5679
2026-02-09 09:00:00,1.16813,1.16887,1.16781,1.16824,4724
2026-02-09 10:00:00,1.16824,1.1711,1.168,1.17078,4693
2026-02-09 11:00:00,1.17078,1.17087,1.16997,1.17006,3622
2026-02-09 12:00:00,1.17006,1.17012,1.16886,1.16894,4945
2026-02-09 13:00:00,1.16896,1.16927,1.16836,1.16848,4750
2026-02-09 14:00:00,1.16848,1.16893,1.16805,1.16892,4346
2026-02-09 15:00:00,1.16891,1.16908,1.16848,1.1688,6354
2026-02-09 16:00:00,1.16881,1.17054,1.16873,1.17024,8809
2026-02-09 17:00:00,1.17023,1.17188,1.17006,1.17176,7053
2026-02-09 18:00:00,1.17176,1.17204,1.1713,1.17186,4559
2026-02-09 19:00:00,1.17186,1.17231,1.17143,1.17153,2949
2026-02-09 20:00:00,1.17155,1.17187,1.17128,1.17156,4215
2026-02-09 21:00:00,1.17156,1.17173,1.17118,1.17135,2541
2026-02-09 22:00:00,1.17135,1.17157,1.17103,1.1713,2412
2026-02-09 23:00:00,1.1713,1.17143,1.17091,1.17104,1886
2026-02-10 00:00:00,1.17088,1.17346,1.16983,1.17054,1946
2026-02-10 01:00:00,1.17054,1.17132,1.17025,1.17038,1570
2026-02-10 02:00:00,1.17038,1.17111,1.17021,1.17086,2379
2026-02-10 03:00:00,1.17088,1.17177,1.17076,1.17167,4944
2026-02-10 04:00:00,1.17165,1.17189,1.17124,1.17152,3886
2026-02-10 05:00:00,1.1715,1.1719,1.17103,1.17152,3413
2026-02-10 06:00:00,1.1715,1.1721,1.17128,1.17148,2133
2026-02-10 07:00:00,1.17148,1.17156,1.17093,1.17117,2259
2026-02-10 08:00:00,1.17119,1.17125,1.17047,1.17115,2601
2026-02-10 09:00:00,1.17115,1.17127,1.17018,1.17062,2874
2026-02-10 10:00:00,1.1706,1.17102,1.16992,1.17004,4144
2026-02-10 11:00:00,1.17004,1.17062,1.16999,1.1701,3309
2026-02-10 12:00:00,1.1701,1.17072,1.16994,1.17044,3567
2026-02-10 13:00:00,1.17044,1.17045,1.16994,1.17032,2665
2026-02-10 14:00:00,1.17032,1.17059,1.16971,1.17009,3823
2026-02-10 15:00:00,1.17009,1.17011,1.16884,1.16961,5695
2026-02-10 16:00:00,1.16958,1.17004,1.16917,1.16978,7511
2026-02-10 17:00:00,1.16977,1.17069,1.16962,1.16979,8032
2026-02-10 18:00:00,1.16978,1.17031,1.16952,1.16982,6668
2026-02-10 19:00:00,1.16984,1.17052,1.16975,1.17041,5115
2026-02-10 20:00:00,1.17042,1.17042,1.16983,1.17003,5143
2026-02-10 21:00:00,1.17005,1.17034,1.1699,1.16997,3409
2026-02-10 22:00:00,1.16992,1.17027,1.16985,1.17001,3543
2026-02-10 23:00:00,1.17003,1.17075,1.17001,1.17034,1511
2026-02-11 00:00:00,1.17025,1.17114,1.16845,1.16981,833
2026-02-11 01:00:00,1.16981,1.17112,1.16923,1.17103,1522
2026-02-11 02:00:00,1.17103,1.17157,1.17068,1.17136,2422
2026-02-11 03:00:00,1.17137,1.17322,1.17125,1.17295,3774
2026-02-11 04:00:00,1.17293,1.17556,1.17275,1.17482,3699
2026-02-11 05:00:00,1.17484,1.1753,1.17437,1.17529,2828
2026-02-11 06:00:00,1.17531,1.17536,1.17378,1.17388,2209
2026-02-11 07:00:00,1.17388,1.17413,1.17306,1.17386,2651
2026-02-11 08:00:00,1.17386,1.17397,1.1731,1.17342,3817
2026-02-11 09:00:00,1.17343,1.17352,1.17282,1.17313,3285
2026-02-11 10:00:00,1.17313,1.17321,1.17271,1.17294,4045
2026-02-11 11:00:00,1.17293,1.17351,1.17282,1.17303,3705
2026-02-11 12:00:00,1.17303,1.17353,1.17254,1.17289,3680
2026-02-11 13:00:00,1.17291,1.17354,1.17284,1.17304,3969
2026-02-11 14:00:00,1.17302,1.17356,1.17302,1.17351,4308
2026-02-11 15:00:00,1.17351,1.17565,1.17124,1.17558,11213
2026-02-11 16:00:00,1.1756,1.17714,1.1755,1.17629,13010
2026-02-11 17:00:00,1.17627,1.17717,1.17506,1.17699,12295
2026-02-11 18:00:00,1.17699,1.17711,1.17643,1.17695,8426
2026-02-11 19:00:00,1.17697,1.17841,1.17662,1.17828,7765
2026-02-11 20:00:00,1.1783,1.17832,1.17706,1.17723,5320
2026-02-11 21:00:00,1.17723,1.17765,1.17704,1.1772,4779
2026-02-11 22:00:00,1.1772,1.17833,1.17715,1.17796,3258
2026-02-11 23:00:00,1.17796,1.17822,1.17771,1.17818,1839
2026-02-12 00:00:00,1.1782,1.17922,1.17514,1.17771,1068
2026-02-12 01:00:00,1.17771,1.17878,1.17754,1.17799,2103
2026-02-12 02:00:00,1.17799,1.17913,1.17754,1.17897,3254
2026-02-12 03:00:00,1.17895,1.17967,1.17847,1.179,4188
2026-02-12 04:00:00,1.17898,1.17914,1.1779,1.17802,2934
2026-02-12 05:00:00,1.17804,1.17839,1.17741,1.1775,3051
2026-02-12 06:00:00,1.1775,1.17799,1.17659,1.17677,3003
2026-02-12 07:00:00,1.17677,1.17803,1.17661,1.17792,3289
2026-02-12 08:00:00,1.17792,1.17812,1.17593,1.17609,4765
2026-02-12 09:00:00,1.17609,1.17645,1.17512,1.17526,3851
2026-02-12 10:00:00,1.17529,1.17552,1.17339,1.17392,5410
2026-02-12 11:00:00,1.1739,1.17414,1.17297,1.17324,4284
2026-02-12 12:00:00,1.17324,1.17362,1.17271,1.17343,3526
2026-02-12 13:00:00,1.17343,1.17413,1.17317,1.17384,3391
2026-02-12 14:00:00,1.17386,1.17466,1.17376,1.17448,4037
2026-02-12 15:00:00,1.17448,1.17579,1.17389,1.17568,4997
2026-02-12 16:00:00,1.17566,1.17615,1.17489,1.17508,7478
2026-02-12 17:00:00,1.17504,1.17574,1.17426,1.17571,9518
2026-02-12 18:00:00,1.17571,1.17578,1.17353,1.17379,14333
2026-02-12 19:00:00,1.17381,1.17457,1.1733,1.1744,12047
2026-02-12 20:00:00,1.17439,1.17535,1.17402,1.17516,8657
2026-02-12 21:00:00,1.17517,1.17583,1.17499,1.17534,4914
2026-02-12 22:00:00,1.17534,1.17563,1.17493,1.17519,4875
2026-02-12 23:00:00,1.1752,1.17525,1.17456,1.17462,1927
2026-02-13 00:00:00,1.17433,1.1751,1.17036,1.17331,1643
2026-02-13 01:00:00,1.17331,1.17565,1.17311,1.17514,2419
2026-02-13 02:00:00,1.1751,1.17542,1.17425,1.17435,3447
2026-02-13 03:00:00,1.17435,1.17554,1.1743,1.17447,4577
2026-02-13 04:00:00,1.17449,1.17483,1.17406,1.17453,2826
2026-02-13 05:00:00,1.17453,1.17467,1.1738,1.17435,2398
2026-02-13 06:00:00,1.17435,1.17455,1.17358,1.17388,2377
2026-02-13 07:00:00,1.17388,1.1744,1.17287,1.17321,4140
2026-02-13 08:00:00,1.17321,1.17332,1.1715,1.17162,4675
2026-02-13 09:00:00,1.17164,1.17205,1.17096,1.17191,4981
2026-02-13 10:00:00,1.17193,1.17209,1.17138,1.17194,5574
2026-02-13 11:00:00,1.17194,1.17198,1.17112,1.17117,4856
2026-02-13 12:00:00,1.17113,1.17137,1.17033,1.17041,4030
2026-02-13 13:00:00,1.17039,1.17109,1.17007,1.17092,5681
2026-02-13 14:00:00,1.17094,1.17123,1.17054,1.17091,4965
2026-02-13 15:00:00,1.1709,1.17151,1.1689,1.17092,9858
2026-02-13 16:00:00,1.17085,1.17135,1.16987,1.16994,12255
2026-02-13 17:00:00,1.16992,1.17201,1.16986,1.17153,13906
2026-02-13 18:00:00,1.17153,1.17173,1.17065,1.17101,8658
2026-02-13 19:00:00,1.17101,1.17123,1.17019,1.17071,6054
2026-02-13 20:00:00,1.17071,1.17144,1.17053,1.17111,5749
2026-02-13 21:00:00,1.17111,1.17149,1.17078,1.17089,4473
2026-02-13 22:00:00,1.17088,1.17129,1.17036,1.1708,5170
2026-02-13 23:00:00,1.17083,1.17107,1.1698,1.1698,1678
2026-02-16 00:00:00,1.16823,1.17077,1.16797,1.16883,1695
2026-02-16 01:00:00,1.16883,1.17209,1.16882,1.17203,3076
2026-02-16 02:00:00,1.17203,1.17314,1.17175,1.17312,3384
2026-02-16 03:00:00,1.17312,1.17345,1.17286,1.17308,2826
2026-02-16 04:00:00,1.17308,1.17421,1.17294,1.17386,2772
2026-02-16 05:00:00,1.17386,1.17514,1.17384,1.17459,2138
2026-02-16 06:00:00,1.17459,1.17504,1.17435,1.17472,1897
2026-02-16 07:00:00,1.17472,1.17483,1.17411,1.17417,1570
2026-02-16 08:00:00,1.17419,1.17419,1.17356,1.17357,1901
2026-02-16 09:00:00,1.17357,1.17398,1.17331,1.17377,2611
2026-02-16 10:00:00,1.1738,1.174,1.17306,1.17337,4787
2026-02-16 11:00:00,1.17337,1.17338,1.17243,1.1727,3230
2026-02-16 12:00:00,1.17272,1.17285,1.17205,1.17269,3367
2026-02-16 13:00:00,1.17269,1.1727,1.17192,1.17216,2542
2026-02-16 14:00:00,1.17216,1.17308,1.17178,1.17275,2655
2026-02-16 15:00:00,1.17276,1.17295,1.17252,1.17286,2721
2026-02-16 16:00:00,1.17286,1.17296,1.1717,1.17179,3765
2026-02-16 17:00:00,1.17179,1.1721,1.17156,1.17184,3083
2026-02-16 18:00:00,1.17184,1.17244,1.1718,1.17233,3110
2026-02-16 19:00:00,1.17235,1.1727,1.17228,1.17247,1433
2026-02-16 20:00:00,1.17245,1.17264,1.17228,1.17231,647
2026-02-16 21:00:00,1.17231,1.17247,1.17226,1.17236,388
2026-02-16 22:00:00,1.17238,1.17253,1.17227,1.17243,358
2026-02-16 23:00:00,1.17243,1.1725,1.17176,1.172,687
2026-02-17 00:00:00,1.17194,1.17217,1.17093,1.17171,741
2026-02-17 01:00:00,1.1718,1.17305,1.17163,1.17258,1162
2026-02-17 02:00:00,1.17256,1.17282,1.17179,1.17192,2808
2026-02-17 03:00:00,1.17192,1.17279,1.17151,1.17172,4703
2026-02-17 04:00:00,1.1717,1.17182,1.1711,1.17114,4117
2026-02-17 05:00:00,1.17112,1.17119,1.17033,1.17054,3344
2026-02-17 06:00:00,1.17056,1.17095,1.1705,1.17085,2140
2026-02-17 07:00:00,1.17085,1.17104,1.17014,1.17062,4194
2026-02-17 08:00:00,1.17063,1.17085,1.17025,1.17072,3242
2026-02-17 09:00:00,1.17068,1.1722,1.17027,1.17189,4473
2026-02-17 10:00:00,1.1719,1.1721,1.1706,1.17105,5114
2026-02-17 11:00:00,1.17105,1.17121,1.17033,1.17054,3967
2026-02-17 12:00:00,1.17054,1.17058,1.16806,1.16819,4425
2026-02-17 13:00:00,1.16817,1.16943,1.16797,1.16934,4953
2026-02-17 14:00:00,1.16934,1.16998,1.16918,1.16969,4679
2026-02-17 15:00:00,1.16971,1.17014,1.1691,1.16947,6627
2026-02-17 16:00:00,1.16947,1.17063,1.16939,1.16994,11579
2026-02-17 17:00:00,1.16989,1.1712,1.16978,1.17107,12443
2026-02-17 18:00:00,1.17105,1.17197,1.17102,1.17184,8444
2026-02-17 19:00:00,1.17184,1.17184,1.17073,1.17159,7147
2026-02-17 20:00:00,1.17157,1.17202,1.17129,1.17188,6433
2026-02-17 21:00:00,1.17188,1.17194,1.17065,1.17065,4204
2026-02-17 22:00:00,1.17067,1.17125,1.17067,1.17095,3818
2026-02-17 23:00:00,1.17094,1.1712,1.17076,1.17113,1490
2026-02-18 00:00:00,1.171,1.17137,1.16862,1.17118,626
2026-02-18 01:00:00,1.17118,1.17143,1.17067,1.17102,1634
2026-02-18 02:00:00,1.17104,1.17128,1.17053,1.17093,2979
2026-02-18 03:00:00,1.17091,1.17706,1.17082,1.17565,4035
2026-02-18 04:00:00,1.17564,1.17786,1.17555,1.17728,3170
2026-02-18 05:00:00,1.17729,1.17851,1.1772,1.17834,2864
2026-02-18 06:00:00,1.17834,1.17875,1.17805,1.17847,1893
2026-02-18 07:00:00,1.17847,1.17868,1.178,1.17839,1327
2026-02-18 08:00:00,1.17839,1.17869,1.17813,1.17836,1743
2026-02-18 09:00:00,1.17834,1.17954,1.17823,1.17903,3089
2026-02-18 10:00:00,1.17906,1.1792,1.17753,1.17808,5012
2026-02-18 11:00:00,1.17806,1.17816,1.17707,1.17749,4094
2026-02-18 12:00:00,1.17749,1.17784,1.17738,1.17778,3256
2026-02-18 13:00:00,1.17778,1.17826,1.17721,1.17735,2540
2026-02-18 14:00:00,1.17735,1.17813,1.17718,1.17799,4078
2026-02-18 15:00:00,1.17799,1.1789,1.1778,1.1785,4472
2026-02-18 16:00:00,1.17848,1.18025,1.17823,1.18021,7958
2026-02-18 17:00:00,1.18021,1.1807,1.17962,1.17995,6087
2026-02-18 18:00:00,1.17992,1.18047,1.1797,1.18032,5303
2026-02-18 19:00:00,1.18033,1.18068,1.17972,1.18064,4299
2026-02-18 20:00:00,1.18062,1.18062,1.17976,1.18031,4399
2026-02-18 21:00:00,1.18029,1.18042,1.17967,1.17995,6119
2026-02-18 22:00:00,1.17997,1.1805,1.17983,1.1804,4013
2026-02-18 23:00:00,1.18038,1.18048,1.18007,1.18039,1075
2026-02-19 00:00:00,1.18005,1.18069,1.1781,1.18047,748
2026-02-19 01:00:00,1.18047,1.18067,1.18008,1.18048,1866
2026-02-19 02:00:00,1.18048,1.18263,1.17991,1.18147,3620
2026-02-19 03:00:00,1.18147,1.18295,1.18124,1.18295,3387
2026-02-19 04:00:00,1.18295,1.18312,1.18219,1.18307,2249
2026-02-19 05:00:00,1.18307,1.18313,1.18227,1.18238,2222
2026-02-19 06:00:00,1.18238,1.18283,1.18117,1.18125,2059
2026-02-19 07:00:00,1.18125,1.18155,1.18082,1.18142,2283
2026-02-19 08:00:00,1.18144,1.18186,1.18109,1.1818,2469
2026-02-19 09:00:00,1.1818,1.18238,1.18159,1.18226,3065
2026-02-19 10:00:00,1.1823,1.18238,1.18162,1.18184,4451
2026-02-19 11:00:00,1.18186,1.18192,1.18075,1.18154,5025
2026-02-19 12:00:00,1.18152,1.1816,1.18048,1.18066,5355
2026-02-19 13:00:00,1.18066,1.18126,1.18019,1.18029,4034
2026-02-19 14:00:00,1.18029,1.18126,1.18008,1.18122,3566
2026-02-19 15:00:00,1.18122,1.18221,1.18109,1.1821,5294
2026-02-19 16:00:00,1.1821,1.18251,1.18128,1.18182,8430
2026-02-19 17:00:00,1.18182,1.18239,1.18098,1.18158,10790
2026-02-19 18:00:00,1.18158,1.18178,1.18095,1.1812,8472
2026-02-19 19:00:00,1.1812,1.18163,1.18102,1.18126,7143
2026-02-19 20:00:00,1.18124,1.18165,1.18095,1.18123,5420
2026-02-19 21:00:00,1.18123,1.18157,1.18102,1.18138,4011
2026-02-19 22:00:00,1.18138,1.18158,1.1811,1.18147,2974
2026-02-19 23:00:00,1.18145,1.18177,1.18127,1.18163,1947
2026-02-20 00:00:00,1.18052,1.1814,1.17886,1.18105,898
2026-02-20 01:00:00,1.18105,1.18218,1.18081,1.18184,1823
2026-02-20 02:00:00,1.18183,1.18312,1.18152,1.18267,3266
2026-02-20 03:00:00,1.18267,1.18307,1.18118,1.18144,5272
2026-02-20 04:00:00,1.18144,1.18221,1.18079,1.18178,5280
2026-02-20 05:00:00,1.18178,1.18233,1.18159,1.18213,2903
2026-02-20 06:00:00,1.18213,1.183,1.18189,1.18286,2539
2026-02-20 07:00:00,1.18286,1.18304,1.18248,1.18304,2710
2026-02-20 08:00:00,1.18302,1.18353,1.18275,1.18349,2481
2026-02-20 09:00:00,1.18351,1.18456,1.18334,1.18419,4196
2026-02-20 10:00:00,1.18419,1.18511,1.18355,1.18502,5550
2026-02-20 11:00:00,1.18503,1.18538,1.18419,1.18469,4402
2026-02-20 12:00:00,1.18469,1.1852,1.18392,1.18394,3925
2026-02-20 13:00:00,1.18394,1.18414,1.18334,1.18346,3649
2026-02-20 14:00:00,1.18348,1.18383,1.18321,1.18344,4735
2026-02-20 15:00:00,1.18342,1.18455,1.18306,1.18449,6547
2026-02-20 16:00:00,1.18449,1.1848,1.18377,1.18464,8000
2026-02-20 17:00:00,1.18461,1.18589,1.18419,1.18557,18325
2026-02-20 18:00:00,1.18557,1.18568,1.18444,1.18545,10140
2026-02-20 19:00:00,1.18545,1.18568,1.1849,1.18522,9786
2026-02-20 20:00:00,1.18524,1.18563,1.18449,1.18552,10276
2026-02-20 21:00:00,1.18551,1.18564,1.185,1.18514,6863
2026-02-20 22:00:00,1.18516,1.18528,1.18497,1.18515,4627
2026-02-20 23:00:00,1.18509,1.18564,1.18469,1.18479,2013
2026-02-23 00:00:00,1.1823,1.18428,1.18208,1.18405,940
2026-02-23 01:00:00,1.18407,1.18557,1.18382,1.18458,5015
2026-02-23 02:00:00,1.18458,1.18481,1.18248,1.18316,6185
2026-02-23 03:00:00,1.18314,1.18317,1.18176,1.18211,8009
2026-02-23 04:00:00,1.18209,1.1822,1.18129,1.18198,5841
2026-02-23 05:00:00,1.182,1.18213,1.18122,1.18131,3437
2026-02-23 06:00:00,1.18129,1.18173,1.18105,1.18146,2805
2026-02-23 07:00:00,1.18145,1.18218,1.18129,1.18196,2862
2026-02-23 08:00:00,1.18196,1.18262,1.18158,1.18254,2723
2026-02-23 09:00:00,1.18252,1.18362,1.18252,1.18354,3976
2026-02-23 10:00:00,1.18354,1.18428,1.18339,1.18377,5160
2026-02-23 11:00:00,1.18381,1.18481,1.18374,1.18461,3721
2026-02-23 12:00:00,1.18459,1.18478,1.18422,1.18432,3567
2026-02-23 13:00:00,1.1843,1.18503,1.18427,1.18491,3626
2026-02-23 14:00:00,1.18491,1.1851,1.1841,1.18465,4260
2026-02-23 15:00:00,1.18465,1.18489,1.18386,1.18392,4758
2026-02-23 16:00:00,1.18392,1.18486,1.18387,1.18473,6933
2026-02-23 17:00:00,1.18471,1.18477,1.18356,1.1836,8749
2026-02-23 18:00:00,1.18362,1.18413,1.18326,1.18349,9266
2026-02-23 19:00:00,1.18348,1.18403,1.18335,1.18392,6627
2026-02-23 20:00:00,1.18391,1.18452,1.18384,1.18436,3991
2026-02-23 21:00:00,1.18432,1.18473,1.18403,1.18448,3759
2026-02-23 22:00:00,1.18448,1.18517,1.18442,1.18485,3732
2026-02-23 23:00:00,1.18485,1.18524,1.18449,1.18451,1549
2026-02-24 00:00:00,1.18431,1.18481,1.18158,1.18392,1381
2026-02-24 01:00:00,1.18392,1.18496,1.18357,1.18462,1721
2026-02-24 02:00:00,1.18464,1.18499,1.18419,1.1848,2828
2026-02-24 03:00:00,1.1848,1.18498,1.18414,1.18445,6871
2026-02-24 04:00:00,1.18445,1.18482,1.18391,1.18464,3657
2026-02-24 05:00:00,1.18466,1.18508,1.18426,1.18504,2516
2026-02-24 06:00:00,1.18504,1.18517,1.18475,1.18497,2059
2026-02-24 07:00:00,1.18496,1.18504,1.18465,1.18489,2617
2026-02-24 08:00:00,1.18489,1.18525,1.18481,1.18494,2749
2026-02-24 09:00:00,1.18494,1.18566,1.18494,1.18552,5736
2026-02-24 10:00:00,1.18554,1.18556,1.1841,1.18426,5997
2026-02-24 11:00:00,1.18428,1.18435,1.18355,1.1836,4529
2026-02-24 12:00:00,1.1836,1.18386,1.18292,1.18308,3424
2026-02-24 13:00:00,1.18309,1.18327,1.1827,1.18318,3022
2026-02-24 14:00:00,1.18318,1.1836,1.18295,1.18317,4006
2026-02-24 15:00:00,1.18317,1.18346,1.18218,1.18261,5251
2026-02-24 16:00:00,1.1826,1.18297,1.18198,1.1822,7451
2026-02-24 17:00:00,1.18221,1.18376,1.18209,1.18334,8214
2026-02-24 18:00:00,1.18334,1.18351,1.18298,1.18324,6198
2026-02-24 19:00:00,1.18324,1.18373,1.18309,1.18337,3849
2026-02-24 20:00:00,1.18339,1.18346,1.18296,1.18316,3619
2026-02-24 21:00:00,1.18316,1.18339,1.18279,1.18292,3000
2026-02-24 22:00:00,1.1829,1.18327,1.18246,1.18315,2464
2026-02-24 23:00:00,1.18317,1.18347,1.18264,1.18274,1469
2026-02-25 00:00:00,1.18278,1.18376,1.18181,1.18312,1388
2026-02-25 01:00:00,1.18312,1.18383,1.18301,1.18353,1312
2026-02-25 02:00:00,1.18353,1.18547,1.18303,1.18509,4099
2026-02-25 03:00:00,1.18509,1.18582,1.18486,1.18573,5152
2026-02-25 04:00:00,1.18572,1.18679,1.18511,1.18665,4254
2026-02-25 05:00:00,1.18663,1.18888,1.18644,1.18859,4650
2026-02-25 06:00:00,1.18859,1.18918,1.18819,1.18825,2414
2026-02-25 07:00:00,1.18825,1.1884,1.18783,1.1883,2679
2026-02-25 08:00:00,1.18827,1.18887,1.18792,1.18814,2858
2026-02-25 09:00:00,1.18816,1.18849,1.18661,1.18715,3723
2026-02-25 10:00:00,1.18715,1.18772,1.18698,1.1877,4365
2026-02-25 11:00:00,1.1877,1.18841,1.18628,1.18654,5008
2026-02-25 12:00:00,1.18654,1.18706,1.1865,1.18679,3776
2026-02-25 13:00:00,1.18681,1.18754,1.18653,1.18751,3289
2026-02-25 14:00:00,1.18751,1.18788,1.18706,1.18722,3510
2026-02-25 15:00:00,1.18722,1.18785,1.1867,1.18777,4302
2026-02-25 16:00:00,1.18777,1.18785,1.18684,1.18703,6097
2026-02-25 17:00:00,1.18701,1.18754,1.18673,1.18696,7350
2026-02-25 18:00:00,1.18695,1.18786,1.18687,1.18744,4550
2026-02-25 19:00:00,1.18744,1.1876,1.18679,1.18751,3560
2026-02-25 20:00:00,1.18752,1.18752,1.18673,1.18703,2444
2026-02-25 21:00:00,1.18703,1.18756,1.18691,1.18747,2114
2026-02-25 22:00:00,1.18749,1.18753,1.1869,1.18699,2440
2026-02-25 23:00:00,1.18697,1.18727,1.18681,1.18685,1890
2026-02-26 00:00:00,1.18663,1.18718,1.18518,1.1868,878
2026-02-26 01:00:00,1.1868,1.18704,1.18632,1.18666,1835
2026-02-26 02:00:00,1.18666,1.18781,1.18647,1.18762,2752
2026-02-26 03:00:00,1.18762,1.18769,1.18627,1.18644,5012
2026-02-26 04:00:00,1.18643,1.18659,1.1854,1.18637,4316
2026-02-26 05:00:00,1.18637,1.18711,1.18576,1.18694,2799
2026-02-26 06:00:00,1.18694,1.18748,1.18677,1.18708,2379
2026-02-26 07:00:00,1.18708,1.18742,1.18667,1.1871,3172
2026-02-26 08:00:00,1.18712,1.18783,1.18702,1.18743,3134
2026-02-26 09:00:00,1.18745,1.18812,1.18745,1.18765,4007
2026-02-26 10:00:00,1.18764,1.18809,1.18735,1.188,5440
2026-02-26 11:00:00,1.188,1.18917,1.18792,1.18879,3506
2026-02-26 12:00:00,1.18877,1.18889,1.18832,1.1884,2683
2026-02-26 13:00:00,1.1884,1.1889,1.18828,1.18864,2815
2026-02-26 14:00:00,1.18866,1.18915,1.18855,1.18866,2687
2026-02-26 15:00:00,1.18866,1.18875,1.18792,1.18818,4555
2026-02-26 16:00:00,1.18818,1.18836,1.1874,1.18758,8159
2026-02-26 17:00:00,1.18758,1.18777,1.18593,1.18747,12060
2026-02-26 18:00:00,1.18745,1.18775,1.18701,1.18723,8950
2026-02-26 19:00:00,1.18721,1.18758,1.18701,1.18748,6113
2026-02-26 20:00:00,1.18753,1.18801,1.18737,1.18796,6491
2026-02-26 21:00:00,1.188,1.18804,1.18764,1.18773,3984
2026-02-26 22:00:00,1.18775,1.18803,1.18762,1.18786,2724
2026-02-26 23:00:00,1.18788,1.18867,1.18777,1.18811,1363
2026-02-27 00:00:00,1.18759,1.18891,1.18414,1.18743,2474
2026-02-27 01:00:00,1.18743,1.18801,1.1871,1.18773,2123
2026-02-27 02:00:00,1.18773,1.1883,1.18758,1.18773,3676
2026-02-27 03:00:00,1.18771,1.18839,1.18748,1.18839,5097
2026-02-27 04:00:00,1.18842,1.18882,1.18819,1.18839,3252
2026-02-27 05:00:00,1.18839,1.1887,1.18823,1.18862,2195
2026-02-27 06:00:00,1.18862,1.18905,1.18828,1.18899,2078
2026-02-27 07:00:00,1.18899,1.18988,1.18893,1.18959,2649
2026-02-27 08:00:00,1.18959,1.18989,1.18936,1.18982,3206
2026-02-27 09:00:00,1.18982,1.18994,1.1889,1.18923,3661
2026-02-27 10:00:00,1.18921,1.18947,1.18829,1.18843,5303
2026-02-27 11:00:00,1.18842,1.1888,1.18804,1.1881,4601
2026-02-27 12:00:00,1.18812,1.18817,1.18734,1.18788,3786
2026-02-27 13:00:00,1.18788,1.18827,1.18769,1.18786,3613
2026-02-27 14:00:00,1.18786,1.18824,1.18763,1.18777,4419
2026-02-27 15:00:00,1.18777,1.18788,1.18609,1.1876,8014
2026-02-27 16:00:00,1.18761,1.18811,1.18718,1.18744,9539
2026-02-27 17:00:00,1.18745,1.18858,1.18738,1.18756,9794
2026-02-27 18:00:00,1.18756,1.1877,1.18699,1.18706,7720
2026-02-27 19:00:00,1.18706,1.18731,1.1861,1.1863,6479
2026-02-27 20:00:00,1.1863,1.18677,1.18623,1.1866,5845
2026-02-27 21:00:00,1.1866,1.1868,1.18615,1.18639,4240
2026-02-27 22:00:00,1.18637,1.18666,1.18602,1.18638,3866
2026-02-27 23:00:00,1.18641,1.18672,1.18559,1.18567,2368
2026-03-02 00:00:00,1.18132,1.18544,1.18067,1.18406,2313
2026-03-02 01:00:00,1.18406,1.18611,1.18268,1.18452,8919
2026-03-02 02:00:00,1.1845,1.18646,1.18449,1.18624,8715
2026-03-02 03:00:00,1.18622,1.18705,1.18605,1.18682,10661
2026-03-02 04:00:00,1.18682,1.1874,1.18634,1.18698,7076
2026-03-02 05:00:00,1.18698,1.18799,1.18664,1.18797,4850
2026-03-02 06:00:00,1.18797,1.18797,1.18707,1.18733,4980
2026-03-02 07:00:00,1.18733,1.18785,1.18725,1.18753,5619
2026-03-02 08:00:00,1.18753,1.18827,1.18723,1.18729,6888
2026-03-02 09:00:00,1.18731,1.18795,1.18691,1.18749,8218
2026-03-02 10:00:00,1.18749,1.18913,1.18706,1.18876,9856
2026-03-02 11:00:00,1.18874,1.18968,1.18867,1.18898,7160
2026-03-02 12:00:00,1.18899,1.18964,1.18873,1.18878,6532
2026-03-02 13:00:00,1.18876,1.18918,1.18848,1.18873,6630
2026-03-02 14:00:00,1.18871,1.18899,1.18832,1.18861,7068
2026-03-02 15:00:00,1.18859,1.18936,1.18853,1.18919,8687
2026-03-02 16:00:00,1.18919,1.19021,1.18891,1.19014,11288
2026-03-02 17:00:00,1.19006,1.19222,1.18925,1.19088,12690
2026-03-02 18:00:00,1.19088,1.19304,1.19088,1.19178,10221
2026-03-02 19:00:00,1.1918,1.19241,1.19151,1.19231,6980
2026-03-02 20:00:00,1.19229,1.19279,1.19221,1.19235,5926
2026-03-02 21:00:00,1.19231,1.19312,1.19218,1.19301,5254
2026-03-02 22:00:00,1.19301,1.19301,1.19213,1.1925,10728
2026-03-02 23:00:00,1.19247,1.19402,1.19205,1.19388,3253
2026-03-03 00:00:00,1.19255,1.19483,1.19104,1.19385,2088
2026-03-03 01:00:00,1.19385,1.19511,1.19378,1.19439,2643
2026-03-03 02:00:00,1.19439,1.19469,1.19379,1.19432,3895
2026-03-03 03:00:00,1.19433,1.19615,1.19413,1.19426,7468
2026-03-03 04:00:00,1.19428,1.19502,1.19378,1.19466,8984
2026-03-03 05:00:00,1.19465,1.19589,1.19459,1.19581,5461
2026-03-03 06:00:00,1.19581,1.19659,1.19574,1.19646,3970
2026-03-03 07:00:00,1.19646,1.19683,1.19537,1.19583,7004
2026-03-03 08:00:00,1.19583,1.19615,1.19531,1.19558,7019
2026-03-03 09:00:00,1.1956,1.19801,1.19555,1.19733,7959
2026-03-03 10:00:00,1.19733,1.19772,1.19591,1.19616,10545
2026-03-03 11:00:00,1.19617,1.19652,1.19528,1.19538,10628
2026-03-03 12:00:00,1.19538,1.19646,1.19537,1.19585,10531
2026-03-03 13:00:00,1.19585,1.19635,1.19203,1.19274,12828
2026-03-03 14:00:00,1.19275,1.19412,1.19117,1.1917,10655
2026-03-03 15:00:00,1.19173,1.19207,1.18944,1.19081,10809
2026-03-03 16:00:00,1.19082,1.19114,1.18987,1.18997,14035
2026-03-03 17:00:00,1.18999,1.19366,1.18869,1.19304,18080
2026-03-03 18:00:00,1.19306,1.19422,1.19278,1.19398,15948
2026-03-03 19:00:00,1.19397,1.19491,1.19371,1.19461,11441
2026-03-03 20:00:00,1.19464,1.19511,1.19454,1.19464,8787
2026-03-03 21:00:00,1.19463,1.19496,1.19404,1.19458,10759
2026-03-03 22:00:00,1.19461,1.19567,1.19452,1.19536,8856
2026-03-03 23:00:00,1.19535,1.19571,1.19422,1.1943,2741
2026-03-04 00:00:00,1.19418,1.19466,1.19032,1.19162,1528
2026-03-04 01:00:00,1.19162,1.19573,1.19152,1.19548,3831
2026-03-04 02:00:00,1.19548,1.19558,1.19192,1.19312,8379
2026-03-04 03:00:00,1.19312,1.19405,1.19137,1.19191,12920
2026-03-04 04:00:00,1.19193,1.19244,1.19056,1.19069,10571
2026-03-04 05:00:00,1.19067,1.19074,1.18707,1.18756,8967
2026-03-04 06:00:00,1.18758,1.18847,1.18625,1.18671,8285
2026-03-04 07:00:00,1.18671,1.18841,1.18669,1.18773,9033
2026-03-04 08:00:00,1.18775,1.18982,1.18761,1.18981,7504
2026-03-04 09:00:00,1.18981,1.19191,1.18968,1.19082,7274
2026-03-04 10:00:00,1.19082,1.19115,1.18949,1.19032,9989
2026-03-04 11:00:00,1.19032,1.19125,1.18989,1.19102,9130
2026-03-04 12:00:00,1.191,1.19288,1.191,1.19176,11439
2026-03-04 13:00:00,1.19178,1.19283,1.19171,1.19278,8121
2026-03-04 14:00:00,1.19279,1.19303,1.1915,1.1918,9299
2026-03-04 15:00:00,1.19182,1.19355,1.19147,1.1935,10502
2026-03-04 16:00:00,1.19351,1.19368,1.19182,1.19187,12840
2026-03-04 17:00:00,1.19054,1.19276,1.19054,1.19236,13098
2026-03-04 18:00:00,1.19238,1.19258,1.1918,1.19197,8804
2026-03-04 19:00:00,1.19195,1.19238,1.19161,1.19235,7801
2026-03-04 20:00:00,1.19227,1.19234,1.19139,1.19163,5210
2026-03-04 21:00:00,1.19163,1.19228,1.19162,1.19219,4144
2026-03-04 22:00:00,1.19216,1.19222,1.19118,1.19149,4501
2026-03-04 23:00:00,1.19151,1.19173,1.19078,1.1909,2419
2026-03-05 00:00:00,1.19026,1.19164,1.18985,1.19022,1311
2026-03-05 01:00:00,1.1902,1.19186,1.1902,1.19174,2319
2026-03-05 02:00:00,1.19174,1.19243,1.19124,1.19155,4246
2026-03-05 03:00:00,1.19155,1.1922,1.19075,1.19091,8711
2026-03-05 04:00:00,1.19091,1.1913,1.19028,1.19072,8253
2026-03-05 05:00:00,1.19074,1.19097,1.18918,1.18945,6858
2026-03-05 06:00:00,1.18942,1.19001,1.18915,1.18956,5740
2026-03-05 07:00:00,1.18955,1.19012,1.18945,1.19,6258
2026-03-05 08:00:00,1.19,1.19007,1.188,1.18844,8875
2026-03-05 09:00:00,1.18842,1.18885,1.18754,1.18774,7953
2026-03-05 10:00:00,1.18776,1.18879,1.18737,1.18872,9454
2026-03-05 11:00:00,1.18872,1.18989,1.18825,1.1898,12988
2026-03-05 12:00:00,1.18978,1.19068,1.18944,1.19046,7441
2026-03-05 13:00:00,1.19046,1.19072,1.18952,1.19007,6262
2026-03-05 14:00:00,1.19007,1.19031,1.18956,1.19019,6922
2026-03-05 15:00:00,1.19014,1.19025,1.18878,1.18968,9361
2026-03-05 16:00:00,1.18968,1.19034,1.18938,1.19027,11944
2026-03-05 17:00:00,1.19029,1.19076,1.18892,1.1895,13387
2026-03-05 18:00:00,1.18948,1.18959,1.18864,1.18904,13077
2026-03-05 19:00:00,1.18902,1.18945,1.18755,1.18777,11503
2026-03-05 20:00:00,1.18778,1.18823,1.18759,1.18782,11497
2026-03-05 21:00:00,1.18782,1.18797,1.18739,1.18772,9045
2026-03-05 22:00:00,1.1877,1.1886,1.18763,1.18831,9787
2026-03-05 23:00:00,1.18831,1.18866,1.1881,1.18827,2541
2026-03-06 00:00:00,1.18809,1.18947,1.18522,1.18768,866
2026-03-06 01:00:00,1.18768,1.18925,1.18768,1.18884,2483
2026-03-06 02:00:00,1.18884,1.18915,1.18838,1.1885,3775
2026-03-06 03:00:00,1.1885,1.18987,1.18831,1.18985,8030
2026-03-06 04:00:00,1.18984,1.19086,1.18974,1.19073,5209
2026-03-06 05:00:00,1.19073,1.19142,1.1905,1.19086,4635
2026-03-06 06:00:00,1.19086,1.19107,1.19048,1.1905,3037
2026-03-06 07:00:00,1.1905,1.19131,1.19031,1.19096,5084
2026-03-06 08:00:00,1.19094,1.19146,1.19082,1.19122,5192
2026-03-06 09:00:00,1.1912,1.19168,1.19095,1.19138,4867
2026-03-06 10:00:00,1.19139,1.19191,1.19085,1.19181,6550
2026-03-06 11:00:00,1.19179,1.193,1.19167,1.19191,9185
2026-03-06 12:00:00,1.19193,1.19259,1.19165,1.19213,7484
2026-03-06 13:00:00,1.19215,1.19308,1.19201,1.1924,8082
2026-03-06 14:00:00,1.1924,1.19357,1.19167,1.19301,8887
2026-03-06 15:00:00,1.19298,1.19315,1.18894,1.19173,13969
2026-03-06 16:00:00,1.19173,1.192,1.19,1.19117,17639
2026-03-06 17:00:00,1.19112,1.19263,1.18991,1.18997,16212
2026-03-06 18:00:00,1.18999,1.19039,1.18969,1.19003,14528
2026-03-06 19:00:00,1.19003,1.19012,1.18939,1.18952,10757
2026-03-06 20:00:00,1.18952,1.19011,1.18925,1.18994,10306
2026-03-06 21:00:00,1.18992,1.19058,1.18941,1.1905,8105
2026-03-06 22:00:00,1.19053,1.19065,1.18989,1.19038,8614
2026-03-06 23:00:00,1.19038,1.19121,1.1891,1.18934,4146
2026-03-09 00:00:00,1.18961,1.19041,1.1882,1.18973,1208
2026-03-09 01:00:00,1.18972,1.19304,1.18752,1.19194,9970
2026-03-09 02:00:00,1.19193,1.19223,1.19053,1.19093,7552
2026-03-09 03:00:00,1.1909,1.191,1.18864,1.18919,10224
2026-03-09 04:00:00,1.18919,1.19005,1.18857,1.18926,12533
2026-03-09 05:00:00,1.18925,1.19058,1.18831,1.19048,11503
2026-03-09 06:00:00,1.19048,1.19146,1.18963,1.19126,8982
2026-03-09 07:00:00,1.19126,1.19138,1.18999,1.191,5449
2026-03-09 08:00:00,1.191,1.19141,1.19002,1.19041,11139
2026-03-09 09:00:00,1.19041,1.19095,1.18999,1.19008,9689
2026-03-09 10:00:00,1.19,1.19048,1.18928,1.19,9721
2026-03-09 11:00:00,1.19001,1.19002,1.18746,1.18769,12642
2026-03-09 12:00:00,1.18771,1.18898,1.18716,1.18725,12801
2026-03-09 13:00:00,1.18725,1.18811,1.18705,1.18782,11736
2026-03-09 14:00:00,1.18782,1.1881,1.1873,1.18753,9734
2026-03-09 15:00:00,1.18754,1.18838,1.18735,1.18834,9607
2026-03-09 16:00:00,1.18839,1.1888,1.18739,1.18869,14336
2026-03-09 17:00:00,1.18867,1.19043,1.18843,1.19028,16386
2026-03-09 18:00:00,1.19028,1.19101,1.19013,1.19051,11421
2026-03-09 19:00:00,1.19053,1.19089,1.18986,1.19025,8385
2026-03-09 20:00:00,1.19025,1.19037,1.18946,1.18955,6762
2026-03-09 21:00:00,1.18954,1.19096,1.18943,1.19094,6643
2026-03-09 22:00:00,1.19094,1.1931,1.19081,1.19277,12680
2026-03-09 23:00:00,1.19276,1.19311,1.19227,1.19238,5353
2026-03-10 00:00:00,1.19191,1.1923,1.19069,1.19196,823
2026-03-10 01:00:00,1.19196,1.19334,1.19151,1.19223,4550
2026-03-10 02:00:00,1.19228,1.19299,1.19212,1.19261,4439
2026-03-10 03:00:00,1.19263,1.19296,1.19189,1.19295,8070
2026-03-10 04:00:00,1.19295,1.19413,1.19266,1.19409,9104
2026-03-10 05:00:00,1.19409,1.19469,1.19384,1.19392,6581
2026-03-10 06:00:00,1.19392,1.19457,1.19366,1.19406,6195
2026-03-10 07:00:00,1.19406,1.19502,1.19402,1.19468,4818
2026-03-10 08:00:00,1.19468,1.19667,1.19397,1.19628,5850
2026-03-10 09:00:00,1.19626,1.19767,1.19593,1.19653,5340
2026-03-10 10:00:00,1.19651,1.19815,1.19651,1.19766,7403
2026-03-10 11:00:00,1.19766,1.19874,1.19703,1.19766,8428
2026-03-10 12:00:00,1.19765,1.19825,1.19752,1.19779,7040
2026-03-10 13:00:00,1.19781,1.1995,1.19764,1.19765,7754
2026-03-10 14:00:00,1.19765,1.19868,1.19705,1.19842,9583
2026-03-10 15:00:00,1.19844,1.19863,1.19782,1.19821,11114
2026-03-10 16:00:00,1.19826,1.19915,1.19796,1.19882,12261
2026-03-10 17:00:00,1.19885,1.20048,1.19848,1.20014,11737
2026-03-10 18:00:00,1.20014,1.20062,1.19895,1.2006,8622
2026-03-10 19:00:00,1.2006,1.20152,1.20006,1.20115,6713
2026-03-10 20:00:00,1.20115,1.20195,1.20092,1.20154,8453
2026-03-10 21:00:00,1.20151,1.20175,1.20045,1.20103,14409
2026-03-10 22:00:00,1.20103,1.20121,1.20033,1.20036,11188
2026-03-10 23:00:00,1.20036,1.20107,1.20012,1.20054,3345
2026-03-11 00:00:00,1.20034,1.20063,1.19935,1.19938,1034
2026-03-11 01:00:00,1.19936,1.20169,1.19912,1.20143,1889
2026-03-11 02:00:00,1.20144,1.20194,1.20131,1.20175,1731
2026-03-11 03:00:00,1.20176,1.20307,1.20107,1.20282,6220
2026-03-11 04:00:00,1.20282,1.20498,1.20274,1.2046,5906
2026-03-11 05:00:00,1.20458,1.20783,1.20456,1.20701,5050
2026-03-11 06:00:00,1.20699,1.20731,1.2064,1.20715,3727
2026-03-11 07:00:00,1.20712,1.20792,1.20687,1.20776,3161
2026-03-11 08:00:00,1.20776,1.20777,1.20606,1.20689,4468
2026-03-11 09:00:00,1.20689,1.20748,1.20635,1.20665,4962
2026-03-11 10:00:00,1.20665,1.20783,1.20652,1.20724,7672
2026-03-11 11:00:00,1.20724,1.20852,1.20722,1.20808,8330
2026-03-11 12:00:00,1.20808,1.20872,1.20708,1.20743,7850
2026-03-11 13:00:00,1.20746,1.20801,1.20711,1.20768,6685
2026-03-11 14:00:00,1.20768,1.20881,1.20756,1.20842,7133
2026-03-11 15:00:00,1.20844,1.20942,1.20787,1.20828,10773
2026-03-11 16:00:00,1.20828,1.2095,1.20823,1.20947,12251
2026-03-11 17:00:00,1.20947,1.21,1.20882,1.20989,15251
2026-03-11 18:00:00,1.20989,1.21074,1.20966,1.21017,9983
2026-03-11 19:00:00,1.21014,1.21031,1.20897,1.20917,8833
2026-03-11 20:00:00,1.20915,1.20937,1.2084,1.20858,8847
2026-03-11 21:00:00,1.20855,1.20903,1.20669,1.20868,7565
2026-03-11 22:00:00,1.20866,1.20903,1.20846,1.20898,4486
2026-03-11 23:00:00,1.20896,1.2094,1.20889,1.20923,1782
2026-03-12 00:00:00,1.20919,1.20979,1.20494,1.20877,838
2026-03-12 01:00:00,1.20877,1.21016,1.2078,1.2096,3403
2026-03-12 02:00:00,1.2096,1.2097,1.20909,1.20932,4420
2026-03-12 03:00:00,1.20932,1.20999,1.20837,1.20995,6065
2026-03-12 04:00:00,1.20997,1.21092,1.20948,1.2104,6112
2026-03-12 05:00:00,1.2104,1.21097,1.20835,1.20848,5601
2026-03-12 06:00:00,1.20848,1.20976,1.20776,1.20822,4278
2026-03-12 07:00:00,1.20824,1.20834,1.20742,1.2075,2949
2026-03-12 08:00:00,1.2075,1.20805,1.20679,1.20763,6021
2026-03-12 09:00:00,1.20763,1.20763,1.20598,1.20678,5329
2026-03-12 10:00:00,1.2068,1.2086,1.20644,1.20816,4741
2026-03-12 11:00:00,1.20815,1.20895,1.20771,1.20888,6420
2026-03-12 12:00:00,1.20888,1.20891,1.20753,1.20799,6058
2026-03-12 13:00:00,1.20801,1.20853,1.20781,1.2081,5575
2026-03-12 14:00:00,1.2081,1.20928,1.20786,1.20897,5381
2026-03-12 15:00:00,1.20894,1.21001,1.20862,1.20989,7463
2026-03-12 16:00:00,1.20991,1.20995,1.20787,1.2079,12160
2026-03-12 17:00:00,1.2079,1.20903,1.20774,1.20823,13325
2026-03-12 18:00:00,1.20821,1.20896,1.20764,1.20795,14103
2026-03-12 19:00:00,1.20795,1.20993,1.20783,1.20969,11263
2026-03-12 20:00:00,1.20969,1.21,1.20931,1.20957,9158
2026-03-12 21:00:00,1.20953,1.20978,1.20892,1.20938,7171
2026-03-12 22:00:00,1.20937,1.20954,1.2087,1.2088,6458
2026-03-12 23:00:00,1.20878,1.20941,1.20863,1.20869,2443
2026-03-13 00:00:00,1.20816,1.20875,1.20755,1.20779,1012
2026-03-13 01:00:00,1.20779,1.2097,1.20779,1.20968,1806
2026-03-13 02:00:00,1.20968,1.2098,1.20877,1.20888,2400
2026-03-13 03:00:00,1.20886,1.21028,1.20808,1.21013,4857
2026-03-13 04:00:00,1.21013,1.2103,1.20939,1.2102,5668
2026-03-13 05:00:00,1.21019,1.21058,1.20983,1.21031,4888
2026-03-13 06:00:00,1.21031,1.21062,1.20875,1.2096,4032
2026-03-13 07:00:00,1.20955,1.21149,1.20951,1.21139,3665
2026-03-13 08:00:00,1.21139,1.21196,1.21074,1.21158,4360
2026-03-13 09:00:00,1.21158,1.21207,1.20965,1.2098,5980
2026-03-13 10:00:00,1.20978,1.2108,1.20937,1.20967,7554
2026-03-13 11:00:00,1.20965,1.2097,1.20855,1.20957,9430
2026-03-13 12:00:00,1.20955,1.21004,1.20905,1.20932,7260
2026-03-13 13:00:00,1.20933,1.2097,1.20853,1.20899,7257
2026-03-13 14:00:00,1.20899,1.20939,1.20824,1.20893,8210
2026-03-13 15:00:00,1.20894,1.20966,1.20837,1.20922,9194
2026-03-13 16:00:00,1.20922,1.20932,1.20765,1.20766,11769
2026-03-13 17:00:00,1.20767,1.2081,1.20717,1.20752,13519
2026-03-13 18:00:00,1.20749,1.20861,1.20677,1.20679,12185
2026-03-13 19:00:00,1.20679,1.20798,1.20659,1.20777,10950
2026-03-13 20:00:00,1.20777,1.20853,1.20774,1.20822,9118
2026-03-13 21:00:00,1.2082,1.20928,1.20815,1.2091,7167
2026-03-13 22:00:00,1.20912,1.20915,1.20861,1.2088,5555
2026-03-13 23:00:00,1.2088,1.20915,1.20764,1.20818,3498
2026-03-16 00:00:00,1.20645,1.20818,1.20266,1.20585,1033
2026-03-16 01:00:00,1.20581,1.20985,1.20579,1.20796,4807
2026-03-16 02:00:00,1.20799,1.20871,1.20774,1.20861,4807
2026-03-16 03:00:00,1.20861,1.20925,1.20834,1.20881,6054
2026-03-16 04:00:00,1.20878,1.20884,1.20722,1.2081,7270
2026-03-16 05:00:00,1.2081,1.20826,1.20637,1.20637,5314
2026-03-16 06:00:00,1.20638,1.20668,1.20542,1.20662,4071
2026-03-16 07:00:00,1.20662,1.20686,1.20623,1.20651,3157
2026-03-16 08:00:00,1.20651,1.20823,1.2065,1.20778,4025
2026-03-16 09:00:00,1.20777,1.20871,1.20771,1.20856,4234
2026-03-16 10:00:00,1.20854,1.20869,1.20771,1.20776,5302
2026-03-16 11:00:00,1.20778,1.2078,1.20687,1.20714,7437
2026-03-16 12:00:00,1.2071,1.20717,1.2062,1.20643,6406
2026-03-16 13:00:00,1.20643,1.20763,1.20608,1.20729,5761
2026-03-16 14:00:00,1.20729,1.20754,1.20671,1.20716,5426
2026-03-16 15:00:00,1.20714,1.20743,1.20668,1.20704,6213
2026-03-16 16:00:00,1.20704,1.20789,1.20692,1.20752,7894
2026-03-16 17:00:00,1.20752,1.20824,1.20692,1.20729,8852
2026-03-16 18:00:00,1.20729,1.20746,1.20638,1.20691,7452
2026-03-16 19:00:00,1.20692,1.20709,1.20641,1.20691,7274
2026-03-16 20:00:00,1.20693,1.20696,1.20621,1.20629,7201
2026-03-16 21:00:00,1.20627,1.20676,1.20593,1.20669,5314
2026-03-16 22:00:00,1.20669,1.2071,1.20649,1.20683,5266
2026-03-16 23:00:00,1.20686,1.20691,1.20622,1.20638,1767
2026-03-17 00:00:00,1.20637,1.20677,1.20494,1.20616,1069
2026-03-17 01:00:00,1.20616,1.20751,1.20554,1.20745,1859
2026-03-17 02:00:00,1.20745,1.20772,1.20719,1.20745,1612
2026-03-17 03:00:00,1.20744,1.20827,1.20726,1.20808,3514
2026-03-17 04:00:00,1.20808,1.21007,1.20787,1.21004,5363
2026-03-17 05:00:00,1.21006,1.21061,1.20982,1.21024,2827
2026-03-17 06:00:00,1.21024,1.21201,1.20608,1.20921,6019
2026-03-17 07:00:00,1.20918,1.2108,1.20823,1.21071,3907
2026-03-17 08:00:00,1.21075,1.21451,1.21074,1.21283,4854
2026-03-17 09:00:00,1.21275,1.21491,1.21246,1.21407,6757
2026-03-17 10:00:00,1.21408,1.21417,1.21305,1.21323,4700
2026-03-17 11:00:00,1.21325,1.21394,1.21271,1.21327,7006
2026-03-17 12:00:00,1.21327,1.21365,1.21282,1.21323,5304
2026-03-17 13:00:00,1.21321,1.21375,1.21284,1.21367,5209
2026-03-17 14:00:00,1.21367,1.21374,1.21207,1.21232,4843
2026-03-17 15:00:00,1.2123,1.21337,1.2122,1.21301,6244
2026-03-17 16:00:00,1.21299,1.21409,1.21292,1.2136,9170
2026-03-17 17:00:00,1.2136,1.21391,1.21238,1.21265,9115
2026-03-17 18:00:00,1.21263,1.21267,1.21162,1.21207,9460
2026-03-17 19:00:00,1.21207,1.21254,1.21199,1.21217,7819
2026-03-17 20:00:00,1.21217,1.21264,1.21213,1.21255,4453
2026-03-17 21:00:00,1.21255,1.21263,1.2119,1.2122,3991
2026-03-17 22:00:00,1.21223,1.213,1.21198,1.21293,3186
2026-03-17 23:00:00,1.21295,1.21301,1.2125,1.21258,1129
2026-03-18 00:00:00,1.21249,1.21296,1.21025,1.21189,2343
2026-03-18 01:00:00,1.21191,1.2136,1.21141,1.21317,2572
2026-03-18 02:00:00,1.21317,1.21354,1.21291,1.2135,2039
2026-03-18 03:00:00,1.2135,1.21362,1.21293,1.21304,4524
2026-03-18 04:00:00,1.21307,1.21405,1.21296,1.21345,3801
2026-03-18 05:00:00,1.21346,1.21352,1.2127,1.21293,3131
2026-03-18 06:00:00,1.21293,1.21389,1.21286,1.21368,2230
2026-03-18 07:00:00,1.21368,1.21412,1.2135,1.21359,2188
2026-03-18 08:00:00,1.21357,1.21365,1.21283,1.21311,2858
2026-03-18 09:00:00,1.21309,1.21342,1.21268,1.21336,2927
2026-03-18 10:00:00,1.21336,1.21428,1.21326,1.2142,3030
2026-03-18 11:00:00,1.21419,1.21442,1.21249,1.21267,4801
2026-03-18 12:00:00,1.21267,1.21324,1.21263,1.21301,4089
2026-03-18 13:00:00,1.21301,1.21308,1.21256,1.21266,3161
2026-03-18 14:00:00,1.21262,1.2133,1.21239,1.21276,6657
2026-03-18 15:00:00,1.21278,1.21287,1.21164,1.21224,10728
2026-03-18 16:00:00,1.21225,1.21262,1.21129,1.21186,12581
2026-03-18 17:00:00,1.21186,1.21217,1.21099,1.21142,10971
2026-03-18 18:00:00,1.21142,1.21202,1.21108,1.21199,8486
2026-03-18 19:00:00,1.21199,1.21252,1.21162,1.21234,5603
2026-03-18 20:00:00,1.21234,1.2129,1.21205,1.21213,5051
2026-03-18 21:00:00,1.21201,1.2127,1.20924,1.21269,11004
2026-03-18 22:00:00,1.21269,1.21287,1.21117,1.21181,7381
2026-03-18 23:00:00,1.21183,1.21261,1.21143,1.2115,3703
2026-03-19 00:00:00,1.21133,1.21294,1.2056,1.21168,1889
2026-03-19 01:00:00,1.21166,1.21424,1.21081,1.21341,3193
2026-03-19 02:00:00,1.21345,1.21368,1.21262,1.21306,3021
2026-03-19 03:00:00,1.21305,1.21332,1.20937,1.21109,6255
2026-03-19 04:00:00,1.21109,1.21151,1.20981,1.2113,6689
2026-03-19 05:00:00,1.21132,1.21143,1.21005,1.21094,5958
2026-03-19 06:00:00,1.21096,1.21132,1.21052,1.21076,3447
2026-03-19 07:00:00,1.21077,1.211,1.20952,1.20966,3541
2026-03-19 08:00:00,1.20966,1.21029,1.20958,1.21,4163
2026-03-19 09:00:00,1.21002,1.21019,1.20933,1.20988,6425
2026-03-19 10:00:00,1.2099,1.21056,1.20965,1.20984,8210
2026-03-19 11:00:00,1.20982,1.21089,1.20974,1.2106,9162
2026-03-19 12:00:00,1.21062,1.21264,1.21039,1.21221,11453
2026-03-19 13:00:00,1.21221,1.21256,1.21157,1.21235,7674
2026-03-19 14:00:00,1.21236,1.21256,1.2108,1.21114,7219
2026-03-19 15:00:00,1.2111,1.21132,1.20843,1.20863,11825
2026-03-19 16:00:00,1.20863,1.20886,1.20621,1.20652,16554
2026-03-19 17:00:00,1.20657,1.2072,1.20573,1.20675,16402
2026-03-19 18:00:00,1.20677,1.20726,1.20632,1.20648,13030
2026-03-19 19:00:00,1.20646,1.20722,1.20611,1.20698,12212
2026-03-19 20:00:00,1.20698,1.20703,1.20574,1.20606,9033
2026-03-19 21:00:00,1.20602,1.20696,1.20602,1.20684,6530
2026-03-19 22:00:00,1.20682,1.20701,1.20587,1.20618,14529
2026-03-19 23:00:00,1.2062,1.20656,1.20595,1.20637,3156
2026-03-20 00:00:00,1.2061,1.20638,1.20406,1.20615,1115
2026-03-20 01:00:00,1.20609,1.20759,1.20522,1.20709,1974
2026-03-20 02:00:00,1.20709,1.20763,1.20618,1.2067,2359
2026-03-20 03:00:00,1.2067,1.20672,1.20352,1.20388,5217
2026-03-20 04:00:00,1.20387,1.2048,1.20326,1.20446,7317
2026-03-20 05:00:00,1.20442,1.2046,1.20366,1.20405,4352
2026-03-20 06:00:00,1.20407,1.20441,1.20355,1.20388,3170
2026-03-20 07:00:00,1.20388,1.20529,1.2038,1.20514,2543
2026-03-20 08:00:00,1.20512,1.20581,1.20483,1.20537,3792
2026-03-20 09:00:00,1.20537,1.20564,1.20455,1.20507,4360
2026-03-20 10:00:00,1.20503,1.20517,1.20419,1.20427,5873
2026-03-20 11:00:00,1.2043,1.20489,1.20396,1.2047,6994
2026-03-20 12:00:00,1.20469,1.20552,1.20435,1.20489,7868
2026-03-20 13:00:00,1.20491,1.20545,1.20462,1.20532,9186
2026-03-20 14:00:00,1.20532,1.20579,1.2051,1.20571,6850
2026-03-20 15:00:00,1.20571,1.20625,1.20548,1.20605,8779
2026-03-20 16:00:00,1.20605,1.2069,1.20564,1.20592,11539
2026-03-20 17:00:00,1.20587,1.20619,1.20496,1.20559,12985
2026-03-20 18:00:00,1.20561,1.20607,1.2043,1.20434,12086
2026-03-20 19:00:00,1.20434,1.2052,1.20419,1.20478,8975
2026-03-20 20:00:00,1.20481,1.20545,1.20474,1.2053,10002
2026-03-20 21:00:00,1.20528,1.20532,1.20393,1.2041,9846
2026-03-20 22:00:00,1.2041,1.20471,1.20382,1.20432,8505
2026-03-20 23:00:00,1.2043,1.20468,1.20343,1.20353,4607
2026-03-23 00:00:00,1.20046,1.20351,1.1975,1.20059,765
2026-03-23 01:00:00,1.20058,1.20371,1.20053,1.20215,3906
2026-03-23 02:00:00,1.20215,1.20234,1.20168,1.20178,5158
2026-03-23 03:00:00,1.20179,1.20196,1.20052,1.20116,9955
2026-03-23 04:00:00,1.20116,1.20215,1.20046,1.20134,11880
2026-03-23 05:00:00,1.20137,1.20192,1.20066,1.20093,8675
2026-03-23 06:00:00,1.20093,1.20154,1.20082,1.20139,7158
2026-03-23 07:00:00,1.20137,1.20147,1.20069,1.20073,5467
2026-03-23 08:00:00,1.20075,1.20111,1.20001,1.20011,6199
2026-03-23 09:00:00,1.20009,1.20124,1.20009,1.20031,9347
2026-03-23 10:00:00,1.20029,1.20122,1.19968,1.20074,8813
2026-03-23 11:00:00,1.20074,1.2022,1.20071,1.20185,11246
2026-03-23 12:00:00,1.20184,1.20203,1.20074,1.20091,9159
2026-03-23 13:00:00,1.20091,1.20112,1.199,1.20033,9825
2026-03-23 14:00:00,1.20036,1.2054,1.2003,1.20202,23717
2026-03-23 15:00:00,1.20201,1.20224,1.20036,1.2013,20627
2026-03-23 16:00:00,1.2013,1.2013,1.19968,1.19992,18867
2026-03-23 17:00:00,1.1999,1.20079,1.19903,1.19917,17337
2026-03-23 18:00:00,1.19919,1.19962,1.19685,1.19689,16805
2026-03-23 19:00:00,1.19691,1.19769,1.19681,1.19694,14784
2026-03-23 20:00:00,1.19695,1.19705,1.19542,1.19561,11530
2026-03-23 21:00:00,1.19559,1.19595,1.1948,1.19548,11297
2026-03-23 22:00:00,1.19549,1.1959,1.19457,1.1953,8087
2026-03-23 23:00:00,1.19527,1.19722,1.19495,1.19629,3185
2026-03-24 00:00:00,1.19623,1.19738,1.19203,1.19438,2202
2026-03-24 01:00:00,1.19438,1.19726,1.19438,1.19691,2890
2026-03-24 02:00:00,1.19694,1.19734,1.19648,1.19713,3229
2026-03-24 03:00:00,1.19713,1.19713,1.19472,1.19571,10816
2026-03-24 04:00:00,1.19572,1.1967,1.19408,1.19425,11620
2026-03-24 05:00:00,1.19422,1.19503,1.19333,1.19389,9631
2026-03-24 06:00:00,1.19389,1.19486,1.19383,1.19468,6565
2026-03-24 07:00:00,1.19468,1.1952,1.1943,1.19495,5332
2026-03-24 08:00:00,1.19491,1.19568,1.19446,1.19503,7979
2026-03-24 09:00:00,1.19503,1.19644,1.19482,1.19639,7393
2026-03-24 10:00:00,1.19637,1.19689,1.1945,1.19521,10664
2026-03-24 11:00:00,1.19523,1.19628,1.19488,1.19568,11315
2026-03-24 12:00:00,1.19571,1.19683,1.19524,1.19613,9431
2026-03-24 13:00:00,1.19617,1.1962,1.19514,1.19555,8559
2026-03-24 14:00:00,1.19555,1.19566,1.19452,1.19499,9042
2026-03-24 15:00:00,1.195,1.19512,1.19397,1.19418,9683
2026-03-24 16:00:00,1.19418,1.19629,1.19414,1.19626,14496
2026-03-24 17:00:00,1.19624,1.19666,1.19546,1.19579,14714
2026-03-24 18:00:00,1.19577,1.19764,1.19517,1.19731,14064
2026-03-24 19:00:00,1.19729,1.19813,1.19717,1.19791,9292
2026-03-24 20:00:00,1.1979,1.19829,1.19715,1.19775,12478
2026-03-24 21:00:00,1.19775,1.19806,1.19743,1.19776,9936
2026-03-24 22:00:00,1.19776,1.19797,1.19733,1.19746,6306
2026-03-24 23:00:00,1.1975,1.19876,1.19741,1.19863,9742
2026-03-25 00:00:00,1.19834,1.19834,1.1946,1.19663,2207
2026-03-25 01:00:00,1.19661,1.19882,1.19612,1.19864,3083
2026-03-25 02:00:00,1.19864,1.19903,1.19808,1.19855,3140
2026-03-25 03:00:00,1.19855,1.19934,1.19767,1.19799,7431
2026-03-25 04:00:00,1.19799,1.19853,1.19671,1.19783,9056
2026-03-25 05:00:00,1.19785,1.19813,1.19697,1.19702,6287
2026-03-25 06:00:00,1.19701,1.1982,1.19699,1.19816,4693
2026-03-25 07:00:00,1.19816,1.19923,1.19804,1.19907,3088
2026-03-25 08:00:00,1.19905,1.20009,1.1989,1.19958,4935
2026-03-25 09:00:00,1.19958,1.19972,1.19925,1.19948,4470
2026-03-25 10:00:00,1.19948,1.19948,1.19768,1.19796,5882
2026-03-25 11:00:00,1.19798,1.19901,1.19756,1.19768,8653
2026-03-25 12:00:00,1.19768,1.19821,1.19736,1.19775,6819
2026-03-25 13:00:00,1.19775,1.19795,1.19709,1.19723,6311
2026-03-25 14:00:00,1.19723,1.19723,1.19629,1.19631,6596
2026-03-25 15:00:00,1.19632,1.19674,1.1959,1.19633,10421
2026-03-25 16:00:00,1.19631,1.19671,1.19613,1.19655,1143
2026-03-25 17:00:00,1.19706,1.19716,1.19675,1.19685,3522
2026-03-25 18:00:00,1.19683,1.19735,1.19575,1.19731,10935
2026-03-25 19:00:00,1.1973,1.19732,1.19618,1.19636,8818
2026-03-25 20:00:00,1.19638,1.19671,1.19603,1.19623,7551
2026-03-25 21:00:00,1.1962,1.19665,1.19586,1.19648,7112
2026-03-25 22:00:00,1.19644,1.19676,1.19598,1.19633,5653
2026-03-25 23:00:00,1.1963,1.19678,1.19615,1.19632,1718
2026-03-26 00:00:00,1.19628,1.1965,1.19379,1.1948,757
2026-03-26 01:00:00,1.19351,1.19722,1.19351,1.19656,2109
2026-03-26 02:00:00,1.19658,1.1966,1.19563,1.19577,2075
2026-03-26 03:00:00,1.19577,1.19716,1.19565,1.1962,4213
2026-03-26 04:00:00,1.19621,1.19678,1.19593,1.19649,6480
2026-03-26 05:00:00,1.19649,1.1968,1.19607,1.1964,4260
2026-03-26 06:00:00,1.19637,1.19718,1.19632,1.19703,3718
2026-03-26 07:00:00,1.19703,1.19775,1.19693,1.19751,2602
2026-03-26 08:00:00,1.19751,1.19818,1.19717,1.19802,4195
2026-03-26 09:00:00,1.19802,1.19897,1.19789,1.19894,4790
2026-03-26 10:00:00,1.19893,1.20012,1.1988,1.1997,5437
2026-03-26 11:00:00,1.1997,1.19987,1.19862,1.19966,7476
2026-03-26 12:00:00,1.19964,1.19981,1.19797,1.19811,5585
2026-03-26 13:00:00,1.19809,1.19831,1.19788,1.19803,4668
2026-03-26 14:00:00,1.19805,1.1983,1.19691,1.19707,4440
2026-03-26 15:00:00,1.19707,1.19717,1.19497,1.19498,5810
2026-03-26 16:00:00,1.19498,1.19608,1.19496,1.19604,7895
2026-03-26 17:00:00,1.19604,1.19632,1.19542,1.19596,9326
2026-03-26 18:00:00,1.19598,1.19662,1.19584,1.1963,8011
2026-03-26 19:00:00,1.1963,1.19651,1.19592,1.19611,5828
2026-03-26 20:00:00,1.19608,1.19648,1.1959,1.19592,5203
2026-03-26 21:00:00,1.19595,1.19654,1.19578,1.19634,4644
2026-03-26 22:00:00,1.19632,1.19634,1.19535,1.19536,3924
2026-03-26 23:00:00,1.19538,1.19684,1.19492,1.19498,5844
2026-03-27 00:00:00,1.19409,1.19618,1.19122,1.1938,1614
2026-03-27 01:00:00,1.1938,1.19608,1.19371,1.19601,1850
2026-03-27 02:00:00,1.19601,1.19622,1.19534,1.19547,2041
2026-03-27 03:00:00,1.19549,1.19577,1.19413,1.19424,5263
2026-03-27 04:00:00,1.19424,1.19507,1.19373,1.19451,5362
2026-03-27 05:00:00,1.19452,1.19507,1.19432,1.19471,3600
2026-03-27 06:00:00,1.19471,1.19651,1.19454,1.19638,3229
2026-03-27 07:00:00,1.19638,1.19673,1.1961,1.19659,2474
2026-03-27 08:00:00,1.19659,1.19676,1.19511,1.19526,3771
2026-03-27 09:00:00,1.19526,1.19605,1.19486,1.19547,4032
2026-03-27 10:00:00,1.19547,1.19556,1.19362,1.19521,4643
2026-03-27 11:00:00,1.19519,1.19585,1.19436,1.1958,5591
2026-03-27 12:00:00,1.19585,1.19589,1.19473,1.19507,5628
2026-03-27 13:00:00,1.19507,1.19549,1.19479,1.19549,4928
2026-03-27 14:00:00,1.19552,1.19607,1.19512,1.19601,4937
2026-03-27 15:00:00,1.19601,1.1974,1.19587,1.19693,5278
2026-03-27 16:00:00,1.19694,1.19717,1.1958,1.19582,7978
2026-03-27 17:00:00,1.19585,1.19664,1.19572,1.19655,8120
2026-03-27 18:00:00,1.19655,1.19667,1.19605,1.19648,8538
2026-03-27 19:00:00,1.19648,1.1968,1.1961,1.19667,5898
2026-03-27 20:00:00,1.19667,1.19724,1.19578,1.19647,6268
2026-03-27 21:00:00,1.19643,1.19683,1.19637,1.19682,4562
2026-03-27 22:00:00,1.19682,1.19687,1.19609,1.19626,3774
2026-03-27 23:00:00,1.19627,1.19708,1.19523,1.19553,3147
2026-03-30 00:00:00,1.19238,1.19585,1.19084,1.19552,1314
2026-03-30 01:00:00,1.19552,1.1962,1.19479,1.19527,3667
2026-03-30 02:00:00,1.19525,1.19623,1.19521,1.19615,4126
2026-03-30 03:00:00,1.1962,1.1962,1.19497,1.19556,7851
2026-03-30 04:00:00,1.19556,1.19594,1.19469,1.19531,5900
2026-03-30 05:00:00,1.19531,1.19741,1.19527,1.19699,4475
2026-03-30 06:00:00,1.19699,1.19745,1.19638,1.1973,3707
2026-03-30 07:00:00,1.19728,1.19748,1.19692,1.19712,2470
2026-03-30 08:00:00,1.19712,1.19725,1.19623,1.19653,3631
2026-03-30 09:00:00,1.19651,1.19682,1.19533,1.19543,4138
2026-03-30 10:00:00,1.19546,1.19635,1.19531,1.19626,4747
2026-03-30 11:00:00,1.19624,1.19778,1.19616,1.19765,4502
2026-03-30 12:00:00,1.19764,1.19872,1.19753,1.19858,4112
2026-03-30 13:00:00,1.1986,1.19955,1.19839,1.19844,3580
2026-03-30 14:00:00,1.19844,1.19894,1.19811,1.19889,5673
2026-03-30 15:00:00,1.19887,1.19915,1.19861,1.19891,5021
2026-03-30 16:00:00,1.19891,1.19917,1.19795,1.198,7038
2026-03-30 17:00:00,1.198,1.19917,1.1975,1.19915,8726
2026-03-30 18:00:00,1.19915,1.20035,1.19877,1.19995,6946
2026-03-30 19:00:00,1.19997,1.19998,1.199,1.19906,5110
2026-03-30 20:00:00,1.19906,1.19946,1.19887,1.19924,4836
2026-03-30 21:00:00,1.19918,1.19931,1.19833,1.19849,4568
2026-03-30 22:00:00,1.19846,1.19854,1.19777,1.1981,4101
2026-03-30 23:00:00,1.19809,1.19817,1.19723,1.19751,1623
2026-03-31 00:00:00,1.19738,1.19747,1.19506,1.19679,1261
2026-03-31 01:00:00,1.19679,1.1984,1.19663,1.19838,1403
2026-03-31 02:00:00,1.19838,1.19839,1.19725,1.19739,2209
2026-03-31 03:00:00,1.19739,1.19855,1.19721,1.19823,7388
2026-03-31 04:00:00,1.19823,1.19911,1.19804,1.19891,8037
2026-03-31 05:00:00,1.19891,1.19917,1.19827,1.19827,5290
2026-03-31 06:00:00,1.19832,1.1987,1.19787,1.19817,4370
2026-03-31 07:00:00,1.19815,1.19917,1.19766,1.19893,3461
2026-03-31 08:00:00,1.19893,1.1998,1.19871,1.19943,4152
2026-03-31 09:00:00,1.19943,1.19973,1.19879,1.19954,4732
2026-03-31 10:00:00,1.19956,1.20142,1.19936,1.20119,5407
2026-03-31 11:00:00,1.20116,1.20128,1.20031,1.20064,4970
2026-03-31 12:00:00,1.20068,1.2015,1.20056,1.20124,4654
2026-03-31 13:00:00,1.20121,1.20194,1.20064,1.20122,3934
2026-03-31 14:00:00,1.20122,1.20241,1.20106,1.20181,6863
2026-03-31 15:00:00,1.20181,1.20245,1.20104,1.20141,7709
2026-03-31 16:00:00,1.20142,1.20176,1.20006,1.20017,7364
2026-03-31 17:00:00,1.20026,1.20091,1.19954,1.2008,8889
2026-03-31 18:00:00,1.20077,1.20168,1.20044,1.20058,8560
2026-03-31 19:00:00,1.20058,1.20229,1.20048,1.20168,8518
2026-03-31 20:00:00,1.20171,1.20201,1.20087,1.20145,10002
2026-03-31 21:00:00,1.20136,1.20156,1.20054,1.20054,6653
2026-03-31 22:00:00,1.2006,1.20095,1.20038,1.20068,5553
2026-03-31 23:00:00,1.20067,1.20103,1.20036,1.20047,2449
2026-04-01 01:00:00,1.20122,1.20166,1.2012,1.2015,267
2026-04-01 02:00:00,1.20148,1.20241,1.20123,1.20237,1785
2026-04-01 03:00:00,1.20238,1.204,1.20212,1.20392,4472
2026-04-01 04:00:00,1.20392,1.20479,1.2036,1.20419,5790
2026-04-01 05:00:00,1.20419,1.20472,1.20398,1.2044,4179
2026-04-01 06:00:00,1.20439,1.20503,1.20398,1.20432,3287
2026-04-01 07:00:00,1.20432,1.20439,1.20296,1.20299,2633
2026-04-01 08:00:00,1.20299,1.20356,1.20213,1.20223,2914
2026-04-01 09:00:00,1.20223,1.20364,1.20197,1.20358,6572
2026-04-01 10:00:00,1.20358,1.20478,1.20308,1.20449,7041
2026-04-01 11:00:00,1.20444,1.20538,1.20391,1.20413,6351
2026-04-01 12:00:00,1.20418,1.2043,1.20334,1.20376,5625
2026-04-01 13:00:00,1.20377,1.20426,1.20353,1.20387,5206
2026-04-01 14:00:00,1.20389,1.20469,1.20388,1.20451,3809
2026-04-01 15:00:00,1.20449,1.20534,1.20389,1.20451,6733
2026-04-01 16:00:00,1.20451,1.20512,1.20415,1.20436,8687
2026-04-01 17:00:00,1.20389,1.20498,1.20365,1.20384,9346
2026-04-01 18:00:00,1.20391,1.20412,1.20318,1.20355,6892
2026-04-01 19:00:00,1.20353,1.20374,1.20311,1.20325,4678
2026-04-01 20:00:00,1.20327,1.20382,1.20325,1.20358,4036
2026-04-01 21:00:00,1.20357,1.20394,1.20336,1.20382,5788
2026-04-01 22:00:00,1.20381,1.20427,1.20362,1.20377,4974
2026-04-01 23:00:00,1.2038,1.20414,1.20374,1.20407,1457
2026-04-02 00:00:00,1.20383,1.20418,1.20167,1.20354,658
2026-04-02 01:00:00,1.20354,1.20446,1.20343,1.20378,1607
2026-04-02 02:00:00,1.20379,1.20489,1.20363,1.20424,1639
2026-04-02 03:00:00,1.20424,1.20488,1.20379,1.20419,5111
2026-04-02 04:00:00,1.20418,1.20529,1.20262,1.20341,12275
2026-04-02 05:00:00,1.20342,1.20448,1.2033,1.20429,7123
2026-04-02 06:00:00,1.20429,1.2047,1.20399,1.20467,4446
2026-04-02 07:00:00,1.20469,1.20479,1.20403,1.20469,3495
2026-04-02 08:00:00,1.20469,1.20551,1.20383,1.204,4228
2026-04-02 09:00:00,1.20401,1.2049,1.20345,1.20345,5405
2026-04-02 10:00:00,1.20347,1.20446,1.20336,1.20431,5112
2026-04-02 11:00:00,1.20434,1.20446,1.20352,1.20376,4879
2026-04-02 12:00:00,1.20376,1.20378,1.20293,1.20306,4492
2026-04-02 13:00:00,1.20306,1.20336,1.20286,1.2032,4615
2026-04-02 14:00:00,1.20313,1.20386,1.20313,1.20359,4138
2026-04-02 15:00:00,1.20361,1.2052,1.20354,1.20485,5148
2026-04-02 16:00:00,1.20487,1.20554,1.20446,1.20523,7559
2026-04-02 17:00:00,1.20523,1.20684,1.20461,1.20665,9695
2026-04-02 18:00:00,1.20663,1.20696,1.2061,1.20675,8977
2026-04-02 19:00:00,1.20675,1.20741,1.20657,1.20725,6315
2026-04-02 20:00:00,1.20721,1.2077,1.20712,1.20751,4597
2026-04-02 21:00:00,1.20756,1.20767,1.20733,1.20745,4370
2026-04-02 22:00:00,1.20746,1.20821,1.20736,1.20805,3065
2026-04-02 23:00:00,1.20807,1.20922,1.20798,1.20856,1612
2026-04-03 00:00:00,1.20819,1.20851,1.20548,1.20664,1860
2026-04-03 01:00:00,1.20664,1.20895,1.20655,1.20866,814
2026-04-03 02:00:00,1.20866,1.2089,1.20854,1.20884,420
2026-04-03 03:00:00,1.20884,1.20938,1.20873,1.2092,1233
2026-04-03 04:00:00,1.2092,1.20957,1.20904,1.20953,1285
2026-04-03 05:00:00,1.20953,1.20989,1.20925,1.20987,1284
2026-04-03 06:00:00,1.20987,1.21001,1.20946,1.20966,711
2026-04-03 07:00:00,1.20966,1.21004,1.20955,1.20992,772
2026-04-03 08:00:00,1.2099,1.21017,1.20972,1.20994,915
2026-04-03 09:00:00,1.20994,1.2102,1.20972,1.21014,1162
2026-04-03 10:00:00,1.21015,1.21049,1.20999,1.21011,1360
2026-04-03 11:00:00,1.21009,1.21079,1.21008,1.21072,1311
2026-04-03 12:00:00,1.21073,1.21075,1.20998,1.20999,1379
2026-04-03 13:00:00,1.20997,1.2101,1.20969,1.20985,1339
2026-04-03 14:00:00,1.20986,1.20988,1.2092,1.20936,1564
2026-04-03 15:00:00,1.20937,1.21119,1.20817,1.20981,4261
2026-04-03 16:00:00,1.20979,1.21031,1.20957,1.21003,1967
2026-04-03 17:00:00,1.21003,1.21052,1.20995,1.21049,1743
2026-04-03 18:00:00,1.21051,1.21064,1.20986,1.21023,3398
2026-04-03 19:00:00,1.21023,1.21095,1.21012,1.21039,3132
2026-04-03 20:00:00,1.21041,1.21098,1.20964,1.21089,2228
2026-04-03 21:00:00,1.21094,1.21097,1.21055,1.21072,1307
2026-04-03 22:00:00,1.21063,1.21198,1.2087,1.2091,1643
2026-04-03 23:00:00,1.2091,1.21156,1.20546,1.2112,253
2026-04-06 00:00:00,1.20832,1.20858,1.20725,1.2084,325
2026-04-06 01:00:00,1.2084,1.21185,1.208,1.21096,3774
2026-04-06 02:00:00,1.21097,1.21129,1.21064,1.21088,2307
2026-04-06 03:00:00,1.2109,1.21133,1.21074,1.21095,4230
2026-04-06 04:00:00,1.21095,1.2119,1.2108,1.21165,2640
2026-04-06 05:00:00,1.21163,1.21199,1.21107,1.21114,4170
2026-04-06 06:00:00,1.21114,1.21152,1.21089,1.21134,3577
2026-04-06 07:00:00,1.21134,1.21151,1.21097,1.21139,2699
2026-04-06 08:00:00,1.21139,1.21152,1.2111,1.21122,2873
2026-04-06 09:00:00,1.21122,1.21141,1.21087,1.21115,3877
2026-04-06 10:00:00,1.21115,1.21115,1.21045,1.21072,4506
2026-04-06 11:00:00,1.2107,1.21133,1.21034,1.21081,5186
2026-04-06 12:00:00,1.21082,1.21143,1.21069,1.21086,3987
2026-04-06 13:00:00,1.21088,1.21125,1.2106,1.21117,3823
2026-04-06 14:00:00,1.21117,1.21141,1.21071,1.21112,3803
2026-04-06 15:00:00,1.21114,1.21114,1.21073,1.211,4030
2026-04-06 16:00:00,1.21099,1.21162,1.21068,1.2114,6072
2026-04-06 17:00:00,1.21124,1.21169,1.20952,1.21025,8749
2026-04-06 18:00:00,1.21025,1.2105,1.20965,1.20979,6418
2026-04-06 19:00:00,1.20979,1.21014,1.20959,1.21012,4507
2026-04-06 20:00:00,1.2101,1.2106,1.20999,1.21057,5699
2026-04-06 21:00:00,1.21058,1.2109,1.21027,1.21079,4762
2026-04-06 22:00:00,1.21077,1.21109,1.21066,1.2109,2248
2026-04-06 23:00:00,1.21095,1.21117,1.21074,1.21091,1294
2026-04-07 00:00:00,1.2105,1.21087,1.20582,1.20959,631
2026-04-07 01:00:00,1.20969,1.21128,1.20965,1.21097,1617
2026-04-07 02:00:00,1.21097,1.21106,1.21041,1.21049,1231
2026-04-07 03:00:00,1.21051,1.2123,1.21025,1.21135,4475
2026-04-07 04:00:00,1.21135,1.21253,1.211,1.21243,6063
2026-04-07 05:00:00,1.21243,1.21299,1.21201,1.21291,3758
2026-04-07 06:00:00,1.21291,1.21301,1.21217,1.21281,2581
2026-04-07 07:00:00,1.21281,1.2131,1.21239,1.213,2867
2026-04-07 08:00:00,1.21297,1.21308,1.21268,1.2128,3027
2026-04-07 09:00:00,1.2128,1.21307,1.21251,1.21264,4199
2026-04-07 10:00:00,1.21264,1.2136,1.21235,1.21349,4816
2026-04-07 11:00:00,1.21349,1.21432,1.21309,1.21423,7193
2026-04-07 12:00:00,1.21427,1.21492,1.21381,1.21479,4577
2026-04-07 13:00:00,1.21479,1.21531,1.21441,1.2147,7537
2026-04-07 14:00:00,1.21469,1.21582,1.21435,1.21578,5271
2026-04-07 15:00:00,1.21578,1.21669,1.21535,1.21667,6118
2026-04-07 16:00:00,1.21667,1.21715,1.21557,1.21568,7468
2026-04-07 17:00:00,1.21566,1.21743,1.21522,1.21709,8256
2026-04-07 18:00:00,1.21711,1.21768,1.21644,1.21745,7630
2026-04-07 19:00:00,1.21748,1.21766,1.2168,1.21703,5860
2026-04-07 20:00:00,1.21703,1.21765,1.21682,1.21758,4880
2026-04-07 21:00:00,1.21758,1.21766,1.21721,1.21736,4093
2026-04-07 22:00:00,1.21738,1.21782,1.21717,1.21776,7338
2026-04-07 23:00:00,1.21778,1.21789,1.21645,1.21664,3626
2026-04-08 00:00:00,1.21507,1.21884,1.21417,1.2146,1956
2026-04-08 01:00:00,1.2147,1.21968,1.2147,1.21583,7035
2026-04-08 02:00:00,1.21591,1.21828,1.21491,1.21826,7942
2026-04-08 03:00:00,1.21823,1.21903,1.21742,1.21862,8846
2026-04-08 04:00:00,1.2186,1.21987,1.21833,1.21899,7561
2026-04-08 05:00:00,1.21871,1.21898,1.21507,1.21616,5484
2026-04-08 06:00:00,1.21614,1.21646,1.20994,1.21118,4990
2026-04-08 07:00:00,1.21116,1.21205,1.20926,1.21156,4723
2026-04-08 08:00:00,1.21156,1.21203,1.21039,1.21119,5106
2026-04-08 09:00:00,1.21119,1.21179,1.20947,1.21053,6951
2026-04-08 10:00:00,1.21053,1.21242,1.21027,1.21151,6916
2026-04-08 11:00:00,1.21154,1.21181,1.20962,1.21097,5751
2026-04-08 12:00:00,1.21097,1.21154,1.20919,1.2095,5321
2026-04-08 13:00:00,1.2095,1.21004,1.209,1.20906,4700
2026-04-08 14:00:00,1.20906,1.20967,1.20866,1.20923,5802
2026-04-08 15:00:00,1.20923,1.20938,1.2077,1.20826,7477
2026-04-08 16:00:00,1.20832,1.20902,1.20746,1.20823,8408
2026-04-08 17:00:00,1.20822,1.20915,1.2081,1.20907,9223
2026-04-08 18:00:00,1.20906,1.20998,1.20865,1.20989,7083
2026-04-08 19:00:00,1.20989,1.20994,1.20912,1.20977,5219
2026-04-08 20:00:00,1.20975,1.21015,1.20941,1.20987,4721
2026-04-08 21:00:00,1.20989,1.21009,1.20958,1.2099,6268
2026-04-08 22:00:00,1.20986,1.21052,1.20932,1.21037,5236
2026-04-08 23:00:00,1.21037,1.21047,1.20943,1.20952,1676
2026-04-09 00:00:00,1.20933,1.21008,1.20557,1.20948,796
2026-04-09 01:00:00,1.20948,1.21007,1.20915,1.20961,1398
2026-04-09 02:00:00,1.20961,1.20968,1.20836,1.20839,1289
2026-04-09 03:00:00,1.20839,1.20873,1.20781,1.20792,4858
2026-04-09 04:00:00,1.20793,1.20793,1.20585,1.20685,5168
2026-04-09 05:00:00,1.20685,1.2074,1.2067,1.20676,3433
2026-04-09 06:00:00,1.20674,1.20737,1.20667,1.20713,2686
2026-04-09 07:00:00,1.20713,1.20732,1.20678,1.20691,2098
2026-04-09 08:00:00,1.20693,1.20706,1.20633,1.20663,2947
2026-04-09 09:00:00,1.20659,1.20678,1.20598,1.20626,4769
2026-04-09 10:00:00,1.20629,1.20632,1.20471,1.20558,5053
2026-04-09 11:00:00,1.20556,1.20589,1.2048,1.20538,4444
2026-04-09 12:00:00,1.20538,1.20587,1.20493,1.20575,3518
2026-04-09 13:00:00,1.20578,1.20598,1.20514,1.20583,3876
2026-04-09 14:00:00,1.20586,1.20668,1.20567,1.20666,3851
2026-04-09 15:00:00,1.20666,1.20696,1.20583,1.20648,4695
2026-04-09 16:00:00,1.20648,1.20708,1.20598,1.20663,5710
2026-04-09 17:00:00,1.20661,1.2077,1.20584,1.20763,6986
2026-04-09 18:00:00,1.20761,1.20781,1.20691,1.20734,7452
2026-04-09 19:00:00,1.20733,1.208,1.20714,1.20774,5345
2026-04-09 20:00:00,1.20774,1.20822,1.20707,1.20816,4989
2026-04-09 21:00:00,1.20818,1.20893,1.20784,1.20877,4679
2026-04-09 22:00:00,1.20879,1.20913,1.20863,1.20892,2916
2026-04-09 23:00:00,1.20892,1.2092,1.20835,1.20846,1391
2026-04-10 00:00:00,1.20717,1.20873,1.20583,1.20682,612
2026-04-10 01:00:00,1.20682,1.20966,1.20682,1.20904,1712
2026-04-10 02:00:00,1.20904,1.20955,1.20872,1.20919,1149
2026-04-10 03:00:00,1.20922,1.20951,1.20875,1.20943,3003
2026-04-10 04:00:00,1.20942,1.20989,1.20896,1.20903,2845
2026-04-10 05:00:00,1.20903,1.20942,1.20886,1.20901,2635
2026-04-10 06:00:00,1.20901,1.20919,1.20798,1.20818,2369
2026-04-10 07:00:00,1.20818,1.20872,1.20816,1.20869,2014
2026-04-10 08:00:00,1.20867,1.20943,1.20844,1.20928,2175
2026-04-10 09:00:00,1.20931,1.20931,1.20801,1.20908,3510
2026-04-10 10:00:00,1.20909,1.20912,1.20851,1.20908,3489
2026-04-10 11:00:00,1.2091,1.20968,1.20901,1.20957,3715
2026-04-10 12:00:00,1.20958,1.21006,1.20926,1.20972,4732
2026-04-10 13:00:00,1.20968,1.20986,1.2092,1.2098,3314
2026-04-10 14:00:00,1.2098,1.20999,1.20942,1.20954,3443
2026-04-10 15:00:00,1.20956,1.20977,1.20688,1.20931,5162
2026-04-10 16:00:00,1.20931,1.20973,1.2082,1.20896,6446
2026-04-10 17:00:00,1.20897,1.21066,1.20829,1.21034,6496
2026-04-10 18:00:00,1.21032,1.21143,1.20982,1.21138,5846
2026-04-10 19:00:00,1.2114,1.21149,1.21099,1.21114,4677
2026-04-10 20:00:00,1.21114,1.21141,1.21096,1.21127,3178
2026-04-10 21:00:00,1.21127,1.21149,1.21075,1.21116,3329
2026-04-10 22:00:00,1.21116,1.21154,1.2109,1.21115,2607
2026-04-10 23:00:00,1.21115,1.21144,1.21011,1.21036,2362
2026-04-13 00:00:00,1.2042,1.20758,1.20284,1.20495,904
2026-04-13 01:00:00,1.20495,1.21035,1.20352,1.21002,5307
2026-04-13 02:00:00,1.21002,1.21013,1.20939,1.20948,2931
2026-04-13 03:00:00,1.2095,1.20964,1.20876,1.20892,4521
2026-04-13 04:00:00,1.20891,1.2093,1.20834,1.20889,4547
2026-04-13 05:00:00,1.20889,1.20919,1.20814,1.20838,3183
2026-04-13 06:00:00,1.20838,1.20872,1.20805,1.20822,2422
2026-04-13 07:00:00,1.20822,1.20843,1.20777,1.20787,2198
2026-04-13 08:00:00,1.20787,1.20882,1.20781,1.20835,2841
2026-04-13 09:00:00,1.20835,1.20875,1.20815,1.20842,3595
2026-04-13 10:00:00,1.20842,1.20904,1.20806,1.20886,4613
2026-04-13 11:00:00,1.20885,1.20969,1.20876,1.20957,3957
2026-04-13 12:00:00,1.20957,1.20959,1.20871,1.20886,3003
2026-04-13 13:00:00,1.20886,1.2092,1.20861,1.20886,2914
2026-04-13 14:00:00,1.20886,1.20909,1.20825,1.20896,4266
2026-04-13 15:00:00,1.20898,1.2092,1.20832,1.20888,5379
2026-04-13 16:00:00,1.2089,1.20953,1.20849,1.20914,6263
2026-04-13 17:00:00,1.20914,1.20956,1.20835,1.20842,7301
2026-04-13 18:00:00,1.20842,1.20914,1.20829,1.2089,6026
2026-04-13 19:00:00,1.2089,1.20916,1.20846,1.2089,6810
2026-04-13 20:00:00,1.20892,1.20924,1.20879,1.20917,3823
2026-04-13 21:00:00,1.20917,1.20931,1.20878,1.20878,3249
2026-04-13 22:00:00,1.20876,1.20941,1.20874,1.20929,3225
2026-04-13 23:00:00,1.20931,1.20953,1.2092,1.20926,1323
2026-04-14 00:00:00,1.20848,1.20931,1.20707,1.20731,747
2026-04-14 01:00:00,1.20731,1.21004,1.20717,1.20964,1419
2026-04-14 02:00:00,1.20964,1.20969,1.2087,1.20912,1351
2026-04-14 03:00:00,1.20912,1.20912,1.20821,1.20863,3614
2026-04-14 04:00:00,1.20861,1.20891,1.20833,1.20862,3373
2026-04-14 05:00:00,1.20862,1.20876,1.20825,1.20842,2554
2026-04-14 06:00:00,1.20844,1.20874,1.20726,1.20767,2107
2026-04-14 07:00:00,1.20769,1.20786,1.2069,1.20705,1787
2026-04-14 08:00:00,1.20705,1.2071,1.20588,1.20588,2715
2026-04-14 09:00:00,1.20588,1.20603,1.20521,1.20578,4016
2026-04-14 10:00:00,1.20577,1.20619,1.20422,1.20523,5903
2026-04-14 11:00:00,1.20525,1.20609,1.20498,1.20553,4151
2026-04-14 12:00:00,1.20556,1.2065,1.20549,1.20621,3753
2026-04-14 13:00:00,1.20619,1.20785,1.20618,1.20758,3931
2026-04-14 14:00:00,1.20758,1.20798,1.20692,1.20735,3745
2026-04-14 15:00:00,1.20736,1.20756,1.20612,1.20745,6065
2026-04-14 16:00:00,1.20742,1.20814,1.20717,1.20769,5753
2026-04-14 17:00:00,1.20767,1.20805,1.20715,1.20734,5972
2026-04-14 18:00:00,1.20734,1.20769,1.20689,1.20743,5637
2026-04-14 19:00:00,1.20743,1.20755,1.20704,1.20717,3398
2026-04-14 20:00:00,1.20719,1.20758,1.20703,1.20727,3257
2026-04-14 21:00:00,1.20726,1.20758,1.20704,1.20723,3685
2026-04-14 22:00:00,1.20719,1.20754,1.20712,1.20734,2604
2026-04-14 23:00:00,1.20732,1.20761,1.20722,1.2075,1482
2026-04-15 00:00:00,1.2056,1.20746,1.20176,1.20742,888
2026-04-15 01:00:00,1.20742,1.20781,1.20706,1.20767,1899
2026-04-15 02:00:00,1.20767,1.20794,1.20741,1.20773,1728
2026-04-15 03:00:00,1.20773,1.20789,1.20727,1.20746,2871
2026-04-15 04:00:00,1.20746,1.20829,1.20718,1.20822,3588
2026-04-15 05:00:00,1.20822,1.20899,1.2081,1.20893,2664
2026-04-15 06:00:00,1.20893,1.20896,1.2081,1.20824,1823
2026-04-15 07:00:00,1.20824,1.20892,1.20817,1.20878,1556
2026-04-15 08:00:00,1.20878,1.2093,1.20865,1.20908,3246
2026-04-15 09:00:00,1.20908,1.20991,1.20906,1.2096,3310
2026-04-15 10:00:00,1.20962,1.21112,1.2092,1.20972,4115
2026-04-15 11:00:00,1.20973,1.21001,1.20932,1.20954,3145
2026-04-15 12:00:00,1.20954,1.21057,1.2094,1.21053,4630
2026-04-15 13:00:00,1.21053,1.21114,1.20956,1.20966,4927
2026-04-15 14:00:00,1.20966,1.21048,1.20955,1.21031,4051
2026-04-15 15:00:00,1.21033,1.21072,1.20999,1.21068,5052
2026-04-15 16:00:00,1.2107,1.21189,1.21066,1.21167,5803
2026-04-15 17:00:00,1.21167,1.21206,1.21113,1.21201,5812
2026-04-15 18:00:00,1.21201,1.21253,1.21192,1.21208,5841
2026-04-15 19:00:00,1.21206,1.21226,1.21175,1.21207,4468
2026-04-15 20:00:00,1.21207,1.21279,1.21196,1.21275,3557
2026-04-15 21:00:00,1.21275,1.2129,1.21238,1.21274,3129
2026-04-15 22:00:00,1.21269,1.21276,1.21242,1.21263,2495
2026-04-15 23:00:00,1.21263,1.21279,1.21241,1.21247,1622
2026-04-16 00:00:00,1.21148,1.21295,1.21069,1.21182,1067
2026-04-16 01:00:00,1.21182,1.21307,1.2117,1.21247,1064
2026-04-16 02:00:00,1.21247,1.21386,1.21215,1.21381,1241
2026-04-16 03:00:00,1.21381,1.21381,1.21313,1.21367,3195
2026-04-16 04:00:00,1.21365,1.21449,1.21304,1.21434,3889
2026-04-16 05:00:00,1.21434,1.21544,1.21409,1.2146,3560
2026-04-16 06:00:00,1.2146,1.21535,1.21444,1.21523,2925
2026-04-16 07:00:00,1.21525,1.21565,1.21502,1.21543,2349
2026-04-16 08:00:00,1.21545,1.21583,1.21521,1.21544,2803
2026-04-16 09:00:00,1.21542,1.21615,1.21481,1.21613,3869
2026-04-16 10:00:00,1.21615,1.21705,1.21577,1.21676,4383
2026-04-16 11:00:00,1.21676,1.21718,1.21606,1.21703,4055
2026-04-16 12:00:00,1.21705,1.21731,1.21659,1.21708,2929
2026-04-16 13:00:00,1.21708,1.21737,1.21675,1.21704,2811
2026-04-16 14:00:00,1.21704,1.21763,1.21656,1.21668,3717
2026-04-16 15:00:00,1.21668,1.21785,1.21657,1.21756,4314
2026-04-16 16:00:00,1.21754,1.21849,1.2173,1.21787,5926
2026-04-16 17:00:00,1.21787,1.21831,1.21601,1.21605,7368
2026-04-16 18:00:00,1.21605,1.2168,1.21601,1.21628,5670
2026-04-16 19:00:00,1.21628,1.2165,1.21555,1.2161,5214
2026-04-16 20:00:00,1.21613,1.21629,1.21577,1.21614,5311
2026-04-16 21:00:00,1.21614,1.2162,1.21576,1.21609,5041
2026-04-16 22:00:00,1.21609,1.21609,1.21532,1.21596,2646
2026-04-16 23:00:00,1.21595,1.21604,1.21552,1.21557,1376
2026-04-17 00:00:00,1.21468,1.21528,1.21244,1.21401,861
2026-04-17 01:00:00,1.21401,1.216,1.21401,1.21587,1396
2026-04-17 02:00:00,1.21587,1.21649,1.21565,1.21631,1245
2026-04-17 03:00:00,1.21631,1.21671,1.21595,1.21643,3504
2026-04-17 04:00:00,1.21644,1.21783,1.2164,1.21728,3018
2026-04-17 05:00:00,1.21728,1.21771,1.21709,1.2173,1863
2026-04-17 06:00:00,1.2173,1.21772,1.21703,1.2175,1884
2026-04-17 07:00:00,1.2175,1.21771,1.21731,1.21745,1708
2026-04-17 08:00:00,1.21745,1.21773,1.21709,1.21743,2553
2026-04-17 09:00:00,1.21743,1.21818,1.21719,1.21754,3492
2026-04-17 10:00:00,1.21756,1.21807,1.21723,1.21801,3282
2026-04-17 11:00:00,1.21799,1.21851,1.21794,1.21828,2879
2026-04-17 12:00:00,1.21828,1.21866,1.218,1.21844,3219
2026-04-17 13:00:00,1.21842,1.21923,1.21817,1.21895,2455
2026-04-17 14:00:00,1.21895,1.21907,1.21834,1.21859,2531
2026-04-17 15:00:00,1.21858,1.21873,1.21786,1.21798,6565
2026-04-17 16:00:00,1.218,1.21908,1.21733,1.218,10768
2026-04-17 17:00:00,1.21801,1.21812,1.21659,1.21732,8245
2026-04-17 18:00:00,1.21734,1.21785,1.21635,1.21691,7932
2026-04-17 19:00:00,1.21691,1.21717,1.21659,1.21689,4285
2026-04-17 20:00:00,1.21687,1.21763,1.2168,1.21735,5706
2026-04-17 21:00:00,1.21735,1.21793,1.21696,1.21773,4645
2026-04-17 22:00:00,1.21775,1.21796,1.21734,1.21786,3452
2026-04-17 23:00:00,1.21785,1.21841,1.21668,1.21717,3165
2026-04-20 00:00:00,1.2141,1.21754,1.2136,1.21516,840
2026-04-20 01:00:00,1.21516,1.2182,1.21469,1.2171,4295
2026-04-20 02:00:00,1.2171,1.21745,1.21616,1.2164,3024
2026-04-20 03:00:00,1.21643,1.21696,1.2154,1.21674,5357
2026-04-20 04:00:00,1.21677,1.21695,1.21635,1.2164,4106
2026-04-20 05:00:00,1.2164,1.21714,1.21616,1.21692,3317
2026-04-20 06:00:00,1.21692,1.21726,1.21666,1.21692,2536
2026-04-20 07:00:00,1.21689,1.21728,1.21659,1.21722,2413
2026-04-20 08:00:00,1.21722,1.21802,1.21698,1.21788,3611
2026-04-20 09:00:00,1.21788,1.21842,1.21779,1.21816,4796
2026-04-20 10:00:00,1.21815,1.2192,1.21788,1.21821,5554
2026-04-20 11:00:00,1.21821,1.21832,1.21765,1.21788,5409
2026-04-20 12:00:00,1.21787,1.21795,1.21671,1.21722,4060
2026-04-20 13:00:00,1.21722,1.21754,1.21668,1.21719,3797
2026-04-20 14:00:00,1.21719,1.21784,1.21707,1.21713,4282
2026-04-20 15:00:00,1.21713,1.21785,1.21708,1.21762,4512
2026-04-20 16:00:00,1.21762,1.21775,1.21681,1.2171,6836
2026-04-20 17:00:00,1.21708,1.21825,1.2167,1.21705,7007
2026-04-20 18:00:00,1.21705,1.21791,1.2168,1.21781,6538
2026-04-20 19:00:00,1.21779,1.21824,1.21743,1.21773,4571
2026-04-20 20:00:00,1.21773,1.21827,1.21741,1.21825,3169
2026-04-20 21:00:00,1.21825,1.21865,1.2179,1.21861,3132
2026-04-20 22:00:00,1.21864,1.21864,1.21814,1.21846,2023
2026-04-20 23:00:00,1.21846,1.21896,1.21818,1.21841,1436
2026-04-21 00:00:00,1.21784,1.21872,1.21709,1.21726,841
2026-04-21 01:00:00,1.21726,1.21943,1.21434,1.21438,1983
2026-04-21 02:00:00,1.21437,1.21513,1.21374,1.21474,1825
2026-04-21 03:00:00,1.21472,1.21476,1.21292,1.21321,4034
2026-04-21 04:00:00,1.21321,1.21379,1.21203,1.21239,4169
2026-04-21 05:00:00,1.21239,1.21335,1.21237,1.21309,3022
2026-04-21 06:00:00,1.21309,1.21479,1.21306,1.21368,2604
2026-04-21 07:00:00,1.21366,1.21384,1.21302,1.21346,1655
2026-04-21 08:00:00,1.21346,1.21358,1.21243,1.21284,2719
2026-04-21 09:00:00,1.21284,1.21297,1.21111,1.2112,3643
2026-04-21 10:00:00,1.2112,1.2121,1.21106,1.21126,4068
2026-04-21 11:00:00,1.21128,1.21251,1.21117,1.21207,4937
2026-04-21 12:00:00,1.21207,1.21224,1.21141,1.21166,3220
2026-04-21 13:00:00,1.21166,1.21263,1.21164,1.21236,2334
2026-04-21 14:00:00,1.21236,1.2127,1.21177,1.21209,3437
2026-04-21 15:00:00,1.21209,1.21272,1.21184,1.21269,5272
2026-04-21 16:00:00,1.2127,1.21339,1.21226,1.21269,5694
2026-04-21 17:00:00,1.21267,1.21425,1.21256,1.21408,6851
2026-04-21 18:00:00,1.21408,1.21421,1.21287,1.21325,7779
2026-04-21 19:00:00,1.21325,1.21338,1.21242,1.2133,5597
2026-04-21 20:00:00,1.21328,1.21374,1.2128,1.21344,7598
2026-04-21 21:00:00,1.21342,1.21408,1.21333,1.21353,6000
2026-04-21 22:00:00,1.21355,1.21462,1.21332,1.21446,7839
2026-04-21 23:00:00,1.21449,1.2149,1.2132,1.21363,5077
2026-04-22 00:00:00,1.21256,1.21426,1.20982,1.21329,1187
2026-04-22 01:00:00,1.21365,1.21407,1.21337,1.21346,1628
2026-04-22 02:00:00,1.21346,1.21357,1.2132,1.21335,1542
2026-04-22 03:00:00,1.21335,1.21345,1.21212,1.21264,3869
2026-04-22 04:00:00,1.21264,1.21284,1.21203,1.21231,3671
2026-04-22 05:00:00,1.21231,1.21245,1.21183,1.21194,2797
2026-04-22 06:00:00,1.21194,1.21234,1.21147,1.21149,2303
2026-04-22 07:00:00,1.21149,1.21205,1.2113,1.21194,2173
2026-04-22 08:00:00,1.21194,1.21222,1.21165,1.21181,4007
2026-04-22 09:00:00,1.21179,1.21218,1.21147,1.21177,3051
2026-04-22 10:00:00,1.21146,1.21155,1.21065,1.21098,3928
2026-04-22 11:00:00,1.2109,1.21129,1.2106,1.21091,4702
2026-04-22 12:00:00,1.21091,1.21164,1.21074,1.2115,3894
2026-04-22 13:00:00,1.21148,1.21168,1.21118,1.21141,3626
2026-04-22 14:00:00,1.21143,1.21164,1.21083,1.21108,3896
2026-04-22 15:00:00,1.21108,1.21175,1.21087,1.21157,4278
2026-04-22 16:00:00,1.21157,1.2119,1.21082,1.21082,6752
2026-04-22 17:00:00,1.21084,1.21179,1.21051,1.21158,6656
2026-04-22 18:00:00,1.2116,1.21201,1.21134,1.21184,5813
2026-04-22 19:00:00,1.21184,1.21235,1.2118,1.21211,4256
2026-04-22 20:00:00,1.21211,1.21235,1.21186,1.2121,3478
2026-04-22 21:00:00,1.2121,1.21238,1.21199,1.2123,3292
2026-04-22 22:00:00,1.2123,1.21234,1.21177,1.21228,2728
2026-04-22 23:00:00,1.21228,1.21259,1.21218,1.21236,1554
2026-04-23 00:00:00,1.21219,1.21219,1.20764,1.21105,978
2026-04-23 01:00:00,1.21105,1.21268,1.21079,1.21236,1217
2026-04-23 02:00:00,1.21234,1.21244,1.21203,1.21208,971
2026-04-23 03:00:00,1.21208,1.21283,1.21171,1.2125,7170
2026-04-23 04:00:00,1.2125,1.21273,1.21181,1.21263,5319
2026-04-23 05:00:00,1.21265,1.21307,1.21223,1.21297,5797
2026-04-23 06:00:00,1.21297,1.21452,1.21293,1.21445,4417
2026-04-23 07:00:00,1.21445,1.2148,1.21419,1.21444,2787
2026-04-23 08:00:00,1.21444,1.21491,1.21415,1.21481,3082
2026-04-23 09:00:00,1.21482,1.21496,1.21451,1.21488,3531
2026-04-23 10:00:00,1.21487,1.21504,1.21426,1.21467,4266
2026-04-23 11:00:00,1.21469,1.21533,1.21441,1.21523,4990
2026-04-23 12:00:00,1.21523,1.21603,1.21521,1.21572,4547
2026-04-23 13:00:00,1.21571,1.21595,1.21428,1.21481,4455
2026-04-23 14:00:00,1.21481,1.21542,1.21459,1.21475,4678
2026-04-23 15:00:00,1.21475,1.21602,1.21465,1.21588,6721
2026-04-23 16:00:00,1.21588,1.21741,1.21582,1.21726,6253
2026-04-23 17:00:00,1.21726,1.21732,1.21652,1.21724,6823
2026-04-23 18:00:00,1.21722,1.21762,1.21682,1.2174,6898
2026-04-23 19:00:00,1.2174,1.2179,1.21732,1.21779,3948
2026-04-23 20:00:00,1.21781,1.21812,1.21674,1.21747,9955
2026-04-23 21:00:00,1.21756,1.21803,1.21735,1.21766,7188
2026-04-23 22:00:00,1.21765,1.2182,1.21737,1.2177,4904
2026-04-23 23:00:00,1.21769,1.21839,1.21755,1.21762,2574
2026-04-24 00:00:00,1.21702,1.21737,1.2121,1.21726,1312
2026-04-24 01:00:00,1.21726,1.21808,1.21719,1.21795,1077
2026-04-24 02:00:00,1.21795,1.21834,1.21772,1.21801,1369
2026-04-24 03:00:00,1.21799,1.21808,1.21739,1.21758,4320
2026-04-24 04:00:00,1.21757,1.21767,1.21668,1.21718,4448
2026-04-24 05:00:00,1.21717,1.21761,1.21673,1.21756,3987
2026-04-24 06:00:00,1.21756,1.21836,1.21755,1.2182,3773
2026-04-24 07:00:00,1.2182,1.2182,1.21713,1.21725,2928
2026-04-24 08:00:00,1.21726,1.21827,1.217,1.218,3270
2026-04-24 09:00:00,1.218,1.21834,1.21744,1.21826,3793
2026-04-24 10:00:00,1.21823,1.21851,1.21797,1.21839,3085
2026-04-24 11:00:00,1.21838,1.21863,1.21733,1.21773,4948
2026-04-24 12:00:00,1.21773,1.21779,1.21707,1.21746,3972
2026-04-24 13:00:00,1.21744,1.21788,1.21713,1.21734,2925
2026-04-24 14:00:00,1.21734,1.21741,1.21622,1.21626,7040
2026-04-24 15:00:00,1.21626,1.21638,1.21552,1.2156,5597
2026-04-24 16:00:00,1.21565,1.21629,1.21539,1.21588,6909
2026-04-24 17:00:00,1.21585,1.21655,1.21514,1.2164,7998
2026-04-24 18:00:00,1.21639,1.2168,1.21618,1.21654,6604
2026-04-24 19:00:00,1.21654,1.21667,1.21629,1.21632,4188
2026-04-24 20:00:00,1.21632,1.21652,1.21611,1.21617,3696
2026-04-24 21:00:00,1.21617,1.21632,1.21592,1.21602,2976
2026-04-24 22:00:00,1.21602,1.21608,1.21574,1.21585,2352
2026-04-24 23:00:00,1.21583,1.21603,1.21528,1.21566,2011
