Datetime,Open,High,Low,Close,Volume
2022-01-03 00:00:00+00:00,1.1372900000000001,1.1375700000000002,1.13707,1.1370900000000002,0
2022-01-03 00:15:00+00:00,1.137085,1.1371099999999998,1.1366550000000002,1.1366550000000002,0
2022-01-03 00:30:00+00:00,1.136655,1.136705,1.1360999999999999,1.1362700000000001,0
2022-01-03 00:45:00+00:00,1.1362649999999999,1.1363750000000001,1.13611,1.1362,0
2022-01-03 05:00:00+00:00,1.1340599999999998,1.1341299999999999,1.1339199999999998,1.134,0
2022-01-03 05:15:00+00:00,1.133975,1.1341,1.13366,1.13368,0
2022-01-03 05:30:00+00:00,1.1336650000000001,1.13407,1.13361,1.13407,0
2022-01-03 05:45:00+00:00,1.134085,1.13409,1.133725,1.1337899999999999,0
2022-01-05 03:00:00+00:00,1.129235,1.12934,1.12912,1.129295,0
2022-01-05 03:15:00+00:00,1.1292900000000001,1.1294300000000002,1.129185,1.12942,0
2022-01-05 03:30:00+00:00,1.1294149999999998,1.1296750000000002,1.129375,1.12946,0
2022-01-05 03:45:00+00:00,1.1294650000000002,1.1296849999999998,1.1294650000000002,1.1295799999999998,0
2022-01-05 13:00:00+00:00,1.1307900000000002,1.13185,1.13057,1.13182,0
2022-01-05 13:15:00+00:00,1.131825,1.1318350000000001,1.13032,1.1308349999999998,0
2022-01-05 13:30:00+00:00,1.13084,1.132275,1.13084,1.1322299999999998,0
2022-01-05 13:45:00+00:00,1.132235,1.13288,1.1321050000000001,1.1323949999999998,0
2022-01-06 06:00:00+00:00,1.130925,1.130925,1.13041,1.1304349999999999,0
2022-01-06 06:15:00+00:00,1.1304400000000001,1.13055,1.130115,1.13023,0
2022-01-06 06:30:00+00:00,1.13026,1.1305749999999999,1.1301299999999999,1.13056,0
2022-01-06 06:45:00+00:00,1.1305550000000002,1.1305550000000002,1.12962,1.1297199999999998,0
2022-01-06 12:00:00+00:00,1.131325,1.1313849999999999,1.130485,1.1311550000000001,0
2022-01-06 12:15:00+00:00,1.1311499999999999,1.13148,1.13084,1.1312799999999998,0
2022-01-06 12:30:00+00:00,1.1312799999999998,1.13184,1.131265,1.131555,0
2022-01-06 12:45:00+00:00,1.1315499999999998,1.13184,1.1311849999999999,1.1313300000000002,0
2022-01-06 18:00:00+00:00,1.129575,1.129785,1.129265,1.129385,0
2022-01-06 18:15:00+00:00,1.12939,1.12955,1.1291799999999999,1.1293799999999998,0
2022-01-06 18:30:00+00:00,1.129375,1.129515,1.12885,1.128895,0
2022-01-06 18:45:00+00:00,1.1289,1.12938,1.1288200000000002,1.129175,0
2022-01-07 02:00:00+00:00,1.130075,1.130175,1.1298949999999999,1.1300249999999998,0
2022-01-07 02:15:00+00:00,1.1300400000000002,1.130105,1.129915,1.1299199999999998,0
2022-01-07 02:30:00+00:00,1.129915,1.129925,1.129515,1.12961,0
2022-01-07 02:45:00+00:00,1.1296050000000002,1.129845,1.1295600000000001,1.129565,0
2022-01-07 15:00:00+00:00,1.13301,1.134085,1.132955,1.133985,0
2022-01-07 15:15:00+00:00,1.1339899999999998,1.134925,1.13378,1.134795,0
2022-01-07 15:30:00+00:00,1.1348,1.1348,1.1334849999999999,1.133765,0
2022-01-07 15:45:00+00:00,1.1337549999999998,1.134785,1.13367,1.134725,0
2022-01-09 23:00:00+00:00,1.1358,1.1361050000000001,1.1352449999999998,1.1352449999999998,0
2022-01-09 23:15:00+00:00,1.13524,1.1353550000000001,1.134985,1.135135,0
2022-01-09 23:30:00+00:00,1.13513,1.13551,1.1351200000000001,1.1354250000000001,0
2022-01-09 23:45:00+00:00,1.135435,1.135575,1.13516,1.135365,0
2022-01-10 19:00:00+00:00,1.1322450000000002,1.132325,1.132005,1.132255,0
2022-01-10 19:15:00+00:00,1.1322649999999999,1.13265,1.132235,1.132475,0
2022-01-10 19:30:00+00:00,1.13249,1.1326900000000002,1.1324049999999999,1.1326399999999999,0
2022-01-10 19:45:00+00:00,1.132635,1.1327099999999999,1.1320350000000001,1.1323349999999999,0
2022-01-11 02:00:00+00:00,1.1336499999999998,1.133965,1.1334650000000002,1.1338949999999999,0
2022-01-11 02:15:00+00:00,1.133905,1.134375,1.1339000000000001,1.134325,0
2022-01-11 02:30:00+00:00,1.1343299999999998,1.1343649999999998,1.1340599999999998,1.13414,0
2022-01-11 02:45:00+00:00,1.1341350000000001,1.1342150000000002,1.1337350000000002,1.13381,0
2022-01-12 01:00:00+00:00,1.1370900000000002,1.13721,1.1368999999999998,1.1368999999999998,0
2022-01-12 01:15:00+00:00,1.136895,1.136895,1.136545,1.1365500000000002,0
2022-01-12 01:30:00+00:00,1.136555,1.1369150000000001,1.13642,1.1368900000000002,0
2022-01-12 01:45:00+00:00,1.136905,1.1370149999999999,1.13676,1.137005,0
2022-01-12 20:00:00+00:00,1.1450049999999998,1.145095,1.1445249999999998,1.1446999999999998,0
2022-01-12 20:15:00+00:00,1.14472,1.14483,1.14458,1.1446550000000002,0
2022-01-12 20:30:00+00:00,1.1446649999999998,1.1446649999999998,1.144435,1.144545,0
2022-01-12 20:45:00+00:00,1.1445349999999999,1.14505,1.1445150000000002,1.1449850000000001,0
2022-01-17 03:00:00+00:00,1.1415950000000001,1.141705,1.141445,1.1415449999999998,0
2022-01-17 03:15:00+00:00,1.14157,1.141695,1.1414849999999999,1.141635,0
2022-01-17 03:30:00+00:00,1.141625,1.141855,1.141625,1.14178,0
2022-01-17 03:45:00+00:00,1.141785,1.141975,1.14178,1.141835,0
2022-01-17 15:00:00+00:00,1.141165,1.141165,1.1401400000000002,1.1403949999999998,0
2022-01-17 15:15:00+00:00,1.14036,1.1405750000000001,1.1397050000000002,1.13995,0
2022-01-17 15:30:00+00:00,1.139945,1.1405349999999999,1.1398350000000002,1.140275,0
2022-01-17 15:45:00+00:00,1.14025,1.140485,1.13995,1.1403949999999998,0
2022-01-18 21:00:00+00:00,1.131745,1.132615,1.13168,1.132485,0
2022-01-18 21:15:00+00:00,1.1324800000000002,1.132625,1.1323850000000002,1.1323949999999998,0
2022-01-18 21:30:00+00:00,1.1323850000000002,1.132555,1.13229,1.132555,0
2022-01-18 21:45:00+00:00,1.132575,1.1328200000000002,1.13254,1.13265,0
2022-01-18 22:00:00+00:00,1.1326749999999999,1.13279,1.1326100000000001,1.132655,0
2022-01-18 22:15:00+00:00,1.13265,1.1327349999999998,1.1325349999999998,1.132695,0
2022-01-18 22:30:00+00:00,1.1327099999999999,1.1328049999999998,1.132545,1.1327,0
2022-01-18 22:45:00+00:00,1.132705,1.1328200000000002,1.132695,1.1328049999999998,0
2022-01-19 01:00:00+00:00,1.13294,1.13299,1.13246,1.132485,0
2022-01-19 01:15:00+00:00,1.13249,1.1326049999999999,1.13201,1.13201,0
2022-01-19 01:30:00+00:00,1.132005,1.132415,1.1318899999999998,1.1322649999999999,0
2022-01-19 01:45:00+00:00,1.132295,1.13239,1.1320649999999999,1.13222,0
2022-01-19 06:00:00+00:00,1.1330149999999999,1.13305,1.132705,1.1329150000000001,0
2022-01-19 06:15:00+00:00,1.13292,1.13342,1.1329150000000001,1.13342,0
2022-01-19 06:30:00+00:00,1.133425,1.1336249999999999,1.1333449999999998,1.1335000000000002,0
2022-01-19 06:45:00+00:00,1.13351,1.13364,1.13334,1.1334300000000002,0
2022-01-19 17:00:00+00:00,1.134525,1.134795,1.134245,1.1347550000000002,0
2022-01-19 17:15:00+00:00,1.1347649999999998,1.135055,1.1342400000000001,1.134965,0
2022-01-19 17:30:00+00:00,1.13496,1.134965,1.1340599999999998,1.13429,0
2022-01-19 17:45:00+00:00,1.1342949999999998,1.13457,1.13402,1.1344150000000002,0
2022-01-20 04:00:00+00:00,1.1353550000000001,1.1353550000000001,1.1348449999999999,1.1349900000000002,0
2022-01-20 04:15:00+00:00,1.134985,1.1352,1.134875,1.1351149999999999,0
2022-01-20 04:30:00+00:00,1.1351049999999998,1.1352250000000002,1.1350099999999999,1.1350250000000002,0
2022-01-20 04:45:00+00:00,1.1350449999999999,1.135205,1.1350449999999999,1.135065,0
2022-01-20 09:00:00+00:00,1.1354700000000002,1.13568,1.13491,1.135,0
2022-01-20 09:15:00+00:00,1.135005,1.1353749999999998,1.1346150000000002,1.135065,0
2022-01-20 09:30:00+00:00,1.13507,1.1351,1.13479,1.134795,0
2022-01-20 09:45:00+00:00,1.134805,1.1349399999999998,1.13434,1.13476,0
2022-01-20 11:00:00+00:00,1.1345800000000001,1.13469,1.13366,1.1338650000000001,0
2022-01-20 11:15:00+00:00,1.1338650000000001,1.1339100000000002,1.13331,1.1338750000000002,0
2022-01-20 11:30:00+00:00,1.13387,1.134055,1.1335950000000001,1.13385,0
2022-01-20 11:45:00+00:00,1.133835,1.1341999999999999,1.133695,1.13402,0
2022-01-20 18:00:00+00:00,1.132735,1.1329500000000001,1.1321599999999998,1.132485,0
2022-01-20 18:15:00+00:00,1.132475,1.132685,1.132085,1.132145,0
2022-01-20 18:30:00+00:00,1.1321249999999998,1.132205,1.131475,1.131745,0
2022-01-20 18:45:00+00:00,1.13175,1.132095,1.131685,1.1317849999999998,0
2022-01-20 19:00:00+00:00,1.1317949999999999,1.13197,1.131645,1.1317249999999999,0
2022-01-20 19:15:00+00:00,1.131735,1.131865,1.131625,1.131805,0
2022-01-20 19:30:00+00:00,1.1317849999999998,1.13184,1.13131,1.131335,0
2022-01-20 19:45:00+00:00,1.1313300000000002,1.131395,1.1311550000000001,1.13124,0
2022-01-21 00:00:00+00:00,1.131305,1.13171,1.13129,1.131665,0
2022-01-21 00:15:00+00:00,1.13168,1.13172,1.1306500000000002,1.13066,0
2022-01-21 00:30:00+00:00,1.130645,1.13098,1.1304599999999998,1.130465,0
2022-01-21 00:45:00+00:00,1.1304750000000001,1.1305649999999998,1.13022,1.13039,0
2022-01-21 02:00:00+00:00,1.131735,1.131935,1.13156,1.13186,0
2022-01-21 02:15:00+00:00,1.1318549999999998,1.1319400000000002,1.1316899999999999,1.13193,0
2022-01-21 02:30:00+00:00,1.131935,1.1323249999999998,1.1318350000000001,1.1322800000000002,0
2022-01-21 02:45:00+00:00,1.13227,1.133515,1.1321150000000002,1.1334650000000002,0
2022-01-21 03:00:00+00:00,1.13346,1.1334650000000002,1.1326049999999999,1.13276,0
2022-01-21 03:15:00+00:00,1.13276,1.133105,1.1326649999999998,1.13287,0
2022-01-21 03:30:00+00:00,1.1328749999999999,1.132965,1.1326800000000001,1.132685,0
2022-01-21 03:45:00+00:00,1.1326800000000001,1.1327349999999998,1.132505,1.1325850000000002,0
2022-01-21 07:00:00+00:00,1.13292,1.133315,1.132425,1.133295,0
2022-01-21 07:15:00+00:00,1.13328,1.13367,1.133155,1.13348,0
2022-01-21 07:30:00+00:00,1.1335250000000001,1.133585,1.1329099999999999,1.1331250000000002,0
2022-01-21 07:45:00+00:00,1.133135,1.1332049999999998,1.1322649999999999,1.13287,0
2022-01-21 11:00:00+00:00,1.13389,1.1339299999999999,1.133305,1.1334499999999998,0
2022-01-21 11:15:00+00:00,1.133455,1.1335350000000002,1.1329349999999998,1.132965,0
2022-01-21 11:30:00+00:00,1.13297,1.1331449999999998,1.132565,1.1326749999999999,0
2022-01-21 11:45:00+00:00,1.1327150000000001,1.133035,1.132575,1.132975,0
2022-01-21 13:00:00+00:00,1.133785,1.1350099999999999,1.13374,1.1348449999999999,0
2022-01-21 13:15:00+00:00,1.134855,1.135055,1.134465,1.134585,0
2022-01-21 13:30:00+00:00,1.134595,1.134965,1.134265,1.1347200000000002,0
2022-01-21 13:45:00+00:00,1.13468,1.1351849999999999,1.134645,1.135005,0
2022-01-21 21:00:00+00:00,1.1341299999999999,1.13455,1.134085,1.1344750000000001,0
2022-01-21 21:15:00+00:00,1.13448,1.1345100000000001,1.134295,1.134295,0
2022-01-21 21:30:00+00:00,1.13429,1.13434,1.133935,1.1343,0
2022-01-21 21:45:00+00:00,1.1342949999999998,1.134485,1.13407,1.1343649999999998,0
2022-01-23 22:00:00+00:00,1.134255,1.13443,1.1342500000000002,1.134335,0
2022-01-23 22:15:00+00:00,1.134325,1.134385,1.1342,1.134255,0
2022-01-23 22:30:00+00:00,1.134255,1.1343299999999998,1.1341800000000002,1.1342249999999998,0
2022-01-23 22:45:00+00:00,1.13423,1.134325,1.134175,1.134175,0
2022-01-23 23:00:00+00:00,1.134195,1.13429,1.133675,1.13416,0
2022-01-23 23:15:00+00:00,1.134145,1.134515,1.13405,1.13424,0
2022-01-23 23:30:00+00:00,1.13423,1.134255,1.133975,1.13407,0
2022-01-23 23:45:00+00:00,1.13406,1.134225,1.13403,1.13412,0
2022-01-24 00:00:00+00:00,1.134115,1.134115,1.1333950000000002,1.13344,0
2022-01-24 00:15:00+00:00,1.133445,1.13353,1.1333449999999998,1.13342,0
2022-01-24 00:30:00+00:00,1.13341,1.1334849999999999,1.1332650000000002,1.1333449999999998,0
2022-01-24 00:45:00+00:00,1.13335,1.1340750000000002,1.133305,1.1338650000000001,0
2022-01-24 02:00:00+00:00,1.1337199999999998,1.13378,1.13337,1.13341,0
2022-01-24 02:15:00+00:00,1.133405,1.1335899999999999,1.13326,1.1333449999999998,0
2022-01-24 02:30:00+00:00,1.13334,1.13349,1.1332149999999999,1.13341,0
2022-01-24 02:45:00+00:00,1.133435,1.13353,1.1332200000000001,1.133235,0
2022-01-24 06:00:00+00:00,1.1318199999999998,1.132265,1.13164,1.1316950000000001,0
2022-01-24 06:15:00+00:00,1.1317,1.131885,1.131485,1.13158,0
2022-01-24 06:30:00+00:00,1.1315650000000002,1.132075,1.1315,1.131915,0
2022-01-24 06:45:00+00:00,1.1319249999999998,1.1323400000000001,1.1318199999999998,1.1323349999999999,0
2022-01-25 02:00:00+00:00,1.1316950000000001,1.1318549999999998,1.13157,1.13175,0
2022-01-25 02:15:00+00:00,1.1317650000000001,1.131845,1.1313849999999999,1.131395,0
2022-01-25 02:30:00+00:00,1.1314000000000002,1.131405,1.131015,1.13105,0
2022-01-25 02:45:00+00:00,1.131055,1.131555,1.13097,1.131285,0
2022-01-25 12:00:00+00:00,1.1272,1.12737,1.12677,1.127175,0
2022-01-25 12:15:00+00:00,1.1271650000000002,1.1274600000000001,1.127015,1.127215,0
2022-01-25 12:30:00+00:00,1.127205,1.1278350000000001,1.127205,1.1274549999999999,0
2022-01-25 12:45:00+00:00,1.12745,1.1275300000000001,1.126645,1.126785,0
2022-01-26 06:00:00+00:00,1.130455,1.1305100000000001,1.13035,1.130455,0
2022-01-26 06:15:00+00:00,1.130465,1.1305200000000002,1.130335,1.1304599999999998,0
2022-01-26 06:30:00+00:00,1.130465,1.1304750000000001,1.12988,1.12989,0
2022-01-26 06:45:00+00:00,1.1298949999999999,1.1299000000000001,1.12933,1.1293600000000001,0
2022-01-26 10:00:00+00:00,1.1286800000000001,1.1288200000000002,1.128165,1.128465,0
2022-01-26 10:15:00+00:00,1.1284800000000001,1.128555,1.12798,1.1282649999999999,0
2022-01-26 10:30:00+00:00,1.128275,1.12832,1.1278350000000001,1.1281949999999998,0
2022-01-26 10:45:00+00:00,1.1281750000000001,1.1281750000000001,1.127625,1.12817,0
2022-01-27 18:00:00+00:00,1.113905,1.1144150000000002,1.1136249999999999,1.1139549999999998,0
2022-01-27 18:15:00+00:00,1.113925,1.1142050000000001,1.11383,1.1140050000000001,0
2022-01-27 18:30:00+00:00,1.11398,1.114175,1.11358,1.1138750000000002,0
2022-01-27 18:45:00+00:00,1.113885,1.114675,1.113725,1.114455,0
2022-01-31 15:00:00+00:00,1.1189200000000001,1.1192199999999999,1.118335,1.1191849999999999,0
2022-01-31 15:15:00+00:00,1.119195,1.120815,1.1191849999999999,1.12077,0
2022-01-31 15:30:00+00:00,1.120775,1.121425,1.120205,1.120365,0
2022-01-31 15:45:00+00:00,1.12039,1.121795,1.120165,1.12107,0
2022-02-01 16:00:00+00:00,1.1247449999999999,1.12542,1.1245850000000002,1.124625,0
2022-02-01 16:15:00+00:00,1.124635,1.1251950000000002,1.124305,1.125165,0
2022-02-01 16:30:00+00:00,1.12515,1.125315,1.123645,1.123965,0
2022-02-01 16:45:00+00:00,1.123945,1.12418,1.12344,1.123915,0
2022-02-01 17:00:00+00:00,1.12392,1.1244049999999999,1.1238350000000001,1.12417,0
2022-02-01 17:15:00+00:00,1.124185,1.1249349999999998,1.12418,1.1247449999999999,0
2022-02-01 17:30:00+00:00,1.1247,1.124725,1.123605,1.123735,0
2022-02-01 17:45:00+00:00,1.12374,1.1245699999999998,1.12374,1.124495,0
2022-02-02 18:00:00+00:00,1.131125,1.1314350000000002,1.130925,1.131375,0
2022-02-02 18:15:00+00:00,1.1313749999999998,1.131395,1.1311550000000001,1.1312799999999998,0
2022-02-02 18:30:00+00:00,1.131285,1.13138,1.131025,1.131075,0
2022-02-02 18:45:00+00:00,1.131055,1.131065,1.1305999999999998,1.130935,0
2022-02-03 03:00:00+00:00,1.129915,1.1302249999999998,1.1297700000000002,1.130195,0
2022-02-03 03:15:00+00:00,1.1301899999999998,1.13071,1.13012,1.13063,0
2022-02-03 03:30:00+00:00,1.13062,1.13084,1.1304400000000001,1.130625,0
2022-02-03 03:45:00+00:00,1.13063,1.13066,1.1303649999999998,1.1304699999999999,0
2022-02-04 19:00:00+00:00,1.1454749999999998,1.1457899999999999,1.1454749999999998,1.1455950000000001,0
2022-02-04 19:15:00+00:00,1.1456149999999998,1.145625,1.145025,1.1451349999999998,0
2022-02-04 19:30:00+00:00,1.1451250000000002,1.1456050000000002,1.144925,1.1455899999999999,0
2022-02-04 19:45:00+00:00,1.145585,1.1456149999999998,1.144755,1.1448200000000002,0
2022-02-04 21:00:00+00:00,1.14547,1.145575,1.14521,1.1452550000000001,0
2022-02-04 21:15:00+00:00,1.1452499999999999,1.1452550000000001,1.1449099999999999,1.145045,0
2022-02-04 21:30:00+00:00,1.14505,1.1451950000000002,1.145025,1.145095,0
2022-02-04 21:45:00+00:00,1.1450900000000002,1.145255,1.14497,1.14497,0
2022-02-08 02:00:00+00:00,1.1435499999999998,1.14359,1.1428699999999998,1.1431900000000002,0
2022-02-08 02:15:00+00:00,1.143185,1.1431900000000002,1.1426850000000002,1.142995,0
2022-02-08 02:30:00+00:00,1.1429900000000002,1.14309,1.142725,1.1430500000000001,0
2022-02-08 02:45:00+00:00,1.1430449999999999,1.1431900000000002,1.14295,1.1430349999999998,0
2022-02-08 08:00:00+00:00,1.139895,1.1407850000000002,1.139865,1.14018,0
2022-02-08 08:15:00+00:00,1.14019,1.14071,1.139815,1.1401750000000002,0
2022-02-08 08:30:00+00:00,1.14018,1.14051,1.13988,1.14022,0
2022-02-08 08:45:00+00:00,1.140225,1.1409250000000002,1.1401949999999998,1.1405150000000002,0
2022-02-08 11:00:00+00:00,1.1428099999999999,1.14309,1.14245,1.1429749999999999,0
2022-02-08 11:15:00+00:00,1.14295,1.14295,1.1424699999999999,1.142535,0
2022-02-08 11:30:00+00:00,1.142525,1.142935,1.14223,1.142925,0
2022-02-08 11:45:00+00:00,1.14291,1.14336,1.1425100000000001,1.14263,0
2022-02-08 14:00:00+00:00,1.140885,1.1415449999999998,1.140555,1.14154,0
2022-02-08 14:15:00+00:00,1.1415449999999998,1.142375,1.141365,1.141375,0
2022-02-08 14:30:00+00:00,1.141355,1.142015,1.141235,1.141765,0
2022-02-08 14:45:00+00:00,1.141775,1.142015,1.140695,1.1408649999999998,0
2022-02-08 17:00:00+00:00,1.1414900000000001,1.1420249999999998,1.1414749999999998,1.141985,0
2022-02-08 17:15:00+00:00,1.1419700000000002,1.1422949999999998,1.141845,1.1421350000000001,0
2022-02-08 17:30:00+00:00,1.142145,1.1423450000000002,1.1418249999999999,1.141915,0
2022-02-08 17:45:00+00:00,1.14191,1.1422249999999998,1.141765,1.142075,0
2022-02-08 22:00:00+00:00,1.14164,1.14205,1.14155,1.14191,0
2022-02-08 22:15:00+00:00,1.1418650000000001,1.14209,1.14173,1.141815,0
2022-02-08 22:30:00+00:00,1.14184,1.14185,1.141695,1.1417950000000001,0
2022-02-08 22:45:00+00:00,1.1417799999999998,1.14193,1.14165,1.141775,0
2022-02-09 09:00:00+00:00,1.1422400000000001,1.14229,1.141785,1.141905,0
2022-02-09 09:15:00+00:00,1.14193,1.142375,1.14181,1.14223,0
2022-02-09 09:30:00+00:00,1.1422249999999998,1.142625,1.141965,1.14249,0
2022-02-09 09:45:00+00:00,1.1425049999999999,1.14279,1.1424949999999998,1.142655,0
2022-02-09 13:00:00+00:00,1.1437650000000001,1.1437650000000001,1.143125,1.143415,0
2022-02-09 13:15:00+00:00,1.143405,1.1436549999999999,1.1429749999999999,1.143405,0
2022-02-09 13:30:00+00:00,1.14341,1.1445349999999999,1.14314,1.144485,0
2022-02-09 13:45:00+00:00,1.144495,1.144595,1.143485,1.143575,0
2022-02-10 07:00:00+00:00,1.1422750000000002,1.14269,1.14214,1.142585,0
2022-02-10 07:15:00+00:00,1.14259,1.1428699999999998,1.14196,1.14196,0
2022-02-10 07:30:00+00:00,1.141965,1.1428699999999998,1.14196,1.14283,0
2022-02-10 07:45:00+00:00,1.1428250000000002,1.14288,1.1423100000000002,1.142875,0
2022-02-10 13:00:00+00:00,1.143665,1.144165,1.1435149999999998,1.1439050000000002,0
2022-02-10 13:15:00+00:00,1.14391,1.1439249999999999,1.143245,1.1437249999999999,0
2022-02-10 13:30:00+00:00,1.143715,1.1437300000000001,1.138515,1.13991,0
2022-02-10 13:45:00+00:00,1.1399,1.141155,1.13822,1.1408,0
2022-02-11 06:00:00+00:00,1.1386699999999998,1.1387450000000001,1.1382599999999998,1.13832,0
2022-02-11 06:15:00+00:00,1.1383450000000002,1.1384349999999999,1.1378750000000002,1.1380949999999999,0
2022-02-11 06:30:00+00:00,1.1381000000000001,1.1381800000000002,1.1375700000000002,1.1378050000000002,0
2022-02-11 06:45:00+00:00,1.1378149999999998,1.137955,1.1370149999999999,1.137595,0
2022-02-11 11:00:00+00:00,1.1397849999999998,1.1397849999999998,1.139275,1.1394250000000001,0
2022-02-11 11:15:00+00:00,1.13941,1.139685,1.1392449999999998,1.139415,0
2022-02-11 11:30:00+00:00,1.13941,1.139715,1.1390250000000002,1.139395,0
2022-02-11 11:45:00+00:00,1.1393900000000001,1.1399249999999999,1.139275,1.139485,0
2022-02-11 14:00:00+00:00,1.139065,1.139685,1.139015,1.139405,0
2022-02-11 14:15:00+00:00,1.13941,1.1400350000000001,1.13882,1.1389200000000002,0
2022-02-11 14:30:00+00:00,1.138895,1.1390850000000001,1.13802,1.138805,0
2022-02-11 14:45:00+00:00,1.138785,1.1396449999999998,1.138595,1.13884,0
2022-02-14 06:00:00+00:00,1.1351499999999999,1.135215,1.1346699999999998,1.1347800000000001,0
2022-02-14 06:15:00+00:00,1.134755,1.1348449999999999,1.13443,1.1348449999999999,0
2022-02-14 06:30:00+00:00,1.13483,1.1348449999999999,1.1342349999999999,1.1343299999999998,0
2022-02-14 06:45:00+00:00,1.13434,1.13456,1.1338949999999999,1.13445,0
2022-02-15 00:00:00+00:00,1.13059,1.131075,1.130335,1.131005,0
2022-02-15 00:15:00+00:00,1.1310099999999998,1.1312799999999998,1.1309200000000001,1.13116,0
2022-02-15 00:30:00+00:00,1.1311849999999999,1.1313300000000002,1.131065,1.13111,0
2022-02-15 00:45:00+00:00,1.131125,1.13123,1.1307999999999998,1.131195,0
2022-02-15 17:00:00+00:00,1.1362450000000002,1.1363050000000001,1.1357050000000002,1.1357650000000001,0
2022-02-15 17:15:00+00:00,1.1357750000000002,1.1357849999999998,1.1346150000000002,1.13477,0
2022-02-15 17:30:00+00:00,1.13475,1.1354549999999999,1.13469,1.1354250000000001,0
2022-02-15 17:45:00+00:00,1.1354350000000002,1.13599,1.1351049999999998,1.135885,0
2022-02-15 19:00:00+00:00,1.13554,1.136185,1.1354549999999999,1.136085,0
2022-02-15 19:15:00+00:00,1.1360999999999999,1.1361750000000002,1.135535,1.1357849999999998,0
2022-02-15 19:30:00+00:00,1.1357599999999999,1.1363850000000002,1.135745,1.136345,0
2022-02-15 19:45:00+00:00,1.136355,1.13636,1.135735,1.135945,0
2022-02-15 21:00:00+00:00,1.135845,1.135885,1.1356000000000002,1.1357300000000001,0
2022-02-15 21:15:00+00:00,1.1357400000000002,1.13593,1.13564,1.13572,0
2022-02-15 21:30:00+00:00,1.1357300000000001,1.13593,1.135685,1.1359050000000002,0
2022-02-15 21:45:00+00:00,1.135895,1.13599,1.1356000000000002,1.135895,0
2022-02-16 02:00:00+00:00,1.135205,1.135335,1.135025,1.135035,0
2022-02-16 02:15:00+00:00,1.13504,1.1353550000000001,1.134865,1.134875,0
2022-02-16 02:30:00+00:00,1.134865,1.134865,1.134515,1.13464,0
2022-02-16 02:45:00+00:00,1.134665,1.135015,1.134625,1.1347399999999999,0
2022-02-16 19:00:00+00:00,1.137695,1.1392950000000002,1.13703,1.1391749999999998,0
2022-02-16 19:15:00+00:00,1.139185,1.13959,1.1387450000000001,1.13913,0
2022-02-16 19:30:00+00:00,1.1391200000000001,1.1393550000000001,1.138355,1.1386349999999998,0
2022-02-16 19:45:00+00:00,1.138645,1.139055,1.138455,1.1390349999999998,0
2022-02-17 18:00:00+00:00,1.1359050000000002,1.136015,1.1357149999999998,1.1357849999999998,0
2022-02-17 18:15:00+00:00,1.1357750000000002,1.136415,1.135745,1.1363949999999998,0
2022-02-17 18:30:00+00:00,1.1363750000000001,1.136475,1.1361150000000002,1.1362549999999998,0
2022-02-17 18:45:00+00:00,1.13626,1.1364649999999998,1.136155,1.1362649999999999,0
2022-02-18 10:00:00+00:00,1.137115,1.137245,1.1362700000000001,1.1364450000000001,0
2022-02-18 10:15:00+00:00,1.1364299999999998,1.136845,1.13628,1.136625,0
2022-02-18 10:30:00+00:00,1.1366550000000002,1.1368649999999998,1.13649,1.1366749999999999,0
2022-02-18 10:45:00+00:00,1.1366649999999998,1.1366649999999998,1.1360649999999999,1.13611,0
2022-02-18 13:00:00+00:00,1.1360549999999998,1.136165,1.13525,1.135345,0
2022-02-18 13:15:00+00:00,1.1353499999999999,1.1358199999999998,1.134985,1.1351300000000002,0
2022-02-18 13:30:00+00:00,1.13514,1.136155,1.135,1.13586,0
2022-02-18 13:45:00+00:00,1.135865,1.135885,1.1347999999999998,1.1349200000000002,0
2022-02-18 16:00:00+00:00,1.1341350000000001,1.1342349999999999,1.131475,1.1322299999999998,0
2022-02-18 16:15:00+00:00,1.13224,1.133795,1.1322,1.1335350000000002,0
2022-02-18 16:30:00+00:00,1.1335250000000001,1.133795,1.132835,1.133125,0
2022-02-18 16:45:00+00:00,1.133135,1.133505,1.132565,1.132595,0
2022-02-20 22:00:00+00:00,1.132085,1.13267,1.1319,1.132245,0
2022-02-20 22:15:00+00:00,1.132225,1.132385,1.132155,1.13227,0
2022-02-20 22:30:00+00:00,1.132245,1.1323500000000002,1.13212,1.1321750000000002,0
2022-02-20 22:45:00+00:00,1.13215,1.13231,1.13199,1.13202,0
2022-02-20 23:00:00+00:00,1.1320350000000001,1.13224,1.131615,1.132205,0
2022-02-20 23:15:00+00:00,1.132215,1.1323699999999999,1.1314700000000002,1.131475,0
2022-02-20 23:30:00+00:00,1.13147,1.1317050000000002,1.131335,1.1316549999999999,0
2022-02-20 23:45:00+00:00,1.13166,1.13197,1.131625,1.1316549999999999,0
2022-02-21 00:00:00+00:00,1.13171,1.13192,1.131325,1.13184,0
2022-02-21 00:15:00+00:00,1.13191,1.132045,1.1314600000000001,1.1315300000000001,0
2022-02-21 00:30:00+00:00,1.1315499999999998,1.1320000000000001,1.13151,1.131945,0
2022-02-21 00:45:00+00:00,1.131925,1.133575,1.131865,1.13326,0
2022-02-21 01:00:00+00:00,1.13327,1.133675,1.1328049999999998,1.13342,0
2022-02-21 01:15:00+00:00,1.13344,1.1335950000000001,1.13306,1.13351,0
2022-02-21 01:30:00+00:00,1.13349,1.135005,1.1334650000000002,1.13484,0
2022-02-21 01:45:00+00:00,1.134865,1.1358000000000001,1.13486,1.13534,0
2022-02-21 02:00:00+00:00,1.13534,1.135665,1.1352950000000002,1.13557,0
2022-02-21 02:15:00+00:00,1.1355499999999998,1.135615,1.13534,1.135525,0
2022-02-21 02:30:00+00:00,1.1355300000000002,1.135805,1.1353550000000001,1.135545,0
2022-02-21 02:45:00+00:00,1.1355300000000002,1.1358199999999998,1.1354700000000002,1.1357249999999999,0
2022-02-21 03:00:00+00:00,1.1357149999999998,1.1359400000000002,1.13571,1.13588,0
2022-02-21 03:15:00+00:00,1.1358899999999998,1.13681,1.13588,1.1365500000000002,0
2022-02-21 03:30:00+00:00,1.13656,1.13656,1.1362100000000002,1.13622,0
2022-02-21 03:45:00+00:00,1.136215,1.13625,1.1360350000000001,1.136085,0
2022-02-21 04:00:00+00:00,1.1360700000000001,1.136275,1.13605,1.1360800000000002,0
2022-02-21 04:15:00+00:00,1.136075,1.1361599999999998,1.135865,1.1359,0
2022-02-21 04:30:00+00:00,1.1359050000000002,1.136165,1.13584,1.136165,0
2022-02-21 04:45:00+00:00,1.1361599999999998,1.13625,1.1359050000000002,1.1362299999999999,0
2022-02-21 05:00:00+00:00,1.136235,1.13645,1.1360899999999998,1.136225,0
2022-02-21 05:15:00+00:00,1.13622,1.136445,1.136205,1.1362800000000002,0
2022-02-21 05:30:00+00:00,1.1362700000000001,1.1362899999999998,1.13615,1.13617,0
2022-02-21 05:45:00+00:00,1.136165,1.1364450000000001,1.13613,1.1362649999999999,0
2022-02-21 06:00:00+00:00,1.13626,1.1365699999999999,1.1362450000000002,1.1364,0
2022-02-21 06:15:00+00:00,1.136415,1.136975,1.13639,1.136925,0
2022-02-21 06:30:00+00:00,1.136905,1.136955,1.136545,1.136775,0
2022-02-21 06:45:00+00:00,1.1367699999999998,1.1369250000000002,1.1366399999999999,1.1368999999999998,0
2022-02-21 07:00:00+00:00,1.136905,1.137505,1.13681,1.13735,0
2022-02-21 07:15:00+00:00,1.137355,1.1375250000000001,1.137085,1.1375250000000001,0
2022-02-21 07:30:00+00:00,1.13753,1.13789,1.1373350000000002,1.13758,0
2022-02-21 07:45:00+00:00,1.1375950000000001,1.1378949999999999,1.137365,1.137365,0
2022-02-21 08:00:00+00:00,1.1373600000000001,1.1382249999999998,1.1373449999999998,1.13774,0
2022-02-21 08:15:00+00:00,1.1377950000000001,1.139065,1.13758,1.13774,0
2022-02-21 08:30:00+00:00,1.13768,1.1377899999999999,1.1361249999999998,1.13658,0
2022-02-21 08:45:00+00:00,1.1365699999999999,1.1370550000000001,1.1356199999999999,1.1356899999999999,0
2022-02-21 09:00:00+00:00,1.1356549999999999,1.13684,1.1354099999999998,1.13642,0
2022-02-21 09:15:00+00:00,1.136415,1.136495,1.1357599999999999,1.13649,0
2022-02-21 09:30:00+00:00,1.136485,1.136815,1.136085,1.136145,0
2022-02-21 09:45:00+00:00,1.1361599999999998,1.1363750000000001,1.1357750000000002,1.136355,0
2022-02-21 10:00:00+00:00,1.1363500000000002,1.13666,1.1360100000000002,1.136275,0
2022-02-21 10:15:00+00:00,1.1362649999999999,1.1365949999999998,1.1360649999999999,1.136085,0
2022-02-21 10:30:00+00:00,1.1360899999999998,1.1363349999999999,1.1360000000000001,1.136185,0
2022-02-21 10:45:00+00:00,1.13618,1.136185,1.1355149999999998,1.1356350000000002,0
2022-02-21 11:00:00+00:00,1.13564,1.13615,1.1355300000000002,1.13602,0
2022-02-21 11:15:00+00:00,1.13601,1.1361400000000001,1.13496,1.135025,0
2022-02-21 11:30:00+00:00,1.13502,1.1352099999999998,1.1345800000000001,1.1347999999999998,0
2022-02-21 11:45:00+00:00,1.134805,1.1351499999999999,1.1347200000000002,1.1347900000000002,0
2022-02-21 12:00:00+00:00,1.134785,1.13496,1.13423,1.1343,0
2022-02-21 12:15:00+00:00,1.1342949999999998,1.1349200000000002,1.13398,1.134655,0
2022-02-21 12:30:00+00:00,1.134665,1.1350349999999998,1.133905,1.1339899999999998,0
2022-02-21 12:45:00+00:00,1.133995,1.13403,1.1333099999999998,1.133445,0
2022-02-21 13:00:00+00:00,1.133425,1.1339000000000001,1.1332,1.13376,0
2022-02-21 13:15:00+00:00,1.1337549999999998,1.1337899999999999,1.132705,1.1329099999999999,0
2022-02-21 13:30:00+00:00,1.132905,1.133605,1.1328,1.13285,0
2022-02-21 13:45:00+00:00,1.13283,1.13408,1.13208,1.13303,0
2022-02-21 14:00:00+00:00,1.13299,1.133805,1.132525,1.1336499999999998,0
2022-02-21 14:15:00+00:00,1.133645,1.134605,1.133645,1.133785,0
2022-02-21 14:30:00+00:00,1.1338,1.13402,1.13292,1.1331250000000002,0
2022-02-21 14:45:00+00:00,1.1331,1.133565,1.13294,1.133375,0
2022-02-21 15:00:00+00:00,1.133355,1.1344750000000001,1.13315,1.1334149999999998,0
2022-02-21 15:15:00+00:00,1.13342,1.133795,1.1325949999999998,1.1331600000000002,0
2022-02-21 15:30:00+00:00,1.133155,1.134015,1.133,1.1338599999999999,0
2022-02-21 15:45:00+00:00,1.1338849999999998,1.1341649999999999,1.13335,1.1336249999999999,0
2022-02-21 16:00:00+00:00,1.1336149999999998,1.134045,1.133505,1.1338599999999999,0
2022-02-21 16:15:00+00:00,1.133855,1.13401,1.13364,1.13389,0
2022-02-21 16:30:00+00:00,1.1339000000000001,1.1342599999999998,1.133795,1.1341999999999999,0
2022-02-21 16:45:00+00:00,1.13416,1.1347,1.13403,1.134645,0
2022-02-21 17:00:00+00:00,1.134655,1.134915,1.1342750000000001,1.1342750000000001,0
2022-02-21 17:15:00+00:00,1.13428,1.13468,1.133955,1.1343649999999998,0
2022-02-21 17:30:00+00:00,1.134335,1.13442,1.133785,1.133785,0
2022-02-21 17:45:00+00:00,1.1338050000000002,1.133995,1.13357,1.1336249999999999,0
2022-02-21 18:00:00+00:00,1.133635,1.13431,1.1325150000000002,1.132625,0
2022-02-21 18:15:00+00:00,1.132595,1.132595,1.1317400000000002,1.1323500000000002,0
2022-02-21 18:30:00+00:00,1.13239,1.1329099999999999,1.132275,1.132275,0
2022-02-21 18:45:00+00:00,1.13228,1.13251,1.131705,1.131735,0
2022-02-21 19:00:00+00:00,1.1317300000000001,1.131745,1.1309,1.13091,0
2022-02-21 19:15:00+00:00,1.130915,1.1311149999999999,1.13068,1.13089,0
2022-02-21 19:30:00+00:00,1.1309,1.131405,1.13073,1.1313900000000001,0
2022-02-21 19:45:00+00:00,1.131405,1.132055,1.131405,1.13185,0
2022-02-21 20:00:00+00:00,1.13187,1.13188,1.1309049999999998,1.1309749999999998,0
2022-02-21 20:15:00+00:00,1.13098,1.1311200000000001,1.13083,1.130925,0
2022-02-21 20:30:00+00:00,1.13092,1.131165,1.1307450000000001,1.13113,0
2022-02-21 20:45:00+00:00,1.1311550000000001,1.13151,1.1311550000000001,1.1314950000000001,0
2022-02-21 21:00:00+00:00,1.1314899999999999,1.131895,1.13145,1.1315849999999998,0
2022-02-21 21:15:00+00:00,1.13159,1.1318700000000002,1.131315,1.13134,0
2022-02-21 21:30:00+00:00,1.131335,1.131645,1.13083,1.1310850000000001,0
2022-02-21 21:45:00+00:00,1.13108,1.1313650000000002,1.1308600000000002,1.1309999999999998,0
2022-02-21 22:00:00+00:00,1.13098,1.13146,1.130975,1.131035,0
2022-02-21 22:15:00+00:00,1.1310250000000002,1.1310850000000001,1.1308250000000002,1.13092,0
2022-02-21 22:30:00+00:00,1.130925,1.13093,1.1307450000000001,1.1307749999999999,0
2022-02-21 22:45:00+00:00,1.13077,1.130785,1.130695,1.1307450000000001,0
2022-02-21 23:00:00+00:00,1.13075,1.130895,1.1301800000000002,1.130265,0
2022-02-21 23:15:00+00:00,1.1302599999999998,1.130315,1.129745,1.130125,0
2022-02-21 23:30:00+00:00,1.13012,1.130695,1.1296499999999998,1.1299000000000001,0
2022-02-21 23:45:00+00:00,1.129905,1.130945,1.1297899999999998,1.130945,0
2022-02-22 00:00:00+00:00,1.1309399999999998,1.131445,1.130725,1.131235,0
2022-02-22 00:15:00+00:00,1.13124,1.13174,1.1310449999999999,1.1316700000000002,0
2022-02-22 00:30:00+00:00,1.1317,1.1319050000000002,1.131145,1.1317949999999999,0
2022-02-22 00:45:00+00:00,1.1318199999999998,1.13199,1.131275,1.1313849999999999,0
2022-02-22 01:00:00+00:00,1.1313749999999998,1.131605,1.1304400000000001,1.13045,0
2022-02-22 01:15:00+00:00,1.1304750000000001,1.1308150000000001,1.13015,1.130535,0
2022-02-22 01:30:00+00:00,1.130525,1.13089,1.1304349999999999,1.13057,0
2022-02-22 01:45:00+00:00,1.1305800000000001,1.130595,1.1299700000000001,1.1303800000000002,0
2022-02-22 02:00:00+00:00,1.130385,1.13093,1.129795,1.13089,0
2022-02-22 02:15:00+00:00,1.1308850000000001,1.1309550000000002,1.13056,1.13056,0
2022-02-22 02:30:00+00:00,1.1305299999999998,1.1307450000000001,1.13042,1.13062,0
2022-02-22 02:45:00+00:00,1.13063,1.130785,1.13009,1.1304699999999999,0
2022-02-22 03:00:00+00:00,1.1304750000000001,1.1304750000000001,1.12988,1.12988,0
2022-02-22 03:15:00+00:00,1.1299000000000001,1.1300050000000001,1.1296499999999998,1.12996,0
2022-02-22 03:30:00+00:00,1.1299700000000001,1.12998,1.128815,1.1294149999999998,0
2022-02-22 03:45:00+00:00,1.12941,1.12949,1.12912,1.1292399999999998,0
2022-02-22 04:00:00+00:00,1.129245,1.12975,1.129245,1.129645,0
2022-02-22 04:15:00+00:00,1.1296499999999998,1.1300400000000002,1.1296499999999998,1.129915,0
2022-02-22 04:30:00+00:00,1.1299100000000002,1.12998,1.129795,1.1298499999999998,0
2022-02-22 04:45:00+00:00,1.129845,1.1300249999999998,1.129295,1.1298650000000001,0
2022-02-22 05:00:00+00:00,1.1298599999999999,1.13032,1.12976,1.1301800000000002,0
2022-02-22 05:15:00+00:00,1.130175,1.130795,1.1301700000000001,1.1307399999999999,0
2022-02-22 05:30:00+00:00,1.1307450000000001,1.1307450000000001,1.1305049999999999,1.13061,0
2022-02-22 05:45:00+00:00,1.13063,1.13093,1.13059,1.13068,0
2022-02-22 06:00:00+00:00,1.13069,1.1307200000000002,1.1299700000000001,1.13003,0
2022-02-22 06:15:00+00:00,1.1300249999999998,1.1308150000000001,1.13002,1.130755,0
2022-02-22 06:30:00+00:00,1.13076,1.1310099999999998,1.13048,1.130795,0
2022-02-22 06:45:00+00:00,1.1307999999999998,1.131265,1.1299899999999998,1.13042,0
2022-02-22 07:00:00+00:00,1.1304349999999999,1.130555,1.130055,1.1303999999999998,0
2022-02-22 07:15:00+00:00,1.13037,1.1304500000000002,1.129275,1.129655,0
2022-02-22 07:30:00+00:00,1.129645,1.12994,1.12941,1.1297899999999998,0
2022-02-22 07:45:00+00:00,1.129775,1.13057,1.12968,1.12968,0
2022-02-22 08:00:00+00:00,1.1296650000000001,1.131235,1.1293099999999998,1.1311399999999998,0
2022-02-22 08:15:00+00:00,1.131145,1.13263,1.1308699999999998,1.13217,0
2022-02-22 08:30:00+00:00,1.13218,1.1323400000000001,1.1313,1.13218,0
2022-02-22 08:45:00+00:00,1.13219,1.1328,1.1319,1.13258,0
2022-02-22 09:00:00+00:00,1.13259,1.133445,1.1323400000000001,1.13297,0
2022-02-22 09:15:00+00:00,1.13299,1.13368,1.13297,1.13351,0
2022-02-22 09:30:00+00:00,1.1335250000000001,1.1335350000000002,1.1326649999999998,1.132765,0
2022-02-22 09:45:00+00:00,1.13276,1.1328,1.131475,1.131945,0
2022-02-22 10:00:00+00:00,1.1319599999999999,1.133225,1.131845,1.1331799999999999,0
2022-02-22 10:15:00+00:00,1.133185,1.13439,1.1331099999999998,1.13402,0
2022-02-22 10:30:00+00:00,1.13401,1.13448,1.1335000000000002,1.1342400000000001,0
2022-02-22 10:45:00+00:00,1.134245,1.1366800000000001,1.13414,1.135235,0
2022-02-22 11:00:00+00:00,1.1352600000000002,1.135525,1.13498,1.135235,0
2022-02-22 11:15:00+00:00,1.135255,1.135875,1.1351849999999999,1.135305,0
2022-02-22 11:30:00+00:00,1.1352799999999998,1.135415,1.13371,1.134315,0
2022-02-22 11:45:00+00:00,1.1343299999999998,1.13497,1.134175,1.1346150000000002,0
2022-02-22 12:00:00+00:00,1.13462,1.1354199999999999,1.13432,1.13536,0
2022-02-22 12:15:00+00:00,1.135395,1.135935,1.1352449999999998,1.135405,0
2022-02-22 12:30:00+00:00,1.13538,1.13551,1.13477,1.13537,0
2022-02-22 12:45:00+00:00,1.135345,1.135555,1.134675,1.1351049999999998,0
2022-02-22 13:00:00+00:00,1.1351,1.1353550000000001,1.13415,1.134195,0
2022-02-22 13:15:00+00:00,1.1342050000000001,1.1349550000000002,1.134105,1.134735,0
2022-02-22 13:30:00+00:00,1.1347450000000001,1.1348850000000001,1.1340750000000002,1.13409,0
2022-02-22 13:45:00+00:00,1.13409,1.1344249999999998,1.133715,1.1341299999999999,0
2022-02-22 14:00:00+00:00,1.13412,1.1346850000000002,1.13381,1.1339549999999998,0
2022-02-22 14:15:00+00:00,1.1339450000000002,1.1342150000000002,1.133715,1.1339700000000001,0
2022-02-22 14:30:00+00:00,1.1340050000000002,1.134385,1.133565,1.1342949999999998,0
2022-02-22 14:45:00+00:00,1.1343,1.1348150000000001,1.1339299999999999,1.134665,0
2022-02-22 15:00:00+00:00,1.1346699999999998,1.1350500000000001,1.133915,1.134515,0
2022-02-22 15:15:00+00:00,1.1345100000000001,1.1346850000000002,1.1332049999999998,1.1332149999999999,0
2022-02-22 15:30:00+00:00,1.1332,1.1341649999999999,1.13307,1.134115,0
2022-02-22 15:45:00+00:00,1.13412,1.134995,1.133245,1.1335350000000002,0
2022-02-22 16:00:00+00:00,1.1335549999999999,1.134315,1.1331250000000002,1.1336300000000001,0
2022-02-22 16:15:00+00:00,1.13364,1.1345649999999998,1.1334650000000002,1.134115,0
2022-02-22 16:30:00+00:00,1.134105,1.1348150000000001,1.1340599999999998,1.1344850000000002,0
2022-02-22 16:45:00+00:00,1.1344949999999998,1.135405,1.13425,1.134345,0
2022-02-22 17:00:00+00:00,1.134325,1.134325,1.133385,1.1334849999999999,0
2022-02-22 17:15:00+00:00,1.13348,1.1334849999999999,1.1324999999999998,1.1329349999999998,0
2022-02-22 17:30:00+00:00,1.1329150000000001,1.133505,1.13287,1.133085,0
2022-02-22 17:45:00+00:00,1.1330749999999998,1.133425,1.1330399999999998,1.133375,0
2022-02-22 18:00:00+00:00,1.133365,1.1338149999999998,1.13328,1.1335449999999998,0
2022-02-22 18:15:00+00:00,1.1335350000000002,1.133565,1.132775,1.13288,0
2022-02-22 18:30:00+00:00,1.13288,1.1332149999999999,1.132865,1.1330550000000001,0
2022-02-22 18:45:00+00:00,1.13303,1.1330550000000001,1.1325349999999998,1.132895,0
2022-02-22 19:00:00+00:00,1.132885,1.132885,1.1324649999999998,1.1327250000000002,0
2022-02-22 19:15:00+00:00,1.1327150000000001,1.1333250000000001,1.132215,1.132865,0
2022-02-22 19:30:00+00:00,1.1328550000000002,1.133565,1.13267,1.1330399999999998,0
2022-02-22 19:45:00+00:00,1.133035,1.1341350000000001,1.1326749999999999,1.133475,0
2022-02-22 20:00:00+00:00,1.13347,1.1340249999999998,1.13347,1.13394,0
2022-02-22 20:15:00+00:00,1.13396,1.134115,1.1336849999999998,1.133965,0
2022-02-22 20:30:00+00:00,1.1339350000000001,1.1339549999999998,1.13362,1.133705,0
2022-02-22 20:45:00+00:00,1.13371,1.13371,1.132355,1.132435,0
2022-02-22 21:00:00+00:00,1.1324100000000001,1.13294,1.1324100000000001,1.132765,0
2022-02-22 21:15:00+00:00,1.132775,1.132875,1.13259,1.132635,0
2022-02-22 21:30:00+00:00,1.13262,1.13283,1.132495,1.132635,0
2022-02-22 21:45:00+00:00,1.1326450000000001,1.13284,1.13242,1.132475,0
2022-02-22 22:00:00+00:00,1.1325,1.133035,1.1325,1.132765,0
2022-02-22 22:15:00+00:00,1.13276,1.1328550000000002,1.13276,1.13284,0
2022-02-22 22:30:00+00:00,1.132845,1.13292,1.13276,1.13281,0
2022-02-22 22:45:00+00:00,1.1327850000000002,1.13279,1.1326299999999998,1.13266,0
2022-02-22 23:00:00+00:00,1.13265,1.1331449999999998,1.1326299999999998,1.133025,0
2022-02-22 23:15:00+00:00,1.1330049999999998,1.13305,1.13275,1.13305,0
2022-02-22 23:30:00+00:00,1.133055,1.133065,1.1327099999999999,1.133,0
2022-02-22 23:45:00+00:00,1.133005,1.133065,1.132885,1.1328900000000002,0
2022-02-23 00:00:00+00:00,1.13288,1.1333950000000002,1.13285,1.1332200000000001,0
2022-02-23 00:15:00+00:00,1.133225,1.133565,1.133225,1.133355,0
2022-02-23 00:30:00+00:00,1.133345,1.1335199999999999,1.133245,1.1333000000000002,0
2022-02-23 00:45:00+00:00,1.133305,1.13344,1.133305,1.13333,0
2022-02-23 01:00:00+00:00,1.1333199999999999,1.13347,1.133105,1.133235,0
2022-02-23 01:15:00+00:00,1.1332399999999998,1.133435,1.1332,1.1334,0
2022-02-23 01:30:00+00:00,1.1333950000000002,1.13341,1.13303,1.133095,0
2022-02-23 01:45:00+00:00,1.1330900000000002,1.133605,1.1329449999999999,1.133495,0
2022-02-23 02:00:00+00:00,1.133515,1.13389,1.1333449999999998,1.1333449999999998,0
2022-02-23 02:15:00+00:00,1.13335,1.13335,1.13279,1.1328,0
2022-02-23 02:30:00+00:00,1.1328049999999998,1.1328049999999998,1.13231,1.13233,0
2022-02-23 02:45:00+00:00,1.1323349999999999,1.1324299999999998,1.132055,1.132255,0
2022-02-23 03:00:00+00:00,1.13225,1.13231,1.1320100000000002,1.13224,0
2022-02-23 03:15:00+00:00,1.132225,1.13252,1.132225,1.132495,0
2022-02-23 03:30:00+00:00,1.13249,1.13267,1.13232,1.1323699999999999,0
2022-02-23 03:45:00+00:00,1.13238,1.13259,1.132355,1.13259,0
2022-02-23 04:00:00+00:00,1.1326,1.1326200000000002,1.1324049999999999,1.132495,0
2022-02-23 04:15:00+00:00,1.13251,1.1326399999999999,1.1324800000000002,1.1324800000000002,0
2022-02-23 04:30:00+00:00,1.13247,1.1325500000000002,1.13233,1.1323349999999999,0
2022-02-23 04:45:00+00:00,1.1323400000000001,1.13256,1.1323400000000001,1.13256,0
2022-02-23 05:00:00+00:00,1.132555,1.133025,1.132555,1.1327099999999999,0
2022-02-23 05:15:00+00:00,1.132695,1.13274,1.13227,1.13232,0
2022-02-23 05:30:00+00:00,1.13233,1.132485,1.1322800000000002,1.13231,0
2022-02-23 05:45:00+00:00,1.1322999999999999,1.13259,1.1321949999999998,1.1325699999999999,0
2022-02-23 06:00:00+00:00,1.132565,1.1329799999999999,1.13256,1.132975,0
2022-02-23 06:15:00+00:00,1.1329699999999998,1.13305,1.1325349999999998,1.13276,0
2022-02-23 06:30:00+00:00,1.132745,1.132835,1.1326299999999998,1.13265,0
2022-02-23 06:45:00+00:00,1.132655,1.1327699999999998,1.132215,1.132225,0
2022-02-23 07:00:00+00:00,1.132235,1.13226,1.1316000000000002,1.132155,0
2022-02-23 07:15:00+00:00,1.13215,1.132545,1.1320800000000002,1.13233,0
2022-02-23 07:30:00+00:00,1.1323150000000002,1.134,1.1321599999999998,1.1337899999999999,0
2022-02-23 07:45:00+00:00,1.13381,1.13429,1.133475,1.133995,0
2022-02-23 08:00:00+00:00,1.1339899999999998,1.1342400000000001,1.133575,1.1337350000000002,0
2022-02-23 08:15:00+00:00,1.133745,1.13414,1.13341,1.1339199999999998,0
2022-02-23 08:30:00+00:00,1.133925,1.1344400000000001,1.1337899999999999,1.1344349999999999,0
2022-02-23 08:45:00+00:00,1.1343999999999999,1.1347450000000001,1.13427,1.1347450000000001,0
2022-02-23 09:00:00+00:00,1.134735,1.134925,1.1345049999999999,1.134865,0
2022-02-23 09:15:00+00:00,1.1348600000000002,1.1348699999999998,1.1344249999999998,1.13449,0
2022-02-23 09:30:00+00:00,1.1345100000000001,1.13464,1.1337899999999999,1.1344699999999999,0
2022-02-23 09:45:00+00:00,1.1344949999999998,1.135895,1.1342400000000001,1.13559,0
2022-02-23 10:00:00+00:00,1.13556,1.1357849999999998,1.134995,1.1351149999999999,0
2022-02-23 10:15:00+00:00,1.13511,1.135825,1.135055,1.135485,0
2022-02-23 10:30:00+00:00,1.13548,1.1357849999999998,1.1353749999999998,1.1354600000000001,0
2022-02-23 10:45:00+00:00,1.1354700000000002,1.135825,1.13504,1.1351300000000002,0
2022-02-23 11:00:00+00:00,1.135125,1.1352950000000002,1.134595,1.1346150000000002,0
2022-02-23 11:15:00+00:00,1.1345999999999998,1.1348600000000002,1.1341350000000001,1.1342349999999999,0
2022-02-23 11:30:00+00:00,1.13422,1.1344850000000002,1.134055,1.134125,0
2022-02-23 11:45:00+00:00,1.13412,1.134525,1.13402,1.13405,0
2022-02-23 12:00:00+00:00,1.1340400000000002,1.134495,1.13401,1.1343299999999998,0
2022-02-23 12:15:00+00:00,1.134335,1.13462,1.1341999999999999,1.134305,0
2022-02-23 12:30:00+00:00,1.1343100000000002,1.1348950000000002,1.1342249999999998,1.13425,0
2022-02-23 12:45:00+00:00,1.134225,1.1344349999999999,1.13371,1.1337549999999998,0
2022-02-23 13:00:00+00:00,1.133765,1.134655,1.133655,1.13442,0
2022-02-23 13:15:00+00:00,1.13441,1.1347200000000002,1.134175,1.134715,0
2022-02-23 13:30:00+00:00,1.1347200000000002,1.13498,1.1344750000000001,1.1348950000000002,0
2022-02-23 13:45:00+00:00,1.1348850000000001,1.13524,1.1347049999999999,1.1351550000000001,0
2022-02-23 14:00:00+00:00,1.1351499999999999,1.1351900000000001,1.1343649999999998,1.134575,0
2022-02-23 14:15:00+00:00,1.13459,1.1348250000000002,1.133765,1.134075,0
2022-02-23 14:30:00+00:00,1.134065,1.134265,1.13381,1.134115,0
2022-02-23 14:45:00+00:00,1.13414,1.1344349999999999,1.13301,1.133355,0
2022-02-23 15:00:00+00:00,1.1333600000000001,1.13378,1.13265,1.132845,0
2022-02-23 15:15:00+00:00,1.1328399999999998,1.132905,1.132155,1.132475,0
2022-02-23 15:30:00+00:00,1.13247,1.13314,1.1323249999999998,1.132955,0
2022-02-23 15:45:00+00:00,1.1329349999999998,1.1329349999999998,1.132075,1.1324450000000001,0
2022-02-23 16:00:00+00:00,1.132435,1.13262,1.131075,1.1311650000000002,0
2022-02-23 16:15:00+00:00,1.1311849999999999,1.1320350000000001,1.130595,1.131965,0
2022-02-23 16:30:00+00:00,1.131945,1.1319849999999998,1.1313149999999998,1.131345,0
2022-02-23 16:45:00+00:00,1.1313499999999999,1.13177,1.131035,1.131415,0
2022-02-23 17:00:00+00:00,1.131405,1.1318549999999998,1.1313849999999999,1.1315849999999998,0
2022-02-23 17:15:00+00:00,1.131575,1.13158,1.131265,1.1314950000000001,0
2022-02-23 17:30:00+00:00,1.1315,1.1317249999999999,1.131005,1.1312950000000002,0
2022-02-23 17:45:00+00:00,1.1312950000000002,1.131525,1.1307749999999999,1.13125,0
2022-02-23 18:00:00+00:00,1.1312449999999998,1.13125,1.130715,1.1308799999999999,0
2022-02-23 18:15:00+00:00,1.1308850000000001,1.130945,1.130455,1.1305550000000002,0
2022-02-23 18:30:00+00:00,1.13057,1.1310099999999998,1.130395,1.1308250000000002,0
2022-02-23 18:45:00+00:00,1.13083,1.1311049999999998,1.130465,1.130925,0
2022-02-23 19:00:00+00:00,1.1309200000000001,1.131215,1.1308449999999999,1.131065,0
2022-02-23 19:15:00+00:00,1.13107,1.131145,1.130665,1.130935,0
2022-02-23 19:30:00+00:00,1.130925,1.1310250000000002,1.13046,1.1304699999999999,0
2022-02-23 19:45:00+00:00,1.130455,1.13098,1.13039,1.1307749999999999,0
2022-02-23 20:00:00+00:00,1.130755,1.131055,1.130715,1.1309049999999998,0
2022-02-23 20:15:00+00:00,1.130875,1.1310250000000002,1.130455,1.1306150000000001,0
2022-02-23 20:30:00+00:00,1.13059,1.130675,1.130125,1.1302750000000001,0
2022-02-23 20:45:00+00:00,1.13028,1.1305450000000001,1.130125,1.1305299999999998,0
2022-02-23 21:00:00+00:00,1.130525,1.1307749999999999,1.13043,1.130515,0
2022-02-23 21:15:00+00:00,1.1305200000000002,1.1307399999999999,1.1302949999999998,1.1304750000000001,0
2022-02-23 21:30:00+00:00,1.130465,1.1305550000000002,1.130315,1.13037,0
2022-02-23 21:45:00+00:00,1.1303649999999998,1.13058,1.13028,1.13054,0
2022-02-23 22:00:00+00:00,1.130765,1.13106,1.13062,1.130645,0
2022-02-23 22:15:00+00:00,1.13065,1.1307999999999998,1.13048,1.130625,0
2022-02-23 22:30:00+00:00,1.13059,1.1306150000000001,1.13045,1.1304750000000001,0
2022-02-23 22:45:00+00:00,1.130465,1.13062,1.13036,1.13036,0
2022-02-23 23:00:00+00:00,1.13037,1.130485,1.130065,1.130145,0
2022-02-23 23:15:00+00:00,1.13014,1.13036,1.1300249999999998,1.130305,0
2022-02-23 23:30:00+00:00,1.1303100000000001,1.1308799999999999,1.1303100000000001,1.130755,0
2022-02-23 23:45:00+00:00,1.13075,1.130755,1.130425,1.1305450000000001,0
2022-02-24 00:00:00+00:00,1.13056,1.13062,1.12984,1.130045,0
2022-02-24 00:15:00+00:00,1.13005,1.13005,1.129185,1.12921,0
2022-02-24 00:30:00+00:00,1.1292,1.12944,1.128685,1.128905,0
2022-02-24 00:45:00+00:00,1.128885,1.1289449999999999,1.12751,1.127615,0
2022-02-24 01:00:00+00:00,1.127645,1.12858,1.127645,1.1282299999999998,0
2022-02-24 01:15:00+00:00,1.1282100000000002,1.1287449999999999,1.1280299999999999,1.128395,0
2022-02-24 01:30:00+00:00,1.1283599999999998,1.128795,1.12818,1.128505,0
2022-02-24 01:45:00+00:00,1.12847,1.12944,1.128235,1.1293250000000001,0
2022-02-24 02:00:00+00:00,1.12933,1.12941,1.128755,1.128895,0
2022-02-24 02:15:00+00:00,1.1289150000000001,1.1290900000000001,1.128145,1.128215,0
2022-02-24 02:30:00+00:00,1.128225,1.128545,1.12808,1.1283850000000002,0
2022-02-24 02:45:00+00:00,1.128365,1.12853,1.1264949999999998,1.1273149999999998,0
2022-02-24 03:00:00+00:00,1.12731,1.127895,1.1265,1.12691,0
2022-02-24 03:15:00+00:00,1.126915,1.127,1.1256149999999998,1.125835,0
2022-02-24 03:30:00+00:00,1.1258400000000002,1.12603,1.12412,1.12418,0
2022-02-24 03:45:00+00:00,1.1241750000000001,1.12473,1.12351,1.1238299999999999,0
2022-02-24 04:00:00+00:00,1.123825,1.124315,1.1216149999999998,1.1220050000000001,0
2022-02-24 04:15:00+00:00,1.121995,1.1224150000000002,1.1208550000000002,1.1222150000000002,0
2022-02-24 04:30:00+00:00,1.12222,1.1231650000000002,1.121815,1.12262,0
2022-02-24 04:45:00+00:00,1.1226150000000001,1.12492,1.1222699999999999,1.1245500000000002,0
2022-02-24 05:00:00+00:00,1.1245349999999998,1.12463,1.1227200000000002,1.1234549999999999,0
2022-02-24 05:15:00+00:00,1.1234600000000001,1.124005,1.123355,1.12358,0
2022-02-24 05:30:00+00:00,1.1235849999999998,1.123625,1.1220750000000002,1.122785,0
2022-02-24 05:45:00+00:00,1.12277,1.1239050000000002,1.12256,1.12379,0
2022-02-24 06:00:00+00:00,1.123785,1.1248399999999998,1.12378,1.1245500000000002,0
2022-02-24 06:15:00+00:00,1.1245850000000002,1.1253449999999998,1.1244399999999999,1.1249799999999999,0
2022-02-24 06:30:00+00:00,1.1249850000000001,1.12499,1.12388,1.1240649999999999,0
2022-02-24 06:45:00+00:00,1.1240700000000001,1.1247,1.1232199999999999,1.12454,0
2022-02-24 07:00:00+00:00,1.124505,1.125575,1.1240999999999999,1.12522,0
2022-02-24 07:15:00+00:00,1.1252300000000002,1.12524,1.123595,1.1237,0
2022-02-24 07:30:00+00:00,1.123695,1.1253000000000002,1.1235499999999998,1.1251099999999998,0
2022-02-24 07:45:00+00:00,1.125085,1.125425,1.124215,1.1245150000000002,0
2022-02-24 08:00:00+00:00,1.12453,1.126255,1.12431,1.1255549999999999,0
2022-02-24 08:15:00+00:00,1.12555,1.1259450000000002,1.124905,1.12533,0
2022-02-24 08:30:00+00:00,1.125295,1.125295,1.12336,1.1236700000000002,0
2022-02-24 08:45:00+00:00,1.12368,1.124915,1.1233300000000002,1.123985,0
2022-02-24 09:00:00+00:00,1.123995,1.12504,1.1238899999999998,1.1247150000000001,0
2022-02-24 09:15:00+00:00,1.124705,1.1250550000000001,1.1238899999999998,1.12432,0
2022-02-24 09:30:00+00:00,1.1243249999999998,1.12454,1.1221899999999998,1.1228500000000001,0
2022-02-24 09:45:00+00:00,1.1228600000000002,1.123125,1.1208900000000002,1.121135,0
2022-02-24 10:00:00+00:00,1.1211250000000001,1.121235,1.119395,1.120425,0
2022-02-24 10:15:00+00:00,1.1204550000000002,1.1204999999999998,1.11805,1.1185299999999998,0
2022-02-24 10:30:00+00:00,1.11852,1.1185649999999998,1.1163349999999999,1.1179450000000002,0
2022-02-24 10:45:00+00:00,1.117975,1.1182400000000001,1.116775,1.11783,0
2022-02-24 11:00:00+00:00,1.11782,1.11808,1.116845,1.1178050000000002,0
2022-02-24 11:15:00+00:00,1.11778,1.1178050000000002,1.1155300000000001,1.1160100000000002,0
2022-02-24 11:30:00+00:00,1.1160450000000002,1.1176849999999998,1.11557,1.117575,0
2022-02-24 11:45:00+00:00,1.11758,1.117995,1.11699,1.117425,0
2022-02-24 12:00:00+00:00,1.117435,1.1175350000000002,1.116155,1.117205,0
2022-02-24 12:15:00+00:00,1.11722,1.1181999999999999,1.116935,1.118135,0
2022-02-24 12:30:00+00:00,1.1181299999999998,1.1184949999999998,1.116525,1.117025,0
2022-02-24 12:45:00+00:00,1.11701,1.117585,1.1166550000000002,1.11704,0
2022-02-24 13:00:00+00:00,1.117035,1.117775,1.116225,1.11634,0
2022-02-24 13:15:00+00:00,1.11638,1.11695,1.1161400000000001,1.1166200000000002,0
2022-02-24 13:30:00+00:00,1.116635,1.11802,1.1162649999999998,1.1163949999999998,0
2022-02-24 13:45:00+00:00,1.116425,1.116685,1.11529,1.116205,0
2022-02-24 14:00:00+00:00,1.1161750000000001,1.117135,1.11572,1.11582,0
2022-02-24 14:15:00+00:00,1.115805,1.115895,1.1146449999999999,1.115285,0
2022-02-24 14:30:00+00:00,1.1152600000000001,1.1162649999999998,1.11462,1.114715,0
2022-02-24 14:45:00+00:00,1.11471,1.115485,1.1144349999999998,1.114705,0
2022-02-24 15:00:00+00:00,1.11471,1.11505,1.11388,1.114135,0
2022-02-24 15:15:00+00:00,1.114125,1.11417,1.11308,1.11321,0
2022-02-24 15:30:00+00:00,1.113205,1.1135950000000001,1.1126399999999999,1.1128749999999998,0
2022-02-24 15:45:00+00:00,1.112875,1.1130650000000002,1.110815,1.11097,0
2022-02-24 16:00:00+00:00,1.1109499999999999,1.1147900000000002,1.1106349999999998,1.114675,0
2022-02-24 16:15:00+00:00,1.1146500000000001,1.115715,1.113375,1.11443,0
2022-02-24 16:30:00+00:00,1.11441,1.114995,1.1136050000000002,1.1143,0
2022-02-24 16:45:00+00:00,1.1143100000000001,1.115465,1.1137199999999998,1.115005,0
2022-02-24 17:00:00+00:00,1.1150250000000002,1.1154950000000001,1.114155,1.1148500000000001,0
2022-02-24 17:15:00+00:00,1.114825,1.117345,1.1140949999999998,1.1170149999999999,0
2022-02-24 17:30:00+00:00,1.1170049999999998,1.11787,1.1167349999999998,1.1169850000000001,0
2022-02-24 17:45:00+00:00,1.116975,1.117375,1.116255,1.1166550000000002,0
2022-02-24 18:00:00+00:00,1.1166749999999999,1.1171950000000002,1.116005,1.1168550000000002,0
2022-02-24 18:15:00+00:00,1.11688,1.117185,1.116295,1.116845,0
2022-02-24 18:30:00+00:00,1.116835,1.117745,1.1166049999999998,1.1175350000000002,0
2022-02-24 18:45:00+00:00,1.117525,1.120685,1.1173,1.11907,0
2022-02-24 19:00:00+00:00,1.119085,1.11998,1.11843,1.1197849999999998,0
2022-02-24 19:15:00+00:00,1.11978,1.12004,1.1186150000000001,1.1186850000000002,0
2022-02-24 19:30:00+00:00,1.1186699999999998,1.121245,1.118515,1.121185,0
2022-02-24 19:45:00+00:00,1.121175,1.1212,1.11853,1.1187550000000002,0
2022-02-24 20:00:00+00:00,1.118765,1.120365,1.118465,1.120365,0
2022-02-24 20:15:00+00:00,1.1203699999999999,1.122135,1.1202999999999999,1.120975,0
2022-02-24 20:30:00+00:00,1.120965,1.1216249999999999,1.120085,1.1201850000000002,0
2022-02-24 20:45:00+00:00,1.12019,1.12101,1.119915,1.119985,0
2022-02-24 21:00:00+00:00,1.12,1.1205150000000001,1.11993,1.1199400000000002,0
2022-02-24 21:15:00+00:00,1.11993,1.119945,1.1194000000000002,1.1195400000000002,0
2022-02-24 21:30:00+00:00,1.11957,1.1197300000000001,1.119125,1.11927,0
2022-02-24 21:45:00+00:00,1.119265,1.1194899999999999,1.11917,1.119265,0
2022-02-24 22:00:00+00:00,1.1193,1.11932,1.11925,1.11932,0
2022-02-24 22:15:00+00:00,1.119335,1.119925,1.11928,1.1198350000000001,0
2022-02-24 22:30:00+00:00,1.1198549999999998,1.120345,1.119645,1.1199400000000002,0
2022-02-24 22:45:00+00:00,1.119935,1.120125,1.11964,1.1197,0
2022-02-24 23:00:00+00:00,1.1197,1.120005,1.1194,1.12,0
2022-02-24 23:15:00+00:00,1.120005,1.120045,1.1194950000000001,1.119545,0
2022-02-24 23:30:00+00:00,1.1195499999999998,1.1195499999999998,1.1189900000000002,1.11927,0
2022-02-24 23:45:00+00:00,1.119275,1.119315,1.118995,1.119065,0
2022-02-25 00:00:00+00:00,1.1190799999999999,1.11917,1.1186500000000001,1.118985,0
2022-02-25 00:15:00+00:00,1.118995,1.12053,1.11882,1.1205150000000001,0
2022-02-25 00:30:00+00:00,1.120525,1.120905,1.12039,1.120465,0
2022-02-25 00:45:00+00:00,1.12046,1.120955,1.1195249999999999,1.120165,0
2022-02-25 01:00:00+00:00,1.12019,1.120215,1.1189749999999998,1.120185,0
2022-02-25 01:15:00+00:00,1.12018,1.120595,1.11916,1.11967,0
2022-02-25 01:30:00+00:00,1.11968,1.12006,1.11929,1.119755,0
2022-02-25 01:45:00+00:00,1.1197400000000002,1.120385,1.119675,1.120355,0
2022-02-25 02:00:00+00:00,1.1203349999999999,1.1205850000000002,1.119915,1.1199400000000002,0
2022-02-25 02:15:00+00:00,1.1199249999999998,1.1209799999999999,1.119875,1.12088,0
2022-02-25 02:30:00+00:00,1.1209,1.12101,1.120205,1.120505,0
2022-02-25 02:45:00+00:00,1.12052,1.1214300000000001,1.12049,1.121375,0
2022-02-25 03:00:00+00:00,1.121365,1.121365,1.12067,1.120705,0
2022-02-25 03:15:00+00:00,1.1207099999999999,1.121035,1.120545,1.120865,0
2022-02-25 03:30:00+00:00,1.12086,1.12167,1.120635,1.12142,0
2022-02-25 03:45:00+00:00,1.121425,1.121795,1.12138,1.121745,0
2022-02-25 04:00:00+00:00,1.12174,1.12216,1.12162,1.12202,0
2022-02-25 04:15:00+00:00,1.1220249999999998,1.1226699999999998,1.1217199999999998,1.1226699999999998,0
2022-02-25 04:30:00+00:00,1.122665,1.122865,1.1221299999999998,1.12239,0
2022-02-25 04:45:00+00:00,1.122395,1.12242,1.12168,1.12216,0
2022-02-25 05:00:00+00:00,1.12215,1.122335,1.121675,1.1217199999999998,0
2022-02-25 05:15:00+00:00,1.121725,1.12189,1.121435,1.1215899999999999,0
2022-02-25 05:30:00+00:00,1.121575,1.121975,1.121545,1.12189,0
2022-02-25 05:45:00+00:00,1.121885,1.12257,1.1218599999999999,1.1225550000000002,0
2022-02-25 06:00:00+00:00,1.12256,1.12256,1.121535,1.12154,0
2022-02-25 06:15:00+00:00,1.121545,1.1219649999999999,1.1215199999999999,1.1219100000000002,0
2022-02-25 06:30:00+00:00,1.1219199999999998,1.1219199999999998,1.1211099999999998,1.121115,0
2022-02-25 06:45:00+00:00,1.1211,1.12113,1.120095,1.120205,0
2022-02-25 07:00:00+00:00,1.12019,1.1207150000000001,1.1197,1.120545,0
2022-02-25 07:15:00+00:00,1.1205500000000002,1.1213600000000001,1.1205500000000002,1.1210200000000001,0
2022-02-25 07:30:00+00:00,1.121005,1.1212,1.12061,1.1206649999999998,0
2022-02-25 07:45:00+00:00,1.12066,1.1222150000000002,1.12066,1.1210149999999999,0
2022-02-25 08:00:00+00:00,1.12103,1.121525,1.11873,1.11883,0
2022-02-25 08:15:00+00:00,1.1188349999999998,1.1189900000000002,1.117645,1.1178949999999999,0
2022-02-25 08:30:00+00:00,1.11789,1.1185900000000002,1.1174499999999998,1.1176050000000002,0
2022-02-25 08:45:00+00:00,1.1175950000000001,1.118085,1.117025,1.1177700000000002,0
2022-02-25 09:00:00+00:00,1.1177549999999998,1.1185999999999998,1.1171600000000002,1.11855,0
2022-02-25 09:15:00+00:00,1.1185450000000001,1.1188150000000001,1.11728,1.117545,0
2022-02-25 09:30:00+00:00,1.11755,1.11783,1.11699,1.117435,0
2022-02-25 09:45:00+00:00,1.1174499999999998,1.118445,1.116965,1.1181450000000002,0
2022-02-25 10:00:00+00:00,1.118135,1.1183299999999998,1.1173700000000002,1.1177199999999998,0
2022-02-25 10:15:00+00:00,1.117715,1.118325,1.1171250000000001,1.117435,0
2022-02-25 10:30:00+00:00,1.11747,1.1178949999999999,1.1166,1.117715,0
2022-02-25 10:45:00+00:00,1.117725,1.118035,1.117375,1.118035,0
2022-02-25 11:00:00+00:00,1.1180249999999998,1.118385,1.117035,1.1171449999999998,0
2022-02-25 11:15:00+00:00,1.117155,1.117715,1.11683,1.117635,0
2022-02-25 11:30:00+00:00,1.11765,1.11801,1.11742,1.1178949999999999,0
2022-02-25 11:45:00+00:00,1.11785,1.11871,1.11771,1.118525,0
2022-02-25 12:00:00+00:00,1.1185450000000001,1.120815,1.118385,1.120685,0
2022-02-25 12:15:00+00:00,1.12066,1.1218599999999999,1.1203249999999998,1.1207799999999999,0
2022-02-25 12:30:00+00:00,1.1207850000000001,1.120915,1.120275,1.1206550000000002,0
2022-02-25 12:45:00+00:00,1.1206649999999998,1.1237050000000002,1.120525,1.12214,0
2022-02-25 13:00:00+00:00,1.122155,1.12262,1.1214050000000002,1.121435,0
2022-02-25 13:15:00+00:00,1.1214300000000001,1.1229550000000001,1.1211950000000002,1.122875,0
2022-02-25 13:30:00+00:00,1.1228799999999999,1.1231550000000001,1.12161,1.121995,0
2022-02-25 13:45:00+00:00,1.1219999999999999,1.1241599999999998,1.12196,1.123675,0
2022-02-25 14:00:00+00:00,1.1236700000000002,1.123855,1.12215,1.12215,0
2022-02-25 14:15:00+00:00,1.12216,1.122655,1.1218650000000001,1.1222349999999999,0
2022-02-25 14:30:00+00:00,1.122245,1.123935,1.12223,1.1236549999999998,0
2022-02-25 14:45:00+00:00,1.123665,1.1249850000000001,1.1230099999999998,1.123255,0
2022-02-25 15:00:00+00:00,1.123265,1.124955,1.1232,1.1241599999999998,0
2022-02-25 15:15:00+00:00,1.12412,1.124685,1.123555,1.1242450000000002,0
2022-02-25 15:30:00+00:00,1.12427,1.12454,1.1233650000000002,1.12435,0
2022-02-25 15:45:00+00:00,1.124345,1.125095,1.1241150000000002,1.124415,0
2022-02-25 16:00:00+00:00,1.1244399999999999,1.1248749999999998,1.12388,1.124805,0
2022-02-25 16:15:00+00:00,1.124835,1.1267049999999998,1.124835,1.1258,0
2022-02-25 16:30:00+00:00,1.125835,1.12587,1.1243150000000002,1.1246800000000001,0
2022-02-25 16:45:00+00:00,1.124685,1.12646,1.1246749999999999,1.12592,0
2022-02-25 17:00:00+00:00,1.125925,1.1262050000000001,1.124895,1.1250149999999999,0
2022-02-25 17:15:00+00:00,1.125035,1.125445,1.1246649999999998,1.124865,0
2022-02-25 17:30:00+00:00,1.12488,1.124885,1.1239949999999999,1.1241400000000001,0
2022-02-25 17:45:00+00:00,1.124155,1.12418,1.1235149999999998,1.124085,0
2022-02-25 18:00:00+00:00,1.124095,1.124695,1.124095,1.124485,0
2022-02-25 18:15:00+00:00,1.12446,1.1252650000000002,1.1244550000000002,1.12521,0
2022-02-25 18:30:00+00:00,1.125215,1.1259000000000001,1.1251950000000002,1.125855,0
2022-02-25 18:45:00+00:00,1.1258650000000001,1.126055,1.12544,1.125695,0
2022-02-25 19:00:00+00:00,1.125715,1.125815,1.1252749999999998,1.1253799999999998,0
2022-02-25 19:15:00+00:00,1.12537,1.1260949999999998,1.125225,1.12598,0
2022-02-25 19:30:00+00:00,1.1259899999999998,1.1261649999999999,1.12548,1.125705,0
2022-02-25 19:45:00+00:00,1.12571,1.126595,1.1249850000000001,1.126345,0
2022-02-25 20:00:00+00:00,1.12635,1.1268850000000001,1.1258249999999999,1.126035,0
2022-02-25 20:15:00+00:00,1.1260249999999998,1.126455,1.125915,1.126135,0
2022-02-25 20:30:00+00:00,1.1261450000000002,1.126995,1.1260949999999998,1.126745,0
2022-02-25 20:45:00+00:00,1.1267550000000002,1.127125,1.126515,1.1265800000000001,0
2022-02-25 21:00:00+00:00,1.126595,1.127055,1.1264699999999999,1.1266850000000002,0
2022-02-25 21:15:00+00:00,1.126695,1.1273,1.126515,1.1273,0
2022-02-25 21:30:00+00:00,1.127305,1.127415,1.1271399999999998,1.127295,0
2022-02-25 21:45:00+00:00,1.12731,1.1274,1.12695,1.12731,0
2022-02-27 22:00:00+00:00,1.112635,1.115515,1.112565,1.11514,0
2022-02-27 22:15:00+00:00,1.115145,1.11604,1.11478,1.1150449999999998,0
2022-02-27 22:30:00+00:00,1.11503,1.1150600000000002,1.114565,1.11489,0
2022-02-27 22:45:00+00:00,1.1148850000000001,1.115735,1.11469,1.11516,0
2022-02-27 23:00:00+00:00,1.115165,1.11616,1.1149300000000002,1.1160299999999999,0
2022-02-27 23:15:00+00:00,1.116025,1.1174149999999998,1.11572,1.11667,0
2022-02-27 23:30:00+00:00,1.1166800000000001,1.1188349999999998,1.11649,1.11802,0
2022-02-27 23:45:00+00:00,1.1179800000000002,1.11839,1.11778,1.118025,0
2022-02-28 00:00:00+00:00,1.11803,1.11937,1.11777,1.11874,0
2022-02-28 00:15:00+00:00,1.11875,1.118875,1.1179800000000002,1.11833,0
2022-02-28 00:30:00+00:00,1.11834,1.119065,1.11834,1.118985,0
2022-02-28 00:45:00+00:00,1.11899,1.1194600000000001,1.117995,1.1182,0
2022-02-28 01:00:00+00:00,1.1182050000000001,1.11862,1.117435,1.1180599999999998,0
2022-02-28 01:15:00+00:00,1.11805,1.11847,1.1167699999999998,1.116825,0
2022-02-28 01:30:00+00:00,1.11683,1.117005,1.1159249999999998,1.1167850000000001,0
2022-02-28 01:45:00+00:00,1.116755,1.11767,1.1164,1.11711,0
2022-02-28 02:00:00+00:00,1.117115,1.1173950000000001,1.116205,1.116205,0
2022-02-28 02:15:00+00:00,1.116215,1.116995,1.116215,1.11662,0
2022-02-28 02:30:00+00:00,1.116615,1.116865,1.115605,1.11563,0
2022-02-28 02:45:00+00:00,1.1156350000000002,1.115805,1.11462,1.11573,0
2022-02-28 03:00:00+00:00,1.11572,1.11597,1.114925,1.1149499999999999,0
2022-02-28 03:15:00+00:00,1.114935,1.1155,1.1149200000000001,1.115065,0
2022-02-28 03:30:00+00:00,1.115075,1.1160700000000001,1.115075,1.11591,0
2022-02-28 03:45:00+00:00,1.11592,1.115965,1.115055,1.115095,0
2022-02-28 04:00:00+00:00,1.1151,1.1152950000000001,1.114605,1.1146150000000001,0
2022-02-28 04:15:00+00:00,1.114625,1.114835,1.114465,1.114795,0
2022-02-28 04:30:00+00:00,1.114805,1.11491,1.11463,1.1147900000000002,0
2022-02-28 04:45:00+00:00,1.11478,1.1148099999999999,1.1142249999999998,1.11459,0
2022-02-28 05:00:00+00:00,1.1146349999999998,1.114945,1.11463,1.1148150000000001,0
2022-02-28 05:15:00+00:00,1.11482,1.11517,1.114625,1.1148449999999999,0
2022-02-28 05:30:00+00:00,1.11484,1.114965,1.114475,1.114965,0
2022-02-28 05:45:00+00:00,1.11496,1.11586,1.1149399999999998,1.115645,0
2022-02-28 06:00:00+00:00,1.11564,1.11645,1.1154549999999999,1.1164450000000001,0
2022-02-28 06:15:00+00:00,1.1164800000000001,1.11683,1.11579,1.11653,0
2022-02-28 06:30:00+00:00,1.11651,1.1167449999999999,1.11588,1.116325,0
2022-02-28 06:45:00+00:00,1.1163150000000002,1.1166749999999999,1.115665,1.115885,0
2022-02-28 07:00:00+00:00,1.115895,1.1164100000000001,1.115575,1.1159400000000002,0
2022-02-28 07:15:00+00:00,1.11595,1.118735,1.115915,1.1180750000000002,0
2022-02-28 07:30:00+00:00,1.11808,1.120015,1.1180050000000001,1.11916,0
2022-02-28 07:45:00+00:00,1.1191650000000002,1.1192000000000002,1.11834,1.11896,0
2022-02-28 08:00:00+00:00,1.118985,1.11965,1.11693,1.11727,0
2022-02-28 08:15:00+00:00,1.1172650000000002,1.11781,1.116495,1.1175199999999998,0
2022-02-28 08:30:00+00:00,1.117515,1.1184349999999998,1.1166550000000002,1.1167099999999999,0
2022-02-28 08:45:00+00:00,1.1166900000000002,1.1181100000000002,1.1164049999999999,1.11789,0
2022-02-28 09:00:00+00:00,1.1179000000000001,1.1184150000000002,1.1173600000000001,1.1177000000000001,0
2022-02-28 09:15:00+00:00,1.11771,1.118265,1.11651,1.116525,0
2022-02-28 09:30:00+00:00,1.11653,1.11843,1.11652,1.118185,0
2022-02-28 09:45:00+00:00,1.118175,1.118525,1.11753,1.11781,0
2022-02-28 10:00:00+00:00,1.1178,1.1189550000000001,1.1177899999999998,1.1186099999999999,0
2022-02-28 10:15:00+00:00,1.1186150000000001,1.119145,1.11841,1.1191200000000001,0
2022-02-28 10:30:00+00:00,1.1191149999999999,1.1193,1.1180050000000001,1.11883,0
2022-02-28 10:45:00+00:00,1.1188349999999998,1.1232250000000001,1.1185100000000001,1.12291,0
2022-02-28 11:00:00+00:00,1.1228850000000001,1.12289,1.12066,1.121645,0
2022-02-28 11:15:00+00:00,1.1216149999999998,1.12188,1.12101,1.1210499999999999,0
2022-02-28 11:30:00+00:00,1.121045,1.12113,1.12026,1.12029,0
2022-02-28 11:45:00+00:00,1.1203150000000002,1.12072,1.1189200000000001,1.119915,0
2022-02-28 12:00:00+00:00,1.119925,1.1201949999999998,1.1191499999999999,1.119375,0
2022-02-28 12:15:00+00:00,1.11937,1.12061,1.119145,1.120485,0
2022-02-28 12:30:00+00:00,1.12049,1.1208200000000001,1.11963,1.1202999999999999,0
2022-02-28 12:45:00+00:00,1.120275,1.12046,1.1192950000000002,1.1192950000000002,0
2022-02-28 13:00:00+00:00,1.119305,1.1200100000000002,1.119095,1.1198899999999998,0
2022-02-28 13:15:00+00:00,1.119885,1.1199050000000002,1.117925,1.1182249999999998,0
2022-02-28 13:30:00+00:00,1.118245,1.1212550000000001,1.118245,1.121205,0
2022-02-28 13:45:00+00:00,1.121195,1.12168,1.1205500000000002,1.1212650000000002,0
2022-02-28 14:00:00+00:00,1.1212849999999999,1.121575,1.120485,1.1206800000000001,0
2022-02-28 14:15:00+00:00,1.1206749999999999,1.121565,1.1205349999999998,1.121295,0
2022-02-28 14:30:00+00:00,1.12128,1.122935,1.1210049999999998,1.1225100000000001,0
2022-02-28 14:45:00+00:00,1.1225049999999999,1.1229749999999998,1.1222050000000001,1.1222050000000001,0
2022-02-28 15:00:00+00:00,1.122195,1.123645,1.122045,1.1222949999999998,0
2022-02-28 15:15:00+00:00,1.1222850000000002,1.123255,1.1213549999999999,1.121505,0
2022-02-28 15:30:00+00:00,1.121505,1.122425,1.121025,1.1216949999999999,0
2022-02-28 15:45:00+00:00,1.12167,1.123585,1.120075,1.12317,0
2022-02-28 16:00:00+00:00,1.12316,1.12381,1.12173,1.1220949999999998,0
2022-02-28 16:15:00+00:00,1.1221,1.1246550000000002,1.1220599999999998,1.1244399999999999,0
2022-02-28 16:30:00+00:00,1.124455,1.12447,1.1224500000000002,1.12275,0
2022-02-28 16:45:00+00:00,1.1227550000000002,1.1228799999999999,1.121685,1.122445,0
2022-02-28 17:00:00+00:00,1.12244,1.1228500000000001,1.1213899999999999,1.122135,0
2022-02-28 17:15:00+00:00,1.12214,1.122405,1.120725,1.120875,0
2022-02-28 17:30:00+00:00,1.120905,1.12093,1.11975,1.1199249999999998,0
2022-02-28 17:45:00+00:00,1.119915,1.1206800000000001,1.119915,1.120505,0
2022-02-28 18:00:00+00:00,1.1204999999999998,1.121105,1.1204800000000001,1.12103,0
2022-02-28 18:15:00+00:00,1.12099,1.12099,1.120355,1.120775,0
2022-02-28 18:30:00+00:00,1.1207850000000001,1.1213950000000001,1.120755,1.121145,0
2022-02-28 18:45:00+00:00,1.12114,1.1216149999999998,1.1209099999999999,1.121515,0
2022-02-28 19:00:00+00:00,1.12151,1.12151,1.120385,1.1207349999999998,0
2022-02-28 19:15:00+00:00,1.1207449999999999,1.121115,1.1204999999999998,1.1206749999999999,0
2022-02-28 19:30:00+00:00,1.1206649999999998,1.12124,1.120485,1.12124,0
2022-02-28 19:45:00+00:00,1.121245,1.122375,1.1210149999999999,1.1222400000000001,0
2022-03-01 15:00:00+00:00,1.115135,1.1151499999999999,1.1128200000000001,1.1129850000000001,0
2022-03-01 15:15:00+00:00,1.11301,1.114695,1.11301,1.113925,0
2022-03-01 15:30:00+00:00,1.11392,1.114445,1.113315,1.1140150000000002,0
2022-03-01 15:45:00+00:00,1.1140400000000001,1.114485,1.113175,1.11402,0
2022-03-02 00:00:00+00:00,1.113225,1.1133549999999999,1.1121750000000001,1.1125500000000001,0
2022-03-02 00:15:00+00:00,1.1125699999999998,1.113375,1.1125699999999998,1.1128550000000001,0
2022-03-02 00:30:00+00:00,1.1128550000000001,1.11293,1.1125099999999999,1.1125150000000001,0
2022-03-02 00:45:00+00:00,1.1125099999999999,1.1127850000000001,1.11236,1.11266,0
2022-03-02 05:00:00+00:00,1.112305,1.1123150000000002,1.111645,1.111645,0
2022-03-02 05:15:00+00:00,1.1116199999999998,1.1117400000000002,1.1113300000000002,1.1115,0
2022-03-02 05:30:00+00:00,1.1114950000000001,1.111785,1.11134,1.11163,0
2022-03-02 05:45:00+00:00,1.1116199999999998,1.1117,1.1113849999999998,1.1114899999999999,0
2022-03-02 17:00:00+00:00,1.110245,1.11036,1.1087449999999999,1.109525,0
2022-03-02 17:15:00+00:00,1.10953,1.1098249999999998,1.10813,1.108535,0
2022-03-02 17:30:00+00:00,1.10852,1.10933,1.107875,1.109275,0
2022-03-02 17:45:00+00:00,1.10928,1.110375,1.1090499999999999,1.110265,0
2022-03-03 07:00:00+00:00,1.110445,1.1105900000000002,1.1100400000000001,1.1100400000000001,0
2022-03-03 07:15:00+00:00,1.11003,1.110205,1.10951,1.110065,0
2022-03-03 07:30:00+00:00,1.1100599999999998,1.1100750000000001,1.1095350000000002,1.109795,0
2022-03-03 07:45:00+00:00,1.1098,1.11014,1.1091250000000001,1.109765,0
2022-03-03 23:00:00+00:00,1.1066250000000002,1.106725,1.106525,1.10662,0
2022-03-03 23:15:00+00:00,1.1066349999999998,1.10671,1.10632,1.106515,0
2022-03-03 23:30:00+00:00,1.106525,1.1067900000000002,1.1063649999999998,1.10662,0
2022-03-03 23:45:00+00:00,1.1066150000000001,1.106675,1.106475,1.106585,0
2022-03-04 01:00:00+00:00,1.10124,1.10282,1.1011449999999998,1.101645,0
2022-03-04 01:15:00+00:00,1.1016400000000002,1.102545,1.101315,1.102325,0
2022-03-04 01:30:00+00:00,1.102335,1.10256,1.101785,1.10194,0
2022-03-04 01:45:00+00:00,1.10195,1.1052,1.101905,1.1049099999999998,0
2022-03-04 13:00:00+00:00,1.09374,1.09449,1.092435,1.092915,0
2022-03-04 13:15:00+00:00,1.0929099999999998,1.09389,1.092565,1.09342,0
2022-03-04 13:30:00+00:00,1.09341,1.0944500000000001,1.09005,1.090795,0
2022-03-04 13:45:00+00:00,1.0908099999999998,1.0912000000000002,1.088575,1.0908950000000002,0
2022-03-04 21:00:00+00:00,1.093455,1.0935,1.0930499999999999,1.0931449999999998,0
2022-03-04 21:15:00+00:00,1.09315,1.093305,1.0927250000000002,1.0929,0
2022-03-04 21:30:00+00:00,1.092895,1.09362,1.0925600000000002,1.093595,0
2022-03-04 21:45:00+00:00,1.09359,1.094065,1.09291,1.093485,0
2022-03-07 03:00:00+00:00,1.084575,1.084945,1.0841,1.0849250000000001,0
2022-03-07 03:15:00+00:00,1.08493,1.088665,1.0849250000000001,1.087355,0
2022-03-07 03:30:00+00:00,1.087335,1.087585,1.086655,1.086765,0
2022-03-07 03:45:00+00:00,1.08677,1.08743,1.08676,1.0871149999999998,0
2022-03-07 22:00:00+00:00,1.085395,1.085775,1.08499,1.0851199999999999,0
2022-03-07 22:15:00+00:00,1.08511,1.08549,1.08506,1.0853350000000002,0
2022-03-07 22:30:00+00:00,1.08531,1.0854949999999999,1.0852,1.085215,0
2022-03-07 22:45:00+00:00,1.08522,1.085425,1.085215,1.085415,0
2022-03-09 03:00:00+00:00,1.091625,1.091755,1.0914700000000002,1.0915499999999998,0
2022-03-09 03:15:00+00:00,1.091545,1.091555,1.090865,1.09112,0
2022-03-09 03:30:00+00:00,1.091125,1.0915949999999999,1.09107,1.0915599999999999,0
2022-03-09 03:45:00+00:00,1.0915650000000001,1.091605,1.090525,1.0907399999999998,0
2022-03-10 12:00:00+00:00,1.10399,1.1044550000000002,1.1036700000000002,1.1044,0
2022-03-10 12:15:00+00:00,1.1044200000000002,1.10492,1.1041500000000002,1.10453,0
2022-03-10 12:30:00+00:00,1.104555,1.1046,1.10331,1.10387,0
2022-03-10 12:45:00+00:00,1.10386,1.11213,1.10374,1.109835,0
2022-03-10 16:00:00+00:00,1.1018750000000002,1.1019999999999999,1.10057,1.101295,0
2022-03-10 16:15:00+00:00,1.10128,1.10128,1.09958,1.100415,0
2022-03-10 16:30:00+00:00,1.1004200000000002,1.100985,1.100075,1.100325,0
2022-03-10 16:45:00+00:00,1.10033,1.1011199999999999,1.1001750000000001,1.1006749999999998,0
2022-03-13 21:00:00+00:00,1.09236,1.092695,1.09206,1.0925,0
2022-03-13 21:15:00+00:00,1.092505,1.0925600000000002,1.0924200000000002,1.092485,0
2022-03-13 21:30:00+00:00,1.092465,1.09247,1.091715,1.091795,0
2022-03-13 21:45:00+00:00,1.0918,1.0919349999999999,1.091745,1.091895,0
2022-03-13 23:00:00+00:00,1.0928,1.09349,1.0925850000000001,1.09286,0
2022-03-13 23:15:00+00:00,1.09287,1.09359,1.09268,1.09337,0
2022-03-13 23:30:00+00:00,1.093365,1.09356,1.0928200000000001,1.09342,0
2022-03-13 23:45:00+00:00,1.093415,1.09389,1.093185,1.093185,0
2022-03-14 11:00:00+00:00,1.096075,1.09652,1.0960299999999998,1.096505,0
2022-03-14 11:15:00+00:00,1.0965099999999999,1.0966900000000002,1.09498,1.0952700000000002,0
2022-03-14 11:30:00+00:00,1.095275,1.09572,1.0948600000000002,1.0950000000000002,0
2022-03-14 11:45:00+00:00,1.095005,1.0951300000000002,1.09401,1.0943200000000002,0
2022-03-15 23:00:00+00:00,1.0964900000000002,1.096505,1.096005,1.096005,0
2022-03-15 23:15:00+00:00,1.0960100000000002,1.096325,1.095875,1.09593,0
2022-03-15 23:30:00+00:00,1.095965,1.0974149999999998,1.09578,1.0972650000000002,0
2022-03-15 23:45:00+00:00,1.09726,1.09742,1.0965500000000001,1.096695,0
2022-03-17 01:00:00+00:00,1.1051549999999999,1.10521,1.104385,1.104395,0
2022-03-17 01:15:00+00:00,1.10439,1.1048900000000001,1.103955,1.10406,0
2022-03-17 01:30:00+00:00,1.10409,1.1043699999999999,1.10327,1.10341,0
2022-03-17 01:45:00+00:00,1.103415,1.1037949999999999,1.10299,1.1036000000000001,0
2022-03-17 08:00:00+00:00,1.1044749999999999,1.1050650000000002,1.10397,1.104965,0
2022-03-17 08:15:00+00:00,1.104975,1.106715,1.104955,1.105705,0
2022-03-17 08:30:00+00:00,1.1057350000000001,1.1059999999999999,1.1050049999999998,1.1053899999999999,0
2022-03-17 08:45:00+00:00,1.105385,1.105595,1.1050849999999999,1.105295,0
2022-03-17 12:00:00+00:00,1.1051199999999999,1.10655,1.104025,1.104685,0
2022-03-17 12:15:00+00:00,1.10473,1.1057649999999999,1.10452,1.105035,0
2022-03-17 12:30:00+00:00,1.105025,1.10527,1.10415,1.1051250000000001,0
2022-03-17 12:45:00+00:00,1.10514,1.10521,1.104225,1.10459,0
2022-03-17 20:00:00+00:00,1.109855,1.1099999999999999,1.1093250000000001,1.109655,0
2022-03-17 20:15:00+00:00,1.10965,1.10965,1.109065,1.1092149999999998,0
2022-03-17 20:30:00+00:00,1.10921,1.109365,1.10895,1.10934,0
2022-03-17 20:45:00+00:00,1.109345,1.1093799999999998,1.109005,1.109155,0
2022-03-18 06:00:00+00:00,1.1084100000000001,1.108735,1.10832,1.108495,0
2022-03-18 06:15:00+00:00,1.1084999999999998,1.1093199999999999,1.108255,1.10922,0
2022-03-18 06:30:00+00:00,1.1092,1.10944,1.10914,1.109375,0
2022-03-18 06:45:00+00:00,1.109365,1.109365,1.1082049999999999,1.108355,0
2022-03-22 04:00:00+00:00,1.100255,1.100285,1.0994000000000002,1.0994549999999998,0
2022-03-22 04:15:00+00:00,1.09946,1.09946,1.09864,1.09912,0
2022-03-22 04:30:00+00:00,1.0991149999999998,1.09937,1.09855,1.09887,0
2022-03-22 04:45:00+00:00,1.0988449999999998,1.09896,1.098405,1.098555,0
2022-03-23 00:00:00+00:00,1.10298,1.1032199999999999,1.1024699999999998,1.1025049999999998,0
2022-03-23 00:15:00+00:00,1.10251,1.10257,1.10223,1.102405,0
2022-03-23 00:30:00+00:00,1.102425,1.102565,1.102315,1.1024150000000001,0
2022-03-23 00:45:00+00:00,1.10239,1.102605,1.1020949999999998,1.102535,0
2022-03-23 06:00:00+00:00,1.1037050000000002,1.1037050000000002,1.103425,1.10351,0
2022-03-23 06:15:00+00:00,1.1034950000000001,1.103985,1.10344,1.10382,0
2022-03-23 06:30:00+00:00,1.103825,1.1038700000000001,1.103215,1.10346,0
2022-03-23 06:45:00+00:00,1.1034700000000002,1.10366,1.103085,1.1031,0
2022-03-23 15:00:00+00:00,1.09783,1.0992350000000002,1.0976599999999999,1.0991849999999999,0
2022-03-23 15:15:00+00:00,1.099215,1.099875,1.098945,1.099465,0
2022-03-23 15:30:00+00:00,1.099475,1.100415,1.098945,1.100055,0
2022-03-23 15:45:00+00:00,1.1000649999999998,1.10052,1.0994000000000002,1.10018,0
2022-03-23 22:00:00+00:00,1.1007500000000001,1.101,1.1004450000000001,1.1004450000000001,0
2022-03-23 22:15:00+00:00,1.100455,1.1004749999999999,1.100105,1.1004749999999999,0
2022-03-23 22:30:00+00:00,1.100455,1.10058,1.1004450000000001,1.1005449999999999,0
2022-03-23 22:45:00+00:00,1.10055,1.100555,1.100215,1.100275,0
2022-03-24 00:00:00+00:00,1.100595,1.1011250000000001,1.1005,1.101075,0
2022-03-24 00:15:00+00:00,1.1010900000000001,1.101385,1.100665,1.1007449999999999,0
2022-03-24 00:30:00+00:00,1.10074,1.101075,1.10058,1.1008399999999998,0
2022-03-24 00:45:00+00:00,1.100845,1.101045,1.10013,1.10026,0
2022-03-24 23:00:00+00:00,1.10061,1.100985,1.100375,1.100985,0
2022-03-24 23:15:00+00:00,1.10099,1.10099,1.1008049999999998,1.10081,0
2022-03-24 23:30:00+00:00,1.1008049999999998,1.1008049999999998,1.1004399999999999,1.100455,0
2022-03-24 23:45:00+00:00,1.10045,1.1009799999999998,1.1004049999999999,1.10086,0
2022-03-25 18:00:00+00:00,1.099075,1.099675,1.098965,1.09932,0
2022-03-25 18:15:00+00:00,1.0993300000000001,1.0996000000000001,1.0987550000000001,1.098795,0
2022-03-25 18:30:00+00:00,1.098785,1.09883,1.0985049999999998,1.098535,0
2022-03-25 18:45:00+00:00,1.0985399999999998,1.099005,1.0983550000000002,1.09869,0
2022-03-27 23:00:00+00:00,1.0981100000000001,1.09816,1.09774,1.09815,0
2022-03-27 23:15:00+00:00,1.098155,1.09844,1.098095,1.09827,0
2022-03-27 23:30:00+00:00,1.098285,1.0984250000000002,1.098175,1.098425,0
2022-03-27 23:45:00+00:00,1.09843,1.09845,1.0980249999999998,1.09815,0
2022-03-28 22:00:00+00:00,1.09862,1.09894,1.09852,1.0986500000000001,0
2022-03-28 22:15:00+00:00,1.09866,1.099235,1.09862,1.098935,0
2022-03-28 22:30:00+00:00,1.098935,1.09943,1.0989200000000001,1.0992099999999998,0
2022-03-28 22:45:00+00:00,1.099205,1.0993849999999998,1.0988449999999998,1.09885,0
2022-03-29 19:00:00+00:00,1.10892,1.10919,1.1086200000000002,1.108825,0
2022-03-29 19:15:00+00:00,1.10883,1.109435,1.1088049999999998,1.109185,0
2022-03-29 19:30:00+00:00,1.1092,1.10921,1.108345,1.108565,0
2022-03-29 19:45:00+00:00,1.10854,1.1088550000000001,1.1084450000000001,1.1088550000000001,0
2022-03-30 12:00:00+00:00,1.11388,1.1140150000000002,1.112575,1.112575,0
2022-03-30 12:15:00+00:00,1.11258,1.1130849999999999,1.1112000000000002,1.11157,0
2022-03-30 12:30:00+00:00,1.1115599999999999,1.113035,1.1115499999999998,1.1129850000000001,0
2022-03-30 12:45:00+00:00,1.1129799999999999,1.113,1.11184,1.112505,0
2022-03-30 16:00:00+00:00,1.116295,1.116565,1.115625,1.115735,0
2022-03-30 16:15:00+00:00,1.11575,1.116035,1.1155050000000002,1.115675,0
2022-03-30 16:30:00+00:00,1.115665,1.1157849999999998,1.115215,1.1154950000000001,0
2022-03-30 16:45:00+00:00,1.1155,1.115935,1.1154350000000002,1.115735,0
2022-03-30 21:00:00+00:00,1.11584,1.1159,1.1158000000000001,1.115815,0
2022-03-30 21:15:00+00:00,1.11586,1.116025,1.1158100000000002,1.116025,0
2022-03-30 21:30:00+00:00,1.11603,1.11611,1.11577,1.1158350000000001,0
2022-03-30 21:45:00+00:00,1.11584,1.1159050000000001,1.115745,1.1158199999999998,0
2022-03-31 22:00:00+00:00,1.106745,1.1069849999999999,1.1066799999999999,1.10675,0
2022-03-31 22:15:00+00:00,1.106745,1.10748,1.1066799999999999,1.1072600000000001,0
2022-03-31 22:30:00+00:00,1.107255,1.1075300000000001,1.1071499999999999,1.10735,0
2022-03-31 22:45:00+00:00,1.10736,1.10762,1.10724,1.1073300000000001,0
2022-04-01 00:00:00+00:00,1.1072950000000001,1.1074700000000002,1.106555,1.10687,0
2022-04-01 00:15:00+00:00,1.106865,1.10697,1.1062349999999999,1.1062850000000002,0
2022-04-01 00:30:00+00:00,1.1062750000000001,1.1063749999999999,1.1059700000000001,1.1061450000000002,0
2022-04-01 00:45:00+00:00,1.10615,1.10683,1.106125,1.1067399999999998,0
2022-04-01 12:00:00+00:00,1.1048550000000001,1.105245,1.104665,1.1051950000000001,0
2022-04-01 12:15:00+00:00,1.105165,1.1053700000000002,1.1043349999999998,1.1052149999999998,0
2022-04-01 12:30:00+00:00,1.1052,1.1056050000000002,1.103675,1.10542,0
2022-04-01 12:45:00+00:00,1.1054400000000002,1.105925,1.104255,1.1044,0
2022-04-01 13:00:00+00:00,1.1044049999999999,1.105385,1.1042550000000002,1.1048049999999998,0
2022-04-01 13:15:00+00:00,1.10481,1.10484,1.10402,1.1043699999999999,0
2022-04-01 13:30:00+00:00,1.104345,1.1047150000000001,1.1038649999999999,1.104225,0
2022-04-01 13:45:00+00:00,1.10422,1.104695,1.10404,1.1044749999999999,0
2022-04-01 17:00:00+00:00,1.10404,1.10406,1.1033650000000002,1.1033849999999998,0
2022-04-01 17:15:00+00:00,1.103375,1.1037,1.103265,1.103555,0
2022-04-01 17:30:00+00:00,1.1035599999999999,1.104025,1.10351,1.104005,0
2022-04-01 17:45:00+00:00,1.103985,1.1042649999999998,1.103945,1.1039599999999998,0
2022-04-01 19:00:00+00:00,1.10391,1.10439,1.10391,1.1042550000000002,0
2022-04-01 19:15:00+00:00,1.10425,1.10425,1.10397,1.1040649999999999,0
2022-04-01 19:30:00+00:00,1.104055,1.10436,1.104015,1.1041699999999999,0
2022-04-01 19:45:00+00:00,1.1041750000000001,1.10479,1.1041349999999999,1.10479,0
2022-04-04 01:00:00+00:00,1.10492,1.1049600000000002,1.104565,1.10462,0
2022-04-04 01:15:00+00:00,1.10463,1.1050149999999999,1.104355,1.104895,0
2022-04-04 01:30:00+00:00,1.10491,1.105455,1.10491,1.105255,0
2022-04-04 01:45:00+00:00,1.105245,1.105255,1.1048499999999999,1.10492,0
2022-04-06 05:00:00+00:00,1.089685,1.090065,1.089585,1.089655,0
2022-04-06 05:15:00+00:00,1.08967,1.089755,1.0894499999999998,1.089515,0
2022-04-06 05:30:00+00:00,1.089505,1.089775,1.089485,1.0894949999999999,0
2022-04-06 05:45:00+00:00,1.08948,1.089525,1.0883500000000002,1.08838,0
2022-04-06 07:00:00+00:00,1.088825,1.08928,1.08838,1.0887799999999999,0
2022-04-06 07:15:00+00:00,1.0887850000000001,1.09021,1.0887850000000001,1.0888900000000001,0
2022-04-06 07:30:00+00:00,1.088895,1.0893350000000002,1.0884999999999998,1.08907,0
2022-04-06 07:45:00+00:00,1.08908,1.08975,1.08879,1.08954,0
2022-04-06 19:00:00+00:00,1.0899450000000002,1.090635,1.0896849999999998,1.089885,0
2022-04-06 19:15:00+00:00,1.089895,1.089995,1.0894750000000002,1.08952,0
2022-04-06 19:30:00+00:00,1.08951,1.0898750000000001,1.089175,1.0898150000000002,0
2022-04-06 19:45:00+00:00,1.089775,1.09023,1.0896249999999998,1.0900500000000002,0
2022-04-07 16:00:00+00:00,1.089855,1.0900150000000002,1.08867,1.08868,0
2022-04-07 16:15:00+00:00,1.088685,1.0888900000000001,1.0882299999999998,1.0886900000000002,0
2022-04-07 16:30:00+00:00,1.0886900000000002,1.088755,1.08798,1.088085,0
2022-04-07 16:45:00+00:00,1.08812,1.088345,1.087645,1.0877249999999998,0
2022-04-07 18:00:00+00:00,1.0883250000000002,1.08866,1.0881750000000001,1.088435,0
2022-04-07 18:15:00+00:00,1.08843,1.0888550000000001,1.0883150000000001,1.0883150000000001,0
2022-04-07 18:30:00+00:00,1.0883250000000002,1.088445,1.087685,1.0877750000000002,0
2022-04-07 18:45:00+00:00,1.0877400000000002,1.0882450000000001,1.087395,1.0880049999999999,0
2022-04-07 22:00:00+00:00,1.087985,1.0882399999999999,1.087965,1.08816,0
2022-04-07 22:15:00+00:00,1.08818,1.08819,1.08776,1.088015,0
2022-04-07 22:30:00+00:00,1.0880049999999999,1.088025,1.08765,1.087715,0
2022-04-07 22:45:00+00:00,1.08771,1.08771,1.087245,1.08751,0
2022-04-08 08:00:00+00:00,1.0867300000000002,1.08792,1.086525,1.087485,0
2022-04-08 08:15:00+00:00,1.0875,1.0876450000000002,1.086655,1.086655,0
2022-04-08 08:30:00+00:00,1.0866799999999999,1.0869650000000002,1.0862349999999998,1.08685,0
2022-04-08 08:45:00+00:00,1.086865,1.0868950000000002,1.08606,1.0866799999999999,0
2022-04-08 09:00:00+00:00,1.0866699999999998,1.087535,1.0864349999999998,1.08705,0
2022-04-08 09:15:00+00:00,1.08707,1.087945,1.087005,1.0876549999999998,0
2022-04-08 09:30:00+00:00,1.08764,1.087735,1.0867300000000002,1.0869749999999998,0
2022-04-08 09:45:00+00:00,1.086995,1.087285,1.0867900000000001,1.08692,0
2022-04-08 10:00:00+00:00,1.086885,1.08698,1.08633,1.08658,0
2022-04-08 10:15:00+00:00,1.0865900000000002,1.08832,1.08656,1.087605,0
2022-04-08 10:30:00+00:00,1.0876100000000002,1.088835,1.08761,1.08867,0
2022-04-08 10:45:00+00:00,1.088665,1.089185,1.08847,1.0886200000000001,0
2022-04-08 15:00:00+00:00,1.087265,1.088165,1.087205,1.087805,0
2022-04-08 15:15:00+00:00,1.0878100000000002,1.088015,1.08717,1.087265,0
2022-04-08 15:30:00+00:00,1.08723,1.0876700000000001,1.087065,1.08721,0
2022-04-08 15:45:00+00:00,1.0872199999999999,1.087545,1.087,1.087415,0
2022-04-08 19:00:00+00:00,1.08839,1.088485,1.0876350000000001,1.0878649999999999,0
2022-04-08 19:15:00+00:00,1.087855,1.088085,1.08765,1.0877949999999998,0
2022-04-08 19:30:00+00:00,1.0878,1.0878649999999999,1.0875400000000002,1.087685,0
2022-04-08 19:45:00+00:00,1.0876899999999998,1.08785,1.08752,1.087815,0
2022-04-12 00:00:00+00:00,1.08771,1.0887449999999999,1.0875599999999999,1.088445,0
2022-04-12 00:15:00+00:00,1.0884749999999999,1.0884800000000001,1.0878100000000002,1.08804,0
2022-04-12 00:30:00+00:00,1.088055,1.088145,1.08728,1.08737,0
2022-04-12 00:45:00+00:00,1.0873750000000002,1.08764,1.08711,1.08746,0
2022-04-12 11:00:00+00:00,1.0867200000000001,1.086855,1.08636,1.0867200000000001,0
2022-04-12 11:15:00+00:00,1.0867049999999998,1.0867200000000001,1.08582,1.086135,0
2022-04-12 11:30:00+00:00,1.0861299999999998,1.08653,1.08547,1.0855299999999999,0
2022-04-12 11:45:00+00:00,1.085555,1.0863200000000002,1.08549,1.08624,0
2022-04-12 13:00:00+00:00,1.089565,1.090335,1.088085,1.0882800000000001,0
2022-04-12 13:15:00+00:00,1.0882749999999999,1.088375,1.0872350000000002,1.0877249999999998,0
2022-04-12 13:30:00+00:00,1.08772,1.088165,1.086885,1.0873750000000002,0
2022-04-12 13:45:00+00:00,1.08741,1.087895,1.086905,1.087015,0
2022-04-13 06:00:00+00:00,1.08436,1.0844900000000002,1.0836999999999999,1.084175,0
2022-04-13 06:15:00+00:00,1.0841699999999999,1.0841699999999999,1.082595,1.082745,0
2022-04-13 06:30:00+00:00,1.0827200000000001,1.083195,1.0824699999999998,1.08305,0
2022-04-13 06:45:00+00:00,1.08304,1.08318,1.0821399999999999,1.082185,0
2022-04-13 10:00:00+00:00,1.0835,1.08355,1.0826799999999999,1.083145,0
2022-04-13 10:15:00+00:00,1.083155,1.083155,1.08262,1.082865,0
2022-04-13 10:30:00+00:00,1.08287,1.0829300000000002,1.08253,1.08263,0
2022-04-13 10:45:00+00:00,1.0826349999999998,1.08277,1.082335,1.0826950000000002,0
2022-04-13 16:00:00+00:00,1.08717,1.088625,1.08717,1.08861,0
2022-04-13 16:15:00+00:00,1.0886200000000001,1.089435,1.0881949999999998,1.0884550000000002,0
2022-04-13 16:30:00+00:00,1.0884749999999999,1.0889199999999999,1.08826,1.0884999999999998,0
2022-04-13 16:45:00+00:00,1.08847,1.08854,1.088095,1.0881949999999998,0
2022-04-13 17:00:00+00:00,1.0882,1.08834,1.0874700000000002,1.08784,0
2022-04-13 17:15:00+00:00,1.087825,1.0886049999999998,1.08772,1.088345,0
2022-04-13 17:30:00+00:00,1.0883349999999998,1.088565,1.0877599999999998,1.08779,0
2022-04-13 17:45:00+00:00,1.08775,1.08785,1.08735,1.0874899999999998,0
2022-04-14 06:00:00+00:00,1.0910350000000002,1.09186,1.091015,1.091685,0
2022-04-14 06:15:00+00:00,1.091695,1.091795,1.091275,1.09152,0
2022-04-14 06:30:00+00:00,1.0915149999999998,1.09234,1.0913300000000001,1.09177,0
2022-04-14 06:45:00+00:00,1.0917750000000002,1.0921349999999999,1.091485,1.091835,0
2022-04-14 11:00:00+00:00,1.0905399999999998,1.0907049999999998,1.090205,1.090605,0
2022-04-14 11:15:00+00:00,1.0906150000000001,1.0907,1.09023,1.09048,0
2022-04-14 11:30:00+00:00,1.0904699999999998,1.091715,1.090405,1.091645,0
2022-04-14 11:45:00+00:00,1.09165,1.091675,1.0863399999999999,1.0865399999999998,0
2022-04-14 15:00:00+00:00,1.077775,1.0817649999999999,1.077375,1.0806399999999998,0
2022-04-14 15:15:00+00:00,1.0806149999999999,1.0817,1.0793249999999999,1.07962,0
2022-04-14 15:30:00+00:00,1.07964,1.080235,1.0783200000000002,1.078995,0
2022-04-14 15:45:00+00:00,1.07896,1.079735,1.078505,1.079725,0
2022-04-15 19:00:00+00:00,1.081025,1.0810300000000002,1.080805,1.080905,0
2022-04-15 19:15:00+00:00,1.0808849999999999,1.0809950000000002,1.08067,1.0807,0
2022-04-15 19:30:00+00:00,1.0806900000000002,1.080985,1.0806900000000002,1.080815,0
2022-04-15 19:45:00+00:00,1.0808200000000001,1.0809350000000002,1.080765,1.080905,0
2022-04-18 15:00:00+00:00,1.0792700000000002,1.07979,1.07897,1.07914,0
2022-04-18 15:15:00+00:00,1.0791300000000001,1.0792199999999998,1.0786600000000002,1.07871,0
2022-04-18 15:30:00+00:00,1.0787399999999998,1.0790700000000002,1.07869,1.0788250000000001,0
2022-04-18 15:45:00+00:00,1.07882,1.07904,1.078315,1.0783800000000001,0
2022-04-18 16:00:00+00:00,1.078365,1.078675,1.07714,1.07741,0
2022-04-18 16:15:00+00:00,1.0774050000000002,1.07754,1.0770499999999998,1.07728,0
2022-04-18 16:30:00+00:00,1.077285,1.0775450000000002,1.077175,1.07748,0
2022-04-18 16:45:00+00:00,1.0774599999999999,1.07763,1.077,1.07729,0
2022-04-18 23:00:00+00:00,1.078115,1.0784850000000001,1.0777649999999999,1.078045,0
2022-04-18 23:15:00+00:00,1.0780500000000002,1.0782500000000002,1.078005,1.0781100000000001,0
2022-04-18 23:30:00+00:00,1.0781049999999999,1.0781100000000001,1.07756,1.0777899999999998,0
2022-04-18 23:45:00+00:00,1.077785,1.0781800000000001,1.077785,1.0780150000000002,0
2022-04-19 12:00:00+00:00,1.07959,1.08043,1.079245,1.0802649999999998,0
2022-04-19 12:15:00+00:00,1.080235,1.0802649999999998,1.078905,1.0798299999999998,0
2022-04-19 12:30:00+00:00,1.07984,1.080085,1.07944,1.079535,0
2022-04-19 12:45:00+00:00,1.07952,1.0798999999999999,1.078885,1.0793849999999998,0
2022-04-19 22:00:00+00:00,1.079015,1.07904,1.07881,1.07885,0
2022-04-19 22:15:00+00:00,1.078855,1.07918,1.0787499999999999,1.07917,0
2022-04-19 22:30:00+00:00,1.0791849999999998,1.07927,1.07891,1.0790199999999999,0
2022-04-19 22:45:00+00:00,1.07901,1.07911,1.07884,1.0790199999999999,0
2022-04-20 00:00:00+00:00,1.079445,1.079725,1.079155,1.079305,0
2022-04-20 00:15:00+00:00,1.07928,1.0793750000000002,1.07877,1.07894,0
2022-04-20 00:30:00+00:00,1.078935,1.0790000000000002,1.0787149999999999,1.07896,0
2022-04-20 00:45:00+00:00,1.0789499999999999,1.07991,1.07882,1.079655,0
2022-04-20 17:00:00+00:00,1.0842999999999998,1.0848149999999999,1.08412,1.08441,0
2022-04-20 17:15:00+00:00,1.08439,1.0849199999999999,1.083985,1.0847099999999998,0
2022-04-20 17:30:00+00:00,1.0847250000000002,1.08507,1.08441,1.0848149999999999,0
2022-04-20 17:45:00+00:00,1.0848200000000001,1.08524,1.084715,1.085175,0
2022-04-21 03:00:00+00:00,1.0825900000000002,1.083015,1.082365,1.08294,0
2022-04-21 03:15:00+00:00,1.082905,1.08305,1.08263,1.08287,0
2022-04-21 03:30:00+00:00,1.082875,1.083175,1.082735,1.083135,0
2022-04-21 03:45:00+00:00,1.0831300000000001,1.08314,1.0825399999999998,1.0830549999999999,0
2022-04-21 04:00:00+00:00,1.083065,1.08324,1.0829749999999998,1.083235,0
2022-04-21 04:15:00+00:00,1.08324,1.083545,1.08321,1.083285,0
2022-04-21 04:30:00+00:00,1.0832700000000002,1.083445,1.0831499999999998,1.0833,0
2022-04-21 04:45:00+00:00,1.083315,1.0833249999999999,1.0829149999999998,1.08323,0
2022-04-21 19:00:00+00:00,1.08384,1.0842100000000001,1.08355,1.08365,0
2022-04-21 19:15:00+00:00,1.08366,1.08377,1.0833,1.0836450000000002,0
2022-04-21 19:30:00+00:00,1.08364,1.08364,1.083125,1.083205,0
2022-04-21 19:45:00+00:00,1.08321,1.084035,1.083065,1.08385,0
2022-04-24 21:00:00+00:00,1.08093,1.08099,1.07975,1.07998,0
2022-04-24 21:15:00+00:00,1.080005,1.081045,1.080005,1.080775,0
2022-04-24 21:30:00+00:00,1.0808,1.0808200000000001,1.08036,1.08068,0
2022-04-24 21:45:00+00:00,1.080675,1.08083,1.0804550000000002,1.080735,0
2022-04-25 09:00:00+00:00,1.0745149999999999,1.0749,1.0740699999999999,1.0743900000000002,0
2022-04-25 09:15:00+00:00,1.0744099999999999,1.07462,1.073585,1.0741800000000001,0
2022-04-25 09:30:00+00:00,1.0741749999999999,1.074615,1.0734650000000001,1.0745749999999998,0
2022-04-25 09:45:00+00:00,1.07457,1.0746449999999999,1.0730300000000002,1.07308,0
2022-04-26 04:00:00+00:00,1.0732400000000002,1.073335,1.0728749999999998,1.073125,0
2022-04-26 04:15:00+00:00,1.0731199999999999,1.0733199999999998,1.0729199999999999,1.0729199999999999,0
2022-04-26 04:30:00+00:00,1.0729549999999999,1.07307,1.07268,1.0728499999999999,0
2022-04-26 04:45:00+00:00,1.072835,1.072845,1.07266,1.07281,0
2022-04-26 21:00:00+00:00,1.063785,1.063865,1.063665,1.063685,0
2022-04-26 21:15:00+00:00,1.063695,1.06398,1.063695,1.063805,0
2022-04-26 21:30:00+00:00,1.06382,1.063875,1.06378,1.06387,0
2022-04-26 21:45:00+00:00,1.06386,1.064,1.0637949999999998,1.06381,0
2022-04-27 08:00:00+00:00,1.0623900000000002,1.0625,1.061125,1.0616599999999998,0
2022-04-27 08:15:00+00:00,1.061645,1.0624250000000002,1.061235,1.061255,0
2022-04-27 08:30:00+00:00,1.0612499999999998,1.061455,1.0599850000000002,1.060095,0
2022-04-27 08:45:00+00:00,1.06012,1.06104,1.058545,1.0588799999999998,0
2022-04-27 11:00:00+00:00,1.0610499999999998,1.06107,1.0601850000000002,1.06057,0
2022-04-27 11:15:00+00:00,1.060565,1.060565,1.05928,1.0593400000000002,0
2022-04-27 11:30:00+00:00,1.059355,1.059485,1.0585499999999999,1.0589,0
2022-04-27 11:45:00+00:00,1.058885,1.05918,1.05808,1.0584600000000002,0
2022-04-27 23:00:00+00:00,1.05508,1.05538,1.05496,1.055075,0
2022-04-27 23:15:00+00:00,1.055085,1.0551400000000002,1.05496,1.0549650000000002,0
2022-04-27 23:30:00+00:00,1.05497,1.05531,1.05496,1.05528,0
2022-04-27 23:45:00+00:00,1.055285,1.055635,1.05528,1.0554350000000001,0
2022-04-28 18:00:00+00:00,1.04997,1.0503399999999998,1.04979,1.0503,0
2022-04-28 18:15:00+00:00,1.0502950000000002,1.051015,1.05023,1.0508099999999998,0
2022-04-28 18:30:00+00:00,1.0508199999999999,1.05098,1.050155,1.050385,0
2022-04-28 18:45:00+00:00,1.0503900000000002,1.0510199999999998,1.0503200000000001,1.050465,0
2022-04-29 16:00:00+00:00,1.05402,1.05402,1.053255,1.05355,0
2022-04-29 16:15:00+00:00,1.0535299999999999,1.0548549999999999,1.0534949999999998,1.05417,0
2022-04-29 16:30:00+00:00,1.0541649999999998,1.054635,1.053925,1.0542799999999999,0
2022-04-29 16:45:00+00:00,1.054275,1.054995,1.0542349999999998,1.05494,0
2022-04-29 17:00:00+00:00,1.05492,1.056695,1.054875,1.0566849999999999,0
2022-04-29 17:15:00+00:00,1.0566650000000002,1.05765,1.0563349999999998,1.0573350000000001,0
2022-04-29 17:30:00+00:00,1.05734,1.0576249999999998,1.056985,1.057415,0
2022-04-29 17:45:00+00:00,1.0574249999999998,1.0578750000000001,1.057245,1.0572650000000001,0
2022-04-29 20:00:00+00:00,1.054875,1.05491,1.05423,1.054705,0
2022-04-29 20:15:00+00:00,1.0547,1.0552199999999998,1.0545849999999999,1.0550700000000002,0
2022-04-29 20:30:00+00:00,1.055065,1.055065,1.0542150000000001,1.0544799999999999,0
2022-04-29 20:45:00+00:00,1.054475,1.0547,1.05415,1.0544449999999999,0
2022-05-01 22:00:00+00:00,1.054705,1.05523,1.054605,1.05469,0
2022-05-01 22:15:00+00:00,1.0546600000000002,1.05487,1.053725,1.05374,0
2022-05-01 22:30:00+00:00,1.053735,1.0542099999999999,1.053735,1.05396,0
2022-05-01 22:45:00+00:00,1.0539450000000001,1.05467,1.05393,1.054315,0
2022-05-01 23:00:00+00:00,1.054305,1.054945,1.054205,1.054335,0
2022-05-01 23:15:00+00:00,1.054345,1.054845,1.053995,1.0542099999999999,0
2022-05-01 23:30:00+00:00,1.05422,1.05462,1.054095,1.05442,0
2022-05-01 23:45:00+00:00,1.054405,1.054465,1.053455,1.0535100000000002,0
2022-05-02 00:00:00+00:00,1.0534949999999998,1.05525,1.0534949999999998,1.05521,0
2022-05-02 00:15:00+00:00,1.055215,1.05531,1.054655,1.054655,0
2022-05-02 00:30:00+00:00,1.05463,1.05463,1.053415,1.053445,0
2022-05-02 00:45:00+00:00,1.05345,1.053485,1.05267,1.052945,0
2022-05-02 07:00:00+00:00,1.054845,1.056845,1.0545200000000001,1.05553,0
2022-05-02 07:15:00+00:00,1.055515,1.055835,1.0542449999999999,1.054655,0
2022-05-02 07:30:00+00:00,1.0546799999999998,1.054935,1.054235,1.05485,0
2022-05-02 07:45:00+00:00,1.0548600000000001,1.05503,1.0531899999999998,1.053245,0
2022-05-02 11:00:00+00:00,1.05263,1.05268,1.05166,1.052435,0
2022-05-02 11:15:00+00:00,1.05244,1.0527950000000001,1.052105,1.0527199999999999,0
2022-05-02 11:30:00+00:00,1.052715,1.0527549999999999,1.052015,1.0520649999999998,0
2022-05-02 11:45:00+00:00,1.05207,1.052425,1.0513849999999998,1.051655,0
2022-05-02 12:00:00+00:00,1.0516450000000002,1.0526399999999998,1.05164,1.052375,0
2022-05-02 12:15:00+00:00,1.0523799999999999,1.0529950000000001,1.05206,1.0529799999999998,0
2022-05-02 12:30:00+00:00,1.0529950000000001,1.05328,1.0520450000000001,1.05253,0
2022-05-02 12:45:00+00:00,1.05252,1.05267,1.0508449999999998,1.051065,0
2022-05-02 13:00:00+00:00,1.051085,1.051885,1.05104,1.051495,0
2022-05-02 13:15:00+00:00,1.05149,1.0515400000000001,1.0502799999999999,1.0505849999999999,0
2022-05-02 13:30:00+00:00,1.0505900000000001,1.05233,1.050545,1.0522049999999998,0
2022-05-02 13:45:00+00:00,1.052225,1.0528,1.0518,1.0523850000000001,0
2022-05-02 14:00:00+00:00,1.052415,1.053315,1.051495,1.0525099999999998,0
2022-05-02 14:15:00+00:00,1.0525,1.053535,1.05214,1.053375,0
2022-05-02 14:30:00+00:00,1.0533899999999998,1.05417,1.05298,1.0530050000000002,0
2022-05-02 14:45:00+00:00,1.053,1.05334,1.052235,1.052235,0
2022-05-02 16:00:00+00:00,1.05214,1.0524149999999999,1.05207,1.052165,0
2022-05-02 16:15:00+00:00,1.052155,1.0525950000000002,1.0520999999999998,1.0524650000000002,0
2022-05-02 16:30:00+00:00,1.052495,1.052635,1.0511650000000001,1.05162,0
2022-05-02 16:45:00+00:00,1.0517050000000001,1.052245,1.0502449999999999,1.05092,0
2022-05-02 17:00:00+00:00,1.0509249999999999,1.0510700000000002,1.0501649999999998,1.05036,0
2022-05-02 17:15:00+00:00,1.0503550000000001,1.05083,1.05031,1.050645,0
2022-05-02 17:30:00+00:00,1.05064,1.05074,1.05011,1.05016,0
2022-05-02 17:45:00+00:00,1.05017,1.0501999999999998,1.0493000000000001,1.0493199999999998,0
2022-05-02 19:00:00+00:00,1.0492,1.04986,1.049145,1.0497649999999998,0
2022-05-02 19:15:00+00:00,1.049755,1.0510350000000002,1.049715,1.05067,0
2022-05-02 19:30:00+00:00,1.050665,1.051155,1.05015,1.0502600000000002,0
2022-05-02 19:45:00+00:00,1.050255,1.05097,1.0502500000000001,1.050415,0
2022-05-02 22:00:00+00:00,1.050605,1.0512299999999999,1.0505849999999999,1.0512000000000001,0
2022-05-02 22:15:00+00:00,1.051205,1.051365,1.05103,1.051315,0
2022-05-02 22:30:00+00:00,1.0513,1.0513,1.0508899999999999,1.051025,0
2022-05-02 22:45:00+00:00,1.05105,1.051295,1.051005,1.051005,0
2022-05-03 03:00:00+00:00,1.0513750000000002,1.0513750000000002,1.0507849999999999,1.0512350000000001,0
2022-05-03 03:15:00+00:00,1.05124,1.051745,1.05124,1.0517050000000001,0
2022-05-03 03:30:00+00:00,1.05171,1.05171,1.0513849999999998,1.0514350000000001,0
2022-05-03 03:45:00+00:00,1.0514299999999999,1.05196,1.051425,1.05186,0
2022-05-03 04:00:00+00:00,1.0518550000000002,1.05187,1.05144,1.0516299999999998,0
2022-05-03 04:15:00+00:00,1.051625,1.0517050000000001,1.0514999999999999,1.0515050000000001,0
2022-05-03 04:30:00+00:00,1.051525,1.0524149999999999,1.05103,1.051145,0
2022-05-03 04:45:00+00:00,1.051135,1.051285,1.050185,1.05019,0
2022-05-03 11:00:00+00:00,1.0504250000000002,1.050565,1.04995,1.050125,0
2022-05-03 11:15:00+00:00,1.0501200000000002,1.05158,1.0499049999999999,1.0514100000000002,0
2022-05-03 11:30:00+00:00,1.051415,1.052515,1.05139,1.0516800000000002,0
2022-05-03 11:45:00+00:00,1.0517050000000001,1.0542150000000001,1.0514100000000002,1.053785,0
2022-05-03 15:00:00+00:00,1.053845,1.05483,1.053385,1.054465,0
2022-05-03 15:15:00+00:00,1.054475,1.0547650000000002,1.0536750000000001,1.053985,0
2022-05-03 15:30:00+00:00,1.053995,1.054055,1.053165,1.0534949999999998,0
2022-05-03 15:45:00+00:00,1.05352,1.0536750000000001,1.0531549999999998,1.053195,0
2022-05-03 17:00:00+00:00,1.051565,1.0535649999999999,1.0514450000000002,1.0533350000000001,0
2022-05-03 17:15:00+00:00,1.053315,1.0540500000000002,1.0526650000000002,1.052885,0
2022-05-03 17:30:00+00:00,1.05291,1.053215,1.0524149999999999,1.053215,0
2022-05-03 17:45:00+00:00,1.0532249999999999,1.05325,1.052625,1.052935,0
2022-05-03 23:00:00+00:00,1.05247,1.0526200000000001,1.0522049999999998,1.05236,0
2022-05-03 23:15:00+00:00,1.052355,1.0523799999999999,1.05207,1.0520749999999999,0
2022-05-03 23:30:00+00:00,1.052065,1.052215,1.0520049999999999,1.0520100000000001,0
2022-05-03 23:45:00+00:00,1.0520049999999999,1.0526200000000001,1.051955,1.05253,0
2022-05-04 01:00:00+00:00,1.0525,1.0525799999999998,1.051855,1.051975,0
2022-05-04 01:15:00+00:00,1.0519699999999998,1.0526200000000001,1.051965,1.0526149999999999,0
2022-05-04 01:30:00+00:00,1.0526,1.053095,1.052465,1.0530499999999998,0
2022-05-04 01:45:00+00:00,1.053055,1.05334,1.05273,1.052935,0
2022-05-04 02:00:00+00:00,1.05295,1.053075,1.0525600000000002,1.05257,0
2022-05-04 02:15:00+00:00,1.052585,1.0529899999999999,1.052395,1.052665,0
2022-05-04 02:30:00+00:00,1.05267,1.0527250000000001,1.05222,1.052375,0
2022-05-04 02:45:00+00:00,1.052365,1.0524149999999999,1.051955,1.052015,0
2022-05-04 03:00:00+00:00,1.0520200000000002,1.052375,1.05193,1.0521500000000001,0
2022-05-04 03:15:00+00:00,1.0521449999999999,1.0521449999999999,1.051655,1.051815,0
2022-05-04 03:30:00+00:00,1.0518200000000002,1.051825,1.051405,1.051725,0
2022-05-04 03:45:00+00:00,1.05172,1.051765,1.05158,1.0516299999999998,0
2022-05-04 07:00:00+00:00,1.051405,1.0528499999999998,1.0512899999999998,1.052025,0
2022-05-04 07:15:00+00:00,1.0520200000000002,1.0521449999999999,1.05077,1.05124,0
2022-05-04 07:30:00+00:00,1.051245,1.05268,1.0511,1.052425,0
2022-05-04 07:45:00+00:00,1.0524300000000002,1.0526849999999999,1.052065,1.0524149999999999,0
2022-05-04 08:00:00+00:00,1.052425,1.05284,1.0518800000000001,1.05241,0
2022-05-04 08:15:00+00:00,1.0524149999999999,1.05268,1.0517150000000002,1.05248,0
2022-05-04 08:30:00+00:00,1.0524749999999998,1.05329,1.0524200000000001,1.052875,0
2022-05-04 08:45:00+00:00,1.052855,1.053455,1.05207,1.05221,0
2022-05-04 12:00:00+00:00,1.05307,1.05338,1.052555,1.05301,0
2022-05-04 12:15:00+00:00,1.053015,1.05424,1.052715,1.05409,0
2022-05-04 12:30:00+00:00,1.054095,1.05535,1.0537,1.05521,0
2022-05-04 12:45:00+00:00,1.055205,1.055555,1.054615,1.0553400000000002,0
2022-05-04 13:00:00+00:00,1.055335,1.0555599999999998,1.0546099999999998,1.0553750000000002,0
2022-05-04 13:15:00+00:00,1.05537,1.05549,1.05504,1.055215,0
2022-05-04 13:30:00+00:00,1.05518,1.0551849999999998,1.0537450000000002,1.05447,0
2022-05-04 13:45:00+00:00,1.05447,1.05477,1.053215,1.053245,0
2022-05-04 14:00:00+00:00,1.053255,1.0535549999999998,1.0524650000000002,1.052785,0
2022-05-04 14:15:00+00:00,1.052775,1.0540699999999998,1.052715,1.053775,0
2022-05-04 14:30:00+00:00,1.0537999999999998,1.053865,1.053125,1.05365,0
2022-05-04 14:45:00+00:00,1.0536500000000002,1.055085,1.053375,1.054635,0
2022-05-04 15:00:00+00:00,1.05464,1.0552700000000002,1.0543749999999998,1.055205,0
2022-05-04 15:15:00+00:00,1.0552000000000001,1.0564200000000001,1.0551949999999999,1.056025,0
2022-05-04 15:30:00+00:00,1.056,1.056025,1.0543550000000002,1.054675,0
2022-05-04 15:45:00+00:00,1.054685,1.05518,1.0536750000000001,1.0540349999999998,0
2022-05-04 16:00:00+00:00,1.05406,1.054405,1.053465,1.0539049999999999,0
2022-05-04 16:15:00+00:00,1.0539100000000001,1.0544449999999999,1.05342,1.0542850000000001,0
2022-05-04 16:30:00+00:00,1.0542950000000002,1.05444,1.053985,1.054135,0
2022-05-04 16:45:00+00:00,1.054115,1.0548950000000001,1.053805,1.0548950000000001,0
2022-05-05 11:00:00+00:00,1.0597750000000001,1.0603600000000002,1.05803,1.05803,0
2022-05-05 11:15:00+00:00,1.05802,1.058765,1.0553249999999998,1.0558999999999998,0
2022-05-05 11:30:00+00:00,1.055895,1.05689,1.0555400000000001,1.055615,0
2022-05-05 11:45:00+00:00,1.0556100000000002,1.055945,1.0545650000000002,1.05478,0
2022-05-05 12:00:00+00:00,1.0547749999999998,1.056975,1.05477,1.0567549999999999,0
2022-05-05 12:15:00+00:00,1.05674,1.0573549999999998,1.056,1.05655,0
2022-05-05 12:30:00+00:00,1.0565799999999999,1.056825,1.0552199999999998,1.05539,0
2022-05-05 12:45:00+00:00,1.055375,1.05565,1.0549,1.055335,0
2022-05-05 14:00:00+00:00,1.05566,1.055675,1.054155,1.0548250000000001,0
2022-05-05 14:15:00+00:00,1.054805,1.05524,1.053625,1.0548600000000001,0
2022-05-05 14:30:00+00:00,1.0548549999999999,1.0554800000000002,1.05401,1.054255,0
2022-05-05 14:45:00+00:00,1.054265,1.05456,1.0529350000000002,1.0533000000000001,0
2022-05-05 15:00:00+00:00,1.0533100000000002,1.053315,1.0505149999999999,1.0518800000000001,0
2022-05-05 15:15:00+00:00,1.051875,1.051875,1.0503399999999998,1.05051,0
2022-05-05 15:30:00+00:00,1.0505149999999999,1.0519349999999998,1.05035,1.0518299999999998,0
2022-05-05 15:45:00+00:00,1.0517949999999998,1.05187,1.05064,1.050685,0
2022-05-05 16:00:00+00:00,1.050675,1.0506950000000002,1.04942,1.0500699999999998,0
2022-05-05 16:15:00+00:00,1.050125,1.0509300000000001,1.04927,1.05091,0
2022-05-05 16:30:00+00:00,1.050865,1.051405,1.05057,1.05128,0
2022-05-05 16:45:00+00:00,1.0512899999999998,1.05153,1.05071,1.05111,0
2022-05-05 17:00:00+00:00,1.0511,1.052845,1.0510549999999999,1.0516800000000002,0
2022-05-05 17:15:00+00:00,1.051675,1.05199,1.0507149999999998,1.0509,0
2022-05-05 17:30:00+00:00,1.05088,1.0515249999999998,1.0505200000000001,1.0511400000000002,0
2022-05-05 17:45:00+00:00,1.0511249999999999,1.051545,1.050345,1.050395,0
2022-05-05 19:00:00+00:00,1.0516299999999998,1.0527099999999998,1.0516299999999998,1.0524749999999998,0
2022-05-05 19:15:00+00:00,1.05248,1.05388,1.0524650000000002,1.05363,0
2022-05-05 19:30:00+00:00,1.053625,1.05501,1.0532400000000002,1.05498,0
2022-05-05 19:45:00+00:00,1.05497,1.0550899999999999,1.054195,1.055065,0
2022-05-05 20:00:00+00:00,1.05501,1.0550350000000002,1.054545,1.054835,0
2022-05-05 20:15:00+00:00,1.05484,1.054865,1.05435,1.05443,0
2022-05-05 20:30:00+00:00,1.054435,1.05446,1.0537800000000002,1.054385,0
2022-05-05 20:45:00+00:00,1.054395,1.054395,1.0538699999999999,1.054205,0
2022-05-06 00:00:00+00:00,1.05396,1.0541749999999999,1.0533549999999998,1.0535100000000002,0
2022-05-06 00:15:00+00:00,1.05352,1.055085,1.05352,1.054345,0
2022-05-06 00:30:00+00:00,1.05434,1.05438,1.053825,1.054315,0
2022-05-06 00:45:00+00:00,1.054295,1.0546600000000002,1.05381,1.054135,0
2022-05-06 04:00:00+00:00,1.053315,1.053485,1.0527950000000001,1.0528,0
2022-05-06 04:15:00+00:00,1.052785,1.0528849999999998,1.052595,1.052785,0
2022-05-06 04:30:00+00:00,1.05278,1.053105,1.05264,1.053,0
2022-05-06 04:45:00+00:00,1.0529950000000001,1.053465,1.0527099999999998,1.053235,0
2022-05-06 06:00:00+00:00,1.05227,1.0525449999999998,1.0515349999999999,1.051745,0
2022-05-06 06:15:00+00:00,1.05175,1.052245,1.0508899999999999,1.05094,0
2022-05-06 06:30:00+00:00,1.050935,1.0519699999999998,1.0508899999999999,1.0516450000000002,0
2022-05-06 06:45:00+00:00,1.05164,1.0519699999999998,1.0482900000000002,1.048635,0
2022-05-06 07:00:00+00:00,1.04864,1.04997,1.04828,1.049645,0
2022-05-06 07:15:00+00:00,1.0496599999999998,1.0512000000000001,1.049455,1.050665,0
2022-05-06 07:30:00+00:00,1.050675,1.050675,1.049575,1.04997,0
2022-05-06 07:45:00+00:00,1.0499800000000001,1.0543900000000002,1.049575,1.05214,0
2022-05-06 09:00:00+00:00,1.055755,1.056585,1.0551300000000001,1.056125,0
2022-05-06 09:15:00+00:00,1.056105,1.0564550000000001,1.0554649999999999,1.055725,0
2022-05-06 09:30:00+00:00,1.05572,1.057575,1.055715,1.0566149999999999,0
2022-05-06 09:45:00+00:00,1.0566200000000001,1.05742,1.05648,1.057115,0
2022-05-06 10:00:00+00:00,1.0571000000000002,1.0585399999999998,1.0569000000000002,1.05782,0
2022-05-06 10:15:00+00:00,1.0578249999999998,1.0591149999999998,1.057515,1.0590950000000001,0
2022-05-06 10:30:00+00:00,1.0591,1.0593400000000002,1.0583200000000001,1.0588250000000001,0
2022-05-06 10:45:00+00:00,1.0588600000000001,1.059885,1.05857,1.0588700000000002,0
2022-05-06 13:00:00+00:00,1.05537,1.057985,1.05537,1.057,0
2022-05-06 13:15:00+00:00,1.0570149999999998,1.0584449999999999,1.05618,1.0581749999999999,0
2022-05-06 13:30:00+00:00,1.0581900000000002,1.058815,1.0563150000000001,1.0565,0
2022-05-06 13:45:00+00:00,1.056515,1.0596100000000002,1.0563,1.0573549999999998,0
2022-05-06 15:00:00+00:00,1.0581550000000002,1.05865,1.0576750000000001,1.058025,0
2022-05-06 15:15:00+00:00,1.05803,1.0595050000000001,1.05783,1.05921,0
2022-05-06 15:30:00+00:00,1.05923,1.05932,1.0578699999999999,1.0579299999999998,0
2022-05-06 15:45:00+00:00,1.0579049999999999,1.0583049999999998,1.0570650000000001,1.057095,0
2022-05-06 17:00:00+00:00,1.056915,1.05745,1.0566900000000001,1.056785,0
2022-05-06 17:15:00+00:00,1.056775,1.0569899999999999,1.0564399999999998,1.05679,0
2022-05-06 17:30:00+00:00,1.0567799999999998,1.0569549999999999,1.056,1.0561500000000001,0
2022-05-06 17:45:00+00:00,1.056145,1.05643,1.0550350000000002,1.0550350000000002,0
2022-05-08 23:00:00+00:00,1.053775,1.0539,1.05349,1.0535299999999999,0
2022-05-08 23:15:00+00:00,1.053535,1.053575,1.05309,1.053345,0
2022-05-08 23:30:00+00:00,1.0533350000000001,1.0535700000000001,1.0531549999999998,1.0535700000000001,0
2022-05-08 23:45:00+00:00,1.0535800000000002,1.0538850000000002,1.053095,1.053215,0
2022-05-09 00:00:00+00:00,1.0532050000000002,1.05354,1.052935,1.0529899999999999,0
2022-05-09 00:15:00+00:00,1.05301,1.05329,1.05255,1.0531350000000002,0
2022-05-09 00:30:00+00:00,1.0531199999999998,1.053125,1.052515,1.052695,0
2022-05-09 00:45:00+00:00,1.0526900000000001,1.0529549999999999,1.051825,1.051955,0
2022-05-09 02:00:00+00:00,1.05241,1.05241,1.0514999999999999,1.05155,0
2022-05-09 02:15:00+00:00,1.0515750000000001,1.052015,1.051515,1.051795,0
2022-05-09 02:30:00+00:00,1.0518,1.052055,1.05084,1.050945,0
2022-05-09 02:45:00+00:00,1.05094,1.0511,1.0506600000000001,1.050675,0
2022-05-09 03:00:00+00:00,1.0506799999999998,1.0512899999999998,1.0505849999999999,1.050745,0
2022-05-09 03:15:00+00:00,1.050755,1.05103,1.0505049999999998,1.0508899999999999,0
2022-05-09 03:30:00+00:00,1.0508950000000001,1.0513050000000002,1.05077,1.0508250000000001,0
2022-05-09 03:45:00+00:00,1.05083,1.05105,1.050295,1.051025,0
2022-05-09 07:00:00+00:00,1.050275,1.051975,1.049785,1.05172,0
2022-05-09 07:15:00+00:00,1.0517150000000002,1.0521250000000002,1.0502950000000002,1.051685,0
2022-05-09 07:30:00+00:00,1.05169,1.0529350000000002,1.051155,1.051675,0
2022-05-09 07:45:00+00:00,1.051655,1.05221,1.05058,1.05119,0
2022-05-09 08:00:00+00:00,1.0511750000000002,1.0520200000000002,1.050755,1.051565,0
2022-05-09 08:15:00+00:00,1.05155,1.05173,1.0508199999999999,1.05162,0
2022-05-09 08:30:00+00:00,1.05164,1.05164,1.0505550000000001,1.0506799999999998,0
2022-05-09 08:45:00+00:00,1.050675,1.0511300000000001,1.0501200000000002,1.05074,0
2022-05-10 16:00:00+00:00,1.0531000000000001,1.05444,1.052645,1.05399,0
2022-05-10 16:15:00+00:00,1.053985,1.05443,1.0536949999999998,1.0541399999999999,0
2022-05-10 16:30:00+00:00,1.054135,1.05429,1.05349,1.05411,0
2022-05-10 16:45:00+00:00,1.0541200000000002,1.054685,1.053385,1.053385,0
2022-05-10 17:00:00+00:00,1.0533899999999998,1.05377,1.0528849999999998,1.053135,0
2022-05-10 17:15:00+00:00,1.05314,1.0532599999999999,1.0526499999999999,1.05322,0
2022-05-10 17:30:00+00:00,1.05323,1.0536349999999999,1.05286,1.05348,0
2022-05-10 17:45:00+00:00,1.0534750000000002,1.0541399999999999,1.053445,1.05375,0
2022-05-11 17:00:00+00:00,1.05308,1.053535,1.052645,1.0526849999999999,0
2022-05-11 17:15:00+00:00,1.0526650000000002,1.0533350000000001,1.05232,1.052425,0
2022-05-11 17:30:00+00:00,1.0524149999999999,1.052695,1.0520550000000002,1.05206,0
2022-05-11 17:45:00+00:00,1.05205,1.0524399999999998,1.051495,1.0517400000000001,0
2022-05-11 23:00:00+00:00,1.0517500000000002,1.051835,1.051495,1.051525,0
2022-05-11 23:15:00+00:00,1.05153,1.0516100000000002,1.051265,1.051265,0
2022-05-11 23:30:00+00:00,1.0512700000000001,1.0515949999999998,1.051265,1.0514000000000001,0
2022-05-11 23:45:00+00:00,1.051415,1.051545,1.051075,1.0511949999999999,0
2022-05-12 02:00:00+00:00,1.05233,1.0526399999999998,1.052155,1.052335,0
2022-05-12 02:15:00+00:00,1.05234,1.05294,1.052335,1.05273,0
2022-05-12 02:30:00+00:00,1.052735,1.0527799999999998,1.05167,1.051715,0
2022-05-12 02:45:00+00:00,1.05171,1.051865,1.051255,1.05158,0
2022-05-16 09:00:00+00:00,1.0432899999999998,1.0435850000000002,1.041965,1.042195,0
2022-05-16 09:15:00+00:00,1.0421900000000002,1.04264,1.0421399999999998,1.0422850000000001,0
2022-05-16 09:30:00+00:00,1.0422850000000001,1.04242,1.041535,1.0416349999999999,0
2022-05-16 09:45:00+00:00,1.041645,1.0420349999999998,1.0415100000000002,1.041575,0
2022-05-16 14:00:00+00:00,1.04043,1.04177,1.04003,1.040765,0
2022-05-16 14:15:00+00:00,1.04075,1.042205,1.04075,1.042195,0
2022-05-16 14:30:00+00:00,1.042185,1.04224,1.040175,1.040405,0
2022-05-16 14:45:00+00:00,1.04041,1.04057,1.038945,1.040295,0
2022-05-17 03:00:00+00:00,1.0438,1.043895,1.0432000000000001,1.0432700000000001,0
2022-05-17 03:15:00+00:00,1.0432700000000001,1.0438800000000001,1.043205,1.0437750000000001,0
2022-05-17 03:30:00+00:00,1.043765,1.0439850000000002,1.04332,1.043925,0
2022-05-17 03:45:00+00:00,1.04391,1.0443,1.043745,1.044025,0
2022-05-18 07:00:00+00:00,1.0521150000000001,1.0523099999999999,1.0513750000000002,1.051765,0
2022-05-18 07:15:00+00:00,1.0517599999999998,1.05198,1.051385,1.0515400000000001,0
2022-05-18 07:30:00+00:00,1.05153,1.05243,1.051415,1.051795,0
2022-05-18 07:45:00+00:00,1.0518,1.05205,1.05137,1.051635,0
2022-05-18 11:00:00+00:00,1.05185,1.052245,1.05125,1.051275,0
2022-05-18 11:15:00+00:00,1.0512700000000001,1.0520550000000002,1.0512199999999998,1.0512350000000001,0
2022-05-18 11:30:00+00:00,1.0512450000000002,1.051425,1.050475,1.051075,0
2022-05-18 11:45:00+00:00,1.0510700000000002,1.0515249999999998,1.050635,1.05106,0
2022-05-19 05:00:00+00:00,1.0496400000000001,1.0502150000000001,1.0496050000000001,1.0498750000000001,0
2022-05-19 05:15:00+00:00,1.04986,1.0499450000000001,1.049395,1.0494249999999998,0
2022-05-19 05:30:00+00:00,1.04943,1.04959,1.048775,1.048975,0
2022-05-19 05:45:00+00:00,1.04898,1.04919,1.048585,1.048645,0
2022-05-19 08:00:00+00:00,1.049255,1.049305,1.047975,1.04868,0
2022-05-19 08:15:00+00:00,1.04867,1.04995,1.0484300000000002,1.0495899999999998,0
2022-05-19 08:30:00+00:00,1.0495800000000002,1.04989,1.0492249999999999,1.049845,0
2022-05-19 08:45:00+00:00,1.04984,1.0508899999999999,1.049625,1.0496349999999999,0
2022-05-20 03:00:00+00:00,1.055995,1.0562749999999999,1.05591,1.056245,0
2022-05-20 03:15:00+00:00,1.0562550000000002,1.056335,1.0560200000000002,1.0560200000000002,0
2022-05-20 03:30:00+00:00,1.056025,1.05652,1.056025,1.056395,0
2022-05-20 03:45:00+00:00,1.0563799999999999,1.056715,1.0562749999999999,1.0566200000000001,0
2022-05-20 13:00:00+00:00,1.056425,1.0570300000000001,1.05614,1.05702,0
2022-05-20 13:15:00+00:00,1.0570249999999999,1.0571199999999998,1.056085,1.05614,0
2022-05-20 13:30:00+00:00,1.056145,1.056585,1.0555750000000002,1.056585,0
2022-05-20 13:45:00+00:00,1.0565950000000002,1.0566399999999998,1.0557400000000001,1.05627,0
2022-05-23 06:00:00+00:00,1.059925,1.06026,1.0594999999999999,1.05991,0
2022-05-23 06:15:00+00:00,1.0598999999999998,1.0607799999999998,1.059645,1.0599150000000002,0
2022-05-23 06:30:00+00:00,1.0599699999999999,1.060965,1.059895,1.06046,0
2022-05-23 06:45:00+00:00,1.06047,1.060765,1.06023,1.0606149999999999,0
2022-05-23 07:00:00+00:00,1.06061,1.06107,1.0598100000000001,1.059825,0
2022-05-23 07:15:00+00:00,1.0598299999999998,1.060585,1.059515,1.060515,0
2022-05-23 07:30:00+00:00,1.060505,1.0609000000000002,1.05926,1.059315,0
2022-05-23 07:45:00+00:00,1.05931,1.0602800000000001,1.0592899999999998,1.0601,0
2022-05-23 15:00:00+00:00,1.06684,1.0685099999999998,1.066475,1.068465,0
2022-05-23 15:15:00+00:00,1.06848,1.069125,1.0680399999999999,1.068095,0
2022-05-23 15:30:00+00:00,1.0680999999999998,1.0686049999999998,1.06757,1.0676999999999999,0
2022-05-23 15:45:00+00:00,1.0676899999999998,1.06771,1.06692,1.066955,0
2022-05-24 15:00:00+00:00,1.0726650000000002,1.0729950000000001,1.072175,1.0726650000000002,0
2022-05-24 15:15:00+00:00,1.0726499999999999,1.07331,1.0724049999999998,1.0732249999999999,0
2022-05-24 15:30:00+00:00,1.0732300000000001,1.07369,1.07293,1.0732949999999999,0
2022-05-24 15:45:00+00:00,1.0733000000000001,1.0743900000000002,1.07302,1.0743200000000002,0
2022-05-24 19:00:00+00:00,1.0724749999999998,1.073525,1.0724550000000002,1.0734400000000002,0
2022-05-24 19:15:00+00:00,1.073435,1.073725,1.07306,1.07307,0
2022-05-24 19:30:00+00:00,1.073075,1.073755,1.073075,1.0733549999999998,0
2022-05-24 19:45:00+00:00,1.07336,1.073865,1.0729549999999999,1.073025,0
2022-05-25 04:00:00+00:00,1.071375,1.0714199999999998,1.070725,1.070725,0
2022-05-25 04:15:00+00:00,1.0707300000000002,1.071195,1.070725,1.07098,0
2022-05-25 04:30:00+00:00,1.0709849999999999,1.071085,1.070765,1.070925,0
2022-05-25 04:45:00+00:00,1.07092,1.0710250000000001,1.0705200000000001,1.0705550000000001,0
2022-05-25 11:00:00+00:00,1.06657,1.06689,1.06608,1.066675,0
2022-05-25 11:15:00+00:00,1.06667,1.06684,1.06589,1.06609,0
2022-05-25 11:30:00+00:00,1.0660850000000002,1.0673750000000002,1.0654249999999998,1.066025,0
2022-05-25 11:45:00+00:00,1.0660150000000002,1.0665049999999998,1.06542,1.065985,0
2022-05-25 18:00:00+00:00,1.06721,1.0690050000000002,1.0661800000000001,1.06791,0
2022-05-25 18:15:00+00:00,1.06792,1.067985,1.06697,1.067605,0
2022-05-25 18:30:00+00:00,1.06759,1.068095,1.067425,1.0675750000000002,0
2022-05-25 18:45:00+00:00,1.06759,1.068985,1.067425,1.068825,0
2022-05-26 00:00:00+00:00,1.0686749999999998,1.0692499999999998,1.068535,1.0692300000000001,0
2022-05-26 00:15:00+00:00,1.0692249999999999,1.069455,1.06907,1.06938,0
2022-05-26 00:30:00+00:00,1.069385,1.0703,1.069305,1.070275,0
2022-05-26 00:45:00+00:00,1.0702349999999998,1.0706449999999998,1.06983,1.07043,0
2022-05-26 14:00:00+00:00,1.0716649999999999,1.071895,1.07101,1.07144,0
2022-05-26 14:15:00+00:00,1.0714350000000001,1.072225,1.071355,1.0716450000000002,0
2022-05-26 14:30:00+00:00,1.07165,1.0716800000000002,1.0704699999999998,1.0710000000000002,0
2022-05-26 14:45:00+00:00,1.07098,1.071785,1.0706600000000002,1.0717349999999999,0
2022-05-27 00:00:00+00:00,1.0732650000000001,1.0736949999999998,1.073125,1.0736949999999998,0
2022-05-27 00:15:00+00:00,1.07369,1.07397,1.073445,1.0735999999999999,0
2022-05-27 00:30:00+00:00,1.0735899999999998,1.0737999999999999,1.073275,1.07328,0
2022-05-27 00:45:00+00:00,1.073275,1.07402,1.073075,1.074005,0
2022-05-27 07:00:00+00:00,1.073985,1.0755050000000002,1.073775,1.07496,0
2022-05-27 07:15:00+00:00,1.07492,1.07512,1.07424,1.07443,0
2022-05-27 07:30:00+00:00,1.07444,1.075065,1.074185,1.07456,0
2022-05-27 07:45:00+00:00,1.07457,1.07458,1.0733350000000002,1.0735899999999998,0
2022-05-27 10:00:00+00:00,1.071585,1.071675,1.0707049999999998,1.0711050000000002,0
2022-05-27 10:15:00+00:00,1.0711300000000001,1.0717150000000002,1.07101,1.071625,0
2022-05-27 10:30:00+00:00,1.07165,1.0717400000000001,1.0710899999999999,1.0710899999999999,0
2022-05-27 10:45:00+00:00,1.07111,1.07111,1.0696949999999998,1.069865,0
2022-05-27 13:00:00+00:00,1.071565,1.0722550000000002,1.07096,1.071625,0
2022-05-27 13:15:00+00:00,1.0716350000000001,1.072165,1.07124,1.072165,0
2022-05-27 13:30:00+00:00,1.0721850000000002,1.072755,1.0718100000000002,1.0725799999999999,0
2022-05-27 13:45:00+00:00,1.072575,1.07494,1.0725099999999999,1.0744850000000001,0
2022-05-30 03:00:00+00:00,1.0744850000000001,1.0747499999999999,1.0741399999999999,1.07428,0
2022-05-30 03:15:00+00:00,1.0743,1.0743999999999998,1.07383,1.07394,0
2022-05-30 03:30:00+00:00,1.073935,1.074205,1.07376,1.074205,0
2022-05-30 03:45:00+00:00,1.07422,1.074635,1.0741649999999998,1.0744699999999998,0
2022-05-30 14:00:00+00:00,1.0771199999999999,1.0775299999999999,1.07682,1.0773350000000002,0
2022-05-30 14:15:00+00:00,1.077315,1.0774949999999999,1.07661,1.077045,0
2022-05-30 14:30:00+00:00,1.0770499999999998,1.077325,1.07674,1.0768499999999999,0
2022-05-30 14:45:00+00:00,1.076845,1.0782349999999998,1.0767250000000002,1.0781200000000002,0
2022-05-30 21:00:00+00:00,1.0778699999999999,1.07799,1.077865,1.077955,0
2022-05-30 21:15:00+00:00,1.07795,1.077955,1.07789,1.077925,0
2022-05-30 21:30:00+00:00,1.077905,1.07795,1.077825,1.0778699999999999,0
2022-05-30 21:45:00+00:00,1.07788,1.07789,1.07776,1.0777899999999998,0
2022-05-31 04:00:00+00:00,1.0751300000000001,1.0752700000000002,1.074795,1.0748799999999998,0
2022-05-31 04:15:00+00:00,1.07491,1.07497,1.0744600000000002,1.07476,0
2022-05-31 04:30:00+00:00,1.0747550000000001,1.0747849999999999,1.074525,1.074665,0
2022-05-31 04:45:00+00:00,1.0746600000000002,1.0747200000000001,1.0743800000000001,1.0744799999999999,0
2022-05-31 09:00:00+00:00,1.07277,1.07342,1.0721349999999998,1.072895,0
2022-05-31 09:15:00+00:00,1.07293,1.073865,1.0727950000000002,1.07327,0
2022-05-31 09:30:00+00:00,1.0732849999999998,1.07362,1.0729549999999999,1.073235,0
2022-05-31 09:45:00+00:00,1.0732300000000001,1.07385,1.0721850000000002,1.07239,0
2022-06-01 03:00:00+00:00,1.0716800000000002,1.0722,1.07138,1.07209,0
2022-06-01 03:15:00+00:00,1.0720800000000001,1.072125,1.071815,1.07193,0
2022-06-01 03:30:00+00:00,1.07192,1.07207,1.071725,1.071985,0
2022-06-01 03:45:00+00:00,1.071995,1.072,1.07173,1.071835,0
2022-06-01 05:00:00+00:00,1.071425,1.0715599999999998,1.0711849999999998,1.0711849999999998,0
2022-06-01 05:15:00+00:00,1.071195,1.07123,1.07076,1.0709849999999999,0
2022-06-01 05:30:00+00:00,1.070975,1.0710250000000001,1.07063,1.0708600000000001,0
2022-06-01 05:45:00+00:00,1.0708950000000002,1.0710700000000002,1.07053,1.070995,0
2022-06-01 08:00:00+00:00,1.071465,1.07394,1.07139,1.0727449999999998,0
2022-06-01 08:15:00+00:00,1.0727250000000002,1.0728,1.0720399999999999,1.072555,0
2022-06-01 08:30:00+00:00,1.0725600000000002,1.07308,1.072145,1.0721699999999998,0
2022-06-01 08:45:00+00:00,1.072165,1.07225,1.0717400000000001,1.0718,0
2022-06-02 06:00:00+00:00,1.0658050000000001,1.06654,1.0657800000000002,1.0661049999999999,0
2022-06-02 06:15:00+00:00,1.066075,1.0669,1.06601,1.0667849999999999,0
2022-06-02 06:30:00+00:00,1.0667900000000001,1.067425,1.066655,1.06689,0
2022-06-02 06:45:00+00:00,1.066865,1.06789,1.06684,1.0676549999999998,0
2022-06-02 19:00:00+00:00,1.073935,1.07435,1.073785,1.074345,0
2022-06-02 19:15:00+00:00,1.0743749999999999,1.074585,1.0741450000000001,1.07415,0
2022-06-02 19:30:00+00:00,1.074135,1.07463,1.074135,1.0745149999999999,0
2022-06-02 19:45:00+00:00,1.0745200000000001,1.074885,1.074395,1.0748600000000001,0
2022-06-03 08:00:00+00:00,1.07564,1.076225,1.07496,1.0760450000000001,0
2022-06-03 08:15:00+00:00,1.0760450000000001,1.0762049999999999,1.0754100000000002,1.0760049999999999,0
2022-06-03 08:30:00+00:00,1.0760100000000001,1.0762450000000001,1.07578,1.07578,0
2022-06-03 08:45:00+00:00,1.075785,1.075895,1.074975,1.075345,0
2022-06-06 03:00:00+00:00,1.0722550000000002,1.07248,1.0721850000000002,1.07233,0
2022-06-06 03:15:00+00:00,1.0723600000000002,1.072435,1.0721500000000002,1.07219,0
2022-06-06 03:30:00+00:00,1.0722,1.07245,1.07214,1.0724200000000002,0
2022-06-06 03:45:00+00:00,1.072425,1.072595,1.07233,1.072535,0
2022-06-06 16:00:00+00:00,1.06975,1.0702250000000002,1.069475,1.06969,0
2022-06-06 16:15:00+00:00,1.0697,1.069855,1.0691350000000002,1.069145,0
2022-06-06 16:30:00+00:00,1.06914,1.0695299999999999,1.068985,1.0694599999999999,0
2022-06-06 16:45:00+00:00,1.069465,1.070135,1.06941,1.070075,0
2022-06-07 08:00:00+00:00,1.06877,1.0705049999999998,1.06848,1.07015,0
2022-06-07 08:15:00+00:00,1.0701450000000001,1.0702099999999999,1.0692300000000001,1.0692650000000001,0
2022-06-07 08:30:00+00:00,1.0692849999999998,1.069715,1.06864,1.0688,0
2022-06-07 08:45:00+00:00,1.068785,1.068895,1.06787,1.067945,0
2022-06-07 22:00:00+00:00,1.0706250000000002,1.0707849999999999,1.070565,1.0707149999999999,0
2022-06-07 22:15:00+00:00,1.070725,1.0707650000000002,1.070585,1.070635,0
2022-06-07 22:30:00+00:00,1.07064,1.07065,1.07035,1.0703550000000002,0
2022-06-07 22:45:00+00:00,1.07035,1.07069,1.070265,1.0704850000000001,0
2022-06-08 17:00:00+00:00,1.0728550000000001,1.07286,1.072035,1.072365,0
2022-06-08 17:15:00+00:00,1.0723449999999999,1.072775,1.0723349999999998,1.0725850000000001,0
2022-06-08 17:30:00+00:00,1.072565,1.072565,1.071695,1.071825,0
2022-06-08 17:45:00+00:00,1.071815,1.0719750000000001,1.0717050000000001,1.0719249999999998,0
2022-06-09 05:00:00+00:00,1.07266,1.07281,1.072425,1.0725600000000002,0
2022-06-09 05:15:00+00:00,1.07254,1.0726399999999998,1.07239,1.072435,0
2022-06-09 05:30:00+00:00,1.0724399999999998,1.07295,1.07232,1.072405,0
2022-06-09 05:45:00+00:00,1.0723950000000002,1.0725500000000001,1.071875,1.07189,0
2022-06-09 19:00:00+00:00,1.062675,1.062705,1.06181,1.0619100000000001,0
2022-06-09 19:15:00+00:00,1.061935,1.062045,1.0615350000000001,1.06165,0
2022-06-09 19:30:00+00:00,1.0616249999999998,1.0617450000000002,1.0612499999999998,1.0615649999999999,0
2022-06-09 19:45:00+00:00,1.0615700000000001,1.06177,1.0612599999999999,1.0613299999999999,0
2022-06-10 05:00:00+00:00,1.0631,1.06376,1.063075,1.063655,0
2022-06-10 05:15:00+00:00,1.06366,1.06384,1.06357,1.063675,0
2022-06-10 05:30:00+00:00,1.0636700000000001,1.0640049999999999,1.0636649999999999,1.0639750000000001,0
2022-06-10 05:45:00+00:00,1.0639699999999999,1.064235,1.0633400000000002,1.063375,0
2022-06-10 14:00:00+00:00,1.0526749999999998,1.0526900000000001,1.0508899999999999,1.0516800000000002,0
2022-06-10 14:15:00+00:00,1.051675,1.052035,1.0505849999999999,1.050665,0
2022-06-10 14:30:00+00:00,1.050655,1.05194,1.0506199999999999,1.0514549999999998,0
2022-06-10 14:45:00+00:00,1.05146,1.05354,1.05138,1.0530650000000001,0
2022-06-13 10:00:00+00:00,1.0462,1.046725,1.045825,1.0466099999999998,0
2022-06-13 10:15:00+00:00,1.046615,1.0469849999999998,1.046295,1.04658,0
2022-06-13 10:30:00+00:00,1.04656,1.04718,1.0461399999999998,1.0466950000000002,0
2022-06-13 10:45:00+00:00,1.0467,1.04701,1.046045,1.0468700000000002,0
2022-06-14 03:00:00+00:00,1.0417450000000001,1.0424600000000002,1.041525,1.042165,0
2022-06-14 03:15:00+00:00,1.042145,1.042305,1.0416150000000002,1.042225,0
2022-06-14 03:30:00+00:00,1.042235,1.04244,1.041645,1.042225,0
2022-06-14 03:45:00+00:00,1.0422449999999999,1.043255,1.0420850000000002,1.04274,0
2022-06-14 07:00:00+00:00,1.0438999999999998,1.044695,1.04376,1.04398,0
2022-06-14 07:15:00+00:00,1.0439699999999998,1.04669,1.043945,1.046065,0
2022-06-14 07:30:00+00:00,1.0460699999999998,1.04672,1.0456750000000001,1.046615,0
2022-06-14 07:45:00+00:00,1.04664,1.0475050000000001,1.0465200000000001,1.04678,0
2022-06-14 16:00:00+00:00,1.0417049999999999,1.041825,1.041235,1.0412750000000002,0
2022-06-14 16:15:00+00:00,1.041265,1.0423550000000001,1.041215,1.042275,0
2022-06-14 16:30:00+00:00,1.04227,1.042345,1.0415649999999999,1.0420250000000002,0
2022-06-14 16:45:00+00:00,1.0420150000000001,1.0424449999999998,1.0419049999999999,1.0420349999999998,0
2022-06-15 19:00:00+00:00,1.04227,1.04446,1.04147,1.04414,0
2022-06-15 19:15:00+00:00,1.0441449999999999,1.046495,1.0438450000000001,1.0460699999999998,0
2022-06-15 19:30:00+00:00,1.04606,1.04606,1.043225,1.04342,0
2022-06-15 19:45:00+00:00,1.043455,1.04562,1.0432299999999999,1.045415,0
2022-06-16 03:00:00+00:00,1.04455,1.0450499999999998,1.044405,1.0450499999999998,0
2022-06-16 03:15:00+00:00,1.04507,1.0451700000000002,1.0446849999999999,1.04486,0
2022-06-16 03:30:00+00:00,1.0448499999999998,1.04489,1.044215,1.044475,0
2022-06-16 03:45:00+00:00,1.04447,1.0445,1.04407,1.0443099999999998,0
2022-06-16 12:00:00+00:00,1.038525,1.0402200000000001,1.0384099999999998,1.040045,0
2022-06-16 12:15:00+00:00,1.040025,1.041755,1.03946,1.0413000000000001,0
2022-06-16 12:30:00+00:00,1.04129,1.0425399999999998,1.04119,1.0425200000000001,0
2022-06-16 12:45:00+00:00,1.0425149999999999,1.043675,1.041965,1.0428350000000002,0
2022-06-16 16:00:00+00:00,1.0529199999999999,1.053415,1.052245,1.052965,0
2022-06-16 16:15:00+00:00,1.05295,1.056245,1.0526200000000001,1.0557050000000001,0
2022-06-16 16:30:00+00:00,1.05571,1.0565099999999998,1.054315,1.056485,0
2022-06-16 16:45:00+00:00,1.0564900000000002,1.057305,1.0556800000000002,1.056015,0
2022-06-17 02:00:00+00:00,1.0534050000000001,1.05354,1.0527600000000001,1.05337,0
2022-06-17 02:15:00+00:00,1.05336,1.0533649999999999,1.052915,1.053195,0
2022-06-17 02:30:00+00:00,1.0531899999999998,1.05346,1.05223,1.05298,0
2022-06-17 02:45:00+00:00,1.052985,1.05395,1.0522399999999998,1.0527000000000002,0
2022-06-17 04:00:00+00:00,1.05207,1.0529950000000001,1.0520399999999999,1.052585,0
2022-06-17 04:15:00+00:00,1.0525950000000002,1.05302,1.05209,1.05246,0
2022-06-17 04:30:00+00:00,1.0524550000000001,1.05267,1.052135,1.05252,0
2022-06-17 04:45:00+00:00,1.05253,1.0528300000000002,1.0522200000000002,1.052785,0
2022-06-17 19:00:00+00:00,1.04914,1.049595,1.0487950000000001,1.0489549999999999,0
2022-06-17 19:15:00+00:00,1.0489449999999998,1.0497800000000002,1.04888,1.04943,0
2022-06-17 19:30:00+00:00,1.049425,1.04956,1.04922,1.04942,0
2022-06-17 19:45:00+00:00,1.049425,1.04969,1.0491350000000002,1.04948,0
2022-06-20 23:00:00+00:00,1.0518450000000001,1.05185,1.0515050000000001,1.05173,0
2022-06-20 23:15:00+00:00,1.051725,1.0518299999999998,1.051625,1.051745,0
2022-06-20 23:30:00+00:00,1.05175,1.051765,1.051385,1.05155,0
2022-06-20 23:45:00+00:00,1.051545,1.0521150000000001,1.051545,1.05175,0
2022-06-21 17:00:00+00:00,1.0533899999999998,1.05368,1.05287,1.053575,0
2022-06-21 17:15:00+00:00,1.0535700000000001,1.05379,1.05284,1.05287,0
2022-06-21 17:30:00+00:00,1.05286,1.0533450000000002,1.0527199999999999,1.0532599999999999,0
2022-06-21 17:45:00+00:00,1.0532400000000002,1.0540500000000002,1.053215,1.05389,0
2022-06-21 20:00:00+00:00,1.05316,1.05318,1.05287,1.052965,0
2022-06-21 20:15:00+00:00,1.0529899999999999,1.0531199999999998,1.0528849999999998,1.05293,0
2022-06-21 20:30:00+00:00,1.0529350000000002,1.05328,1.052935,1.053215,0
2022-06-21 20:45:00+00:00,1.05321,1.05354,1.0530650000000001,1.05325,0
2022-06-21 22:00:00+00:00,1.05359,1.053625,1.05325,1.05348,0
2022-06-21 22:15:00+00:00,1.053475,1.0534750000000002,1.0533000000000001,1.05345,0
2022-06-21 22:30:00+00:00,1.053445,1.053745,1.053325,1.053745,0
2022-06-21 22:45:00+00:00,1.053735,1.053905,1.053555,1.0538,0
2022-06-22 12:00:00+00:00,1.051145,1.05221,1.0511149999999998,1.05218,0
2022-06-22 12:15:00+00:00,1.052165,1.0526900000000001,1.05194,1.05254,0
2022-06-22 12:30:00+00:00,1.052535,1.052575,1.051495,1.05207,0
2022-06-22 12:45:00+00:00,1.0520550000000002,1.05356,1.05186,1.05309,0
2022-06-23 08:00:00+00:00,1.050775,1.051815,1.0502600000000002,1.051655,0
2022-06-23 08:15:00+00:00,1.0516649999999998,1.051945,1.0506950000000002,1.050865,0
2022-06-23 08:30:00+00:00,1.0508899999999999,1.0511400000000002,1.04935,1.0494150000000002,0
2022-06-23 08:45:00+00:00,1.049435,1.04956,1.0482749999999998,1.0493700000000001,0
2022-06-23 11:00:00+00:00,1.0504799999999999,1.05104,1.04956,1.0501399999999999,0
2022-06-23 11:15:00+00:00,1.050145,1.050525,1.049825,1.0504799999999999,0
2022-06-23 11:30:00+00:00,1.050465,1.050535,1.049505,1.050335,0
2022-06-23 11:45:00+00:00,1.0503399999999998,1.0515400000000001,1.05016,1.05056,0
2022-06-24 04:00:00+00:00,1.0532949999999999,1.053555,1.0531000000000001,1.053525,0
2022-06-24 04:15:00+00:00,1.053535,1.05386,1.05347,1.05381,0
2022-06-24 04:30:00+00:00,1.053805,1.0539999999999998,1.053525,1.0539450000000001,0
2022-06-24 04:45:00+00:00,1.053955,1.05433,1.0535999999999999,1.054005,0
2022-06-24 09:00:00+00:00,1.05443,1.054475,1.054075,1.054395,0
2022-06-24 09:15:00+00:00,1.054385,1.05542,1.0539800000000001,1.0553599999999999,0
2022-06-24 09:30:00+00:00,1.05535,1.0554000000000001,1.054205,1.054365,0
2022-06-24 09:45:00+00:00,1.05437,1.05533,1.054325,1.055315,0
2022-06-24 12:00:00+00:00,1.0515949999999998,1.05257,1.0515949999999998,1.0523699999999998,0
2022-06-24 12:15:00+00:00,1.0523449999999999,1.0533199999999998,1.0522550000000002,1.0533000000000001,0
2022-06-24 12:30:00+00:00,1.053305,1.0533700000000001,1.0524300000000002,1.05336,0
2022-06-24 12:45:00+00:00,1.0533700000000001,1.0534050000000001,1.05223,1.05232,0
2022-06-27 01:00:00+00:00,1.055605,1.0564749999999998,1.055605,1.05606,0
2022-06-27 01:15:00+00:00,1.05606,1.056485,1.0560299999999998,1.05625,0
2022-06-27 01:30:00+00:00,1.056245,1.056535,1.056035,1.0562049999999998,0
2022-06-27 01:45:00+00:00,1.0562,1.056445,1.055765,1.056095,0
2022-06-27 08:00:00+00:00,1.0587849999999999,1.059115,1.05817,1.0583,0
2022-06-27 08:15:00+00:00,1.058295,1.058675,1.057805,1.0581200000000002,0
2022-06-27 08:30:00+00:00,1.058125,1.0585749999999998,1.05752,1.05849,0
2022-06-27 08:45:00+00:00,1.058465,1.0587849999999999,1.0581800000000001,1.0584,0
2022-06-27 23:00:00+00:00,1.057995,1.058225,1.05775,1.057925,0
2022-06-27 23:15:00+00:00,1.057915,1.0579749999999999,1.05768,1.05777,0
2022-06-27 23:30:00+00:00,1.0577450000000002,1.058075,1.0576699999999999,1.0579049999999999,0
2022-06-27 23:45:00+00:00,1.0579,1.0581200000000002,1.057885,1.057995,0
2022-06-28 13:00:00+00:00,1.053775,1.0542150000000001,1.0523150000000001,1.052835,0
2022-06-28 13:15:00+00:00,1.0528300000000002,1.0536400000000001,1.05273,1.052975,0
2022-06-28 13:30:00+00:00,1.052985,1.05342,1.0525950000000002,1.0533450000000002,0
2022-06-28 13:45:00+00:00,1.0533549999999998,1.0538750000000001,1.0526,1.0533000000000001,0
2022-06-29 03:00:00+00:00,1.052845,1.053,1.052445,1.052445,0
2022-06-29 03:15:00+00:00,1.05246,1.05284,1.052435,1.052745,0
2022-06-29 03:30:00+00:00,1.05273,1.0530400000000002,1.052625,1.052975,0
2022-06-29 03:45:00+00:00,1.0529700000000002,1.0531000000000001,1.0528650000000002,1.052985,0
2022-06-29 15:00:00+00:00,1.0477750000000001,1.04792,1.047145,1.0477949999999998,0
2022-06-29 15:15:00+00:00,1.0477850000000002,1.047875,1.0466350000000002,1.046995,0
2022-06-29 15:30:00+00:00,1.046995,1.047365,1.0467149999999998,1.046865,0
2022-06-29 15:45:00+00:00,1.046885,1.0477249999999998,1.0467149999999998,1.047685,0
2022-06-30 03:00:00+00:00,1.0452249999999998,1.045435,1.04489,1.045275,0
2022-06-30 03:15:00+00:00,1.045285,1.04561,1.04528,1.0455450000000002,0
2022-06-30 03:30:00+00:00,1.04555,1.04559,1.04529,1.0453100000000002,0
2022-06-30 03:45:00+00:00,1.045305,1.04534,1.0451,1.045185,0
2022-06-30 17:00:00+00:00,1.0482900000000002,1.048645,1.047695,1.048025,0
2022-06-30 17:15:00+00:00,1.0480399999999999,1.04888,1.047975,1.04853,0
2022-06-30 17:30:00+00:00,1.0485250000000002,1.048715,1.048015,1.0481349999999998,0
2022-06-30 17:45:00+00:00,1.04814,1.048535,1.0480049999999999,1.048025,0
2022-07-01 06:00:00+00:00,1.0462950000000002,1.047015,1.0462500000000001,1.04634,0
2022-07-01 06:15:00+00:00,1.046335,1.046365,1.045505,1.0456400000000001,0
2022-07-01 06:30:00+00:00,1.045645,1.0456699999999999,1.0440800000000001,1.0449899999999999,0
2022-07-01 06:45:00+00:00,1.044975,1.04644,1.044875,1.0461399999999998,0
2022-07-04 08:00:00+00:00,1.04306,1.043095,1.04208,1.04244,0
2022-07-04 08:15:00+00:00,1.0424250000000002,1.042815,1.0423049999999998,1.04279,0
2022-07-04 08:30:00+00:00,1.04277,1.04288,1.042405,1.0425900000000001,0
2022-07-04 08:45:00+00:00,1.04258,1.04389,1.04257,1.04378,0
2022-07-04 17:00:00+00:00,1.0423499999999999,1.04248,1.041915,1.041965,0
2022-07-04 17:15:00+00:00,1.04197,1.042195,1.04184,1.04214,0
2022-07-04 17:30:00+00:00,1.04213,1.04213,1.0419399999999999,1.0421,0
2022-07-04 17:45:00+00:00,1.0421049999999998,1.04224,1.04206,1.042145,0
2022-07-04 23:00:00+00:00,1.042745,1.043385,1.0426549999999999,1.04335,0
2022-07-04 23:15:00+00:00,1.0433599999999998,1.043645,1.04325,1.043285,0
2022-07-04 23:30:00+00:00,1.0433,1.04339,1.0431300000000001,1.04321,0
2022-07-04 23:45:00+00:00,1.04322,1.0434999999999999,1.04312,1.04328,0
2022-07-05 13:00:00+00:00,1.0292,1.0293649999999999,1.027555,1.0282900000000001,0
2022-07-05 13:15:00+00:00,1.028305,1.0286,1.0259,1.02631,0
2022-07-05 13:30:00+00:00,1.0263200000000001,1.027065,1.025425,1.02691,0
2022-07-05 13:45:00+00:00,1.0269,1.027455,1.025785,1.026125,0
2022-07-06 19:00:00+00:00,1.01814,1.0186700000000002,1.0178449999999999,1.0183749999999998,0
2022-07-06 19:15:00+00:00,1.0183650000000002,1.0188000000000001,1.018255,1.018745,0
2022-07-06 19:30:00+00:00,1.018755,1.018825,1.0182250000000002,1.01823,0
2022-07-06 19:45:00+00:00,1.018195,1.018675,1.0177,1.018675,0
2022-07-07 03:00:00+00:00,1.0203950000000002,1.0206849999999998,1.01996,1.02062,0
2022-07-07 03:15:00+00:00,1.020615,1.02087,1.02032,1.02041,0
2022-07-07 03:30:00+00:00,1.020405,1.02074,1.020035,1.02074,0
2022-07-07 03:45:00+00:00,1.0207449999999998,1.020765,1.0202149999999999,1.02038,0
2022-07-07 08:00:00+00:00,1.019225,1.02132,1.01908,1.0204300000000002,0
2022-07-07 08:15:00+00:00,1.0203950000000002,1.0211100000000002,1.02013,1.02054,0
2022-07-07 08:30:00+00:00,1.020535,1.02105,1.01924,1.01924,0
2022-07-07 08:45:00+00:00,1.0191949999999999,1.0199799999999999,1.01852,1.0197850000000002,0
2022-07-07 16:00:00+00:00,1.0158399999999999,1.01681,1.0157850000000002,1.01608,0
2022-07-07 16:15:00+00:00,1.01606,1.0164300000000002,1.015245,1.0152450000000002,0
2022-07-07 16:30:00+00:00,1.015235,1.015865,1.0151,1.01582,0
2022-07-07 16:45:00+00:00,1.0157850000000002,1.01606,1.015365,1.015505,0
2022-07-11 02:00:00+00:00,1.013965,1.014535,1.013915,1.01413,0
2022-07-11 02:15:00+00:00,1.014135,1.01471,1.0140099999999999,1.014705,0
2022-07-11 02:30:00+00:00,1.0147,1.015255,1.014465,1.014715,0
2022-07-11 02:45:00+00:00,1.0147300000000001,1.0150299999999999,1.01445,1.0149650000000001,0
2022-07-11 06:00:00+00:00,1.01397,1.014395,1.01368,1.0137049999999999,0
2022-07-11 06:15:00+00:00,1.013715,1.014165,1.01318,1.01336,0
2022-07-11 06:30:00+00:00,1.01337,1.014165,1.0132750000000001,1.01332,0
2022-07-11 06:45:00+00:00,1.0133299999999998,1.0135649999999998,1.0119699999999998,1.0127549999999998,0
2022-07-11 19:00:00+00:00,1.00632,1.0065650000000002,1.00584,1.005935,0
2022-07-11 19:15:00+00:00,1.00593,1.005965,1.0045000000000002,1.00467,0
2022-07-11 19:30:00+00:00,1.004705,1.0052599999999998,1.004085,1.00412,0
2022-07-11 19:45:00+00:00,1.00413,1.004575,1.00338,1.0045350000000002,0
2022-07-12 12:00:00+00:00,1.0039850000000001,1.004405,1.0033400000000001,1.004165,0
2022-07-12 12:15:00+00:00,1.004185,1.0047549999999998,1.003765,1.00385,0
2022-07-12 12:30:00+00:00,1.00386,1.00444,1.00329,1.0041600000000002,0
2022-07-12 12:45:00+00:00,1.004175,1.0055399999999999,1.003695,1.005335,0
2022-07-13 11:00:00+00:00,1.006145,1.00648,1.00571,1.006,0
2022-07-13 11:15:00+00:00,1.0059900000000002,1.0061300000000002,1.005125,1.005425,0
2022-07-13 11:30:00+00:00,1.00541,1.0060850000000001,1.0051299999999999,1.00607,0
2022-07-13 11:45:00+00:00,1.0060449999999999,1.00697,1.00528,1.00677,0
2022-07-13 20:00:00+00:00,1.005935,1.0062,1.0054400000000001,1.005765,0
2022-07-13 20:15:00+00:00,1.00573,1.005795,1.0053999999999998,1.0057049999999998,0
2022-07-13 20:30:00+00:00,1.00571,1.0061149999999999,1.00571,1.00595,0
2022-07-13 20:45:00+00:00,1.00594,1.005945,1.0054699999999999,1.0058150000000001,0
2022-07-14 14:00:00+00:00,0.99804,0.99805,0.996,0.9965550000000001,0
2022-07-14 14:15:00+00:00,0.99653,0.9984,0.9961599999999999,0.9982599999999999,0
2022-07-14 14:30:00+00:00,0.99825,0.99943,0.998085,0.998915,0
2022-07-14 14:45:00+00:00,0.99891,0.999965,0.9981450000000001,0.9996149999999999,0
2022-07-15 04:00:00+00:00,1.00258,1.0025849999999998,1.00227,1.002395,0
2022-07-15 04:15:00+00:00,1.0023900000000001,1.002805,1.002365,1.002715,0
2022-07-15 04:30:00+00:00,1.00271,1.00305,1.002675,1.0030450000000002,0
2022-07-15 04:45:00+00:00,1.00305,1.003385,1.0028299999999999,1.003055,0
2022-07-15 20:00:00+00:00,1.008245,1.0084499999999998,1.007955,1.00812,0
2022-07-15 20:15:00+00:00,1.008105,1.0085899999999999,1.008105,1.008565,0
2022-07-15 20:30:00+00:00,1.0085600000000001,1.008785,1.00846,1.00873,0
2022-07-15 20:45:00+00:00,1.008725,1.008855,1.0084849999999999,1.008605,0
2022-07-18 07:00:00+00:00,1.01111,1.01432,1.01034,1.0137049999999999,0
2022-07-18 07:15:00+00:00,1.0137,1.014915,1.01342,1.01416,0
2022-07-18 07:30:00+00:00,1.014145,1.0146950000000001,1.0138699999999998,1.013985,0
2022-07-18 07:45:00+00:00,1.0139749999999998,1.014865,1.01376,1.014595,0
2022-07-19 01:00:00+00:00,1.012915,1.0130750000000002,1.0127,1.013035,0
2022-07-19 01:15:00+00:00,1.0130249999999998,1.01341,1.01268,1.01338,0
2022-07-19 01:30:00+00:00,1.01337,1.01366,1.01319,1.0135100000000001,0
2022-07-19 01:45:00+00:00,1.0135,1.0136850000000002,1.0119699999999998,1.01226,0
2022-07-19 13:00:00+00:00,1.0228700000000002,1.0245950000000001,1.022865,1.02446,0
2022-07-19 13:15:00+00:00,1.024435,1.024925,1.023955,1.023955,0
2022-07-19 13:30:00+00:00,1.02396,1.0249700000000002,1.0239500000000001,1.02473,0
2022-07-19 13:45:00+00:00,1.024765,1.0256699999999999,1.0241500000000001,1.0241500000000001,0
2022-07-20 00:00:00+00:00,1.023095,1.023765,1.023095,1.0236049999999999,0
2022-07-20 00:15:00+00:00,1.0235699999999999,1.02457,1.023565,1.024495,0
2022-07-20 00:30:00+00:00,1.0245,1.02473,1.024205,1.02434,0
2022-07-20 00:45:00+00:00,1.02433,1.0248650000000001,1.02405,1.0246149999999998,0
2022-07-20 14:00:00+00:00,1.021585,1.02209,1.0213549999999998,1.021875,0
2022-07-20 14:15:00+00:00,1.02189,1.02258,1.021375,1.02186,0
2022-07-20 14:30:00+00:00,1.021865,1.0223550000000001,1.0204499999999999,1.020855,0
2022-07-20 14:45:00+00:00,1.02084,1.02202,1.020415,1.021235,0
2022-07-21 06:00:00+00:00,1.02231,1.02307,1.02191,1.0229249999999999,0
2022-07-21 06:15:00+00:00,1.0229050000000002,1.02291,1.0214400000000001,1.021645,0
2022-07-21 06:30:00+00:00,1.021655,1.022165,1.0207350000000002,1.02176,0
2022-07-21 06:45:00+00:00,1.02177,1.0217800000000001,1.0201449999999999,1.0205700000000002,0
2022-07-21 11:00:00+00:00,1.0189,1.0196749999999999,1.0185650000000002,1.018895,0
2022-07-21 11:15:00+00:00,1.0189050000000002,1.019325,1.018215,1.0191249999999998,0
2022-07-21 11:30:00+00:00,1.01911,1.0192649999999999,1.0179399999999998,1.01879,0
2022-07-21 11:45:00+00:00,1.018795,1.01951,1.018185,1.019025,0
2022-07-21 12:00:00+00:00,1.0190350000000001,1.020535,1.018825,1.01992,0
2022-07-21 12:15:00+00:00,1.01991,1.026035,1.0194450000000002,1.024225,0
2022-07-21 12:30:00+00:00,1.0242300000000002,1.027825,1.02406,1.0276399999999999,0
2022-07-21 12:45:00+00:00,1.0276550000000002,1.02767,1.02562,1.026485,0
2022-07-21 13:00:00+00:00,1.0264799999999998,1.0275050000000001,1.01967,1.020135,0
2022-07-21 13:15:00+00:00,1.020115,1.02066,1.0153400000000001,1.01714,0
2022-07-21 13:30:00+00:00,1.017175,1.0186950000000001,1.0160200000000001,1.017125,0
2022-07-21 13:45:00+00:00,1.0171350000000001,1.0218349999999998,1.0165899999999999,1.02126,0
2022-07-21 14:00:00+00:00,1.02125,1.02142,1.0178850000000002,1.018055,0
2022-07-21 14:15:00+00:00,1.01803,1.0191400000000002,1.01699,1.0172400000000001,0
2022-07-21 14:30:00+00:00,1.017235,1.019225,1.01689,1.0188899999999999,0
2022-07-21 14:45:00+00:00,1.0189,1.0196749999999999,1.018265,1.01915,0
2022-07-21 15:00:00+00:00,1.019145,1.02124,1.0190700000000001,1.01968,0
2022-07-21 15:15:00+00:00,1.01967,1.02001,1.01824,1.01949,0
2022-07-21 15:30:00+00:00,1.0195150000000002,1.020945,1.0191249999999998,1.0207199999999998,0
2022-07-21 15:45:00+00:00,1.020725,1.0207950000000001,1.01986,1.02003,0
2022-07-21 16:00:00+00:00,1.020025,1.020035,1.018325,1.01843,0
2022-07-21 16:15:00+00:00,1.018435,1.01917,1.018025,1.0190299999999999,0
2022-07-21 16:30:00+00:00,1.019025,1.01913,1.017595,1.0176349999999998,0
2022-07-21 16:45:00+00:00,1.01762,1.018245,1.0175100000000001,1.0181499999999999,0
2022-07-21 17:00:00+00:00,1.0181399999999998,1.018645,1.017945,1.018305,0
2022-07-21 17:15:00+00:00,1.0183,1.018605,1.017855,1.018485,0
2022-07-21 17:30:00+00:00,1.01849,1.0187599999999999,1.01756,1.0186950000000001,0
2022-07-21 17:45:00+00:00,1.018685,1.018875,1.01843,1.018435,0
2022-07-21 18:00:00+00:00,1.01844,1.0195349999999999,1.0183300000000002,1.01946,0
2022-07-21 18:15:00+00:00,1.019435,1.019965,1.01917,1.019475,0
2022-07-21 18:30:00+00:00,1.01946,1.02001,1.0192800000000002,1.019285,0
2022-07-21 18:45:00+00:00,1.019275,1.0195349999999999,1.0190199999999998,1.0192899999999998,0
2022-07-21 19:00:00+00:00,1.01931,1.0195349999999999,1.01917,1.0194299999999998,0
2022-07-21 19:15:00+00:00,1.01949,1.019765,1.0192299999999999,1.0194,0
2022-07-21 19:30:00+00:00,1.019405,1.02012,1.01939,1.0201099999999999,0
2022-07-21 19:45:00+00:00,1.020105,1.0212050000000001,1.0198800000000001,1.021155,0
2022-07-21 20:00:00+00:00,1.02116,1.02153,1.0205250000000001,1.021475,0
2022-07-21 20:15:00+00:00,1.0214349999999999,1.02264,1.0210650000000001,1.02215,0
2022-07-21 20:30:00+00:00,1.022155,1.02277,1.021995,1.02225,0
2022-07-21 20:45:00+00:00,1.022245,1.023405,1.02224,1.0230700000000001,0
2022-07-21 21:00:00+00:00,1.023075,1.023195,1.0227149999999998,1.02272,0
2022-07-21 21:15:00+00:00,1.02273,1.022745,1.022575,1.02268,0
2022-07-21 21:30:00+00:00,1.02267,1.02287,1.022645,1.02285,0
2022-07-21 21:45:00+00:00,1.0228549999999998,1.0228549999999998,1.022755,1.02278,0
2022-07-21 22:00:00+00:00,1.0228000000000002,1.02283,1.02231,1.022415,0
2022-07-21 22:15:00+00:00,1.0224250000000001,1.022555,1.022235,1.022395,0
2022-07-21 22:30:00+00:00,1.0223900000000001,1.02244,1.022285,1.022385,0
2022-07-21 22:45:00+00:00,1.0223550000000001,1.022635,1.022345,1.022395,0
2022-07-22 00:00:00+00:00,1.02202,1.0221749999999998,1.0212249999999998,1.0212249999999998,0
2022-07-22 00:15:00+00:00,1.02123,1.021455,1.02107,1.0210949999999999,0
2022-07-22 00:30:00+00:00,1.02109,1.0211649999999999,1.0205099999999998,1.0205950000000001,0
2022-07-22 00:45:00+00:00,1.0205700000000002,1.0208650000000001,1.0203600000000002,1.0204499999999999,0
2022-07-22 02:00:00+00:00,1.0202200000000001,1.0203449999999998,1.0195699999999999,1.0196999999999998,0
2022-07-22 02:15:00+00:00,1.01967,1.0197500000000002,1.01932,1.0193400000000001,0
2022-07-22 02:30:00+00:00,1.0193349999999999,1.0198800000000001,1.0192999999999999,1.0198450000000001,0
2022-07-22 02:45:00+00:00,1.01984,1.0201449999999999,1.01947,1.01958,0
2022-07-22 03:00:00+00:00,1.0195750000000001,1.019765,1.01939,1.0194450000000002,0
2022-07-22 03:15:00+00:00,1.01945,1.01972,1.018775,1.01883,0
2022-07-22 03:30:00+00:00,1.0188350000000002,1.0188549999999998,1.018485,1.01868,0
2022-07-22 03:45:00+00:00,1.018675,1.0191,1.018535,1.019095,0
2022-07-22 08:00:00+00:00,1.013865,1.0146799999999998,1.0135100000000001,1.013905,0
2022-07-22 08:15:00+00:00,1.01391,1.015895,1.0138150000000001,1.015745,0
2022-07-22 08:30:00+00:00,1.015765,1.017185,1.015505,1.0156200000000002,0
2022-07-22 08:45:00+00:00,1.015625,1.016245,1.014955,1.0153349999999999,0
2022-07-22 13:00:00+00:00,1.0187300000000001,1.0196399999999999,1.0179749999999999,1.0192450000000002,0
2022-07-22 13:15:00+00:00,1.01924,1.0192800000000002,1.0181200000000001,1.018485,0
2022-07-22 13:30:00+00:00,1.0184799999999998,1.0205199999999999,1.018125,1.0198749999999999,0
2022-07-22 13:45:00+00:00,1.019905,1.024305,1.019905,1.02338,0
2022-07-22 14:00:00+00:00,1.02339,1.0249199999999998,1.02267,1.024335,0
2022-07-22 14:15:00+00:00,1.02433,1.02554,1.0235349999999999,1.0236,0
2022-07-22 14:30:00+00:00,1.02358,1.02358,1.0225149999999998,1.022805,0
2022-07-22 14:45:00+00:00,1.0227849999999998,1.02401,1.0226549999999999,1.023065,0
2022-07-25 01:00:00+00:00,1.01824,1.019245,1.01811,1.0187499999999998,0
2022-07-25 01:15:00+00:00,1.01874,1.019135,1.018545,1.01883,0
2022-07-25 01:30:00+00:00,1.01882,1.02009,1.01855,1.019995,0
2022-07-25 01:45:00+00:00,1.02,1.0202,1.01968,1.0199699999999998,0
2022-07-25 04:00:00+00:00,1.02073,1.020945,1.02067,1.02069,0
2022-07-25 04:15:00+00:00,1.020695,1.0211450000000002,1.0206650000000002,1.0210400000000002,0
2022-07-25 04:30:00+00:00,1.021045,1.0211450000000002,1.020535,1.020545,0
2022-07-25 04:45:00+00:00,1.02055,1.02096,1.0204,1.02074,0
2022-07-25 16:00:00+00:00,1.02101,1.0213700000000001,1.020715,1.0207549999999999,0
2022-07-25 16:15:00+00:00,1.020765,1.0212599999999998,1.0206149999999998,1.021255,0
2022-07-25 16:30:00+00:00,1.02122,1.0220099999999999,1.021185,1.0219749999999999,0
2022-07-25 16:45:00+00:00,1.02198,1.02251,1.0214699999999999,1.022135,0
2022-07-25 17:00:00+00:00,1.0221149999999999,1.0229,1.0220699999999998,1.02261,0
2022-07-25 17:15:00+00:00,1.022615,1.022715,1.022265,1.022475,0
2022-07-25 17:30:00+00:00,1.0224799999999998,1.02258,1.02162,1.02162,0
2022-07-25 17:45:00+00:00,1.021625,1.0220449999999999,1.021385,1.02204,0
2022-07-25 18:00:00+00:00,1.0220349999999998,1.0224799999999998,1.0218699999999998,1.022435,0
2022-07-25 18:15:00+00:00,1.0224199999999999,1.022575,1.02215,1.0224950000000002,0
2022-07-25 18:30:00+00:00,1.02249,1.0227300000000001,1.02225,1.022685,0
2022-07-25 18:45:00+00:00,1.0226899999999999,1.0226950000000001,1.021945,1.022135,0
2022-07-25 19:00:00+00:00,1.0221399999999998,1.0223849999999999,1.0220799999999999,1.0223399999999998,0
2022-07-25 19:15:00+00:00,1.022335,1.022555,1.0222250000000002,1.022445,0
2022-07-25 19:30:00+00:00,1.0224350000000002,1.022585,1.022075,1.0220799999999999,0
2022-07-25 19:45:00+00:00,1.0220850000000001,1.0226000000000002,1.0220850000000001,1.022555,0
2022-07-25 20:00:00+00:00,1.0225849999999999,1.022685,1.0223849999999999,1.02249,0
2022-07-25 20:15:00+00:00,1.02251,1.0226350000000002,1.0223200000000001,1.022395,0
2022-07-25 20:30:00+00:00,1.0223900000000001,1.022555,1.022345,1.022415,0
2022-07-25 20:45:00+00:00,1.0224199999999999,1.022435,1.02192,1.02195,0
2022-07-25 21:00:00+00:00,1.0220799999999999,1.02216,1.021835,1.02206,0
2022-07-25 21:15:00+00:00,1.022055,1.022065,1.022035,1.022055,0
2022-07-25 21:30:00+00:00,1.0220500000000001,1.02209,1.0219200000000002,1.02204,0
2022-07-25 21:45:00+00:00,1.022045,1.02213,1.02201,1.0221,0
2022-07-25 22:00:00+00:00,1.022095,1.02217,1.02196,1.0221550000000001,0
2022-07-25 22:15:00+00:00,1.02216,1.022235,1.02202,1.022035,0
2022-07-25 22:30:00+00:00,1.022025,1.022255,1.0220150000000001,1.02222,0
2022-07-25 22:45:00+00:00,1.02224,1.022245,1.021915,1.02201,0
2022-07-25 23:00:00+00:00,1.02202,1.02215,1.021905,1.02198,0
2022-07-25 23:15:00+00:00,1.021985,1.0221149999999999,1.021915,1.021935,0
2022-07-25 23:30:00+00:00,1.021915,1.02203,1.02164,1.02203,0
2022-07-25 23:45:00+00:00,1.022035,1.022415,1.02201,1.022325,0
2022-07-26 00:00:00+00:00,1.0223200000000001,1.02261,1.0222600000000002,1.02236,0
2022-07-26 00:15:00+00:00,1.0223550000000001,1.02279,1.02221,1.022715,0
2022-07-26 00:30:00+00:00,1.02272,1.02332,1.02247,1.022895,0
2022-07-26 00:45:00+00:00,1.022885,1.0231,1.0224950000000002,1.02302,0
2022-07-26 01:00:00+00:00,1.0230299999999999,1.0238450000000001,1.022745,1.0235400000000001,0
2022-07-26 01:15:00+00:00,1.023565,1.024385,1.0235249999999998,1.0243,0
2022-07-26 01:30:00+00:00,1.024305,1.0250249999999999,1.02428,1.0247600000000001,0
2022-07-26 01:45:00+00:00,1.0247549999999999,1.0247549999999999,1.023995,1.024085,0
2022-07-26 02:00:00+00:00,1.024105,1.024135,1.0236800000000001,1.02398,0
2022-07-26 02:15:00+00:00,1.023975,1.02398,1.023595,1.023705,0
2022-07-26 02:30:00+00:00,1.023695,1.024105,1.0236299999999998,1.02403,0
2022-07-26 02:45:00+00:00,1.024035,1.024505,1.023815,1.02386,0
2022-07-26 03:00:00+00:00,1.023865,1.024285,1.0237699999999998,1.023825,0
2022-07-26 03:15:00+00:00,1.02383,1.02386,1.023615,1.023725,0
2022-07-26 03:30:00+00:00,1.02372,1.02372,1.02279,1.0230350000000001,0
2022-07-26 03:45:00+00:00,1.023025,1.0230350000000001,1.022685,1.0230299999999999,0
2022-07-26 04:00:00+00:00,1.02302,1.0230350000000001,1.022575,1.022935,0
2022-07-26 04:15:00+00:00,1.02295,1.02319,1.022685,1.02274,0
2022-07-26 04:30:00+00:00,1.022735,1.022885,1.0223300000000002,1.0224250000000001,0
2022-07-26 04:45:00+00:00,1.0224199999999999,1.022675,1.0224099999999998,1.02256,0
2022-07-26 05:00:00+00:00,1.022555,1.022935,1.022465,1.022775,0
2022-07-26 05:15:00+00:00,1.02278,1.02286,1.02223,1.02254,0
2022-07-26 05:30:00+00:00,1.022535,1.02268,1.0221749999999998,1.02223,0
2022-07-26 05:45:00+00:00,1.0222600000000002,1.02238,1.021325,1.021495,0
2022-07-26 06:00:00+00:00,1.0215049999999999,1.022285,1.0215049999999999,1.021945,0
2022-07-26 06:15:00+00:00,1.02194,1.022375,1.021795,1.0223149999999999,0
2022-07-26 06:30:00+00:00,1.02231,1.022845,1.0220150000000001,1.02272,0
2022-07-26 06:45:00+00:00,1.022735,1.022935,1.021015,1.0212599999999998,0
2022-07-26 12:00:00+00:00,1.0131350000000001,1.0132949999999998,1.01241,1.012435,0
2022-07-26 12:15:00+00:00,1.012445,1.01275,1.0116200000000002,1.0123799999999998,0
2022-07-26 12:30:00+00:00,1.012375,1.0138449999999999,1.0122399999999998,1.013305,0
2022-07-26 12:45:00+00:00,1.0133,1.01492,1.01295,1.01485,0
2022-07-26 13:00:00+00:00,1.0148549999999998,1.01529,1.01332,1.0137800000000001,0
2022-07-26 13:15:00+00:00,1.013785,1.014945,1.013785,1.014875,0
2022-07-26 13:30:00+00:00,1.0148700000000002,1.0150549999999998,1.013875,1.014335,0
2022-07-26 13:45:00+00:00,1.01434,1.0147149999999998,1.0127350000000002,1.0144,0
2022-07-26 16:00:00+00:00,1.01156,1.0116900000000002,1.0107599999999999,1.0108899999999998,0
2022-07-26 16:15:00+00:00,1.010915,1.01228,1.010885,1.012165,0
2022-07-26 16:30:00+00:00,1.0121600000000002,1.01266,1.01197,1.01248,0
2022-07-26 16:45:00+00:00,1.012475,1.01282,1.0122550000000001,1.012725,0
2022-07-27 03:00:00+00:00,1.0144199999999999,1.014715,1.014275,1.0144199999999999,0
2022-07-27 03:15:00+00:00,1.014405,1.014675,1.014375,1.014535,0
2022-07-27 03:30:00+00:00,1.014545,1.0146899999999999,1.0144199999999999,1.014505,0
2022-07-27 03:45:00+00:00,1.0145149999999998,1.014575,1.014265,1.0142799999999998,0
2022-07-27 04:00:00+00:00,1.01427,1.0146000000000002,1.014165,1.0145499999999998,0
2022-07-27 04:15:00+00:00,1.014545,1.015055,1.01452,1.0149650000000001,0
2022-07-27 04:30:00+00:00,1.01497,1.015235,1.014895,1.0149599999999999,0
2022-07-27 04:45:00+00:00,1.014955,1.01509,1.014825,1.015085,0
2022-07-27 05:00:00+00:00,1.01509,1.01509,1.01461,1.0147499999999998,0
2022-07-27 05:15:00+00:00,1.0147750000000002,1.0150899999999998,1.0146449999999998,1.0150700000000001,0
2022-07-27 05:30:00+00:00,1.01506,1.01524,1.014545,1.01493,0
2022-07-27 05:45:00+00:00,1.014935,1.015025,1.01445,1.014635,0
2022-07-27 06:00:00+00:00,1.0146449999999998,1.015895,1.01411,1.0142250000000002,0
2022-07-27 06:15:00+00:00,1.0142099999999998,1.0142600000000002,1.01342,1.0135299999999998,0
2022-07-27 06:30:00+00:00,1.013515,1.0138850000000001,1.0132599999999998,1.0133999999999999,0
2022-07-27 06:45:00+00:00,1.0134050000000001,1.0137399999999999,1.0127549999999998,1.01314,0
2022-07-27 07:00:00+00:00,1.0131549999999998,1.014625,1.01314,1.013925,0
2022-07-27 07:15:00+00:00,1.0139200000000002,1.0152700000000001,1.0136500000000002,1.014205,0
2022-07-27 07:30:00+00:00,1.014235,1.0147,1.0136150000000002,1.013655,0
2022-07-27 07:45:00+00:00,1.013665,1.01452,1.01342,1.0139749999999998,0
2022-07-27 08:00:00+00:00,1.013965,1.01511,1.0136150000000002,1.0139749999999998,0
2022-07-27 08:15:00+00:00,1.01397,1.014535,1.01343,1.014015,0
2022-07-27 08:30:00+00:00,1.0140099999999999,1.0145650000000002,1.013715,1.014025,0
2022-07-27 08:45:00+00:00,1.01403,1.014825,1.01375,1.014165,0
2022-07-27 09:00:00+00:00,1.01416,1.015055,1.0140099999999999,1.0149050000000002,0
2022-07-27 09:15:00+00:00,1.01491,1.0150649999999999,1.014225,1.014505,0
2022-07-27 09:30:00+00:00,1.01452,1.015505,1.014135,1.01486,0
2022-07-27 09:45:00+00:00,1.014865,1.015395,1.01416,1.01431,0
2022-07-27 10:00:00+00:00,1.0143149999999999,1.014435,1.0138449999999999,1.013975,0
2022-07-27 10:15:00+00:00,1.01397,1.014525,1.013865,1.0144350000000002,0
2022-07-27 10:30:00+00:00,1.01444,1.0154100000000001,1.01425,1.01498,0
2022-07-27 10:45:00+00:00,1.0150000000000001,1.0154649999999998,1.014825,1.0153500000000002,0
2022-07-27 11:00:00+00:00,1.015345,1.01721,1.0152700000000001,1.01687,0
2022-07-27 11:15:00+00:00,1.016875,1.016875,1.0159600000000002,1.0159600000000002,0
2022-07-27 11:30:00+00:00,1.015965,1.0166849999999998,1.015955,1.01658,0
2022-07-27 11:45:00+00:00,1.016575,1.0166,1.01497,1.0150649999999999,0
2022-07-27 12:00:00+00:00,1.015075,1.015295,1.0143550000000001,1.015145,0
2022-07-27 12:15:00+00:00,1.015155,1.0156550000000002,1.01459,1.01565,0
2022-07-27 12:30:00+00:00,1.0156399999999999,1.0156399999999999,1.01436,1.0146350000000002,0
2022-07-27 12:45:00+00:00,1.01464,1.014945,1.014065,1.014285,0
2022-07-27 13:00:00+00:00,1.0142799999999998,1.014815,1.013965,1.01479,0
2022-07-27 13:15:00+00:00,1.014795,1.015235,1.0140349999999998,1.01437,0
2022-07-27 13:30:00+00:00,1.01441,1.01517,1.01341,1.0139,0
2022-07-27 13:45:00+00:00,1.01388,1.01402,1.01275,1.0134500000000002,0
2022-07-27 17:00:00+00:00,1.0111249999999998,1.01214,1.0111249999999998,1.012095,0
2022-07-27 17:15:00+00:00,1.0121,1.0124900000000001,1.0121,1.012305,0
2022-07-27 17:30:00+00:00,1.0123199999999999,1.01341,1.011895,1.01298,0
2022-07-27 17:45:00+00:00,1.012975,1.01429,1.0126650000000001,1.013115,0
2022-07-27 18:00:00+00:00,1.013105,1.01541,1.0121850000000001,1.0143900000000001,0
2022-07-27 18:15:00+00:00,1.0143849999999999,1.01481,1.0140500000000001,1.014275,0
2022-07-27 18:30:00+00:00,1.0143,1.01951,1.0106899999999999,1.018435,0
2022-07-27 18:45:00+00:00,1.018465,1.02121,1.0181550000000001,1.019965,0
2022-07-27 21:00:00+00:00,1.019885,1.020415,1.0198049999999999,1.019855,0
2022-07-27 21:15:00+00:00,1.019835,1.02007,1.0198049999999999,1.019995,0
2022-07-27 21:30:00+00:00,1.02,1.0202399999999998,1.01987,1.0202149999999999,0
2022-07-27 21:45:00+00:00,1.020205,1.0202300000000002,1.0199500000000001,1.020115,0
2022-07-28 15:00:00+00:00,1.015635,1.0160749999999998,1.01472,1.014885,0
2022-07-28 15:15:00+00:00,1.01488,1.016725,1.014615,1.016315,0
2022-07-28 15:30:00+00:00,1.0163250000000001,1.01712,1.01619,1.0165899999999999,0
2022-07-28 15:45:00+00:00,1.0165799999999998,1.016635,1.0154800000000002,1.01653,0
2022-07-28 21:00:00+00:00,1.01967,1.019775,1.019435,1.0195750000000001,0
2022-07-28 21:15:00+00:00,1.0196049999999999,1.0196399999999999,1.019555,1.0195750000000001,0
2022-07-28 21:30:00+00:00,1.019595,1.0196999999999998,1.019295,1.019385,0
2022-07-28 21:45:00+00:00,1.01947,1.019565,1.0193750000000001,1.01955,0
2022-07-29 03:00:00+00:00,1.01958,1.0205799999999998,1.019155,1.0204499999999999,0
2022-07-29 03:15:00+00:00,1.020445,1.0208,1.0200550000000002,1.020105,0
2022-07-29 03:30:00+00:00,1.02013,1.0203950000000002,1.0199150000000001,1.020065,0
2022-07-29 03:45:00+00:00,1.02007,1.02249,1.020035,1.021335,0
2022-07-29 13:00:00+00:00,1.0177200000000002,1.017735,1.015345,1.01546,0
2022-07-29 13:15:00+00:00,1.0154649999999998,1.0163099999999998,1.014615,1.0159600000000002,0
2022-07-29 13:30:00+00:00,1.0159699999999998,1.0161600000000002,1.0147599999999999,1.01615,0
2022-07-29 13:45:00+00:00,1.016155,1.016715,1.01497,1.016585,0
2022-08-01 02:00:00+00:00,1.023295,1.02377,1.02318,1.0235699999999999,0
2022-08-01 02:15:00+00:00,1.023575,1.023935,1.02338,1.023885,0
2022-08-01 02:30:00+00:00,1.02389,1.02414,1.0237150000000002,1.02399,0
2022-08-01 02:45:00+00:00,1.0240049999999998,1.02408,1.023705,1.023985,0
2022-08-02 03:00:00+00:00,1.02747,1.027525,1.026535,1.02673,0
2022-08-02 03:15:00+00:00,1.02675,1.028265,1.0266600000000001,1.0276800000000001,0
2022-08-02 03:30:00+00:00,1.027675,1.02768,1.027055,1.02766,0
2022-08-02 03:45:00+00:00,1.027675,1.027675,1.0272199999999998,1.0273750000000001,0
2022-08-02 15:00:00+00:00,1.0199799999999999,1.020435,1.019115,1.0191400000000002,0
2022-08-02 15:15:00+00:00,1.01915,1.02029,1.0191050000000001,1.0200550000000002,0
2022-08-02 15:30:00+00:00,1.02007,1.02132,1.01985,1.020365,0
2022-08-02 15:45:00+00:00,1.02037,1.02043,1.019135,1.019595,0
2022-08-02 21:00:00+00:00,1.016605,1.01669,1.01655,1.0165549999999999,0
2022-08-02 21:15:00+00:00,1.01655,1.0165600000000001,1.0164499999999999,1.01654,0
2022-08-02 21:30:00+00:00,1.01653,1.01653,1.016445,1.0164849999999999,0
2022-08-02 21:45:00+00:00,1.0164900000000001,1.0164900000000001,1.01641,1.016425,0
2022-08-04 11:00:00+00:00,1.019045,1.01956,1.0172750000000002,1.0178099999999999,0
2022-08-04 11:15:00+00:00,1.0178150000000001,1.019495,1.0176349999999998,1.0185300000000002,0
2022-08-04 11:30:00+00:00,1.018525,1.018665,1.0165199999999999,1.0168650000000001,0
2022-08-04 11:45:00+00:00,1.0168599999999999,1.01788,1.016045,1.017605,0
2022-08-05 20:00:00+00:00,1.0177900000000002,1.01817,1.0177049999999999,1.0180799999999999,0
2022-08-05 20:15:00+00:00,1.01807,1.0183300000000002,1.01801,1.0181,0
2022-08-05 20:30:00+00:00,1.018105,1.0181200000000001,1.017865,1.01811,0
2022-08-05 20:45:00+00:00,1.0181149999999999,1.0183650000000002,1.0177399999999999,1.0183650000000002,0
2022-08-08 12:00:00+00:00,1.02012,1.020245,1.01972,1.0198749999999999,0
2022-08-08 12:15:00+00:00,1.019895,1.019895,1.01879,1.019185,0
2022-08-08 12:30:00+00:00,1.01918,1.01959,1.018405,1.019565,0
2022-08-08 12:45:00+00:00,1.01956,1.01993,1.0194800000000002,1.0198749999999999,0
2022-08-08 16:00:00+00:00,1.02064,1.021245,1.020585,1.0208650000000001,0
2022-08-08 16:15:00+00:00,1.02087,1.02088,1.02008,1.0201250000000002,0
2022-08-08 16:30:00+00:00,1.02012,1.020195,1.019765,1.01986,0
2022-08-08 16:45:00+00:00,1.019865,1.02011,1.01948,1.0196049999999999,0
2022-08-08 23:00:00+00:00,1.01949,1.0199950000000002,1.01947,1.0199,0
2022-08-08 23:15:00+00:00,1.019905,1.019915,1.01971,1.019765,0
2022-08-08 23:30:00+00:00,1.01977,1.019965,1.01971,1.0198200000000002,0
2022-08-08 23:45:00+00:00,1.019835,1.01985,1.0196749999999999,1.019795,0
2022-08-09 21:00:00+00:00,1.0213450000000002,1.02138,1.02128,1.0213,0
2022-08-09 21:15:00+00:00,1.02129,1.0213299999999998,1.021175,1.02128,0
2022-08-09 21:30:00+00:00,1.02127,1.021335,1.02124,1.021285,0
2022-08-09 21:45:00+00:00,1.02129,1.02154,1.02122,1.02136,0
2022-08-10 00:00:00+00:00,1.020785,1.0208650000000001,1.02036,1.0205199999999999,0
2022-08-10 00:15:00+00:00,1.020525,1.0206499999999998,1.020355,1.02038,0
2022-08-10 00:30:00+00:00,1.02039,1.020605,1.020295,1.02054,0
2022-08-10 00:45:00+00:00,1.020545,1.0209549999999998,1.02046,1.020775,0
2022-08-10 15:00:00+00:00,1.0355150000000002,1.0368650000000001,1.035205,1.035425,0
2022-08-10 15:15:00+00:00,1.03543,1.03556,1.03429,1.0350899999999998,0
2022-08-10 15:30:00+00:00,1.035085,1.0352100000000002,1.03287,1.0332249999999998,0
2022-08-10 15:45:00+00:00,1.033215,1.033685,1.032975,1.0333649999999999,0
2022-08-11 02:00:00+00:00,1.0288499999999998,1.0288599999999999,1.02844,1.028505,0
2022-08-11 02:15:00+00:00,1.028515,1.028805,1.0284900000000001,1.0287899999999999,0
2022-08-11 02:30:00+00:00,1.028765,1.0287899999999999,1.028225,1.02827,0
2022-08-11 02:45:00+00:00,1.02828,1.02865,1.02821,1.02835,0
2022-08-11 06:00:00+00:00,1.028195,1.0289549999999998,1.027855,1.0289549999999998,0
2022-08-11 06:15:00+00:00,1.02894,1.0301900000000002,1.0288650000000001,1.0297550000000002,0
2022-08-11 06:30:00+00:00,1.02976,1.02977,1.0290300000000001,1.02931,0
2022-08-11 06:45:00+00:00,1.029305,1.0313949999999998,1.029255,1.03118,0
2022-08-11 17:00:00+00:00,1.0330249999999999,1.033255,1.032365,1.0328,0
2022-08-11 17:15:00+00:00,1.032805,1.03319,1.032285,1.032285,0
2022-08-11 17:30:00+00:00,1.0322900000000002,1.032575,1.031755,1.032445,0
2022-08-11 17:45:00+00:00,1.03247,1.0325099999999998,1.03178,1.032205,0
2022-08-12 08:00:00+00:00,1.02973,1.0297749999999999,1.02888,1.029385,0
2022-08-12 08:15:00+00:00,1.0293899999999998,1.029535,1.02882,1.029155,0
2022-08-12 08:30:00+00:00,1.02915,1.0301399999999998,1.029145,1.02979,0
2022-08-12 08:45:00+00:00,1.029785,1.0304,1.029605,1.0302250000000002,0
2022-08-15 13:00:00+00:00,1.02008,1.020915,1.0196749999999999,1.020835,0
2022-08-15 13:15:00+00:00,1.0208249999999999,1.022325,1.0204149999999998,1.02222,0
2022-08-15 13:30:00+00:00,1.022215,1.0222250000000002,1.020615,1.02062,0
2022-08-15 13:45:00+00:00,1.020615,1.020845,1.0193699999999999,1.01984,0
2022-08-15 23:00:00+00:00,1.01627,1.01637,1.016025,1.016025,0
2022-08-15 23:15:00+00:00,1.01603,1.01627,1.0159099999999999,1.0162049999999998,0
2022-08-15 23:30:00+00:00,1.01621,1.01629,1.01607,1.01615,0
2022-08-15 23:45:00+00:00,1.016155,1.01627,1.01606,1.016155,0
2022-08-16 05:00:00+00:00,1.0159099999999999,1.0159150000000001,1.015565,1.015695,0
2022-08-16 05:15:00+00:00,1.01569,1.01603,1.01553,1.01593,0
2022-08-16 05:30:00+00:00,1.015925,1.01638,1.01587,1.016225,0
2022-08-16 05:45:00+00:00,1.01624,1.0165199999999999,1.0159150000000001,1.016415,0
2022-08-16 14:00:00+00:00,1.0176349999999998,1.01766,1.0165250000000001,1.017115,0
2022-08-16 14:15:00+00:00,1.017125,1.01872,1.01702,1.01852,0
2022-08-16 14:30:00+00:00,1.018525,1.0193400000000001,1.01816,1.01901,0
2022-08-16 14:45:00+00:00,1.0190000000000001,1.019495,1.0175100000000001,1.0178850000000002,0
2022-08-16 15:00:00+00:00,1.01789,1.0183849999999999,1.0171299999999999,1.0176500000000002,0
2022-08-16 15:15:00+00:00,1.017655,1.0179049999999998,1.017235,1.017765,0
2022-08-16 15:30:00+00:00,1.0177800000000001,1.01793,1.0172750000000002,1.017735,0
2022-08-16 15:45:00+00:00,1.0177299999999998,1.017825,1.017185,1.0173299999999998,0
2022-08-17 00:00:00+00:00,1.016975,1.01708,1.016625,1.017015,0
2022-08-17 00:15:00+00:00,1.0170050000000002,1.017125,1.01673,1.01673,0
2022-08-17 00:30:00+00:00,1.01672,1.017185,1.01666,1.01718,0
2022-08-17 00:45:00+00:00,1.01715,1.017385,1.016765,1.017065,0
2022-08-17 08:00:00+00:00,1.016645,1.01667,1.01517,1.016355,0
2022-08-17 08:15:00+00:00,1.016335,1.0175,1.01609,1.017305,0
2022-08-17 08:30:00+00:00,1.0173100000000002,1.01841,1.01723,1.0178699999999998,0
2022-08-17 08:45:00+00:00,1.017875,1.018325,1.017385,1.01741,0
2022-08-17 15:00:00+00:00,1.0162200000000001,1.016845,1.016115,1.01648,0
2022-08-17 15:15:00+00:00,1.0164900000000001,1.017265,1.0163950000000002,1.01679,0
2022-08-17 15:30:00+00:00,1.016785,1.017335,1.0162749999999998,1.0165549999999999,0
2022-08-17 15:45:00+00:00,1.01655,1.016835,1.01611,1.01614,0
2022-08-17 21:00:00+00:00,1.0180850000000001,1.018215,1.017805,1.0178500000000001,0
2022-08-17 21:15:00+00:00,1.01784,1.01791,1.0177200000000002,1.01773,0
2022-08-17 21:30:00+00:00,1.0177200000000002,1.01776,1.017715,1.0177550000000002,0
2022-08-17 21:45:00+00:00,1.01776,1.0177749999999999,1.0176500000000002,1.017655,0
2022-08-18 04:00:00+00:00,1.01707,1.01719,1.01684,1.01685,0
2022-08-18 04:15:00+00:00,1.01684,1.01695,1.016465,1.016495,0
2022-08-18 04:30:00+00:00,1.016505,1.016785,1.016305,1.016625,0
2022-08-18 04:45:00+00:00,1.016635,1.0167899999999999,1.01647,1.01671,0
2022-08-18 14:00:00+00:00,1.01239,1.0128400000000002,1.011185,1.0125950000000001,0
2022-08-18 14:15:00+00:00,1.0126,1.0128300000000001,1.01205,1.0123799999999998,0
2022-08-18 14:30:00+00:00,1.01237,1.0130050000000002,1.012295,1.012575,0
2022-08-18 14:45:00+00:00,1.0125799999999998,1.0131800000000002,1.0122149999999999,1.0128750000000002,0
2022-08-18 19:00:00+00:00,1.009065,1.00993,1.009055,1.009835,0
2022-08-18 19:15:00+00:00,1.00983,1.009855,1.00936,1.009585,0
2022-08-18 19:30:00+00:00,1.00959,1.00975,1.00928,1.009335,0
2022-08-18 19:45:00+00:00,1.00933,1.009495,1.009035,1.00941,0
2022-08-18 21:00:00+00:00,1.00884,1.0090249999999998,1.0088249999999999,1.008855,0
2022-08-18 21:15:00+00:00,1.008935,1.009075,1.008725,1.008975,0
2022-08-18 21:30:00+00:00,1.008925,1.008965,1.0086849999999998,1.0088750000000002,0
2022-08-18 21:45:00+00:00,1.008885,1.00892,1.0088,1.0088,0
2022-08-19 04:00:00+00:00,1.008025,1.00804,1.00736,1.007415,0
2022-08-19 04:15:00+00:00,1.0074100000000001,1.00757,1.0071949999999998,1.0075349999999998,0
2022-08-19 04:30:00+00:00,1.00755,1.00778,1.00746,1.007705,0
2022-08-19 04:45:00+00:00,1.0076999999999998,1.007765,1.0075699999999999,1.0076100000000001,0
2022-08-19 11:00:00+00:00,1.0057800000000001,1.0060799999999999,1.005245,1.0056850000000002,0
2022-08-19 11:15:00+00:00,1.00568,1.00589,1.0049000000000001,1.00511,0
2022-08-19 11:30:00+00:00,1.0051,1.005645,1.0049000000000001,1.0054750000000001,0
2022-08-19 11:45:00+00:00,1.00549,1.00571,1.0045600000000001,1.004855,0
2022-08-19 18:00:00+00:00,1.004315,1.004315,1.0035349999999998,1.00356,0
2022-08-19 18:15:00+00:00,1.003545,1.00439,1.003525,1.00417,0
2022-08-19 18:30:00+00:00,1.0041799999999999,1.0045899999999999,1.00384,1.003955,0
2022-08-19 18:45:00+00:00,1.00396,1.00397,1.00323,1.0033050000000001,0
2022-08-21 21:00:00+00:00,1.00415,1.004315,1.0041449999999998,1.0042149999999999,0
2022-08-21 21:15:00+00:00,1.00421,1.00424,1.004075,1.0042,0
2022-08-21 21:30:00+00:00,1.0041950000000002,1.0042149999999999,1.00394,1.00401,0
2022-08-21 21:45:00+00:00,1.004,1.004045,1.00392,1.004045,0
2022-08-22 02:00:00+00:00,1.0027949999999999,1.0030999999999999,1.00253,1.0027750000000002,0
2022-08-22 02:15:00+00:00,1.00277,1.00351,1.00277,1.003325,0
2022-08-22 02:30:00+00:00,1.00332,1.0033349999999999,1.00299,1.00311,0
2022-08-22 02:45:00+00:00,1.0030999999999999,1.00455,1.003025,1.00453,0
2022-08-22 06:00:00+00:00,1.00323,1.003325,1.002685,1.00302,0
2022-08-22 06:15:00+00:00,1.003005,1.003345,1.002805,1.003125,0
2022-08-22 06:30:00+00:00,1.00312,1.003125,1.00228,1.002345,0
2022-08-22 06:45:00+00:00,1.0023499999999999,1.002955,1.002205,1.002245,0
2022-08-22 12:00:00+00:00,1.00008,1.0003799999999998,0.9996849999999999,1.0000550000000001,0
2022-08-22 12:15:00+00:00,1.0000499999999999,1.000615,0.9995350000000001,1.00049,0
2022-08-22 12:30:00+00:00,1.0004849999999998,1.0004849999999998,0.99963,0.99992,0
2022-08-22 12:45:00+00:00,0.999905,1.000885,0.999555,1.0006249999999999,0
2022-08-22 18:00:00+00:00,0.992755,0.993325,0.9926900000000001,0.99327,0
2022-08-22 18:15:00+00:00,0.9932749999999999,0.993665,0.9931099999999999,0.9932749999999999,0
2022-08-22 18:30:00+00:00,0.9932799999999999,0.993655,0.9931650000000001,0.9934000000000001,0
2022-08-22 18:45:00+00:00,0.9934000000000001,0.99365,0.993275,0.993315,0
2022-08-23 00:00:00+00:00,0.9938400000000001,0.993935,0.993025,0.99337,0
2022-08-23 00:15:00+00:00,0.993365,0.9945200000000001,0.99317,0.99447,0
2022-08-23 00:30:00+00:00,0.9944649999999999,0.995025,0.994265,0.994545,0
2022-08-23 00:45:00+00:00,0.99454,0.99455,0.993975,0.994,0
2022-08-23 04:00:00+00:00,0.9941949999999999,0.994295,0.993965,0.99397,0
2022-08-23 04:15:00+00:00,0.9939899999999999,0.9941450000000001,0.9939150000000001,0.9940249999999999,0
2022-08-23 04:30:00+00:00,0.99403,0.9942599999999999,0.99397,0.994235,0
2022-08-23 04:45:00+00:00,0.99423,0.994245,0.99346,0.9934750000000001,0
2022-08-23 11:00:00+00:00,0.992415,0.9927900000000001,0.992105,0.99265,0
2022-08-23 11:15:00+00:00,0.99264,0.99298,0.9924649999999999,0.9926250000000001,0
2022-08-23 11:30:00+00:00,0.99263,0.992685,0.992095,0.992575,0
2022-08-23 11:45:00+00:00,0.992585,0.993545,0.9921,0.992475,0
2022-08-23 19:00:00+00:00,0.996085,0.99667,0.99596,0.99657,0
2022-08-23 19:15:00+00:00,0.99655,0.99665,0.99607,0.99627,0
2022-08-23 19:30:00+00:00,0.996275,0.996605,0.99625,0.99634,0
2022-08-23 19:45:00+00:00,0.9963249999999999,0.99691,0.9962,0.9968950000000001,0
2022-08-24 00:00:00+00:00,0.99664,0.997205,0.99617,0.9962,0
2022-08-24 00:15:00+00:00,0.996205,0.996345,0.9955350000000001,0.9958199999999999,0
2022-08-24 00:30:00+00:00,0.99583,0.99592,0.9953050000000001,0.9958450000000001,0
2022-08-24 00:45:00+00:00,0.99585,0.9959849999999999,0.9952099999999999,0.9952799999999999,0
2022-08-24 05:00:00+00:00,0.995735,0.996205,0.99573,0.9959100000000001,0
2022-08-24 05:15:00+00:00,0.9959150000000001,0.99594,0.995525,0.995625,0
2022-08-24 05:30:00+00:00,0.995635,0.99581,0.9950349999999999,0.9950349999999999,0
2022-08-24 05:45:00+00:00,0.9950399999999999,0.99529,0.99419,0.9942949999999999,0
2022-08-24 20:00:00+00:00,0.9971650000000001,0.99735,0.99695,0.997015,0
2022-08-24 20:15:00+00:00,0.997025,0.99729,0.9967950000000001,0.997285,0
2022-08-24 20:30:00+00:00,0.9972799999999999,0.9972799999999999,0.99655,0.99664,0
2022-08-24 20:45:00+00:00,0.99663,0.99705,0.99637,0.99669,0
2022-08-25 16:00:00+00:00,0.9957050000000001,0.995985,0.9949250000000001,0.9952749999999999,0
2022-08-25 16:15:00+00:00,0.99527,0.996085,0.995105,0.99603,0
2022-08-25 16:30:00+00:00,0.996035,0.99629,0.9957450000000001,0.99628,0
2022-08-25 16:45:00+00:00,0.996275,0.996415,0.995665,0.9960800000000001,0
2022-08-25 20:00:00+00:00,0.99769,0.997775,0.9972799999999999,0.997755,0
2022-08-25 20:15:00+00:00,0.997765,0.9978,0.99764,0.9977,0
2022-08-25 20:30:00+00:00,0.99768,0.9977750000000001,0.9974050000000001,0.99761,0
2022-08-25 20:45:00+00:00,0.9976,0.9976050000000001,0.99717,0.9975,0
2022-08-26 12:00:00+00:00,0.9997450000000001,1.000675,0.9996700000000001,1.00067,0
2022-08-26 12:15:00+00:00,1.000675,1.000985,1.00001,1.00001,0
2022-08-26 12:30:00+00:00,0.9999800000000001,1.0030000000000001,0.9999199999999999,1.0014699999999999,0
2022-08-26 12:45:00+00:00,1.00148,1.003295,1.00109,1.0032800000000002,0
2022-08-30 01:00:00+00:00,1.000575,1.00065,0.99997,1.000315,0
2022-08-30 01:15:00+00:00,1.0003099999999998,1.00107,1.000265,1.00071,0
2022-08-30 01:30:00+00:00,1.00072,1.000725,0.9997849999999999,0.9999100000000001,0
2022-08-30 01:45:00+00:00,0.999915,1.0,0.99899,0.9990749999999999,0
2022-08-30 06:00:00+00:00,1.00019,1.00044,0.999735,1.0002900000000001,0
2022-08-30 06:15:00+00:00,1.0002849999999999,1.00071,0.999495,1.00008,0
2022-08-30 06:30:00+00:00,1.0001099999999998,1.00027,0.99881,0.9990600000000001,0
2022-08-30 06:45:00+00:00,0.999035,1.000035,0.9987250000000001,0.99918,0
2022-08-30 11:00:00+00:00,1.003145,1.00435,1.003115,1.00406,0
2022-08-30 11:15:00+00:00,1.0040550000000001,1.004205,1.002245,1.002255,0
2022-08-30 11:30:00+00:00,1.0022600000000002,1.003155,1.0020799999999999,1.0024899999999999,0
2022-08-30 11:45:00+00:00,1.0025,1.0026549999999999,1.0017049999999998,1.0025,0
2022-08-30 21:00:00+00:00,1.001355,1.0015450000000001,1.0013450000000002,1.0015100000000001,0
2022-08-30 21:15:00+00:00,1.0015,1.001665,1.001495,1.00164,0
2022-08-30 21:30:00+00:00,1.001645,1.00166,1.00161,1.0016349999999998,0
2022-08-30 21:45:00+00:00,1.00165,1.0018099999999999,1.00159,1.00165,0
2022-08-31 16:00:00+00:00,1.006305,1.006405,1.00576,1.00596,0
2022-08-31 16:15:00+00:00,1.0059550000000002,1.006055,1.005325,1.00566,0
2022-08-31 16:30:00+00:00,1.005655,1.0064099999999998,1.0054,1.0055100000000001,0
2022-08-31 16:45:00+00:00,1.0055,1.00564,1.0049899999999998,1.005355,0
2022-08-31 20:00:00+00:00,1.0049000000000001,1.00505,1.00434,1.004815,0
2022-08-31 20:15:00+00:00,1.00482,1.0052349999999999,1.004695,1.0052349999999999,0
2022-08-31 20:30:00+00:00,1.00523,1.00534,1.0051299999999999,1.005305,0
2022-08-31 20:45:00+00:00,1.0053,1.00553,1.00515,1.005405,0
2022-08-31 22:00:00+00:00,1.00508,1.00546,1.00508,1.00536,0
2022-08-31 22:15:00+00:00,1.00535,1.00535,1.00509,1.00514,0
2022-08-31 22:30:00+00:00,1.005145,1.0052400000000001,1.0048300000000001,1.005085,0
2022-08-31 22:45:00+00:00,1.0050750000000002,1.00516,1.004925,1.005105,0
2022-09-01 00:00:00+00:00,1.003815,1.003815,1.0026950000000001,1.0027300000000001,0
2022-09-01 00:15:00+00:00,1.00272,1.002985,1.002355,1.002615,0
2022-09-01 00:30:00+00:00,1.002625,1.00293,1.002075,1.00214,0
2022-09-01 00:45:00+00:00,1.00216,1.0027249999999999,1.00202,1.00234,0
2022-09-01 01:00:00+00:00,1.00236,1.00286,1.00236,1.002615,0
2022-09-01 01:15:00+00:00,1.00264,1.0032,1.0024600000000001,1.00248,0
2022-09-01 01:30:00+00:00,1.002475,1.002645,1.002065,1.00258,0
2022-09-01 01:45:00+00:00,1.00257,1.002705,1.00229,1.0024199999999999,0
2022-09-01 05:00:00+00:00,1.001425,1.001425,1.000795,1.001175,0
2022-09-01 05:15:00+00:00,1.00116,1.0017,1.0010599999999998,1.0016850000000002,0
2022-09-01 05:30:00+00:00,1.001655,1.00203,1.00145,1.00187,0
2022-09-01 05:45:00+00:00,1.001875,1.00204,1.00152,1.00177,0
2022-09-05 01:00:00+00:00,0.991535,0.99228,0.991525,0.992125,0
2022-09-05 01:15:00+00:00,0.99212,0.99246,0.9917400000000001,0.99188,0
2022-09-05 01:30:00+00:00,0.99187,0.9924,0.99167,0.9921800000000001,0
2022-09-05 01:45:00+00:00,0.992185,0.99229,0.991725,0.99198,0
2022-09-05 05:00:00+00:00,0.99054,0.99054,0.988265,0.98865,0
2022-09-05 05:15:00+00:00,0.988645,0.98908,0.9880450000000001,0.988225,0
2022-09-05 05:30:00+00:00,0.98822,0.988685,0.98802,0.9881249999999999,0
2022-09-05 05:45:00+00:00,0.98812,0.988925,0.988075,0.98847,0
2022-09-05 21:00:00+00:00,0.9929,0.993025,0.992685,0.99283,0
2022-09-05 21:15:00+00:00,0.99281,0.993155,0.99281,0.993,0
2022-09-05 21:30:00+00:00,0.992985,0.993105,0.992935,0.9930000000000001,0
2022-09-05 21:45:00+00:00,0.99298,0.9931749999999999,0.992915,0.9930950000000001,0
2022-09-06 15:00:00+00:00,0.9904200000000001,0.9929049999999999,0.9902150000000001,0.9916400000000001,0
2022-09-06 15:15:00+00:00,0.99165,0.99175,0.9899549999999999,0.99107,0
2022-09-06 15:30:00+00:00,0.991055,0.991845,0.9906699999999999,0.991455,0
2022-09-06 15:45:00+00:00,0.9914449999999999,0.991825,0.9907950000000001,0.991205,0
2022-09-06 19:00:00+00:00,0.9909749999999999,0.991155,0.9904999999999999,0.990685,0
2022-09-06 19:15:00+00:00,0.99068,0.99092,0.99036,0.99059,0
2022-09-06 19:30:00+00:00,0.990585,0.990615,0.9899849999999999,0.99031,0
2022-09-06 19:45:00+00:00,0.99032,0.99061,0.990065,0.990395,0
2022-09-06 23:00:00+00:00,0.9896750000000001,0.9896750000000001,0.989035,0.98918,0
2022-09-06 23:15:00+00:00,0.9892000000000001,0.98963,0.98915,0.9894000000000001,0
2022-09-06 23:30:00+00:00,0.989405,0.989975,0.989305,0.98987,0
2022-09-06 23:45:00+00:00,0.98988,0.989935,0.9897149999999999,0.989725,0
2022-09-07 08:00:00+00:00,0.9923850000000001,0.99301,0.9919549999999999,0.992125,0
2022-09-07 08:15:00+00:00,0.99212,0.9926950000000001,0.99127,0.9916,0
2022-09-07 08:30:00+00:00,0.99159,0.99186,0.9909049999999999,0.991665,0
2022-09-07 08:45:00+00:00,0.99167,0.9917450000000001,0.99057,0.99075,0
2022-09-08 01:00:00+00:00,0.998535,0.998935,0.99853,0.998625,0
2022-09-08 01:15:00+00:00,0.99863,0.9990950000000001,0.998545,0.999,0
2022-09-08 01:30:00+00:00,0.998995,0.9991650000000001,0.99857,0.99883,0
2022-09-08 01:45:00+00:00,0.9988349999999999,0.99914,0.9984850000000001,0.99849,0
2022-09-09 01:00:00+00:00,1.0044149999999998,1.00509,1.00441,1.00496,0
2022-09-09 01:15:00+00:00,1.004975,1.005405,1.0049299999999999,1.004975,0
2022-09-09 01:30:00+00:00,1.00498,1.005445,1.004655,1.00529,0
2022-09-09 01:45:00+00:00,1.0053,1.005335,1.00467,1.0051700000000001,0
2022-09-09 06:00:00+00:00,1.0067249999999999,1.0068700000000002,1.0058500000000001,1.00675,0
2022-09-09 06:15:00+00:00,1.00674,1.007085,1.0065,1.0066950000000001,0
2022-09-09 06:30:00+00:00,1.00671,1.00693,1.0061550000000001,1.00677,0
2022-09-09 06:45:00+00:00,1.006775,1.00695,1.006135,1.00691,0
2022-09-09 19:00:00+00:00,1.00439,1.004795,1.004275,1.00453,0
2022-09-09 19:15:00+00:00,1.004535,1.00468,1.004445,1.00458,0
2022-09-09 19:30:00+00:00,1.0045950000000001,1.00489,1.00433,1.0048849999999998,0
2022-09-09 19:45:00+00:00,1.00488,1.004885,1.00441,1.0045600000000001,0
2022-09-11 22:00:00+00:00,1.00916,1.0094949999999998,1.0078200000000002,1.00811,0
2022-09-11 22:15:00+00:00,1.008105,1.0082499999999999,1.00598,1.006805,0
2022-09-11 22:30:00+00:00,1.00681,1.007005,1.00629,1.006815,0
2022-09-11 22:45:00+00:00,1.0068,1.00718,1.006615,1.0067849999999998,0
2022-09-12 05:00:00+00:00,1.0078,1.00857,1.007765,1.008425,0
2022-09-12 05:15:00+00:00,1.008435,1.00897,1.0082149999999999,1.008765,0
2022-09-12 05:30:00+00:00,1.0087549999999998,1.008945,1.008205,1.008925,0
2022-09-12 05:45:00+00:00,1.0089450000000002,1.0091350000000001,1.00849,1.0091350000000001,0
2022-09-12 20:00:00+00:00,1.01154,1.0118900000000002,1.01149,1.011705,0
2022-09-12 20:15:00+00:00,1.01167,1.01208,1.01167,1.012045,0
2022-09-12 20:30:00+00:00,1.0120399999999998,1.012195,1.0119850000000001,1.01213,0
2022-09-12 20:45:00+00:00,1.0121250000000002,1.01245,1.012105,1.01226,0
2022-09-13 19:00:00+00:00,0.997745,0.99795,0.997455,0.9976,0
2022-09-13 19:15:00+00:00,0.99759,0.9979750000000001,0.99756,0.9979,0
2022-09-13 19:30:00+00:00,0.997895,0.997925,0.997255,0.997325,0
2022-09-13 19:45:00+00:00,0.997315,0.9974350000000001,0.997035,0.9973350000000001,0
2022-09-14 09:00:00+00:00,0.99916,0.9995350000000001,0.998265,0.99929,0
2022-09-14 09:15:00+00:00,0.999295,1.00036,0.998825,1.0001250000000002,0
2022-09-14 09:30:00+00:00,1.000135,1.001465,1.000065,1.00089,0
2022-09-14 09:45:00+00:00,1.000885,1.001325,1.000225,1.00121,0
2022-09-14 10:00:00+00:00,1.0011999999999999,1.0016349999999998,1.000605,1.0015450000000001,0
2022-09-14 10:15:00+00:00,1.0015399999999999,1.002355,1.00146,1.002135,0
2022-09-14 10:30:00+00:00,1.0021300000000002,1.0023300000000002,1.001285,1.0014750000000001,0
2022-09-14 10:45:00+00:00,1.00147,1.00177,1.00081,1.00082,0
2022-09-15 02:00:00+00:00,0.998135,0.998255,0.99743,0.99744,0
2022-09-15 02:15:00+00:00,0.9974350000000001,0.99751,0.99693,0.99751,0
2022-09-15 02:30:00+00:00,0.99752,0.99779,0.99742,0.9976750000000001,0
2022-09-15 02:45:00+00:00,0.9976700000000001,0.99775,0.99732,0.99743,0
2022-09-15 15:00:00+00:00,0.999665,1.00046,0.9994000000000001,0.9998549999999999,0
2022-09-15 15:15:00+00:00,0.999835,0.9999750000000001,0.999025,0.99932,0
2022-09-15 15:30:00+00:00,0.999325,0.9997400000000001,0.99927,0.999525,0
2022-09-15 15:45:00+00:00,0.9995350000000001,0.9997,0.9987349999999999,0.9990749999999999,0
2022-09-16 10:00:00+00:00,0.9967699999999999,0.99742,0.996515,0.996955,0
2022-09-16 10:15:00+00:00,0.9969600000000001,0.99744,0.99683,0.99742,0
2022-09-16 10:30:00+00:00,0.9974149999999999,0.9983949999999999,0.9974050000000001,0.998245,0
2022-09-16 10:45:00+00:00,0.99824,0.9989250000000001,0.997865,0.9985299999999999,0
2022-09-16 17:00:00+00:00,1.0007,1.00111,1.000345,1.000945,0
2022-09-16 17:15:00+00:00,1.0009350000000001,1.001065,1.0002849999999999,1.0006,0
2022-09-16 17:30:00+00:00,1.0005950000000001,1.0009649999999999,1.00013,1.00027,0
2022-09-16 17:45:00+00:00,1.00026,1.00026,0.999315,0.99935,0
2022-09-19 01:00:00+00:00,1.001105,1.001295,1.000875,1.0009000000000001,0
2022-09-19 01:15:00+00:00,1.00089,1.001035,1.00062,1.0008249999999999,0
2022-09-19 01:30:00+00:00,1.00082,1.000985,1.000655,1.000915,0
2022-09-19 01:45:00+00:00,1.00088,1.001105,1.000715,1.000815,0
2022-09-19 06:00:00+00:00,0.99811,0.9983850000000001,0.9975149999999999,0.99763,0
2022-09-19 06:15:00+00:00,0.997625,0.998705,0.99754,0.997995,0
2022-09-19 06:30:00+00:00,0.9979899999999999,0.9983500000000001,0.99744,0.9975350000000001,0
2022-09-19 06:45:00+00:00,0.9975449999999999,0.99807,0.99685,0.99709,0
2022-09-19 13:00:00+00:00,0.998305,0.998885,0.998055,0.9986649999999999,0
2022-09-19 13:15:00+00:00,0.9986999999999999,0.998775,0.9976,0.997735,0
2022-09-19 13:30:00+00:00,0.99773,0.99901,0.9975849999999999,0.9987900000000001,0
2022-09-19 13:45:00+00:00,0.9987900000000001,0.9989650000000001,0.9983550000000001,0.998685,0
2022-09-20 01:00:00+00:00,1.003475,1.00377,1.00312,1.00365,0
2022-09-20 01:15:00+00:00,1.003655,1.003655,1.0030000000000001,1.003215,0
2022-09-20 01:30:00+00:00,1.00322,1.003245,1.00256,1.00259,0
2022-09-20 01:45:00+00:00,1.0025849999999998,1.0027949999999999,1.0023499999999999,1.00241,0
2022-09-20 07:00:00+00:00,1.002775,1.003895,1.00272,1.00297,0
2022-09-20 07:15:00+00:00,1.002955,1.003775,1.0025499999999998,1.00349,0
2022-09-20 07:30:00+00:00,1.0034800000000001,1.0042149999999999,1.00207,1.002915,0
2022-09-20 07:45:00+00:00,1.00291,1.003775,1.002435,1.003575,0
2022-09-20 14:00:00+00:00,0.99823,0.9991300000000001,0.9977450000000001,0.998605,0
2022-09-20 14:15:00+00:00,0.99861,0.9988950000000001,0.998045,0.9982549999999999,0
2022-09-20 14:30:00+00:00,0.99825,0.9985649999999999,0.9975,0.99841,0
2022-09-20 14:45:00+00:00,0.998415,0.999725,0.99777,0.99944,0
2022-09-20 20:00:00+00:00,0.997595,0.9978750000000001,0.997435,0.9975,0
2022-09-20 20:15:00+00:00,0.99748,0.99764,0.99722,0.9975499999999999,0
2022-09-20 20:30:00+00:00,0.99754,0.9976499999999999,0.99705,0.9970600000000001,0
2022-09-20 20:45:00+00:00,0.99707,0.9972099999999999,0.9969250000000001,0.997185,0
2022-09-21 03:00:00+00:00,0.9964550000000001,0.9966900000000001,0.9963,0.99639,0
2022-09-21 03:15:00+00:00,0.9963850000000001,0.996425,0.99594,0.99598,0
2022-09-21 03:30:00+00:00,0.9959899999999999,0.9963850000000001,0.99595,0.9963850000000001,0
2022-09-21 03:45:00+00:00,0.99638,0.9967550000000001,0.99637,0.9966200000000001,0
2022-09-21 16:00:00+00:00,0.9878849999999999,0.98794,0.98735,0.9877199999999999,0
2022-09-21 16:15:00+00:00,0.9877149999999999,0.98841,0.9876450000000001,0.9879,0
2022-09-21 16:30:00+00:00,0.987895,0.987905,0.987225,0.98736,0
2022-09-21 16:45:00+00:00,0.987355,0.987365,0.98662,0.9869749999999999,0
2022-09-21 23:00:00+00:00,0.983895,0.98411,0.9833799999999999,0.98346,0
2022-09-21 23:15:00+00:00,0.9834700000000001,0.98351,0.98298,0.98302,0
2022-09-21 23:30:00+00:00,0.98305,0.9836450000000001,0.982915,0.9832749999999999,0
2022-09-21 23:45:00+00:00,0.98327,0.983465,0.9829950000000001,0.98315,0
2022-09-22 08:00:00+00:00,0.98456,0.9874700000000001,0.9840949999999999,0.9863299999999999,0
2022-09-22 08:15:00+00:00,0.98634,0.9884,0.98634,0.9869399999999999,0
2022-09-22 08:30:00+00:00,0.98693,0.99075,0.9867649999999999,0.98997,0
2022-09-22 08:45:00+00:00,0.989965,0.99007,0.98742,0.98795,0
2022-09-22 15:00:00+00:00,0.981525,0.98218,0.98121,0.98216,0
2022-09-22 15:15:00+00:00,0.982165,0.98229,0.981525,0.982065,0
2022-09-22 15:30:00+00:00,0.9820599999999999,0.9831099999999999,0.982005,0.98244,0
2022-09-22 15:45:00+00:00,0.98245,0.98411,0.98239,0.984005,0
2022-09-22 21:00:00+00:00,0.98383,0.984065,0.9838,0.983815,0
2022-09-22 21:15:00+00:00,0.9838199999999999,0.98395,0.983155,0.9837100000000001,0
2022-09-22 21:30:00+00:00,0.983705,0.983785,0.98361,0.9836149999999999,0
2022-09-22 21:45:00+00:00,0.9836050000000001,0.983825,0.98349,0.9836750000000001,0
2022-09-23 05:00:00+00:00,0.98229,0.9830099999999999,0.98228,0.98258,0
2022-09-23 05:15:00+00:00,0.982605,0.98323,0.982605,0.982845,0
2022-09-23 05:30:00+00:00,0.9828349999999999,0.9828749999999999,0.9822500000000001,0.9823649999999999,0
2022-09-23 05:45:00+00:00,0.98236,0.98329,0.98234,0.9829600000000001,0
2022-09-23 20:00:00+00:00,0.96911,0.96966,0.96896,0.96958,0
2022-09-23 20:15:00+00:00,0.96957,0.9696,0.96904,0.9693750000000001,0
2022-09-23 20:30:00+00:00,0.96938,0.969625,0.96904,0.96958,0
2022-09-23 20:45:00+00:00,0.96961,0.969755,0.968795,0.96902,0
2022-09-26 00:00:00+00:00,0.968555,0.969195,0.968205,0.968205,0
2022-09-26 00:15:00+00:00,0.96821,0.968595,0.967735,0.96812,0
2022-09-26 00:30:00+00:00,0.9681299999999999,0.968545,0.9665950000000001,0.9668749999999999,0
2022-09-26 00:45:00+00:00,0.966905,0.96709,0.955075,0.9569399999999999,0
2022-09-26 17:00:00+00:00,0.96214,0.9622649999999999,0.96053,0.96097,0
2022-09-26 17:15:00+00:00,0.96098,0.9614,0.960545,0.96106,0
2022-09-26 17:30:00+00:00,0.961055,0.961425,0.960205,0.960565,0
2022-09-26 17:45:00+00:00,0.96057,0.96128,0.959975,0.96012,0
2022-09-27 12:00:00+00:00,0.963855,0.964485,0.963595,0.964435,0
2022-09-27 12:15:00+00:00,0.96443,0.964785,0.96384,0.9642200000000001,0
2022-09-27 12:30:00+00:00,0.964205,0.964855,0.9635050000000001,0.96414,0
2022-09-27 12:45:00+00:00,0.9641249999999999,0.96414,0.9619949999999999,0.96227,0
2022-09-28 08:00:00+00:00,0.957785,0.95886,0.957195,0.9576,0
2022-09-28 08:15:00+00:00,0.9576199999999999,0.95782,0.95667,0.95667,0
2022-09-28 08:30:00+00:00,0.9566600000000001,0.9567300000000001,0.9545650000000001,0.95533,0
2022-09-28 08:45:00+00:00,0.955305,0.95564,0.954715,0.95564,0
2022-09-28 18:00:00+00:00,0.9730749999999999,0.973175,0.97235,0.972945,0
2022-09-28 18:15:00+00:00,0.972955,0.97338,0.97258,0.973,0
2022-09-28 18:30:00+00:00,0.9730049999999999,0.973805,0.972925,0.973735,0
2022-09-28 18:45:00+00:00,0.9737549999999999,0.9751000000000001,0.97374,0.97446,0
2022-09-28 23:00:00+00:00,0.971885,0.97244,0.9718800000000001,0.971965,0
2022-09-28 23:15:00+00:00,0.97197,0.97202,0.97142,0.9718150000000001,0
2022-09-28 23:30:00+00:00,0.97182,0.97182,0.97097,0.97097,0
2022-09-28 23:45:00+00:00,0.9709749999999999,0.97133,0.970445,0.9705699999999999,0
2022-09-29 04:00:00+00:00,0.9685900000000001,0.96872,0.9683550000000001,0.96852,0
2022-09-29 04:15:00+00:00,0.9684900000000001,0.9688950000000001,0.96839,0.96879,0
2022-09-29 04:30:00+00:00,0.9687950000000001,0.968995,0.96855,0.968835,0
2022-09-29 04:45:00+00:00,0.968825,0.9689749999999999,0.96853,0.9685699999999999,0
2022-10-04 01:00:00+00:00,0.9826900000000001,0.9829349999999999,0.9824949999999999,0.98287,0
2022-10-04 01:15:00+00:00,0.9828749999999999,0.9829600000000001,0.98245,0.98274,0
2022-10-04 01:30:00+00:00,0.982725,0.98293,0.98213,0.982135,0
2022-10-04 01:45:00+00:00,0.98214,0.98218,0.98117,0.98117,0
2022-10-04 13:00:00+00:00,0.992435,0.99246,0.9914149999999999,0.99173,0
2022-10-04 13:15:00+00:00,0.991725,0.992135,0.9910049999999999,0.99131,0
2022-10-04 13:30:00+00:00,0.991315,0.992725,0.9911300000000001,0.99203,0
2022-10-04 13:45:00+00:00,0.992035,0.9930950000000001,0.991395,0.992935,0
2022-10-04 16:00:00+00:00,0.9976499999999999,0.9984900000000001,0.99756,0.99827,0
2022-10-04 16:15:00+00:00,0.998275,0.998695,0.99775,0.99838,0
2022-10-04 16:30:00+00:00,0.9983850000000001,0.99939,0.9978,0.9979750000000001,0
2022-10-04 16:45:00+00:00,0.99798,0.9979849999999999,0.9965200000000001,0.997015,0
2022-10-05 03:00:00+00:00,0.9967649999999999,0.9969650000000001,0.99596,0.99623,0
2022-10-05 03:15:00+00:00,0.996235,0.9965250000000001,0.9960549999999999,0.9965200000000001,0
2022-10-05 03:30:00+00:00,0.996525,0.997035,0.996085,0.99698,0
2022-10-05 03:45:00+00:00,0.996975,0.99716,0.99672,0.996955,0
2022-10-06 06:00:00+00:00,0.99224,0.99228,0.991275,0.991635,0
2022-10-06 06:15:00+00:00,0.99163,0.99163,0.990245,0.9907349999999999,0
2022-10-06 06:30:00+00:00,0.9907250000000001,0.99144,0.990685,0.9908950000000001,0
2022-10-06 06:45:00+00:00,0.990915,0.9911449999999999,0.9893149999999999,0.98966,0
2022-10-06 16:00:00+00:00,0.98048,0.981055,0.97891,0.9793050000000001,0
2022-10-06 16:15:00+00:00,0.97931,0.98028,0.97882,0.97987,0
2022-10-06 16:30:00+00:00,0.979865,0.98031,0.97916,0.980305,0
2022-10-06 16:45:00+00:00,0.980275,0.9805900000000001,0.979705,0.9802550000000001,0
2022-10-06 22:00:00+00:00,0.9794,0.97974,0.9792099999999999,0.97951,0
2022-10-06 22:15:00+00:00,0.9795,0.979785,0.97919,0.97934,0
2022-10-06 22:30:00+00:00,0.979355,0.97952,0.97931,0.97951,0
2022-10-06 22:45:00+00:00,0.979505,0.97953,0.9793000000000001,0.9793000000000001,0
2022-10-07 01:00:00+00:00,0.97934,0.9795,0.979125,0.979195,0
2022-10-07 01:15:00+00:00,0.97921,0.9799249999999999,0.978665,0.979555,0
2022-10-07 01:30:00+00:00,0.9795400000000001,0.9798849999999999,0.978915,0.9798100000000001,0
2022-10-07 01:45:00+00:00,0.9798,0.9799150000000001,0.97936,0.979805,0
2022-10-07 06:00:00+00:00,0.98014,0.98014,0.97841,0.97841,0
2022-10-07 06:15:00+00:00,0.978415,0.9787250000000001,0.977245,0.9774750000000001,0
2022-10-07 06:30:00+00:00,0.977465,0.9778100000000001,0.97681,0.9770300000000001,0
2022-10-07 06:45:00+00:00,0.977055,0.97822,0.976575,0.97818,0
2022-10-10 11:00:00+00:00,0.969275,0.969765,0.96916,0.96973,0
2022-10-10 11:15:00+00:00,0.96972,0.97067,0.969595,0.970655,0
2022-10-10 11:30:00+00:00,0.9706049999999999,0.97063,0.969025,0.96921,0
2022-10-10 11:45:00+00:00,0.969225,0.96989,0.96872,0.969725,0
2022-10-11 03:00:00+00:00,0.9687250000000001,0.9690799999999999,0.968645,0.969005,0
2022-10-11 03:15:00+00:00,0.969,0.9695,0.968975,0.969345,0
2022-10-11 03:30:00+00:00,0.96934,0.9696,0.9687749999999999,0.9687950000000001,0
2022-10-11 03:45:00+00:00,0.9688,0.96892,0.96816,0.968225,0
2022-10-11 14:00:00+00:00,0.970215,0.9704649999999999,0.96909,0.970255,0
2022-10-11 14:15:00+00:00,0.97026,0.97082,0.9699599999999999,0.9699800000000001,0
2022-10-11 14:30:00+00:00,0.969975,0.9713849999999999,0.9697150000000001,0.971185,0
2022-10-11 14:45:00+00:00,0.971195,0.972,0.97035,0.97075,0
2022-10-11 21:00:00+00:00,0.970625,0.9707300000000001,0.970505,0.970595,0
2022-10-11 21:15:00+00:00,0.97061,0.97065,0.970305,0.97063,0
2022-10-11 21:30:00+00:00,0.97064,0.97071,0.970405,0.9704349999999999,0
2022-10-11 21:45:00+00:00,0.97043,0.970615,0.970415,0.9704200000000001,0
2022-10-12 02:00:00+00:00,0.96909,0.96929,0.96856,0.96868,0
2022-10-12 02:15:00+00:00,0.968655,0.968885,0.96829,0.9687600000000001,0
2022-10-12 02:30:00+00:00,0.96875,0.969345,0.968625,0.96865,0
2022-10-12 02:45:00+00:00,0.968675,0.9699599999999999,0.96855,0.9699450000000001,0
2022-10-12 04:00:00+00:00,0.9698100000000001,0.97348,0.9697100000000001,0.971635,0
2022-10-12 04:15:00+00:00,0.9716400000000001,0.971775,0.971075,0.971415,0
2022-10-12 04:30:00+00:00,0.971425,0.97167,0.971015,0.971575,0
2022-10-12 04:45:00+00:00,0.97157,0.97192,0.9713350000000001,0.97149,0
2022-10-12 18:00:00+00:00,0.969085,0.97204,0.968505,0.971575,0
2022-10-12 18:15:00+00:00,0.97157,0.971805,0.97048,0.970925,0
2022-10-12 18:30:00+00:00,0.9709300000000001,0.9714449999999999,0.9705,0.97069,0
2022-10-12 18:45:00+00:00,0.9707,0.9707,0.9695050000000001,0.96978,0
2022-10-12 23:00:00+00:00,0.970785,0.970785,0.97039,0.970495,0
2022-10-12 23:15:00+00:00,0.9704900000000001,0.97063,0.9704649999999999,0.9705,0
2022-10-12 23:30:00+00:00,0.9704900000000001,0.9707399999999999,0.970485,0.97073,0
2022-10-12 23:45:00+00:00,0.970715,0.970965,0.9704900000000001,0.9704900000000001,0
2022-10-13 04:00:00+00:00,0.9700599999999999,0.97021,0.96976,0.970135,0
2022-10-13 04:15:00+00:00,0.9701249999999999,0.9702999999999999,0.97009,0.9702299999999999,0
2022-10-13 04:30:00+00:00,0.9702249999999999,0.970615,0.97021,0.970445,0
2022-10-13 04:45:00+00:00,0.97044,0.970505,0.9702999999999999,0.970405,0
2022-10-13 20:00:00+00:00,0.977465,0.977865,0.9773449999999999,0.9774700000000001,0
2022-10-13 20:15:00+00:00,0.977465,0.97782,0.977465,0.9777849999999999,0
2022-10-13 20:30:00+00:00,0.9777750000000001,0.9781,0.9776450000000001,0.978045,0
2022-10-13 20:45:00+00:00,0.9780249999999999,0.9780249999999999,0.9775100000000001,0.9776400000000001,0
2022-10-14 01:00:00+00:00,0.97681,0.97763,0.97679,0.977405,0
2022-10-14 01:15:00+00:00,0.97741,0.97777,0.977155,0.9772099999999999,0
2022-10-14 01:30:00+00:00,0.97722,0.97952,0.9771799999999999,0.97946,0
2022-10-14 01:45:00+00:00,0.9794350000000001,0.98088,0.97931,0.979995,0
2022-10-14 05:00:00+00:00,0.97818,0.978655,0.9780850000000001,0.978445,0
2022-10-14 05:15:00+00:00,0.9784349999999999,0.97862,0.97766,0.977935,0
2022-10-14 05:30:00+00:00,0.97792,0.978415,0.9776450000000001,0.977985,0
2022-10-14 05:45:00+00:00,0.977995,0.97828,0.97752,0.977625,0
2022-10-17 00:00:00+00:00,0.973975,0.975,0.9737100000000001,0.97427,0
2022-10-17 00:15:00+00:00,0.97426,0.974355,0.97388,0.974145,0
2022-10-17 00:30:00+00:00,0.97414,0.974945,0.97403,0.9749350000000001,0
2022-10-17 00:45:00+00:00,0.974945,0.975085,0.974155,0.97458,0
2022-10-17 07:00:00+00:00,0.973185,0.9753750000000001,0.9731799999999999,0.974685,0
2022-10-17 07:15:00+00:00,0.974675,0.9752000000000001,0.97343,0.9741,0
2022-10-17 07:30:00+00:00,0.97411,0.975705,0.97393,0.97527,0
2022-10-17 07:45:00+00:00,0.97524,0.975555,0.974475,0.97472,0
2022-10-17 13:00:00+00:00,0.97755,0.978715,0.97727,0.9785349999999999,0
2022-10-17 13:15:00+00:00,0.97854,0.9786900000000001,0.9776849999999999,0.97829,0
2022-10-17 13:30:00+00:00,0.9782850000000001,0.979845,0.97824,0.9789,0
2022-10-17 13:45:00+00:00,0.97889,0.979285,0.9779450000000001,0.97822,0
2022-10-17 14:00:00+00:00,0.978235,0.9797,0.978235,0.9797,0
2022-10-17 14:15:00+00:00,0.979695,0.9802249999999999,0.9783949999999999,0.9796050000000001,0
2022-10-17 14:30:00+00:00,0.9796050000000001,0.98119,0.979455,0.980165,0
2022-10-17 14:45:00+00:00,0.98016,0.98169,0.98,0.9815149999999999,0
2022-10-17 18:00:00+00:00,0.984145,0.9849049999999999,0.983795,0.983795,0
2022-10-17 18:15:00+00:00,0.9837849999999999,0.984505,0.983735,0.98414,0
2022-10-17 18:30:00+00:00,0.98415,0.984595,0.9840549999999999,0.984445,0
2022-10-17 18:45:00+00:00,0.98446,0.9848399999999999,0.984075,0.9846900000000001,0
2022-10-18 16:00:00+00:00,0.9841500000000001,0.9851099999999999,0.9837400000000001,0.98455,0
2022-10-18 16:15:00+00:00,0.984545,0.984925,0.9842850000000001,0.984855,0
2022-10-18 16:30:00+00:00,0.98485,0.98605,0.9843249999999999,0.985385,0
2022-10-18 16:45:00+00:00,0.98538,0.98584,0.98489,0.9856,0
2022-10-19 23:00:00+00:00,0.976525,0.97662,0.976275,0.976405,0
2022-10-19 23:15:00+00:00,0.97638,0.9766699999999999,0.9762500000000001,0.976455,0
2022-10-19 23:30:00+00:00,0.97645,0.97646,0.976075,0.9762500000000001,0
2022-10-19 23:45:00+00:00,0.9762550000000001,0.97672,0.97622,0.976545,0
2022-10-20 04:00:00+00:00,0.97612,0.97626,0.97593,0.9760599999999999,0
2022-10-20 04:15:00+00:00,0.97605,0.9785900000000001,0.976015,0.9767699999999999,0
2022-10-20 04:30:00+00:00,0.976775,0.976785,0.9762649999999999,0.9765950000000001,0
2022-10-20 04:45:00+00:00,0.97662,0.97793,0.9765900000000001,0.97782,0
2022-10-20 14:00:00+00:00,0.97864,0.9816149999999999,0.97835,0.981365,0
2022-10-20 14:15:00+00:00,0.98135,0.9837400000000001,0.981295,0.9835050000000001,0
2022-10-20 14:30:00+00:00,0.98351,0.983655,0.981905,0.98201,0
2022-10-20 14:45:00+00:00,0.982005,0.98456,0.981795,0.984515,0
2022-10-20 19:00:00+00:00,0.978445,0.978955,0.9782649999999999,0.97849,0
2022-10-20 19:15:00+00:00,0.978495,0.978505,0.9774700000000001,0.9776549999999999,0
2022-10-20 19:30:00+00:00,0.97766,0.977995,0.97733,0.9779850000000001,0
2022-10-20 19:45:00+00:00,0.9779599999999999,0.978585,0.9777849999999999,0.978425,0
2022-10-21 12:00:00+00:00,0.974495,0.974915,0.97277,0.97298,0
2022-10-21 12:15:00+00:00,0.972985,0.973,0.970675,0.971395,0
2022-10-21 12:30:00+00:00,0.9714,0.972585,0.970505,0.97224,0
2022-10-21 12:45:00+00:00,0.972245,0.977735,0.971425,0.975785,0
2022-10-24 01:00:00+00:00,0.9849049999999999,0.9849049999999999,0.9839100000000001,0.984235,0
2022-10-24 01:15:00+00:00,0.9842299999999999,0.9842599999999999,0.983355,0.98395,0
2022-10-24 01:30:00+00:00,0.98394,0.9844200000000001,0.983555,0.983575,0
2022-10-24 01:45:00+00:00,0.98358,0.984015,0.98323,0.983545,0
2022-10-24 21:00:00+00:00,0.98735,0.9875149999999999,0.98735,0.9874350000000001,0
2022-10-24 21:15:00+00:00,0.98744,0.9874499999999999,0.9873149999999999,0.987335,0
2022-10-24 21:30:00+00:00,0.987335,0.98737,0.98728,0.9873050000000001,0
2022-10-24 21:45:00+00:00,0.9873000000000001,0.98734,0.9869399999999999,0.98721,0
2022-10-25 11:00:00+00:00,0.985865,0.986005,0.9848650000000001,0.9858549999999999,0
2022-10-25 11:15:00+00:00,0.9858450000000001,0.98631,0.98561,0.9862150000000001,0
2022-10-25 11:30:00+00:00,0.98619,0.986445,0.985855,0.986345,0
2022-10-25 11:45:00+00:00,0.986375,0.9867049999999999,0.9860450000000001,0.986675,0
2022-10-27 01:00:00+00:00,1.00785,1.00841,1.007745,1.00828,0
2022-10-27 01:15:00+00:00,1.00827,1.008435,1.007555,1.00788,0
2022-10-27 01:30:00+00:00,1.0078900000000002,1.00808,1.00758,1.00773,0
2022-10-27 01:45:00+00:00,1.0077099999999999,1.0078049999999998,1.00744,1.007585,0
2022-10-27 08:00:00+00:00,1.00666,1.007165,1.005825,1.006525,0
2022-10-27 08:15:00+00:00,1.006535,1.00779,1.006125,1.006715,0
2022-10-27 08:30:00+00:00,1.006705,1.007185,1.0057749999999999,1.0061550000000001,0
2022-10-27 08:45:00+00:00,1.00616,1.006845,1.0058150000000001,1.00603,0
2022-10-27 13:00:00+00:00,1.0006599999999999,1.0014150000000002,0.997255,0.997505,0
2022-10-27 13:15:00+00:00,0.99752,1.00048,0.99751,0.99932,0
2022-10-27 13:30:00+00:00,0.999315,1.002325,0.9992300000000001,1.001965,0
2022-10-27 13:45:00+00:00,1.00197,1.003015,1.00007,1.000575,0
2022-10-28 07:00:00+00:00,0.9967950000000001,0.99769,0.995195,0.99525,0
2022-10-28 07:15:00+00:00,0.99522,0.9954799999999999,0.99379,0.994735,0
2022-10-28 07:30:00+00:00,0.99474,0.99525,0.99442,0.99482,0
2022-10-28 07:45:00+00:00,0.9948250000000001,0.995165,0.99428,0.9945550000000001,0
2022-10-28 12:00:00+00:00,0.995405,0.995935,0.99498,0.995045,0
2022-10-28 12:15:00+00:00,0.995045,0.995725,0.994475,0.9947699999999999,0
2022-10-28 12:30:00+00:00,0.99476,0.996875,0.99364,0.99541,0
2022-10-28 12:45:00+00:00,0.9954149999999999,0.99732,0.994205,0.99693,0
2022-10-28 14:00:00+00:00,0.996945,0.9982599999999999,0.9939100000000001,0.9954000000000001,0
2022-10-28 14:15:00+00:00,0.995395,0.996155,0.99483,0.995935,0
2022-10-28 14:30:00+00:00,0.99594,0.996265,0.995385,0.99603,0
2022-10-28 14:45:00+00:00,0.9960249999999999,0.99683,0.99422,0.995065,0
2022-10-28 17:00:00+00:00,0.99386,0.9949399999999999,0.99386,0.9944850000000001,0
2022-10-28 17:15:00+00:00,0.99448,0.99456,0.9941,0.99413,0
2022-10-28 17:30:00+00:00,0.994135,0.994475,0.99411,0.994235,0
2022-10-28 17:45:00+00:00,0.99423,0.994475,0.993425,0.993835,0
2022-10-31 00:00:00+00:00,0.995465,0.99649,0.99546,0.996295,0
2022-10-31 00:15:00+00:00,0.9962850000000001,0.9964999999999999,0.99575,0.9959100000000001,0
2022-10-31 00:30:00+00:00,0.9958849999999999,0.9959,0.99544,0.9955350000000001,0
2022-10-31 00:45:00+00:00,0.99553,0.9961850000000001,0.99533,0.995925,0
2022-10-31 06:00:00+00:00,0.9947950000000001,0.99522,0.994575,0.994735,0
2022-10-31 06:15:00+00:00,0.994725,0.994815,0.993825,0.994255,0
2022-10-31 06:30:00+00:00,0.99427,0.99463,0.9941800000000001,0.9944850000000001,0
2022-10-31 06:45:00+00:00,0.994515,0.99533,0.9944949999999999,0.995235,0
2022-11-01 02:00:00+00:00,0.9895,0.9898,0.989295,0.98979,0
2022-11-01 02:15:00+00:00,0.9898100000000001,0.990235,0.98948,0.9901150000000001,0
2022-11-01 02:30:00+00:00,0.99012,0.99081,0.9900800000000001,0.9903,0
2022-11-01 02:45:00+00:00,0.990305,0.99078,0.99022,0.99065,0
2022-11-01 06:00:00+00:00,0.9924949999999999,0.99344,0.992165,0.9934000000000001,0
2022-11-01 06:15:00+00:00,0.993385,0.9938549999999999,0.99314,0.99317,0
2022-11-01 06:30:00+00:00,0.9931749999999999,0.993285,0.9925550000000001,0.9930749999999999,0
2022-11-01 06:45:00+00:00,0.99308,0.9934700000000001,0.99272,0.99333,0
2022-11-01 13:00:00+00:00,0.9941,0.995395,0.993935,0.9947,0
2022-11-01 13:15:00+00:00,0.9946950000000001,0.9947250000000001,0.9936400000000001,0.99388,0
2022-11-01 13:30:00+00:00,0.9939,0.9941800000000001,0.9934350000000001,0.994085,0
2022-11-01 13:45:00+00:00,0.9940800000000001,0.9940800000000001,0.9929749999999999,0.993625,0
2022-11-01 15:00:00+00:00,0.9869,0.98737,0.98611,0.98726,0
2022-11-01 15:15:00+00:00,0.987255,0.9881500000000001,0.98707,0.98802,0
2022-11-01 15:30:00+00:00,0.988005,0.9885349999999999,0.986755,0.987125,0
2022-11-01 15:45:00+00:00,0.987115,0.9875700000000001,0.9863649999999999,0.9870300000000001,0
2022-11-01 19:00:00+00:00,0.98827,0.9883850000000001,0.9877849999999999,0.98812,0
2022-11-01 19:15:00+00:00,0.9881150000000001,0.988155,0.987735,0.9878450000000001,0
2022-11-01 19:30:00+00:00,0.98785,0.98802,0.987395,0.987735,0
2022-11-01 19:45:00+00:00,0.9877400000000001,0.98793,0.9876,0.98777,0
2022-11-01 22:00:00+00:00,0.987675,0.98787,0.9870300000000001,0.9871,0
2022-11-01 22:15:00+00:00,0.987085,0.988,0.987085,0.98777,0
2022-11-01 22:30:00+00:00,0.987765,0.987765,0.98707,0.987175,0
2022-11-01 22:45:00+00:00,0.987185,0.987485,0.987185,0.9874350000000001,0
2022-11-02 07:00:00+00:00,0.988265,0.988585,0.9875149999999999,0.9875849999999999,0
2022-11-02 07:15:00+00:00,0.98759,0.987625,0.987115,0.98753,0
2022-11-02 07:30:00+00:00,0.987535,0.987885,0.98731,0.987745,0
2022-11-02 07:45:00+00:00,0.987765,0.98854,0.9877199999999999,0.98844,0
2022-11-02 10:00:00+00:00,0.9904999999999999,0.9912,0.9902,0.9902,0
2022-11-02 10:15:00+00:00,0.990205,0.99061,0.989635,0.9898549999999999,0
2022-11-02 10:30:00+00:00,0.98985,0.990075,0.98954,0.98973,0
2022-11-02 10:45:00+00:00,0.989735,0.9901599999999999,0.9894449999999999,0.99015,0
2022-11-02 21:00:00+00:00,0.9817,0.9819450000000001,0.98167,0.981705,0
2022-11-02 21:15:00+00:00,0.9817,0.9817199999999999,0.9816,0.9816549999999999,0
2022-11-02 21:30:00+00:00,0.981645,0.981835,0.981645,0.98173,0
2022-11-02 21:45:00+00:00,0.9817499999999999,0.98185,0.9816199999999999,0.981695,0
2022-11-03 10:00:00+00:00,0.9753449999999999,0.9756549999999999,0.97458,0.97487,0
2022-11-03 10:15:00+00:00,0.9748749999999999,0.9749749999999999,0.973975,0.973975,0
2022-11-03 10:30:00+00:00,0.97397,0.9742200000000001,0.973365,0.973555,0
2022-11-03 10:45:00+00:00,0.97356,0.974305,0.973005,0.9741249999999999,0
2022-11-04 12:00:00+00:00,0.979715,0.9802599999999999,0.979265,0.9793149999999999,0
2022-11-04 12:15:00+00:00,0.97931,0.979565,0.97811,0.979015,0
2022-11-04 12:30:00+00:00,0.97902,0.98151,0.9751650000000001,0.98011,0
2022-11-04 12:45:00+00:00,0.9800949999999999,0.9851099999999999,0.9799,0.984745,0
2022-11-04 16:00:00+00:00,0.989525,0.990415,0.98878,0.99024,0
2022-11-04 16:15:00+00:00,0.9902500000000001,0.99171,0.990035,0.9912449999999999,0
2022-11-04 16:30:00+00:00,0.99124,0.9916849999999999,0.9906649999999999,0.9909250000000001,0
2022-11-04 16:45:00+00:00,0.99092,0.99162,0.990435,0.99151,0
2022-11-04 20:00:00+00:00,0.996075,0.99637,0.99588,0.99619,0
2022-11-04 20:15:00+00:00,0.9962,0.996375,0.996035,0.99629,0
2022-11-04 20:30:00+00:00,0.9962850000000001,0.996305,0.995675,0.99596,0
2022-11-04 20:45:00+00:00,0.99597,0.996155,0.9956499999999999,0.99578,0
2022-11-08 01:00:00+00:00,1.0027499999999998,1.00278,1.0016349999999998,1.0019200000000001,0
2022-11-08 01:15:00+00:00,1.001925,1.002305,1.00152,1.00167,0
2022-11-08 01:30:00+00:00,1.00167,1.001855,1.0012699999999999,1.00153,0
2022-11-08 01:45:00+00:00,1.001535,1.00159,1.001115,1.001415,0
2022-11-08 02:00:00+00:00,1.00141,1.0015100000000001,1.0009649999999999,1.00111,0
2022-11-08 02:15:00+00:00,1.001105,1.00152,1.0010949999999998,1.00141,0
2022-11-08 02:30:00+00:00,1.001415,1.00158,1.0011,1.001335,0
2022-11-08 02:45:00+00:00,1.001315,1.00139,1.0007000000000001,1.000765,0
2022-11-08 08:00:00+00:00,0.99996,1.00055,0.99919,0.999635,0
2022-11-08 08:15:00+00:00,0.99963,0.9996750000000001,0.99838,0.9989399999999999,0
2022-11-08 08:30:00+00:00,0.9989250000000001,1.0001449999999998,0.9986349999999999,0.999755,0
2022-11-08 08:45:00+00:00,0.999765,0.9998549999999999,0.997865,0.9982599999999999,0
2022-11-08 20:00:00+00:00,1.0072649999999999,1.00791,1.007145,1.0074999999999998,0
2022-11-08 20:15:00+00:00,1.007505,1.0079500000000001,1.0072450000000002,1.007455,0
2022-11-08 20:30:00+00:00,1.0074649999999998,1.0082849999999999,1.00743,1.0076399999999999,0
2022-11-08 20:45:00+00:00,1.0076299999999998,1.0079250000000002,1.006955,1.00717,0
2022-11-09 04:00:00+00:00,1.007185,1.007235,1.006475,1.00669,0
2022-11-09 04:15:00+00:00,1.00668,1.007205,1.00652,1.006975,0
2022-11-09 04:30:00+00:00,1.00697,1.007315,1.006875,1.00725,0
2022-11-09 04:45:00+00:00,1.0072450000000002,1.00732,1.0065849999999998,1.006935,0
2022-11-10 01:00:00+00:00,1.0021200000000001,1.0029,1.002105,1.002505,0
2022-11-10 01:15:00+00:00,1.0024899999999999,1.0028700000000002,1.0022950000000002,1.0028000000000001,0
2022-11-10 01:30:00+00:00,1.0027949999999999,1.0028350000000001,1.00193,1.00221,0
2022-11-10 01:45:00+00:00,1.002205,1.00256,1.00189,1.002375,0
2022-11-10 11:00:00+00:00,0.99553,0.995765,0.993565,0.9943500000000001,0
2022-11-10 11:15:00+00:00,0.99436,0.99526,0.99425,0.99525,0
2022-11-10 11:30:00+00:00,0.9952449999999999,0.99529,0.9944649999999999,0.9949950000000001,0
2022-11-10 11:45:00+00:00,0.9950049999999999,0.99516,0.994265,0.994435,0
2022-11-10 17:00:00+00:00,1.0174750000000001,1.0176,1.016275,1.016575,0
2022-11-10 17:15:00+00:00,1.0165600000000001,1.0168599999999999,1.015285,1.015845,0
2022-11-10 17:30:00+00:00,1.01585,1.01585,1.0128499999999998,1.01402,0
2022-11-10 17:45:00+00:00,1.014015,1.0145499999999998,1.01312,1.014255,0
2022-11-10 23:00:00+00:00,1.019895,1.020175,1.018875,1.0195500000000002,0
2022-11-10 23:15:00+00:00,1.019545,1.020445,1.019455,1.01972,0
2022-11-10 23:30:00+00:00,1.01973,1.019905,1.01923,1.01932,0
2022-11-10 23:45:00+00:00,1.01933,1.01956,1.01895,1.019175,0
2022-11-11 07:00:00+00:00,1.021755,1.022335,1.021135,1.022185,0
2022-11-11 07:15:00+00:00,1.02218,1.023505,1.0220950000000002,1.0232100000000002,0
2022-11-11 07:30:00+00:00,1.02322,1.02399,1.022975,1.0238450000000001,0
2022-11-11 07:45:00+00:00,1.0238200000000002,1.02535,1.023595,1.024475,0
2022-11-14 11:00:00+00:00,1.029285,1.0294150000000002,1.02819,1.02826,0
2022-11-14 11:15:00+00:00,1.0282550000000001,1.02921,1.02812,1.028355,0
2022-11-14 11:30:00+00:00,1.02835,1.02864,1.02751,1.02755,0
2022-11-14 11:45:00+00:00,1.027555,1.028495,1.027555,1.02841,0
2022-11-14 18:00:00+00:00,1.03357,1.03415,1.033355,1.033915,0
2022-11-14 18:15:00+00:00,1.0339049999999999,1.03539,1.0336750000000001,1.035345,0
2022-11-14 18:30:00+00:00,1.03535,1.035495,1.0348000000000002,1.0348600000000001,0
2022-11-14 18:45:00+00:00,1.03485,1.035355,1.0346950000000001,1.03533,0
2022-11-15 00:00:00+00:00,1.0319850000000002,1.032465,1.0318049999999999,1.03213,0
2022-11-15 00:15:00+00:00,1.03212,1.03234,1.0319349999999998,1.031995,0
2022-11-15 00:30:00+00:00,1.03198,1.03253,1.03198,1.032175,0
2022-11-15 00:45:00+00:00,1.0321699999999998,1.032295,1.031275,1.0318800000000001,0
2022-11-15 20:00:00+00:00,1.03643,1.03776,1.035935,1.036185,0
2022-11-15 20:15:00+00:00,1.03621,1.03657,1.0360049999999998,1.036325,0
2022-11-15 20:30:00+00:00,1.036335,1.036815,1.03593,1.0367199999999999,0
2022-11-15 20:45:00+00:00,1.0367250000000001,1.0367250000000001,1.035285,1.0353599999999998,0
2022-11-16 10:00:00+00:00,1.041995,1.043405,1.0415450000000002,1.0429849999999998,0
2022-11-16 10:15:00+00:00,1.0429650000000001,1.043865,1.0425550000000001,1.04266,0
2022-11-16 10:30:00+00:00,1.042665,1.04325,1.041885,1.042665,0
2022-11-16 10:45:00+00:00,1.0426600000000001,1.04319,1.042455,1.04281,0
2022-11-16 14:00:00+00:00,1.0391,1.0403850000000001,1.038615,1.040345,0
2022-11-16 14:15:00+00:00,1.04034,1.041035,1.039715,1.04012,0
2022-11-16 14:30:00+00:00,1.040135,1.04089,1.0387300000000002,1.038735,0
2022-11-16 14:45:00+00:00,1.03874,1.0398049999999999,1.0372599999999998,1.0388199999999999,0
2022-11-17 00:00:00+00:00,1.03936,1.03951,1.0392299999999999,1.039475,0
2022-11-17 00:15:00+00:00,1.03949,1.03951,1.039095,1.039245,0
2022-11-17 00:30:00+00:00,1.03925,1.03943,1.03872,1.038725,0
2022-11-17 00:45:00+00:00,1.03873,1.03892,1.038565,1.0386549999999999,0
2022-11-17 05:00:00+00:00,1.0371000000000001,1.0373649999999999,1.03686,1.037295,0
2022-11-17 05:15:00+00:00,1.03729,1.03834,1.03726,1.038145,0
2022-11-17 05:30:00+00:00,1.038135,1.03822,1.03747,1.03797,0
2022-11-17 05:45:00+00:00,1.0379749999999999,1.038145,1.037645,1.03804,0
2022-11-17 10:00:00+00:00,1.03638,1.036735,1.035245,1.035955,0
2022-11-17 10:15:00+00:00,1.03595,1.037015,1.03587,1.036895,0
2022-11-17 10:30:00+00:00,1.03693,1.0369700000000002,1.0358049999999999,1.03619,0
2022-11-17 10:45:00+00:00,1.0361850000000001,1.0361850000000001,1.033585,1.03383,0
2022-11-17 20:00:00+00:00,1.03639,1.03678,1.035785,1.0364499999999999,0
2022-11-17 20:15:00+00:00,1.036445,1.0365600000000001,1.035905,1.036045,0
2022-11-17 20:30:00+00:00,1.03604,1.03635,1.0359099999999999,1.036125,0
2022-11-17 20:45:00+00:00,1.03613,1.03692,1.03612,1.0368849999999998,0
2022-11-18 10:00:00+00:00,1.038145,1.03816,1.0364499999999999,1.03657,0
2022-11-18 10:15:00+00:00,1.0366,1.03727,1.03605,1.0362200000000001,0
2022-11-18 10:30:00+00:00,1.036225,1.037865,1.036225,1.0375800000000002,0
2022-11-18 10:45:00+00:00,1.03757,1.037865,1.0367600000000001,1.03691,0
2022-11-18 16:00:00+00:00,1.0364550000000001,1.036895,1.03585,1.036855,0
2022-11-18 16:15:00+00:00,1.0368499999999998,1.037185,1.035625,1.0358399999999999,0
2022-11-18 16:30:00+00:00,1.03585,1.035995,1.035105,1.035445,0
2022-11-18 16:45:00+00:00,1.03545,1.0354999999999999,1.0342099999999999,1.03483,0
2022-11-22 05:00:00+00:00,1.026045,1.026165,1.02543,1.025665,0
2022-11-22 05:15:00+00:00,1.025655,1.025875,1.0251299999999999,1.02518,0
2022-11-22 05:30:00+00:00,1.025185,1.0253100000000002,1.024585,1.02499,0
2022-11-22 05:45:00+00:00,1.024965,1.025395,1.02491,1.02536,0
2022-11-22 09:00:00+00:00,1.02715,1.027365,1.026485,1.0268,0
2022-11-22 09:15:00+00:00,1.026825,1.0272000000000001,1.0262,1.02654,0
2022-11-22 09:30:00+00:00,1.0265749999999998,1.028635,1.0265749999999998,1.027765,0
2022-11-22 09:45:00+00:00,1.0277699999999999,1.027855,1.02652,1.026875,0
2022-11-22 19:00:00+00:00,1.030545,1.03058,1.0293999999999999,1.0297,0
2022-11-22 19:15:00+00:00,1.02969,1.029995,1.029595,1.0297,0
2022-11-22 19:30:00+00:00,1.0297100000000001,1.0297399999999999,1.0290499999999998,1.0291000000000001,0
2022-11-22 19:45:00+00:00,1.029105,1.029845,1.0291000000000001,1.02955,0
2022-11-23 04:00:00+00:00,1.03156,1.03156,1.03105,1.031405,0
2022-11-23 04:15:00+00:00,1.0314,1.031455,1.031095,1.031105,0
2022-11-23 04:30:00+00:00,1.03109,1.0316,1.0310700000000002,1.03145,0
2022-11-23 04:45:00+00:00,1.0314450000000002,1.03173,1.03132,1.031725,0
2022-11-23 14:00:00+00:00,1.03319,1.0341900000000002,1.033145,1.03387,0
2022-11-23 14:15:00+00:00,1.033855,1.0338850000000002,1.0327199999999999,1.03302,0
2022-11-23 14:30:00+00:00,1.0330300000000001,1.03369,1.03268,1.03296,0
2022-11-23 14:45:00+00:00,1.0329549999999998,1.037505,1.0329549999999998,1.036785,0
2022-11-23 20:00:00+00:00,1.0400999999999998,1.04012,1.039125,1.0398399999999999,0
2022-11-23 20:15:00+00:00,1.0398550000000002,1.040085,1.039785,1.039945,0
2022-11-23 20:30:00+00:00,1.03995,1.040135,1.03974,1.0399500000000002,0
2022-11-23 20:45:00+00:00,1.03996,1.04033,1.039615,1.04026,0
2022-11-23 23:00:00+00:00,1.03971,1.040525,1.039685,1.0403799999999999,0
2022-11-23 23:15:00+00:00,1.0403850000000001,1.041935,1.0403850000000001,1.041765,0
2022-11-23 23:30:00+00:00,1.041775,1.04179,1.04115,1.04146,0
2022-11-23 23:45:00+00:00,1.041475,1.041875,1.041375,1.04178,0
2022-11-24 09:00:00+00:00,1.040625,1.04249,1.040625,1.0418,0
2022-11-24 09:15:00+00:00,1.04179,1.0423149999999999,1.041425,1.041795,0
2022-11-24 09:30:00+00:00,1.0418,1.04192,1.0412849999999998,1.041665,0
2022-11-24 09:45:00+00:00,1.0416699999999999,1.0425550000000001,1.04152,1.041935,0
2022-11-24 13:00:00+00:00,1.041195,1.04195,1.0408,1.0413350000000001,0
2022-11-24 13:15:00+00:00,1.04132,1.041595,1.04091,1.04115,0
2022-11-24 13:30:00+00:00,1.041155,1.041775,1.04081,1.041695,0
2022-11-24 13:45:00+00:00,1.0417049999999999,1.042565,1.041665,1.04229,0
2022-11-24 20:00:00+00:00,1.04136,1.041445,1.0409199999999998,1.041,0
2022-11-24 20:15:00+00:00,1.041005,1.04108,1.04061,1.04084,0
2022-11-24 20:30:00+00:00,1.040835,1.04108,1.040795,1.0410300000000001,0
2022-11-24 20:45:00+00:00,1.041035,1.041355,1.04096,1.041355,0
2022-11-28 04:00:00+00:00,1.0354999999999999,1.0357500000000002,1.0351400000000002,1.03548,0
2022-11-28 04:15:00+00:00,1.035485,1.035975,1.035485,1.035945,0
2022-11-28 04:30:00+00:00,1.035965,1.0361099999999999,1.035675,1.035945,0
2022-11-28 04:45:00+00:00,1.03595,1.03631,1.035705,1.036225,0
2022-11-28 09:00:00+00:00,1.043925,1.044715,1.0433,1.04453,0
2022-11-28 09:15:00+00:00,1.0445250000000001,1.045635,1.0443,1.04482,0
2022-11-28 09:30:00+00:00,1.044815,1.045395,1.04428,1.0452750000000002,0
2022-11-28 09:45:00+00:00,1.04528,1.04528,1.044225,1.04478,0
2022-11-28 18:00:00+00:00,1.036965,1.037315,1.03626,1.03667,0
2022-11-28 18:15:00+00:00,1.03666,1.03668,1.0356,1.03575,0
2022-11-28 18:30:00+00:00,1.035745,1.036585,1.03574,1.0361449999999999,0
2022-11-28 18:45:00+00:00,1.03614,1.03631,1.035835,1.0361349999999998,0
2022-11-29 07:00:00+00:00,1.035925,1.036625,1.03533,1.036555,0
2022-11-29 07:15:00+00:00,1.03655,1.0374750000000001,1.0364,1.036985,0
2022-11-29 07:30:00+00:00,1.0369950000000001,1.0370650000000001,1.03596,1.036975,0
2022-11-29 07:45:00+00:00,1.03699,1.0387499999999998,1.036965,1.03815,0
2022-11-29 13:00:00+00:00,1.03756,1.038435,1.03654,1.03654,0
2022-11-29 13:15:00+00:00,1.036545,1.037045,1.0361349999999998,1.0361500000000001,0
2022-11-29 13:30:00+00:00,1.036165,1.03633,1.0354649999999999,1.036265,0
2022-11-29 13:45:00+00:00,1.03627,1.0367099999999998,1.03248,1.0330300000000001,0
2022-11-29 16:00:00+00:00,1.03563,1.035855,1.0332750000000002,1.0341200000000002,0
2022-11-29 16:15:00+00:00,1.034105,1.0342500000000001,1.0331450000000002,1.0339800000000001,0
2022-11-29 16:30:00+00:00,1.0339749999999999,1.03542,1.033765,1.035315,0
2022-11-29 16:45:00+00:00,1.0353400000000001,1.035755,1.0345900000000001,1.035515,0
2022-11-29 19:00:00+00:00,1.03379,1.03457,1.03379,1.03436,0
2022-11-29 19:15:00+00:00,1.034365,1.03438,1.033115,1.03316,0
2022-11-29 19:30:00+00:00,1.0331700000000001,1.033445,1.032925,1.0330300000000001,0
2022-11-29 19:45:00+00:00,1.0330249999999999,1.03309,1.032265,1.0327600000000001,0
2022-11-30 13:00:00+00:00,1.036835,1.037795,1.03665,1.0377100000000001,0
2022-11-30 13:15:00+00:00,1.03772,1.03924,1.037315,1.03847,0
2022-11-30 13:30:00+00:00,1.03852,1.038635,1.036745,1.0370300000000001,0
2022-11-30 13:45:00+00:00,1.037035,1.03747,1.0357349999999999,1.035905,0
2022-11-30 15:00:00+00:00,1.0385499999999999,1.0388350000000002,1.03573,1.0357750000000001,0
2022-11-30 15:15:00+00:00,1.03578,1.03589,1.03355,1.03361,0
2022-11-30 15:30:00+00:00,1.0336349999999999,1.0339900000000002,1.031545,1.032385,0
2022-11-30 15:45:00+00:00,1.032375,1.032375,1.0294750000000001,1.02984,0
2022-11-30 18:00:00+00:00,1.031495,1.031965,1.031365,1.03196,0
2022-11-30 18:15:00+00:00,1.031965,1.032015,1.03126,1.031385,0
2022-11-30 18:30:00+00:00,1.03139,1.03769,1.03063,1.03671,0
2022-11-30 18:45:00+00:00,1.036705,1.037895,1.034335,1.037215,0
2022-11-30 19:00:00+00:00,1.037205,1.038905,1.03635,1.03768,0
2022-11-30 19:15:00+00:00,1.037685,1.04035,1.0373800000000002,1.03881,0
2022-11-30 19:30:00+00:00,1.038815,1.04012,1.0382099999999999,1.039355,0
2022-11-30 19:45:00+00:00,1.03935,1.041515,1.03935,1.0413649999999999,0
2022-11-30 20:00:00+00:00,1.0413700000000001,1.0422799999999999,1.04081,1.0415450000000002,0
2022-11-30 20:15:00+00:00,1.0415649999999999,1.0426950000000001,1.0415450000000002,1.042205,0
2022-11-30 20:30:00+00:00,1.04222,1.04288,1.0418,1.04197,0
2022-11-30 20:45:00+00:00,1.0419749999999999,1.04217,1.04057,1.04074,0
2022-11-30 21:00:00+00:00,1.04075,1.040895,1.039885,1.040495,0
2022-11-30 21:15:00+00:00,1.0404849999999999,1.04066,1.04034,1.04058,0
2022-11-30 21:30:00+00:00,1.04057,1.040845,1.040125,1.040635,0
2022-11-30 21:45:00+00:00,1.04064,1.04091,1.040435,1.04062,0
2022-11-30 22:00:00+00:00,1.040605,1.040765,1.0402049999999998,1.040265,0
2022-11-30 22:15:00+00:00,1.04023,1.0410050000000002,1.0401799999999999,1.040825,0
2022-11-30 22:30:00+00:00,1.04082,1.04089,1.040655,1.0407700000000002,0
2022-11-30 22:45:00+00:00,1.0407899999999999,1.0410949999999999,1.0404499999999999,1.04095,0
2022-11-30 23:00:00+00:00,1.04093,1.041925,1.04093,1.041805,0
2022-11-30 23:15:00+00:00,1.0418150000000002,1.04197,1.0410599999999999,1.041245,0
2022-11-30 23:30:00+00:00,1.04125,1.0430000000000001,1.04125,1.042625,0
2022-11-30 23:45:00+00:00,1.04264,1.042735,1.042295,1.04233,0
2022-12-01 00:00:00+00:00,1.04231,1.04301,1.042195,1.0426950000000001,0
2022-12-01 00:15:00+00:00,1.04269,1.043255,1.04246,1.042905,0
2022-12-01 00:30:00+00:00,1.04291,1.043295,1.04268,1.04321,0
2022-12-01 00:45:00+00:00,1.043225,1.04395,1.043045,1.04382,0
2022-12-01 01:00:00+00:00,1.0438100000000001,1.0447950000000001,1.043455,1.0441150000000001,0
2022-12-01 01:15:00+00:00,1.04412,1.04417,1.04288,1.04337,0
2022-12-01 01:30:00+00:00,1.043365,1.04356,1.04247,1.042635,0
2022-12-01 01:45:00+00:00,1.04264,1.043205,1.0425399999999998,1.042625,0
2022-12-01 02:00:00+00:00,1.042615,1.042635,1.0420449999999999,1.0420850000000002,0
2022-12-01 02:15:00+00:00,1.042095,1.0429300000000001,1.0419,1.04291,0
2022-12-01 02:30:00+00:00,1.042915,1.04309,1.04239,1.04247,0
2022-12-01 02:45:00+00:00,1.042465,1.042855,1.042335,1.0426250000000001,0
2022-12-01 03:00:00+00:00,1.04263,1.04299,1.042335,1.042455,0
2022-12-01 03:15:00+00:00,1.0424600000000002,1.04305,1.0424250000000002,1.042475,0
2022-12-01 03:30:00+00:00,1.0424950000000002,1.04329,1.0424950000000002,1.043005,0
2022-12-01 03:45:00+00:00,1.042995,1.04325,1.04278,1.04319,0
2022-12-01 04:00:00+00:00,1.043185,1.043185,1.042615,1.04292,0
2022-12-01 04:15:00+00:00,1.0429300000000001,1.0434,1.04284,1.0433,0
2022-12-01 04:30:00+00:00,1.043295,1.0440999999999998,1.0432649999999999,1.04401,0
2022-12-01 04:45:00+00:00,1.044,1.044255,1.0436649999999998,1.04393,0
2022-12-01 05:00:00+00:00,1.043925,1.044435,1.043795,1.0444200000000001,0
2022-12-01 05:15:00+00:00,1.0444149999999999,1.044815,1.044245,1.0443850000000001,0
2022-12-01 05:30:00+00:00,1.04439,1.045145,1.04429,1.0450300000000001,0
2022-12-01 05:45:00+00:00,1.045035,1.0450599999999999,1.0440800000000001,1.044575,0
2022-12-01 06:00:00+00:00,1.04459,1.0447199999999999,1.044195,1.04434,0
2022-12-01 06:15:00+00:00,1.0443500000000001,1.04457,1.044085,1.0442399999999998,0
2022-12-01 06:30:00+00:00,1.04425,1.04519,1.0441449999999999,1.04491,0
2022-12-01 06:45:00+00:00,1.04492,1.0456400000000001,1.04477,1.0456,0
2022-12-01 13:00:00+00:00,1.04448,1.045455,1.043475,1.045395,0
2022-12-01 13:15:00+00:00,1.045385,1.04762,1.04508,1.047035,0
2022-12-01 13:30:00+00:00,1.047045,1.05137,1.0459749999999999,1.049775,0
2022-12-01 13:45:00+00:00,1.04979,1.05053,1.04794,1.04895,0
2022-12-02 00:00:00+00:00,1.052805,1.052805,1.0520399999999999,1.05213,0
2022-12-02 00:15:00+00:00,1.05212,1.05215,1.05139,1.05149,0
2022-12-02 00:30:00+00:00,1.051485,1.05158,1.05118,1.05129,0
2022-12-02 00:45:00+00:00,1.0513,1.051345,1.05073,1.05101,0
2022-12-02 03:00:00+00:00,1.05119,1.05163,1.051005,1.05163,0
2022-12-02 03:15:00+00:00,1.051635,1.051945,1.0510350000000002,1.0519150000000002,0
2022-12-02 03:30:00+00:00,1.051925,1.05233,1.05185,1.05214,0
2022-12-02 03:45:00+00:00,1.05216,1.052575,1.05215,1.052465,0
2022-12-04 23:00:00+00:00,1.054025,1.054075,1.053165,1.05393,0
2022-12-04 23:15:00+00:00,1.05392,1.05392,1.05307,1.0536400000000001,0
2022-12-04 23:30:00+00:00,1.053645,1.05399,1.053525,1.053805,0
2022-12-04 23:45:00+00:00,1.05381,1.05438,1.053725,1.054365,0
2022-12-05 00:00:00+00:00,1.054395,1.05468,1.053985,1.054265,0
2022-12-05 00:15:00+00:00,1.05426,1.054805,1.0541800000000001,1.0543550000000002,0
2022-12-05 00:30:00+00:00,1.05435,1.0545849999999999,1.0539399999999999,1.05458,0
2022-12-05 00:45:00+00:00,1.054575,1.0546950000000002,1.05424,1.0542850000000001,0
2022-12-05 01:00:00+00:00,1.0542950000000002,1.0549050000000002,1.054165,1.0548899999999999,0
2022-12-05 01:15:00+00:00,1.0548950000000001,1.056485,1.054695,1.05625,0
2022-12-05 01:30:00+00:00,1.056265,1.05741,1.0560800000000001,1.0573000000000001,0
2022-12-05 01:45:00+00:00,1.05729,1.057375,1.0567199999999999,1.056815,0
2022-12-05 02:00:00+00:00,1.056805,1.05689,1.05616,1.056215,0
2022-12-05 02:15:00+00:00,1.05622,1.0563,1.0557400000000001,1.056125,0
2022-12-05 02:30:00+00:00,1.0561099999999999,1.0566900000000001,1.0560800000000001,1.0566900000000001,0
2022-12-05 02:45:00+00:00,1.05668,1.0572249999999999,1.05649,1.057065,0
2022-12-05 03:00:00+00:00,1.05707,1.057735,1.0566849999999999,1.05769,0
2022-12-05 03:15:00+00:00,1.057695,1.05797,1.05738,1.057795,0
2022-12-05 03:30:00+00:00,1.05779,1.058295,1.057635,1.0581450000000001,0
2022-12-05 03:45:00+00:00,1.05815,1.0582850000000001,1.05797,1.05803,0
2022-12-05 04:00:00+00:00,1.05805,1.05835,1.0579049999999999,1.0582799999999999,0
2022-12-05 04:15:00+00:00,1.058275,1.0583,1.0579049999999999,1.05809,0
2022-12-05 04:30:00+00:00,1.058095,1.058135,1.05762,1.058055,0
2022-12-05 04:45:00+00:00,1.05805,1.05834,1.05788,1.05813,0
2022-12-05 05:00:00+00:00,1.058125,1.0582,1.05785,1.05808,0
2022-12-05 05:15:00+00:00,1.058065,1.05844,1.0579,1.05844,0
2022-12-05 05:30:00+00:00,1.0584449999999999,1.0584850000000001,1.05779,1.05789,0
2022-12-05 05:45:00+00:00,1.0578850000000002,1.05834,1.05748,1.058325,0
2022-12-05 06:00:00+00:00,1.05833,1.058335,1.0572499999999998,1.057255,0
2022-12-05 06:15:00+00:00,1.0572499999999998,1.057615,1.057125,1.05737,0
2022-12-05 06:30:00+00:00,1.057375,1.057695,1.057005,1.05713,0
2022-12-05 06:45:00+00:00,1.057145,1.05754,1.056845,1.05691,0
2022-12-05 08:00:00+00:00,1.0539200000000002,1.054675,1.0533649999999999,1.053735,0
2022-12-05 08:15:00+00:00,1.0537999999999998,1.054695,1.05341,1.0542449999999999,0
2022-12-05 08:30:00+00:00,1.05424,1.05498,1.054085,1.0542799999999999,0
2022-12-05 08:45:00+00:00,1.05427,1.055475,1.054115,1.055445,0
2022-12-05 09:00:00+00:00,1.05545,1.05598,1.055215,1.05587,0
2022-12-05 09:15:00+00:00,1.055875,1.05654,1.05578,1.055955,0
2022-12-05 09:30:00+00:00,1.05596,1.055985,1.0548199999999999,1.055375,0
2022-12-05 09:45:00+00:00,1.05537,1.056065,1.055015,1.05593,0
2022-12-05 10:00:00+00:00,1.055925,1.055965,1.055205,1.05525,0
2022-12-05 10:15:00+00:00,1.0552549999999998,1.05531,1.052585,1.052765,0
2022-12-05 10:30:00+00:00,1.0527549999999999,1.053255,1.05199,1.0529950000000001,0
2022-12-05 10:45:00+00:00,1.05301,1.05381,1.0529549999999999,1.05363,0
2022-12-05 11:00:00+00:00,1.0536400000000001,1.054205,1.05293,1.054205,0
2022-12-05 11:15:00+00:00,1.0542099999999999,1.056095,1.0541749999999999,1.0555949999999998,0
2022-12-05 11:30:00+00:00,1.05559,1.055995,1.055265,1.055885,0
2022-12-05 11:45:00+00:00,1.05586,1.057695,1.055835,1.0564550000000001,0
2022-12-05 12:00:00+00:00,1.05645,1.05732,1.056375,1.05645,0
2022-12-05 12:15:00+00:00,1.05648,1.05734,1.056105,1.056745,0
2022-12-05 12:30:00+00:00,1.05674,1.05679,1.056025,1.056735,0
2022-12-05 12:45:00+00:00,1.05674,1.05949,1.05666,1.058995,0
2022-12-05 13:00:00+00:00,1.0589849999999998,1.0593949999999999,1.05851,1.058685,0
2022-12-05 13:15:00+00:00,1.0586950000000002,1.059145,1.05813,1.0587900000000001,0
2022-12-05 13:30:00+00:00,1.05878,1.0591949999999999,1.05756,1.0577649999999998,0
2022-12-05 13:45:00+00:00,1.05776,1.05788,1.05637,1.0565799999999999,0
2022-12-05 15:00:00+00:00,1.0550199999999998,1.0550199999999998,1.0504,1.05233,0
2022-12-05 15:15:00+00:00,1.052355,1.053755,1.0520100000000001,1.05287,0
2022-12-05 15:30:00+00:00,1.0528650000000002,1.05397,1.051745,1.05369,0
2022-12-05 15:45:00+00:00,1.053685,1.053955,1.052215,1.052515,0
2022-12-05 17:00:00+00:00,1.049335,1.050205,1.0490599999999999,1.05016,0
2022-12-05 17:15:00+00:00,1.05015,1.051585,1.05015,1.05122,0
2022-12-05 17:30:00+00:00,1.051215,1.051225,1.049855,1.0499,0
2022-12-05 17:45:00+00:00,1.0499049999999999,1.050005,1.049225,1.049545,0
2022-12-05 21:00:00+00:00,1.048535,1.04909,1.0484399999999998,1.04889,0
2022-12-05 21:15:00+00:00,1.04887,1.049185,1.04862,1.04913,0
2022-12-05 21:30:00+00:00,1.049125,1.049225,1.049025,1.04913,0
2022-12-05 21:45:00+00:00,1.049165,1.04947,1.049025,1.0490300000000001,0
2022-12-06 03:00:00+00:00,1.0498,1.0507,1.0498,1.05065,0
2022-12-06 03:15:00+00:00,1.050665,1.050745,1.05038,1.05057,0
2022-12-06 03:30:00+00:00,1.050575,1.05095,1.04974,1.049845,0
2022-12-06 03:45:00+00:00,1.04985,1.049935,1.0488,1.049275,0
2022-12-06 07:00:00+00:00,1.0484149999999999,1.04876,1.047655,1.0486900000000001,0
2022-12-06 07:15:00+00:00,1.04868,1.04877,1.0479349999999998,1.04799,0
2022-12-06 07:30:00+00:00,1.04798,1.049045,1.0476450000000002,1.0488499999999998,0
2022-12-06 07:45:00+00:00,1.048825,1.0498150000000002,1.0485,1.0490599999999999,0
2022-12-06 08:00:00+00:00,1.049055,1.05069,1.04886,1.0506199999999999,0
2022-12-06 08:15:00+00:00,1.0506250000000001,1.0509499999999998,1.048735,1.04892,0
2022-12-06 08:30:00+00:00,1.04891,1.050075,1.048195,1.04984,0
2022-12-06 08:45:00+00:00,1.0498699999999999,1.0501049999999998,1.04901,1.049045,0
2022-12-06 10:00:00+00:00,1.0494050000000001,1.04997,1.04915,1.04995,0
2022-12-06 10:15:00+00:00,1.0499450000000001,1.0507900000000001,1.0499,1.050645,0
2022-12-06 10:30:00+00:00,1.05065,1.0508600000000001,1.049735,1.050165,0
2022-12-06 10:45:00+00:00,1.05017,1.0502150000000001,1.04955,1.0501649999999998,0
2022-12-06 11:00:00+00:00,1.05016,1.050575,1.049455,1.05047,0
2022-12-06 11:15:00+00:00,1.050465,1.05139,1.050265,1.050955,0
2022-12-06 11:30:00+00:00,1.05096,1.05225,1.0508600000000001,1.051115,0
2022-12-06 11:45:00+00:00,1.05112,1.051815,1.0509,1.051685,0
2022-12-06 12:00:00+00:00,1.0516800000000002,1.052055,1.051345,1.0516,0
2022-12-06 12:15:00+00:00,1.051605,1.0529700000000002,1.05135,1.052905,0
2022-12-06 12:30:00+00:00,1.0529199999999999,1.053285,1.052335,1.052405,0
2022-12-06 12:45:00+00:00,1.0524,1.0527250000000001,1.0520299999999998,1.0525449999999998,0
2022-12-06 13:00:00+00:00,1.052565,1.05261,1.05142,1.0515599999999998,0
2022-12-06 13:15:00+00:00,1.051555,1.052265,1.05146,1.05194,0
2022-12-06 13:30:00+00:00,1.0519349999999998,1.05213,1.0508549999999999,1.0509650000000001,0
2022-12-06 13:45:00+00:00,1.05095,1.051565,1.05033,1.05135,0
2022-12-06 14:00:00+00:00,1.051345,1.05191,1.0507849999999999,1.05172,0
2022-12-06 14:15:00+00:00,1.05171,1.05171,1.05056,1.050795,0
2022-12-06 14:30:00+00:00,1.0507900000000001,1.051635,1.0502,1.051185,0
2022-12-06 14:45:00+00:00,1.05119,1.05119,1.049805,1.0501,0
2022-12-06 15:00:00+00:00,1.0501049999999998,1.050525,1.048915,1.0495,0
2022-12-06 15:15:00+00:00,1.04949,1.0499049999999999,1.048905,1.049005,0
2022-12-06 15:30:00+00:00,1.049,1.0504799999999999,1.04859,1.050455,0
2022-12-06 15:45:00+00:00,1.050475,1.0509650000000001,1.0498699999999999,1.0498850000000002,0
2022-12-06 16:00:00+00:00,1.049885,1.052895,1.049885,1.05248,0
2022-12-06 16:15:00+00:00,1.052485,1.052485,1.051605,1.051745,0
2022-12-06 16:30:00+00:00,1.0517500000000002,1.0523799999999999,1.0506950000000002,1.051025,0
2022-12-06 16:45:00+00:00,1.05102,1.051175,1.049535,1.04956,0
2022-12-06 17:00:00+00:00,1.0495649999999999,1.04976,1.0485950000000002,1.048635,0
2022-12-06 17:15:00+00:00,1.04864,1.04929,1.0480900000000002,1.0490400000000002,0
2022-12-06 17:30:00+00:00,1.049055,1.049085,1.0484550000000001,1.0487799999999998,0
2022-12-06 17:45:00+00:00,1.04878,1.048835,1.0479699999999998,1.048215,0
2022-12-06 18:00:00+00:00,1.0482,1.04827,1.0473599999999998,1.047485,0
2022-12-06 18:15:00+00:00,1.0474800000000002,1.047525,1.046365,1.04682,0
2022-12-06 18:30:00+00:00,1.046815,1.0475349999999999,1.04651,1.0471,0
2022-12-06 18:45:00+00:00,1.047085,1.047135,1.04631,1.046385,0
2022-12-06 19:00:00+00:00,1.04638,1.04676,1.0459399999999999,1.04617,0
2022-12-06 19:15:00+00:00,1.046165,1.046905,1.046045,1.046475,0
2022-12-06 19:30:00+00:00,1.04645,1.04685,1.0459399999999999,1.04678,0
2022-12-06 19:45:00+00:00,1.04677,1.04679,1.04629,1.046325,0
2022-12-06 20:00:00+00:00,1.04634,1.04675,1.04634,1.046495,0
2022-12-06 20:15:00+00:00,1.0465,1.046945,1.04622,1.04679,0
2022-12-06 20:30:00+00:00,1.0467849999999999,1.0468700000000002,1.046495,1.04664,0
2022-12-06 20:45:00+00:00,1.046645,1.04718,1.046605,1.04696,0
2022-12-06 21:00:00+00:00,1.047005,1.04706,1.04656,1.04656,0
2022-12-06 21:15:00+00:00,1.046565,1.04669,1.04649,1.04666,0
2022-12-06 21:30:00+00:00,1.04665,1.04665,1.04654,1.04658,0
2022-12-06 21:45:00+00:00,1.0465849999999999,1.046805,1.046455,1.0466,0
2022-12-06 22:00:00+00:00,1.0466250000000001,1.04683,1.0466250000000001,1.046785,0
2022-12-06 22:15:00+00:00,1.04681,1.0468250000000001,1.0466950000000002,1.04677,0
2022-12-06 22:30:00+00:00,1.046765,1.04704,1.04663,1.046705,0
2022-12-06 22:45:00+00:00,1.04667,1.0468199999999999,1.0465650000000002,1.046635,0
2022-12-06 23:00:00+00:00,1.04663,1.04702,1.04653,1.04692,0
2022-12-06 23:15:00+00:00,1.046915,1.04692,1.046535,1.04677,0
2022-12-06 23:30:00+00:00,1.04675,1.04677,1.04643,1.046605,0
2022-12-06 23:45:00+00:00,1.04661,1.0468199999999999,1.046525,1.046755,0
2022-12-07 02:00:00+00:00,1.0473,1.04758,1.046975,1.047115,0
2022-12-07 02:15:00+00:00,1.04711,1.04766,1.04695,1.04746,0
2022-12-07 02:30:00+00:00,1.0474649999999999,1.0476,1.0469300000000001,1.04704,0
2022-12-07 02:45:00+00:00,1.04703,1.047275,1.0465149999999999,1.046585,0
2022-12-07 05:00:00+00:00,1.046375,1.04691,1.046375,1.04676,0
2022-12-07 05:15:00+00:00,1.046765,1.047105,1.046645,1.04665,0
2022-12-07 05:30:00+00:00,1.04664,1.047025,1.046195,1.046415,0
2022-12-07 05:45:00+00:00,1.0464099999999998,1.046815,1.0463149999999999,1.046655,0
2022-12-07 06:00:00+00:00,1.0466600000000001,1.04683,1.044975,1.0452050000000002,0
2022-12-07 06:15:00+00:00,1.045195,1.045575,1.04498,1.045135,0
2022-12-07 06:30:00+00:00,1.04511,1.04551,1.04477,1.045475,0
2022-12-07 06:45:00+00:00,1.045445,1.045715,1.0447549999999999,1.04493,0
2022-12-07 12:00:00+00:00,1.0489600000000001,1.04974,1.04862,1.049645,0
2022-12-07 12:15:00+00:00,1.0496349999999999,1.0508549999999999,1.04961,1.05061,0
2022-12-07 12:30:00+00:00,1.0506000000000002,1.0521850000000001,1.0501749999999999,1.052055,0
2022-12-07 12:45:00+00:00,1.05198,1.05395,1.051755,1.05366,0
2022-12-08 03:00:00+00:00,1.049595,1.050275,1.04945,1.0502099999999999,0
2022-12-08 03:15:00+00:00,1.05019,1.05043,1.05007,1.05017,0
2022-12-08 03:30:00+00:00,1.0501749999999999,1.05042,1.05009,1.05031,0
2022-12-08 03:45:00+00:00,1.0503149999999999,1.0504850000000001,1.0499399999999999,1.0504,0
2022-12-08 05:00:00+00:00,1.05013,1.05017,1.04965,1.049805,0
2022-12-08 05:15:00+00:00,1.0497999999999998,1.049845,1.0493999999999999,1.04968,0
2022-12-08 05:30:00+00:00,1.0497100000000001,1.05024,1.0497100000000001,1.049825,0
2022-12-08 05:45:00+00:00,1.04982,1.05061,1.04973,1.050375,0
2022-12-08 22:00:00+00:00,1.0556199999999998,1.055775,1.055565,1.055655,0
2022-12-08 22:15:00+00:00,1.05565,1.0556649999999999,1.055555,1.0555599999999998,0
2022-12-08 22:30:00+00:00,1.055555,1.05573,1.055485,1.055685,0
2022-12-08 22:45:00+00:00,1.05568,1.055915,1.0556,1.05565,0
2022-12-13 10:00:00+00:00,1.054335,1.0543550000000002,1.0529000000000002,1.05304,0
2022-12-13 10:15:00+00:00,1.05304,1.053845,1.052805,1.05343,0
2022-12-13 10:30:00+00:00,1.0534249999999998,1.053935,1.05293,1.0529950000000001,0
2022-12-13 10:45:00+00:00,1.0529899999999999,1.05372,1.05281,1.053535,0
2022-12-13 20:00:00+00:00,1.0635949999999998,1.0635949999999998,1.06265,1.0628199999999999,0
2022-12-13 20:15:00+00:00,1.062815,1.063635,1.0627300000000002,1.063515,0
2022-12-13 20:30:00+00:00,1.0635,1.063825,1.06291,1.06304,0
2022-12-13 20:45:00+00:00,1.063035,1.06355,1.06256,1.06271,0
2022-12-14 04:00:00+00:00,1.0626250000000002,1.062685,1.06237,1.062655,0
2022-12-14 04:15:00+00:00,1.0626600000000002,1.06267,1.062195,1.06238,0
2022-12-14 04:30:00+00:00,1.0623749999999998,1.0624799999999999,1.062005,1.06224,0
2022-12-14 04:45:00+00:00,1.062235,1.06246,1.0619999999999998,1.0624099999999999,0
2022-12-14 11:00:00+00:00,1.06697,1.0670950000000001,1.0651350000000002,1.0653100000000002,0
2022-12-14 11:15:00+00:00,1.065315,1.0655350000000001,1.0648149999999998,1.0654750000000002,0
2022-12-14 11:30:00+00:00,1.0654599999999999,1.0655350000000001,1.064745,1.065075,0
2022-12-14 11:45:00+00:00,1.0650849999999998,1.065275,1.0645250000000002,1.065185,0
2022-12-15 13:00:00+00:00,1.0623049999999998,1.06254,1.06141,1.06226,0
2022-12-15 13:15:00+00:00,1.062255,1.06467,1.061685,1.06395,0
2022-12-15 13:30:00+00:00,1.063975,1.066815,1.06387,1.066305,0
2022-12-15 13:45:00+00:00,1.0663,1.0665749999999998,1.064155,1.0652599999999999,0
2022-12-16 10:00:00+00:00,1.061185,1.06233,1.0609449999999998,1.061665,0
2022-12-16 10:15:00+00:00,1.0616750000000001,1.0624799999999999,1.06156,1.06237,0
2022-12-16 10:30:00+00:00,1.06238,1.062875,1.061925,1.06283,0
2022-12-16 10:45:00+00:00,1.062835,1.062845,1.0621200000000002,1.0623550000000002,0
2022-12-16 16:00:00+00:00,1.061675,1.062475,1.0613700000000001,1.061655,0
2022-12-16 16:15:00+00:00,1.06165,1.061705,1.059835,1.0599500000000002,0
2022-12-16 16:30:00+00:00,1.059945,1.0605600000000002,1.0597750000000001,1.06048,0
2022-12-16 16:45:00+00:00,1.060495,1.0613100000000002,1.060095,1.0609250000000001,0
2022-12-19 04:00:00+00:00,1.06087,1.061065,1.0606200000000001,1.060805,0
2022-12-19 04:15:00+00:00,1.06081,1.061115,1.06068,1.060845,0
2022-12-19 04:30:00+00:00,1.06084,1.060915,1.06057,1.060625,0
2022-12-19 04:45:00+00:00,1.06063,1.061045,1.060595,1.060665,0
2022-12-19 17:00:00+00:00,1.0623550000000002,1.0627900000000001,1.0619,1.062585,0
2022-12-19 17:15:00+00:00,1.0625900000000001,1.063115,1.062205,1.062395,0
2022-12-19 17:30:00+00:00,1.062405,1.062575,1.061845,1.0621649999999998,0
2022-12-19 17:45:00+00:00,1.062155,1.06303,1.062095,1.062505,0
2022-12-20 01:00:00+00:00,1.06005,1.0604149999999999,1.0598,1.0600049999999999,0
2022-12-20 01:15:00+00:00,1.060015,1.0602049999999998,1.0598100000000001,1.06015,0
2022-12-20 01:30:00+00:00,1.06016,1.06076,1.0600450000000001,1.060125,0
2022-12-20 01:45:00+00:00,1.06013,1.0606550000000001,1.05979,1.0605449999999998,0
2022-12-20 09:00:00+00:00,1.063375,1.0634100000000002,1.062565,1.062655,0
2022-12-20 09:15:00+00:00,1.06265,1.06347,1.062465,1.0633650000000001,0
2022-12-20 09:30:00+00:00,1.06337,1.0637050000000001,1.062955,1.063175,0
2022-12-20 09:45:00+00:00,1.06318,1.063795,1.0624500000000001,1.06371,0
2022-12-21 00:00:00+00:00,1.062535,1.06265,1.06237,1.06254,0
2022-12-21 00:15:00+00:00,1.062545,1.062585,1.062235,1.062275,0
2022-12-21 00:30:00+00:00,1.06228,1.0623749999999998,1.062125,1.062365,0
2022-12-21 00:45:00+00:00,1.06236,1.0625550000000001,1.06177,1.06205,0
2022-12-21 08:00:00+00:00,1.063195,1.063485,1.062345,1.0631249999999999,0
2022-12-21 08:15:00+00:00,1.0631400000000002,1.063745,1.06202,1.062055,0
2022-12-21 08:30:00+00:00,1.0620500000000002,1.0629849999999998,1.06168,1.062565,0
2022-12-21 08:45:00+00:00,1.06257,1.06366,1.0623900000000002,1.063445,0
2022-12-21 16:00:00+00:00,1.0615450000000002,1.0616050000000001,1.060515,1.061365,0
2022-12-21 16:15:00+00:00,1.0613700000000001,1.0615649999999999,1.06082,1.061005,0
2022-12-21 16:30:00+00:00,1.0610249999999999,1.06129,1.060175,1.06129,0
2022-12-21 16:45:00+00:00,1.061275,1.061375,1.05953,1.05978,0
2022-12-22 07:00:00+00:00,1.06445,1.064705,1.06402,1.06411,0
2022-12-22 07:15:00+00:00,1.0641150000000001,1.06419,1.0636700000000001,1.06382,0
2022-12-22 07:30:00+00:00,1.063805,1.063925,1.06351,1.0638100000000001,0
2022-12-22 07:45:00+00:00,1.0637949999999998,1.064605,1.0635750000000002,1.06392,0
2022-12-22 23:00:00+00:00,1.05983,1.06009,1.05983,1.059955,0
2022-12-22 23:15:00+00:00,1.05994,1.060125,1.059905,1.060035,0
2022-12-22 23:30:00+00:00,1.060025,1.060285,1.059985,1.06014,0
2022-12-22 23:45:00+00:00,1.060145,1.060265,1.06002,1.060145,0
2022-12-23 14:00:00+00:00,1.06081,1.06196,1.06064,1.061215,0
2022-12-23 14:15:00+00:00,1.06122,1.061355,1.06005,1.060745,0
2022-12-23 14:30:00+00:00,1.06074,1.0611350000000002,1.05924,1.0603150000000001,0
2022-12-23 14:45:00+00:00,1.06032,1.0613350000000001,1.06003,1.060965,0
2022-12-26 04:00:00+00:00,1.062205,1.0629499999999998,1.062075,1.062765,0
2022-12-26 04:15:00+00:00,1.062815,1.06294,1.062725,1.062805,0
2022-12-26 04:30:00+00:00,1.06276,1.062935,1.06268,1.0628199999999999,0
2022-12-26 04:45:00+00:00,1.06278,1.062905,1.062775,1.06281,0
2022-12-26 17:00:00+00:00,1.063015,1.0633949999999999,1.062865,1.063035,0
2022-12-26 17:15:00+00:00,1.063025,1.063285,1.0629849999999998,1.0630000000000002,0
2022-12-26 17:30:00+00:00,1.063015,1.0630950000000001,1.06293,1.0630700000000002,0
2022-12-26 17:45:00+00:00,1.06309,1.06312,1.06303,1.0630950000000001,0
2022-12-27 07:00:00+00:00,1.0664,1.0668000000000002,1.0657450000000002,1.0657450000000002,0
2022-12-27 07:15:00+00:00,1.06575,1.066455,1.065455,1.06624,0
2022-12-27 07:30:00+00:00,1.06625,1.066455,1.065725,1.065725,0
2022-12-27 07:45:00+00:00,1.0657299999999998,1.06577,1.0643500000000001,1.06455,0
2022-12-27 21:00:00+00:00,1.0641349999999998,1.064155,1.064015,1.0641500000000002,0
2022-12-27 21:15:00+00:00,1.0641349999999998,1.06416,1.063925,1.0640999999999998,0
2022-12-27 21:30:00+00:00,1.064095,1.06411,1.0638450000000002,1.06392,0
2022-12-27 21:45:00+00:00,1.0639349999999999,1.064055,1.06363,1.06399,0
2022-12-28 13:00:00+00:00,1.06461,1.064985,1.0638450000000002,1.0640049999999999,0
2022-12-28 13:15:00+00:00,1.0640100000000001,1.064285,1.063805,1.06414,0
2022-12-28 13:30:00+00:00,1.064145,1.0642,1.06373,1.06394,0
2022-12-28 13:45:00+00:00,1.0639349999999999,1.0645,1.06339,1.06418,0
2022-12-29 04:00:00+00:00,1.062335,1.062335,1.0620349999999998,1.06208,0
2022-12-29 04:15:00+00:00,1.06207,1.06216,1.0619649999999998,1.06207,0
2022-12-29 04:30:00+00:00,1.062075,1.062275,1.06193,1.06202,0
2022-12-29 04:45:00+00:00,1.0620349999999998,1.06262,1.061995,1.06253,0
2022-12-29 20:00:00+00:00,1.067815,1.067815,1.066875,1.067175,0
2022-12-29 20:15:00+00:00,1.0671599999999999,1.0671750000000002,1.066565,1.06696,0
2022-12-29 20:30:00+00:00,1.066975,1.067045,1.066675,1.066975,0
2022-12-29 20:45:00+00:00,1.06697,1.067245,1.066775,1.066805,0
2022-12-30 10:00:00+00:00,1.065475,1.0668,1.06535,1.066225,0
2022-12-30 10:15:00+00:00,1.06622,1.0668549999999999,1.06616,1.0668350000000002,0
2022-12-30 10:30:00+00:00,1.0668449999999998,1.0674549999999998,1.0664449999999999,1.06735,0
2022-12-30 10:45:00+00:00,1.0673650000000001,1.0676100000000002,1.06681,1.0669650000000002,0
2023-01-02 13:00:00+00:00,1.0682450000000001,1.06853,1.067905,1.068265,0
2023-01-02 13:15:00+00:00,1.06827,1.068645,1.0679949999999998,1.06844,0
2023-01-02 13:30:00+00:00,1.068445,1.068555,1.0682399999999999,1.0684,0
2023-01-02 13:45:00+00:00,1.068405,1.06841,1.06778,1.0678899999999998,0
2023-01-03 03:00:00+00:00,1.067655,1.067855,1.067295,1.0673,0
2023-01-03 03:15:00+00:00,1.06731,1.0675949999999998,1.066895,1.0672,0
2023-01-03 03:30:00+00:00,1.06723,1.0676,1.06719,1.067555,0
2023-01-03 03:45:00+00:00,1.0675599999999998,1.06765,1.067105,1.067245,0
2023-01-03 11:00:00+00:00,1.05311,1.0532949999999999,1.052515,1.052745,0
2023-01-03 11:15:00+00:00,1.0527600000000001,1.05295,1.051965,1.0526499999999999,0
2023-01-03 11:30:00+00:00,1.05266,1.0536050000000001,1.052555,1.0532,0
2023-01-03 11:45:00+00:00,1.053195,1.053535,1.052675,1.052845,0
2023-01-03 17:00:00+00:00,1.0558100000000001,1.05592,1.055385,1.055625,0
2023-01-03 17:15:00+00:00,1.0556299999999998,1.055875,1.055025,1.055225,0
2023-01-03 17:30:00+00:00,1.05523,1.055385,1.054545,1.0548250000000001,0
2023-01-03 17:45:00+00:00,1.05483,1.054915,1.054025,1.05462,0
2023-01-03 22:00:00+00:00,1.054775,1.05483,1.054725,1.0547900000000001,0
2023-01-03 22:15:00+00:00,1.054795,1.05484,1.0547749999999998,1.054795,0
2023-01-03 22:30:00+00:00,1.054795,1.0548700000000002,1.05473,1.05482,0
2023-01-03 22:45:00+00:00,1.05481,1.0548549999999999,1.05477,1.054835,0
2023-01-04 09:00:00+00:00,1.061595,1.06173,1.060555,1.061015,0
2023-01-04 09:15:00+00:00,1.06101,1.0626250000000002,1.06101,1.0625399999999998,0
2023-01-04 09:30:00+00:00,1.062545,1.063005,1.061455,1.06149,0
2023-01-04 09:45:00+00:00,1.061485,1.062205,1.06108,1.0610849999999998,0
2023-01-04 14:00:00+00:00,1.0610650000000001,1.06149,1.060235,1.06148,0
2023-01-04 14:15:00+00:00,1.0614750000000002,1.0618599999999998,1.0611899999999999,1.0612300000000001,0
2023-01-04 14:30:00+00:00,1.061235,1.061925,1.0608300000000002,1.0611,0
2023-01-04 14:45:00+00:00,1.0610849999999998,1.06284,1.06055,1.06244,0
2023-01-04 20:00:00+00:00,1.060555,1.06066,1.060155,1.0604149999999999,0
2023-01-04 20:15:00+00:00,1.06042,1.06102,1.060175,1.0605,0
2023-01-04 20:30:00+00:00,1.060505,1.060755,1.0603150000000001,1.060365,0
2023-01-04 20:45:00+00:00,1.0603799999999999,1.0608650000000002,1.06012,1.0603449999999999,0
2023-01-05 12:00:00+00:00,1.0611350000000002,1.061235,1.060485,1.060875,0
2023-01-05 12:15:00+00:00,1.06087,1.06165,1.0607250000000001,1.06122,0
2023-01-05 12:30:00+00:00,1.061235,1.0617450000000002,1.061035,1.0612499999999998,0
2023-01-05 12:45:00+00:00,1.061245,1.06134,1.059825,1.059955,0
2023-01-05 18:00:00+00:00,1.053005,1.0533299999999999,1.05293,1.05321,0
2023-01-05 18:15:00+00:00,1.0532050000000002,1.05433,1.0529950000000001,1.0537100000000001,0
2023-01-05 18:30:00+00:00,1.05374,1.054325,1.0535649999999999,1.05374,0
2023-01-05 18:45:00+00:00,1.053735,1.05397,1.0534249999999998,1.0535999999999999,0
2023-01-05 23:00:00+00:00,1.0521699999999998,1.052445,1.0521500000000001,1.05236,0
2023-01-05 23:15:00+00:00,1.052365,1.052635,1.0523150000000001,1.052535,0
2023-01-05 23:30:00+00:00,1.05254,1.05255,1.05198,1.05213,0
2023-01-05 23:45:00+00:00,1.052135,1.05222,1.05207,1.052105,0
2023-01-06 11:00:00+00:00,1.05077,1.0511249999999999,1.0504600000000002,1.050645,0
2023-01-06 11:15:00+00:00,1.05064,1.0508899999999999,1.050335,1.0507849999999999,0
2023-01-06 11:30:00+00:00,1.050795,1.05098,1.049955,1.050075,0
2023-01-06 11:45:00+00:00,1.0500699999999998,1.05014,1.0492400000000002,1.049425,0
2023-01-09 00:00:00+00:00,1.0663,1.0667849999999999,1.06588,1.06649,0
2023-01-09 00:15:00+00:00,1.0664699999999998,1.0664850000000001,1.065275,1.065375,0
2023-01-09 00:30:00+00:00,1.065355,1.0657,1.065235,1.065245,0
2023-01-09 00:45:00+00:00,1.065235,1.066135,1.065165,1.066135,0
2023-01-10 08:00:00+00:00,1.073175,1.07423,1.073125,1.0739049999999999,0
2023-01-10 08:15:00+00:00,1.073925,1.07444,1.0736050000000001,1.0739299999999998,0
2023-01-10 08:30:00+00:00,1.073935,1.074735,1.0735299999999999,1.073665,0
2023-01-10 08:45:00+00:00,1.07368,1.074005,1.07322,1.073845,0
2023-01-10 13:00:00+00:00,1.07193,1.072415,1.071745,1.072305,0
2023-01-10 13:15:00+00:00,1.072295,1.072335,1.07178,1.07179,0
2023-01-10 13:30:00+00:00,1.071785,1.0720200000000002,1.071215,1.071805,0
2023-01-10 13:45:00+00:00,1.0718,1.072535,1.071675,1.072175,0
2023-01-10 20:00:00+00:00,1.0741100000000001,1.0742099999999999,1.07381,1.074185,0
2023-01-10 20:15:00+00:00,1.074195,1.0744150000000001,1.0738349999999999,1.07399,0
2023-01-10 20:30:00+00:00,1.073985,1.07427,1.0730650000000002,1.073125,0
2023-01-10 20:45:00+00:00,1.0731199999999999,1.0739049999999999,1.0730650000000002,1.0736050000000001,0
2023-01-11 19:00:00+00:00,1.0753300000000001,1.07553,1.07512,1.07523,0
2023-01-11 19:15:00+00:00,1.0752350000000002,1.075265,1.07477,1.07517,0
2023-01-11 19:30:00+00:00,1.0751849999999998,1.0759699999999999,1.0750799999999998,1.07578,0
2023-01-11 19:45:00+00:00,1.0757750000000001,1.07638,1.075555,1.076325,0
2023-01-12 00:00:00+00:00,1.0765500000000001,1.07717,1.07613,1.07695,0
2023-01-12 00:15:00+00:00,1.07694,1.0770499999999998,1.076505,1.0769950000000001,0
2023-01-12 00:30:00+00:00,1.077005,1.07748,1.07681,1.07712,0
2023-01-12 00:45:00+00:00,1.077125,1.07721,1.076035,1.076125,0
2023-01-12 05:00:00+00:00,1.0771700000000002,1.0772599999999999,1.076875,1.0772599999999999,0
2023-01-12 05:15:00+00:00,1.077255,1.0775199999999998,1.077115,1.077315,0
2023-01-12 05:30:00+00:00,1.07731,1.07735,1.0768300000000002,1.076945,0
2023-01-12 05:45:00+00:00,1.07694,1.077,1.0762450000000001,1.07627,0
2023-01-12 14:00:00+00:00,1.082935,1.0834000000000001,1.07962,1.07972,0
2023-01-12 14:15:00+00:00,1.079725,1.081935,1.0788950000000002,1.08147,0
2023-01-12 14:30:00+00:00,1.0814750000000002,1.0825200000000001,1.07842,1.07854,0
2023-01-12 14:45:00+00:00,1.078535,1.0795,1.075195,1.07677,0
2023-01-13 09:00:00+00:00,1.085535,1.08602,1.084985,1.08583,0
2023-01-13 09:15:00+00:00,1.0858249999999998,1.0859800000000002,1.08371,1.0838100000000002,0
2023-01-13 09:30:00+00:00,1.083815,1.084075,1.083335,1.083585,0
2023-01-13 09:45:00+00:00,1.08359,1.084445,1.08352,1.08426,0
2023-01-13 18:00:00+00:00,1.082815,1.0830549999999999,1.0824150000000001,1.082595,0
2023-01-13 18:15:00+00:00,1.0826099999999999,1.082665,1.08181,1.081915,0
2023-01-13 18:30:00+00:00,1.081925,1.082995,1.0818850000000002,1.082795,0
2023-01-13 18:45:00+00:00,1.08279,1.0834350000000001,1.08267,1.083125,0
2023-01-13 20:00:00+00:00,1.082925,1.083075,1.0827049999999998,1.0829149999999998,0
2023-01-13 20:15:00+00:00,1.08291,1.0830549999999999,1.0827550000000001,1.082965,0
2023-01-13 20:30:00+00:00,1.082975,1.0832549999999999,1.0829550000000001,1.083235,0
2023-01-13 20:45:00+00:00,1.08324,1.083585,1.0831300000000001,1.08325,0
2023-01-17 00:00:00+00:00,1.082975,1.08338,1.082615,1.083315,0
2023-01-17 00:15:00+00:00,1.08332,1.0833300000000001,1.08288,1.083005,0
2023-01-17 00:30:00+00:00,1.0830000000000002,1.0830199999999999,1.08266,1.082705,0
2023-01-17 00:45:00+00:00,1.08271,1.08324,1.082565,1.08287,0
2023-01-18 05:00:00+00:00,1.077455,1.07765,1.07703,1.07708,0
2023-01-18 05:15:00+00:00,1.0770849999999998,1.0772750000000002,1.0768149999999999,1.07706,0
2023-01-18 05:30:00+00:00,1.0770650000000002,1.07783,1.07695,1.07769,0
2023-01-18 05:45:00+00:00,1.07767,1.0780150000000002,1.0774949999999999,1.077975,0
2023-01-19 00:00:00+00:00,1.079765,1.07984,1.0793650000000001,1.079685,0
2023-01-19 00:15:00+00:00,1.07968,1.0797400000000001,1.079005,1.07941,0
2023-01-19 00:30:00+00:00,1.079415,1.0796999999999999,1.07892,1.07918,0
2023-01-19 00:45:00+00:00,1.0791849999999998,1.07942,1.0786449999999999,1.078745,0
2023-01-19 16:00:00+00:00,1.07894,1.079885,1.078745,1.07957,0
2023-01-19 16:15:00+00:00,1.079565,1.0798,1.07913,1.07946,0
2023-01-19 16:30:00+00:00,1.079475,1.080685,1.07923,1.0799699999999999,0
2023-01-19 16:45:00+00:00,1.07998,1.08095,1.07998,1.080915,0
2023-01-19 23:00:00+00:00,1.0830700000000002,1.0833400000000002,1.0829650000000002,1.083275,0
2023-01-19 23:15:00+00:00,1.083285,1.08371,1.083265,1.083605,0
2023-01-19 23:30:00+00:00,1.0836000000000001,1.08372,1.08352,1.083665,0
2023-01-19 23:45:00+00:00,1.0836700000000001,1.0836700000000001,1.0833599999999999,1.0833599999999999,0
2023-01-20 07:00:00+00:00,1.08247,1.083635,1.082095,1.08337,0
2023-01-20 07:15:00+00:00,1.0834000000000001,1.08466,1.0833650000000001,1.08396,0
2023-01-20 07:30:00+00:00,1.083955,1.084265,1.083535,1.08404,0
2023-01-20 07:45:00+00:00,1.084055,1.084555,1.0839349999999999,1.08402,0
2023-01-20 18:00:00+00:00,1.084395,1.085055,1.083735,1.0844900000000002,0
2023-01-20 18:15:00+00:00,1.0845,1.08457,1.083375,1.08416,0
2023-01-20 18:30:00+00:00,1.084165,1.084985,1.08414,1.084765,0
2023-01-20 18:45:00+00:00,1.08476,1.08502,1.084575,1.08477,0
2023-01-22 22:00:00+00:00,1.08687,1.08692,1.08616,1.086535,0
2023-01-22 22:15:00+00:00,1.08654,1.08659,1.08649,1.086585,0
2023-01-22 22:30:00+00:00,1.0865550000000002,1.086585,1.0862150000000002,1.08635,0
2023-01-22 22:45:00+00:00,1.0863749999999999,1.0868,1.08636,1.08676,0
2023-01-23 05:00:00+00:00,1.08948,1.08962,1.089175,1.089215,0
2023-01-23 05:15:00+00:00,1.089205,1.08969,1.08903,1.089675,0
2023-01-23 05:30:00+00:00,1.08967,1.089845,1.08954,1.08966,0
2023-01-23 05:45:00+00:00,1.08964,1.08984,1.089185,1.0892300000000001,0
2023-01-23 14:00:00+00:00,1.085885,1.086055,1.0848149999999999,1.08535,0
2023-01-23 14:15:00+00:00,1.0853549999999998,1.085615,1.084635,1.0851899999999999,0
2023-01-23 14:30:00+00:00,1.085195,1.085645,1.0847250000000002,1.085185,0
2023-01-23 14:45:00+00:00,1.0851950000000001,1.086835,1.085095,1.08618,0
2023-01-25 07:00:00+00:00,1.090625,1.090785,1.0901399999999999,1.090725,0
2023-01-25 07:15:00+00:00,1.0907200000000001,1.09112,1.09012,1.09043,0
2023-01-25 07:30:00+00:00,1.090435,1.090535,1.0891549999999999,1.089415,0
2023-01-25 07:45:00+00:00,1.08941,1.08948,1.0878649999999999,1.08812,0
2023-01-25 15:00:00+00:00,1.08938,1.092375,1.08921,1.0911149999999998,0
2023-01-25 15:15:00+00:00,1.091105,1.09185,1.09044,1.09096,0
2023-01-25 15:30:00+00:00,1.0909550000000001,1.09123,1.0891,1.0895000000000001,0
2023-01-25 15:45:00+00:00,1.0894949999999999,1.09044,1.089145,1.09023,0
2023-01-26 07:00:00+00:00,1.092035,1.09204,1.09067,1.0907200000000001,0
2023-01-26 07:15:00+00:00,1.090725,1.0919400000000001,1.0907,1.0915249999999999,0
2023-01-26 07:30:00+00:00,1.09152,1.092235,1.09151,1.0919750000000001,0
2023-01-26 07:45:00+00:00,1.0919699999999999,1.092265,1.091515,1.091965,0
2023-01-26 14:00:00+00:00,1.090275,1.0912250000000001,1.0899,1.090275,0
2023-01-26 14:15:00+00:00,1.09027,1.09176,1.089345,1.089865,0
2023-01-26 14:30:00+00:00,1.0898599999999998,1.09062,1.0892650000000001,1.089405,0
2023-01-26 14:45:00+00:00,1.08938,1.0896,1.088165,1.08874,0
2023-01-27 12:00:00+00:00,1.08792,1.08804,1.0875400000000002,1.0879349999999999,0
2023-01-27 12:15:00+00:00,1.08793,1.08809,1.087485,1.08764,0
2023-01-27 12:30:00+00:00,1.0876299999999999,1.08783,1.0872549999999999,1.087745,0
2023-01-27 12:45:00+00:00,1.08775,1.0877599999999998,1.086635,1.0866850000000001,0
2023-01-29 22:00:00+00:00,1.086615,1.086755,1.08603,1.086545,0
2023-01-29 22:15:00+00:00,1.086535,1.0865550000000002,1.08635,1.08643,0
2023-01-29 22:30:00+00:00,1.0864500000000001,1.0865550000000002,1.086425,1.086525,0
2023-01-29 22:45:00+00:00,1.0865200000000002,1.086635,1.086515,1.0866,0
2023-01-30 13:00:00+00:00,1.09039,1.091125,1.090255,1.09026,0
2023-01-30 13:15:00+00:00,1.09027,1.0905,1.08947,1.089645,0
2023-01-30 13:30:00+00:00,1.08964,1.0896400000000002,1.08902,1.089315,0
2023-01-30 13:45:00+00:00,1.089325,1.089575,1.08861,1.0886149999999999,0
2023-01-31 05:00:00+00:00,1.0846200000000001,1.084685,1.0842450000000001,1.08425,0
2023-01-31 05:15:00+00:00,1.084255,1.08447,1.0842049999999999,1.08443,0
2023-01-31 05:30:00+00:00,1.084425,1.08443,1.0841150000000002,1.08425,0
2023-01-31 05:45:00+00:00,1.084255,1.08451,1.083305,1.083465,0
2023-01-31 15:00:00+00:00,1.08477,1.0853899999999999,1.083925,1.0845449999999999,0
2023-01-31 15:15:00+00:00,1.084565,1.08518,1.0833650000000001,1.083955,0
2023-01-31 15:30:00+00:00,1.08396,1.086085,1.0838999999999999,1.08522,0
2023-01-31 15:45:00+00:00,1.085255,1.086255,1.0849,1.0860150000000002,0
2023-02-01 03:00:00+00:00,1.085405,1.0856750000000002,1.0852650000000001,1.085665,0
2023-02-01 03:15:00+00:00,1.0856599999999998,1.08599,1.0855700000000001,1.08596,0
2023-02-01 03:30:00+00:00,1.08597,1.0861399999999999,1.0858249999999998,1.086135,0
2023-02-01 03:45:00+00:00,1.0861299999999998,1.08629,1.08608,1.08629,0
2023-02-01 13:00:00+00:00,1.0891600000000001,1.089585,1.0888300000000002,1.089405,0
2023-02-01 13:15:00+00:00,1.08937,1.09074,1.089345,1.090065,0
2023-02-01 13:30:00+00:00,1.0900699999999999,1.09057,1.089975,1.0903399999999999,0
2023-02-01 13:45:00+00:00,1.09033,1.0910000000000002,1.09033,1.0904150000000001,0
2023-02-02 05:00:00+00:00,1.101975,1.10219,1.101915,1.10214,0
2023-02-02 05:15:00+00:00,1.1021450000000002,1.10248,1.10195,1.10241,0
2023-02-02 05:30:00+00:00,1.10242,1.1024349999999998,1.10194,1.10209,0
2023-02-02 05:45:00+00:00,1.102085,1.1023999999999998,1.101915,1.10201,0
2023-02-02 19:00:00+00:00,1.0919349999999999,1.09225,1.0915,1.09168,0
2023-02-02 19:15:00+00:00,1.091685,1.091755,1.09131,1.091505,0
2023-02-02 19:30:00+00:00,1.091495,1.0916000000000001,1.090975,1.091335,0
2023-02-02 19:45:00+00:00,1.091315,1.0913249999999999,1.09053,1.090795,0
2023-02-03 09:00:00+00:00,1.09037,1.091135,1.089365,1.09087,0
2023-02-03 09:15:00+00:00,1.090865,1.0915249999999999,1.0907399999999998,1.0912899999999999,0
2023-02-03 09:30:00+00:00,1.091285,1.0919349999999999,1.0912250000000001,1.09189,0
2023-02-03 09:45:00+00:00,1.091895,1.093105,1.0918649999999999,1.093,0
2023-02-06 00:00:00+00:00,1.078925,1.0795,1.0786,1.07869,0
2023-02-06 00:15:00+00:00,1.078695,1.078855,1.07857,1.0786250000000002,0
2023-02-06 00:30:00+00:00,1.07863,1.07881,1.0781450000000001,1.07832,0
2023-02-06 00:45:00+00:00,1.078325,1.07898,1.078325,1.07888,0
2023-02-06 06:00:00+00:00,1.079675,1.0798,1.07929,1.079345,0
2023-02-06 06:15:00+00:00,1.07935,1.07951,1.079015,1.079135,0
2023-02-06 06:30:00+00:00,1.07914,1.07916,1.0786600000000002,1.07897,0
2023-02-06 06:45:00+00:00,1.07898,1.07914,1.0786449999999999,1.078735,0
2023-02-06 18:00:00+00:00,1.0713249999999999,1.0717949999999998,1.07103,1.07152,0
2023-02-06 18:15:00+00:00,1.071515,1.0717400000000001,1.07131,1.071695,0
2023-02-06 18:30:00+00:00,1.0716999999999999,1.0723,1.0716899999999998,1.071995,0
2023-02-06 18:45:00+00:00,1.07199,1.0726650000000002,1.071945,1.072645,0
2023-02-06 22:00:00+00:00,1.072555,1.07286,1.0725500000000001,1.072575,0
2023-02-06 22:15:00+00:00,1.072585,1.0728499999999999,1.0725799999999999,1.07278,0
2023-02-06 22:30:00+00:00,1.072745,1.0728,1.072565,1.07263,0
2023-02-06 22:45:00+00:00,1.0726200000000001,1.0728149999999999,1.072535,1.07274,0
2023-02-07 04:00:00+00:00,1.07382,1.07382,1.07336,1.07336,0
2023-02-07 04:15:00+00:00,1.073365,1.0735700000000001,1.0733,1.073455,0
2023-02-07 04:30:00+00:00,1.07345,1.073455,1.07287,1.073115,0
2023-02-07 04:45:00+00:00,1.07311,1.073315,1.07304,1.07329,0
2023-02-08 03:00:00+00:00,1.07328,1.07328,1.07305,1.073115,0
2023-02-08 03:15:00+00:00,1.0731199999999999,1.07331,1.073045,1.0732249999999999,0
2023-02-08 03:30:00+00:00,1.07322,1.07349,1.0730650000000002,1.07313,0
2023-02-08 03:45:00+00:00,1.0731350000000002,1.07345,1.073115,1.07324,0
2023-02-09 19:00:00+00:00,1.0741200000000002,1.0745749999999998,1.0739450000000001,1.07399,0
2023-02-09 19:15:00+00:00,1.073985,1.074125,1.07341,1.073585,0
2023-02-09 19:30:00+00:00,1.073575,1.0741450000000001,1.07332,1.07409,0
2023-02-09 19:45:00+00:00,1.07408,1.0741749999999999,1.0737299999999999,1.073735,0
2023-02-10 01:00:00+00:00,1.07347,1.073845,1.07313,1.07383,0
2023-02-10 01:15:00+00:00,1.073825,1.0738750000000001,1.0734650000000001,1.0735700000000001,0
2023-02-10 01:30:00+00:00,1.07355,1.073625,1.072825,1.07306,0
2023-02-10 01:45:00+00:00,1.073055,1.07349,1.07305,1.073375,0
2023-02-12 23:00:00+00:00,1.067945,1.067945,1.06714,1.067545,0
2023-02-12 23:15:00+00:00,1.067535,1.06776,1.06744,1.0675949999999998,0
2023-02-12 23:30:00+00:00,1.067595,1.067885,1.0674299999999999,1.0676700000000001,0
2023-02-12 23:45:00+00:00,1.067675,1.0679699999999999,1.06756,1.0677349999999999,0
2023-02-14 21:00:00+00:00,1.0737899999999998,1.0739049999999999,1.073665,1.073715,0
2023-02-14 21:15:00+00:00,1.0737100000000002,1.07385,1.07368,1.0738050000000001,0
2023-02-14 21:30:00+00:00,1.07381,1.07382,1.07356,1.073655,0
2023-02-14 21:45:00+00:00,1.0736599999999998,1.073785,1.0735299999999999,1.073775,0
2023-02-15 01:00:00+00:00,1.07381,1.07423,1.0736050000000001,1.074115,0
2023-02-15 01:15:00+00:00,1.07412,1.07437,1.0740699999999999,1.074265,0
2023-02-15 01:30:00+00:00,1.074255,1.074455,1.0741,1.074165,0
2023-02-15 01:45:00+00:00,1.0741550000000002,1.0741550000000002,1.07375,1.073985,0
2023-02-15 22:00:00+00:00,1.0689549999999999,1.06909,1.0689199999999999,1.06905,0
2023-02-15 22:15:00+00:00,1.0690300000000001,1.069105,1.0689449999999998,1.069035,0
2023-02-15 22:30:00+00:00,1.0690499999999998,1.06906,1.068785,1.068975,0
2023-02-15 22:45:00+00:00,1.06897,1.069005,1.06857,1.06884,0
2023-02-16 03:00:00+00:00,1.0712700000000002,1.07128,1.07084,1.070905,0
2023-02-16 03:15:00+00:00,1.0709,1.0711650000000001,1.070775,1.07085,0
2023-02-16 03:30:00+00:00,1.070855,1.071005,1.0708000000000002,1.07083,0
2023-02-16 03:45:00+00:00,1.0708250000000001,1.07097,1.07078,1.07096,0
2023-02-16 11:00:00+00:00,1.0706449999999998,1.07069,1.070115,1.070165,0
2023-02-16 11:15:00+00:00,1.07017,1.0702250000000002,1.069475,1.069475,0
2023-02-16 11:30:00+00:00,1.06947,1.070345,1.0693700000000002,1.0701800000000001,0
2023-02-16 11:45:00+00:00,1.070185,1.07065,1.0699999999999998,1.0705200000000001,0
2023-02-16 14:00:00+00:00,1.0679349999999999,1.06893,1.06759,1.06808,0
2023-02-16 14:15:00+00:00,1.0680749999999999,1.068535,1.06628,1.066495,0
2023-02-16 14:30:00+00:00,1.0664850000000001,1.067545,1.06643,1.066845,0
2023-02-16 14:45:00+00:00,1.06684,1.067405,1.065975,1.0662850000000001,0
2023-02-16 19:00:00+00:00,1.069185,1.06965,1.06914,1.069455,0
2023-02-16 19:15:00+00:00,1.06945,1.069755,1.069395,1.069415,0
2023-02-16 19:30:00+00:00,1.0693899999999998,1.069705,1.06921,1.069345,0
2023-02-16 19:45:00+00:00,1.06933,1.0693700000000002,1.06894,1.06904,0
2023-02-16 21:00:00+00:00,1.067375,1.06757,1.06714,1.06722,0
2023-02-16 21:15:00+00:00,1.067225,1.067335,1.066995,1.0673249999999999,0
2023-02-16 21:30:00+00:00,1.06732,1.067335,1.06717,1.06718,0
2023-02-16 21:45:00+00:00,1.06715,1.067455,1.0671249999999999,1.067455,0
2023-02-16 23:00:00+00:00,1.06698,1.0670700000000002,1.06651,1.066515,0
2023-02-16 23:15:00+00:00,1.0665200000000001,1.066575,1.066315,1.06649,0
2023-02-16 23:30:00+00:00,1.066495,1.066535,1.06625,1.066395,0
2023-02-16 23:45:00+00:00,1.06639,1.06662,1.06639,1.06656,0
2023-02-17 02:00:00+00:00,1.06535,1.06535,1.0649950000000001,1.0651899999999999,0
2023-02-17 02:15:00+00:00,1.0652,1.06541,1.064875,1.0654,0
2023-02-17 02:30:00+00:00,1.0654050000000002,1.06551,1.06521,1.065215,0
2023-02-17 02:45:00+00:00,1.06521,1.0653549999999998,1.065015,1.065125,0
2023-02-17 03:00:00+00:00,1.0651199999999998,1.06521,1.064895,1.064965,0
2023-02-17 03:15:00+00:00,1.06495,1.065375,1.064915,1.065375,0
2023-02-17 03:30:00+00:00,1.06536,1.06556,1.0653350000000001,1.065515,0
2023-02-17 03:45:00+00:00,1.06551,1.065515,1.06515,1.065275,0
2023-02-17 04:00:00+00:00,1.0652599999999999,1.065305,1.06513,1.0652650000000001,0
2023-02-17 04:15:00+00:00,1.065255,1.065305,1.06467,1.06477,0
2023-02-17 04:30:00+00:00,1.064775,1.064775,1.0632700000000002,1.0633,0
2023-02-17 04:45:00+00:00,1.0633050000000002,1.0638800000000002,1.0633050000000002,1.063835,0
2023-02-17 11:00:00+00:00,1.064175,1.0642,1.0632549999999998,1.0633249999999999,0
2023-02-17 11:15:00+00:00,1.06332,1.0635949999999998,1.062865,1.063215,0
2023-02-17 11:30:00+00:00,1.06322,1.06344,1.06291,1.06312,0
2023-02-17 11:45:00+00:00,1.063115,1.063195,1.06238,1.062565,0
2023-02-17 15:00:00+00:00,1.0640399999999999,1.06732,1.0640399999999999,1.066395,0
2023-02-17 15:15:00+00:00,1.0664,1.06791,1.06623,1.066405,0
2023-02-17 15:30:00+00:00,1.0664,1.06822,1.0663550000000002,1.06666,0
2023-02-17 15:45:00+00:00,1.06665,1.067285,1.0659450000000001,1.06622,0
2023-02-17 16:00:00+00:00,1.066225,1.0670549999999999,1.0661100000000001,1.06684,0
2023-02-17 16:15:00+00:00,1.066845,1.06687,1.06569,1.066125,0
2023-02-17 16:30:00+00:00,1.066115,1.0674649999999999,1.0660500000000002,1.0673499999999998,0
2023-02-17 16:45:00+00:00,1.067345,1.06796,1.067345,1.067715,0
2023-02-17 17:00:00+00:00,1.06771,1.069035,1.0676899999999998,1.06895,0
2023-02-17 17:15:00+00:00,1.06894,1.069385,1.0682749999999999,1.069095,0
2023-02-17 17:30:00+00:00,1.0690849999999998,1.069175,1.0688149999999998,1.06901,0
2023-02-17 17:45:00+00:00,1.069015,1.06905,1.06779,1.0678450000000002,0
2023-02-17 18:00:00+00:00,1.067875,1.06877,1.06776,1.068765,0
2023-02-17 18:15:00+00:00,1.0687600000000002,1.068975,1.06855,1.068765,0
2023-02-17 18:30:00+00:00,1.06876,1.068855,1.0682999999999998,1.06875,0
2023-02-17 18:45:00+00:00,1.06877,1.06908,1.06839,1.06856,0
2023-02-17 20:00:00+00:00,1.0696400000000001,1.0698400000000001,1.069465,1.06973,0
2023-02-17 20:15:00+00:00,1.06972,1.0698249999999998,1.069365,1.069415,0
2023-02-17 20:30:00+00:00,1.06941,1.0698349999999999,1.069365,1.06952,0
2023-02-17 20:45:00+00:00,1.069515,1.069635,1.06936,1.069465,0
2023-02-19 23:00:00+00:00,1.069115,1.069335,1.068535,1.068555,0
2023-02-19 23:15:00+00:00,1.06856,1.06882,1.06826,1.068675,0
2023-02-19 23:30:00+00:00,1.068665,1.068835,1.06857,1.06864,0
2023-02-19 23:45:00+00:00,1.068645,1.068735,1.06836,1.06841,0
2023-02-20 09:00:00+00:00,1.069285,1.06993,1.06919,1.06967,0
2023-02-20 09:15:00+00:00,1.0696750000000002,1.06968,1.06868,1.06877,0
2023-02-20 09:30:00+00:00,1.068765,1.0688849999999999,1.068225,1.0685799999999999,0
2023-02-20 09:45:00+00:00,1.068595,1.068835,1.0679249999999998,1.0679500000000002,0
2023-02-20 16:00:00+00:00,1.0686300000000002,1.06877,1.068335,1.06861,0
2023-02-20 16:15:00+00:00,1.0686200000000001,1.068785,1.06845,1.068485,0
2023-02-20 16:30:00+00:00,1.0684900000000002,1.0686550000000001,1.0683099999999999,1.06857,0
2023-02-20 16:45:00+00:00,1.068565,1.068915,1.0684,1.068845,0
2023-02-20 21:00:00+00:00,1.0684550000000002,1.068515,1.068255,1.06847,0
2023-02-20 21:15:00+00:00,1.0684550000000002,1.068605,1.0683150000000001,1.06844,0
2023-02-20 21:30:00+00:00,1.06845,1.0686,1.06842,1.06859,0
2023-02-20 21:45:00+00:00,1.0685850000000001,1.06864,1.06841,1.06859,0
2023-02-20 23:00:00+00:00,1.068575,1.06877,1.068495,1.068675,0
2023-02-20 23:15:00+00:00,1.0686749999999998,1.06887,1.06864,1.068825,0
2023-02-20 23:30:00+00:00,1.06883,1.06886,1.068625,1.0686550000000001,0
2023-02-20 23:45:00+00:00,1.06866,1.0686849999999999,1.06823,1.068235,0
2023-02-21 02:00:00+00:00,1.06738,1.06753,1.067085,1.0672549999999998,0
2023-02-21 02:15:00+00:00,1.067245,1.067415,1.066705,1.0669499999999998,0
2023-02-21 02:30:00+00:00,1.0669300000000002,1.0671300000000001,1.0667550000000001,1.06681,0
2023-02-21 02:45:00+00:00,1.0668000000000002,1.066955,1.06636,1.066365,0
2023-02-21 04:00:00+00:00,1.06669,1.0667849999999999,1.0663550000000002,1.06644,0
2023-02-21 04:15:00+00:00,1.066435,1.06653,1.0663,1.06649,0
2023-02-21 04:30:00+00:00,1.0664850000000001,1.0667399999999998,1.066425,1.06668,0
2023-02-21 04:45:00+00:00,1.066675,1.066995,1.066605,1.0668549999999999,0
2023-02-21 05:00:00+00:00,1.06685,1.0670899999999999,1.0666250000000002,1.0666449999999998,0
2023-02-21 05:15:00+00:00,1.066635,1.06688,1.06662,1.06668,0
2023-02-21 05:30:00+00:00,1.066685,1.0671300000000001,1.0666250000000002,1.06712,0
2023-02-21 05:45:00+00:00,1.067115,1.067405,1.0668199999999999,1.06738,0
2023-02-21 06:00:00+00:00,1.067385,1.067385,1.06688,1.067035,0
2023-02-21 06:15:00+00:00,1.067045,1.0673599999999999,1.067045,1.0673249999999999,0
2023-02-21 06:30:00+00:00,1.067355,1.067355,1.0667200000000001,1.066865,0
2023-02-21 06:45:00+00:00,1.066875,1.06727,1.066775,1.0671300000000001,0
2023-02-21 08:00:00+00:00,1.066975,1.06761,1.0667499999999999,1.0675,0
2023-02-21 08:15:00+00:00,1.06751,1.06887,1.06724,1.06778,0
2023-02-21 08:30:00+00:00,1.067785,1.067785,1.0664799999999999,1.06757,0
2023-02-21 08:45:00+00:00,1.067555,1.067585,1.06596,1.066075,0
2023-02-21 12:00:00+00:00,1.0657299999999998,1.06579,1.064915,1.06498,0
2023-02-21 12:15:00+00:00,1.0649899999999999,1.065275,1.064715,1.065205,0
2023-02-21 12:30:00+00:00,1.0652,1.06569,1.065175,1.06555,0
2023-02-21 12:45:00+00:00,1.06556,1.066475,1.06555,1.065995,0
2023-02-21 13:00:00+00:00,1.06599,1.0665049999999998,1.0656400000000001,1.06638,0
2023-02-21 13:15:00+00:00,1.06639,1.066525,1.065685,1.0662850000000001,0
2023-02-21 13:30:00+00:00,1.06629,1.0669650000000002,1.0657299999999998,1.065785,0
2023-02-21 13:45:00+00:00,1.06579,1.0659550000000002,1.0651700000000002,1.0652949999999999,0
2023-02-21 14:00:00+00:00,1.06529,1.0667,1.065285,1.065845,0
2023-02-21 14:15:00+00:00,1.0658400000000001,1.0669,1.0658349999999999,1.06607,0
2023-02-21 14:30:00+00:00,1.066075,1.06732,1.06604,1.0664,0
2023-02-21 14:45:00+00:00,1.066405,1.06641,1.0644,1.06487,0
2023-02-21 15:00:00+00:00,1.0648650000000002,1.0669849999999999,1.0645850000000001,1.0660349999999998,0
2023-02-21 15:15:00+00:00,1.066045,1.0674450000000002,1.06562,1.067425,0
2023-02-21 15:30:00+00:00,1.0674199999999998,1.06982,1.0673300000000001,1.06882,0
2023-02-21 15:45:00+00:00,1.06881,1.069055,1.06813,1.06853,0
2023-02-21 20:00:00+00:00,1.064865,1.06525,1.064595,1.064665,0
2023-02-21 20:15:00+00:00,1.06467,1.0648499999999999,1.0645250000000002,1.06484,0
2023-02-21 20:30:00+00:00,1.06486,1.06521,1.06486,1.06515,0
2023-02-21 20:45:00+00:00,1.06516,1.06524,1.0645600000000002,1.064565,0
2023-02-22 06:00:00+00:00,1.065755,1.06586,1.0656050000000001,1.0657100000000002,0
2023-02-22 06:15:00+00:00,1.065705,1.065755,1.0655299999999999,1.0655350000000001,0
2023-02-22 06:30:00+00:00,1.06554,1.0660150000000002,1.06554,1.065915,0
2023-02-22 06:45:00+00:00,1.065925,1.066025,1.06565,1.065655,0
2023-02-22 11:00:00+00:00,1.06251,1.06352,1.062475,1.06294,0
2023-02-22 11:15:00+00:00,1.0629499999999998,1.063605,1.06294,1.06345,0
2023-02-22 11:30:00+00:00,1.063445,1.063475,1.062475,1.06257,0
2023-02-22 11:45:00+00:00,1.062565,1.06303,1.0625149999999999,1.06303,0
2023-02-23 21:00:00+00:00,1.060325,1.0603349999999998,1.059785,1.059785,0
2023-02-23 21:15:00+00:00,1.05979,1.05982,1.059475,1.05965,0
2023-02-23 21:30:00+00:00,1.059645,1.05973,1.05961,1.0596649999999999,0
2023-02-23 21:45:00+00:00,1.05966,1.059755,1.059355,1.05965,0
2023-02-24 06:00:00+00:00,1.059765,1.060135,1.0597500000000002,1.0600749999999999,0
2023-02-24 06:15:00+00:00,1.06007,1.0601099999999999,1.059655,1.0601099999999999,0
2023-02-24 06:30:00+00:00,1.0601150000000001,1.06019,1.05982,1.060175,0
2023-02-24 06:45:00+00:00,1.06018,1.060225,1.05965,1.05987,0
2023-02-24 19:00:00+00:00,1.0545499999999999,1.0550350000000002,1.054405,1.05494,0
2023-02-24 19:15:00+00:00,1.05492,1.05529,1.0548,1.055185,0
2023-02-24 19:30:00+00:00,1.05521,1.05534,1.0547900000000001,1.0549849999999998,0
2023-02-24 19:45:00+00:00,1.05498,1.055445,1.05488,1.055085,0
2023-02-27 11:00:00+00:00,1.0567600000000001,1.05693,1.0562749999999999,1.0565099999999998,0
2023-02-27 11:15:00+00:00,1.056505,1.0566550000000001,1.056135,1.0564149999999999,0
2023-02-27 11:30:00+00:00,1.056405,1.0568650000000002,1.0561,1.056145,0
2023-02-27 11:45:00+00:00,1.0561500000000001,1.056265,1.055885,1.0562200000000002,0
2023-02-27 23:00:00+00:00,1.060645,1.06107,1.0606300000000002,1.060845,0
2023-02-27 23:15:00+00:00,1.06084,1.06094,1.06068,1.060705,0
2023-02-27 23:30:00+00:00,1.0607,1.06107,1.0606900000000001,1.06104,0
2023-02-27 23:45:00+00:00,1.06101,1.06101,1.0608849999999999,1.0609600000000001,0
2023-02-28 17:00:00+00:00,1.0600749999999999,1.06045,1.0598299999999998,1.0600550000000002,0
2023-02-28 17:15:00+00:00,1.06005,1.06036,1.05981,1.060135,0
2023-02-28 17:30:00+00:00,1.06016,1.060175,1.05952,1.06013,0
2023-02-28 17:45:00+00:00,1.060125,1.0609799999999998,1.0600800000000001,1.0605600000000002,0
2023-03-01 18:00:00+00:00,1.0665049999999998,1.0665049999999998,1.0661049999999999,1.066345,0
2023-03-01 18:15:00+00:00,1.0663399999999998,1.066365,1.065615,1.06574,0
2023-03-01 18:30:00+00:00,1.065735,1.066045,1.06529,1.0652949999999999,0
2023-03-01 18:45:00+00:00,1.0653000000000001,1.06545,1.065005,1.06521,0
2023-03-02 08:00:00+00:00,1.06365,1.06375,1.0626099999999998,1.0628250000000001,0
2023-03-02 08:15:00+00:00,1.06283,1.063495,1.0627849999999999,1.062905,0
2023-03-02 08:30:00+00:00,1.0629,1.063565,1.0626600000000002,1.063555,0
2023-03-02 08:45:00+00:00,1.0635599999999998,1.063905,1.063295,1.06386,0
2023-03-02 20:00:00+00:00,1.0590449999999998,1.05965,1.058615,1.059515,0
2023-03-02 20:15:00+00:00,1.05951,1.059985,1.0594999999999999,1.059875,0
2023-03-02 20:30:00+00:00,1.059885,1.06066,1.0598,1.060175,0
2023-03-02 20:45:00+00:00,1.0601699999999998,1.06029,1.059625,1.06003,0
2023-03-03 08:00:00+00:00,1.061005,1.061975,1.061005,1.061415,0
2023-03-03 08:15:00+00:00,1.06142,1.06233,1.061325,1.0618699999999999,0
2023-03-03 08:30:00+00:00,1.061865,1.0629149999999998,1.06172,1.06258,0
2023-03-03 08:45:00+00:00,1.062575,1.062575,1.062055,1.06212,0
2023-03-03 21:00:00+00:00,1.06353,1.06353,1.063245,1.063405,0
2023-03-03 21:15:00+00:00,1.063415,1.0634649999999999,1.063205,1.06321,0
2023-03-03 21:30:00+00:00,1.063215,1.06322,1.063035,1.063185,0
2023-03-03 21:45:00+00:00,1.06318,1.063605,1.063115,1.06353,0
2023-03-06 07:00:00+00:00,1.06436,1.06487,1.06427,1.06487,0
2023-03-06 07:15:00+00:00,1.064865,1.065275,1.064705,1.06487,0
2023-03-06 07:30:00+00:00,1.064865,1.0656949999999998,1.064825,1.06522,0
2023-03-06 07:45:00+00:00,1.06524,1.06543,1.064785,1.06484,0
2023-03-06 20:00:00+00:00,1.067565,1.067785,1.0673599999999999,1.06746,0
2023-03-06 20:15:00+00:00,1.0674649999999999,1.0674899999999998,1.06721,1.0674350000000001,0
2023-03-06 20:30:00+00:00,1.0674299999999999,1.06783,1.067265,1.0676350000000001,0
2023-03-06 20:45:00+00:00,1.06763,1.0678450000000002,1.06758,1.0677349999999999,0
2023-03-07 08:00:00+00:00,1.068565,1.068645,1.06715,1.0672000000000001,0
2023-03-07 08:15:00+00:00,1.06719,1.06764,1.067,1.067585,0
2023-03-07 08:30:00+00:00,1.06759,1.06786,1.0671599999999999,1.067215,0
2023-03-07 08:45:00+00:00,1.067205,1.06782,1.067045,1.06738,0
2023-03-07 22:00:00+00:00,1.05497,1.054975,1.0549,1.0549,0
2023-03-07 22:15:00+00:00,1.05492,1.054985,1.054915,1.0549300000000001,0
2023-03-07 22:30:00+00:00,1.054955,1.05499,1.05492,1.05498,0
2023-03-07 22:45:00+00:00,1.05497,1.055575,1.054945,1.05522,0
2023-03-08 09:00:00+00:00,1.05368,1.05453,1.053485,1.054275,0
2023-03-08 09:15:00+00:00,1.05427,1.05441,1.05386,1.053985,0
2023-03-08 09:30:00+00:00,1.0539800000000001,1.054865,1.0538699999999999,1.054735,0
2023-03-08 09:45:00+00:00,1.0547300000000002,1.0547849999999999,1.053535,1.0535649999999999,0
2023-03-08 20:00:00+00:00,1.0545849999999999,1.0548,1.0542799999999999,1.0544250000000002,0
2023-03-08 20:15:00+00:00,1.054415,1.054435,1.054125,1.05431,0
2023-03-08 20:30:00+00:00,1.054305,1.0549,1.0542449999999999,1.05488,0
2023-03-08 20:45:00+00:00,1.054865,1.055005,1.05464,1.054755,0
2023-03-09 09:00:00+00:00,1.0557400000000001,1.055745,1.055045,1.055555,0
2023-03-09 09:15:00+00:00,1.0555599999999998,1.05668,1.0555599999999998,1.05668,0
2023-03-09 09:30:00+00:00,1.056665,1.056965,1.0564,1.056405,0
2023-03-09 09:45:00+00:00,1.0564,1.0564149999999999,1.0557050000000001,1.055855,0
2023-03-09 15:00:00+00:00,1.057525,1.05856,1.057315,1.0580850000000002,0
2023-03-09 15:15:00+00:00,1.05808,1.058185,1.0572249999999999,1.05755,0
2023-03-09 15:30:00+00:00,1.057555,1.05838,1.057445,1.0579,0
2023-03-09 15:45:00+00:00,1.0579049999999999,1.05822,1.0566900000000001,1.05687,0
2023-03-10 06:00:00+00:00,1.05867,1.058955,1.0586,1.05863,0
2023-03-10 06:15:00+00:00,1.0586250000000001,1.05903,1.05859,1.058995,0
2023-03-10 06:30:00+00:00,1.05899,1.05911,1.05812,1.05816,0
2023-03-10 06:45:00+00:00,1.058165,1.05858,1.058125,1.058375,0
2023-03-10 13:00:00+00:00,1.059425,1.05958,1.058305,1.058595,0
2023-03-10 13:15:00+00:00,1.058605,1.059295,1.0581800000000001,1.059175,0
2023-03-10 13:30:00+00:00,1.05918,1.064425,1.0591,1.06355,0
2023-03-10 13:45:00+00:00,1.0635249999999998,1.0640100000000001,1.06167,1.0621800000000001,0
2023-03-13 00:00:00+00:00,1.06814,1.069415,1.06761,1.068925,0
2023-03-13 00:15:00+00:00,1.06893,1.069825,1.0686200000000001,1.06978,0
2023-03-13 00:30:00+00:00,1.06979,1.069795,1.0688,1.06906,0
2023-03-13 00:45:00+00:00,1.069055,1.06921,1.068125,1.068175,0
2023-03-13 06:00:00+00:00,1.072025,1.072905,1.071745,1.07275,0
2023-03-13 06:15:00+00:00,1.07276,1.072965,1.0717949999999998,1.07196,0
2023-03-13 06:30:00+00:00,1.071965,1.07207,1.07134,1.07189,0
2023-03-13 06:45:00+00:00,1.071885,1.07286,1.0718,1.07214,0
2023-03-13 17:00:00+00:00,1.07396,1.074855,1.073325,1.07478,0
2023-03-13 17:15:00+00:00,1.074765,1.074845,1.07431,1.074585,0
2023-03-13 17:30:00+00:00,1.07458,1.07466,1.07401,1.0743,0
2023-03-13 17:45:00+00:00,1.074295,1.07442,1.07383,1.0738400000000001,0
2023-03-14 10:00:00+00:00,1.07112,1.0714350000000001,1.070055,1.070255,0
2023-03-14 10:15:00+00:00,1.07026,1.071385,1.0702349999999998,1.071355,0
2023-03-14 10:30:00+00:00,1.0713499999999998,1.07195,1.07099,1.071315,0
2023-03-14 10:45:00+00:00,1.07131,1.07209,1.071155,1.072035,0
2023-03-14 23:00:00+00:00,1.07321,1.07341,1.07317,1.073285,0
2023-03-14 23:15:00+00:00,1.07328,1.07341,1.07304,1.07307,0
2023-03-14 23:30:00+00:00,1.073055,1.07308,1.072695,1.072695,0
2023-03-14 23:45:00+00:00,1.07271,1.072825,1.0725500000000001,1.0727,0
2023-03-15 12:00:00+00:00,1.05875,1.058935,1.0561850000000002,1.05715,0
2023-03-15 12:15:00+00:00,1.0571549999999998,1.058225,1.057095,1.057395,0
2023-03-15 12:30:00+00:00,1.0573899999999998,1.0594649999999999,1.056535,1.056535,0
2023-03-15 12:45:00+00:00,1.05654,1.05761,1.055275,1.0556450000000002,0
2023-03-15 15:00:00+00:00,1.054755,1.05505,1.053695,1.05429,0
2023-03-15 15:15:00+00:00,1.0542850000000001,1.054905,1.0530249999999999,1.0533700000000001,0
2023-03-15 15:30:00+00:00,1.05338,1.0535100000000002,1.05207,1.0522550000000002,0
2023-03-15 15:45:00+00:00,1.052265,1.053415,1.05162,1.0534,0
2023-03-15 21:00:00+00:00,1.057835,1.05788,1.0576699999999999,1.057825,0
2023-03-15 21:15:00+00:00,1.05781,1.057825,1.057805,1.057825,0
2023-03-15 21:30:00+00:00,1.057795,1.05782,1.0577800000000002,1.05781,0
2023-03-15 21:45:00+00:00,1.05783,1.057915,1.057715,1.0579049999999999,0
2023-03-16 03:00:00+00:00,1.059255,1.059275,1.059005,1.05904,0
2023-03-16 03:15:00+00:00,1.059045,1.05972,1.0590000000000002,1.059695,0
2023-03-16 03:30:00+00:00,1.0597050000000001,1.05979,1.059415,1.0594999999999999,0
2023-03-16 03:45:00+00:00,1.059485,1.059885,1.059295,1.059875,0
2023-03-16 14:00:00+00:00,1.0607,1.0607950000000002,1.05797,1.05999,0
2023-03-16 14:15:00+00:00,1.0599850000000002,1.0600749999999999,1.0572949999999999,1.05776,0
2023-03-16 14:30:00+00:00,1.057755,1.0590199999999999,1.05743,1.0584799999999999,0
2023-03-16 14:45:00+00:00,1.0584850000000001,1.0608,1.058315,1.0600399999999999,0
2023-03-16 22:00:00+00:00,1.06142,1.06142,1.061075,1.061325,0
2023-03-16 22:15:00+00:00,1.0613199999999998,1.061555,1.061105,1.061435,0
2023-03-16 22:30:00+00:00,1.0614599999999998,1.061575,1.061245,1.0613299999999999,0
2023-03-16 22:45:00+00:00,1.0613299999999999,1.0613299999999999,1.061115,1.061245,0
2023-03-17 01:00:00+00:00,1.06183,1.0622500000000001,1.0614400000000002,1.06209,0
2023-03-17 01:15:00+00:00,1.06208,1.0629499999999998,1.061995,1.06289,0
2023-03-17 01:30:00+00:00,1.062895,1.063205,1.0623900000000002,1.06265,0
2023-03-17 01:45:00+00:00,1.06264,1.0627650000000002,1.06242,1.062615,0
2023-03-17 06:00:00+00:00,1.0648650000000002,1.0648650000000002,1.0644550000000002,1.0646149999999999,0
2023-03-17 06:15:00+00:00,1.06461,1.0649899999999999,1.0644749999999998,1.06475,0
2023-03-17 06:30:00+00:00,1.064755,1.0649899999999999,1.064485,1.0648650000000002,0
2023-03-17 06:45:00+00:00,1.06487,1.06629,1.06474,1.066275,0
2023-03-17 10:00:00+00:00,1.0646849999999999,1.064695,1.0634649999999999,1.063585,0
2023-03-17 10:15:00+00:00,1.06359,1.0638649999999998,1.0631300000000001,1.0637850000000002,0
2023-03-17 10:30:00+00:00,1.063795,1.06392,1.062525,1.06285,0
2023-03-17 10:45:00+00:00,1.062865,1.0635400000000002,1.0627,1.063315,0
2023-03-20 00:00:00+00:00,1.0680800000000001,1.06861,1.0679,1.0680200000000002,0
2023-03-20 00:15:00+00:00,1.0680100000000001,1.0685600000000002,1.0678999999999998,1.06854,0
2023-03-20 00:30:00+00:00,1.06853,1.06879,1.06833,1.0687,0
2023-03-20 00:45:00+00:00,1.0686900000000001,1.068845,1.0679400000000001,1.068095,0
2023-03-20 07:00:00+00:00,1.06608,1.066205,1.06418,1.064715,0
2023-03-20 07:15:00+00:00,1.064705,1.066915,1.064295,1.06676,0
2023-03-20 07:30:00+00:00,1.0667499999999999,1.0671,1.0659800000000001,1.066065,0
2023-03-20 07:45:00+00:00,1.06606,1.06628,1.06536,1.06555,0
2023-03-21 01:00:00+00:00,1.071755,1.07184,1.0715249999999998,1.07173,0
2023-03-21 01:15:00+00:00,1.0717249999999998,1.072085,1.0715249999999998,1.07186,0
2023-03-21 01:30:00+00:00,1.0718649999999998,1.071955,1.0715249999999998,1.071715,0
2023-03-21 01:45:00+00:00,1.0717249999999998,1.0719349999999999,1.07166,1.0716999999999999,0
2023-03-21 11:00:00+00:00,1.076335,1.076985,1.076125,1.0766749999999998,0
2023-03-21 11:15:00+00:00,1.076695,1.0779,1.0765950000000002,1.0778949999999998,0
2023-03-21 11:30:00+00:00,1.0779,1.078345,1.0776949999999998,1.0781800000000001,0
2023-03-21 11:45:00+00:00,1.078185,1.078465,1.077705,1.0778699999999999,0
2023-03-21 23:00:00+00:00,1.077,1.0771,1.076895,1.077,0
2023-03-21 23:15:00+00:00,1.077005,1.0772,1.077,1.0771000000000002,0
2023-03-21 23:30:00+00:00,1.077105,1.077305,1.07709,1.077255,0
2023-03-21 23:45:00+00:00,1.0772249999999999,1.0774050000000002,1.07699,1.0772849999999998,0
2023-03-22 13:00:00+00:00,1.07819,1.0785900000000002,1.077925,1.078475,0
2023-03-22 13:15:00+00:00,1.0784699999999998,1.078795,1.07822,1.078585,0
2023-03-22 13:30:00+00:00,1.0785900000000002,1.0789499999999999,1.077775,1.077985,0
2023-03-22 13:45:00+00:00,1.07799,1.07817,1.0775899999999998,1.0781450000000001,0
2023-03-23 04:00:00+00:00,1.09009,1.09009,1.089505,1.089565,0
2023-03-23 04:15:00+00:00,1.08958,1.09015,1.08958,1.090135,0
2023-03-23 04:30:00+00:00,1.0901399999999999,1.0901399999999999,1.089775,1.08982,0
2023-03-23 04:45:00+00:00,1.0898349999999999,1.09043,1.089795,1.09037,0
2023-03-23 17:00:00+00:00,1.089565,1.089565,1.0877949999999998,1.08782,0
2023-03-23 17:15:00+00:00,1.087815,1.0882100000000001,1.0869149999999999,1.08692,0
2023-03-23 17:30:00+00:00,1.086915,1.087895,1.08678,1.0875849999999998,0
2023-03-23 17:45:00+00:00,1.08759,1.08759,1.0864099999999999,1.08687,0
2023-03-24 05:00:00+00:00,1.0834199999999998,1.08353,1.0830950000000001,1.083515,0
2023-03-24 05:15:00+00:00,1.08351,1.0836350000000001,1.0833050000000002,1.08358,0
2023-03-24 05:30:00+00:00,1.08359,1.08372,1.083475,1.0834899999999998,0
2023-03-24 05:45:00+00:00,1.083495,1.0835650000000001,1.083225,1.08337,0
2023-03-24 19:00:00+00:00,1.076075,1.07619,1.0758100000000002,1.0759599999999998,0
2023-03-24 19:15:00+00:00,1.075945,1.07664,1.0758649999999998,1.076565,0
2023-03-24 19:30:00+00:00,1.0765699999999998,1.076575,1.076015,1.076025,0
2023-03-24 19:45:00+00:00,1.0760399999999999,1.076105,1.075745,1.0759050000000001,0
2023-03-27 10:00:00+00:00,1.0765950000000002,1.07694,1.076375,1.0766550000000001,0
2023-03-27 10:15:00+00:00,1.0766499999999999,1.076765,1.076225,1.076505,0
2023-03-27 10:30:00+00:00,1.076485,1.0766049999999998,1.076155,1.076515,0
2023-03-27 10:45:00+00:00,1.076525,1.076965,1.0764550000000002,1.07679,0
2023-03-28 01:00:00+00:00,1.0816,1.081955,1.0813000000000001,1.081345,0
2023-03-28 01:15:00+00:00,1.08134,1.081575,1.08109,1.0813549999999998,0
2023-03-28 01:30:00+00:00,1.08136,1.0817800000000002,1.081045,1.081255,0
2023-03-28 01:45:00+00:00,1.0812650000000001,1.081515,1.08122,1.08151,0
2023-03-28 08:00:00+00:00,1.08203,1.0824150000000001,1.0819299999999998,1.0821749999999999,0
2023-03-28 08:15:00+00:00,1.08217,1.0823450000000001,1.08183,1.0819100000000001,0
2023-03-28 08:30:00+00:00,1.081925,1.0820400000000001,1.08129,1.081615,0
2023-03-28 08:45:00+00:00,1.0816249999999998,1.081865,1.0811600000000001,1.081235,0
2023-03-28 15:00:00+00:00,1.08321,1.0839150000000002,1.08312,1.083875,0
2023-03-28 15:15:00+00:00,1.0838800000000002,1.0842749999999999,1.0836700000000001,1.0841949999999998,0
2023-03-28 15:30:00+00:00,1.08419,1.0846049999999998,1.0841150000000002,1.0841699999999999,0
2023-03-28 15:45:00+00:00,1.084135,1.0845150000000001,1.08391,1.084285,0
2023-03-29 00:00:00+00:00,1.08391,1.0847250000000002,1.08391,1.0846200000000001,0
2023-03-29 00:15:00+00:00,1.084625,1.084705,1.084345,1.0845600000000002,0
2023-03-29 00:30:00+00:00,1.084555,1.08472,1.084235,1.08459,0
2023-03-29 00:45:00+00:00,1.0845850000000001,1.084775,1.08446,1.084715,0
2023-03-30 00:00:00+00:00,1.084265,1.0843500000000001,1.0837150000000002,1.0839500000000002,0
2023-03-30 00:15:00+00:00,1.08392,1.08414,1.08377,1.08391,0
2023-03-30 00:30:00+00:00,1.0839050000000001,1.08412,1.0835599999999999,1.0838700000000001,0
2023-03-30 00:45:00+00:00,1.0838649999999999,1.0839850000000002,1.0836549999999998,1.0837750000000002,0
2023-03-30 06:00:00+00:00,1.08416,1.0846149999999999,1.0832549999999999,1.0836299999999999,0
2023-03-30 06:15:00+00:00,1.0836350000000001,1.0839150000000002,1.083475,1.08384,0
2023-03-30 06:30:00+00:00,1.0838450000000002,1.084095,1.0835050000000002,1.0838450000000002,0
2023-03-30 06:45:00+00:00,1.08384,1.085045,1.083765,1.0846550000000001,0
2023-03-30 18:00:00+00:00,1.0899999999999999,1.090055,1.08962,1.090055,0
2023-03-30 18:15:00+00:00,1.09006,1.09035,1.090045,1.0901550000000002,0
2023-03-30 18:30:00+00:00,1.09016,1.09035,1.089985,1.090195,0
2023-03-30 18:45:00+00:00,1.09019,1.090605,1.090135,1.090545,0
2023-03-31 08:00:00+00:00,1.0884749999999999,1.08872,1.08806,1.0882749999999999,0
2023-03-31 08:15:00+00:00,1.0882800000000001,1.0886,1.0873,1.08755,0
2023-03-31 08:30:00+00:00,1.0875400000000002,1.088,1.08731,1.0878,0
2023-03-31 08:45:00+00:00,1.08779,1.0892,1.08777,1.088975,0
2023-03-31 15:00:00+00:00,1.0867,1.08689,1.085885,1.08626,0
2023-03-31 15:15:00+00:00,1.086265,1.08685,1.086135,1.086395,0
2023-03-31 15:30:00+00:00,1.08639,1.087155,1.086275,1.087105,0
2023-03-31 15:45:00+00:00,1.08711,1.08757,1.0868950000000002,1.087195,0
2023-04-03 08:00:00+00:00,1.08391,1.08398,1.083,1.0833050000000002,0
2023-04-03 08:15:00+00:00,1.08332,1.08393,1.083215,1.08344,0
2023-04-03 08:30:00+00:00,1.0834350000000001,1.083885,1.083075,1.083685,0
2023-04-03 08:45:00+00:00,1.083675,1.0849799999999998,1.083545,1.084285,0
2023-04-04 11:00:00+00:00,1.09209,1.09209,1.09083,1.090835,0
2023-04-04 11:15:00+00:00,1.09084,1.091005,1.09022,1.09063,0
2023-04-04 11:30:00+00:00,1.09062,1.090945,1.0903399999999999,1.09082,0
2023-04-04 11:45:00+00:00,1.090815,1.090935,1.089595,1.0897549999999998,0
2023-04-04 16:00:00+00:00,1.095075,1.0954000000000002,1.094385,1.0949900000000001,0
2023-04-04 16:15:00+00:00,1.095005,1.095145,1.094605,1.094935,0
2023-04-04 16:30:00+00:00,1.09494,1.095135,1.09453,1.094795,0
2023-04-04 16:45:00+00:00,1.0947900000000002,1.0949149999999999,1.094335,1.09462,0
2023-04-05 00:00:00+00:00,1.095765,1.0969250000000001,1.0957,1.09645,0
2023-04-05 00:15:00+00:00,1.0964450000000001,1.096965,1.096405,1.096645,0
2023-04-05 00:30:00+00:00,1.096635,1.096725,1.096165,1.096285,0
2023-04-05 00:45:00+00:00,1.09629,1.096355,1.09591,1.09606,0
2023-04-05 15:00:00+00:00,1.0910199999999999,1.09182,1.09056,1.0915050000000002,0
2023-04-05 15:15:00+00:00,1.0915,1.09207,1.0914700000000002,1.09199,0
2023-04-05 15:30:00+00:00,1.0919949999999998,1.092305,1.0917,1.09192,0
2023-04-05 15:45:00+00:00,1.091955,1.0923500000000002,1.09137,1.0917400000000002,0
2023-04-06 02:00:00+00:00,1.08922,1.089335,1.0890849999999999,1.089275,0
2023-04-06 02:15:00+00:00,1.08931,1.089325,1.088915,1.0889350000000002,0
2023-04-06 02:30:00+00:00,1.08895,1.089025,1.0886749999999998,1.088705,0
2023-04-06 02:45:00+00:00,1.088715,1.0887850000000001,1.08854,1.08866,0
2023-04-06 07:00:00+00:00,1.0902349999999998,1.09168,1.090115,1.09161,0
2023-04-06 07:15:00+00:00,1.0915949999999999,1.091715,1.091005,1.0913599999999999,0
2023-04-06 07:30:00+00:00,1.091355,1.09158,1.09057,1.09104,0
2023-04-06 07:45:00+00:00,1.09105,1.0912799999999998,1.0906250000000002,1.090675,0
2023-04-06 14:00:00+00:00,1.0896599999999999,1.09155,1.0892499999999998,1.091495,0
2023-04-06 14:15:00+00:00,1.0915,1.091825,1.090945,1.0913650000000001,0
2023-04-06 14:30:00+00:00,1.0913499999999998,1.0918649999999999,1.0911,1.091395,0
2023-04-06 14:45:00+00:00,1.0913849999999998,1.09239,1.09124,1.09232,0
2023-04-07 03:00:00+00:00,1.092055,1.0921150000000002,1.09193,1.0919349999999999,0
2023-04-07 03:15:00+00:00,1.09193,1.092015,1.09191,1.092015,0
2023-04-07 03:30:00+00:00,1.0920100000000001,1.092035,1.0918999999999999,1.09198,0
2023-04-07 03:45:00+00:00,1.0919750000000001,1.09199,1.091885,1.09198,0
2023-04-07 15:00:00+00:00,1.09148,1.091555,1.09058,1.09063,0
2023-04-07 15:15:00+00:00,1.090625,1.090855,1.0906099999999999,1.09085,0
2023-04-07 15:30:00+00:00,1.090845,1.09088,1.0908,1.0908449999999998,0
2023-04-07 15:45:00+00:00,1.090835,1.09125,1.090815,1.0911650000000002,0
2023-04-10 14:00:00+00:00,1.08378,1.08436,1.08325,1.084085,0
2023-04-10 14:15:00+00:00,1.0840800000000002,1.0844049999999998,1.0833750000000002,1.08339,0
2023-04-10 14:30:00+00:00,1.0833949999999999,1.083495,1.083145,1.083495,0
2023-04-10 14:45:00+00:00,1.0834899999999998,1.08395,1.08335,1.083835,0
2023-04-11 06:00:00+00:00,1.0894400000000002,1.08975,1.08914,1.0894949999999999,0
2023-04-11 06:15:00+00:00,1.08948,1.0895299999999999,1.08893,1.088985,0
2023-04-11 06:30:00+00:00,1.08899,1.0890849999999999,1.0884200000000002,1.0885449999999999,0
2023-04-11 06:45:00+00:00,1.08853,1.08854,1.088095,1.088425,0
2023-04-11 11:00:00+00:00,1.0922649999999998,1.092435,1.0916549999999998,1.0918700000000001,0
2023-04-11 11:15:00+00:00,1.09188,1.0919750000000001,1.09116,1.09125,0
2023-04-11 11:30:00+00:00,1.0912549999999999,1.0913,1.0906850000000001,1.0907550000000001,0
2023-04-11 11:45:00+00:00,1.0907650000000002,1.09139,1.09051,1.09051,0
2023-04-11 23:00:00+00:00,1.09171,1.09171,1.0915,1.0915650000000001,0
2023-04-11 23:15:00+00:00,1.0915599999999999,1.0916199999999998,1.09146,1.0915249999999999,0
2023-04-11 23:30:00+00:00,1.09152,1.09168,1.091465,1.0916350000000001,0
2023-04-11 23:45:00+00:00,1.09164,1.09172,1.091615,1.09164,0
2023-04-12 03:00:00+00:00,1.09191,1.0921699999999999,1.09165,1.09216,0
2023-04-12 03:15:00+00:00,1.092155,1.092165,1.091875,1.092155,0
2023-04-12 03:30:00+00:00,1.0921699999999999,1.0925500000000001,1.092165,1.09254,0
2023-04-12 03:45:00+00:00,1.0925349999999998,1.09254,1.09236,1.092425,0
2023-04-12 15:00:00+00:00,1.09761,1.0979700000000001,1.0970300000000002,1.097435,0
2023-04-12 15:15:00+00:00,1.09744,1.0980750000000001,1.09729,1.097995,0
2023-04-12 15:30:00+00:00,1.0979999999999999,1.0980050000000001,1.0974949999999999,1.0978400000000001,0
2023-04-12 15:45:00+00:00,1.097835,1.098775,1.0978050000000001,1.0986699999999998,0
2023-04-13 05:00:00+00:00,1.099,1.099075,1.09862,1.09862,0
2023-04-13 05:15:00+00:00,1.098625,1.09884,1.098525,1.098815,0
2023-04-13 05:30:00+00:00,1.098805,1.09891,1.0985749999999999,1.0985749999999999,0
2023-04-13 05:45:00+00:00,1.0985800000000001,1.09871,1.0983200000000002,1.098395,0
2023-04-13 16:00:00+00:00,1.105315,1.1053199999999999,1.104765,1.10522,0
2023-04-13 16:15:00+00:00,1.105225,1.10571,1.10519,1.105585,0
2023-04-13 16:30:00+00:00,1.105575,1.105685,1.104955,1.1050650000000002,0
2023-04-13 16:45:00+00:00,1.1050749999999998,1.10558,1.104965,1.1055700000000002,0
2023-04-14 02:00:00+00:00,1.10637,1.1075249999999999,1.1063299999999998,1.106865,0
2023-04-14 02:15:00+00:00,1.1068699999999998,1.1072950000000001,1.10686,1.107125,0
2023-04-14 02:30:00+00:00,1.1071149999999998,1.107325,1.1067,1.10678,0
2023-04-14 02:45:00+00:00,1.1067749999999998,1.10714,1.106735,1.107035,0
2023-04-14 13:00:00+00:00,1.10346,1.1036450000000002,1.10255,1.1026099999999999,0
2023-04-14 13:15:00+00:00,1.1026150000000001,1.1031,1.10214,1.1024850000000002,0
2023-04-14 13:30:00+00:00,1.102495,1.103075,1.10212,1.1027900000000002,0
2023-04-14 13:45:00+00:00,1.102785,1.103195,1.101865,1.1030250000000001,0
2023-04-16 23:00:00+00:00,1.09871,1.0990600000000001,1.0985999999999998,1.09876,0
2023-04-16 23:15:00+00:00,1.09877,1.09877,1.09844,1.0985800000000001,0
2023-04-16 23:30:00+00:00,1.098585,1.098655,1.098445,1.098535,0
2023-04-16 23:45:00+00:00,1.09855,1.098585,1.098335,1.098445,0
2023-04-17 10:00:00+00:00,1.09805,1.098055,1.0972300000000001,1.0974050000000002,0
2023-04-17 10:15:00+00:00,1.09741,1.09796,1.097365,1.0979299999999999,0
2023-04-17 10:30:00+00:00,1.097935,1.09843,1.09792,1.09829,0
2023-04-17 10:45:00+00:00,1.0982850000000002,1.0985,1.098125,1.098175,0
2023-04-17 21:00:00+00:00,1.09277,1.092825,1.09266,1.0927250000000002,0
2023-04-17 21:15:00+00:00,1.09273,1.092805,1.0927250000000002,1.09279,0
2023-04-17 21:30:00+00:00,1.092755,1.0927799999999999,1.09274,1.0927799999999999,0
2023-04-17 21:45:00+00:00,1.0927699999999998,1.092775,1.09267,1.0927,0
2023-04-17 23:00:00+00:00,1.092415,1.09266,1.0923850000000002,1.0925699999999998,0
2023-04-17 23:15:00+00:00,1.092575,1.09263,1.092495,1.0925500000000001,0
2023-04-17 23:30:00+00:00,1.0925449999999999,1.092575,1.092505,1.0925600000000002,0
2023-04-17 23:45:00+00:00,1.092565,1.092625,1.09238,1.09246,0
2023-04-18 09:00:00+00:00,1.0981049999999999,1.0981049999999999,1.09728,1.09774,0
2023-04-18 09:15:00+00:00,1.0977299999999999,1.0982949999999998,1.0973350000000002,1.097445,0
2023-04-18 09:30:00+00:00,1.0974300000000001,1.097705,1.097145,1.0972849999999998,0
2023-04-18 09:45:00+00:00,1.09728,1.09751,1.0970499999999999,1.0974949999999999,0
2023-04-18 21:00:00+00:00,1.09726,1.09731,1.0971799999999998,1.0971799999999998,0
2023-04-18 21:15:00+00:00,1.097185,1.097215,1.097145,1.0971549999999999,0
2023-04-18 21:30:00+00:00,1.09713,1.0971899999999999,1.0968749999999998,1.09712,0
2023-04-18 21:45:00+00:00,1.0971250000000001,1.097245,1.096925,1.097245,0
2023-04-19 06:00:00+00:00,1.0961150000000002,1.0970499999999999,1.0955599999999999,1.095735,0
2023-04-19 06:15:00+00:00,1.09575,1.0958999999999999,1.0946449999999999,1.0952199999999999,0
2023-04-19 06:30:00+00:00,1.095215,1.0955149999999998,1.094945,1.095005,0
2023-04-19 06:45:00+00:00,1.09504,1.09627,1.09504,1.0956299999999999,0
2023-04-19 16:00:00+00:00,1.0953149999999998,1.0957599999999998,1.09519,1.095375,0
2023-04-19 16:15:00+00:00,1.09538,1.09573,1.09538,1.09555,0
2023-04-19 16:30:00+00:00,1.095545,1.096435,1.095545,1.0964049999999999,0
2023-04-19 16:45:00+00:00,1.0964,1.096685,1.0962999999999998,1.0965850000000001,0
2023-04-20 00:00:00+00:00,1.0951849999999999,1.09575,1.09509,1.0955849999999998,0
2023-04-20 00:15:00+00:00,1.09558,1.0957400000000002,1.09544,1.095495,0
2023-04-20 00:30:00+00:00,1.095485,1.09566,1.095425,1.0955149999999998,0
2023-04-20 00:45:00+00:00,1.0955050000000002,1.095925,1.09527,1.095675,0
2023-04-21 11:00:00+00:00,1.0965349999999998,1.097175,1.09629,1.097175,0
2023-04-21 11:15:00+00:00,1.097185,1.0981049999999999,1.096965,1.09731,0
2023-04-21 11:30:00+00:00,1.097305,1.098065,1.0972849999999998,1.09802,0
2023-04-21 11:45:00+00:00,1.097985,1.0985800000000001,1.097565,1.09815,0
2023-04-24 05:00:00+00:00,1.098055,1.098125,1.0976249999999999,1.0977100000000002,0
2023-04-24 05:15:00+00:00,1.0977000000000001,1.0977299999999999,1.0974300000000001,1.097505,0
2023-04-24 05:30:00+00:00,1.0974949999999999,1.09776,1.09741,1.0974750000000002,0
2023-04-24 05:45:00+00:00,1.09748,1.097865,1.09726,1.09783,0
2023-04-24 09:00:00+00:00,1.1008650000000002,1.101885,1.1002100000000001,1.1018050000000001,0
2023-04-24 09:15:00+00:00,1.1018,1.102045,1.101445,1.10192,0
2023-04-24 09:30:00+00:00,1.101925,1.1020599999999998,1.1016050000000002,1.1019299999999999,0
2023-04-24 09:45:00+00:00,1.10194,1.1019549999999998,1.0999400000000001,1.1000450000000002,0
2023-04-24 21:00:00+00:00,1.1045850000000002,1.104685,1.104485,1.1046,0
2023-04-24 21:15:00+00:00,1.104635,1.104775,1.104535,1.104605,0
2023-04-24 21:30:00+00:00,1.104635,1.10464,1.10454,1.10464,0
2023-04-24 21:45:00+00:00,1.104625,1.104845,1.10439,1.104595,0
2023-04-25 09:00:00+00:00,1.103965,1.1044049999999999,1.103685,1.1041150000000002,0
2023-04-25 09:15:00+00:00,1.1041050000000001,1.1043500000000002,1.103535,1.103745,0
2023-04-25 09:30:00+00:00,1.103705,1.103955,1.1034199999999998,1.1036899999999998,0
2023-04-25 09:45:00+00:00,1.1036899999999998,1.1038450000000002,1.103,1.10304,0
2023-04-25 16:00:00+00:00,1.09686,1.09724,1.09654,1.0970149999999999,0
2023-04-25 16:15:00+00:00,1.09701,1.09734,1.09666,1.09692,0
2023-04-25 16:30:00+00:00,1.0969250000000001,1.0969250000000001,1.096575,1.0968149999999999,0
2023-04-25 16:45:00+00:00,1.09681,1.097175,1.09666,1.0968149999999999,0
2023-04-26 10:00:00+00:00,1.10412,1.1050749999999998,1.10412,1.104305,0
2023-04-26 10:15:00+00:00,1.1042999999999998,1.10488,1.103875,1.1048550000000001,0
2023-04-26 10:30:00+00:00,1.104865,1.1060949999999998,1.104865,1.1057100000000002,0
2023-04-26 10:45:00+00:00,1.105705,1.1062750000000001,1.10443,1.10452,0
2023-04-26 14:00:00+00:00,1.1085150000000001,1.108595,1.107215,1.1072899999999999,0
2023-04-26 14:15:00+00:00,1.107285,1.107285,1.1061,1.1066250000000002,0
2023-04-26 14:30:00+00:00,1.1066349999999998,1.107005,1.1053950000000001,1.10541,0
2023-04-26 14:45:00+00:00,1.1054050000000002,1.1055700000000002,1.10419,1.10434,0
2023-04-26 18:00:00+00:00,1.103765,1.1038999999999999,1.1035849999999998,1.1038350000000001,0
2023-04-26 18:15:00+00:00,1.1037949999999999,1.1038000000000001,1.10324,1.103535,0
2023-04-26 18:30:00+00:00,1.10354,1.103805,1.10328,1.10357,0
2023-04-26 18:45:00+00:00,1.10358,1.103985,1.10343,1.10391,0
2023-04-27 06:00:00+00:00,1.10595,1.105955,1.1055700000000002,1.105595,0
2023-04-27 06:15:00+00:00,1.1055899999999999,1.1059,1.105385,1.105525,0
2023-04-27 06:30:00+00:00,1.1055350000000002,1.105845,1.104905,1.10556,0
2023-04-27 06:45:00+00:00,1.105555,1.10617,1.105115,1.105595,0
2023-04-27 10:00:00+00:00,1.1037849999999998,1.10397,1.103465,1.10378,0
2023-04-27 10:15:00+00:00,1.10379,1.104325,1.1035300000000001,1.1038000000000001,0
2023-04-27 10:30:00+00:00,1.1037949999999999,1.1043349999999998,1.10365,1.1041050000000001,0
2023-04-27 10:45:00+00:00,1.1040999999999999,1.104755,1.10399,1.10449,0
2023-04-27 17:00:00+00:00,1.10086,1.101245,1.10056,1.101245,0
2023-04-27 17:15:00+00:00,1.10124,1.101925,1.10124,1.1019,0
2023-04-27 17:30:00+00:00,1.10189,1.1023399999999999,1.1018400000000002,1.102265,0
2023-04-27 17:45:00+00:00,1.1022500000000002,1.102475,1.10208,1.102245,0
2023-04-27 21:00:00+00:00,1.102855,1.1028950000000002,1.1027650000000002,1.10278,0
2023-04-27 21:15:00+00:00,1.10277,1.10285,1.10277,1.102785,0
2023-04-27 21:30:00+00:00,1.102775,1.10282,1.102775,1.1027900000000002,0
2023-04-27 21:45:00+00:00,1.1027550000000002,1.10282,1.1025,1.102585,0
2023-04-28 02:00:00+00:00,1.1026799999999999,1.1027049999999998,1.101885,1.10205,0
2023-04-28 02:15:00+00:00,1.10206,1.10228,1.1019899999999998,1.1022349999999999,0
2023-04-28 02:30:00+00:00,1.10222,1.1022349999999999,1.101775,1.1017899999999998,0
2023-04-28 02:45:00+00:00,1.101795,1.10194,1.1015549999999998,1.1017199999999998,0
2023-04-28 08:00:00+00:00,1.1008550000000001,1.100955,1.09816,1.09816,0
2023-04-28 08:15:00+00:00,1.0981649999999998,1.0987900000000002,1.0978949999999998,1.097975,0
2023-04-28 08:30:00+00:00,1.0979700000000001,1.0988099999999998,1.09767,1.098805,0
2023-04-28 08:45:00+00:00,1.0988099999999998,1.09912,1.09809,1.09911,0
2023-04-28 12:00:00+00:00,1.0973799999999998,1.0984250000000002,1.0973600000000001,1.097905,0
2023-04-28 12:15:00+00:00,1.0979100000000002,1.09798,1.097175,1.097685,0
2023-04-28 12:30:00+00:00,1.09767,1.099545,1.0962550000000002,1.0971549999999999,0
2023-04-28 12:45:00+00:00,1.09715,1.09849,1.09706,1.098455,0
2023-04-28 18:00:00+00:00,1.10236,1.102585,1.102215,1.102465,0
2023-04-28 18:15:00+00:00,1.10246,1.10259,1.102205,1.10223,0
2023-04-28 18:30:00+00:00,1.102225,1.102325,1.10165,1.101835,0
2023-04-28 18:45:00+00:00,1.1018249999999998,1.1018400000000002,1.101535,1.101715,0
2023-04-30 23:00:00+00:00,1.101145,1.1013449999999998,1.101065,1.101095,0
2023-04-30 23:15:00+00:00,1.1010900000000001,1.1012849999999998,1.1010749999999998,1.101245,0
2023-04-30 23:30:00+00:00,1.1012499999999998,1.101345,1.101005,1.1010849999999999,0
2023-04-30 23:45:00+00:00,1.1010900000000001,1.101165,1.10102,1.101075,0
2023-05-01 05:00:00+00:00,1.10065,1.10065,1.100395,1.10045,0
2023-05-01 05:15:00+00:00,1.1004550000000002,1.10061,1.1002800000000001,1.1003349999999998,0
2023-05-01 05:30:00+00:00,1.1003150000000002,1.1007950000000002,1.100095,1.1007500000000001,0
2023-05-01 05:45:00+00:00,1.1007449999999999,1.100885,1.100425,1.1006049999999998,0
2023-05-01 08:00:00+00:00,1.10034,1.10034,1.099755,1.09992,0
2023-05-01 08:15:00+00:00,1.0999249999999998,1.0999349999999999,1.099195,1.099435,0
2023-05-01 08:30:00+00:00,1.09943,1.0996549999999998,1.099155,1.0996000000000001,0
2023-05-01 08:45:00+00:00,1.0995949999999999,1.09975,1.099155,1.0992199999999999,0
2023-05-01 15:00:00+00:00,1.098155,1.0982150000000002,1.097,1.0971449999999998,0
2023-05-01 15:15:00+00:00,1.0971350000000002,1.0976050000000002,1.09681,1.096905,0
2023-05-01 15:30:00+00:00,1.096895,1.0971199999999999,1.096625,1.096845,0
2023-05-01 15:45:00+00:00,1.09684,1.097175,1.096705,1.096935,0
2023-05-02 01:00:00+00:00,1.09789,1.098735,1.0978599999999998,1.0987,0
2023-05-02 01:15:00+00:00,1.0986950000000002,1.09943,1.0985749999999999,1.0992799999999998,0
2023-05-02 01:30:00+00:00,1.099275,1.099445,1.0990600000000001,1.09909,0
2023-05-02 01:45:00+00:00,1.099085,1.09914,1.098655,1.098815,0
2023-05-02 04:00:00+00:00,1.0984099999999999,1.0985749999999999,1.09835,1.0984349999999998,0
2023-05-02 04:15:00+00:00,1.09844,1.09859,1.09815,1.098205,0
2023-05-02 04:30:00+00:00,1.0982150000000002,1.0989200000000001,1.0979100000000002,1.098265,0
2023-05-02 04:45:00+00:00,1.098255,1.09875,1.098225,1.098465,0
2023-05-02 08:00:00+00:00,1.0985649999999998,1.098665,1.0959949999999998,1.09649,0
2023-05-02 08:15:00+00:00,1.0965,1.097655,1.096375,1.09706,0
2023-05-02 08:30:00+00:00,1.09717,1.0974750000000002,1.09668,1.0974650000000001,0
2023-05-02 08:45:00+00:00,1.0974599999999999,1.09849,1.0971799999999998,1.0971950000000001,0
2023-05-02 12:00:00+00:00,1.096775,1.0968300000000002,1.09615,1.096165,0
2023-05-02 12:15:00+00:00,1.096155,1.096825,1.0960999999999999,1.0965150000000001,0
2023-05-02 12:30:00+00:00,1.0965,1.096945,1.09602,1.0969250000000001,0
2023-05-02 12:45:00+00:00,1.09692,1.09707,1.09543,1.0955300000000001,0
2023-05-02 21:00:00+00:00,1.1000450000000002,1.100185,1.099995,1.100075,0
2023-05-02 21:15:00+00:00,1.1000649999999998,1.100285,1.100025,1.10025,0
2023-05-02 21:30:00+00:00,1.1002450000000001,1.100305,1.1002399999999999,1.100275,0
2023-05-02 21:45:00+00:00,1.10027,1.100275,1.1001150000000002,1.100135,0
2023-05-03 00:00:00+00:00,1.101105,1.10131,1.100495,1.100715,0
2023-05-03 00:15:00+00:00,1.100715,1.1012300000000002,1.1006550000000002,1.1012300000000002,0
2023-05-03 00:30:00+00:00,1.101245,1.10205,1.10122,1.10178,0
2023-05-03 00:45:00+00:00,1.1017899999999998,1.1018599999999998,1.1016249999999999,1.1017350000000001,0
2023-05-03 01:00:00+00:00,1.1017450000000002,1.1017450000000002,1.101295,1.1014849999999998,0
2023-05-03 01:15:00+00:00,1.1014750000000002,1.10194,1.101445,1.101905,0
2023-05-03 01:30:00+00:00,1.1018949999999998,1.1020850000000002,1.101565,1.1019100000000002,0
2023-05-03 01:45:00+00:00,1.10192,1.10241,1.1019100000000002,1.10229,0
2023-05-03 12:00:00+00:00,1.10397,1.10436,1.103805,1.104165,0
2023-05-03 12:15:00+00:00,1.104155,1.1041750000000001,1.10223,1.103765,0
2023-05-03 12:30:00+00:00,1.103785,1.104215,1.103325,1.1033650000000002,0
2023-05-03 12:45:00+00:00,1.10337,1.104025,1.1031650000000002,1.1038549999999998,0
2023-05-03 22:00:00+00:00,1.106315,1.10781,1.106315,1.10733,0
2023-05-03 22:15:00+00:00,1.107325,1.1076199999999998,1.10704,1.1075,0
2023-05-03 22:30:00+00:00,1.1075149999999998,1.107825,1.10709,1.10761,0
2023-05-03 22:45:00+00:00,1.107615,1.1076350000000001,1.106735,1.1068099999999998,0
2023-05-04 00:00:00+00:00,1.106875,1.1084049999999999,1.106875,1.107985,0
2023-05-04 00:15:00+00:00,1.1079949999999998,1.10874,1.10775,1.1077849999999998,0
2023-05-04 00:30:00+00:00,1.10779,1.1080999999999999,1.10761,1.1077,0
2023-05-04 00:45:00+00:00,1.107695,1.10804,1.107455,1.10759,0
2023-05-04 05:00:00+00:00,1.10815,1.10853,1.1079949999999998,1.1084900000000002,0
2023-05-04 05:15:00+00:00,1.108485,1.108555,1.10833,1.10838,0
2023-05-04 05:30:00+00:00,1.108375,1.10879,1.108325,1.10846,0
2023-05-04 05:45:00+00:00,1.1084649999999998,1.10865,1.1082100000000001,1.1084100000000001,0
2023-05-04 11:00:00+00:00,1.106055,1.107205,1.1060249999999998,1.10682,0
2023-05-04 11:15:00+00:00,1.1068250000000002,1.106925,1.106245,1.10669,0
2023-05-04 11:30:00+00:00,1.1067,1.1071849999999999,1.106445,1.106795,0
2023-05-04 11:45:00+00:00,1.106805,1.1076700000000002,1.106705,1.107445,0
2023-05-05 12:00:00+00:00,1.100925,1.101495,1.1007349999999998,1.10129,0
2023-05-05 12:15:00+00:00,1.101295,1.1018599999999998,1.101045,1.101245,0
2023-05-05 12:30:00+00:00,1.101235,1.101255,1.096905,1.09726,0
2023-05-05 12:45:00+00:00,1.0972300000000001,1.0987200000000001,1.096685,1.0976050000000002,0
2023-05-05 20:00:00+00:00,1.101835,1.1019549999999998,1.1016849999999998,1.1019549999999998,0
2023-05-05 20:15:00+00:00,1.10195,1.101985,1.1017299999999999,1.1017350000000001,0
2023-05-05 20:30:00+00:00,1.1017450000000002,1.10192,1.1017350000000001,1.1017899999999998,0
2023-05-05 20:45:00+00:00,1.101795,1.101945,1.101715,1.10183,0
2023-05-07 21:00:00+00:00,1.102465,1.1025049999999998,1.10183,1.10196,0
2023-05-07 21:15:00+00:00,1.1021,1.10216,1.10194,1.10194,0
2023-05-07 21:30:00+00:00,1.1019649999999999,1.102105,1.10194,1.1020699999999999,0
2023-05-07 21:45:00+00:00,1.10209,1.10239,1.102055,1.10235,0
2023-05-08 18:00:00+00:00,1.101565,1.1015700000000002,1.1005150000000001,1.100775,0
2023-05-08 18:15:00+00:00,1.10077,1.1011600000000001,1.1006749999999998,1.1011250000000001,0
2023-05-08 18:30:00+00:00,1.1011199999999999,1.1011199999999999,1.10065,1.1008,0
2023-05-08 18:45:00+00:00,1.100835,1.10086,1.100555,1.10058,0
2023-05-09 07:00:00+00:00,1.099425,1.100035,1.09903,1.09951,0
2023-05-09 07:15:00+00:00,1.099535,1.09955,1.0981049999999999,1.0983100000000001,0
2023-05-09 07:30:00+00:00,1.0983,1.09837,1.09728,1.09775,0
2023-05-09 07:45:00+00:00,1.09774,1.0978750000000002,1.0975199999999998,1.09781,0
2023-05-09 15:00:00+00:00,1.095605,1.0960299999999998,1.0954700000000002,1.095665,0
2023-05-09 15:15:00+00:00,1.095655,1.09578,1.095405,1.095735,0
2023-05-09 15:30:00+00:00,1.0957400000000002,1.0958,1.095105,1.0955599999999999,0
2023-05-09 15:45:00+00:00,1.0955650000000001,1.095665,1.09523,1.095285,0
2023-05-10 22:00:00+00:00,1.0982500000000002,1.0985800000000001,1.09823,1.0983049999999999,0
2023-05-10 22:15:00+00:00,1.098315,1.098445,1.0982750000000001,1.0984250000000002,0
2023-05-10 22:30:00+00:00,1.0984150000000001,1.09848,1.098385,1.098405,0
2023-05-10 22:45:00+00:00,1.0984150000000001,1.09864,1.0984150000000001,1.09863,0
2023-05-11 02:00:00+00:00,1.098475,1.098515,1.0978050000000001,1.0979549999999998,0
2023-05-11 02:15:00+00:00,1.0979450000000002,1.09823,1.09758,1.0976249999999999,0
2023-05-11 02:30:00+00:00,1.09762,1.097845,1.097515,1.097645,0
2023-05-11 02:45:00+00:00,1.097655,1.09814,1.097525,1.0980750000000001,0
2023-05-11 13:00:00+00:00,1.0932849999999998,1.0933199999999998,1.09212,1.092555,0
2023-05-11 13:15:00+00:00,1.0925500000000001,1.0925500000000001,1.09127,1.0918299999999999,0
2023-05-11 13:30:00+00:00,1.09182,1.092035,1.090875,1.0909,0
2023-05-11 13:45:00+00:00,1.0908950000000002,1.09097,1.090095,1.090165,0
2023-05-11 22:00:00+00:00,1.091675,1.09183,1.0915650000000001,1.09182,0
2023-05-11 22:15:00+00:00,1.091815,1.091885,1.09158,1.09158,0
2023-05-11 22:30:00+00:00,1.0915849999999998,1.09166,1.0914549999999998,1.09158,0
2023-05-11 22:45:00+00:00,1.09157,1.091735,1.0915149999999998,1.09165,0
2023-05-16 01:00:00+00:00,1.08819,1.08819,1.0878450000000002,1.0879850000000002,0
2023-05-16 01:15:00+00:00,1.08799,1.088025,1.0878100000000002,1.0878899999999998,0
2023-05-16 01:30:00+00:00,1.0878800000000002,1.0879349999999999,1.087515,1.08779,0
2023-05-16 01:45:00+00:00,1.0877949999999998,1.087815,1.08752,1.087755,0
2023-05-16 08:00:00+00:00,1.0888550000000001,1.0894599999999999,1.0887799999999999,1.0894149999999998,0
2023-05-16 08:15:00+00:00,1.08942,1.089635,1.08921,1.0895549999999998,0
2023-05-16 08:30:00+00:00,1.0895700000000001,1.08979,1.0892499999999998,1.08969,0
2023-05-16 08:45:00+00:00,1.089685,1.089685,1.088975,1.0891199999999999,0
2023-05-17 06:00:00+00:00,1.085325,1.08552,1.08502,1.08533,0
2023-05-17 06:15:00+00:00,1.085325,1.0861049999999999,1.0853000000000002,1.08603,0
2023-05-17 06:30:00+00:00,1.086015,1.0864349999999998,1.08581,1.085915,0
2023-05-17 06:45:00+00:00,1.085905,1.0860850000000002,1.085175,1.0853899999999999,0
2023-05-17 22:00:00+00:00,1.08408,1.0842550000000002,1.0839750000000001,1.084225,0
2023-05-17 22:15:00+00:00,1.084225,1.0842299999999998,1.083985,1.084035,0
2023-05-17 22:30:00+00:00,1.08404,1.0842,1.084035,1.084145,0
2023-05-17 22:45:00+00:00,1.08414,1.0841500000000002,1.08385,1.08385,0
2023-05-18 07:00:00+00:00,1.082595,1.0831050000000002,1.0825200000000001,1.08282,0
2023-05-18 07:15:00+00:00,1.082815,1.0829149999999998,1.0819299999999998,1.0821049999999999,0
2023-05-18 07:30:00+00:00,1.0821,1.082665,1.08197,1.0823749999999999,0
2023-05-18 07:45:00+00:00,1.0824,1.082635,1.0809199999999999,1.0816249999999998,0
2023-05-18 14:00:00+00:00,1.077845,1.078335,1.077655,1.07813,0
2023-05-18 14:15:00+00:00,1.078125,1.07867,1.0781049999999999,1.0784500000000001,0
2023-05-18 14:30:00+00:00,1.0784449999999999,1.0785900000000002,1.077055,1.0772050000000002,0
2023-05-18 14:45:00+00:00,1.07721,1.07743,1.076705,1.07693,0
2023-05-18 19:00:00+00:00,1.0767,1.07687,1.076595,1.076625,0
2023-05-18 19:15:00+00:00,1.0766200000000001,1.07687,1.0766200000000001,1.076835,0
2023-05-18 19:30:00+00:00,1.076845,1.07741,1.076845,1.077395,0
2023-05-18 19:45:00+00:00,1.077385,1.0774249999999999,1.07711,1.0774,0
2023-05-19 02:00:00+00:00,1.0763349999999998,1.076465,1.07607,1.07643,0
2023-05-19 02:15:00+00:00,1.0764200000000002,1.0764749999999998,1.076165,1.0764,0
2023-05-19 02:30:00+00:00,1.076395,1.0766900000000001,1.076355,1.076685,0
2023-05-19 02:45:00+00:00,1.0766900000000001,1.0774,1.0765500000000001,1.07722,0
2023-05-19 17:00:00+00:00,1.0821049999999999,1.08219,1.08182,1.08183,0
2023-05-19 17:15:00+00:00,1.0818249999999998,1.08217,1.081795,1.0821450000000001,0
2023-05-19 17:30:00+00:00,1.082155,1.082885,1.0821049999999999,1.0828449999999998,0
2023-05-19 17:45:00+00:00,1.082835,1.08285,1.0819450000000002,1.081975,0
2023-05-22 06:00:00+00:00,1.08107,1.08176,1.080735,1.081185,0
2023-05-22 06:15:00+00:00,1.0811899999999999,1.082225,1.08101,1.0821,0
2023-05-22 06:30:00+00:00,1.0820949999999998,1.0824250000000002,1.08174,1.081905,0
2023-05-22 06:45:00+00:00,1.0819,1.082005,1.081025,1.081075,0
2023-05-22 15:00:00+00:00,1.079855,1.08046,1.0798,1.0798299999999998,0
2023-05-22 15:15:00+00:00,1.079825,1.0802550000000002,1.079625,1.08022,0
2023-05-22 15:30:00+00:00,1.080225,1.08041,1.0798999999999999,1.07991,0
2023-05-22 15:45:00+00:00,1.0799150000000002,1.0808149999999999,1.0797599999999998,1.0805250000000002,0
2023-05-23 05:00:00+00:00,1.0810300000000002,1.0810849999999999,1.080735,1.080785,0
2023-05-23 05:15:00+00:00,1.08079,1.080835,1.0803250000000002,1.080375,0
2023-05-23 05:30:00+00:00,1.080365,1.080365,1.080035,1.08009,0
2023-05-23 05:45:00+00:00,1.080095,1.08075,1.08009,1.080745,0
2023-05-23 17:00:00+00:00,1.076685,1.0772750000000002,1.0764399999999998,1.077235,0
2023-05-23 17:15:00+00:00,1.077275,1.0774949999999999,1.0770849999999998,1.0772650000000001,0
2023-05-23 17:30:00+00:00,1.077255,1.0778050000000001,1.077125,1.077685,0
2023-05-23 17:45:00+00:00,1.0776750000000002,1.07789,1.0776599999999998,1.077785,0
2023-05-24 09:00:00+00:00,1.0777649999999999,1.0781100000000001,1.077515,1.077775,0
2023-05-24 09:15:00+00:00,1.0777700000000001,1.0781,1.0775000000000001,1.07804,0
2023-05-24 09:30:00+00:00,1.07803,1.07819,1.0775549999999998,1.07767,0
2023-05-24 09:45:00+00:00,1.0776599999999998,1.077925,1.077315,1.07736,0
2023-05-25 08:00:00+00:00,1.0720999999999998,1.07286,1.07198,1.0728149999999999,0
2023-05-25 08:15:00+00:00,1.07281,1.073075,1.072365,1.0728499999999999,0
2023-05-25 08:30:00+00:00,1.07284,1.073705,1.072555,1.0735999999999999,0
2023-05-25 08:45:00+00:00,1.073585,1.073585,1.0722200000000002,1.072295,0
2023-05-25 15:00:00+00:00,1.0728499999999999,1.073095,1.072635,1.07279,0
2023-05-25 15:15:00+00:00,1.0728,1.0729350000000002,1.07216,1.072165,0
2023-05-25 15:30:00+00:00,1.072175,1.0724,1.07182,1.07216,0
2023-05-25 15:45:00+00:00,1.072175,1.0724749999999998,1.0719400000000001,1.07243,0
2023-05-25 23:00:00+00:00,1.0726149999999999,1.072735,1.07245,1.072715,0
2023-05-25 23:15:00+00:00,1.0727250000000002,1.0727250000000002,1.072565,1.0726049999999998,0
2023-05-25 23:30:00+00:00,1.0725850000000001,1.0725850000000001,1.072375,1.07241,0
2023-05-25 23:45:00+00:00,1.0724200000000002,1.072465,1.07226,1.072355,0
2023-05-29 01:00:00+00:00,1.07198,1.0726,1.07185,1.07253,0
2023-05-29 01:15:00+00:00,1.0725250000000002,1.07311,1.072415,1.0730650000000002,0
2023-05-29 01:30:00+00:00,1.07307,1.07322,1.072805,1.07282,0
2023-05-29 01:45:00+00:00,1.07284,1.0731950000000001,1.072735,1.07317,0
2023-05-29 09:00:00+00:00,1.0724,1.0724,1.071545,1.07162,0
2023-05-29 09:15:00+00:00,1.071625,1.07191,1.0713599999999999,1.0715400000000002,0
2023-05-29 09:30:00+00:00,1.071545,1.0718999999999999,1.071535,1.0716299999999999,0
2023-05-29 09:45:00+00:00,1.071645,1.071885,1.0713300000000001,1.071615,0
2023-05-31 16:00:00+00:00,1.06528,1.06542,1.06402,1.0643349999999998,0
2023-05-31 16:15:00+00:00,1.0643250000000002,1.06473,1.0640749999999999,1.06454,0
2023-05-31 16:30:00+00:00,1.064535,1.06468,1.063625,1.0636299999999999,0
2023-05-31 16:45:00+00:00,1.063625,1.06394,1.063525,1.06379,0
2023-06-01 01:00:00+00:00,1.06866,1.068795,1.068435,1.068645,0
2023-06-01 01:15:00+00:00,1.0686399999999998,1.0689899999999999,1.0683349999999998,1.0687449999999998,0
2023-06-01 01:30:00+00:00,1.06877,1.06884,1.0680399999999999,1.06813,0
2023-06-01 01:45:00+00:00,1.068155,1.069345,1.06806,1.06915,0
2023-06-01 10:00:00+00:00,1.0708950000000002,1.07099,1.07029,1.07035,0
2023-06-01 10:15:00+00:00,1.070345,1.0712350000000002,1.0700699999999999,1.07043,0
2023-06-01 10:30:00+00:00,1.0704349999999998,1.07148,1.0704250000000002,1.071195,0
2023-06-01 10:45:00+00:00,1.07119,1.0713949999999999,1.070655,1.07089,0
2023-06-01 19:00:00+00:00,1.076185,1.0763,1.0759850000000002,1.0760550000000002,0
2023-06-01 19:15:00+00:00,1.07605,1.076225,1.075995,1.076035,0
2023-06-01 19:30:00+00:00,1.0760399999999999,1.07616,1.07569,1.075745,0
2023-06-01 19:45:00+00:00,1.0757599999999998,1.07625,1.0757349999999999,1.07625,0
2023-06-05 02:00:00+00:00,1.0701450000000001,1.0704699999999998,1.0700949999999998,1.07028,0
2023-06-05 02:15:00+00:00,1.070295,1.0703200000000002,1.0699100000000001,1.070075,0
2023-06-05 02:30:00+00:00,1.070065,1.070135,1.0698699999999999,1.0700500000000002,0
2023-06-05 02:45:00+00:00,1.070055,1.07015,1.06994,1.07003,0
2023-06-05 20:00:00+00:00,1.071265,1.071335,1.07116,1.071195,0
2023-06-05 20:15:00+00:00,1.07119,1.071265,1.0711,1.0711249999999999,0
2023-06-05 20:30:00+00:00,1.0711300000000001,1.07119,1.0709650000000002,1.071175,0
2023-06-05 20:45:00+00:00,1.07117,1.07131,1.0711650000000001,1.0712899999999999,0
2023-06-06 23:00:00+00:00,1.069525,1.0695700000000001,1.069255,1.06929,0
2023-06-06 23:15:00+00:00,1.0692949999999999,1.0694400000000002,1.0692650000000001,1.06941,0
2023-06-06 23:30:00+00:00,1.06942,1.069615,1.069385,1.06954,0
2023-06-06 23:45:00+00:00,1.069515,1.069915,1.06942,1.069855,0
2023-06-07 23:00:00+00:00,1.069925,1.070065,1.06983,1.0698949999999998,0
2023-06-07 23:15:00+00:00,1.06989,1.0699299999999998,1.06968,1.06975,0
2023-06-07 23:30:00+00:00,1.0697649999999999,1.07055,1.069755,1.07049,0
2023-06-07 23:45:00+00:00,1.0705399999999998,1.0707200000000001,1.0704150000000001,1.0707049999999998,0
2023-06-08 07:00:00+00:00,1.071135,1.0712549999999998,1.07055,1.07085,0
2023-06-08 07:15:00+00:00,1.0708350000000002,1.0710549999999999,1.0701049999999999,1.0701900000000002,0
2023-06-08 07:30:00+00:00,1.070195,1.07076,1.0701550000000002,1.070565,0
2023-06-08 07:45:00+00:00,1.07055,1.0713249999999999,1.0705399999999998,1.07131,0
2023-06-08 15:00:00+00:00,1.07693,1.0775899999999998,1.076715,1.07752,0
2023-06-08 15:15:00+00:00,1.077525,1.07783,1.077275,1.0777999999999999,0
2023-06-08 15:30:00+00:00,1.077815,1.078335,1.077515,1.0775649999999999,0
2023-06-08 15:45:00+00:00,1.077585,1.07821,1.077585,1.077885,0
2023-06-08 23:00:00+00:00,1.07842,1.0784850000000001,1.07837,1.0783900000000002,0
2023-06-08 23:15:00+00:00,1.078385,1.078475,1.07828,1.0783,0
2023-06-08 23:30:00+00:00,1.078295,1.0784950000000002,1.078295,1.0784850000000001,0
2023-06-08 23:45:00+00:00,1.07849,1.078515,1.0781800000000001,1.0781999999999998,0
2023-06-09 09:00:00+00:00,1.07634,1.076825,1.07613,1.076305,0
2023-06-09 09:15:00+00:00,1.0762999999999998,1.0765099999999999,1.07613,1.0763150000000001,0
2023-06-09 09:30:00+00:00,1.0763099999999999,1.07654,1.0762049999999999,1.076225,0
2023-06-09 09:45:00+00:00,1.07623,1.0764,1.075825,1.07586,0
2023-06-09 14:00:00+00:00,1.07709,1.07721,1.0766499999999999,1.0769600000000001,0
2023-06-09 14:15:00+00:00,1.0769799999999998,1.077335,1.076805,1.076915,0
2023-06-09 14:30:00+00:00,1.0769199999999999,1.0769549999999999,1.07539,1.07589,0
2023-06-09 14:45:00+00:00,1.075895,1.0760299999999998,1.07542,1.075675,0
2023-06-09 16:00:00+00:00,1.0748,1.07504,1.0747200000000001,1.07498,0
2023-06-09 16:15:00+00:00,1.0749900000000001,1.075245,1.07481,1.0749749999999998,0
2023-06-09 16:30:00+00:00,1.0749650000000002,1.0750350000000002,1.0743649999999998,1.0746850000000001,0
2023-06-09 16:45:00+00:00,1.074675,1.074905,1.0745149999999999,1.0748350000000002,0
2023-06-09 17:00:00+00:00,1.07483,1.075075,1.07463,1.0750000000000002,0
2023-06-09 17:15:00+00:00,1.074995,1.07519,1.074905,1.07497,0
2023-06-09 17:30:00+00:00,1.07496,1.07504,1.07464,1.074995,0
2023-06-09 17:45:00+00:00,1.075,1.075225,1.074745,1.07487,0
2023-06-09 19:00:00+00:00,1.0749749999999998,1.075075,1.07485,1.075005,0
2023-06-09 19:15:00+00:00,1.075015,1.0750549999999999,1.074735,1.07474,0
2023-06-09 19:30:00+00:00,1.074745,1.0748350000000002,1.07451,1.074595,0
2023-06-09 19:45:00+00:00,1.0745900000000002,1.0746449999999999,1.07429,1.0744150000000001,0
2023-06-12 00:00:00+00:00,1.0750099999999998,1.07505,1.07449,1.074655,0
2023-06-12 00:15:00+00:00,1.0746600000000002,1.07484,1.074525,1.074585,0
2023-06-12 00:30:00+00:00,1.07458,1.0748350000000002,1.074545,1.07469,0
2023-06-12 00:45:00+00:00,1.074675,1.0746950000000002,1.07444,1.07455,0
2023-06-12 03:00:00+00:00,1.0738599999999998,1.0740150000000002,1.0737299999999999,1.0738750000000001,0
2023-06-12 03:15:00+00:00,1.0738699999999999,1.07389,1.073645,1.073775,0
2023-06-12 03:30:00+00:00,1.07379,1.0740750000000001,1.073785,1.073955,0
2023-06-12 03:45:00+00:00,1.07396,1.07416,1.0738349999999999,1.0741,0
2023-06-12 13:00:00+00:00,1.07663,1.0769250000000001,1.07645,1.07682,0
2023-06-12 13:15:00+00:00,1.0768149999999999,1.07715,1.0766049999999998,1.0766650000000002,0
2023-06-12 13:30:00+00:00,1.07667,1.07672,1.075265,1.0756999999999999,0
2023-06-12 13:45:00+00:00,1.0757050000000001,1.0757400000000001,1.07431,1.07531,0
2023-06-12 17:00:00+00:00,1.07487,1.0751499999999998,1.074635,1.07504,0
2023-06-12 17:15:00+00:00,1.0750449999999998,1.07521,1.0745550000000001,1.0747149999999999,0
2023-06-12 17:30:00+00:00,1.07471,1.0748950000000002,1.0744950000000002,1.074855,0
2023-06-12 17:45:00+00:00,1.074875,1.07541,1.074845,1.075355,0
2023-06-12 19:00:00+00:00,1.0756000000000001,1.075875,1.0756000000000001,1.0758100000000002,0
2023-06-12 19:15:00+00:00,1.075815,1.0760550000000002,1.075775,1.0760100000000001,0
2023-06-12 19:30:00+00:00,1.076015,1.0763449999999999,1.0760100000000001,1.0762550000000002,0
2023-06-12 19:45:00+00:00,1.07625,1.07627,1.075955,1.0760100000000001,0
2023-06-12 22:00:00+00:00,1.07575,1.075995,1.075745,1.0759750000000001,0
2023-06-12 22:15:00+00:00,1.0759750000000001,1.07606,1.075945,1.075965,0
2023-06-12 22:30:00+00:00,1.07595,1.0761500000000002,1.0759249999999998,1.0761150000000002,0
2023-06-12 22:45:00+00:00,1.07607,1.07609,1.075965,1.0760100000000001,0
2023-06-13 02:00:00+00:00,1.07677,1.076895,1.0766149999999999,1.07667,0
2023-06-13 02:15:00+00:00,1.07666,1.077325,1.07663,1.0771350000000002,0
2023-06-13 02:30:00+00:00,1.07714,1.07733,1.0769950000000001,1.0772599999999999,0
2023-06-13 02:45:00+00:00,1.0772650000000001,1.077575,1.07724,1.0774400000000002,0
2023-06-13 04:00:00+00:00,1.077915,1.077915,1.0777,1.077705,0
2023-06-13 04:15:00+00:00,1.07772,1.077845,1.077615,1.0778150000000002,0
2023-06-13 04:30:00+00:00,1.0778249999999998,1.078275,1.07782,1.078275,0
2023-06-13 04:45:00+00:00,1.0782699999999998,1.0783200000000002,1.07812,1.07822,0
2023-06-13 06:00:00+00:00,1.07829,1.0795,1.07816,1.07944,0
2023-06-13 06:15:00+00:00,1.079435,1.079735,1.07914,1.079415,0
2023-06-13 06:30:00+00:00,1.07941,1.0798,1.0793,1.079485,0
2023-06-13 06:45:00+00:00,1.079475,1.0795400000000002,1.079125,1.07928,0
2023-06-13 14:00:00+00:00,1.079405,1.079445,1.0778249999999998,1.078165,0
2023-06-13 14:15:00+00:00,1.0781749999999999,1.0797400000000001,1.078115,1.07946,0
2023-06-13 14:30:00+00:00,1.0794549999999998,1.0799699999999999,1.0790600000000001,1.0799699999999999,0
2023-06-13 14:45:00+00:00,1.0799750000000001,1.080785,1.07979,1.0802049999999999,0
2023-06-13 18:00:00+00:00,1.0788950000000002,1.079085,1.078735,1.0787849999999999,0
2023-06-13 18:15:00+00:00,1.0787900000000001,1.0789749999999998,1.078565,1.078605,0
2023-06-13 18:30:00+00:00,1.0786099999999998,1.07863,1.0783,1.078475,0
2023-06-13 18:45:00+00:00,1.078455,1.0790449999999998,1.078335,1.0790250000000001,0
2023-06-13 20:00:00+00:00,1.079185,1.07932,1.079085,1.0793050000000002,0
2023-06-13 20:15:00+00:00,1.07931,1.07932,1.079145,1.0791650000000002,0
2023-06-13 20:30:00+00:00,1.07916,1.07918,1.0790549999999999,1.079175,0
2023-06-13 20:45:00+00:00,1.07917,1.079345,1.07917,1.0793300000000001,0
2023-06-14 03:00:00+00:00,1.07959,1.07961,1.079195,1.079225,0
2023-06-14 03:15:00+00:00,1.07923,1.0792549999999999,1.07914,1.079195,0
2023-06-14 03:30:00+00:00,1.0792000000000002,1.0792000000000002,1.0789650000000002,1.078995,0
2023-06-14 03:45:00+00:00,1.0789900000000001,1.079,1.07887,1.079,0
2023-06-14 05:00:00+00:00,1.07897,1.07904,1.078835,1.078935,0
2023-06-14 05:15:00+00:00,1.0789300000000002,1.078935,1.078185,1.07819,0
2023-06-14 05:30:00+00:00,1.078185,1.07855,1.077895,1.07855,0
2023-06-14 05:45:00+00:00,1.07857,1.078745,1.0774,1.07762,0
2023-06-14 07:00:00+00:00,1.0785399999999998,1.07908,1.0785399999999998,1.07898,0
2023-06-14 07:15:00+00:00,1.0789749999999998,1.0794899999999998,1.0785550000000002,1.07937,0
2023-06-14 07:30:00+00:00,1.07937,1.079685,1.079125,1.07919,0
2023-06-14 07:45:00+00:00,1.0791849999999998,1.07928,1.078925,1.07897,0
2023-06-14 09:00:00+00:00,1.0801850000000002,1.080425,1.0796649999999999,1.0798,0
2023-06-14 09:15:00+00:00,1.0797949999999998,1.080445,1.079725,1.080375,0
2023-06-14 09:30:00+00:00,1.080365,1.081005,1.0802749999999999,1.080505,0
2023-06-14 09:45:00+00:00,1.0805099999999999,1.080635,1.080365,1.080445,0
2023-06-14 13:00:00+00:00,1.083115,1.08351,1.08273,1.0833149999999998,0
2023-06-14 13:15:00+00:00,1.08331,1.083955,1.083235,1.0836649999999999,0
2023-06-14 13:30:00+00:00,1.08366,1.084455,1.08352,1.0842399999999999,0
2023-06-14 13:45:00+00:00,1.08422,1.084505,1.0839249999999998,1.084485,0
2023-06-14 16:00:00+00:00,1.08578,1.08594,1.085525,1.08592,0
2023-06-14 16:15:00+00:00,1.085915,1.086245,1.085865,1.0862150000000002,0
2023-06-14 16:30:00+00:00,1.08621,1.0862850000000002,1.085915,1.08603,0
2023-06-14 16:45:00+00:00,1.0860349999999999,1.0864099999999999,1.0860349999999999,1.08624,0
2023-06-14 19:00:00+00:00,1.08345,1.084405,1.0832600000000001,1.0833599999999999,0
2023-06-14 19:15:00+00:00,1.0833650000000001,1.083495,1.0823649999999998,1.0824,0
2023-06-14 19:30:00+00:00,1.082405,1.08296,1.08209,1.082605,0
2023-06-14 19:45:00+00:00,1.0826099999999999,1.082925,1.082335,1.082675,0
2023-06-15 00:00:00+00:00,1.084285,1.0844550000000002,1.0840100000000001,1.08409,0
2023-06-15 00:15:00+00:00,1.084085,1.0841850000000002,1.083825,1.0839949999999998,0
2023-06-15 00:30:00+00:00,1.08399,1.08414,1.0837949999999998,1.0838700000000001,0
2023-06-15 00:45:00+00:00,1.0838649999999999,1.0840999999999998,1.0837050000000001,1.0838299999999998,0
2023-06-15 03:00:00+00:00,1.08134,1.081585,1.08122,1.081525,0
2023-06-15 03:15:00+00:00,1.08152,1.08152,1.0810849999999999,1.0811199999999999,0
2023-06-15 03:30:00+00:00,1.0811250000000001,1.0814249999999999,1.08108,1.081395,0
2023-06-15 03:45:00+00:00,1.0813899999999999,1.081395,1.08113,1.08134,0
2023-06-15 05:00:00+00:00,1.0811600000000001,1.0811600000000001,1.0805799999999999,1.080765,0
2023-06-15 05:15:00+00:00,1.080785,1.0815450000000002,1.080785,1.08142,0
2023-06-15 05:30:00+00:00,1.0814249999999999,1.08202,1.0814249999999999,1.081885,0
2023-06-15 05:45:00+00:00,1.08188,1.0823450000000001,1.081845,1.081845,0
2023-06-15 10:00:00+00:00,1.084755,1.0848849999999999,1.0839249999999998,1.084025,0
2023-06-15 10:15:00+00:00,1.0840299999999998,1.084155,1.08345,1.0839249999999998,0
2023-06-15 10:30:00+00:00,1.08393,1.084485,1.0838450000000002,1.0841349999999998,0
2023-06-15 10:45:00+00:00,1.0841500000000002,1.0845349999999998,1.08411,1.084225,0
2023-06-16 00:00:00+00:00,1.094565,1.0950799999999998,1.094525,1.09505,0
2023-06-16 00:15:00+00:00,1.09503,1.095085,1.0946349999999998,1.0946349999999998,0
2023-06-16 00:30:00+00:00,1.0946500000000001,1.0946850000000001,1.094405,1.0946099999999999,0
2023-06-16 00:45:00+00:00,1.094605,1.0946099999999999,1.09399,1.09421,0
2023-06-16 06:00:00+00:00,1.09397,1.094865,1.093935,1.09475,0
2023-06-16 06:15:00+00:00,1.0947550000000001,1.095785,1.0947399999999998,1.0956299999999999,0
2023-06-16 06:30:00+00:00,1.095625,1.09625,1.09469,1.09484,0
2023-06-16 06:45:00+00:00,1.0949499999999999,1.0953249999999999,1.0945749999999999,1.0947200000000001,0
2023-06-16 07:00:00+00:00,1.09473,1.0952250000000001,1.0943800000000001,1.09453,0
2023-06-16 07:15:00+00:00,1.0945200000000002,1.09458,1.0934050000000002,1.094115,0
2023-06-16 07:30:00+00:00,1.09412,1.0946850000000001,1.0938750000000002,1.09401,0
2023-06-16 07:45:00+00:00,1.09402,1.094435,1.093645,1.09428,0
2023-06-16 08:00:00+00:00,1.0942699999999999,1.0946850000000001,1.0938249999999998,1.0946449999999999,0
2023-06-16 08:15:00+00:00,1.0946349999999998,1.095285,1.09444,1.094875,0
2023-06-16 08:30:00+00:00,1.0948799999999999,1.095355,1.0946099999999999,1.0946449999999999,0
2023-06-16 08:45:00+00:00,1.094665,1.09536,1.0945399999999998,1.0950600000000001,0
2023-06-16 10:00:00+00:00,1.094935,1.094935,1.09463,1.0946850000000001,0
2023-06-16 10:15:00+00:00,1.09469,1.094745,1.09435,1.094445,0
2023-06-16 10:30:00+00:00,1.094435,1.094995,1.094315,1.0948449999999998,0
2023-06-16 10:45:00+00:00,1.09484,1.0949550000000001,1.0944349999999998,1.09444,0
2023-06-16 11:00:00+00:00,1.094445,1.0958549999999998,1.094445,1.09579,0
2023-06-16 11:15:00+00:00,1.0957949999999999,1.0958,1.095075,1.095745,0
2023-06-16 11:30:00+00:00,1.09575,1.096085,1.0955750000000002,1.0957949999999999,0
2023-06-16 11:45:00+00:00,1.09579,1.09659,1.09579,1.09604,0
2023-06-16 12:00:00+00:00,1.0960299999999998,1.09684,1.0959349999999999,1.09668,0
2023-06-16 12:15:00+00:00,1.096695,1.0970550000000001,1.0963349999999998,1.0965250000000002,0
2023-06-16 12:30:00+00:00,1.09653,1.0966900000000002,1.09528,1.095375,0
2023-06-16 12:45:00+00:00,1.09537,1.09551,1.09476,1.0951,0
2023-06-16 13:00:00+00:00,1.0950950000000002,1.095425,1.094255,1.0944250000000002,0
2023-06-16 13:15:00+00:00,1.09442,1.095625,1.094385,1.095335,0
2023-06-16 13:30:00+00:00,1.0953249999999999,1.09584,1.094725,1.0954350000000002,0
2023-06-16 13:45:00+00:00,1.09544,1.0955,1.0947149999999999,1.09534,0
2023-06-16 14:00:00+00:00,1.095345,1.096715,1.094175,1.094195,0
2023-06-16 14:15:00+00:00,1.09419,1.0945,1.0931600000000001,1.0936050000000002,0
2023-06-16 14:30:00+00:00,1.09361,1.093935,1.093275,1.093275,0
2023-06-16 14:45:00+00:00,1.09328,1.09335,1.091785,1.0925150000000001,0
2023-06-16 15:00:00+00:00,1.09253,1.09308,1.0923150000000001,1.092965,0
2023-06-16 15:15:00+00:00,1.092985,1.09317,1.092365,1.0928499999999999,0
2023-06-16 15:30:00+00:00,1.0928650000000002,1.093105,1.092355,1.0923699999999998,0
2023-06-16 15:45:00+00:00,1.09238,1.09249,1.09218,1.092415,0
2023-06-16 16:00:00+00:00,1.09241,1.092775,1.0924049999999998,1.0926049999999998,0
2023-06-16 16:15:00+00:00,1.09261,1.09292,1.09259,1.09287,0
2023-06-16 16:30:00+00:00,1.092875,1.0932650000000002,1.092735,1.0931899999999999,0
2023-06-16 16:45:00+00:00,1.093205,1.0933950000000001,1.09299,1.0933950000000001,0
2023-06-16 17:00:00+00:00,1.0933899999999999,1.0934949999999999,1.09321,1.0934300000000001,0
2023-06-16 17:15:00+00:00,1.0934249999999999,1.0939450000000002,1.093375,1.0937700000000001,0
2023-06-16 17:30:00+00:00,1.09381,1.093885,1.0935199999999998,1.09361,0
2023-06-16 17:45:00+00:00,1.09362,1.0939649999999999,1.09354,1.09394,0
2023-06-16 18:00:00+00:00,1.0939299999999998,1.09415,1.093865,1.0941450000000001,0
2023-06-16 18:15:00+00:00,1.09415,1.0942500000000002,1.093995,1.0940949999999998,0
2023-06-16 18:30:00+00:00,1.09409,1.094155,1.0937299999999999,1.0941100000000001,0
2023-06-16 18:45:00+00:00,1.0941049999999999,1.0945550000000002,1.094065,1.09446,0
2023-06-18 21:00:00+00:00,1.09365,1.0941100000000001,1.0936400000000002,1.09382,0
2023-06-18 21:15:00+00:00,1.093835,1.0939450000000002,1.0938050000000001,1.09392,0
2023-06-18 21:30:00+00:00,1.09389,1.09417,1.0936599999999999,1.0938599999999998,0
2023-06-18 21:45:00+00:00,1.093885,1.094165,1.09374,1.094055,0
2023-06-18 22:00:00+00:00,1.093855,1.09433,1.093855,1.093915,0
2023-06-18 22:15:00+00:00,1.09392,1.094085,1.093725,1.094035,0
2023-06-18 22:30:00+00:00,1.09403,1.094115,1.09394,1.09403,0
2023-06-18 22:45:00+00:00,1.094025,1.0943100000000001,1.09402,1.094285,0
2023-06-19 11:00:00+00:00,1.0919750000000001,1.092155,1.0917,1.09204,0
2023-06-19 11:15:00+00:00,1.0920450000000002,1.092215,1.091805,1.09211,0
2023-06-19 11:30:00+00:00,1.0920999999999998,1.0926049999999998,1.09204,1.092415,0
2023-06-19 11:45:00+00:00,1.0924200000000002,1.09274,1.09202,1.092125,0
2023-06-19 15:00:00+00:00,1.0922800000000001,1.092645,1.0922,1.0924399999999999,0
2023-06-19 15:15:00+00:00,1.09245,1.0928900000000001,1.09245,1.0927449999999999,0
2023-06-19 15:30:00+00:00,1.09274,1.092835,1.092395,1.0925699999999998,0
2023-06-19 15:45:00+00:00,1.092575,1.0926900000000002,1.092145,1.0922,0
2023-06-19 16:00:00+00:00,1.0922,1.09263,1.091945,1.0919599999999998,0
2023-06-19 16:15:00+00:00,1.0919699999999999,1.0921750000000001,1.0918299999999999,1.092145,0
2023-06-19 16:30:00+00:00,1.0921349999999999,1.0921699999999999,1.09165,1.09188,0
2023-06-19 16:45:00+00:00,1.0918899999999998,1.091895,1.0915849999999998,1.091625,0
2023-06-20 06:00:00+00:00,1.092635,1.09273,1.0920649999999998,1.0921850000000002,0
2023-06-20 06:15:00+00:00,1.09218,1.0932300000000001,1.0921750000000001,1.093225,0
2023-06-20 06:30:00+00:00,1.09322,1.093235,1.0925950000000002,1.0928200000000001,0
2023-06-20 06:45:00+00:00,1.092825,1.092825,1.0919699999999999,1.0921699999999999,0
2023-06-20 09:00:00+00:00,1.09379,1.0939999999999999,1.09322,1.093225,0
2023-06-20 09:15:00+00:00,1.09322,1.093245,1.09261,1.092975,0
2023-06-20 09:30:00+00:00,1.09297,1.093275,1.0925699999999998,1.09266,0
2023-06-20 09:45:00+00:00,1.092655,1.0927799999999999,1.092285,1.0925150000000001,0
2023-06-20 12:00:00+00:00,1.0928900000000001,1.09344,1.0928499999999999,1.09344,0
2023-06-20 12:15:00+00:00,1.0934650000000001,1.093585,1.09277,1.09279,0
2023-06-20 12:30:00+00:00,1.09279,1.09279,1.09172,1.0918700000000001,0
2023-06-20 12:45:00+00:00,1.091875,1.0920999999999998,1.091215,1.091945,0
2023-06-20 13:00:00+00:00,1.09193,1.09202,1.0906449999999999,1.0907900000000001,0
2023-06-20 13:15:00+00:00,1.090795,1.0914000000000001,1.09064,1.091395,0
2023-06-20 13:30:00+00:00,1.091375,1.09246,1.091085,1.09134,0
2023-06-20 13:45:00+00:00,1.09135,1.0918999999999999,1.091145,1.0916549999999998,0
2023-06-20 14:00:00+00:00,1.0916450000000002,1.09207,1.09131,1.0918299999999999,0
2023-06-20 14:15:00+00:00,1.091825,1.0918700000000001,1.0900050000000001,1.090195,0
2023-06-20 14:30:00+00:00,1.090175,1.090565,1.08968,1.08988,0
2023-06-20 14:45:00+00:00,1.089885,1.0902949999999998,1.08922,1.090135,0
2023-06-20 15:00:00+00:00,1.0901399999999999,1.09097,1.090045,1.0908600000000002,0
2023-06-20 15:15:00+00:00,1.090865,1.09094,1.09035,1.09048,0
2023-06-20 15:30:00+00:00,1.0904850000000001,1.09082,1.090125,1.090185,0
2023-06-20 15:45:00+00:00,1.09019,1.090475,1.089965,1.089965,0
2023-06-20 16:00:00+00:00,1.089975,1.09022,1.08955,1.090205,0
2023-06-20 16:15:00+00:00,1.09021,1.090815,1.090205,1.090805,0
2023-06-20 16:30:00+00:00,1.0908099999999998,1.0913650000000001,1.090805,1.091285,0
2023-06-20 16:45:00+00:00,1.0912899999999999,1.091625,1.0911499999999998,1.09152,0
2023-06-20 17:00:00+00:00,1.09151,1.091675,1.0913050000000002,1.0913149999999998,0
2023-06-20 17:15:00+00:00,1.09132,1.091695,1.091215,1.0915599999999999,0
2023-06-20 17:30:00+00:00,1.0915650000000001,1.09168,1.09132,1.091425,0
2023-06-20 17:45:00+00:00,1.091405,1.09158,1.0912250000000001,1.091535,0
2023-06-20 18:00:00+00:00,1.09155,1.091645,1.091155,1.0912250000000001,0
2023-06-20 18:15:00+00:00,1.09123,1.09164,1.09123,1.0915849999999998,0
2023-06-20 18:30:00+00:00,1.0916000000000001,1.091745,1.091395,1.0914000000000001,0
2023-06-20 18:45:00+00:00,1.091395,1.091755,1.0912449999999998,1.09172,0
2023-06-20 19:00:00+00:00,1.09171,1.091755,1.09124,1.0912950000000001,0
2023-06-20 19:15:00+00:00,1.0913,1.0913050000000002,1.09098,1.091125,0
2023-06-20 19:30:00+00:00,1.0911300000000002,1.091535,1.09111,1.091535,0
2023-06-20 19:45:00+00:00,1.09155,1.091625,1.091235,1.09127,0
2023-06-20 20:00:00+00:00,1.09127,1.091445,1.091235,1.0914350000000002,0
2023-06-20 20:15:00+00:00,1.091425,1.091735,1.0913849999999998,1.0917249999999998,0
2023-06-20 20:30:00+00:00,1.09172,1.09175,1.0916450000000002,1.0916899999999998,0
2023-06-20 20:45:00+00:00,1.091685,1.09186,1.091585,1.091795,0
2023-06-20 21:00:00+00:00,1.091805,1.0918299999999999,1.091785,1.091785,0
2023-06-20 21:15:00+00:00,1.091825,1.0919599999999998,1.091785,1.091955,0
2023-06-20 21:30:00+00:00,1.091965,1.0921750000000001,1.0918,1.092065,0
2023-06-20 21:45:00+00:00,1.09207,1.092105,1.091855,1.091855,0
2023-06-20 22:00:00+00:00,1.091865,1.09206,1.09183,1.0919150000000002,0
2023-06-20 22:15:00+00:00,1.0919050000000001,1.091955,1.09186,1.0918899999999998,0
2023-06-20 22:30:00+00:00,1.091895,1.09198,1.091835,1.0919349999999999,0
2023-06-20 22:45:00+00:00,1.091925,1.0920649999999998,1.09182,1.091995,0
2023-06-20 23:00:00+00:00,1.09199,1.092215,1.091955,1.09218,0
2023-06-20 23:15:00+00:00,1.0921699999999999,1.0922399999999999,1.09211,1.0921349999999999,0
2023-06-20 23:30:00+00:00,1.09213,1.0921500000000002,1.09198,1.092035,0
2023-06-20 23:45:00+00:00,1.09204,1.09214,1.09184,1.0919949999999998,0
2023-06-21 00:00:00+00:00,1.09198,1.092,1.0916649999999999,1.09171,0
2023-06-21 00:15:00+00:00,1.0917050000000001,1.09195,1.0915650000000001,1.0916350000000001,0
2023-06-21 00:30:00+00:00,1.0916450000000002,1.091825,1.09146,1.091745,0
2023-06-21 00:45:00+00:00,1.091735,1.0919249999999998,1.0915149999999998,1.0916100000000002,0
2023-06-21 01:00:00+00:00,1.091605,1.091685,1.0911849999999998,1.09157,0
2023-06-21 01:15:00+00:00,1.0915750000000002,1.0915750000000002,1.09121,1.091345,0
2023-06-21 01:30:00+00:00,1.0913400000000002,1.09166,1.09121,1.091445,0
2023-06-21 01:45:00+00:00,1.09145,1.0916899999999998,1.0912700000000002,1.0914199999999998,0
2023-06-21 04:00:00+00:00,1.0915050000000002,1.091605,1.091415,1.091495,0
2023-06-21 04:15:00+00:00,1.09148,1.0918800000000002,1.09145,1.0918549999999998,0
2023-06-21 04:30:00+00:00,1.0918450000000002,1.091955,1.09175,1.0917949999999998,0
2023-06-21 04:45:00+00:00,1.09179,1.0918,1.0915300000000001,1.0916299999999999,0
2023-06-21 08:00:00+00:00,1.091285,1.092415,1.09094,1.0922800000000001,0
2023-06-21 08:15:00+00:00,1.092285,1.09299,1.092285,1.09275,0
2023-06-21 08:30:00+00:00,1.09273,1.093375,1.092305,1.092305,0
2023-06-21 08:45:00+00:00,1.092325,1.0927449999999999,1.09223,1.092495,0
2023-06-21 12:00:00+00:00,1.0924200000000002,1.0924800000000001,1.091895,1.091965,0
2023-06-21 12:15:00+00:00,1.0919750000000001,1.0922,1.091135,1.091425,0
2023-06-21 12:30:00+00:00,1.0914350000000002,1.092355,1.09083,1.091485,0
2023-06-21 12:45:00+00:00,1.0914899999999998,1.092575,1.09143,1.0925150000000001,0
2023-06-21 15:00:00+00:00,1.095465,1.0955249999999999,1.0943399999999999,1.0946150000000001,0
2023-06-21 15:15:00+00:00,1.094625,1.0952600000000001,1.094625,1.0950350000000002,0
2023-06-21 15:30:00+00:00,1.09504,1.095625,1.09504,1.095095,0
2023-06-21 15:45:00+00:00,1.095105,1.0953149999999998,1.09485,1.095065,0
2023-06-21 16:00:00+00:00,1.095055,1.09568,1.0949749999999998,1.095425,0
2023-06-21 16:15:00+00:00,1.0954350000000002,1.09639,1.0953849999999998,1.0962749999999999,0
2023-06-21 16:30:00+00:00,1.0962800000000001,1.0969799999999998,1.09623,1.0968749999999998,0
2023-06-21 16:45:00+00:00,1.09688,1.097375,1.0968,1.0970650000000002,0
2023-06-21 17:00:00+00:00,1.09707,1.0973449999999998,1.0967250000000002,1.097235,0
2023-06-21 17:15:00+00:00,1.0972300000000001,1.09753,1.0970749999999998,1.09734,0
2023-06-21 17:30:00+00:00,1.09735,1.0975899999999998,1.097275,1.097585,0
2023-06-21 17:45:00+00:00,1.097575,1.09794,1.0975700000000002,1.0977450000000002,0
2023-06-21 19:00:00+00:00,1.09848,1.09863,1.0981649999999998,1.09862,0
2023-06-21 19:15:00+00:00,1.0986250000000002,1.0989499999999999,1.09857,1.098585,0
2023-06-21 19:30:00+00:00,1.09859,1.09871,1.0984150000000001,1.098465,0
2023-06-21 19:45:00+00:00,1.098475,1.0988099999999998,1.098395,1.0988,0
2023-06-21 22:00:00+00:00,1.098515,1.098905,1.098455,1.098835,0
2023-06-21 22:15:00+00:00,1.09883,1.0989499999999999,1.0987149999999999,1.0988799999999999,0
2023-06-21 22:30:00+00:00,1.098875,1.0990199999999999,1.09887,1.0989300000000002,0
2023-06-21 22:45:00+00:00,1.098925,1.09909,1.0988600000000002,1.099075,0
2023-06-21 23:00:00+00:00,1.099065,1.0992449999999998,1.09898,1.099155,0
2023-06-21 23:15:00+00:00,1.0991499999999998,1.09924,1.09909,1.099145,0
2023-06-21 23:30:00+00:00,1.0991499999999998,1.0992099999999998,1.09909,1.099155,0
2023-06-21 23:45:00+00:00,1.09916,1.09923,1.099125,1.09916,0
2023-06-22 00:00:00+00:00,1.099165,1.0992199999999999,1.09878,1.099015,0
2023-06-22 00:15:00+00:00,1.09901,1.099125,1.09873,1.0988850000000001,0
2023-06-22 00:30:00+00:00,1.0988799999999999,1.098935,1.098725,1.09883,0
2023-06-22 00:45:00+00:00,1.0988250000000002,1.099065,1.09867,1.0988449999999998,0
2023-06-22 01:00:00+00:00,1.09885,1.099275,1.0987200000000001,1.09927,0
2023-06-22 01:15:00+00:00,1.099275,1.0993650000000001,1.09916,1.0992899999999999,0
2023-06-22 01:30:00+00:00,1.099285,1.0995050000000002,1.0992449999999998,1.09944,0
2023-06-22 01:45:00+00:00,1.09943,1.09948,1.099245,1.09937,0
2023-06-22 03:00:00+00:00,1.0993650000000001,1.099445,1.0992600000000001,1.0992600000000001,0
2023-06-22 03:15:00+00:00,1.0992700000000002,1.0993249999999999,1.0991149999999998,1.0991900000000001,0
2023-06-22 03:30:00+00:00,1.099195,1.099415,1.09916,1.0993050000000002,0
2023-06-22 03:45:00+00:00,1.09931,1.09932,1.099195,1.0993,0
2023-06-22 04:00:00+00:00,1.0992899999999999,1.09939,1.09911,1.09918,0
2023-06-22 04:15:00+00:00,1.09917,1.099265,1.09887,1.0989149999999999,0
2023-06-22 04:30:00+00:00,1.098895,1.098925,1.0986799999999999,1.0989149999999999,0
2023-06-22 04:45:00+00:00,1.098925,1.09894,1.098665,1.09873,0
2023-06-22 05:00:00+00:00,1.0987399999999998,1.0988449999999998,1.09856,1.098665,0
2023-06-22 05:15:00+00:00,1.0986799999999999,1.098865,1.09851,1.0988449999999998,0
2023-06-22 05:30:00+00:00,1.09885,1.09889,1.0986099999999999,1.0987550000000001,0
2023-06-22 05:45:00+00:00,1.09875,1.099065,1.098495,1.098595,0
2023-06-22 06:00:00+00:00,1.098605,1.099065,1.098335,1.09846,0
2023-06-22 06:15:00+00:00,1.09848,1.0986250000000002,1.09816,1.098455,0
2023-06-22 06:30:00+00:00,1.098465,1.098785,1.09823,1.09828,0
2023-06-22 06:45:00+00:00,1.0982850000000002,1.09837,1.0980750000000001,1.0982699999999999,0
2023-06-22 07:00:00+00:00,1.0982750000000001,1.099215,1.097975,1.09873,0
2023-06-22 07:15:00+00:00,1.0987399999999998,1.099275,1.09842,1.09911,0
2023-06-22 07:30:00+00:00,1.099105,1.099995,1.0985749999999999,1.09985,0
2023-06-22 07:45:00+00:00,1.0998549999999998,1.09989,1.09914,1.099445,0
2023-06-22 10:00:00+00:00,1.1001949999999998,1.1006399999999998,1.1000299999999998,1.100325,0
2023-06-22 10:15:00+00:00,1.10033,1.1008200000000001,1.1002800000000001,1.100715,0
2023-06-22 10:30:00+00:00,1.10072,1.10072,1.10006,1.100365,0
2023-06-22 10:45:00+00:00,1.100355,1.1007250000000002,1.100165,1.10046,0
2023-06-22 12:00:00+00:00,1.0989200000000001,1.09927,1.098445,1.098795,0
2023-06-22 12:15:00+00:00,1.098825,1.099415,1.098545,1.099135,0
2023-06-22 12:30:00+00:00,1.09914,1.100165,1.0983049999999999,1.0983399999999999,0
2023-06-22 12:45:00+00:00,1.0983450000000001,1.098675,1.0980400000000001,1.0982500000000002,0
2023-06-22 15:00:00+00:00,1.09592,1.096625,1.0956000000000001,1.09661,0
2023-06-22 15:15:00+00:00,1.096615,1.0966749999999998,1.09523,1.095285,0
2023-06-22 15:30:00+00:00,1.0952899999999999,1.096195,1.09523,1.0961249999999998,0
2023-06-22 15:45:00+00:00,1.0961400000000001,1.096435,1.0952549999999999,1.095265,0
2023-06-22 18:00:00+00:00,1.095735,1.096035,1.09538,1.0956000000000001,0
2023-06-22 18:15:00+00:00,1.095605,1.09577,1.0954899999999999,1.0956299999999999,0
2023-06-22 18:30:00+00:00,1.0956350000000001,1.0957400000000002,1.09537,1.0954350000000002,0
2023-06-22 18:45:00+00:00,1.09543,1.09592,1.095125,1.0959150000000002,0
2023-06-22 23:00:00+00:00,1.09536,1.09559,1.095345,1.0955499999999998,0
2023-06-22 23:15:00+00:00,1.0955599999999999,1.09566,1.0954199999999998,1.0954700000000002,0
2023-06-22 23:30:00+00:00,1.095465,1.095695,1.0954350000000002,1.0956700000000001,0
2023-06-22 23:45:00+00:00,1.095675,1.0957750000000002,1.0955300000000001,1.095555,0
2023-06-23 06:00:00+00:00,1.09326,1.093345,1.0927250000000002,1.092965,0
2023-06-23 06:15:00+00:00,1.09297,1.09313,1.092395,1.09263,0
2023-06-23 06:30:00+00:00,1.092635,1.092635,1.092095,1.09212,0
2023-06-23 06:45:00+00:00,1.092125,1.092655,1.0920649999999998,1.092325,0
2023-06-23 07:00:00+00:00,1.092315,1.0926049999999998,1.092,1.0922299999999998,0
2023-06-23 07:15:00+00:00,1.09222,1.092225,1.08766,1.087965,0
2023-06-23 07:30:00+00:00,1.08793,1.0879699999999999,1.085365,1.0867049999999998,0
2023-06-23 07:45:00+00:00,1.08671,1.08743,1.086515,1.086875,0
2023-06-23 08:00:00+00:00,1.08689,1.0874549999999998,1.086405,1.08666,0
2023-06-23 08:15:00+00:00,1.086635,1.08728,1.0860349999999999,1.0869749999999998,0
2023-06-23 08:30:00+00:00,1.08694,1.08698,1.085905,1.08594,0
2023-06-23 08:45:00+00:00,1.08595,1.08646,1.08487,1.0849199999999999,0
2023-06-23 18:00:00+00:00,1.089475,1.089505,1.089095,1.089295,0
2023-06-23 18:15:00+00:00,1.08929,1.08934,1.089185,1.0892149999999998,0
2023-06-23 18:30:00+00:00,1.08922,1.08928,1.0890499999999999,1.089095,0
2023-06-23 18:45:00+00:00,1.0890900000000001,1.0892149999999998,1.0888550000000001,1.08921,0
2023-06-25 21:00:00+00:00,1.09055,1.090605,1.0898599999999998,1.090115,0
2023-06-25 21:15:00+00:00,1.0901100000000001,1.0905200000000002,1.089975,1.090255,0
2023-06-25 21:30:00+00:00,1.0902500000000002,1.0902500000000002,1.090115,1.09019,0
2023-06-25 21:45:00+00:00,1.090195,1.090205,1.0901,1.090145,0
2023-06-25 22:00:00+00:00,1.09016,1.090665,1.08985,1.09043,0
2023-06-25 22:15:00+00:00,1.0904,1.09054,1.09037,1.090375,0
2023-06-25 22:30:00+00:00,1.090365,1.09073,1.090255,1.090385,0
2023-06-25 22:45:00+00:00,1.090375,1.09071,1.090365,1.090665,0
2023-06-26 00:00:00+00:00,1.090655,1.090875,1.0899,1.09021,0
2023-06-26 00:15:00+00:00,1.090205,1.09066,1.09017,1.090535,0
2023-06-26 00:30:00+00:00,1.09053,1.090945,1.09035,1.090735,0
2023-06-26 00:45:00+00:00,1.090725,1.0908250000000002,1.0903299999999998,1.0905399999999998,0
2023-06-26 12:00:00+00:00,1.091765,1.09196,1.091415,1.091685,0
2023-06-26 12:15:00+00:00,1.091695,1.092005,1.09164,1.0919850000000002,0
2023-06-26 12:30:00+00:00,1.09199,1.092005,1.0916549999999998,1.091915,0
2023-06-26 12:45:00+00:00,1.091895,1.0919850000000002,1.0914199999999998,1.09175,0
2023-06-26 20:00:00+00:00,1.0906099999999999,1.090865,1.09057,1.0906950000000002,0
2023-06-26 20:15:00+00:00,1.09069,1.09069,1.09053,1.0905399999999998,0
2023-06-26 20:30:00+00:00,1.090535,1.090545,1.0904150000000001,1.090455,0
2023-06-26 20:45:00+00:00,1.0904500000000001,1.09064,1.0904500000000001,1.09059,0
2023-06-27 10:00:00+00:00,1.0941,1.09457,1.09409,1.0943550000000002,0
2023-06-27 10:15:00+00:00,1.094335,1.094335,1.093865,1.0941649999999998,0
2023-06-27 10:30:00+00:00,1.09416,1.0946799999999999,1.094065,1.0946150000000001,0
2023-06-27 10:45:00+00:00,1.0946099999999999,1.0952899999999999,1.094585,1.095145,0
2023-06-27 18:00:00+00:00,1.0962,1.09626,1.0960649999999998,1.096105,0
2023-06-27 18:15:00+00:00,1.09611,1.096145,1.0958100000000002,1.095945,0
2023-06-27 18:30:00+00:00,1.0959400000000001,1.096125,1.0958350000000001,1.0959249999999998,0
2023-06-27 18:45:00+00:00,1.09593,1.096055,1.0958700000000001,1.0959850000000002,0
2023-06-28 09:00:00+00:00,1.0952899999999999,1.095695,1.09443,1.0954199999999998,0
2023-06-28 09:15:00+00:00,1.095415,1.0959050000000001,1.09501,1.09501,0
2023-06-28 09:30:00+00:00,1.095015,1.09532,1.0948,1.09512,0
2023-06-28 09:45:00+00:00,1.095145,1.095335,1.09448,1.0947550000000001,0
2023-06-30 02:00:00+00:00,1.0861649999999998,1.086835,1.086125,1.08664,0
2023-06-30 02:15:00+00:00,1.0866500000000001,1.0868,1.086525,1.086785,0
2023-06-30 02:30:00+00:00,1.08677,1.0871499999999998,1.086745,1.087085,0
2023-06-30 02:45:00+00:00,1.08709,1.0870950000000001,1.0866500000000001,1.086655,0
2023-06-30 16:00:00+00:00,1.091925,1.0922450000000001,1.09134,1.091355,0
2023-06-30 16:15:00+00:00,1.0913499999999998,1.0917750000000002,1.0912950000000001,1.091335,0
2023-06-30 16:30:00+00:00,1.0913300000000001,1.0918549999999998,1.0913300000000001,1.091355,0
2023-06-30 16:45:00+00:00,1.09135,1.091835,1.0912250000000001,1.0918299999999999,0
2023-07-03 02:00:00+00:00,1.090925,1.0910549999999999,1.0907300000000002,1.0910099999999998,0
2023-07-03 02:15:00+00:00,1.0910199999999999,1.0910600000000001,1.0906799999999999,1.0908449999999998,0
2023-07-03 02:30:00+00:00,1.090835,1.09096,1.090655,1.09091,0
2023-07-03 02:45:00+00:00,1.090925,1.09097,1.0906850000000001,1.0907499999999999,0
2023-07-03 23:00:00+00:00,1.091275,1.0915050000000002,1.09124,1.091445,0
2023-07-03 23:15:00+00:00,1.09146,1.091495,1.091355,1.0913750000000002,0
2023-07-03 23:30:00+00:00,1.091405,1.0914350000000002,1.0912799999999998,1.0913300000000001,0
2023-07-03 23:45:00+00:00,1.091335,1.0913400000000002,1.09123,1.0912950000000001,0
2023-07-04 00:00:00+00:00,1.0912899999999999,1.0913750000000002,1.0910250000000001,1.091175,0
2023-07-04 00:15:00+00:00,1.09117,1.0912000000000002,1.0909650000000002,1.09107,0
2023-07-04 00:30:00+00:00,1.091075,1.0912899999999999,1.09098,1.09123,0
2023-07-04 00:45:00+00:00,1.0912250000000001,1.0913149999999998,1.090865,1.0909849999999999,0
2023-07-04 01:00:00+00:00,1.0909900000000001,1.091135,1.0909049999999998,1.0911300000000002,0
2023-07-04 01:15:00+00:00,1.09114,1.0916450000000002,1.09112,1.09143,0
2023-07-04 01:30:00+00:00,1.091425,1.09143,1.0909399999999998,1.0910250000000001,0
2023-07-04 01:45:00+00:00,1.0910199999999999,1.091125,1.09082,1.091085,0
2023-07-04 02:00:00+00:00,1.091065,1.0911499999999998,1.090595,1.0906150000000001,0
2023-07-04 02:15:00+00:00,1.090635,1.0907149999999999,1.09036,1.09036,0
2023-07-04 02:30:00+00:00,1.0903550000000002,1.0903749999999999,1.0902500000000002,1.09029,0
2023-07-04 02:45:00+00:00,1.0902949999999998,1.09057,1.090275,1.090565,0
2023-07-04 03:00:00+00:00,1.09055,1.09057,1.09042,1.0904250000000002,0
2023-07-04 03:15:00+00:00,1.09042,1.0906500000000001,1.0904099999999999,1.090565,0
2023-07-04 03:30:00+00:00,1.09057,1.090925,1.090535,1.0907300000000002,0
2023-07-04 03:45:00+00:00,1.0907399999999998,1.09077,1.090455,1.090455,0
2023-07-04 04:00:00+00:00,1.090465,1.09051,1.0903450000000001,1.09037,0
2023-07-04 04:15:00+00:00,1.0903749999999999,1.0905550000000002,1.0903749999999999,1.09048,0
2023-07-04 04:30:00+00:00,1.090455,1.090455,1.09024,1.09042,0
2023-07-04 04:45:00+00:00,1.0904349999999998,1.0904349999999998,1.09006,1.090065,0
2023-07-04 05:00:00+00:00,1.09005,1.0901200000000002,1.089795,1.0898750000000001,0
2023-07-04 05:15:00+00:00,1.08987,1.08987,1.08941,1.0894249999999999,0
2023-07-04 05:30:00+00:00,1.0894300000000001,1.0897899999999998,1.08942,1.0897899999999998,0
2023-07-04 05:45:00+00:00,1.0898050000000001,1.0899450000000002,1.08949,1.08955,0
2023-07-04 06:00:00+00:00,1.089545,1.090215,1.0895299999999999,1.09009,0
2023-07-04 06:15:00+00:00,1.0901049999999999,1.090745,1.0900349999999999,1.090745,0
2023-07-04 06:30:00+00:00,1.090765,1.0912899999999999,1.0907550000000001,1.09111,0
2023-07-04 06:45:00+00:00,1.09112,1.09148,1.09084,1.09148,0
2023-07-04 07:00:00+00:00,1.091475,1.091475,1.090835,1.091135,0
2023-07-04 07:15:00+00:00,1.091145,1.091205,1.090795,1.09083,0
2023-07-04 07:30:00+00:00,1.090825,1.090925,1.0896249999999998,1.090115,0
2023-07-04 07:45:00+00:00,1.0901100000000001,1.09057,1.0897899999999998,1.09029,0
2023-07-04 08:00:00+00:00,1.0902949999999998,1.09046,1.0897350000000001,1.0900400000000001,0
2023-07-04 08:15:00+00:00,1.0900349999999999,1.090325,1.0898150000000002,1.0898150000000002,0
2023-07-04 08:30:00+00:00,1.0898050000000001,1.09028,1.08942,1.0894949999999999,0
2023-07-04 08:45:00+00:00,1.089475,1.0898949999999998,1.08922,1.08955,0
2023-07-04 09:00:00+00:00,1.0895549999999998,1.0901049999999999,1.089455,1.09003,0
2023-07-04 09:15:00+00:00,1.0900249999999998,1.0903049999999999,1.0899450000000002,1.09021,0
2023-07-04 09:30:00+00:00,1.090205,1.09029,1.089855,1.09016,0
2023-07-04 09:45:00+00:00,1.0901550000000002,1.0901800000000001,1.0896849999999998,1.089865,0
2023-07-04 10:00:00+00:00,1.0898599999999998,1.0900349999999999,1.08955,1.089975,0
2023-07-04 10:15:00+00:00,1.08999,1.0901649999999998,1.0898599999999998,1.0900249999999998,0
2023-07-04 10:30:00+00:00,1.09003,1.0903749999999999,1.0900050000000001,1.09023,0
2023-07-04 10:45:00+00:00,1.0902349999999998,1.09039,1.08956,1.0896050000000002,0
2023-07-04 11:00:00+00:00,1.089615,1.08981,1.08904,1.0891,0
2023-07-04 11:15:00+00:00,1.0891,1.08963,1.088975,1.089575,0
2023-07-04 11:30:00+00:00,1.08958,1.0900699999999999,1.0895299999999999,1.0900249999999998,0
2023-07-04 11:45:00+00:00,1.09002,1.0902150000000002,1.08979,1.0898349999999999,0
2023-07-04 12:00:00+00:00,1.08983,1.089995,1.089375,1.089915,0
2023-07-04 12:15:00+00:00,1.0899100000000002,1.0900150000000002,1.0896050000000002,1.0898599999999998,0
2023-07-04 12:30:00+00:00,1.089865,1.08995,1.08965,1.0898599999999998,0
2023-07-04 12:45:00+00:00,1.089865,1.090115,1.0898150000000002,1.0900750000000001,0
2023-07-04 13:00:00+00:00,1.0900699999999999,1.0901299999999998,1.0896050000000002,1.08983,0
2023-07-04 13:15:00+00:00,1.0898349999999999,1.0900349999999999,1.0897649999999999,1.08994,0
2023-07-04 13:30:00+00:00,1.08995,1.0900949999999998,1.0897299999999999,1.0898249999999998,0
2023-07-04 13:45:00+00:00,1.08983,1.0900349999999999,1.089655,1.08999,0
2023-07-04 14:00:00+00:00,1.089995,1.090245,1.08988,1.090195,0
2023-07-04 14:15:00+00:00,1.09019,1.0907,1.09008,1.0906250000000002,0
2023-07-04 14:30:00+00:00,1.09063,1.0907499999999999,1.0898349999999999,1.0900249999999998,0
2023-07-04 14:45:00+00:00,1.09003,1.09028,1.0898400000000001,1.090195,0
2023-07-04 15:00:00+00:00,1.09019,1.090275,1.0898249999999998,1.090125,0
2023-07-04 15:15:00+00:00,1.09012,1.09013,1.0897299999999999,1.0899649999999999,0
2023-07-04 15:30:00+00:00,1.08997,1.0900400000000001,1.089665,1.09002,0
2023-07-04 15:45:00+00:00,1.09003,1.09017,1.0898750000000001,1.090115,0
2023-07-04 16:00:00+00:00,1.0901049999999999,1.0901399999999999,1.089725,1.08982,0
2023-07-04 16:15:00+00:00,1.08983,1.08987,1.08927,1.08934,0
2023-07-04 16:30:00+00:00,1.08935,1.0895299999999999,1.089205,1.08927,0
2023-07-04 16:45:00+00:00,1.089285,1.0895700000000001,1.08927,1.089445,0
2023-07-04 17:00:00+00:00,1.08945,1.08968,1.08935,1.08968,0
2023-07-04 17:15:00+00:00,1.0896750000000002,1.0897299999999999,1.0895299999999999,1.089575,0
2023-07-04 17:30:00+00:00,1.089565,1.089665,1.08942,1.0894849999999998,0
2023-07-04 17:45:00+00:00,1.08948,1.08956,1.089325,1.0893950000000001,0
2023-07-04 18:00:00+00:00,1.0893899999999999,1.0895700000000001,1.089365,1.0894750000000002,0
2023-07-04 18:15:00+00:00,1.08948,1.08961,1.0894599999999999,1.0894849999999998,0
2023-07-04 18:30:00+00:00,1.08948,1.08949,1.0890499999999999,1.0891,0
2023-07-04 18:45:00+00:00,1.089105,1.08913,1.0887,1.08875,0
2023-07-04 19:00:00+00:00,1.088755,1.08879,1.088445,1.0886900000000002,0
2023-07-04 19:15:00+00:00,1.088695,1.0887,1.08849,1.088495,0
2023-07-04 19:30:00+00:00,1.0884800000000001,1.0886149999999999,1.088105,1.08814,0
2023-07-04 19:45:00+00:00,1.088145,1.088575,1.088125,1.08834,0
2023-07-04 20:00:00+00:00,1.088345,1.088365,1.0880049999999999,1.0882649999999998,0
2023-07-04 20:15:00+00:00,1.0882800000000001,1.0883699999999998,1.0881850000000002,1.08827,0
2023-07-04 20:30:00+00:00,1.088265,1.088265,1.08791,1.088055,0
2023-07-04 20:45:00+00:00,1.0880649999999998,1.08818,1.0877,1.087925,0
2023-07-04 21:00:00+00:00,1.08793,1.088265,1.08793,1.088215,0
2023-07-04 21:15:00+00:00,1.08822,1.088305,1.088135,1.0882450000000001,0
2023-07-04 21:30:00+00:00,1.0882399999999999,1.0882399999999999,1.08804,1.088105,0
2023-07-04 21:45:00+00:00,1.08811,1.0881949999999998,1.08791,1.08799,0
2023-07-04 22:00:00+00:00,1.0879850000000002,1.087995,1.0877400000000002,1.08796,0
2023-07-04 22:15:00+00:00,1.087965,1.08802,1.08791,1.08791,0
2023-07-04 22:30:00+00:00,1.087895,1.088125,1.087895,1.08807,0
2023-07-04 22:45:00+00:00,1.08806,1.0881750000000001,1.0880299999999998,1.08807,0
2023-07-04 23:00:00+00:00,1.0880649999999998,1.08811,1.0879599999999998,1.08809,0
2023-07-04 23:15:00+00:00,1.088085,1.08819,1.0880450000000002,1.088125,0
2023-07-04 23:30:00+00:00,1.0881150000000002,1.08833,1.088105,1.08825,0
2023-07-04 23:45:00+00:00,1.0882550000000002,1.0883150000000001,1.088185,1.0882550000000002,0
2023-07-05 00:00:00+00:00,1.0882800000000001,1.0885799999999999,1.0882649999999998,1.088415,0
2023-07-05 00:15:00+00:00,1.088425,1.08872,1.088375,1.0887,0
2023-07-05 00:30:00+00:00,1.088705,1.089095,1.08868,1.0889250000000001,0
2023-07-05 00:45:00+00:00,1.0889099999999998,1.088975,1.0885850000000001,1.08868,0
2023-07-05 01:00:00+00:00,1.0886749999999998,1.088715,1.088105,1.08814,0
2023-07-05 01:15:00+00:00,1.08813,1.0885250000000002,1.0881150000000002,1.0884649999999998,0
2023-07-05 01:30:00+00:00,1.08846,1.0885250000000002,1.088075,1.0881150000000002,0
2023-07-05 01:45:00+00:00,1.08811,1.088125,1.08764,1.0877050000000001,0
2023-07-05 02:00:00+00:00,1.08771,1.087815,1.087515,1.0876649999999999,0
2023-07-05 02:15:00+00:00,1.087675,1.087765,1.087505,1.0875750000000002,0
2023-07-05 02:30:00+00:00,1.08758,1.08771,1.087555,1.087615,0
2023-07-05 02:45:00+00:00,1.0876199999999998,1.0878450000000002,1.08758,1.08782,0
2023-07-05 03:00:00+00:00,1.0878299999999999,1.087885,1.08771,1.087855,0
2023-07-05 03:15:00+00:00,1.08785,1.08793,1.08753,1.0876649999999999,0
2023-07-05 03:30:00+00:00,1.0876700000000001,1.0878999999999999,1.0876649999999999,1.08786,0
2023-07-05 03:45:00+00:00,1.08786,1.087895,1.08771,1.0877400000000002,0
2023-07-05 04:00:00+00:00,1.087745,1.0877599999999998,1.087605,1.08773,0
2023-07-05 04:15:00+00:00,1.087735,1.087755,1.087545,1.08766,0
2023-07-05 04:30:00+00:00,1.0876649999999999,1.08768,1.0875249999999999,1.0876649999999999,0
2023-07-05 04:45:00+00:00,1.0876700000000001,1.08768,1.087515,1.0875750000000002,0
2023-07-05 05:00:00+00:00,1.087555,1.0875849999999998,1.086785,1.0868950000000002,0
2023-07-05 05:15:00+00:00,1.0869,1.087425,1.0868250000000002,1.0873750000000002,0
2023-07-05 05:30:00+00:00,1.08738,1.0877949999999998,1.08734,1.087785,0
2023-07-05 05:45:00+00:00,1.08779,1.0884,1.08775,1.08814,0
2023-07-05 06:00:00+00:00,1.0881500000000002,1.0884649999999998,1.087745,1.0879949999999998,0
2023-07-05 06:15:00+00:00,1.088,1.08806,1.0873249999999999,1.0874350000000002,0
2023-07-05 06:30:00+00:00,1.087415,1.08819,1.0871499999999998,1.0880999999999998,0
2023-07-05 06:45:00+00:00,1.08812,1.0889,1.0880999999999998,1.0882649999999998,0
2023-07-05 07:00:00+00:00,1.08827,1.0903399999999999,1.0882450000000001,1.090185,0
2023-07-05 07:15:00+00:00,1.09019,1.090795,1.0898249999999998,1.0899450000000002,0
2023-07-05 07:30:00+00:00,1.08994,1.090195,1.0895700000000001,1.08969,0
2023-07-05 07:45:00+00:00,1.08967,1.08968,1.0885799999999999,1.08867,0
2023-07-05 08:00:00+00:00,1.088665,1.0886900000000002,1.08663,1.0877050000000001,0
2023-07-05 08:15:00+00:00,1.08771,1.08843,1.0874549999999998,1.0881150000000002,0
2023-07-05 08:30:00+00:00,1.0880999999999998,1.089305,1.087735,1.0892499999999998,0
2023-07-05 08:45:00+00:00,1.0892249999999999,1.0894149999999998,1.08875,1.0888,0
2023-07-05 09:00:00+00:00,1.0887950000000002,1.08929,1.088095,1.088125,0
2023-07-05 09:15:00+00:00,1.08812,1.08915,1.087555,1.08895,0
2023-07-05 09:30:00+00:00,1.0889600000000002,1.08949,1.0887099999999998,1.08933,0
2023-07-05 09:45:00+00:00,1.08931,1.089575,1.0889799999999998,1.0894249999999999,0
2023-07-05 10:00:00+00:00,1.08944,1.0894949999999999,1.0885349999999998,1.088775,0
2023-07-05 10:15:00+00:00,1.08877,1.08902,1.088425,1.08852,0
2023-07-05 10:30:00+00:00,1.0885150000000001,1.08877,1.088165,1.088295,0
2023-07-05 10:45:00+00:00,1.0882800000000001,1.088305,1.08775,1.0878299999999999,0
2023-07-05 11:00:00+00:00,1.087825,1.08814,1.0878100000000002,1.087945,0
2023-07-05 11:15:00+00:00,1.0879349999999999,1.08823,1.087815,1.0879949999999998,0
2023-07-05 11:30:00+00:00,1.08802,1.088225,1.08755,1.0882049999999999,0
2023-07-05 11:45:00+00:00,1.0881949999999998,1.08823,1.087895,1.0879150000000002,0
2023-07-05 12:00:00+00:00,1.08791,1.08804,1.0875750000000002,1.0879050000000001,0
2023-07-05 12:15:00+00:00,1.08791,1.0888849999999999,1.08791,1.088765,0
2023-07-05 12:30:00+00:00,1.0887600000000002,1.08988,1.088645,1.089865,0
2023-07-05 12:45:00+00:00,1.08987,1.090195,1.089255,1.0894300000000001,0
2023-07-05 13:00:00+00:00,1.089435,1.08999,1.0892650000000001,1.08963,0
2023-07-05 13:15:00+00:00,1.089645,1.09015,1.0895350000000001,1.0895549999999998,0
2023-07-05 13:30:00+00:00,1.089565,1.089905,1.089035,1.089055,0
2023-07-05 13:45:00+00:00,1.0890650000000002,1.0894,1.08857,1.0891799999999998,0
2023-07-05 14:00:00+00:00,1.08918,1.0895199999999998,1.088215,1.0885850000000001,0
2023-07-05 14:15:00+00:00,1.0885799999999999,1.0890749999999998,1.08782,1.08806,0
2023-07-05 14:30:00+00:00,1.088055,1.0883150000000001,1.087045,1.0873050000000002,0
2023-07-05 14:45:00+00:00,1.08731,1.08743,1.086705,1.087375,0
2023-07-05 15:00:00+00:00,1.08737,1.0874899999999998,1.086815,1.0873750000000002,0
2023-07-05 15:15:00+00:00,1.087395,1.08771,1.0872549999999999,1.0873750000000002,0
2023-07-05 15:30:00+00:00,1.08737,1.0876649999999999,1.086525,1.0866449999999999,0
2023-07-05 15:45:00+00:00,1.08664,1.08696,1.086495,1.0867149999999999,0
2023-07-05 16:00:00+00:00,1.08671,1.0867149999999999,1.086135,1.08626,0
2023-07-05 16:15:00+00:00,1.086265,1.086505,1.08606,1.08639,0
2023-07-05 16:30:00+00:00,1.086395,1.0865049999999998,1.086225,1.086295,0
2023-07-05 16:45:00+00:00,1.0863049999999999,1.08651,1.08592,1.0860850000000002,0
2023-07-05 17:00:00+00:00,1.08609,1.0862699999999998,1.085915,1.08621,0
2023-07-05 17:15:00+00:00,1.086205,1.086395,1.085955,1.08601,0
2023-07-05 17:30:00+00:00,1.086005,1.08609,1.08583,1.0859100000000002,0
2023-07-05 17:45:00+00:00,1.085915,1.08602,1.0858400000000001,1.08601,0
2023-07-05 18:00:00+00:00,1.0859999999999999,1.08655,1.0859450000000002,1.086055,0
2023-07-05 18:15:00+00:00,1.0860599999999998,1.086065,1.0853000000000002,1.0854650000000001,0
2023-07-05 18:30:00+00:00,1.0854599999999999,1.08556,1.085105,1.08556,0
2023-07-05 18:45:00+00:00,1.0855549999999998,1.08575,1.08533,1.0853549999999998,0
2023-07-05 19:00:00+00:00,1.08536,1.08552,1.0852650000000001,1.08545,0
2023-07-05 19:15:00+00:00,1.085445,1.08556,1.085295,1.08536,0
2023-07-05 19:30:00+00:00,1.085365,1.085635,1.085355,1.08555,0
2023-07-05 19:45:00+00:00,1.085545,1.08568,1.0854599999999999,1.08551,0
2023-07-05 20:00:00+00:00,1.08549,1.08558,1.085395,1.08548,0
2023-07-05 20:15:00+00:00,1.085475,1.0855299999999999,1.085305,1.0854750000000002,0
2023-07-05 20:30:00+00:00,1.08547,1.08547,1.085385,1.0853899999999999,0
2023-07-05 20:45:00+00:00,1.085395,1.0854499999999998,1.0853199999999998,1.0854300000000001,0
2023-07-05 21:00:00+00:00,1.08542,1.08552,1.08542,1.0854949999999999,0
2023-07-05 21:15:00+00:00,1.0855000000000001,1.08565,1.08547,1.08564,0
2023-07-05 21:30:00+00:00,1.08561,1.085705,1.085415,1.0854650000000001,0
2023-07-05 21:45:00+00:00,1.08547,1.0857450000000002,1.0854650000000001,1.0856750000000002,0
2023-07-05 22:00:00+00:00,1.08567,1.08567,1.0855350000000001,1.0856249999999998,0
2023-07-05 22:15:00+00:00,1.08563,1.0857100000000002,1.08559,1.0856599999999998,0
2023-07-05 22:30:00+00:00,1.085665,1.085725,1.0854599999999999,1.0855299999999999,0
2023-07-05 22:45:00+00:00,1.0855350000000001,1.08554,1.0852849999999998,1.085315,0
2023-07-05 23:00:00+00:00,1.08531,1.08549,1.0852149999999998,1.0854050000000002,0
2023-07-05 23:15:00+00:00,1.0854149999999998,1.08563,1.08533,1.08561,0
2023-07-05 23:30:00+00:00,1.085615,1.08563,1.08535,1.0853549999999998,0
2023-07-05 23:45:00+00:00,1.0853700000000002,1.08558,1.08536,1.0855299999999999,0
2023-07-06 00:00:00+00:00,1.085545,1.0856050000000002,1.0850650000000002,1.085325,0
2023-07-06 00:15:00+00:00,1.0853199999999998,1.085575,1.08527,1.085325,0
2023-07-06 00:30:00+00:00,1.0853199999999998,1.0854650000000001,1.0852149999999998,1.085255,0
2023-07-06 00:45:00+00:00,1.08524,1.085255,1.08465,1.084905,0
2023-07-06 01:00:00+00:00,1.08488,1.08495,1.08459,1.084665,0
2023-07-06 01:15:00+00:00,1.0846550000000001,1.08468,1.08429,1.084395,0
2023-07-06 01:30:00+00:00,1.0843850000000002,1.085025,1.084355,1.0848499999999999,0
2023-07-06 01:45:00+00:00,1.0848550000000001,1.08507,1.084685,1.0850149999999998,0
2023-07-06 02:00:00+00:00,1.08501,1.0852149999999998,1.0849250000000001,1.08521,0
2023-07-06 02:15:00+00:00,1.0852149999999998,1.0853199999999998,1.0850499999999998,1.08526,0
2023-07-06 02:30:00+00:00,1.08527,1.085365,1.0848149999999999,1.0848550000000001,0
2023-07-06 02:45:00+00:00,1.084835,1.084845,1.0846,1.08472,0
2023-07-06 03:00:00+00:00,1.084715,1.084715,1.084345,1.0844,0
2023-07-06 03:15:00+00:00,1.0844049999999998,1.08441,1.084305,1.08434,0
2023-07-06 03:30:00+00:00,1.0843500000000001,1.084575,1.0842749999999999,1.0845349999999998,0
2023-07-06 03:45:00+00:00,1.0845449999999999,1.0845449999999999,1.084,1.08402,0
2023-07-06 04:00:00+00:00,1.084025,1.08414,1.0834549999999998,1.0836700000000001,0
2023-07-06 04:15:00+00:00,1.0836800000000002,1.0837150000000002,1.0833949999999999,1.083415,0
2023-07-06 04:30:00+00:00,1.08341,1.0837949999999998,1.08338,1.083625,0
2023-07-06 04:45:00+00:00,1.0836299999999999,1.0843699999999998,1.083495,1.08433,0
2023-07-06 05:00:00+00:00,1.0843250000000002,1.08465,1.0841699999999999,1.084625,0
2023-07-06 05:15:00+00:00,1.08463,1.084685,1.0842749999999999,1.08445,0
2023-07-06 05:30:00+00:00,1.08446,1.084635,1.084435,1.0845850000000001,0
2023-07-06 05:45:00+00:00,1.08456,1.0856400000000002,1.084215,1.085555,0
2023-07-06 06:00:00+00:00,1.08555,1.086335,1.085325,1.08588,0
2023-07-06 06:15:00+00:00,1.085885,1.086785,1.08588,1.086585,0
2023-07-06 06:30:00+00:00,1.0865900000000002,1.0867499999999999,1.0861550000000002,1.0863649999999998,0
2023-07-06 06:45:00+00:00,1.08635,1.086925,1.0863450000000001,1.086735,0
2023-07-06 07:00:00+00:00,1.08674,1.08674,1.0857100000000002,1.08595,0
2023-07-06 07:15:00+00:00,1.08596,1.0875400000000002,1.0858949999999998,1.086795,0
2023-07-06 07:30:00+00:00,1.0867900000000001,1.086855,1.085935,1.08626,0
2023-07-06 07:45:00+00:00,1.086255,1.086335,1.0852249999999999,1.0855700000000001,0
2023-07-06 08:00:00+00:00,1.085565,1.0860750000000001,1.08534,1.08534,0
2023-07-06 08:15:00+00:00,1.085345,1.085685,1.0847250000000002,1.0852650000000001,0
2023-07-06 08:30:00+00:00,1.08526,1.08529,1.0845500000000001,1.08529,0
2023-07-06 08:45:00+00:00,1.08527,1.08657,1.0852149999999998,1.08644,0
2023-07-06 09:00:00+00:00,1.08642,1.08687,1.08602,1.086725,0
2023-07-06 09:15:00+00:00,1.086735,1.0867499999999999,1.0860850000000002,1.0861999999999998,0
2023-07-06 09:30:00+00:00,1.086195,1.0868099999999998,1.086125,1.086615,0
2023-07-06 09:45:00+00:00,1.086605,1.086785,1.08606,1.08617,0
2023-07-06 10:00:00+00:00,1.0861649999999998,1.08694,1.086135,1.0869300000000002,0
2023-07-06 10:15:00+00:00,1.08694,1.08881,1.0868799999999998,1.088705,0
2023-07-06 10:30:00+00:00,1.0887,1.089005,1.08836,1.0885850000000001,0
2023-07-06 10:45:00+00:00,1.0885799999999999,1.0889600000000002,1.0884749999999999,1.088685,0
2023-07-06 11:00:00+00:00,1.08868,1.088875,1.088355,1.088745,0
2023-07-06 11:15:00+00:00,1.088735,1.0894949999999999,1.08838,1.089435,0
2023-07-06 11:30:00+00:00,1.0894300000000001,1.089785,1.089005,1.089615,0
2023-07-06 11:45:00+00:00,1.08962,1.089775,1.08913,1.0895350000000001,0
2023-07-06 12:00:00+00:00,1.08952,1.0900699999999999,1.0891199999999999,1.089725,0
2023-07-06 12:15:00+00:00,1.08969,1.089705,1.08609,1.08798,0
2023-07-06 12:30:00+00:00,1.08796,1.08815,1.085845,1.0869650000000002,0
2023-07-06 12:45:00+00:00,1.08697,1.08764,1.0865,1.0873849999999998,0
2023-07-06 13:00:00+00:00,1.087395,1.088495,1.0867200000000001,1.0869849999999999,0
2023-07-06 13:15:00+00:00,1.08701,1.0887799999999999,1.08701,1.0886149999999999,0
2023-07-06 13:30:00+00:00,1.088595,1.08877,1.087535,1.08767,0
2023-07-06 13:45:00+00:00,1.0876649999999999,1.08861,1.086905,1.0883500000000002,0
2023-07-06 14:00:00+00:00,1.088325,1.088325,1.08463,1.085595,0
2023-07-06 14:15:00+00:00,1.0856050000000002,1.086065,1.08423,1.0845099999999999,0
2023-07-06 14:30:00+00:00,1.084505,1.084765,1.083385,1.0839750000000001,0
2023-07-06 14:45:00+00:00,1.083965,1.08746,1.083785,1.086815,0
2023-07-06 15:00:00+00:00,1.08682,1.0870600000000001,1.08636,1.0866699999999998,0
2023-07-06 15:15:00+00:00,1.086675,1.086945,1.085885,1.0860349999999999,0
2023-07-06 15:30:00+00:00,1.0860400000000001,1.08782,1.085845,1.086885,0
2023-07-06 15:45:00+00:00,1.0868799999999998,1.087335,1.086535,1.08724,0
2023-07-06 16:00:00+00:00,1.0872449999999998,1.0886049999999998,1.08723,1.087785,0
2023-07-06 16:15:00+00:00,1.08778,1.0878299999999999,1.08711,1.0871650000000002,0
2023-07-06 16:30:00+00:00,1.08716,1.0876899999999998,1.08716,1.0874199999999998,0
2023-07-06 16:45:00+00:00,1.08743,1.087705,1.08709,1.0872449999999998,0
2023-07-06 17:00:00+00:00,1.08725,1.0877,1.08723,1.0876549999999998,0
2023-07-06 17:15:00+00:00,1.08768,1.0880299999999998,1.0875949999999999,1.08792,0
2023-07-06 17:30:00+00:00,1.08793,1.088215,1.0876350000000001,1.0879050000000001,0
2023-07-06 17:45:00+00:00,1.0878999999999999,1.08822,1.0875599999999999,1.0882100000000001,0
2023-07-06 18:00:00+00:00,1.088215,1.08826,1.08785,1.0878549999999998,0
2023-07-06 18:15:00+00:00,1.0878649999999999,1.08804,1.087745,1.08779,0
2023-07-06 18:30:00+00:00,1.087785,1.088345,1.0877599999999998,1.08834,0
2023-07-06 18:45:00+00:00,1.088345,1.08857,1.0880649999999998,1.0880800000000002,0
2023-07-06 19:00:00+00:00,1.088135,1.0885250000000002,1.088135,1.0882399999999999,0
2023-07-06 19:15:00+00:00,1.08827,1.0885950000000002,1.08827,1.0884800000000001,0
2023-07-06 19:30:00+00:00,1.0884649999999998,1.08875,1.088215,1.088655,0
2023-07-06 19:45:00+00:00,1.088645,1.0888900000000001,1.0885349999999998,1.088845,0
2023-07-06 20:00:00+00:00,1.08884,1.08884,1.08853,1.08861,0
2023-07-06 20:15:00+00:00,1.0886,1.0888550000000001,1.088575,1.088845,0
2023-07-06 20:30:00+00:00,1.0888399999999998,1.08906,1.0888049999999998,1.089025,0
2023-07-06 20:45:00+00:00,1.08902,1.0892650000000001,1.0889250000000001,1.0889250000000001,0
2023-07-06 21:00:00+00:00,1.08893,1.08899,1.088595,1.0889449999999998,0
2023-07-06 21:15:00+00:00,1.08894,1.08896,1.088895,1.0889449999999998,0
2023-07-06 21:30:00+00:00,1.088955,1.088955,1.0889,1.088955,0
2023-07-06 21:45:00+00:00,1.08896,1.08896,1.088895,1.0889199999999999,0
2023-07-06 22:00:00+00:00,1.08893,1.089075,1.0889199999999999,1.08901,0
2023-07-06 22:15:00+00:00,1.089005,1.089065,1.0889950000000002,1.08901,0
2023-07-06 22:30:00+00:00,1.089015,1.089115,1.0889950000000002,1.0891099999999998,0
2023-07-06 22:45:00+00:00,1.0891199999999999,1.08915,1.0890650000000002,1.08915,0
2023-07-06 23:00:00+00:00,1.08914,1.0894499999999998,1.089105,1.0894400000000002,0
2023-07-06 23:15:00+00:00,1.08942,1.0895000000000001,1.08928,1.08929,0
2023-07-06 23:30:00+00:00,1.0892849999999998,1.0893199999999998,1.0890900000000001,1.08914,0
2023-07-06 23:45:00+00:00,1.0891350000000002,1.089185,1.08897,1.088975,0
2023-07-07 00:00:00+00:00,1.08897,1.08913,1.0886749999999998,1.08873,0
2023-07-07 00:15:00+00:00,1.088755,1.088905,1.0886,1.08861,0
2023-07-07 00:30:00+00:00,1.0886149999999999,1.0887950000000002,1.088305,1.0884649999999998,0
2023-07-07 00:45:00+00:00,1.08846,1.08857,1.0882450000000001,1.08852,0
2023-07-07 01:00:00+00:00,1.0885,1.089005,1.08849,1.0889250000000001,0
2023-07-07 01:15:00+00:00,1.0889199999999999,1.08914,1.0887600000000002,1.088775,0
2023-07-07 01:30:00+00:00,1.0887799999999999,1.08887,1.088635,1.0887600000000002,0
2023-07-07 01:45:00+00:00,1.088765,1.0888650000000002,1.08866,1.088705,0
2023-07-07 02:00:00+00:00,1.0887099999999998,1.0888550000000001,1.0886550000000002,1.0886550000000002,0
2023-07-07 02:15:00+00:00,1.08867,1.08872,1.08845,1.08845,0
2023-07-07 02:30:00+00:00,1.0884550000000002,1.088555,1.088355,1.0885449999999999,0
2023-07-07 02:45:00+00:00,1.088565,1.08865,1.0884749999999999,1.0886049999999998,0
2023-07-07 03:00:00+00:00,1.08861,1.0891350000000002,1.0885950000000002,1.08908,0
2023-07-07 03:15:00+00:00,1.0890900000000001,1.0891600000000001,1.088895,1.08904,0
2023-07-07 03:30:00+00:00,1.0890499999999999,1.089055,1.088705,1.0887099999999998,0
2023-07-07 03:45:00+00:00,1.088715,1.0888849999999999,1.08866,1.08879,0
2023-07-07 04:00:00+00:00,1.088775,1.08887,1.0885699999999998,1.0888550000000001,0
2023-07-07 04:15:00+00:00,1.08886,1.089235,1.088825,1.0892249999999999,0
2023-07-07 04:30:00+00:00,1.0892300000000001,1.0894849999999998,1.0891449999999998,1.0894650000000001,0
2023-07-07 04:45:00+00:00,1.08948,1.089525,1.089105,1.089115,0
2023-07-07 05:00:00+00:00,1.0891250000000001,1.08962,1.0890499999999999,1.0894750000000002,0
2023-07-07 05:15:00+00:00,1.08948,1.0895450000000002,1.089185,1.0892499999999998,0
2023-07-07 05:30:00+00:00,1.089255,1.089365,1.08911,1.08926,0
2023-07-07 05:45:00+00:00,1.0892650000000001,1.089375,1.08865,1.088745,0
2023-07-07 06:00:00+00:00,1.0887600000000002,1.0900349999999999,1.08872,1.08976,0
2023-07-07 06:15:00+00:00,1.0897450000000002,1.08978,1.08906,1.0891950000000001,0
2023-07-07 06:30:00+00:00,1.08921,1.0894750000000002,1.08914,1.08928,0
2023-07-07 06:45:00+00:00,1.08926,1.089365,1.088125,1.088295,0
2023-07-07 07:00:00+00:00,1.08829,1.08911,1.08793,1.08856,0
2023-07-07 07:15:00+00:00,1.088555,1.08888,1.0877400000000002,1.088165,0
2023-07-07 07:30:00+00:00,1.0881699999999999,1.0888049999999998,1.08804,1.088215,0
2023-07-07 07:45:00+00:00,1.0882100000000001,1.0884550000000002,1.087175,1.087605,0
2023-07-07 08:00:00+00:00,1.0876000000000001,1.087605,1.086795,1.087155,0
2023-07-07 08:15:00+00:00,1.08716,1.08807,1.0867049999999998,1.087805,0
2023-07-07 08:30:00+00:00,1.0878100000000002,1.08809,1.08757,1.0875949999999999,0
2023-07-07 08:45:00+00:00,1.08759,1.088015,1.08735,1.08778,0
2023-07-07 09:00:00+00:00,1.0877750000000002,1.08852,1.08777,1.08811,0
2023-07-07 09:15:00+00:00,1.088105,1.0881850000000002,1.087335,1.08738,0
2023-07-07 09:30:00+00:00,1.087305,1.0888650000000002,1.087,1.08849,0
2023-07-07 09:45:00+00:00,1.088465,1.08877,1.0879699999999999,1.08805,0
2023-07-07 10:00:00+00:00,1.0880450000000002,1.0882550000000002,1.087885,1.08818,0
2023-07-07 10:15:00+00:00,1.0881750000000001,1.0883150000000001,1.0877949999999998,1.088305,0
2023-07-07 10:30:00+00:00,1.08829,1.08965,1.08829,1.08945,0
2023-07-07 10:45:00+00:00,1.0894300000000001,1.08955,1.089105,1.0892300000000001,0
2023-07-07 11:00:00+00:00,1.089235,1.089345,1.088895,1.0891449999999998,0
2023-07-07 11:15:00+00:00,1.08915,1.089315,1.0888749999999998,1.089115,0
2023-07-07 11:30:00+00:00,1.08914,1.089705,1.089105,1.089325,0
2023-07-07 11:45:00+00:00,1.08933,1.0896750000000002,1.088755,1.088765,0
2023-07-07 12:00:00+00:00,1.0887850000000001,1.08928,1.088505,1.088525,0
2023-07-07 12:15:00+00:00,1.088535,1.089025,1.08746,1.089025,0
2023-07-07 12:30:00+00:00,1.08898,1.0931549999999999,1.08898,1.0910350000000002,0
2023-07-07 12:45:00+00:00,1.09104,1.092495,1.090395,1.091195,0
2023-07-07 13:00:00+00:00,1.091185,1.0913050000000002,1.08954,1.090855,0
2023-07-07 13:15:00+00:00,1.0908600000000002,1.0913650000000001,1.0904349999999998,1.0907749999999998,0
2023-07-07 13:30:00+00:00,1.090785,1.091675,1.090515,1.091275,0
2023-07-07 13:45:00+00:00,1.09127,1.09249,1.091265,1.0916299999999999,0
2023-07-07 14:00:00+00:00,1.0916350000000001,1.092325,1.0909749999999998,1.0919699999999999,0
2023-07-07 14:15:00+00:00,1.09198,1.092995,1.0916700000000001,1.092935,0
2023-07-07 14:30:00+00:00,1.0929449999999998,1.0948600000000002,1.0927950000000002,1.0948250000000002,0
2023-07-07 14:45:00+00:00,1.09483,1.095395,1.09429,1.0949,0
2023-07-07 15:00:00+00:00,1.094895,1.095265,1.094475,1.094945,0
2023-07-07 15:15:00+00:00,1.0949499999999999,1.095205,1.0946349999999998,1.09491,0
2023-07-07 15:30:00+00:00,1.0949149999999999,1.0957750000000002,1.0949149999999999,1.0956899999999998,0
2023-07-07 15:45:00+00:00,1.095685,1.096345,1.09552,1.09631,0
2023-07-07 16:00:00+00:00,1.0963150000000002,1.0968,1.096305,1.0966900000000002,0
2023-07-07 16:15:00+00:00,1.09668,1.0968399999999998,1.0964900000000002,1.096775,0
2023-07-07 16:30:00+00:00,1.0967850000000001,1.096945,1.0965699999999998,1.096935,0
2023-07-07 16:45:00+00:00,1.09693,1.09728,1.0967250000000002,1.09718,0
2023-07-07 17:00:00+00:00,1.097175,1.0972849999999998,1.0966399999999998,1.09704,0
2023-07-07 17:15:00+00:00,1.097045,1.097325,1.096975,1.097175,0
2023-07-07 17:30:00+00:00,1.09717,1.097325,1.0968,1.096915,0
2023-07-07 17:45:00+00:00,1.0969250000000001,1.097275,1.096695,1.09676,0
2023-07-07 18:00:00+00:00,1.096765,1.096965,1.09657,1.096755,0
2023-07-07 18:15:00+00:00,1.0967449999999999,1.0969,1.0966200000000002,1.0968650000000002,0
2023-07-07 18:30:00+00:00,1.0968749999999998,1.097025,1.096635,1.096705,0
2023-07-07 18:45:00+00:00,1.0967099999999999,1.097,1.09661,1.09674,0
2023-07-07 19:00:00+00:00,1.09673,1.0969,1.0965699999999998,1.09686,0
2023-07-07 19:15:00+00:00,1.0968650000000002,1.0969250000000001,1.096565,1.0968049999999998,0
2023-07-07 19:30:00+00:00,1.09681,1.096965,1.0965,1.096615,0
2023-07-07 19:45:00+00:00,1.0966,1.096755,1.09633,1.096675,0
2023-07-07 20:00:00+00:00,1.09668,1.09694,1.09661,1.096765,0
2023-07-07 20:15:00+00:00,1.0967699999999998,1.09681,1.09659,1.09666,0
2023-07-07 20:30:00+00:00,1.0966550000000002,1.096665,1.096505,1.096555,0
2023-07-07 20:45:00+00:00,1.0965500000000001,1.09701,1.0965449999999999,1.09679,0
2023-07-09 21:00:00+00:00,1.096285,1.09665,1.096135,1.096625,0
2023-07-09 21:15:00+00:00,1.0965799999999999,1.09679,1.096565,1.09673,0
2023-07-09 21:30:00+00:00,1.09674,1.0967500000000001,1.096535,1.09668,0
2023-07-09 21:45:00+00:00,1.09657,1.0966900000000002,1.09649,1.09661,0
2023-07-09 22:00:00+00:00,1.0966,1.096905,1.0965500000000001,1.09681,0
2023-07-09 22:15:00+00:00,1.096775,1.09699,1.09665,1.096915,0
2023-07-09 22:30:00+00:00,1.096905,1.096905,1.096635,1.09673,0
2023-07-09 22:45:00+00:00,1.0967250000000002,1.0967950000000002,1.09666,1.09666,0
2023-07-09 23:00:00+00:00,1.0966550000000002,1.096665,1.09636,1.09641,0
2023-07-09 23:15:00+00:00,1.096425,1.096425,1.09629,1.096305,0
2023-07-09 23:30:00+00:00,1.0962999999999998,1.0965449999999999,1.0962450000000001,1.0965150000000001,0
2023-07-09 23:45:00+00:00,1.0965099999999999,1.09681,1.0965,1.096705,0
2023-07-10 00:00:00+00:00,1.0967099999999999,1.096905,1.095985,1.0960299999999998,0
2023-07-10 00:15:00+00:00,1.096025,1.096095,1.0957,1.095885,0
2023-07-10 00:30:00+00:00,1.09588,1.0961249999999998,1.095815,1.0960450000000002,0
2023-07-10 00:45:00+00:00,1.09604,1.0966049999999998,1.09585,1.096425,0
2023-07-10 01:00:00+00:00,1.09643,1.0969099999999998,1.096375,1.0966399999999998,0
2023-07-10 01:15:00+00:00,1.096625,1.0969600000000002,1.0965349999999998,1.09679,0
2023-07-10 01:30:00+00:00,1.0968,1.096825,1.09573,1.09598,0
2023-07-10 01:45:00+00:00,1.0959850000000002,1.09626,1.09593,1.0960450000000002,0
2023-07-10 02:00:00+00:00,1.09606,1.0963349999999998,1.096,1.09611,0
2023-07-10 02:15:00+00:00,1.096105,1.096215,1.0957949999999999,1.095825,0
2023-07-10 02:30:00+00:00,1.09582,1.09609,1.09572,1.09573,0
2023-07-10 02:45:00+00:00,1.0957400000000002,1.09613,1.09566,1.0960649999999998,0
2023-07-10 03:00:00+00:00,1.09607,1.096235,1.095765,1.09577,0
2023-07-10 03:15:00+00:00,1.0957750000000002,1.09602,1.095475,1.09552,0
2023-07-10 03:30:00+00:00,1.0955149999999998,1.09564,1.0952950000000001,1.09558,0
2023-07-10 03:45:00+00:00,1.0955750000000002,1.0956299999999999,1.0954350000000002,1.0956000000000001,0
2023-07-10 04:00:00+00:00,1.095605,1.095735,1.095425,1.0957249999999998,0
2023-07-10 04:15:00+00:00,1.09573,1.09579,1.09565,1.09572,0
2023-07-10 04:30:00+00:00,1.0957249999999998,1.095805,1.0956000000000001,1.0956700000000001,0
2023-07-10 04:45:00+00:00,1.09566,1.0956700000000001,1.095265,1.09531,0
2023-07-10 05:00:00+00:00,1.0953050000000002,1.095625,1.0952799999999998,1.09539,0
2023-07-10 05:15:00+00:00,1.095395,1.0954899999999999,1.095215,1.0952250000000001,0
2023-07-10 05:30:00+00:00,1.09523,1.095425,1.0949650000000002,1.0952350000000002,0
2023-07-10 05:45:00+00:00,1.09523,1.09551,1.0946099999999999,1.0946250000000002,0
2023-07-10 06:00:00+00:00,1.0946150000000001,1.09541,1.094515,1.09496,0
2023-07-10 06:15:00+00:00,1.0949550000000001,1.095275,1.094705,1.095265,0
2023-07-10 06:30:00+00:00,1.09527,1.0953300000000001,1.0948950000000002,1.0950350000000002,0
2023-07-10 06:45:00+00:00,1.09503,1.095485,1.094925,1.09505,0
2023-07-10 07:00:00+00:00,1.09505,1.096555,1.09503,1.0959400000000001,0
2023-07-10 07:15:00+00:00,1.09595,1.09615,1.09493,1.0950199999999999,0
2023-07-10 07:30:00+00:00,1.0950250000000001,1.0955149999999998,1.095015,1.095055,0
2023-07-10 07:45:00+00:00,1.09505,1.0955499999999998,1.09484,1.09545,0
2023-07-10 08:00:00+00:00,1.0954549999999998,1.09605,1.095285,1.0959050000000001,0
2023-07-10 08:15:00+00:00,1.09593,1.0959850000000002,1.095395,1.0958350000000001,0
2023-07-10 08:30:00+00:00,1.0958299999999999,1.09609,1.0953650000000001,1.09609,0
2023-07-10 08:45:00+00:00,1.096085,1.096565,1.0959400000000001,1.0964800000000001,0
2023-07-10 09:00:00+00:00,1.0964649999999998,1.096835,1.096235,1.0967349999999998,0
2023-07-10 09:15:00+00:00,1.0967250000000002,1.097335,1.096435,1.097185,0
2023-07-10 09:30:00+00:00,1.0971950000000001,1.09721,1.0967950000000002,1.097025,0
2023-07-10 09:45:00+00:00,1.0970300000000002,1.0970900000000001,1.096095,1.0962,0
2023-07-10 10:00:00+00:00,1.0962049999999999,1.0965250000000002,1.09604,1.09618,0
2023-07-10 10:15:00+00:00,1.0961750000000001,1.0963150000000002,1.095895,1.0959850000000002,0
2023-07-10 10:30:00+00:00,1.09598,1.096025,1.09546,1.095785,0
2023-07-10 10:45:00+00:00,1.09578,1.0959400000000001,1.0955849999999998,1.0959400000000001,0
2023-07-10 11:00:00+00:00,1.095945,1.09622,1.0958100000000002,1.0958649999999999,0
2023-07-10 11:15:00+00:00,1.095875,1.0959699999999999,1.09534,1.0957750000000002,0
2023-07-10 11:30:00+00:00,1.095765,1.096055,1.0956700000000001,1.09599,0
2023-07-10 11:45:00+00:00,1.09598,1.09609,1.09539,1.095395,0
2023-07-10 12:00:00+00:00,1.095415,1.095815,1.0953849999999998,1.095465,0
2023-07-10 12:15:00+00:00,1.095455,1.09565,1.09482,1.0952000000000002,0
2023-07-10 12:30:00+00:00,1.095205,1.095205,1.0945049999999998,1.0947900000000002,0
2023-07-10 12:45:00+00:00,1.094795,1.094805,1.09435,1.0947049999999998,0
2023-07-10 13:00:00+00:00,1.09471,1.095535,1.09471,1.09545,0
2023-07-10 13:15:00+00:00,1.0954549999999998,1.096085,1.095215,1.096005,0
2023-07-10 13:30:00+00:00,1.0960100000000002,1.0964450000000001,1.0953499999999998,1.0957750000000002,0
2023-07-10 13:45:00+00:00,1.095765,1.0971250000000001,1.0956899999999998,1.096705,0
2023-07-10 14:00:00+00:00,1.0967099999999999,1.098025,1.096665,1.0979700000000001,0
2023-07-10 14:15:00+00:00,1.097975,1.098025,1.097275,1.09747,0
2023-07-10 14:30:00+00:00,1.09748,1.097525,1.096665,1.0970849999999999,0
2023-07-10 14:45:00+00:00,1.0970749999999998,1.097975,1.096975,1.0974750000000002,0
2023-07-10 15:00:00+00:00,1.0974849999999998,1.098255,1.0974849999999998,1.0980949999999998,0
2023-07-10 15:15:00+00:00,1.0981,1.098385,1.09798,1.09835,0
2023-07-10 15:30:00+00:00,1.0983550000000002,1.09869,1.0982500000000002,1.098675,0
2023-07-10 15:45:00+00:00,1.09871,1.099285,1.09859,1.099015,0
2023-07-10 16:00:00+00:00,1.0990099999999998,1.099055,1.09826,1.0984699999999998,0
2023-07-10 16:15:00+00:00,1.098465,1.0989049999999998,1.098385,1.098815,0
2023-07-10 16:30:00+00:00,1.09882,1.09912,1.098735,1.0987399999999998,0
2023-07-10 16:45:00+00:00,1.098745,1.099125,1.0987399999999998,1.098935,0
2023-07-10 17:00:00+00:00,1.09893,1.099005,1.09875,1.09893,0
2023-07-10 17:15:00+00:00,1.09894,1.09924,1.098875,1.0992350000000002,0
2023-07-10 17:30:00+00:00,1.09924,1.0996700000000001,1.0992,1.0996000000000001,0
2023-07-10 17:45:00+00:00,1.099605,1.0996350000000001,1.099435,1.0995300000000001,0
2023-07-10 18:00:00+00:00,1.0995249999999999,1.0995849999999998,1.0991499999999998,1.09948,0
2023-07-10 18:15:00+00:00,1.099475,1.099665,1.0993849999999998,1.099645,0
2023-07-10 18:30:00+00:00,1.0996549999999998,1.099725,1.099415,1.099475,0
2023-07-10 18:45:00+00:00,1.0994700000000002,1.099945,1.0994700000000002,1.09991,0
2023-07-10 19:00:00+00:00,1.0999050000000001,1.100035,1.0996450000000002,1.0999400000000001,0
2023-07-10 19:15:00+00:00,1.09993,1.099985,1.09978,1.0998450000000002,0
2023-07-10 19:30:00+00:00,1.09984,1.100005,1.09973,1.0997949999999999,0
2023-07-10 19:45:00+00:00,1.09979,1.0999599999999998,1.09966,1.099805,0
2023-07-10 20:00:00+00:00,1.099825,1.1000100000000002,1.099695,1.099985,0
2023-07-10 20:15:00+00:00,1.09998,1.100025,1.09993,1.099985,0
2023-07-10 20:30:00+00:00,1.09998,1.10015,1.0999349999999999,1.100065,0
2023-07-10 20:45:00+00:00,1.10006,1.1001400000000001,1.100025,1.100125,0
2023-07-10 21:00:00+00:00,1.10015,1.100165,1.100105,1.10013,0
2023-07-10 21:15:00+00:00,1.1001349999999999,1.100145,1.10011,1.100115,0
2023-07-10 21:30:00+00:00,1.10013,1.100145,1.0998700000000001,1.09992,0
2023-07-10 21:45:00+00:00,1.099915,1.10002,1.09984,1.0999750000000001,0
2023-07-10 22:00:00+00:00,1.099965,1.100155,1.0999500000000002,1.1000649999999998,0
2023-07-10 22:15:00+00:00,1.10007,1.100115,1.099955,1.100035,0
2023-07-10 22:30:00+00:00,1.10004,1.1001349999999999,1.1000299999999998,1.10011,0
2023-07-10 22:45:00+00:00,1.100105,1.10027,1.10009,1.10013,0
2023-07-10 23:00:00+00:00,1.1001349999999999,1.1002999999999998,1.10013,1.10029,0
2023-07-10 23:15:00+00:00,1.100285,1.10043,1.100275,1.10041,0
2023-07-10 23:30:00+00:00,1.1004049999999999,1.1004049999999999,1.1002450000000001,1.1003500000000002,0
2023-07-10 23:45:00+00:00,1.100345,1.100595,1.100295,1.1005349999999998,0
2023-07-11 00:00:00+00:00,1.1005449999999999,1.1005850000000001,1.100155,1.1005150000000001,0
2023-07-11 00:15:00+00:00,1.1005099999999999,1.1008749999999998,1.1005099999999999,1.10076,0
2023-07-11 00:30:00+00:00,1.100755,1.1007799999999999,1.100415,1.100645,0
2023-07-11 00:45:00+00:00,1.10067,1.100755,1.1004800000000001,1.10068,0
2023-07-11 01:00:00+00:00,1.100685,1.101025,1.10066,1.1008300000000002,0
2023-07-11 01:15:00+00:00,1.100825,1.1011950000000001,1.10068,1.10114,0
2023-07-11 01:30:00+00:00,1.1011350000000002,1.10131,1.10058,1.10095,0
2023-07-11 01:45:00+00:00,1.1009600000000002,1.101245,1.1008650000000002,1.100955,0
2023-07-11 02:00:00+00:00,1.10095,1.1009950000000002,1.10063,1.100845,0
2023-07-11 02:15:00+00:00,1.1008399999999998,1.1011950000000001,1.1008399999999998,1.1010849999999999,0
2023-07-11 02:30:00+00:00,1.1010900000000001,1.1014599999999999,1.101035,1.101445,0
2023-07-11 02:45:00+00:00,1.10144,1.10201,1.10135,1.1018949999999998,0
2023-07-11 03:00:00+00:00,1.10188,1.101935,1.10141,1.1016050000000002,0
2023-07-11 03:15:00+00:00,1.10161,1.10169,1.101375,1.101445,0
2023-07-11 03:30:00+00:00,1.101455,1.101585,1.10121,1.10133,0
2023-07-11 03:45:00+00:00,1.1013350000000002,1.1017899999999998,1.10131,1.1017450000000002,0
2023-07-11 04:00:00+00:00,1.10175,1.1017899999999998,1.10161,1.10168,0
2023-07-11 04:15:00+00:00,1.1016750000000002,1.101815,1.101525,1.10168,0
2023-07-11 04:30:00+00:00,1.10169,1.10201,1.1015899999999998,1.10185,0
2023-07-11 04:45:00+00:00,1.1018599999999998,1.101995,1.10162,1.10199,0
2023-07-11 05:00:00+00:00,1.101995,1.1021800000000002,1.10192,1.1020699999999999,0
2023-07-11 05:15:00+00:00,1.1020750000000001,1.1022150000000002,1.10169,1.101815,0
2023-07-11 05:30:00+00:00,1.1018050000000001,1.10201,1.10163,1.101655,0
2023-07-11 05:45:00+00:00,1.1016599999999999,1.1018400000000002,1.1006200000000002,1.100705,0
2023-07-11 06:00:00+00:00,1.1007500000000001,1.10193,1.1007449999999999,1.1015899999999998,0
2023-07-11 06:15:00+00:00,1.101595,1.1027,1.10151,1.1023450000000001,0
2023-07-11 06:30:00+00:00,1.1023550000000002,1.1023749999999999,1.10162,1.1018249999999998,0
2023-07-11 06:45:00+00:00,1.10185,1.1023,1.1015000000000001,1.102135,0
2023-07-11 07:00:00+00:00,1.10214,1.1023,1.101245,1.1013199999999999,0
2023-07-11 07:15:00+00:00,1.101315,1.10161,1.100965,1.10141,0
2023-07-11 07:30:00+00:00,1.1014149999999998,1.1016249999999999,1.1010900000000001,1.1013350000000002,0
2023-07-11 07:45:00+00:00,1.10134,1.10153,1.1007699999999998,1.1008200000000001,0
2023-07-11 08:00:00+00:00,1.1008149999999999,1.1014,1.1007349999999998,1.10107,0
2023-07-11 08:15:00+00:00,1.1011,1.1013899999999999,1.1009950000000002,1.10122,0
2023-07-11 08:30:00+00:00,1.101225,1.10156,1.100625,1.10067,0
2023-07-11 08:45:00+00:00,1.1006749999999998,1.10093,1.1002399999999999,1.10027,0
2023-07-11 09:00:00+00:00,1.10029,1.1007799999999999,1.09972,1.099955,0
2023-07-11 09:15:00+00:00,1.09995,1.10038,1.09977,1.10034,0
2023-07-11 09:30:00+00:00,1.1003349999999998,1.100695,1.1001850000000002,1.10054,0
2023-07-11 09:45:00+00:00,1.1005349999999998,1.100845,1.1004399999999999,1.100635,0
2023-07-11 10:00:00+00:00,1.100645,1.10106,1.10053,1.1008749999999998,0
2023-07-11 10:15:00+00:00,1.100865,1.10102,1.10065,1.1007250000000002,0
2023-07-11 10:30:00+00:00,1.10073,1.1012650000000002,1.10072,1.1008550000000001,0
2023-07-11 10:45:00+00:00,1.1008499999999999,1.1008650000000002,1.100395,1.1006,0
2023-07-11 11:00:00+00:00,1.1006049999999998,1.100645,1.1002100000000001,1.100325,0
2023-07-11 11:15:00+00:00,1.10032,1.1004450000000001,1.0999949999999998,1.1000450000000002,0
2023-07-11 11:30:00+00:00,1.10005,1.10007,1.09889,1.0989049999999998,0
2023-07-11 11:45:00+00:00,1.0989,1.098965,1.098315,1.0983800000000001,0
2023-07-11 12:00:00+00:00,1.0983749999999999,1.0990350000000002,1.0983649999999998,1.0988799999999999,0
2023-07-11 12:15:00+00:00,1.0988850000000001,1.0989849999999999,1.09829,1.09846,0
2023-07-11 12:30:00+00:00,1.098465,1.0986250000000002,1.098015,1.098205,0
2023-07-11 12:45:00+00:00,1.0981999999999998,1.09844,1.0976949999999999,1.0981999999999998,0
2023-07-11 13:00:00+00:00,1.098195,1.09871,1.09795,1.0985749999999999,0
2023-07-11 13:15:00+00:00,1.0985649999999998,1.099045,1.09832,1.0989749999999998,0
2023-07-11 13:30:00+00:00,1.09898,1.09938,1.09822,1.09822,0
2023-07-11 13:45:00+00:00,1.09823,1.09893,1.0980150000000002,1.0987200000000001,0
2023-07-11 14:00:00+00:00,1.098725,1.09877,1.09785,1.09836,0
2023-07-11 14:15:00+00:00,1.0983450000000001,1.099215,1.098265,1.0989900000000001,0
2023-07-11 14:30:00+00:00,1.099,1.09917,1.0987550000000001,1.09917,0
2023-07-11 14:45:00+00:00,1.0991650000000002,1.099335,1.098405,1.099,0
2023-07-11 15:00:00+00:00,1.098995,1.099355,1.0986850000000001,1.099355,0
2023-07-11 15:15:00+00:00,1.0993499999999998,1.099465,1.09894,1.09912,0
2023-07-11 15:30:00+00:00,1.0991149999999998,1.09932,1.0987550000000001,1.0989550000000001,0
2023-07-11 15:45:00+00:00,1.0989499999999999,1.0992600000000001,1.0986349999999998,1.099175,0
2023-07-11 16:00:00+00:00,1.0991749999999998,1.09946,1.099105,1.0993499999999998,0
2023-07-11 16:15:00+00:00,1.09937,1.099645,1.09923,1.09946,0
2023-07-11 16:30:00+00:00,1.0994700000000002,1.099675,1.099345,1.099675,0
2023-07-11 16:45:00+00:00,1.0996700000000001,1.10032,1.09964,1.10026,0
2023-07-11 17:00:00+00:00,1.1002550000000002,1.1006749999999998,1.100225,1.100565,0
2023-07-11 17:15:00+00:00,1.1005500000000001,1.10092,1.10038,1.10068,0
2023-07-11 17:30:00+00:00,1.1006749999999998,1.1007850000000001,1.1005500000000001,1.1007349999999998,0
2023-07-11 17:45:00+00:00,1.10073,1.100735,1.1003349999999998,1.10068,0
2023-07-11 18:00:00+00:00,1.100665,1.1007799999999999,1.10031,1.100315,0
2023-07-11 18:15:00+00:00,1.10031,1.10032,1.099825,1.0998549999999998,0
2023-07-11 18:30:00+00:00,1.099875,1.10013,1.099765,1.1000450000000002,0
2023-07-11 18:45:00+00:00,1.10004,1.10011,1.0999150000000002,1.09992,0
2023-07-11 19:00:00+00:00,1.099925,1.1001249999999998,1.0999050000000001,1.10005,0
2023-07-11 19:15:00+00:00,1.100055,1.100425,1.100025,1.1003699999999998,0
2023-07-11 19:30:00+00:00,1.10036,1.1006550000000002,1.10031,1.100415,0
2023-07-11 19:45:00+00:00,1.1004200000000002,1.10074,1.100355,1.100625,0
2023-07-11 20:00:00+00:00,1.10063,1.10073,1.1005150000000001,1.1005250000000002,0
2023-07-11 20:15:00+00:00,1.10052,1.100645,1.100505,1.100575,0
2023-07-11 20:30:00+00:00,1.1005699999999998,1.1007950000000002,1.100555,1.10079,0
2023-07-11 20:45:00+00:00,1.1007850000000001,1.1009099999999998,1.1007,1.10087,0
2023-07-12 10:00:00+00:00,1.10248,1.102495,1.1021450000000002,1.1024500000000002,0
2023-07-12 10:15:00+00:00,1.102445,1.102535,1.1022150000000002,1.10248,0
2023-07-12 10:30:00+00:00,1.1024699999999998,1.102525,1.1018599999999998,1.101975,0
2023-07-12 10:45:00+00:00,1.1019700000000001,1.1023649999999998,1.10187,1.1022150000000002,0
2023-07-14 14:00:00+00:00,1.12398,1.12398,1.12155,1.1230799999999999,0
2023-07-14 14:15:00+00:00,1.1231,1.1237499999999998,1.122175,1.1234350000000002,0
2023-07-14 14:30:00+00:00,1.12344,1.1237149999999998,1.1226500000000001,1.12365,0
2023-07-14 14:45:00+00:00,1.12366,1.124435,1.1230950000000002,1.12418,0
2023-07-17 13:00:00+00:00,1.123555,1.1235849999999998,1.122805,1.1228699999999998,0
2023-07-17 13:15:00+00:00,1.122865,1.1231550000000001,1.1220150000000002,1.122175,0
2023-07-17 13:30:00+00:00,1.122195,1.12232,1.1207449999999999,1.1209250000000002,0
2023-07-17 13:45:00+00:00,1.12093,1.122255,1.12035,1.1221450000000002,0
2023-07-17 18:00:00+00:00,1.1240450000000002,1.124255,1.1240100000000002,1.12412,0
2023-07-17 18:15:00+00:00,1.12413,1.124155,1.12392,1.124,0
2023-07-17 18:30:00+00:00,1.1240100000000002,1.12427,1.1239599999999998,1.12426,0
2023-07-17 18:45:00+00:00,1.1242649999999998,1.124415,1.124045,1.12431,0
2023-07-18 09:00:00+00:00,1.1237300000000001,1.1244450000000001,1.1237249999999999,1.124145,0
2023-07-18 09:15:00+00:00,1.124165,1.12445,1.1237249999999999,1.1244399999999999,0
2023-07-18 09:30:00+00:00,1.124435,1.124685,1.123695,1.12398,0
2023-07-18 09:45:00+00:00,1.12397,1.1249500000000001,1.123935,1.1248900000000002,0
2023-07-18 14:00:00+00:00,1.1226699999999998,1.12399,1.1225049999999999,1.123345,0
2023-07-18 14:15:00+00:00,1.1233499999999998,1.123945,1.12305,1.1234899999999999,0
2023-07-18 14:30:00+00:00,1.1235050000000002,1.124005,1.12336,1.1237050000000002,0
2023-07-18 14:45:00+00:00,1.1237,1.124005,1.1231149999999999,1.1236899999999999,0
2023-07-19 03:00:00+00:00,1.1221700000000001,1.1224750000000001,1.12203,1.1224500000000002,0
2023-07-19 03:15:00+00:00,1.122455,1.1226099999999999,1.12239,1.1225299999999998,0
2023-07-19 03:30:00+00:00,1.1225649999999998,1.1226850000000002,1.12232,1.12268,0
2023-07-19 03:45:00+00:00,1.122645,1.12268,1.12252,1.1226250000000002,0
2023-07-19 17:00:00+00:00,1.119205,1.1195249999999999,1.1190250000000002,1.1194549999999999,0
2023-07-19 17:15:00+00:00,1.1194600000000001,1.11952,1.1190250000000002,1.1192099999999998,0
2023-07-19 17:30:00+00:00,1.119205,1.119805,1.1191749999999998,1.11977,0
2023-07-19 17:45:00+00:00,1.1197750000000002,1.119965,1.1197149999999998,1.11991,0
2023-07-20 08:00:00+00:00,1.120545,1.1211799999999998,1.12051,1.121135,0
2023-07-20 08:15:00+00:00,1.1211250000000001,1.12135,1.120545,1.1206550000000002,0
2023-07-20 08:30:00+00:00,1.12065,1.12092,1.12011,1.1203349999999999,0
2023-07-20 08:45:00+00:00,1.12033,1.1209850000000001,1.1201400000000001,1.1208550000000002,0
2023-07-20 23:00:00+00:00,1.113515,1.1136750000000002,1.113455,1.1136149999999998,0
2023-07-20 23:15:00+00:00,1.113585,1.1136300000000001,1.1134499999999998,1.11346,0
2023-07-20 23:30:00+00:00,1.11348,1.1136750000000002,1.11346,1.11367,0
2023-07-20 23:45:00+00:00,1.1136750000000002,1.113815,1.11335,1.1134499999999998,0
2023-07-21 04:00:00+00:00,1.11362,1.1137350000000001,1.113455,1.1137100000000002,0
2023-07-21 04:15:00+00:00,1.113705,1.113845,1.1136599999999999,1.1138050000000002,0
2023-07-21 04:30:00+00:00,1.1137899999999998,1.11387,1.1137549999999998,1.11387,0
2023-07-21 04:45:00+00:00,1.11388,1.113985,1.11367,1.1139700000000001,0
2023-07-21 20:00:00+00:00,1.1125699999999998,1.11267,1.1125099999999999,1.11263,0
2023-07-21 20:15:00+00:00,1.1126200000000002,1.1129250000000002,1.1126200000000002,1.112915,0
2023-07-21 20:30:00+00:00,1.1129099999999998,1.1129099999999998,1.1127150000000001,1.1127799999999999,0
2023-07-21 20:45:00+00:00,1.1127799999999999,1.1127799999999999,1.11247,1.11261,0
2023-07-24 19:00:00+00:00,1.1070950000000002,1.10723,1.1065450000000001,1.1065550000000002,0
2023-07-24 19:15:00+00:00,1.1065749999999999,1.1067550000000002,1.10626,1.10626,0
2023-07-24 19:30:00+00:00,1.1062699999999999,1.10642,1.106115,1.106195,0
2023-07-24 19:45:00+00:00,1.1061999999999999,1.1062249999999998,1.1060349999999999,1.1060349999999999,0
2023-07-25 17:00:00+00:00,1.10423,1.10423,1.1038649999999999,1.1038649999999999,0
2023-07-25 17:15:00+00:00,1.1038700000000001,1.1039400000000001,1.10355,1.1039400000000001,0
2023-07-25 17:30:00+00:00,1.1039400000000001,1.1040800000000002,1.103765,1.1040450000000002,0
2023-07-25 17:45:00+00:00,1.10407,1.10418,1.103885,1.1039400000000001,0
2023-07-26 03:00:00+00:00,1.10459,1.104775,1.1045099999999999,1.104695,0
2023-07-26 03:15:00+00:00,1.104685,1.104685,1.1045099999999999,1.1046049999999998,0
2023-07-26 03:30:00+00:00,1.1046,1.1050550000000001,1.1046,1.104895,0
2023-07-26 03:45:00+00:00,1.1049,1.1050149999999999,1.10479,1.1049449999999998,0
2023-07-26 06:00:00+00:00,1.10621,1.10639,1.10568,1.106385,0
2023-07-26 06:15:00+00:00,1.1063800000000001,1.10707,1.1063749999999999,1.106995,0
2023-07-26 06:30:00+00:00,1.107,1.10712,1.106255,1.10636,0
2023-07-26 06:45:00+00:00,1.1063550000000002,1.1066850000000001,1.10615,1.10635,0
2023-07-26 08:00:00+00:00,1.1069399999999998,1.1071650000000002,1.10673,1.107005,0
2023-07-26 08:15:00+00:00,1.1070099999999998,1.10721,1.10678,1.106945,0
2023-07-26 08:30:00+00:00,1.1069499999999999,1.107765,1.1066500000000001,1.10737,0
2023-07-26 08:45:00+00:00,1.107375,1.107755,1.107135,1.1075750000000002,0
2023-07-27 23:00:00+00:00,1.0983100000000001,1.098335,1.097615,1.0977700000000001,0
2023-07-27 23:15:00+00:00,1.097795,1.098175,1.0976949999999999,1.098125,0
2023-07-27 23:30:00+00:00,1.098135,1.0983,1.09802,1.0980750000000001,0
2023-07-27 23:45:00+00:00,1.09808,1.0983,1.097775,1.0978249999999998,0
2023-07-28 17:00:00+00:00,1.10253,1.102925,1.1024500000000002,1.10283,0
2023-07-28 17:15:00+00:00,1.102825,1.102865,1.10181,1.101935,0
2023-07-28 17:30:00+00:00,1.1019299999999999,1.1021800000000002,1.101635,1.10167,0
2023-07-28 17:45:00+00:00,1.101685,1.102445,1.1015199999999998,1.10212,0
2023-07-31 03:00:00+00:00,1.10155,1.1017000000000001,1.10141,1.101565,0
2023-07-31 03:15:00+00:00,1.101575,1.10182,1.1015199999999998,1.10165,0
2023-07-31 03:30:00+00:00,1.101655,1.101725,1.101315,1.1013549999999999,0
2023-07-31 03:45:00+00:00,1.1013449999999998,1.1014750000000002,1.1012,1.101245,0
2023-07-31 17:00:00+00:00,1.1007099999999999,1.100755,1.1004800000000001,1.10049,0
2023-07-31 17:15:00+00:00,1.100495,1.1011350000000002,1.100495,1.100895,0
2023-07-31 17:30:00+00:00,1.100895,1.10108,1.1007250000000002,1.10086,0
2023-07-31 17:45:00+00:00,1.1008550000000001,1.10095,1.100415,1.1004749999999999,0
2023-08-01 10:00:00+00:00,1.0975350000000001,1.0978400000000001,1.097455,1.097525,0
2023-08-01 10:15:00+00:00,1.0975199999999998,1.0975700000000002,1.0969449999999998,1.0973799999999998,0
2023-08-01 10:30:00+00:00,1.097375,1.0977000000000001,1.097245,1.09756,0
2023-08-01 10:45:00+00:00,1.097565,1.098465,1.09734,1.09822,0
2023-08-02 02:00:00+00:00,1.099155,1.09921,1.098745,1.098945,0
2023-08-02 02:15:00+00:00,1.0989399999999998,1.09896,1.098655,1.09883,0
2023-08-02 02:30:00+00:00,1.0988449999999998,1.0989149999999999,1.0985049999999998,1.09855,0
2023-08-02 02:45:00+00:00,1.0985550000000002,1.098675,1.0980400000000001,1.09844,0
2023-08-02 17:00:00+00:00,1.095075,1.0957599999999998,1.09504,1.095425,0
2023-08-02 17:15:00+00:00,1.09544,1.09554,1.09511,1.0953650000000001,0
2023-08-02 17:30:00+00:00,1.095375,1.095375,1.094945,1.095215,0
2023-08-02 17:45:00+00:00,1.09521,1.095355,1.094605,1.094605,0
2023-08-03 08:00:00+00:00,1.09191,1.09233,1.091415,1.09219,0
2023-08-03 08:15:00+00:00,1.09218,1.0922649999999998,1.09145,1.09178,0
2023-08-03 08:30:00+00:00,1.0917750000000002,1.0919249999999998,1.0912350000000002,1.0916899999999998,0
2023-08-03 08:45:00+00:00,1.091695,1.092485,1.09166,1.092485,0
2023-08-04 05:00:00+00:00,1.0950350000000002,1.09525,1.094795,1.095195,0
2023-08-04 05:15:00+00:00,1.0952000000000002,1.0956350000000001,1.09519,1.095445,0
2023-08-04 05:30:00+00:00,1.09545,1.0956450000000002,1.09532,1.095485,0
2023-08-04 05:45:00+00:00,1.0955050000000002,1.0958299999999999,1.095065,1.09523,0
2023-08-04 18:00:00+00:00,1.1028449999999999,1.1028449999999999,1.102135,1.1022949999999998,0
2023-08-04 18:15:00+00:00,1.1022850000000002,1.102325,1.1016599999999999,1.1018750000000002,0
2023-08-04 18:30:00+00:00,1.10187,1.1019299999999999,1.10122,1.101275,0
2023-08-04 18:45:00+00:00,1.10128,1.1015000000000001,1.1008650000000002,1.1009250000000002,0
2023-08-06 23:00:00+00:00,1.10054,1.1005449999999999,1.10018,1.10027,0
2023-08-06 23:15:00+00:00,1.10025,1.10038,1.10015,1.1002450000000001,0
2023-08-06 23:30:00+00:00,1.1002450000000001,1.1002450000000001,1.1001349999999999,1.1001850000000002,0
2023-08-06 23:45:00+00:00,1.10018,1.1002800000000001,1.10012,1.10025,0
2023-08-07 08:00:00+00:00,1.09927,1.09927,1.09836,1.0984500000000001,0
2023-08-07 08:15:00+00:00,1.098455,1.0985200000000002,1.0981,1.098185,0
2023-08-07 08:30:00+00:00,1.098175,1.0982699999999999,1.097615,1.0979100000000002,0
2023-08-07 08:45:00+00:00,1.097905,1.097935,1.097365,1.0974750000000002,0
2023-08-07 20:00:00+00:00,1.10045,1.10045,1.100085,1.100085,0
2023-08-07 20:15:00+00:00,1.100095,1.100225,1.09999,1.1000100000000002,0
2023-08-07 20:30:00+00:00,1.100015,1.10033,1.0999150000000002,1.1002399999999999,0
2023-08-07 20:45:00+00:00,1.1002299999999998,1.100325,1.1001699999999999,1.10025,0
2023-08-07 21:00:00+00:00,1.100255,1.1004,1.1002399999999999,1.100325,0
2023-08-07 21:15:00+00:00,1.100315,1.100585,1.100315,1.100575,0
2023-08-07 21:30:00+00:00,1.10062,1.10062,1.10026,1.1002999999999998,0
2023-08-07 21:45:00+00:00,1.100305,1.100375,1.100265,1.10036,0
2023-08-08 03:00:00+00:00,1.0988449999999998,1.09896,1.09853,1.098945,0
2023-08-08 03:15:00+00:00,1.0989499999999999,1.09905,1.09864,1.09871,0
2023-08-08 03:30:00+00:00,1.0987200000000001,1.098815,1.0983299999999998,1.0983399999999999,0
2023-08-08 03:45:00+00:00,1.0983450000000001,1.098455,1.09814,1.09819,0
2023-08-08 17:00:00+00:00,1.09483,1.095615,1.094795,1.09514,0
2023-08-08 17:15:00+00:00,1.095135,1.0953050000000002,1.095005,1.0953,0
2023-08-08 17:30:00+00:00,1.095285,1.09609,1.095275,1.09605,0
2023-08-08 17:45:00+00:00,1.09604,1.096105,1.095605,1.0959699999999999,0
2023-08-08 21:00:00+00:00,1.0956299999999999,1.09572,1.09551,1.095545,0
2023-08-08 21:15:00+00:00,1.09554,1.09554,1.095415,1.095495,0
2023-08-08 21:30:00+00:00,1.095465,1.095695,1.095455,1.09568,0
2023-08-08 21:45:00+00:00,1.095645,1.095725,1.09543,1.0954899999999999,0
2023-08-09 03:00:00+00:00,1.0968499999999999,1.09708,1.0967850000000001,1.0968399999999998,0
2023-08-09 03:15:00+00:00,1.0968300000000002,1.0969950000000002,1.096685,1.096755,0
2023-08-09 03:30:00+00:00,1.09676,1.0968499999999999,1.09665,1.0967950000000002,0
2023-08-09 03:45:00+00:00,1.0968,1.09681,1.096635,1.09666,0
2023-08-09 05:00:00+00:00,1.096695,1.097915,1.096695,1.097585,0
2023-08-09 05:15:00+00:00,1.0975899999999998,1.09782,1.097535,1.09775,0
2023-08-09 05:30:00+00:00,1.0977450000000002,1.0977450000000002,1.09738,1.0974949999999999,0
2023-08-09 05:45:00+00:00,1.0975000000000001,1.09774,1.097445,1.09767,0
2023-08-09 13:00:00+00:00,1.09817,1.098745,1.0981649999999998,1.098405,0
2023-08-09 13:15:00+00:00,1.0984,1.098535,1.0980349999999999,1.0983649999999998,0
2023-08-09 13:30:00+00:00,1.09836,1.098795,1.097915,1.0979450000000002,0
2023-08-09 13:45:00+00:00,1.097935,1.0981649999999998,1.097165,1.0980349999999999,0
2023-08-09 15:00:00+00:00,1.0982750000000001,1.0987900000000002,1.097845,1.09823,0
2023-08-09 15:15:00+00:00,1.0982349999999999,1.09829,1.0976650000000001,1.097855,0
2023-08-09 15:30:00+00:00,1.0978599999999998,1.09856,1.0978050000000001,1.097985,0
2023-08-09 15:45:00+00:00,1.0979700000000001,1.09806,1.0974050000000002,1.0974300000000001,0
2023-08-09 17:00:00+00:00,1.0978400000000001,1.099,1.0977350000000001,1.0989749999999998,0
2023-08-09 17:15:00+00:00,1.09898,1.09917,1.097725,1.0977649999999999,0
2023-08-09 17:30:00+00:00,1.0977700000000001,1.0981,1.0974949999999999,1.0980699999999999,0
2023-08-09 17:45:00+00:00,1.098065,1.09816,1.09788,1.0979700000000001,0
2023-08-09 19:00:00+00:00,1.097525,1.09787,1.0974750000000002,1.097585,0
2023-08-09 19:15:00+00:00,1.0975899999999998,1.098045,1.097525,1.0979549999999998,0
2023-08-09 19:30:00+00:00,1.09796,1.09821,1.0979299999999999,1.098205,0
2023-08-09 19:45:00+00:00,1.0981999999999998,1.0981999999999998,1.0973350000000002,1.0973549999999999,0
2023-08-09 23:00:00+00:00,1.0976949999999999,1.0976949999999999,1.09759,1.0976400000000002,0
2023-08-09 23:15:00+00:00,1.097635,1.0976650000000001,1.09753,1.09763,0
2023-08-09 23:30:00+00:00,1.097655,1.0977649999999999,1.09763,1.0976849999999998,0
2023-08-09 23:45:00+00:00,1.09768,1.0977450000000002,1.097635,1.097725,0
2023-08-10 06:00:00+00:00,1.098515,1.099265,1.0983100000000001,1.09924,0
2023-08-10 06:15:00+00:00,1.0992449999999998,1.0995599999999999,1.099015,1.0992950000000001,0
2023-08-10 06:30:00+00:00,1.0992899999999999,1.09951,1.099145,1.099415,0
2023-08-10 06:45:00+00:00,1.0994199999999998,1.099895,1.09931,1.09944,0
2023-08-10 08:00:00+00:00,1.1008499999999999,1.1017450000000002,1.10083,1.101235,0
2023-08-10 08:15:00+00:00,1.1012300000000002,1.102635,1.10122,1.1022850000000002,0
2023-08-10 08:30:00+00:00,1.1022750000000001,1.102425,1.10198,1.102115,0
2023-08-10 08:45:00+00:00,1.1021100000000001,1.10212,1.10167,1.1018750000000002,0
2023-08-10 17:00:00+00:00,1.1013350000000002,1.1014249999999999,1.10073,1.1009449999999998,0
2023-08-10 17:15:00+00:00,1.10095,1.1010300000000002,1.0994350000000002,1.09946,0
2023-08-10 17:30:00+00:00,1.099445,1.099445,1.09782,1.0982750000000001,0
2023-08-10 17:45:00+00:00,1.0982699999999999,1.0991650000000002,1.0976249999999999,1.0980050000000001,0
2023-08-10 21:00:00+00:00,1.098075,1.098355,1.098065,1.098225,0
2023-08-10 21:15:00+00:00,1.098255,1.09826,1.097985,1.0980699999999999,0
2023-08-10 21:30:00+00:00,1.0980750000000001,1.09828,1.0980349999999999,1.09825,0
2023-08-10 21:45:00+00:00,1.098245,1.0984250000000002,1.098245,1.098385,0
2023-08-11 03:00:00+00:00,1.0988600000000002,1.09917,1.09876,1.09896,0
2023-08-11 03:15:00+00:00,1.0989550000000001,1.09907,1.09884,1.09905,0
2023-08-11 03:30:00+00:00,1.0990600000000001,1.0991499999999998,1.0986099999999999,1.0986799999999999,0
2023-08-11 03:45:00+00:00,1.09869,1.098795,1.098585,1.098735,0
2023-08-11 05:00:00+00:00,1.0985399999999998,1.0988099999999998,1.0984099999999999,1.09876,0
2023-08-11 05:15:00+00:00,1.0987550000000001,1.09904,1.0987,1.0988950000000002,0
2023-08-11 05:30:00+00:00,1.0989,1.09907,1.09875,1.09884,0
2023-08-11 05:45:00+00:00,1.0988449999999998,1.099375,1.09877,1.09932,0
2023-08-11 15:00:00+00:00,1.09722,1.09756,1.09615,1.096165,0
2023-08-11 15:15:00+00:00,1.0961750000000001,1.0963699999999998,1.095895,1.09592,0
2023-08-11 15:30:00+00:00,1.0959150000000002,1.096035,1.095205,1.0953,0
2023-08-11 15:45:00+00:00,1.0952899999999999,1.0956700000000001,1.0951149999999998,1.095625,0
2023-08-11 18:00:00+00:00,1.0945200000000002,1.094765,1.0943649999999998,1.0944699999999998,0
2023-08-11 18:15:00+00:00,1.094465,1.094895,1.094465,1.0948099999999998,0
2023-08-11 18:30:00+00:00,1.0948099999999998,1.095055,1.09478,1.094935,0
2023-08-11 18:45:00+00:00,1.094945,1.09514,1.094935,1.095085,0
2023-08-11 20:00:00+00:00,1.0946850000000001,1.0947200000000001,1.094545,1.094605,0
2023-08-11 20:15:00+00:00,1.0946099999999999,1.0948250000000002,1.09448,1.094805,0
2023-08-11 20:30:00+00:00,1.0947149999999999,1.09491,1.0947,1.0948950000000002,0
2023-08-11 20:45:00+00:00,1.0949,1.0949300000000002,1.094605,1.094705,0
2023-08-14 02:00:00+00:00,1.093615,1.09381,1.09336,1.093445,0
2023-08-14 02:15:00+00:00,1.09344,1.09347,1.09314,1.093235,0
2023-08-14 02:30:00+00:00,1.09324,1.09349,1.0931350000000002,1.093385,0
2023-08-14 02:45:00+00:00,1.0933899999999999,1.09345,1.09302,1.09307,0
2023-08-14 05:00:00+00:00,1.093565,1.09368,1.093345,1.0935350000000001,0
2023-08-14 05:15:00+00:00,1.09354,1.093795,1.093255,1.0936849999999998,0
2023-08-14 05:30:00+00:00,1.0936949999999999,1.0939,1.09361,1.09387,0
2023-08-14 05:45:00+00:00,1.0938599999999998,1.0940500000000002,1.09353,1.0937299999999999,0
2023-08-14 06:00:00+00:00,1.0937350000000001,1.0937350000000001,1.0926200000000001,1.09292,0
2023-08-14 06:15:00+00:00,1.092915,1.09378,1.09281,1.0936750000000002,0
2023-08-14 06:30:00+00:00,1.09369,1.093715,1.093055,1.093115,0
2023-08-14 06:45:00+00:00,1.0931199999999999,1.0934849999999998,1.0928749999999998,1.093225,0
2023-08-14 08:00:00+00:00,1.095195,1.09571,1.095075,1.0952000000000002,0
2023-08-14 08:15:00+00:00,1.095165,1.0956700000000001,1.095165,1.095425,0
2023-08-14 08:30:00+00:00,1.09543,1.096015,1.0952950000000001,1.09592,0
2023-08-14 08:45:00+00:00,1.0959150000000002,1.0959400000000001,1.0945550000000002,1.09462,0
2023-08-14 12:00:00+00:00,1.093895,1.0941100000000001,1.0927799999999999,1.09315,0
2023-08-14 12:15:00+00:00,1.0931549999999999,1.093345,1.091965,1.09219,0
2023-08-14 12:30:00+00:00,1.0921850000000002,1.092345,1.090265,1.0903800000000001,0
2023-08-14 12:45:00+00:00,1.0903749999999999,1.0910799999999998,1.0902150000000002,1.0905749999999999,0
2023-08-14 15:00:00+00:00,1.090335,1.0910449999999998,1.0902349999999998,1.090675,0
2023-08-14 15:15:00+00:00,1.090705,1.0922450000000001,1.090705,1.09199,0
2023-08-14 15:30:00+00:00,1.091995,1.092335,1.091755,1.09229,0
2023-08-14 15:45:00+00:00,1.092315,1.092575,1.09202,1.092075,0
2023-08-14 17:00:00+00:00,1.09286,1.0931199999999999,1.09246,1.0926049999999998,0
2023-08-14 17:15:00+00:00,1.09259,1.09266,1.092125,1.09226,0
2023-08-14 17:30:00+00:00,1.0922800000000001,1.092565,1.091815,1.092035,0
2023-08-14 17:45:00+00:00,1.0920299999999998,1.0920299999999998,1.09152,1.091725,0
2023-08-15 01:00:00+00:00,1.090745,1.090795,1.0904349999999998,1.090655,0
2023-08-15 01:15:00+00:00,1.090675,1.0913650000000001,1.0903550000000002,1.091105,0
2023-08-15 01:30:00+00:00,1.091065,1.091065,1.090045,1.0907200000000001,0
2023-08-15 01:45:00+00:00,1.090725,1.09155,1.09066,1.0910250000000001,0
2023-08-15 12:00:00+00:00,1.09294,1.0930149999999998,1.0923500000000002,1.092505,0
2023-08-15 12:15:00+00:00,1.09252,1.0928650000000002,1.092155,1.0923349999999998,0
2023-08-15 12:30:00+00:00,1.0923699999999998,1.092635,1.0897000000000001,1.0922299999999998,0
2023-08-15 12:45:00+00:00,1.0922399999999999,1.0932499999999998,1.09193,1.0922049999999999,0
2023-08-15 16:00:00+00:00,1.0927,1.092845,1.092065,1.09226,0
2023-08-15 16:15:00+00:00,1.09225,1.09265,1.092055,1.0920649999999998,0
2023-08-15 16:30:00+00:00,1.092045,1.092145,1.091615,1.0918100000000002,0
2023-08-15 16:45:00+00:00,1.091815,1.092015,1.091505,1.09179,0
2023-08-15 19:00:00+00:00,1.090435,1.0906500000000001,1.09029,1.09029,0
2023-08-15 19:15:00+00:00,1.09028,1.09044,1.090045,1.09012,0
2023-08-15 19:30:00+00:00,1.09013,1.09021,1.0899100000000002,1.0901399999999999,0
2023-08-15 19:45:00+00:00,1.0901450000000001,1.09062,1.08995,1.090595,0
2023-08-15 22:00:00+00:00,1.09043,1.090595,1.090385,1.0904449999999999,0
2023-08-15 22:15:00+00:00,1.09045,1.09053,1.0903550000000002,1.0903550000000002,0
2023-08-15 22:30:00+00:00,1.0903800000000001,1.09048,1.090245,1.0902500000000002,0
2023-08-15 22:45:00+00:00,1.090265,1.09035,1.0902500000000002,1.0903100000000001,0
2023-08-16 01:00:00+00:00,1.090315,1.0904099999999999,1.0900750000000001,1.090175,0
2023-08-16 01:15:00+00:00,1.0901800000000001,1.090785,1.0899,1.09078,0
2023-08-16 01:30:00+00:00,1.090795,1.0910449999999998,1.09058,1.09091,0
2023-08-16 01:45:00+00:00,1.0909149999999999,1.09119,1.09057,1.090595,0
2023-08-16 04:00:00+00:00,1.090655,1.090995,1.090605,1.0909049999999998,0
2023-08-16 04:15:00+00:00,1.09091,1.090945,1.0907499999999999,1.0907650000000002,0
2023-08-16 04:30:00+00:00,1.09076,1.0908950000000002,1.09076,1.0908449999999998,0
2023-08-16 04:45:00+00:00,1.09085,1.091355,1.0907650000000002,1.091345,0
2023-08-16 10:00:00+00:00,1.09266,1.09268,1.092225,1.092225,0
2023-08-16 10:15:00+00:00,1.09222,1.09247,1.091965,1.0921850000000002,0
2023-08-16 10:30:00+00:00,1.0921750000000001,1.09227,1.09175,1.09179,0
2023-08-16 10:45:00+00:00,1.091785,1.09213,1.0915949999999999,1.0918299999999999,0
2023-08-16 13:00:00+00:00,1.09022,1.0910600000000001,1.0898349999999999,1.0904150000000001,0
2023-08-16 13:15:00+00:00,1.0904099999999999,1.0908600000000002,1.08962,1.09084,0
2023-08-16 13:30:00+00:00,1.09083,1.092325,1.0907650000000002,1.091755,0
2023-08-16 13:45:00+00:00,1.091745,1.09223,1.09087,1.09089,0
2023-08-16 21:00:00+00:00,1.087885,1.087965,1.08765,1.08793,0
2023-08-16 21:15:00+00:00,1.087925,1.0879400000000001,1.087825,1.0878299999999999,0
2023-08-16 21:30:00+00:00,1.087825,1.08811,1.08777,1.08806,0
2023-08-16 21:45:00+00:00,1.088055,1.08825,1.088055,1.0882200000000002,0
2023-08-17 02:00:00+00:00,1.0866,1.0869300000000002,1.086565,1.0867149999999999,0
2023-08-17 02:15:00+00:00,1.0867200000000001,1.087005,1.08657,1.08683,0
2023-08-17 02:30:00+00:00,1.0868449999999998,1.08689,1.0866850000000001,1.08674,0
2023-08-17 02:45:00+00:00,1.086745,1.08678,1.0864250000000002,1.0866,0
2023-08-17 09:00:00+00:00,1.0873,1.0874350000000002,1.0869300000000002,1.08714,0
2023-08-17 09:15:00+00:00,1.087135,1.08737,1.086745,1.086805,0
2023-08-17 09:30:00+00:00,1.0868,1.0869550000000001,1.0863749999999999,1.0868799999999998,0
2023-08-17 09:45:00+00:00,1.08687,1.08741,1.08669,1.08738,0
2023-08-17 12:00:00+00:00,1.0894650000000001,1.090055,1.08921,1.089855,0
2023-08-17 12:15:00+00:00,1.0898599999999998,1.090055,1.08952,1.08995,0
2023-08-17 12:30:00+00:00,1.0899,1.091815,1.08866,1.0908449999999998,0
2023-08-17 12:45:00+00:00,1.09085,1.091005,1.089965,1.0906449999999999,0
2023-08-17 15:00:00+00:00,1.0889600000000002,1.0890300000000002,1.0883150000000001,1.0885349999999998,0
2023-08-17 15:15:00+00:00,1.0885150000000001,1.08852,1.087175,1.0873750000000002,0
2023-08-17 15:30:00+00:00,1.0873849999999998,1.087675,1.0869900000000001,1.08717,0
2023-08-17 15:45:00+00:00,1.0871849999999998,1.087495,1.08669,1.0873650000000001,0
2023-08-17 19:00:00+00:00,1.085705,1.0867049999999998,1.0857,1.0862150000000002,0
2023-08-17 19:15:00+00:00,1.08621,1.086725,1.086205,1.0866850000000001,0
2023-08-17 19:30:00+00:00,1.08669,1.08685,1.0865,1.08671,0
2023-08-17 19:45:00+00:00,1.08671,1.0874000000000001,1.0866500000000001,1.08718,0
2023-08-18 02:00:00+00:00,1.089115,1.089385,1.08902,1.089315,0
2023-08-18 02:15:00+00:00,1.0893199999999998,1.0893899999999999,1.0891549999999999,1.089255,0
2023-08-18 02:30:00+00:00,1.0892499999999998,1.089275,1.0886749999999998,1.0890499999999999,0
2023-08-18 02:45:00+00:00,1.089055,1.089165,1.0886900000000002,1.0888550000000001,0
2023-08-18 17:00:00+00:00,1.08732,1.088075,1.08731,1.087785,0
2023-08-18 17:15:00+00:00,1.08778,1.087785,1.086855,1.087225,0
2023-08-18 17:30:00+00:00,1.08721,1.08764,1.0871149999999998,1.08764,0
2023-08-18 17:45:00+00:00,1.08765,1.088125,1.08758,1.08793,0
2023-08-18 18:00:00+00:00,1.0879400000000001,1.0879850000000002,1.087455,1.08758,0
2023-08-18 18:15:00+00:00,1.0875750000000002,1.08773,1.0873849999999998,1.087535,0
2023-08-18 18:30:00+00:00,1.087555,1.0880299999999998,1.087555,1.0878299999999999,0
2023-08-18 18:45:00+00:00,1.087805,1.08796,1.0876899999999998,1.0878100000000002,0
2023-08-18 19:00:00+00:00,1.087805,1.087805,1.0873300000000001,1.087335,0
2023-08-18 19:15:00+00:00,1.08734,1.08768,1.087225,1.08766,0
2023-08-18 19:30:00+00:00,1.087655,1.0876899999999998,1.0873599999999999,1.087525,0
2023-08-18 19:45:00+00:00,1.08753,1.087895,1.0872199999999999,1.087265,0
2023-08-20 22:00:00+00:00,1.08765,1.087785,1.0874000000000001,1.087785,0
2023-08-20 22:15:00+00:00,1.0877750000000002,1.0878700000000001,1.087625,1.08778,0
2023-08-20 22:30:00+00:00,1.087785,1.08782,1.0876649999999999,1.087695,0
2023-08-20 22:45:00+00:00,1.0876899999999998,1.0877249999999998,1.087335,1.087425,0
2023-08-21 00:00:00+00:00,1.08748,1.0882200000000002,1.0874549999999998,1.08805,0
2023-08-21 00:15:00+00:00,1.08804,1.088425,1.08782,1.08838,0
2023-08-21 00:30:00+00:00,1.088365,1.0884200000000002,1.08805,1.088085,0
2023-08-21 00:45:00+00:00,1.088075,1.08822,1.0879699999999999,1.08799,0
2023-08-21 03:00:00+00:00,1.088145,1.0882900000000002,1.088055,1.08814,0
2023-08-21 03:15:00+00:00,1.0881349999999999,1.0882749999999999,1.08792,1.0882399999999999,0
2023-08-21 03:30:00+00:00,1.088235,1.08825,1.08804,1.08819,0
2023-08-21 03:45:00+00:00,1.088195,1.088195,1.088015,1.0880450000000002,0
2023-08-21 11:00:00+00:00,1.089895,1.0907049999999998,1.08983,1.0906150000000001,0
2023-08-21 11:15:00+00:00,1.090605,1.09112,1.09057,1.091075,0
2023-08-21 11:30:00+00:00,1.0910549999999999,1.09118,1.090665,1.09112,0
2023-08-21 11:45:00+00:00,1.091125,1.09137,1.090385,1.090945,0
2023-08-21 14:00:00+00:00,1.088725,1.0890300000000002,1.088215,1.088355,0
2023-08-21 14:15:00+00:00,1.08834,1.088495,1.087795,1.0882800000000001,0
2023-08-21 14:30:00+00:00,1.088285,1.08832,1.0875400000000002,1.0881150000000002,0
2023-08-21 14:45:00+00:00,1.08811,1.08884,1.08788,1.088735,0
2023-08-22 02:00:00+00:00,1.09064,1.091005,1.09064,1.09089,0
2023-08-22 02:15:00+00:00,1.0908950000000002,1.091285,1.0908799999999998,1.09109,0
2023-08-22 02:30:00+00:00,1.091085,1.0912199999999999,1.0908099999999998,1.090885,0
2023-08-22 02:45:00+00:00,1.09089,1.0909749999999998,1.09077,1.0907749999999998,0
2023-08-22 21:00:00+00:00,1.08459,1.08479,1.084465,1.084535,0
2023-08-22 21:15:00+00:00,1.08454,1.08461,1.0844749999999999,1.0845850000000001,0
2023-08-22 21:30:00+00:00,1.0845500000000001,1.084605,1.0845,1.084575,0
2023-08-22 21:45:00+00:00,1.0845699999999998,1.084575,1.084535,1.084535,0
2023-08-23 09:00:00+00:00,1.081915,1.0820349999999999,1.081385,1.081455,0
2023-08-23 09:15:00+00:00,1.081475,1.0818349999999999,1.0810300000000002,1.0817549999999998,0
2023-08-23 09:30:00+00:00,1.0817649999999999,1.082045,1.0813700000000002,1.0814650000000001,0
2023-08-23 09:45:00+00:00,1.081445,1.08158,1.080835,1.08099,0
2023-08-23 14:00:00+00:00,1.083805,1.0844900000000002,1.0834899999999998,1.0843250000000002,0
2023-08-23 14:15:00+00:00,1.0843150000000001,1.0853899999999999,1.084145,1.084975,0
2023-08-23 14:30:00+00:00,1.08499,1.085095,1.08411,1.0849,0
2023-08-23 14:45:00+00:00,1.084915,1.08534,1.0842800000000001,1.08456,0
2023-08-24 09:00:00+00:00,1.0861999999999998,1.08636,1.0856,1.08592,0
2023-08-24 09:15:00+00:00,1.0859299999999998,1.085985,1.08558,1.0857100000000002,0
2023-08-24 09:30:00+00:00,1.085705,1.08575,1.0846900000000002,1.08481,0
2023-08-24 09:45:00+00:00,1.084795,1.08522,1.084715,1.08484,0
2023-08-24 19:00:00+00:00,1.080915,1.080965,1.080725,1.080825,0
2023-08-24 19:15:00+00:00,1.0808200000000001,1.0812400000000002,1.0808049999999998,1.081075,0
2023-08-24 19:30:00+00:00,1.08108,1.08125,1.08057,1.0806149999999999,0
2023-08-24 19:45:00+00:00,1.08061,1.0808149999999999,1.0805850000000001,1.08059,0
2023-08-25 20:00:00+00:00,1.080295,1.0803250000000002,1.07955,1.079695,0
2023-08-25 20:15:00+00:00,1.07969,1.0797750000000002,1.0792350000000002,1.07925,0
2023-08-25 20:30:00+00:00,1.0792549999999999,1.0793949999999999,1.079145,1.0792899999999999,0
2023-08-25 20:45:00+00:00,1.0792950000000001,1.079555,1.079265,1.0794,0
2023-08-28 21:00:00+00:00,1.0819,1.081945,1.081605,1.0817299999999999,0
2023-08-28 21:15:00+00:00,1.0817350000000001,1.081815,1.08164,1.0817700000000001,0
2023-08-28 21:30:00+00:00,1.081785,1.08181,1.081675,1.0818050000000001,0
2023-08-28 21:45:00+00:00,1.081815,1.082335,1.081675,1.0819649999999998,0
2023-08-29 04:00:00+00:00,1.0836350000000001,1.0836450000000002,1.0832199999999998,1.08323,0
2023-08-29 04:15:00+00:00,1.0832350000000002,1.08325,1.083085,1.08319,0
2023-08-29 04:30:00+00:00,1.08319,1.08319,1.08266,1.082665,0
2023-08-29 04:45:00+00:00,1.0826699999999998,1.0826950000000002,1.0824150000000001,1.08243,0
2023-08-29 06:00:00+00:00,1.08217,1.08233,1.08203,1.082265,0
2023-08-29 06:15:00+00:00,1.08226,1.0823450000000001,1.08156,1.081785,0
2023-08-29 06:30:00+00:00,1.08178,1.08203,1.08158,1.08158,0
2023-08-29 06:45:00+00:00,1.0815649999999999,1.081665,1.08084,1.08088,0
2023-08-29 19:00:00+00:00,1.087185,1.088145,1.0869550000000001,1.08812,0
2023-08-29 19:15:00+00:00,1.08811,1.0891950000000001,1.088095,1.088845,0
2023-08-29 19:30:00+00:00,1.088835,1.0890300000000002,1.08843,1.088625,0
2023-08-29 19:45:00+00:00,1.0886200000000001,1.08872,1.088445,1.0885349999999998,0
2023-08-30 12:00:00+00:00,1.0878999999999999,1.088935,1.0874700000000002,1.08862,0
2023-08-30 12:15:00+00:00,1.088625,1.090195,1.088625,1.089375,0
2023-08-30 12:30:00+00:00,1.089385,1.0919850000000002,1.08938,1.0915949999999999,0
2023-08-30 12:45:00+00:00,1.0915949999999999,1.09259,1.0914350000000002,1.0921150000000002,0
2023-08-30 21:00:00+00:00,1.09234,1.09261,1.092075,1.0922800000000001,0
2023-08-30 21:15:00+00:00,1.0922749999999999,1.09254,1.0922049999999999,1.09249,0
2023-08-30 21:30:00+00:00,1.092495,1.0925500000000001,1.0924200000000002,1.09247,0
2023-08-30 21:45:00+00:00,1.0924800000000001,1.09266,1.092425,1.092535,0
2023-08-31 02:00:00+00:00,1.092925,1.092985,1.09238,1.0924649999999998,0
2023-08-31 02:15:00+00:00,1.092485,1.09281,1.092485,1.09256,0
2023-08-31 02:30:00+00:00,1.092555,1.092555,1.092235,1.09238,0
2023-08-31 02:45:00+00:00,1.0923850000000002,1.0924,1.092105,1.0921949999999998,0
2023-08-31 15:00:00+00:00,1.0854750000000002,1.0859100000000002,1.0843349999999998,1.0844749999999999,0
2023-08-31 15:15:00+00:00,1.084455,1.0849199999999999,1.084305,1.08483,0
2023-08-31 15:30:00+00:00,1.084825,1.08486,1.083765,1.08382,0
2023-08-31 15:45:00+00:00,1.0838100000000002,1.084165,1.083675,1.0838700000000001,0
2023-08-31 21:00:00+00:00,1.0843500000000001,1.084405,1.08405,1.0842800000000001,0
2023-08-31 21:15:00+00:00,1.0842749999999999,1.08444,1.0842299999999998,1.0843349999999998,0
2023-08-31 21:30:00+00:00,1.08433,1.0844399999999998,1.084175,1.084175,0
2023-08-31 21:45:00+00:00,1.08419,1.0842450000000001,1.084165,1.084225,0
2023-09-01 00:00:00+00:00,1.084235,1.0845,1.0840450000000001,1.084055,0
2023-09-01 00:15:00+00:00,1.08405,1.084125,1.0838,1.0839949999999998,0
2023-09-01 00:30:00+00:00,1.084,1.0840100000000001,1.08373,1.08384,0
2023-09-01 00:45:00+00:00,1.08382,1.083875,1.0836450000000002,1.08378,0
2023-09-01 19:00:00+00:00,1.07788,1.078055,1.07765,1.077655,0
2023-09-01 19:15:00+00:00,1.0776599999999998,1.0777700000000001,1.0773350000000002,1.0773899999999998,0
2023-09-01 19:30:00+00:00,1.077395,1.077455,1.07724,1.07729,0
2023-09-01 19:45:00+00:00,1.07728,1.0775000000000001,1.0772249999999999,1.0775000000000001,0
2023-09-04 06:00:00+00:00,1.0786850000000001,1.0791,1.07836,1.07865,0
2023-09-04 06:15:00+00:00,1.078655,1.07911,1.078565,1.07905,0
2023-09-04 06:30:00+00:00,1.0790449999999998,1.079425,1.078945,1.0791300000000001,0
2023-09-04 06:45:00+00:00,1.07914,1.07932,1.0789900000000001,1.079005,0
2023-09-04 22:00:00+00:00,1.0795249999999998,1.0797949999999998,1.079485,1.07978,0
2023-09-04 22:15:00+00:00,1.0797750000000002,1.079785,1.07966,1.079685,0
2023-09-04 22:30:00+00:00,1.0796899999999998,1.0796999999999999,1.079475,1.079545,0
2023-09-04 22:45:00+00:00,1.0795400000000002,1.079545,1.079475,1.079475,0
2023-09-05 18:00:00+00:00,1.0723,1.0724200000000002,1.07209,1.072355,0
2023-09-05 18:15:00+00:00,1.07236,1.07268,1.072305,1.072465,0
2023-09-05 18:30:00+00:00,1.07246,1.072505,1.0723,1.0723500000000001,0
2023-09-05 18:45:00+00:00,1.072355,1.07236,1.0720800000000001,1.07216,0
2023-09-05 19:00:00+00:00,1.072165,1.0723150000000001,1.0719400000000001,1.072,0
2023-09-05 19:15:00+00:00,1.0720049999999999,1.072505,1.07195,1.07246,0
2023-09-05 19:30:00+00:00,1.072465,1.07273,1.0724,1.07257,0
2023-09-05 19:45:00+00:00,1.07256,1.07267,1.07203,1.072145,0
2023-09-06 05:00:00+00:00,1.073595,1.073665,1.0733549999999998,1.07355,0
2023-09-06 05:15:00+00:00,1.0735549999999998,1.0735649999999999,1.0732750000000002,1.07347,0
2023-09-06 05:30:00+00:00,1.0734599999999999,1.07378,1.073315,1.0735549999999998,0
2023-09-06 05:45:00+00:00,1.0735649999999999,1.0738699999999999,1.073325,1.0738249999999998,0
2023-09-06 21:00:00+00:00,1.072745,1.072775,1.07239,1.07247,0
2023-09-06 21:15:00+00:00,1.0724749999999998,1.0725099999999999,1.07239,1.07239,0
2023-09-06 21:30:00+00:00,1.0723850000000001,1.07263,1.072355,1.072415,0
2023-09-06 21:45:00+00:00,1.072425,1.072495,1.07239,1.072485,0
2023-09-07 03:00:00+00:00,1.0727950000000002,1.072835,1.0725500000000001,1.07263,0
2023-09-07 03:15:00+00:00,1.072625,1.07288,1.072485,1.0728550000000001,0
2023-09-07 03:30:00+00:00,1.0728499999999999,1.0731899999999999,1.07277,1.073125,0
2023-09-07 03:45:00+00:00,1.07313,1.0731449999999998,1.07294,1.072985,0
2023-09-07 05:00:00+00:00,1.0719249999999998,1.072025,1.0717249999999998,1.07187,0
2023-09-07 05:15:00+00:00,1.0718649999999998,1.0719699999999999,1.07157,1.0717349999999999,0
2023-09-07 05:30:00+00:00,1.07173,1.072155,1.0717050000000001,1.071965,0
2023-09-07 05:45:00+00:00,1.0719750000000001,1.072095,1.07168,1.07193,0
2023-09-07 20:00:00+00:00,1.0695000000000001,1.0698699999999999,1.0694849999999998,1.06976,0
2023-09-07 20:15:00+00:00,1.06975,1.0698050000000001,1.0696150000000002,1.0696400000000001,0
2023-09-07 20:30:00+00:00,1.069645,1.06979,1.0695350000000001,1.069645,0
2023-09-07 20:45:00+00:00,1.069665,1.069665,1.0695700000000001,1.06965,0
2023-09-11 19:00:00+00:00,1.074545,1.07477,1.074545,1.074565,0
2023-09-11 19:15:00+00:00,1.07455,1.07492,1.074455,1.074885,0
2023-09-11 19:30:00+00:00,1.07487,1.07504,1.0747849999999999,1.074795,0
2023-09-11 19:45:00+00:00,1.074805,1.07498,1.07465,1.0749,0
2023-09-13 22:00:00+00:00,1.0730400000000002,1.0734,1.072965,1.07329,0
2023-09-13 22:15:00+00:00,1.07328,1.073375,1.07324,1.0733549999999998,0
2023-09-13 22:30:00+00:00,1.07335,1.07341,1.0731799999999998,1.0733350000000002,0
2023-09-13 22:45:00+00:00,1.073315,1.073345,1.0731700000000002,1.0733000000000001,0
2023-09-14 05:00:00+00:00,1.0747200000000001,1.07503,1.0747200000000001,1.0749650000000002,0
2023-09-14 05:15:00+00:00,1.07497,1.075205,1.074935,1.075195,0
2023-09-14 05:30:00+00:00,1.0752000000000002,1.075215,1.07498,1.074995,0
2023-09-14 05:45:00+00:00,1.07501,1.07504,1.0746449999999999,1.0747849999999999,0
2023-09-14 19:00:00+00:00,1.0634899999999998,1.06393,1.0634299999999999,1.0638649999999998,0
2023-09-14 19:15:00+00:00,1.06386,1.0640100000000001,1.06369,1.063965,0
2023-09-14 19:30:00+00:00,1.0639699999999999,1.0642800000000001,1.063825,1.064155,0
2023-09-14 19:45:00+00:00,1.06416,1.064425,1.06407,1.064265,0
2023-09-15 13:00:00+00:00,1.0650499999999998,1.06662,1.064975,1.06647,0
2023-09-15 13:15:00+00:00,1.066475,1.0667650000000002,1.066025,1.066585,0
2023-09-15 13:30:00+00:00,1.0665900000000001,1.0667849999999999,1.06601,1.0661749999999999,0
2023-09-15 13:45:00+00:00,1.06617,1.0664850000000001,1.06575,1.066225,0
2023-09-18 15:00:00+00:00,1.06751,1.06789,1.067415,1.0676299999999999,0
2023-09-18 15:15:00+00:00,1.06764,1.0685799999999999,1.0675,1.0685,0
2023-09-18 15:30:00+00:00,1.068505,1.069525,1.0683950000000002,1.069515,0
2023-09-18 15:45:00+00:00,1.069545,1.0698699999999999,1.0694,1.06941,0
2023-09-19 02:00:00+00:00,1.0683850000000001,1.0686200000000001,1.0682200000000002,1.0686200000000001,0
2023-09-19 02:15:00+00:00,1.0686149999999999,1.068775,1.0684550000000002,1.0685099999999998,0
2023-09-19 02:30:00+00:00,1.068505,1.0685099999999998,1.06837,1.0684200000000001,0
2023-09-19 02:45:00+00:00,1.068425,1.06857,1.06823,1.06846,0
2023-09-19 17:00:00+00:00,1.06848,1.068565,1.068225,1.06839,0
2023-09-19 17:15:00+00:00,1.0684200000000001,1.068895,1.068365,1.0688849999999999,0
2023-09-19 17:30:00+00:00,1.06888,1.06918,1.0688149999999998,1.06884,0
2023-09-19 17:45:00+00:00,1.068835,1.0689,1.06846,1.068475,0
2023-09-19 22:00:00+00:00,1.068,1.06811,1.06784,1.0680399999999999,0
2023-09-19 22:15:00+00:00,1.068055,1.0681500000000002,1.067955,1.0681500000000002,0
2023-09-19 22:30:00+00:00,1.068155,1.06829,1.068145,1.0682399999999999,0
2023-09-19 22:45:00+00:00,1.0682450000000001,1.0682649999999998,1.06813,1.068225,0
2023-09-20 03:00:00+00:00,1.06829,1.068425,1.06814,1.068225,0
2023-09-20 03:15:00+00:00,1.068215,1.0683500000000001,1.0681349999999998,1.0682749999999999,0
2023-09-20 03:30:00+00:00,1.068265,1.06829,1.067885,1.0679949999999998,0
2023-09-20 03:45:00+00:00,1.06799,1.06799,1.067825,1.06796,0
2023-09-20 14:00:00+00:00,1.07171,1.07272,1.071605,1.0720649999999998,0
2023-09-20 14:15:00+00:00,1.07206,1.072085,1.0713,1.07177,0
2023-09-20 14:30:00+00:00,1.071785,1.07239,1.0717349999999999,1.07225,0
2023-09-20 14:45:00+00:00,1.0722550000000002,1.0722749999999999,1.071695,1.0719699999999999,0
2023-09-21 16:00:00+00:00,1.06635,1.0665650000000002,1.065705,1.066005,0
2023-09-21 16:15:00+00:00,1.065995,1.0662099999999999,1.065455,1.065935,0
2023-09-21 16:30:00+00:00,1.06592,1.0663399999999998,1.065735,1.06585,0
2023-09-21 16:45:00+00:00,1.0658750000000001,1.066655,1.065575,1.06558,0
2023-09-22 02:00:00+00:00,1.0643349999999998,1.0648749999999998,1.06425,1.0648149999999998,0
2023-09-22 02:15:00+00:00,1.06482,1.06504,1.06468,1.064845,0
2023-09-22 02:30:00+00:00,1.0648499999999999,1.06497,1.06475,1.06486,0
2023-09-22 02:45:00+00:00,1.0648749999999998,1.065175,1.06441,1.064805,0
2023-09-22 17:00:00+00:00,1.0655649999999999,1.0659399999999999,1.0654949999999999,1.0658850000000002,0
2023-09-22 17:15:00+00:00,1.06589,1.06615,1.065585,1.06569,0
2023-09-22 17:30:00+00:00,1.065665,1.065665,1.06524,1.065375,0
2023-09-22 17:45:00+00:00,1.06538,1.0654400000000002,1.065175,1.0651899999999999,0
2023-09-25 02:00:00+00:00,1.06468,1.0647000000000002,1.0644399999999998,1.0646049999999998,0
2023-09-25 02:15:00+00:00,1.06461,1.06467,1.0643150000000001,1.0644200000000001,0
2023-09-25 02:30:00+00:00,1.06443,1.06481,1.0643449999999999,1.0647449999999998,0
2023-09-25 02:45:00+00:00,1.06474,1.064965,1.06471,1.0649,0
2023-09-25 16:00:00+00:00,1.05901,1.059635,1.058815,1.05952,0
2023-09-25 16:15:00+00:00,1.0595249999999998,1.0596299999999998,1.05928,1.0593650000000001,0
2023-09-25 16:30:00+00:00,1.0593599999999999,1.0593599999999999,1.0590549999999999,1.0590600000000001,0
2023-09-25 16:45:00+00:00,1.0590950000000001,1.0591599999999999,1.0587749999999998,1.05892,0
2023-09-26 09:00:00+00:00,1.059605,1.0598800000000002,1.0593400000000002,1.0598649999999998,0
2023-09-26 09:15:00+00:00,1.05987,1.06016,1.05975,1.06006,0
2023-09-26 09:30:00+00:00,1.0600550000000002,1.0603,1.0598649999999998,1.060035,0
2023-09-26 09:45:00+00:00,1.0600450000000001,1.060305,1.05968,1.0597349999999999,0
2023-09-26 23:00:00+00:00,1.057145,1.0573299999999999,1.05714,1.0573199999999998,0
2023-09-26 23:15:00+00:00,1.057315,1.0573199999999998,1.05684,1.05708,0
2023-09-26 23:30:00+00:00,1.0570750000000002,1.057245,1.056775,1.0567799999999998,0
2023-09-26 23:45:00+00:00,1.056775,1.05701,1.056775,1.0569199999999999,0
2023-09-27 11:00:00+00:00,1.05542,1.055485,1.054885,1.0548899999999999,0
2023-09-27 11:15:00+00:00,1.05488,1.05488,1.053455,1.05383,0
2023-09-27 11:30:00+00:00,1.053855,1.0541,1.053445,1.0538750000000001,0
2023-09-27 11:45:00+00:00,1.0538699999999999,1.054535,1.053665,1.0539550000000002,0
2023-09-28 04:00:00+00:00,1.050405,1.050405,1.0498150000000002,1.049925,0
2023-09-28 04:15:00+00:00,1.0499450000000001,1.050065,1.0497049999999999,1.0500099999999999,0
2023-09-28 04:30:00+00:00,1.0500150000000001,1.050465,1.0500099999999999,1.05045,0
2023-09-28 04:45:00+00:00,1.050455,1.0506,1.0503149999999999,1.0504250000000002,0
2023-09-28 18:00:00+00:00,1.055085,1.05578,1.05499,1.05576,0
2023-09-28 18:15:00+00:00,1.05575,1.0564550000000001,1.05572,1.05632,0
2023-09-28 18:30:00+00:00,1.0563349999999998,1.0563799999999999,1.05549,1.055925,0
2023-09-28 18:45:00+00:00,1.05591,1.056175,1.055335,1.0554999999999999,0
2023-09-29 08:00:00+00:00,1.06064,1.0606499999999999,1.059945,1.0602399999999998,0
2023-09-29 08:15:00+00:00,1.060245,1.060765,1.0599500000000002,1.0603799999999999,0
2023-09-29 08:30:00+00:00,1.0603850000000001,1.061195,1.0601099999999999,1.06102,0
2023-09-29 08:45:00+00:00,1.06104,1.0616599999999998,1.060545,1.0609600000000001,0
2023-09-29 14:00:00+00:00,1.05811,1.0583,1.0571199999999998,1.0575450000000002,0
2023-09-29 14:15:00+00:00,1.05755,1.057705,1.057,1.05718,0
2023-09-29 14:30:00+00:00,1.0571899999999999,1.058265,1.0571899999999999,1.0582349999999998,0
2023-09-29 14:45:00+00:00,1.0582500000000001,1.059285,1.057725,1.05871,0
2023-10-01 21:00:00+00:00,1.057,1.057305,1.057,1.057125,0
2023-10-01 21:15:00+00:00,1.05715,1.057235,1.05689,1.056985,0
2023-10-01 21:30:00+00:00,1.0569600000000001,1.0569899999999999,1.056635,1.056645,0
2023-10-01 21:45:00+00:00,1.056635,1.0569199999999999,1.056485,1.0568849999999999,0
2023-10-02 08:00:00+00:00,1.0572300000000001,1.05782,1.0570849999999998,1.057205,0
2023-10-02 08:15:00+00:00,1.0571899999999999,1.0571899999999999,1.0561699999999998,1.0567199999999999,0
2023-10-02 08:30:00+00:00,1.05671,1.05682,1.0562749999999999,1.05646,0
2023-10-02 08:45:00+00:00,1.056455,1.056545,1.056,1.05623,0
2023-10-03 01:00:00+00:00,1.04725,1.047485,1.0467849999999999,1.04681,0
2023-10-03 01:15:00+00:00,1.046815,1.0474649999999999,1.046775,1.0470700000000002,0
2023-10-03 01:30:00+00:00,1.047075,1.04742,1.0469499999999998,1.0473,0
2023-10-03 01:45:00+00:00,1.04728,1.047425,1.046965,1.047135,0
2023-10-03 15:00:00+00:00,1.04757,1.047585,1.04615,1.0464449999999998,0
2023-10-03 15:15:00+00:00,1.04645,1.0466350000000002,1.045775,1.0459999999999998,0
2023-10-03 15:30:00+00:00,1.045995,1.0464449999999998,1.0452,1.04531,0
2023-10-03 15:45:00+00:00,1.045305,1.0456050000000001,1.044835,1.045265,0
2023-10-03 22:00:00+00:00,1.0465149999999999,1.04677,1.0464799999999999,1.046745,0
2023-10-03 22:15:00+00:00,1.0467499999999998,1.046795,1.0466600000000001,1.04672,0
2023-10-03 22:30:00+00:00,1.04671,1.046735,1.0465200000000001,1.0467149999999998,0
2023-10-03 22:45:00+00:00,1.04672,1.04674,1.046435,1.046475,0
2023-10-04 11:00:00+00:00,1.0503399999999998,1.05165,1.0503049999999998,1.051565,0
2023-10-04 11:15:00+00:00,1.0515599999999998,1.051605,1.0506449999999998,1.050995,0
2023-10-04 11:30:00+00:00,1.05098,1.05098,1.050415,1.050685,0
2023-10-04 11:45:00+00:00,1.05069,1.051015,1.0497999999999998,1.04981,0
2023-10-04 17:00:00+00:00,1.05122,1.05131,1.050685,1.05076,0
2023-10-04 17:15:00+00:00,1.05077,1.051085,1.0501900000000002,1.0502349999999998,0
2023-10-04 17:30:00+00:00,1.05024,1.0505849999999999,1.050095,1.0503749999999998,0
2023-10-04 17:45:00+00:00,1.050385,1.0505200000000001,1.05019,1.050295,0
2023-10-05 01:00:00+00:00,1.05202,1.0528849999999998,1.052015,1.052805,0
2023-10-05 01:15:00+00:00,1.0527950000000001,1.05281,1.05219,1.05219,0
2023-10-05 01:30:00+00:00,1.052175,1.0525250000000002,1.05203,1.0525250000000002,0
2023-10-05 01:45:00+00:00,1.05252,1.05289,1.0521449999999999,1.05286,0
2023-10-05 14:00:00+00:00,1.052525,1.052525,1.051275,1.05199,0
2023-10-05 14:15:00+00:00,1.051995,1.053315,1.05175,1.05279,0
2023-10-05 14:30:00+00:00,1.0527799999999998,1.05295,1.05172,1.0521500000000001,0
2023-10-05 14:45:00+00:00,1.05214,1.0532599999999999,1.051765,1.05302,0
2023-10-05 21:00:00+00:00,1.0549,1.05498,1.054735,1.05477,0
2023-10-05 21:15:00+00:00,1.05476,1.0549300000000001,1.0547,1.05487,0
2023-10-05 21:30:00+00:00,1.054865,1.05501,1.054815,1.05491,0
2023-10-05 21:45:00+00:00,1.054915,1.054975,1.0548899999999999,1.0548899999999999,0
2023-10-06 06:00:00+00:00,1.053515,1.05402,1.0534249999999998,1.0538699999999999,0
2023-10-06 06:15:00+00:00,1.05389,1.0540349999999998,1.053435,1.05354,0
2023-10-06 06:30:00+00:00,1.053555,1.0536750000000001,1.053215,1.05336,0
2023-10-06 06:45:00+00:00,1.05334,1.053585,1.0531549999999998,1.05347,0
2023-10-06 19:00:00+00:00,1.059355,1.05938,1.05888,1.0590600000000001,0
2023-10-06 19:15:00+00:00,1.0590449999999998,1.0594350000000001,1.058935,1.0594350000000001,0
2023-10-06 19:30:00+00:00,1.0594299999999999,1.05962,1.05925,1.059345,0
2023-10-06 19:45:00+00:00,1.0593400000000002,1.059605,1.05891,1.058975,0
2023-10-08 23:00:00+00:00,1.0558299999999998,1.0563600000000002,1.0558299999999998,1.05626,0
2023-10-08 23:15:00+00:00,1.056265,1.0566550000000001,1.056265,1.0564,0
2023-10-08 23:30:00+00:00,1.0563799999999999,1.056745,1.05614,1.056745,0
2023-10-08 23:45:00+00:00,1.0567600000000001,1.056835,1.0563099999999999,1.056625,0
2023-10-09 09:00:00+00:00,1.0541749999999999,1.054405,1.0539049999999999,1.0543550000000002,0
2023-10-09 09:15:00+00:00,1.05436,1.054505,1.05417,1.0542349999999998,0
2023-10-09 09:30:00+00:00,1.0542250000000002,1.0542250000000002,1.0533549999999998,1.05336,0
2023-10-09 09:45:00+00:00,1.0533549999999998,1.0535299999999999,1.05308,1.053355,0
2023-10-09 21:00:00+00:00,1.05669,1.0566900000000001,1.056285,1.0566149999999999,0
2023-10-09 21:15:00+00:00,1.056625,1.05667,1.0565799999999999,1.05658,0
2023-10-09 21:30:00+00:00,1.056595,1.056645,1.056555,1.05659,0
2023-10-09 21:45:00+00:00,1.056585,1.0567549999999999,1.0565600000000002,1.0566,0
2023-10-10 10:00:00+00:00,1.0602,1.0604749999999998,1.0597850000000002,1.06014,0
2023-10-10 10:15:00+00:00,1.060155,1.060215,1.05948,1.059555,0
2023-10-10 10:30:00+00:00,1.05958,1.05996,1.059495,1.0598049999999999,0
2023-10-10 10:45:00+00:00,1.0598,1.059815,1.059085,1.0592199999999998,0
2023-10-10 19:00:00+00:00,1.0598800000000002,1.0601,1.05953,1.0596700000000001,0
2023-10-10 19:15:00+00:00,1.05966,1.0600049999999999,1.05939,1.0599349999999998,0
2023-10-10 19:30:00+00:00,1.05993,1.0603349999999998,1.059885,1.06029,0
2023-10-10 19:45:00+00:00,1.060295,1.06064,1.060295,1.06047,0
2023-10-11 11:00:00+00:00,1.060195,1.06088,1.060155,1.060215,0
2023-10-11 11:15:00+00:00,1.06021,1.060365,1.05965,1.059965,0
2023-10-11 11:30:00+00:00,1.0599750000000001,1.0604200000000001,1.059755,1.0601150000000001,0
2023-10-11 11:45:00+00:00,1.06012,1.060575,1.0600100000000001,1.0604,0
2023-10-12 01:00:00+00:00,1.0622500000000001,1.0625149999999999,1.0621450000000001,1.062465,0
2023-10-12 01:15:00+00:00,1.0624699999999998,1.062675,1.0621749999999999,1.062205,0
2023-10-12 01:30:00+00:00,1.0621999999999998,1.062685,1.062025,1.0626449999999998,0
2023-10-12 01:45:00+00:00,1.06265,1.062685,1.0623900000000002,1.0624799999999999,0
2023-10-12 19:00:00+00:00,1.052675,1.053255,1.05266,1.05293,0
2023-10-12 19:15:00+00:00,1.052915,1.053195,1.052875,1.053125,0
2023-10-12 19:30:00+00:00,1.0531199999999998,1.0534,1.0530149999999998,1.0530149999999998,0
2023-10-12 19:45:00+00:00,1.05301,1.05311,1.0527950000000001,1.0530750000000002,0
2023-10-13 09:00:00+00:00,1.05538,1.05549,1.0544,1.054415,0
2023-10-13 09:15:00+00:00,1.0544099999999998,1.05485,1.05433,1.054405,0
2023-10-13 09:30:00+00:00,1.0544099999999998,1.0544449999999999,1.05345,1.0535299999999999,0
2023-10-13 09:45:00+00:00,1.05352,1.0536050000000001,1.05279,1.05295,0
2023-10-16 10:00:00+00:00,1.0531899999999998,1.053255,1.0527799999999998,1.05291,0
2023-10-16 10:15:00+00:00,1.052895,1.0534249999999998,1.052895,1.053105,0
2023-10-16 10:30:00+00:00,1.05311,1.0534249999999998,1.053055,1.05342,0
2023-10-16 10:45:00+00:00,1.0534,1.05347,1.053115,1.0532400000000002,0
2023-10-17 02:00:00+00:00,1.05525,1.055295,1.054625,1.055015,0
2023-10-17 02:15:00+00:00,1.05501,1.05506,1.054755,1.0548199999999999,0
2023-10-17 02:30:00+00:00,1.0548,1.054995,1.0548,1.05488,0
2023-10-17 02:45:00+00:00,1.054875,1.055145,1.054815,1.0550000000000002,0
2023-10-17 16:00:00+00:00,1.059225,1.05949,1.0591149999999998,1.059225,0
2023-10-17 16:15:00+00:00,1.0592199999999998,1.0594649999999999,1.058595,1.059245,0
2023-10-17 16:30:00+00:00,1.0592350000000001,1.0592700000000002,1.0582850000000001,1.0583399999999998,0
2023-10-17 16:45:00+00:00,1.058335,1.058575,1.0578699999999999,1.05796,0
2023-10-18 08:00:00+00:00,1.0578850000000002,1.057985,1.05741,1.057795,0
2023-10-18 08:15:00+00:00,1.0578150000000002,1.0578949999999998,1.05734,1.0574400000000002,0
2023-10-18 08:30:00+00:00,1.057435,1.058395,1.05741,1.0583399999999998,0
2023-10-18 08:45:00+00:00,1.058335,1.0585,1.0581049999999999,1.05833,0
2023-10-19 00:00:00+00:00,1.05382,1.05399,1.0537450000000002,1.0537450000000002,0
2023-10-19 00:15:00+00:00,1.053725,1.053915,1.0532849999999998,1.0535649999999999,0
2023-10-19 00:30:00+00:00,1.05356,1.05375,1.05341,1.053575,0
2023-10-19 00:45:00+00:00,1.05358,1.0539450000000001,1.0534599999999998,1.0538949999999998,0
2023-10-19 03:00:00+00:00,1.053505,1.0537,1.0534400000000002,1.0535450000000002,0
2023-10-19 03:15:00+00:00,1.05354,1.05369,1.053255,1.053415,0
2023-10-19 03:30:00+00:00,1.05343,1.053525,1.0533100000000002,1.053395,0
2023-10-19 03:45:00+00:00,1.0534,1.0534249999999998,1.053255,1.053395,0
2023-10-19 06:00:00+00:00,1.053305,1.05347,1.052825,1.053045,0
2023-10-19 06:15:00+00:00,1.05304,1.0539450000000001,1.0530249999999999,1.0533649999999999,0
2023-10-19 06:30:00+00:00,1.053385,1.053985,1.0532650000000001,1.0539800000000001,0
2023-10-19 06:45:00+00:00,1.05397,1.0542250000000002,1.0538949999999998,1.054025,0
2023-10-19 20:00:00+00:00,1.058795,1.0588,1.058205,1.0582500000000001,0
2023-10-19 20:15:00+00:00,1.058255,1.0583399999999998,1.0581399999999999,1.0583399999999998,0
2023-10-19 20:30:00+00:00,1.058305,1.058305,1.058045,1.058095,0
2023-10-19 20:45:00+00:00,1.05809,1.058275,1.058045,1.058265,0
2023-10-20 00:00:00+00:00,1.05863,1.05865,1.05789,1.0579450000000001,0
2023-10-20 00:15:00+00:00,1.05795,1.058025,1.0575450000000002,1.057585,0
2023-10-20 00:30:00+00:00,1.05759,1.0578949999999998,1.057435,1.0576850000000002,0
2023-10-20 00:45:00+00:00,1.0576750000000001,1.057715,1.05738,1.0576150000000002,0
2023-10-20 04:00:00+00:00,1.05761,1.0576349999999999,1.05743,1.057445,0
2023-10-20 04:15:00+00:00,1.05745,1.0575,1.05735,1.05742,0
2023-10-20 04:30:00+00:00,1.0574249999999998,1.057655,1.057415,1.05755,0
2023-10-20 04:45:00+00:00,1.05756,1.05774,1.057465,1.0575450000000002,0
2023-10-23 06:00:00+00:00,1.0577450000000002,1.05799,1.0576150000000002,1.05776,0
2023-10-23 06:15:00+00:00,1.05777,1.0577999999999999,1.0571549999999998,1.05761,0
2023-10-23 06:30:00+00:00,1.057615,1.05822,1.05758,1.0581649999999998,0
2023-10-23 06:45:00+00:00,1.05816,1.058645,1.058095,1.0582500000000001,0
2023-10-23 22:00:00+00:00,1.0668449999999998,1.0671,1.0668449999999998,1.0671,0
2023-10-23 22:15:00+00:00,1.0670950000000001,1.06721,1.06705,1.06721,0
2023-10-23 22:30:00+00:00,1.0672000000000001,1.067205,1.066885,1.0669,0
2023-10-23 22:45:00+00:00,1.06691,1.066955,1.066805,1.066805,0
2023-10-24 10:00:00+00:00,1.0636700000000001,1.0639699999999999,1.06364,1.0636899999999998,0
2023-10-24 10:15:00+00:00,1.0636649999999999,1.0637249999999998,1.063015,1.06355,0
2023-10-24 10:30:00+00:00,1.063545,1.063755,1.0630950000000001,1.06318,0
2023-10-24 10:45:00+00:00,1.063175,1.063345,1.0621800000000001,1.062545,0
2023-10-25 11:00:00+00:00,1.05745,1.057705,1.05711,1.0572750000000002,0
2023-10-25 11:15:00+00:00,1.05728,1.0576699999999999,1.0571000000000002,1.0576349999999999,0
2023-10-25 11:30:00+00:00,1.05763,1.0579,1.05756,1.0576050000000001,0
2023-10-25 11:45:00+00:00,1.05761,1.057785,1.056975,1.0572849999999998,0
2023-10-25 14:00:00+00:00,1.0581049999999999,1.0581049999999999,1.056825,1.05741,0
2023-10-25 14:15:00+00:00,1.057415,1.0578850000000002,1.05728,1.0577649999999998,0
2023-10-25 14:30:00+00:00,1.05776,1.0590350000000002,1.0577100000000002,1.0587149999999999,0
2023-10-25 14:45:00+00:00,1.05872,1.059145,1.05811,1.0585200000000001,0
2023-10-25 21:00:00+00:00,1.056635,1.057045,1.056635,1.056825,0
2023-10-25 21:15:00+00:00,1.0568300000000002,1.0568300000000002,1.056585,1.05676,0
2023-10-25 21:30:00+00:00,1.056785,1.05689,1.056635,1.056775,0
2023-10-25 21:45:00+00:00,1.05677,1.05688,1.056725,1.056785,0
2023-10-26 01:00:00+00:00,1.055975,1.0560649999999998,1.0558,1.05585,0
2023-10-26 01:15:00+00:00,1.055855,1.05614,1.05564,1.05593,0
2023-10-26 01:30:00+00:00,1.055935,1.05609,1.055625,1.0556800000000002,0
2023-10-26 01:45:00+00:00,1.055645,1.05585,1.055415,1.0555050000000001,0
2023-10-26 11:00:00+00:00,1.053735,1.0539049999999999,1.053515,1.05355,0
2023-10-26 11:15:00+00:00,1.05355,1.0537100000000001,1.053305,1.053545,0
2023-10-26 11:30:00+00:00,1.053555,1.053575,1.053115,1.0533299999999999,0
2023-10-26 11:45:00+00:00,1.0533350000000001,1.0538850000000002,1.05329,1.0536349999999999,0
2023-10-26 14:00:00+00:00,1.05469,1.0548449999999998,1.05334,1.053375,0
2023-10-26 14:15:00+00:00,1.05338,1.054145,1.053345,1.05406,0
2023-10-26 14:30:00+00:00,1.0540500000000002,1.0543049999999998,1.053115,1.0539999999999998,0
2023-10-26 14:45:00+00:00,1.0539749999999999,1.0544950000000002,1.053665,1.0542850000000001,0
2023-10-26 18:00:00+00:00,1.0550700000000002,1.05548,1.0549149999999998,1.05545,0
2023-10-26 18:15:00+00:00,1.055455,1.055795,1.055425,1.055795,0
2023-10-26 18:30:00+00:00,1.0558,1.056465,1.05578,1.0563150000000001,0
2023-10-26 18:45:00+00:00,1.056305,1.05636,1.05598,1.056105,0
2023-10-26 21:00:00+00:00,1.056255,1.056335,1.05589,1.05605,0
2023-10-26 21:15:00+00:00,1.0560399999999999,1.0561,1.05595,1.056095,0
2023-10-26 21:30:00+00:00,1.0561,1.056245,1.0560749999999999,1.056165,0
2023-10-26 21:45:00+00:00,1.056155,1.05618,1.05605,1.0561150000000001,0
2023-10-26 22:00:00+00:00,1.0561150000000001,1.05652,1.056105,1.0563500000000001,0
2023-10-26 22:15:00+00:00,1.0563600000000002,1.056465,1.0563,1.05633,0
2023-10-26 22:30:00+00:00,1.0563449999999999,1.056485,1.056285,1.056445,0
2023-10-26 22:45:00+00:00,1.05643,1.05648,1.056375,1.05645,0
2023-10-27 01:00:00+00:00,1.05578,1.05585,1.0553400000000002,1.05537,0
2023-10-27 01:15:00+00:00,1.0553750000000002,1.055595,1.055255,1.0554350000000001,0
2023-10-27 01:30:00+00:00,1.05541,1.055815,1.05533,1.0557850000000002,0
2023-10-27 01:45:00+00:00,1.05579,1.05623,1.0557349999999999,1.05589,0
2023-10-27 05:00:00+00:00,1.05673,1.05689,1.05653,1.0566300000000002,0
2023-10-27 05:15:00+00:00,1.056625,1.056905,1.0566200000000001,1.0566849999999999,0
2023-10-27 05:30:00+00:00,1.0566900000000001,1.0569950000000001,1.056585,1.0566499999999999,0
2023-10-27 05:45:00+00:00,1.056645,1.056985,1.056645,1.0569350000000002,0
2023-10-27 15:00:00+00:00,1.05783,1.059035,1.057745,1.05894,0
2023-10-27 15:15:00+00:00,1.058935,1.059495,1.05847,1.0594649999999999,0
2023-10-27 15:30:00+00:00,1.0594700000000001,1.05971,1.0591849999999998,1.0594700000000001,0
2023-10-27 15:45:00+00:00,1.059475,1.059475,1.0590000000000002,1.059135,0
2023-10-27 18:00:00+00:00,1.0567250000000001,1.05701,1.05632,1.0566,0
2023-10-27 18:15:00+00:00,1.056585,1.0567549999999999,1.056235,1.05627,0
2023-10-27 18:30:00+00:00,1.05625,1.05695,1.0562399999999998,1.05687,0
2023-10-27 18:45:00+00:00,1.0568650000000002,1.05736,1.0565099999999998,1.056785,0
2023-10-27 20:00:00+00:00,1.057075,1.0570750000000002,1.05673,1.056805,0
2023-10-27 20:15:00+00:00,1.05681,1.056845,1.0566650000000002,1.0567000000000002,0
2023-10-27 20:30:00+00:00,1.0566900000000001,1.0567199999999999,1.05634,1.05639,0
2023-10-27 20:45:00+00:00,1.0563950000000002,1.056605,1.05626,1.05626,0
2023-10-29 21:00:00+00:00,1.05704,1.0570599999999999,1.05657,1.05659,0
2023-10-29 21:15:00+00:00,1.056595,1.0575700000000001,1.0565449999999998,1.05686,0
2023-10-29 21:30:00+00:00,1.056845,1.05697,1.056785,1.05684,0
2023-10-29 21:45:00+00:00,1.056855,1.056855,1.0565449999999998,1.056645,0
2023-10-29 23:00:00+00:00,1.05613,1.05616,1.05591,1.055965,0
2023-10-29 23:15:00+00:00,1.05596,1.056105,1.0558999999999998,1.05596,0
2023-10-29 23:30:00+00:00,1.055975,1.056335,1.055975,1.0563099999999999,0
2023-10-29 23:45:00+00:00,1.056305,1.0564049999999998,1.056195,1.056195,0
2023-10-30 01:00:00+00:00,1.05626,1.0564,1.056155,1.056215,0
2023-10-30 01:15:00+00:00,1.05623,1.056265,1.05596,1.0560450000000001,0
2023-10-30 01:30:00+00:00,1.05605,1.0562,1.056025,1.056145,0
2023-10-30 01:45:00+00:00,1.0561500000000001,1.0563850000000001,1.0560649999999998,1.0563850000000001,0
2023-10-30 21:00:00+00:00,1.061515,1.0618750000000001,1.061515,1.06159,0
2023-10-30 21:15:00+00:00,1.0616050000000001,1.0616500000000002,1.061575,1.06163,0
2023-10-30 21:30:00+00:00,1.061615,1.061655,1.061575,1.061615,0
2023-10-30 21:45:00+00:00,1.0616050000000001,1.06163,1.061465,1.061555,0
2023-10-31 00:00:00+00:00,1.0614050000000002,1.0614400000000002,1.0609549999999999,1.061055,0
2023-10-31 00:15:00+00:00,1.06108,1.0613450000000002,1.06106,1.0611549999999998,0
2023-10-31 00:30:00+00:00,1.061165,1.0613700000000001,1.061125,1.06114,0
2023-10-31 00:45:00+00:00,1.0611350000000002,1.0612750000000002,1.06097,1.0611549999999998,0
2023-10-31 03:00:00+00:00,1.060105,1.0601250000000002,1.0595249999999998,1.0596549999999998,0
2023-10-31 03:15:00+00:00,1.05965,1.05989,1.0594700000000001,1.05979,0
2023-10-31 03:30:00+00:00,1.059785,1.06,1.059275,1.059295,0
2023-10-31 03:45:00+00:00,1.059285,1.0595400000000001,1.059075,1.05945,0
2023-10-31 06:00:00+00:00,1.059875,1.059925,1.0594299999999999,1.0596100000000002,0
2023-10-31 06:15:00+00:00,1.059605,1.0603349999999998,1.059565,1.0602800000000001,0
2023-10-31 06:30:00+00:00,1.060285,1.06089,1.060245,1.0608,0
2023-10-31 06:45:00+00:00,1.06079,1.0609250000000001,1.06064,1.06088,0
2023-10-31 09:00:00+00:00,1.064535,1.064535,1.064105,1.06446,0
2023-10-31 09:15:00+00:00,1.064465,1.06455,1.063625,1.0637150000000002,0
2023-10-31 09:30:00+00:00,1.06371,1.064365,1.0635599999999998,1.064145,0
2023-10-31 09:45:00+00:00,1.0641500000000002,1.0674899999999998,1.0640550000000002,1.0668600000000001,0
2023-10-31 11:00:00+00:00,1.06642,1.066585,1.0660949999999998,1.0664,0
2023-10-31 11:15:00+00:00,1.0664099999999999,1.06669,1.065755,1.065885,0
2023-10-31 11:30:00+00:00,1.06589,1.065915,1.06554,1.06575,0
2023-10-31 11:45:00+00:00,1.0657450000000002,1.0660850000000002,1.0655649999999999,1.06558,0
2023-10-31 21:00:00+00:00,1.0574599999999998,1.057595,1.05744,1.0574949999999999,0
2023-10-31 21:15:00+00:00,1.0575,1.0576599999999998,1.05744,1.0575649999999999,0
2023-10-31 21:30:00+00:00,1.057575,1.057685,1.0575,1.057685,0
2023-10-31 21:45:00+00:00,1.0576949999999998,1.057715,1.0573,1.0575700000000001,0
2023-11-01 01:00:00+00:00,1.05734,1.05741,1.057095,1.0573899999999998,0
2023-11-01 01:15:00+00:00,1.057385,1.05755,1.0572650000000001,1.0574249999999998,0
2023-11-01 01:30:00+00:00,1.05742,1.057655,1.0572249999999999,1.0575999999999999,0
2023-11-01 01:45:00+00:00,1.057575,1.057575,1.05674,1.056915,0
2023-11-01 14:00:00+00:00,1.053145,1.05613,1.053145,1.05463,0
2023-11-01 14:15:00+00:00,1.054635,1.05628,1.05427,1.055925,0
2023-11-01 14:30:00+00:00,1.05592,1.05675,1.055905,1.05673,0
2023-11-01 14:45:00+00:00,1.0567350000000002,1.057085,1.0552199999999998,1.05526,0
2023-11-01 17:00:00+00:00,1.0533899999999998,1.05352,1.0527600000000001,1.05311,0
2023-11-01 17:15:00+00:00,1.0531199999999998,1.05356,1.05308,1.0533299999999999,0
2023-11-01 17:30:00+00:00,1.05334,1.05334,1.052845,1.0532599999999999,0
2023-11-01 17:45:00+00:00,1.053245,1.05358,1.05295,1.0534599999999998,0
2023-11-01 23:00:00+00:00,1.05786,1.058345,1.05775,1.0583049999999998,0
2023-11-01 23:15:00+00:00,1.058315,1.05835,1.058115,1.058255,0
2023-11-01 23:30:00+00:00,1.0582500000000001,1.05835,1.05815,1.0583200000000001,0
2023-11-01 23:45:00+00:00,1.0583200000000001,1.058685,1.058235,1.058675,0
2023-11-02 05:00:00+00:00,1.0596,1.0602049999999998,1.059575,1.0599349999999998,0
2023-11-02 05:15:00+00:00,1.05993,1.059955,1.059565,1.05984,0
2023-11-02 05:30:00+00:00,1.059815,1.059855,1.0595400000000001,1.0597949999999998,0
2023-11-02 05:45:00+00:00,1.05979,1.0597949999999998,1.05959,1.0597249999999998,0
2023-11-02 08:00:00+00:00,1.06034,1.0603799999999999,1.05912,1.0597500000000002,0
2023-11-02 08:15:00+00:00,1.059695,1.0600999999999998,1.0591249999999999,1.05987,0
2023-11-02 08:30:00+00:00,1.059855,1.06086,1.0596700000000001,1.0606749999999998,0
2023-11-02 08:45:00+00:00,1.060645,1.06067,1.05998,1.06005,0
2023-11-03 13:00:00+00:00,1.070955,1.071185,1.06961,1.07031,0
2023-11-03 13:15:00+00:00,1.070325,1.07135,1.0701399999999999,1.0708250000000001,0
2023-11-03 13:30:00+00:00,1.0708350000000002,1.07195,1.0707550000000001,1.0716800000000002,0
2023-11-03 13:45:00+00:00,1.0716700000000001,1.072445,1.071355,1.0716350000000001,0
2023-11-06 04:00:00+00:00,1.0734400000000002,1.0735999999999999,1.0734,1.0735549999999998,0
2023-11-06 04:15:00+00:00,1.07356,1.0737649999999999,1.07354,1.0737100000000002,0
2023-11-06 04:30:00+00:00,1.073715,1.07376,1.07351,1.0736249999999998,0
2023-11-06 04:45:00+00:00,1.07363,1.0737299999999999,1.0734949999999999,1.0735700000000001,0
2023-11-06 06:00:00+00:00,1.0735700000000001,1.0740150000000002,1.0735000000000001,1.07363,0
2023-11-06 06:15:00+00:00,1.073635,1.07383,1.073595,1.073715,0
2023-11-06 06:30:00+00:00,1.073745,1.073935,1.073715,1.073775,0
2023-11-06 06:45:00+00:00,1.0737649999999999,1.07382,1.073455,1.07362,0
2023-11-06 21:00:00+00:00,1.071995,1.072075,1.07184,1.07189,0
2023-11-06 21:15:00+00:00,1.071885,1.071915,1.07165,1.0717599999999998,0
2023-11-06 21:30:00+00:00,1.071755,1.071815,1.071685,1.0716999999999999,0
2023-11-06 21:45:00+00:00,1.07169,1.071815,1.0716299999999999,1.071755,0
2023-11-07 00:00:00+00:00,1.071845,1.07191,1.0716549999999998,1.071765,0
2023-11-07 00:15:00+00:00,1.07175,1.0719500000000002,1.071675,1.0718,0
2023-11-07 00:30:00+00:00,1.0718100000000002,1.071905,1.071755,1.071785,0
2023-11-07 00:45:00+00:00,1.071805,1.071805,1.07118,1.07139,0
2023-11-07 14:00:00+00:00,1.067625,1.0677050000000001,1.0667149999999999,1.06687,0
2023-11-07 14:15:00+00:00,1.06687,1.067335,1.0667200000000001,1.06701,0
2023-11-07 14:30:00+00:00,1.067005,1.067215,1.0664150000000001,1.0671300000000001,0
2023-11-07 14:45:00+00:00,1.06712,1.0677050000000001,1.066745,1.067605,0
2023-11-07 17:00:00+00:00,1.0685850000000001,1.068635,1.067895,1.0680049999999999,0
2023-11-07 17:15:00+00:00,1.068,1.0682049999999998,1.0675599999999998,1.0676,0
2023-11-07 17:30:00+00:00,1.067605,1.067765,1.06725,1.06748,0
2023-11-07 17:45:00+00:00,1.067475,1.067885,1.06745,1.0677400000000001,0
2023-11-07 22:00:00+00:00,1.069995,1.0702099999999999,1.069955,1.07017,0
2023-11-07 22:15:00+00:00,1.07015,1.07015,1.0698699999999999,1.0699450000000001,0
2023-11-07 22:30:00+00:00,1.06995,1.07005,1.06989,1.0699049999999999,0
2023-11-07 22:45:00+00:00,1.0699,1.0699800000000002,1.06969,1.069845,0
2023-11-08 05:00:00+00:00,1.06922,1.0692949999999999,1.069055,1.069055,0
2023-11-08 05:15:00+00:00,1.0690650000000002,1.06907,1.06872,1.06872,0
2023-11-08 05:30:00+00:00,1.0687250000000001,1.06893,1.0685799999999999,1.0686,0
2023-11-08 05:45:00+00:00,1.068605,1.068755,1.06853,1.0686149999999999,0
2023-11-08 14:00:00+00:00,1.06694,1.0675949999999998,1.06694,1.06724,0
2023-11-08 14:15:00+00:00,1.0672350000000002,1.067945,1.066905,1.0674350000000001,0
2023-11-08 14:30:00+00:00,1.0674299999999999,1.06836,1.06723,1.0681500000000002,0
2023-11-08 14:45:00+00:00,1.068145,1.06922,1.06812,1.069055,0
2023-11-08 20:00:00+00:00,1.07023,1.07056,1.069995,1.070525,0
2023-11-08 20:15:00+00:00,1.07053,1.070985,1.07038,1.0708350000000002,0
2023-11-08 20:30:00+00:00,1.07083,1.070935,1.0705399999999998,1.07089,0
2023-11-08 20:45:00+00:00,1.0708799999999998,1.071085,1.07071,1.07098,0
2023-11-08 22:00:00+00:00,1.07087,1.070915,1.0706,1.07078,0
2023-11-08 22:15:00+00:00,1.0707900000000001,1.0708950000000002,1.070635,1.07066,0
2023-11-08 22:30:00+00:00,1.070675,1.07098,1.070655,1.07078,0
2023-11-08 22:45:00+00:00,1.070775,1.070975,1.0707499999999999,1.07083,0
2023-11-09 07:00:00+00:00,1.07076,1.070915,1.070585,1.070585,0
2023-11-09 07:15:00+00:00,1.07057,1.0707049999999998,1.07024,1.070545,0
2023-11-09 07:30:00+00:00,1.070535,1.070865,1.070475,1.0707550000000001,0
2023-11-09 07:45:00+00:00,1.0707499999999999,1.0709499999999998,1.0703049999999998,1.070535,0
2023-11-09 10:00:00+00:00,1.069795,1.06997,1.069215,1.069305,0
2023-11-09 10:15:00+00:00,1.0692949999999999,1.0695700000000001,1.069025,1.06904,0
2023-11-09 10:30:00+00:00,1.069045,1.069135,1.068645,1.06906,0
2023-11-09 10:45:00+00:00,1.069055,1.069055,1.0685099999999998,1.0686650000000002,0
2023-11-09 21:00:00+00:00,1.066395,1.0668950000000001,1.06638,1.0667900000000001,0
2023-11-09 21:15:00+00:00,1.0667749999999998,1.06678,1.0666,1.0667550000000001,0
2023-11-09 21:30:00+00:00,1.0667650000000002,1.0668799999999998,1.06662,1.0668549999999999,0
2023-11-09 21:45:00+00:00,1.0668600000000001,1.066905,1.06671,1.066775,0
2023-11-09 22:00:00+00:00,1.06677,1.066875,1.06665,1.06685,0
2023-11-09 22:15:00+00:00,1.066865,1.0668700000000002,1.06674,1.066745,0
2023-11-09 22:30:00+00:00,1.0667499999999999,1.06708,1.0667499999999999,1.06694,0
2023-11-09 22:45:00+00:00,1.066945,1.0670350000000002,1.06683,1.06684,0
2023-11-10 05:00:00+00:00,1.0671300000000001,1.067205,1.06664,1.066685,0
2023-11-10 05:15:00+00:00,1.06669,1.066815,1.0665900000000001,1.0667550000000001,0
2023-11-10 05:30:00+00:00,1.06676,1.0668600000000001,1.066685,1.0668,0
2023-11-10 05:45:00+00:00,1.0667849999999999,1.06696,1.0667499999999999,1.06692,0
2023-11-10 07:00:00+00:00,1.0665550000000001,1.06667,1.0658050000000001,1.0663200000000002,0
2023-11-10 07:15:00+00:00,1.066325,1.06656,1.066055,1.066195,0
2023-11-10 07:30:00+00:00,1.06619,1.0668600000000001,1.0656150000000002,1.06683,0
2023-11-10 07:45:00+00:00,1.06681,1.06697,1.0661749999999999,1.06631,0
2023-11-13 21:00:00+00:00,1.069935,1.06995,1.06982,1.0698400000000001,0
2023-11-13 21:15:00+00:00,1.06982,1.06995,1.0698150000000002,1.06982,0
2023-11-13 21:30:00+00:00,1.0698249999999998,1.06995,1.06977,1.0699100000000001,0
2023-11-13 21:45:00+00:00,1.069915,1.0699450000000001,1.069815,1.069815,0
2023-11-14 07:00:00+00:00,1.069935,1.070255,1.069785,1.07022,0
2023-11-14 07:15:00+00:00,1.07023,1.070685,1.070135,1.0705,0
2023-11-14 07:30:00+00:00,1.07049,1.070965,1.07049,1.07057,0
2023-11-14 07:45:00+00:00,1.0705550000000001,1.070795,1.0703550000000002,1.0706250000000002,0
2023-11-14 19:00:00+00:00,1.086995,1.087265,1.0867900000000001,1.08684,0
2023-11-14 19:15:00+00:00,1.086835,1.087195,1.08678,1.0871650000000002,0
2023-11-14 19:30:00+00:00,1.08718,1.08771,1.08714,1.087555,0
2023-11-14 19:45:00+00:00,1.087555,1.08827,1.087545,1.0881500000000002,0
2023-11-15 12:00:00+00:00,1.086625,1.0868099999999998,1.086135,1.08629,0
2023-11-15 12:15:00+00:00,1.0863,1.08655,1.085545,1.08562,0
2023-11-15 12:30:00+00:00,1.08563,1.0858949999999998,1.085435,1.085525,0
2023-11-15 12:45:00+00:00,1.0855299999999999,1.08643,1.085455,1.08637,0
2023-11-15 22:00:00+00:00,1.084775,1.085035,1.0847449999999998,1.08488,0
2023-11-15 22:15:00+00:00,1.0848849999999999,1.085,1.084735,1.0848499999999999,0
2023-11-15 22:30:00+00:00,1.08488,1.0851899999999999,1.084645,1.084825,0
2023-11-15 22:45:00+00:00,1.08481,1.084975,1.084645,1.084915,0
2023-11-16 11:00:00+00:00,1.08452,1.0851449999999998,1.084465,1.0849600000000001,0
2023-11-16 11:15:00+00:00,1.08495,1.0858400000000001,1.084935,1.0857299999999999,0
2023-11-16 11:30:00+00:00,1.08572,1.08583,1.085055,1.085095,0
2023-11-16 11:45:00+00:00,1.085105,1.0852499999999998,1.08487,1.0852300000000001,0
2023-11-17 10:00:00+00:00,1.0853000000000002,1.0862850000000002,1.0851600000000001,1.08619,0
2023-11-17 10:15:00+00:00,1.08617,1.08678,1.086045,1.08669,0
2023-11-17 10:30:00+00:00,1.0866850000000001,1.08687,1.08616,1.08682,0
2023-11-17 10:45:00+00:00,1.086815,1.0871300000000002,1.08644,1.0870799999999998,0
2023-11-20 07:00:00+00:00,1.0917050000000001,1.091965,1.09143,1.09186,0
2023-11-20 07:15:00+00:00,1.09188,1.09195,1.09144,1.091475,0
2023-11-20 07:30:00+00:00,1.0914700000000002,1.0917249999999998,1.0913050000000002,1.0916299999999999,0
2023-11-20 07:45:00+00:00,1.0916350000000001,1.0919249999999998,1.091485,1.091615,0
2023-11-20 14:00:00+00:00,1.09266,1.093095,1.0919750000000001,1.0922,0
2023-11-20 14:15:00+00:00,1.0922049999999999,1.09233,1.09188,1.0921949999999998,0
2023-11-20 14:30:00+00:00,1.0922,1.0939299999999998,1.0922,1.09382,0
2023-11-20 14:45:00+00:00,1.093795,1.09458,1.0937350000000001,1.094055,0
2023-11-21 04:00:00+00:00,1.096335,1.09652,1.096155,1.0964900000000002,0
2023-11-21 04:15:00+00:00,1.0964800000000001,1.0964800000000001,1.09619,1.09631,0
2023-11-21 04:30:00+00:00,1.096305,1.096505,1.0961349999999999,1.096215,0
2023-11-21 04:45:00+00:00,1.0962450000000001,1.0962550000000002,1.0958100000000002,1.0958800000000002,0
2023-11-21 07:00:00+00:00,1.0958549999999998,1.0960450000000002,1.0955849999999998,1.0958999999999999,0
2023-11-21 07:15:00+00:00,1.0959150000000002,1.0962,1.0958100000000002,1.0961850000000002,0
2023-11-21 07:30:00+00:00,1.0961750000000001,1.096305,1.095535,1.09558,0
2023-11-21 07:45:00+00:00,1.09559,1.0956100000000002,1.09509,1.095395,0
2023-11-21 08:00:00+00:00,1.09539,1.096395,1.095345,1.0956299999999999,0
2023-11-21 08:15:00+00:00,1.09564,1.09591,1.0950799999999998,1.0957949999999999,0
2023-11-21 08:30:00+00:00,1.095825,1.0960800000000002,1.094815,1.09489,0
2023-11-21 08:45:00+00:00,1.094885,1.0950350000000002,1.0943749999999999,1.0946150000000001,0
2023-11-21 11:00:00+00:00,1.09453,1.094675,1.09435,1.09437,0
2023-11-21 11:15:00+00:00,1.094395,1.09448,1.0941100000000001,1.094185,0
2023-11-21 11:30:00+00:00,1.094195,1.09466,1.094115,1.0944500000000001,0
2023-11-21 11:45:00+00:00,1.094455,1.094465,1.093915,1.0939299999999998,0
2023-11-22 13:00:00+00:00,1.0906449999999999,1.0913149999999998,1.0904099999999999,1.090815,0
2023-11-22 13:15:00+00:00,1.09083,1.09178,1.09064,1.09159,0
2023-11-22 13:30:00+00:00,1.09158,1.09161,1.08958,1.089675,0
2023-11-22 13:45:00+00:00,1.0896599999999999,1.08992,1.08914,1.08961,0
2023-11-22 17:00:00+00:00,1.08705,1.0875949999999999,1.086885,1.087535,0
2023-11-22 17:15:00+00:00,1.08755,1.08836,1.0875400000000002,1.0882450000000001,0
2023-11-22 17:30:00+00:00,1.08822,1.0883349999999998,1.087625,1.08772,0
2023-11-22 17:45:00+00:00,1.087705,1.088015,1.087525,1.0878700000000001,0
2023-11-22 21:00:00+00:00,1.08874,1.0888300000000002,1.0886200000000001,1.08873,0
2023-11-22 21:15:00+00:00,1.08874,1.0889449999999998,1.088685,1.0888849999999999,0
2023-11-22 21:30:00+00:00,1.08888,1.0889350000000002,1.0887799999999999,1.0888,0
2023-11-22 21:45:00+00:00,1.0887850000000001,1.088935,1.0887799999999999,1.08887,0
2023-11-23 05:00:00+00:00,1.090265,1.090325,1.0901100000000001,1.090265,0
2023-11-23 05:15:00+00:00,1.09024,1.0903649999999998,1.0902150000000002,1.09028,0
2023-11-23 05:30:00+00:00,1.090295,1.0906349999999998,1.0902699999999999,1.0906099999999999,0
2023-11-23 05:45:00+00:00,1.0906,1.09118,1.0905399999999998,1.091065,0
2023-11-24 20:00:00+00:00,1.094605,1.09477,1.09458,1.0946449999999999,0
2023-11-24 20:15:00+00:00,1.09464,1.0947149999999999,1.094545,1.094665,0
2023-11-24 20:30:00+00:00,1.0946500000000001,1.094725,1.094635,1.0946500000000001,0
2023-11-24 20:45:00+00:00,1.094655,1.094705,1.09423,1.0944850000000002,0
2023-11-29 05:00:00+00:00,1.1002450000000001,1.1004450000000001,1.0999249999999998,1.099975,0
2023-11-29 05:15:00+00:00,1.09998,1.1001850000000002,1.09986,1.1001150000000002,0
2023-11-29 05:30:00+00:00,1.10012,1.1002049999999999,1.0998549999999998,1.099945,0
2023-11-29 05:45:00+00:00,1.0999400000000001,1.1002999999999998,1.0998,1.1002100000000001,0
2023-11-30 04:00:00+00:00,1.0974300000000001,1.09762,1.09738,1.09749,0
2023-11-30 04:15:00+00:00,1.0974849999999998,1.097515,1.09703,1.09711,0
2023-11-30 04:30:00+00:00,1.09707,1.09714,1.096905,1.097,0
2023-11-30 04:45:00+00:00,1.0969799999999998,1.09701,1.096835,1.0969,0
2023-11-30 12:00:00+00:00,1.091575,1.0920999999999998,1.09111,1.0913849999999998,0
2023-11-30 12:15:00+00:00,1.09139,1.092145,1.09127,1.0919400000000001,0
2023-11-30 12:30:00+00:00,1.091945,1.093055,1.091945,1.0930499999999999,0
2023-11-30 12:45:00+00:00,1.09306,1.093185,1.0925500000000001,1.092555,0
2023-11-30 19:00:00+00:00,1.088955,1.0893350000000002,1.08891,1.08922,0
2023-11-30 19:15:00+00:00,1.0892149999999998,1.0892149999999998,1.08849,1.088635,0
2023-11-30 19:30:00+00:00,1.088625,1.08936,1.08861,1.0892849999999998,0
2023-11-30 19:45:00+00:00,1.089255,1.0894849999999998,1.0888749999999998,1.08902,0
2023-12-01 03:00:00+00:00,1.09078,1.0908600000000002,1.0905900000000002,1.0907049999999998,0
2023-12-01 03:15:00+00:00,1.0907,1.0909499999999999,1.0906799999999999,1.0906850000000001,0
2023-12-01 03:30:00+00:00,1.090665,1.0907300000000002,1.0903800000000001,1.0904,0
2023-12-01 03:45:00+00:00,1.0904150000000001,1.09044,1.089975,1.0900699999999999,0
2023-12-01 16:00:00+00:00,1.08378,1.0858150000000002,1.082885,1.0857,0
2023-12-01 16:15:00+00:00,1.0856949999999999,1.086885,1.0854949999999999,1.086795,0
2023-12-01 16:30:00+00:00,1.086815,1.087885,1.0862699999999998,1.0878700000000001,0
2023-12-01 16:45:00+00:00,1.0878649999999999,1.0885500000000001,1.08771,1.08773,0
2023-12-04 03:00:00+00:00,1.08827,1.088555,1.08814,1.08833,0
2023-12-04 03:15:00+00:00,1.088335,1.0886,1.0882800000000001,1.0885699999999998,0
2023-12-04 03:30:00+00:00,1.088565,1.0886,1.088365,1.088495,0
2023-12-04 03:45:00+00:00,1.0885,1.0885250000000002,1.088015,1.088025,0
2023-12-04 10:00:00+00:00,1.087465,1.0875750000000002,1.0863200000000002,1.08637,0
2023-12-04 10:15:00+00:00,1.08635,1.0863800000000001,1.085885,1.08615,0
2023-12-04 10:30:00+00:00,1.086165,1.086945,1.0861550000000002,1.08657,0
2023-12-04 10:45:00+00:00,1.086565,1.0869499999999999,1.086535,1.08683,0
2023-12-04 23:00:00+00:00,1.08352,1.083625,1.083435,1.083515,0
2023-12-04 23:15:00+00:00,1.083505,1.083675,1.08345,1.0836649999999999,0
2023-12-04 23:30:00+00:00,1.0836700000000001,1.0837400000000001,1.083545,1.08371,0
2023-12-04 23:45:00+00:00,1.0836999999999999,1.08378,1.0835849999999998,1.0837400000000001,0
2023-12-05 06:00:00+00:00,1.08474,1.08475,1.084155,1.084415,0
2023-12-05 06:15:00+00:00,1.0844049999999998,1.084505,1.083755,1.083755,0
2023-12-05 06:30:00+00:00,1.08375,1.08375,1.0833149999999998,1.0835249999999998,0
2023-12-05 06:45:00+00:00,1.08352,1.08359,1.08318,1.083415,0
2023-12-05 15:00:00+00:00,1.08097,1.08389,1.08097,1.08223,0
2023-12-05 15:15:00+00:00,1.082235,1.08296,1.081675,1.0820949999999998,0
2023-12-05 15:30:00+00:00,1.08209,1.0824349999999998,1.0806550000000001,1.0810149999999998,0
2023-12-05 15:45:00+00:00,1.08102,1.08138,1.0799050000000001,1.0805699999999998,0
2023-12-05 23:00:00+00:00,1.079755,1.079755,1.0793249999999999,1.079335,0
2023-12-05 23:15:00+00:00,1.0793599999999999,1.07944,1.079235,1.0792350000000002,0
2023-12-05 23:30:00+00:00,1.07923,1.079405,1.07908,1.07908,0
2023-12-05 23:45:00+00:00,1.079085,1.0793949999999999,1.07908,1.079335,0
2023-12-06 13:00:00+00:00,1.077735,1.07824,1.0777100000000002,1.07809,0
2023-12-06 13:15:00+00:00,1.078095,1.07889,1.077755,1.07869,0
2023-12-06 13:30:00+00:00,1.078695,1.079405,1.078475,1.07917,0
2023-12-06 13:45:00+00:00,1.079145,1.0799699999999999,1.0791149999999998,1.079815,0
2023-12-07 06:00:00+00:00,1.0761699999999998,1.076285,1.07587,1.076155,0
2023-12-07 06:15:00+00:00,1.0761500000000002,1.07653,1.076095,1.076355,0
2023-12-07 06:30:00+00:00,1.0763500000000001,1.07668,1.0761349999999998,1.076425,0
2023-12-07 06:45:00+00:00,1.07643,1.07666,1.07618,1.07641,0
2023-12-07 08:00:00+00:00,1.0780949999999998,1.0782850000000002,1.0775350000000001,1.077645,0
2023-12-07 08:15:00+00:00,1.0776400000000002,1.078225,1.0772,1.078115,0
2023-12-07 08:30:00+00:00,1.0781,1.078165,1.0776400000000002,1.07782,0
2023-12-07 08:45:00+00:00,1.0778050000000001,1.0781749999999999,1.0776,1.078025,0
2023-12-07 18:00:00+00:00,1.081375,1.08138,1.0806200000000001,1.08114,0
2023-12-07 18:15:00+00:00,1.081135,1.081135,1.08034,1.0804749999999999,0
2023-12-07 18:30:00+00:00,1.08046,1.080805,1.0802749999999999,1.08075,0
2023-12-07 18:45:00+00:00,1.080745,1.08077,1.08036,1.0805449999999999,0
2023-12-07 21:00:00+00:00,1.079535,1.07959,1.079155,1.07925,0
2023-12-07 21:15:00+00:00,1.079245,1.07928,1.0791,1.07911,0
2023-12-07 21:30:00+00:00,1.0791149999999998,1.079495,1.079065,1.07945,0
2023-12-07 21:45:00+00:00,1.079445,1.0796350000000001,1.0792700000000002,1.07939,0
2023-12-08 14:00:00+00:00,1.0747,1.075225,1.073365,1.0736050000000001,0
2023-12-08 14:15:00+00:00,1.0735999999999999,1.074525,1.073055,1.073925,0
2023-12-08 14:30:00+00:00,1.073935,1.0752950000000001,1.07376,1.07521,0
2023-12-08 14:45:00+00:00,1.075215,1.0753249999999999,1.07455,1.07464,0
2023-12-08 18:00:00+00:00,1.075615,1.075825,1.0753650000000001,1.075475,0
2023-12-08 18:15:00+00:00,1.07548,1.075965,1.0752899999999999,1.07595,0
2023-12-08 18:30:00+00:00,1.07596,1.0762399999999999,1.07561,1.075685,0
2023-12-08 18:45:00+00:00,1.07569,1.07612,1.0756350000000001,1.07572,0
2023-12-10 23:00:00+00:00,1.07617,1.076795,1.07617,1.0765799999999999,0
2023-12-10 23:15:00+00:00,1.0765850000000001,1.0767,1.0764399999999998,1.0765,0
2023-12-10 23:30:00+00:00,1.076495,1.0765799999999999,1.0762550000000002,1.076395,0
2023-12-10 23:45:00+00:00,1.076375,1.07654,1.07634,1.07653,0
2023-12-11 04:00:00+00:00,1.076495,1.076505,1.0762450000000001,1.0762550000000002,0
2023-12-11 04:15:00+00:00,1.07625,1.076295,1.076095,1.0762399999999999,0
2023-12-11 04:30:00+00:00,1.07623,1.07636,1.07619,1.076305,0
2023-12-11 04:45:00+00:00,1.0763,1.0763699999999998,1.07616,1.0763150000000001,0
2023-12-11 07:00:00+00:00,1.0769549999999999,1.0769549999999999,1.07641,1.076705,0
2023-12-11 07:15:00+00:00,1.0767,1.076715,1.0762049999999999,1.0763099999999999,0
2023-12-11 07:30:00+00:00,1.07632,1.07641,1.07589,1.07626,0
2023-12-11 07:45:00+00:00,1.0762550000000002,1.0763250000000002,1.07531,1.07559,0
2023-12-11 16:00:00+00:00,1.074425,1.07483,1.0743399999999999,1.07444,0
2023-12-11 16:15:00+00:00,1.0744449999999999,1.07474,1.07433,1.07458,0
2023-12-11 16:30:00+00:00,1.074585,1.074935,1.0741649999999998,1.0748350000000002,0
2023-12-11 16:45:00+00:00,1.07483,1.0749650000000002,1.074535,1.074605,0
2023-12-11 18:00:00+00:00,1.0744099999999999,1.075245,1.07426,1.0749849999999999,0
2023-12-11 18:15:00+00:00,1.0749900000000001,1.07568,1.074925,1.0756450000000002,0
2023-12-11 18:30:00+00:00,1.0756299999999999,1.0761699999999998,1.075625,1.076165,0
2023-12-11 18:45:00+00:00,1.0761699999999998,1.076515,1.0760100000000001,1.0763500000000001,0
2023-12-11 19:00:00+00:00,1.076355,1.076975,1.076355,1.0768,0
2023-12-11 19:15:00+00:00,1.0767950000000002,1.07681,1.07636,1.0765449999999999,0
2023-12-11 19:30:00+00:00,1.076565,1.076635,1.0762649999999998,1.0762800000000001,0
2023-12-11 19:45:00+00:00,1.076285,1.0764900000000002,1.076085,1.0761349999999998,0
2023-12-11 23:00:00+00:00,1.076395,1.076505,1.07638,1.0764749999999998,0
2023-12-11 23:15:00+00:00,1.07647,1.07648,1.07638,1.07647,0
2023-12-11 23:30:00+00:00,1.076465,1.076465,1.076365,1.076435,0
2023-12-11 23:45:00+00:00,1.07643,1.076555,1.0763850000000001,1.0765449999999999,0
2023-12-12 01:00:00+00:00,1.076505,1.0768650000000002,1.0764200000000002,1.07653,0
2023-12-12 01:15:00+00:00,1.0765349999999998,1.07697,1.0764200000000002,1.076735,0
2023-12-12 01:30:00+00:00,1.07674,1.0769199999999999,1.07667,1.0767250000000002,0
2023-12-12 01:45:00+00:00,1.076735,1.076735,1.076485,1.0764900000000002,0
2023-12-12 03:00:00+00:00,1.07618,1.07674,1.07613,1.0766900000000001,0
2023-12-12 03:15:00+00:00,1.076695,1.07673,1.07648,1.076715,0
2023-12-12 03:30:00+00:00,1.0767250000000002,1.0769350000000002,1.0766499999999999,1.0766900000000001,0
2023-12-12 03:45:00+00:00,1.076705,1.076875,1.076705,1.0768300000000002,0
2023-12-12 05:00:00+00:00,1.0765449999999999,1.0767099999999998,1.07654,1.0766749999999998,0
2023-12-12 05:15:00+00:00,1.07667,1.0768300000000002,1.0765500000000001,1.0767,0
2023-12-12 05:30:00+00:00,1.076695,1.077095,1.0766550000000001,1.0770650000000002,0
2023-12-12 05:45:00+00:00,1.077035,1.0770849999999998,1.07672,1.076905,0
2023-12-12 08:00:00+00:00,1.077775,1.07819,1.0773199999999998,1.07819,0
2023-12-12 08:15:00+00:00,1.078185,1.07891,1.0781399999999999,1.078805,0
2023-12-12 08:30:00+00:00,1.0788,1.079215,1.0785049999999998,1.0787049999999998,0
2023-12-12 08:45:00+00:00,1.0787,1.07896,1.0784349999999998,1.07853,0
2023-12-12 16:00:00+00:00,1.078465,1.0793249999999999,1.078115,1.0790449999999998,0
2023-12-12 16:15:00+00:00,1.07903,1.07926,1.078735,1.078905,0
2023-12-12 16:30:00+00:00,1.0788950000000002,1.079125,1.0784250000000002,1.07887,0
2023-12-12 16:45:00+00:00,1.078865,1.0790899999999999,1.078575,1.07889,0
2023-12-12 23:00:00+00:00,1.0796350000000001,1.079835,1.0795400000000002,1.079785,0
2023-12-12 23:15:00+00:00,1.07979,1.07989,1.07973,1.07986,0
2023-12-12 23:30:00+00:00,1.07987,1.0799349999999999,1.079805,1.0798999999999999,0
2023-12-12 23:45:00+00:00,1.079895,1.07993,1.079835,1.079835,0
2023-12-13 02:00:00+00:00,1.07934,1.0793949999999999,1.078815,1.07882,0
2023-12-13 02:15:00+00:00,1.078815,1.07897,1.0787200000000001,1.078945,0
2023-12-13 02:30:00+00:00,1.078935,1.078945,1.078525,1.078585,0
2023-12-13 02:45:00+00:00,1.07858,1.0787499999999999,1.078425,1.0787499999999999,0
2023-12-13 07:00:00+00:00,1.0784150000000001,1.07846,1.078025,1.0781749999999999,0
2023-12-13 07:15:00+00:00,1.078185,1.0784950000000002,1.07809,1.0784950000000002,0
2023-12-13 07:30:00+00:00,1.07849,1.07884,1.0784699999999998,1.078745,0
2023-12-13 07:45:00+00:00,1.0787399999999998,1.078895,1.078395,1.0785399999999998,0
2023-12-13 14:00:00+00:00,1.0800450000000001,1.08094,1.0800299999999998,1.0802649999999998,0
2023-12-13 14:15:00+00:00,1.08026,1.0802800000000001,1.079465,1.0798,0
2023-12-13 14:30:00+00:00,1.0798100000000002,1.07986,1.078265,1.07846,0
2023-12-13 14:45:00+00:00,1.078455,1.07943,1.078315,1.079115,0
2023-12-13 20:00:00+00:00,1.0888200000000001,1.0896599999999999,1.0882049999999999,1.08822,0
2023-12-13 20:15:00+00:00,1.088235,1.088485,1.08651,1.0869300000000002,0
2023-12-13 20:30:00+00:00,1.086895,1.088165,1.08649,1.0876450000000002,0
2023-12-13 20:45:00+00:00,1.08765,1.08825,1.08731,1.0881349999999999,0
2023-12-13 21:00:00+00:00,1.08813,1.0884049999999998,1.087835,1.08829,0
2023-12-13 21:15:00+00:00,1.0883,1.088395,1.0876549999999998,1.0878999999999999,0
2023-12-13 21:30:00+00:00,1.0879050000000001,1.0880299999999998,1.08758,1.0878700000000001,0
2023-12-13 21:45:00+00:00,1.08786,1.08791,1.0873650000000001,1.087405,0
2023-12-14 02:00:00+00:00,1.089665,1.08994,1.0893199999999998,1.0898050000000001,0
2023-12-14 02:15:00+00:00,1.08983,1.0903399999999999,1.08972,1.0902500000000002,0
2023-12-14 02:30:00+00:00,1.090245,1.090365,1.08981,1.0900050000000001,0
2023-12-14 02:45:00+00:00,1.09001,1.09051,1.089935,1.0904500000000001,0
2023-12-14 05:00:00+00:00,1.08995,1.09001,1.0896750000000002,1.08975,0
2023-12-14 05:15:00+00:00,1.0897450000000002,1.089905,1.08954,1.08965,0
2023-12-14 05:30:00+00:00,1.089655,1.0899,1.08954,1.0898150000000002,0
2023-12-14 05:45:00+00:00,1.08979,1.089855,1.089315,1.0894,0
2023-12-14 09:00:00+00:00,1.090185,1.091305,1.090055,1.090795,0
2023-12-14 09:15:00+00:00,1.0908,1.0912449999999998,1.0900150000000002,1.0906250000000002,0
2023-12-14 09:30:00+00:00,1.09062,1.09096,1.09008,1.0904500000000001,0
2023-12-14 09:45:00+00:00,1.09043,1.090805,1.090245,1.0904099999999999,0
2023-12-14 14:00:00+00:00,1.09439,1.097845,1.0936050000000002,1.096685,0
2023-12-14 14:15:00+00:00,1.0966900000000002,1.0974300000000001,1.09493,1.095105,0
2023-12-14 14:30:00+00:00,1.0951,1.0976849999999998,1.095015,1.0975899999999998,0
2023-12-14 14:45:00+00:00,1.097595,1.099265,1.09754,1.09909,0
2023-12-14 18:00:00+00:00,1.1005099999999999,1.1006049999999998,1.099195,1.0995050000000002,0
2023-12-14 18:15:00+00:00,1.0995,1.09951,1.098725,1.098735,0
2023-12-14 18:30:00+00:00,1.09873,1.098945,1.098315,1.0985749999999999,0
2023-12-14 18:45:00+00:00,1.098585,1.0988099999999998,1.09823,1.09828,0
2023-12-14 19:00:00+00:00,1.09828,1.0987399999999998,1.09796,1.09869,0
2023-12-14 19:15:00+00:00,1.098695,1.09937,1.098665,1.09932,0
2023-12-14 19:30:00+00:00,1.0993149999999998,1.0995300000000001,1.0986150000000001,1.0989,0
2023-12-14 19:45:00+00:00,1.0988850000000001,1.09925,1.0984699999999998,1.099215,0
2023-12-15 12:00:00+00:00,1.0968499999999999,1.096945,1.09596,1.09598,0
2023-12-15 12:15:00+00:00,1.09599,1.0961349999999999,1.09565,1.09579,0
2023-12-15 12:30:00+00:00,1.095795,1.0958350000000001,1.0954199999999998,1.095605,0
2023-12-15 12:45:00+00:00,1.095615,1.09562,1.094085,1.09433,0
2023-12-18 11:00:00+00:00,1.0910449999999998,1.09123,1.0907200000000001,1.091145,0
2023-12-18 11:15:00+00:00,1.091135,1.0913599999999999,1.09105,1.0911650000000002,0
2023-12-18 11:30:00+00:00,1.09116,1.0913249999999999,1.0908250000000002,1.0910799999999998,0
2023-12-18 11:45:00+00:00,1.091085,1.0913300000000001,1.090765,1.091285,0
2023-12-19 02:00:00+00:00,1.091875,1.09209,1.09178,1.09179,0
2023-12-19 02:15:00+00:00,1.091785,1.0919349999999999,1.0914899999999998,1.0919150000000002,0
2023-12-19 02:30:00+00:00,1.0919050000000001,1.09198,1.091805,1.09188,0
2023-12-19 02:45:00+00:00,1.091855,1.092305,1.0915499999999998,1.0921699999999999,0
2023-12-19 21:00:00+00:00,1.097845,1.09788,1.097645,1.097775,0
2023-12-19 21:15:00+00:00,1.097785,1.0978249999999998,1.09765,1.09779,0
2023-12-19 21:30:00+00:00,1.097795,1.09802,1.09775,1.0980150000000002,0
2023-12-19 21:45:00+00:00,1.09802,1.0981100000000001,1.0979450000000002,1.0981100000000001,0
2023-12-20 10:00:00+00:00,1.0964399999999999,1.09653,1.0959400000000001,1.096005,0
2023-12-20 10:15:00+00:00,1.096,1.096235,1.09497,1.095175,0
2023-12-20 10:30:00+00:00,1.09518,1.0955249999999999,1.09471,1.0953050000000002,0
2023-12-20 10:45:00+00:00,1.0952899999999999,1.0958549999999998,1.0951,1.095265,0
2023-12-21 00:00:00+00:00,1.0943399999999999,1.094465,1.094115,1.0943550000000002,0
2023-12-21 00:15:00+00:00,1.09436,1.0947049999999998,1.0943399999999999,1.09469,0
2023-12-21 00:30:00+00:00,1.0946850000000001,1.094905,1.094675,1.0948950000000002,0
2023-12-21 00:45:00+00:00,1.0949,1.0950199999999999,1.09476,1.09498,0
2023-12-21 13:00:00+00:00,1.098055,1.09853,1.09787,1.098245,0
2023-12-21 13:15:00+00:00,1.09826,1.098325,1.0978949999999998,1.09822,0
2023-12-21 13:30:00+00:00,1.0981999999999998,1.100235,1.09726,1.09925,0
2023-12-21 13:45:00+00:00,1.0992449999999998,1.0994700000000002,1.09844,1.09911,0
2023-12-22 05:00:00+00:00,1.10005,1.10005,1.0996700000000001,1.099875,0
2023-12-22 05:15:00+00:00,1.0998649999999999,1.099885,1.0995949999999999,1.09985,0
2023-12-22 05:30:00+00:00,1.0998549999999998,1.09993,1.0996450000000002,1.09979,0
2023-12-22 05:45:00+00:00,1.0997949999999999,1.0997949999999999,1.0995849999999998,1.09968,0
2023-12-22 16:00:00+00:00,1.1011350000000002,1.1018,1.101045,1.1014849999999998,0
2023-12-22 16:15:00+00:00,1.10147,1.1020949999999998,1.1008300000000002,1.1019,0
2023-12-22 16:30:00+00:00,1.10189,1.1023800000000001,1.101325,1.1013549999999999,0
2023-12-22 16:45:00+00:00,1.1013600000000001,1.101455,1.1006399999999998,1.10074,0
2023-12-26 23:00:00+00:00,1.10417,1.104415,1.10417,1.1043699999999999,0
2023-12-26 23:15:00+00:00,1.10438,1.1044100000000001,1.104295,1.10439,0
2023-12-26 23:30:00+00:00,1.1043850000000002,1.1044049999999999,1.1042800000000002,1.104285,0
2023-12-26 23:45:00+00:00,1.10429,1.104305,1.1041750000000001,1.1042399999999999,0
2023-12-27 05:00:00+00:00,1.10418,1.104215,1.104075,1.1041949999999998,0
2023-12-27 05:15:00+00:00,1.10418,1.1041949999999998,1.10407,1.1041150000000002,0
2023-12-27 05:30:00+00:00,1.10409,1.10409,1.1037050000000002,1.103765,0
2023-12-27 05:45:00+00:00,1.1037599999999999,1.1044049999999999,1.10372,1.104345,0
2023-12-28 03:00:00+00:00,1.1117949999999999,1.1118350000000001,1.1114600000000001,1.1117949999999999,0
2023-12-28 03:15:00+00:00,1.11178,1.1118649999999999,1.1115499999999998,1.111605,0
2023-12-28 03:30:00+00:00,1.111615,1.112095,1.11161,1.112025,0
2023-12-28 03:45:00+00:00,1.11202,1.1120299999999999,1.1117249999999999,1.1118549999999998,0
2023-12-28 08:00:00+00:00,1.111685,1.111875,1.110965,1.11105,0
2023-12-28 08:15:00+00:00,1.111065,1.1114600000000001,1.1108699999999998,1.1111499999999999,0
2023-12-28 08:30:00+00:00,1.1111650000000002,1.1116199999999998,1.11044,1.111605,0
2023-12-28 08:45:00+00:00,1.1116000000000001,1.11219,1.111465,1.11211,0
2023-12-29 10:00:00+00:00,1.1049,1.1054499999999998,1.104755,1.1053250000000001,0
2023-12-29 10:15:00+00:00,1.10533,1.10565,1.1049600000000002,1.1053199999999999,0
2023-12-29 10:30:00+00:00,1.1053250000000001,1.1063800000000001,1.1053250000000001,1.1063,0
2023-12-29 10:45:00+00:00,1.106315,1.10673,1.10625,1.10649,0
2024-01-02 00:00:00+00:00,1.10368,1.10381,1.10368,1.1037249999999998,0
2024-01-02 00:15:00+00:00,1.103735,1.10375,1.1034350000000002,1.103485,0
2024-01-02 00:30:00+00:00,1.103475,1.10359,1.103465,1.1035849999999998,0
2024-01-02 00:45:00+00:00,1.10358,1.10384,1.10358,1.1038299999999999,0
2024-01-02 03:00:00+00:00,1.10189,1.10237,1.101775,1.10224,0
2024-01-02 03:15:00+00:00,1.1022349999999999,1.102405,1.1020750000000001,1.1021450000000002,0
2024-01-02 03:30:00+00:00,1.102165,1.102315,1.1020750000000001,1.102315,0
2024-01-02 03:45:00+00:00,1.10232,1.10249,1.10232,1.10246,0
2024-01-02 13:00:00+00:00,1.09539,1.09588,1.095365,1.095785,0
2024-01-02 13:15:00+00:00,1.09579,1.096215,1.095205,1.0958,0
2024-01-02 13:30:00+00:00,1.0958100000000002,1.096505,1.09572,1.0964450000000001,0
2024-01-02 13:45:00+00:00,1.09643,1.0964900000000002,1.094945,1.095275,0
2024-01-02 23:00:00+00:00,1.094155,1.09439,1.094125,1.094325,0
2024-01-02 23:15:00+00:00,1.0943299999999998,1.0943299999999998,1.09416,1.094315,0
2024-01-02 23:30:00+00:00,1.0943100000000001,1.09432,1.094165,1.094195,0
2024-01-02 23:45:00+00:00,1.094185,1.094365,1.094115,1.094175,0
2024-01-03 06:00:00+00:00,1.0951300000000002,1.095665,1.09512,1.095665,0
2024-01-03 06:15:00+00:00,1.0956700000000001,1.09584,1.095485,1.0957750000000002,0
2024-01-03 06:30:00+00:00,1.09577,1.09589,1.0957400000000002,1.0958700000000001,0
2024-01-03 06:45:00+00:00,1.0958649999999999,1.096085,1.0958549999999998,1.095875,0
2024-01-03 16:00:00+00:00,1.090465,1.091085,1.090275,1.09103,0
2024-01-03 16:15:00+00:00,1.0910350000000002,1.0918299999999999,1.0910250000000001,1.0912899999999999,0
2024-01-03 16:30:00+00:00,1.091305,1.0915650000000001,1.0911149999999998,1.09117,0
2024-01-03 16:45:00+00:00,1.091195,1.09139,1.090675,1.0908250000000002,0
2024-01-03 19:00:00+00:00,1.090605,1.09117,1.089305,1.089585,0
2024-01-03 19:15:00+00:00,1.0896,1.09239,1.0896,1.09226,0
2024-01-03 19:30:00+00:00,1.092295,1.0925799999999999,1.091445,1.092255,0
2024-01-03 19:45:00+00:00,1.0922399999999999,1.09252,1.0915650000000001,1.091765,0
2024-01-04 06:00:00+00:00,1.09266,1.0929449999999998,1.09266,1.09294,0
2024-01-04 06:15:00+00:00,1.092935,1.0934750000000002,1.09293,1.09317,0
2024-01-04 06:30:00+00:00,1.093165,1.0931950000000001,1.092105,1.092285,0
2024-01-04 06:45:00+00:00,1.09229,1.09326,1.092285,1.0932499999999998,0
2024-01-04 10:00:00+00:00,1.0967699999999998,1.09722,1.0962450000000001,1.0962450000000001,0
2024-01-04 10:15:00+00:00,1.09625,1.0967349999999998,1.09593,1.09609,0
2024-01-04 10:30:00+00:00,1.09611,1.096495,1.095825,1.095895,0
2024-01-04 10:45:00+00:00,1.095885,1.096015,1.095445,1.0955599999999999,0
2024-01-04 15:00:00+00:00,1.094535,1.09613,1.094535,1.096125,0
2024-01-04 15:15:00+00:00,1.0961349999999999,1.0965150000000001,1.0955849999999998,1.09646,0
2024-01-04 15:30:00+00:00,1.0964649999999998,1.0965150000000001,1.095625,1.0962550000000002,0
2024-01-04 15:45:00+00:00,1.0962649999999998,1.09653,1.095335,1.0955149999999998,0
2024-01-05 05:00:00+00:00,1.0937299999999999,1.09376,1.0934249999999999,1.0935350000000001,0
2024-01-05 05:15:00+00:00,1.09354,1.093645,1.0934499999999998,1.0935350000000001,0
2024-01-05 05:30:00+00:00,1.09356,1.09369,1.09356,1.0935899999999998,0
2024-01-05 05:45:00+00:00,1.093575,1.093815,1.0934750000000002,1.0937549999999998,0
2024-01-05 12:00:00+00:00,1.0914350000000002,1.0919050000000001,1.0914350000000002,1.0917400000000002,0
2024-01-05 12:15:00+00:00,1.091735,1.09178,1.09138,1.0915849999999998,0
2024-01-05 12:30:00+00:00,1.09159,1.09199,1.0913849999999998,1.0918649999999999,0
2024-01-05 12:45:00+00:00,1.0918549999999998,1.09209,1.0914350000000002,1.09177,0
2024-01-05 14:00:00+00:00,1.0921349999999999,1.0939299999999998,1.0921349999999999,1.0926,0
2024-01-05 14:15:00+00:00,1.09261,1.094865,1.0925099999999999,1.09458,0
2024-01-05 14:30:00+00:00,1.094565,1.0949900000000001,1.0936249999999998,1.09406,0
2024-01-05 14:45:00+00:00,1.09405,1.095495,1.0940349999999999,1.094945,0
2024-01-08 00:00:00+00:00,1.094135,1.094405,1.0940349999999999,1.094405,0
2024-01-08 00:15:00+00:00,1.0943999999999998,1.0946799999999999,1.0943999999999998,1.0946349999999998,0
2024-01-08 00:30:00+00:00,1.094595,1.094875,1.0945049999999998,1.09477,0
2024-01-08 00:45:00+00:00,1.09478,1.09493,1.094765,1.0948600000000002,0
2024-01-08 03:00:00+00:00,1.0937199999999998,1.093825,1.09356,1.0937700000000001,0
2024-01-08 03:15:00+00:00,1.09376,1.0939299999999998,1.09374,1.0937549999999998,0
2024-01-08 03:30:00+00:00,1.0937450000000002,1.0937450000000002,1.0931549999999999,1.09331,0
2024-01-08 03:45:00+00:00,1.093335,1.0934599999999999,1.0931549999999999,1.093305,0
2024-01-08 17:00:00+00:00,1.097545,1.09789,1.097235,1.097315,0
2024-01-08 17:15:00+00:00,1.097305,1.097385,1.096615,1.0967950000000002,0
2024-01-08 17:30:00+00:00,1.0968049999999998,1.0968049999999998,1.09636,1.09657,0
2024-01-08 17:45:00+00:00,1.096535,1.096645,1.09626,1.0964749999999999,0
2024-01-08 20:00:00+00:00,1.09611,1.09611,1.095015,1.0950600000000001,0
2024-01-08 20:15:00+00:00,1.095055,1.095345,1.0949550000000001,1.09531,0
2024-01-08 20:30:00+00:00,1.0953249999999999,1.095665,1.095265,1.095395,0
2024-01-08 20:45:00+00:00,1.09539,1.095695,1.0951499999999998,1.09548,0
2024-01-08 22:00:00+00:00,1.09504,1.0953499999999998,1.09503,1.0953249999999999,0
2024-01-08 22:15:00+00:00,1.0953499999999998,1.095355,1.095005,1.095185,0
2024-01-08 22:30:00+00:00,1.09519,1.0952950000000001,1.09513,1.095165,0
2024-01-08 22:45:00+00:00,1.0951749999999998,1.0955300000000001,1.095,1.0951,0
2024-01-10 08:00:00+00:00,1.09263,1.0933899999999999,1.09229,1.0930900000000001,0
2024-01-10 08:15:00+00:00,1.09308,1.0942150000000002,1.093,1.0940949999999998,0
2024-01-10 08:30:00+00:00,1.09409,1.09409,1.0936599999999999,1.0939,0
2024-01-10 08:45:00+00:00,1.093905,1.094495,1.09381,1.09435,0
2024-01-11 10:00:00+00:00,1.09639,1.0964800000000001,1.0958649999999999,1.096345,0
2024-01-11 10:15:00+00:00,1.09633,1.0968,1.096325,1.0965500000000001,0
2024-01-11 10:30:00+00:00,1.0965449999999999,1.0968499999999999,1.09645,1.0966200000000002,0
2024-01-11 10:45:00+00:00,1.096615,1.096985,1.0962749999999999,1.096905,0
2024-01-12 02:00:00+00:00,1.0982750000000001,1.0985399999999998,1.098185,1.09839,0
2024-01-12 02:15:00+00:00,1.0984,1.09843,1.09803,1.09814,0
2024-01-12 02:30:00+00:00,1.098135,1.09823,1.09783,1.097885,0
2024-01-12 02:45:00+00:00,1.09788,1.09823,1.0978750000000002,1.0979700000000001,0
2024-01-16 21:00:00+00:00,1.087165,1.08748,1.0871499999999998,1.08746,0
2024-01-16 21:15:00+00:00,1.0874549999999998,1.0877599999999998,1.0874549999999998,1.08773,0
2024-01-16 21:30:00+00:00,1.087735,1.087745,1.087415,1.087605,0
2024-01-16 21:45:00+00:00,1.08758,1.087615,1.0875050000000002,1.08752,0
2024-01-17 16:00:00+00:00,1.0849,1.086475,1.08488,1.08575,0
2024-01-17 16:15:00+00:00,1.0857549999999998,1.0861450000000001,1.0852249999999999,1.08527,0
2024-01-17 16:30:00+00:00,1.085275,1.0860349999999999,1.084775,1.085925,0
2024-01-17 16:45:00+00:00,1.0859299999999998,1.0860699999999999,1.0853000000000002,1.0857350000000001,0
2024-01-18 06:00:00+00:00,1.0895000000000001,1.090635,1.0894849999999998,1.09017,0
2024-01-18 06:15:00+00:00,1.09015,1.0906150000000001,1.090135,1.0905200000000002,0
2024-01-18 06:30:00+00:00,1.090525,1.0905749999999999,1.0902699999999999,1.0903649999999998,0
2024-01-18 06:45:00+00:00,1.09036,1.0906850000000001,1.090265,1.090405,0
2024-01-18 20:00:00+00:00,1.0861800000000001,1.086605,1.08608,1.0863800000000001,0
2024-01-18 20:15:00+00:00,1.0863749999999999,1.0867149999999999,1.0863649999999998,1.086655,0
2024-01-18 20:30:00+00:00,1.08666,1.0868099999999998,1.0864150000000001,1.0865049999999998,0
2024-01-18 20:45:00+00:00,1.0865,1.086945,1.08639,1.08691,0
2024-01-19 11:00:00+00:00,1.0880999999999998,1.088755,1.08792,1.088695,0
2024-01-19 11:15:00+00:00,1.088675,1.088975,1.0884399999999999,1.088905,0
2024-01-19 11:30:00+00:00,1.08891,1.089315,1.088625,1.088735,0
2024-01-19 11:45:00+00:00,1.08872,1.08888,1.08853,1.0887449999999999,0
2024-01-21 22:00:00+00:00,1.08917,1.08932,1.08901,1.0891250000000001,0
2024-01-21 22:15:00+00:00,1.08913,1.089615,1.08907,1.089425,0
2024-01-21 22:30:00+00:00,1.08946,1.0895000000000001,1.088875,1.089385,0
2024-01-21 22:45:00+00:00,1.0893899999999999,1.08954,1.0892,1.08931,0
2024-01-22 15:00:00+00:00,1.08897,1.089635,1.0887,1.089565,0
2024-01-22 15:15:00+00:00,1.0895700000000001,1.08982,1.089405,1.08949,0
2024-01-22 15:30:00+00:00,1.0894849999999998,1.089525,1.0885799999999999,1.0886550000000002,0
2024-01-22 15:45:00+00:00,1.08867,1.08894,1.088255,1.08853,0
2024-01-23 06:00:00+00:00,1.0907,1.09071,1.09017,1.0901999999999998,0
2024-01-23 06:15:00+00:00,1.090205,1.0908,1.0901800000000001,1.0907550000000001,0
2024-01-23 06:30:00+00:00,1.09076,1.0907900000000001,1.0905200000000002,1.0907300000000002,0
2024-01-23 06:45:00+00:00,1.090735,1.091425,1.0907149999999999,1.091405,0
2024-01-23 19:00:00+00:00,1.0837249999999998,1.0839150000000002,1.08359,1.0837949999999998,0
2024-01-23 19:15:00+00:00,1.083785,1.08411,1.083735,1.084035,0
2024-01-23 19:30:00+00:00,1.08406,1.0847799999999999,1.0840049999999999,1.0846900000000002,0
2024-01-23 19:45:00+00:00,1.08468,1.0846900000000002,1.0844049999999998,1.0845250000000002,0
2024-01-24 13:00:00+00:00,1.08949,1.0906500000000001,1.089365,1.0906349999999998,0
2024-01-24 13:15:00+00:00,1.09062,1.091355,1.090385,1.091205,0
2024-01-24 13:30:00+00:00,1.09123,1.09177,1.0908600000000002,1.090885,0
2024-01-24 13:45:00+00:00,1.090875,1.0927250000000002,1.090865,1.092505,0
2024-01-25 04:00:00+00:00,1.087785,1.08806,1.087745,1.088055,0
2024-01-25 04:15:00+00:00,1.08805,1.0881349999999999,1.088,1.088035,0
2024-01-25 04:30:00+00:00,1.08804,1.08804,1.087695,1.087745,0
2024-01-25 04:45:00+00:00,1.08773,1.08773,1.08745,1.0875599999999999,0
2024-01-25 11:00:00+00:00,1.08931,1.0893899999999999,1.08901,1.089045,0
2024-01-25 11:15:00+00:00,1.0890499999999999,1.08911,1.08881,1.08887,0
2024-01-25 11:30:00+00:00,1.0888749999999998,1.089045,1.0886749999999998,1.089045,0
2024-01-25 11:45:00+00:00,1.0890499999999999,1.089525,1.08901,1.0894949999999999,0
2024-01-25 19:00:00+00:00,1.0830199999999999,1.083125,1.08242,1.08276,0
2024-01-25 19:15:00+00:00,1.082765,1.08291,1.08217,1.0828,0
2024-01-25 19:30:00+00:00,1.082795,1.08339,1.0826850000000001,1.0833,0
2024-01-25 19:45:00+00:00,1.0832950000000001,1.083765,1.08317,1.0836000000000001,0
2024-01-26 01:00:00+00:00,1.084,1.0842399999999999,1.0839249999999998,1.084095,0
2024-01-26 01:15:00+00:00,1.0840999999999998,1.084555,1.08402,1.084445,0
2024-01-26 01:30:00+00:00,1.084435,1.08465,1.084305,1.0843500000000001,0
2024-01-26 01:45:00+00:00,1.084355,1.0846749999999998,1.084295,1.084445,0
2024-01-26 02:00:00+00:00,1.08445,1.084715,1.084395,1.08467,0
2024-01-26 02:15:00+00:00,1.084665,1.0849000000000002,1.0845950000000002,1.0848049999999998,0
2024-01-26 02:30:00+00:00,1.0848,1.0848499999999999,1.0847099999999998,1.08472,0
2024-01-26 02:45:00+00:00,1.084715,1.084755,1.0844,1.084425,0
2024-01-26 05:00:00+00:00,1.08396,1.084105,1.08385,1.0840999999999998,0
2024-01-26 05:15:00+00:00,1.084095,1.084105,1.08393,1.084,0
2024-01-26 05:30:00+00:00,1.0840049999999999,1.08439,1.08389,1.084345,0
2024-01-26 05:45:00+00:00,1.0843500000000001,1.0843699999999998,1.0841949999999998,1.08426,0
2024-01-26 08:00:00+00:00,1.08195,1.08278,1.0817450000000002,1.082535,0
2024-01-26 08:15:00+00:00,1.08253,1.0829499999999999,1.08229,1.0827650000000002,0
2024-01-26 08:30:00+00:00,1.08277,1.083575,1.0827049999999998,1.08346,0
2024-01-26 08:45:00+00:00,1.083465,1.084215,1.08343,1.084035,0
2024-01-26 16:00:00+00:00,1.0864099999999999,1.08651,1.0859,1.08617,0
2024-01-26 16:15:00+00:00,1.0861649999999998,1.0868600000000002,1.0861649999999998,1.08664,0
2024-01-26 16:30:00+00:00,1.086625,1.086945,1.086175,1.08637,0
2024-01-26 16:45:00+00:00,1.086405,1.086665,1.08633,1.0865,0
2024-01-29 06:00:00+00:00,1.0840100000000001,1.0843150000000001,1.08393,1.0843099999999999,0
2024-01-29 06:15:00+00:00,1.0843150000000001,1.0845099999999999,1.08426,1.0843,0
2024-01-29 06:30:00+00:00,1.084305,1.0845799999999999,1.0842399999999999,1.08456,0
2024-01-29 06:45:00+00:00,1.08457,1.08473,1.0844049999999998,1.084665,0
2024-01-29 09:00:00+00:00,1.08346,1.0835750000000002,1.0830250000000001,1.08316,0
2024-01-29 09:15:00+00:00,1.083155,1.083215,1.0826099999999999,1.0827200000000001,0
2024-01-29 09:30:00+00:00,1.082725,1.083265,1.082315,1.082815,0
2024-01-29 09:45:00+00:00,1.082805,1.0830449999999998,1.082395,1.0825200000000001,0
2024-01-29 14:00:00+00:00,1.08202,1.0822699999999998,1.0809,1.0809250000000001,0
2024-01-29 14:15:00+00:00,1.08093,1.0812650000000001,1.080895,1.080915,0
2024-01-29 14:30:00+00:00,1.08091,1.0810650000000002,1.080495,1.08074,0
2024-01-29 14:45:00+00:00,1.080735,1.0807799999999999,1.080425,1.0807099999999998,0
2024-01-30 14:00:00+00:00,1.0834700000000002,1.084495,1.082965,1.08438,0
2024-01-30 14:15:00+00:00,1.084345,1.085145,1.0842749999999999,1.085035,0
2024-01-30 14:30:00+00:00,1.085045,1.08563,1.084575,1.084955,0
2024-01-30 14:45:00+00:00,1.0849600000000001,1.0857350000000001,1.08473,1.085045,0
2024-01-31 04:00:00+00:00,1.081865,1.08202,1.08182,1.082015,0
2024-01-31 04:15:00+00:00,1.081995,1.0819999999999999,1.08189,1.08192,0
2024-01-31 04:30:00+00:00,1.081925,1.08208,1.081885,1.0820750000000001,0
2024-01-31 04:45:00+00:00,1.08208,1.0822349999999998,1.081955,1.08206,0
2024-01-31 16:00:00+00:00,1.086125,1.086785,1.085185,1.0852149999999998,0
2024-01-31 16:15:00+00:00,1.08521,1.0857,1.0844900000000002,1.0847099999999998,0
2024-01-31 16:30:00+00:00,1.08472,1.08499,1.0845250000000002,1.08479,0
2024-01-31 16:45:00+00:00,1.0847799999999999,1.085785,1.0847250000000002,1.08545,0
2024-02-01 10:00:00+00:00,1.0799050000000001,1.0802800000000001,1.07955,1.080155,0
2024-02-01 10:15:00+00:00,1.08014,1.080185,1.0795050000000002,1.0796649999999999,0
2024-02-01 10:30:00+00:00,1.0796549999999998,1.07999,1.079465,1.0796999999999999,0
2024-02-01 10:45:00+00:00,1.07969,1.07982,1.0791499999999998,1.0793249999999999,0
2024-02-01 21:00:00+00:00,1.08716,1.08716,1.08682,1.0870199999999999,0
2024-02-01 21:15:00+00:00,1.087035,1.0873249999999999,1.0870199999999999,1.087065,0
2024-02-01 21:30:00+00:00,1.08707,1.08731,1.0870350000000002,1.087105,0
2024-02-01 21:45:00+00:00,1.08712,1.087275,1.0870549999999999,1.087185,0
2024-02-01 23:00:00+00:00,1.0873,1.087625,1.087265,1.08752,0
2024-02-01 23:15:00+00:00,1.0875249999999999,1.087535,1.08738,1.0874350000000002,0
2024-02-01 23:30:00+00:00,1.08744,1.08744,1.08732,1.08737,0
2024-02-01 23:45:00+00:00,1.087375,1.08746,1.08737,1.08744,0
2024-02-02 03:00:00+00:00,1.0878700000000001,1.08789,1.08766,1.087715,0
2024-02-02 03:15:00+00:00,1.08771,1.0877400000000002,1.087445,1.08748,0
2024-02-02 03:30:00+00:00,1.087485,1.08755,1.087345,1.087395,0
2024-02-02 03:45:00+00:00,1.08739,1.087715,1.087375,1.087685,0
2024-02-02 06:00:00+00:00,1.08775,1.08811,1.0876649999999999,1.088055,0
2024-02-02 06:15:00+00:00,1.08805,1.08805,1.0876350000000001,1.08793,0
2024-02-02 06:30:00+00:00,1.0879400000000001,1.08804,1.087755,1.087895,0
2024-02-02 06:45:00+00:00,1.0878999999999999,1.088025,1.08741,1.08758,0
2024-02-05 21:00:00+00:00,1.074265,1.0743,1.07399,1.07399,0
2024-02-05 21:15:00+00:00,1.073995,1.07406,1.07394,1.07403,0
2024-02-05 21:30:00+00:00,1.0740349999999999,1.07409,1.07397,1.074065,0
2024-02-05 21:45:00+00:00,1.0740699999999999,1.074275,1.0740500000000002,1.07424,0
2024-02-06 13:00:00+00:00,1.0736050000000001,1.074405,1.0731950000000001,1.0739999999999998,0
2024-02-06 13:15:00+00:00,1.074005,1.07417,1.073165,1.073175,0
2024-02-06 13:30:00+00:00,1.0731700000000002,1.0734849999999998,1.0728149999999999,1.07318,0
2024-02-06 13:45:00+00:00,1.073185,1.073365,1.07281,1.07306,0
2024-02-06 20:00:00+00:00,1.0749499999999999,1.0754350000000001,1.074945,1.0753750000000002,0
2024-02-06 20:15:00+00:00,1.07538,1.07539,1.0751149999999998,1.075285,0
2024-02-06 20:30:00+00:00,1.07528,1.07544,1.07518,1.0753300000000001,0
2024-02-06 20:45:00+00:00,1.07534,1.07575,1.075305,1.075675,0
2024-02-07 17:00:00+00:00,1.07677,1.07679,1.0760399999999999,1.076415,0
2024-02-07 17:15:00+00:00,1.0764200000000002,1.076565,1.075965,1.07621,0
2024-02-07 17:30:00+00:00,1.0762,1.0763699999999998,1.0759400000000001,1.0763449999999999,0
2024-02-07 17:45:00+00:00,1.07636,1.0765,1.07627,1.0764900000000002,0
2024-02-08 09:00:00+00:00,1.0777299999999999,1.07795,1.0773549999999998,1.077595,0
2024-02-08 09:15:00+00:00,1.0776,1.0778850000000002,1.0774,1.07767,0
2024-02-08 09:30:00+00:00,1.077665,1.0784,1.077595,1.07829,0
2024-02-08 09:45:00+00:00,1.0783,1.07843,1.077705,1.078295,0
2024-02-08 16:00:00+00:00,1.076125,1.076445,1.076025,1.07621,0
2024-02-08 16:15:00+00:00,1.07621,1.076455,1.0761150000000002,1.076265,0
2024-02-08 16:30:00+00:00,1.07627,1.07661,1.076175,1.076495,0
2024-02-08 16:45:00+00:00,1.0764900000000002,1.077405,1.076445,1.07733,0
2024-02-09 00:00:00+00:00,1.077775,1.0778750000000001,1.077685,1.0777,0
2024-02-09 00:15:00+00:00,1.077685,1.077865,1.07768,1.077735,0
2024-02-09 00:30:00+00:00,1.07774,1.0777549999999998,1.077315,1.0774650000000001,0
2024-02-09 00:45:00+00:00,1.0774599999999999,1.0775700000000001,1.077235,1.0773000000000001,0
2024-02-09 08:00:00+00:00,1.078045,1.0784150000000001,1.0774,1.07747,0
2024-02-09 08:15:00+00:00,1.0774599999999999,1.07835,1.077295,1.07824,0
2024-02-09 08:30:00+00:00,1.078245,1.0784850000000001,1.07755,1.07756,0
2024-02-09 08:45:00+00:00,1.0775649999999999,1.07768,1.07724,1.07728,0
2024-02-12 20:00:00+00:00,1.07695,1.07745,1.07695,1.077435,0
2024-02-12 20:15:00+00:00,1.07742,1.077445,1.077235,1.077415,0
2024-02-12 20:30:00+00:00,1.07741,1.07747,1.077165,1.077235,0
2024-02-12 20:45:00+00:00,1.07722,1.07751,1.077185,1.07743,0
2024-02-13 03:00:00+00:00,1.0764200000000002,1.07648,1.0761349999999998,1.0761850000000002,0
2024-02-13 03:15:00+00:00,1.07619,1.076225,1.0761150000000002,1.076125,0
2024-02-13 03:30:00+00:00,1.0761150000000002,1.0762649999999998,1.07607,1.076215,0
2024-02-13 03:45:00+00:00,1.0762200000000002,1.0762900000000002,1.07618,1.0761850000000002,0
2024-02-13 18:00:00+00:00,1.07153,1.072025,1.071515,1.071695,0
2024-02-13 18:15:00+00:00,1.07171,1.071745,1.0712700000000002,1.07139,0
2024-02-13 18:30:00+00:00,1.0713750000000002,1.071385,1.0710199999999999,1.07117,0
2024-02-13 18:45:00+00:00,1.07116,1.07123,1.07077,1.070845,0
2024-02-15 08:00:00+00:00,1.073305,1.0737700000000001,1.073,1.073435,0
2024-02-15 08:15:00+00:00,1.07342,1.07362,1.07308,1.0732599999999999,0
2024-02-15 08:30:00+00:00,1.073245,1.07349,1.073095,1.07338,0
2024-02-15 08:45:00+00:00,1.073385,1.073585,1.07297,1.0731000000000002,0
2024-02-16 18:00:00+00:00,1.077795,1.0778850000000002,1.077395,1.07756,0
2024-02-16 18:15:00+00:00,1.0775649999999999,1.0776599999999998,1.07741,1.07754,0
2024-02-16 18:30:00+00:00,1.07752,1.0781649999999998,1.07745,1.07816,0
2024-02-16 18:45:00+00:00,1.0781649999999998,1.078605,1.0780500000000002,1.078515,0
2024-02-19 15:00:00+00:00,1.07666,1.07666,1.0762749999999999,1.07629,0
2024-02-19 15:15:00+00:00,1.0762749999999999,1.07674,1.076215,1.076495,0
2024-02-19 15:30:00+00:00,1.0764900000000002,1.0768,1.07641,1.0765950000000002,0
2024-02-19 15:45:00+00:00,1.07659,1.07686,1.07648,1.07675,0
2024-02-19 18:00:00+00:00,1.07761,1.0779800000000002,1.07761,1.0779800000000002,0
2024-02-19 18:15:00+00:00,1.07797,1.0783749999999999,1.07797,1.07806,0
2024-02-19 18:30:00+00:00,1.078065,1.0780949999999998,1.0779450000000002,1.0779999999999998,0
2024-02-19 18:45:00+00:00,1.077995,1.0779999999999998,1.0778050000000001,1.0779100000000001,0
2024-02-20 18:00:00+00:00,1.081175,1.0812050000000002,1.08091,1.0810849999999999,0
2024-02-20 18:15:00+00:00,1.08108,1.08108,1.08083,1.08104,0
2024-02-20 18:30:00+00:00,1.081015,1.0810849999999999,1.080715,1.0810300000000002,0
2024-02-20 18:45:00+00:00,1.081015,1.08131,1.0808849999999999,1.08099,0
2024-02-21 08:00:00+00:00,1.081065,1.08147,1.080905,1.08106,0
2024-02-21 08:15:00+00:00,1.081065,1.081235,1.080645,1.080755,0
2024-02-21 08:30:00+00:00,1.08077,1.0809199999999999,1.0805500000000001,1.080635,0
2024-02-21 08:45:00+00:00,1.08063,1.080755,1.079735,1.079885,0
2024-02-21 09:00:00+00:00,1.0798800000000002,1.07989,1.079,1.07928,0
2024-02-21 09:15:00+00:00,1.0792700000000002,1.0795949999999999,1.07926,1.0794899999999998,0
2024-02-21 09:30:00+00:00,1.07948,1.07991,1.07937,1.0797599999999998,0
2024-02-21 09:45:00+00:00,1.079755,1.0800450000000001,1.079565,1.08,0
2024-02-21 12:00:00+00:00,1.07991,1.080185,1.0796549999999998,1.08018,0
2024-02-21 12:15:00+00:00,1.080185,1.080235,1.07989,1.07991,0
2024-02-21 12:30:00+00:00,1.0798999999999999,1.0800450000000001,1.07965,1.0797599999999998,0
2024-02-21 12:45:00+00:00,1.079765,1.0803250000000002,1.079695,1.08032,0
2024-02-21 16:00:00+00:00,1.08052,1.08122,1.08009,1.08122,0
2024-02-21 16:15:00+00:00,1.0812249999999999,1.0815299999999999,1.0808550000000001,1.0814750000000002,0
2024-02-21 16:30:00+00:00,1.08147,1.08181,1.08134,1.08176,0
2024-02-21 16:45:00+00:00,1.0817350000000001,1.0818949999999998,1.0815000000000001,1.081705,0
2024-02-21 17:00:00+00:00,1.081715,1.0817350000000001,1.081095,1.0812650000000001,0
2024-02-21 17:15:00+00:00,1.0812599999999999,1.08138,1.0808,1.08094,0
2024-02-21 17:30:00+00:00,1.080935,1.080975,1.0807600000000002,1.080805,0
2024-02-21 17:45:00+00:00,1.0808149999999999,1.0809799999999998,1.0806749999999998,1.0807600000000002,0
2024-02-21 20:00:00+00:00,1.081655,1.081725,1.0813899999999999,1.0816750000000002,0
2024-02-21 20:15:00+00:00,1.081665,1.0816750000000002,1.0812599999999999,1.08163,0
2024-02-21 20:30:00+00:00,1.0816249999999998,1.0821,1.081615,1.082005,0
2024-02-21 20:45:00+00:00,1.08202,1.08208,1.081715,1.08172,0
2024-02-21 23:00:00+00:00,1.08198,1.082275,1.08198,1.0820850000000002,0
2024-02-21 23:15:00+00:00,1.08208,1.08224,1.08208,1.0821800000000001,0
2024-02-21 23:30:00+00:00,1.0821749999999999,1.0821800000000001,1.081995,1.08203,0
2024-02-21 23:45:00+00:00,1.0820400000000001,1.08209,1.0818850000000002,1.0820349999999999,0
2024-02-22 01:00:00+00:00,1.0830250000000001,1.08307,1.082725,1.082825,0
2024-02-22 01:15:00+00:00,1.08282,1.08294,1.0826950000000002,1.08284,0
2024-02-22 01:30:00+00:00,1.082835,1.0830350000000002,1.0827749999999998,1.08284,0
2024-02-22 01:45:00+00:00,1.0828449999999998,1.08292,1.0826799999999999,1.0826799999999999,0
2024-02-22 03:00:00+00:00,1.08262,1.082735,1.082545,1.08267,0
2024-02-22 03:15:00+00:00,1.08266,1.082675,1.08237,1.0824799999999999,0
2024-02-22 03:30:00+00:00,1.082475,1.0825200000000001,1.082335,1.08235,0
2024-02-22 03:45:00+00:00,1.0823450000000001,1.0825900000000002,1.0823200000000002,1.082585,0
2024-02-22 06:00:00+00:00,1.083335,1.083685,1.08331,1.0836299999999999,0
2024-02-22 06:15:00+00:00,1.083655,1.08375,1.0835599999999999,1.083685,0
2024-02-22 06:30:00+00:00,1.0836899999999998,1.0838450000000002,1.083685,1.08378,0
2024-02-22 06:45:00+00:00,1.0837599999999998,1.084015,1.083745,1.0838549999999998,0
2024-02-22 10:00:00+00:00,1.0853,1.08554,1.08504,1.085455,0
2024-02-22 10:15:00+00:00,1.08545,1.085635,1.0851350000000002,1.085305,0
2024-02-22 10:30:00+00:00,1.0853000000000002,1.08589,1.0852300000000001,1.08579,0
2024-02-22 10:45:00+00:00,1.08582,1.08585,1.085335,1.08567,0
2024-02-22 19:00:00+00:00,1.0824799999999999,1.082515,1.08222,1.08228,0
2024-02-22 19:15:00+00:00,1.082285,1.0824250000000002,1.08223,1.082315,0
2024-02-22 19:30:00+00:00,1.0823200000000002,1.082355,1.081925,1.08199,0
2024-02-22 19:45:00+00:00,1.081995,1.08233,1.081995,1.08224,0
2024-02-22 21:00:00+00:00,1.08219,1.0821999999999998,1.082085,1.08216,0
2024-02-22 21:15:00+00:00,1.0821550000000002,1.0822699999999998,1.08213,1.08221,0
2024-02-22 21:30:00+00:00,1.082205,1.08231,1.082115,1.082205,0
2024-02-22 21:45:00+00:00,1.0821999999999998,1.0823800000000001,1.082195,1.082295,0
2024-02-23 16:00:00+00:00,1.082065,1.0822500000000002,1.0815000000000001,1.08155,0
2024-02-23 16:15:00+00:00,1.08156,1.082255,1.08155,1.082215,0
2024-02-23 16:30:00+00:00,1.082225,1.082575,1.082225,1.08228,0
2024-02-23 16:45:00+00:00,1.08229,1.082875,1.08229,1.082745,0
2024-02-26 03:00:00+00:00,1.081695,1.08174,1.08161,1.08168,0
2024-02-26 03:15:00+00:00,1.08169,1.0818699999999999,1.08167,1.081845,0
2024-02-26 03:30:00+00:00,1.08185,1.0819299999999998,1.0817999999999999,1.0818699999999999,0
2024-02-26 03:45:00+00:00,1.081865,1.08195,1.08179,1.081855,0
2024-02-26 09:00:00+00:00,1.0832199999999998,1.083645,1.08307,1.08345,0
2024-02-26 09:15:00+00:00,1.083455,1.08375,1.08339,1.08361,0
2024-02-26 09:30:00+00:00,1.083615,1.083955,1.08361,1.083925,0
2024-02-26 09:45:00+00:00,1.083925,1.08404,1.083755,1.083995,0
2024-02-26 15:00:00+00:00,1.084635,1.084835,1.0838700000000001,1.084165,0
2024-02-26 15:15:00+00:00,1.0841699999999999,1.0847099999999998,1.0838999999999999,1.08457,0
2024-02-26 15:30:00+00:00,1.0845850000000001,1.0851199999999999,1.084535,1.08481,0
2024-02-26 15:45:00+00:00,1.084785,1.085435,1.0847099999999998,1.0851000000000002,0
2024-02-26 22:00:00+00:00,1.0850849999999999,1.085165,1.08487,1.0849799999999998,0
2024-02-26 22:15:00+00:00,1.0850300000000002,1.0850300000000002,1.084765,1.08479,0
2024-02-26 22:30:00+00:00,1.084785,1.08493,1.0847799999999999,1.0849250000000001,0
2024-02-26 22:45:00+00:00,1.08494,1.085045,1.0849250000000001,1.085025,0
2024-02-27 08:00:00+00:00,1.085595,1.085845,1.0853000000000002,1.08574,0
2024-02-27 08:15:00+00:00,1.08572,1.08616,1.0856400000000002,1.086045,0
2024-02-27 08:30:00+00:00,1.0860500000000002,1.08642,1.08578,1.08637,0
2024-02-27 08:45:00+00:00,1.086385,1.086595,1.0856050000000002,1.0857649999999999,0
2024-02-27 09:00:00+00:00,1.08576,1.085945,1.08567,1.0857450000000002,0
2024-02-27 09:15:00+00:00,1.08575,1.08589,1.0853199999999998,1.0853899999999999,0
2024-02-27 09:30:00+00:00,1.085385,1.08555,1.0851899999999999,1.08535,0
2024-02-27 09:45:00+00:00,1.085345,1.085695,1.08521,1.0853000000000002,0
2024-02-27 10:00:00+00:00,1.085295,1.085295,1.0841949999999998,1.084425,0
2024-02-27 10:15:00+00:00,1.08441,1.084805,1.08434,1.084575,0
2024-02-27 10:30:00+00:00,1.084565,1.08511,1.084565,1.08501,0
2024-02-27 10:45:00+00:00,1.085005,1.08533,1.0848900000000001,1.085175,0
2024-02-27 12:00:00+00:00,1.085775,1.086135,1.085715,1.08612,0
2024-02-27 12:15:00+00:00,1.086115,1.086175,1.085845,1.08588,0
2024-02-27 12:30:00+00:00,1.085885,1.086065,1.08579,1.0859999999999999,0
2024-02-27 12:45:00+00:00,1.086005,1.08631,1.08558,1.085685,0
2024-02-29 00:00:00+00:00,1.08385,1.084015,1.083795,1.0839400000000001,0
2024-02-29 00:15:00+00:00,1.083945,1.0839500000000002,1.083755,1.083755,0
2024-02-29 00:30:00+00:00,1.0837400000000001,1.08378,1.08348,1.083545,0
2024-02-29 00:45:00+00:00,1.08355,1.0836649999999999,1.0834899999999998,1.0836350000000001,0
2024-02-29 08:00:00+00:00,1.08289,1.0841949999999998,1.0828600000000002,1.08406,0
2024-02-29 08:15:00+00:00,1.0840649999999998,1.08474,1.084025,1.0844399999999998,0
2024-02-29 08:30:00+00:00,1.0844200000000002,1.084735,1.0843,1.0845950000000002,0
2024-02-29 08:45:00+00:00,1.08459,1.084645,1.0834700000000002,1.0837750000000002,0
2024-02-29 21:00:00+00:00,1.080845,1.080865,1.0804749999999999,1.0805950000000002,0
2024-02-29 21:15:00+00:00,1.0806,1.0806200000000001,1.080395,1.0804900000000002,0
2024-02-29 21:30:00+00:00,1.080505,1.08052,1.0804049999999998,1.0804900000000002,0
2024-02-29 21:45:00+00:00,1.080495,1.0806149999999999,1.080425,1.08053,0
2024-03-04 14:00:00+00:00,1.08487,1.085005,1.0845150000000001,1.08459,0
2024-03-04 14:15:00+00:00,1.0845850000000001,1.0851000000000002,1.0845850000000001,1.085045,0
2024-03-04 14:30:00+00:00,1.08506,1.085445,1.084955,1.08529,0
2024-03-04 14:45:00+00:00,1.08528,1.086175,1.08527,1.0859800000000002,0
2024-03-05 05:00:00+00:00,1.0850499999999998,1.085215,1.08504,1.085215,0
2024-03-05 05:15:00+00:00,1.0852249999999999,1.085345,1.08518,1.08521,0
2024-03-05 05:30:00+00:00,1.0852149999999998,1.08542,1.0851549999999999,1.0852300000000001,0
2024-03-05 05:45:00+00:00,1.0852249999999999,1.085325,1.08494,1.085295,0
2024-03-06 05:00:00+00:00,1.085175,1.0853899999999999,1.08517,1.0853899999999999,0
2024-03-06 05:15:00+00:00,1.085385,1.08545,1.0853000000000002,1.085395,0
2024-03-06 05:30:00+00:00,1.0853899999999999,1.0856050000000002,1.085385,1.0855450000000002,0
2024-03-06 05:45:00+00:00,1.08554,1.08569,1.0854599999999999,1.08552,0
2024-03-06 20:00:00+00:00,1.089675,1.08979,1.089305,1.08934,0
2024-03-06 20:15:00+00:00,1.08935,1.0895899999999998,1.089305,1.08958,0
2024-03-06 20:30:00+00:00,1.0895899999999998,1.089655,1.089375,1.0894949999999999,0
2024-03-06 20:45:00+00:00,1.08949,1.08995,1.08949,1.0899100000000002,0
2024-03-07 10:00:00+00:00,1.0901800000000001,1.090195,1.08948,1.089635,0
2024-03-07 10:15:00+00:00,1.08963,1.08971,1.0893549999999999,1.089415,0
2024-03-07 10:30:00+00:00,1.0894249999999999,1.0894650000000001,1.088975,1.08914,0
2024-03-07 10:45:00+00:00,1.089165,1.089795,1.0891250000000001,1.08965,0
2024-03-07 14:00:00+00:00,1.087235,1.08902,1.0869300000000002,1.088695,0
2024-03-07 14:15:00+00:00,1.088705,1.090195,1.0883500000000002,1.0901,0
2024-03-07 14:30:00+00:00,1.0901049999999999,1.090775,1.089585,1.090045,0
2024-03-07 14:45:00+00:00,1.09006,1.09195,1.08969,1.0915650000000001,0
2024-03-07 20:00:00+00:00,1.094695,1.094695,1.094265,1.09449,0
2024-03-07 20:15:00+00:00,1.094495,1.0946799999999999,1.0944850000000002,1.0945900000000002,0
2024-03-07 20:30:00+00:00,1.094585,1.0949149999999999,1.09449,1.09475,0
2024-03-07 20:45:00+00:00,1.094735,1.0948099999999998,1.09462,1.09471,0
2024-03-08 13:00:00+00:00,1.093205,1.09362,1.0931199999999999,1.09356,0
2024-03-08 13:15:00+00:00,1.093565,1.0944349999999998,1.09347,1.0940349999999999,0
2024-03-08 13:30:00+00:00,1.094045,1.098135,1.091835,1.097225,0
2024-03-08 13:45:00+00:00,1.0972149999999998,1.097445,1.09544,1.095825,0
2024-03-11 10:00:00+00:00,1.09347,1.093785,1.093305,1.0937350000000001,0
2024-03-11 10:15:00+00:00,1.093725,1.0941,1.093675,1.09385,0
2024-03-11 10:30:00+00:00,1.093865,1.094095,1.09385,1.093915,0
2024-03-11 10:45:00+00:00,1.0939100000000002,1.094355,1.0938599999999998,1.09416,0
2024-03-11 21:00:00+00:00,1.0925799999999999,1.092765,1.09213,1.092505,0
2024-03-11 21:15:00+00:00,1.09252,1.092705,1.09252,1.092555,0
2024-03-11 21:30:00+00:00,1.0925500000000001,1.092665,1.0925449999999999,1.0925850000000001,0
2024-03-11 21:45:00+00:00,1.09259,1.09268,1.092575,1.092645,0
2024-03-12 17:00:00+00:00,1.09177,1.09198,1.09128,1.0915300000000001,0
2024-03-12 17:15:00+00:00,1.09152,1.09195,1.09143,1.091745,0
2024-03-12 17:30:00+00:00,1.09173,1.0920299999999998,1.0916549999999998,1.0920100000000001,0
2024-03-12 17:45:00+00:00,1.09202,1.092085,1.0918100000000002,1.0919349999999999,0
2024-03-12 23:00:00+00:00,1.092765,1.09288,1.092705,1.0928200000000001,0
2024-03-12 23:15:00+00:00,1.092825,1.092905,1.09275,1.0927600000000002,0
2024-03-12 23:30:00+00:00,1.092765,1.0928550000000001,1.0927099999999998,1.092715,0
2024-03-12 23:45:00+00:00,1.09273,1.0928149999999999,1.092645,1.092685,0
2024-03-13 11:00:00+00:00,1.093045,1.0935700000000002,1.093015,1.093545,0
2024-03-13 11:15:00+00:00,1.093535,1.09395,1.0934849999999998,1.09388,0
2024-03-13 11:30:00+00:00,1.093895,1.09415,1.093775,1.09406,0
2024-03-13 11:45:00+00:00,1.0940699999999999,1.09458,1.094065,1.0942150000000002,0
2024-03-13 17:00:00+00:00,1.0949149999999999,1.09639,1.09487,1.096015,0
2024-03-13 17:15:00+00:00,1.0960100000000002,1.0960649999999998,1.09564,1.09575,0
2024-03-13 17:30:00+00:00,1.095745,1.09612,1.0957,1.09586,0
2024-03-13 17:45:00+00:00,1.0958549999999998,1.09593,1.095655,1.095715,0
2024-03-14 09:00:00+00:00,1.09378,1.0943399999999999,1.0937100000000002,1.09415,0
2024-03-14 09:15:00+00:00,1.09414,1.09415,1.093835,1.0940400000000001,0
2024-03-14 09:30:00+00:00,1.094045,1.0944349999999998,1.09396,1.0943900000000002,0
2024-03-14 09:45:00+00:00,1.094385,1.09444,1.0938050000000001,1.0941450000000001,0
2024-03-14 20:00:00+00:00,1.089105,1.0891899999999999,1.088675,1.088685,0
2024-03-14 20:15:00+00:00,1.088685,1.088685,1.088375,1.088555,0
2024-03-14 20:30:00+00:00,1.0885449999999999,1.088625,1.08849,1.088495,0
2024-03-14 20:45:00+00:00,1.0884900000000002,1.088565,1.08829,1.088305,0
2024-03-15 07:00:00+00:00,1.0879850000000002,1.08818,1.08786,1.088055,0
2024-03-15 07:15:00+00:00,1.08805,1.08823,1.087955,1.0881699999999999,0
2024-03-15 07:30:00+00:00,1.08816,1.0883699999999998,1.088105,1.08818,0
2024-03-15 07:45:00+00:00,1.088195,1.088485,1.08788,1.088095,0
2024-03-15 17:00:00+00:00,1.088595,1.08879,1.0884800000000001,1.088485,0
2024-03-15 17:15:00+00:00,1.08849,1.0887950000000002,1.08839,1.0885150000000001,0
2024-03-15 17:30:00+00:00,1.0885099999999999,1.0886,1.0883699999999998,1.0884550000000002,0
2024-03-15 17:45:00+00:00,1.08845,1.088565,1.088355,1.08838,0
2024-03-17 23:00:00+00:00,1.088665,1.08867,1.0884200000000002,1.08843,0
2024-03-17 23:15:00+00:00,1.088425,1.088485,1.0882649999999998,1.0882999999999998,0
2024-03-17 23:30:00+00:00,1.088305,1.08836,1.08818,1.0882,0
2024-03-17 23:45:00+00:00,1.0882049999999999,1.0883699999999998,1.08818,1.088365,0
2024-03-18 14:00:00+00:00,1.0889099999999998,1.0893350000000002,1.0888200000000001,1.08904,0
2024-03-18 14:15:00+00:00,1.089045,1.08933,1.0889799999999998,1.089025,0
2024-03-18 14:30:00+00:00,1.0890300000000002,1.089045,1.0885,1.08873,0
2024-03-18 14:45:00+00:00,1.088735,1.08895,1.088445,1.08857,0
2024-03-18 16:00:00+00:00,1.088535,1.088535,1.087695,1.087745,0
2024-03-18 16:15:00+00:00,1.08775,1.0877599999999998,1.0869550000000001,1.087135,0
2024-03-18 16:30:00+00:00,1.08714,1.087285,1.086945,1.08721,0
2024-03-18 16:45:00+00:00,1.087215,1.08744,1.0871,1.08724,0
2024-03-19 02:00:00+00:00,1.08683,1.08731,1.08683,1.08731,0
2024-03-19 02:15:00+00:00,1.0872950000000001,1.08734,1.0872199999999999,1.0873300000000001,0
2024-03-19 02:30:00+00:00,1.087335,1.087475,1.0873050000000002,1.08738,0
2024-03-19 02:45:00+00:00,1.0873849999999998,1.087425,1.08727,1.08734,0
2024-03-19 13:00:00+00:00,1.085165,1.085725,1.0851199999999999,1.0853549999999998,0
2024-03-19 13:15:00+00:00,1.085365,1.0856249999999998,1.0851899999999999,1.0854,0
2024-03-19 13:30:00+00:00,1.085395,1.0856050000000002,1.084945,1.08495,0
2024-03-19 13:45:00+00:00,1.08494,1.08545,1.08494,1.08542,0
2024-03-19 22:00:00+00:00,1.086585,1.0866250000000002,1.086515,1.0866250000000002,0
2024-03-19 22:15:00+00:00,1.086615,1.0866500000000001,1.0865550000000002,1.0865900000000002,0
2024-03-19 22:30:00+00:00,1.08658,1.086585,1.08648,1.08648,0
2024-03-19 22:45:00+00:00,1.0864850000000001,1.08658,1.0864850000000001,1.086545,0
2024-03-20 11:00:00+00:00,1.083965,1.08433,1.083915,1.0842100000000001,0
2024-03-20 11:15:00+00:00,1.084215,1.084255,1.08371,1.084085,0
2024-03-20 11:30:00+00:00,1.084075,1.0843099999999999,1.084015,1.0842200000000002,0
2024-03-20 11:45:00+00:00,1.084225,1.084375,1.0840999999999998,1.0842649999999998,0
2024-03-21 01:00:00+00:00,1.09335,1.093795,1.09333,1.0936949999999999,0
2024-03-21 01:15:00+00:00,1.09369,1.0939,1.09354,1.0936949999999999,0
2024-03-21 01:30:00+00:00,1.0937000000000001,1.09376,1.09335,1.093545,0
2024-03-21 01:45:00+00:00,1.09355,1.09375,1.0934300000000001,1.09353,0
2024-03-21 12:00:00+00:00,1.09098,1.0912899999999999,1.09056,1.0908099999999998,0
2024-03-21 12:15:00+00:00,1.090805,1.09171,1.090775,1.09143,0
2024-03-21 12:30:00+00:00,1.0914549999999998,1.091535,1.09036,1.0908099999999998,0
2024-03-21 12:45:00+00:00,1.09082,1.09128,1.09058,1.09116,0
2024-03-22 00:00:00+00:00,1.086225,1.08643,1.086225,1.086395,0
2024-03-22 00:15:00+00:00,1.08639,1.0867,1.08637,1.0866,0
2024-03-22 00:30:00+00:00,1.08662,1.086805,1.0865900000000002,1.0866500000000001,0
2024-03-22 00:45:00+00:00,1.08664,1.0866500000000001,1.08643,1.086525,0
2024-03-22 12:00:00+00:00,1.081625,1.08212,1.0814599999999999,1.081915,0
2024-03-22 12:15:00+00:00,1.08192,1.082725,1.08188,1.0826099999999999,0
2024-03-22 12:30:00+00:00,1.08263,1.08298,1.0824799999999999,1.08297,0
2024-03-22 12:45:00+00:00,1.08296,1.08312,1.0824449999999999,1.0826500000000001,0
2024-03-25 01:00:00+00:00,1.0803699999999998,1.08041,1.08022,1.0802649999999998,0
2024-03-25 01:15:00+00:00,1.0802749999999999,1.08148,1.0802749999999999,1.08134,0
2024-03-25 01:30:00+00:00,1.0813350000000002,1.081975,1.08115,1.0817,0
2024-03-25 01:45:00+00:00,1.081685,1.08185,1.08156,1.081705,0
2024-03-25 22:00:00+00:00,1.08368,1.0838649999999999,1.08368,1.0837050000000001,0
2024-03-25 22:15:00+00:00,1.0836999999999999,1.083725,1.08369,1.08369,0
2024-03-25 22:30:00+00:00,1.083695,1.0838,1.083685,1.0837949999999998,0
2024-03-25 22:45:00+00:00,1.083805,1.08382,1.083695,1.08371,0
2024-03-27 01:00:00+00:00,1.0829550000000001,1.08305,1.08291,1.08304,0
2024-03-27 01:15:00+00:00,1.0830449999999998,1.0830899999999999,1.0823800000000001,1.082465,0
2024-03-27 01:30:00+00:00,1.0824500000000001,1.0825,1.08206,1.082245,0
2024-03-27 01:45:00+00:00,1.0822500000000002,1.08236,1.08215,1.0823399999999999,0
2024-03-28 06:00:00+00:00,1.082385,1.082405,1.082085,1.08213,0
2024-03-28 06:15:00+00:00,1.0821100000000001,1.082195,1.08203,1.08213,0
2024-03-28 06:30:00+00:00,1.08212,1.0821450000000001,1.0818349999999999,1.0819100000000001,0
2024-03-28 06:45:00+00:00,1.081915,1.081915,1.08151,1.081795,0
2024-03-29 01:00:00+00:00,1.07843,1.078515,1.078325,1.078345,0
2024-03-29 01:15:00+00:00,1.0783399999999999,1.07842,1.078095,1.078115,0
2024-03-29 01:30:00+00:00,1.0781450000000001,1.0781450000000001,1.07789,1.0779100000000001,0
2024-03-29 01:45:00+00:00,1.077915,1.078025,1.0776,1.07761,0
2024-03-29 11:00:00+00:00,1.07847,1.07884,1.07844,1.078735,0
2024-03-29 11:15:00+00:00,1.0787399999999998,1.079195,1.07871,1.07892,0
2024-03-29 11:30:00+00:00,1.07893,1.079075,1.078725,1.07882,0
2024-03-29 11:45:00+00:00,1.078815,1.07884,1.07864,1.07873,0
2024-03-31 21:00:00+00:00,1.07893,1.07945,1.07875,1.07932,0
2024-03-31 21:15:00+00:00,1.0793249999999999,1.0795,1.079275,1.0794700000000002,0
2024-03-31 21:30:00+00:00,1.07948,1.07948,1.079225,1.07927,0
2024-03-31 21:45:00+00:00,1.079275,1.07938,1.07917,1.07937,0
2024-04-01 13:00:00+00:00,1.0781800000000001,1.0783049999999998,1.077935,1.0779649999999998,0
2024-04-01 13:15:00+00:00,1.077975,1.07812,1.0778349999999999,1.077865,0
2024-04-01 13:30:00+00:00,1.0778699999999999,1.07803,1.0776249999999998,1.077665,0
2024-04-01 13:45:00+00:00,1.07769,1.07785,1.077185,1.077375,0
2024-04-01 14:00:00+00:00,1.07737,1.07737,1.07449,1.0750250000000001,0
2024-04-01 14:15:00+00:00,1.0750199999999999,1.07514,1.0743649999999998,1.074405,0
2024-04-01 14:30:00+00:00,1.0744099999999999,1.074885,1.074005,1.0740349999999999,0
2024-04-01 14:45:00+00:00,1.07403,1.074655,1.07395,1.0744449999999999,0
2024-04-02 00:00:00+00:00,1.0737100000000002,1.0737100000000002,1.0731350000000002,1.073445,0
2024-04-02 00:15:00+00:00,1.073435,1.073595,1.073105,1.0732599999999999,0
2024-04-02 00:30:00+00:00,1.073275,1.07343,1.07321,1.073365,0
2024-04-02 00:45:00+00:00,1.0733700000000002,1.07389,1.07327,1.07372,0
2024-04-02 09:00:00+00:00,1.07314,1.07402,1.07311,1.07379,0
2024-04-02 09:15:00+00:00,1.07381,1.074055,1.07375,1.0739299999999998,0
2024-04-02 09:30:00+00:00,1.073935,1.074085,1.0736400000000001,1.07408,0
2024-04-02 09:45:00+00:00,1.0740750000000001,1.07431,1.07379,1.0742099999999999,0
2024-04-02 12:00:00+00:00,1.0751650000000001,1.075615,1.0745749999999998,1.0747200000000001,0
2024-04-02 12:15:00+00:00,1.074725,1.07484,1.07456,1.07477,0
2024-04-02 12:30:00+00:00,1.074775,1.07525,1.0745900000000002,1.07491,0
2024-04-02 12:45:00+00:00,1.07492,1.075065,1.07465,1.074895,0
2024-04-02 21:00:00+00:00,1.07697,1.077315,1.0769549999999999,1.077055,0
2024-04-02 21:15:00+00:00,1.077045,1.07722,1.077025,1.077165,0
2024-04-02 21:30:00+00:00,1.077165,1.0772,1.07706,1.0771899999999999,0
2024-04-02 21:45:00+00:00,1.077185,1.07738,1.07712,1.07738,0
2024-04-03 00:00:00+00:00,1.0767950000000002,1.07687,1.0766,1.07679,0
2024-04-03 00:15:00+00:00,1.076785,1.076785,1.07661,1.07668,0
2024-04-03 00:30:00+00:00,1.0766900000000001,1.07679,1.07666,1.0767799999999998,0
2024-04-03 00:45:00+00:00,1.076785,1.077165,1.0767600000000002,1.0768849999999999,0
2024-04-03 19:00:00+00:00,1.083475,1.08348,1.083145,1.083195,0
2024-04-03 19:15:00+00:00,1.083185,1.08323,1.082925,1.0829499999999999,0
2024-04-03 19:30:00+00:00,1.082945,1.08323,1.08294,1.08323,0
2024-04-03 19:45:00+00:00,1.083235,1.083495,1.0832199999999998,1.083355,0
2024-04-04 18:00:00+00:00,1.08601,1.08601,1.08534,1.08549,0
2024-04-04 18:15:00+00:00,1.0854949999999999,1.085715,1.08538,1.085385,0
2024-04-04 18:30:00+00:00,1.08538,1.08538,1.08466,1.08467,0
2024-04-04 18:45:00+00:00,1.08467,1.0853199999999998,1.08466,1.08501,0
2024-04-04 21:00:00+00:00,1.0836899999999998,1.0840299999999998,1.08353,1.0836999999999999,0
2024-04-04 21:15:00+00:00,1.08371,1.08377,1.0836350000000001,1.08375,0
2024-04-04 21:30:00+00:00,1.083745,1.084165,1.083645,1.083955,0
2024-04-04 21:45:00+00:00,1.08392,1.083955,1.083775,1.08386,0
2024-04-05 17:00:00+00:00,1.0836000000000001,1.0837249999999998,1.0834350000000001,1.083445,0
2024-04-05 17:15:00+00:00,1.08345,1.08384,1.083425,1.08378,0
2024-04-05 17:30:00+00:00,1.0837949999999998,1.08389,1.0836000000000001,1.0837249999999998,0
2024-04-05 17:45:00+00:00,1.08372,1.083735,1.0831499999999998,1.0832899999999999,0
2024-04-08 08:00:00+00:00,1.0832199999999998,1.0835249999999998,1.0831499999999998,1.083475,0
2024-04-08 08:15:00+00:00,1.0834700000000002,1.0834899999999998,1.0828099999999998,1.0828250000000001,0
2024-04-08 08:30:00+00:00,1.08283,1.08311,1.0827049999999998,1.08271,0
2024-04-08 08:45:00+00:00,1.082705,1.08273,1.082225,1.0823550000000002,0
2024-04-09 11:00:00+00:00,1.08691,1.0872899999999999,1.0867499999999999,1.0869550000000001,0
2024-04-09 11:15:00+00:00,1.08697,1.087135,1.0867900000000001,1.0868449999999998,0
2024-04-09 11:30:00+00:00,1.08684,1.086845,1.08596,1.0860400000000001,0
2024-04-09 11:45:00+00:00,1.08602,1.08623,1.0859299999999998,1.0861399999999999,0
2024-04-09 17:00:00+00:00,1.0854599999999999,1.0855350000000001,1.08529,1.08533,0
2024-04-09 17:15:00+00:00,1.08534,1.08555,1.08513,1.0853199999999998,0
2024-04-09 17:30:00+00:00,1.08534,1.0854650000000001,1.0852050000000002,1.08535,0
2024-04-09 17:45:00+00:00,1.0853549999999998,1.08545,1.0851199999999999,1.0851549999999999,0
2024-04-10 00:00:00+00:00,1.085885,1.0858949999999998,1.0855549999999998,1.085795,0
2024-04-10 00:15:00+00:00,1.08579,1.0858150000000002,1.085565,1.0856400000000002,0
2024-04-10 00:30:00+00:00,1.085645,1.0857999999999999,1.08555,1.0856,0
2024-04-10 00:45:00+00:00,1.0855899999999998,1.08574,1.085525,1.085725,0
2024-04-10 14:00:00+00:00,1.07511,1.0760049999999999,1.07458,1.075465,0
2024-04-10 14:15:00+00:00,1.075485,1.0767099999999998,1.0753,1.07592,0
2024-04-10 14:30:00+00:00,1.0759349999999999,1.076375,1.07534,1.07545,0
2024-04-10 14:45:00+00:00,1.0754549999999998,1.075745,1.074875,1.0753300000000001,0
2024-04-10 22:00:00+00:00,1.07435,1.0744500000000001,1.074025,1.074135,0
2024-04-10 22:15:00+00:00,1.0741299999999998,1.0743200000000002,1.0741100000000001,1.074265,0
2024-04-10 22:30:00+00:00,1.074245,1.0743200000000002,1.0741649999999998,1.07431,0
2024-04-10 22:45:00+00:00,1.074315,1.0743749999999999,1.07431,1.074325,0
2024-04-11 19:00:00+00:00,1.072555,1.072765,1.07254,1.07261,0
2024-04-11 19:15:00+00:00,1.072605,1.072975,1.07254,1.0728900000000001,0
2024-04-11 19:30:00+00:00,1.0728849999999999,1.07318,1.072755,1.07315,0
2024-04-11 19:45:00+00:00,1.0731449999999998,1.0732149999999998,1.07274,1.0728849999999999,0
2024-04-12 12:00:00+00:00,1.06511,1.0655649999999999,1.06498,1.064985,0
2024-04-12 12:15:00+00:00,1.0649899999999999,1.06543,1.06467,1.06482,0
2024-04-12 12:30:00+00:00,1.064825,1.064915,1.06351,1.063655,0
2024-04-12 12:45:00+00:00,1.0636700000000001,1.0640450000000001,1.06314,1.0638450000000002,0
2024-04-14 22:00:00+00:00,1.063615,1.0642749999999999,1.0635400000000002,1.064195,0
2024-04-14 22:15:00+00:00,1.06419,1.064865,1.064155,1.06478,0
2024-04-14 22:30:00+00:00,1.064775,1.065165,1.064775,1.06505,0
2024-04-14 22:45:00+00:00,1.065045,1.06506,1.06487,1.064985,0
2024-04-15 04:00:00+00:00,1.0652050000000002,1.0652149999999998,1.06471,1.0648,0
2024-04-15 04:15:00+00:00,1.064785,1.064975,1.064755,1.064975,0
2024-04-15 04:30:00+00:00,1.06498,1.065245,1.064775,1.06524,0
2024-04-15 04:45:00+00:00,1.065245,1.06541,1.0650300000000001,1.06525,0
2024-04-15 11:00:00+00:00,1.06577,1.066525,1.06572,1.06651,0
2024-04-15 11:15:00+00:00,1.0665,1.066505,1.06595,1.06595,0
2024-04-15 11:30:00+00:00,1.065985,1.0660699999999999,1.06568,1.06582,0
2024-04-15 11:45:00+00:00,1.0657999999999999,1.06581,1.0651700000000002,1.065485,0
2024-04-15 17:00:00+00:00,1.063605,1.0639500000000002,1.06338,1.063595,0
2024-04-15 17:15:00+00:00,1.063575,1.063575,1.06308,1.06311,0
2024-04-15 17:30:00+00:00,1.063105,1.06312,1.06265,1.06265,0
2024-04-15 17:45:00+00:00,1.0626449999999998,1.0629300000000002,1.062315,1.06289,0
2024-04-16 01:00:00+00:00,1.0618400000000001,1.061925,1.061245,1.061385,0
2024-04-16 01:15:00+00:00,1.06138,1.06165,1.0607099999999998,1.0609899999999999,0
2024-04-16 01:30:00+00:00,1.06101,1.061325,1.061,1.0612300000000001,0
2024-04-16 01:45:00+00:00,1.0612249999999999,1.0617,1.0612249999999999,1.061595,0
2024-04-16 09:00:00+00:00,1.061625,1.063345,1.061625,1.0632899999999998,0
2024-04-16 09:15:00+00:00,1.063305,1.0635,1.06222,1.0622349999999998,0
2024-04-16 09:30:00+00:00,1.062225,1.0625200000000001,1.06195,1.0625200000000001,0
2024-04-16 09:45:00+00:00,1.0625149999999999,1.0629650000000002,1.06251,1.062925,0
2024-04-17 20:00:00+00:00,1.0671300000000001,1.06725,1.06696,1.06705,0
2024-04-17 20:15:00+00:00,1.067065,1.0673050000000002,1.067065,1.067275,0
2024-04-17 20:30:00+00:00,1.06728,1.067295,1.06718,1.067275,0
2024-04-17 20:45:00+00:00,1.0672700000000002,1.0673750000000002,1.067215,1.067265,0
2024-04-18 23:00:00+00:00,1.0640649999999998,1.06414,1.0640399999999999,1.06407,0
2024-04-18 23:15:00+00:00,1.0640749999999999,1.0643,1.064025,1.06427,0
2024-04-18 23:30:00+00:00,1.0642749999999999,1.0643799999999999,1.064155,1.0643349999999998,0
2024-04-18 23:45:00+00:00,1.06434,1.0644,1.064165,1.064255,0
2024-04-19 06:00:00+00:00,1.0630899999999999,1.06399,1.0627149999999999,1.0635050000000001,0
2024-04-19 06:15:00+00:00,1.063485,1.06373,1.0630600000000001,1.063425,0
2024-04-19 06:30:00+00:00,1.0634350000000001,1.06418,1.063255,1.064145,0
2024-04-19 06:45:00+00:00,1.064135,1.0649350000000002,1.0640999999999998,1.0644900000000002,0
2024-04-19 18:00:00+00:00,1.065575,1.065575,1.065,1.0653350000000001,0
2024-04-19 18:15:00+00:00,1.0653299999999999,1.0655649999999999,1.06493,1.064945,0
2024-04-19 18:30:00+00:00,1.0649250000000001,1.0650650000000002,1.06466,1.064785,0
2024-04-19 18:45:00+00:00,1.0647799999999998,1.0652750000000002,1.0647250000000001,1.06507,0
2024-04-22 10:00:00+00:00,1.06514,1.065435,1.0649950000000001,1.065255,0
2024-04-22 10:15:00+00:00,1.06524,1.065415,1.06475,1.065375,0
2024-04-22 10:30:00+00:00,1.06538,1.06551,1.065125,1.06521,0
2024-04-22 10:45:00+00:00,1.0652,1.0652949999999999,1.06501,1.06506,0
2024-04-23 00:00:00+00:00,1.065385,1.06572,1.065385,1.065505,0
2024-04-23 00:15:00+00:00,1.0655100000000002,1.0657100000000002,1.06547,1.065595,0
2024-04-23 00:30:00+00:00,1.0655999999999999,1.06576,1.06559,1.0657,0
2024-04-23 00:45:00+00:00,1.065705,1.06593,1.065705,1.0658699999999999,0
2024-04-24 02:00:00+00:00,1.07098,1.07126,1.07078,1.07123,0
2024-04-24 02:15:00+00:00,1.071225,1.07132,1.07094,1.0710000000000002,0
2024-04-24 02:30:00+00:00,1.07099,1.0710950000000001,1.0708199999999999,1.0709499999999998,0
2024-04-24 02:45:00+00:00,1.070955,1.071135,1.07077,1.071015,0
2024-04-24 04:00:00+00:00,1.07063,1.07081,1.07058,1.0707499999999999,0
2024-04-24 04:15:00+00:00,1.070745,1.07089,1.0706799999999999,1.0706799999999999,0
2024-04-24 04:30:00+00:00,1.070685,1.070695,1.070525,1.070535,0
2024-04-24 04:45:00+00:00,1.070545,1.07064,1.0705200000000001,1.07053,0
2024-04-24 17:00:00+00:00,1.069045,1.06951,1.068985,1.069335,0
2024-04-24 17:15:00+00:00,1.069345,1.069585,1.06927,1.069455,0
2024-04-24 17:30:00+00:00,1.0694599999999999,1.069585,1.06931,1.069545,0
2024-04-24 17:45:00+00:00,1.0695350000000001,1.069755,1.069385,1.0695999999999999,0
2024-04-24 23:00:00+00:00,1.06974,1.069785,1.0696750000000002,1.0697299999999998,0
2024-04-24 23:15:00+00:00,1.069735,1.0697450000000002,1.06967,1.069735,0
2024-04-24 23:30:00+00:00,1.06974,1.06982,1.069735,1.06979,0
2024-04-24 23:45:00+00:00,1.069795,1.07001,1.06977,1.070005,0
2024-04-26 08:00:00+00:00,1.0729449999999998,1.074355,1.0728499999999999,1.074015,0
2024-04-26 08:15:00+00:00,1.0740150000000002,1.0747049999999998,1.0737700000000001,1.074665,0
2024-04-26 08:30:00+00:00,1.07467,1.075285,1.074475,1.074865,0
2024-04-26 08:45:00+00:00,1.0748600000000001,1.0748799999999998,1.07399,1.07409,0
2024-04-26 13:00:00+00:00,1.07165,1.07239,1.07142,1.071545,0
2024-04-26 13:15:00+00:00,1.071555,1.0718800000000002,1.07092,1.071005,0
2024-04-26 13:30:00+00:00,1.0710000000000002,1.07171,1.07078,1.07096,0
2024-04-26 13:45:00+00:00,1.070945,1.0714350000000001,1.0706250000000002,1.0707499999999999,0
2024-04-30 10:00:00+00:00,1.0726749999999998,1.0728499999999999,1.07227,1.0728499999999999,0
2024-04-30 10:15:00+00:00,1.072825,1.073275,1.072555,1.0732300000000001,0
2024-04-30 10:30:00+00:00,1.07324,1.0735350000000001,1.0729950000000001,1.073025,0
2024-04-30 10:45:00+00:00,1.073005,1.073005,1.072715,1.072825,0
2024-04-30 14:00:00+00:00,1.07058,1.071945,1.0705049999999998,1.07101,0
2024-04-30 14:15:00+00:00,1.0710000000000002,1.071955,1.07098,1.0716299999999999,0
2024-04-30 14:30:00+00:00,1.07164,1.07172,1.070155,1.0702150000000001,0
2024-04-30 14:45:00+00:00,1.07023,1.07071,1.0687099999999998,1.0691000000000002,0
2024-05-01 10:00:00+00:00,1.06698,1.06701,1.06667,1.066775,0
2024-05-01 10:15:00+00:00,1.06677,1.067035,1.06674,1.066995,0
2024-05-01 10:30:00+00:00,1.06699,1.0673249999999999,1.06698,1.0671849999999998,0
2024-05-01 10:45:00+00:00,1.067175,1.067175,1.066815,1.0669,0
2024-05-02 01:00:00+00:00,1.07117,1.07157,1.07107,1.07128,0
2024-05-02 01:15:00+00:00,1.071295,1.0714000000000001,1.07111,1.07111,0
2024-05-02 01:30:00+00:00,1.0710950000000001,1.0712199999999998,1.0707049999999998,1.0711849999999998,0
2024-05-02 01:45:00+00:00,1.07119,1.07157,1.071035,1.071545,0
2024-05-02 04:00:00+00:00,1.071475,1.07164,1.0714350000000001,1.071605,0
2024-05-02 04:15:00+00:00,1.071625,1.071795,1.07159,1.07166,0
2024-05-02 04:30:00+00:00,1.0716700000000001,1.07184,1.071565,1.07172,0
2024-05-02 04:45:00+00:00,1.071725,1.072035,1.0716649999999999,1.071775,0
2024-05-03 08:00:00+00:00,1.073455,1.0744099999999999,1.073245,1.07397,0
2024-05-03 08:15:00+00:00,1.07396,1.0744150000000001,1.07396,1.07435,0
2024-05-03 08:30:00+00:00,1.074355,1.07436,1.07403,1.0741450000000001,0
2024-05-03 08:45:00+00:00,1.074165,1.07442,1.074025,1.0742699999999998,0
2024-05-05 22:00:00+00:00,1.07639,1.07647,1.07627,1.0763349999999998,0
2024-05-05 22:15:00+00:00,1.0763250000000002,1.0763500000000001,1.07616,1.0763500000000001,0
2024-05-05 22:30:00+00:00,1.0763449999999999,1.0764550000000002,1.076215,1.076255,0
2024-05-05 22:45:00+00:00,1.07625,1.076335,1.0762399999999999,1.07625,0
2024-05-05 23:00:00+00:00,1.0762450000000001,1.07648,1.0762399999999999,1.076295,0
2024-05-05 23:15:00+00:00,1.076265,1.0764200000000002,1.07625,1.0763850000000001,0
2024-05-05 23:30:00+00:00,1.07638,1.07641,1.07599,1.0760399999999999,0
2024-05-05 23:45:00+00:00,1.0760100000000001,1.07621,1.0757599999999998,1.07584,0
2024-05-06 06:00:00+00:00,1.076105,1.076455,1.076035,1.0763699999999998,0
2024-05-06 06:15:00+00:00,1.076365,1.07641,1.076025,1.07612,0
2024-05-06 06:30:00+00:00,1.07613,1.07653,1.0759400000000001,1.076425,0
2024-05-06 06:45:00+00:00,1.076415,1.076515,1.076055,1.0762450000000001,0
2024-05-06 22:00:00+00:00,1.076935,1.07708,1.0769199999999999,1.076965,0
2024-05-06 22:15:00+00:00,1.07697,1.07702,1.0769600000000001,1.076965,0
2024-05-06 22:30:00+00:00,1.076945,1.076965,1.07686,1.076915,0
2024-05-06 22:45:00+00:00,1.076905,1.0769250000000001,1.0768650000000002,1.0768650000000002,0
2024-05-07 13:00:00+00:00,1.0775649999999999,1.078005,1.077415,1.077665,0
2024-05-07 13:15:00+00:00,1.077655,1.078045,1.077655,1.078035,0
2024-05-07 13:30:00+00:00,1.07803,1.07874,1.078005,1.078535,0
2024-05-07 13:45:00+00:00,1.078555,1.0786099999999998,1.078005,1.0780750000000001,0
2024-05-07 20:00:00+00:00,1.075655,1.07566,1.07545,1.07553,0
2024-05-07 20:15:00+00:00,1.075535,1.075585,1.0754899999999998,1.075505,0
2024-05-07 20:30:00+00:00,1.075515,1.075535,1.075475,1.075515,0
2024-05-07 20:45:00+00:00,1.07552,1.07557,1.0754700000000001,1.075505,0
2024-05-08 03:00:00+00:00,1.074135,1.0741550000000002,1.0738699999999999,1.07412,0
2024-05-08 03:15:00+00:00,1.07413,1.0743749999999999,1.074025,1.074125,0
2024-05-08 03:30:00+00:00,1.0741200000000002,1.0741800000000001,1.0739999999999998,1.0741749999999999,0
2024-05-08 03:45:00+00:00,1.07417,1.07417,1.074025,1.074125,0
2024-05-08 18:00:00+00:00,1.0743,1.0743749999999999,1.07412,1.07417,0
2024-05-08 18:15:00+00:00,1.0741749999999999,1.07449,1.0741749999999999,1.0744799999999999,0
2024-05-08 18:30:00+00:00,1.074475,1.07467,1.074385,1.074565,0
2024-05-08 18:45:00+00:00,1.074555,1.0746850000000001,1.0745200000000001,1.074525,0
2024-05-09 01:00:00+00:00,1.074325,1.0744449999999999,1.074235,1.0744,0
2024-05-09 01:15:00+00:00,1.074395,1.074555,1.074325,1.0744500000000001,0
2024-05-09 01:30:00+00:00,1.0744349999999998,1.074865,1.0744150000000001,1.074805,0
2024-05-09 01:45:00+00:00,1.07481,1.074865,1.074615,1.07477,0
2024-05-09 09:00:00+00:00,1.072815,1.07286,1.0726200000000001,1.0727600000000002,0
2024-05-09 09:15:00+00:00,1.072765,1.0729600000000001,1.07263,1.0727449999999998,0
2024-05-09 09:30:00+00:00,1.072735,1.07315,1.072705,1.0731449999999998,0
2024-05-09 09:45:00+00:00,1.0731549999999999,1.0731600000000001,1.072985,1.0730499999999998,0
2024-05-09 17:00:00+00:00,1.07758,1.07796,1.077365,1.07795,0
2024-05-09 17:15:00+00:00,1.07794,1.07802,1.0777100000000002,1.0779800000000002,0
2024-05-09 17:30:00+00:00,1.077985,1.077985,1.0777649999999999,1.077955,0
2024-05-09 17:45:00+00:00,1.07797,1.07804,1.0776949999999998,1.0777549999999998,0
2024-05-09 23:00:00+00:00,1.0784850000000001,1.0785399999999998,1.0783800000000001,1.0784950000000002,0
2024-05-09 23:15:00+00:00,1.07849,1.07849,1.0783649999999998,1.0784449999999999,0
2024-05-09 23:30:00+00:00,1.07844,1.07844,1.078225,1.0782699999999998,0
2024-05-09 23:45:00+00:00,1.0782850000000002,1.0783049999999998,1.0781399999999999,1.0781800000000001,0
2024-05-10 14:00:00+00:00,1.078745,1.07891,1.0774050000000002,1.07741,0
2024-05-10 14:15:00+00:00,1.0774,1.0774,1.07621,1.0762649999999998,0
2024-05-10 14:30:00+00:00,1.0762749999999999,1.0768650000000002,1.0762749999999999,1.076625,0
2024-05-10 14:45:00+00:00,1.0766149999999999,1.076635,1.0760399999999999,1.0764,0
2024-05-13 06:00:00+00:00,1.077315,1.077575,1.077245,1.077255,0
2024-05-13 06:15:00+00:00,1.07727,1.0774949999999999,1.07722,1.0773899999999998,0
2024-05-13 06:30:00+00:00,1.077405,1.0774599999999999,1.07722,1.077305,0
2024-05-13 06:45:00+00:00,1.0773000000000001,1.0773899999999998,1.07688,1.07701,0
2024-05-13 21:00:00+00:00,1.07901,1.0790199999999999,1.07885,1.0788950000000002,0
2024-05-13 21:15:00+00:00,1.07889,1.07892,1.07879,1.078875,0
2024-05-13 21:30:00+00:00,1.07887,1.079035,1.078845,1.079,0
2024-05-13 21:45:00+00:00,1.078995,1.07905,1.0789399999999998,1.0790099999999998,0
2024-05-14 05:00:00+00:00,1.07855,1.07856,1.078455,1.0784850000000001,0
2024-05-14 05:15:00+00:00,1.07849,1.078615,1.0784449999999999,1.078565,0
2024-05-14 05:30:00+00:00,1.07856,1.07871,1.07855,1.078675,0
2024-05-14 05:45:00+00:00,1.07867,1.0786950000000002,1.07849,1.0786449999999999,0
2024-05-14 18:00:00+00:00,1.081925,1.082225,1.08188,1.082205,0
2024-05-14 18:15:00+00:00,1.0821999999999998,1.08231,1.0820750000000001,1.082085,0
2024-05-14 18:30:00+00:00,1.0821,1.08222,1.08203,1.08209,0
2024-05-14 18:45:00+00:00,1.082095,1.0821,1.08195,1.08199,0
2024-05-15 07:00:00+00:00,1.0830600000000001,1.0832350000000002,1.082725,1.0830600000000001,0
2024-05-15 07:15:00+00:00,1.08307,1.08325,1.0827900000000001,1.0830199999999999,0
2024-05-15 07:30:00+00:00,1.08303,1.083225,1.082855,1.0831050000000002,0
2024-05-15 07:45:00+00:00,1.0831,1.083125,1.082535,1.0826,0
2024-05-15 17:00:00+00:00,1.087205,1.08784,1.08717,1.0878299999999999,0
2024-05-15 17:15:00+00:00,1.0878299999999999,1.087875,1.08741,1.0876700000000001,0
2024-05-15 17:30:00+00:00,1.087695,1.088025,1.087605,1.087695,0
2024-05-15 17:45:00+00:00,1.0876899999999998,1.088045,1.0875599999999999,1.088,0
2024-05-15 22:00:00+00:00,1.088395,1.0889449999999998,1.08838,1.0889350000000002,0
2024-05-15 22:15:00+00:00,1.0889199999999999,1.088965,1.0888200000000001,1.08884,0
2024-05-15 22:30:00+00:00,1.0888499999999999,1.088985,1.0888499999999999,1.088985,0
2024-05-15 22:45:00+00:00,1.088985,1.089,1.0889000000000002,1.088915,0
2024-05-16 07:00:00+00:00,1.087645,1.08796,1.0874000000000001,1.0877050000000001,0
2024-05-16 07:15:00+00:00,1.08771,1.08814,1.087655,1.08813,0
2024-05-16 07:30:00+00:00,1.088145,1.08819,1.08744,1.0875050000000002,0
2024-05-16 07:45:00+00:00,1.087525,1.08772,1.08731,1.087455,0
2024-05-17 00:00:00+00:00,1.086795,1.086885,1.0864500000000001,1.08646,0
2024-05-17 00:15:00+00:00,1.086455,1.086455,1.0861,1.086125,0
2024-05-17 00:30:00+00:00,1.08612,1.08621,1.08599,1.08612,0
2024-05-17 00:45:00+00:00,1.086125,1.0865399999999998,1.08605,1.08629,0
2024-05-17 12:00:00+00:00,1.084325,1.084575,1.083965,1.0841349999999998,0
2024-05-17 12:15:00+00:00,1.0841500000000002,1.0844,1.08391,1.083985,0
2024-05-17 12:30:00+00:00,1.08398,1.0844,1.0839050000000001,1.084195,0
2024-05-17 12:45:00+00:00,1.0842049999999999,1.084355,1.084075,1.08429,0
2024-05-17 17:00:00+00:00,1.086865,1.08727,1.08683,1.087265,0
2024-05-17 17:15:00+00:00,1.087275,1.08744,1.087265,1.08728,0
2024-05-17 17:30:00+00:00,1.0873,1.0873300000000001,1.08711,1.08724,0
2024-05-17 17:45:00+00:00,1.0872549999999999,1.08738,1.087185,1.08737,0
2024-05-20 03:00:00+00:00,1.0874199999999998,1.0874700000000002,1.087285,1.08746,0
2024-05-20 03:15:00+00:00,1.0874700000000002,1.0876700000000001,1.0873849999999998,1.08766,0
2024-05-20 03:30:00+00:00,1.0876549999999998,1.08782,1.08761,1.087765,0
2024-05-20 03:45:00+00:00,1.08777,1.087875,1.08773,1.087805,0
2024-05-20 08:00:00+00:00,1.0873,1.08755,1.08725,1.0873599999999999,0
2024-05-20 08:15:00+00:00,1.0873650000000001,1.087535,1.087245,1.087415,0
2024-05-20 08:30:00+00:00,1.087425,1.087465,1.087135,1.087225,0
2024-05-20 08:45:00+00:00,1.087245,1.0876350000000001,1.087215,1.087465,0
2024-05-20 13:00:00+00:00,1.085755,1.0862699999999998,1.085755,1.08603,0
2024-05-20 13:15:00+00:00,1.086025,1.08646,1.08602,1.0863550000000002,0
2024-05-20 13:30:00+00:00,1.08635,1.08674,1.08615,1.08671,0
2024-05-20 13:45:00+00:00,1.08669,1.086725,1.086405,1.086515,0
2024-05-21 07:00:00+00:00,1.086165,1.08648,1.08594,1.086475,0
2024-05-21 07:15:00+00:00,1.08648,1.086665,1.086185,1.08624,0
2024-05-21 07:30:00+00:00,1.086245,1.0867049999999998,1.086205,1.086675,0
2024-05-21 07:45:00+00:00,1.08667,1.08669,1.086335,1.086455,0
2024-05-21 16:00:00+00:00,1.0854050000000002,1.08567,1.08521,1.08555,0
2024-05-21 16:15:00+00:00,1.0855549999999998,1.08565,1.085315,1.08534,0
2024-05-21 16:30:00+00:00,1.085345,1.0855350000000001,1.08534,1.085525,0
2024-05-21 16:45:00+00:00,1.0855299999999999,1.085665,1.085205,1.0854,0
2024-05-22 02:00:00+00:00,1.08599,1.08635,1.0859800000000002,1.08621,0
2024-05-22 02:15:00+00:00,1.08622,1.086275,1.08595,1.08599,0
2024-05-22 02:30:00+00:00,1.0859999999999999,1.0860400000000001,1.08581,1.08587,0
2024-05-22 02:45:00+00:00,1.0858599999999998,1.0859299999999998,1.0857,1.0859100000000002,0
2024-05-22 12:00:00+00:00,1.082745,1.0830600000000001,1.0826500000000001,1.08283,0
2024-05-22 12:15:00+00:00,1.082835,1.0830549999999999,1.08271,1.08305,0
2024-05-22 12:30:00+00:00,1.08304,1.08335,1.08289,1.083225,0
2024-05-22 12:45:00+00:00,1.083215,1.08368,1.0831499999999998,1.08319,0
2024-05-24 20:00:00+00:00,1.084895,1.0849250000000001,1.08483,1.0848550000000001,0
2024-05-24 20:15:00+00:00,1.0848499999999999,1.0848650000000002,1.08467,1.0847449999999998,0
2024-05-24 20:30:00+00:00,1.08475,1.08484,1.0846900000000002,1.084765,0
2024-05-24 20:45:00+00:00,1.0847600000000002,1.08477,1.084595,1.08468,0
2024-05-27 19:00:00+00:00,1.0857450000000002,1.08588,1.0857299999999999,1.08587,0
2024-05-27 19:15:00+00:00,1.0858599999999998,1.0858599999999998,1.08582,1.08585,0
2024-05-27 19:30:00+00:00,1.085855,1.0858599999999998,1.0858349999999999,1.0858349999999999,0
2024-05-27 19:45:00+00:00,1.0858400000000001,1.0859999999999999,1.0858400000000001,1.0859800000000002,0
2024-05-28 04:00:00+00:00,1.087845,1.0879699999999999,1.087845,1.0879400000000001,0
2024-05-28 04:15:00+00:00,1.0879349999999999,1.0880100000000001,1.0878700000000001,1.0878700000000001,0
2024-05-28 04:30:00+00:00,1.087875,1.0880049999999999,1.087765,1.08792,0
2024-05-28 04:45:00+00:00,1.087925,1.08793,1.08757,1.08761,0
2024-05-28 08:00:00+00:00,1.0877400000000002,1.08798,1.08752,1.087625,0
2024-05-28 08:15:00+00:00,1.0876299999999999,1.0878100000000002,1.0873050000000002,1.087465,0
2024-05-28 08:30:00+00:00,1.0874549999999998,1.08748,1.0867149999999999,1.08678,0
2024-05-28 08:45:00+00:00,1.0867900000000001,1.087085,1.0867149999999999,1.087005,0
2024-05-29 16:00:00+00:00,1.081105,1.081255,1.0808149999999999,1.080845,0
2024-05-29 16:15:00+00:00,1.08084,1.08147,1.0807449999999998,1.0812599999999999,0
2024-05-29 16:30:00+00:00,1.081255,1.08167,1.081065,1.08147,0
2024-05-29 16:45:00+00:00,1.0814650000000001,1.0817450000000002,1.0814249999999999,1.0815549999999998,0
2024-05-30 02:00:00+00:00,1.0798299999999998,1.0799699999999999,1.0797599999999998,1.079845,0
2024-05-30 02:15:00+00:00,1.079845,1.07995,1.07972,1.079895,0
2024-05-30 02:30:00+00:00,1.07991,1.07991,1.079545,1.079555,0
2024-05-30 02:45:00+00:00,1.0795599999999999,1.079755,1.07939,1.07975,0
2024-05-30 08:00:00+00:00,1.08084,1.0811199999999999,1.080335,1.080375,0
2024-05-30 08:15:00+00:00,1.080385,1.081145,1.080385,1.0808550000000001,0
2024-05-30 08:30:00+00:00,1.08086,1.081295,1.0808,1.081135,0
2024-05-30 08:45:00+00:00,1.081135,1.081865,1.081065,1.081505,0
2024-05-30 11:00:00+00:00,1.08176,1.081785,1.081395,1.0814599999999999,0
2024-05-30 11:15:00+00:00,1.0814650000000001,1.0819800000000002,1.0814650000000001,1.081955,0
2024-05-30 11:30:00+00:00,1.0819649999999998,1.08217,1.081745,1.082095,0
2024-05-30 11:45:00+00:00,1.0821049999999999,1.0821450000000001,1.081725,1.081845,0
2024-05-30 14:00:00+00:00,1.082945,1.0839050000000001,1.08289,1.08307,0
2024-05-30 14:15:00+00:00,1.0830600000000001,1.0838700000000001,1.0830600000000001,1.08372,0
2024-05-30 14:30:00+00:00,1.08371,1.084095,1.08362,1.084095,0
2024-05-30 14:45:00+00:00,1.084105,1.0844399999999998,1.08406,1.084075,0
2024-05-30 23:00:00+00:00,1.0833499999999998,1.083355,1.08324,1.08325,0
2024-05-30 23:15:00+00:00,1.0832549999999999,1.0832600000000001,1.083185,1.0832199999999998,0
2024-05-30 23:30:00+00:00,1.0832549999999999,1.0832549999999999,1.083125,1.083205,0
2024-05-30 23:45:00+00:00,1.083195,1.0832600000000001,1.0831050000000002,1.08314,0
2024-05-31 11:00:00+00:00,1.0849799999999998,1.085515,1.0849250000000001,1.08551,0
2024-05-31 11:15:00+00:00,1.085505,1.085515,1.08514,1.085255,0
2024-05-31 11:30:00+00:00,1.085265,1.085525,1.085175,1.085265,0
2024-05-31 11:45:00+00:00,1.085245,1.0853899999999999,1.0848200000000001,1.08527,0
2024-05-31 18:00:00+00:00,1.084715,1.0849,1.08454,1.0847799999999999,0
2024-05-31 18:15:00+00:00,1.084785,1.08487,1.084765,1.0848200000000001,0
2024-05-31 18:30:00+00:00,1.0848149999999999,1.084915,1.0844399999999998,1.0846399999999998,0
2024-05-31 18:45:00+00:00,1.084645,1.084685,1.084105,1.084255,0
2024-06-02 22:00:00+00:00,1.0847799999999999,1.08533,1.0847799999999999,1.085165,0
2024-06-02 22:15:00+00:00,1.085215,1.08545,1.085185,1.085315,0
2024-06-02 22:30:00+00:00,1.08531,1.08541,1.0852300000000001,1.0852650000000001,0
2024-06-02 22:45:00+00:00,1.08526,1.085305,1.08511,1.08513,0
2024-06-03 03:00:00+00:00,1.0854050000000002,1.0857,1.085315,1.08556,0
2024-06-03 03:15:00+00:00,1.085565,1.08561,1.08533,1.0853549999999998,0
2024-06-03 03:30:00+00:00,1.08535,1.08536,1.085095,1.085165,0
2024-06-03 03:45:00+00:00,1.0851600000000001,1.08526,1.08494,1.084975,0
2024-06-03 10:00:00+00:00,1.083495,1.0835599999999999,1.082825,1.0829849999999999,0
2024-06-03 10:15:00+00:00,1.082995,1.083425,1.082995,1.083195,0
2024-06-03 10:30:00+00:00,1.0832000000000002,1.0833650000000001,1.0827900000000001,1.08327,0
2024-06-03 10:45:00+00:00,1.083275,1.0839050000000001,1.083215,1.08371,0
2024-06-03 13:00:00+00:00,1.0844399999999998,1.08493,1.0844399999999998,1.084795,0
2024-06-03 13:15:00+00:00,1.084805,1.085285,1.084705,1.085215,0
2024-06-03 13:30:00+00:00,1.085205,1.085385,1.0850499999999998,1.08534,0
2024-06-03 13:45:00+00:00,1.085345,1.0853700000000002,1.0849199999999999,1.085185,0
2024-06-03 14:00:00+00:00,1.086025,1.088165,1.086005,1.087955,0
2024-06-03 14:15:00+00:00,1.087955,1.088255,1.08732,1.0878700000000001,0
2024-06-03 14:30:00+00:00,1.087875,1.0880299999999998,1.0873650000000001,1.08762,0
2024-06-03 14:45:00+00:00,1.0876299999999999,1.08768,1.0866449999999999,1.087,0
2024-06-04 01:00:00+00:00,1.09128,1.09138,1.0909749999999998,1.09107,0
2024-06-04 01:15:00+00:00,1.0910600000000001,1.09119,1.091035,1.09117,0
2024-06-04 01:30:00+00:00,1.09118,1.09123,1.09071,1.09093,0
2024-06-04 01:45:00+00:00,1.090935,1.0909550000000001,1.0907,1.09077,0
2024-06-04 07:00:00+00:00,1.08971,1.0898599999999998,1.08924,1.0893000000000002,0
2024-06-04 07:15:00+00:00,1.089315,1.089565,1.088605,1.0890499999999999,0
2024-06-04 07:30:00+00:00,1.089045,1.0890849999999999,1.0884749999999999,1.088625,0
2024-06-04 07:45:00+00:00,1.0886200000000001,1.08929,1.08859,1.08902,0
2024-06-04 14:00:00+00:00,1.086635,1.08799,1.086325,1.08687,0
2024-06-04 14:15:00+00:00,1.086865,1.08718,1.08649,1.087035,0
2024-06-04 14:30:00+00:00,1.087005,1.087615,1.086775,1.087345,0
2024-06-04 14:45:00+00:00,1.087355,1.088225,1.08731,1.088025,0
2024-06-05 18:00:00+00:00,1.0867200000000001,1.08684,1.086585,1.08671,0
2024-06-05 18:15:00+00:00,1.0866850000000001,1.0870799999999998,1.0866349999999998,1.0870799999999998,0
2024-06-05 18:30:00+00:00,1.08707,1.08738,1.08705,1.08737,0
2024-06-05 18:45:00+00:00,1.0873599999999999,1.087735,1.0872199999999999,1.0875650000000001,0
2024-06-06 00:00:00+00:00,1.0874000000000001,1.0876700000000001,1.08739,1.0876000000000001,0
2024-06-06 00:15:00+00:00,1.087605,1.087765,1.087585,1.0876899999999998,0
2024-06-06 00:30:00+00:00,1.08772,1.08789,1.0876350000000001,1.08788,0
2024-06-06 00:45:00+00:00,1.087875,1.0882450000000001,1.087875,1.0882049999999999,0
2024-06-06 08:00:00+00:00,1.0878100000000002,1.0879050000000001,1.0871849999999998,1.087285,0
2024-06-06 08:15:00+00:00,1.087275,1.08755,1.08724,1.08752,0
2024-06-06 08:30:00+00:00,1.087525,1.08753,1.08712,1.08744,0
2024-06-06 08:45:00+00:00,1.08743,1.087755,1.0873050000000002,1.087735,0
2024-06-09 23:00:00+00:00,1.07774,1.077995,1.077715,1.07783,0
2024-06-09 23:15:00+00:00,1.0778349999999999,1.077865,1.077665,1.07776,0
2024-06-09 23:30:00+00:00,1.0777549999999998,1.07776,1.077575,1.07769,0
2024-06-09 23:45:00+00:00,1.0777,1.07789,1.07761,1.077885,0
2024-06-10 06:00:00+00:00,1.075355,1.07541,1.07491,1.07511,0
2024-06-10 06:15:00+00:00,1.0751050000000002,1.07552,1.0751050000000002,1.075255,0
2024-06-10 06:30:00+00:00,1.075225,1.075685,1.07491,1.0755599999999998,0
2024-06-10 06:45:00+00:00,1.075555,1.07587,1.0750199999999999,1.07519,0
2024-06-12 03:00:00+00:00,1.074195,1.074325,1.0741100000000001,1.074125,0
2024-06-12 03:15:00+00:00,1.07412,1.0742250000000002,1.07412,1.0741649999999998,0
2024-06-12 03:30:00+00:00,1.07417,1.07428,1.0741399999999999,1.0741800000000001,0
2024-06-12 03:45:00+00:00,1.074185,1.074205,1.07401,1.07403,0
2024-06-12 10:00:00+00:00,1.075275,1.07534,1.074905,1.07519,0
2024-06-12 10:15:00+00:00,1.0751849999999998,1.0753849999999998,1.075115,1.0753650000000001,0
2024-06-12 10:30:00+00:00,1.07538,1.075755,1.075255,1.07571,0
2024-06-12 10:45:00+00:00,1.0757050000000001,1.07602,1.0756999999999999,1.07587,0
2024-06-12 17:00:00+00:00,1.084415,1.0845850000000001,1.08409,1.08409,0
2024-06-12 17:15:00+00:00,1.0840999999999998,1.0842800000000001,1.0840100000000001,1.084045,0
2024-06-12 17:30:00+00:00,1.084035,1.084105,1.08362,1.083825,0
2024-06-12 17:45:00+00:00,1.083825,1.08418,1.08369,1.084015,0
2024-06-14 04:00:00+00:00,1.07403,1.0741,1.073745,1.0738349999999999,0
2024-06-14 04:15:00+00:00,1.07383,1.0738400000000001,1.0737299999999999,1.0738050000000001,0
2024-06-14 04:30:00+00:00,1.0737999999999999,1.07381,1.073635,1.0736750000000002,0
2024-06-14 04:45:00+00:00,1.07367,1.073705,1.07351,1.073635,0
2024-06-14 08:00:00+00:00,1.07076,1.07118,1.0703200000000002,1.07065,0
2024-06-14 08:15:00+00:00,1.070625,1.070915,1.0702850000000002,1.07035,0
2024-06-14 08:30:00+00:00,1.070355,1.0705,1.069215,1.069275,0
2024-06-14 08:45:00+00:00,1.0692650000000001,1.0694750000000002,1.06897,1.06918,0
2024-06-14 14:00:00+00:00,1.06691,1.0680100000000001,1.0668250000000001,1.06766,0
2024-06-14 14:15:00+00:00,1.06765,1.0683099999999999,1.0674899999999998,1.06789,0
2024-06-14 14:30:00+00:00,1.067885,1.06789,1.06698,1.0670950000000001,0
2024-06-14 14:45:00+00:00,1.067115,1.068775,1.0670899999999999,1.068705,0
2024-06-16 22:00:00+00:00,1.070525,1.070925,1.070365,1.07056,0
2024-06-16 22:15:00+00:00,1.07057,1.070675,1.07056,1.070615,0
2024-06-16 22:30:00+00:00,1.0706099999999998,1.07078,1.0705900000000002,1.0706250000000002,0
2024-06-16 22:45:00+00:00,1.07062,1.0707300000000002,1.07056,1.07067,0
2024-06-17 01:00:00+00:00,1.070395,1.07043,1.0701450000000001,1.070255,0
2024-06-17 01:15:00+00:00,1.07026,1.0702850000000002,1.0700150000000002,1.070045,0
2024-06-17 01:30:00+00:00,1.0700500000000002,1.07026,1.069935,1.070135,0
2024-06-17 01:45:00+00:00,1.07013,1.0702099999999999,1.07006,1.07016,0
2024-06-17 04:00:00+00:00,1.07038,1.070405,1.0702099999999999,1.07035,0
2024-06-17 04:15:00+00:00,1.0703399999999998,1.070525,1.070325,1.070525,0
2024-06-17 04:30:00+00:00,1.0705200000000001,1.0705399999999998,1.070375,1.0705200000000001,0
2024-06-17 04:45:00+00:00,1.070525,1.07055,1.070365,1.0704099999999999,0
2024-06-17 07:00:00+00:00,1.069775,1.070045,1.069455,1.06974,0
2024-06-17 07:15:00+00:00,1.069735,1.07089,1.069715,1.07064,0
2024-06-17 07:30:00+00:00,1.070645,1.0708250000000001,1.069525,1.069665,0
2024-06-17 07:45:00+00:00,1.0696599999999998,1.070075,1.0692249999999999,1.070075,0
2024-06-17 17:00:00+00:00,1.072515,1.0726650000000002,1.072445,1.07253,0
2024-06-17 17:15:00+00:00,1.072555,1.07273,1.072375,1.072395,0
2024-06-17 17:30:00+00:00,1.072395,1.0725500000000001,1.07234,1.07248,0
2024-06-17 17:45:00+00:00,1.072485,1.07261,1.072415,1.072595,0
2024-06-17 19:00:00+00:00,1.07363,1.0736400000000001,1.07318,1.07318,0
2024-06-17 19:15:00+00:00,1.073175,1.07334,1.073035,1.0731899999999999,0
2024-06-17 19:30:00+00:00,1.073185,1.0733899999999998,1.073175,1.073275,0
2024-06-17 19:45:00+00:00,1.07327,1.073285,1.073105,1.0732249999999999,0
2024-06-18 06:00:00+00:00,1.0723250000000002,1.0726650000000002,1.0722800000000001,1.07248,0
2024-06-18 06:15:00+00:00,1.07246,1.073185,1.0723500000000001,1.07277,0
2024-06-18 06:30:00+00:00,1.072775,1.07302,1.0725500000000001,1.072965,0
2024-06-18 06:45:00+00:00,1.0729549999999999,1.0733700000000002,1.0727799999999998,1.073315,0
2024-06-18 12:00:00+00:00,1.07164,1.0717050000000001,1.07123,1.0714000000000001,0
2024-06-18 12:15:00+00:00,1.0713949999999999,1.07164,1.07107,1.0714199999999998,0
2024-06-18 12:30:00+00:00,1.0714299999999999,1.07341,1.0714299999999999,1.07318,0
2024-06-18 12:45:00+00:00,1.073185,1.0734,1.07246,1.0731199999999999,0
2024-06-18 22:00:00+00:00,1.07409,1.07413,1.074015,1.074025,0
2024-06-18 22:15:00+00:00,1.07402,1.07406,1.074005,1.0740500000000002,0
2024-06-18 22:30:00+00:00,1.07404,1.07409,1.07397,1.074045,0
2024-06-18 22:45:00+00:00,1.0740500000000002,1.074095,1.074045,1.074085,0
2024-06-19 02:00:00+00:00,1.07408,1.07413,1.0739,1.07392,0
2024-06-19 02:15:00+00:00,1.0739100000000001,1.073975,1.073865,1.07396,0
2024-06-19 02:30:00+00:00,1.0739649999999998,1.07424,1.073955,1.0741299999999998,0
2024-06-19 02:45:00+00:00,1.074135,1.0741399999999999,1.0737649999999999,1.07388,0
2024-06-19 04:00:00+00:00,1.07378,1.07378,1.0736599999999998,1.073725,0
2024-06-19 04:15:00+00:00,1.0737299999999999,1.0737299999999999,1.07356,1.073615,0
2024-06-19 04:30:00+00:00,1.07361,1.07369,1.073575,1.07358,0
2024-06-19 04:45:00+00:00,1.073575,1.073635,1.0735350000000001,1.073585,0
2024-06-19 11:00:00+00:00,1.0750250000000001,1.075335,1.074935,1.075265,0
2024-06-19 11:15:00+00:00,1.07524,1.0752549999999998,1.074865,1.0749650000000002,0
2024-06-19 11:30:00+00:00,1.074955,1.075045,1.0746799999999999,1.074865,0
2024-06-19 11:45:00+00:00,1.0748600000000001,1.075245,1.07478,1.0750899999999999,0
2024-06-19 14:00:00+00:00,1.07436,1.074535,1.074295,1.074475,0
2024-06-19 14:15:00+00:00,1.07447,1.0750600000000001,1.074465,1.07498,0
2024-06-19 14:30:00+00:00,1.07497,1.075085,1.07467,1.0747200000000001,0
2024-06-19 14:45:00+00:00,1.0747149999999999,1.0750250000000001,1.0747149999999999,1.0748199999999999,0
2024-06-19 22:00:00+00:00,1.074485,1.0746850000000001,1.07444,1.07455,0
2024-06-19 22:15:00+00:00,1.0745399999999998,1.0745550000000001,1.0744500000000001,1.0744500000000001,0
2024-06-19 22:30:00+00:00,1.07447,1.074535,1.07443,1.074465,0
2024-06-19 22:45:00+00:00,1.0744600000000002,1.07463,1.07444,1.0745900000000002,0
2024-06-20 01:00:00+00:00,1.074625,1.074805,1.07458,1.07477,0
2024-06-20 01:15:00+00:00,1.0747749999999998,1.0747749999999998,1.074295,1.074465,0
2024-06-20 01:30:00+00:00,1.074475,1.0746850000000001,1.0742150000000001,1.074615,0
2024-06-20 01:45:00+00:00,1.0746250000000002,1.0746250000000002,1.07443,1.07456,0
2024-06-20 04:00:00+00:00,1.074195,1.0742150000000001,1.074095,1.07419,0
2024-06-20 04:15:00+00:00,1.074185,1.074495,1.074185,1.07443,0
2024-06-20 04:30:00+00:00,1.0744250000000002,1.07443,1.074195,1.07422,0
2024-06-20 04:45:00+00:00,1.0742250000000002,1.07431,1.0742,1.0742699999999998,0
2024-06-20 07:00:00+00:00,1.0732750000000002,1.073315,1.07309,1.073105,0
2024-06-20 07:15:00+00:00,1.0731199999999999,1.073415,1.073095,1.0733549999999998,0
2024-06-20 07:30:00+00:00,1.07336,1.07363,1.072895,1.0729,0
2024-06-20 07:45:00+00:00,1.0729199999999999,1.07294,1.0724399999999998,1.072475,0
2024-06-20 11:00:00+00:00,1.072875,1.073215,1.07263,1.07273,0
2024-06-20 11:15:00+00:00,1.07273,1.0731000000000002,1.07267,1.0728650000000002,0
2024-06-20 11:30:00+00:00,1.0728499999999999,1.07314,1.0723099999999999,1.072665,0
2024-06-20 11:45:00+00:00,1.072675,1.0728300000000002,1.0712899999999999,1.071485,0
2024-06-20 14:00:00+00:00,1.07246,1.072905,1.07237,1.07257,0
2024-06-20 14:15:00+00:00,1.07256,1.073075,1.072305,1.07286,0
2024-06-20 14:30:00+00:00,1.0728650000000002,1.07306,1.0725799999999999,1.0730050000000002,0
2024-06-20 14:45:00+00:00,1.073,1.07306,1.072085,1.07218,0
2024-06-20 17:00:00+00:00,1.0707200000000001,1.070955,1.070555,1.070805,0
2024-06-20 17:15:00+00:00,1.0708,1.07092,1.07043,1.0706799999999999,0
2024-06-20 17:30:00+00:00,1.070685,1.0708250000000001,1.0704,1.07073,0
2024-06-20 17:45:00+00:00,1.070725,1.07076,1.0704799999999999,1.0707,0
2024-06-21 00:00:00+00:00,1.0706,1.070725,1.0704150000000001,1.07043,0
2024-06-21 00:15:00+00:00,1.07042,1.070585,1.0703399999999998,1.07055,0
2024-06-21 00:30:00+00:00,1.0705550000000001,1.0707650000000002,1.07055,1.07065,0
2024-06-21 00:45:00+00:00,1.070655,1.07074,1.070455,1.07067,0
2024-06-24 00:00:00+00:00,1.068785,1.0688,1.0684900000000002,1.068515,0
2024-06-24 00:15:00+00:00,1.0685,1.068875,1.068485,1.0688650000000002,0
2024-06-24 00:30:00+00:00,1.06886,1.0692300000000001,1.068855,1.06915,0
2024-06-24 00:45:00+00:00,1.06916,1.069365,1.069055,1.06918,0
2024-06-24 14:00:00+00:00,1.074265,1.074635,1.07388,1.073995,0
2024-06-24 14:15:00+00:00,1.07397,1.074055,1.0732750000000002,1.0732849999999998,0
2024-06-24 14:30:00+00:00,1.07328,1.07359,1.07325,1.07325,0
2024-06-24 14:45:00+00:00,1.073245,1.073315,1.07272,1.073,0
2024-06-24 19:00:00+00:00,1.073555,1.0736050000000001,1.07343,1.073505,0
2024-06-24 19:15:00+00:00,1.07351,1.07368,1.073445,1.073575,0
2024-06-24 19:30:00+00:00,1.0735700000000001,1.0738349999999999,1.07347,1.0737299999999999,0
2024-06-24 19:45:00+00:00,1.073735,1.07375,1.0735549999999998,1.073615,0
2024-06-25 11:00:00+00:00,1.0723349999999998,1.072435,1.07202,1.072125,0
2024-06-25 11:15:00+00:00,1.07213,1.07213,1.0714299999999999,1.071465,0
2024-06-25 11:30:00+00:00,1.0714700000000001,1.07151,1.07092,1.071145,0
2024-06-25 11:45:00+00:00,1.07114,1.0714000000000001,1.0709300000000002,1.07094,0
2024-06-25 16:00:00+00:00,1.0704099999999999,1.07081,1.0703,1.07073,0
2024-06-25 16:15:00+00:00,1.0707149999999999,1.07087,1.070475,1.07077,0
2024-06-25 16:30:00+00:00,1.070775,1.07083,1.0705149999999999,1.070535,0
2024-06-25 16:45:00+00:00,1.07053,1.07056,1.0702150000000001,1.070465,0
2024-06-26 12:00:00+00:00,1.06942,1.069445,1.06857,1.0686550000000001,0
2024-06-26 12:15:00+00:00,1.068675,1.0693350000000001,1.0685600000000002,1.06864,0
2024-06-26 12:30:00+00:00,1.068635,1.068695,1.06802,1.06839,0
2024-06-26 12:45:00+00:00,1.0683850000000001,1.06841,1.06771,1.06771,0
2024-06-27 03:00:00+00:00,1.0689250000000001,1.0689600000000001,1.06882,1.06891,0
2024-06-27 03:15:00+00:00,1.068915,1.069175,1.0688849999999999,1.069125,0
2024-06-27 03:30:00+00:00,1.06913,1.06924,1.06909,1.069125,0
2024-06-27 03:45:00+00:00,1.06913,1.0691899999999999,1.06906,1.069085,0
2024-06-27 08:00:00+00:00,1.069015,1.06908,1.06867,1.06868,0
2024-06-27 08:15:00+00:00,1.0686849999999999,1.0688,1.06806,1.068395,0
2024-06-27 08:30:00+00:00,1.0684,1.06904,1.06832,1.06874,0
2024-06-27 08:45:00+00:00,1.068735,1.06914,1.06872,1.068805,0
2024-06-28 13:00:00+00:00,1.07049,1.0707900000000001,1.0702699999999998,1.070365,0
2024-06-28 13:15:00+00:00,1.070355,1.070595,1.0695350000000001,1.0696750000000002,0
2024-06-28 13:30:00+00:00,1.069685,1.07023,1.06928,1.07015,0
2024-06-28 13:45:00+00:00,1.0701450000000001,1.070385,1.069845,1.069845,0
2024-07-01 11:00:00+00:00,1.074875,1.07524,1.074765,1.07512,0
2024-07-01 11:15:00+00:00,1.075115,1.07512,1.07469,1.0747900000000001,0
2024-07-01 11:30:00+00:00,1.074795,1.0749300000000002,1.074465,1.0744799999999999,0
2024-07-01 11:45:00+00:00,1.07447,1.0750600000000001,1.074265,1.0749149999999998,0
2024-07-01 18:00:00+00:00,1.0729350000000002,1.07301,1.0726149999999999,1.0726900000000001,0
2024-07-01 18:15:00+00:00,1.0727,1.0727799999999998,1.07243,1.0725099999999999,0
2024-07-01 18:30:00+00:00,1.072525,1.072915,1.07243,1.0728849999999999,0
2024-07-01 18:45:00+00:00,1.07288,1.073015,1.07273,1.0729600000000001,0
2024-07-02 02:00:00+00:00,1.0734599999999999,1.073595,1.07338,1.073585,0
2024-07-02 02:15:00+00:00,1.07359,1.073595,1.07328,1.0733000000000001,0
2024-07-02 02:30:00+00:00,1.073315,1.0734,1.07321,1.073395,0
2024-07-02 02:45:00+00:00,1.0734,1.0735649999999999,1.07335,1.07352,0
2024-07-02 10:00:00+00:00,1.0710950000000001,1.0712350000000002,1.07101,1.0710600000000001,0
2024-07-02 10:15:00+00:00,1.071065,1.071895,1.071065,1.071815,0
2024-07-02 10:30:00+00:00,1.07182,1.0718299999999998,1.0711249999999999,1.07162,0
2024-07-02 10:45:00+00:00,1.0716100000000002,1.0717949999999998,1.07139,1.0717249999999998,0
2024-07-02 17:00:00+00:00,1.07321,1.073635,1.07317,1.07359,0
2024-07-02 17:15:00+00:00,1.0736050000000001,1.073635,1.07342,1.073575,0
2024-07-02 17:30:00+00:00,1.07358,1.073685,1.073285,1.073635,0
2024-07-02 17:45:00+00:00,1.0736400000000001,1.0740699999999999,1.073595,1.073845,0
2024-07-03 07:00:00+00:00,1.0747149999999999,1.075565,1.074695,1.0751499999999998,0
2024-07-03 07:15:00+00:00,1.075155,1.075955,1.0751499999999998,1.07551,0
2024-07-03 07:30:00+00:00,1.075515,1.0758800000000002,1.0755050000000002,1.075745,0
2024-07-03 07:45:00+00:00,1.07575,1.0761850000000002,1.0754899999999998,1.075965,0
2024-07-04 05:00:00+00:00,1.078665,1.07867,1.078525,1.07855,0
2024-07-04 05:15:00+00:00,1.0785550000000002,1.078585,1.0784950000000002,1.0785749999999998,0
2024-07-04 05:30:00+00:00,1.07858,1.0787749999999998,1.078545,1.0787200000000001,0
2024-07-04 05:45:00+00:00,1.078725,1.079075,1.0787149999999999,1.0790099999999998,0
2024-07-04 12:00:00+00:00,1.0796999999999999,1.080055,1.07961,1.079965,0
2024-07-04 12:15:00+00:00,1.0799750000000001,1.080145,1.07992,1.07995,0
2024-07-04 12:30:00+00:00,1.079955,1.08023,1.07987,1.080095,0
2024-07-04 12:45:00+00:00,1.080075,1.080215,1.07964,1.07971,0
2024-07-05 05:00:00+00:00,1.0821999999999998,1.082215,1.0820249999999998,1.08203,0
2024-07-05 05:15:00+00:00,1.082025,1.082055,1.081935,1.081985,0
2024-07-05 05:30:00+00:00,1.081995,1.082135,1.081925,1.0819999999999999,0
2024-07-05 05:45:00+00:00,1.081995,1.0822500000000002,1.08197,1.08215,0
2024-07-08 15:00:00+00:00,1.08348,1.08362,1.083125,1.08323,0
2024-07-08 15:15:00+00:00,1.083225,1.083485,1.08317,1.08331,0
2024-07-08 15:30:00+00:00,1.08332,1.083465,1.08324,1.08327,0
2024-07-08 15:45:00+00:00,1.083275,1.083495,1.08321,1.0834700000000002,0
2024-07-09 09:00:00+00:00,1.082255,1.082255,1.08196,1.0821550000000002,0
2024-07-09 09:15:00+00:00,1.08216,1.08223,1.081885,1.082195,0
2024-07-09 09:30:00+00:00,1.082195,1.082595,1.08213,1.082395,0
2024-07-09 09:45:00+00:00,1.082405,1.08246,1.0821649999999998,1.082275,0
2024-07-10 03:00:00+00:00,1.08169,1.081795,1.08165,1.081795,0
2024-07-10 03:15:00+00:00,1.081825,1.0820699999999999,1.081775,1.0820249999999998,0
2024-07-10 03:30:00+00:00,1.08203,1.0821100000000001,1.0819999999999999,1.08209,0
2024-07-10 03:45:00+00:00,1.082095,1.0821,1.0819,1.082005,0
2024-07-10 18:00:00+00:00,1.0821999999999998,1.082245,1.08188,1.081955,0
2024-07-10 18:15:00+00:00,1.08195,1.0819800000000002,1.08174,1.0818699999999999,0
2024-07-10 18:30:00+00:00,1.08188,1.082255,1.08188,1.082255,0
2024-07-10 18:45:00+00:00,1.082265,1.0825200000000001,1.0822349999999998,1.08251,0
2024-07-11 12:00:00+00:00,1.085475,1.0858349999999999,1.085395,1.08544,0
2024-07-11 12:15:00+00:00,1.085435,1.08555,1.084445,1.084825,0
2024-07-11 12:30:00+00:00,1.0848149999999999,1.089745,1.08468,1.089725,0
2024-07-11 12:45:00+00:00,1.0897299999999999,1.0899999999999999,1.0885099999999999,1.088695,0
2024-07-11 17:00:00+00:00,1.086705,1.08674,1.0861550000000002,1.086585,0
2024-07-11 17:15:00+00:00,1.086585,1.08674,1.086435,1.08653,0
2024-07-11 17:30:00+00:00,1.086525,1.08657,1.086085,1.0861450000000001,0
2024-07-11 17:45:00+00:00,1.0861399999999999,1.0862850000000002,1.085985,1.08609,0
2024-07-12 14:00:00+00:00,1.089695,1.0901450000000001,1.08948,1.0898400000000001,0
2024-07-12 14:15:00+00:00,1.0898349999999999,1.09002,1.08933,1.089855,0
2024-07-12 14:30:00+00:00,1.0898599999999998,1.0904500000000001,1.08975,1.0903100000000001,0
2024-07-12 14:45:00+00:00,1.090295,1.0909499999999999,1.09009,1.090925,0
2024-07-15 09:00:00+00:00,1.09084,1.09104,1.09071,1.09071,0
2024-07-15 09:15:00+00:00,1.0907049999999998,1.091045,1.09069,1.09097,0
2024-07-15 09:30:00+00:00,1.0909900000000001,1.0913,1.090805,1.0910199999999999,0
2024-07-15 09:45:00+00:00,1.091015,1.0915249999999999,1.090785,1.0912899999999999,0
2024-07-15 13:00:00+00:00,1.0907550000000001,1.0911849999999998,1.09069,1.09118,0
2024-07-15 13:15:00+00:00,1.0911650000000002,1.0916299999999999,1.091135,1.09157,0
2024-07-15 13:30:00+00:00,1.0915650000000001,1.091655,1.09096,1.09119,0
2024-07-15 13:45:00+00:00,1.091195,1.091615,1.0911,1.09152,0
2024-07-15 23:00:00+00:00,1.089455,1.08976,1.0894499999999998,1.089655,0
2024-07-15 23:15:00+00:00,1.0896599999999999,1.0897549999999998,1.089635,1.08968,0
2024-07-15 23:30:00+00:00,1.08967,1.08976,1.0896249999999998,1.08975,0
2024-07-15 23:45:00+00:00,1.0897450000000002,1.0898599999999998,1.089615,1.08982,0
2024-07-16 03:00:00+00:00,1.089095,1.0893700000000002,1.0890849999999999,1.0892650000000001,0
2024-07-16 03:15:00+00:00,1.08926,1.08941,1.089215,1.0893700000000002,0
2024-07-16 03:30:00+00:00,1.089365,1.0893700000000002,1.0891549999999999,1.08921,0
2024-07-16 03:45:00+00:00,1.0892149999999998,1.08933,1.0892,1.089315,0
2024-07-16 07:00:00+00:00,1.0888550000000001,1.0894300000000001,1.0888550000000001,1.0893950000000001,0
2024-07-16 07:15:00+00:00,1.0894,1.089745,1.0893899999999999,1.08962,0
2024-07-16 07:30:00+00:00,1.0896,1.08978,1.08941,1.0896400000000002,0
2024-07-16 07:45:00+00:00,1.089645,1.0900349999999999,1.08956,1.089935,0
2024-07-17 05:00:00+00:00,1.0903100000000001,1.0904850000000001,1.0900949999999998,1.0901049999999999,0
2024-07-17 05:15:00+00:00,1.0901100000000001,1.09048,1.0901100000000001,1.090315,0
2024-07-17 05:30:00+00:00,1.0903100000000001,1.0905900000000002,1.09029,1.0905749999999999,0
2024-07-17 05:45:00+00:00,1.09058,1.09069,1.090405,1.09046,0
2024-07-18 04:00:00+00:00,1.093295,1.093365,1.09317,1.09329,0
2024-07-18 04:15:00+00:00,1.0932849999999998,1.093635,1.093265,1.09338,0
2024-07-18 04:30:00+00:00,1.093375,1.093445,1.09331,1.0933899999999999,0
2024-07-18 04:45:00+00:00,1.0934,1.0934599999999999,1.09333,1.09336,0
2024-07-19 03:00:00+00:00,1.089205,1.0892300000000001,1.088865,1.088905,0
2024-07-19 03:15:00+00:00,1.0889,1.088975,1.0887950000000002,1.08891,0
2024-07-19 03:30:00+00:00,1.088915,1.08897,1.08886,1.088905,0
2024-07-19 03:45:00+00:00,1.0889000000000002,1.088955,1.0887850000000001,1.088845,0
2024-07-19 17:00:00+00:00,1.0885,1.0885449999999999,1.088145,1.0882550000000002,0
2024-07-19 17:15:00+00:00,1.08825,1.0884,1.0880999999999998,1.08819,0
2024-07-19 17:30:00+00:00,1.088185,1.08853,1.0880800000000002,1.088385,0
2024-07-19 17:45:00+00:00,1.08839,1.08846,1.0883,1.088395,0
2024-07-22 04:00:00+00:00,1.08917,1.089275,1.088935,1.089035,0
2024-07-22 04:15:00+00:00,1.089045,1.089175,1.0890300000000002,1.0891350000000002,0
2024-07-22 04:30:00+00:00,1.0891449999999998,1.0891449999999998,1.088895,1.088965,0
2024-07-22 04:45:00+00:00,1.088975,1.08899,1.0887099999999998,1.08875,0
2024-07-22 05:00:00+00:00,1.08874,1.08877,1.08847,1.0885099999999999,0
2024-07-22 05:15:00+00:00,1.088505,1.088575,1.08838,1.0885099999999999,0
2024-07-22 05:30:00+00:00,1.0885150000000001,1.088635,1.088305,1.0883250000000002,0
2024-07-22 05:45:00+00:00,1.08833,1.08852,1.0882550000000002,1.08847,0
2024-07-22 12:00:00+00:00,1.088575,1.0888550000000001,1.088365,1.088395,0
2024-07-22 12:15:00+00:00,1.08841,1.0888550000000001,1.08839,1.0886,0
2024-07-22 12:30:00+00:00,1.0886049999999998,1.088625,1.0880100000000001,1.088015,0
2024-07-22 12:45:00+00:00,1.0880049999999999,1.0880100000000001,1.087525,1.08782,0
2024-07-23 09:00:00+00:00,1.08779,1.08784,1.0871,1.08718,0
2024-07-23 09:15:00+00:00,1.08717,1.087515,1.08701,1.0873849999999998,0
2024-07-23 09:30:00+00:00,1.08739,1.087455,1.0869900000000001,1.087245,0
2024-07-23 09:45:00+00:00,1.08725,1.08731,1.0866,1.086735,0
2024-07-23 21:00:00+00:00,1.08535,1.0854249999999999,1.085345,1.0854,0
2024-07-23 21:15:00+00:00,1.085405,1.085435,1.08537,1.0854300000000001,0
2024-07-23 21:30:00+00:00,1.08541,1.0854949999999999,1.0854050000000002,1.085445,0
2024-07-23 21:45:00+00:00,1.08545,1.08549,1.085415,1.0854300000000001,0
2024-07-24 12:00:00+00:00,1.084645,1.0849600000000001,1.08457,1.0849,0
2024-07-24 12:15:00+00:00,1.084875,1.085035,1.0846200000000001,1.0847250000000002,0
2024-07-24 12:30:00+00:00,1.0847,1.08504,1.08463,1.08487,0
2024-07-24 12:45:00+00:00,1.084865,1.0859299999999998,1.0848499999999999,1.085825,0
2024-07-24 20:00:00+00:00,1.083885,1.084015,1.08384,1.08392,0
2024-07-24 20:15:00+00:00,1.0839050000000001,1.08398,1.0838700000000001,1.08389,0
2024-07-24 20:30:00+00:00,1.083885,1.084,1.0837949999999998,1.083835,0
2024-07-24 20:45:00+00:00,1.08384,1.0840100000000001,1.083805,1.0839850000000002,0
2024-07-25 01:00:00+00:00,1.08396,1.0841500000000002,1.08391,1.0840450000000001,0
2024-07-25 01:15:00+00:00,1.08404,1.084125,1.083845,1.08388,0
2024-07-25 01:30:00+00:00,1.083875,1.08425,1.0838299999999998,1.0842450000000001,0
2024-07-25 01:45:00+00:00,1.08425,1.084285,1.083735,1.083805,0
2024-07-25 07:00:00+00:00,1.083485,1.08355,1.082835,1.0829499999999999,0
2024-07-25 07:15:00+00:00,1.082945,1.0837050000000001,1.0829300000000002,1.0835400000000002,0
2024-07-25 07:30:00+00:00,1.08353,1.084195,1.0833750000000002,1.084145,0
2024-07-25 07:45:00+00:00,1.08416,1.0853199999999998,1.0838999999999999,1.084915,0
2024-07-25 22:00:00+00:00,1.084595,1.0847799999999999,1.08438,1.0847449999999998,0
2024-07-25 22:15:00+00:00,1.08474,1.08479,1.084695,1.0847099999999998,0
2024-07-25 22:30:00+00:00,1.084715,1.08477,1.08466,1.08474,0
2024-07-25 22:45:00+00:00,1.084755,1.0848550000000001,1.0847099999999998,1.0847099999999998,0
2024-07-29 05:00:00+00:00,1.085905,1.086085,1.08588,1.086085,0
2024-07-29 05:15:00+00:00,1.08608,1.08623,1.085975,1.086225,0
2024-07-29 05:30:00+00:00,1.08621,1.0863049999999999,1.0858249999999998,1.085865,0
2024-07-29 05:45:00+00:00,1.085845,1.085955,1.08575,1.0859100000000002,0
2024-07-29 10:00:00+00:00,1.0837150000000002,1.08373,1.0833,1.08332,0
2024-07-29 10:15:00+00:00,1.0833249999999999,1.083955,1.0833249999999999,1.08369,0
2024-07-29 10:30:00+00:00,1.083685,1.0842100000000001,1.0836450000000002,1.084105,0
2024-07-29 10:45:00+00:00,1.0840999999999998,1.0841699999999999,1.0834199999999998,1.08359,0
2024-08-02 09:00:00+00:00,1.0814599999999999,1.082185,1.0814599999999999,1.082135,0
2024-08-02 09:15:00+00:00,1.08213,1.08249,1.08208,1.0821800000000001,0
2024-08-02 09:30:00+00:00,1.082165,1.08242,1.081855,1.081855,0
2024-08-02 09:45:00+00:00,1.0818699999999999,1.0821049999999999,1.0817350000000001,1.0820349999999999,0
2024-08-02 20:00:00+00:00,1.09128,1.0914899999999998,1.09119,1.0912950000000001,0
2024-08-02 20:15:00+00:00,1.0912899999999999,1.0912899999999999,1.0908099999999998,1.090835,0
2024-08-02 20:30:00+00:00,1.090825,1.0911,1.0908099999999998,1.0911,0
2024-08-02 20:45:00+00:00,1.0910950000000001,1.09124,1.090965,1.09105,0
2024-08-05 03:00:00+00:00,1.0921850000000002,1.092555,1.092095,1.092425,0
2024-08-05 03:15:00+00:00,1.0924200000000002,1.09243,1.092095,1.0921349999999999,0
2024-08-05 03:30:00+00:00,1.0921500000000002,1.0925850000000001,1.0921500000000002,1.092455,0
2024-08-05 03:45:00+00:00,1.092455,1.09313,1.092305,1.09307,0
2024-08-05 15:00:00+00:00,1.097935,1.09864,1.09722,1.09735,0
2024-08-05 15:15:00+00:00,1.097335,1.097385,1.0961750000000001,1.09683,0
2024-08-05 15:30:00+00:00,1.096795,1.09733,1.096155,1.0962100000000001,0
2024-08-05 15:45:00+00:00,1.096215,1.0965950000000002,1.095605,1.095625,0
2024-08-06 06:00:00+00:00,1.094675,1.09487,1.0942150000000002,1.09456,0
2024-08-06 06:15:00+00:00,1.0945550000000002,1.09485,1.094205,1.0945,0
2024-08-06 06:30:00+00:00,1.094495,1.0947200000000001,1.093715,1.0939,0
2024-08-06 06:45:00+00:00,1.093905,1.09417,1.09345,1.093905,0
2024-08-06 15:00:00+00:00,1.093385,1.093415,1.0927099999999998,1.093005,0
2024-08-06 15:15:00+00:00,1.093,1.093255,1.092685,1.0928499999999999,0
2024-08-06 15:30:00+00:00,1.0928550000000001,1.0930499999999999,1.0925,1.0927799999999999,0
2024-08-06 15:45:00+00:00,1.092775,1.0927799999999999,1.09223,1.09252,0
2024-08-07 00:00:00+00:00,1.092595,1.0928900000000001,1.092325,1.092325,0
2024-08-07 00:15:00+00:00,1.09233,1.092825,1.09233,1.09257,0
2024-08-07 00:30:00+00:00,1.09259,1.092735,1.092395,1.0926049999999998,0
2024-08-07 00:45:00+00:00,1.09261,1.093055,1.09261,1.092975,0
2024-08-07 10:00:00+00:00,1.09138,1.09148,1.09097,1.091395,0
2024-08-07 10:15:00+00:00,1.09139,1.09182,1.09119,1.09151,0
2024-08-07 10:30:00+00:00,1.091515,1.0922100000000001,1.091515,1.091965,0
2024-08-07 10:45:00+00:00,1.09196,1.0923349999999998,1.091625,1.0918,0
2024-08-08 01:00:00+00:00,1.09281,1.09308,1.0926749999999998,1.092755,0
2024-08-08 01:15:00+00:00,1.09275,1.09284,1.09245,1.09252,0
2024-08-08 01:30:00+00:00,1.0925250000000002,1.0927099999999998,1.092355,1.092505,0
2024-08-08 01:45:00+00:00,1.0924999999999998,1.092895,1.0924550000000002,1.0927799999999999,0
2024-08-08 12:00:00+00:00,1.09306,1.093255,1.0928900000000001,1.0931950000000001,0
2024-08-08 12:15:00+00:00,1.0932,1.0932,1.092835,1.09294,0
2024-08-08 12:30:00+00:00,1.09287,1.09293,1.089865,1.090555,0
2024-08-08 12:45:00+00:00,1.09057,1.0906099999999999,1.0891600000000001,1.08976,0
2024-08-08 23:00:00+00:00,1.091855,1.091955,1.09166,1.09179,0
2024-08-08 23:15:00+00:00,1.091785,1.09182,1.09154,1.09154,0
2024-08-08 23:30:00+00:00,1.09155,1.09173,1.0915249999999999,1.0916350000000001,0
2024-08-08 23:45:00+00:00,1.09164,1.091785,1.091445,1.0915,0
2024-08-09 10:00:00+00:00,1.0919699999999999,1.09204,1.091675,1.091965,0
2024-08-09 10:15:00+00:00,1.0919400000000001,1.09232,1.091745,1.0918649999999999,0
2024-08-09 10:30:00+00:00,1.0918700000000001,1.09227,1.0918700000000001,1.09206,0
2024-08-09 10:45:00+00:00,1.092035,1.09209,1.091725,1.09175,0
2024-08-12 08:00:00+00:00,1.092235,1.0925500000000001,1.09173,1.0917400000000002,0
2024-08-12 08:15:00+00:00,1.091745,1.0920999999999998,1.091605,1.091735,0
2024-08-12 08:30:00+00:00,1.09172,1.09202,1.0916450000000002,1.0918999999999999,0
2024-08-12 08:45:00+00:00,1.0919150000000002,1.092135,1.0917400000000002,1.0920800000000002,0
2024-08-12 20:00:00+00:00,1.0931549999999999,1.0931549999999999,1.09292,1.092985,0
2024-08-12 20:15:00+00:00,1.093005,1.093065,1.09273,1.09274,0
2024-08-12 20:30:00+00:00,1.0927449999999999,1.0930849999999999,1.09274,1.0930849999999999,0
2024-08-12 20:45:00+00:00,1.0930900000000001,1.09324,1.093035,1.09315,0
2024-08-13 09:00:00+00:00,1.092345,1.092345,1.09138,1.09178,0
2024-08-13 09:15:00+00:00,1.09177,1.09232,1.0916899999999998,1.0921949999999998,0
2024-08-13 09:30:00+00:00,1.09219,1.0925099999999999,1.09213,1.09245,0
2024-08-13 09:45:00+00:00,1.0924550000000002,1.092705,1.0919699999999999,1.0919699999999999,0
2024-08-14 01:00:00+00:00,1.0991900000000001,1.09925,1.099055,1.099205,0
2024-08-14 01:15:00+00:00,1.0992099999999998,1.099665,1.0992,1.09964,0
2024-08-14 01:30:00+00:00,1.0996299999999999,1.09964,1.0992899999999999,1.099555,0
2024-08-14 01:45:00+00:00,1.0995599999999999,1.09957,1.0991650000000002,1.0991900000000001,0
2024-08-14 16:00:00+00:00,1.102325,1.10242,1.1017649999999999,1.1020150000000002,0
2024-08-14 16:15:00+00:00,1.10202,1.1020699999999999,1.10163,1.1017549999999998,0
2024-08-14 16:30:00+00:00,1.101755,1.10203,1.1016949999999999,1.101795,0
2024-08-14 16:45:00+00:00,1.1017899999999998,1.10194,1.101555,1.1018400000000002,0
2024-08-15 06:00:00+00:00,1.100985,1.10142,1.1008,1.10142,0
2024-08-15 06:15:00+00:00,1.1014149999999998,1.10149,1.101145,1.10131,0
2024-08-15 06:30:00+00:00,1.101315,1.101325,1.101025,1.1010499999999999,0
2024-08-15 06:45:00+00:00,1.10106,1.101545,1.10093,1.101455,0
2024-08-15 08:00:00+00:00,1.1013350000000002,1.1013549999999999,1.1008,1.1012,0
2024-08-15 08:15:00+00:00,1.101195,1.101245,1.100805,1.10088,0
2024-08-15 08:30:00+00:00,1.100875,1.10088,1.1005500000000001,1.10073,0
2024-08-15 08:45:00+00:00,1.10072,1.10084,1.10053,1.1006200000000002,0
2024-08-15 20:00:00+00:00,1.09741,1.09741,1.09715,1.09722,0
2024-08-15 20:15:00+00:00,1.097225,1.09729,1.09715,1.097185,0
2024-08-15 20:30:00+00:00,1.09717,1.0972,1.097095,1.097095,0
2024-08-15 20:45:00+00:00,1.097095,1.09728,1.0970550000000001,1.09728,0
2024-08-19 09:00:00+00:00,1.10372,1.1040100000000002,1.10358,1.10371,0
2024-08-19 09:15:00+00:00,1.1037050000000002,1.10382,1.1035300000000001,1.1037949999999999,0
2024-08-19 09:30:00+00:00,1.1038000000000001,1.10413,1.103775,1.1039599999999998,0
2024-08-19 09:45:00+00:00,1.1039599999999998,1.1039750000000002,1.1034549999999999,1.10351,0
2024-08-20 03:00:00+00:00,1.10763,1.1079249999999998,1.107625,1.107815,0
2024-08-20 03:15:00+00:00,1.10784,1.10792,1.10772,1.10772,0
2024-08-20 03:30:00+00:00,1.107715,1.107715,1.107545,1.1075949999999999,0
2024-08-20 03:45:00+00:00,1.1076000000000001,1.107665,1.10752,1.1075650000000001,0
2024-08-20 16:00:00+00:00,1.1105749999999999,1.11151,1.110415,1.1114600000000001,0
2024-08-20 16:15:00+00:00,1.11145,1.1118299999999999,1.110985,1.11168,0
2024-08-20 16:30:00+00:00,1.111675,1.111915,1.1115599999999999,1.1115599999999999,0
2024-08-20 16:45:00+00:00,1.111575,1.11178,1.11144,1.1114899999999999,0
2024-08-21 04:00:00+00:00,1.11211,1.1121349999999999,1.1118700000000001,1.11198,0
2024-08-21 04:15:00+00:00,1.111995,1.112,1.11166,1.11192,0
2024-08-21 04:30:00+00:00,1.11193,1.111985,1.11182,1.11185,0
2024-08-21 04:45:00+00:00,1.1118549999999998,1.111935,1.11178,1.11191,0
2024-08-21 17:00:00+00:00,1.1146500000000001,1.1152,1.11456,1.1151499999999999,0
2024-08-21 17:15:00+00:00,1.1151550000000001,1.115175,1.1147049999999998,1.115075,0
2024-08-21 17:30:00+00:00,1.1150799999999998,1.11539,1.115015,1.11532,0
2024-08-21 17:45:00+00:00,1.115325,1.11584,1.11532,1.11557,0
2024-08-22 04:00:00+00:00,1.114475,1.11448,1.11408,1.11408,0
2024-08-22 04:15:00+00:00,1.11409,1.114425,1.11409,1.114335,0
2024-08-22 04:30:00+00:00,1.114315,1.11456,1.1142949999999998,1.11456,0
2024-08-22 04:45:00+00:00,1.1145550000000002,1.1145749999999999,1.1143299999999998,1.1143399999999999,0
2024-08-22 10:00:00+00:00,1.11398,1.1140400000000001,1.11349,1.113505,0
2024-08-22 10:15:00+00:00,1.11351,1.113845,1.1132499999999999,1.1136650000000001,0
2024-08-22 10:30:00+00:00,1.1136750000000002,1.114425,1.113675,1.114315,0
2024-08-22 10:45:00+00:00,1.1143100000000001,1.1146099999999999,1.114215,1.1145399999999999,0
2024-08-23 00:00:00+00:00,1.11161,1.11161,1.1113,1.11148,0
2024-08-23 00:15:00+00:00,1.1114950000000001,1.11197,1.111415,1.11186,0
2024-08-23 00:30:00+00:00,1.1118649999999999,1.11205,1.11181,1.1118450000000002,0
2024-08-23 00:45:00+00:00,1.11184,1.112245,1.1117750000000002,1.11198,0
2024-08-23 12:00:00+00:00,1.11189,1.112285,1.11184,1.112225,0
2024-08-23 12:15:00+00:00,1.1122299999999998,1.112235,1.11112,1.1114600000000001,0
2024-08-23 12:30:00+00:00,1.111465,1.111645,1.11124,1.111365,0
2024-08-23 12:45:00+00:00,1.11138,1.11159,1.1111550000000001,1.111415,0
2024-08-23 20:00:00+00:00,1.119095,1.119095,1.118755,1.1188150000000001,0
2024-08-23 20:15:00+00:00,1.1188250000000002,1.1192600000000001,1.1188,1.1188950000000002,0
2024-08-23 20:30:00+00:00,1.11889,1.1193499999999998,1.1188799999999999,1.119345,0
2024-08-23 20:45:00+00:00,1.1193300000000002,1.119435,1.119195,1.11925,0
2024-08-26 00:00:00+00:00,1.11893,1.1191399999999998,1.1187049999999998,1.11896,0
2024-08-26 00:15:00+00:00,1.1189550000000001,1.119915,1.1189550000000001,1.1198000000000001,0
2024-08-26 00:30:00+00:00,1.11979,1.119925,1.1194449999999998,1.11966,0
2024-08-26 00:45:00+00:00,1.119665,1.120165,1.119355,1.11938,0
2024-08-27 02:00:00+00:00,1.116935,1.11704,1.116615,1.1167449999999999,0
2024-08-27 02:15:00+00:00,1.116735,1.116935,1.116585,1.11663,0
2024-08-27 02:30:00+00:00,1.116625,1.116685,1.116415,1.116495,0
2024-08-27 02:45:00+00:00,1.1164999999999998,1.11683,1.116485,1.11683,0
2024-08-27 14:00:00+00:00,1.116835,1.11719,1.11629,1.11649,0
2024-08-27 14:15:00+00:00,1.116505,1.11706,1.1164100000000001,1.117,0
2024-08-27 14:30:00+00:00,1.1170149999999999,1.1170849999999999,1.116355,1.116865,0
2024-08-27 14:45:00+00:00,1.11685,1.11706,1.11642,1.1166200000000002,0
2024-08-28 06:00:00+00:00,1.114385,1.114495,1.11361,1.1136149999999998,0
2024-08-28 06:15:00+00:00,1.11362,1.11414,1.113515,1.114085,0
2024-08-28 06:30:00+00:00,1.11408,1.114925,1.11401,1.1148799999999999,0
2024-08-28 06:45:00+00:00,1.114875,1.11514,1.114565,1.114785,0
2024-08-29 11:00:00+00:00,1.10975,1.10989,1.10947,1.10975,0
2024-08-29 11:15:00+00:00,1.109765,1.109925,1.10935,1.10968,0
2024-08-29 11:30:00+00:00,1.109675,1.10982,1.10915,1.1097899999999998,0
2024-08-29 11:45:00+00:00,1.10978,1.10998,1.1093000000000002,1.109605,0
2024-08-29 22:00:00+00:00,1.107805,1.107965,1.10775,1.107755,0
2024-08-29 22:15:00+00:00,1.10775,1.1078800000000002,1.10775,1.1077949999999999,0
2024-08-29 22:30:00+00:00,1.1078000000000001,1.1078899999999998,1.10777,1.107885,0
2024-08-29 22:45:00+00:00,1.10788,1.1080299999999998,1.1078549999999998,1.108015,0
2024-08-30 04:00:00+00:00,1.107375,1.10738,1.107195,1.1073499999999998,0
2024-08-30 04:15:00+00:00,1.107355,1.107745,1.107345,1.1076700000000002,0
2024-08-30 04:30:00+00:00,1.107665,1.107665,1.1073849999999998,1.107465,0
2024-08-30 04:45:00+00:00,1.10745,1.107465,1.10724,1.10741,0
2024-08-30 10:00:00+00:00,1.10829,1.108435,1.10795,1.10799,0
2024-08-30 10:15:00+00:00,1.1079949999999998,1.10834,1.1078350000000001,1.1082800000000002,0
2024-08-30 10:30:00+00:00,1.1082999999999998,1.108325,1.107465,1.107615,0
2024-08-30 10:45:00+00:00,1.10761,1.1081699999999999,1.107605,1.107935,0
2024-09-02 08:00:00+00:00,1.10667,1.1077400000000002,1.1066349999999998,1.1076350000000001,0
2024-09-02 08:15:00+00:00,1.107625,1.107745,1.1071,1.1072199999999999,0
2024-09-02 08:30:00+00:00,1.10724,1.1074950000000001,1.10705,1.1072,0
2024-09-02 08:45:00+00:00,1.10721,1.107215,1.1064150000000001,1.1067550000000002,0
2024-09-03 02:00:00+00:00,1.1067,1.106945,1.1066099999999999,1.1069149999999999,0
2024-09-03 02:15:00+00:00,1.106925,1.10703,1.106665,1.1067049999999998,0
2024-09-03 02:30:00+00:00,1.10671,1.106745,1.10659,1.1066850000000001,0
2024-09-03 02:45:00+00:00,1.10669,1.106785,1.1063,1.10637,0
2024-09-03 15:00:00+00:00,1.104235,1.1044550000000002,1.103645,1.1038450000000002,0
2024-09-03 15:15:00+00:00,1.10384,1.1040999999999999,1.103675,1.104005,0
2024-09-03 15:30:00+00:00,1.104015,1.1041850000000002,1.10365,1.1037750000000002,0
2024-09-03 15:45:00+00:00,1.10378,1.10434,1.10361,1.10423,0
2024-09-03 22:00:00+00:00,1.104495,1.1045150000000001,1.1039500000000002,1.10425,0
2024-09-03 22:15:00+00:00,1.1042299999999998,1.1045150000000001,1.10422,1.1044749999999999,0
2024-09-03 22:30:00+00:00,1.1044800000000001,1.10467,1.10446,1.104645,0
2024-09-03 22:45:00+00:00,1.1046399999999998,1.1046900000000002,1.104555,1.104575,0
2024-09-04 12:00:00+00:00,1.105035,1.105095,1.1047250000000002,1.10481,0
2024-09-04 12:15:00+00:00,1.1048149999999999,1.1049099999999998,1.1040100000000002,1.1044,0
2024-09-04 12:30:00+00:00,1.1044049999999999,1.10497,1.1040800000000002,1.104955,0
2024-09-04 12:45:00+00:00,1.1049600000000002,1.10527,1.104575,1.105255,0
2024-09-04 21:00:00+00:00,1.1082450000000001,1.108395,1.1082100000000001,1.10831,0
2024-09-04 21:15:00+00:00,1.108275,1.108325,1.1082649999999998,1.108325,0
2024-09-04 21:30:00+00:00,1.10833,1.10839,1.10825,1.108265,0
2024-09-04 21:45:00+00:00,1.1082800000000002,1.1083349999999998,1.10822,1.10831,0
2024-09-05 06:00:00+00:00,1.10804,1.108385,1.10798,1.10829,0
2024-09-05 06:15:00+00:00,1.108285,1.108545,1.10816,1.108365,0
2024-09-05 06:30:00+00:00,1.1083699999999999,1.108635,1.10827,1.1085699999999998,0
2024-09-05 06:45:00+00:00,1.10856,1.10883,1.108325,1.1083850000000002,0
2024-09-06 09:00:00+00:00,1.11173,1.11173,1.110855,1.11087,0
2024-09-06 09:15:00+00:00,1.11086,1.1111749999999998,1.110765,1.110815,0
2024-09-06 09:30:00+00:00,1.11082,1.11111,1.110745,1.1108850000000001,0
2024-09-06 09:45:00+00:00,1.11086,1.11136,1.1108099999999999,1.111345,0
2024-09-06 13:00:00+00:00,1.11211,1.112565,1.1103100000000001,1.1107049999999998,0
2024-09-06 13:15:00+00:00,1.11069,1.110865,1.108805,1.1095350000000002,0
2024-09-06 13:30:00+00:00,1.109545,1.1100750000000001,1.107385,1.1074000000000002,0
2024-09-06 13:45:00+00:00,1.107365,1.10838,1.10657,1.1083349999999998,0
2024-09-08 23:00:00+00:00,1.1086900000000002,1.1089799999999999,1.1086900000000002,1.108905,0
2024-09-08 23:15:00+00:00,1.108895,1.10904,1.108835,1.109025,0
2024-09-08 23:30:00+00:00,1.1090200000000001,1.10907,1.1089449999999998,1.10907,0
2024-09-08 23:45:00+00:00,1.1090650000000002,1.109095,1.108665,1.108675,0
2024-09-09 08:00:00+00:00,1.10592,1.10625,1.10545,1.105525,0
2024-09-09 08:15:00+00:00,1.105525,1.105525,1.104565,1.1048200000000001,0
2024-09-09 08:30:00+00:00,1.104825,1.1049950000000002,1.10467,1.1048550000000001,0
2024-09-09 08:45:00+00:00,1.1048550000000001,1.1051350000000002,1.10472,1.10477,0
2024-09-09 12:00:00+00:00,1.10449,1.10449,1.104045,1.10433,0
2024-09-09 12:15:00+00:00,1.104355,1.10442,1.10404,1.104225,0
2024-09-09 12:30:00+00:00,1.10423,1.1049,1.1041750000000001,1.1045,0
2024-09-09 12:45:00+00:00,1.104525,1.1046200000000002,1.103815,1.103965,0
2024-09-10 02:00:00+00:00,1.103505,1.1036000000000001,1.10327,1.10334,0
2024-09-10 02:15:00+00:00,1.103335,1.103485,1.103325,1.103425,0
2024-09-10 02:30:00+00:00,1.10343,1.10362,1.10343,1.10348,0
2024-09-10 02:45:00+00:00,1.1034700000000002,1.1035650000000001,1.103415,1.10348,0
2024-09-10 10:00:00+00:00,1.1038700000000001,1.104185,1.10377,1.1037750000000002,0
2024-09-10 10:15:00+00:00,1.10377,1.10399,1.1035949999999999,1.1037599999999999,0
2024-09-10 10:30:00+00:00,1.10375,1.10375,1.103385,1.10357,0
2024-09-10 10:45:00+00:00,1.10358,1.1040999999999999,1.10358,1.10404,0
2024-09-11 22:00:00+00:00,1.101295,1.1015199999999998,1.101265,1.101455,0
2024-09-11 22:15:00+00:00,1.1014499999999998,1.1014599999999999,1.1012650000000002,1.10128,0
2024-09-11 22:30:00+00:00,1.10127,1.1012849999999998,1.1011799999999998,1.101185,0
2024-09-11 22:45:00+00:00,1.101165,1.1013000000000002,1.10114,1.1012300000000002,0
2024-09-12 02:00:00+00:00,1.1011250000000001,1.10117,1.100765,1.1008049999999998,0
2024-09-12 02:15:00+00:00,1.10081,1.1010650000000002,1.1008,1.101045,0
2024-09-12 02:30:00+00:00,1.10104,1.101175,1.10104,1.1011549999999999,0
2024-09-12 02:45:00+00:00,1.10115,1.1012300000000002,1.10093,1.100985,0
2024-09-12 13:00:00+00:00,1.1025200000000002,1.104085,1.10248,1.103405,0
2024-09-12 13:15:00+00:00,1.103395,1.10397,1.10266,1.103945,0
2024-09-12 13:30:00+00:00,1.103945,1.104025,1.10298,1.10377,0
2024-09-12 13:45:00+00:00,1.103785,1.1039949999999998,1.1035300000000001,1.1036899999999998,0
2024-09-12 23:00:00+00:00,1.10718,1.10758,1.10717,1.1075050000000002,0
2024-09-12 23:15:00+00:00,1.10751,1.1076000000000001,1.107445,1.1075249999999999,0
2024-09-12 23:30:00+00:00,1.1075149999999998,1.1075849999999998,1.1073849999999998,1.107555,0
2024-09-12 23:45:00+00:00,1.107545,1.10792,1.107545,1.1078999999999999,0
2024-09-13 04:00:00+00:00,1.1087099999999999,1.1088200000000001,1.1086200000000002,1.10866,0
2024-09-13 04:15:00+00:00,1.1086550000000002,1.108705,1.1086049999999998,1.108615,0
2024-09-13 04:30:00+00:00,1.108635,1.108835,1.1085349999999998,1.1085349999999998,0
2024-09-13 04:45:00+00:00,1.1085250000000002,1.1086749999999999,1.108415,1.10845,0
2024-09-13 14:00:00+00:00,1.10944,1.109545,1.108565,1.1090499999999999,0
2024-09-13 14:15:00+00:00,1.109045,1.1094149999999998,1.10872,1.1090849999999999,0
2024-09-13 14:30:00+00:00,1.1090900000000001,1.109435,1.108795,1.109315,0
2024-09-13 14:45:00+00:00,1.10931,1.10933,1.10845,1.108905,0
2024-09-16 10:00:00+00:00,1.112045,1.1125699999999998,1.11204,1.11243,0
2024-09-16 10:15:00+00:00,1.1124399999999999,1.1127799999999999,1.1124399999999999,1.11266,0
2024-09-16 10:30:00+00:00,1.1126649999999998,1.11283,1.112095,1.1120999999999999,0
2024-09-16 10:45:00+00:00,1.1121050000000001,1.11232,1.11202,1.1122,0
2024-09-18 07:00:00+00:00,1.111875,1.112285,1.111745,1.11199,0
2024-09-18 07:15:00+00:00,1.111985,1.112775,1.111975,1.11238,0
2024-09-18 07:30:00+00:00,1.1124049999999999,1.11265,1.11224,1.11253,0
2024-09-18 07:45:00+00:00,1.112535,1.1131199999999999,1.11239,1.1131199999999999,0
2024-09-18 18:00:00+00:00,1.11272,1.117815,1.11248,1.1161850000000002,0
2024-09-18 18:15:00+00:00,1.11619,1.117905,1.11613,1.117165,0
2024-09-18 18:30:00+00:00,1.11717,1.1189149999999999,1.1158299999999999,1.11605,0
2024-09-18 18:45:00+00:00,1.116035,1.117115,1.11468,1.11493,0
2024-09-18 23:00:00+00:00,1.1122049999999999,1.1122100000000001,1.111605,1.1116199999999998,0
2024-09-18 23:15:00+00:00,1.111625,1.1116350000000002,1.111215,1.11131,0
2024-09-18 23:30:00+00:00,1.111305,1.1115149999999998,1.1111300000000002,1.111415,0
2024-09-18 23:45:00+00:00,1.111405,1.1114950000000001,1.111125,1.111405,0
2024-09-19 02:00:00+00:00,1.108345,1.10937,1.108345,1.1093199999999999,0
2024-09-19 02:15:00+00:00,1.109315,1.1099649999999999,1.10917,1.1099649999999999,0
2024-09-19 02:30:00+00:00,1.109975,1.110055,1.109595,1.1097199999999998,0
2024-09-19 02:45:00+00:00,1.109725,1.1103649999999998,1.1096,1.1101999999999999,0
2024-09-19 08:00:00+00:00,1.1145900000000002,1.1151149999999999,1.1144949999999998,1.114945,0
2024-09-19 08:15:00+00:00,1.11494,1.115805,1.11478,1.11575,0
2024-09-19 08:30:00+00:00,1.115745,1.116915,1.115705,1.1168900000000002,0
2024-09-19 08:45:00+00:00,1.116885,1.116895,1.11613,1.1162800000000002,0
2024-09-19 14:00:00+00:00,1.1121699999999999,1.11314,1.1116549999999998,1.112015,0
2024-09-19 14:15:00+00:00,1.11202,1.113315,1.11172,1.112765,0
2024-09-19 14:30:00+00:00,1.11277,1.1131449999999998,1.1120299999999999,1.1120299999999999,0
2024-09-19 14:45:00+00:00,1.112025,1.113,1.11178,1.11293,0
2024-09-20 16:00:00+00:00,1.1158899999999998,1.11694,1.1158899999999998,1.1169,0
2024-09-20 16:15:00+00:00,1.116905,1.117345,1.1167449999999999,1.11717,0
2024-09-20 16:30:00+00:00,1.117155,1.117305,1.1167099999999999,1.117105,0
2024-09-20 16:45:00+00:00,1.1171,1.1175899999999999,1.116955,1.1173950000000001,0
2024-09-22 22:00:00+00:00,1.11622,1.1162800000000002,1.116045,1.116235,0
2024-09-22 22:15:00+00:00,1.11624,1.11648,1.1162299999999998,1.116425,0
2024-09-22 22:30:00+00:00,1.1164200000000002,1.11646,1.1163349999999999,1.116355,0
2024-09-22 22:45:00+00:00,1.11636,1.1164200000000002,1.116205,1.116225,0
2024-09-23 14:00:00+00:00,1.112915,1.11313,1.1115300000000001,1.1124399999999999,0
2024-09-23 14:15:00+00:00,1.112425,1.11353,1.112415,1.113505,0
2024-09-23 14:30:00+00:00,1.1135000000000002,1.1143450000000001,1.1134499999999998,1.11365,0
2024-09-23 14:45:00+00:00,1.113655,1.113655,1.1128049999999998,1.11324,0
2024-09-25 05:00:00+00:00,1.1195650000000001,1.119605,1.11943,1.1195849999999998,0
2024-09-25 05:15:00+00:00,1.11959,1.119605,1.119275,1.119335,0
2024-09-25 05:30:00+00:00,1.11931,1.1196000000000002,1.11924,1.1195050000000002,0
2024-09-25 05:45:00+00:00,1.1195,1.1196000000000002,1.1192549999999999,1.11957,0
2024-09-25 12:00:00+00:00,1.119595,1.119655,1.11931,1.11964,0
2024-09-25 12:15:00+00:00,1.11965,1.119695,1.1191849999999999,1.11957,0
2024-09-25 12:30:00+00:00,1.1195599999999999,1.12079,1.11931,1.1195149999999998,0
2024-09-25 12:45:00+00:00,1.11952,1.1199,1.1191900000000001,1.11977,0
2024-09-25 16:00:00+00:00,1.114315,1.1147749999999998,1.11416,1.114255,0
2024-09-25 16:15:00+00:00,1.11426,1.114325,1.113805,1.11405,0
2024-09-25 16:30:00+00:00,1.114055,1.1142050000000001,1.11347,1.113505,0
2024-09-25 16:45:00+00:00,1.1135000000000002,1.11351,1.113305,1.1134499999999998,0
2024-09-25 20:00:00+00:00,1.112605,1.11279,1.112505,1.1127850000000001,0
2024-09-25 20:15:00+00:00,1.11279,1.112895,1.1126999999999998,1.11272,0
2024-09-25 20:30:00+00:00,1.1127099999999999,1.113005,1.112605,1.1129850000000001,0
2024-09-25 20:45:00+00:00,1.11299,1.113295,1.1129799999999999,1.1132900000000001,0
2024-09-27 00:00:00+00:00,1.11771,1.117765,1.11713,1.11713,0
2024-09-27 00:15:00+00:00,1.117135,1.11728,1.117025,1.1171449999999998,0
2024-09-27 00:30:00+00:00,1.11715,1.117175,1.11681,1.1169600000000002,0
2024-09-27 00:45:00+00:00,1.116965,1.1174,1.11692,1.1169250000000002,0
2024-09-27 09:00:00+00:00,1.114465,1.114475,1.11372,1.11436,0
2024-09-27 09:15:00+00:00,1.1143649999999998,1.11504,1.114135,1.114985,0
2024-09-27 09:30:00+00:00,1.11496,1.115235,1.114725,1.1149149999999999,0
2024-09-27 09:45:00+00:00,1.1149200000000001,1.11599,1.1149200000000001,1.115955,0
2024-09-30 05:00:00+00:00,1.1161699999999999,1.11659,1.116145,1.11652,0
2024-09-30 05:15:00+00:00,1.1165150000000001,1.11686,1.1163750000000001,1.11663,0
2024-09-30 05:30:00+00:00,1.116615,1.116925,1.11656,1.116915,0
2024-09-30 05:45:00+00:00,1.11692,1.116935,1.1165699999999998,1.11667,0
2024-09-30 20:00:00+00:00,1.11327,1.113405,1.11303,1.1133549999999999,0
2024-09-30 20:15:00+00:00,1.11337,1.113655,1.1132849999999999,1.113575,0
2024-09-30 20:30:00+00:00,1.113565,1.1136249999999999,1.1133199999999999,1.11355,0
2024-09-30 20:45:00+00:00,1.113545,1.11355,1.113475,1.11348,0
2024-10-01 10:00:00+00:00,1.109495,1.109765,1.108965,1.109305,0
2024-10-01 10:15:00+00:00,1.1093000000000002,1.109345,1.108725,1.1087850000000001,0
2024-10-01 10:30:00+00:00,1.10879,1.1089099999999998,1.108495,1.108555,0
2024-10-01 10:45:00+00:00,1.1085699999999998,1.108705,1.108395,1.1087,0
2024-10-01 23:00:00+00:00,1.106735,1.1067399999999998,1.10655,1.1066,0
2024-10-01 23:15:00+00:00,1.106605,1.1067,1.10657,1.1066449999999999,0
2024-10-01 23:30:00+00:00,1.1066150000000001,1.1066349999999998,1.10644,1.10657,0
2024-10-01 23:45:00+00:00,1.1065550000000002,1.1066099999999999,1.10635,1.10646,0
2024-10-02 15:00:00+00:00,1.10362,1.1041500000000002,1.103265,1.1037949999999999,0
2024-10-02 15:15:00+00:00,1.10379,1.10447,1.103755,1.104195,0
2024-10-02 15:30:00+00:00,1.104225,1.1046749999999999,1.104,1.1045099999999999,0
2024-10-02 15:45:00+00:00,1.10453,1.105045,1.10446,1.10495,0
2024-10-03 05:00:00+00:00,1.1033,1.1034899999999999,1.10273,1.102755,0
2024-10-03 05:15:00+00:00,1.10276,1.1028099999999998,1.102485,1.1026349999999998,0
2024-10-03 05:30:00+00:00,1.10264,1.10285,1.10256,1.102745,0
2024-10-03 05:45:00+00:00,1.1027550000000002,1.10293,1.10251,1.1028600000000002,0
2024-10-03 21:00:00+00:00,1.10303,1.10336,1.1029849999999999,1.1032199999999999,0
2024-10-03 21:15:00+00:00,1.103205,1.103245,1.103125,1.10317,0
2024-10-03 21:30:00+00:00,1.1032,1.10336,1.10317,1.103205,0
2024-10-03 21:45:00+00:00,1.1032,1.1033300000000001,1.10317,1.1032600000000001,0
2024-10-04 09:00:00+00:00,1.102545,1.10255,1.10209,1.102245,0
2024-10-04 09:15:00+00:00,1.10224,1.102665,1.102015,1.10257,0
2024-10-04 09:30:00+00:00,1.1025749999999999,1.102765,1.102445,1.1026099999999999,0
2024-10-04 09:45:00+00:00,1.102605,1.102825,1.1023,1.102715,0
2024-10-06 21:00:00+00:00,1.09656,1.097105,1.0965,1.096775,0
2024-10-06 21:15:00+00:00,1.09674,1.0968900000000001,1.09674,1.096805,0
2024-10-06 21:30:00+00:00,1.09681,1.0973,1.096645,1.096935,0
2024-10-06 21:45:00+00:00,1.09695,1.0971,1.0967799999999999,1.096985,0
2024-10-07 13:00:00+00:00,1.097725,1.09816,1.09751,1.0980150000000002,0
2024-10-07 13:15:00+00:00,1.09801,1.0983049999999999,1.09735,1.0974750000000002,0
2024-10-07 13:30:00+00:00,1.09747,1.09799,1.09722,1.0977700000000001,0
2024-10-07 13:45:00+00:00,1.097785,1.098055,1.097525,1.097975,0
2024-10-08 10:00:00+00:00,1.09875,1.09918,1.098735,1.09914,0
2024-10-08 10:15:00+00:00,1.099145,1.0992,1.098765,1.0989849999999999,0
2024-10-08 10:30:00+00:00,1.09898,1.09914,1.098315,1.098315,0
2024-10-08 10:45:00+00:00,1.098295,1.098785,1.098225,1.09853,0
2024-10-09 14:00:00+00:00,1.0953249999999999,1.09599,1.094775,1.095785,0
2024-10-09 14:15:00+00:00,1.09578,1.09582,1.0948950000000002,1.09537,0
2024-10-09 14:30:00+00:00,1.0953650000000001,1.09544,1.094455,1.094515,0
2024-10-09 14:45:00+00:00,1.094505,1.094805,1.093965,1.0948,0
2024-10-10 00:00:00+00:00,1.0941450000000001,1.094265,1.0941,1.094195,0
2024-10-10 00:15:00+00:00,1.09419,1.09422,1.093935,1.0941999999999998,0
2024-10-10 00:30:00+00:00,1.094195,1.094245,1.0940249999999998,1.09417,0
2024-10-10 00:45:00+00:00,1.09416,1.0943,1.09401,1.094065,0
2024-10-10 09:00:00+00:00,1.09331,1.09331,1.09281,1.092955,0
2024-10-10 09:15:00+00:00,1.092965,1.09329,1.0927850000000001,1.09317,0
2024-10-10 09:30:00+00:00,1.0931950000000001,1.093385,1.0930900000000001,1.09322,0
2024-10-10 09:45:00+00:00,1.0932149999999998,1.0933950000000001,1.093005,1.0933700000000002,0
2024-10-10 19:00:00+00:00,1.0922049999999999,1.09257,1.09211,1.092495,0
2024-10-10 19:15:00+00:00,1.0925,1.09283,1.0924749999999999,1.09267,0
2024-10-10 19:30:00+00:00,1.092665,1.0931250000000001,1.092665,1.09306,0
2024-10-10 19:45:00+00:00,1.093055,1.0934599999999999,1.093015,1.093445,0
2024-10-11 03:00:00+00:00,1.0937000000000001,1.093865,1.093645,1.09372,0
2024-10-11 03:15:00+00:00,1.093715,1.0939800000000002,1.09371,1.09397,0
2024-10-11 03:30:00+00:00,1.093975,1.09406,1.0938150000000002,1.0938750000000002,0
2024-10-11 03:45:00+00:00,1.09387,1.0940750000000001,1.09379,1.0939649999999999,0
2024-10-11 09:00:00+00:00,1.09494,1.095115,1.09464,1.0946500000000001,0
2024-10-11 09:15:00+00:00,1.09466,1.09487,1.094605,1.0946600000000002,0
2024-10-11 09:30:00+00:00,1.0946500000000001,1.094785,1.09446,1.0944699999999998,0
2024-10-11 09:45:00+00:00,1.094465,1.0944699999999998,1.0938150000000002,1.093895,0
2024-10-11 10:00:00+00:00,1.09388,1.09394,1.093645,1.09379,0
2024-10-11 10:15:00+00:00,1.093775,1.093855,1.093515,1.093525,0
2024-10-11 10:30:00+00:00,1.0935199999999998,1.0936599999999999,1.093265,1.093265,0
2024-10-11 10:45:00+00:00,1.093245,1.0937700000000001,1.093115,1.09351,0
2024-10-11 14:00:00+00:00,1.09389,1.09439,1.0933700000000002,1.0940949999999998,0
2024-10-11 14:15:00+00:00,1.09409,1.0947399999999998,1.094015,1.0943100000000001,0
2024-10-11 14:30:00+00:00,1.09432,1.094925,1.09423,1.0945900000000002,0
2024-10-11 14:45:00+00:00,1.094555,1.094565,1.094155,1.094295,0
2024-10-13 22:00:00+00:00,1.0932499999999998,1.0933950000000001,1.0928499999999999,1.093185,0
2024-10-13 22:15:00+00:00,1.0931899999999999,1.0931899999999999,1.092935,1.093075,0
2024-10-13 22:30:00+00:00,1.09307,1.0932,1.092895,1.0929,0
2024-10-13 22:45:00+00:00,1.0929099999999998,1.092935,1.0927250000000002,1.09273,0
2024-10-14 01:00:00+00:00,1.092145,1.0921500000000002,1.0918,1.0919949999999998,0
2024-10-14 01:15:00+00:00,1.092015,1.092345,1.092015,1.09222,0
2024-10-14 01:30:00+00:00,1.0922049999999999,1.092555,1.0919349999999999,1.092355,0
2024-10-14 01:45:00+00:00,1.0923500000000002,1.0925250000000002,1.0922450000000001,1.0923349999999998,0
2024-10-14 10:00:00+00:00,1.0928900000000001,1.09302,1.0925500000000001,1.0929099999999998,0
2024-10-14 10:15:00+00:00,1.092905,1.09299,1.092715,1.09274,0
2024-10-14 10:30:00+00:00,1.09273,1.092775,1.09252,1.092535,0
2024-10-14 10:45:00+00:00,1.0925449999999999,1.092565,1.0922100000000001,1.09229,0
2024-10-15 10:00:00+00:00,1.091375,1.0915,1.0911,1.09114,0
2024-10-15 10:15:00+00:00,1.091145,1.091345,1.0906850000000001,1.091125,0
2024-10-15 10:30:00+00:00,1.091135,1.091245,1.09053,1.0905550000000002,0
2024-10-15 10:45:00+00:00,1.0905749999999999,1.09083,1.090275,1.09028,0
2024-10-15 15:00:00+00:00,1.09028,1.09062,1.0900949999999998,1.0906,0
2024-10-15 15:15:00+00:00,1.090595,1.0907149999999999,1.09035,1.0906099999999999,0
2024-10-15 15:30:00+00:00,1.090605,1.0907200000000001,1.090135,1.09036,0
2024-10-15 15:45:00+00:00,1.09035,1.090405,1.089865,1.0899,0
2024-10-15 23:00:00+00:00,1.0889799999999998,1.08902,1.08868,1.088695,0
2024-10-15 23:15:00+00:00,1.088705,1.088775,1.08866,1.08877,0
2024-10-15 23:30:00+00:00,1.088775,1.0888650000000002,1.088695,1.0887600000000002,0
2024-10-15 23:45:00+00:00,1.088755,1.0888200000000001,1.0883150000000001,1.0883349999999998,0
2024-10-16 01:00:00+00:00,1.0885449999999999,1.08865,1.088435,1.0885850000000001,0
2024-10-16 01:15:00+00:00,1.0885799999999999,1.08877,1.088575,1.08875,0
2024-10-16 01:30:00+00:00,1.088755,1.08914,1.08866,1.0890900000000001,0
2024-10-16 01:45:00+00:00,1.089095,1.08921,1.088985,1.08918,0
2024-10-16 05:00:00+00:00,1.08895,1.08899,1.0887,1.0887099999999998,0
2024-10-16 05:15:00+00:00,1.088715,1.08887,1.0887099999999998,1.08887,0
2024-10-16 05:30:00+00:00,1.0888650000000002,1.088985,1.088835,1.088985,0
2024-10-16 05:45:00+00:00,1.0889950000000002,1.089025,1.0886550000000002,1.0888,0
2024-10-16 08:00:00+00:00,1.08822,1.088445,1.0879050000000001,1.0879249999999998,0
2024-10-16 08:15:00+00:00,1.08791,1.0882800000000001,1.08784,1.0881150000000002,0
2024-10-16 08:30:00+00:00,1.0880999999999998,1.08823,1.087785,1.08812,0
2024-10-16 08:45:00+00:00,1.088125,1.088365,1.08792,1.08833,0
2024-10-16 11:00:00+00:00,1.088975,1.0893350000000002,1.0886900000000002,1.08928,0
2024-10-16 11:15:00+00:00,1.0892849999999998,1.08929,1.088975,1.0890900000000001,0
2024-10-16 11:30:00+00:00,1.0891,1.089375,1.0891,1.0891899999999999,0
2024-10-16 11:45:00+00:00,1.089185,1.0895700000000001,1.0891600000000001,1.089435,0
2024-10-16 14:00:00+00:00,1.0890300000000002,1.0890849999999999,1.088145,1.088385,0
2024-10-16 14:15:00+00:00,1.088375,1.0884,1.087225,1.0875599999999999,0
2024-10-16 14:30:00+00:00,1.087545,1.087815,1.0871499999999998,1.087735,0
2024-10-16 14:45:00+00:00,1.0877400000000002,1.08816,1.0876000000000001,1.08798,0
2024-10-16 17:00:00+00:00,1.08684,1.086845,1.0864699999999998,1.0865,0
2024-10-16 17:15:00+00:00,1.086505,1.0866099999999999,1.0863200000000002,1.08635,0
2024-10-16 17:30:00+00:00,1.0863450000000001,1.08636,1.086165,1.086325,0
2024-10-16 17:45:00+00:00,1.0863200000000002,1.086385,1.08616,1.086225,0
2024-10-17 10:00:00+00:00,1.085875,1.08601,1.08581,1.0859800000000002,0
2024-10-17 10:15:00+00:00,1.085985,1.086325,1.08596,1.086135,0
2024-10-17 10:30:00+00:00,1.08613,1.0863200000000002,1.086025,1.0862500000000002,0
2024-10-17 10:45:00+00:00,1.08623,1.086495,1.0860400000000001,1.0864150000000001,0
2024-10-17 23:00:00+00:00,1.08291,1.082925,1.0827200000000001,1.0828449999999998,0
2024-10-17 23:15:00+00:00,1.08285,1.082865,1.0827550000000001,1.0827650000000002,0
2024-10-17 23:30:00+00:00,1.0827550000000001,1.0827550000000001,1.08253,1.0826799999999999,0
2024-10-17 23:45:00+00:00,1.0826850000000001,1.0830000000000002,1.0826799999999999,1.08292,0
2024-10-18 07:00:00+00:00,1.08443,1.08443,1.08371,1.0840049999999999,0
2024-10-18 07:15:00+00:00,1.0840100000000001,1.084255,1.083765,1.0837750000000002,0
2024-10-18 07:30:00+00:00,1.08378,1.0840100000000001,1.0836999999999999,1.083785,0
2024-10-18 07:45:00+00:00,1.08378,1.084395,1.08377,1.0840999999999998,0
2024-10-18 08:00:00+00:00,1.084105,1.0845099999999999,1.084105,1.08447,0
2024-10-18 08:15:00+00:00,1.084465,1.0846900000000002,1.08426,1.084495,0
2024-10-18 08:30:00+00:00,1.0844900000000002,1.0845,1.083615,1.08362,0
2024-10-18 08:45:00+00:00,1.08361,1.08398,1.083455,1.08379,0
2024-10-18 12:00:00+00:00,1.0848149999999999,1.085065,1.084665,1.08497,0
2024-10-18 12:15:00+00:00,1.0849799999999998,1.085095,1.084715,1.0849000000000002,0
2024-10-18 12:30:00+00:00,1.084905,1.08596,1.0848849999999999,1.085385,0
2024-10-18 12:45:00+00:00,1.085395,1.08601,1.085395,1.08592,0
2024-10-20 23:00:00+00:00,1.086925,1.086975,1.08678,1.0869499999999999,0
2024-10-20 23:15:00+00:00,1.0869550000000001,1.0869749999999998,1.08669,1.0867,0
2024-10-20 23:30:00+00:00,1.0867149999999999,1.0868799999999998,1.0866799999999999,1.0866850000000001,0
2024-10-20 23:45:00+00:00,1.08669,1.08685,1.08653,1.0868250000000002,0
2024-10-21 11:00:00+00:00,1.0847600000000002,1.0849600000000001,1.0846749999999998,1.08486,0
2024-10-21 11:15:00+00:00,1.0848650000000002,1.0851950000000001,1.0848,1.085115,0
2024-10-21 11:30:00+00:00,1.0851199999999999,1.0851950000000001,1.08491,1.085175,0
2024-10-21 11:45:00+00:00,1.08518,1.0856400000000002,1.08513,1.085585,0
2024-10-22 01:00:00+00:00,1.081635,1.08188,1.081625,1.0818750000000001,0
2024-10-22 01:15:00+00:00,1.08188,1.081975,1.0818050000000001,1.0819649999999998,0
2024-10-22 01:30:00+00:00,1.08197,1.0820850000000002,1.0818750000000001,1.0820349999999999,0
2024-10-22 01:45:00+00:00,1.08203,1.08203,1.081845,1.081905,0
2024-10-22 15:00:00+00:00,1.080975,1.081105,1.080485,1.081025,0
2024-10-22 15:15:00+00:00,1.0810300000000002,1.0814650000000001,1.0809799999999998,1.081365,0
2024-10-22 15:30:00+00:00,1.0813700000000002,1.08155,1.080565,1.08067,0
2024-10-22 15:45:00+00:00,1.080675,1.080915,1.08041,1.08046,0
2024-10-22 23:00:00+00:00,1.079855,1.07986,1.0797249999999998,1.07979,0
2024-10-22 23:15:00+00:00,1.079795,1.079815,1.079685,1.07973,0
2024-10-22 23:30:00+00:00,1.079735,1.07975,1.0796649999999999,1.07972,0
2024-10-22 23:45:00+00:00,1.07973,1.079755,1.0796350000000001,1.07964,0
2024-10-23 03:00:00+00:00,1.08047,1.08054,1.0802550000000002,1.0802550000000002,0
2024-10-23 03:15:00+00:00,1.08026,1.0802749999999999,1.080035,1.080075,0
2024-10-23 03:30:00+00:00,1.080065,1.080175,1.0798800000000002,1.08009,0
2024-10-23 03:45:00+00:00,1.080095,1.0802399999999999,1.080075,1.080225,0
2024-10-23 15:00:00+00:00,1.077455,1.07863,1.07741,1.078535,0
2024-10-23 15:15:00+00:00,1.0785399999999998,1.078565,1.078065,1.07809,0
2024-10-23 15:30:00+00:00,1.078085,1.078285,1.078025,1.078205,0
2024-10-23 15:45:00+00:00,1.078195,1.078195,1.0777549999999998,1.0778850000000002,0
2024-10-23 19:00:00+00:00,1.078065,1.07828,1.077995,1.078245,0
2024-10-23 19:15:00+00:00,1.07824,1.078535,1.07819,1.0781999999999998,0
2024-10-23 19:30:00+00:00,1.078195,1.078345,1.07813,1.07828,0
2024-10-23 19:45:00+00:00,1.078275,1.078655,1.078275,1.07858,0
2024-10-23 23:00:00+00:00,1.078235,1.078345,1.078125,1.07823,0
2024-10-23 23:15:00+00:00,1.078225,1.0783900000000002,1.078225,1.07835,0
2024-10-23 23:30:00+00:00,1.0783550000000002,1.078475,1.078185,1.07819,0
2024-10-23 23:45:00+00:00,1.078185,1.078185,1.077945,1.078045,0
2024-10-24 16:00:00+00:00,1.0805099999999999,1.0805850000000001,1.08027,1.0803449999999999,0
2024-10-24 16:15:00+00:00,1.08036,1.0805850000000001,1.0802800000000001,1.08046,0
2024-10-24 16:30:00+00:00,1.080455,1.0808849999999999,1.080445,1.08087,0
2024-10-24 16:45:00+00:00,1.0808749999999998,1.081105,1.08083,1.08108,0
2024-10-25 05:00:00+00:00,1.0821800000000001,1.0823800000000001,1.082125,1.082225,0
2024-10-25 05:15:00+00:00,1.08223,1.0825399999999998,1.082225,1.0825200000000001,0
2024-10-25 05:30:00+00:00,1.082525,1.08255,1.082295,1.0824,0
2024-10-25 05:45:00+00:00,1.082405,1.082405,1.08209,1.082155,0
2024-10-25 18:00:00+00:00,1.080325,1.08043,1.07999,1.08002,0
2024-10-25 18:15:00+00:00,1.080015,1.080155,1.07989,1.080115,0
2024-10-25 18:30:00+00:00,1.08012,1.0803099999999999,1.08002,1.080235,0
2024-10-25 18:45:00+00:00,1.08023,1.080475,1.08016,1.080295,0
2024-10-28 05:00:00+00:00,1.07877,1.0788099999999998,1.0782349999999998,1.0783550000000002,0
2024-10-28 05:15:00+00:00,1.07835,1.078465,1.0781999999999998,1.0784150000000001,0
2024-10-28 05:30:00+00:00,1.0784099999999999,1.07857,1.0783399999999999,1.0785550000000002,0
2024-10-28 05:45:00+00:00,1.07855,1.0788449999999998,1.0785399999999998,1.0787849999999999,0
2024-10-28 18:00:00+00:00,1.081365,1.0814599999999999,1.081075,1.0812,0
2024-10-28 18:15:00+00:00,1.0812050000000002,1.081335,1.081,1.08117,0
2024-10-28 18:30:00+00:00,1.081175,1.08138,1.0811350000000002,1.081315,0
2024-10-28 18:45:00+00:00,1.08131,1.0815000000000001,1.0811600000000001,1.081205,0
2024-10-29 07:00:00+00:00,1.0811350000000002,1.08133,1.08056,1.0808550000000001,0
2024-10-29 07:15:00+00:00,1.08086,1.08124,1.08081,1.081135,0
2024-10-29 07:30:00+00:00,1.08114,1.08162,1.08114,1.08122,0
2024-10-29 07:45:00+00:00,1.0812249999999999,1.08152,1.0809600000000001,1.0809600000000001,0
2024-10-29 20:00:00+00:00,1.081395,1.08163,1.08131,1.081575,0
2024-10-29 20:15:00+00:00,1.081555,1.08169,1.0814849999999998,1.0814849999999998,0
2024-10-29 20:30:00+00:00,1.08148,1.08175,1.08148,1.08174,0
2024-10-29 20:45:00+00:00,1.081745,1.0818500000000002,1.0817100000000002,1.08183,0
2024-10-30 11:00:00+00:00,1.083445,1.083545,1.08303,1.08308,0
2024-10-30 11:15:00+00:00,1.083085,1.0834000000000001,1.08301,1.08323,0
2024-10-30 11:30:00+00:00,1.083245,1.0833650000000001,1.082665,1.082725,0
2024-10-30 11:45:00+00:00,1.082735,1.082735,1.08217,1.0824349999999998,0
2024-10-31 03:00:00+00:00,1.0849199999999999,1.0851250000000001,1.084905,1.08509,0
2024-10-31 03:15:00+00:00,1.0850849999999999,1.08526,1.0849950000000002,1.08522,0
2024-10-31 03:30:00+00:00,1.085205,1.085345,1.08508,1.0851199999999999,0
2024-10-31 03:45:00+00:00,1.08513,1.0851350000000002,1.0848650000000002,1.08499,0
2024-10-31 18:00:00+00:00,1.086165,1.08698,1.0860699999999999,1.086965,0
2024-10-31 18:15:00+00:00,1.08697,1.087315,1.086515,1.0866950000000002,0
2024-10-31 18:30:00+00:00,1.0867,1.087215,1.08651,1.087195,0
2024-10-31 18:45:00+00:00,1.0872000000000002,1.0872899999999999,1.086395,1.087045,0
2024-10-31 19:00:00+00:00,1.0870549999999999,1.0875599999999999,1.08705,1.08721,0
2024-10-31 19:15:00+00:00,1.0872199999999999,1.087225,1.0868,1.087145,0
2024-10-31 19:30:00+00:00,1.0871499999999998,1.0875050000000002,1.0870600000000001,1.08744,0
2024-10-31 19:45:00+00:00,1.087445,1.087835,1.087405,1.0877400000000002,0
2024-10-31 21:00:00+00:00,1.088365,1.08859,1.088305,1.088375,0
2024-10-31 21:15:00+00:00,1.08838,1.08846,1.0883699999999998,1.08839,0
2024-10-31 21:30:00+00:00,1.0883850000000002,1.0884,1.088365,1.088385,0
2024-10-31 21:45:00+00:00,1.08838,1.08839,1.088235,1.0882649999999998,0
2024-10-31 22:00:00+00:00,1.088285,1.088465,1.08814,1.0884,0
2024-10-31 22:15:00+00:00,1.088395,1.08841,1.08816,1.0883099999999999,0
2024-10-31 22:30:00+00:00,1.088305,1.0885850000000001,1.088305,1.08856,0
2024-10-31 22:45:00+00:00,1.08854,1.0886399999999998,1.08843,1.08861,0
2024-10-31 23:00:00+00:00,1.0886149999999999,1.0886550000000002,1.08845,1.0885099999999999,0
2024-10-31 23:15:00+00:00,1.0885150000000001,1.0885150000000001,1.0884049999999998,1.0884649999999998,0
2024-10-31 23:30:00+00:00,1.08846,1.08861,1.0884,1.08854,0
2024-10-31 23:45:00+00:00,1.088525,1.0886049999999998,1.0883500000000002,1.0884,0
2024-11-01 00:00:00+00:00,1.088395,1.0884399999999999,1.088105,1.0882450000000001,0
2024-11-01 00:15:00+00:00,1.08825,1.08827,1.08805,1.0881349999999999,0
2024-11-01 00:30:00+00:00,1.08812,1.08846,1.0880649999999998,1.088455,0
2024-11-01 00:45:00+00:00,1.08845,1.08875,1.08845,1.0886749999999998,0
2024-11-01 14:00:00+00:00,1.08691,1.087505,1.085655,1.0865200000000002,0
2024-11-01 14:15:00+00:00,1.086515,1.0866250000000002,1.0855700000000001,1.085855,0
2024-11-01 14:30:00+00:00,1.0858599999999998,1.0861800000000001,1.084995,1.08527,0
2024-11-01 14:45:00+00:00,1.085275,1.08558,1.085025,1.085445,0
2024-11-04 13:00:00+00:00,1.0904699999999998,1.0908,1.090275,1.0908,0
2024-11-04 13:15:00+00:00,1.0908099999999998,1.0909149999999999,1.0894,1.0895299999999999,0
2024-11-04 13:30:00+00:00,1.089515,1.089865,1.08934,1.0898400000000001,0
2024-11-04 13:45:00+00:00,1.0898349999999999,1.090925,1.089745,1.09053,0
2024-11-06 02:00:00+00:00,1.083655,1.0839400000000001,1.0805,1.08054,0
2024-11-06 02:15:00+00:00,1.080565,1.081865,1.0782349999999998,1.078245,0
2024-11-06 02:30:00+00:00,1.0782349999999998,1.0792549999999999,1.076385,1.0776400000000002,0
2024-11-06 02:45:00+00:00,1.0776400000000002,1.0787300000000002,1.076195,1.076275,0
2024-11-06 23:00:00+00:00,1.0729799999999998,1.07343,1.0729600000000001,1.0733199999999998,0
2024-11-06 23:15:00+00:00,1.073325,1.073325,1.073095,1.0731449999999998,0
2024-11-06 23:30:00+00:00,1.073165,1.07322,1.073025,1.0731350000000002,0
2024-11-06 23:45:00+00:00,1.0731449999999998,1.073455,1.07311,1.0731600000000001,0
2024-11-08 02:00:00+00:00,1.0786950000000002,1.0789849999999999,1.078475,1.0787900000000001,0
2024-11-08 02:15:00+00:00,1.078795,1.0789499999999999,1.0784799999999999,1.07863,0
2024-11-08 02:30:00+00:00,1.078615,1.07884,1.077975,1.07809,0
2024-11-08 02:45:00+00:00,1.0781049999999999,1.078255,1.0779800000000002,1.0781049999999999,0
2024-11-08 06:00:00+00:00,1.078195,1.0783800000000001,1.077655,1.0776750000000002,0
2024-11-08 06:15:00+00:00,1.077665,1.07779,1.07728,1.0777450000000002,0
2024-11-08 06:30:00+00:00,1.077755,1.0778400000000001,1.077455,1.077705,0
2024-11-08 06:45:00+00:00,1.07769,1.07789,1.077375,1.07774,0
2024-11-08 11:00:00+00:00,1.0778750000000001,1.078595,1.0778750000000001,1.0785399999999998,0
2024-11-08 11:15:00+00:00,1.07853,1.079495,1.07853,1.07948,0
2024-11-08 11:30:00+00:00,1.079485,1.079745,1.079115,1.079115,0
2024-11-08 11:45:00+00:00,1.0791,1.0791,1.07817,1.0783049999999998,0
2024-11-08 15:00:00+00:00,1.07517,1.0752,1.0741800000000001,1.074565,0
2024-11-08 15:15:00+00:00,1.0745749999999998,1.0746,1.074025,1.074255,0
2024-11-08 15:30:00+00:00,1.07426,1.0750600000000001,1.07419,1.07477,0
2024-11-08 15:45:00+00:00,1.0747749999999998,1.07523,1.07457,1.07484,0
2024-11-11 09:00:00+00:00,1.06874,1.068975,1.06833,1.068515,0
2024-11-11 09:15:00+00:00,1.068505,1.06879,1.066985,1.06707,0
2024-11-11 09:30:00+00:00,1.067075,1.067485,1.066805,1.0674000000000001,0
2024-11-11 09:45:00+00:00,1.0673849999999998,1.068295,1.0673849999999998,1.06816,0
2024-11-12 03:00:00+00:00,1.0643449999999999,1.0648300000000002,1.0643449999999999,1.0646749999999998,0
2024-11-12 03:15:00+00:00,1.06467,1.064915,1.064465,1.064835,0
2024-11-12 03:30:00+00:00,1.06484,1.0649449999999998,1.06406,1.064145,0
2024-11-12 03:45:00+00:00,1.06416,1.0642749999999999,1.0638100000000001,1.063835,0
2024-11-12 11:00:00+00:00,1.06179,1.062645,1.06179,1.0622699999999998,0
2024-11-12 11:15:00+00:00,1.062265,1.062905,1.0622,1.062875,0
2024-11-12 11:30:00+00:00,1.062885,1.062975,1.0620850000000002,1.06219,0
2024-11-12 11:45:00+00:00,1.062195,1.0622699999999998,1.061755,1.06189,0
2024-11-12 17:00:00+00:00,1.0598049999999999,1.0603349999999998,1.05952,1.05979,0
2024-11-12 17:15:00+00:00,1.05978,1.0601,1.0595750000000002,1.05984,0
2024-11-12 17:30:00+00:00,1.059845,1.0602800000000001,1.05957,1.0597949999999998,0
2024-11-12 17:45:00+00:00,1.0598,1.0608300000000002,1.059725,1.0606849999999999,0
2024-11-13 17:00:00+00:00,1.0566300000000002,1.0574249999999998,1.05616,1.05735,0
2024-11-13 17:15:00+00:00,1.0573450000000002,1.057755,1.056375,1.056585,0
2024-11-13 17:30:00+00:00,1.056575,1.05716,1.056375,1.0567799999999998,0
2024-11-13 17:45:00+00:00,1.056775,1.057465,1.056555,1.056895,0
2024-11-13 23:00:00+00:00,1.056275,1.056565,1.05613,1.0563099999999999,0
2024-11-13 23:15:00+00:00,1.056325,1.0565950000000002,1.056325,1.0564049999999998,0
2024-11-13 23:30:00+00:00,1.05641,1.05652,1.05626,1.0562900000000002,0
2024-11-13 23:45:00+00:00,1.056285,1.05659,1.056215,1.056585,0
2024-11-14 05:00:00+00:00,1.0548600000000001,1.0548600000000001,1.0540500000000002,1.0541049999999998,0
2024-11-14 05:15:00+00:00,1.054085,1.054085,1.0534,1.05386,0
2024-11-14 05:30:00+00:00,1.053855,1.0545650000000002,1.0538500000000002,1.0545049999999998,0
2024-11-14 05:45:00+00:00,1.0545,1.054725,1.054315,1.05472,0
2024-11-14 13:00:00+00:00,1.053585,1.053805,1.05308,1.05368,0
2024-11-14 13:15:00+00:00,1.0536750000000001,1.054355,1.05343,1.054,0
2024-11-14 13:30:00+00:00,1.053995,1.0542850000000001,1.0513599999999999,1.052285,0
2024-11-14 13:45:00+00:00,1.0523,1.053535,1.0519850000000002,1.05305,0
2024-11-14 20:00:00+00:00,1.0548000000000002,1.0549,1.0514649999999999,1.05206,0
2024-11-14 20:15:00+00:00,1.0520550000000002,1.05343,1.0520550000000002,1.052965,0
2024-11-14 20:30:00+00:00,1.0529549999999999,1.05318,1.0520450000000001,1.05244,0
2024-11-14 20:45:00+00:00,1.0524499999999999,1.0524499999999999,1.051205,1.0520399999999999,0
2024-11-15 04:00:00+00:00,1.054025,1.0545550000000001,1.0539299999999998,1.0544449999999999,0
2024-11-15 04:15:00+00:00,1.05444,1.054595,1.0543200000000001,1.054415,0
2024-11-15 04:30:00+00:00,1.0544099999999998,1.05442,1.054185,1.0542449999999999,0
2024-11-15 04:45:00+00:00,1.05424,1.054395,1.0540699999999998,1.05426,0
2024-11-18 04:00:00+00:00,1.05341,1.0537100000000001,1.05335,1.0535549999999998,0
2024-11-18 04:15:00+00:00,1.05356,1.053805,1.05356,1.053775,0
2024-11-18 04:30:00+00:00,1.0537800000000002,1.0538750000000001,1.0535549999999998,1.05382,0
2024-11-18 04:45:00+00:00,1.053825,1.0542500000000001,1.053825,1.05408,0
2024-11-18 11:00:00+00:00,1.05481,1.05481,1.0535999999999999,1.05395,0
2024-11-18 11:15:00+00:00,1.0539450000000001,1.054355,1.05365,1.053715,0
2024-11-18 11:30:00+00:00,1.0537100000000001,1.05406,1.053255,1.05389,0
2024-11-18 11:45:00+00:00,1.053895,1.054435,1.053895,1.054235,0
2024-11-18 15:00:00+00:00,1.056865,1.057325,1.056585,1.0568300000000002,0
2024-11-18 15:15:00+00:00,1.056825,1.0569899999999999,1.056065,1.0561500000000001,0
2024-11-18 15:30:00+00:00,1.056145,1.0571700000000002,1.05614,1.0566,0
2024-11-18 15:45:00+00:00,1.0566049999999998,1.057545,1.0564749999999998,1.0573649999999999,0
2024-11-18 23:00:00+00:00,1.0598649999999998,1.0598800000000002,1.05937,1.0594700000000001,0
2024-11-18 23:15:00+00:00,1.0594649999999999,1.059565,1.0593249999999999,1.0595400000000001,0
2024-11-18 23:30:00+00:00,1.059535,1.0597349999999999,1.059475,1.0597349999999999,0
2024-11-18 23:45:00+00:00,1.05973,1.059765,1.059425,1.05946,0
2024-11-19 16:00:00+00:00,1.058675,1.05928,1.05838,1.0587900000000001,0
2024-11-19 16:15:00+00:00,1.0587849999999999,1.059265,1.0582449999999999,1.0583200000000001,0
2024-11-19 16:30:00+00:00,1.058315,1.05835,1.05709,1.057795,0
2024-11-19 16:45:00+00:00,1.057775,1.0581749999999999,1.05745,1.05777,0
2024-11-19 22:00:00+00:00,1.0595249999999998,1.05955,1.059245,1.0594000000000001,0
2024-11-19 22:15:00+00:00,1.05941,1.05953,1.059315,1.059495,0
2024-11-19 22:30:00+00:00,1.05949,1.0596,1.059475,1.0595249999999998,0
2024-11-19 22:45:00+00:00,1.05952,1.0595949999999998,1.05948,1.05954,0
2024-11-20 00:00:00+00:00,1.06071,1.06098,1.060645,1.060645,0
2024-11-20 00:15:00+00:00,1.060625,1.0608149999999998,1.060575,1.0608149999999998,0
2024-11-20 00:30:00+00:00,1.0608,1.06088,1.0606149999999999,1.06066,0
2024-11-20 00:45:00+00:00,1.060675,1.0607000000000002,1.059905,1.0599349999999998,0
2024-11-20 16:00:00+00:00,1.05216,1.0524900000000001,1.050685,1.0517150000000002,0
2024-11-20 16:15:00+00:00,1.05171,1.051955,1.05096,1.05135,0
2024-11-20 16:30:00+00:00,1.051345,1.0518550000000002,1.0508549999999999,1.0518399999999999,0
2024-11-20 16:45:00+00:00,1.0518450000000001,1.0524650000000002,1.05159,1.052015,0
2024-11-21 07:00:00+00:00,1.05454,1.054735,1.053475,1.05361,0
2024-11-21 07:15:00+00:00,1.053615,1.05393,1.05327,1.05328,0
2024-11-21 07:30:00+00:00,1.05327,1.0537100000000001,1.052965,1.0534249999999998,0
2024-11-21 07:45:00+00:00,1.053445,1.053915,1.05328,1.053655,0
2024-11-21 14:00:00+00:00,1.05331,1.0535,1.05221,1.05246,0
2024-11-21 14:15:00+00:00,1.0524550000000001,1.0529549999999999,1.0521250000000002,1.052635,0
2024-11-21 14:30:00+00:00,1.052645,1.053105,1.052105,1.0531000000000001,0
2024-11-21 14:45:00+00:00,1.05309,1.0535649999999999,1.05252,1.053535,0
2024-11-21 22:00:00+00:00,1.04742,1.04742,1.0473,1.04739,0
2024-11-21 22:15:00+00:00,1.0474100000000002,1.0477750000000001,1.04738,1.047655,0
2024-11-21 22:30:00+00:00,1.0476450000000002,1.047675,1.0475750000000001,1.04763,0
2024-11-21 22:45:00+00:00,1.047625,1.0476649999999998,1.047555,1.0475750000000001,0
2024-11-22 04:00:00+00:00,1.0475050000000001,1.04758,1.04726,1.047265,0
2024-11-22 04:15:00+00:00,1.0472700000000001,1.047415,1.0471949999999999,1.0473599999999998,0
2024-11-22 04:30:00+00:00,1.047335,1.047335,1.047045,1.04705,0
2024-11-22 04:45:00+00:00,1.04703,1.0476299999999998,1.04696,1.047475,0
2024-11-22 14:00:00+00:00,1.0429650000000001,1.043475,1.0424,1.0424950000000002,0
2024-11-22 14:15:00+00:00,1.0425049999999998,1.04291,1.04111,1.04115,0
2024-11-22 14:30:00+00:00,1.0411549999999998,1.04256,1.0410599999999999,1.04218,0
2024-11-22 14:45:00+00:00,1.0421749999999999,1.0421749999999999,1.040245,1.0404550000000001,0
2024-11-22 20:00:00+00:00,1.04109,1.04123,1.04081,1.0409899999999999,0
2024-11-22 20:15:00+00:00,1.040985,1.041485,1.04082,1.0414349999999999,0
2024-11-22 20:30:00+00:00,1.041455,1.0417550000000002,1.0414400000000001,1.0416249999999998,0
2024-11-22 20:45:00+00:00,1.04163,1.04173,1.0413000000000001,1.0414599999999998,0
2024-11-24 23:00:00+00:00,1.048095,1.048485,1.04674,1.04837,0
2024-11-24 23:15:00+00:00,1.048365,1.050135,1.04823,1.04986,0
2024-11-24 23:30:00+00:00,1.049855,1.050105,1.0480450000000001,1.048155,0
2024-11-24 23:45:00+00:00,1.0481349999999998,1.048155,1.04765,1.047945,0
2024-11-25 05:00:00+00:00,1.04793,1.048315,1.047635,1.0482399999999998,0
2024-11-25 05:15:00+00:00,1.048235,1.048235,1.04753,1.0478049999999999,0
2024-11-25 05:30:00+00:00,1.0477949999999998,1.047945,1.047725,1.0478100000000001,0
2024-11-25 05:45:00+00:00,1.047815,1.0480749999999999,1.0476649999999998,1.047925,0
2024-11-25 12:00:00+00:00,1.0479500000000002,1.048395,1.047685,1.04803,0
2024-11-25 12:15:00+00:00,1.048035,1.048035,1.0474100000000002,1.0475949999999998,0
2024-11-25 12:30:00+00:00,1.04759,1.0486,1.0475349999999999,1.048285,0
2024-11-25 12:45:00+00:00,1.04828,1.049345,1.0482749999999998,1.04887,0
2024-11-26 00:00:00+00:00,1.0443850000000001,1.045655,1.04326,1.043285,0
2024-11-26 00:15:00+00:00,1.043305,1.0455,1.04251,1.04534,0
2024-11-26 00:30:00+00:00,1.0453350000000001,1.045725,1.0442900000000002,1.0445,0
2024-11-26 00:45:00+00:00,1.044505,1.0449899999999999,1.043345,1.0435050000000001,0
2024-11-26 02:00:00+00:00,1.04542,1.0460250000000002,1.04513,1.045935,0
2024-11-26 02:15:00+00:00,1.0459399999999999,1.04626,1.045665,1.045835,0
2024-11-26 02:30:00+00:00,1.04583,1.045995,1.04535,1.04575,0
2024-11-26 02:45:00+00:00,1.04574,1.046485,1.0456050000000001,1.046095,0
2024-11-26 09:00:00+00:00,1.0491350000000002,1.05191,1.04911,1.051585,0
2024-11-26 09:15:00+00:00,1.05155,1.05155,1.04981,1.0498349999999999,0
2024-11-26 09:30:00+00:00,1.04983,1.05058,1.049245,1.0505049999999998,0
2024-11-26 09:45:00+00:00,1.05051,1.050945,1.050205,1.050735,0
2024-11-26 12:00:00+00:00,1.05133,1.0523850000000001,1.051015,1.05234,0
2024-11-26 12:15:00+00:00,1.0523449999999999,1.0544799999999999,1.052125,1.053145,0
2024-11-26 12:30:00+00:00,1.05315,1.054475,1.053095,1.053715,0
2024-11-26 12:45:00+00:00,1.0537100000000001,1.05381,1.05225,1.05239,0
2024-11-26 20:00:00+00:00,1.047275,1.047625,1.0472299999999999,1.0474299999999999,0
2024-11-26 20:15:00+00:00,1.047445,1.04778,1.047285,1.0474100000000002,0
2024-11-26 20:30:00+00:00,1.04742,1.04767,1.047175,1.047655,0
2024-11-26 20:45:00+00:00,1.047645,1.04821,1.047295,1.048105,0
2024-11-27 13:00:00+00:00,1.052805,1.053445,1.052715,1.053215,0
2024-11-27 13:15:00+00:00,1.053225,1.053695,1.05293,1.053465,0
2024-11-27 13:30:00+00:00,1.0534599999999998,1.0559850000000002,1.05334,1.0548950000000001,0
2024-11-27 13:45:00+00:00,1.0549,1.05738,1.0544799999999999,1.05728,0
2024-11-27 23:00:00+00:00,1.0567600000000001,1.0569549999999999,1.05668,1.056775,0
2024-11-27 23:15:00+00:00,1.056785,1.056835,1.0565600000000002,1.0565950000000002,0
2024-11-27 23:30:00+00:00,1.05659,1.05659,1.0564149999999999,1.0564200000000001,0
2024-11-27 23:45:00+00:00,1.0564149999999999,1.056425,1.0561,1.0562049999999998,0
2024-11-28 12:00:00+00:00,1.054995,1.055085,1.054665,1.0549650000000002,0
2024-11-28 12:15:00+00:00,1.05497,1.05539,1.054865,1.0553249999999998,0
2024-11-28 12:30:00+00:00,1.0553400000000002,1.0553949999999999,1.054775,1.05508,0
2024-11-28 12:45:00+00:00,1.055085,1.055225,1.0543900000000002,1.0545200000000001,0
2024-11-29 01:00:00+00:00,1.05626,1.0572949999999999,1.0560649999999998,1.05708,0
2024-11-29 01:15:00+00:00,1.057095,1.057485,1.056635,1.0568149999999998,0
2024-11-29 01:30:00+00:00,1.056805,1.05693,1.0561500000000001,1.05621,0
2024-11-29 01:45:00+00:00,1.056215,1.056355,1.055655,1.055985,0
2024-11-29 12:00:00+00:00,1.05627,1.056565,1.056,1.05602,0
2024-11-29 12:15:00+00:00,1.055985,1.05599,1.054995,1.055155,0
2024-11-29 12:30:00+00:00,1.0551599999999999,1.0556450000000002,1.055005,1.0553,0
2024-11-29 12:45:00+00:00,1.055295,1.056565,1.054815,1.0564399999999998,0
2024-12-02 08:00:00+00:00,1.0502799999999999,1.05125,1.0496050000000001,1.050795,0
2024-12-02 08:15:00+00:00,1.0507900000000001,1.0510549999999999,1.049735,1.050605,0
2024-12-02 08:30:00+00:00,1.050595,1.0506600000000001,1.0496949999999998,1.05047,0
2024-12-02 08:45:00+00:00,1.05049,1.05049,1.049735,1.050225,0
2024-12-02 21:00:00+00:00,1.05,1.0503049999999998,1.0497100000000001,1.050145,0
2024-12-02 21:15:00+00:00,1.05013,1.0501649999999998,1.049765,1.0498349999999999,0
2024-12-02 21:30:00+00:00,1.04984,1.049925,1.0497100000000001,1.0498699999999999,0
2024-12-02 21:45:00+00:00,1.049865,1.05003,1.049745,1.04978,0
2024-12-03 08:00:00+00:00,1.04982,1.050885,1.049735,1.05065,0
2024-12-03 08:15:00+00:00,1.0506449999999998,1.05162,1.0506350000000002,1.0514649999999999,0
2024-12-03 08:30:00+00:00,1.0514549999999998,1.052785,1.0514549999999998,1.052645,0
2024-12-03 08:45:00+00:00,1.0526550000000001,1.052715,1.052175,1.05254,0
2024-12-03 19:00:00+00:00,1.052775,1.0528849999999998,1.0518100000000001,1.051825,0
2024-12-03 19:15:00+00:00,1.0518100000000001,1.052,1.0512000000000001,1.0513599999999999,0
2024-12-03 19:30:00+00:00,1.051355,1.05166,1.05121,1.051265,0
2024-12-03 19:45:00+00:00,1.05126,1.051265,1.0504600000000002,1.0504600000000002,0
2024-12-04 06:00:00+00:00,1.05152,1.05153,1.0511,1.0512000000000001,0
2024-12-04 06:15:00+00:00,1.051205,1.05159,1.051045,1.0514000000000001,0
2024-12-04 06:30:00+00:00,1.0513949999999999,1.051835,1.051285,1.0518049999999999,0
2024-12-04 06:45:00+00:00,1.0518,1.05291,1.0518,1.0522900000000002,0
2024-12-04 23:00:00+00:00,1.05104,1.051105,1.0507900000000001,1.0508950000000001,0
2024-12-04 23:15:00+00:00,1.050905,1.05152,1.050905,1.0513949999999999,0
2024-12-04 23:30:00+00:00,1.0514299999999999,1.051555,1.05117,1.05119,0
2024-12-04 23:45:00+00:00,1.0511849999999998,1.0514549999999998,1.05112,1.05124,0
2024-12-05 21:00:00+00:00,1.0584099999999999,1.058595,1.0582099999999999,1.0584850000000001,0
2024-12-05 21:15:00+00:00,1.0584950000000002,1.0587849999999999,1.058455,1.0587650000000002,0
2024-12-05 21:30:00+00:00,1.05876,1.0588199999999999,1.0587,1.0588199999999999,0
2024-12-05 21:45:00+00:00,1.058815,1.05885,1.058635,1.058635,0
2024-12-06 02:00:00+00:00,1.056875,1.057325,1.05684,1.0572750000000002,0
2024-12-06 02:15:00+00:00,1.05728,1.05752,1.0570750000000002,1.05741,0
2024-12-06 02:30:00+00:00,1.0574050000000002,1.0578249999999998,1.05735,1.057755,0
2024-12-06 02:45:00+00:00,1.0577450000000002,1.05775,1.057495,1.0576949999999998,0
2024-12-08 23:00:00+00:00,1.05627,1.056945,1.055975,1.05673,0
2024-12-08 23:15:00+00:00,1.056715,1.056715,1.05621,1.05627,0
2024-12-08 23:30:00+00:00,1.056265,1.0565449999999998,1.0561250000000002,1.0563799999999999,0
2024-12-08 23:45:00+00:00,1.056375,1.05673,1.056145,1.05657,0
2024-12-09 22:00:00+00:00,1.055355,1.055555,1.05524,1.05528,0
2024-12-09 22:15:00+00:00,1.05529,1.05545,1.05517,1.055435,0
2024-12-09 22:30:00+00:00,1.05544,1.05559,1.0554000000000001,1.05546,0
2024-12-09 22:45:00+00:00,1.05545,1.055525,1.055355,1.05548,0
2024-12-10 15:00:00+00:00,1.051975,1.0525799999999998,1.05053,1.0507749999999998,0
2024-12-10 15:15:00+00:00,1.05077,1.050995,1.050085,1.0502850000000001,0
2024-12-10 15:30:00+00:00,1.050265,1.051075,1.050115,1.0505749999999998,0
2024-12-10 15:45:00+00:00,1.05058,1.051335,1.0498500000000002,1.0503900000000002,0
2024-12-10 20:00:00+00:00,1.0526849999999999,1.0528300000000002,1.05243,1.05271,0
2024-12-10 20:15:00+00:00,1.0527199999999999,1.05279,1.05239,1.0526900000000001,0
2024-12-10 20:30:00+00:00,1.052695,1.0530650000000001,1.052695,1.052985,0
2024-12-10 20:45:00+00:00,1.0529899999999999,1.053,1.052575,1.05264,0
2024-12-11 03:00:00+00:00,1.0537,1.053775,1.0533299999999999,1.0533299999999999,0
2024-12-11 03:15:00+00:00,1.0533350000000001,1.053505,1.052845,1.053125,0
2024-12-11 03:30:00+00:00,1.0531199999999998,1.05318,1.052835,1.0531549999999998,0
2024-12-11 03:45:00+00:00,1.053145,1.05315,1.052785,1.0528300000000002,0
2024-12-11 21:00:00+00:00,1.04927,1.0496599999999998,1.0492599999999999,1.0494249999999998,0
2024-12-11 21:15:00+00:00,1.0494150000000002,1.0496249999999998,1.0494150000000002,1.04954,0
2024-12-11 21:30:00+00:00,1.0495450000000002,1.049735,1.049455,1.0495700000000001,0
2024-12-11 21:45:00+00:00,1.049575,1.049645,1.049475,1.04959,0
2024-12-13 04:00:00+00:00,1.04603,1.04617,1.045915,1.0459399999999999,0
2024-12-13 04:15:00+00:00,1.0459450000000001,1.045985,1.0456349999999999,1.04579,0
2024-12-13 04:30:00+00:00,1.045785,1.0462600000000002,1.0457800000000002,1.04615,0
2024-12-13 04:45:00+00:00,1.0461550000000002,1.046365,1.046135,1.04636,0
2024-12-16 17:00:00+00:00,1.051145,1.05135,1.0505650000000002,1.051215,0
2024-12-16 17:15:00+00:00,1.051205,1.0520649999999998,1.051005,1.05125,0
2024-12-16 17:30:00+00:00,1.051245,1.051485,1.050685,1.0508199999999999,0
2024-12-16 17:45:00+00:00,1.050815,1.05131,1.0507300000000002,1.05112,0
2024-12-16 21:00:00+00:00,1.0508250000000001,1.051005,1.0506950000000002,1.0508250000000001,0
2024-12-16 21:15:00+00:00,1.050815,1.05101,1.05069,1.05088,0
2024-12-16 21:30:00+00:00,1.050885,1.05111,1.050795,1.0510950000000001,0
2024-12-16 21:45:00+00:00,1.0510899999999999,1.0515599999999998,1.051005,1.0511249999999999,0
2024-12-17 03:00:00+00:00,1.0517249999999998,1.051945,1.0516299999999998,1.0517249999999998,0
2024-12-17 03:15:00+00:00,1.05172,1.0518649999999998,1.051545,1.0516999999999999,0
2024-12-17 03:30:00+00:00,1.051695,1.0517150000000002,1.051425,1.051425,0
2024-12-17 03:45:00+00:00,1.051415,1.051415,1.05114,1.0512350000000001,0
2024-12-18 23:00:00+00:00,1.0351,1.03607,1.0349599999999999,1.0358100000000001,0
2024-12-18 23:15:00+00:00,1.035815,1.035995,1.03545,1.0355050000000001,0
2024-12-18 23:30:00+00:00,1.0354999999999999,1.0358100000000001,1.035405,1.03542,0
2024-12-18 23:45:00+00:00,1.035425,1.035435,1.0347499999999998,1.0350700000000002,0
2024-12-19 09:00:00+00:00,1.040845,1.042005,1.0408149999999998,1.041985,0
2024-12-19 09:15:00+00:00,1.0419749999999999,1.042,1.041515,1.041995,0
2024-12-19 09:30:00+00:00,1.041985,1.0422349999999998,1.04118,1.0419399999999999,0
2024-12-19 09:45:00+00:00,1.0419299999999998,1.0419749999999999,1.040885,1.04125,0
2024-12-20 00:00:00+00:00,1.0364550000000001,1.03693,1.03626,1.0365350000000002,0
2024-12-20 00:15:00+00:00,1.0365250000000001,1.036695,1.0364650000000002,1.03668,0
2024-12-20 00:30:00+00:00,1.0366650000000002,1.0367,1.03617,1.036245,0
2024-12-20 00:45:00+00:00,1.03625,1.0367099999999998,1.0362399999999998,1.0365250000000001,0
2024-12-20 07:00:00+00:00,1.0375,1.038175,1.0373299999999999,1.03786,0
2024-12-20 07:15:00+00:00,1.0378500000000002,1.0381550000000002,1.0372599999999998,1.03781,0
2024-12-20 07:30:00+00:00,1.037805,1.038065,1.0372750000000002,1.038005,0
2024-12-20 07:45:00+00:00,1.038,1.038535,1.03782,1.03829,0
2024-12-20 18:00:00+00:00,1.0428600000000001,1.043295,1.0425200000000001,1.0431599999999999,0
2024-12-20 18:15:00+00:00,1.043155,1.0431650000000001,1.042395,1.04244,0
2024-12-20 18:30:00+00:00,1.0424449999999998,1.0440800000000001,1.04223,1.0440749999999999,0
2024-12-20 18:45:00+00:00,1.0440800000000001,1.0443,1.043625,1.043685,0
2024-12-23 02:00:00+00:00,1.043605,1.04407,1.04359,1.043895,0
2024-12-23 02:15:00+00:00,1.0438999999999998,1.0441,1.04378,1.043975,0
2024-12-23 02:30:00+00:00,1.043995,1.044315,1.04389,1.0440550000000002,0
2024-12-23 02:45:00+00:00,1.04405,1.044305,1.04392,1.044065,0
2024-12-23 14:00:00+00:00,1.039965,1.040855,1.039815,1.040435,0
2024-12-23 14:15:00+00:00,1.040445,1.040815,1.0400900000000002,1.04023,0
2024-12-23 14:30:00+00:00,1.0402399999999998,1.0402399999999998,1.03964,1.039745,0
2024-12-23 14:45:00+00:00,1.03974,1.0401,1.0391650000000001,1.03938,0
2024-12-24 01:00:00+00:00,1.040045,1.0404849999999999,1.0399850000000002,1.0400399999999999,0
2024-12-24 01:15:00+00:00,1.040045,1.040305,1.0400399999999999,1.040095,0
2024-12-24 01:30:00+00:00,1.0401,1.04026,1.0400649999999998,1.0400749999999999,0
2024-12-24 01:45:00+00:00,1.040085,1.04034,1.040045,1.04028,0
2024-12-24 13:00:00+00:00,1.03913,1.04001,1.038955,1.0397750000000001,0
2024-12-24 13:15:00+00:00,1.0397699999999999,1.040135,1.03974,1.04005,0
2024-12-24 13:30:00+00:00,1.0400399999999999,1.040095,1.039285,1.0394700000000001,0
2024-12-24 13:45:00+00:00,1.039475,1.0403250000000002,1.039475,1.04025,0
2024-12-24 23:00:00+00:00,1.039765,1.0402550000000002,1.03974,1.04009,0
2024-12-24 23:15:00+00:00,1.04009,1.04009,1.04006,1.04009,0
2024-12-24 23:30:00+00:00,1.0400399999999999,1.040105,1.0400399999999999,1.040105,0
2024-12-24 23:45:00+00:00,1.040065,1.0400749999999999,1.040015,1.040015,0
2024-12-26 04:00:00+00:00,1.040085,1.040085,1.0398,1.0398749999999999,0
2024-12-26 04:15:00+00:00,1.03986,1.03996,1.0398100000000001,1.0399349999999998,0
2024-12-26 04:30:00+00:00,1.03994,1.0401500000000001,1.039925,1.040025,0
2024-12-26 04:45:00+00:00,1.04003,1.040035,1.0397850000000002,1.03979,0
2024-12-26 14:00:00+00:00,1.04028,1.04039,1.03999,1.0400999999999998,0
2024-12-26 14:15:00+00:00,1.040095,1.04014,1.03972,1.03986,0
2024-12-26 14:30:00+00:00,1.039855,1.039855,1.0395249999999998,1.0395850000000002,0
2024-12-26 14:45:00+00:00,1.03959,1.0404499999999999,1.03952,1.0402399999999998,0
2024-12-27 03:00:00+00:00,1.0409700000000002,1.0409700000000002,1.0408050000000002,1.0408849999999998,0
2024-12-27 03:15:00+00:00,1.04089,1.04093,1.04067,1.0408650000000002,0
2024-12-27 03:30:00+00:00,1.04087,1.0410849999999998,1.04087,1.0410400000000002,0
2024-12-27 03:45:00+00:00,1.041055,1.04128,1.0409899999999999,1.041265,0
2024-12-27 13:00:00+00:00,1.04326,1.043815,1.043205,1.043385,0
2024-12-27 13:15:00+00:00,1.04338,1.043385,1.0428799999999998,1.043085,0
2024-12-27 13:30:00+00:00,1.0430899999999999,1.043385,1.043085,1.043225,0
2024-12-27 13:45:00+00:00,1.0432350000000001,1.04385,1.0431849999999998,1.04385,0
2024-12-30 04:00:00+00:00,1.0424600000000002,1.0425499999999999,1.04244,1.042525,0
2024-12-30 04:15:00+00:00,1.04253,1.042565,1.04249,1.04254,0
2024-12-30 04:30:00+00:00,1.042545,1.0425550000000001,1.0425149999999999,1.0425499999999999,0
2024-12-30 04:45:00+00:00,1.042545,1.042605,1.0425149999999999,1.042545,0
2024-12-30 06:00:00+00:00,1.042525,1.043075,1.042525,1.042885,0
2024-12-30 06:15:00+00:00,1.04288,1.043015,1.042735,1.042935,0
2024-12-30 06:30:00+00:00,1.042935,1.043155,1.0428350000000002,1.0428549999999999,0
2024-12-30 06:45:00+00:00,1.0428600000000001,1.04294,1.04274,1.042885,0
2024-12-30 19:00:00+00:00,1.040445,1.040535,1.03992,1.040045,0
2024-12-30 19:15:00+00:00,1.040025,1.040315,1.0398299999999998,1.0402200000000001,0
2024-12-30 19:30:00+00:00,1.040225,1.0404200000000001,1.0401500000000001,1.04017,0
2024-12-30 19:45:00+00:00,1.0401850000000001,1.040225,1.039615,1.03967,0
2024-12-31 04:00:00+00:00,1.040855,1.040925,1.04067,1.0407600000000001,0
2024-12-31 04:15:00+00:00,1.040765,1.0407899999999999,1.04052,1.04052,0
2024-12-31 04:30:00+00:00,1.0405250000000001,1.0407700000000002,1.040375,1.04067,0
2024-12-31 04:45:00+00:00,1.0406749999999998,1.04073,1.0404200000000001,1.040425,0
2024-12-31 07:00:00+00:00,1.0404,1.0405250000000001,1.0402399999999998,1.0403600000000002,0
2024-12-31 07:15:00+00:00,1.040355,1.040875,1.04032,1.0407799999999998,0
2024-12-31 07:30:00+00:00,1.040785,1.04108,1.04067,1.0410650000000001,0
2024-12-31 07:45:00+00:00,1.04108,1.0412949999999999,1.04096,1.0411899999999998,0
2024-12-31 09:00:00+00:00,1.041825,1.041885,1.04118,1.0415299999999998,0
2024-12-31 09:15:00+00:00,1.041525,1.0416050000000001,1.0412750000000002,1.04138,0
2024-12-31 09:30:00+00:00,1.041385,1.0423900000000001,1.04134,1.04203,0
2024-12-31 09:45:00+00:00,1.0420250000000002,1.0424449999999998,1.04184,1.04186,0
2024-12-31 21:00:00+00:00,1.0358550000000002,1.0361,1.0358550000000002,1.03596,0
2024-12-31 21:15:00+00:00,1.035965,1.0360399999999998,1.03579,1.035875,0
2024-12-31 21:30:00+00:00,1.0358800000000001,1.035975,1.0356999999999998,1.035825,0
2024-12-31 21:45:00+00:00,1.03583,1.035865,1.035325,1.035345,0
2025-01-01 23:00:00+00:00,1.03566,1.03566,1.035145,1.035385,0
2025-01-01 23:15:00+00:00,1.03537,1.03545,1.035145,1.035155,0
2025-01-01 23:30:00+00:00,1.0351650000000001,1.0351849999999998,1.03465,1.0349300000000001,0
2025-01-01 23:45:00+00:00,1.034935,1.035335,1.0349300000000001,1.0350899999999998,0
2025-01-02 01:00:00+00:00,1.03522,1.03522,1.03443,1.03491,0
2025-01-02 01:15:00+00:00,1.0349050000000002,1.0353949999999998,1.0346449999999998,1.0351,0
2025-01-02 01:30:00+00:00,1.0351050000000002,1.0360800000000001,1.0349050000000002,1.035835,0
2025-01-02 01:45:00+00:00,1.0358299999999998,1.035995,1.0357349999999999,1.0357949999999998,0
2025-01-02 07:00:00+00:00,1.0363799999999999,1.0368300000000001,1.036305,1.036775,0
2025-01-02 07:15:00+00:00,1.036765,1.036955,1.0366,1.036875,0
2025-01-02 07:30:00+00:00,1.03689,1.03695,1.036605,1.0368300000000001,0
2025-01-02 07:45:00+00:00,1.036835,1.037245,1.036245,1.03628,0
2025-01-02 11:00:00+00:00,1.031685,1.0332599999999998,1.03159,1.0331000000000001,0
2025-01-02 11:15:00+00:00,1.033105,1.03342,1.032205,1.032205,0
2025-01-02 11:30:00+00:00,1.0321950000000002,1.032515,1.0315050000000001,1.0324,0
2025-01-02 11:45:00+00:00,1.0323950000000002,1.033225,1.0321449999999999,1.033215,0
2025-01-03 21:00:00+00:00,1.030595,1.0310000000000001,1.030485,1.03072,0
2025-01-03 21:15:00+00:00,1.0307149999999998,1.03081,1.030665,1.0307849999999998,0
2025-01-03 21:30:00+00:00,1.03079,1.030795,1.0306000000000002,1.0307149999999998,0
2025-01-03 21:45:00+00:00,1.03072,1.0309300000000001,1.0306799999999998,1.03083,0
2025-01-06 00:00:00+00:00,1.03052,1.030545,1.02959,1.0296699999999999,0
2025-01-06 00:15:00+00:00,1.029665,1.0300250000000002,1.02964,1.0297399999999999,0
2025-01-06 00:30:00+00:00,1.0297450000000001,1.0297800000000001,1.02956,1.0297,0
2025-01-06 00:45:00+00:00,1.029695,1.030465,1.02969,1.0303200000000001,0
2025-01-06 12:00:00+00:00,1.042195,1.043065,1.04104,1.04108,0
2025-01-06 12:15:00+00:00,1.0410599999999999,1.041805,1.03985,1.039925,0
2025-01-06 12:30:00+00:00,1.03993,1.0407199999999999,1.0392199999999998,1.04048,0
2025-01-06 12:45:00+00:00,1.0404650000000002,1.0413299999999999,1.03962,1.04112,0
2025-01-06 14:00:00+00:00,1.041685,1.04238,1.040985,1.0410300000000001,0
2025-01-06 14:15:00+00:00,1.041035,1.041115,1.035285,1.038145,0
2025-01-06 14:30:00+00:00,1.038135,1.03857,1.0366849999999999,1.036905,0
2025-01-06 14:45:00+00:00,1.03694,1.039885,1.03694,1.03928,0
2025-01-06 16:00:00+00:00,1.039365,1.0397500000000002,1.0385499999999999,1.0390000000000001,0
2025-01-06 16:15:00+00:00,1.039005,1.03962,1.038675,1.039495,0
2025-01-06 16:30:00+00:00,1.03949,1.040285,1.039475,1.03983,0
2025-01-06 16:45:00+00:00,1.039835,1.039895,1.039215,1.039685,0
2025-01-07 01:00:00+00:00,1.038415,1.038475,1.03776,1.03795,0
2025-01-07 01:15:00+00:00,1.0379450000000001,1.0382799999999999,1.0378500000000002,1.037995,0
2025-01-07 01:30:00+00:00,1.0379999999999998,1.03803,1.0376249999999998,1.037715,0
2025-01-07 01:45:00+00:00,1.0377100000000001,1.038335,1.0376699999999999,1.038125,0
2025-01-07 05:00:00+00:00,1.0391949999999999,1.039355,1.0391050000000002,1.039335,0
2025-01-07 05:15:00+00:00,1.039345,1.03962,1.039335,1.0395400000000001,0
2025-01-07 05:30:00+00:00,1.03955,1.04032,1.03955,1.04025,0
2025-01-07 05:45:00+00:00,1.0402550000000002,1.040305,1.0396,1.0396800000000002,0
2025-01-07 09:00:00+00:00,1.04253,1.0434350000000001,1.042445,1.04264,0
2025-01-07 09:15:00+00:00,1.042645,1.042865,1.042415,1.042535,0
2025-01-07 09:30:00+00:00,1.0425300000000002,1.04301,1.04247,1.0428250000000001,0
2025-01-07 09:45:00+00:00,1.04281,1.0429750000000002,1.04243,1.0428,0
2025-01-07 13:00:00+00:00,1.0389300000000001,1.03978,1.03885,1.03966,0
2025-01-07 13:15:00+00:00,1.0396649999999998,1.04039,1.0393750000000002,1.0401500000000001,0
2025-01-07 13:30:00+00:00,1.0401500000000001,1.04053,1.0395349999999999,1.0395750000000001,0
2025-01-07 13:45:00+00:00,1.03958,1.039705,1.038665,1.0396649999999998,0
2025-01-08 12:00:00+00:00,1.02976,1.029995,1.028945,1.028965,0
2025-01-08 12:15:00+00:00,1.0289549999999998,1.029305,1.0284550000000001,1.028885,0
2025-01-08 12:30:00+00:00,1.02889,1.0300150000000001,1.028335,1.029245,0
2025-01-08 12:45:00+00:00,1.029255,1.02949,1.028095,1.028285,0
2025-01-08 17:00:00+00:00,1.031275,1.031335,1.030275,1.030395,0
2025-01-08 17:15:00+00:00,1.0304,1.0305499999999999,1.0298500000000002,1.0303049999999998,0
2025-01-08 17:30:00+00:00,1.0302950000000002,1.030505,1.02983,1.030505,0
2025-01-08 17:45:00+00:00,1.0305,1.0306449999999998,1.0301749999999998,1.030545,0
2025-01-08 21:00:00+00:00,1.03162,1.0319250000000002,1.031615,1.0317349999999998,0
2025-01-08 21:15:00+00:00,1.0317500000000002,1.03182,1.031565,1.0315850000000002,0
2025-01-08 21:30:00+00:00,1.0315750000000001,1.031635,1.03147,1.031545,0
2025-01-08 21:45:00+00:00,1.03155,1.03198,1.03155,1.031835,0
2025-01-09 22:00:00+00:00,1.02997,1.0302449999999999,1.02997,1.03016,0
2025-01-09 22:15:00+00:00,1.03015,1.0302449999999999,1.029965,1.02997,0
2025-01-09 22:30:00+00:00,1.029965,1.029985,1.029765,1.02986,0
2025-01-09 22:45:00+00:00,1.0298699999999998,1.030145,1.0298,1.030125,0
2025-01-10 03:00:00+00:00,1.03016,1.030335,1.029985,1.03027,0
2025-01-10 03:15:00+00:00,1.030275,1.0302799999999999,1.0300150000000001,1.0300349999999998,0
2025-01-10 03:30:00+00:00,1.03004,1.0301049999999998,1.02984,1.03006,0
2025-01-10 03:45:00+00:00,1.030065,1.0300850000000001,1.029785,1.029855,0
2025-01-10 19:00:00+00:00,1.024175,1.024225,1.02349,1.023895,0
2025-01-10 19:15:00+00:00,1.0239099999999999,1.024385,1.023885,1.02407,0
2025-01-10 19:30:00+00:00,1.024055,1.02481,1.02385,1.0246149999999998,0
2025-01-10 19:45:00+00:00,1.02461,1.024905,1.024355,1.02455,0
2025-01-13 03:00:00+00:00,1.02403,1.0240550000000002,1.023355,1.023385,0
2025-01-13 03:15:00+00:00,1.0233949999999998,1.02352,1.0227149999999998,1.022795,0
2025-01-13 03:30:00+00:00,1.0228000000000002,1.022885,1.02173,1.0217450000000001,0
2025-01-13 03:45:00+00:00,1.021725,1.02189,1.021285,1.02154,0
2025-01-13 09:00:00+00:00,1.022145,1.022405,1.02179,1.0220950000000002,0
2025-01-13 09:15:00+00:00,1.02209,1.02209,1.017735,1.0186899999999999,0
2025-01-13 09:30:00+00:00,1.0186950000000001,1.01959,1.0181550000000001,1.01956,0
2025-01-13 09:45:00+00:00,1.019555,1.0201699999999998,1.0188899999999999,1.01933,0
2025-01-13 18:00:00+00:00,1.021805,1.0219399999999998,1.0213450000000002,1.0216349999999998,0
2025-01-13 18:15:00+00:00,1.021615,1.02162,1.02123,1.0215100000000001,0
2025-01-13 18:30:00+00:00,1.0215299999999998,1.02188,1.0215299999999998,1.0218500000000001,0
2025-01-13 18:45:00+00:00,1.021845,1.022145,1.021595,1.021625,0
2025-01-14 00:00:00+00:00,1.0263900000000001,1.0263900000000001,1.025185,1.025195,0
2025-01-14 00:15:00+00:00,1.0252,1.0252750000000002,1.02491,1.02496,0
2025-01-14 00:30:00+00:00,1.0249549999999998,1.025195,1.0247000000000002,1.02475,0
2025-01-14 00:45:00+00:00,1.0247549999999999,1.0248599999999999,1.0245799999999998,1.0247950000000001,0
2025-01-14 14:00:00+00:00,1.025325,1.025395,1.024365,1.0251299999999999,0
2025-01-14 14:15:00+00:00,1.025125,1.026885,1.025035,1.026525,0
2025-01-14 14:30:00+00:00,1.02652,1.02749,1.0262799999999999,1.02685,0
2025-01-14 14:45:00+00:00,1.026845,1.027055,1.0257450000000001,1.026815,0
2025-01-15 08:00:00+00:00,1.0305900000000001,1.031715,1.030375,1.031285,0
2025-01-15 08:15:00+00:00,1.0312800000000002,1.0312800000000002,1.029985,1.03018,0
2025-01-15 08:30:00+00:00,1.0301749999999998,1.030255,1.029725,1.02977,0
2025-01-15 08:45:00+00:00,1.029755,1.02997,1.029425,1.0296500000000002,0
2025-01-15 20:00:00+00:00,1.02932,1.029395,1.0290400000000002,1.02928,0
2025-01-15 20:15:00+00:00,1.0292949999999998,1.0297550000000002,1.0292750000000002,1.0297399999999999,0
2025-01-15 20:30:00+00:00,1.029735,1.02989,1.029575,1.029575,0
2025-01-15 20:45:00+00:00,1.029595,1.0297649999999998,1.02948,1.029595,0
2025-01-16 11:00:00+00:00,1.0285549999999999,1.02887,1.0284,1.02877,0
2025-01-16 11:15:00+00:00,1.028775,1.0290599999999999,1.0286,1.0288050000000002,0
2025-01-16 11:30:00+00:00,1.028815,1.028975,1.028575,1.02882,0
2025-01-16 11:45:00+00:00,1.0288249999999999,1.0292,1.0288249999999999,1.02902,0
2025-01-17 01:00:00+00:00,1.03049,1.030525,1.030155,1.03038,0
2025-01-17 01:15:00+00:00,1.03037,1.03058,1.0302250000000002,1.03051,0
2025-01-17 01:30:00+00:00,1.0305149999999998,1.030745,1.0302250000000002,1.030735,0
2025-01-17 01:45:00+00:00,1.030745,1.030935,1.0304449999999998,1.030505,0
2025-01-17 15:00:00+00:00,1.029855,1.0330650000000001,1.02956,1.03239,0
2025-01-17 15:15:00+00:00,1.0323950000000002,1.0325350000000002,1.030865,1.03145,0
2025-01-17 15:30:00+00:00,1.03144,1.031455,1.02995,1.0306250000000001,0
2025-01-17 15:45:00+00:00,1.0306199999999999,1.0311050000000002,1.0297749999999999,1.0299,0
2025-01-19 23:00:00+00:00,1.027955,1.0280049999999998,1.02706,1.02713,0
2025-01-19 23:15:00+00:00,1.02715,1.027225,1.0266449999999998,1.02685,0
2025-01-19 23:30:00+00:00,1.0268549999999999,1.02755,1.0268199999999998,1.0273150000000002,0
2025-01-19 23:45:00+00:00,1.0273249999999998,1.02808,1.027275,1.0280550000000002,0
2025-01-20 12:00:00+00:00,1.03262,1.032645,1.03199,1.03203,0
2025-01-20 12:15:00+00:00,1.032055,1.0322149999999999,1.0315050000000001,1.0315050000000001,0
2025-01-20 12:30:00+00:00,1.03151,1.03257,1.03151,1.0322550000000001,0
2025-01-20 12:45:00+00:00,1.03225,1.032315,1.0318,1.032035,0
2025-01-21 03:00:00+00:00,1.03878,1.03996,1.038725,1.03991,0
2025-01-21 03:15:00+00:00,1.039905,1.0400999999999998,1.0396649999999998,1.039695,0
2025-01-21 03:30:00+00:00,1.03969,1.039825,1.03883,1.03901,0
2025-01-21 03:45:00+00:00,1.038995,1.0391849999999998,1.038535,1.038755,0
2025-01-21 18:00:00+00:00,1.042125,1.0425049999999998,1.041985,1.042265,0
2025-01-21 18:15:00+00:00,1.0422799999999999,1.04271,1.042095,1.04265,0
2025-01-21 18:30:00+00:00,1.0426600000000001,1.043545,1.042455,1.0432549999999998,0
2025-01-21 18:45:00+00:00,1.04326,1.043425,1.042765,1.0429050000000002,0
2025-01-22 09:00:00+00:00,1.042325,1.042785,1.042,1.0425650000000002,0
2025-01-22 09:15:00+00:00,1.04257,1.0434700000000001,1.04245,1.043225,0
2025-01-22 09:30:00+00:00,1.0432350000000001,1.0437349999999999,1.04281,1.0436100000000001,0
2025-01-22 09:45:00+00:00,1.043605,1.04474,1.0431249999999999,1.0446499999999999,0
2025-01-22 23:00:00+00:00,1.040825,1.040945,1.040585,1.0405950000000002,0
2025-01-22 23:15:00+00:00,1.04059,1.0409199999999998,1.04056,1.04066,0
2025-01-22 23:30:00+00:00,1.040665,1.0407700000000002,1.04064,1.0407600000000001,0
2025-01-22 23:45:00+00:00,1.04075,1.0408650000000002,1.04064,1.0407899999999999,0
2025-01-23 20:00:00+00:00,1.0422850000000001,1.0428199999999999,1.0419,1.042595,0
2025-01-23 20:15:00+00:00,1.0425849999999999,1.04291,1.042415,1.0425900000000001,0
2025-01-23 20:30:00+00:00,1.0425849999999999,1.042635,1.0416699999999999,1.041765,0
2025-01-23 20:45:00+00:00,1.04177,1.042005,1.0416050000000001,1.04176,0
2025-01-24 01:00:00+00:00,1.041935,1.0419800000000001,1.041725,1.04192,0
2025-01-24 01:15:00+00:00,1.041925,1.04203,1.0416699999999999,1.0416699999999999,0
2025-01-24 01:30:00+00:00,1.041655,1.0417200000000002,1.04128,1.04161,0
2025-01-24 01:45:00+00:00,1.0416050000000001,1.04168,1.0411700000000002,1.04159,0
2025-01-24 21:00:00+00:00,1.04949,1.049735,1.049445,1.04968,0
2025-01-24 21:15:00+00:00,1.0497100000000001,1.0497100000000001,1.0493800000000002,1.0494599999999998,0
2025-01-24 21:30:00+00:00,1.04945,1.049615,1.049355,1.0495999999999999,0
2025-01-24 21:45:00+00:00,1.049595,1.049645,1.04916,1.0493649999999999,0
2025-01-27 00:00:00+00:00,1.04676,1.0468600000000001,1.0465399999999998,1.046735,0
2025-01-27 00:15:00+00:00,1.04674,1.047485,1.0466799999999998,1.047425,0
2025-01-27 00:30:00+00:00,1.04742,1.0476299999999998,1.047085,1.0472299999999999,0
2025-01-27 00:45:00+00:00,1.0472350000000001,1.0475599999999998,1.047145,1.047285,0
2025-01-28 10:00:00+00:00,1.04353,1.0437500000000002,1.04317,1.04344,0
2025-01-28 10:15:00+00:00,1.04346,1.04369,1.0429599999999999,1.043175,0
2025-01-28 10:30:00+00:00,1.04317,1.04359,1.04304,1.0434350000000001,0
2025-01-28 10:45:00+00:00,1.043415,1.04342,1.04249,1.042495,0
2025-01-28 15:00:00+00:00,1.0431750000000002,1.043835,1.0431650000000001,1.04373,0
2025-01-28 15:15:00+00:00,1.04375,1.04379,1.0432700000000001,1.0437400000000001,0
2025-01-28 15:30:00+00:00,1.0437349999999999,1.043965,1.0430700000000002,1.04312,0
2025-01-28 15:45:00+00:00,1.0431149999999998,1.0432299999999999,1.0421049999999998,1.042415,0
2025-01-28 19:00:00+00:00,1.0426350000000002,1.0429249999999999,1.0423499999999999,1.0423900000000001,0
2025-01-28 19:15:00+00:00,1.042385,1.0427650000000002,1.042265,1.0427300000000002,0
2025-01-28 19:30:00+00:00,1.0427149999999998,1.04326,1.04269,1.0432199999999998,0
2025-01-28 19:45:00+00:00,1.0432299999999999,1.04367,1.0432299999999999,1.0435050000000001,0
2025-01-29 08:00:00+00:00,1.041685,1.042675,1.041685,1.042405,0
2025-01-29 08:15:00+00:00,1.0424,1.04298,1.0422950000000002,1.04256,0
2025-01-29 08:30:00+00:00,1.0425650000000002,1.04305,1.0425,1.04274,0
2025-01-29 08:45:00+00:00,1.042745,1.0429300000000001,1.0422099999999999,1.0424250000000002,0
2025-01-29 13:00:00+00:00,1.04041,1.040575,1.038825,1.0392100000000002,0
2025-01-29 13:15:00+00:00,1.039205,1.039215,1.0382449999999999,1.0387650000000002,0
2025-01-29 13:30:00+00:00,1.03877,1.039295,1.038345,1.0389050000000002,0
2025-01-29 13:45:00+00:00,1.03891,1.039025,1.0382349999999998,1.03878,0
2025-01-29 18:00:00+00:00,1.042145,1.0423399999999998,1.0415,1.0423149999999999,0
2025-01-29 18:15:00+00:00,1.042325,1.04245,1.042025,1.042325,0
2025-01-29 18:30:00+00:00,1.0423149999999999,1.0424449999999998,1.04202,1.04218,0
2025-01-29 18:45:00+00:00,1.04216,1.042205,1.0415800000000002,1.0420150000000001,0
2025-01-30 01:00:00+00:00,1.0426000000000002,1.0426199999999999,1.042035,1.0423149999999999,0
2025-01-30 01:15:00+00:00,1.0423,1.0423149999999999,1.0419049999999999,1.042075,0
2025-01-30 01:30:00+00:00,1.04208,1.0422500000000001,1.04197,1.0421399999999998,0
2025-01-30 01:45:00+00:00,1.04215,1.0422349999999998,1.041995,1.0420099999999999,0
2025-01-30 05:00:00+00:00,1.0419,1.0421399999999998,1.041775,1.0419100000000001,0
2025-01-30 05:15:00+00:00,1.041915,1.04206,1.04179,1.042025,0
2025-01-30 05:30:00+00:00,1.04202,1.04217,1.04182,1.041885,0
2025-01-30 05:45:00+00:00,1.04188,1.0422099999999999,1.041775,1.0421900000000002,0
2025-01-31 05:00:00+00:00,1.038745,1.039085,1.03865,1.038935,0
2025-01-31 05:15:00+00:00,1.0389400000000002,1.0389849999999998,1.0386799999999998,1.038745,0
2025-01-31 05:30:00+00:00,1.0387300000000002,1.038745,1.038475,1.03867,0
2025-01-31 05:45:00+00:00,1.0386799999999998,1.038945,1.03864,1.038885,0
2025-01-31 16:00:00+00:00,1.039655,1.039655,1.03883,1.0389300000000001,0
2025-01-31 16:15:00+00:00,1.0389249999999999,1.03958,1.0386199999999999,1.039545,0
2025-01-31 16:30:00+00:00,1.0395400000000001,1.0407600000000001,1.03932,1.0405449999999998,0
2025-01-31 16:45:00+00:00,1.040555,1.04061,1.03955,1.039975,0
2025-02-03 03:00:00+00:00,1.02238,1.0224950000000002,1.02155,1.02155,0
2025-02-03 03:15:00+00:00,1.021555,1.02202,1.021535,1.021935,0
2025-02-03 03:30:00+00:00,1.021945,1.021995,1.0212400000000001,1.0215,0
2025-02-03 03:45:00+00:00,1.02151,1.022415,1.0214349999999999,1.022145,0
2025-02-03 14:00:00+00:00,1.0263900000000001,1.02643,1.0252050000000001,1.02615,0
2025-02-03 14:15:00+00:00,1.0261550000000002,1.026605,1.025555,1.0260500000000001,0
2025-02-03 14:30:00+00:00,1.026065,1.02641,1.025325,1.025935,0
2025-02-03 14:45:00+00:00,1.025935,1.02599,1.024725,1.0251000000000001,0
2025-02-03 15:00:00+00:00,1.02508,1.02597,1.024375,1.0255100000000001,0
2025-02-03 15:15:00+00:00,1.025525,1.032075,1.0253999999999999,1.030185,0
2025-02-03 15:30:00+00:00,1.03022,1.03354,1.0297800000000001,1.032795,0
2025-02-03 15:45:00+00:00,1.032765,1.03283,1.03083,1.0316299999999998,0
2025-02-03 20:00:00+00:00,1.02846,1.02932,1.02828,1.02918,0
2025-02-03 20:15:00+00:00,1.029185,1.029665,1.02918,1.02955,0
2025-02-03 20:30:00+00:00,1.02954,1.02993,1.029485,1.0296699999999999,0
2025-02-03 20:45:00+00:00,1.02968,1.0298850000000002,1.029335,1.029545,0
2025-02-04 23:00:00+00:00,1.037895,1.0380449999999999,1.03752,1.03788,0
2025-02-04 23:15:00+00:00,1.037875,1.037965,1.037735,1.037735,0
2025-02-04 23:30:00+00:00,1.0377450000000001,1.03796,1.03772,1.03796,0
2025-02-04 23:45:00+00:00,1.03797,1.03797,1.03711,1.037155,0
2025-02-05 02:00:00+00:00,1.03735,1.03836,1.037305,1.038325,0
2025-02-05 02:15:00+00:00,1.0383200000000001,1.03843,1.037955,1.0383300000000002,0
2025-02-05 02:30:00+00:00,1.0383499999999999,1.03842,1.0381900000000002,1.0383399999999998,0
2025-02-05 02:45:00+00:00,1.038335,1.03851,1.0382600000000002,1.038455,0
2025-02-05 07:00:00+00:00,1.0384950000000002,1.03908,1.03823,1.03904,0
2025-02-05 07:15:00+00:00,1.0390549999999998,1.04089,1.0390549999999998,1.0407199999999999,0
2025-02-05 07:30:00+00:00,1.0407250000000001,1.040975,1.040165,1.0404849999999999,0
2025-02-05 07:45:00+00:00,1.0404900000000001,1.0407250000000001,1.039815,1.040265,0
2025-02-05 12:00:00+00:00,1.041465,1.041465,1.041105,1.0412050000000002,0
2025-02-05 12:15:00+00:00,1.0412,1.04166,1.0410849999999998,1.04154,0
2025-02-05 12:30:00+00:00,1.041535,1.041775,1.0413100000000002,1.04175,0
2025-02-05 12:45:00+00:00,1.0417550000000002,1.0422,1.041575,1.041915,0
2025-02-05 15:00:00+00:00,1.0427749999999998,1.04427,1.042095,1.04251,0
2025-02-05 15:15:00+00:00,1.0424799999999999,1.04312,1.0420099999999999,1.042035,0
2025-02-05 15:30:00+00:00,1.042055,1.042165,1.04152,1.041765,0
2025-02-05 15:45:00+00:00,1.04175,1.042505,1.0416,1.04223,0
2025-02-06 00:00:00+00:00,1.0398749999999999,1.040235,1.0398749999999999,1.040205,0
2025-02-06 00:15:00+00:00,1.0401799999999999,1.04021,1.03966,1.039975,0
2025-02-06 00:30:00+00:00,1.03997,1.0401150000000001,1.03978,1.0399349999999998,0
2025-02-06 00:45:00+00:00,1.039945,1.03995,1.03952,1.0397500000000002,0
2025-02-06 14:00:00+00:00,1.036045,1.03678,1.03598,1.03662,0
2025-02-06 14:15:00+00:00,1.036625,1.0367600000000001,1.0362149999999999,1.03675,0
2025-02-06 14:30:00+00:00,1.036745,1.037465,1.036505,1.037305,0
2025-02-06 14:45:00+00:00,1.037315,1.03748,1.0361850000000001,1.03623,0
2025-02-06 22:00:00+00:00,1.0383499999999999,1.0386350000000002,1.0383499999999999,1.038485,0
2025-02-06 22:15:00+00:00,1.03847,1.038505,1.03841,1.03841,0
2025-02-06 22:30:00+00:00,1.038405,1.038415,1.0382500000000001,1.038325,0
2025-02-06 22:45:00+00:00,1.0383149999999999,1.038465,1.03827,1.038385,0
2025-02-10 06:00:00+00:00,1.031625,1.0316649999999998,1.031225,1.03126,0
2025-02-10 06:15:00+00:00,1.0312700000000001,1.031555,1.0312700000000001,1.03144,0
2025-02-10 06:30:00+00:00,1.031435,1.03177,1.031285,1.0317150000000002,0
2025-02-10 06:45:00+00:00,1.031695,1.03201,1.031655,1.0319,0
2025-02-10 10:00:00+00:00,1.03269,1.0328149999999998,1.032355,1.032575,0
2025-02-10 10:15:00+00:00,1.03257,1.03282,1.0323449999999998,1.03248,0
2025-02-10 10:30:00+00:00,1.032475,1.033245,1.0324,1.0332400000000002,0
2025-02-10 10:45:00+00:00,1.033245,1.0333800000000002,1.03294,1.033,0
2025-02-11 05:00:00+00:00,1.030435,1.030595,1.030375,1.0304799999999998,0
2025-02-11 05:15:00+00:00,1.030485,1.0305900000000001,1.0303300000000002,1.03038,0
2025-02-11 05:30:00+00:00,1.030405,1.030535,1.03022,1.03038,0
2025-02-11 05:45:00+00:00,1.03037,1.0305749999999998,1.0302850000000001,1.030485,0
2025-02-11 19:00:00+00:00,1.03454,1.0346600000000001,1.03423,1.03427,0
2025-02-11 19:15:00+00:00,1.034275,1.03465,1.034205,1.0346199999999999,0
2025-02-11 19:30:00+00:00,1.034605,1.03814,1.0346,1.03635,0
2025-02-11 19:45:00+00:00,1.0363600000000002,1.036425,1.0355750000000001,1.035815,0
2025-02-12 04:00:00+00:00,1.0362,1.03621,1.0359099999999999,1.036015,0
2025-02-12 04:15:00+00:00,1.03601,1.036345,1.03601,1.036205,0
2025-02-12 04:30:00+00:00,1.03621,1.0362200000000001,1.03587,1.03592,0
2025-02-12 04:45:00+00:00,1.035925,1.03596,1.035615,1.03564,0
2025-02-12 14:00:00+00:00,1.0333100000000002,1.034265,1.032545,1.033995,0
2025-02-12 14:15:00+00:00,1.033985,1.0348549999999999,1.0338850000000002,1.034795,0
2025-02-12 14:30:00+00:00,1.034805,1.035365,1.034225,1.03456,0
2025-02-12 14:45:00+00:00,1.0345550000000001,1.035075,1.034335,1.03503,0
2025-02-12 19:00:00+00:00,1.038935,1.039205,1.03856,1.03874,0
2025-02-12 19:15:00+00:00,1.038745,1.039025,1.038475,1.038975,0
2025-02-12 19:30:00+00:00,1.03897,1.03934,1.0389300000000001,1.038975,0
2025-02-12 19:45:00+00:00,1.03898,1.0391650000000001,1.03869,1.03912,0
2025-02-17 04:00:00+00:00,1.04945,1.04956,1.048935,1.049185,0
2025-02-17 04:15:00+00:00,1.0492,1.0493800000000002,1.04913,1.049325,0
2025-02-17 04:30:00+00:00,1.0493299999999999,1.049495,1.0493000000000001,1.0494949999999998,0
2025-02-17 04:45:00+00:00,1.049505,1.049735,1.04942,1.04956,0
2025-02-17 11:00:00+00:00,1.0489000000000002,1.0489199999999999,1.04841,1.0485600000000002,0
2025-02-17 11:15:00+00:00,1.048565,1.048885,1.0482399999999998,1.04828,0
2025-02-17 11:30:00+00:00,1.04827,1.04832,1.04779,1.04794,0
2025-02-17 11:45:00+00:00,1.0479500000000002,1.048295,1.0479349999999998,1.04819,0
2025-02-18 02:00:00+00:00,1.04663,1.046935,1.046565,1.0468449999999998,0
2025-02-18 02:15:00+00:00,1.04684,1.04699,1.046665,1.0467300000000002,0
2025-02-18 02:30:00+00:00,1.046725,1.047075,1.04667,1.046805,0
2025-02-18 02:45:00+00:00,1.0468,1.04696,1.046675,1.046765,0
2025-02-18 12:00:00+00:00,1.0462850000000001,1.0467149999999998,1.0458500000000002,1.04588,0
2025-02-18 12:15:00+00:00,1.04586,1.0458699999999999,1.0453000000000001,1.04541,0
2025-02-18 12:30:00+00:00,1.045405,1.04602,1.045405,1.0459,0
2025-02-18 12:45:00+00:00,1.0458949999999998,1.0459,1.0453800000000002,1.0455299999999998,0
2025-02-19 01:00:00+00:00,1.044605,1.0447600000000001,1.044175,1.0446749999999998,0
2025-02-19 01:15:00+00:00,1.044665,1.04481,1.0444849999999999,1.0446149999999998,0
2025-02-19 01:30:00+00:00,1.04461,1.0447199999999999,1.04428,1.0443099999999998,0
2025-02-19 01:45:00+00:00,1.044305,1.04468,1.04412,1.044665,0
2025-02-19 07:00:00+00:00,1.045535,1.0459450000000001,1.0452599999999999,1.045375,0
2025-02-19 07:15:00+00:00,1.0453899999999998,1.04576,1.04523,1.04532,0
2025-02-19 07:30:00+00:00,1.045315,1.045425,1.044875,1.04542,0
2025-02-19 07:45:00+00:00,1.045425,1.045725,1.0450249999999999,1.04513,0
2025-02-19 16:00:00+00:00,1.0424,1.04249,1.0411450000000002,1.04172,0
2025-02-19 16:15:00+00:00,1.041725,1.04189,1.04059,1.0406849999999999,0
2025-02-19 16:30:00+00:00,1.04068,1.04148,1.04061,1.04122,0
2025-02-19 16:45:00+00:00,1.0412050000000002,1.04127,1.040425,1.04047,0
2025-02-20 05:00:00+00:00,1.04303,1.043345,1.0429300000000001,1.04326,0
2025-02-20 05:15:00+00:00,1.0432649999999999,1.04343,1.04307,1.043155,0
2025-02-20 05:30:00+00:00,1.043165,1.043165,1.04281,1.04281,0
2025-02-20 05:45:00+00:00,1.04282,1.043145,1.0426950000000001,1.042775,0
2025-02-20 09:00:00+00:00,1.043335,1.043585,1.04301,1.043495,0
2025-02-20 09:15:00+00:00,1.04351,1.0438399999999999,1.0431499999999998,1.043315,0
2025-02-20 09:30:00+00:00,1.04332,1.04341,1.04287,1.04317,0
2025-02-20 09:45:00+00:00,1.0431650000000001,1.0438100000000001,1.04311,1.043715,0
2025-02-20 19:00:00+00:00,1.04981,1.04981,1.0492,1.04965,0
2025-02-20 19:15:00+00:00,1.049655,1.049655,1.048935,1.049305,0
2025-02-20 19:30:00+00:00,1.0493100000000002,1.04986,1.049245,1.0498349999999999,0
2025-02-20 19:45:00+00:00,1.04983,1.05033,1.049775,1.05016,0
2025-02-21 16:00:00+00:00,1.04541,1.04578,1.04523,1.0453999999999999,0
2025-02-21 16:15:00+00:00,1.045395,1.04549,1.0449350000000002,1.0451350000000001,0
2025-02-21 16:30:00+00:00,1.0451199999999998,1.0457100000000001,1.0450249999999999,1.045675,0
2025-02-21 16:45:00+00:00,1.0456699999999999,1.04568,1.044965,1.04547,0
2025-02-21 21:00:00+00:00,1.046075,1.0462150000000001,1.04597,1.046035,0
2025-02-21 21:15:00+00:00,1.04603,1.0460699999999998,1.045885,1.045965,0
2025-02-21 21:30:00+00:00,1.04596,1.046085,1.045895,1.046055,0
2025-02-21 21:45:00+00:00,1.0460500000000001,1.0462099999999999,1.04585,1.04602,0
2025-02-24 03:00:00+00:00,1.052295,1.052475,1.052035,1.05222,0
2025-02-24 03:15:00+00:00,1.05221,1.05257,1.05188,1.05192,0
2025-02-24 03:30:00+00:00,1.05191,1.052125,1.05169,1.0521,0
2025-02-24 03:45:00+00:00,1.052095,1.0521850000000001,1.05165,1.05195,0
2025-02-24 14:00:00+00:00,1.0467,1.04698,1.046405,1.04647,0
2025-02-24 14:15:00+00:00,1.046465,1.046725,1.046165,1.046585,0
2025-02-24 14:30:00+00:00,1.0466000000000002,1.0466199999999999,1.045815,1.04597,0
2025-02-24 14:45:00+00:00,1.04595,1.04614,1.0452949999999999,1.046055,0
2025-02-26 17:00:00+00:00,1.051355,1.0518399999999999,1.0512299999999999,1.05142,0
2025-02-26 17:15:00+00:00,1.0514100000000002,1.05244,1.050565,1.05234,0
2025-02-26 17:30:00+00:00,1.05232,1.0528849999999998,1.0489799999999998,1.04985,0
2025-02-26 17:45:00+00:00,1.049845,1.049845,1.04834,1.04924,0
2025-02-26 20:00:00+00:00,1.049105,1.049105,1.04839,1.0484399999999998,0
2025-02-26 20:15:00+00:00,1.04846,1.048505,1.048085,1.048365,0
2025-02-26 20:30:00+00:00,1.04836,1.04874,1.048325,1.048695,0
2025-02-26 20:45:00+00:00,1.0486900000000001,1.0487950000000001,1.04855,1.048625,0
2025-02-27 01:00:00+00:00,1.0477500000000002,1.047855,1.047305,1.047855,0
2025-02-27 01:15:00+00:00,1.04786,1.0479150000000002,1.04767,1.04769,0
2025-02-27 01:30:00+00:00,1.047695,1.04816,1.04767,1.048065,0
2025-02-27 01:45:00+00:00,1.048085,1.048335,1.0477750000000001,1.04783,0
2025-02-27 15:00:00+00:00,1.0420150000000001,1.042605,1.0411000000000001,1.0413299999999999,0
2025-02-27 15:15:00+00:00,1.0413199999999998,1.04278,1.04114,1.042055,0
2025-02-27 15:30:00+00:00,1.0420500000000001,1.0422150000000001,1.04152,1.04165,0
2025-02-27 15:45:00+00:00,1.04163,1.041715,1.04096,1.04151,0
2025-02-27 23:00:00+00:00,1.039485,1.0400550000000002,1.03926,1.0399699999999998,0
2025-02-27 23:15:00+00:00,1.039955,1.040025,1.03986,1.039905,0
2025-02-27 23:30:00+00:00,1.03991,1.03991,1.039545,1.039615,0
2025-02-27 23:45:00+00:00,1.03963,1.039675,1.039355,1.039385,0
2025-03-02 23:00:00+00:00,1.040395,1.0417100000000001,1.040015,1.04121,0
2025-03-02 23:15:00+00:00,1.041195,1.04211,1.04097,1.041555,0
2025-03-02 23:30:00+00:00,1.04156,1.042115,1.041515,1.04175,0
2025-03-02 23:45:00+00:00,1.04177,1.0418,1.04121,1.041225,0
2025-03-03 02:00:00+00:00,1.0419800000000001,1.04231,1.041665,1.04218,0
2025-03-03 02:15:00+00:00,1.04215,1.042295,1.04162,1.041665,0
2025-03-03 02:30:00+00:00,1.04165,1.042115,1.0415,1.0419900000000002,0
2025-03-03 02:45:00+00:00,1.041985,1.04234,1.0419,1.042,0
2025-03-03 11:00:00+00:00,1.0442049999999998,1.04496,1.04406,1.04491,0
2025-03-03 11:15:00+00:00,1.044915,1.04515,1.044445,1.04505,0
2025-03-03 11:30:00+00:00,1.045045,1.04575,1.04494,1.045485,0
2025-03-03 11:45:00+00:00,1.0454750000000002,1.04581,1.044895,1.0452599999999999,0
2025-03-03 15:00:00+00:00,1.047985,1.04973,1.0477500000000002,1.049165,0
2025-03-03 15:15:00+00:00,1.04915,1.0502150000000001,1.0489600000000001,1.049935,0
2025-03-03 15:30:00+00:00,1.04993,1.05038,1.04875,1.04928,0
2025-03-03 15:45:00+00:00,1.049275,1.049345,1.0484,1.04847,0
2025-03-03 18:00:00+00:00,1.049055,1.04908,1.04879,1.04886,0
2025-03-03 18:15:00+00:00,1.0488849999999998,1.049255,1.0487549999999999,1.04882,0
2025-03-03 18:30:00+00:00,1.048825,1.0492,1.0487799999999998,1.048855,0
2025-03-03 18:45:00+00:00,1.0488499999999998,1.050335,1.0482200000000002,1.048715,0
2025-03-03 21:00:00+00:00,1.0482200000000002,1.04866,1.04805,1.04866,0
2025-03-03 21:15:00+00:00,1.048685,1.04907,1.048555,1.049025,0
2025-03-03 21:30:00+00:00,1.049035,1.049275,1.048975,1.049045,0
2025-03-03 21:45:00+00:00,1.04905,1.0490949999999999,1.04854,1.0487449999999998,0
2025-03-04 02:00:00+00:00,1.04885,1.04902,1.0485600000000002,1.0486849999999999,0
2025-03-04 02:15:00+00:00,1.0487000000000002,1.048705,1.04816,1.04841,0
2025-03-04 02:30:00+00:00,1.0484049999999998,1.0485,1.04803,1.0484300000000002,0
2025-03-04 02:45:00+00:00,1.048435,1.04865,1.0480749999999999,1.0480800000000001,0
2025-03-04 03:00:00+00:00,1.048085,1.048165,1.04771,1.0478200000000002,0
2025-03-04 03:15:00+00:00,1.0478100000000001,1.04839,1.0478100000000001,1.0480749999999999,0
2025-03-04 03:30:00+00:00,1.04807,1.0481150000000001,1.0474999999999999,1.047645,0
2025-03-04 03:45:00+00:00,1.04765,1.04798,1.047595,1.0477349999999999,0
2025-03-04 05:00:00+00:00,1.0478049999999999,1.048345,1.04712,1.0478550000000002,0
2025-03-04 05:15:00+00:00,1.04785,1.04825,1.04783,1.04793,0
2025-03-04 05:30:00+00:00,1.04794,1.048435,1.04788,1.04822,0
2025-03-04 05:45:00+00:00,1.04821,1.04864,1.048155,1.048355,0
2025-03-04 06:00:00+00:00,1.04836,1.048385,1.0479150000000002,1.04792,0
2025-03-04 06:15:00+00:00,1.0479349999999998,1.048915,1.04792,1.04883,0
2025-03-04 06:30:00+00:00,1.0488499999999998,1.04897,1.04834,1.04846,0
2025-03-04 06:45:00+00:00,1.04847,1.04865,1.04814,1.0486,0
2025-03-04 10:00:00+00:00,1.051205,1.051265,1.0505149999999999,1.051265,0
2025-03-04 10:15:00+00:00,1.05126,1.05135,1.050265,1.0505200000000001,0
2025-03-04 10:30:00+00:00,1.0505049999999998,1.0516649999999998,1.05044,1.051495,0
2025-03-04 10:45:00+00:00,1.0514999999999999,1.051955,1.051075,1.051145,0
2025-03-04 11:00:00+00:00,1.051135,1.051965,1.0509849999999998,1.0517349999999999,0
2025-03-04 11:15:00+00:00,1.0517400000000001,1.052085,1.05103,1.0518100000000001,0
2025-03-04 11:30:00+00:00,1.051795,1.05248,1.051695,1.052405,0
2025-03-04 11:45:00+00:00,1.0523950000000002,1.05446,1.052335,1.05442,0
2025-03-04 13:00:00+00:00,1.05532,1.05598,1.055015,1.055315,0
2025-03-04 13:15:00+00:00,1.0553,1.05541,1.05378,1.053965,0
2025-03-04 13:30:00+00:00,1.05397,1.0541749999999999,1.053075,1.0537450000000002,0
2025-03-04 13:45:00+00:00,1.05374,1.054345,1.05349,1.0539100000000001,0
2025-03-04 16:00:00+00:00,1.05263,1.05295,1.05154,1.0526,0
2025-03-04 16:15:00+00:00,1.0525799999999998,1.05397,1.0525099999999998,1.0526049999999998,0
2025-03-04 16:30:00+00:00,1.0526,1.053705,1.052395,1.0535450000000002,0
2025-03-04 16:45:00+00:00,1.05354,1.05368,1.0529549999999999,1.053375,0
2025-03-04 17:00:00+00:00,1.053375,1.05409,1.05323,1.053295,0
2025-03-04 17:15:00+00:00,1.05329,1.0539,1.053095,1.05375,0
2025-03-04 17:30:00+00:00,1.0537450000000002,1.0541399999999999,1.05307,1.0537100000000001,0
2025-03-04 17:45:00+00:00,1.053705,1.0544099999999998,1.0536699999999999,1.0541800000000001,0
2025-03-04 18:00:00+00:00,1.05417,1.057195,1.053785,1.0569000000000002,0
2025-03-04 18:15:00+00:00,1.056915,1.05735,1.056015,1.05731,0
2025-03-04 18:30:00+00:00,1.057305,1.05822,1.057035,1.058195,0
2025-03-04 18:45:00+00:00,1.05819,1.0591249999999999,1.0575800000000002,1.05907,0
2025-03-04 20:00:00+00:00,1.0600749999999999,1.0614750000000002,1.06007,1.06147,0
2025-03-04 20:15:00+00:00,1.061465,1.06237,1.06108,1.061725,0
2025-03-04 20:30:00+00:00,1.0617,1.061725,1.06032,1.06076,0
2025-03-04 20:45:00+00:00,1.06077,1.061395,1.0606499999999999,1.060855,0
2025-03-04 21:00:00+00:00,1.0608650000000002,1.06188,1.06084,1.061035,0
2025-03-04 21:15:00+00:00,1.061015,1.062735,1.06087,1.06244,0
2025-03-04 21:30:00+00:00,1.062435,1.06261,1.061755,1.06214,0
2025-03-04 21:45:00+00:00,1.062135,1.0627499999999999,1.06204,1.0626,0
2025-03-04 22:00:00+00:00,1.0626250000000002,1.06263,1.06223,1.062585,0
2025-03-04 22:15:00+00:00,1.06256,1.06256,1.061865,1.0618850000000002,0
2025-03-04 22:30:00+00:00,1.061895,1.0619399999999999,1.0618599999999998,1.061915,0
2025-03-04 22:45:00+00:00,1.0619049999999999,1.062065,1.061805,1.061995,0
2025-03-04 23:00:00+00:00,1.061975,1.0637050000000001,1.061975,1.063555,0
2025-03-04 23:15:00+00:00,1.063565,1.063565,1.06211,1.062605,0
2025-03-04 23:30:00+00:00,1.062595,1.062935,1.0622500000000001,1.0625149999999999,0
2025-03-04 23:45:00+00:00,1.062525,1.06285,1.06229,1.06233,0
2025-03-05 00:00:00+00:00,1.062325,1.062405,1.061505,1.061515,0
2025-03-05 00:15:00+00:00,1.061505,1.06169,1.061085,1.0616400000000001,0
2025-03-05 00:30:00+00:00,1.0616050000000001,1.0621,1.061375,1.0618349999999999,0
2025-03-05 00:45:00+00:00,1.0618400000000001,1.06275,1.061545,1.0621,0
2025-03-05 01:00:00+00:00,1.06211,1.0622250000000002,1.061505,1.0620150000000002,0
2025-03-05 01:15:00+00:00,1.06202,1.062775,1.061655,1.061715,0
2025-03-05 01:30:00+00:00,1.06175,1.06188,1.06087,1.06127,0
2025-03-05 01:45:00+00:00,1.0612599999999999,1.061845,1.0612,1.06128,0
2025-03-05 02:00:00+00:00,1.061285,1.061425,1.060645,1.06098,0
2025-03-05 02:15:00+00:00,1.060985,1.061585,1.060575,1.0606499999999999,0
2025-03-05 02:30:00+00:00,1.0606550000000001,1.06088,1.06039,1.0608,0
2025-03-05 02:45:00+00:00,1.0608,1.061085,1.0604149999999999,1.06043,0
2025-03-05 03:00:00+00:00,1.0604149999999999,1.06066,1.06021,1.060625,0
2025-03-05 03:15:00+00:00,1.060635,1.060985,1.06061,1.060775,0
2025-03-05 03:30:00+00:00,1.0607799999999998,1.061015,1.060635,1.06066,0
2025-03-05 03:45:00+00:00,1.060665,1.062025,1.0605799999999999,1.06182,0
2025-03-05 04:00:00+00:00,1.0618249999999998,1.0621999999999998,1.061815,1.06212,0
2025-03-05 04:15:00+00:00,1.06211,1.06214,1.061555,1.0616400000000001,0
2025-03-05 04:30:00+00:00,1.061645,1.06258,1.061585,1.062135,0
2025-03-05 04:45:00+00:00,1.062125,1.062125,1.06171,1.0619,0
2025-03-05 05:00:00+00:00,1.0618949999999998,1.06244,1.0618949999999998,1.062395,0
2025-03-05 05:15:00+00:00,1.0624,1.0624250000000002,1.061925,1.06195,0
2025-03-05 05:30:00+00:00,1.0619399999999999,1.062405,1.06189,1.06225,0
2025-03-05 05:45:00+00:00,1.062265,1.063245,1.06225,1.06315,0
2025-03-05 06:00:00+00:00,1.063155,1.063855,1.0630799999999998,1.063855,0
2025-03-05 06:15:00+00:00,1.06385,1.0639,1.0626,1.062665,0
2025-03-05 06:30:00+00:00,1.06267,1.063355,1.0625900000000001,1.06294,0
2025-03-05 06:45:00+00:00,1.062935,1.063455,1.062445,1.06324,0
2025-03-06 06:00:00+00:00,1.081045,1.08192,1.08097,1.0819,0
2025-03-06 06:15:00+00:00,1.081905,1.082005,1.08094,1.0810499999999998,0
2025-03-06 06:30:00+00:00,1.0810300000000002,1.08107,1.0802,1.08073,0
2025-03-06 06:45:00+00:00,1.080735,1.080735,1.079925,1.0802800000000001,0
2025-03-06 17:00:00+00:00,1.081745,1.08224,1.08067,1.080685,0
2025-03-06 17:15:00+00:00,1.080695,1.08108,1.08008,1.08099,0
2025-03-06 17:30:00+00:00,1.081005,1.08114,1.07974,1.079885,0
2025-03-06 17:45:00+00:00,1.07988,1.079885,1.079165,1.07971,0
2025-03-07 08:00:00+00:00,1.0830000000000002,1.0838999999999999,1.08262,1.0838999999999999,0
2025-03-07 08:15:00+00:00,1.083895,1.084805,1.0836999999999999,1.0847950000000002,0
2025-03-07 08:30:00+00:00,1.0848,1.085505,1.08466,1.085195,0
2025-03-07 08:45:00+00:00,1.0851899999999999,1.08551,1.0844,1.08509,0
2025-03-10 17:00:00+00:00,1.08303,1.083665,1.08259,1.083535,0
2025-03-10 17:15:00+00:00,1.0835400000000002,1.0839400000000001,1.083345,1.0836649999999999,0
2025-03-10 17:30:00+00:00,1.0836700000000001,1.084345,1.0835,1.084025,0
2025-03-10 17:45:00+00:00,1.08402,1.0845799999999999,1.08289,1.08298,0
2025-03-11 01:00:00+00:00,1.0851700000000002,1.085295,1.0844900000000002,1.0848900000000001,0
2025-03-11 01:15:00+00:00,1.084895,1.08505,1.0846,1.084795,0
2025-03-11 01:30:00+00:00,1.08479,1.0854650000000001,1.08438,1.08538,0
2025-03-11 01:45:00+00:00,1.085375,1.08588,1.08528,1.085815,0
2025-03-11 14:00:00+00:00,1.09202,1.09205,1.090045,1.09112,0
2025-03-11 14:15:00+00:00,1.091115,1.09162,1.08952,1.090045,0
2025-03-11 14:30:00+00:00,1.0900400000000001,1.09105,1.09003,1.090945,0
2025-03-11 14:45:00+00:00,1.0909499999999999,1.091965,1.0909149999999999,1.09192,0
2025-03-12 04:00:00+00:00,1.089735,1.08986,1.089595,1.08976,0
2025-03-12 04:15:00+00:00,1.089755,1.0902699999999999,1.08968,1.09017,0
2025-03-12 04:30:00+00:00,1.09016,1.090255,1.08978,1.0900400000000001,0
2025-03-12 04:45:00+00:00,1.090045,1.09027,1.0897700000000001,1.0898949999999998,0
2025-03-12 16:00:00+00:00,1.092435,1.0925950000000002,1.091715,1.092555,0
2025-03-12 16:15:00+00:00,1.092575,1.092795,1.09138,1.0915599999999999,0
2025-03-12 16:30:00+00:00,1.0915499999999998,1.0916350000000001,1.0910199999999999,1.09117,0
2025-03-12 16:45:00+00:00,1.09118,1.09118,1.09057,1.09058,0
2025-03-17 22:00:00+00:00,1.09228,1.09234,1.092005,1.092005,0
2025-03-17 22:15:00+00:00,1.092,1.09205,1.09193,1.091965,0
2025-03-17 22:30:00+00:00,1.092,1.09225,1.09199,1.09213,0
2025-03-17 22:45:00+00:00,1.092145,1.0922749999999999,1.092125,1.092125,0
2025-03-18 05:00:00+00:00,1.091095,1.09124,1.09101,1.09111,0
2025-03-18 05:15:00+00:00,1.091125,1.0912250000000001,1.09101,1.09104,0
2025-03-18 05:30:00+00:00,1.0910350000000002,1.09123,1.0910350000000002,1.0911849999999998,0
2025-03-18 05:45:00+00:00,1.09118,1.091345,1.09074,1.0907900000000001,0
2025-03-18 12:00:00+00:00,1.0916350000000001,1.09238,1.0915599999999999,1.0919249999999998,0
2025-03-18 12:15:00+00:00,1.09193,1.0920999999999998,1.0914350000000002,1.09151,0
2025-03-18 12:30:00+00:00,1.09151,1.09152,1.089275,1.090635,0
2025-03-18 12:45:00+00:00,1.09064,1.09127,1.0901200000000002,1.091155,0
2025-03-19 18:00:00+00:00,1.08703,1.089615,1.086525,1.0887850000000001,0
2025-03-19 18:15:00+00:00,1.0887600000000002,1.0893899999999999,1.088155,1.0888550000000001,0
2025-03-19 18:30:00+00:00,1.088835,1.0912899999999999,1.0886049999999998,1.09128,0
2025-03-19 18:45:00+00:00,1.091265,1.091325,1.0901,1.0907900000000001,0
2025-03-20 03:00:00+00:00,1.0909149999999999,1.091045,1.0907200000000001,1.09101,0
2025-03-20 03:15:00+00:00,1.091005,1.0911650000000002,1.090945,1.091145,0
2025-03-20 03:30:00+00:00,1.091135,1.0914199999999998,1.090975,1.09121,0
2025-03-20 03:45:00+00:00,1.091205,1.09121,1.09078,1.09098,0
2025-03-21 02:00:00+00:00,1.08526,1.0855100000000002,1.08515,1.085435,0
2025-03-21 02:15:00+00:00,1.08542,1.08542,1.084475,1.084915,0
2025-03-21 02:30:00+00:00,1.0849099999999998,1.084935,1.08449,1.0845,0
2025-03-21 02:45:00+00:00,1.084495,1.0845850000000001,1.0842450000000001,1.08443,0
2025-03-21 13:00:00+00:00,1.083215,1.0834350000000001,1.082635,1.0830899999999999,0
2025-03-21 13:15:00+00:00,1.08311,1.083495,1.08271,1.08319,0
2025-03-21 13:30:00+00:00,1.0832000000000002,1.083485,1.08294,1.08337,0
2025-03-21 13:45:00+00:00,1.0833599999999999,1.083605,1.08253,1.08321,0
2025-03-25 07:00:00+00:00,1.079465,1.080215,1.079355,1.079945,0
2025-03-25 07:15:00+00:00,1.0799500000000002,1.0799750000000001,1.078955,1.07934,0
2025-03-25 07:30:00+00:00,1.079345,1.079345,1.07851,1.0787049999999998,0
2025-03-25 07:45:00+00:00,1.078675,1.07937,1.0785900000000002,1.07874,0
2025-03-25 20:00:00+00:00,1.079545,1.07958,1.078995,1.07925,0
2025-03-25 20:15:00+00:00,1.07926,1.07941,1.079115,1.07912,0
2025-03-25 20:30:00+00:00,1.079115,1.079315,1.07901,1.079245,0
2025-03-25 20:45:00+00:00,1.07924,1.079245,1.0790449999999998,1.07914,0
2025-03-26 07:00:00+00:00,1.0787,1.0788950000000002,1.078145,1.07885,0
2025-03-26 07:15:00+00:00,1.0788449999999998,1.0791499999999998,1.078315,1.07903,0
2025-03-26 07:30:00+00:00,1.07904,1.079075,1.07837,1.078795,0
2025-03-26 07:45:00+00:00,1.0787900000000001,1.078935,1.078315,1.0786250000000002,0
2025-03-28 05:00:00+00:00,1.0788600000000002,1.079075,1.07878,1.0788099999999998,0
2025-03-28 05:15:00+00:00,1.0788,1.0789499999999999,1.0786449999999999,1.078945,0
2025-03-28 05:30:00+00:00,1.0789300000000002,1.079065,1.078795,1.078855,0
2025-03-28 05:45:00+00:00,1.0788600000000002,1.07932,1.078675,1.0790899999999999,0
2025-03-31 04:00:00+00:00,1.08332,1.0836000000000001,1.08316,1.0834700000000002,0
2025-03-31 04:15:00+00:00,1.08346,1.083585,1.08318,1.08337,0
2025-03-31 04:30:00+00:00,1.0833599999999999,1.083475,1.083205,1.08337,0
2025-03-31 04:45:00+00:00,1.0833750000000002,1.08351,1.08313,1.08343,0
2025-04-01 18:00:00+00:00,1.079305,1.07948,1.07905,1.07928,0
2025-04-01 18:15:00+00:00,1.079285,1.0793050000000002,1.078995,1.0790600000000001,0
2025-04-01 18:30:00+00:00,1.079065,1.07937,1.0787499999999999,1.079035,0
2025-04-01 18:45:00+00:00,1.0790449999999998,1.0790549999999999,1.07853,1.0787200000000001,0
2025-04-01 22:00:00+00:00,1.079415,1.07992,1.079285,1.079585,0
2025-04-01 22:15:00+00:00,1.079595,1.080825,1.079595,1.080645,0
2025-04-01 22:30:00+00:00,1.0806399999999998,1.080715,1.08003,1.080085,0
2025-04-01 22:45:00+00:00,1.08009,1.080175,1.0797750000000002,1.0799150000000002,0
2025-04-02 20:00:00+00:00,1.0849799999999998,1.089895,1.083305,1.088605,0
2025-04-02 20:15:00+00:00,1.0886149999999999,1.09247,1.0815649999999999,1.085335,0
2025-04-02 20:30:00+00:00,1.085365,1.0857999999999999,1.0810849999999999,1.081855,0
2025-04-02 20:45:00+00:00,1.08183,1.086205,1.081375,1.085345,0
2025-04-03 00:00:00+00:00,1.090405,1.0906600000000002,1.08888,1.08907,0
2025-04-03 00:15:00+00:00,1.089055,1.089175,1.0881349999999999,1.08834,0
2025-04-03 00:30:00+00:00,1.08832,1.090405,1.08798,1.08997,0
2025-04-03 00:45:00+00:00,1.089975,1.090745,1.0889449999999998,1.08908,0
2025-04-03 23:00:00+00:00,1.1064150000000001,1.106495,1.104875,1.10524,0
2025-04-03 23:15:00+00:00,1.1052149999999998,1.1052149999999998,1.10436,1.104465,0
2025-04-03 23:30:00+00:00,1.10445,1.10511,1.1044100000000001,1.10467,0
2025-04-03 23:45:00+00:00,1.10465,1.105105,1.104215,1.10453,0
2025-04-04 07:00:00+00:00,1.10506,1.106715,1.1050200000000001,1.10641,0
2025-04-04 07:15:00+00:00,1.1064150000000001,1.10662,1.10483,1.10492,0
2025-04-04 07:30:00+00:00,1.104905,1.10532,1.101705,1.102245,0
2025-04-04 07:45:00+00:00,1.10225,1.10241,1.09998,1.100425,0
2025-04-04 17:00:00+00:00,1.097165,1.0976949999999999,1.092455,1.094065,0
2025-04-04 17:15:00+00:00,1.0940699999999999,1.094725,1.09266,1.0931199999999999,0
2025-04-04 17:30:00+00:00,1.093115,1.094585,1.0926,1.09414,0
2025-04-04 17:45:00+00:00,1.09416,1.0956299999999999,1.0938400000000001,1.094745,0
2025-04-08 04:00:00+00:00,1.096345,1.0968300000000002,1.09622,1.0968300000000002,0
2025-04-08 04:15:00+00:00,1.096835,1.0979649999999999,1.0967600000000002,1.0977999999999999,0
2025-04-08 04:30:00+00:00,1.0977649999999999,1.09789,1.09726,1.09728,0
2025-04-08 04:45:00+00:00,1.09727,1.097615,1.097135,1.09761,0
2025-04-08 23:00:00+00:00,1.096825,1.09796,1.0966399999999998,1.0974,0
2025-04-08 23:15:00+00:00,1.09741,1.0979700000000001,1.096965,1.09792,0
2025-04-08 23:30:00+00:00,1.097915,1.098265,1.0977700000000001,1.097905,0
2025-04-08 23:45:00+00:00,1.09792,1.09852,1.097595,1.09775,0
2025-04-09 17:00:00+00:00,1.1020349999999999,1.10276,1.09937,1.102465,0
2025-04-09 17:15:00+00:00,1.102455,1.1063649999999998,1.094595,1.09787,0
2025-04-09 17:30:00+00:00,1.0978750000000002,1.100825,1.09638,1.10035,0
2025-04-09 17:45:00+00:00,1.10034,1.10195,1.09721,1.0977350000000001,0
2025-04-10 13:00:00+00:00,1.1097299999999999,1.111175,1.109105,1.111045,0
2025-04-10 13:15:00+00:00,1.111055,1.11224,1.110805,1.1118000000000001,0
2025-04-10 13:30:00+00:00,1.111785,1.112885,1.11107,1.1126399999999999,0
2025-04-10 13:45:00+00:00,1.112635,1.113445,1.11235,1.1127,0
2025-04-14 01:00:00+00:00,1.136565,1.1385800000000001,1.1364450000000001,1.137815,0
2025-04-14 01:15:00+00:00,1.1378249999999999,1.13961,1.137295,1.139155,0
2025-04-14 01:30:00+00:00,1.1391200000000001,1.140895,1.13833,1.139145,0
2025-04-14 01:45:00+00:00,1.1391399999999998,1.14055,1.138145,1.13855,0
2025-04-14 10:00:00+00:00,1.13869,1.1388250000000002,1.137585,1.1375899999999999,0
2025-04-14 10:15:00+00:00,1.137595,1.138455,1.137175,1.138315,0
2025-04-14 10:30:00+00:00,1.13831,1.13923,1.1382400000000001,1.138305,0
2025-04-14 10:45:00+00:00,1.13829,1.138805,1.13829,1.13874,0
2025-04-14 14:00:00+00:00,1.132705,1.1338650000000001,1.1320000000000001,1.13385,0
2025-04-14 14:15:00+00:00,1.133845,1.134975,1.13366,1.134895,0
2025-04-14 14:30:00+00:00,1.1349,1.136675,1.134875,1.1351900000000001,0
2025-04-14 14:45:00+00:00,1.13518,1.13681,1.13475,1.13677,0
2025-04-14 18:00:00+00:00,1.13385,1.135205,1.133795,1.1339350000000001,0
2025-04-14 18:15:00+00:00,1.13395,1.135035,1.1338249999999999,1.134785,0
2025-04-14 18:30:00+00:00,1.13479,1.134905,1.13439,1.134495,0
2025-04-14 18:45:00+00:00,1.1345100000000001,1.135715,1.13427,1.135445,0
2025-04-14 22:00:00+00:00,1.135395,1.136135,1.13455,1.13462,0
2025-04-14 22:15:00+00:00,1.13463,1.13527,1.1345649999999998,1.135265,0
2025-04-14 22:30:00+00:00,1.135275,1.135805,1.135275,1.135445,0
2025-04-14 22:45:00+00:00,1.13543,1.13543,1.1350449999999999,1.13538,0
2025-04-15 13:00:00+00:00,1.13127,1.132835,1.130965,1.131555,0
2025-04-15 13:15:00+00:00,1.1315650000000002,1.131855,1.1305299999999998,1.13109,0
2025-04-15 13:30:00+00:00,1.1311,1.1323599999999998,1.13077,1.131305,0
2025-04-15 13:45:00+00:00,1.13131,1.1328550000000002,1.13104,1.1317650000000001,0
2025-04-15 18:00:00+00:00,1.127285,1.127285,1.12683,1.126895,0
2025-04-15 18:15:00+00:00,1.1269,1.12768,1.1267999999999998,1.1275249999999999,0
2025-04-15 18:30:00+00:00,1.127515,1.127585,1.12665,1.12699,0
2025-04-15 18:45:00+00:00,1.1270099999999998,1.1275050000000002,1.1268099999999999,1.12736,0
2025-04-16 02:00:00+00:00,1.1323850000000002,1.133075,1.131785,1.132275,0
2025-04-16 02:15:00+00:00,1.13226,1.13306,1.13212,1.13276,0
2025-04-16 02:30:00+00:00,1.132765,1.133195,1.132695,1.133025,0
2025-04-16 02:45:00+00:00,1.1330200000000001,1.133185,1.132165,1.1327699999999998,0
2025-04-16 05:00:00+00:00,1.13461,1.13498,1.1341350000000001,1.1346850000000002,0
2025-04-16 05:15:00+00:00,1.1347,1.13487,1.134425,1.134815,0
2025-04-16 05:30:00+00:00,1.13483,1.1356549999999999,1.134495,1.1356549999999999,0
2025-04-16 05:45:00+00:00,1.135645,1.13855,1.135085,1.13809,0
2025-04-16 12:00:00+00:00,1.1363400000000001,1.1365500000000002,1.13502,1.13525,0
2025-04-16 12:15:00+00:00,1.13527,1.13639,1.134995,1.1356000000000002,0
2025-04-16 12:30:00+00:00,1.135605,1.136545,1.1341649999999999,1.1356600000000001,0
2025-04-16 12:45:00+00:00,1.1356700000000002,1.13579,1.134055,1.13516,0
2025-04-16 21:00:00+00:00,1.13988,1.14004,1.1395,1.1399249999999999,0
2025-04-16 21:15:00+00:00,1.139935,1.139955,1.139735,1.139745,0
2025-04-16 21:30:00+00:00,1.139735,1.13998,1.139715,1.13993,0
2025-04-16 21:45:00+00:00,1.1399400000000002,1.139975,1.13968,1.1397599999999999,0
2025-04-17 01:00:00+00:00,1.136795,1.136795,1.135735,1.1362999999999999,0
2025-04-17 01:15:00+00:00,1.136305,1.136925,1.135955,1.136085,0
2025-04-17 01:30:00+00:00,1.13608,1.136435,1.135545,1.135935,0
2025-04-17 01:45:00+00:00,1.1359400000000002,1.13673,1.135875,1.136555,0
2025-04-17 13:00:00+00:00,1.135675,1.13778,1.13511,1.135535,0
2025-04-17 13:15:00+00:00,1.13553,1.136885,1.13519,1.13657,0
2025-04-17 13:30:00+00:00,1.13656,1.13686,1.13544,1.13596,0
2025-04-17 13:45:00+00:00,1.13597,1.13651,1.1355,1.13613,0
2025-04-17 16:00:00+00:00,1.136345,1.13712,1.135645,1.136055,0
2025-04-17 16:15:00+00:00,1.136045,1.136415,1.13504,1.1350799999999999,0
2025-04-17 16:30:00+00:00,1.1350850000000001,1.1359750000000002,1.13402,1.1359599999999999,0
2025-04-17 16:45:00+00:00,1.13595,1.13597,1.134565,1.1350799999999999,0
2025-04-17 19:00:00+00:00,1.13734,1.13753,1.13692,1.1369850000000001,0
2025-04-17 19:15:00+00:00,1.13699,1.137545,1.13685,1.137345,0
2025-04-17 19:30:00+00:00,1.13734,1.13761,1.13728,1.1375250000000001,0
2025-04-17 19:45:00+00:00,1.1375199999999999,1.1375199999999999,1.137095,1.13733,0
2025-04-18 01:00:00+00:00,1.137475,1.13771,1.137205,1.13737,0
2025-04-18 01:15:00+00:00,1.137355,1.1374300000000002,1.13683,1.137415,0
2025-04-18 01:30:00+00:00,1.13741,1.13744,1.1369099999999999,1.137275,0
2025-04-18 01:45:00+00:00,1.1372749999999998,1.13736,1.1369799999999999,1.13716,0
2025-04-18 18:00:00+00:00,1.13924,1.139485,1.139075,1.1393900000000001,0
2025-04-18 18:15:00+00:00,1.139395,1.139525,1.13932,1.1394,0
2025-04-18 18:30:00+00:00,1.1393900000000001,1.139545,1.13931,1.1394449999999998,0
2025-04-18 18:45:00+00:00,1.13944,1.1395499999999998,1.13919,1.13945,0
2025-04-20 22:00:00+00:00,1.140845,1.14295,1.13947,1.141915,0
2025-04-20 22:15:00+00:00,1.1418949999999999,1.143885,1.1417449999999998,1.142145,0
2025-04-20 22:30:00+00:00,1.142185,1.1429900000000002,1.141815,1.1429649999999998,0
2025-04-20 22:45:00+00:00,1.14298,1.1437400000000002,1.142555,1.14329,0
2025-04-21 01:00:00+00:00,1.14664,1.1478700000000002,1.14664,1.14729,0
2025-04-21 01:15:00+00:00,1.1473149999999999,1.14786,1.14712,1.14782,0
2025-04-21 01:30:00+00:00,1.147835,1.14788,1.146515,1.14682,0
2025-04-21 01:45:00+00:00,1.146835,1.1478199999999998,1.146685,1.147685,0
2025-04-21 08:00:00+00:00,1.155555,1.15617,1.15434,1.15435,0
2025-04-21 08:15:00+00:00,1.154355,1.15481,1.1537899999999999,1.154385,0
2025-04-21 08:30:00+00:00,1.15441,1.155755,1.15398,1.1557,0
2025-04-21 08:45:00+00:00,1.1557149999999998,1.15647,1.15561,1.155825,0
2025-04-21 10:00:00+00:00,1.1547100000000001,1.154855,1.153975,1.15436,0
2025-04-21 10:15:00+00:00,1.15434,1.1545,1.153305,1.153385,0
2025-04-21 10:30:00+00:00,1.15339,1.153495,1.15218,1.1523050000000001,0
2025-04-21 10:45:00+00:00,1.15231,1.153205,1.1521599999999999,1.15236,0
2025-04-21 12:00:00+00:00,1.1543,1.155,1.153695,1.15375,0
2025-04-21 12:15:00+00:00,1.153745,1.15495,1.153095,1.153105,0
2025-04-21 12:30:00+00:00,1.15311,1.15332,1.152155,1.15331,0
2025-04-21 12:45:00+00:00,1.153305,1.1542750000000002,1.15312,1.15427,0
2025-04-21 20:00:00+00:00,1.15131,1.1516099999999998,1.1510500000000001,1.15115,0
2025-04-21 20:15:00+00:00,1.151135,1.151145,1.15061,1.150645,0
2025-04-21 20:30:00+00:00,1.15065,1.15068,1.1505,1.150575,0
2025-04-21 20:45:00+00:00,1.150585,1.1514950000000002,1.150575,1.15149,0
2025-04-22 01:00:00+00:00,1.149065,1.149835,1.149035,1.149225,0
2025-04-22 01:15:00+00:00,1.149225,1.14946,1.14858,1.148995,0
2025-04-22 01:30:00+00:00,1.1489850000000001,1.149845,1.1488800000000001,1.149165,0
2025-04-22 01:45:00+00:00,1.1491699999999998,1.149735,1.1489500000000001,1.149465,0
2025-04-22 09:00:00+00:00,1.149995,1.1507800000000001,1.1496849999999998,1.150355,0
2025-04-22 09:15:00+00:00,1.1503649999999999,1.15054,1.14959,1.14975,0
2025-04-22 09:30:00+00:00,1.1497600000000001,1.1506,1.14966,1.15056,0
2025-04-22 09:45:00+00:00,1.15055,1.150555,1.148795,1.149065,0
2025-04-22 14:00:00+00:00,1.14745,1.14752,1.14612,1.146555,0
2025-04-22 14:15:00+00:00,1.14655,1.147145,1.14629,1.146415,0
2025-04-22 14:30:00+00:00,1.146405,1.1492200000000001,1.14638,1.14858,0
2025-04-22 14:45:00+00:00,1.1485750000000001,1.14912,1.147445,1.147815,0
2025-04-22 17:00:00+00:00,1.14341,1.1437249999999999,1.143095,1.14345,0
2025-04-22 17:15:00+00:00,1.1434549999999999,1.144865,1.14345,1.144485,0
2025-04-22 17:30:00+00:00,1.14449,1.145155,1.14323,1.143325,0
2025-04-22 17:45:00+00:00,1.1433499999999999,1.14542,1.1433499999999999,1.1450399999999998,0
2025-04-22 20:00:00+00:00,1.1421100000000002,1.142895,1.141995,1.14276,0
2025-04-22 20:15:00+00:00,1.142765,1.14301,1.142,1.142,0
2025-04-22 20:30:00+00:00,1.14201,1.142125,1.1418,1.14184,0
2025-04-22 20:45:00+00:00,1.141845,1.14212,1.141775,1.14212,0
2025-04-23 01:00:00+00:00,1.13977,1.14038,1.138445,1.138705,0
2025-04-23 01:15:00+00:00,1.1387,1.13965,1.138645,1.139135,0
2025-04-23 01:30:00+00:00,1.13913,1.14094,1.139095,1.1409150000000001,0
2025-04-23 01:45:00+00:00,1.1408999999999998,1.141545,1.140535,1.140725,0
2025-04-23 04:00:00+00:00,1.1379299999999999,1.138145,1.137095,1.1371850000000001,0
2025-04-23 04:15:00+00:00,1.13719,1.138565,1.13709,1.1382949999999998,0
2025-04-23 04:30:00+00:00,1.138305,1.138855,1.1381350000000001,1.138785,0
2025-04-23 04:45:00+00:00,1.138795,1.13918,1.13861,1.139015,0
2025-04-23 08:00:00+00:00,1.1386,1.1391900000000001,1.1379899999999998,1.1384400000000001,0
2025-04-23 08:15:00+00:00,1.1384599999999998,1.13962,1.13828,1.13953,0
2025-04-23 08:30:00+00:00,1.139485,1.14062,1.1391399999999998,1.14062,0
2025-04-23 08:45:00+00:00,1.1406100000000001,1.141535,1.140515,1.14131,0
2025-04-23 15:00:00+00:00,1.135345,1.1359400000000002,1.134605,1.1350850000000001,0
2025-04-23 15:15:00+00:00,1.135095,1.13834,1.134395,1.13797,0
2025-04-23 15:30:00+00:00,1.137985,1.13801,1.1364800000000002,1.136905,0
2025-04-23 15:45:00+00:00,1.1369,1.1369799999999999,1.1347,1.13489,0
2025-04-24 00:00:00+00:00,1.13296,1.132985,1.13216,1.13283,0
2025-04-24 00:15:00+00:00,1.13284,1.134125,1.13235,1.13396,0
2025-04-24 00:30:00+00:00,1.133955,1.13401,1.133025,1.133225,0
2025-04-24 00:45:00+00:00,1.133205,1.13467,1.1330149999999999,1.1343800000000002,0
2025-04-24 16:00:00+00:00,1.13612,1.1368550000000002,1.1357849999999998,1.136655,0
2025-04-24 16:15:00+00:00,1.13665,1.13726,1.1362,1.1369099999999999,0
2025-04-24 16:30:00+00:00,1.136905,1.1376,1.13615,1.13748,0
2025-04-24 16:45:00+00:00,1.1374749999999998,1.138075,1.137145,1.137995,0
2025-04-25 05:00:00+00:00,1.1335000000000002,1.1340599999999998,1.13343,1.1339700000000001,0
2025-04-25 05:15:00+00:00,1.13396,1.134185,1.1333950000000002,1.133605,0
2025-04-25 05:30:00+00:00,1.1336,1.13401,1.133405,1.133605,0
2025-04-25 05:45:00+00:00,1.1336149999999998,1.1336650000000001,1.132545,1.13314,0
2025-04-28 09:00:00+00:00,1.13437,1.1351499999999999,1.134225,1.13437,0
2025-04-28 09:15:00+00:00,1.1343800000000002,1.135575,1.1342599999999998,1.1354199999999999,0
2025-04-28 09:30:00+00:00,1.13543,1.1356899999999999,1.13489,1.1350799999999999,0
2025-04-28 09:45:00+00:00,1.1351,1.13588,1.13489,1.135,0
2025-04-28 21:00:00+00:00,1.14213,1.14225,1.1420050000000002,1.14212,0
2025-04-28 21:15:00+00:00,1.142065,1.142185,1.142,1.1420249999999998,0
2025-04-28 21:30:00+00:00,1.14203,1.142125,1.141965,1.14205,0
2025-04-28 21:45:00+00:00,1.142055,1.1421000000000001,1.14198,1.14209,0
2025-04-29 10:00:00+00:00,1.1380599999999998,1.13853,1.1378300000000001,1.1381299999999999,0
2025-04-29 10:15:00+00:00,1.1381450000000002,1.13825,1.1376,1.13808,0
2025-04-29 10:30:00+00:00,1.138075,1.13837,1.13753,1.13777,0
2025-04-29 10:45:00+00:00,1.13776,1.137875,1.1373099999999998,1.13779,0
2025-04-30 04:00:00+00:00,1.1368749999999999,1.137365,1.13665,1.13728,0
2025-04-30 04:15:00+00:00,1.137285,1.1376650000000001,1.13705,1.137385,0
2025-04-30 04:30:00+00:00,1.13739,1.137815,1.137165,1.137205,0
2025-04-30 04:45:00+00:00,1.13723,1.1374900000000001,1.137105,1.13733,0
2025-04-30 14:00:00+00:00,1.136905,1.137315,1.134985,1.13601,0
2025-04-30 14:15:00+00:00,1.136025,1.13666,1.13547,1.13622,0
2025-04-30 14:30:00+00:00,1.136235,1.13654,1.13561,1.135635,0
2025-04-30 14:45:00+00:00,1.13561,1.1379299999999999,1.135135,1.136705,0
2025-05-01 05:00:00+00:00,1.1302750000000001,1.130655,1.1297000000000001,1.129845,0
2025-05-01 05:15:00+00:00,1.1298300000000001,1.130295,1.12881,1.12887,0
2025-05-01 05:30:00+00:00,1.12888,1.12999,1.12882,1.12967,0
2025-05-01 05:45:00+00:00,1.129665,1.1302349999999999,1.129435,1.13001,0
2025-05-01 17:00:00+00:00,1.129085,1.1291250000000002,1.128395,1.1291250000000002,0
2025-05-01 17:15:00+00:00,1.129105,1.1291449999999998,1.128195,1.1282,0
2025-05-01 17:30:00+00:00,1.128215,1.1284,1.127985,1.1281750000000001,0
2025-05-01 17:45:00+00:00,1.12818,1.128485,1.128045,1.1283050000000001,0
2025-05-01 22:00:00+00:00,1.1288,1.1293950000000001,1.1288,1.12903,0
2025-05-01 22:15:00+00:00,1.129025,1.1295899999999999,1.129025,1.1295350000000002,0
2025-05-01 22:30:00+00:00,1.12954,1.1299350000000001,1.129475,1.129655,0
2025-05-01 22:45:00+00:00,1.129645,1.129725,1.12935,1.1295199999999999,0
2025-05-02 08:00:00+00:00,1.13283,1.1328550000000002,1.13162,1.131735,0
2025-05-02 08:15:00+00:00,1.13174,1.132705,1.13165,1.132585,0
2025-05-02 08:30:00+00:00,1.132575,1.1332,1.132445,1.13306,0
2025-05-02 08:45:00+00:00,1.13307,1.133495,1.13287,1.133245,0
2025-05-02 13:00:00+00:00,1.13187,1.133035,1.13148,1.131995,0
2025-05-02 13:15:00+00:00,1.132015,1.13578,1.132015,1.1348,0
2025-05-02 13:30:00+00:00,1.1347800000000001,1.13713,1.1345100000000001,1.1367500000000001,0
2025-05-02 13:45:00+00:00,1.13673,1.13798,1.136565,1.137275,0
2025-05-05 17:00:00+00:00,1.13022,1.1308500000000001,1.130215,1.130655,0
2025-05-05 17:15:00+00:00,1.13068,1.131,1.130525,1.130935,0
2025-05-05 17:30:00+00:00,1.13095,1.131125,1.130195,1.1302400000000001,0
2025-05-05 17:45:00+00:00,1.1302500000000002,1.130405,1.1297549999999998,1.13,0
2025-05-06 03:00:00+00:00,1.130735,1.131325,1.13035,1.130725,0
2025-05-06 03:15:00+00:00,1.130695,1.1314899999999999,1.130645,1.131355,0
2025-05-06 03:30:00+00:00,1.13136,1.1317300000000001,1.1310850000000001,1.131265,0
2025-05-06 03:45:00+00:00,1.13126,1.13175,1.1310850000000001,1.13152,0
2025-05-07 17:00:00+00:00,1.134905,1.13496,1.1344699999999999,1.1346150000000002,0
2025-05-07 17:15:00+00:00,1.134625,1.13463,1.1338300000000001,1.13385,0
2025-05-07 17:30:00+00:00,1.133845,1.134585,1.133645,1.1338249999999999,0
2025-05-07 17:45:00+00:00,1.1338300000000001,1.1347999999999998,1.133495,1.1342349999999999,0
2025-05-08 18:00:00+00:00,1.122685,1.12303,1.1225749999999999,1.12303,0
2025-05-08 18:15:00+00:00,1.123035,1.12307,1.12243,1.12257,0
2025-05-08 18:30:00+00:00,1.12255,1.12273,1.1219700000000001,1.1221700000000001,0
2025-05-08 18:45:00+00:00,1.12215,1.122725,1.1219700000000001,1.1224699999999999,0
2025-05-09 00:00:00+00:00,1.122725,1.123345,1.121835,1.12189,0
2025-05-09 00:15:00+00:00,1.121885,1.122285,1.1213199999999999,1.12172,0
2025-05-09 00:30:00+00:00,1.121735,1.1221649999999999,1.121565,1.121875,0
2025-05-09 00:45:00+00:00,1.12187,1.122695,1.121815,1.122695,0
2025-05-09 05:00:00+00:00,1.122785,1.122865,1.122285,1.12267,0
2025-05-09 05:15:00+00:00,1.12268,1.122815,1.121975,1.122085,0
2025-05-09 05:30:00+00:00,1.12208,1.123175,1.12183,1.123065,0
2025-05-09 05:45:00+00:00,1.12307,1.12367,1.1226099999999999,1.123595,0
2025-05-12 04:00:00+00:00,1.12329,1.123465,1.12293,1.12323,0
2025-05-12 04:15:00+00:00,1.123235,1.123395,1.122855,1.1230449999999998,0
2025-05-12 04:30:00+00:00,1.12304,1.12313,1.122655,1.122855,0
2025-05-12 04:45:00+00:00,1.122845,1.12295,1.122635,1.1227399999999998,0
2025-05-12 17:00:00+00:00,1.1084800000000001,1.10886,1.10823,1.1083699999999999,0
2025-05-12 17:15:00+00:00,1.1083500000000002,1.108505,1.10791,1.1081400000000001,0
2025-05-12 17:30:00+00:00,1.10812,1.10812,1.1072600000000001,1.10799,0
2025-05-12 17:45:00+00:00,1.107995,1.1081400000000001,1.107575,1.10792,0
2025-05-13 06:00:00+00:00,1.11107,1.11143,1.110455,1.110655,0
2025-05-13 06:15:00+00:00,1.11065,1.111205,1.1101649999999998,1.1105800000000001,0
2025-05-13 06:30:00+00:00,1.1105900000000002,1.1115,1.110175,1.1113149999999998,0
2025-05-13 06:45:00+00:00,1.11131,1.1118649999999999,1.11096,1.1111499999999999,0
2025-05-13 16:00:00+00:00,1.1175199999999998,1.117825,1.116975,1.116975,0
2025-05-13 16:15:00+00:00,1.116955,1.117,1.1164749999999999,1.116765,0
2025-05-13 16:30:00+00:00,1.116775,1.11829,1.11676,1.11808,0
2025-05-13 16:45:00+00:00,1.118085,1.118095,1.1174499999999998,1.117605,0
2025-05-14 03:00:00+00:00,1.1188850000000001,1.118965,1.118485,1.118935,0
2025-05-14 03:15:00+00:00,1.1189399999999998,1.119125,1.118645,1.118645,0
2025-05-14 03:30:00+00:00,1.1186150000000001,1.119075,1.11845,1.119015,0
2025-05-14 03:45:00+00:00,1.11902,1.119615,1.118875,1.1195400000000002,0
2025-05-14 15:00:00+00:00,1.1212,1.1215,1.1203750000000001,1.1204749999999999,0
2025-05-14 15:15:00+00:00,1.12049,1.120835,1.1200649999999999,1.12083,0
2025-05-14 15:30:00+00:00,1.1208,1.120955,1.119995,1.120165,0
2025-05-14 15:45:00+00:00,1.1201699999999999,1.12056,1.11977,1.120515,0
2025-05-15 02:00:00+00:00,1.11936,1.11965,1.1188799999999999,1.119545,0
2025-05-15 02:15:00+00:00,1.1195249999999999,1.119615,1.1189749999999998,1.119055,0
2025-05-15 02:30:00+00:00,1.119085,1.1194449999999998,1.118945,1.1191849999999999,0
2025-05-15 02:45:00+00:00,1.119175,1.11964,1.118985,1.11948,0
2025-05-15 16:00:00+00:00,1.1188,1.11907,1.117855,1.117875,0
2025-05-15 16:15:00+00:00,1.11788,1.118385,1.117815,1.1180949999999998,0
2025-05-15 16:30:00+00:00,1.1181,1.1182699999999999,1.117725,1.117935,0
2025-05-15 16:45:00+00:00,1.1179299999999999,1.118085,1.11726,1.118085,0
2025-05-16 00:00:00+00:00,1.119185,1.120215,1.11906,1.11978,0
2025-05-16 00:15:00+00:00,1.11977,1.11985,1.119515,1.11963,0
2025-05-16 00:30:00+00:00,1.1196350000000002,1.1203,1.11961,1.1200649999999999,0
2025-05-16 00:45:00+00:00,1.120075,1.120835,1.11993,1.12049,0
2025-05-16 12:00:00+00:00,1.11943,1.11989,1.11925,1.11928,0
2025-05-16 12:15:00+00:00,1.1192950000000002,1.1198649999999999,1.1191049999999998,1.11965,0
2025-05-16 12:30:00+00:00,1.1196350000000002,1.11989,1.1191849999999999,1.119465,0
2025-05-16 12:45:00+00:00,1.1194799999999998,1.1198299999999999,1.1191499999999999,1.119725,0
2025-05-18 21:00:00+00:00,1.117925,1.11801,1.117335,1.117835,0
2025-05-18 21:15:00+00:00,1.117835,1.118475,1.11783,1.1182050000000001,0
2025-05-18 21:30:00+00:00,1.118195,1.118195,1.117465,1.117635,0
2025-05-18 21:45:00+00:00,1.11767,1.11789,1.117425,1.117705,0
2025-05-19 07:00:00+00:00,1.12094,1.12185,1.120565,1.12161,0
2025-05-19 07:15:00+00:00,1.12162,1.122925,1.12153,1.122805,0
2025-05-19 07:30:00+00:00,1.122825,1.124155,1.122625,1.1235249999999999,0
2025-05-19 07:45:00+00:00,1.12353,1.1245,1.1233650000000002,1.1238450000000002,0
2025-05-19 11:00:00+00:00,1.1278350000000001,1.1280100000000002,1.127015,1.127675,0
2025-05-19 11:15:00+00:00,1.1276700000000002,1.12785,1.126835,1.12689,0
2025-05-19 11:30:00+00:00,1.126865,1.12694,1.126265,1.12683,0
2025-05-19 11:45:00+00:00,1.126825,1.1273,1.1261999999999999,1.1273,0
2025-05-20 11:00:00+00:00,1.124475,1.12501,1.124425,1.1249500000000001,0
2025-05-20 11:15:00+00:00,1.1249449999999999,1.125175,1.1247150000000001,1.12488,0
2025-05-20 11:30:00+00:00,1.1248749999999998,1.12497,1.12455,1.124775,0
2025-05-20 11:45:00+00:00,1.124785,1.124845,1.1243750000000001,1.124595,0
2025-05-21 00:00:00+00:00,1.128835,1.1290550000000001,1.128775,1.12884,0
2025-05-21 00:15:00+00:00,1.128835,1.1298300000000001,1.12881,1.12974,0
2025-05-21 00:30:00+00:00,1.129755,1.1301350000000001,1.12947,1.12962,0
2025-05-21 00:45:00+00:00,1.1296300000000001,1.1296300000000001,1.12885,1.12954,0
2025-05-26 01:00:00+00:00,1.1396950000000001,1.139775,1.13882,1.1391550000000001,0
2025-05-26 01:15:00+00:00,1.13916,1.140095,1.13914,1.139845,0
2025-05-26 01:30:00+00:00,1.13985,1.13994,1.139005,1.13984,0
2025-05-26 01:45:00+00:00,1.13983,1.141585,1.13981,1.14127,0
2025-05-26 11:00:00+00:00,1.1384249999999998,1.1387049999999999,1.13802,1.1381299999999999,0
2025-05-26 11:15:00+00:00,1.13814,1.13845,1.1378599999999999,1.137965,0
2025-05-26 11:30:00+00:00,1.13796,1.137995,1.137435,1.13753,0
2025-05-26 11:45:00+00:00,1.1375250000000001,1.138,1.13742,1.13771,0
2025-05-27 05:00:00+00:00,1.1378599999999999,1.13794,1.136895,1.13739,0
2025-05-27 05:15:00+00:00,1.137385,1.13787,1.13681,1.137095,0
2025-05-27 05:30:00+00:00,1.1371099999999998,1.1378300000000001,1.136705,1.13769,0
2025-05-27 05:45:00+00:00,1.13768,1.13788,1.137375,1.13788,0
2025-05-27 06:00:00+00:00,1.13787,1.138895,1.137805,1.1388,0
2025-05-27 06:15:00+00:00,1.1387800000000001,1.139285,1.13863,1.1386500000000002,0
2025-05-27 06:30:00+00:00,1.13866,1.13897,1.138145,1.1382599999999998,0
2025-05-27 06:45:00+00:00,1.138285,1.138285,1.136415,1.1365150000000002,0
2025-05-27 07:00:00+00:00,1.136505,1.137115,1.136425,1.13667,0
2025-05-27 07:15:00+00:00,1.1366749999999999,1.13679,1.134575,1.134725,0
2025-05-27 07:30:00+00:00,1.1347200000000002,1.1354199999999999,1.1343299999999998,1.13501,0
2025-05-27 07:45:00+00:00,1.1350349999999998,1.135075,1.133715,1.134085,0
2025-05-27 08:00:00+00:00,1.13409,1.1349749999999998,1.13389,1.13475,0
2025-05-27 08:15:00+00:00,1.1347450000000001,1.135195,1.13462,1.13466,0
2025-05-27 08:30:00+00:00,1.134655,1.1356950000000001,1.13448,1.135635,0
2025-05-27 08:45:00+00:00,1.13563,1.13578,1.1346349999999998,1.134865,0
2025-05-27 09:00:00+00:00,1.13486,1.1358000000000001,1.13468,1.13536,0
2025-05-27 09:15:00+00:00,1.135365,1.13555,1.13483,1.134995,0
2025-05-27 09:30:00+00:00,1.134985,1.135205,1.1344750000000001,1.135005,0
2025-05-27 09:45:00+00:00,1.134995,1.135475,1.134625,1.13484,0
2025-05-27 10:00:00+00:00,1.1348449999999999,1.1349900000000002,1.1343800000000002,1.1347049999999999,0
2025-05-27 10:15:00+00:00,1.1346850000000002,1.135195,1.13414,1.13484,0
2025-05-27 10:30:00+00:00,1.134805,1.134995,1.134395,1.134935,0
2025-05-27 10:45:00+00:00,1.1349399999999998,1.1349550000000002,1.1340750000000002,1.13439,0
2025-05-27 11:00:00+00:00,1.134385,1.1348850000000001,1.134125,1.134375,0
2025-05-27 11:15:00+00:00,1.13437,1.135195,1.1343450000000002,1.1345450000000001,0
2025-05-27 11:30:00+00:00,1.13455,1.1352,1.134445,1.135195,0
2025-05-27 11:45:00+00:00,1.135205,1.13544,1.1350449999999999,1.1351149999999999,0
2025-05-27 12:00:00+00:00,1.135125,1.13577,1.1351049999999998,1.135465,0
2025-05-27 12:15:00+00:00,1.13547,1.136455,1.135325,1.136295,0
2025-05-27 12:30:00+00:00,1.136265,1.13679,1.13608,1.136615,0
2025-05-27 12:45:00+00:00,1.1366049999999999,1.1366800000000001,1.1360999999999999,1.1366800000000001,0
2025-05-27 13:00:00+00:00,1.13667,1.137405,1.136525,1.13677,0
2025-05-27 13:15:00+00:00,1.13678,1.137145,1.136355,1.1368800000000001,0
2025-05-27 13:30:00+00:00,1.13687,1.1375549999999999,1.136475,1.1369250000000002,0
2025-05-27 13:45:00+00:00,1.13693,1.1369449999999999,1.13556,1.135825,0
2025-05-27 14:00:00+00:00,1.135845,1.135905,1.134525,1.135745,0
2025-05-27 14:15:00+00:00,1.1357599999999999,1.13614,1.134865,1.1349900000000002,0
2025-05-27 14:30:00+00:00,1.135,1.1350250000000002,1.1338149999999998,1.134175,0
2025-05-27 14:45:00+00:00,1.1341700000000001,1.134665,1.1338300000000001,1.134125,0
2025-05-27 15:00:00+00:00,1.1341299999999999,1.1341350000000001,1.13328,1.1336300000000001,0
2025-05-27 15:15:00+00:00,1.13364,1.13388,1.132635,1.13382,0
2025-05-27 15:30:00+00:00,1.133805,1.133805,1.132755,1.1329799999999999,0
2025-05-27 15:45:00+00:00,1.1329850000000001,1.13361,1.132325,1.13254,0
2025-05-27 16:00:00+00:00,1.1325349999999998,1.132885,1.132345,1.132775,0
2025-05-27 16:15:00+00:00,1.132745,1.133345,1.132475,1.133315,0
2025-05-27 16:30:00+00:00,1.1333250000000001,1.13354,1.1329449999999999,1.133345,0
2025-05-27 16:45:00+00:00,1.13333,1.13349,1.132905,1.133175,0
2025-05-27 17:00:00+00:00,1.13317,1.1336849999999998,1.133085,1.133615,0
2025-05-27 17:15:00+00:00,1.1336249999999999,1.1336849999999998,1.133115,1.133315,0
2025-05-27 17:30:00+00:00,1.1333199999999999,1.13362,1.133035,1.13351,0
2025-05-27 17:45:00+00:00,1.133505,1.13358,1.13327,1.1332900000000001,0
2025-05-27 18:00:00+00:00,1.1333000000000002,1.1335899999999999,1.1328550000000002,1.13354,0
2025-05-27 18:15:00+00:00,1.13357,1.1337,1.13333,1.1335,0
2025-05-27 18:30:00+00:00,1.133495,1.133695,1.13342,1.13362,0
2025-05-27 18:45:00+00:00,1.133615,1.133885,1.1334,1.133725,0
2025-05-27 19:00:00+00:00,1.133705,1.13384,1.1335549999999999,1.133825,0
2025-05-27 19:15:00+00:00,1.1338300000000001,1.133885,1.13341,1.133535,0
2025-05-27 19:30:00+00:00,1.13354,1.1338149999999998,1.133475,1.13374,0
2025-05-27 19:45:00+00:00,1.133745,1.133845,1.133,1.1330900000000002,0
2025-05-27 20:00:00+00:00,1.133085,1.13315,1.13285,1.132855,0
2025-05-27 20:15:00+00:00,1.13286,1.132895,1.132665,1.132805,0
2025-05-27 20:30:00+00:00,1.132815,1.13328,1.132815,1.1329799999999999,0
2025-05-27 20:45:00+00:00,1.13297,1.133035,1.132725,1.133035,0
2025-05-27 21:00:00+00:00,1.132795,1.133185,1.13273,1.13281,0
2025-05-27 21:15:00+00:00,1.13281,1.132875,1.132765,1.1328200000000002,0
2025-05-27 21:30:00+00:00,1.132835,1.13313,1.132775,1.13308,0
2025-05-27 21:45:00+00:00,1.1331449999999998,1.133335,1.13299,1.1332149999999999,0
2025-05-28 01:00:00+00:00,1.1334499999999998,1.133655,1.1317599999999999,1.13278,0
2025-05-28 01:15:00+00:00,1.132785,1.133895,1.13256,1.133365,0
2025-05-28 01:30:00+00:00,1.1333950000000002,1.133575,1.131815,1.13187,0
2025-05-28 01:45:00+00:00,1.131865,1.1320000000000001,1.131535,1.131755,0
2025-05-28 02:00:00+00:00,1.131745,1.132435,1.131445,1.1319050000000002,0
2025-05-28 02:15:00+00:00,1.1319,1.13232,1.1316549999999999,1.132315,0
2025-05-28 02:30:00+00:00,1.1322999999999999,1.1325699999999999,1.13076,1.131135,0
2025-05-28 02:45:00+00:00,1.131145,1.131475,1.130085,1.13055,0
2025-05-28 05:00:00+00:00,1.1305999999999998,1.13065,1.130185,1.13022,0
2025-05-28 05:15:00+00:00,1.1301999999999999,1.130285,1.129595,1.1299649999999999,0
2025-05-28 05:30:00+00:00,1.12994,1.129995,1.1295600000000001,1.12989,0
2025-05-28 05:45:00+00:00,1.12988,1.131485,1.129855,1.131485,0
2025-05-28 13:00:00+00:00,1.13111,1.13136,1.129765,1.130105,0
2025-05-28 13:15:00+00:00,1.130115,1.13084,1.1298,1.1298849999999998,0
2025-05-28 13:30:00+00:00,1.12989,1.130715,1.129705,1.13037,0
2025-05-28 13:45:00+00:00,1.130375,1.13127,1.1299549999999998,1.1308850000000001,0
2025-05-28 15:00:00+00:00,1.13023,1.13087,1.129765,1.1298,0
2025-05-28 15:15:00+00:00,1.129805,1.129975,1.128735,1.129565,0
2025-05-28 15:30:00+00:00,1.1295899999999999,1.12965,1.1287099999999999,1.12881,0
2025-05-28 15:45:00+00:00,1.1288,1.12901,1.128395,1.12847,0
2025-05-28 18:00:00+00:00,1.12915,1.129815,1.12886,1.129535,0
2025-05-28 18:15:00+00:00,1.12954,1.129565,1.128585,1.128605,0
2025-05-28 18:30:00+00:00,1.1286100000000001,1.128865,1.128445,1.12886,0
2025-05-28 18:45:00+00:00,1.12885,1.129485,1.128725,1.1293600000000001,0
2025-05-29 03:00:00+00:00,1.124595,1.1247449999999999,1.12427,1.1246450000000001,0
2025-05-29 03:15:00+00:00,1.124635,1.125495,1.124525,1.1251,0
2025-05-29 03:30:00+00:00,1.125095,1.1253950000000001,1.1248049999999998,1.12539,0
2025-05-29 03:45:00+00:00,1.12538,1.12564,1.12473,1.124865,0
2025-05-29 05:00:00+00:00,1.12479,1.12508,1.1244299999999998,1.1244399999999999,0
2025-05-29 05:15:00+00:00,1.1244649999999998,1.1250149999999999,1.12439,1.12458,0
2025-05-29 05:30:00+00:00,1.1245850000000002,1.12465,1.12401,1.1240999999999999,0
2025-05-29 05:45:00+00:00,1.124095,1.1244,1.1231049999999998,1.124375,0
2025-05-29 08:00:00+00:00,1.127575,1.12791,1.127035,1.12755,0
2025-05-29 08:15:00+00:00,1.127555,1.127555,1.12621,1.1263800000000002,0
2025-05-29 08:30:00+00:00,1.126385,1.127365,1.12637,1.12691,0
2025-05-29 08:45:00+00:00,1.1269,1.1274600000000001,1.126545,1.1272000000000002,0
2025-05-29 12:00:00+00:00,1.12711,1.12885,1.12711,1.12885,0
2025-05-29 12:15:00+00:00,1.128845,1.12989,1.12854,1.12953,0
2025-05-29 12:30:00+00:00,1.12954,1.1326749999999999,1.12911,1.132665,0
2025-05-29 12:45:00+00:00,1.1326749999999999,1.134995,1.132385,1.1349550000000002,0
2025-05-29 14:00:00+00:00,1.13518,1.13593,1.13493,1.135665,0
2025-05-29 14:15:00+00:00,1.13567,1.1369500000000001,1.1348950000000002,1.1349399999999998,0
2025-05-29 14:30:00+00:00,1.134935,1.1356000000000002,1.1343,1.1348250000000002,0
2025-05-29 14:45:00+00:00,1.13484,1.1359650000000001,1.134675,1.135005,0
2025-05-29 15:00:00+00:00,1.135015,1.1359650000000001,1.1348850000000001,1.13559,0
2025-05-29 15:15:00+00:00,1.135595,1.136365,1.1355849999999998,1.136235,0
2025-05-29 15:30:00+00:00,1.13624,1.136975,1.1361150000000002,1.1365349999999999,0
2025-05-29 15:45:00+00:00,1.13654,1.137055,1.136115,1.13697,0
2025-05-29 16:00:00+00:00,1.1369600000000002,1.1374300000000002,1.136685,1.13737,0
2025-05-29 16:15:00+00:00,1.1373799999999998,1.137975,1.13676,1.136975,0
2025-05-29 16:30:00+00:00,1.1369850000000001,1.1378400000000002,1.1369699999999998,1.1376249999999999,0
2025-05-29 16:45:00+00:00,1.1376149999999998,1.1377700000000002,1.1370399999999998,1.13714,0
2025-05-29 17:00:00+00:00,1.137145,1.1371850000000001,1.136335,1.13642,0
2025-05-29 17:15:00+00:00,1.136425,1.13658,1.1361750000000002,1.13629,0
2025-05-29 17:30:00+00:00,1.1362999999999999,1.138445,1.1362999999999999,1.138285,0
2025-05-29 17:45:00+00:00,1.13828,1.13834,1.137495,1.137715,0
2025-05-29 18:00:00+00:00,1.137725,1.13845,1.13761,1.138265,0
2025-05-29 18:15:00+00:00,1.138255,1.138435,1.1376249999999999,1.137835,0
2025-05-29 18:30:00+00:00,1.137855,1.1382050000000001,1.1378249999999999,1.13818,0
2025-05-29 18:45:00+00:00,1.138175,1.138175,1.137425,1.137525,0
2025-05-29 19:00:00+00:00,1.137505,1.137835,1.137415,1.13753,0
2025-05-29 19:15:00+00:00,1.13751,1.13761,1.136805,1.137375,0
2025-05-29 19:30:00+00:00,1.13735,1.13739,1.1366749999999999,1.1368800000000001,0
2025-05-29 19:45:00+00:00,1.1368749999999999,1.1368749999999999,1.136615,1.1366800000000001,0
2025-05-29 20:00:00+00:00,1.136695,1.136725,1.136095,1.136535,0
2025-05-29 20:15:00+00:00,1.136545,1.13672,1.136445,1.136445,0
2025-05-29 20:30:00+00:00,1.13644,1.136725,1.1362,1.136725,0
2025-05-29 20:45:00+00:00,1.13673,1.13703,1.13644,1.136755,0
2025-05-29 21:00:00+00:00,1.136745,1.137205,1.136745,1.137115,0
2025-05-29 21:15:00+00:00,1.1371250000000002,1.1373199999999999,1.13705,1.137115,0
2025-05-29 21:30:00+00:00,1.137105,1.13714,1.1368399999999999,1.13692,0
2025-05-29 21:45:00+00:00,1.136925,1.1371,1.13692,1.136965,0
2025-05-29 22:00:00+00:00,1.1370149999999999,1.137035,1.13674,1.136975,0
2025-05-29 22:15:00+00:00,1.1369799999999999,1.13775,1.136915,1.1373600000000001,0
2025-05-29 22:30:00+00:00,1.137355,1.13739,1.137065,1.1373700000000002,0
2025-05-29 22:45:00+00:00,1.13739,1.13746,1.1369500000000001,1.1371,0
2025-05-29 23:00:00+00:00,1.13712,1.13739,1.13694,1.1372,0
2025-05-29 23:15:00+00:00,1.1373250000000001,1.13762,1.13727,1.13758,0
2025-05-29 23:30:00+00:00,1.137605,1.137905,1.1374900000000001,1.137845,0
2025-05-29 23:45:00+00:00,1.13784,1.1379350000000001,1.1376249999999999,1.13769,0
2025-05-30 00:00:00+00:00,1.137705,1.138105,1.137525,1.137595,0
2025-05-30 00:15:00+00:00,1.137605,1.138485,1.137535,1.138135,0
2025-05-30 00:30:00+00:00,1.1381299999999999,1.138155,1.13679,1.137,0
2025-05-30 00:45:00+00:00,1.13701,1.137495,1.1364649999999998,1.1372499999999999,0
2025-05-30 01:00:00+00:00,1.1372550000000001,1.138665,1.1372499999999999,1.137945,0
2025-05-30 01:15:00+00:00,1.13795,1.138995,1.137655,1.137715,0
2025-05-30 01:30:00+00:00,1.13771,1.13771,1.136285,1.136335,0
2025-05-30 01:45:00+00:00,1.13631,1.13647,1.13525,1.1354899999999999,0
2025-05-30 02:00:00+00:00,1.1354950000000001,1.13591,1.135305,1.135445,0
2025-05-30 02:15:00+00:00,1.135435,1.135685,1.1351849999999999,1.13556,0
2025-05-30 02:30:00+00:00,1.1355499999999998,1.1355499999999998,1.13496,1.13527,0
2025-05-30 02:45:00+00:00,1.1352799999999998,1.135305,1.134855,1.134945,0
2025-05-30 03:00:00+00:00,1.13494,1.135665,1.1349399999999998,1.1353900000000001,0
2025-05-30 03:15:00+00:00,1.135395,1.135705,1.135315,1.13543,0
2025-05-30 03:30:00+00:00,1.1354199999999999,1.1356600000000001,1.1348250000000002,1.134865,0
2025-05-30 03:45:00+00:00,1.13486,1.13496,1.13459,1.13496,0
2025-05-30 04:00:00+00:00,1.13498,1.13536,1.134905,1.1349900000000002,0
2025-05-30 04:15:00+00:00,1.135,1.13534,1.13496,1.13522,0
2025-05-30 04:30:00+00:00,1.135205,1.135205,1.1348799999999999,1.135005,0
2025-05-30 04:45:00+00:00,1.135015,1.1351849999999999,1.13457,1.1346,0
2025-05-30 06:00:00+00:00,1.1351399999999998,1.13516,1.1336300000000001,1.133785,0
2025-05-30 06:15:00+00:00,1.13379,1.134445,1.1336149999999998,1.134185,0
2025-05-30 06:30:00+00:00,1.1341800000000002,1.1349,1.13398,1.134835,0
2025-05-30 06:45:00+00:00,1.13484,1.1352099999999998,1.1344699999999999,1.134655,0
2025-05-30 07:00:00+00:00,1.13465,1.1348,1.133085,1.13341,0
2025-05-30 07:15:00+00:00,1.1334,1.133445,1.1327850000000002,1.133305,0
2025-05-30 07:30:00+00:00,1.133315,1.1339350000000001,1.1331,1.133765,0
2025-05-30 07:45:00+00:00,1.1337549999999998,1.1343,1.133355,1.133795,0
2025-05-30 09:00:00+00:00,1.132395,1.133215,1.1323349999999999,1.1329799999999999,0
2025-05-30 09:15:00+00:00,1.133025,1.13308,1.13245,1.1328749999999999,0
2025-05-30 09:30:00+00:00,1.132865,1.133175,1.132355,1.1329799999999999,0
2025-05-30 09:45:00+00:00,1.13299,1.1330900000000002,1.1323699999999999,1.132555,0
2025-05-30 12:00:00+00:00,1.13382,1.135245,1.133475,1.13482,0
2025-05-30 12:15:00+00:00,1.134835,1.1354,1.13412,1.1351399999999998,0
2025-05-30 12:30:00+00:00,1.13516,1.1358549999999998,1.134005,1.13563,0
2025-05-30 12:45:00+00:00,1.135625,1.13578,1.133955,1.13462,0
2025-05-30 15:00:00+00:00,1.135235,1.1358549999999998,1.1345800000000001,1.1350950000000002,0
2025-05-30 15:15:00+00:00,1.13509,1.1353149999999999,1.1346349999999998,1.13496,0
2025-05-30 15:30:00+00:00,1.134935,1.135705,1.134465,1.1352449999999998,0
2025-05-30 15:45:00+00:00,1.13525,1.135465,1.1343649999999998,1.134645,0
2025-05-30 16:00:00+00:00,1.1346349999999998,1.135515,1.13458,1.13523,0
2025-05-30 16:15:00+00:00,1.1352250000000002,1.1353550000000001,1.13463,1.134935,0
2025-05-30 16:30:00+00:00,1.134945,1.135005,1.13436,1.1347200000000002,0
2025-05-30 16:45:00+00:00,1.13471,1.13506,1.1345399999999999,1.1350500000000001,0
2025-06-01 21:00:00+00:00,1.13483,1.134835,1.1346150000000002,1.134835,0
2025-06-01 21:15:00+00:00,1.13484,1.134845,1.134785,1.1347900000000002,0
2025-06-01 21:30:00+00:00,1.1348,1.1350500000000001,1.1347800000000001,1.13496,0
2025-06-01 21:45:00+00:00,1.134965,1.135285,1.134945,1.135075,0
2025-06-01 22:00:00+00:00,1.1351,1.13577,1.1347800000000001,1.135615,0
2025-06-01 22:15:00+00:00,1.135625,1.135755,1.135015,1.135125,0
2025-06-01 22:30:00+00:00,1.135135,1.1351900000000001,1.1348349999999998,1.1350099999999999,0
2025-06-01 22:45:00+00:00,1.13499,1.1356899999999999,1.134985,1.135525,0
2025-06-01 23:00:00+00:00,1.135545,1.13599,1.1353900000000001,1.135755,0
2025-06-01 23:15:00+00:00,1.135735,1.13588,1.13556,1.13582,0
2025-06-01 23:30:00+00:00,1.13586,1.135945,1.13564,1.135825,0
2025-06-01 23:45:00+00:00,1.1358350000000002,1.13605,1.135105,1.135305,0
2025-06-02 00:00:00+00:00,1.13531,1.137075,1.135275,1.13705,0
2025-06-02 00:15:00+00:00,1.137045,1.137425,1.1369150000000001,1.137175,0
2025-06-02 00:30:00+00:00,1.13717,1.13728,1.1365750000000001,1.1366999999999998,0
2025-06-02 00:45:00+00:00,1.1367099999999999,1.1374849999999999,1.136455,1.13687,0
2025-06-02 01:00:00+00:00,1.13686,1.137455,1.136775,1.13719,0
2025-06-02 01:15:00+00:00,1.1372,1.13807,1.137045,1.138005,0
2025-06-02 01:30:00+00:00,1.13801,1.138225,1.13754,1.137815,0
2025-06-02 01:45:00+00:00,1.1378499999999998,1.137965,1.13701,1.137025,0
2025-06-02 02:00:00+00:00,1.1370200000000001,1.137365,1.136895,1.136905,0
2025-06-02 02:15:00+00:00,1.136925,1.1371250000000002,1.1365750000000001,1.1367099999999999,0
2025-06-02 02:30:00+00:00,1.13672,1.1373250000000001,1.13672,1.13701,0
2025-06-02 02:45:00+00:00,1.1370149999999999,1.13709,1.136205,1.13645,0
2025-06-02 03:00:00+00:00,1.13644,1.1366,1.1357599999999999,1.135885,0
2025-06-02 03:15:00+00:00,1.135895,1.136345,1.1358549999999998,1.13587,0
2025-06-02 03:30:00+00:00,1.13585,1.1358549999999998,1.13544,1.135755,0
2025-06-02 03:45:00+00:00,1.13577,1.1361949999999998,1.135715,1.13619,0
2025-06-02 04:00:00+00:00,1.1361949999999998,1.136385,1.1360549999999998,1.1361400000000001,0
2025-06-02 04:15:00+00:00,1.13613,1.136495,1.1360000000000001,1.136425,0
2025-06-02 04:30:00+00:00,1.13644,1.136475,1.13613,1.1363050000000001,0
2025-06-02 04:45:00+00:00,1.13631,1.136685,1.136115,1.136555,0
2025-06-02 05:00:00+00:00,1.136565,1.13704,1.136385,1.136975,0
2025-06-02 05:15:00+00:00,1.13697,1.13727,1.13697,1.1372200000000001,0
2025-06-02 05:30:00+00:00,1.1372149999999999,1.137765,1.1369799999999999,1.13774,0
2025-06-02 05:45:00+00:00,1.137745,1.13805,1.137715,1.137955,0
2025-06-02 06:00:00+00:00,1.13796,1.1383,1.13785,1.138285,0
2025-06-02 06:15:00+00:00,1.1382599999999998,1.13918,1.1381350000000001,1.1390799999999999,0
2025-06-02 06:30:00+00:00,1.13911,1.1406049999999999,1.139095,1.1405,0
2025-06-02 06:45:00+00:00,1.14051,1.140685,1.139865,1.14013,0
2025-06-02 08:00:00+00:00,1.142395,1.1427749999999999,1.141915,1.142225,0
2025-06-02 08:15:00+00:00,1.14222,1.1427200000000002,1.141335,1.1415600000000001,0
2025-06-02 08:30:00+00:00,1.1415799999999998,1.14228,1.1412900000000001,1.1418,0
2025-06-02 08:45:00+00:00,1.14179,1.14228,1.141715,1.1420249999999998,0
2025-06-02 10:00:00+00:00,1.1423450000000002,1.1424750000000001,1.1418249999999999,1.14188,0
2025-06-02 10:15:00+00:00,1.141885,1.14282,1.141765,1.142175,0
2025-06-02 10:30:00+00:00,1.1421649999999999,1.1421649999999999,1.1413250000000001,1.141905,0
2025-06-02 10:45:00+00:00,1.14191,1.142235,1.141385,1.1415250000000001,0
2025-06-02 15:00:00+00:00,1.1434799999999998,1.14374,1.142965,1.14337,0
2025-06-02 15:15:00+00:00,1.143365,1.143875,1.14307,1.143325,0
2025-06-02 15:30:00+00:00,1.14333,1.14371,1.142525,1.14371,0
2025-06-02 15:45:00+00:00,1.143705,1.143715,1.142425,1.143055,0
2025-06-02 21:00:00+00:00,1.1442,1.14425,1.1437249999999999,1.14398,0
2025-06-02 21:15:00+00:00,1.14397,1.144155,1.14391,1.14411,0
2025-06-02 21:30:00+00:00,1.144115,1.1442450000000002,1.1438549999999998,1.1439,0
2025-06-02 21:45:00+00:00,1.143915,1.14415,1.14388,1.14405,0
2025-06-03 03:00:00+00:00,1.14254,1.14273,1.142325,1.1425649999999998,0
2025-06-03 03:15:00+00:00,1.14257,1.1427049999999999,1.1418949999999999,1.14196,0
2025-06-03 03:30:00+00:00,1.1419549999999998,1.1420050000000002,1.1416499999999998,1.14176,0
2025-06-03 03:45:00+00:00,1.1417549999999999,1.1420249999999998,1.141615,1.141985,0
2025-06-03 04:00:00+00:00,1.14198,1.1421299999999999,1.14171,1.1419199999999998,0
2025-06-03 04:15:00+00:00,1.1419000000000001,1.1423100000000002,1.1418849999999998,1.142045,0
2025-06-03 04:30:00+00:00,1.142055,1.142175,1.141915,1.142115,0
2025-06-03 04:45:00+00:00,1.14212,1.14256,1.142115,1.1425299999999998,0
2025-06-03 18:00:00+00:00,1.1378050000000002,1.1378050000000002,1.1372900000000001,1.13739,0
2025-06-03 18:15:00+00:00,1.137405,1.13769,1.137345,1.13764,0
2025-06-03 18:30:00+00:00,1.137635,1.137645,1.1369150000000001,1.137135,0
2025-06-03 18:45:00+00:00,1.13712,1.137565,1.13705,1.1374900000000001,0
2025-06-03 22:00:00+00:00,1.137705,1.13771,1.137165,1.13735,0
2025-06-03 22:15:00+00:00,1.13734,1.13746,1.1371099999999998,1.137205,0
2025-06-03 22:30:00+00:00,1.1372149999999999,1.1374900000000001,1.137165,1.13743,0
2025-06-03 22:45:00+00:00,1.1374399999999998,1.1375250000000001,1.1374,1.137425,0
2025-06-04 01:00:00+00:00,1.1382750000000001,1.13828,1.1371600000000002,1.137975,0
2025-06-04 01:15:00+00:00,1.1379700000000001,1.1388699999999998,1.1378599999999999,1.13861,0
2025-06-04 01:30:00+00:00,1.1386,1.1393300000000002,1.13837,1.138725,0
2025-06-04 01:45:00+00:00,1.13873,1.13902,1.1385,1.13859,0
2025-06-04 05:00:00+00:00,1.1366900000000002,1.137175,1.13667,1.137065,0
2025-06-04 05:15:00+00:00,1.1370550000000001,1.1370550000000001,1.136635,1.136765,0
2025-06-04 05:30:00+00:00,1.136745,1.1368049999999998,1.13572,1.13666,0
2025-06-04 05:45:00+00:00,1.1366550000000002,1.13692,1.1360000000000001,1.136255,0
2025-06-04 21:00:00+00:00,1.14178,1.141925,1.14155,1.14162,0
2025-06-04 21:15:00+00:00,1.14165,1.14191,1.1416499999999998,1.1418650000000001,0
2025-06-04 21:30:00+00:00,1.14187,1.141945,1.141835,1.141835,0
2025-06-04 21:45:00+00:00,1.14184,1.14195,1.14178,1.141855,0
2025-06-05 00:00:00+00:00,1.142105,1.142625,1.14166,1.1426,0
2025-06-05 00:15:00+00:00,1.14261,1.1427749999999999,1.1419549999999998,1.142755,0
2025-06-05 00:30:00+00:00,1.14275,1.1428150000000001,1.142255,1.142555,0
2025-06-05 00:45:00+00:00,1.14259,1.14295,1.1424400000000001,1.142915,0
2025-06-06 06:00:00+00:00,1.143595,1.14387,1.1432799999999999,1.143375,0
2025-06-06 06:15:00+00:00,1.14338,1.14352,1.1424750000000001,1.143125,0
2025-06-06 06:30:00+00:00,1.1431149999999999,1.1434000000000002,1.142865,1.143335,0
2025-06-06 06:45:00+00:00,1.143325,1.14425,1.143325,1.143555,0
2025-06-06 10:00:00+00:00,1.141955,1.1420750000000002,1.14176,1.142035,0
2025-06-06 10:15:00+00:00,1.1420249999999998,1.142225,1.1417549999999999,1.141995,0
2025-06-06 10:30:00+00:00,1.141995,1.1423800000000002,1.141925,1.142125,0
2025-06-06 10:45:00+00:00,1.1421299999999999,1.142445,1.1420849999999998,1.1422750000000002,0
2025-06-06 13:00:00+00:00,1.1396799999999998,1.14024,1.13861,1.1394199999999999,0
2025-06-06 13:15:00+00:00,1.13943,1.13979,1.137175,1.13768,0
2025-06-06 13:30:00+00:00,1.137675,1.13943,1.1375899999999999,1.13882,0
2025-06-06 13:45:00+00:00,1.138805,1.140245,1.13837,1.1390349999999998,0
2025-06-06 17:00:00+00:00,1.13873,1.139485,1.1384699999999999,1.139485,0
2025-06-06 17:15:00+00:00,1.1394950000000001,1.139795,1.13917,1.139315,0
2025-06-06 17:30:00+00:00,1.139325,1.139505,1.1385800000000001,1.1388449999999999,0
2025-06-06 17:45:00+00:00,1.13886,1.139625,1.13886,1.139325,0
2025-06-09 13:00:00+00:00,1.140045,1.14032,1.139145,1.139535,0
2025-06-09 13:15:00+00:00,1.139525,1.139705,1.13867,1.139555,0
2025-06-09 13:30:00+00:00,1.1395499999999998,1.14009,1.13954,1.1396950000000001,0
2025-06-09 13:45:00+00:00,1.1397,1.1404450000000002,1.1395499999999998,1.1402,0
2025-06-09 18:00:00+00:00,1.14221,1.142445,1.14194,1.14236,0
2025-06-09 18:15:00+00:00,1.1423800000000002,1.142925,1.14227,1.14291,0
2025-06-09 18:30:00+00:00,1.142915,1.143075,1.142735,1.1429049999999998,0
2025-06-09 18:45:00+00:00,1.14289,1.143095,1.14269,1.142795,0
2025-06-10 04:00:00+00:00,1.140325,1.140415,1.13997,1.14012,0
2025-06-10 04:15:00+00:00,1.140145,1.140255,1.13924,1.1393,0
2025-06-10 04:30:00+00:00,1.13931,1.139625,1.1391550000000001,1.139375,0
2025-06-10 04:45:00+00:00,1.13938,1.13997,1.13934,1.13997,0
2025-06-10 12:00:00+00:00,1.142935,1.1440549999999998,1.14256,1.14279,0
2025-06-10 12:15:00+00:00,1.142785,1.14279,1.1425,1.142715,0
2025-06-10 12:30:00+00:00,1.142725,1.1433499999999999,1.1426500000000002,1.1433149999999999,0
2025-06-10 12:45:00+00:00,1.14331,1.1438350000000002,1.14302,1.14322,0
2025-06-11 05:00:00+00:00,1.1415600000000001,1.141695,1.141365,1.14154,0
2025-06-11 05:15:00+00:00,1.14153,1.141785,1.14137,1.141645,0
2025-06-11 05:30:00+00:00,1.1416499999999998,1.1418300000000001,1.1415899999999999,1.141775,0
2025-06-11 05:45:00+00:00,1.141785,1.14232,1.141725,1.1422249999999998,0
2025-06-12 02:00:00+00:00,1.15188,1.1519249999999999,1.150925,1.151095,0
2025-06-12 02:15:00+00:00,1.1510850000000001,1.151605,1.151035,1.151505,0
2025-06-12 02:30:00+00:00,1.151485,1.1517249999999999,1.15137,1.151465,0
2025-06-12 02:45:00+00:00,1.1514600000000002,1.15152,1.150665,1.151145,0
2025-06-12 04:00:00+00:00,1.151985,1.151985,1.15122,1.1513499999999999,0
2025-06-12 04:15:00+00:00,1.151345,1.151835,1.151325,1.1516950000000001,0
2025-06-12 04:30:00+00:00,1.15172,1.151765,1.1513849999999999,1.15173,0
2025-06-12 04:45:00+00:00,1.151745,1.1518950000000001,1.15151,1.151545,0
2025-06-12 14:00:00+00:00,1.158505,1.15902,1.158045,1.158695,0
2025-06-12 14:15:00+00:00,1.15868,1.15877,1.157905,1.15816,0
2025-06-12 14:30:00+00:00,1.158165,1.158575,1.1579899999999999,1.1581299999999999,0
2025-06-12 14:45:00+00:00,1.158155,1.15897,1.1581000000000001,1.15821,0
2025-06-12 17:00:00+00:00,1.157605,1.1577600000000001,1.156815,1.15702,0
2025-06-12 17:15:00+00:00,1.157015,1.1571250000000002,1.1563750000000002,1.1569099999999999,0
2025-06-12 17:30:00+00:00,1.156885,1.1577250000000001,1.1567699999999999,1.157555,0
2025-06-12 17:45:00+00:00,1.1575250000000001,1.157815,1.157285,1.157515,0
2025-06-13 00:00:00+00:00,1.160865,1.161465,1.156415,1.1564649999999999,0
2025-06-13 00:15:00+00:00,1.15646,1.1588850000000002,1.156085,1.158215,0
2025-06-13 00:30:00+00:00,1.1582050000000002,1.158495,1.15396,1.154565,0
2025-06-13 00:45:00+00:00,1.15457,1.1562649999999999,1.1542249999999998,1.1558700000000002,0
2025-06-13 02:00:00+00:00,1.15483,1.15526,1.15455,1.15495,0
2025-06-13 02:15:00+00:00,1.15496,1.155865,1.1546850000000002,1.15475,0
2025-06-13 02:30:00+00:00,1.154735,1.1556000000000002,1.1540949999999999,1.1542750000000002,0
2025-06-13 02:45:00+00:00,1.154285,1.155165,1.1537250000000001,1.1545100000000001,0
2025-06-13 15:00:00+00:00,1.154445,1.154585,1.1538149999999998,1.15456,0
2025-06-13 15:15:00+00:00,1.1545649999999998,1.156425,1.1545649999999998,1.15637,0
2025-06-13 15:30:00+00:00,1.15635,1.15697,1.15615,1.156275,0
2025-06-13 15:45:00+00:00,1.15628,1.156425,1.15534,1.1556199999999999,0
2025-06-13 16:00:00+00:00,1.155615,1.15605,1.15524,1.1553200000000001,0
2025-06-13 16:15:00+00:00,1.1553149999999999,1.1564299999999998,1.155295,1.1561949999999999,0
2025-06-13 16:30:00+00:00,1.156215,1.1566049999999999,1.1559249999999999,1.156085,0
2025-06-13 16:45:00+00:00,1.156075,1.1561949999999999,1.1552850000000001,1.15545,0
2025-06-13 19:00:00+00:00,1.154115,1.15418,1.1538,1.154115,0
2025-06-13 19:15:00+00:00,1.1541199999999998,1.1542750000000002,1.15367,1.153935,0
2025-06-13 19:30:00+00:00,1.15393,1.154515,1.1537899999999999,1.154515,0
2025-06-13 19:45:00+00:00,1.154525,1.155185,1.154285,1.1550099999999999,0
2025-06-13 20:00:00+00:00,1.154995,1.154995,1.153855,1.1543999999999999,0
2025-06-13 20:15:00+00:00,1.154405,1.15452,1.15412,1.154245,0
2025-06-13 20:30:00+00:00,1.154235,1.155105,1.1538,1.15507,0
2025-06-13 20:45:00+00:00,1.155045,1.1553849999999999,1.1545450000000002,1.15501,0
2025-06-16 04:00:00+00:00,1.1527500000000002,1.1534,1.1527500000000002,1.1532,0
2025-06-16 04:15:00+00:00,1.15317,1.1536300000000002,1.1531600000000002,1.15347,0
2025-06-16 04:30:00+00:00,1.1534550000000001,1.1537199999999999,1.15335,1.15348,0
2025-06-16 04:45:00+00:00,1.1534749999999998,1.15366,1.1532149999999999,1.15359,0
2025-06-16 06:00:00+00:00,1.15571,1.15602,1.154995,1.1552600000000002,0
2025-06-16 06:15:00+00:00,1.15525,1.155485,1.1540650000000001,1.15429,0
2025-06-16 06:30:00+00:00,1.154275,1.15598,1.153995,1.15598,0
2025-06-16 06:45:00+00:00,1.155975,1.1575950000000002,1.15582,1.157365,0
2025-06-16 11:00:00+00:00,1.1575250000000001,1.1580650000000001,1.1573449999999998,1.15801,0
2025-06-16 11:15:00+00:00,1.15802,1.15838,1.1577600000000001,1.15784,0
2025-06-16 11:30:00+00:00,1.157835,1.1579,1.156975,1.1571449999999999,0
2025-06-16 11:45:00+00:00,1.15717,1.1577549999999999,1.1570200000000002,1.157295,0
2025-06-16 15:00:00+00:00,1.159145,1.159495,1.158645,1.158995,0
2025-06-16 15:15:00+00:00,1.158995,1.1590150000000001,1.1581350000000001,1.1589450000000001,0
2025-06-16 15:30:00+00:00,1.15897,1.15915,1.158075,1.15845,0
2025-06-16 15:45:00+00:00,1.1584400000000001,1.158615,1.157915,1.158015,0
2025-06-16 21:00:00+00:00,1.15615,1.156615,1.15603,1.1565150000000002,0
2025-06-16 21:15:00+00:00,1.156485,1.156525,1.15608,1.15612,0
2025-06-16 21:30:00+00:00,1.1561050000000002,1.156355,1.1560899999999998,1.1561,0
2025-06-16 21:45:00+00:00,1.156095,1.15639,1.156085,1.1563750000000002,0
2025-06-17 07:00:00+00:00,1.156225,1.15637,1.15549,1.1555900000000001,0
2025-06-17 07:15:00+00:00,1.155595,1.1559949999999999,1.155205,1.155565,0
2025-06-17 07:30:00+00:00,1.15557,1.15571,1.1545450000000002,1.15551,0
2025-06-17 07:45:00+00:00,1.1555149999999998,1.156355,1.15551,1.1558000000000002,0
2025-06-17 10:00:00+00:00,1.1556799999999998,1.15644,1.15552,1.15613,0
2025-06-17 10:15:00+00:00,1.15612,1.156365,1.155795,1.1558899999999999,0
2025-06-17 10:30:00+00:00,1.15586,1.15659,1.155765,1.156425,0
2025-06-17 10:45:00+00:00,1.156415,1.156865,1.1564100000000002,1.1568200000000002,0
2025-06-17 13:00:00+00:00,1.1550600000000002,1.156315,1.1550600000000002,1.1559599999999999,0
2025-06-17 13:15:00+00:00,1.1559650000000001,1.156955,1.1559300000000001,1.156115,0
2025-06-17 13:30:00+00:00,1.1561050000000002,1.15647,1.1556799999999998,1.1562350000000001,0
2025-06-17 13:45:00+00:00,1.156225,1.156545,1.15584,1.15589,0
2025-06-17 21:00:00+00:00,1.1480350000000001,1.1488550000000002,1.147945,1.148745,0
2025-06-17 21:15:00+00:00,1.148725,1.1488450000000001,1.14832,1.14832,0
2025-06-17 21:30:00+00:00,1.14833,1.14839,1.1482,1.14827,0
2025-06-17 21:45:00+00:00,1.148295,1.148295,1.148075,1.1482100000000002,0
2025-06-18 01:00:00+00:00,1.14923,1.149695,1.14896,1.149395,0
2025-06-18 01:15:00+00:00,1.14942,1.14994,1.14914,1.149905,0
2025-06-18 01:30:00+00:00,1.14991,1.150085,1.14943,1.1495199999999999,0
2025-06-18 01:45:00+00:00,1.149525,1.15004,1.14931,1.149695,0
2025-06-18 04:00:00+00:00,1.15001,1.15002,1.14967,1.15001,0
2025-06-18 04:15:00+00:00,1.15,1.15027,1.14994,1.150175,0
2025-06-18 04:30:00+00:00,1.1501899999999998,1.15057,1.1501549999999998,1.150445,0
2025-06-18 04:45:00+00:00,1.1504349999999999,1.1508099999999999,1.150325,1.15057,0
2025-06-18 11:00:00+00:00,1.14936,1.15001,1.1492200000000001,1.1499350000000002,0
2025-06-18 11:15:00+00:00,1.149945,1.15003,1.149425,1.1496,0
2025-06-18 11:30:00+00:00,1.149605,1.150205,1.1493799999999998,1.1499350000000002,0
2025-06-18 11:45:00+00:00,1.14993,1.150865,1.1499199999999998,1.1507450000000001,0
2025-06-18 12:00:00+00:00,1.1507399999999999,1.15127,1.150535,1.151145,0
2025-06-18 12:15:00+00:00,1.151135,1.1516950000000001,1.1508250000000002,1.1512850000000001,0
2025-06-18 12:30:00+00:00,1.15127,1.1515,1.150585,1.150585,0
2025-06-18 12:45:00+00:00,1.15059,1.150965,1.15012,1.150605,0
2025-06-18 16:00:00+00:00,1.152045,1.15252,1.1517,1.151735,0
2025-06-18 16:15:00+00:00,1.151745,1.1519149999999998,1.151145,1.151165,0
2025-06-18 16:30:00+00:00,1.15116,1.1513849999999999,1.150655,1.1506750000000001,0
2025-06-18 16:45:00+00:00,1.15066,1.15066,1.15016,1.1503100000000002,0
2025-06-18 17:00:00+00:00,1.150315,1.150925,1.15029,1.15056,0
2025-06-18 17:15:00+00:00,1.150555,1.1506750000000001,1.150115,1.1502750000000002,0
2025-06-18 17:30:00+00:00,1.150245,1.150245,1.1488049999999999,1.149315,0
2025-06-18 17:45:00+00:00,1.149305,1.1501000000000001,1.149215,1.14985,0
2025-06-19 01:00:00+00:00,1.1481,1.148205,1.14623,1.147085,0
2025-06-19 01:15:00+00:00,1.147075,1.147655,1.146635,1.1467399999999999,0
2025-06-19 01:30:00+00:00,1.146725,1.14713,1.146295,1.1465450000000001,0
2025-06-19 01:45:00+00:00,1.146555,1.146665,1.1452200000000001,1.14532,0
2025-06-19 07:00:00+00:00,1.14669,1.1469399999999998,1.146265,1.1464699999999999,0
2025-06-19 07:15:00+00:00,1.1464750000000001,1.1477,1.1464750000000001,1.1473300000000002,0
2025-06-19 07:30:00+00:00,1.147335,1.14765,1.1466349999999998,1.147165,0
2025-06-19 07:45:00+00:00,1.1471550000000001,1.147275,1.1460249999999998,1.146175,0
2025-06-19 11:00:00+00:00,1.14738,1.1474950000000002,1.14677,1.14729,0
2025-06-19 11:15:00+00:00,1.147285,1.148495,1.1472,1.1482649999999999,0
2025-06-19 11:30:00+00:00,1.148275,1.1487500000000002,1.14778,1.14819,0
2025-06-19 11:45:00+00:00,1.1481949999999999,1.1482800000000002,1.147705,1.14811,0
2025-06-19 16:00:00+00:00,1.145975,1.1460050000000002,1.1454749999999998,1.14582,0
2025-06-19 16:15:00+00:00,1.1458400000000002,1.1461450000000002,1.1456650000000002,1.1458949999999999,0
2025-06-19 16:30:00+00:00,1.14589,1.146015,1.145585,1.146015,0
2025-06-19 16:45:00+00:00,1.146,1.14605,1.145505,1.145665,0
2025-06-19 21:00:00+00:00,1.14951,1.149655,1.1494,1.149405,0
2025-06-19 21:15:00+00:00,1.14942,1.149655,1.1494,1.14964,0
2025-06-19 21:30:00+00:00,1.1496650000000002,1.149685,1.14955,1.149685,0
2025-06-19 21:45:00+00:00,1.149705,1.149805,1.1494499999999999,1.1494849999999999,0
2025-06-20 02:00:00+00:00,1.15134,1.151925,1.151215,1.1513650000000002,0
2025-06-20 02:15:00+00:00,1.15137,1.151685,1.1511200000000001,1.151465,0
2025-06-20 02:30:00+00:00,1.151495,1.152165,1.15145,1.15195,0
2025-06-20 02:45:00+00:00,1.151955,1.1520450000000002,1.15156,1.151825,0
2025-06-20 05:00:00+00:00,1.1527,1.15285,1.152545,1.1525699999999999,0
2025-06-20 05:15:00+00:00,1.15256,1.1525699999999999,1.1520299999999999,1.152175,0
2025-06-20 05:30:00+00:00,1.15217,1.1524,1.1519149999999998,1.1523599999999998,0
2025-06-20 05:45:00+00:00,1.15237,1.1529150000000001,1.152355,1.1527599999999998,0
2025-06-20 10:00:00+00:00,1.1527,1.153505,1.152495,1.15335,0
2025-06-20 10:15:00+00:00,1.153355,1.15341,1.1526200000000002,1.1526200000000002,0
2025-06-20 10:30:00+00:00,1.152615,1.152825,1.152275,1.1527949999999998,0
2025-06-20 10:45:00+00:00,1.15278,1.152895,1.1522999999999999,1.1524100000000002,0
2025-06-20 12:00:00+00:00,1.152115,1.1521750000000002,1.151325,1.1517499999999998,0
2025-06-20 12:15:00+00:00,1.1517650000000001,1.15195,1.1513149999999999,1.1515900000000001,0
2025-06-20 12:30:00+00:00,1.1516000000000002,1.15269,1.1511550000000002,1.15183,0
2025-06-20 12:45:00+00:00,1.1518350000000002,1.15184,1.1505649999999998,1.15128,0
2025-06-20 13:00:00+00:00,1.15129,1.15172,1.150915,1.1514799999999998,0
2025-06-20 13:15:00+00:00,1.151475,1.1519599999999999,1.1512850000000001,1.151845,0
2025-06-20 13:30:00+00:00,1.1518350000000002,1.15197,1.15095,1.151065,0
2025-06-20 13:45:00+00:00,1.151075,1.152135,1.150925,1.15184,0
2025-06-20 17:00:00+00:00,1.1536149999999998,1.1538599999999999,1.153505,1.15373,0
2025-06-20 17:15:00+00:00,1.15375,1.1543999999999999,1.15374,1.15401,0
2025-06-20 17:30:00+00:00,1.154,1.1541700000000001,1.1533600000000002,1.1534399999999998,0
2025-06-20 17:45:00+00:00,1.153435,1.15381,1.1532,1.153235,0
2025-06-20 20:00:00+00:00,1.1515900000000001,1.1522649999999999,1.1513900000000001,1.152015,0
2025-06-20 20:15:00+00:00,1.1519949999999999,1.15206,1.151575,1.1517849999999998,0
2025-06-20 20:30:00+00:00,1.15179,1.1520000000000001,1.151615,1.15163,0
2025-06-20 20:45:00+00:00,1.151635,1.152305,1.15154,1.15212,0
2025-06-22 23:00:00+00:00,1.14895,1.1494550000000001,1.1486100000000001,1.149225,0
2025-06-22 23:15:00+00:00,1.149235,1.149885,1.14921,1.1498650000000001,0
2025-06-22 23:30:00+00:00,1.1498599999999999,1.150755,1.1498300000000001,1.150325,0
2025-06-22 23:45:00+00:00,1.150335,1.150415,1.1497950000000001,1.14998,0
2025-06-23 05:00:00+00:00,1.1490749999999998,1.1498599999999999,1.1490749999999998,1.149565,0
2025-06-23 05:15:00+00:00,1.14955,1.1503,1.14954,1.15025,0
2025-06-23 05:30:00+00:00,1.1502400000000002,1.150835,1.150185,1.150785,0
2025-06-23 05:45:00+00:00,1.150795,1.151445,1.150745,1.151325,0
2025-06-23 12:00:00+00:00,1.1472799999999999,1.147805,1.1467100000000001,1.147125,0
2025-06-23 12:15:00+00:00,1.14715,1.14715,1.1462400000000001,1.14627,0
2025-06-23 12:30:00+00:00,1.1462400000000001,1.146515,1.145715,1.14645,0
2025-06-23 12:45:00+00:00,1.1464699999999999,1.1468150000000001,1.14595,1.146765,0
2025-06-23 14:00:00+00:00,1.14896,1.1523349999999999,1.14895,1.1520450000000002,0
2025-06-23 14:15:00+00:00,1.15206,1.153905,1.15178,1.15299,0
2025-06-23 14:30:00+00:00,1.152985,1.153525,1.15251,1.153435,0
2025-06-23 14:45:00+00:00,1.1534550000000001,1.1540650000000001,1.15235,1.153085,0
2025-06-23 17:00:00+00:00,1.154495,1.155275,1.1540650000000001,1.1546750000000001,0
2025-06-23 17:15:00+00:00,1.15468,1.15628,1.15443,1.15584,0
2025-06-23 17:30:00+00:00,1.1558350000000002,1.15685,1.15581,1.15668,0
2025-06-23 17:45:00+00:00,1.15669,1.1573600000000002,1.1563949999999998,1.156935,0
2025-06-24 02:00:00+00:00,1.159095,1.159335,1.15868,1.15924,0
2025-06-24 02:15:00+00:00,1.159265,1.1595149999999999,1.15884,1.15951,0
2025-06-24 02:30:00+00:00,1.1595550000000001,1.15997,1.1595550000000001,1.159825,0
2025-06-24 02:45:00+00:00,1.1598350000000002,1.16017,1.15967,1.160025,0
2025-06-25 00:00:00+00:00,1.1612200000000001,1.16217,1.16113,1.1618,0
2025-06-25 00:15:00+00:00,1.1618249999999999,1.16228,1.161635,1.16227,0
2025-06-25 00:30:00+00:00,1.1622750000000002,1.162355,1.1618,1.161875,0
2025-06-25 00:45:00+00:00,1.161905,1.1626850000000002,1.161875,1.162525,0
2025-06-25 09:00:00+00:00,1.160995,1.16113,1.160145,1.1602700000000001,0
2025-06-25 09:15:00+00:00,1.1602350000000001,1.16031,1.159575,1.1596250000000001,0
2025-06-25 09:30:00+00:00,1.1596199999999999,1.15984,1.1592250000000002,1.1594449999999998,0
2025-06-25 09:45:00+00:00,1.159445,1.160085,1.1593900000000001,1.160075,0
2025-06-25 11:00:00+00:00,1.16037,1.161335,1.160285,1.161175,0
2025-06-25 11:15:00+00:00,1.1611850000000001,1.16127,1.160225,1.160525,0
2025-06-25 11:30:00+00:00,1.16052,1.160685,1.15991,1.160045,0
2025-06-25 11:45:00+00:00,1.1600350000000001,1.1601750000000002,1.159685,1.15994,0
2025-06-25 14:00:00+00:00,1.160095,1.1616,1.160095,1.1606649999999998,0
2025-06-25 14:15:00+00:00,1.16067,1.16148,1.160205,1.16148,0
2025-06-25 14:30:00+00:00,1.1614900000000001,1.162225,1.1611699999999998,1.1620050000000002,0
2025-06-25 14:45:00+00:00,1.16201,1.16236,1.16174,1.162105,0
2025-06-25 20:00:00+00:00,1.1658499999999998,1.166105,1.165515,1.16556,0
2025-06-25 20:15:00+00:00,1.165555,1.16571,1.16513,1.165145,0
2025-06-25 20:30:00+00:00,1.16514,1.165435,1.16514,1.165365,0
2025-06-25 20:45:00+00:00,1.1653600000000002,1.166035,1.165245,1.16591,0
2025-06-26 12:00:00+00:00,1.169495,1.16989,1.16901,1.169745,0
2025-06-26 12:15:00+00:00,1.16975,1.1709299999999998,1.1696900000000001,1.1707800000000002,0
2025-06-26 12:30:00+00:00,1.170785,1.1712150000000001,1.169,1.170955,0
2025-06-26 12:45:00+00:00,1.1709649999999998,1.1712850000000001,1.170385,1.17068,0
2025-06-26 20:00:00+00:00,1.1704599999999998,1.17086,1.169785,1.17016,0
2025-06-26 20:15:00+00:00,1.1701700000000002,1.1701700000000002,1.169515,1.169775,0
2025-06-26 20:30:00+00:00,1.1697700000000002,1.170085,1.1694200000000001,1.17007,0
2025-06-26 20:45:00+00:00,1.17008,1.170235,1.16994,1.17005,0
2025-06-27 02:00:00+00:00,1.170145,1.1704599999999998,1.16993,1.17036,0
2025-06-27 02:15:00+00:00,1.17036,1.17056,1.169805,1.1698650000000002,0
2025-06-27 02:30:00+00:00,1.16987,1.169925,1.168605,1.169465,0
2025-06-27 02:45:00+00:00,1.169465,1.170115,1.1694149999999999,1.16998,0
2025-06-27 05:00:00+00:00,1.16852,1.1689349999999998,1.168495,1.168745,0
2025-06-27 05:15:00+00:00,1.16873,1.16907,1.1685750000000001,1.16899,0
2025-06-27 05:30:00+00:00,1.169,1.1692200000000001,1.168615,1.16909,0
2025-06-27 05:45:00+00:00,1.169095,1.1693600000000002,1.1686450000000002,1.16891,0
2025-06-27 08:00:00+00:00,1.1714799999999999,1.172365,1.171405,1.1721599999999999,0
2025-06-27 08:15:00+00:00,1.172165,1.17262,1.1714600000000002,1.171465,0
2025-06-27 08:30:00+00:00,1.17147,1.17177,1.171075,1.171405,0
2025-06-27 08:45:00+00:00,1.17143,1.1719650000000001,1.170875,1.1709550000000002,0
2025-06-30 00:00:00+00:00,1.172675,1.1728399999999999,1.17222,1.1725249999999998,0
2025-06-30 00:15:00+00:00,1.172495,1.1727949999999998,1.172355,1.172585,0
2025-06-30 00:30:00+00:00,1.1725750000000001,1.1725750000000001,1.17198,1.172085,0
2025-06-30 00:45:00+00:00,1.172095,1.17217,1.1715900000000001,1.171805,0
2025-06-30 04:00:00+00:00,1.1712449999999999,1.17184,1.17122,1.171565,0
2025-06-30 04:15:00+00:00,1.171525,1.1717,1.1714,1.1716600000000001,0
2025-06-30 04:30:00+00:00,1.17167,1.1725050000000001,1.17161,1.1724649999999999,0
2025-06-30 04:45:00+00:00,1.17246,1.1732,1.172205,1.1730450000000001,0
2025-06-30 10:00:00+00:00,1.1719650000000001,1.1720350000000002,1.1716600000000001,1.17196,0
2025-06-30 10:15:00+00:00,1.1719650000000001,1.17239,1.17172,1.17233,0
2025-06-30 10:30:00+00:00,1.172345,1.17239,1.17176,1.1718000000000002,0
2025-06-30 10:45:00+00:00,1.171795,1.1724800000000002,1.171795,1.17246,0
2025-06-30 15:00:00+00:00,1.173875,1.175035,1.173365,1.1749800000000001,0
2025-06-30 15:15:00+00:00,1.17497,1.1755,1.174195,1.17454,0
2025-06-30 15:30:00+00:00,1.174575,1.1754799999999999,1.1743299999999999,1.17533,0
2025-06-30 15:45:00+00:00,1.17535,1.177175,1.175295,1.17699,0
2025-06-30 21:00:00+00:00,1.178735,1.17875,1.17821,1.17824,0
2025-06-30 21:15:00+00:00,1.178245,1.178355,1.1780599999999999,1.178315,0
2025-06-30 21:30:00+00:00,1.17832,1.178375,1.178005,1.178245,0
2025-06-30 21:45:00+00:00,1.17823,1.178365,1.177985,1.1781,0
2025-07-01 02:00:00+00:00,1.1780400000000002,1.178255,1.1778,1.17801,0
2025-07-01 02:15:00+00:00,1.178015,1.178325,1.178005,1.178195,0
2025-07-01 02:30:00+00:00,1.1782050000000002,1.17849,1.178115,1.1783649999999999,0
2025-07-01 02:45:00+00:00,1.178375,1.1789749999999999,1.1783649999999999,1.1788150000000002,0
2025-07-01 08:00:00+00:00,1.17859,1.17859,1.17746,1.1777199999999999,0
2025-07-01 08:15:00+00:00,1.177715,1.178865,1.17764,1.178855,0
2025-07-01 08:30:00+00:00,1.178865,1.179845,1.1785549999999998,1.17929,0
2025-07-01 08:45:00+00:00,1.179305,1.181745,1.17924,1.180465,0
2025-07-01 11:00:00+00:00,1.181135,1.18141,1.18089,1.18102,0
2025-07-01 11:15:00+00:00,1.1810100000000001,1.18102,1.1805949999999998,1.1808,0
2025-07-01 11:30:00+00:00,1.1808100000000001,1.1816900000000001,1.1807349999999999,1.18167,0
2025-07-01 11:45:00+00:00,1.18168,1.18193,1.1812749999999999,1.1814049999999998,0
2025-07-01 15:00:00+00:00,1.1779600000000001,1.1779600000000001,1.17717,1.177425,0
2025-07-01 15:15:00+00:00,1.177445,1.17789,1.1769150000000002,1.1771250000000002,0
2025-07-01 15:30:00+00:00,1.177135,1.1779549999999999,1.1768999999999998,1.17714,0
2025-07-01 15:45:00+00:00,1.1771500000000001,1.1776900000000001,1.1770450000000001,1.17759,0
2025-07-01 21:00:00+00:00,1.180615,1.180615,1.1801249999999999,1.18024,0
2025-07-01 21:15:00+00:00,1.18025,1.18031,1.18007,1.18025,0
2025-07-01 21:30:00+00:00,1.1802549999999998,1.18037,1.18008,1.180335,0
2025-07-01 21:45:00+00:00,1.18034,1.1804700000000001,1.18031,1.18042,0
2025-07-02 02:00:00+00:00,1.179385,1.1795,1.178835,1.17937,0
2025-07-02 02:15:00+00:00,1.179365,1.179815,1.1793399999999998,1.179815,0
2025-07-02 02:30:00+00:00,1.1798250000000001,1.179985,1.179705,1.1798099999999998,0
2025-07-02 02:45:00+00:00,1.17983,1.18018,1.17974,1.18003,0
2025-07-02 07:00:00+00:00,1.178145,1.17835,1.177645,1.1783000000000001,0
2025-07-02 07:15:00+00:00,1.1783100000000002,1.17836,1.17771,1.177765,0
2025-07-02 07:30:00+00:00,1.177775,1.178305,1.177115,1.177815,0
2025-07-02 07:45:00+00:00,1.177825,1.178075,1.177375,1.17741,0
2025-07-02 14:00:00+00:00,1.1759849999999998,1.1764999999999999,1.17535,1.1756250000000001,0
2025-07-02 14:15:00+00:00,1.1756199999999999,1.1770800000000001,1.1754,1.17628,0
2025-07-02 14:30:00+00:00,1.1762700000000001,1.1767500000000002,1.175805,1.175915,0
2025-07-02 14:45:00+00:00,1.17594,1.176895,1.175105,1.17675,0
2025-07-02 16:00:00+00:00,1.178925,1.179395,1.178575,1.178755,0
2025-07-02 16:15:00+00:00,1.17874,1.17924,1.1787,1.1788500000000002,0
2025-07-02 16:30:00+00:00,1.17881,1.179135,1.17868,1.17868,0
2025-07-02 16:45:00+00:00,1.1786699999999999,1.17897,1.178575,1.1788500000000002,0
2025-07-02 22:00:00+00:00,1.179605,1.18001,1.1796,1.179995,0
2025-07-02 22:15:00+00:00,1.1799849999999998,1.180005,1.179755,1.179955,0
2025-07-02 22:30:00+00:00,1.179975,1.179975,1.1798250000000001,1.179835,0
2025-07-02 22:45:00+00:00,1.17984,1.17999,1.179685,1.1798449999999998,0
2025-07-03 03:00:00+00:00,1.1797900000000001,1.179925,1.17946,1.17977,0
2025-07-03 03:15:00+00:00,1.17976,1.1799300000000001,1.17945,1.17949,0
2025-07-03 03:30:00+00:00,1.1794799999999999,1.17962,1.1791749999999999,1.179365,0
2025-07-03 03:45:00+00:00,1.1793749999999998,1.17951,1.17893,1.17917,0
2025-07-03 09:00:00+00:00,1.179815,1.1798199999999999,1.1790850000000002,1.17922,0
2025-07-03 09:15:00+00:00,1.1792099999999999,1.179455,1.17895,1.17901,0
2025-07-03 09:30:00+00:00,1.17902,1.1792799999999999,1.17886,1.17906,0
2025-07-03 09:45:00+00:00,1.179075,1.17945,1.1789,1.17924,0
2025-07-03 18:00:00+00:00,1.17538,1.17564,1.1751649999999998,1.17564,0
2025-07-03 18:15:00+00:00,1.175645,1.17565,1.174995,1.17515,0
2025-07-03 18:30:00+00:00,1.175155,1.175435,1.174995,1.17502,0
2025-07-03 18:45:00+00:00,1.1750500000000001,1.1752250000000002,1.1747999999999998,1.174885,0
2025-07-04 00:00:00+00:00,1.17693,1.17703,1.1766,1.176765,0
2025-07-04 00:15:00+00:00,1.1767699999999999,1.17706,1.176555,1.1767400000000001,0
2025-07-04 00:30:00+00:00,1.1767599999999998,1.177,1.176415,1.1764700000000001,0
2025-07-04 00:45:00+00:00,1.176475,1.176755,1.17636,1.17671,0
2025-07-04 07:00:00+00:00,1.1781199999999998,1.1782650000000001,1.17754,1.177585,0
2025-07-04 07:15:00+00:00,1.177575,1.1779899999999999,1.177215,1.1774900000000001,0
2025-07-04 07:30:00+00:00,1.177495,1.177495,1.1767750000000001,1.17716,0
2025-07-04 07:45:00+00:00,1.177165,1.1777600000000001,1.176875,1.17699,0
2025-07-04 13:00:00+00:00,1.17664,1.17725,1.17664,1.17686,0
2025-07-04 13:15:00+00:00,1.17685,1.177195,1.1768299999999998,1.17698,0
2025-07-04 13:30:00+00:00,1.176955,1.177705,1.1767699999999999,1.17766,0
2025-07-04 13:45:00+00:00,1.1776900000000001,1.17809,1.17739,1.17795,0
2025-07-04 14:00:00+00:00,1.1779600000000001,1.178755,1.177905,1.1783000000000001,0
2025-07-04 14:15:00+00:00,1.17829,1.17855,1.178035,1.178275,0
2025-07-04 14:30:00+00:00,1.178245,1.17835,1.1776499999999999,1.17773,0
2025-07-04 14:45:00+00:00,1.177705,1.1778849999999998,1.17753,1.177855,0
2025-07-04 19:00:00+00:00,1.177915,1.177985,1.177645,1.1777799999999998,0
2025-07-04 19:15:00+00:00,1.1777700000000002,1.177785,1.1776550000000001,1.17771,0
2025-07-04 19:30:00+00:00,1.177705,1.177735,1.17732,1.1776,0
2025-07-04 19:45:00+00:00,1.177595,1.1776499999999999,1.1774550000000001,1.17752,0
2025-07-06 22:00:00+00:00,1.178055,1.1780599999999999,1.177375,1.17773,0
2025-07-06 22:15:00+00:00,1.177745,1.1780849999999998,1.177745,1.17802,0
2025-07-06 22:30:00+00:00,1.1780650000000001,1.17819,1.177935,1.177985,0
2025-07-06 22:45:00+00:00,1.1779899999999999,1.17818,1.177895,1.1779899999999999,0
2025-07-07 00:00:00+00:00,1.1780599999999999,1.17889,1.17795,1.17884,0
2025-07-07 00:15:00+00:00,1.178865,1.179025,1.17816,1.1782599999999999,0
2025-07-07 00:30:00+00:00,1.1782650000000001,1.178585,1.177895,1.17804,0
2025-07-07 00:45:00+00:00,1.1780599999999999,1.1783350000000001,1.177905,1.1780050000000002,0
2025-07-07 04:00:00+00:00,1.176925,1.17725,1.17665,1.1767750000000001,0
2025-07-07 04:15:00+00:00,1.17678,1.17697,1.176645,1.17697,0
2025-07-07 04:30:00+00:00,1.17698,1.1770749999999999,1.176605,1.17666,0
2025-07-07 04:45:00+00:00,1.17665,1.17679,1.17641,1.1766100000000002,0
2025-07-07 12:00:00+00:00,1.172955,1.1731150000000001,1.1724549999999998,1.172715,0
2025-07-07 12:15:00+00:00,1.17272,1.17299,1.17198,1.172105,0
2025-07-07 12:30:00+00:00,1.1721,1.17265,1.17181,1.17228,0
2025-07-07 12:45:00+00:00,1.1722899999999998,1.1723599999999998,1.17206,1.172255,0
2025-07-08 11:00:00+00:00,1.172815,1.173385,1.17279,1.173215,0
2025-07-08 11:15:00+00:00,1.17321,1.173855,1.1731699999999998,1.173305,0
2025-07-08 11:30:00+00:00,1.1732900000000002,1.17354,1.1729699999999998,1.173015,0
2025-07-08 11:45:00+00:00,1.173025,1.173095,1.172145,1.17219,0
2025-07-09 09:00:00+00:00,1.17135,1.1719849999999998,1.17117,1.17167,0
2025-07-09 09:15:00+00:00,1.1716799999999998,1.1716799999999998,1.1709649999999998,1.171005,0
2025-07-09 09:30:00+00:00,1.170995,1.1712799999999999,1.17075,1.17084,0
2025-07-09 09:45:00+00:00,1.17086,1.17171,1.17079,1.1713550000000001,0
2025-07-09 15:00:00+00:00,1.1714799999999999,1.17164,1.1709749999999999,1.170985,0
2025-07-09 15:15:00+00:00,1.1709749999999999,1.171125,1.1705100000000002,1.1706699999999999,0
2025-07-09 15:30:00+00:00,1.170665,1.1709900000000002,1.17057,1.1708699999999999,0
2025-07-09 15:45:00+00:00,1.170875,1.17102,1.17052,1.17061,0
2025-07-10 14:00:00+00:00,1.169265,1.1693850000000001,1.16808,1.16879,0
2025-07-10 14:15:00+00:00,1.168795,1.169025,1.1662599999999999,1.1667999999999998,0
2025-07-10 14:30:00+00:00,1.166805,1.167665,1.16659,1.1673149999999999,0
2025-07-10 14:45:00+00:00,1.16733,1.1684299999999999,1.1673149999999999,1.16799,0
2025-07-11 00:00:00+00:00,1.170185,1.17048,1.168965,1.16939,0
2025-07-11 00:15:00+00:00,1.169405,1.169585,1.1674250000000002,1.167735,0
2025-07-11 00:30:00+00:00,1.16774,1.167845,1.16648,1.167105,0
2025-07-11 00:45:00+00:00,1.16711,1.1681,1.1665299999999998,1.16749,0
2025-07-11 07:00:00+00:00,1.16748,1.16892,1.16748,1.16869,0
2025-07-11 07:15:00+00:00,1.16871,1.169585,1.16871,1.16948,0
2025-07-11 07:30:00+00:00,1.169475,1.16949,1.169165,1.16923,0
2025-07-11 07:45:00+00:00,1.1692399999999998,1.169245,1.168395,1.168895,0
2025-07-11 16:00:00+00:00,1.1695950000000002,1.169785,1.169105,1.16933,0
2025-07-11 16:15:00+00:00,1.169355,1.1697899999999999,1.168995,1.16923,0
2025-07-11 16:30:00+00:00,1.1692200000000001,1.1692900000000002,1.16889,1.16921,0
2025-07-11 16:45:00+00:00,1.1692,1.16977,1.1690649999999998,1.169155,0
2025-07-14 00:00:00+00:00,1.16826,1.16901,1.1681849999999998,1.1689850000000002,0
2025-07-14 00:15:00+00:00,1.168995,1.16901,1.1686100000000001,1.16867,0
2025-07-14 00:30:00+00:00,1.168675,1.1688,1.1683400000000002,1.16872,0
2025-07-14 00:45:00+00:00,1.168715,1.169405,1.1686999999999999,1.16934,0
2025-07-14 06:00:00+00:00,1.16697,1.167025,1.16608,1.16615,0
2025-07-14 06:15:00+00:00,1.166155,1.16622,1.1654399999999998,1.1657899999999999,0
2025-07-14 06:30:00+00:00,1.16582,1.1666050000000001,1.16567,1.16642,0
2025-07-14 06:45:00+00:00,1.16641,1.166665,1.166225,1.1663700000000001,0
2025-07-14 10:00:00+00:00,1.1691150000000001,1.16952,1.1690749999999999,1.169375,0
2025-07-14 10:15:00+00:00,1.1693699999999998,1.169495,1.16914,1.1693349999999998,0
2025-07-14 10:30:00+00:00,1.1693099999999998,1.16933,1.168825,1.168885,0
2025-07-14 10:45:00+00:00,1.16888,1.1695,1.1688100000000001,1.16949,0
2025-07-15 09:00:00+00:00,1.1687150000000002,1.1691099999999999,1.1685699999999999,1.16893,0
2025-07-15 09:15:00+00:00,1.16893,1.16894,1.1681300000000001,1.1684700000000001,0
2025-07-15 09:30:00+00:00,1.168475,1.1688399999999999,1.16824,1.16826,0
2025-07-15 09:45:00+00:00,1.1682700000000001,1.1685699999999999,1.1681599999999999,1.1685050000000001,0
2025-07-16 00:00:00+00:00,1.160745,1.1608749999999999,1.16031,1.16038,0
2025-07-16 00:15:00+00:00,1.160365,1.160695,1.160255,1.16064,0
2025-07-16 00:30:00+00:00,1.16065,1.16124,1.1604649999999999,1.161145,0
2025-07-16 00:45:00+00:00,1.16114,1.16135,1.16074,1.160805,0
2025-07-16 05:00:00+00:00,1.161965,1.16199,1.16164,1.1616900000000001,0
2025-07-16 05:15:00+00:00,1.161715,1.1619950000000001,1.161695,1.161745,0
2025-07-16 05:30:00+00:00,1.16174,1.16185,1.16147,1.16184,0
2025-07-16 05:45:00+00:00,1.161835,1.16207,1.161735,1.1620650000000001,0
2025-07-16 09:00:00+00:00,1.16254,1.16265,1.162,1.1620300000000001,0
2025-07-16 09:15:00+00:00,1.1619950000000001,1.16211,1.161745,1.16184,0
2025-07-16 09:30:00+00:00,1.16182,1.161935,1.16146,1.1619199999999998,0
2025-07-16 09:45:00+00:00,1.1619549999999998,1.1620249999999999,1.1613250000000002,1.16155,0
2025-07-16 20:00:00+00:00,1.16357,1.16417,1.16334,1.1641249999999999,0
2025-07-16 20:15:00+00:00,1.164115,1.164135,1.163805,1.1639650000000001,0
2025-07-16 20:30:00+00:00,1.163955,1.163995,1.1635650000000002,1.163945,0
2025-07-16 20:45:00+00:00,1.1639499999999998,1.164275,1.163845,1.16404,0
2025-07-17 00:00:00+00:00,1.16356,1.16364,1.16297,1.16315,0
2025-07-17 00:15:00+00:00,1.163145,1.1631900000000002,1.162755,1.16278,0
2025-07-17 00:30:00+00:00,1.16279,1.16279,1.1617350000000002,1.162075,0
2025-07-17 00:45:00+00:00,1.1620650000000001,1.16241,1.161835,1.162395,0
2025-07-17 09:00:00+00:00,1.1601650000000001,1.1604700000000001,1.159825,1.159915,0
2025-07-17 09:15:00+00:00,1.1599050000000002,1.1600199999999998,1.15967,1.1597650000000002,0
2025-07-17 09:30:00+00:00,1.1597849999999998,1.1599650000000001,1.1593499999999999,1.159805,0
2025-07-17 09:45:00+00:00,1.15981,1.159815,1.158885,1.159075,0
2025-07-17 18:00:00+00:00,1.1585,1.15879,1.1583,1.1587049999999999,0
2025-07-17 18:15:00+00:00,1.158715,1.15877,1.158005,1.15836,0
2025-07-17 18:30:00+00:00,1.158355,1.1587999999999998,1.158305,1.1587,0
2025-07-17 18:45:00+00:00,1.1586949999999998,1.158745,1.1582,1.1584500000000002,0
2025-07-17 23:00:00+00:00,1.1617199999999999,1.1619,1.161515,1.16161,0
2025-07-17 23:15:00+00:00,1.161615,1.161785,1.16157,1.161775,0
2025-07-17 23:30:00+00:00,1.161805,1.161975,1.16174,1.16175,0
2025-07-17 23:45:00+00:00,1.161755,1.161845,1.16147,1.161515,0
2025-07-21 01:00:00+00:00,1.16189,1.162535,1.1617250000000001,1.162455,0
2025-07-21 01:15:00+00:00,1.162465,1.16254,1.1620599999999999,1.16241,0
2025-07-21 01:30:00+00:00,1.1624150000000002,1.16248,1.16198,1.16202,0
2025-07-21 01:45:00+00:00,1.1620249999999999,1.16204,1.161585,1.16174,0
2025-07-21 12:00:00+00:00,1.16675,1.167345,1.1665100000000002,1.166855,0
2025-07-21 12:15:00+00:00,1.16685,1.16704,1.166515,1.1666750000000001,0
2025-07-21 12:30:00+00:00,1.166665,1.16697,1.1664400000000001,1.16654,0
2025-07-21 12:45:00+00:00,1.1665450000000002,1.1668150000000002,1.16627,1.166515,0
2025-07-21 21:00:00+00:00,1.16939,1.1694049999999998,1.169185,1.16928,0
2025-07-21 21:15:00+00:00,1.1692200000000001,1.1693500000000001,1.16917,1.169305,0
2025-07-21 21:30:00+00:00,1.1693099999999998,1.1695,1.1693,1.1693850000000001,0
2025-07-21 21:45:00+00:00,1.1693850000000001,1.16946,1.169215,1.16926,0
2025-07-22 08:00:00+00:00,1.1686100000000001,1.16952,1.16839,1.168965,0
2025-07-22 08:15:00+00:00,1.16897,1.1692,1.168865,1.16901,0
2025-07-22 08:30:00+00:00,1.1690200000000002,1.1703450000000002,1.1689699999999998,1.169895,0
2025-07-22 08:45:00+00:00,1.169905,1.170115,1.169625,1.1698499999999998,0
2025-07-22 17:00:00+00:00,1.1755200000000001,1.175545,1.1750850000000002,1.17524,0
2025-07-22 17:15:00+00:00,1.175265,1.175345,1.174685,1.1747100000000001,0
2025-07-22 17:30:00+00:00,1.1747049999999999,1.1748500000000002,1.17434,1.17455,0
2025-07-22 17:45:00+00:00,1.17454,1.17489,1.17445,1.1745999999999999,0
2025-07-22 18:00:00+00:00,1.174595,1.1747299999999998,1.1742,1.1743450000000002,0
2025-07-22 18:15:00+00:00,1.174345,1.174615,1.1743000000000001,1.17434,0
2025-07-22 18:30:00+00:00,1.17435,1.174785,1.17429,1.1747299999999998,0
2025-07-22 18:45:00+00:00,1.17472,1.174835,1.1746400000000001,1.174785,0
2025-07-23 00:00:00+00:00,1.1737950000000001,1.17388,1.1733699999999998,1.173465,0
2025-07-23 00:15:00+00:00,1.1734749999999998,1.17431,1.173425,1.17427,0
2025-07-23 00:30:00+00:00,1.17428,1.174305,1.173695,1.174035,0
2025-07-23 00:45:00+00:00,1.174015,1.174805,1.17393,1.17472,0
2025-07-23 10:00:00+00:00,1.17359,1.17359,1.1727750000000001,1.172985,0
2025-07-23 10:15:00+00:00,1.173,1.173535,1.1728399999999999,1.17339,0
2025-07-23 10:30:00+00:00,1.17341,1.1736550000000001,1.17309,1.1733500000000001,0
2025-07-23 10:45:00+00:00,1.1733799999999999,1.17347,1.17232,1.1726100000000002,0
2025-07-23 15:00:00+00:00,1.1733699999999998,1.17409,1.173035,1.17393,0
2025-07-23 15:15:00+00:00,1.17394,1.17425,1.1733799999999999,1.1733799999999999,0
2025-07-23 15:30:00+00:00,1.1733850000000001,1.17344,1.17217,1.1725050000000001,0
2025-07-23 15:45:00+00:00,1.172495,1.175805,1.17239,1.17468,0
2025-07-24 02:00:00+00:00,1.177515,1.177625,1.177115,1.17734,0
2025-07-24 02:15:00+00:00,1.1773600000000002,1.17786,1.1773600000000002,1.1778,0
2025-07-24 02:30:00+00:00,1.1778149999999998,1.17784,1.177105,1.1773449999999999,0
2025-07-24 02:45:00+00:00,1.177345,1.17778,1.177345,1.177685,0
2025-07-24 13:00:00+00:00,1.1736300000000002,1.176355,1.17306,1.175735,0
2025-07-24 13:15:00+00:00,1.175755,1.17728,1.1750099999999999,1.1769349999999998,0
2025-07-24 13:30:00+00:00,1.1769500000000002,1.177355,1.176105,1.17634,0
2025-07-24 13:45:00+00:00,1.176325,1.1776900000000001,1.1756199999999999,1.177155,0
2025-07-24 23:00:00+00:00,1.175205,1.175525,1.17519,1.17542,0
2025-07-24 23:15:00+00:00,1.175435,1.1755900000000001,1.175355,1.175365,0
2025-07-24 23:30:00+00:00,1.175355,1.1755200000000001,1.1749900000000002,1.1754850000000001,0
2025-07-24 23:45:00+00:00,1.17549,1.17574,1.1754449999999999,1.175475,0
2025-07-25 10:00:00+00:00,1.173495,1.1737449999999998,1.1733349999999998,1.173645,0
2025-07-25 10:15:00+00:00,1.173635,1.173715,1.17309,1.173495,0
2025-07-25 10:30:00+00:00,1.173485,1.1737000000000002,1.173255,1.173465,0
2025-07-25 10:45:00+00:00,1.17346,1.173505,1.17246,1.172835,0
2025-07-28 07:00:00+00:00,1.172135,1.1724,1.171405,1.1716449999999998,0
2025-07-28 07:15:00+00:00,1.1716250000000001,1.172185,1.1709049999999999,1.1709200000000002,0
2025-07-28 07:30:00+00:00,1.1709100000000001,1.1709399999999999,1.169085,1.1691500000000001,0
2025-07-28 07:45:00+00:00,1.169155,1.1691799999999999,1.1670449999999999,1.16749,0
2025-07-28 16:00:00+00:00,1.1608999999999998,1.1610900000000002,1.1604899999999998,1.1604899999999998,0
2025-07-28 16:15:00+00:00,1.1604999999999999,1.16089,1.1602700000000001,1.16078,0
2025-07-28 16:30:00+00:00,1.16079,1.16079,1.159975,1.16042,0
2025-07-28 16:45:00+00:00,1.1604299999999999,1.1604299999999999,1.1598549999999999,1.1599249999999999,0
2025-07-29 02:00:00+00:00,1.159115,1.159735,1.159115,1.159665,0
2025-07-29 02:15:00+00:00,1.15968,1.15992,1.159485,1.15982,0
2025-07-29 02:30:00+00:00,1.159825,1.1599050000000002,1.159395,1.1595499999999999,0
2025-07-29 02:45:00+00:00,1.15957,1.15978,1.15954,1.15972,0
2025-07-29 14:00:00+00:00,1.154625,1.15516,1.152775,1.15292,0
2025-07-29 14:15:00+00:00,1.1529349999999998,1.15429,1.1522700000000001,1.15359,0
2025-07-29 14:30:00+00:00,1.153575,1.154595,1.1532499999999999,1.15378,0
2025-07-29 14:45:00+00:00,1.153785,1.1537899999999999,1.152165,1.15229,0
2025-07-30 03:00:00+00:00,1.156395,1.157065,1.15638,1.1568,0
2025-07-30 03:15:00+00:00,1.1568100000000001,1.15696,1.1565150000000002,1.156525,0
2025-07-30 03:30:00+00:00,1.156515,1.156525,1.1558199999999998,1.1561,0
2025-07-30 03:45:00+00:00,1.1560700000000002,1.15626,1.156005,1.156185,0
2025-07-30 14:00:00+00:00,1.1469399999999998,1.14779,1.14652,1.147395,0
2025-07-30 14:15:00+00:00,1.14738,1.14785,1.147185,1.1476549999999999,0
2025-07-30 14:30:00+00:00,1.1476700000000002,1.147955,1.14747,1.1476899999999999,0
2025-07-30 14:45:00+00:00,1.147675,1.1482,1.147675,1.14806,0
2025-07-31 01:00:00+00:00,1.143415,1.14348,1.1425800000000002,1.143025,0
2025-07-31 01:15:00+00:00,1.143005,1.14329,1.14242,1.1431300000000002,0
2025-07-31 01:30:00+00:00,1.143205,1.14381,1.143005,1.14377,0
2025-07-31 01:45:00+00:00,1.143755,1.143755,1.14237,1.1430799999999999,0
2025-07-31 18:00:00+00:00,1.141965,1.142435,1.141565,1.1422400000000001,0
2025-07-31 18:15:00+00:00,1.1422249999999998,1.14293,1.1421800000000002,1.1428150000000001,0
2025-07-31 18:30:00+00:00,1.1428,1.14331,1.14269,1.142925,0
2025-07-31 18:45:00+00:00,1.142915,1.143035,1.14225,1.14266,0
2025-08-01 08:00:00+00:00,1.14188,1.14198,1.1412900000000001,1.1415099999999998,0
2025-08-01 08:15:00+00:00,1.1415,1.142055,1.14126,1.141995,0
2025-08-01 08:30:00+00:00,1.141985,1.14202,1.14105,1.14116,0
2025-08-01 08:45:00+00:00,1.141165,1.141245,1.14055,1.14066,0
2025-08-01 18:00:00+00:00,1.152665,1.153125,1.152175,1.1529349999999998,0
2025-08-01 18:15:00+00:00,1.15292,1.154005,1.15286,1.153945,0
2025-08-01 18:30:00+00:00,1.15396,1.1547999999999998,1.153735,1.15452,0
2025-08-01 18:45:00+00:00,1.1545299999999998,1.15475,1.15255,1.1525750000000001,0
2025-08-04 00:00:00+00:00,1.1587800000000001,1.1588850000000002,1.157235,1.157325,0
2025-08-04 00:15:00+00:00,1.1573449999999998,1.15746,1.156245,1.15647,0
2025-08-04 00:30:00+00:00,1.156475,1.1568,1.15576,1.1561599999999999,0
2025-08-04 00:45:00+00:00,1.15615,1.15626,1.155595,1.155805,0
2025-08-05 01:00:00+00:00,1.1572,1.1574149999999999,1.1559650000000001,1.15606,0
2025-08-05 01:15:00+00:00,1.1560549999999998,1.156795,1.155975,1.15674,0
2025-08-05 01:30:00+00:00,1.15675,1.15698,1.1564649999999999,1.15693,0
2025-08-05 01:45:00+00:00,1.15696,1.157365,1.156325,1.156385,0
2025-08-05 16:00:00+00:00,1.15795,1.15849,1.1578499999999998,1.158445,0
2025-08-05 16:15:00+00:00,1.1584349999999999,1.158485,1.15773,1.15823,0
2025-08-05 16:30:00+00:00,1.15822,1.158605,1.15798,1.158,0
2025-08-05 16:45:00+00:00,1.1580149999999998,1.158395,1.15796,1.158285,0
2025-08-06 02:00:00+00:00,1.1566999999999998,1.1568299999999998,1.15644,1.15667,0
2025-08-06 02:15:00+00:00,1.15666,1.15719,1.1566299999999998,1.1569349999999998,0
2025-08-06 02:30:00+00:00,1.15694,1.15708,1.156755,1.1567699999999999,0
2025-08-06 02:45:00+00:00,1.15676,1.15695,1.156625,1.15692,0
2025-08-06 12:00:00+00:00,1.160415,1.16058,1.16005,1.160345,0
2025-08-06 12:15:00+00:00,1.16037,1.16079,1.16004,1.160485,0
2025-08-06 12:30:00+00:00,1.160475,1.160995,1.1603949999999998,1.1609500000000001,0
2025-08-06 12:45:00+00:00,1.16096,1.16286,1.16096,1.162375,0
2025-08-07 17:00:00+00:00,1.16384,1.1639599999999999,1.16352,1.1636449999999998,0
2025-08-07 17:15:00+00:00,1.16364,1.16398,1.163205,1.163675,0
2025-08-07 17:30:00+00:00,1.163685,1.163945,1.16347,1.16374,0
2025-08-07 17:45:00+00:00,1.163735,1.16379,1.16327,1.1633200000000001,0
2025-08-07 21:00:00+00:00,1.166505,1.167115,1.166505,1.16666,0
2025-08-07 21:15:00+00:00,1.16665,1.16695,1.166325,1.166355,0
2025-08-07 21:30:00+00:00,1.1663350000000001,1.16642,1.16614,1.166405,0
2025-08-07 21:45:00+00:00,1.166415,1.16668,1.1663999999999999,1.1665999999999999,0
2025-08-08 02:00:00+00:00,1.165745,1.166215,1.165745,1.16593,0
2025-08-08 02:15:00+00:00,1.16594,1.166265,1.16594,1.166155,0
2025-08-08 02:30:00+00:00,1.1661450000000002,1.16641,1.1659899999999999,1.166255,0
2025-08-08 02:45:00+00:00,1.1662599999999999,1.1665100000000002,1.1660300000000001,1.16608,0
2025-08-10 21:00:00+00:00,1.164635,1.16524,1.16453,1.16485,0
2025-08-10 21:15:00+00:00,1.1648550000000002,1.164895,1.1646100000000001,1.164695,0
2025-08-10 21:30:00+00:00,1.164705,1.1647349999999999,1.16456,1.16459,0
2025-08-10 21:45:00+00:00,1.1646,1.165025,1.1645599999999998,1.16485,0
2025-08-11 06:00:00+00:00,1.1669299999999998,1.167385,1.166805,1.166955,0
2025-08-11 06:15:00+00:00,1.166935,1.166985,1.1666400000000001,1.166655,0
2025-08-11 06:30:00+00:00,1.1666699999999999,1.1668150000000002,1.16656,1.16661,0
2025-08-11 06:45:00+00:00,1.1666050000000001,1.166645,1.166315,1.16643,0
2025-08-11 10:00:00+00:00,1.164135,1.1644700000000001,1.16411,1.16442,0
2025-08-11 10:15:00+00:00,1.16445,1.16478,1.164405,1.16445,0
2025-08-11 10:30:00+00:00,1.1644299999999999,1.164545,1.164075,1.16445,0
2025-08-11 10:45:00+00:00,1.164455,1.16478,1.1644299999999999,1.1646999999999998,0
2025-08-11 16:00:00+00:00,1.160655,1.16099,1.16059,1.16089,0
2025-08-11 16:15:00+00:00,1.1608049999999999,1.16119,1.1607750000000001,1.161095,0
2025-08-11 16:30:00+00:00,1.1611,1.1611,1.16019,1.16032,0
2025-08-11 16:45:00+00:00,1.1603400000000001,1.160835,1.16025,1.1607500000000002,0
2025-08-13 13:00:00+00:00,1.16988,1.17013,1.16931,1.1696,0
2025-08-13 13:15:00+00:00,1.16959,1.1703800000000002,1.1694,1.1701899999999998,0
2025-08-13 13:30:00+00:00,1.170215,1.1705299999999998,1.16982,1.17041,0
2025-08-13 13:45:00+00:00,1.170385,1.170715,1.16998,1.17047,0
2025-08-13 23:00:00+00:00,1.17081,1.170915,1.170755,1.17088,0
2025-08-13 23:15:00+00:00,1.1708850000000002,1.171095,1.17084,1.171075,0
2025-08-13 23:30:00+00:00,1.17107,1.171255,1.171,1.171015,0
2025-08-13 23:45:00+00:00,1.1710099999999999,1.17126,1.17099,1.1712449999999999,0
2025-08-14 02:00:00+00:00,1.1713,1.1713,1.17109,1.17118,0
2025-08-14 02:15:00+00:00,1.171175,1.17118,1.170465,1.170485,0
2025-08-14 02:30:00+00:00,1.17048,1.17048,1.16991,1.17045,0
2025-08-14 02:45:00+00:00,1.1704400000000001,1.17051,1.17014,1.170505,0
2025-08-14 07:00:00+00:00,1.16852,1.1692749999999998,1.168475,1.16892,0
2025-08-14 07:15:00+00:00,1.1689150000000001,1.168965,1.167845,1.16818,0
2025-08-14 07:30:00+00:00,1.16818,1.168565,1.1678799999999998,1.16805,0
2025-08-14 07:45:00+00:00,1.1680700000000002,1.168335,1.16779,1.1680000000000001,0
2025-08-14 11:00:00+00:00,1.16953,1.16965,1.16909,1.16939,0
2025-08-14 11:15:00+00:00,1.169395,1.1694,1.168295,1.16859,0
2025-08-14 11:30:00+00:00,1.168605,1.16896,1.168385,1.16859,0
2025-08-14 11:45:00+00:00,1.168615,1.1692900000000002,1.16838,1.1688049999999999,0
2025-08-14 15:00:00+00:00,1.1660949999999999,1.166205,1.164755,1.165455,0
2025-08-14 15:15:00+00:00,1.1654499999999999,1.16564,1.164905,1.165045,0
2025-08-14 15:30:00+00:00,1.165055,1.1653,1.163945,1.164015,0
2025-08-14 15:45:00+00:00,1.16402,1.164755,1.16376,1.164305,0
2025-08-15 02:00:00+00:00,1.1653,1.165725,1.16517,1.165565,0
2025-08-15 02:15:00+00:00,1.16557,1.16558,1.16496,1.16512,0
2025-08-15 02:30:00+00:00,1.16513,1.16564,1.16506,1.165455,0
2025-08-15 02:45:00+00:00,1.16546,1.165785,1.165425,1.16568,0
2025-08-15 13:00:00+00:00,1.16941,1.170165,1.1690649999999998,1.16912,0
2025-08-15 13:15:00+00:00,1.16913,1.16925,1.168185,1.16914,0
2025-08-15 13:30:00+00:00,1.1691449999999999,1.169835,1.1688,1.169365,0
2025-08-15 13:45:00+00:00,1.169355,1.17082,1.169355,1.1703549999999998,0
2025-08-15 18:00:00+00:00,1.17041,1.17052,1.16987,1.17042,0
2025-08-15 18:15:00+00:00,1.17043,1.17066,1.1703000000000001,1.1703000000000001,0
2025-08-15 18:30:00+00:00,1.170275,1.1704599999999998,1.17015,1.1702599999999999,0
2025-08-15 18:45:00+00:00,1.17021,1.1705100000000002,1.17011,1.1702599999999999,0
2025-08-18 00:00:00+00:00,1.170645,1.1707299999999998,1.1702949999999999,1.170485,0
2025-08-18 00:15:00+00:00,1.170505,1.1710699999999998,1.1703649999999999,1.1709049999999999,0
2025-08-18 00:30:00+00:00,1.17093,1.1709800000000001,1.170245,1.17025,0
2025-08-18 00:45:00+00:00,1.170245,1.1703350000000001,1.170035,1.17016,0
2025-08-18 09:00:00+00:00,1.168225,1.168595,1.16772,1.16855,0
2025-08-18 09:15:00+00:00,1.168545,1.1685699999999999,1.16799,1.168175,0
2025-08-18 09:30:00+00:00,1.1681599999999999,1.1682000000000001,1.1673550000000001,1.167405,0
2025-08-18 09:45:00+00:00,1.167415,1.168145,1.167305,1.1680199999999998,0
2025-08-18 19:00:00+00:00,1.166005,1.16655,1.166,1.16655,0
2025-08-18 19:15:00+00:00,1.16654,1.16695,1.166535,1.166935,0
2025-08-18 19:30:00+00:00,1.166925,1.1670449999999999,1.166855,1.166895,0
2025-08-18 19:45:00+00:00,1.16689,1.16689,1.16665,1.16673,0
2025-08-19 06:00:00+00:00,1.165535,1.1657549999999999,1.1651250000000002,1.165665,0
2025-08-19 06:15:00+00:00,1.16567,1.16609,1.165425,1.1659199999999998,0
2025-08-19 06:30:00+00:00,1.16594,1.16647,1.16589,1.1663700000000001,0
2025-08-19 06:45:00+00:00,1.1663700000000001,1.167475,1.166315,1.16744,0
2025-08-19 14:00:00+00:00,1.1676199999999999,1.1677650000000002,1.1669450000000001,1.1669450000000001,0
2025-08-19 14:15:00+00:00,1.16693,1.1672449999999999,1.16657,1.1669,0
2025-08-19 14:30:00+00:00,1.166915,1.167005,1.1664949999999998,1.16654,0
2025-08-19 14:45:00+00:00,1.16655,1.16736,1.166405,1.16722,0
2025-08-20 02:00:00+00:00,1.16273,1.16275,1.1623649999999999,1.162645,0
2025-08-20 02:15:00+00:00,1.162655,1.162785,1.162535,1.1626750000000001,0
2025-08-20 02:30:00+00:00,1.162665,1.162965,1.1624349999999999,1.162455,0
2025-08-20 02:45:00+00:00,1.162485,1.162735,1.1622249999999998,1.16265,0
2025-08-20 12:00:00+00:00,1.164205,1.16513,1.164205,1.1651099999999999,0
2025-08-20 12:15:00+00:00,1.165105,1.1654200000000001,1.16506,1.16526,0
2025-08-20 12:30:00+00:00,1.1652900000000002,1.166915,1.16523,1.1665,0
2025-08-20 12:45:00+00:00,1.1664949999999998,1.1673749999999998,1.166255,1.16711,0
2025-08-20 22:00:00+00:00,1.16522,1.16558,1.16514,1.165295,0
2025-08-20 22:15:00+00:00,1.165285,1.1654550000000001,1.165245,1.16541,0
2025-08-20 22:30:00+00:00,1.165395,1.165425,1.165305,1.1653250000000002,0
2025-08-20 22:45:00+00:00,1.165315,1.165315,1.165245,1.16527,0
2025-08-21 09:00:00+00:00,1.165495,1.1660650000000001,1.1653799999999999,1.166055,0
2025-08-21 09:15:00+00:00,1.1660650000000001,1.1662750000000002,1.16577,1.165805,0
2025-08-21 09:30:00+00:00,1.1658,1.16612,1.16552,1.1659899999999999,0
2025-08-21 09:45:00+00:00,1.16598,1.166075,1.1654499999999999,1.1654849999999999,0
2025-08-21 21:00:00+00:00,1.160565,1.16092,1.16054,1.16079,0
2025-08-21 21:15:00+00:00,1.16076,1.161205,1.16076,1.1611150000000001,0
2025-08-21 21:30:00+00:00,1.161095,1.16112,1.160815,1.160915,0
2025-08-21 21:45:00+00:00,1.160925,1.160995,1.1605699999999999,1.1609099999999999,0
2025-08-22 05:00:00+00:00,1.1584400000000001,1.158735,1.15834,1.158735,0
2025-08-22 05:15:00+00:00,1.15873,1.158835,1.1585,1.15861,0
2025-08-22 05:30:00+00:00,1.158605,1.15888,1.15842,1.15887,0
2025-08-22 05:45:00+00:00,1.15886,1.158895,1.158535,1.1586850000000002,0
2025-08-22 16:00:00+00:00,1.1712150000000001,1.172285,1.1712,1.17211,0
2025-08-22 16:15:00+00:00,1.1721149999999998,1.17246,1.171705,1.1719249999999999,0
2025-08-22 16:30:00+00:00,1.171935,1.172655,1.171685,1.17206,0
2025-08-22 16:45:00+00:00,1.172075,1.1724100000000002,1.17156,1.1722000000000001,0
2025-08-24 22:00:00+00:00,1.172295,1.172375,1.171665,1.17169,0
2025-08-24 22:15:00+00:00,1.1716950000000002,1.17172,1.17145,1.171605,0
2025-08-24 22:30:00+00:00,1.1715849999999999,1.1715849999999999,1.1711,1.171135,0
2025-08-24 22:45:00+00:00,1.1711550000000002,1.17147,1.171105,1.171295,0
2025-08-25 12:00:00+00:00,1.17028,1.170355,1.1694149999999999,1.16947,0
2025-08-25 12:15:00+00:00,1.16948,1.1697799999999998,1.1693799999999999,1.169515,0
2025-08-25 12:30:00+00:00,1.16949,1.1699199999999998,1.1694300000000002,1.16975,0
2025-08-25 12:45:00+00:00,1.1697700000000002,1.1701350000000001,1.16968,1.1699899999999999,0
2025-08-25 23:00:00+00:00,1.1620599999999999,1.16214,1.16155,1.16162,0
2025-08-25 23:15:00+00:00,1.1615799999999998,1.161625,1.16141,1.1614499999999999,0
2025-08-25 23:30:00+00:00,1.1614399999999998,1.161675,1.16134,1.161445,0
2025-08-25 23:45:00+00:00,1.1614399999999998,1.1615199999999999,1.16126,1.1614550000000001,0
2025-08-26 10:00:00+00:00,1.164255,1.16467,1.16411,1.16439,0
2025-08-26 10:15:00+00:00,1.1644100000000002,1.1647500000000002,1.1641949999999999,1.16435,0
2025-08-26 10:30:00+00:00,1.16434,1.1643400000000002,1.16372,1.1639050000000002,0
2025-08-26 10:45:00+00:00,1.1639,1.16459,1.163735,1.1644999999999999,0
2025-08-26 20:00:00+00:00,1.16405,1.164055,1.1633550000000001,1.163815,0
2025-08-26 20:15:00+00:00,1.16381,1.163825,1.163465,1.16351,0
2025-08-26 20:30:00+00:00,1.16352,1.164205,1.16352,1.1641599999999999,0
2025-08-26 20:45:00+00:00,1.16417,1.1643249999999998,1.16403,1.164245,0
2025-08-27 07:00:00+00:00,1.1621000000000001,1.1622,1.16106,1.1611,0
2025-08-27 07:15:00+00:00,1.161095,1.16139,1.1604649999999999,1.1605249999999998,0
2025-08-27 07:30:00+00:00,1.1605349999999999,1.1606999999999998,1.1596250000000001,1.1601400000000002,0
2025-08-27 07:45:00+00:00,1.16013,1.1604299999999999,1.1596600000000001,1.160355,0
2025-08-27 20:00:00+00:00,1.1633900000000001,1.16357,1.16318,1.16331,0
2025-08-27 20:15:00+00:00,1.163305,1.1634950000000002,1.16316,1.1634950000000002,0
2025-08-27 20:30:00+00:00,1.1634799999999998,1.1636549999999999,1.163465,1.163535,0
2025-08-27 20:45:00+00:00,1.16352,1.163935,1.163475,1.1638549999999999,0
2025-08-28 10:00:00+00:00,1.16487,1.16551,1.1648200000000002,1.1653600000000002,0
2025-08-28 10:15:00+00:00,1.1653950000000002,1.16668,1.16533,1.1664400000000001,0
2025-08-28 10:30:00+00:00,1.16645,1.167335,1.1663899999999998,1.1672150000000001,0
2025-08-28 10:45:00+00:00,1.16722,1.167495,1.1669999999999998,1.16715,0
2025-08-28 20:00:00+00:00,1.16826,1.1683400000000002,1.16808,1.1681,0
2025-08-28 20:15:00+00:00,1.16811,1.1681599999999999,1.16799,1.1680549999999998,0
2025-08-28 20:30:00+00:00,1.16806,1.16807,1.1679300000000001,1.16795,0
2025-08-28 20:45:00+00:00,1.167945,1.16837,1.167795,1.168365,0
2025-08-29 07:00:00+00:00,1.1667399999999999,1.1672250000000002,1.166465,1.167025,0
2025-08-29 07:15:00+00:00,1.167015,1.167185,1.16629,1.1663999999999999,0
2025-08-29 07:30:00+00:00,1.1663899999999998,1.1669049999999999,1.16635,1.16655,0
2025-08-29 07:45:00+00:00,1.1665649999999999,1.16771,1.1665649999999999,1.167595,0
2025-08-29 17:00:00+00:00,1.1701549999999998,1.1703000000000001,1.1696499999999999,1.16981,0
2025-08-29 17:15:00+00:00,1.169805,1.170185,1.16974,1.1698650000000002,0
2025-08-29 17:30:00+00:00,1.169875,1.17007,1.1697549999999999,1.17004,0
2025-08-29 17:45:00+00:00,1.17005,1.17011,1.169625,1.1696499999999999,0
2025-09-01 03:00:00+00:00,1.1711900000000002,1.17145,1.17108,1.1712500000000001,0
2025-09-01 03:15:00+00:00,1.17124,1.17124,1.1707800000000002,1.17086,0
2025-09-01 03:30:00+00:00,1.1708500000000002,1.1709900000000002,1.170755,1.1708500000000002,0
2025-09-01 03:45:00+00:00,1.1708699999999999,1.170995,1.17047,1.170835,0
2025-09-01 13:00:00+00:00,1.17075,1.1715149999999999,1.17052,1.1713900000000002,0
2025-09-01 13:15:00+00:00,1.17138,1.1716199999999999,1.1710150000000001,1.17102,0
2025-09-01 13:30:00+00:00,1.17103,1.17149,1.1709,1.17099,0
2025-09-01 13:45:00+00:00,1.17096,1.170995,1.17054,1.17079,0
2025-09-02 01:00:00+00:00,1.1704599999999998,1.170545,1.1700249999999999,1.170315,0
2025-09-02 01:15:00+00:00,1.17031,1.170545,1.17007,1.170465,0
2025-09-02 01:30:00+00:00,1.17047,1.1707049999999999,1.16994,1.1700949999999999,0
2025-09-02 01:45:00+00:00,1.17011,1.17049,1.16996,1.1703700000000001,0
2025-09-02 13:00:00+00:00,1.161745,1.1639849999999998,1.161515,1.16391,0
2025-09-02 13:15:00+00:00,1.1638899999999999,1.16413,1.1636,1.1638199999999999,0
2025-09-02 13:30:00+00:00,1.16384,1.16504,1.1635849999999999,1.164595,0
2025-09-02 13:45:00+00:00,1.1646,1.16514,1.1640350000000002,1.165015,0
2025-09-02 20:00:00+00:00,1.164145,1.1642899999999998,1.16398,1.164135,0
2025-09-02 20:15:00+00:00,1.1641400000000002,1.16419,1.163885,1.163975,0
2025-09-02 20:30:00+00:00,1.1639599999999999,1.164155,1.1638950000000001,1.164135,0
2025-09-02 20:45:00+00:00,1.1641650000000001,1.1643599999999998,1.16405,1.164255,0
2025-09-03 01:00:00+00:00,1.16331,1.1635499999999999,1.162915,1.16306,0
2025-09-03 01:15:00+00:00,1.163065,1.1631200000000002,1.16265,1.16297,0
2025-09-03 01:30:00+00:00,1.1629800000000001,1.16342,1.1629800000000001,1.163185,0
2025-09-03 01:45:00+00:00,1.16318,1.163235,1.162765,1.1630449999999999,0
2025-09-03 06:00:00+00:00,1.163005,1.1632850000000001,1.16286,1.16324,0
2025-09-03 06:15:00+00:00,1.16322,1.1635499999999999,1.1630150000000001,1.1635499999999999,0
2025-09-03 06:30:00+00:00,1.1635550000000001,1.16431,1.1635499999999999,1.1638950000000001,0
2025-09-03 06:45:00+00:00,1.1638899999999999,1.163955,1.163215,1.163305,0
2025-09-04 10:00:00+00:00,1.16432,1.1657950000000001,1.1643,1.165735,0
2025-09-04 10:15:00+00:00,1.165725,1.16578,1.165155,1.16555,0
2025-09-04 10:30:00+00:00,1.16554,1.1659700000000002,1.16535,1.16554,0
2025-09-04 10:45:00+00:00,1.165535,1.165655,1.1652,1.1652900000000002,0
2025-09-04 18:00:00+00:00,1.16377,1.1643750000000002,1.16367,1.164355,0
2025-09-04 18:15:00+00:00,1.16435,1.16466,1.16427,1.164565,0
2025-09-04 18:30:00+00:00,1.16456,1.16479,1.1644100000000002,1.16448,0
2025-09-04 18:45:00+00:00,1.16449,1.1646999999999998,1.16428,1.1643949999999998,0
2025-09-05 19:00:00+00:00,1.171705,1.17232,1.171705,1.171975,0
2025-09-05 19:15:00+00:00,1.17199,1.17226,1.1718600000000001,1.17191,0
2025-09-05 19:30:00+00:00,1.171885,1.17192,1.17151,1.17153,0
2025-09-05 19:45:00+00:00,1.17151,1.1718199999999999,1.17131,1.171795,0
2025-09-08 13:00:00+00:00,1.1737799999999998,1.17542,1.17366,1.1750349999999998,0
2025-09-08 13:15:00+00:00,1.1750500000000001,1.1751800000000001,1.1747800000000002,1.17508,0
2025-09-08 13:30:00+00:00,1.17509,1.175615,1.17495,1.17511,0
2025-09-08 13:45:00+00:00,1.1751200000000002,1.17557,1.17499,1.17511,0
2025-09-08 18:00:00+00:00,1.1739600000000001,1.174765,1.1739600000000001,1.174765,0
2025-09-08 18:15:00+00:00,1.17476,1.175275,1.174745,1.175275,0
2025-09-08 18:30:00+00:00,1.1752699999999998,1.1754,1.17508,1.175275,0
2025-09-08 18:45:00+00:00,1.17526,1.176265,1.175145,1.1761300000000001,0
2025-09-08 22:00:00+00:00,1.1761599999999999,1.176445,1.1761599999999999,1.176365,0
2025-09-08 22:15:00+00:00,1.17637,1.176525,1.1762299999999999,1.176285,0
2025-09-08 22:30:00+00:00,1.17631,1.17641,1.176285,1.176285,0
2025-09-08 22:45:00+00:00,1.17626,1.176405,1.176145,1.176215,0
2025-09-09 03:00:00+00:00,1.17689,1.177,1.1766,1.1767400000000001,0
2025-09-09 03:15:00+00:00,1.17673,1.17673,1.17644,1.1766,0
2025-09-09 03:30:00+00:00,1.17658,1.1766999999999999,1.17651,1.17664,0
2025-09-09 03:45:00+00:00,1.176635,1.176695,1.17635,1.17639,0
2025-09-09 07:00:00+00:00,1.176495,1.176835,1.1763,1.1766,0
2025-09-09 07:15:00+00:00,1.17662,1.17682,1.175915,1.17645,0
2025-09-09 07:30:00+00:00,1.17646,1.176525,1.175365,1.175385,0
2025-09-09 07:45:00+00:00,1.17539,1.175475,1.174795,1.1752799999999999,0
2025-09-09 16:00:00+00:00,1.1722199999999998,1.17264,1.17205,1.1725150000000002,0
2025-09-09 16:15:00+00:00,1.17252,1.1728299999999998,1.1719,1.1723949999999999,0
2025-09-09 16:30:00+00:00,1.1724100000000002,1.17299,1.172215,1.172215,0
2025-09-09 16:45:00+00:00,1.17224,1.1723050000000002,1.171885,1.171905,0
2025-09-10 19:00:00+00:00,1.17045,1.17047,1.16993,1.1699700000000002,0
2025-09-10 19:15:00+00:00,1.169965,1.170005,1.169555,1.169585,0
2025-09-10 19:30:00+00:00,1.1695600000000002,1.16958,1.1693500000000001,1.1694550000000001,0
2025-09-10 19:45:00+00:00,1.1694650000000002,1.17007,1.1694049999999998,1.170035,0
2025-09-10 23:00:00+00:00,1.1702949999999999,1.170365,1.170125,1.17031,0
2025-09-10 23:15:00+00:00,1.17032,1.1706750000000001,1.170305,1.1703999999999999,0
2025-09-10 23:30:00+00:00,1.1704249999999998,1.170455,1.170245,1.170255,0
2025-09-10 23:45:00+00:00,1.17026,1.170445,1.17018,1.1702599999999999,0
2025-09-11 15:00:00+00:00,1.172795,1.17366,1.172615,1.17366,0
2025-09-11 15:15:00+00:00,1.1736550000000001,1.1746050000000001,1.1736300000000002,1.1738,0
2025-09-11 15:30:00+00:00,1.1737549999999999,1.173855,1.17328,1.1734149999999999,0
2025-09-11 15:45:00+00:00,1.173425,1.17344,1.1730399999999999,1.17316,0
2025-09-12 03:00:00+00:00,1.1726800000000002,1.1726800000000002,1.172285,1.1724700000000001,0
2025-09-12 03:15:00+00:00,1.1724899999999998,1.17256,1.172335,1.17245,0
2025-09-12 03:30:00+00:00,1.17244,1.1727150000000002,1.17237,1.17251,0
2025-09-12 03:45:00+00:00,1.1724999999999999,1.172565,1.172405,1.172515,0
2025-09-12 16:00:00+00:00,1.1714099999999998,1.171475,1.1710150000000001,1.171335,0
2025-09-12 16:15:00+00:00,1.17135,1.172045,1.1712950000000002,1.172045,0
2025-09-12 16:30:00+00:00,1.17204,1.172905,1.17197,1.172905,0
2025-09-12 16:45:00+00:00,1.172905,1.17318,1.1726,1.17271,0
2025-09-15 04:00:00+00:00,1.17313,1.1733950000000002,1.1731099999999999,1.17326,0
2025-09-15 04:15:00+00:00,1.17326,1.1735449999999998,1.173245,1.17341,0
2025-09-15 04:30:00+00:00,1.1734,1.1734,1.17309,1.1732200000000002,0
2025-09-15 04:45:00+00:00,1.173225,1.173405,1.173115,1.173405,0
2025-09-15 19:00:00+00:00,1.1769500000000002,1.177135,1.17687,1.1770749999999999,0
2025-09-15 19:15:00+00:00,1.1770649999999998,1.1771699999999998,1.17689,1.1771,0
2025-09-15 19:30:00+00:00,1.1770800000000001,1.1772049999999998,1.1768,1.1768999999999998,0
2025-09-15 19:45:00+00:00,1.1768800000000001,1.1768800000000001,1.176445,1.176575,0
2025-09-16 09:00:00+00:00,1.179525,1.180835,1.1795149999999999,1.180595,0
2025-09-16 09:15:00+00:00,1.180585,1.181105,1.180535,1.1807599999999998,0
2025-09-16 09:30:00+00:00,1.1807850000000002,1.18163,1.180685,1.181575,0
2025-09-16 09:45:00+00:00,1.1815799999999999,1.18181,1.181335,1.1814200000000001,0
2025-09-16 22:00:00+00:00,1.186385,1.18677,1.186365,1.186565,0
2025-09-16 22:15:00+00:00,1.186575,1.18676,1.186555,1.18675,0
2025-09-16 22:30:00+00:00,1.1867450000000002,1.186835,1.18669,1.18672,0
2025-09-16 22:45:00+00:00,1.1867,1.1867100000000002,1.186455,1.1865999999999999,0
2025-09-17 09:00:00+00:00,1.184835,1.1849699999999999,1.1845150000000002,1.184565,0
2025-09-17 09:15:00+00:00,1.1845599999999998,1.184825,1.18435,1.1844000000000001,0
2025-09-17 09:30:00+00:00,1.1844100000000002,1.18459,1.18412,1.184535,0
2025-09-17 09:45:00+00:00,1.1845599999999998,1.184895,1.18446,1.184555,0
2025-09-17 20:00:00+00:00,1.18247,1.18276,1.182075,1.182105,0
2025-09-17 20:15:00+00:00,1.1821,1.18213,1.1808049999999999,1.18105,0
2025-09-17 20:30:00+00:00,1.18103,1.1814900000000002,1.18089,1.181425,0
2025-09-17 20:45:00+00:00,1.18143,1.18179,1.1811099999999999,1.18129,0
2025-09-18 09:00:00+00:00,1.18279,1.18387,1.182715,1.18387,0
2025-09-18 09:15:00+00:00,1.183865,1.1841050000000002,1.1835149999999999,1.1839650000000002,0
2025-09-18 09:30:00+00:00,1.183955,1.1848299999999998,1.1837,1.184605,0
2025-09-18 09:45:00+00:00,1.1846,1.18462,1.183745,1.183815,0
2025-09-19 05:00:00+00:00,1.1773799999999999,1.1777000000000002,1.17737,1.177535,0
2025-09-19 05:15:00+00:00,1.1775250000000002,1.1776749999999998,1.17748,1.1776399999999998,0
2025-09-19 05:30:00+00:00,1.177645,1.177805,1.177125,1.1774499999999999,0
2025-09-19 05:45:00+00:00,1.1774399999999998,1.17755,1.177095,1.17732,0
2025-09-19 14:00:00+00:00,1.175815,1.176415,1.1757149999999998,1.1758350000000002,0
2025-09-19 14:15:00+00:00,1.1758449999999998,1.17667,1.1756799999999998,1.17618,0
2025-09-19 14:30:00+00:00,1.17618,1.176795,1.17598,1.17657,0
2025-09-19 14:45:00+00:00,1.176545,1.176545,1.175605,1.17571,0
2025-09-21 23:00:00+00:00,1.17407,1.17418,1.1738849999999998,1.173925,0
2025-09-21 23:15:00+00:00,1.17393,1.1741000000000001,1.1739199999999999,1.1739199999999999,0
2025-09-21 23:30:00+00:00,1.17393,1.174065,1.1737250000000001,1.173945,0
2025-09-21 23:45:00+00:00,1.173965,1.173965,1.1735799999999998,1.1736650000000002,0
2025-09-22 07:00:00+00:00,1.17436,1.1748500000000002,1.173915,1.1739950000000001,0
2025-09-22 07:15:00+00:00,1.17398,1.175445,1.173915,1.175395,0
2025-09-22 07:30:00+00:00,1.175405,1.1754250000000002,1.17472,1.175125,0
2025-09-22 07:45:00+00:00,1.17512,1.1753749999999998,1.17481,1.1748500000000002,0
2025-09-23 14:00:00+00:00,1.179955,1.180525,1.17937,1.1798449999999998,0
2025-09-23 14:15:00+00:00,1.1798549999999999,1.18018,1.17926,1.17965,0
2025-09-23 14:30:00+00:00,1.1796600000000002,1.180155,1.17929,1.18001,0
2025-09-23 14:45:00+00:00,1.1800199999999998,1.18006,1.1794449999999999,1.1795399999999998,0
2025-09-23 17:00:00+00:00,1.18049,1.1809500000000002,1.180475,1.1807850000000002,0
2025-09-23 17:15:00+00:00,1.1808,1.18127,1.1803050000000002,1.180965,0
2025-09-23 17:30:00+00:00,1.181,1.18173,1.181,1.181475,0
2025-09-23 17:45:00+00:00,1.1814749999999998,1.1817799999999998,1.180995,1.18118,0
2025-09-23 20:00:00+00:00,1.1816300000000002,1.18184,1.18154,1.181575,0
2025-09-23 20:15:00+00:00,1.18155,1.1815600000000002,1.1814550000000001,1.18154,0
2025-09-23 20:30:00+00:00,1.1815250000000002,1.1815250000000002,1.181175,1.1813349999999998,0
2025-09-23 20:45:00+00:00,1.1813250000000002,1.1816149999999999,1.1813099999999999,1.18154,0
2025-09-24 10:00:00+00:00,1.176765,1.1770049999999999,1.175795,1.1759149999999998,0
2025-09-24 10:15:00+00:00,1.1759300000000001,1.17615,1.1755499999999999,1.176025,0
2025-09-24 10:30:00+00:00,1.1760199999999998,1.1764199999999998,1.17527,1.1753,0
2025-09-24 10:45:00+00:00,1.17531,1.17531,1.175095,1.175185,0
2025-09-24 13:00:00+00:00,1.1742849999999998,1.1743450000000002,1.1735600000000002,1.173695,0
2025-09-24 13:15:00+00:00,1.1736849999999999,1.1740650000000001,1.1733349999999998,1.17366,0
2025-09-24 13:30:00+00:00,1.17364,1.1737350000000002,1.173025,1.1730800000000001,0
2025-09-24 13:45:00+00:00,1.1731150000000001,1.174355,1.173085,1.173855,0
2025-09-24 16:00:00+00:00,1.174185,1.174375,1.173845,1.17397,0
2025-09-24 16:15:00+00:00,1.173975,1.174155,1.173715,1.173845,0
2025-09-24 16:30:00+00:00,1.173855,1.17387,1.173165,1.1736,0
2025-09-24 16:45:00+00:00,1.173605,1.17367,1.1730200000000002,1.173265,0
2025-09-25 13:00:00+00:00,1.16982,1.1706400000000001,1.16934,1.1704150000000002,0
2025-09-25 13:15:00+00:00,1.1704400000000001,1.17102,1.1699899999999999,1.1701199999999998,0
2025-09-25 13:30:00+00:00,1.17013,1.17042,1.16934,1.16939,0
2025-09-25 13:45:00+00:00,1.169375,1.16941,1.1683050000000001,1.1686,0
2025-09-25 19:00:00+00:00,1.1652399999999998,1.1659899999999999,1.1651850000000001,1.16594,0
2025-09-25 19:15:00+00:00,1.16595,1.16629,1.16595,1.16598,0
2025-09-25 19:30:00+00:00,1.16599,1.1660949999999999,1.16571,1.1657449999999998,0
2025-09-25 19:45:00+00:00,1.1657250000000001,1.16616,1.1656900000000001,1.1660599999999999,0
2025-09-26 02:00:00+00:00,1.166785,1.16723,1.16675,1.16712,0
2025-09-26 02:15:00+00:00,1.167125,1.1676199999999999,1.16706,1.1675900000000001,0
2025-09-26 02:30:00+00:00,1.1676,1.1678,1.16754,1.1677300000000002,0
2025-09-26 02:45:00+00:00,1.167735,1.167945,1.1676449999999998,1.16771,0
2025-09-26 14:00:00+00:00,1.1683949999999999,1.16975,1.1683599999999998,1.169395,0
2025-09-26 14:15:00+00:00,1.1693850000000001,1.16965,1.16867,1.16892,0
2025-09-26 14:30:00+00:00,1.1688999999999998,1.17028,1.1687699999999999,1.17028,0
2025-09-26 14:45:00+00:00,1.170285,1.170465,1.1690999999999998,1.169125,0
2025-09-29 09:00:00+00:00,1.172365,1.172605,1.172085,1.172155,0
2025-09-29 09:15:00+00:00,1.1721650000000001,1.17262,1.17198,1.172415,0
2025-09-29 09:30:00+00:00,1.1724299999999999,1.17244,1.171975,1.1721300000000001,0
2025-09-29 09:45:00+00:00,1.17214,1.172145,1.171685,1.171775,0
2025-09-29 23:00:00+00:00,1.1727699999999999,1.172905,1.172725,1.172895,0
2025-09-29 23:15:00+00:00,1.172855,1.173175,1.172835,1.173085,0
2025-09-29 23:30:00+00:00,1.1730749999999999,1.173135,1.173035,1.1730749999999999,0
2025-09-29 23:45:00+00:00,1.173085,1.17324,1.1730399999999999,1.1730649999999998,0
2025-09-30 12:00:00+00:00,1.174235,1.17475,1.17407,1.174325,0
2025-09-30 12:15:00+00:00,1.1743100000000002,1.1744949999999998,1.1739600000000001,1.17411,0
2025-09-30 12:30:00+00:00,1.1741000000000001,1.174245,1.17332,1.1735099999999998,0
2025-09-30 12:45:00+00:00,1.17353,1.17393,1.1733349999999998,1.17371,0
2025-10-01 04:00:00+00:00,1.17382,1.1742650000000001,1.1738,1.1741549999999998,0
2025-10-01 04:15:00+00:00,1.174175,1.174505,1.174175,1.17449,0
2025-10-01 04:30:00+00:00,1.1745,1.17489,1.1745,1.17488,0
2025-10-01 04:45:00+00:00,1.1748699999999999,1.175875,1.1748500000000002,1.175825,0
2025-10-01 18:00:00+00:00,1.1724,1.1733850000000001,1.1721650000000001,1.17336,0
2025-10-01 18:15:00+00:00,1.17334,1.17382,1.1733,1.173795,0
2025-10-01 18:30:00+00:00,1.17379,1.174195,1.173705,1.1738499999999998,0
2025-10-01 18:45:00+00:00,1.17384,1.17404,1.173485,1.173485,0
2025-10-02 07:00:00+00:00,1.17429,1.17538,1.17411,1.175115,0
2025-10-02 07:15:00+00:00,1.175165,1.1754,1.17468,1.174685,0
2025-10-02 07:30:00+00:00,1.17469,1.1753200000000001,1.174665,1.1753200000000001,0
2025-10-02 07:45:00+00:00,1.17529,1.17567,1.175,1.175005,0
2025-10-02 20:00:00+00:00,1.1718899999999999,1.17242,1.171665,1.1720000000000002,0
2025-10-02 20:15:00+00:00,1.17199,1.17199,1.1717499999999998,1.1718199999999999,0
2025-10-02 20:30:00+00:00,1.1718000000000002,1.1720700000000002,1.1716250000000001,1.17163,0
2025-10-02 20:45:00+00:00,1.17164,1.171705,1.171465,1.171575,0
2025-10-03 12:00:00+00:00,1.1734,1.17373,1.173175,1.17339,0
2025-10-03 12:15:00+00:00,1.1734,1.17388,1.173215,1.17347,0
2025-10-03 12:30:00+00:00,1.173455,1.173775,1.17271,1.17333,0
2025-10-03 12:45:00+00:00,1.1733500000000001,1.174085,1.173105,1.17395,0
2025-10-06 00:00:00+00:00,1.17122,1.1719,1.17106,1.171305,0
2025-10-06 00:15:00+00:00,1.1713200000000001,1.171735,1.17108,1.1712099999999999,0
2025-10-06 00:30:00+00:00,1.1712349999999998,1.1714,1.17102,1.1711,0
2025-10-06 00:45:00+00:00,1.1711049999999998,1.17171,1.1711049999999998,1.1716199999999999,0
2025-10-07 01:00:00+00:00,1.17088,1.17088,1.170265,1.17061,0
2025-10-07 01:15:00+00:00,1.17062,1.170825,1.1705100000000002,1.17052,0
2025-10-07 01:30:00+00:00,1.1705100000000002,1.1705100000000002,1.1697099999999998,1.1697700000000002,0
2025-10-07 01:45:00+00:00,1.16975,1.16998,1.16966,1.16968,0
2025-10-07 05:00:00+00:00,1.169845,1.169975,1.1690450000000001,1.1691099999999999,0
2025-10-07 05:15:00+00:00,1.16912,1.16923,1.16892,1.168965,0
2025-10-07 05:30:00+00:00,1.168975,1.1690800000000001,1.16875,1.1690200000000002,0
2025-10-07 05:45:00+00:00,1.169025,1.16937,1.16901,1.169195,0
2025-10-07 19:00:00+00:00,1.1657899999999999,1.1658300000000001,1.16537,1.1654,0
2025-10-07 19:15:00+00:00,1.165395,1.1654049999999998,1.16509,1.1651799999999999,0
2025-10-07 19:30:00+00:00,1.1651600000000002,1.165365,1.1647750000000001,1.16499,0
2025-10-07 19:45:00+00:00,1.16496,1.1650800000000001,1.1648299999999998,1.1650200000000002,0
2025-10-09 14:00:00+00:00,1.16026,1.160285,1.159165,1.159735,0
2025-10-09 14:15:00+00:00,1.15972,1.16004,1.157775,1.15801,0
2025-10-09 14:30:00+00:00,1.158,1.158315,1.157655,1.157845,0
2025-10-09 14:45:00+00:00,1.15784,1.15884,1.1576849999999999,1.15811,0
2025-10-09 19:00:00+00:00,1.154645,1.1553,1.154645,1.15524,0
2025-10-09 19:15:00+00:00,1.15525,1.15556,1.1550099999999999,1.15549,0
2025-10-09 19:30:00+00:00,1.155475,1.15613,1.155345,1.15586,0
2025-10-09 19:45:00+00:00,1.15585,1.156165,1.155725,1.155955,0
2025-10-10 10:00:00+00:00,1.15746,1.1577799999999998,1.15708,1.157695,0
2025-10-10 10:15:00+00:00,1.1577000000000002,1.15834,1.1577000000000002,1.158075,0
2025-10-10 10:30:00+00:00,1.15807,1.15808,1.15739,1.1574499999999999,0
2025-10-10 10:45:00+00:00,1.15744,1.15748,1.157055,1.157155,0
2025-10-10 15:00:00+00:00,1.1578499999999998,1.162155,1.157805,1.160785,0
2025-10-10 15:15:00+00:00,1.16078,1.16276,1.1606450000000001,1.16273,0
2025-10-10 15:30:00+00:00,1.1627450000000001,1.16308,1.161475,1.161475,0
2025-10-10 15:45:00+00:00,1.16148,1.1618300000000001,1.16087,1.161265,0
2025-10-12 22:00:00+00:00,1.161465,1.161465,1.159475,1.15951,0
2025-10-12 22:15:00+00:00,1.1595,1.1597,1.1592,1.159565,0
2025-10-12 22:30:00+00:00,1.1595849999999999,1.1604549999999998,1.15949,1.160295,0
2025-10-12 22:45:00+00:00,1.16028,1.16038,1.1600350000000001,1.1603150000000002,0
2025-10-13 20:00:00+00:00,1.156625,1.1569150000000001,1.1565150000000002,1.1569099999999999,0
2025-10-13 20:15:00+00:00,1.1569150000000001,1.1570049999999998,1.156685,1.1567150000000002,0
2025-10-13 20:30:00+00:00,1.15672,1.15685,1.156695,1.1568450000000001,0
2025-10-13 20:45:00+00:00,1.15686,1.1571150000000001,1.15666,1.15698,0
2025-10-15 09:00:00+00:00,1.16326,1.16338,1.16282,1.163,0
2025-10-15 09:15:00+00:00,1.16302,1.16322,1.16281,1.1632,0
2025-10-15 09:30:00+00:00,1.1632099999999999,1.16391,1.1632099999999999,1.163375,0
2025-10-15 09:45:00+00:00,1.163345,1.16364,1.16311,1.163475,0
2025-10-16 15:00:00+00:00,1.1677,1.167815,1.16733,1.1676600000000001,0
2025-10-16 15:15:00+00:00,1.167665,1.1677300000000002,1.1669800000000001,1.1671900000000002,0
2025-10-16 15:30:00+00:00,1.167195,1.1672,1.16663,1.16679,0
2025-10-16 15:45:00+00:00,1.1667999999999998,1.16688,1.16612,1.166455,0
2025-10-20 09:00:00+00:00,1.16635,1.16672,1.16595,1.16596,0
2025-10-20 09:15:00+00:00,1.16597,1.1663899999999998,1.1659199999999998,1.16618,0
2025-10-20 09:30:00+00:00,1.1661549999999998,1.16677,1.1659199999999998,1.1666750000000001,0
2025-10-20 09:45:00+00:00,1.166685,1.16675,1.1659899999999999,1.1662,0
2025-10-20 11:00:00+00:00,1.1653449999999999,1.1654900000000001,1.165055,1.165325,0
2025-10-20 11:15:00+00:00,1.16532,1.1654149999999999,1.165085,1.1652200000000001,0
2025-10-20 11:30:00+00:00,1.16521,1.16525,1.164455,1.164645,0
2025-10-20 11:45:00+00:00,1.16465,1.1656499999999999,1.16459,1.1656499999999999,0
2025-10-21 02:00:00+00:00,1.16452,1.164525,1.1639249999999999,1.164405,0
2025-10-21 02:15:00+00:00,1.16442,1.164485,1.16411,1.16431,0
2025-10-21 02:30:00+00:00,1.164315,1.16435,1.16357,1.16361,0
2025-10-21 02:45:00+00:00,1.163615,1.16365,1.1632850000000001,1.1634099999999998,0
2025-10-22 11:00:00+00:00,1.158585,1.15893,1.1585,1.15872,0
2025-10-22 11:15:00+00:00,1.158715,1.158845,1.1584400000000001,1.15846,0
2025-10-22 11:30:00+00:00,1.15845,1.15884,1.158255,1.1584400000000001,0
2025-10-22 11:45:00+00:00,1.158415,1.1587399999999999,1.15825,1.15827,0
2025-10-22 17:00:00+00:00,1.1619549999999998,1.16207,1.16126,1.161585,0
2025-10-22 17:15:00+00:00,1.161575,1.1618249999999999,1.1614049999999998,1.161605,0
2025-10-22 17:30:00+00:00,1.1616300000000002,1.1618650000000001,1.16139,1.16162,0
2025-10-22 17:45:00+00:00,1.1616300000000002,1.1617000000000002,1.16141,1.161475,0
2025-10-23 00:00:00+00:00,1.16072,1.160745,1.16011,1.1602000000000001,0
2025-10-23 00:15:00+00:00,1.160205,1.160205,1.159775,1.15997,0
2025-10-23 00:30:00+00:00,1.1599849999999998,1.160245,1.15998,1.1601949999999999,0
2025-10-23 00:45:00+00:00,1.160205,1.160635,1.160185,1.160425,0
2025-10-23 07:00:00+00:00,1.15944,1.1597,1.15923,1.15951,0
2025-10-23 07:15:00+00:00,1.1595300000000002,1.160075,1.159395,1.15954,0
2025-10-23 07:30:00+00:00,1.15956,1.1596899999999999,1.1591,1.1595,0
2025-10-23 07:45:00+00:00,1.15949,1.16015,1.15936,1.16001,0
2025-10-23 12:00:00+00:00,1.1587299999999998,1.159375,1.1587299999999998,1.159135,0
2025-10-23 12:15:00+00:00,1.159165,1.15926,1.15866,1.15914,0
2025-10-23 12:30:00+00:00,1.159115,1.160075,1.15911,1.15999,0
2025-10-23 12:45:00+00:00,1.160005,1.1606049999999999,1.1599599999999999,1.1600700000000002,0
2025-10-23 18:00:00+00:00,1.16117,1.16125,1.1609850000000002,1.161225,0
2025-10-23 18:15:00+00:00,1.161245,1.1615000000000002,1.16114,1.16121,0
2025-10-23 18:30:00+00:00,1.1612,1.1617899999999999,1.1612,1.16174,0
2025-10-23 18:45:00+00:00,1.1617250000000001,1.1618,1.1615799999999998,1.161765,0
2025-10-24 01:00:00+00:00,1.1618050000000002,1.16188,1.16139,1.1615000000000002,0
2025-10-24 01:15:00+00:00,1.16151,1.16153,1.161035,1.1611799999999999,0
2025-10-24 01:30:00+00:00,1.16117,1.161175,1.160945,1.1611449999999999,0
2025-10-24 01:45:00+00:00,1.16113,1.161265,1.160895,1.16096,0
2025-10-24 12:00:00+00:00,1.1615250000000001,1.1618650000000001,1.161095,1.1612399999999998,0
2025-10-24 12:15:00+00:00,1.16126,1.161565,1.16087,1.16136,0
2025-10-24 12:30:00+00:00,1.1614049999999998,1.164945,1.16133,1.16422,0
2025-10-24 12:45:00+00:00,1.16421,1.164295,1.16289,1.16342,0
2025-10-24 20:00:00+00:00,1.16317,1.163575,1.163135,1.16351,0
2025-10-24 20:15:00+00:00,1.16352,1.1636,1.163295,1.163295,0
2025-10-24 20:30:00+00:00,1.1633,1.1633049999999998,1.1621350000000001,1.162145,0
2025-10-24 20:45:00+00:00,1.1621350000000001,1.163035,1.1621000000000001,1.1628500000000002,0
2025-10-26 22:00:00+00:00,1.1632,1.1632500000000001,1.1625800000000002,1.162855,0
2025-10-26 22:15:00+00:00,1.16287,1.1635499999999999,1.162735,1.163,0
2025-10-26 22:30:00+00:00,1.163015,1.16333,1.1627999999999998,1.16308,0
2025-10-26 22:45:00+00:00,1.163085,1.16313,1.162855,1.162855,0
2025-10-27 00:00:00+00:00,1.1631,1.163335,1.1627999999999998,1.16282,0
2025-10-27 00:15:00+00:00,1.162845,1.1632099999999999,1.162845,1.16318,0
2025-10-27 00:30:00+00:00,1.16316,1.1634600000000002,1.16316,1.1633900000000001,0
2025-10-27 00:45:00+00:00,1.16337,1.16376,1.1633,1.163505,0
2025-10-28 05:00:00+00:00,1.166625,1.1668,1.166505,1.1665999999999999,0
2025-10-28 05:15:00+00:00,1.16661,1.16669,1.16632,1.16659,0
2025-10-28 05:30:00+00:00,1.166595,1.1666699999999999,1.1663199999999998,1.1664400000000001,0
2025-10-28 05:45:00+00:00,1.16645,1.16652,1.16629,1.16638,0
2025-10-28 08:00:00+00:00,1.1655099999999998,1.1656,1.16502,1.165395,0
2025-10-28 08:15:00+00:00,1.1653850000000001,1.16593,1.165345,1.16582,0
2025-10-28 08:30:00+00:00,1.1658300000000001,1.16628,1.165695,1.165875,0
2025-10-28 08:45:00+00:00,1.165885,1.166235,1.164885,1.165225,0
2025-10-28 11:00:00+00:00,1.16641,1.16643,1.16574,1.165765,0
2025-10-28 11:15:00+00:00,1.16577,1.1660650000000001,1.165505,1.165565,0
2025-10-28 11:30:00+00:00,1.16557,1.16586,1.16552,1.16566,0
2025-10-28 11:45:00+00:00,1.1656499999999999,1.16593,1.1655099999999998,1.16593,0
2025-10-28 16:00:00+00:00,1.165895,1.1660650000000001,1.16567,1.165925,0
2025-10-28 16:15:00+00:00,1.16592,1.166215,1.1658,1.1661899999999998,0
2025-10-28 16:30:00+00:00,1.166165,1.1663299999999999,1.16544,1.1654849999999999,0
2025-10-28 16:45:00+00:00,1.16546,1.16679,1.165295,1.16679,0
2025-10-29 05:00:00+00:00,1.1634099999999998,1.163545,1.16299,1.1630500000000001,0
2025-10-29 05:15:00+00:00,1.163055,1.16315,1.162805,1.162895,0
2025-10-29 05:30:00+00:00,1.1629,1.163115,1.16272,1.1630099999999999,0
2025-10-29 05:45:00+00:00,1.16303,1.163215,1.1627999999999998,1.1631399999999998,0
2025-10-29 13:00:00+00:00,1.163405,1.163805,1.1633550000000001,1.16378,0
2025-10-29 13:15:00+00:00,1.163775,1.16459,1.16376,1.164295,0
2025-10-29 13:30:00+00:00,1.1643,1.1644450000000002,1.1636350000000002,1.16385,0
2025-10-29 13:45:00+00:00,1.163885,1.16416,1.163455,1.163675,0
2025-10-29 16:00:00+00:00,1.1663800000000002,1.16661,1.1657950000000001,1.166225,0
2025-10-29 16:15:00+00:00,1.16621,1.1663649999999999,1.165975,1.166215,0
2025-10-29 16:30:00+00:00,1.1662050000000002,1.166235,1.16594,1.166005,0
2025-10-29 16:45:00+00:00,1.1659899999999999,1.16601,1.165555,1.165715,0
2025-10-30 01:00:00+00:00,1.1612,1.1614749999999998,1.1609850000000002,1.161335,0
2025-10-30 01:15:00+00:00,1.161355,1.16137,1.1608800000000001,1.1609150000000001,0
2025-10-30 01:30:00+00:00,1.1609099999999999,1.16144,1.16087,1.161395,0
2025-10-30 01:45:00+00:00,1.1614,1.16154,1.16131,1.1613799999999999,0
2025-10-30 03:00:00+00:00,1.1617549999999999,1.162005,1.161635,1.16198,0
2025-10-30 03:15:00+00:00,1.161945,1.161945,1.160905,1.16123,0
2025-10-30 03:30:00+00:00,1.161225,1.161235,1.16069,1.16107,0
2025-10-30 03:45:00+00:00,1.16105,1.161585,1.16105,1.1615449999999998,0
2025-10-30 06:00:00+00:00,1.1623999999999999,1.16297,1.16232,1.1629399999999999,0
2025-10-30 06:15:00+00:00,1.16295,1.16297,1.162505,1.1625450000000002,0
2025-10-30 06:30:00+00:00,1.1625800000000002,1.16292,1.1618149999999998,1.16209,0
2025-10-30 06:45:00+00:00,1.16208,1.162515,1.16187,1.161955,0
2025-10-30 13:00:00+00:00,1.15551,1.155735,1.1547100000000001,1.155685,0
2025-10-30 13:15:00+00:00,1.1556799999999998,1.1571600000000002,1.15537,1.1569500000000001,0
2025-10-30 13:30:00+00:00,1.1569500000000001,1.157665,1.15672,1.15755,0
2025-10-30 13:45:00+00:00,1.15754,1.15795,1.15669,1.15795,0
2025-10-30 20:00:00+00:00,1.156445,1.15672,1.1563599999999998,1.15671,0
2025-10-30 20:15:00+00:00,1.156735,1.1569500000000001,1.15665,1.15673,0
2025-10-30 20:30:00+00:00,1.15674,1.15706,1.15674,1.1569500000000001,0
2025-10-30 20:45:00+00:00,1.156955,1.15723,1.156415,1.15646,0
2025-10-31 04:00:00+00:00,1.156745,1.1571,1.156645,1.157095,0
2025-10-31 04:15:00+00:00,1.157095,1.1572200000000001,1.15701,1.1571250000000002,0
2025-10-31 04:30:00+00:00,1.157085,1.1573250000000002,1.156955,1.1573099999999998,0
2025-10-31 04:45:00+00:00,1.15733,1.15734,1.15706,1.15721,0
2025-11-03 14:00:00+00:00,1.1511,1.15125,1.1506349999999999,1.150875,0
2025-11-03 14:15:00+00:00,1.15088,1.151265,1.1507,1.150795,0
2025-11-03 14:30:00+00:00,1.150785,1.15109,1.150525,1.1507450000000001,0
2025-11-03 14:45:00+00:00,1.150765,1.15129,1.150545,1.15103,0
2025-11-03 21:00:00+00:00,1.151955,1.151955,1.15171,1.1517849999999998,0
2025-11-03 21:15:00+00:00,1.15179,1.1519050000000002,1.151635,1.15167,0
2025-11-03 21:30:00+00:00,1.151665,1.152015,1.1516199999999999,1.1519949999999999,0
2025-11-03 21:45:00+00:00,1.15199,1.152045,1.151855,1.152005,0
2025-11-05 23:00:00+00:00,1.149285,1.1494900000000001,1.1491349999999998,1.14947,0
2025-11-05 23:15:00+00:00,1.149475,1.149545,1.14944,1.149475,0
2025-11-05 23:30:00+00:00,1.1495199999999999,1.1495600000000001,1.14944,1.149505,0
2025-11-05 23:45:00+00:00,1.149495,1.149695,1.14946,1.149585,0
2025-11-06 03:00:00+00:00,1.15054,1.15064,1.150345,1.15064,0
2025-11-06 03:15:00+00:00,1.150635,1.150795,1.15062,1.1507399999999999,0
2025-11-06 03:30:00+00:00,1.1507450000000001,1.15077,1.150645,1.1506949999999998,0
2025-11-06 03:45:00+00:00,1.1507049999999999,1.1507800000000001,1.1506699999999999,1.1507,0
2025-11-07 15:00:00+00:00,1.15735,1.1589800000000001,1.15733,1.158355,0
2025-11-07 15:15:00+00:00,1.1583649999999999,1.1586400000000001,1.1582,1.1583999999999999,0
2025-11-07 15:30:00+00:00,1.158395,1.159115,1.15801,1.15801,0
2025-11-07 15:45:00+00:00,1.1580149999999998,1.158345,1.157135,1.157175,0
2025-11-09 23:00:00+00:00,1.15588,1.15595,1.154625,1.1549399999999999,0
2025-11-09 23:15:00+00:00,1.154955,1.15502,1.154605,1.1547649999999998,0
2025-11-09 23:30:00+00:00,1.15476,1.154985,1.154315,1.154375,0
2025-11-09 23:45:00+00:00,1.1543800000000002,1.154395,1.1541649999999999,1.1543450000000002,0
2025-11-10 12:00:00+00:00,1.15631,1.15674,1.156275,1.15671,0
2025-11-10 12:15:00+00:00,1.156725,1.1574499999999999,1.15667,1.15725,0
2025-11-10 12:30:00+00:00,1.1572550000000001,1.157565,1.15685,1.15685,0
2025-11-10 12:45:00+00:00,1.15686,1.1572200000000001,1.156385,1.156815,0
2025-11-11 05:00:00+00:00,1.15581,1.156165,1.1557849999999998,1.156155,0
2025-11-11 05:15:00+00:00,1.156165,1.156525,1.156165,1.1563050000000001,0
2025-11-11 05:30:00+00:00,1.1562999999999999,1.1564,1.156145,1.15626,0
2025-11-11 05:45:00+00:00,1.1562700000000001,1.15637,1.1561,1.1561599999999999,0
2025-11-11 18:00:00+00:00,1.1594799999999998,1.1594799999999998,1.1591550000000002,1.1592600000000002,0
2025-11-11 18:15:00+00:00,1.15924,1.15956,1.159225,1.1593049999999998,0
2025-11-11 18:30:00+00:00,1.15931,1.1593499999999999,1.159135,1.1592,0
2025-11-11 18:45:00+00:00,1.159195,1.1594950000000002,1.159145,1.15927,0
2025-11-12 08:00:00+00:00,1.15838,1.158445,1.157805,1.1581899999999998,0
2025-11-12 08:15:00+00:00,1.1582,1.15868,1.1582,1.15857,0
2025-11-12 08:30:00+00:00,1.15856,1.1587800000000001,1.1583299999999999,1.1583299999999999,0
2025-11-12 08:45:00+00:00,1.158375,1.1583899999999998,1.15771,1.157735,0
2025-11-12 22:00:00+00:00,1.1593550000000001,1.1593550000000001,1.1590850000000001,1.159125,0
2025-11-12 22:15:00+00:00,1.15911,1.1592500000000001,1.1591049999999998,1.1592500000000001,0
2025-11-12 22:30:00+00:00,1.1592500000000001,1.15927,1.15911,1.15916,0
2025-11-12 22:45:00+00:00,1.159155,1.1591900000000002,1.158955,1.15902,0
2025-11-13 13:00:00+00:00,1.1623,1.1625100000000002,1.16168,1.162055,0
2025-11-13 13:15:00+00:00,1.16205,1.16239,1.161535,1.161555,0
2025-11-13 13:30:00+00:00,1.161545,1.16167,1.1611799999999999,1.1614399999999998,0
2025-11-13 13:45:00+00:00,1.1614200000000001,1.1620599999999999,1.1613250000000002,1.16205,0
2025-11-14 03:00:00+00:00,1.1635749999999998,1.163865,1.1635550000000001,1.1637,0
2025-11-14 03:15:00+00:00,1.16371,1.164085,1.16369,1.164085,0
2025-11-14 03:30:00+00:00,1.16408,1.16449,1.16408,1.164355,0
2025-11-14 03:45:00+00:00,1.16435,1.16436,1.163805,1.16384,0
2025-11-16 23:00:00+00:00,1.16235,1.162465,1.161975,1.16216,0
2025-11-16 23:15:00+00:00,1.162205,1.1622750000000002,1.161925,1.162105,0
2025-11-16 23:30:00+00:00,1.1621000000000001,1.1621350000000001,1.1618650000000001,1.161895,0
2025-11-16 23:45:00+00:00,1.161905,1.16197,1.161155,1.1614849999999999,0
2025-11-17 00:00:00+00:00,1.16148,1.1614849999999999,1.16062,1.1606450000000001,0
2025-11-17 00:15:00+00:00,1.160655,1.1609349999999998,1.16052,1.160865,0
2025-11-17 00:30:00+00:00,1.16086,1.160975,1.160635,1.1608,0
2025-11-17 00:45:00+00:00,1.160805,1.160865,1.1605699999999999,1.16064,0
2025-11-17 01:00:00+00:00,1.1606299999999998,1.161,1.16055,1.160905,0
2025-11-17 01:15:00+00:00,1.1609099999999999,1.1609250000000002,1.16066,1.1608,0
2025-11-17 01:30:00+00:00,1.1608100000000001,1.160995,1.160695,1.160865,0
2025-11-17 01:45:00+00:00,1.16086,1.16096,1.1605400000000001,1.16065,0
2025-11-17 02:00:00+00:00,1.16066,1.16066,1.1602299999999999,1.160415,0
2025-11-17 02:15:00+00:00,1.160405,1.1604800000000002,1.1602700000000001,1.1604800000000002,0
2025-11-17 02:30:00+00:00,1.160455,1.160475,1.1601599999999999,1.1601599999999999,0
2025-11-17 02:45:00+00:00,1.16018,1.16045,1.160155,1.1602199999999998,0
2025-11-17 03:00:00+00:00,1.160205,1.160215,1.1600000000000001,1.160095,0
2025-11-17 03:15:00+00:00,1.1600899999999998,1.160105,1.1599949999999999,1.1600199999999998,0
2025-11-17 03:30:00+00:00,1.16001,1.160025,1.159645,1.1597499999999998,0
2025-11-17 03:45:00+00:00,1.1597300000000001,1.15997,1.1596799999999998,1.15987,0
2025-11-17 04:00:00+00:00,1.1598600000000001,1.1598899999999999,1.1597499999999998,1.1598199999999999,0
2025-11-17 04:15:00+00:00,1.159825,1.1600000000000001,1.159825,1.15998,0
2025-11-17 04:30:00+00:00,1.1600000000000001,1.16011,1.15997,1.16005,0
2025-11-17 04:45:00+00:00,1.16004,1.1603400000000001,1.1600000000000001,1.1602999999999999,0
2025-11-17 06:00:00+00:00,1.1600549999999998,1.1600549999999998,1.15951,1.159715,0
2025-11-17 06:15:00+00:00,1.15972,1.160085,1.159675,1.1600549999999998,0
2025-11-17 06:30:00+00:00,1.160065,1.1605750000000001,1.160005,1.1605050000000001,0
2025-11-17 06:45:00+00:00,1.16051,1.160865,1.160425,1.1607500000000002,0
2025-11-17 07:00:00+00:00,1.160745,1.1609699999999998,1.1606999999999998,1.16074,0
2025-11-17 07:15:00+00:00,1.160765,1.1613,1.1606800000000002,1.1612900000000002,0
2025-11-17 07:30:00+00:00,1.16128,1.1614550000000001,1.16106,1.16137,0
2025-11-17 07:45:00+00:00,1.1613799999999999,1.1615,1.1612200000000001,1.161335,0
2025-11-17 08:00:00+00:00,1.161335,1.1615000000000002,1.161055,1.16113,0
2025-11-17 08:15:00+00:00,1.16112,1.1611600000000002,1.16029,1.1604,0
2025-11-17 08:30:00+00:00,1.160385,1.16064,1.1601599999999999,1.16017,0
2025-11-17 08:45:00+00:00,1.1601599999999999,1.160705,1.15991,1.16032,0
2025-11-17 09:00:00+00:00,1.16031,1.160335,1.159715,1.1599,0
2025-11-17 09:15:00+00:00,1.1598950000000001,1.16001,1.1597050000000002,1.159815,0
2025-11-17 09:30:00+00:00,1.159825,1.1604700000000001,1.159815,1.16034,0
2025-11-17 09:45:00+00:00,1.160345,1.16037,1.159985,1.1601400000000002,0
2025-11-17 10:00:00+00:00,1.16015,1.16033,1.15997,1.1602299999999999,0
2025-11-17 10:15:00+00:00,1.1602350000000001,1.1608100000000001,1.1602350000000001,1.16067,0
2025-11-17 10:30:00+00:00,1.16065,1.1606800000000002,1.1604299999999999,1.16055,0
2025-11-17 10:45:00+00:00,1.1605349999999999,1.1605349999999999,1.1596099999999998,1.159675,0
2025-11-17 12:00:00+00:00,1.160125,1.160395,1.160015,1.1601599999999999,0
2025-11-17 12:15:00+00:00,1.160155,1.160445,1.16011,1.1603599999999998,0
2025-11-17 12:30:00+00:00,1.160375,1.1604700000000001,1.15992,1.1602199999999998,0
2025-11-17 12:45:00+00:00,1.160245,1.1602899999999998,1.1595749999999998,1.159885,0
2025-11-17 15:00:00+00:00,1.15857,1.1586750000000001,1.158195,1.1584400000000001,0
2025-11-17 15:15:00+00:00,1.158445,1.15924,1.15839,1.15904,0
2025-11-17 15:30:00+00:00,1.15903,1.15909,1.15865,1.15879,0
2025-11-17 15:45:00+00:00,1.1587800000000001,1.15983,1.15872,1.1597650000000002,0
2025-11-17 21:00:00+00:00,1.1588500000000002,1.158965,1.158715,1.15882,0
2025-11-17 21:15:00+00:00,1.158825,1.1590150000000001,1.15882,1.1589200000000002,0
2025-11-17 21:30:00+00:00,1.15895,1.159205,1.15895,1.15913,0
2025-11-17 21:45:00+00:00,1.159125,1.1592500000000001,1.159045,1.15917,0
2025-11-18 00:00:00+00:00,1.159005,1.159005,1.158605,1.158795,0
2025-11-18 00:15:00+00:00,1.158805,1.158895,1.1586599999999998,1.158765,0
2025-11-18 00:30:00+00:00,1.15877,1.158925,1.158725,1.15888,0
2025-11-18 00:45:00+00:00,1.1588850000000002,1.158895,1.15849,1.1587,0
2025-11-18 03:00:00+00:00,1.15931,1.159595,1.15926,1.159335,0
2025-11-18 03:15:00+00:00,1.1593200000000001,1.1593200000000001,1.159125,1.159225,0
2025-11-18 03:30:00+00:00,1.15923,1.15939,1.15919,1.1593,0
2025-11-18 03:45:00+00:00,1.1592799999999999,1.1593499999999999,1.1591200000000002,1.1592449999999999,0
2025-11-18 17:00:00+00:00,1.1579,1.15807,1.157365,1.15777,0
2025-11-18 17:15:00+00:00,1.157765,1.15786,1.1572149999999999,1.157315,0
2025-11-18 17:30:00+00:00,1.1573099999999998,1.15767,1.1572200000000001,1.157255,0
2025-11-18 17:45:00+00:00,1.15726,1.157605,1.1571500000000001,1.15756,0
2025-11-19 00:00:00+00:00,1.1580300000000001,1.158325,1.157855,1.15825,0
2025-11-19 00:15:00+00:00,1.158245,1.1583999999999999,1.1582,1.158215,0
2025-11-19 00:30:00+00:00,1.15822,1.158395,1.15815,1.1583100000000002,0
2025-11-19 00:45:00+00:00,1.158315,1.15842,1.15823,1.1582400000000002,0
2025-11-19 07:00:00+00:00,1.15869,1.15882,1.158305,1.1585,0
2025-11-19 07:15:00+00:00,1.15849,1.1589049999999999,1.158385,1.1588500000000002,0
2025-11-19 07:30:00+00:00,1.15884,1.1597300000000001,1.15881,1.1596199999999999,0
2025-11-19 07:45:00+00:00,1.1596250000000001,1.1596250000000001,1.157745,1.15815,0
2025-11-19 08:00:00+00:00,1.15816,1.1589049999999999,1.157895,1.15816,0
2025-11-19 08:15:00+00:00,1.158165,1.15842,1.15794,1.1581700000000001,0
2025-11-19 08:30:00+00:00,1.15816,1.1581700000000001,1.1572049999999998,1.1575350000000002,0
2025-11-19 08:45:00+00:00,1.15753,1.1577899999999999,1.15712,1.15735,0
2025-11-19 09:00:00+00:00,1.1573600000000002,1.15805,1.157045,1.157915,0
2025-11-19 09:15:00+00:00,1.157905,1.157905,1.1572200000000001,1.157555,0
2025-11-19 09:30:00+00:00,1.1575600000000001,1.157715,1.1569349999999998,1.156995,0
2025-11-19 09:45:00+00:00,1.15699,1.15754,1.15658,1.157335,0
2025-11-19 10:00:00+00:00,1.15733,1.157515,1.1567699999999999,1.15686,0
2025-11-19 10:15:00+00:00,1.1568550000000002,1.1572200000000001,1.1568200000000002,1.1570900000000002,0
2025-11-19 10:30:00+00:00,1.157085,1.1577600000000001,1.156895,1.15774,0
2025-11-19 10:45:00+00:00,1.157715,1.15773,1.156895,1.156935,0
2025-11-19 11:00:00+00:00,1.15692,1.15771,1.156855,1.15761,0
2025-11-19 11:15:00+00:00,1.1576,1.158155,1.157355,1.158,0
2025-11-19 11:30:00+00:00,1.1579899999999999,1.1585299999999998,1.15793,1.1583800000000002,0
2025-11-19 11:45:00+00:00,1.15835,1.1587399999999999,1.15808,1.1586400000000001,0
2025-11-19 12:00:00+00:00,1.1586599999999998,1.158935,1.158505,1.15857,0
2025-11-19 12:15:00+00:00,1.15856,1.15861,1.157995,1.1583100000000002,0
2025-11-19 12:30:00+00:00,1.158315,1.15849,1.1579549999999998,1.15807,0
2025-11-19 12:45:00+00:00,1.158055,1.15848,1.1576,1.1578300000000001,0
2025-11-19 13:00:00+00:00,1.157835,1.1587049999999999,1.15774,1.15852,0
2025-11-19 13:15:00+00:00,1.158525,1.159105,1.1583450000000002,1.15835,0
2025-11-19 13:30:00+00:00,1.158355,1.158395,1.1574550000000001,1.1574650000000002,0
2025-11-19 13:45:00+00:00,1.1574849999999999,1.15765,1.1571,1.15728,0
2025-11-19 14:00:00+00:00,1.15726,1.15739,1.156405,1.156405,0
2025-11-19 14:15:00+00:00,1.156405,1.15651,1.1556899999999999,1.1559499999999998,0
2025-11-19 14:30:00+00:00,1.15594,1.156475,1.15592,1.15608,0
2025-11-19 14:45:00+00:00,1.15606,1.1561050000000002,1.15549,1.1555499999999999,0
2025-11-19 15:00:00+00:00,1.15554,1.15564,1.15469,1.155455,0
2025-11-19 15:15:00+00:00,1.1554600000000002,1.15554,1.15484,1.154925,0
2025-11-19 15:30:00+00:00,1.1549200000000002,1.155105,1.15422,1.1542599999999998,0
2025-11-19 15:45:00+00:00,1.154255,1.154795,1.1540400000000002,1.15468,0
2025-11-19 16:00:00+00:00,1.15466,1.154765,1.15394,1.15432,0
2025-11-19 16:15:00+00:00,1.1543299999999999,1.15441,1.1534900000000001,1.1535799999999998,0
2025-11-19 16:30:00+00:00,1.153575,1.1539700000000002,1.1534900000000001,1.1539350000000002,0
2025-11-19 16:45:00+00:00,1.15394,1.1542050000000001,1.15364,1.1539700000000002,0
2025-11-19 17:00:00+00:00,1.1539700000000002,1.154245,1.1537199999999999,1.153845,0
2025-11-19 17:15:00+00:00,1.1538400000000002,1.1539350000000002,1.152795,1.152965,0
2025-11-19 17:30:00+00:00,1.15296,1.15313,1.1526100000000001,1.153105,0
2025-11-19 17:45:00+00:00,1.153095,1.153365,1.15273,1.1533099999999998,0
2025-11-19 18:00:00+00:00,1.15332,1.15333,1.15292,1.1533250000000002,0
2025-11-19 18:15:00+00:00,1.15333,1.15346,1.1531799999999999,1.15332,0
2025-11-19 18:30:00+00:00,1.1533099999999998,1.153605,1.1531500000000001,1.15359,0
2025-11-19 18:45:00+00:00,1.153605,1.153745,1.152985,1.15301,0
2025-11-19 19:00:00+00:00,1.15299,1.15312,1.151785,1.15235,0
2025-11-19 19:15:00+00:00,1.1523400000000001,1.15259,1.152205,1.1524,0
2025-11-19 19:30:00+00:00,1.1524100000000002,1.1526450000000001,1.1522199999999998,1.1523050000000001,0
2025-11-19 19:45:00+00:00,1.1523150000000002,1.15233,1.1518350000000002,1.15211,0
2025-11-19 20:00:00+00:00,1.152115,1.152725,1.152025,1.15271,0
2025-11-19 20:15:00+00:00,1.152705,1.152865,1.1525750000000001,1.152745,0
2025-11-19 20:30:00+00:00,1.15274,1.152825,1.152585,1.1528100000000001,0
2025-11-19 20:45:00+00:00,1.152795,1.1528399999999999,1.152565,1.152635,0
2025-11-19 21:00:00+00:00,1.15263,1.15267,1.1524649999999999,1.15247,0
2025-11-19 21:15:00+00:00,1.15246,1.1528100000000001,1.1523050000000001,1.152775,0
2025-11-19 21:30:00+00:00,1.1527699999999999,1.153695,1.1527500000000002,1.153565,0
2025-11-19 21:45:00+00:00,1.153585,1.153905,1.15346,1.15378,0
2025-11-19 23:00:00+00:00,1.1538499999999998,1.1540249999999999,1.153765,1.15395,0
2025-11-19 23:15:00+00:00,1.153995,1.1542249999999998,1.153995,1.154045,0
2025-11-19 23:30:00+00:00,1.154035,1.1540650000000001,1.15368,1.15368,0
2025-11-19 23:45:00+00:00,1.153675,1.154085,1.153645,1.153945,0
2025-11-20 05:00:00+00:00,1.1519599999999999,1.15197,1.1514950000000002,1.151665,0
2025-11-20 05:15:00+00:00,1.15165,1.15171,1.15147,1.15163,0
2025-11-20 05:30:00+00:00,1.1516199999999999,1.151655,1.1514199999999999,1.1516250000000001,0
2025-11-20 05:45:00+00:00,1.1516199999999999,1.1519,1.151525,1.151575,0
2025-11-20 09:00:00+00:00,1.152105,1.1522299999999999,1.15186,1.1518700000000002,0
2025-11-20 09:15:00+00:00,1.15186,1.152515,1.1517300000000001,1.15244,0
2025-11-20 09:30:00+00:00,1.152425,1.15258,1.1521599999999999,1.15238,0
2025-11-20 09:45:00+00:00,1.152385,1.15279,1.15219,1.152755,0
2025-11-20 11:00:00+00:00,1.15274,1.15274,1.1522100000000002,1.15222,0
2025-11-20 11:15:00+00:00,1.152215,1.15228,1.15176,1.151875,0
2025-11-20 11:30:00+00:00,1.1518700000000002,1.152075,1.151505,1.15157,0
2025-11-20 11:45:00+00:00,1.1515650000000002,1.151715,1.1513149999999999,1.15143,0
2025-11-20 13:00:00+00:00,1.1510850000000001,1.151555,1.1510850000000001,1.15125,0
2025-11-20 13:15:00+00:00,1.151265,1.151455,1.1511149999999999,1.1514449999999998,0
2025-11-20 13:30:00+00:00,1.15145,1.153965,1.15021,1.15286,0
2025-11-20 13:45:00+00:00,1.1528900000000002,1.15319,1.15178,1.152775,0
2025-11-20 16:00:00+00:00,1.15276,1.15398,1.15276,1.1537199999999999,0
2025-11-20 16:15:00+00:00,1.1537250000000001,1.154125,1.15347,1.1535199999999999,0
2025-11-20 16:30:00+00:00,1.153545,1.153805,1.1532399999999998,1.1533,0
2025-11-20 16:45:00+00:00,1.15328,1.15355,1.153045,1.153375,0
2025-11-20 18:00:00+00:00,1.15287,1.1531,1.15269,1.152895,0
2025-11-20 18:15:00+00:00,1.152905,1.153315,1.1528900000000002,1.1531349999999998,0
2025-11-20 18:30:00+00:00,1.1531449999999999,1.15362,1.15313,1.15326,0
2025-11-20 18:45:00+00:00,1.1532550000000001,1.15368,1.153245,1.1536499999999998,0
2025-11-20 19:00:00+00:00,1.153635,1.15391,1.15355,1.153895,0
2025-11-20 19:15:00+00:00,1.1538750000000002,1.15407,1.153695,1.1537899999999999,0
2025-11-20 19:30:00+00:00,1.1537950000000001,1.1538499999999998,1.153655,1.153655,0
2025-11-20 19:45:00+00:00,1.1536499999999998,1.1538249999999999,1.153625,1.1538,0
2025-11-20 20:00:00+00:00,1.15382,1.1538650000000001,1.15328,1.15333,0
2025-11-20 20:15:00+00:00,1.153325,1.153325,1.1529449999999999,1.15301,0
2025-11-20 20:30:00+00:00,1.153005,1.15307,1.15273,1.1530550000000002,0
2025-11-20 20:45:00+00:00,1.153025,1.153065,1.1525949999999998,1.152615,0
2025-11-20 21:00:00+00:00,1.1526200000000002,1.15269,1.15245,1.15246,0
2025-11-20 21:15:00+00:00,1.152455,1.1526450000000001,1.1524,1.152615,0
2025-11-20 21:30:00+00:00,1.152615,1.152815,1.1524450000000002,1.1526049999999999,0
2025-11-20 21:45:00+00:00,1.152615,1.1528800000000001,1.152615,1.15279,0
2025-11-20 22:00:00+00:00,1.15279,1.1529500000000001,1.152675,1.1528800000000001,0
2025-11-20 22:15:00+00:00,1.15289,1.153095,1.152815,1.153095,0
2025-11-20 22:30:00+00:00,1.153,1.15312,1.1528550000000002,1.1529150000000001,0
2025-11-20 22:45:00+00:00,1.152925,1.152965,1.1528299999999998,1.1529449999999999,0
2025-11-20 23:00:00+00:00,1.15289,1.15298,1.15242,1.15244,0
2025-11-20 23:15:00+00:00,1.15245,1.152685,1.1523599999999998,1.15267,0
2025-11-20 23:30:00+00:00,1.1526800000000001,1.153285,1.152675,1.1531850000000001,0
2025-11-20 23:45:00+00:00,1.153175,1.15346,1.1531500000000001,1.153365,0
2025-11-21 00:00:00+00:00,1.153385,1.153385,1.1528299999999998,1.153025,0
2025-11-21 00:15:00+00:00,1.15303,1.1530749999999999,1.1528399999999999,1.15306,0
2025-11-21 00:30:00+00:00,1.153065,1.15339,1.1530049999999998,1.15337,0
2025-11-21 00:45:00+00:00,1.1533799999999998,1.1536,1.15328,1.15353,0
2025-11-21 01:00:00+00:00,1.1535250000000001,1.153835,1.1534200000000001,1.15365,0
2025-11-21 01:15:00+00:00,1.153635,1.15367,1.153425,1.15354,0
2025-11-21 01:30:00+00:00,1.153535,1.1536300000000002,1.153245,1.1535199999999999,0
2025-11-21 01:45:00+00:00,1.15351,1.15367,1.1532499999999999,1.1532499999999999,0
2025-11-21 02:00:00+00:00,1.15326,1.153895,1.15323,1.15381,0
2025-11-21 02:15:00+00:00,1.1538300000000001,1.1538300000000001,1.15348,1.153765,0
2025-11-21 02:30:00+00:00,1.153775,1.15385,1.15351,1.15368,0
2025-11-21 02:45:00+00:00,1.15367,1.15367,1.1532499999999999,1.15358,0
2025-11-21 03:00:00+00:00,1.153575,1.1536300000000002,1.153365,1.15361,0
2025-11-21 03:15:00+00:00,1.15362,1.15368,1.15343,1.153655,0
2025-11-21 03:30:00+00:00,1.153645,1.1536849999999998,1.15344,1.153575,0
2025-11-21 03:45:00+00:00,1.1535799999999998,1.1537899999999999,1.15356,1.15364,0
2025-11-21 04:00:00+00:00,1.153635,1.1541450000000002,1.153605,1.1540599999999999,0
2025-11-21 04:15:00+00:00,1.154055,1.15421,1.15391,1.154,0
2025-11-21 04:30:00+00:00,1.1539899999999998,1.15401,1.1537899999999999,1.15393,0
2025-11-21 04:45:00+00:00,1.15392,1.154045,1.15371,1.1538750000000002,0
2025-11-21 08:00:00+00:00,1.15414,1.1546150000000002,1.15341,1.15456,0
2025-11-21 08:15:00+00:00,1.15458,1.15526,1.15458,1.15502,0
2025-11-21 08:30:00+00:00,1.15495,1.15499,1.1540750000000002,1.154825,0
2025-11-21 08:45:00+00:00,1.15482,1.155045,1.153925,1.1541000000000001,0
2025-11-21 10:00:00+00:00,1.15252,1.152705,1.15136,1.15172,0
2025-11-21 10:15:00+00:00,1.1517149999999998,1.151935,1.15125,1.15154,0
2025-11-21 10:30:00+00:00,1.151535,1.15205,1.151445,1.151905,0
2025-11-21 10:45:00+00:00,1.1518950000000001,1.15205,1.15165,1.1519949999999999,0
2025-11-21 13:00:00+00:00,1.152455,1.15247,1.15156,1.15179,0
2025-11-21 13:15:00+00:00,1.15181,1.15236,1.151715,1.151985,0
2025-11-21 13:30:00+00:00,1.1519849999999998,1.15217,1.1516950000000001,1.15191,0
2025-11-21 13:45:00+00:00,1.1519149999999998,1.1527,1.1519149999999998,1.1520700000000001,0
2025-11-21 14:00:00+00:00,1.15206,1.15235,1.1510699999999998,1.15125,0
2025-11-21 14:15:00+00:00,1.1512799999999999,1.15137,1.150685,1.1507399999999999,0
2025-11-21 14:30:00+00:00,1.15075,1.1514199999999999,1.150555,1.151135,0
2025-11-21 14:45:00+00:00,1.151135,1.151955,1.15083,1.1513900000000001,0
2025-11-21 15:00:00+00:00,1.1514000000000002,1.15235,1.151395,1.151865,0
2025-11-21 15:15:00+00:00,1.151875,1.1520199999999998,1.15092,1.1510850000000001,0
2025-11-21 15:30:00+00:00,1.15109,1.151235,1.15043,1.15048,0
2025-11-21 15:45:00+00:00,1.1504750000000001,1.1508250000000002,1.1499000000000001,1.1503,0
2025-11-21 16:00:00+00:00,1.15029,1.150335,1.149295,1.1497449999999998,0
2025-11-21 16:15:00+00:00,1.14974,1.15025,1.1494499999999999,1.150185,0
2025-11-21 16:30:00+00:00,1.150175,1.1504400000000001,1.1491099999999999,1.149335,0
2025-11-21 16:45:00+00:00,1.1493449999999998,1.15054,1.149325,1.15049,0
2025-11-21 17:00:00+00:00,1.1505049999999999,1.1512950000000002,1.1505049999999999,1.150735,0
2025-11-21 17:15:00+00:00,1.1507450000000001,1.1507450000000001,1.1500599999999999,1.15036,0
2025-11-21 17:30:00+00:00,1.1503700000000001,1.150735,1.15036,1.1504500000000002,0
2025-11-21 17:45:00+00:00,1.150455,1.15084,1.15022,1.15073,0
2025-11-24 13:00:00+00:00,1.1547450000000001,1.154995,1.1544400000000001,1.15454,0
2025-11-24 13:15:00+00:00,1.15455,1.15463,1.153965,1.1541899999999998,0
2025-11-24 13:30:00+00:00,1.15418,1.1544500000000002,1.15374,1.15382,0
2025-11-24 13:45:00+00:00,1.153835,1.15438,1.1538,1.15385,0
2025-11-24 21:00:00+00:00,1.152255,1.15235,1.15204,1.152185,0
2025-11-24 21:15:00+00:00,1.1521750000000002,1.1521949999999999,1.15202,1.1520350000000001,0
2025-11-24 21:30:00+00:00,1.15204,1.152175,1.151935,1.15213,0
2025-11-24 21:45:00+00:00,1.15211,1.15225,1.15199,1.1521,0
2025-11-25 12:00:00+00:00,1.15266,1.15301,1.15255,1.1528200000000002,0
2025-11-25 12:15:00+00:00,1.152815,1.153365,1.1528049999999999,1.15319,0
2025-11-25 12:30:00+00:00,1.1532,1.1556950000000001,1.1529,1.1544750000000001,0
2025-11-25 12:45:00+00:00,1.1544699999999999,1.15475,1.153585,1.1544699999999999,0
2025-11-25 22:00:00+00:00,1.157045,1.1571150000000001,1.15699,1.157045,0
2025-11-25 22:15:00+00:00,1.1570550000000002,1.1571150000000001,1.156775,1.156775,0
2025-11-25 22:30:00+00:00,1.15678,1.15698,1.15678,1.15693,0
2025-11-25 22:45:00+00:00,1.1569250000000002,1.157025,1.1569,1.157005,0
2025-11-26 01:00:00+00:00,1.156835,1.1570900000000002,1.15655,1.1566450000000001,0
2025-11-26 01:15:00+00:00,1.1566450000000001,1.157305,1.1566049999999999,1.157285,0
2025-11-26 01:30:00+00:00,1.157315,1.1583,1.157315,1.15789,0
2025-11-26 01:45:00+00:00,1.157875,1.158105,1.15757,1.15774,0
2025-11-26 05:00:00+00:00,1.1583800000000002,1.15868,1.158255,1.1583299999999999,0
2025-11-26 05:15:00+00:00,1.15834,1.15868,1.158285,1.15866,0
2025-11-26 05:30:00+00:00,1.1586500000000002,1.1587800000000001,1.158455,1.1585649999999998,0
2025-11-26 05:45:00+00:00,1.158575,1.15913,1.158535,1.1591,0
2025-11-26 19:00:00+00:00,1.1593499999999999,1.15954,1.159055,1.159215,0
2025-11-26 19:15:00+00:00,1.1592099999999999,1.15927,1.1590799999999999,1.1592250000000002,0
2025-11-26 19:30:00+00:00,1.159235,1.159615,1.1592349999999998,1.1595849999999999,0
2025-11-26 19:45:00+00:00,1.159595,1.15963,1.1592600000000002,1.15937,0
2025-11-27 00:00:00+00:00,1.1601949999999999,1.16049,1.16015,1.16018,0
2025-11-27 00:15:00+00:00,1.160175,1.16032,1.1599949999999999,1.16032,0
2025-11-27 00:30:00+00:00,1.160315,1.1603949999999998,1.16018,1.160225,0
2025-11-27 00:45:00+00:00,1.1602350000000001,1.1605050000000001,1.16022,1.160225,0
2025-11-27 11:00:00+00:00,1.158385,1.15876,1.15817,1.15818,0
2025-11-27 11:15:00+00:00,1.1581899999999998,1.15827,1.15787,1.158175,0
2025-11-27 11:30:00+00:00,1.1582,1.1585100000000002,1.15816,1.158295,0
2025-11-27 11:45:00+00:00,1.158325,1.15865,1.15832,1.15861,0
2025-11-27 22:00:00+00:00,1.15958,1.1597300000000001,1.159525,1.159675,0
2025-11-27 22:15:00+00:00,1.15957,1.159575,1.1595499999999999,1.1595650000000002,0
2025-11-27 22:30:00+00:00,1.15957,1.159695,1.159545,1.15967,0
2025-11-27 22:45:00+00:00,1.159665,1.1596950000000001,1.1596250000000001,1.15964,0
2025-11-28 02:00:00+00:00,1.15832,1.15875,1.158315,1.15849,0
2025-11-28 02:15:00+00:00,1.158495,1.158805,1.1584400000000001,1.15863,0
2025-11-28 02:30:00+00:00,1.15862,1.15868,1.15825,1.1584850000000002,0
2025-11-28 02:45:00+00:00,1.15846,1.1585299999999998,1.1580249999999999,1.15841,0
2025-11-28 17:00:00+00:00,1.15991,1.16011,1.1593499999999999,1.1596099999999998,0
2025-11-28 17:15:00+00:00,1.1596,1.1598899999999999,1.1594799999999998,1.15949,0
2025-11-28 17:30:00+00:00,1.15947,1.15999,1.159395,1.159975,0
2025-11-28 17:45:00+00:00,1.1599949999999999,1.160435,1.159825,1.160275,0
2025-11-28 20:00:00+00:00,1.1602299999999999,1.1602450000000002,1.16011,1.160175,0
2025-11-28 20:15:00+00:00,1.16017,1.160445,1.16017,1.1603750000000002,0
2025-11-28 20:30:00+00:00,1.16037,1.1603750000000002,1.1602899999999998,1.1603050000000001,0
2025-11-28 20:45:00+00:00,1.160295,1.160365,1.1600549999999998,1.16007,0
2025-12-01 08:00:00+00:00,1.160705,1.161615,1.1604100000000002,1.16155,0
2025-12-01 08:15:00+00:00,1.16157,1.1621899999999998,1.161505,1.161815,0
2025-12-01 08:30:00+00:00,1.1618050000000002,1.161915,1.1606100000000001,1.1610200000000002,0
2025-12-01 08:45:00+00:00,1.161035,1.161605,1.160965,1.161335,0
2025-12-02 02:00:00+00:00,1.1609099999999999,1.1610749999999999,1.16087,1.16098,0
2025-12-02 02:15:00+00:00,1.16099,1.16112,1.16092,1.1610200000000002,0
2025-12-02 02:30:00+00:00,1.16101,1.16116,1.16094,1.16098,0
2025-12-02 02:45:00+00:00,1.16099,1.161205,1.16099,1.16119,0
2025-12-02 08:00:00+00:00,1.16128,1.1615600000000001,1.16094,1.16119,0
2025-12-02 08:15:00+00:00,1.161165,1.16161,1.1610800000000001,1.1615,0
2025-12-02 08:30:00+00:00,1.1615099999999998,1.1616300000000002,1.16107,1.1612399999999998,0
2025-12-02 08:45:00+00:00,1.16123,1.161445,1.160905,1.161065,0
2025-12-02 11:00:00+00:00,1.1606649999999998,1.160705,1.1603599999999998,1.160585,0
2025-12-02 11:15:00+00:00,1.16058,1.16078,1.16048,1.1607699999999999,0
2025-12-02 11:30:00+00:00,1.16079,1.16098,1.1606800000000002,1.16089,0
2025-12-02 11:45:00+00:00,1.1609099999999999,1.1612900000000002,1.16074,1.16117,0
2025-12-03 01:00:00+00:00,1.1630850000000001,1.163475,1.16307,1.16347,0
2025-12-03 01:15:00+00:00,1.163455,1.16374,1.1633499999999999,1.163645,0
2025-12-03 01:30:00+00:00,1.16363,1.16372,1.16347,1.16363,0
2025-12-03 01:45:00+00:00,1.16365,1.16377,1.1635900000000001,1.16369,0
2025-12-03 05:00:00+00:00,1.16412,1.16437,1.164115,1.1643400000000002,0
2025-12-03 05:15:00+00:00,1.16435,1.1643599999999998,1.1641650000000001,1.16426,0
2025-12-03 05:30:00+00:00,1.16424,1.1642700000000001,1.1640899999999998,1.16417,0
2025-12-03 05:45:00+00:00,1.16418,1.164285,1.1641,1.1642700000000001,0
2025-12-03 15:00:00+00:00,1.1662599999999999,1.166695,1.1655,1.1659199999999998,0
2025-12-03 15:15:00+00:00,1.16593,1.166825,1.165575,1.16649,0
2025-12-03 15:30:00+00:00,1.1665,1.166805,1.1656499999999999,1.16566,0
2025-12-03 15:45:00+00:00,1.165645,1.16627,1.1654550000000001,1.1659700000000002,0
2025-12-03 18:00:00+00:00,1.166865,1.1673399999999998,1.16686,1.16731,0
2025-12-03 18:15:00+00:00,1.1673200000000001,1.1673200000000001,1.1668349999999998,1.1670349999999998,0
2025-12-03 18:30:00+00:00,1.1670500000000001,1.16745,1.16704,1.1673900000000001,0
2025-12-03 18:45:00+00:00,1.167395,1.1675650000000002,1.16711,1.167185,0
2025-12-04 00:00:00+00:00,1.1666400000000001,1.1667399999999999,1.16621,1.166215,0
2025-12-04 00:15:00+00:00,1.16622,1.166265,1.16595,1.16608,0
2025-12-04 00:30:00+00:00,1.1660149999999998,1.1663999999999999,1.165965,1.1663700000000001,0
2025-12-04 00:45:00+00:00,1.16635,1.166455,1.1661299999999999,1.16628,0
2025-12-04 08:00:00+00:00,1.166535,1.166845,1.16635,1.166585,0
2025-12-04 08:15:00+00:00,1.1665800000000002,1.167755,1.1664949999999998,1.1676250000000001,0
2025-12-04 08:30:00+00:00,1.1676199999999999,1.168015,1.16716,1.16776,0
2025-12-04 08:45:00+00:00,1.167765,1.1682000000000001,1.167685,1.167685,0
2025-12-04 13:00:00+00:00,1.1670150000000001,1.1671200000000002,1.16645,1.166455,0
2025-12-04 13:15:00+00:00,1.1664599999999998,1.1668699999999999,1.16625,1.16681,0
2025-12-04 13:30:00+00:00,1.1668,1.1668,1.165225,1.16635,0
2025-12-04 13:45:00+00:00,1.166375,1.1667100000000001,1.166045,1.16649,0
2025-12-05 07:00:00+00:00,1.165935,1.166675,1.16587,1.166555,0
2025-12-05 07:15:00+00:00,1.16656,1.166845,1.166305,1.16681,0
2025-12-05 07:30:00+00:00,1.1668150000000002,1.16718,1.16657,1.166595,0
2025-12-05 07:45:00+00:00,1.1666,1.16675,1.1661899999999998,1.16629,0
2025-12-05 17:00:00+00:00,1.163415,1.1638600000000001,1.16326,1.1638549999999999,0
2025-12-05 17:15:00+00:00,1.16385,1.163995,1.16357,1.16365,0
2025-12-05 17:30:00+00:00,1.1636600000000001,1.16422,1.163605,1.16419,0
2025-12-05 17:45:00+00:00,1.16418,1.16442,1.16401,1.16442,0
2025-12-08 03:00:00+00:00,1.1653950000000002,1.165545,1.16521,1.16527,0
2025-12-08 03:15:00+00:00,1.165295,1.1654550000000001,1.16519,1.16528,0
2025-12-08 03:30:00+00:00,1.16528,1.1653600000000002,1.1651500000000001,1.1651600000000002,0
2025-12-08 03:45:00+00:00,1.165155,1.165305,1.165,1.1650200000000002,0
2025-12-08 19:00:00+00:00,1.163735,1.1640350000000002,1.16364,1.163825,0
2025-12-08 19:15:00+00:00,1.163815,1.164075,1.16374,1.1638549999999999,0
2025-12-08 19:30:00+00:00,1.1638600000000001,1.16419,1.1637,1.1641,0
2025-12-08 19:45:00+00:00,1.1640899999999998,1.16411,1.1637849999999998,1.16394,0
2025-12-08 22:00:00+00:00,1.16374,1.16379,1.16349,1.16376,0
2025-12-08 22:15:00+00:00,1.16377,1.163815,1.1635900000000001,1.163815,0
2025-12-08 22:30:00+00:00,1.163825,1.163825,1.16364,1.16368,0
2025-12-08 22:45:00+00:00,1.163675,1.16371,1.163595,1.16363,0
2025-12-09 08:00:00+00:00,1.164005,1.16421,1.16336,1.163725,0
2025-12-09 08:15:00+00:00,1.163735,1.16464,1.1636199999999999,1.1645400000000001,0
2025-12-09 08:30:00+00:00,1.164545,1.16496,1.164275,1.1646450000000002,0
2025-12-09 08:45:00+00:00,1.16465,1.1647500000000002,1.164245,1.1644999999999999,0
2025-12-09 13:00:00+00:00,1.163775,1.16399,1.16358,1.16361,0
2025-12-09 13:15:00+00:00,1.16363,1.16381,1.162925,1.162995,0
2025-12-09 13:30:00+00:00,1.16299,1.163705,1.16291,1.16364,0
2025-12-09 13:45:00+00:00,1.1636449999999998,1.1638799999999998,1.16342,1.16345,0
2025-12-09 14:00:00+00:00,1.1634449999999998,1.1636950000000001,1.16306,1.163235,0
2025-12-09 14:15:00+00:00,1.1632250000000002,1.16345,1.16293,1.16313,0
2025-12-09 14:30:00+00:00,1.163145,1.16367,1.16281,1.163315,0
2025-12-09 14:45:00+00:00,1.1633200000000001,1.1638600000000001,1.16309,1.1637849999999998,0
2025-12-09 19:00:00+00:00,1.1624400000000001,1.16252,1.1622050000000002,1.1624349999999999,0
2025-12-09 19:15:00+00:00,1.16243,1.1628500000000002,1.162345,1.16284,0
2025-12-09 19:30:00+00:00,1.162865,1.162995,1.1626699999999999,1.1626699999999999,0
2025-12-09 19:45:00+00:00,1.16266,1.163,1.16259,1.16288,0
2025-12-09 22:00:00+00:00,1.162835,1.16287,1.162635,1.16287,0
2025-12-09 22:15:00+00:00,1.162875,1.162935,1.16263,1.16277,0
2025-12-09 22:30:00+00:00,1.162765,1.162805,1.1626949999999998,1.162755,0
2025-12-09 22:45:00+00:00,1.16275,1.1627800000000001,1.16261,1.1626599999999998,0
2025-12-10 02:00:00+00:00,1.16236,1.16281,1.162345,1.16281,0
2025-12-10 02:15:00+00:00,1.1627999999999998,1.162845,1.16262,1.16268,0
2025-12-10 02:30:00+00:00,1.1626850000000002,1.1627999999999998,1.16243,1.1624599999999998,0
2025-12-10 02:45:00+00:00,1.162465,1.16254,1.1623350000000001,1.1623800000000002,0
2025-12-10 03:00:00+00:00,1.1623700000000001,1.162545,1.162165,1.16252,0
2025-12-10 03:15:00+00:00,1.1625100000000002,1.16262,1.1623299999999999,1.162395,0
2025-12-10 03:30:00+00:00,1.1624150000000002,1.162735,1.1623700000000001,1.16265,0
2025-12-10 03:45:00+00:00,1.16263,1.16269,1.1623999999999999,1.1626500000000002,0
2025-12-10 04:00:00+00:00,1.162665,1.1627450000000001,1.1625100000000002,1.162675,0
2025-12-10 04:15:00+00:00,1.1626699999999999,1.1627399999999999,1.162555,1.1626500000000002,0
2025-12-10 04:30:00+00:00,1.1626400000000001,1.1628699999999998,1.16259,1.16281,0
2025-12-10 04:45:00+00:00,1.16282,1.1629049999999999,1.16275,1.16275,0
2025-12-10 05:00:00+00:00,1.162735,1.1628500000000002,1.1626750000000001,1.1627399999999999,0
2025-12-10 05:15:00+00:00,1.16275,1.162845,1.16266,1.16269,0
2025-12-10 05:30:00+00:00,1.1627,1.1629450000000001,1.162685,1.1629399999999999,0
2025-12-10 05:45:00+00:00,1.16291,1.1631049999999998,1.1629,1.162985,0
2025-12-10 06:00:00+00:00,1.1629800000000001,1.16323,1.16288,1.1631900000000002,0
2025-12-10 06:15:00+00:00,1.16318,1.1633550000000001,1.1631399999999998,1.163195,0
2025-12-10 06:30:00+00:00,1.1631900000000002,1.163305,1.1629749999999999,1.163165,0
2025-12-10 06:45:00+00:00,1.16318,1.1635499999999999,1.16318,1.163525,0
2025-12-10 07:00:00+00:00,1.16354,1.16387,1.16344,1.163735,0
2025-12-10 07:15:00+00:00,1.1637499999999998,1.16398,1.1637149999999998,1.16384,0
2025-12-10 07:30:00+00:00,1.16385,1.1640350000000002,1.1636199999999999,1.163875,0
2025-12-10 07:45:00+00:00,1.16387,1.1649500000000002,1.16367,1.1648200000000002,0
2025-12-10 10:00:00+00:00,1.16365,1.16374,1.1632600000000002,1.16374,0
2025-12-10 10:15:00+00:00,1.163755,1.163955,1.16358,1.16367,0
2025-12-10 10:30:00+00:00,1.1636600000000001,1.1636799999999998,1.16302,1.1630850000000001,0
2025-12-10 10:45:00+00:00,1.16309,1.16358,1.16276,1.1634449999999998,0
2025-12-10 12:00:00+00:00,1.16351,1.163715,1.16338,1.16363,0
2025-12-10 12:15:00+00:00,1.16365,1.16383,1.1633,1.1638000000000002,0
2025-12-10 12:30:00+00:00,1.16381,1.164085,1.16377,1.16406,0
2025-12-10 12:45:00+00:00,1.16405,1.1642350000000001,1.16381,1.163935,0
2025-12-10 13:00:00+00:00,1.1639300000000001,1.16419,1.16315,1.16334,0
2025-12-10 13:15:00+00:00,1.1633550000000001,1.1635499999999999,1.16277,1.16347,0
2025-12-10 13:30:00+00:00,1.163485,1.16375,1.1632500000000001,1.1635,0
2025-12-10 13:45:00+00:00,1.163505,1.1641949999999999,1.163505,1.16402,0
2025-12-10 14:00:00+00:00,1.164015,1.1644450000000002,1.163685,1.16394,0
2025-12-10 14:15:00+00:00,1.163945,1.1643400000000002,1.163385,1.16354,0
2025-12-10 14:30:00+00:00,1.1635300000000002,1.164015,1.16343,1.16374,0
2025-12-10 14:45:00+00:00,1.1637499999999998,1.1644999999999999,1.16364,1.1643249999999998,0
2025-12-10 15:00:00+00:00,1.16433,1.16513,1.16433,1.16462,0
2025-12-10 15:15:00+00:00,1.164625,1.1646450000000002,1.1639499999999998,1.164005,0
2025-12-10 15:30:00+00:00,1.163995,1.16428,1.1636799999999998,1.1639,0
2025-12-10 15:45:00+00:00,1.1638899999999999,1.164225,1.163465,1.1642000000000001,0
2025-12-10 16:00:00+00:00,1.1641949999999999,1.16458,1.163725,1.164495,0
2025-12-10 16:15:00+00:00,1.1644999999999999,1.1649850000000002,1.164385,1.1646999999999998,0
2025-12-10 16:30:00+00:00,1.164725,1.16485,1.1645599999999998,1.16458,0
2025-12-10 16:45:00+00:00,1.164585,1.164995,1.16439,1.164995,0
2025-12-11 16:00:00+00:00,1.17565,1.175935,1.1751999999999998,1.1758600000000001,0
2025-12-11 16:15:00+00:00,1.175865,1.175945,1.1747,1.1747,0
2025-12-11 16:30:00+00:00,1.17469,1.17522,1.1746249999999998,1.1749100000000001,0
2025-12-11 16:45:00+00:00,1.174915,1.17572,1.174915,1.1755399999999998,0
2025-12-12 01:00:00+00:00,1.17407,1.174165,1.173785,1.174085,0
2025-12-12 01:15:00+00:00,1.17409,1.17463,1.174085,1.1745700000000001,0
2025-12-12 01:30:00+00:00,1.174575,1.17459,1.1736749999999998,1.1736749999999998,0
2025-12-12 01:45:00+00:00,1.1736849999999999,1.173785,1.17327,1.1735,0
2025-12-12 19:00:00+00:00,1.17414,1.17414,1.17377,1.173925,0
2025-12-12 19:15:00+00:00,1.173915,1.1741000000000001,1.1737600000000001,1.173825,0
2025-12-12 19:30:00+00:00,1.173815,1.17411,1.173775,1.173815,0
2025-12-12 19:45:00+00:00,1.17382,1.17411,1.173535,1.174045,0
2025-12-15 07:00:00+00:00,1.173535,1.17381,1.1731099999999999,1.17323,0
2025-12-15 07:15:00+00:00,1.173225,1.1736900000000001,1.1731449999999999,1.1734300000000002,0
2025-12-15 07:30:00+00:00,1.1734200000000001,1.173635,1.173185,1.17323,0
2025-12-15 07:45:00+00:00,1.173225,1.1733850000000001,1.1728,1.17285,0
2025-12-16 18:00:00+00:00,1.17639,1.17639,1.17531,1.17556,0
2025-12-16 18:15:00+00:00,1.175545,1.175545,1.17459,1.1746050000000001,0
2025-12-16 18:30:00+00:00,1.17462,1.175335,1.174525,1.17526,0
2025-12-16 18:45:00+00:00,1.175255,1.1755499999999999,1.17523,1.17531,0
2025-12-17 15:00:00+00:00,1.1741199999999998,1.17509,1.1740300000000001,1.17495,0
2025-12-17 15:15:00+00:00,1.1749399999999999,1.17516,1.174445,1.17475,0
2025-12-17 15:30:00+00:00,1.17474,1.1758250000000001,1.17474,1.1754,0
2025-12-17 15:45:00+00:00,1.1753900000000002,1.175535,1.1748699999999999,1.175295,0
2025-12-18 16:00:00+00:00,1.1726999999999999,1.1744150000000002,1.172615,1.174165,0
2025-12-18 16:15:00+00:00,1.17417,1.1745999999999999,1.17364,1.1738,0
2025-12-18 16:30:00+00:00,1.17379,1.17384,1.1729500000000002,1.17323,0
2025-12-18 16:45:00+00:00,1.1732399999999998,1.17332,1.1725599999999998,1.1728100000000001,0
2025-12-18 18:00:00+00:00,1.17191,1.172495,1.171545,1.17245,0
2025-12-18 18:15:00+00:00,1.1724549999999998,1.172485,1.17177,1.17206,0
2025-12-18 18:30:00+00:00,1.1720700000000002,1.1722549999999998,1.17203,1.17204,0
2025-12-18 18:45:00+00:00,1.17205,1.17212,1.1718600000000001,1.17197,0
2025-12-18 21:00:00+00:00,1.172215,1.17252,1.1721650000000001,1.1724700000000001,0
2025-12-18 21:15:00+00:00,1.1724649999999999,1.1724800000000002,1.1723400000000002,1.1723949999999999,0
2025-12-18 21:30:00+00:00,1.172385,1.172385,1.1722350000000001,1.17229,0
2025-12-18 21:45:00+00:00,1.17228,1.1725249999999998,1.172175,1.172235,0
2025-12-18 22:00:00+00:00,1.17221,1.17246,1.17188,1.17227,0
2025-12-18 22:15:00+00:00,1.17228,1.17253,1.172245,1.1724700000000001,0
2025-12-18 22:30:00+00:00,1.1724999999999999,1.172545,1.1724199999999998,1.17245,0
2025-12-18 22:45:00+00:00,1.1724350000000001,1.17255,1.1724,1.1724649999999999,0
2025-12-19 02:00:00+00:00,1.17245,1.17286,1.17245,1.17278,0
2025-12-19 02:15:00+00:00,1.17279,1.17285,1.1724700000000001,1.172575,0
2025-12-19 02:30:00+00:00,1.17259,1.1726299999999998,1.17217,1.17232,0
2025-12-19 02:45:00+00:00,1.1723,1.1724100000000002,1.17212,1.17228,0
2025-12-19 06:00:00+00:00,1.171995,1.172155,1.17187,1.17204,0
2025-12-19 06:15:00+00:00,1.17203,1.1721650000000001,1.171935,1.1719650000000001,0
2025-12-19 06:30:00+00:00,1.171975,1.1721249999999999,1.1712500000000001,1.17126,0
2025-12-19 06:45:00+00:00,1.1712500000000001,1.1720199999999998,1.1711900000000002,1.1719849999999998,0
2025-12-19 14:00:00+00:00,1.17194,1.17341,1.1719,1.17339,0
2025-12-19 14:15:00+00:00,1.1733799999999999,1.1737799999999998,1.173165,1.173265,0
2025-12-19 14:30:00+00:00,1.173255,1.17355,1.172995,1.173435,0
2025-12-19 14:45:00+00:00,1.1734300000000002,1.17346,1.1725949999999998,1.1726649999999998,0
2025-12-19 19:00:00+00:00,1.171985,1.1720899999999999,1.17164,1.17208,0
2025-12-19 19:15:00+00:00,1.172075,1.1721849999999998,1.171835,1.172085,0
2025-12-19 19:30:00+00:00,1.172075,1.17211,1.17184,1.171995,0
2025-12-19 19:45:00+00:00,1.171985,1.172515,1.17198,1.17237,0
2025-12-23 00:00:00+00:00,1.176375,1.1767599999999998,1.1763050000000002,1.1767349999999999,0
2025-12-23 00:15:00+00:00,1.176745,1.17679,1.1765949999999998,1.17679,0
2025-12-23 00:30:00+00:00,1.17678,1.176875,1.17672,1.17686,0
2025-12-23 00:45:00+00:00,1.17687,1.1770399999999999,1.1768,1.17691,0
2025-12-23 04:00:00+00:00,1.17767,1.17789,1.17759,1.17789,0
2025-12-23 04:15:00+00:00,1.1779000000000002,1.17791,1.17759,1.17759,0
2025-12-23 04:30:00+00:00,1.177635,1.177875,1.1775099999999998,1.177595,0
2025-12-23 04:45:00+00:00,1.1776,1.17777,1.1773799999999999,1.1775250000000002,0
2025-12-23 09:00:00+00:00,1.1784599999999998,1.1790349999999998,1.178375,1.1789049999999999,0
2025-12-23 09:15:00+00:00,1.1789100000000001,1.178985,1.178185,1.178285,0
2025-12-23 09:30:00+00:00,1.17828,1.17895,1.17828,1.1787450000000002,0
2025-12-23 09:45:00+00:00,1.17875,1.1792950000000002,1.178535,1.179265,0
2025-12-23 18:00:00+00:00,1.17709,1.17733,1.17696,1.1772749999999998,0
2025-12-23 18:15:00+00:00,1.17727,1.1777350000000002,1.1771850000000001,1.177555,0
2025-12-23 18:30:00+00:00,1.1775600000000002,1.177775,1.177495,1.1777250000000001,0
2025-12-23 18:45:00+00:00,1.1777199999999999,1.178315,1.1777199999999999,1.178285,0
2025-12-25 04:00:00+00:00,1.177565,1.177565,1.177565,1.177565,0
2025-12-25 04:15:00+00:00,1.177565,1.177565,1.177565,1.177565,0
2025-12-25 04:30:00+00:00,1.177605,1.177605,1.17754,1.177565,0
2025-12-25 04:45:00+00:00,1.17754,1.17763,1.17754,1.177565,0
2025-12-29 06:00:00+00:00,1.17563,1.1761,1.17549,1.17558,0
2025-12-29 06:15:00+00:00,1.17557,1.1762700000000001,1.17542,1.1762700000000001,0
2025-12-29 06:30:00+00:00,1.1762899999999998,1.17638,1.1761599999999999,1.176335,0
2025-12-29 06:45:00+00:00,1.176345,1.17696,1.176205,1.1769500000000002,0
2025-12-29 20:00:00+00:00,1.17672,1.17694,1.17672,1.17689,0
2025-12-29 20:15:00+00:00,1.176875,1.17694,1.17658,1.176755,0
2025-12-29 20:30:00+00:00,1.1767699999999999,1.1768999999999998,1.17664,1.17665,0
2025-12-29 20:45:00+00:00,1.17664,1.1770550000000002,1.176445,1.17705,0
2025-12-30 11:00:00+00:00,1.17737,1.17767,1.1770900000000002,1.1774499999999999,0
2025-12-30 11:15:00+00:00,1.17744,1.17746,1.1771099999999999,1.17718,0
2025-12-30 11:30:00+00:00,1.17719,1.17734,1.1768049999999999,1.1769,0
2025-12-30 11:45:00+00:00,1.176895,1.1770399999999999,1.1766100000000002,1.17667,0
2025-12-31 04:00:00+00:00,1.1742599999999999,1.1742849999999998,1.173975,1.173975,0
2025-12-31 04:15:00+00:00,1.173985,1.1740249999999999,1.1739000000000002,1.1739199999999999,0
2025-12-31 04:30:00+00:00,1.173905,1.17402,1.1736300000000002,1.1736900000000001,0
2025-12-31 04:45:00+00:00,1.1737000000000002,1.1737000000000002,1.1733099999999999,1.173445,0
2025-12-31 20:00:00+00:00,1.1740599999999999,1.17443,1.17402,1.1743800000000002,0
2025-12-31 20:15:00+00:00,1.1743700000000001,1.174795,1.17435,1.1747450000000002,0
2025-12-31 20:30:00+00:00,1.17476,1.174965,1.174625,1.17484,0
2025-12-31 20:45:00+00:00,1.17481,1.1753,1.174555,1.1752099999999999,0
2026-01-02 04:00:00+00:00,1.176455,1.1764899999999998,1.176065,1.1760950000000001,0
2026-01-02 04:15:00+00:00,1.176105,1.176145,1.1758099999999998,1.17584,0
2026-01-02 04:30:00+00:00,1.175845,1.175845,1.175535,1.1755900000000001,0
2026-01-02 04:45:00+00:00,1.1755849999999999,1.1757300000000002,1.175525,1.175565,0
2026-01-02 21:00:00+00:00,1.171755,1.1722899999999998,1.171735,1.1721300000000001,0
2026-01-02 21:15:00+00:00,1.172135,1.1721949999999999,1.17203,1.17214,0
2026-01-02 21:30:00+00:00,1.172135,1.17233,1.1718600000000001,1.1719,0
2026-01-02 21:45:00+00:00,1.1718950000000001,1.1721650000000001,1.171745,1.17212,0
2026-01-07 01:00:00+00:00,1.169175,1.1694300000000002,1.169095,1.16921,0
2026-01-07 01:15:00+00:00,1.169215,1.16925,1.169,1.16912,0
2026-01-07 01:30:00+00:00,1.169125,1.16986,1.169095,1.1698149999999998,0
2026-01-07 01:45:00+00:00,1.1697950000000001,1.1700599999999999,1.16947,1.16959,0
2026-01-07 10:00:00+00:00,1.168445,1.16893,1.16835,1.1688399999999999,0
2026-01-07 10:15:00+00:00,1.16883,1.1692900000000002,1.16871,1.16919,0
2026-01-07 10:30:00+00:00,1.1691950000000002,1.1693950000000002,1.1690800000000001,1.16913,0
2026-01-07 10:45:00+00:00,1.169095,1.16934,1.16872,1.1688399999999999,0
2026-01-08 12:00:00+00:00,1.1677499999999998,1.16779,1.16723,1.1672500000000001,0
2026-01-08 12:15:00+00:00,1.1672449999999999,1.167405,1.16708,1.1672500000000001,0
2026-01-08 12:30:00+00:00,1.16726,1.16736,1.16706,1.1672500000000001,0
2026-01-08 12:45:00+00:00,1.16727,1.1674449999999998,1.166985,1.167325,0
2026-01-09 05:00:00+00:00,1.1654200000000001,1.1656300000000002,1.16533,1.16541,0
2026-01-09 05:15:00+00:00,1.1654200000000001,1.16557,1.16528,1.165305,0
2026-01-09 05:30:00+00:00,1.16533,1.1653799999999999,1.16501,1.1651150000000001,0
2026-01-09 05:45:00+00:00,1.1650999999999998,1.1652200000000001,1.165015,1.16513,0
2026-01-09 15:00:00+00:00,1.1636700000000002,1.1639249999999999,1.16218,1.1625999999999999,0
2026-01-09 15:15:00+00:00,1.1625800000000002,1.162845,1.161815,1.16263,0
2026-01-09 15:30:00+00:00,1.16262,1.16385,1.162525,1.16345,0
2026-01-09 15:45:00+00:00,1.16347,1.164095,1.1632699999999998,1.16406,0
2026-01-12 04:00:00+00:00,1.1655099999999998,1.165635,1.165395,1.165635,0
2026-01-12 04:15:00+00:00,1.165625,1.1658300000000001,1.16554,1.1656,0
2026-01-12 04:30:00+00:00,1.1655950000000002,1.1656,1.165305,1.16541,0
2026-01-12 04:45:00+00:00,1.1654300000000002,1.165575,1.1654149999999999,1.165575,0
2026-01-12 12:00:00+00:00,1.1678600000000001,1.168495,1.167705,1.168415,0
2026-01-12 12:15:00+00:00,1.168405,1.168455,1.168105,1.168205,0
2026-01-12 12:30:00+00:00,1.168215,1.168755,1.168215,1.16869,0
2026-01-12 12:45:00+00:00,1.168705,1.168725,1.1678449999999998,1.168135,0
2026-01-13 14:00:00+00:00,1.16683,1.167335,1.166595,1.166795,0
2026-01-13 14:15:00+00:00,1.166775,1.1670250000000002,1.166555,1.1669049999999999,0
2026-01-13 14:30:00+00:00,1.166895,1.1669800000000001,1.16574,1.1661100000000002,0
2026-01-13 14:45:00+00:00,1.166105,1.16654,1.1659549999999999,1.166395,0
2026-01-14 00:00:00+00:00,1.164225,1.16432,1.163805,1.16384,0
2026-01-14 00:15:00+00:00,1.1638549999999999,1.164155,1.16383,1.164155,0
2026-01-14 00:30:00+00:00,1.16415,1.164365,1.164075,1.1643050000000001,0
2026-01-14 00:45:00+00:00,1.16432,1.164345,1.164095,1.164295,0
2026-01-14 08:00:00+00:00,1.164625,1.165045,1.1644649999999999,1.16448,0
2026-01-14 08:15:00+00:00,1.164475,1.164585,1.164105,1.164285,0
2026-01-14 08:30:00+00:00,1.1643050000000001,1.164825,1.164205,1.164305,0
2026-01-14 08:45:00+00:00,1.1643050000000001,1.16479,1.1642299999999999,1.164755,0
2026-01-14 16:00:00+00:00,1.1660050000000002,1.166165,1.1658050000000002,1.165905,0
2026-01-14 16:15:00+00:00,1.16591,1.166155,1.1653950000000002,1.165615,0
2026-01-14 16:30:00+00:00,1.165595,1.16578,1.165505,1.16552,0
2026-01-14 16:45:00+00:00,1.1655250000000001,1.165715,1.16527,1.16546,0
2026-01-15 00:00:00+00:00,1.16451,1.16451,1.164245,1.164325,0
2026-01-15 00:15:00+00:00,1.164315,1.164565,1.164145,1.164155,0
2026-01-15 00:30:00+00:00,1.16417,1.164335,1.163735,1.1638950000000001,0
2026-01-15 00:45:00+00:00,1.1639,1.1641050000000002,1.163575,1.163775,0
2026-01-15 09:00:00+00:00,1.16309,1.1635,1.1630449999999999,1.1631900000000002,0
2026-01-15 09:15:00+00:00,1.163175,1.1634799999999998,1.163125,1.1631900000000002,0
2026-01-15 09:30:00+00:00,1.1631900000000002,1.163705,1.1630349999999998,1.163665,0
2026-01-15 09:45:00+00:00,1.1636549999999999,1.16399,1.163465,1.1635849999999999,0
2026-01-15 18:00:00+00:00,1.160905,1.1615000000000002,1.160905,1.1612900000000002,0
2026-01-15 18:15:00+00:00,1.161285,1.161315,1.1610049999999998,1.16119,0
2026-01-15 18:30:00+00:00,1.1612,1.16147,1.161095,1.1614550000000001,0
2026-01-15 18:45:00+00:00,1.16146,1.1615199999999999,1.161305,1.16148,0
2026-01-19 02:00:00+00:00,1.16227,1.16239,1.1620499999999998,1.162265,0
2026-01-19 02:15:00+00:00,1.1622249999999998,1.16227,1.1615799999999998,1.162055,0
2026-01-19 02:30:00+00:00,1.16205,1.162195,1.161785,1.161835,0
2026-01-19 02:45:00+00:00,1.16184,1.161925,1.16168,1.1617600000000001,0
2026-01-19 10:00:00+00:00,1.1624400000000001,1.162865,1.162325,1.162815,0
2026-01-19 10:15:00+00:00,1.16279,1.162805,1.162315,1.162345,0
2026-01-19 10:30:00+00:00,1.16234,1.1624949999999998,1.162215,1.1622949999999999,0
2026-01-19 10:45:00+00:00,1.16229,1.162785,1.16221,1.162405,0
2026-01-19 23:00:00+00:00,1.164535,1.16466,1.1641949999999999,1.16421,0
2026-01-19 23:15:00+00:00,1.164215,1.16422,1.164005,1.164015,0
2026-01-19 23:30:00+00:00,1.1640199999999998,1.164135,1.1638449999999998,1.16392,0
2026-01-19 23:45:00+00:00,1.16391,1.16404,1.163865,1.1639499999999998,0
2026-01-20 11:00:00+00:00,1.1731150000000001,1.17326,1.172355,1.1724549999999998,0
2026-01-20 11:15:00+00:00,1.17245,1.173015,1.1722350000000001,1.1726649999999998,0
2026-01-20 11:30:00+00:00,1.172655,1.1737199999999999,1.172545,1.17359,0
2026-01-20 11:45:00+00:00,1.173575,1.173895,1.1734149999999999,1.173495,0
2026-01-20 18:00:00+00:00,1.1731500000000001,1.17339,1.172905,1.173095,0
2026-01-20 18:15:00+00:00,1.17309,1.17341,1.173085,1.173125,0
2026-01-20 18:30:00+00:00,1.173135,1.173265,1.172925,1.173125,0
2026-01-20 18:45:00+00:00,1.173105,1.173335,1.172655,1.172665,0
2026-01-21 08:00:00+00:00,1.17169,1.171875,1.170985,1.171205,0
2026-01-21 08:15:00+00:00,1.171185,1.17144,1.170735,1.17086,0
2026-01-21 08:30:00+00:00,1.17084,1.1710850000000002,1.1705100000000002,1.1709450000000001,0
2026-01-21 08:45:00+00:00,1.170935,1.171255,1.170815,1.171035,0
2026-01-21 12:00:00+00:00,1.17142,1.1721849999999998,1.171205,1.172085,0
2026-01-21 12:15:00+00:00,1.1720899999999999,1.1724700000000001,1.171915,1.17246,0
2026-01-21 12:30:00+00:00,1.172455,1.173175,1.1724299999999999,1.1730450000000001,0
2026-01-21 12:45:00+00:00,1.173055,1.173585,1.1730399999999999,1.17348,0
2026-01-21 22:00:00+00:00,1.16839,1.16871,1.1683,1.16842,0
2026-01-21 22:15:00+00:00,1.168475,1.168635,1.168405,1.1686100000000001,0
2026-01-21 22:30:00+00:00,1.168605,1.1686450000000002,1.168555,1.168605,0
2026-01-21 22:45:00+00:00,1.16863,1.16867,1.1684899999999998,1.1685349999999999,0
2026-01-21 23:00:00+00:00,1.168545,1.16855,1.16805,1.168075,0
2026-01-21 23:15:00+00:00,1.168065,1.1681750000000002,1.167675,1.167675,0
2026-01-21 23:30:00+00:00,1.167665,1.16769,1.16699,1.167475,0
2026-01-21 23:45:00+00:00,1.167485,1.1675399999999998,1.16717,1.16729,0
2026-01-22 06:00:00+00:00,1.1688649999999998,1.1690550000000002,1.1685050000000001,1.168705,0
2026-01-22 06:15:00+00:00,1.1686999999999999,1.169105,1.16869,1.169,0
2026-01-22 06:30:00+00:00,1.169005,1.1691850000000001,1.168695,1.168695,0
2026-01-22 06:45:00+00:00,1.16869,1.1689699999999998,1.1684299999999999,1.1688649999999998,0
2026-01-22 09:00:00+00:00,1.16892,1.1691950000000002,1.1687699999999999,1.169005,0
2026-01-22 09:15:00+00:00,1.169,1.169745,1.168865,1.1692900000000002,0
2026-01-22 09:30:00+00:00,1.169295,1.1695099999999998,1.168965,1.169365,0
2026-01-22 09:45:00+00:00,1.1693850000000001,1.16957,1.16906,1.169265,0
2026-01-22 19:00:00+00:00,1.17475,1.174795,1.17434,1.174385,0
2026-01-22 19:15:00+00:00,1.174375,1.1744050000000001,1.1742,1.174315,0
2026-01-22 19:30:00+00:00,1.174325,1.174455,1.17413,1.17431,0
2026-01-22 19:45:00+00:00,1.174305,1.17449,1.174205,1.1744050000000001,0
2026-01-22 23:00:00+00:00,1.17559,1.175915,1.17559,1.175725,0
2026-01-22 23:15:00+00:00,1.175765,1.175775,1.175615,1.17567,0
2026-01-22 23:30:00+00:00,1.175665,1.1756799999999998,1.175345,1.17543,0
2026-01-22 23:45:00+00:00,1.175435,1.1755,1.175335,1.1753900000000002,0
2026-01-23 09:00:00+00:00,1.1739950000000001,1.17435,1.173645,1.17382,0
2026-01-23 09:15:00+00:00,1.173835,1.174395,1.1736499999999999,1.174145,0
2026-01-23 09:30:00+00:00,1.1741700000000002,1.1745100000000002,1.17387,1.174185,0
2026-01-23 09:45:00+00:00,1.174205,1.1742949999999999,1.1735099999999998,1.173535,0
2026-01-25 22:00:00+00:00,1.186615,1.18686,1.185095,1.185735,0
2026-01-25 22:15:00+00:00,1.1857199999999999,1.18627,1.185485,1.18615,0
2026-01-25 22:30:00+00:00,1.186165,1.18718,1.18611,1.187055,0
2026-01-25 22:45:00+00:00,1.18704,1.189325,1.18703,1.188985,0
2026-01-26 06:00:00+00:00,1.1864949999999999,1.1865649999999999,1.1850800000000001,1.18526,0
2026-01-26 06:15:00+00:00,1.18525,1.185825,1.1850999999999998,1.185745,0
2026-01-26 06:30:00+00:00,1.18575,1.1862750000000002,1.18573,1.18606,0
2026-01-26 06:45:00+00:00,1.186075,1.1862599999999999,1.185165,1.185175,0
2026-01-26 10:00:00+00:00,1.18638,1.1865299999999999,1.185665,1.18588,0
2026-01-26 10:15:00+00:00,1.18589,1.18647,1.18575,1.18627,0
2026-01-26 10:30:00+00:00,1.186275,1.1863549999999998,1.1853449999999999,1.185945,0
2026-01-26 10:45:00+00:00,1.18594,1.186165,1.1854749999999998,1.186075,0
2026-01-26 17:00:00+00:00,1.18859,1.1889349999999999,1.1883050000000002,1.188875,0
2026-01-26 17:15:00+00:00,1.18886,1.1891500000000002,1.187745,1.1877849999999999,0
2026-01-26 17:30:00+00:00,1.1877749999999998,1.18812,1.187545,1.1878449999999998,0
2026-01-26 17:45:00+00:00,1.18785,1.187945,1.1874850000000001,1.187885,0
2026-01-27 01:00:00+00:00,1.18771,1.187805,1.187345,1.187545,0
2026-01-27 01:15:00+00:00,1.1875499999999999,1.1878350000000002,1.18737,1.1875900000000001,0
2026-01-27 01:30:00+00:00,1.18758,1.187805,1.187425,1.187745,0
2026-01-27 01:45:00+00:00,1.1877300000000002,1.188145,1.18767,1.187865,0
2026-01-27 08:00:00+00:00,1.18637,1.186725,1.1856749999999998,1.18594,0
2026-01-27 08:15:00+00:00,1.185945,1.1862249999999999,1.185285,1.185545,0
2026-01-27 08:30:00+00:00,1.185555,1.185745,1.185035,1.1851699999999998,0
2026-01-27 08:45:00+00:00,1.185175,1.186125,1.185175,1.186055,0
2026-01-30 16:00:00+00:00,1.18955,1.1897600000000002,1.1885050000000001,1.188815,0
2026-01-30 16:15:00+00:00,1.188825,1.188835,1.1878250000000001,1.18797,0
2026-01-30 16:30:00+00:00,1.187965,1.18844,1.18717,1.18822,0
2026-01-30 16:45:00+00:00,1.18821,1.18878,1.18756,1.1886100000000002,0
2026-02-02 10:00:00+00:00,1.1862249999999999,1.186915,1.185875,1.1868699999999999,0
2026-02-02 10:15:00+00:00,1.18688,1.187015,1.186435,1.186665,0
2026-02-02 10:30:00+00:00,1.186655,1.186695,1.1859199999999999,1.1860050000000002,0
2026-02-02 10:45:00+00:00,1.1859899999999999,1.1868150000000002,1.1858849999999999,1.186465,0
2026-02-02 20:00:00+00:00,1.17889,1.17903,1.178475,1.1786050000000001,0
2026-02-02 20:15:00+00:00,1.178585,1.178585,1.1780400000000002,1.17838,0
2026-02-02 20:30:00+00:00,1.178375,1.17869,1.17813,1.178585,0
2026-02-02 20:45:00+00:00,1.1785800000000002,1.17923,1.1785100000000002,1.179145,0
2026-02-03 07:00:00+00:00,1.1813799999999999,1.1819600000000001,1.1809949999999998,1.18194,0
2026-02-03 07:15:00+00:00,1.1819350000000002,1.1820249999999999,1.181355,1.181635,0
2026-02-03 07:30:00+00:00,1.18166,1.1824050000000002,1.1816200000000001,1.18222,0
2026-02-03 07:45:00+00:00,1.182235,1.18245,1.18152,1.181525,0
2026-02-03 13:00:00+00:00,1.179655,1.1804999999999999,1.179525,1.1804999999999999,0
2026-02-03 13:15:00+00:00,1.1805050000000001,1.180675,1.179575,1.179635,0
2026-02-03 13:30:00+00:00,1.17964,1.1799499999999998,1.17927,1.1797149999999998,0
2026-02-03 13:45:00+00:00,1.1797300000000002,1.1801650000000001,1.1795849999999999,1.1796099999999998,0
2026-02-03 18:00:00+00:00,1.181625,1.182245,1.181485,1.181535,0
2026-02-03 18:15:00+00:00,1.181545,1.181975,1.1813850000000001,1.1814049999999998,0
2026-02-03 18:30:00+00:00,1.18141,1.18166,1.181015,1.181285,0
2026-02-03 18:45:00+00:00,1.18128,1.181585,1.180905,1.180905,0
2026-02-05 00:00:00+00:00,1.1801599999999999,1.18031,1.1800199999999998,1.1801249999999999,0
2026-02-05 00:15:00+00:00,1.18012,1.1802549999999998,1.18006,1.180225,0
2026-02-05 00:30:00+00:00,1.1802199999999998,1.1802199999999998,1.179965,1.18006,0
2026-02-05 00:45:00+00:00,1.1800700000000002,1.180475,1.1800700000000002,1.180445,0
2026-02-05 12:00:00+00:00,1.17938,1.17969,1.17875,1.179255,0
2026-02-05 12:15:00+00:00,1.17927,1.179465,1.1785549999999998,1.1794,0
2026-02-05 12:30:00+00:00,1.179395,1.1801249999999999,1.17915,1.1795149999999999,0
2026-02-05 12:45:00+00:00,1.17949,1.1803599999999999,1.1792099999999999,1.179975,0
2026-02-06 13:00:00+00:00,1.1792799999999999,1.1797749999999998,1.17924,1.179375,0
2026-02-06 13:15:00+00:00,1.179365,1.1801599999999999,1.179365,1.18011,0
2026-02-06 13:30:00+00:00,1.18012,1.180555,1.1801,1.18033,0
2026-02-06 13:45:00+00:00,1.1803249999999998,1.1811099999999999,1.1802700000000002,1.1810450000000001,0
2026-02-09 00:00:00+00:00,1.18268,1.18337,1.18248,1.1830699999999998,0
2026-02-09 00:15:00+00:00,1.18306,1.183075,1.18241,1.183045,0
2026-02-09 00:30:00+00:00,1.183045,1.183065,1.182555,1.182825,0
2026-02-09 00:45:00+00:00,1.182795,1.1831200000000002,1.182775,1.183075,0
2026-02-09 08:00:00+00:00,1.1855950000000002,1.186235,1.185465,1.1858,0
2026-02-09 08:15:00+00:00,1.18579,1.18646,1.18521,1.185225,0
2026-02-09 08:30:00+00:00,1.185235,1.1860499999999998,1.185175,1.1858849999999999,0
2026-02-09 08:45:00+00:00,1.18588,1.18649,1.18586,1.18642,0
2026-02-10 14:00:00+00:00,1.19056,1.1915550000000001,1.1902949999999999,1.1915550000000001,0
2026-02-10 14:15:00+00:00,1.191575,1.192265,1.19149,1.192155,0
2026-02-10 14:30:00+00:00,1.1921599999999999,1.19287,1.1915049999999998,1.1915499999999999,0
2026-02-10 14:45:00+00:00,1.1915550000000001,1.191725,1.1908349999999999,1.1914799999999999,0
2026-02-10 19:00:00+00:00,1.18924,1.1892749999999999,1.188675,1.18906,0
2026-02-10 19:15:00+00:00,1.18907,1.1896049999999998,1.18898,1.189465,0
2026-02-10 19:30:00+00:00,1.18948,1.1896749999999998,1.189425,1.1896749999999998,0
2026-02-10 19:45:00+00:00,1.1896650000000002,1.190245,1.189465,1.1902300000000001,0
2026-02-11 05:00:00+00:00,1.19081,1.191135,1.19068,1.19108,0
2026-02-11 05:15:00+00:00,1.19109,1.19156,1.19101,1.1915550000000001,0
2026-02-11 05:30:00+00:00,1.1915499999999999,1.1918,1.1912150000000001,1.19177,0
2026-02-11 05:45:00+00:00,1.1917849999999999,1.1919149999999998,1.1914850000000001,1.19185,0
2026-02-12 05:00:00+00:00,1.1862,1.18638,1.1859899999999999,1.18632,0
2026-02-12 05:15:00+00:00,1.1863100000000002,1.18638,1.185835,1.1858650000000002,0
2026-02-12 05:30:00+00:00,1.18587,1.1862499999999998,1.18587,1.18621,0
2026-02-12 05:45:00+00:00,1.1862050000000002,1.1865700000000001,1.1860499999999998,1.18647,0
2026-02-12 13:00:00+00:00,1.187305,1.187845,1.187195,1.187435,0
2026-02-12 13:15:00+00:00,1.1874250000000002,1.18781,1.18732,1.187685,0
2026-02-12 13:30:00+00:00,1.18769,1.18846,1.1871450000000001,1.188035,0
2026-02-12 13:45:00+00:00,1.1880449999999998,1.1885249999999998,1.1878799999999998,1.1885050000000001,0
2026-02-12 20:00:00+00:00,1.186995,1.18706,1.186665,1.186785,0
2026-02-12 20:15:00+00:00,1.186795,1.1869,1.1865800000000002,1.186595,0
2026-02-12 20:30:00+00:00,1.186585,1.18695,1.186365,1.18692,0
2026-02-12 20:45:00+00:00,1.18693,1.186995,1.1868150000000002,1.1869800000000001,0
2026-02-13 03:00:00+00:00,1.1869450000000001,1.18702,1.1866050000000001,1.18672,0
2026-02-13 03:15:00+00:00,1.186705,1.1869100000000001,1.1866599999999998,1.186785,0
2026-02-13 03:30:00+00:00,1.18681,1.18701,1.18679,1.1868699999999999,0
2026-02-13 03:45:00+00:00,1.1868699999999999,1.1868949999999998,1.186595,1.18669,0
2026-02-13 12:00:00+00:00,1.185875,1.18611,1.185555,1.185635,0
2026-02-13 12:15:00+00:00,1.185625,1.186235,1.1855600000000002,1.186055,0
2026-02-13 12:30:00+00:00,1.1860499999999998,1.18638,1.18595,1.186045,0
2026-02-13 12:45:00+00:00,1.18604,1.18634,1.185845,1.1861899999999999,0
2026-02-13 20:00:00+00:00,1.1866400000000001,1.186795,1.18645,1.186575,0
2026-02-13 20:15:00+00:00,1.1865800000000002,1.1866949999999998,1.1865100000000002,1.18661,0
2026-02-13 20:30:00+00:00,1.1866050000000001,1.18696,1.18659,1.1869049999999999,0
2026-02-13 20:45:00+00:00,1.1868949999999998,1.1874699999999998,1.1866750000000001,1.18743,0
2026-02-16 07:00:00+00:00,1.1866050000000001,1.1866400000000001,1.186285,1.186445,0
2026-02-16 07:15:00+00:00,1.18645,1.1866349999999999,1.1862400000000002,1.186595,0
2026-02-16 07:30:00+00:00,1.1866050000000001,1.186625,1.186045,1.18648,0
2026-02-16 07:45:00+00:00,1.186465,1.1865,1.186045,1.18629,0
2026-02-16 20:00:00+00:00,1.185405,1.185465,1.185265,1.1853799999999999,0
2026-02-16 20:15:00+00:00,1.185365,1.18548,1.185355,1.18548,0
2026-02-16 20:30:00+00:00,1.1854749999999998,1.1855099999999998,1.1853250000000002,1.18541,0
2026-02-16 20:45:00+00:00,1.1854149999999999,1.185465,1.185355,1.1853600000000002,0
2026-02-17 11:00:00+00:00,1.18428,1.184445,1.1841650000000001,1.1842549999999998,0
2026-02-17 11:15:00+00:00,1.184265,1.184415,1.184105,1.1843650000000001,0
2026-02-17 11:30:00+00:00,1.184355,1.1843650000000001,1.183725,1.183805,0
2026-02-17 11:45:00+00:00,1.183815,1.183815,1.182415,1.183095,0
2026-02-18 00:00:00+00:00,1.1850800000000001,1.185375,1.18507,1.1852800000000001,0
2026-02-18 00:15:00+00:00,1.18526,1.185365,1.1850200000000002,1.18518,0
2026-02-18 00:30:00+00:00,1.18519,1.18533,1.184905,1.18495,0
2026-02-18 00:45:00+00:00,1.184945,1.185175,1.18471,1.18473,0
2026-02-18 18:00:00+00:00,1.18062,1.180745,1.1801650000000001,1.1802000000000001,0
2026-02-18 18:15:00+00:00,1.180205,1.1802350000000001,1.179345,1.179415,0
2026-02-18 18:30:00+00:00,1.179405,1.179445,1.178985,1.1790349999999998,0
2026-02-18 18:45:00+00:00,1.17901,1.17919,1.17876,1.17906,0
2026-02-19 06:00:00+00:00,1.179155,1.179335,1.178985,1.1793,0
2026-02-19 06:15:00+00:00,1.1793049999999998,1.1798899999999999,1.1793,1.1798600000000001,0
2026-02-19 06:30:00+00:00,1.17985,1.179925,1.1796449999999998,1.1798099999999998,0
2026-02-19 06:45:00+00:00,1.179805,1.1800950000000001,1.17972,1.179835,0
2026-02-19 20:00:00+00:00,1.176385,1.176815,1.1763400000000002,1.176635,0
2026-02-19 20:15:00+00:00,1.1766299999999998,1.17673,1.1763849999999998,1.176625,0
2026-02-19 20:30:00+00:00,1.176615,1.176665,1.1763599999999999,1.176625,0
2026-02-19 20:45:00+00:00,1.176615,1.1768999999999998,1.17659,1.176895,0
2026-02-20 10:00:00+00:00,1.17671,1.1768800000000001,1.17633,1.1764450000000002,0
2026-02-20 10:15:00+00:00,1.176445,1.176455,1.1757300000000002,1.175945,0
2026-02-20 10:30:00+00:00,1.17594,1.1767500000000002,1.1758449999999998,1.176495,0
2026-02-20 10:45:00+00:00,1.176485,1.17669,1.1762299999999999,1.176365,0
2026-02-23 04:00:00+00:00,1.1823700000000001,1.1824,1.1818,1.182035,0
2026-02-23 04:15:00+00:00,1.1820149999999998,1.18229,1.18187,1.181975,0
2026-02-23 04:30:00+00:00,1.181985,1.18211,1.18188,1.18204,0
2026-02-23 04:45:00+00:00,1.182045,1.1822050000000002,1.18197,1.182095,0
2026-02-23 09:00:00+00:00,1.181045,1.1812550000000002,1.180895,1.18098,0
2026-02-23 09:15:00+00:00,1.180975,1.18098,1.1803,1.180925,0
2026-02-23 09:30:00+00:00,1.18094,1.18112,1.180785,1.181035,0
2026-02-23 09:45:00+00:00,1.1810450000000001,1.181165,1.18003,1.180085,0
2026-02-24 03:00:00+00:00,1.17838,1.1785450000000002,1.17825,1.17825,0
2026-02-24 03:15:00+00:00,1.178245,1.17825,1.17784,1.17784,0
2026-02-24 03:30:00+00:00,1.1778300000000002,1.1779199999999999,1.1776849999999999,1.1777799999999998,0
2026-02-24 03:45:00+00:00,1.177785,1.17788,1.177495,1.17752,0
2026-02-24 05:00:00+00:00,1.1769699999999998,1.1772049999999998,1.17686,1.177155,0
2026-02-24 05:15:00+00:00,1.17715,1.17721,1.17694,1.17699,0
2026-02-24 05:30:00+00:00,1.17698,1.1773349999999998,1.176945,1.17725,0
2026-02-24 05:45:00+00:00,1.177265,1.17807,1.17721,1.17801,0
2026-02-24 21:00:00+00:00,1.17753,1.1777250000000001,1.17743,1.17748,0
2026-02-24 21:15:00+00:00,1.177505,1.1775799999999998,1.177425,1.177565,0
2026-02-24 21:30:00+00:00,1.177575,1.1776200000000001,1.17743,1.177585,0
2026-02-24 21:45:00+00:00,1.177565,1.177575,1.177195,1.17725,0
2026-02-24 23:00:00+00:00,1.17744,1.1774550000000001,1.1772900000000002,1.17736,0
2026-02-24 23:15:00+00:00,1.17739,1.177465,1.177295,1.177465,0
2026-02-24 23:30:00+00:00,1.17748,1.177505,1.1774,1.1774650000000002,0
2026-02-24 23:45:00+00:00,1.1774749999999998,1.1776,1.177375,1.1773950000000002,0
2026-02-25 02:00:00+00:00,1.1778499999999998,1.178455,1.17782,1.17845,0
2026-02-25 02:15:00+00:00,1.178445,1.178505,1.17823,1.178465,0
2026-02-25 02:30:00+00:00,1.1784599999999998,1.17897,1.1783299999999999,1.1789049999999999,0
2026-02-25 02:45:00+00:00,1.1789100000000001,1.1793550000000002,1.178745,1.1792349999999998,0
2026-02-25 05:00:00+00:00,1.179475,1.17983,1.179415,1.179705,0
2026-02-25 05:15:00+00:00,1.1797,1.1798250000000001,1.1796,1.179805,0
2026-02-25 05:30:00+00:00,1.1798000000000002,1.180495,1.17976,1.180465,0
2026-02-25 05:45:00+00:00,1.1804549999999998,1.1805599999999998,1.1800350000000002,1.1801,0
2026-02-25 06:00:00+00:00,1.1801,1.180335,1.1797149999999998,1.1802199999999998,0
2026-02-25 06:15:00+00:00,1.18021,1.1805050000000001,1.180155,1.180445,0
2026-02-25 06:30:00+00:00,1.18046,1.1805599999999998,1.18021,1.18021,0
2026-02-25 06:45:00+00:00,1.1802000000000001,1.1806450000000002,1.18017,1.18055,0
2026-02-25 07:00:00+00:00,1.180545,1.1808049999999999,1.180415,1.1804700000000001,0
2026-02-25 07:15:00+00:00,1.180475,1.18057,1.180045,1.18024,0
2026-02-25 07:30:00+00:00,1.18023,1.180305,1.1799650000000002,1.18019,0
2026-02-25 07:45:00+00:00,1.180175,1.180625,1.179705,1.17972,0
2026-02-25 09:00:00+00:00,1.17899,1.17915,1.178825,1.1788750000000001,0
2026-02-25 09:15:00+00:00,1.178865,1.1791749999999999,1.17865,1.1789,0
2026-02-25 09:30:00+00:00,1.1789100000000001,1.179315,1.17865,1.178655,0
2026-02-25 09:45:00+00:00,1.1786400000000001,1.179015,1.1785649999999999,1.17879,0
2026-02-25 13:00:00+00:00,1.1785999999999999,1.178795,1.1783649999999999,1.178785,0
2026-02-25 13:15:00+00:00,1.17879,1.179015,1.1783000000000001,1.178355,0
2026-02-25 13:30:00+00:00,1.17835,1.17862,1.178035,1.17835,0
2026-02-25 13:45:00+00:00,1.1783350000000001,1.1785700000000001,1.1773,1.177365,0
2026-02-25 14:00:00+00:00,1.1773449999999999,1.17776,1.177305,1.17764,0
2026-02-25 14:15:00+00:00,1.177635,1.1783549999999998,1.1775799999999998,1.1782599999999999,0
2026-02-25 14:30:00+00:00,1.178255,1.178595,1.178075,1.1785649999999999,0
2026-02-25 14:45:00+00:00,1.178575,1.178915,1.17849,1.178625,0
2026-02-25 15:00:00+00:00,1.1786400000000001,1.17999,1.1784750000000002,1.17983,0
2026-02-25 15:15:00+00:00,1.179835,1.1801300000000001,1.1789299999999998,1.17916,0
2026-02-25 15:30:00+00:00,1.17915,1.17969,1.178935,1.179575,0
2026-02-25 15:45:00+00:00,1.1795849999999999,1.1802549999999998,1.1792150000000001,1.1801149999999998,0
2026-02-25 17:00:00+00:00,1.1803949999999999,1.1814,1.180255,1.181165,0
2026-02-25 17:15:00+00:00,1.181225,1.181335,1.180825,1.181015,0
2026-02-25 17:30:00+00:00,1.1810049999999999,1.181435,1.1809349999999998,1.1812550000000002,0
2026-02-25 17:45:00+00:00,1.18125,1.181295,1.18066,1.1807349999999999,0
2026-02-25 19:00:00+00:00,1.180485,1.18094,1.180405,1.180895,0
2026-02-25 19:15:00+00:00,1.18084,1.18084,1.180365,1.1804299999999999,0
2026-02-25 19:30:00+00:00,1.180455,1.18062,1.1802899999999998,1.1805949999999998,0
2026-02-25 19:45:00+00:00,1.180585,1.180765,1.180545,1.180555,0
2026-02-25 20:00:00+00:00,1.18055,1.1807599999999998,1.180535,1.18058,0
2026-02-25 20:15:00+00:00,1.1805750000000002,1.180795,1.1805050000000001,1.180545,0
2026-02-25 20:30:00+00:00,1.18053,1.180875,1.180485,1.18072,0
2026-02-25 20:45:00+00:00,1.18073,1.1808100000000001,1.180485,1.1806,0
2026-02-25 21:00:00+00:00,1.1805949999999998,1.18079,1.18048,1.1804999999999999,0
2026-02-25 21:15:00+00:00,1.18051,1.180575,1.180335,1.180575,0
2026-02-25 21:30:00+00:00,1.18058,1.18113,1.18058,1.181095,0
2026-02-25 21:45:00+00:00,1.1811,1.181295,1.1807949999999998,1.1810399999999999,0
2026-02-26 04:00:00+00:00,1.1817099999999998,1.181765,1.18132,1.18141,0
2026-02-26 04:15:00+00:00,1.18141,1.1815799999999999,1.181305,1.1813449999999999,0
2026-02-26 04:30:00+00:00,1.181335,1.181695,1.181265,1.1816499999999999,0
2026-02-26 04:45:00+00:00,1.1816499999999999,1.181875,1.18146,1.1818300000000002,0
2026-02-26 07:00:00+00:00,1.18186,1.181865,1.180885,1.181285,0
2026-02-26 07:15:00+00:00,1.1812900000000002,1.181715,1.1810800000000001,1.1812200000000002,0
2026-02-26 07:30:00+00:00,1.181225,1.181445,1.18113,1.181365,0
2026-02-26 07:45:00+00:00,1.18136,1.181815,1.181175,1.181575,0
2026-02-26 08:00:00+00:00,1.18159,1.18159,1.180365,1.180685,0
2026-02-26 08:15:00+00:00,1.1806999999999999,1.18084,1.18023,1.1803400000000002,0
2026-02-26 08:30:00+00:00,1.18033,1.1808,1.1802350000000001,1.1807050000000001,0
2026-02-26 08:45:00+00:00,1.180695,1.18078,1.18023,1.18026,0
2026-02-26 17:00:00+00:00,1.1791999999999998,1.179345,1.178735,1.178755,0
2026-02-26 17:15:00+00:00,1.17876,1.1788500000000002,1.177705,1.1777250000000001,0
2026-02-26 17:30:00+00:00,1.177715,1.17804,1.1775250000000002,1.17786,0
2026-02-26 17:45:00+00:00,1.1778499999999998,1.1778499999999998,1.177395,1.1776149999999999,0
2026-02-26 20:00:00+00:00,1.1796950000000002,1.1799300000000001,1.1795849999999999,1.17974,0
2026-02-26 20:15:00+00:00,1.179745,1.17998,1.1796,1.17994,0
2026-02-26 20:30:00+00:00,1.1799499999999998,1.180285,1.17988,1.1802000000000001,0
2026-02-26 20:45:00+00:00,1.1801849999999998,1.18033,1.18008,1.1801249999999999,0
2026-02-26 22:00:00+00:00,1.179715,1.17981,1.17947,1.179675,0
2026-02-26 22:15:00+00:00,1.17974,1.179935,1.1795900000000001,1.179865,0
2026-02-26 22:30:00+00:00,1.1798199999999999,1.17994,1.179715,1.1798700000000002,0
2026-02-26 22:45:00+00:00,1.1798600000000001,1.179905,1.179715,1.179795,0
2026-02-27 06:00:00+00:00,1.18085,1.18109,1.180765,1.181065,0
2026-02-27 06:15:00+00:00,1.181085,1.1811,1.1804700000000001,1.1805150000000002,0
2026-02-27 06:30:00+00:00,1.18052,1.1806299999999998,1.18022,1.180485,0
2026-02-27 06:45:00+00:00,1.18052,1.1806800000000002,1.180375,1.18044,0
2026-02-27 09:00:00+00:00,1.1809500000000002,1.181155,1.18041,1.180415,0
2026-02-27 09:15:00+00:00,1.1804000000000001,1.180835,1.18039,1.18073,0
2026-02-27 09:30:00+00:00,1.180725,1.1809349999999998,1.1801849999999998,1.1803750000000002,0
2026-02-27 09:45:00+00:00,1.180385,1.180475,1.179295,1.179525,0
2026-02-27 10:00:00+00:00,1.179545,1.179775,1.1794850000000001,1.17969,0
2026-02-27 10:15:00+00:00,1.179685,1.180375,1.1796099999999998,1.18031,0
2026-02-27 10:30:00+00:00,1.1803050000000002,1.18036,1.179985,1.18025,0
2026-02-27 10:45:00+00:00,1.180245,1.180285,1.17978,1.1798799999999998,0
2026-02-27 13:00:00+00:00,1.1802549999999998,1.1806649999999999,1.17994,1.180345,0
2026-02-27 13:15:00+00:00,1.18035,1.18055,1.180115,1.1802899999999998,0
2026-02-27 13:30:00+00:00,1.1803149999999998,1.180345,1.17913,1.1795300000000002,0
2026-02-27 13:45:00+00:00,1.17956,1.179745,1.1790500000000002,1.1792699999999998,0
2026-02-27 14:00:00+00:00,1.1792799999999999,1.180085,1.17909,1.17998,0
2026-02-27 14:15:00+00:00,1.17999,1.1804350000000001,1.1798950000000001,1.18018,0
2026-02-27 14:30:00+00:00,1.180175,1.181555,1.18006,1.1813349999999998,0
2026-02-27 14:45:00+00:00,1.18133,1.18133,1.17956,1.1797149999999998,0
2026-02-27 17:00:00+00:00,1.1822,1.18269,1.1819549999999999,1.18204,0
2026-02-27 17:15:00+00:00,1.1820300000000001,1.18213,1.1817199999999999,1.18194,0
2026-02-27 17:30:00+00:00,1.18193,1.1824249999999998,1.181825,1.1821700000000002,0
2026-02-27 17:45:00+00:00,1.18216,1.1821700000000002,1.181565,1.18166,0
2026-03-01 22:00:00+00:00,1.177515,1.177515,1.176565,1.176565,0
2026-03-01 22:15:00+00:00,1.17656,1.17659,1.17585,1.1762299999999999,0
2026-03-01 22:30:00+00:00,1.176225,1.177435,1.176225,1.1774149999999999,0
2026-03-01 22:45:00+00:00,1.1774,1.177875,1.17733,1.17776,0
2026-03-02 01:00:00+00:00,1.1777350000000002,1.1789450000000001,1.17753,1.178775,0
2026-03-02 01:15:00+00:00,1.178735,1.1789,1.1780849999999998,1.178505,0
2026-03-02 01:30:00+00:00,1.1784949999999998,1.1794449999999999,1.178345,1.179095,0
2026-03-02 01:45:00+00:00,1.17911,1.179275,1.1787999999999998,1.1792,0
2026-03-02 05:00:00+00:00,1.1786400000000001,1.1786400000000001,1.177565,1.177565,0
2026-03-02 05:15:00+00:00,1.177585,1.1777350000000002,1.177435,1.177565,0
2026-03-02 05:30:00+00:00,1.17755,1.1779199999999999,1.17736,1.1773850000000001,0
2026-03-02 05:45:00+00:00,1.1773500000000001,1.1774,1.17662,1.176625,0
2026-03-02 10:00:00+00:00,1.1733,1.173975,1.173295,1.173515,0
2026-03-02 10:15:00+00:00,1.173505,1.174725,1.17346,1.17455,0
2026-03-02 10:30:00+00:00,1.174555,1.17469,1.17401,1.17456,0
2026-03-02 10:45:00+00:00,1.1745649999999999,1.174625,1.1735250000000002,1.1738650000000002,0
2026-03-02 11:00:00+00:00,1.1738650000000002,1.1739899999999999,1.1732200000000002,1.1734,0
2026-03-02 11:15:00+00:00,1.17341,1.17343,1.17271,1.17273,0
2026-03-02 11:30:00+00:00,1.17272,1.1734399999999998,1.1726299999999998,1.1733850000000001,0
2026-03-02 11:45:00+00:00,1.173395,1.174125,1.1732,1.17333,0
2026-03-02 15:00:00+00:00,1.171685,1.1717,1.170615,1.17063,0
2026-03-02 15:15:00+00:00,1.170625,1.1707049999999999,1.170115,1.170215,0
2026-03-02 15:30:00+00:00,1.17022,1.1705450000000002,1.169235,1.16961,0
2026-03-02 15:45:00+00:00,1.1696,1.16962,1.16799,1.16801,0
2026-03-02 20:00:00+00:00,1.171135,1.1713200000000001,1.16794,1.1680199999999998,0
2026-03-02 20:15:00+00:00,1.168015,1.1689850000000002,1.1678600000000001,1.168115,0
2026-03-02 20:30:00+00:00,1.1681249999999999,1.16923,1.1678950000000001,1.1691850000000001,0
2026-03-02 20:45:00+00:00,1.1691850000000001,1.169285,1.1686,1.169015,0
2026-03-03 00:00:00+00:00,1.169475,1.1694849999999999,1.168885,1.169015,0
2026-03-03 00:15:00+00:00,1.1689850000000002,1.1692749999999998,1.168835,1.1691349999999998,0
2026-03-03 00:30:00+00:00,1.1691449999999999,1.1691850000000001,1.16865,1.1690450000000001,0
2026-03-03 00:45:00+00:00,1.169055,1.169575,1.169055,1.16954,0
2026-03-03 04:00:00+00:00,1.1690450000000001,1.169355,1.168825,1.168905,0
2026-03-03 04:15:00+00:00,1.1688999999999998,1.16932,1.168765,1.16903,0
2026-03-03 04:30:00+00:00,1.169035,1.1691449999999999,1.168625,1.1686450000000002,0
2026-03-03 04:45:00+00:00,1.168655,1.16869,1.167935,1.16812,0
2026-03-03 05:00:00+00:00,1.1681149999999998,1.168495,1.1678899999999999,1.167945,0
2026-03-03 05:15:00+00:00,1.1679650000000001,1.168215,1.16757,1.16803,0
2026-03-03 05:30:00+00:00,1.1680350000000002,1.168155,1.1667,1.1669399999999999,0
2026-03-03 05:45:00+00:00,1.166935,1.1670250000000002,1.166515,1.16666,0
2026-03-03 09:00:00+00:00,1.16229,1.1629049999999999,1.1619950000000001,1.1628500000000002,0
2026-03-03 09:15:00+00:00,1.162845,1.1628850000000002,1.1611850000000001,1.161595,0
2026-03-03 09:30:00+00:00,1.161585,1.1617000000000002,1.160595,1.160625,0
2026-03-03 09:45:00+00:00,1.16064,1.160855,1.15984,1.160545,0
2026-03-03 14:00:00+00:00,1.1590500000000001,1.1599499999999998,1.158385,1.1585,0
2026-03-03 14:15:00+00:00,1.158505,1.158585,1.15673,1.15755,0
2026-03-03 14:30:00+00:00,1.15754,1.15856,1.156985,1.157165,0
2026-03-03 14:45:00+00:00,1.1571799999999999,1.157915,1.156495,1.156745,0
2026-03-03 17:00:00+00:00,1.1603400000000001,1.160355,1.158855,1.1591,0
2026-03-03 17:15:00+00:00,1.15911,1.15992,1.1586850000000002,1.15976,0
2026-03-03 17:30:00+00:00,1.15977,1.159865,1.15884,1.1594,0
2026-03-03 17:45:00+00:00,1.1594099999999998,1.160295,1.1588699999999998,1.1590500000000001,0
2026-03-04 09:00:00+00:00,1.15995,1.1608399999999999,1.1592250000000002,1.16071,0
2026-03-04 09:15:00+00:00,1.160715,1.161835,1.16069,1.161425,0
2026-03-04 09:30:00+00:00,1.16141,1.16174,1.16121,1.1614550000000001,0
2026-03-04 09:45:00+00:00,1.16147,1.162,1.1606649999999998,1.1608800000000001,0
2026-03-04 23:00:00+00:00,1.163485,1.163955,1.16345,1.163585,0
2026-03-04 23:15:00+00:00,1.163605,1.16368,1.16355,1.1636549999999999,0
2026-03-04 23:30:00+00:00,1.16365,1.16369,1.1633749999999998,1.163525,0
2026-03-04 23:45:00+00:00,1.16352,1.163615,1.16341,1.163485,0
2026-03-05 14:00:00+00:00,1.159745,1.1608900000000002,1.159635,1.160025,0
2026-03-05 14:15:00+00:00,1.16003,1.16035,1.15974,1.1600549999999998,0
2026-03-05 14:30:00+00:00,1.160045,1.16076,1.1593399999999998,1.159505,0
2026-03-05 14:45:00+00:00,1.15952,1.1606100000000001,1.15924,1.16028,0
2026-03-06 02:00:00+00:00,1.1615,1.16195,1.1614200000000001,1.1617449999999998,0
2026-03-06 02:15:00+00:00,1.16175,1.1620599999999999,1.161745,1.16191,0
2026-03-06 02:30:00+00:00,1.1619000000000002,1.1620249999999999,1.16162,1.161805,0
2026-03-06 02:45:00+00:00,1.1618,1.161915,1.16153,1.1616499999999998,0
2026-03-06 16:00:00+00:00,1.1579549999999998,1.160005,1.1579000000000002,1.1589749999999999,0
2026-03-06 16:15:00+00:00,1.158985,1.1606999999999998,1.15893,1.159725,0
2026-03-06 16:30:00+00:00,1.159725,1.160935,1.1594600000000002,1.16087,0
2026-03-06 16:45:00+00:00,1.160865,1.1613,1.1600700000000002,1.16056,0
2026-03-09 04:00:00+00:00,1.151685,1.1525699999999999,1.151595,1.152285,0
2026-03-09 04:15:00+00:00,1.1522800000000002,1.15252,1.1520299999999999,1.1522549999999998,0
2026-03-09 04:30:00+00:00,1.1522450000000002,1.15293,1.1521249999999998,1.152855,0
2026-03-09 04:45:00+00:00,1.1528450000000001,1.15296,1.152455,1.152585,0
2026-03-09 21:00:00+00:00,1.1635849999999999,1.163595,1.16322,1.16351,0
2026-03-09 21:15:00+00:00,1.16352,1.1635499999999999,1.16345,1.163485,0
2026-03-09 21:30:00+00:00,1.1634799999999998,1.1635499999999999,1.163385,1.163465,0
2026-03-09 21:45:00+00:00,1.16347,1.16374,1.1633749999999998,1.16374,0
2026-03-10 11:00:00+00:00,1.1639650000000001,1.165305,1.1638549999999999,1.164515,0
2026-03-10 11:15:00+00:00,1.16453,1.1647699999999999,1.16398,1.1644,0
2026-03-10 11:30:00+00:00,1.164405,1.1645150000000002,1.1637849999999998,1.16433,0
2026-03-10 11:45:00+00:00,1.1643249999999998,1.16478,1.163635,1.1638600000000001,0
2026-03-11 01:00:00+00:00,1.1617950000000001,1.16204,1.1612399999999998,1.161855,0
2026-03-11 01:15:00+00:00,1.1618650000000001,1.16257,1.16168,1.162515,0
2026-03-11 01:30:00+00:00,1.162505,1.16256,1.16212,1.16245,0
2026-03-11 01:45:00+00:00,1.162455,1.16281,1.16238,1.1626949999999998,0
2026-03-13 11:00:00+00:00,1.145835,1.14688,1.145575,1.145625,0
2026-03-13 11:15:00+00:00,1.14564,1.146925,1.14554,1.1465999999999998,0
2026-03-13 11:30:00+00:00,1.14661,1.1470850000000001,1.1458300000000001,1.146535,0
2026-03-13 11:45:00+00:00,1.14654,1.14707,1.14652,1.146845,0
2026-03-15 23:00:00+00:00,1.143005,1.1434350000000002,1.1426,1.143215,0
2026-03-15 23:15:00+00:00,1.14323,1.1433049999999998,1.14266,1.142855,0
2026-03-15 23:30:00+00:00,1.14286,1.143285,1.14261,1.143245,0
2026-03-15 23:45:00+00:00,1.14324,1.143575,1.14324,1.143545,0
2026-03-16 09:00:00+00:00,1.144485,1.1447150000000001,1.1441,1.1446299999999998,0
2026-03-16 09:15:00+00:00,1.14462,1.144925,1.1445150000000002,1.144745,0
2026-03-16 09:30:00+00:00,1.14474,1.144795,1.1443050000000001,1.14478,0
2026-03-16 09:45:00+00:00,1.1447850000000002,1.1452650000000002,1.14478,1.14501,0
2026-03-16 14:00:00+00:00,1.15002,1.15022,1.149375,1.1501700000000001,0
2026-03-16 14:15:00+00:00,1.150175,1.150185,1.1492300000000002,1.14953,0
2026-03-16 14:30:00+00:00,1.14954,1.149545,1.1483349999999999,1.148385,0
2026-03-16 14:45:00+00:00,1.1483750000000001,1.149,1.14804,1.1488800000000001,0
2026-03-17 00:00:00+00:00,1.149855,1.149855,1.14921,1.149265,0
2026-03-17 00:15:00+00:00,1.14926,1.149445,1.1489349999999998,1.149015,0
2026-03-17 00:30:00+00:00,1.149035,1.149335,1.149,1.14912,0
2026-03-17 00:45:00+00:00,1.14913,1.149425,1.148925,1.14926,0
2026-03-19 14:00:00+00:00,1.15177,1.15283,1.1513550000000001,1.15138,0
2026-03-19 14:15:00+00:00,1.151375,1.1517249999999999,1.15008,1.1504500000000002,0
2026-03-19 14:30:00+00:00,1.1504349999999999,1.1520000000000001,1.150235,1.15138,0
2026-03-19 14:45:00+00:00,1.1513900000000001,1.15219,1.151215,1.15165,0
2026-03-20 02:00:00+00:00,1.1565249999999998,1.1568100000000001,1.1562649999999999,1.15658,0
2026-03-20 02:15:00+00:00,1.1565850000000002,1.156625,1.1564,1.156455,0
2026-03-20 02:30:00+00:00,1.1564649999999999,1.15671,1.15618,1.1562450000000002,0
2026-03-20 02:45:00+00:00,1.15626,1.1565699999999999,1.156215,1.1563750000000002,0
2026-03-20 15:00:00+00:00,1.153495,1.1548500000000002,1.1534900000000001,1.1547649999999998,0
2026-03-20 15:15:00+00:00,1.15476,1.15578,1.1540300000000001,1.154605,0
2026-03-20 15:30:00+00:00,1.154605,1.15536,1.154245,1.15459,0
2026-03-20 15:45:00+00:00,1.154585,1.15491,1.1538050000000002,1.154215,0
2026-03-23 04:00:00+00:00,1.154725,1.1550850000000001,1.15464,1.154945,0
2026-03-23 04:15:00+00:00,1.1549399999999999,1.1551550000000002,1.15483,1.15484,0
2026-03-23 04:30:00+00:00,1.1548349999999998,1.154945,1.154585,1.154735,0
2026-03-23 04:45:00+00:00,1.1547399999999999,1.155075,1.154655,1.15506,0
2026-03-23 16:00:00+00:00,1.1585999999999999,1.15922,1.157765,1.158585,0
2026-03-23 16:15:00+00:00,1.158555,1.15856,1.15766,1.15787,0
2026-03-23 16:30:00+00:00,1.1578650000000001,1.159375,1.1577950000000001,1.15934,0
2026-03-23 16:45:00+00:00,1.1593200000000001,1.160075,1.1587450000000001,1.15911,0
2026-03-24 04:00:00+00:00,1.158325,1.1583450000000002,1.157765,1.1578650000000001,0
2026-03-24 04:15:00+00:00,1.157855,1.1578650000000001,1.1575799999999998,1.1577199999999999,0
2026-03-24 04:30:00+00:00,1.157715,1.15799,1.157605,1.1579350000000002,0
2026-03-24 04:45:00+00:00,1.15794,1.158285,1.15793,1.15802,0
2026-03-24 15:00:00+00:00,1.158955,1.1595550000000001,1.15845,1.1588500000000002,0
2026-03-24 15:15:00+00:00,1.158875,1.1596350000000002,1.158415,1.15937,0
2026-03-24 15:30:00+00:00,1.1593749999999998,1.159745,1.158655,1.15882,0
2026-03-24 15:45:00+00:00,1.1588150000000002,1.1588150000000002,1.1576,1.157785,0
2026-03-25 04:00:00+00:00,1.1603750000000002,1.16038,1.15981,1.1600350000000001,0
2026-03-25 04:15:00+00:00,1.16003,1.160415,1.159975,1.1602700000000001,0
2026-03-25 04:30:00+00:00,1.160255,1.16039,1.1598950000000001,1.159915,0
2026-03-25 04:45:00+00:00,1.159905,1.159935,1.159735,1.159795,0
2026-03-25 22:00:00+00:00,1.1560000000000001,1.1561,1.1557849999999998,1.1557849999999998,0
2026-03-25 22:15:00+00:00,1.155765,1.15583,1.1556000000000002,1.15583,0
2026-03-25 22:30:00+00:00,1.155835,1.156215,1.15582,1.156205,0
2026-03-25 22:45:00+00:00,1.15621,1.15626,1.156,1.15604,0
2026-03-26 10:00:00+00:00,1.1559599999999999,1.15651,1.15563,1.15631,0
2026-03-26 10:15:00+00:00,1.1563050000000001,1.15646,1.15612,1.15617,0
2026-03-26 10:30:00+00:00,1.156155,1.1563750000000002,1.1558549999999999,1.1558950000000001,0
2026-03-26 10:45:00+00:00,1.1558899999999999,1.1560549999999998,1.15545,1.15572,0
2026-03-26 22:00:00+00:00,1.15337,1.15405,1.1532049999999998,1.15365,0
2026-03-26 22:15:00+00:00,1.15366,1.153855,1.15355,1.15363,0
2026-03-26 22:30:00+00:00,1.15362,1.15391,1.1535950000000001,1.1539000000000001,0
2026-03-26 22:45:00+00:00,1.15389,1.153965,1.153815,1.15384,0
2026-03-27 17:00:00+00:00,1.1519,1.152905,1.1514199999999999,1.15149,0
2026-03-27 17:15:00+00:00,1.1515,1.151535,1.150935,1.15094,0
2026-03-27 17:30:00+00:00,1.150945,1.15099,1.15064,1.150895,0
2026-03-27 17:45:00+00:00,1.1509,1.151465,1.1508500000000002,1.1512449999999999,0
2026-03-29 23:00:00+00:00,1.148855,1.149405,1.148855,1.1489349999999998,0
2026-03-29 23:15:00+00:00,1.148925,1.1494499999999999,1.148925,1.149245,0
2026-03-29 23:30:00+00:00,1.149235,1.1493600000000002,1.149,1.149065,0
2026-03-29 23:45:00+00:00,1.1490749999999998,1.1492049999999998,1.148755,1.149175,0
2026-03-30 09:00:00+00:00,1.14962,1.14982,1.1487500000000002,1.148765,0
2026-03-30 09:15:00+00:00,1.14876,1.149445,1.148395,1.1489150000000001,0
2026-03-30 09:30:00+00:00,1.1489099999999999,1.14947,1.148455,1.14942,0
2026-03-30 09:45:00+00:00,1.149415,1.149675,1.14926,1.149445,0
2026-03-30 22:00:00+00:00,1.1463,1.146575,1.1462249999999998,1.1462750000000002,0
2026-03-30 22:15:00+00:00,1.14629,1.1464400000000001,1.1461649999999999,1.14629,0
2026-03-30 22:30:00+00:00,1.146295,1.146295,1.1461350000000001,1.14615,0
2026-03-30 22:45:00+00:00,1.146155,1.146225,1.14594,1.145965,0
2026-03-31 09:00:00+00:00,1.14672,1.146895,1.14621,1.14686,0
2026-03-31 09:15:00+00:00,1.146865,1.14733,1.146575,1.1472250000000002,0
2026-03-31 09:30:00+00:00,1.14723,1.147235,1.14672,1.1469049999999998,0
2026-03-31 09:45:00+00:00,1.14691,1.14691,1.146575,1.14683,0
2026-03-31 19:00:00+00:00,1.15445,1.154655,1.15388,1.1543,0
2026-03-31 19:15:00+00:00,1.154305,1.1545100000000001,1.15415,1.1543,0
2026-03-31 19:30:00+00:00,1.154305,1.155495,1.154305,1.15515,0
2026-03-31 19:45:00+00:00,1.15513,1.15598,1.1551,1.1559149999999998,0
2026-04-01 11:00:00+00:00,1.15999,1.1605699999999999,1.15981,1.1605500000000002,0
2026-04-01 11:15:00+00:00,1.16056,1.1605699999999999,1.15983,1.1599400000000002,0
2026-04-01 11:30:00+00:00,1.1599599999999999,1.160295,1.159795,1.16025,0
2026-04-01 11:45:00+00:00,1.1602549999999998,1.161,1.160225,1.160745,0
2026-04-01 22:00:00+00:00,1.1590500000000001,1.159345,1.15899,1.159225,0
2026-04-01 22:15:00+00:00,1.159205,1.159375,1.159085,1.159355,0
2026-04-01 22:30:00+00:00,1.15934,1.15934,1.15911,1.1592500000000001,0
2026-04-01 22:45:00+00:00,1.159255,1.159435,1.159025,1.159105,0
2026-04-02 09:00:00+00:00,1.152545,1.15278,1.1523400000000001,1.152385,0
2026-04-02 09:15:00+00:00,1.1523750000000001,1.15286,1.152175,1.152675,0
2026-04-02 09:30:00+00:00,1.152665,1.15319,1.15259,1.1526399999999999,0
2026-04-02 09:45:00+00:00,1.152635,1.1528399999999999,1.15237,1.1526299999999998,0
2026-04-02 20:00:00+00:00,1.15346,1.153735,1.1532200000000001,1.1537199999999999,0
2026-04-02 20:15:00+00:00,1.1537350000000002,1.1538400000000002,1.15367,1.1538,0
2026-04-02 20:30:00+00:00,1.1537950000000001,1.1538400000000002,1.1536499999999998,1.1537000000000002,0
2026-04-02 20:45:00+00:00,1.153705,1.1539700000000002,1.153695,1.15387,0
2026-04-03 10:00:00+00:00,1.15432,1.154445,1.1542599999999998,1.1544050000000001,0
2026-04-03 10:15:00+00:00,1.1544150000000002,1.15452,1.1542949999999998,1.1544750000000001,0
2026-04-03 10:30:00+00:00,1.1544699999999999,1.1544750000000001,1.1542,1.15423,0
2026-04-03 10:45:00+00:00,1.154235,1.154925,1.154235,1.154495,0
2026-04-06 18:00:00+00:00,1.15414,1.155125,1.153965,1.15483,0
2026-04-06 18:15:00+00:00,1.154825,1.155265,1.154795,1.1550500000000001,0
2026-04-06 18:30:00+00:00,1.155055,1.1552,1.15445,1.1544750000000001,0
2026-04-06 18:45:00+00:00,1.154485,1.1546850000000002,1.15438,1.154575,0
2026-04-07 18:00:00+00:00,1.1577549999999999,1.157965,1.157705,1.157945,0
2026-04-07 18:15:00+00:00,1.15794,1.15832,1.15784,1.15822,0
2026-04-07 18:30:00+00:00,1.15821,1.158295,1.15768,1.15777,0
2026-04-07 18:45:00+00:00,1.157775,1.157775,1.15714,1.15748,0
2026-04-08 09:00:00+00:00,1.16812,1.1687500000000002,1.16801,1.16846,0
2026-04-08 09:15:00+00:00,1.16846,1.16894,1.1679400000000002,1.1682299999999999,0
2026-04-08 09:30:00+00:00,1.1682450000000002,1.1685750000000001,1.1678199999999999,1.1678549999999999,0
2026-04-08 09:45:00+00:00,1.1678549999999999,1.16865,1.1678000000000002,1.1679599999999999,0
2026-04-09 14:00:00+00:00,1.16818,1.1687699999999999,1.1680549999999998,1.16845,0
2026-04-09 14:15:00+00:00,1.168445,1.1688200000000002,1.168065,1.168635,0
2026-04-09 14:30:00+00:00,1.1686299999999998,1.1686299999999998,1.16743,1.1675849999999999,0
2026-04-09 14:45:00+00:00,1.16757,1.16852,1.16744,1.1684700000000001,0
2026-04-13 06:00:00+00:00,1.1688049999999999,1.169495,1.1687699999999999,1.1688999999999998,0
2026-04-13 06:15:00+00:00,1.16892,1.16921,1.168755,1.1688800000000001,0
2026-04-13 06:30:00+00:00,1.16889,1.16906,1.167815,1.1679249999999999,0
2026-04-13 06:45:00+00:00,1.1679300000000001,1.16862,1.167795,1.168555,0
2026-04-13 21:00:00+00:00,1.1758899999999999,1.1759,1.1755149999999999,1.175595,0
2026-04-13 21:15:00+00:00,1.1756199999999999,1.175995,1.1756199999999999,1.17597,0
2026-04-13 21:30:00+00:00,1.17596,1.17601,1.17574,1.175755,0
2026-04-13 21:45:00+00:00,1.175745,1.1759,1.17546,1.17583,0
2026-04-14 05:00:00+00:00,1.1766649999999998,1.17696,1.1764700000000001,1.1765349999999999,0
2026-04-14 05:15:00+00:00,1.176555,1.176585,1.17606,1.176145,0
2026-04-14 05:30:00+00:00,1.1761300000000001,1.17659,1.175955,1.17659,0
2026-04-14 05:45:00+00:00,1.176585,1.176635,1.17628,1.17644,0
2026-04-14 17:00:00+00:00,1.1794,1.179565,1.179195,1.17949,0
2026-04-14 17:15:00+00:00,1.179495,1.17996,1.1794600000000002,1.1798000000000002,0
2026-04-14 17:30:00+00:00,1.1798199999999999,1.17994,1.1795399999999998,1.179885,0
2026-04-14 17:45:00+00:00,1.179875,1.17992,1.179475,1.1795749999999998,0
2026-04-15 08:00:00+00:00,1.178575,1.179055,1.178535,1.17901,0
2026-04-15 08:15:00+00:00,1.179015,1.179545,1.17899,1.1791999999999998,0
2026-04-15 08:30:00+00:00,1.179195,1.179195,1.178735,1.17895,0
2026-04-15 08:45:00+00:00,1.1789450000000001,1.179045,1.178615,1.1789399999999999,0
2026-04-15 19:00:00+00:00,1.180035,1.18049,1.179875,1.17996,0
2026-04-15 19:15:00+00:00,1.179955,1.180145,1.1798600000000001,1.180105,0
2026-04-15 19:30:00+00:00,1.1800950000000001,1.18032,1.180075,1.1801599999999999,0
2026-04-15 19:45:00+00:00,1.1801650000000001,1.180285,1.179975,1.17999,0
2026-04-16 06:00:00+00:00,1.18045,1.180695,1.18005,1.180155,0
2026-04-16 06:15:00+00:00,1.1801499999999998,1.1802000000000001,1.179505,1.1797300000000002,0
2026-04-16 06:30:00+00:00,1.179745,1.1798700000000002,1.17935,1.1798549999999999,0
2026-04-16 06:45:00+00:00,1.1798700000000002,1.18055,1.179755,1.18033,0
2026-04-16 19:00:00+00:00,1.17797,1.178315,1.17797,1.17811,0
2026-04-16 19:15:00+00:00,1.1781199999999998,1.1784599999999998,1.1780599999999999,1.17835,0
2026-04-16 19:30:00+00:00,1.1783649999999999,1.17858,1.178255,1.1782599999999999,0
2026-04-16 19:45:00+00:00,1.1782650000000001,1.178315,1.17808,1.1781199999999998,0
2026-04-17 08:00:00+00:00,1.17825,1.17842,1.178135,1.178255,0
2026-04-17 08:15:00+00:00,1.1782599999999999,1.17841,1.178085,1.17838,0
2026-04-17 08:30:00+00:00,1.1784,1.179145,1.1782599999999999,1.17913,0
2026-04-17 08:45:00+00:00,1.1791200000000002,1.17956,1.179005,1.1794,0
2026-04-17 18:00:00+00:00,1.17956,1.1796,1.1789299999999998,1.1789649999999998,0
2026-04-17 18:15:00+00:00,1.1789800000000001,1.17976,1.1789800000000001,1.179135,0
2026-04-17 18:30:00+00:00,1.1791550000000002,1.17937,1.17845,1.1786699999999999,0
2026-04-17 18:45:00+00:00,1.1786750000000001,1.1787299999999998,1.177425,1.17798,0
