Datetime,Open,High,Low,Close,Volume,Dividends,Stock Splits
2026-01-27 00:00:00+00:00,1.9777799844741821,1.9785100221633911,1.9776999950408936,1.9781399965286255,0,0.0,0.0
2026-01-27 00:15:00+00:00,1.9779800176620483,1.9785900115966797,1.9778499603271484,1.9780399799346924,0,0.0,0.0
2026-01-27 00:30:00+00:00,1.9782500267028809,1.9787299633026123,1.9777899980545044,1.9784400463104248,0,0.0,0.0
2026-01-27 00:45:00+00:00,1.9784899950027466,1.9794100522994995,1.9783899784088135,1.9792399406433105,0,0.0,0.0
2026-01-27 01:00:00+00:00,1.9791100025177002,1.9793699979782104,1.978279948234558,1.9785100221633911,0,0.0,0.0
2026-01-27 01:15:00+00:00,1.9785399436950684,1.9788800477981567,1.9781099557876587,1.9783899784088135,0,0.0,0.0
2026-01-27 01:30:00+00:00,1.9783600568771362,1.9785000085830688,1.977489948272705,1.978060007095337,0,0.0,0.0
2026-01-27 01:45:00+00:00,1.9779499769210815,1.9784499406814575,1.9771100282669067,1.97747004032135,0,0.0,0.0
2026-01-27 02:00:00+00:00,1.9773900508880615,1.977679967880249,1.9769200086593628,1.977139949798584,0,0.0,0.0
2026-01-27 02:15:00+00:00,1.9770400524139404,1.9777599573135376,1.9763799905776978,1.977329969406128,0,0.0,0.0
2026-01-27 02:30:00+00:00,1.9773399829864502,1.9781099557876587,1.977139949798584,1.9773199558258057,0,0.0,0.0
2026-01-27 02:45:00+00:00,1.9773099422454834,1.978410005569458,1.977120041847229,1.9783799648284912,0,0.0,0.0
2026-01-27 03:00:00+00:00,1.9782500267028809,1.9793299436569214,1.9779399633407593,1.9788800477981567,0,0.0,0.0
2026-01-27 03:15:00+00:00,1.9788399934768677,1.980329990386963,1.9786800146102905,1.9800699949264526,0,0.0,0.0
2026-01-27 03:30:00+00:00,1.9800699949264526,1.9808299541473389,1.9787100553512573,1.978760004043579,0,0.0,0.0
2026-01-27 03:45:00+00:00,1.9788999557495117,1.9794600009918213,1.9781500101089478,1.9785200357437134,0,0.0,0.0
2026-01-27 04:00:00+00:00,1.9783999919891357,1.9791500568389893,1.9779599905014038,1.978219985961914,0,0.0,0.0
2026-01-27 04:15:00+00:00,1.9781999588012695,1.9800399541854858,1.9776400327682495,1.9788000583648682,0,0.0,0.0
2026-01-27 04:30:00+00:00,1.9788199663162231,1.9791699647903442,1.9781800508499146,1.978350043296814,0,0.0,0.0
2026-01-27 04:45:00+00:00,1.978309988975525,1.9786700010299683,1.9779399633407593,1.9784300327301025,0,0.0,0.0
2026-01-27 05:00:00+00:00,1.9783300161361694,1.9789799451828003,1.9780299663543701,1.978760004043579,0,0.0,0.0
2026-01-27 05:15:00+00:00,1.9786800146102905,1.979640007019043,1.9786800146102905,1.979099988937378,0,0.0,0.0
2026-01-27 05:30:00+00:00,1.9790899753570557,1.9793399572372437,1.978659987449646,1.9789700508117676,0,0.0,0.0
2026-01-27 05:45:00+00:00,1.9789400100708008,1.9791500568389893,1.978369951248169,1.9785300493240356,0,0.0,0.0
2026-01-27 06:00:00+00:00,1.9784499406814575,1.979009985923767,1.97816002368927,1.9785399436950684,0,0.0,0.0
2026-01-27 06:15:00+00:00,1.9786299467086792,1.9793699979782104,1.978119969367981,1.9788700342178345,0,0.0,0.0
2026-01-27 06:30:00+00:00,1.9790300130844116,1.979449987411499,1.978369951248169,1.9786200523376465,0,0.0,0.0
2026-01-27 06:45:00+00:00,1.9785699844360352,1.9788700342178345,1.9777699708938599,1.9778900146484375,0,0.0,0.0
2026-01-27 07:00:00+00:00,1.9778000116348267,1.9787299633026123,1.9774399995803833,1.9780700206756592,0,0.0,0.0
2026-01-27 07:15:00+00:00,1.9779900312423706,1.9785300493240356,1.9769799709320068,1.9770599603652954,0,0.0,0.0
2026-01-27 07:30:00+00:00,1.9770599603652954,1.9779800176620483,1.9768799543380737,1.9774199724197388,0,0.0,0.0
2026-01-27 07:45:00+00:00,1.9774999618530273,1.9780299663543701,1.9767800569534302,1.9773099422454834,0,0.0,0.0
2026-01-27 08:00:00+00:00,1.9771599769592285,1.9789799451828003,1.97707998752594,1.9783799648284912,0,0.0,0.0
2026-01-27 08:15:00+00:00,1.9784300327301025,1.9792399406433105,1.9779900312423706,1.9791100025177002,0,0.0,0.0
2026-01-27 08:30:00+00:00,1.9790199995040894,1.9802700281143188,1.9787800312042236,1.979509949684143,0,0.0,0.0
2026-01-27 08:45:00+00:00,1.9794800281524658,1.9796199798583984,1.97885000705719,1.9790699481964111,0,0.0,0.0
2026-01-27 09:00:00+00:00,1.9790699481964111,1.9792900085449219,1.977429986000061,1.9777400493621826,0,0.0,0.0
2026-01-27 09:15:00+00:00,1.9776300191879272,1.9787700176239014,1.9774099588394165,1.9781700372695923,0,0.0,0.0
2026-01-27 09:30:00+00:00,1.978119969367981,1.9787399768829346,1.9774600267410278,1.9775300025939941,0,0.0,0.0
2026-01-27 09:45:00+00:00,1.9774600267410278,1.9779399633407593,1.9759700298309326,1.9773600101470947,0,0.0,0.0
2026-01-27 10:00:00+00:00,1.9772499799728394,1.977560043334961,1.976430058479309,1.9771599769592285,0,0.0,0.0
2026-01-27 10:15:00+00:00,1.977020025253296,1.9777400493621826,1.976989984512329,1.9772499799728394,0,0.0,0.0
2026-01-27 10:30:00+00:00,1.9772100448608398,1.9776500463485718,1.976289987564087,1.9766199588775635,0,0.0,0.0
2026-01-27 10:45:00+00:00,1.976580023765564,1.9780299663543701,1.9764100313186646,1.9778800010681152,0,0.0,0.0
2026-01-27 11:00:00+00:00,1.9778800010681152,1.9782500267028809,1.977139949798584,1.977489948272705,0,0.0,0.0
2026-01-27 11:15:00+00:00,1.9774600267410278,1.9778000116348267,1.9768400192260742,1.977679967880249,0,0.0,0.0
2026-01-27 11:30:00+00:00,1.9777100086212158,1.9785200357437134,1.9773499965667725,1.9778900146484375,0,0.0,0.0
2026-01-27 11:45:00+00:00,1.9778900146484375,1.9781999588012695,1.9774399995803833,1.9778900146484375,0,0.0,0.0
2026-01-27 12:00:00+00:00,1.9779399633407593,1.9779499769210815,1.9771599769592285,1.9772100448608398,0,0.0,0.0
2026-01-27 12:15:00+00:00,1.9772299528121948,1.9786100387573242,1.9770599603652954,1.977679967880249,0,0.0,0.0
2026-01-27 12:30:00+00:00,1.9778399467468262,1.9779399633407593,1.9766199588775635,1.9772800207138062,0,0.0,0.0
2026-01-27 12:45:00+00:00,1.977370023727417,1.978469967842102,1.977020025253296,1.9780199527740479,0,0.0,0.0
2026-01-27 13:00:00+00:00,1.9780199527740479,1.9784499406814575,1.9766299724578857,1.9774399995803833,0,0.0,0.0
2026-01-27 13:15:00+00:00,1.9772700071334839,1.9786900281906128,1.9771599769592285,1.9786299467086792,0,0.0,0.0
2026-01-27 13:30:00+00:00,1.978559970855713,1.9789400100708008,1.9773399829864502,1.977489948272705,0,0.0,0.0
2026-01-27 13:45:00+00:00,1.9776699542999268,1.978350043296814,1.9771900177001953,1.977560043334961,0,0.0,0.0
2026-01-27 14:00:00+00:00,1.9776099920272827,1.9778800010681152,1.9759600162506104,1.9765599966049194,0,0.0,0.0
2026-01-27 14:15:00+00:00,1.9765599966049194,1.9774199724197388,1.9764000177383423,1.9765299558639526,0,0.0,0.0
2026-01-27 14:30:00+00:00,1.9765599966049194,1.9783799648284912,1.9764599800109863,1.977489948272705,0,0.0,0.0
2026-01-27 14:45:00+00:00,1.9774800539016724,1.9789899587631226,1.9774600267410278,1.9784300327301025,0,0.0,0.0
2026-01-27 15:00:00+00:00,1.978219985961914,1.9790400266647339,1.9773900508880615,1.9778300523757935,0,0.0,0.0
2026-01-27 15:15:00+00:00,1.9779200553894043,1.9783400297164917,1.9771300554275513,1.9776500463485718,0,0.0,0.0
2026-01-27 15:30:00+00:00,1.9776899814605713,1.9778800010681152,1.9742799997329712,1.9747099876403809,0,0.0,0.0
2026-01-27 15:45:00+00:00,1.9745800495147705,1.9748599529266357,1.9730900526046753,1.974179983139038,0,0.0,0.0
2026-01-27 16:00:00+00:00,1.974179983139038,1.97475004196167,1.973389983177185,1.973870038986206,0,0.0,0.0
2026-01-27 16:15:00+00:00,1.9738399982452393,1.9742799997329712,1.9730900526046753,1.9736900329589844,0,0.0,0.0
2026-01-27 16:30:00+00:00,1.9737399816513062,1.9754600524902344,1.973580002784729,1.97530996799469,0,0.0,0.0
2026-01-27 16:45:00+00:00,1.97530996799469,1.9754400253295898,1.974370002746582,1.9748799800872803,0,0.0,0.0
2026-01-27 17:00:00+00:00,1.974910020828247,1.975640058517456,1.9742599725723267,1.9746400117874146,0,0.0,0.0
2026-01-27 17:15:00+00:00,1.9747200012207031,1.9747300148010254,1.9736100435256958,1.9740899801254272,0,0.0,0.0
2026-01-27 17:30:00+00:00,1.9741100072860718,1.975600004196167,1.974020004272461,1.9750900268554688,0,0.0,0.0
2026-01-27 17:45:00+00:00,1.9749799966812134,1.9758199453353882,1.9747400283813477,1.9756300449371338,0,0.0,0.0
2026-01-27 18:00:00+00:00,1.9756300449371338,1.976580023765564,1.9749300479888916,1.975119948387146,0,0.0,0.0
2026-01-27 18:15:00+00:00,1.975000023841858,1.9753899574279785,1.974269986152649,1.9743499755859375,0,0.0,0.0
2026-01-27 18:30:00+00:00,1.974310040473938,1.9761099815368652,1.9739999771118164,1.9759299755096436,0,0.0,0.0
2026-01-27 18:45:00+00:00,1.9759399890899658,1.976330041885376,1.974560022354126,1.974679946899414,0,0.0,0.0
2026-01-27 19:00:00+00:00,1.9746299982070923,1.9748300313949585,1.974079966545105,1.9742399454116821,0,0.0,0.0
2026-01-27 19:15:00+00:00,1.9742399454116821,1.9746400117874146,1.9735900163650513,1.974310040473938,0,0.0,0.0
2026-01-27 19:30:00+00:00,1.9743200540542603,1.9747799634933472,1.9742000102996826,1.974560022354126,0,0.0,0.0
2026-01-27 19:45:00+00:00,1.9744900465011597,1.9749900102615356,1.9743200540542603,1.9746099710464478,0,0.0,0.0
2026-01-27 20:00:00+00:00,1.9746400117874146,1.9747899770736694,1.974020004272461,1.9742799997329712,0,0.0,0.0
2026-01-27 20:15:00+00:00,1.9742900133132935,1.9746400117874146,1.9740099906921387,1.974310040473938,0,0.0,0.0
2026-01-27 20:30:00+00:00,1.9743000268936157,1.9748200178146362,1.9733999967575073,1.9743499755859375,0,0.0,0.0
2026-01-27 20:45:00+00:00,1.9743900299072266,1.9783600568771362,1.9740999937057495,1.9747600555419922,0,0.0,0.0
2026-01-27 21:00:00+00:00,1.974869966506958,1.975659966468811,1.9733200073242188,1.9745099544525146,0,0.0,0.0
2026-01-27 21:15:00+00:00,1.9743399620056152,1.9757499694824219,1.9733400344848633,1.9756499528884888,0,0.0,0.0
2026-01-27 21:30:00+00:00,1.9755699634552002,1.976040005683899,1.9747799634933472,1.9751299619674683,0,0.0,0.0
2026-01-27 21:45:00+00:00,1.975000023841858,1.9754899740219116,1.9716999530792236,1.9718600511550903,0,0.0,0.0
2026-01-27 22:00:00+00:00,1.9735000133514404,1.9749300479888916,1.970639944076538,1.972730040550232,0,0.0,0.0
2026-01-27 22:15:00+00:00,1.9726300239562988,1.9745299816131592,1.970810055732727,1.97353994846344,0,0.0,0.0
2026-01-27 22:30:00+00:00,1.97353994846344,1.9754400253295898,1.9726500511169434,1.9735300540924072,0,0.0,0.0
2026-01-27 22:45:00+00:00,1.9735300540924072,1.9757599830627441,1.972100019454956,1.9743000268936157,0,0.0,0.0
2026-01-27 23:00:00+00:00,1.9742300510406494,1.9761899709701538,1.9740999937057495,1.9756499528884888,0,0.0,0.0
2026-01-27 23:15:00+00:00,1.975909948348999,1.9765499830245972,1.975059986114502,1.9755799770355225,0,0.0,0.0
2026-01-27 23:30:00+00:00,1.9757499694824219,1.9759999513626099,1.9751800298690796,1.9758800268173218,0,0.0,0.0
2026-01-27 23:45:00+00:00,1.9758800268173218,1.9766299724578857,1.9754199981689453,1.9757499694824219,0,0.0,0.0
2026-01-28 00:00:00+00:00,1.9760099649429321,1.9767500162124634,1.9753899574279785,1.9755799770355225,0,0.0,0.0
2026-01-28 00:15:00+00:00,1.9756300449371338,1.9761099815368652,1.9745899438858032,1.975659966468811,0,0.0,0.0
2026-01-28 00:30:00+00:00,1.9750200510025024,1.9760299921035767,1.9685100317001343,1.972790002822876,0,0.0,0.0
2026-01-28 00:45:00+00:00,1.972790002822876,1.975659966468811,1.9723299741744995,1.9740099906921387,0,0.0,0.0
2026-01-28 01:00:00+00:00,1.974179983139038,1.9757599830627441,1.9736000299453735,1.974910020828247,0,0.0,0.0
2026-01-28 01:15:00+00:00,1.9751100540161133,1.9762200117111206,1.9739700555801392,1.9750200510025024,0,0.0,0.0
2026-01-28 01:30:00+00:00,1.9749000072479248,1.9758000373840332,1.974329948425293,1.9752399921417236,0,0.0,0.0
2026-01-28 01:45:00+00:00,1.9750399589538574,1.9762099981307983,1.9744499921798706,1.9753899574279785,0,0.0,0.0
2026-01-28 02:00:00+00:00,1.9753600358963013,1.9764399528503418,1.9750100374221802,1.975849986076355,0,0.0,0.0
2026-01-28 02:15:00+00:00,1.9757399559020996,1.9759000539779663,1.9739799499511719,1.9742300510406494,0,0.0,0.0
2026-01-28 02:30:00+00:00,1.9741400480270386,1.9745899438858032,1.9738999605178833,1.974269986152649,0,0.0,0.0
2026-01-28 02:45:00+00:00,1.974269986152649,1.9746700525283813,1.9733999967575073,1.9738399982452393,0,0.0,0.0
2026-01-28 03:00:00+00:00,1.9736700057983398,1.974079966545105,1.9733799695968628,1.9735699892044067,0,0.0,0.0
2026-01-28 03:15:00+00:00,1.973620057106018,1.9742300510406494,1.9731199741363525,1.9737800359725952,0,0.0,0.0
2026-01-28 03:30:00+00:00,1.9737000465393066,1.9745500087738037,1.9733999967575073,1.9737499952316284,0,0.0,0.0
2026-01-28 03:45:00+00:00,1.9737499952316284,1.9741599559783936,1.9729100465774536,1.97406005859375,0,0.0,0.0
2026-01-28 04:00:00+00:00,1.9739999771118164,1.9751700162887573,1.9739799499511719,1.9751100540161133,0,0.0,0.0
2026-01-28 04:15:00+00:00,1.9749900102615356,1.9751299619674683,1.97393000125885,1.9742000102996826,0,0.0,0.0
2026-01-28 04:30:00+00:00,1.9742000102996826,1.9747600555419922,1.974079966545105,1.9743000268936157,0,0.0,0.0
2026-01-28 04:45:00+00:00,1.9741899967193604,1.9745500087738037,1.973140001296997,1.973270058631897,0,0.0,0.0
2026-01-28 05:00:00+00:00,1.9731500148773193,1.9738399982452393,1.9726099967956543,1.9730600118637085,0,0.0,0.0
2026-01-28 05:15:00+00:00,1.9729700088500977,1.973289966583252,1.9717700481414795,1.9723600149154663,0,0.0,0.0
2026-01-28 05:30:00+00:00,1.9722000360488892,1.972790002822876,1.972059965133667,1.9725600481033325,0,0.0,0.0
2026-01-28 05:45:00+00:00,1.9725500345230103,1.9729299545288086,1.9710700511932373,1.9710700511932373,0,0.0,0.0
2026-01-28 06:00:00+00:00,1.9712300300598145,1.9716600179672241,1.9701100587844849,1.9715900421142578,0,0.0,0.0
2026-01-28 06:15:00+00:00,1.9715900421142578,1.9724400043487549,1.9706699848175049,1.971019983291626,0,0.0,0.0
2026-01-28 06:30:00+00:00,1.9710299968719482,1.9718899726867676,1.9698599576950073,1.9716399908065796,0,0.0,0.0
2026-01-28 06:45:00+00:00,1.971750020980835,1.9725699424743652,1.9712400436401367,1.9722700119018555,0,0.0,0.0
2026-01-28 07:00:00+00:00,1.972190022468567,1.9728000164031982,1.9702999591827393,1.9704699516296387,0,0.0,0.0
2026-01-28 07:15:00+00:00,1.970329999923706,1.9713900089263916,1.9698100090026855,1.9705899953842163,0,0.0,0.0
2026-01-28 07:30:00+00:00,1.9705599546432495,1.971060037612915,1.9700900316238403,1.9704699516296387,0,0.0,0.0
2026-01-28 07:45:00+00:00,1.970460057258606,1.9719599485397339,1.9700000286102295,1.971809983253479,0,0.0,0.0
2026-01-28 08:00:00+00:00,1.971809983253479,1.9719799757003784,1.970139980316162,1.9708900451660156,0,0.0,0.0
2026-01-28 08:15:00+00:00,1.9708900451660156,1.9713000059127808,1.9693800210952759,1.9697999954223633,0,0.0,0.0
2026-01-28 08:30:00+00:00,1.9697200059890747,1.9709399938583374,1.9689899682998657,1.9709299802780151,0,0.0,0.0
2026-01-28 08:45:00+00:00,1.9707499742507935,1.972059965133667,1.9697500467300415,1.9708399772644043,0,0.0,0.0
2026-01-28 09:00:00+00:00,1.9709299802780151,1.9710400104522705,1.9696999788284302,1.9707499742507935,0,0.0,0.0
2026-01-28 09:15:00+00:00,1.9706100225448608,1.971519947052002,1.9704699516296387,1.9710899591445923,0,0.0,0.0
2026-01-28 09:30:00+00:00,1.9711099863052368,1.9714200496673584,1.9700499773025513,1.9701800346374512,0,0.0,0.0
2026-01-28 09:45:00+00:00,1.9701000452041626,1.970579981803894,1.9684699773788452,1.9688899517059326,0,0.0,0.0
2026-01-28 10:00:00+00:00,1.9688199758529663,1.9693800210952759,1.9681299924850464,1.9682999849319458,0,0.0,0.0
2026-01-28 10:15:00+00:00,1.968269944190979,1.968559980392456,1.9663900136947632,1.967229962348938,0,0.0,0.0
2026-01-28 10:30:00+00:00,1.9674099683761597,1.9688299894332886,1.9664499759674072,1.9672800302505493,0,0.0,0.0
2026-01-28 10:45:00+00:00,1.9672900438308716,1.9679100513458252,1.966629981994629,1.9677599668502808,0,0.0,0.0
2026-01-28 11:00:00+00:00,1.9677599668502808,1.9678699970245361,1.9669400453567505,1.9677000045776367,0,0.0,0.0
2026-01-28 11:15:00+00:00,1.9675999879837036,1.969130039215088,1.9671900272369385,1.9680099487304688,0,0.0,0.0
2026-01-28 11:30:00+00:00,1.9679800271987915,1.9682400226593018,1.9669899940490723,1.967769980430603,0,0.0,0.0
2026-01-28 11:45:00+00:00,1.9677499532699585,1.96806001663208,1.9659199714660645,1.9664000272750854,0,0.0,0.0
2026-01-28 12:00:00+00:00,1.966380000114441,1.9688400030136108,1.9663100242614746,1.9683899879455566,0,0.0,0.0
2026-01-28 12:15:00+00:00,1.9683899879455566,1.9686700105667114,1.9668699502944946,1.9672900438308716,0,0.0,0.0
2026-01-28 12:30:00+00:00,1.9674099683761597,1.9685399532318115,1.967079997062683,1.9677900075912476,0,0.0,0.0
2026-01-28 12:45:00+00:00,1.9679100513458252,1.9700499773025513,1.96766996383667,1.9699599742889404,0,0.0,0.0
2026-01-28 13:00:00+00:00,1.9698200225830078,1.9699699878692627,1.9692399501800537,1.969689965248108,0,0.0,0.0
2026-01-28 13:15:00+00:00,1.9696400165557861,1.9697999954223633,1.96806001663208,1.9681600332260132,0,0.0,0.0
2026-01-28 13:30:00+00:00,1.9681899547576904,1.969730019569397,1.9679499864578247,1.969249963760376,0,0.0,0.0
2026-01-28 13:45:00+00:00,1.9693000316619873,1.9697799682617188,1.9678599834442139,1.9680500030517578,0,0.0,0.0
2026-01-28 14:00:00+00:00,1.9680500030517578,1.9699000120162964,1.9677499532699585,1.9688800573349,0,0.0,0.0
2026-01-28 14:15:00+00:00,1.9688800573349,1.969689965248108,1.9682999849319458,1.9694000482559204,0,0.0,0.0
2026-01-28 14:30:00+00:00,1.9693700075149536,1.9698699712753296,1.9685399532318115,1.9693200588226318,0,0.0,0.0
2026-01-28 14:45:00+00:00,1.9692200422286987,1.9701499938964844,1.9686599969863892,1.969670057296753,0,0.0,0.0
2026-01-28 15:00:00+00:00,1.9696500301361084,1.971019983291626,1.969040036201477,1.9705899953842163,0,0.0,0.0
2026-01-28 15:15:00+00:00,1.9705899953842163,1.970829963684082,1.9684200286865234,1.9685300588607788,0,0.0,0.0
2026-01-28 15:30:00+00:00,1.9686700105667114,1.9693299531936646,1.9674299955368042,1.9692000150680542,0,0.0,0.0
2026-01-28 15:45:00+00:00,1.9692000150680542,1.971119999885559,1.9680700302124023,1.970289945602417,0,0.0,0.0
2026-01-28 16:00:00+00:00,1.970229983329773,1.9707000255584717,1.9696799516677856,1.970080018043518,0,0.0,0.0
2026-01-28 16:15:00+00:00,1.970039963722229,1.9714100360870361,1.9696099758148193,1.9707200527191162,0,0.0,0.0
2026-01-28 16:30:00+00:00,1.9706599712371826,1.9715800285339355,1.9704300165176392,1.97107994556427,0,0.0,0.0
2026-01-28 16:45:00+00:00,1.9710299968719482,1.9722700119018555,1.9706799983978271,1.9714699983596802,0,0.0,0.0
2026-01-28 17:00:00+00:00,1.9714299440383911,1.9717899560928345,1.970289945602417,1.970420002937317,0,0.0,0.0
2026-01-28 17:15:00+00:00,1.970420002937317,1.971060037612915,1.9700499773025513,1.9707200527191162,0,0.0,0.0
2026-01-28 17:30:00+00:00,1.970710039138794,1.9712899923324585,1.9703400135040283,1.9707900285720825,0,0.0,0.0
2026-01-28 17:45:00+00:00,1.9708000421524048,1.970870018005371,1.969059944152832,1.9697099924087524,0,0.0,0.0
2026-01-28 18:00:00+00:00,1.9696500301361084,1.9700100421905518,1.969290018081665,1.969499945640564,0,0.0,0.0
2026-01-28 18:15:00+00:00,1.9694900512695312,1.969670057296753,1.9690300226211548,1.9694600105285645,0,0.0,0.0
2026-01-28 18:30:00+00:00,1.9693800210952759,1.9698200225830078,1.9683799743652344,1.969059944152832,0,0.0,0.0
2026-01-28 18:45:00+00:00,1.9690099954605103,1.9716299772262573,1.968269944190979,1.970270037651062,0,0.0,0.0
2026-01-28 19:00:00+00:00,1.9698200225830078,1.97107994556427,1.9677400588989258,1.968400001525879,0,0.0,0.0
2026-01-28 19:15:00+00:00,1.9684300422668457,1.968809962272644,1.9678000211715698,1.9687000513076782,0,0.0,0.0
2026-01-28 19:30:00+00:00,1.9687299728393555,1.9697699546813965,1.9676799774169922,1.9693299531936646,0,0.0,0.0
2026-01-28 19:45:00+00:00,1.9692399501800537,1.9695299863815308,1.966860055923462,1.9675999879837036,0,0.0,0.0
2026-01-28 20:00:00+00:00,1.9677200317382812,1.967829942703247,1.9658199548721313,1.9659600257873535,0,0.0,0.0
2026-01-28 20:15:00+00:00,1.9660300016403198,1.9665000438690186,1.9654699563980103,1.965649962425232,0,0.0,0.0
2026-01-28 20:30:00+00:00,1.9657100439071655,1.965749979019165,1.9636199474334717,1.963860034942627,0,0.0,0.0
2026-01-28 20:45:00+00:00,1.963879942893982,1.964020013809204,1.9626100063323975,1.96343994140625,0,0.0,0.0
2026-01-28 21:00:00+00:00,1.9633300304412842,1.9637199640274048,1.961959958076477,1.9621200561523438,0,0.0,0.0
2026-01-28 21:15:00+00:00,1.9621100425720215,1.9627699851989746,1.9616999626159668,1.9619899988174438,0,0.0,0.0
2026-01-28 21:30:00+00:00,1.9619499444961548,1.9623199701309204,1.960729956626892,1.96110999584198,0,0.0,0.0
2026-01-28 21:45:00+00:00,1.9611599445343018,1.9615600109100342,1.9594800472259521,1.9596699476242065,0,0.0,0.0
2026-01-28 22:00:00+00:00,1.960569977760315,1.9628900289535522,1.9592100381851196,1.9601900577545166,0,0.0,0.0
2026-01-28 22:15:00+00:00,1.959689974784851,1.9619899988174438,1.9579600095748901,1.9606900215148926,0,0.0,0.0
2026-01-28 22:30:00+00:00,1.9602899551391602,1.9618899822235107,1.9589600563049316,1.9599699974060059,0,0.0,0.0
2026-01-28 22:45:00+00:00,1.9599499702453613,1.9619300365447998,1.9584200382232666,1.9589300155639648,0,0.0,0.0
2026-01-28 23:00:00+00:00,1.9603099822998047,1.9629199504852295,1.9582699537277222,1.9625999927520752,0,0.0,0.0
2026-01-28 23:15:00+00:00,1.9625999927520752,1.9628900289535522,1.961050033569336,1.9611999988555908,0,0.0,0.0
2026-01-28 23:30:00+00:00,1.961050033569336,1.9624899625778198,1.961050033569336,1.9623299837112427,0,0.0,0.0
2026-01-28 23:45:00+00:00,1.9621000289916992,1.9645600318908691,1.9613800048828125,1.964269995689392,0,0.0,0.0
2026-01-29 00:00:00+00:00,1.9641200304031372,1.9649200439453125,1.9619799852371216,1.962339997291565,0,0.0,0.0
2026-01-29 00:15:00+00:00,1.962280035018921,1.9632500410079956,1.9612499475479126,1.9625600576400757,0,0.0,0.0
2026-01-29 00:30:00+00:00,1.9626400470733643,1.9645999670028687,1.9622100591659546,1.964210033416748,0,0.0,0.0
2026-01-29 00:45:00+00:00,1.9640699625015259,1.9646899700164795,1.9637199640274048,1.9641599655151367,0,0.0,0.0
2026-01-29 01:00:00+00:00,1.9641599655151367,1.964709997177124,1.9635499715805054,1.963979959487915,0,0.0,0.0
2026-01-29 01:15:00+00:00,1.9639400243759155,1.9654500484466553,1.9637700319290161,1.9647599458694458,0,0.0,0.0
2026-01-29 01:30:00+00:00,1.9646199941635132,1.9658600091934204,1.9640599489212036,1.9653700590133667,0,0.0,0.0
2026-01-29 01:45:00+00:00,1.9652800559997559,1.965649962425232,1.9637500047683716,1.9638400077819824,0,0.0,0.0
2026-01-29 02:00:00+00:00,1.963819980621338,1.9645600318908691,1.9635599851608276,1.9637099504470825,0,0.0,0.0
2026-01-29 02:15:00+00:00,1.9636000394821167,1.9638500213623047,1.9614200592041016,1.961590051651001,0,0.0,0.0
2026-01-29 02:30:00+00:00,1.9615999460220337,1.9626100063323975,1.9612900018692017,1.962280035018921,0,0.0,0.0
2026-01-29 02:45:00+00:00,1.962280035018921,1.962280035018921,1.959280014038086,1.9598400592803955,0,0.0,0.0
2026-01-29 03:00:00+00:00,1.9599800109863281,1.9601199626922607,1.9557199478149414,1.9562599658966064,0,0.0,0.0
2026-01-29 03:15:00+00:00,1.9561699628829956,1.956629991531372,1.9550199508666992,1.955970048904419,0,0.0,0.0
2026-01-29 03:30:00+00:00,1.9559299945831299,1.9569400548934937,1.9553099870681763,1.955430030822754,0,0.0,0.0
2026-01-29 03:45:00+00:00,1.955430030822754,1.9562000036239624,1.9537999629974365,1.9539599418640137,0,0.0,0.0
2026-01-29 04:00:00+00:00,1.9540799856185913,1.9549000263214111,1.9528599977493286,1.9529999494552612,0,0.0,0.0
2026-01-29 04:15:00+00:00,1.9529800415039062,1.9546899795532227,1.9528700113296509,1.9535900354385376,0,0.0,0.0
2026-01-29 04:30:00+00:00,1.9536099433898926,1.9540300369262695,1.9505900144577026,1.951069951057434,0,0.0,0.0
2026-01-29 04:45:00+00:00,1.9510600566864014,1.9523299932479858,1.9508399963378906,1.9516700506210327,0,0.0,0.0
2026-01-29 05:00:00+00:00,1.9517300128936768,1.9526900053024292,1.951449990272522,1.9515600204467773,0,0.0,0.0
2026-01-29 05:15:00+00:00,1.9515800476074219,1.95346999168396,1.9509400129318237,1.9514199495315552,0,0.0,0.0
2026-01-29 05:30:00+00:00,1.9513200521469116,1.9525500535964966,1.9507399797439575,1.951889991760254,0,0.0,0.0
2026-01-29 05:45:00+00:00,1.9520200490951538,1.9526000022888184,1.9515999555587769,1.9521299600601196,0,0.0,0.0
2026-01-29 06:00:00+00:00,1.9521299600601196,1.9537800550460815,1.951889991760254,1.953089952468872,0,0.0,0.0
2026-01-29 06:15:00+00:00,1.9530999660491943,1.953760027885437,1.9517699480056763,1.9534499645233154,0,0.0,0.0
2026-01-29 06:30:00+00:00,1.9533900022506714,1.9541200399398804,1.9530600309371948,1.953570008277893,0,0.0,0.0
2026-01-29 06:45:00+00:00,1.9534800052642822,1.954360008239746,1.9531999826431274,1.953570008277893,0,0.0,0.0
2026-01-29 07:00:00+00:00,1.9536199569702148,1.9549299478530884,1.9525500535964966,1.9528499841690063,0,0.0,0.0
2026-01-29 07:15:00+00:00,1.9527599811553955,1.9561400413513184,1.952739953994751,1.9559400081634521,0,0.0,0.0
2026-01-29 07:30:00+00:00,1.9559400081634521,1.956969976425171,1.955489993095398,1.9567400217056274,0,0.0,0.0
2026-01-29 07:45:00+00:00,1.9568099975585938,1.957319974899292,1.9562100172042847,1.9564900398254395,0,0.0,0.0
2026-01-29 08:00:00+00:00,1.9566400051116943,1.9572700262069702,1.9559999704360962,1.9569300413131714,0,0.0,0.0
2026-01-29 08:15:00+00:00,1.95701003074646,1.9577200412750244,1.956220030784607,1.9570200443267822,0,0.0,0.0
2026-01-29 08:30:00+00:00,1.9570499658584595,1.9583799839019775,1.9564399719238281,1.9575200080871582,0,0.0,0.0
2026-01-29 08:45:00+00:00,1.9574400186538696,1.9589999914169312,1.956719994544983,1.957419991493225,0,0.0,0.0
2026-01-29 09:00:00+00:00,1.957319974899292,1.95756995677948,1.9563499689102173,1.9564299583435059,0,0.0,0.0
2026-01-29 09:15:00+00:00,1.9565399885177612,1.9568400382995605,1.9554699659347534,1.9554799795150757,0,0.0,0.0
2026-01-29 09:30:00+00:00,1.955549955368042,1.9560799598693848,1.9547200202941895,1.9556699991226196,0,0.0,0.0
2026-01-29 09:45:00+00:00,1.955649971961975,1.9569100141525269,1.9554400444030762,1.956089973449707,0,0.0,0.0
2026-01-29 10:00:00+00:00,1.9560699462890625,1.957990050315857,1.9560199975967407,1.9574899673461914,0,0.0,0.0
2026-01-29 10:15:00+00:00,1.9574899673461914,1.958709955215454,1.9570499658584595,1.9581600427627563,0,0.0,0.0
2026-01-29 10:30:00+00:00,1.9582300186157227,1.9602299928665161,1.9581300020217896,1.9599000215530396,0,0.0,0.0
2026-01-29 10:45:00+00:00,1.9598599672317505,1.960260033607483,1.9583799839019775,1.9596799612045288,0,0.0,0.0
2026-01-29 11:00:00+00:00,1.9597400426864624,1.9618200063705444,1.9596400260925293,1.9606200456619263,0,0.0,0.0
2026-01-29 11:15:00+00:00,1.9606200456619263,1.9620100259780884,1.9598300457000732,1.959939956665039,0,0.0,0.0
2026-01-29 11:30:00+00:00,1.959939956665039,1.9606800079345703,1.9598100185394287,1.9599499702453613,0,0.0,0.0
2026-01-29 11:45:00+00:00,1.9600600004196167,1.9606200456619263,1.9587700366973877,1.959820032119751,0,0.0,0.0
2026-01-29 12:00:00+00:00,1.9598100185394287,1.9599599838256836,1.9585800170898438,1.9585800170898438,0,0.0,0.0
2026-01-29 12:15:00+00:00,1.9586999416351318,1.9587199687957764,1.957550048828125,1.9580899477005005,0,0.0,0.0
2026-01-29 12:30:00+00:00,1.9580600261688232,1.9586100578308105,1.9575300216674805,1.9580899477005005,0,0.0,0.0
2026-01-29 12:45:00+00:00,1.9579600095748901,1.9582099914550781,1.9561799764633179,1.9565099477767944,0,0.0,0.0
2026-01-29 13:00:00+00:00,1.9564000368118286,1.9565399885177612,1.9547499418258667,1.9556100368499756,0,0.0,0.0
2026-01-29 13:15:00+00:00,1.9557000398635864,1.9558900594711304,1.9535399675369263,1.954010009765625,0,0.0,0.0
2026-01-29 13:30:00+00:00,1.9536499977111816,1.9563299417495728,1.952299952507019,1.955340027809143,0,0.0,0.0
2026-01-29 13:45:00+00:00,1.955340027809143,1.9557000398635864,1.9531899690628052,1.9539599418640137,0,0.0,0.0
2026-01-29 14:00:00+00:00,1.953879952430725,1.9547100067138672,1.9530400037765503,1.9536000490188599,0,0.0,0.0
2026-01-29 14:15:00+00:00,1.9536999464035034,1.9543299674987793,1.953089952468872,1.9536499977111816,0,0.0,0.0
2026-01-29 14:30:00+00:00,1.9535499811172485,1.9549700021743774,1.9525599479675293,1.953570008277893,0,0.0,0.0
2026-01-29 14:45:00+00:00,1.9536000490188599,1.9585800170898438,1.9534300565719604,1.9582500457763672,0,0.0,0.0
2026-01-29 15:00:00+00:00,1.958400011062622,1.9626699686050415,1.957859992980957,1.9626699686050415,0,0.0,0.0
2026-01-29 15:15:00+00:00,1.9625099897384644,1.9721100330352783,1.9621299505233765,1.9711300134658813,0,0.0,0.0
2026-01-29 15:30:00+00:00,1.9711799621582031,1.9721399545669556,1.9674700498580933,1.971500039100647,0,0.0,0.0
2026-01-29 15:45:00+00:00,1.9713599681854248,1.9726300239562988,1.9687999486923218,1.9723600149154663,0,0.0,0.0
2026-01-29 16:00:00+00:00,1.9724600315093994,1.972540020942688,1.9660300016403198,1.9665100574493408,0,0.0,0.0
2026-01-29 16:15:00+00:00,1.9664900302886963,1.9693100452423096,1.9658900499343872,1.9677900075912476,0,0.0,0.0
2026-01-29 16:30:00+00:00,1.9677499532699585,1.9689199924468994,1.9661699533462524,1.9668099880218506,0,0.0,0.0
2026-01-29 16:45:00+00:00,1.9667400121688843,1.968690037727356,1.9653300046920776,1.9677200317382812,0,0.0,0.0
2026-01-29 17:00:00+00:00,1.967769980430603,1.9677799940109253,1.9650499820709229,1.9654300212860107,0,0.0,0.0
2026-01-29 17:15:00+00:00,1.9656200408935547,1.9657200574874878,1.9620100259780884,1.9624700546264648,0,0.0,0.0
2026-01-29 17:30:00+00:00,1.9625099897384644,1.9645400047302246,1.9613900184631348,1.9636199474334717,0,0.0,0.0
2026-01-29 17:45:00+00:00,1.96356999874115,1.9671200513839722,1.9633599519729614,1.9658900499343872,0,0.0,0.0
2026-01-29 18:00:00+00:00,1.9658700227737427,1.9664299488067627,1.9631099700927734,1.9636900424957275,0,0.0,0.0
2026-01-29 18:15:00+00:00,1.9635599851608276,1.9644700288772583,1.9631600379943848,1.9639500379562378,0,0.0,0.0
2026-01-29 18:30:00+00:00,1.9639300107955933,1.964419960975647,1.9621700048446655,1.9622900485992432,0,0.0,0.0
2026-01-29 18:45:00+00:00,1.9622700214385986,1.9627100229263306,1.961300015449524,1.9620399475097656,0,0.0,0.0
2026-01-29 19:00:00+00:00,1.9620599746704102,1.9632200002670288,1.961150050163269,1.9615700244903564,0,0.0,0.0
2026-01-29 19:15:00+00:00,1.9615399837493896,1.9618099927902222,1.9608700275421143,1.9612799882888794,0,0.0,0.0
2026-01-29 19:30:00+00:00,1.9612799882888794,1.9623099565505981,1.9611300230026245,1.9616800546646118,0,0.0,0.0
2026-01-29 19:45:00+00:00,1.9617899656295776,1.963089942932129,1.9613800048828125,1.9629499912261963,0,0.0,0.0
2026-01-29 20:00:00+00:00,1.9629499912261963,1.9632400274276733,1.9620599746704102,1.9626100063323975,0,0.0,0.0
2026-01-29 20:15:00+00:00,1.9626100063323975,1.9629100561141968,1.961650013923645,1.96219003200531,0,0.0,0.0
2026-01-29 20:30:00+00:00,1.9620599746704102,1.9622199535369873,1.9603400230407715,1.9606900215148926,0,0.0,0.0
2026-01-29 20:45:00+00:00,1.9606300592422485,1.9608099460601807,1.958709955215454,1.959220051765442,0,0.0,0.0
2026-01-29 21:00:00+00:00,1.9592399597167969,1.9596699476242065,1.9586000442504883,1.9592299461364746,0,0.0,0.0
2026-01-29 21:15:00+00:00,1.9592100381851196,1.9599699974060059,1.9587600231170654,1.9589300155639648,0,0.0,0.0
2026-01-29 21:30:00+00:00,1.9590699672698975,1.9591399431228638,1.9576200246810913,1.9589899778366089,0,0.0,0.0
2026-01-29 21:45:00+00:00,1.9589099884033203,1.9593900442123413,1.956130027770996,1.9567400217056274,0,0.0,0.0
2026-01-29 22:00:00+00:00,1.9579600095748901,1.9598599672317505,1.9550700187683105,1.9558199644088745,0,0.0,0.0
2026-01-29 22:15:00+00:00,1.9558199644088745,1.9582899808883667,1.9555799961090088,1.9567500352859497,0,0.0,0.0
2026-01-29 22:30:00+00:00,1.9555799961090088,1.9581799507141113,1.9550199508666992,1.957450032234192,0,0.0,0.0
2026-01-29 22:45:00+00:00,1.9570800065994263,1.958899974822998,1.9569799900054932,1.9579700231552124,0,0.0,0.0
2026-01-29 23:00:00+00:00,1.9579999446868896,1.9596999883651733,1.9551700353622437,1.9596400260925293,0,0.0,0.0
2026-01-29 23:15:00+00:00,1.9594199657440186,1.9608800411224365,1.9589099884033203,1.9592399597167969,0,0.0,0.0
2026-01-29 23:30:00+00:00,1.9595099687576294,1.959630012512207,1.9574899673461914,1.9581300020217896,0,0.0,0.0
2026-01-29 23:45:00+00:00,1.958340048789978,1.9594199657440186,1.9578800201416016,1.9590100049972534,0,0.0,0.0
2026-01-30 00:00:00+00:00,1.959130048751831,1.9596500396728516,1.9582200050354004,1.9594899415969849,0,0.0,0.0
2026-01-30 00:15:00+00:00,1.9594199657440186,1.960669994354248,1.9580299854278564,1.960010051727295,0,0.0,0.0
2026-01-30 00:30:00+00:00,1.960010051727295,1.9606200456619263,1.9589099884033203,1.9602400064468384,0,0.0,0.0
2026-01-30 00:45:00+00:00,1.960260033607483,1.9610799551010132,1.9589200019836426,1.9608900547027588,0,0.0,0.0
2026-01-30 01:00:00+00:00,1.9608999490737915,1.9630199670791626,1.959589958190918,1.9627799987792969,0,0.0,0.0
2026-01-30 01:15:00+00:00,1.9627200365066528,1.9632200002670288,1.960610032081604,1.9611400365829468,0,0.0,0.0
2026-01-30 01:30:00+00:00,1.9609999656677246,1.9634300470352173,1.9607000350952148,1.9629199504852295,0,0.0,0.0
2026-01-30 01:45:00+00:00,1.9628599882125854,1.9641499519348145,1.9626799821853638,1.9640100002288818,0,0.0,0.0
2026-01-30 02:00:00+00:00,1.9640100002288818,1.9662200212478638,1.9637800455093384,1.9650700092315674,0,0.0,0.0
2026-01-30 02:15:00+00:00,1.9649800062179565,1.9686000347137451,1.9646400213241577,1.967900037765503,0,0.0,0.0
2026-01-30 02:30:00+00:00,1.9677599668502808,1.9703400135040283,1.9656100273132324,1.9666399955749512,0,0.0,0.0
2026-01-30 02:45:00+00:00,1.9665299654006958,1.9672900438308716,1.964400053024292,1.9645700454711914,0,0.0,0.0
2026-01-30 03:00:00+00:00,1.9645400047302246,1.9651999473571777,1.9636399745941162,1.964400053024292,0,0.0,0.0
2026-01-30 03:15:00+00:00,1.9643000364303589,1.9648200273513794,1.9636000394821167,1.9643000364303589,0,0.0,0.0
2026-01-30 03:30:00+00:00,1.9642499685287476,1.9665000438690186,1.9635499715805054,1.964959979057312,0,0.0,0.0
2026-01-30 03:45:00+00:00,1.9649499654769897,1.966689944267273,1.9646999835968018,1.9652400016784668,0,0.0,0.0
2026-01-30 04:00:00+00:00,1.9652600288391113,1.9656599760055542,1.9636800289154053,1.9636800289154053,0,0.0,0.0
2026-01-30 04:15:00+00:00,1.9636800289154053,1.9650599956512451,1.9633699655532837,1.9645099639892578,0,0.0,0.0
2026-01-30 04:30:00+00:00,1.9645099639892578,1.9649900197982788,1.9635900259017944,1.9647599458694458,0,0.0,0.0
2026-01-30 04:45:00+00:00,1.9647300243377686,1.9651299715042114,1.963420033454895,1.9637099504470825,0,0.0,0.0
2026-01-30 05:00:00+00:00,1.9636499881744385,1.9645600318908691,1.963230013847351,1.9640300273895264,0,0.0,0.0
2026-01-30 05:15:00+00:00,1.9639999866485596,1.964750051498413,1.963539958000183,1.9645400047302246,0,0.0,0.0
2026-01-30 05:30:00+00:00,1.9645500183105469,1.9656599760055542,1.964110016822815,1.9655300378799438,0,0.0,0.0
2026-01-30 05:45:00+00:00,1.965649962425232,1.9657200574874878,1.9643399715423584,1.965190052986145,0,0.0,0.0
2026-01-30 06:00:00+00:00,1.9651700258255005,1.9653899669647217,1.963860034942627,1.9641200304031372,0,0.0,0.0
2026-01-30 06:15:00+00:00,1.9640899896621704,1.9654699563980103,1.9640899896621704,1.965190052986145,0,0.0,0.0
2026-01-30 06:30:00+00:00,1.9651800394058228,1.9666800498962402,1.9642599821090698,1.9666800498962402,0,0.0,0.0
2026-01-30 06:45:00+00:00,1.966599941253662,1.9690099954605103,1.9663300514221191,1.9688199758529663,0,0.0,0.0
2026-01-30 07:00:00+00:00,1.968940019607544,1.9690500497817993,1.96589994430542,1.9666399955749512,0,0.0,0.0
2026-01-30 07:15:00+00:00,1.9666800498962402,1.9680700302124023,1.965809941291809,1.9673099517822266,0,0.0,0.0
2026-01-30 07:30:00+00:00,1.967170000076294,1.9690899848937988,1.9669699668884277,1.967270016670227,0,0.0,0.0
2026-01-30 07:45:00+00:00,1.967329978942871,1.9686700105667114,1.9666600227355957,1.967519998550415,0,0.0,0.0
2026-01-30 08:00:00+00:00,1.9673500061035156,1.9682799577713013,1.966380000114441,1.9669400453567505,0,0.0,0.0
2026-01-30 08:15:00+00:00,1.966879963874817,1.9672600030899048,1.9644399881362915,1.9660199880599976,0,0.0,0.0
2026-01-30 08:30:00+00:00,1.9661400318145752,1.9692000150680542,1.9660099744796753,1.9671399593353271,0,0.0,0.0
2026-01-30 08:45:00+00:00,1.9672000408172607,1.9674400091171265,1.964269995689392,1.964959979057312,0,0.0,0.0
2026-01-30 09:00:00+00:00,1.9649200439453125,1.9661200046539307,1.9631400108337402,1.9651000499725342,0,0.0,0.0
2026-01-30 09:15:00+00:00,1.9651600122451782,1.9671200513839722,1.964419960975647,1.9666999578475952,0,0.0,0.0
2026-01-30 09:30:00+00:00,1.966599941253662,1.9673500061035156,1.965440034866333,1.965999960899353,0,0.0,0.0
2026-01-30 09:45:00+00:00,1.96589994430542,1.9698699712753296,1.9658299684524536,1.9684799909591675,0,0.0,0.0
2026-01-30 10:00:00+00:00,1.9685900211334229,1.9687399864196777,1.9660899639129639,1.9661799669265747,0,0.0,0.0
2026-01-30 10:15:00+00:00,1.9660899639129639,1.9663300514221191,1.963879942893982,1.9644099473953247,0,0.0,0.0
2026-01-30 10:30:00+00:00,1.9643100500106812,1.9648000001907349,1.9633899927139282,1.9643800258636475,0,0.0,0.0
2026-01-30 10:45:00+00:00,1.9643399715423584,1.9652899503707886,1.9637000560760498,1.9649399518966675,0,0.0,0.0
2026-01-30 11:00:00+00:00,1.9650800228118896,1.9650800228118896,1.9629000425338745,1.9629900455474854,0,0.0,0.0
2026-01-30 11:15:00+00:00,1.9629900455474854,1.9643100500106812,1.9628299474716187,1.9636499881744385,0,0.0,0.0
2026-01-30 11:30:00+00:00,1.9637099504470825,1.9640699625015259,1.962499976158142,1.9635100364685059,0,0.0,0.0
2026-01-30 11:45:00+00:00,1.9633899927139282,1.9640100002288818,1.9613900184631348,1.9617300033569336,0,0.0,0.0
2026-01-30 12:00:00+00:00,1.9618899822235107,1.9620800018310547,1.9603999853134155,1.9611599445343018,0,0.0,0.0
2026-01-30 12:15:00+00:00,1.9613100290298462,1.9635100364685059,1.9608999490737915,1.9622900485992432,0,0.0,0.0
2026-01-30 12:30:00+00:00,1.9622900485992432,1.963819980621338,1.961940050125122,1.9636499881744385,0,0.0,0.0
2026-01-30 12:45:00+00:00,1.9636499881744385,1.9649499654769897,1.963539958000183,1.9645999670028687,0,0.0,0.0
2026-01-30 13:00:00+00:00,1.964400053024292,1.9647599458694458,1.9609400033950806,1.9618500471115112,0,0.0,0.0
2026-01-30 13:15:00+00:00,1.9619100093841553,1.9634599685668945,1.9610400199890137,1.9615299701690674,0,0.0,0.0
2026-01-30 13:30:00+00:00,1.9598900079727173,1.9637999534606934,1.9598900079727173,1.9604899883270264,0,0.0,0.0
2026-01-30 13:45:00+00:00,1.9606200456619263,1.9667600393295288,1.9604400396347046,1.9658199548721313,0,0.0,0.0
2026-01-30 14:00:00+00:00,1.965980052947998,1.9660899639129639,1.9615399837493896,1.9620000123977661,0,0.0,0.0
2026-01-30 14:15:00+00:00,1.9618799686431885,1.9628599882125854,1.9613300561904907,1.9625600576400757,0,0.0,0.0
2026-01-30 14:30:00+00:00,1.9624099731445312,1.9628700017929077,1.9586000442504883,1.9598000049591064,0,0.0,0.0
2026-01-30 14:45:00+00:00,1.9598000049591064,1.9602299928665161,1.9573700428009033,1.959190011024475,0,0.0,0.0
2026-01-30 15:00:00+00:00,1.9591000080108643,1.960170030593872,1.957800030708313,1.959220051765442,0,0.0,0.0
2026-01-30 15:15:00+00:00,1.9592100381851196,1.9603999853134155,1.9580199718475342,1.9603899717330933,0,0.0,0.0
2026-01-30 15:30:00+00:00,1.960279941558838,1.9608999490737915,1.955180048942566,1.9555399417877197,0,0.0,0.0
2026-01-30 15:45:00+00:00,1.9557000398635864,1.9601099491119385,1.9549000263214111,1.9584200382232666,0,0.0,0.0
2026-01-30 16:00:00+00:00,1.9584499597549438,1.9616899490356445,1.9584399461746216,1.9605000019073486,0,0.0,0.0
2026-01-30 16:15:00+00:00,1.960729956626892,1.962730050086975,1.9601099491119385,1.9608900547027588,0,0.0,0.0
2026-01-30 16:30:00+00:00,1.9609099626541138,1.962440013885498,1.9601800441741943,1.9608999490737915,0,0.0,0.0
2026-01-30 16:45:00+00:00,1.9608999490737915,1.9633400440216064,1.9606300592422485,1.9625500440597534,0,0.0,0.0
2026-01-30 17:00:00+00:00,1.9625799655914307,1.964959979057312,1.9620399475097656,1.964110016822815,0,0.0,0.0
2026-01-30 17:15:00+00:00,1.9641200304031372,1.9650100469589233,1.9625799655914307,1.962630033493042,0,0.0,0.0
2026-01-30 17:30:00+00:00,1.962630033493042,1.9655400514602661,1.9622600078582764,1.9647200107574463,0,0.0,0.0
2026-01-30 17:45:00+00:00,1.9647899866104126,1.966729998588562,1.964229941368103,1.9661500453948975,0,0.0,0.0
2026-01-30 18:00:00+00:00,1.966130018234253,1.9688299894332886,1.9654300212860107,1.9681999683380127,0,0.0,0.0
2026-01-30 18:15:00+00:00,1.9681199789047241,1.9717899560928345,1.9678200483322144,1.9698699712753296,0,0.0,0.0
2026-01-30 18:30:00+00:00,1.9699699878692627,1.9715299606323242,1.9687199592590332,1.9697699546813965,0,0.0,0.0
2026-01-30 18:45:00+00:00,1.9697699546813965,1.969939947128296,1.9637800455093384,1.964859962463379,0,0.0,0.0
2026-01-30 19:00:00+00:00,1.9646999835968018,1.9650700092315674,1.9632999897003174,1.9641799926757812,0,0.0,0.0
2026-01-30 19:15:00+00:00,1.9642499685287476,1.9648499488830566,1.963670015335083,1.9646400213241577,0,0.0,0.0
2026-01-30 19:30:00+00:00,1.9645600318908691,1.9656699895858765,1.9634300470352173,1.9635599851608276,0,0.0,0.0
2026-01-30 19:45:00+00:00,1.9635499715805054,1.9652099609375,1.9629600048065186,1.9643399715423584,0,0.0,0.0
2026-01-30 20:00:00+00:00,1.9643499851226807,1.9658000469207764,1.964169979095459,1.9656200408935547,0,0.0,0.0
2026-01-30 20:15:00+00:00,1.9655100107192993,1.965809941291809,1.9647400379180908,1.965090036392212,0,0.0,0.0
2026-01-30 20:30:00+00:00,1.965090036392212,1.9655799865722656,1.96451997756958,1.964669942855835,0,0.0,0.0
2026-01-30 20:45:00+00:00,1.964669942855835,1.9658900499343872,1.9640100002288818,1.9650100469589233,0,0.0,0.0
2026-01-30 21:00:00+00:00,1.9649800062179565,1.965399980545044,1.9643299579620361,1.9651299715042114,0,0.0,0.0
2026-01-30 21:15:00+00:00,1.9649300575256348,1.965630054473877,1.964050054550171,1.9641599655151367,0,0.0,0.0
2026-01-30 21:30:00+00:00,1.9641599655151367,1.965809941291809,1.9640300273895264,1.964900016784668,0,0.0,0.0
2026-01-30 21:45:00+00:00,1.9649200439453125,1.9652800559997559,1.9624799489974976,1.9641799926757812,0,0.0,0.0
2026-01-30 22:00:00+00:00,1.9657200574874878,1.9657200574874878,1.9657200574874878,1.9657200574874878,0,0.0,0.0
2026-01-30 22:15:00+00:00,1.9657200574874878,1.9657200574874878,1.9657200574874878,1.9657200574874878,0,0.0,0.0
2026-02-02 00:00:00+00:00,1.9693100452423096,1.9695500135421753,1.965440034866333,1.9659700393676758,0,0.0,0.0
2026-02-02 00:15:00+00:00,1.96589994430542,1.9669100046157837,1.9655200242996216,1.966249942779541,0,0.0,0.0
2026-02-02 00:30:00+00:00,1.966249942779541,1.9670499563217163,1.9655799865722656,1.9665199518203735,0,0.0,0.0
2026-02-02 00:45:00+00:00,1.9665000438690186,1.9671499729156494,1.965250015258789,1.9666500091552734,0,0.0,0.0
2026-02-02 01:00:00+00:00,1.9667400121688843,1.9704999923706055,1.9661400318145752,1.969849944114685,0,0.0,0.0
2026-02-02 01:15:00+00:00,1.969849944114685,1.970039963722229,1.9661699533462524,1.9668899774551392,0,0.0,0.0
2026-02-02 01:30:00+00:00,1.966920018196106,1.9684200286865234,1.9658000469207764,1.9662200212478638,0,0.0,0.0
2026-02-02 01:45:00+00:00,1.9661099910736084,1.9675500392913818,1.9658700227737427,1.9660799503326416,0,0.0,0.0
2026-02-02 02:00:00+00:00,1.9661799669265747,1.9677300453186035,1.9654500484466553,1.966539978981018,0,0.0,0.0
2026-02-02 02:15:00+00:00,1.9665499925613403,1.9675500392913818,1.9660500288009644,1.9673099517822266,0,0.0,0.0
2026-02-02 02:30:00+00:00,1.9672900438308716,1.968019962310791,1.9657700061798096,1.9671900272369385,0,0.0,0.0
2026-02-02 02:45:00+00:00,1.9671900272369385,1.9708900451660156,1.9671399593353271,1.9702199697494507,0,0.0,0.0
2026-02-02 03:00:00+00:00,1.970229983329773,1.9703400135040283,1.9685200452804565,1.9699900150299072,0,0.0,0.0
2026-02-02 03:15:00+00:00,1.9700299501419067,1.9705699682235718,1.9685800075531006,1.9693299531936646,0,0.0,0.0
2026-02-02 03:30:00+00:00,1.9692699909210205,1.971459984779358,1.9687999486923218,1.9703400135040283,0,0.0,0.0
2026-02-02 03:45:00+00:00,1.970460057258606,1.9721800088882446,1.969480037689209,1.9714100360870361,0,0.0,0.0
2026-02-02 04:00:00+00:00,1.9713900089263916,1.9741899967193604,1.9713799953460693,1.9718199968338013,0,0.0,0.0
2026-02-02 04:15:00+00:00,1.9716999530792236,1.9722000360488892,1.9701800346374512,1.9722000360488892,0,0.0,0.0
2026-02-02 04:30:00+00:00,1.9720699787139893,1.9731299877166748,1.9703500270843506,1.9709299802780151,0,0.0,0.0
2026-02-02 04:45:00+00:00,1.9707800149917603,1.971909999847412,1.9705300331115723,1.9711099863052368,0,0.0,0.0
2026-02-02 05:00:00+00:00,1.9711400270462036,1.9729499816894531,1.970770001411438,1.9719599485397339,0,0.0,0.0
2026-02-02 05:15:00+00:00,1.9719200134277344,1.9742599725723267,1.9715700149536133,1.974020004272461,0,0.0,0.0
2026-02-02 05:30:00+00:00,1.973960041999817,1.9746400117874146,1.9731899499893188,1.9737000465393066,0,0.0,0.0
2026-02-02 05:45:00+00:00,1.9737199544906616,1.9757399559020996,1.9733099937438965,1.9740400314331055,0,0.0,0.0
2026-02-02 06:00:00+00:00,1.9740999937057495,1.9747799634933472,1.9729000329971313,1.9746099710464478,0,0.0,0.0
2026-02-02 06:15:00+00:00,1.9747200012207031,1.9776599407196045,1.973449945449829,1.9757800102233887,0,0.0,0.0
2026-02-02 06:30:00+00:00,1.9757299423217773,1.9775300025939941,1.974679946899414,1.9760600328445435,0,0.0,0.0
2026-02-02 06:45:00+00:00,1.9760600328445435,1.9776099920272827,1.9747899770736694,1.9750399589538574,0,0.0,0.0
2026-02-02 07:00:00+00:00,1.9751700162887573,1.9753700494766235,1.973099946975708,1.9745399951934814,0,0.0,0.0
2026-02-02 07:15:00+00:00,1.9746299982070923,1.97475004196167,1.9713599681854248,1.9716299772262573,0,0.0,0.0
2026-02-02 07:30:00+00:00,1.9716999530792236,1.9731199741363525,1.9714800119400024,1.9716800451278687,0,0.0,0.0
2026-02-02 07:45:00+00:00,1.971809983253479,1.9723999500274658,1.9701199531555176,1.9703500270843506,0,0.0,0.0
2026-02-02 08:00:00+00:00,1.9704099893569946,1.9720499515533447,1.9689099788665771,1.9700599908828735,0,0.0,0.0
2026-02-02 08:15:00+00:00,1.9701999425888062,1.9705300331115723,1.968559980392456,1.968559980392456,0,0.0,0.0
2026-02-02 08:30:00+00:00,1.968559980392456,1.9701900482177734,1.9683300256729126,1.9697200059890747,0,0.0,0.0
2026-02-02 08:45:00+00:00,1.9697699546813965,1.970829963684082,1.9692100286483765,1.9706300497055054,0,0.0,0.0
2026-02-02 09:00:00+00:00,1.9704999923706055,1.9723700284957886,1.9700299501419067,1.9703199863433838,0,0.0,0.0
2026-02-02 09:15:00+00:00,1.9703099727630615,1.9722599983215332,1.9703099727630615,1.971250057220459,0,0.0,0.0
2026-02-02 09:30:00+00:00,1.9711699485778809,1.9715100526809692,1.969539999961853,1.9699499607086182,0,0.0,0.0
2026-02-02 09:45:00+00:00,1.969939947128296,1.9704999923706055,1.9679700136184692,1.9684300422668457,0,0.0,0.0
2026-02-02 10:00:00+00:00,1.968309998512268,1.969040036201477,1.9675300121307373,1.9679499864578247,0,0.0,0.0
2026-02-02 10:15:00+00:00,1.9679700136184692,1.970900058746338,1.9678399562835693,1.9702099561691284,0,0.0,0.0
2026-02-02 10:30:00+00:00,1.9701900482177734,1.970960021018982,1.969190001487732,1.970829963684082,0,0.0,0.0
2026-02-02 10:45:00+00:00,1.9708000421524048,1.971369981765747,1.9689799547195435,1.96943998336792,0,0.0,0.0
2026-02-02 11:00:00+00:00,1.9694099426269531,1.969539999961853,1.968459963798523,1.9686100482940674,0,0.0,0.0
2026-02-02 11:15:00+00:00,1.9686100482940674,1.9696799516677856,1.9685300588607788,1.9691499471664429,0,0.0,0.0
2026-02-02 11:30:00+00:00,1.9690899848937988,1.9693599939346313,1.9661600589752197,1.967829942703247,0,0.0,0.0
2026-02-02 11:45:00+00:00,1.9677300453186035,1.9693800210952759,1.9667999744415283,1.968940019607544,0,0.0,0.0
2026-02-02 12:00:00+00:00,1.9690099954605103,1.9693800210952759,1.9672399759292603,1.9688600301742554,0,0.0,0.0
2026-02-02 12:15:00+00:00,1.9687199592590332,1.9692699909210205,1.9670300483703613,1.9674400091171265,0,0.0,0.0
2026-02-02 12:30:00+00:00,1.9673899412155151,1.9690799713134766,1.9673399925231934,1.9677200317382812,0,0.0,0.0
2026-02-02 12:45:00+00:00,1.967769980430603,1.9680500030517578,1.9663699865341187,1.966599941253662,0,0.0,0.0
2026-02-02 13:00:00+00:00,1.9666500091552734,1.969580054283142,1.966539978981018,1.9680299758911133,0,0.0,0.0
2026-02-02 13:15:00+00:00,1.9681099653244019,1.9692699909210205,1.9670100212097168,1.967650055885315,0,0.0,0.0
2026-02-02 13:30:00+00:00,1.9675500392913818,1.9680099487304688,1.9664700031280518,1.9668200016021729,0,0.0,0.0
2026-02-02 13:45:00+00:00,1.9666600227355957,1.9670000076293945,1.9644800424575806,1.9647899866104126,0,0.0,0.0
2026-02-02 14:00:00+00:00,1.9647599458694458,1.9652099609375,1.962939977645874,1.9632600545883179,0,0.0,0.0
2026-02-02 14:15:00+00:00,1.9633500576019287,1.964609980583191,1.9622299671173096,1.9635800123214722,0,0.0,0.0
2026-02-02 14:30:00+00:00,1.9635800123214722,1.964169979095459,1.960919976234436,1.96219003200531,0,0.0,0.0
2026-02-02 14:45:00+00:00,1.9619799852371216,1.964400053024292,1.9615399837493896,1.9632600545883179,0,0.0,0.0
2026-02-02 15:00:00+00:00,1.963230013847351,1.9645999670028687,1.9611899852752686,1.961590051651001,0,0.0,0.0
2026-02-02 15:15:00+00:00,1.9617400169372559,1.9624500274658203,1.9601600170135498,1.961709976196289,0,0.0,0.0
2026-02-02 15:30:00+00:00,1.9617600440979004,1.963479995727539,1.9608900547027588,1.9618799686431885,0,0.0,0.0
2026-02-02 15:45:00+00:00,1.9617799520492554,1.9631400108337402,1.9611799716949463,1.9623600244522095,0,0.0,0.0
2026-02-02 16:00:00+00:00,1.9624500274658203,1.9629000425338745,1.958940029144287,1.9589799642562866,0,0.0,0.0
2026-02-02 16:15:00+00:00,1.9589999914169312,1.9620699882507324,1.9589999914169312,1.961650013923645,0,0.0,0.0
2026-02-02 16:30:00+00:00,1.9616400003433228,1.9627100229263306,1.9609400033950806,1.961709976196289,0,0.0,0.0
2026-02-02 16:45:00+00:00,1.9617999792099,1.9629499912261963,1.9614800214767456,1.9617999792099,0,0.0,0.0
2026-02-02 17:00:00+00:00,1.9619100093841553,1.9624099731445312,1.9613100290298462,1.9617999792099,0,0.0,0.0
2026-02-02 17:15:00+00:00,1.9618200063705444,1.963070034980774,1.9617199897766113,1.9626400470733643,0,0.0,0.0
2026-02-02 17:30:00+00:00,1.9626599550247192,1.963539958000183,1.9620000123977661,1.9630099534988403,0,0.0,0.0
2026-02-02 17:45:00+00:00,1.9630399942398071,1.964709997177124,1.9628499746322632,1.9645800590515137,0,0.0,0.0
2026-02-02 18:00:00+00:00,1.9645700454711914,1.9660300016403198,1.964460015296936,1.9657399654388428,0,0.0,0.0
2026-02-02 18:15:00+00:00,1.9657399654388428,1.967919945716858,1.9656599760055542,1.967919945716858,0,0.0,0.0
2026-02-02 18:30:00+00:00,1.9678699970245361,1.9679399728775024,1.9667500257492065,1.9672399759292603,0,0.0,0.0
2026-02-02 18:45:00+00:00,1.9671499729156494,1.9676899909973145,1.9665199518203735,1.9668999910354614,0,0.0,0.0
2026-02-02 19:00:00+00:00,1.9668400287628174,1.9673999547958374,1.9667199850082397,1.9670300483703613,0,0.0,0.0
2026-02-02 19:15:00+00:00,1.9670300483703613,1.9673700332641602,1.9668099880218506,1.9671800136566162,0,0.0,0.0
2026-02-02 19:30:00+00:00,1.9671000242233276,1.967560052871704,1.9665100574493408,1.9666600227355957,0,0.0,0.0
2026-02-02 19:45:00+00:00,1.9666099548339844,1.9669899940490723,1.966040015220642,1.9665499925613403,0,0.0,0.0
2026-02-02 20:00:00+00:00,1.9666099548339844,1.9672000408172607,1.9660700559616089,1.9666800498962402,0,0.0,0.0
2026-02-02 20:15:00+00:00,1.9666600227355957,1.967020034790039,1.96589994430542,1.966189980506897,0,0.0,0.0
2026-02-02 20:30:00+00:00,1.9661099910736084,1.9666800498962402,1.9656599760055542,1.9664900302886963,0,0.0,0.0
2026-02-02 20:45:00+00:00,1.9664900302886963,1.9666800498962402,1.9657700061798096,1.9659600257873535,0,0.0,0.0
2026-02-02 21:00:00+00:00,1.9659299850463867,1.966189980506897,1.9653500318527222,1.9655100107192993,0,0.0,0.0
2026-02-02 21:15:00+00:00,1.9654899835586548,1.966230034828186,1.9653899669647217,1.9659199714660645,0,0.0,0.0
2026-02-02 21:30:00+00:00,1.965939998626709,1.9663499593734741,1.965880036354065,1.965880036354065,0,0.0,0.0
2026-02-02 21:45:00+00:00,1.9659299850463867,1.9673000574111938,1.9654300212860107,1.966189980506897,0,0.0,0.0
2026-02-02 22:00:00+00:00,1.965459942817688,1.9668300151824951,1.962649941444397,1.965399980545044,0,0.0,0.0
2026-02-02 22:15:00+00:00,1.965999960899353,1.9675500392913818,1.965399980545044,1.9663399457931519,0,0.0,0.0
2026-02-02 22:30:00+00:00,1.9660099744796753,1.9673700332641602,1.9646300077438354,1.96628999710083,0,0.0,0.0
2026-02-02 22:45:00+00:00,1.9652400016784668,1.9669500589370728,1.9650299549102783,1.965309977531433,0,0.0,0.0
2026-02-02 23:00:00+00:00,1.965309977531433,1.9664900302886963,1.9651000499725342,1.9655699729919434,0,0.0,0.0
2026-02-02 23:15:00+00:00,1.965590000152588,1.9659700393676758,1.965019941329956,1.9656200408935547,0,0.0,0.0
2026-02-02 23:30:00+00:00,1.9654099941253662,1.9662200212478638,1.965000033378601,1.9660300016403198,0,0.0,0.0
2026-02-02 23:45:00+00:00,1.9658700227737427,1.9661099910736084,1.9651800394058228,1.965559959411621,0,0.0,0.0
2026-02-03 00:00:00+00:00,1.9649300575256348,1.9652899503707886,1.9643100500106812,1.9646899700164795,0,0.0,0.0
2026-02-03 00:15:00+00:00,1.9646799564361572,1.964859962463379,1.9627399444580078,1.9634699821472168,0,0.0,0.0
2026-02-03 00:30:00+00:00,1.9631199836730957,1.9638299942016602,1.962980031967163,1.9632200002670288,0,0.0,0.0
2026-02-03 00:45:00+00:00,1.9632200002670288,1.9635900259017944,1.9621800184249878,1.963089942932129,0,0.0,0.0
2026-02-03 01:00:00+00:00,1.9631600379943848,1.9637500047683716,1.9621100425720215,1.962820053100586,0,0.0,0.0
2026-02-03 01:15:00+00:00,1.9629199504852295,1.962980031967163,1.9616899490356445,1.9621100425720215,0,0.0,0.0
2026-02-03 01:30:00+00:00,1.9621700048446655,1.9629299640655518,1.9610600471496582,1.9611799716949463,0,0.0,0.0
2026-02-03 01:45:00+00:00,1.9613300561904907,1.9618200063705444,1.9608999490737915,1.9613300561904907,0,0.0,0.0
2026-02-03 02:00:00+00:00,1.9613300561904907,1.9633500576019287,1.9610600471496582,1.9628900289535522,0,0.0,0.0
2026-02-03 02:15:00+00:00,1.962980031967163,1.9637000560760498,1.9624300003051758,1.9634699821472168,0,0.0,0.0
2026-02-03 02:30:00+00:00,1.9634599685668945,1.9648699760437012,1.9629299640655518,1.964840054512024,0,0.0,0.0
2026-02-03 02:45:00+00:00,1.9648000001907349,1.9652299880981445,1.9638099670410156,1.9639400243759155,0,0.0,0.0
2026-02-03 03:00:00+00:00,1.9639400243759155,1.9644099473953247,1.962499976158142,1.96396005153656,0,0.0,0.0
2026-02-03 03:15:00+00:00,1.96396005153656,1.9641900062561035,1.9615399837493896,1.9629199504852295,0,0.0,0.0
2026-02-03 03:30:00+00:00,1.9630600214004517,1.9643700122833252,1.9513399600982666,1.9514800310134888,0,0.0,0.0
2026-02-03 03:45:00+00:00,1.951490044593811,1.9520399570465088,1.9477200508117676,1.9485000371932983,0,0.0,0.0
2026-02-03 04:00:00+00:00,1.9485299587249756,1.9487500190734863,1.9461400508880615,1.9483799934387207,0,0.0,0.0
2026-02-03 04:15:00+00:00,1.9483799934387207,1.9502700567245483,1.9481699466705322,1.9498800039291382,0,0.0,0.0
2026-02-03 04:30:00+00:00,1.9497599601745605,1.9526499509811401,1.9485599994659424,1.952340006828308,0,0.0,0.0
2026-02-03 04:45:00+00:00,1.9522600173950195,1.9546699523925781,1.9522600173950195,1.9528900384902954,0,0.0,0.0
2026-02-03 05:00:00+00:00,1.9528900384902954,1.9541699886322021,1.9514100551605225,1.9532599449157715,0,0.0,0.0
2026-02-03 05:15:00+00:00,1.9532400369644165,1.9537899494171143,1.951490044593811,1.9522000551223755,0,0.0,0.0
2026-02-03 05:30:00+00:00,1.9523299932479858,1.9539300203323364,1.9516600370407104,1.953719973564148,0,0.0,0.0
2026-02-03 05:45:00+00:00,1.9538300037384033,1.9546699523925781,1.953070044517517,1.9538999795913696,0,0.0,0.0
2026-02-03 06:00:00+00:00,1.9537500143051147,1.9548100233078003,1.952049970626831,1.9528199434280396,0,0.0,0.0
2026-02-03 06:15:00+00:00,1.952839970588684,1.9529500007629395,1.9509999752044678,1.9517600536346436,0,0.0,0.0
2026-02-03 06:30:00+00:00,1.9517600536346436,1.9524500370025635,1.9507700204849243,1.951640009880066,0,0.0,0.0
2026-02-03 06:45:00+00:00,1.951509952545166,1.952340006828308,1.950760006904602,1.9509299993515015,0,0.0,0.0
2026-02-03 07:00:00+00:00,1.9510300159454346,1.9516899585723877,1.9493600130081177,1.9497900009155273,0,0.0,0.0
2026-02-03 07:15:00+00:00,1.9497499465942383,1.9509700536727905,1.9485000371932983,1.9490699768066406,0,0.0,0.0
2026-02-03 07:30:00+00:00,1.9489699602127075,1.9492499828338623,1.9440799951553345,1.944599986076355,0,0.0,0.0
2026-02-03 07:45:00+00:00,1.9445899724960327,1.9457000494003296,1.9429500102996826,1.9446300268173218,0,0.0,0.0
2026-02-03 08:00:00+00:00,1.944659948348999,1.9471299648284912,1.9445699453353882,1.9452699422836304,0,0.0,0.0
2026-02-03 08:15:00+00:00,1.945389986038208,1.945930004119873,1.94268000125885,1.9448399543762207,0,0.0,0.0
2026-02-03 08:30:00+00:00,1.944949984550476,1.946660041809082,1.944790005683899,1.9453400373458862,0,0.0,0.0
2026-02-03 08:45:00+00:00,1.9453799724578857,1.947160005569458,1.944640040397644,1.9467799663543701,0,0.0,0.0
2026-02-03 09:00:00+00:00,1.9466700553894043,1.9501099586486816,1.946239948272705,1.9494099617004395,0,0.0,0.0
2026-02-03 09:15:00+00:00,1.9492599964141846,1.95278000831604,1.94923996925354,1.9525099992752075,0,0.0,0.0
2026-02-03 09:30:00+00:00,1.9524099826812744,1.9529600143432617,1.9503400325775146,1.9504799842834473,0,0.0,0.0
2026-02-03 09:45:00+00:00,1.9505599737167358,1.951509952545166,1.9499399662017822,1.9507499933242798,0,0.0,0.0
2026-02-03 10:00:00+00:00,1.9506399631500244,1.950819969177246,1.9491300582885742,1.9498499631881714,0,0.0,0.0
2026-02-03 10:15:00+00:00,1.949720025062561,1.950279951095581,1.949280023574829,1.9499599933624268,0,0.0,0.0
2026-02-03 10:30:00+00:00,1.9500499963760376,1.9507900476455688,1.9497300386428833,1.9501999616622925,0,0.0,0.0
2026-02-03 10:45:00+00:00,1.9502500295639038,1.9505900144577026,1.9496899843215942,1.9501700401306152,0,0.0,0.0
2026-02-03 11:00:00+00:00,1.9500399827957153,1.9510600566864014,1.9492199420928955,1.949470043182373,0,0.0,0.0
2026-02-03 11:15:00+00:00,1.9495400190353394,1.9499200582504272,1.9487299919128418,1.9487700462341309,0,0.0,0.0
2026-02-03 11:30:00+00:00,1.948799967765808,1.9501399993896484,1.948140025138855,1.9498900175094604,0,0.0,0.0
2026-02-03 11:45:00+00:00,1.9500099420547485,1.9512699842453003,1.9496599435806274,1.950160026550293,0,0.0,0.0
2026-02-03 12:00:00+00:00,1.9502700567245483,1.9506100416183472,1.9493800401687622,1.9498399496078491,0,0.0,0.0
2026-02-03 12:15:00+00:00,1.9498499631881714,1.9512900114059448,1.9495500326156616,1.9510600566864014,0,0.0,0.0
2026-02-03 12:30:00+00:00,1.9510600566864014,1.9518300294876099,1.950350046157837,1.9510400295257568,0,0.0,0.0
2026-02-03 12:45:00+00:00,1.950819969177246,1.9516899585723877,1.9501099586486816,1.9510400295257568,0,0.0,0.0
2026-02-03 13:00:00+00:00,1.9510899782180786,1.9520299434661865,1.950760006904602,1.9512499570846558,0,0.0,0.0
2026-02-03 13:15:00+00:00,1.9513700008392334,1.9525200128555298,1.9508600234985352,1.95100998878479,0,0.0,0.0
2026-02-03 13:30:00+00:00,1.9509700536727905,1.9514700174331665,1.9504599571228027,1.9506800174713135,0,0.0,0.0
2026-02-03 13:45:00+00:00,1.9506800174713135,1.9519799947738647,1.9500900506973267,1.950469970703125,0,0.0,0.0
2026-02-03 14:00:00+00:00,1.950469970703125,1.9523999691009521,1.9503799676895142,1.9521000385284424,0,0.0,0.0
2026-02-03 14:15:00+00:00,1.9520399570465088,1.9532899856567383,1.9515800476074219,1.9527100324630737,0,0.0,0.0
2026-02-03 14:30:00+00:00,1.9528100490570068,1.9544600248336792,1.9522199630737305,1.953760027885437,0,0.0,0.0
2026-02-03 14:45:00+00:00,1.9537299871444702,1.9552799463272095,1.9523799419403076,1.954759955406189,0,0.0,0.0
2026-02-03 15:00:00+00:00,1.954990029335022,1.9576300382614136,1.9545199871063232,1.9561899900436401,0,0.0,0.0
2026-02-03 15:15:00+00:00,1.9561899900436401,1.9564499855041504,1.954450011253357,1.954759955406189,0,0.0,0.0
2026-02-03 15:30:00+00:00,1.9548200368881226,1.955899953842163,1.9543100595474243,1.9553600549697876,0,0.0,0.0
2026-02-03 15:45:00+00:00,1.9553600549697876,1.9560099840164185,1.9528299570083618,1.9536199569702148,0,0.0,0.0
2026-02-03 16:00:00+00:00,1.9536000490188599,1.9547699689865112,1.951889991760254,1.9519399404525757,0,0.0,0.0
2026-02-03 16:15:00+00:00,1.951930046081543,1.952720046043396,1.9506800174713135,1.9519799947738647,0,0.0,0.0
2026-02-03 16:30:00+00:00,1.9519000053405762,1.952839970588684,1.9507999420166016,1.9509999752044678,0,0.0,0.0
2026-02-03 16:45:00+00:00,1.95100998878479,1.9526300430297852,1.9507700204849243,1.951640009880066,0,0.0,0.0
2026-02-03 17:00:00+00:00,1.9516600370407104,1.9537800550460815,1.9514700174331665,1.9528100490570068,0,0.0,0.0
2026-02-03 17:15:00+00:00,1.9528100490570068,1.9539200067520142,1.951300024986267,1.952929973602295,0,0.0,0.0
2026-02-03 17:30:00+00:00,1.9529600143432617,1.9543399810791016,1.9520299434661865,1.953909993171692,0,0.0,0.0
2026-02-03 17:45:00+00:00,1.9539999961853027,1.9546600580215454,1.95278000831604,1.953529953956604,0,0.0,0.0
2026-02-03 18:00:00+00:00,1.95346999168396,1.9537800550460815,1.9514299631118774,1.9523299932479858,0,0.0,0.0
2026-02-03 18:15:00+00:00,1.9523299932479858,1.9533499479293823,1.9517300128936768,1.9532899856567383,0,0.0,0.0
2026-02-03 18:30:00+00:00,1.9533100128173828,1.9535399675369263,1.951740026473999,1.9522900581359863,0,0.0,0.0
2026-02-03 18:45:00+00:00,1.9523799419403076,1.9540400505065918,1.9520900249481201,1.9539200067520142,0,0.0,0.0
2026-02-03 19:00:00+00:00,1.9539200067520142,1.9553500413894653,1.9516199827194214,1.9519100189208984,0,0.0,0.0
2026-02-03 19:15:00+00:00,1.9519100189208984,1.9536399841308594,1.9517099857330322,1.9528499841690063,0,0.0,0.0
2026-02-03 19:30:00+00:00,1.9528700113296509,1.953819990158081,1.9525200128555298,1.9532599449157715,0,0.0,0.0
2026-02-03 19:45:00+00:00,1.953220009803772,1.9547200202941895,1.9530500173568726,1.9533900022506714,0,0.0,0.0
2026-02-03 20:00:00+00:00,1.9533799886703491,1.9540499448776245,1.9527699947357178,1.95278000831604,0,0.0,0.0
2026-02-03 20:15:00+00:00,1.95278000831604,1.9532699584960938,1.9523099660873413,1.9524500370025635,0,0.0,0.0
2026-02-03 20:30:00+00:00,1.9525500535964966,1.9525599479675293,1.9504799842834473,1.9514600038528442,0,0.0,0.0
2026-02-03 20:45:00+00:00,1.9514600038528442,1.9517300128936768,1.9504300355911255,1.9506299495697021,0,0.0,0.0
2026-02-03 21:00:00+00:00,1.9506100416183472,1.9508399963378906,1.949869990348816,1.9501399993896484,0,0.0,0.0
2026-02-03 21:15:00+00:00,1.9500700235366821,1.9509199857711792,1.9497900009155273,1.9499499797821045,0,0.0,0.0
2026-02-03 21:30:00+00:00,1.9498300552368164,1.9510600566864014,1.9496300220489502,1.9507399797439575,0,0.0,0.0
2026-02-03 21:45:00+00:00,1.9508800506591797,1.9509999752044678,1.9489599466323853,1.9491300582885742,0,0.0,0.0
2026-02-03 22:00:00+00:00,1.950909972190857,1.9516199827194214,1.948330044746399,1.9493600130081177,0,0.0,0.0
2026-02-03 22:15:00+00:00,1.9502500295639038,1.9524099826812744,1.9487799406051636,1.9503799676895142,0,0.0,0.0
2026-02-03 22:30:00+00:00,1.949180006980896,1.9520100355148315,1.9481699466705322,1.94868004322052,0,0.0,0.0
2026-02-03 22:45:00+00:00,1.9515600204467773,1.9517199993133545,1.948099970817566,1.9503099918365479,0,0.0,0.0
2026-02-03 23:00:00+00:00,1.950719952583313,1.9521000385284424,1.9500099420547485,1.9519000053405762,0,0.0,0.0
2026-02-03 23:15:00+00:00,1.9517300128936768,1.9520699977874756,1.9508600234985352,1.9514199495315552,0,0.0,0.0
2026-02-03 23:30:00+00:00,1.951300024986267,1.9520800113677979,1.95100998878479,1.9517099857330322,0,0.0,0.0
2026-02-03 23:45:00+00:00,1.951509952545166,1.9519699811935425,1.9500999450683594,1.9503300189971924,0,0.0,0.0
2026-02-04 00:00:00+00:00,1.9501800537109375,1.9515299797058105,1.9501399993896484,1.9509799480438232,0,0.0,0.0
2026-02-04 00:15:00+00:00,1.9508999586105347,1.9509999752044678,1.9496400356292725,1.9505300521850586,0,0.0,0.0
2026-02-04 00:30:00+00:00,1.9505599737167358,1.9511200189590454,1.9498300552368164,1.9500900506973267,0,0.0,0.0
2026-02-04 00:45:00+00:00,1.9500900506973267,1.9510999917984009,1.9490900039672852,1.95100998878479,0,0.0,0.0
2026-02-04 01:00:00+00:00,1.9508700370788574,1.9514399766921997,1.9499200582504272,1.949970006942749,0,0.0,0.0
2026-02-04 01:15:00+00:00,1.9500600099563599,1.9503999948501587,1.9478700160980225,1.9491599798202515,0,0.0,0.0
2026-02-04 01:30:00+00:00,1.949120044708252,1.9504300355911255,1.9487600326538086,1.9496599435806274,0,0.0,0.0
2026-02-04 01:45:00+00:00,1.9495799541473389,1.9506800174713135,1.9490200281143188,1.9502400159835815,0,0.0,0.0
2026-02-04 02:00:00+00:00,1.9501700401306152,1.9511799812316895,1.9488400220870972,1.950369954109192,0,0.0,0.0
2026-02-04 02:15:00+00:00,1.9503200054168701,1.9517699480056763,1.9502500295639038,1.9512900114059448,0,0.0,0.0
2026-02-04 02:30:00+00:00,1.9513299465179443,1.952370047569275,1.9506499767303467,1.9519200325012207,0,0.0,0.0
2026-02-04 02:45:00+00:00,1.9517799615859985,1.9529199600219727,1.9514299631118774,1.9522700309753418,0,0.0,0.0
2026-02-04 03:00:00+00:00,1.9521700143814087,1.9528100490570068,1.9511899948120117,1.9513800144195557,0,0.0,0.0
2026-02-04 03:15:00+00:00,1.9514399766921997,1.9527599811553955,1.9513599872589111,1.9519200325012207,0,0.0,0.0
2026-02-04 03:30:00+00:00,1.9519599676132202,1.9521700143814087,1.950950026512146,1.9518300294876099,0,0.0,0.0
2026-02-04 03:45:00+00:00,1.9518300294876099,1.9525099992752075,1.9511799812316895,1.9518100023269653,0,0.0,0.0
2026-02-04 04:00:00+00:00,1.951889991760254,1.952530026435852,1.9514700174331665,1.9518699645996094,0,0.0,0.0
2026-02-04 04:15:00+00:00,1.951799988746643,1.9527599811553955,1.9517099857330322,1.9521100521087646,0,0.0,0.0
2026-02-04 04:30:00+00:00,1.9522000551223755,1.9526100158691406,1.9519000053405762,1.9522500038146973,0,0.0,0.0
2026-02-04 04:45:00+00:00,1.9522299766540527,1.953089952468872,1.9519000053405762,1.952720046043396,0,0.0,0.0
2026-02-04 05:00:00+00:00,1.9527599811553955,1.9528700113296509,1.9517899751663208,1.9519799947738647,0,0.0,0.0
2026-02-04 05:15:00+00:00,1.951990008354187,1.9522199630737305,1.9500000476837158,1.9500499963760376,0,0.0,0.0
2026-02-04 05:30:00+00:00,1.9501700401306152,1.9515999555587769,1.9500199556350708,1.9513499736785889,0,0.0,0.0
2026-02-04 05:45:00+00:00,1.9512399435043335,1.951449990272522,1.9506700038909912,1.9510200023651123,0,0.0,0.0
2026-02-04 06:00:00+00:00,1.9510200023651123,1.951799988746643,1.950510025024414,1.95100998878479,0,0.0,0.0
2026-02-04 06:15:00+00:00,1.9507999420166016,1.9520800113677979,1.9504899978637695,1.9511200189590454,0,0.0,0.0
2026-02-04 06:30:00+00:00,1.9511799812316895,1.9517699480056763,1.9503300189971924,1.9512799978256226,0,0.0,0.0
2026-02-04 06:45:00+00:00,1.951390027999878,1.9515399932861328,1.9495699405670166,1.9496899843215942,0,0.0,0.0
2026-02-04 07:00:00+00:00,1.9497400522232056,1.949910044670105,1.9491900205612183,1.9493399858474731,0,0.0,0.0
2026-02-04 07:15:00+00:00,1.9493399858474731,1.9504400491714478,1.9491699934005737,1.950279951095581,0,0.0,0.0
2026-02-04 07:30:00+00:00,1.950279951095581,1.951259970664978,1.9498100280761719,1.9499499797821045,0,0.0,0.0
2026-02-04 07:45:00+00:00,1.950029969215393,1.950260043144226,1.9491100311279297,1.949779987335205,0,0.0,0.0
2026-02-04 08:00:00+00:00,1.9497599601745605,1.950160026550293,1.9486199617385864,1.9495699405670166,0,0.0,0.0
2026-02-04 08:15:00+00:00,1.9495999813079834,1.9512699842453003,1.9492299556732178,1.9511200189590454,0,0.0,0.0
2026-02-04 08:30:00+00:00,1.9511499404907227,1.9516600370407104,1.950350046157837,1.9509799480438232,0,0.0,0.0
2026-02-04 08:45:00+00:00,1.951069951057434,1.9522000551223755,1.9508399963378906,1.950909972190857,0,0.0,0.0
2026-02-04 09:00:00+00:00,1.9508899450302124,1.9516600370407104,1.9499900341033936,1.9514600038528442,0,0.0,0.0
2026-02-04 09:15:00+00:00,1.9513800144195557,1.9523299932479858,1.951200008392334,1.9517799615859985,0,0.0,0.0
2026-02-04 09:30:00+00:00,1.9517799615859985,1.9527900218963623,1.9511200189590454,1.9525400400161743,0,0.0,0.0
2026-02-04 09:45:00+00:00,1.9526900053024292,1.9532400369644165,1.95169997215271,1.9525500535964966,0,0.0,0.0
2026-02-04 10:00:00+00:00,1.9525200128555298,1.9530199766159058,1.9516199827194214,1.9526499509811401,0,0.0,0.0
2026-02-04 10:15:00+00:00,1.9526499509811401,1.9529199600219727,1.9514700174331665,1.9522700309753418,0,0.0,0.0
2026-02-04 10:30:00+00:00,1.9522700309753418,1.9525400400161743,1.9510999917984009,1.9520000219345093,0,0.0,0.0
2026-02-04 10:45:00+00:00,1.9520000219345093,1.9540899991989136,1.9519799947738647,1.9540300369262695,0,0.0,0.0
2026-02-04 11:00:00+00:00,1.9539599418640137,1.9544299840927124,1.9532899856567383,1.9536099433898926,0,0.0,0.0
2026-02-04 11:15:00+00:00,1.9535599946975708,1.9545600414276123,1.9533900022506714,1.953909993171692,0,0.0,0.0
2026-02-04 11:30:00+00:00,1.953909993171692,1.9541699886322021,1.9532300233840942,1.9533300399780273,0,0.0,0.0
2026-02-04 11:45:00+00:00,1.9532699584960938,1.9533900022506714,1.9520399570465088,1.952489972114563,0,0.0,0.0
2026-02-04 12:00:00+00:00,1.9523999691009521,1.9527699947357178,1.9515700340270996,1.9515700340270996,0,0.0,0.0
2026-02-04 12:15:00+00:00,1.9516199827194214,1.9526699781417847,1.9514199495315552,1.952370047569275,0,0.0,0.0
2026-02-04 12:30:00+00:00,1.9522900581359863,1.9525599479675293,1.9510400295257568,1.9511300325393677,0,0.0,0.0
2026-02-04 12:45:00+00:00,1.9511300325393677,1.9522700309753418,1.9509400129318237,1.9515600204467773,0,0.0,0.0
2026-02-04 13:00:00+00:00,1.9516899585723877,1.9523199796676636,1.9507999420166016,1.9514100551605225,0,0.0,0.0
2026-02-04 13:15:00+00:00,1.95169997215271,1.9522099494934082,1.9495699405670166,1.951490044593811,0,0.0,0.0
2026-02-04 13:30:00+00:00,1.9514199495315552,1.9520599842071533,1.9500099420547485,1.950909972190857,0,0.0,0.0
2026-02-04 13:45:00+00:00,1.9509299993515015,1.9517699480056763,1.9493299722671509,1.949720025062561,0,0.0,0.0
2026-02-04 14:00:00+00:00,1.949720025062561,1.9508700370788574,1.949139952659607,1.9495600461959839,0,0.0,0.0
2026-02-04 14:15:00+00:00,1.9495699405670166,1.9499000310897827,1.948330044746399,1.9485700130462646,0,0.0,0.0
2026-02-04 14:30:00+00:00,1.9486600160598755,1.951509952545166,1.948240041732788,1.950260043144226,0,0.0,0.0
2026-02-04 14:45:00+00:00,1.9501899480819702,1.9527699947357178,1.9497400522232056,1.9509999752044678,0,0.0,0.0
2026-02-04 15:00:00+00:00,1.9514600038528442,1.9531500339508057,1.9494199752807617,1.9506299495697021,0,0.0,0.0
2026-02-04 15:15:00+00:00,1.9506800174713135,1.9512699842453003,1.9494800567626953,1.950219988822937,0,0.0,0.0
2026-02-04 15:30:00+00:00,1.9503400325775146,1.9532699584960938,1.9498599767684937,1.9505800008773804,0,0.0,0.0
2026-02-04 15:45:00+00:00,1.950600028038025,1.9529999494552612,1.9503799676895142,1.9523299932479858,0,0.0,0.0
2026-02-04 16:00:00+00:00,1.9523199796676636,1.9533499479293823,1.9506800174713135,1.9519200325012207,0,0.0,0.0
2026-02-04 16:15:00+00:00,1.951990008354187,1.9535800218582153,1.95114004611969,1.9521900415420532,0,0.0,0.0
2026-02-04 16:30:00+00:00,1.952280044555664,1.953909993171692,1.9511499404907227,1.9537299871444702,0,0.0,0.0
2026-02-04 16:45:00+00:00,1.9536700248718262,1.9545199871063232,1.9522000551223755,1.952370047569275,0,0.0,0.0
2026-02-04 17:00:00+00:00,1.952299952507019,1.9533599615097046,1.9515000581741333,1.9518400430679321,0,0.0,0.0
2026-02-04 17:15:00+00:00,1.951859951019287,1.9563599824905396,1.9514000415802002,1.9555399417877197,0,0.0,0.0
2026-02-04 17:30:00+00:00,1.9554799795150757,1.9579099416732788,1.9542499780654907,1.9566500186920166,0,0.0,0.0
2026-02-04 17:45:00+00:00,1.9565999507904053,1.9578800201416016,1.954699993133545,1.9552199840545654,0,0.0,0.0
2026-02-04 18:00:00+00:00,1.9552600383758545,1.9569200277328491,1.9536099433898926,1.9556000232696533,0,0.0,0.0
2026-02-04 18:15:00+00:00,1.9556000232696533,1.956089973449707,1.9537999629974365,1.9545799493789673,0,0.0,0.0
2026-02-04 18:30:00+00:00,1.9545799493789673,1.9563000202178955,1.9544700384140015,1.95524001121521,0,0.0,0.0
2026-02-04 18:45:00+00:00,1.9552799463272095,1.9567699432373047,1.9546400308609009,1.9556699991226196,0,0.0,0.0
2026-02-04 19:00:00+00:00,1.9556200504302979,1.956529974937439,1.9545300006866455,1.954990029335022,0,0.0,0.0
2026-02-04 19:15:00+00:00,1.9550800323486328,1.9551899433135986,1.9537400007247925,1.954300045967102,0,0.0,0.0
2026-02-04 19:30:00+00:00,1.9544199705123901,1.9544199705123901,1.9522600173950195,1.952720046043396,0,0.0,0.0
2026-02-04 19:45:00+00:00,1.952720046043396,1.9529399871826172,1.9509899616241455,1.9522500038146973,0,0.0,0.0
2026-02-04 20:00:00+00:00,1.9521700143814087,1.9529399871826172,1.9518699645996094,1.952370047569275,0,0.0,0.0
2026-02-04 20:15:00+00:00,1.952430009841919,1.9529900550842285,1.9520599842071533,1.9523299932479858,0,0.0,0.0
2026-02-04 20:30:00+00:00,1.9524099826812744,1.952489972114563,1.9503899812698364,1.9508999586105347,0,0.0,0.0
2026-02-04 20:45:00+00:00,1.9508999586105347,1.9512699842453003,1.9505200386047363,1.95100998878479,0,0.0,0.0
2026-02-04 21:00:00+00:00,1.9509299993515015,1.9518699645996094,1.950510025024414,1.9515999555587769,0,0.0,0.0
2026-02-04 21:15:00+00:00,1.9515600204467773,1.951859951019287,1.9508700370788574,1.951050043106079,0,0.0,0.0
2026-02-04 21:30:00+00:00,1.9509600400924683,1.9513599872589111,1.9503300189971924,1.950569987297058,0,0.0,0.0
2026-02-04 21:45:00+00:00,1.950600028038025,1.9509199857711792,1.948989987373352,1.9493099451065063,0,0.0,0.0
2026-02-04 22:00:00+00:00,1.9495199918746948,1.953570008277893,1.9480500221252441,1.9505599737167358,0,0.0,0.0
2026-02-04 22:15:00+00:00,1.9502700567245483,1.9517300128936768,1.9482300281524658,1.9491699934005737,0,0.0,0.0
2026-02-04 22:30:00+00:00,1.9494999647140503,1.95114004611969,1.9480500221252441,1.949679970741272,0,0.0,0.0
2026-02-04 22:45:00+00:00,1.94992995262146,1.9508399963378906,1.9475300312042236,1.9493800401687622,0,0.0,0.0
2026-02-04 23:00:00+00:00,1.9500600099563599,1.9510600566864014,1.9487600326538086,1.9507399797439575,0,0.0,0.0
2026-02-04 23:15:00+00:00,1.9504200220108032,1.9516199827194214,1.9501099586486816,1.9505499601364136,0,0.0,0.0
2026-02-04 23:30:00+00:00,1.9503599405288696,1.9508299827575684,1.949869990348816,1.9503099918365479,0,0.0,0.0
2026-02-04 23:45:00+00:00,1.9503099918365479,1.9509600400924683,1.9498200416564941,1.9506200551986694,0,0.0,0.0
2026-02-05 00:00:00+00:00,1.9507100582122803,1.9511899948120117,1.9500800371170044,1.9502400159835815,0,0.0,0.0
2026-02-05 00:15:00+00:00,1.9502099752426147,1.9503899812698364,1.9486000537872314,1.9489400386810303,0,0.0,0.0
2026-02-05 00:30:00+00:00,1.9487199783325195,1.9489200115203857,1.9478100538253784,1.9481500387191772,0,0.0,0.0
2026-02-05 00:45:00+00:00,1.9480500221252441,1.9493999481201172,1.9478000402450562,1.949180006980896,0,0.0,0.0
2026-02-05 01:00:00+00:00,1.9491599798202515,1.9494199752807617,1.9482200145721436,1.9489599466323853,0,0.0,0.0
2026-02-05 01:15:00+00:00,1.948989987373352,1.950659990310669,1.9489500522613525,1.9497499465942383,0,0.0,0.0
2026-02-05 01:30:00+00:00,1.9497499465942383,1.950219988822937,1.9490000009536743,1.949679970741272,0,0.0,0.0
2026-02-05 01:45:00+00:00,1.949679970741272,1.9505399465560913,1.949470043182373,1.9503999948501587,0,0.0,0.0
2026-02-05 02:00:00+00:00,1.9504899978637695,1.9544199705123901,1.9500499963760376,1.9540799856185913,0,0.0,0.0
2026-02-05 02:15:00+00:00,1.9541800022125244,1.9585299491882324,1.9530500173568726,1.9534599781036377,0,0.0,0.0
2026-02-05 02:30:00+00:00,1.9534800052642822,1.9542499780654907,1.9527499675750732,1.9539599418640137,0,0.0,0.0
2026-02-05 02:45:00+00:00,1.953879952430725,1.957129955291748,1.9537899494171143,1.9566800594329834,0,0.0,0.0
2026-02-05 03:00:00+00:00,1.956570029258728,1.9572099447250366,1.9538300037384033,1.9550299644470215,0,0.0,0.0
2026-02-05 03:15:00+00:00,1.9550199508666992,1.9561699628829956,1.9534499645233154,1.9555799961090088,0,0.0,0.0
2026-02-05 03:30:00+00:00,1.9555799961090088,1.957319974899292,1.9551000595092773,1.9553799629211426,0,0.0,0.0
2026-02-05 03:45:00+00:00,1.9553899765014648,1.9573700428009033,1.9553799629211426,1.9563000202178955,0,0.0,0.0
2026-02-05 04:00:00+00:00,1.9562900066375732,1.9564299583435059,1.9551899433135986,1.9554500579833984,0,0.0,0.0
2026-02-05 04:15:00+00:00,1.9554599523544312,1.9560600519180298,1.954990029335022,1.9555799961090088,0,0.0,0.0
2026-02-05 04:30:00+00:00,1.955590009689331,1.955880045890808,1.9538899660110474,1.9540499448776245,0,0.0,0.0
2026-02-05 04:45:00+00:00,1.9540200233459473,1.954859972000122,1.9536900520324707,1.9546200037002563,0,0.0,0.0
2026-02-05 05:00:00+00:00,1.9546200037002563,1.9556000232696533,1.9543100595474243,1.955299973487854,0,0.0,0.0
2026-02-05 05:15:00+00:00,1.955299973487854,1.9559500217437744,1.95455002784729,1.9546400308609009,0,0.0,0.0
2026-02-05 05:30:00+00:00,1.9546400308609009,1.955399990081787,1.953510046005249,1.9536199569702148,0,0.0,0.0
2026-02-05 05:45:00+00:00,1.9536199569702148,1.954259991645813,1.9529399871826172,1.953529953956604,0,0.0,0.0
2026-02-05 06:00:00+00:00,1.953410029411316,1.954010009765625,1.9520800113677979,1.9523999691009521,0,0.0,0.0
2026-02-05 06:15:00+00:00,1.9523999691009521,1.9530099630355835,1.9518100023269653,1.952280044555664,0,0.0,0.0
2026-02-05 06:30:00+00:00,1.952370047569275,1.952530026435852,1.9512300491333008,1.9515800476074219,0,0.0,0.0
2026-02-05 06:45:00+00:00,1.9515800476074219,1.9521900415420532,1.9508800506591797,1.9515600204467773,0,0.0,0.0
2026-02-05 07:00:00+00:00,1.951550006866455,1.9521900415420532,1.9506700038909912,1.951859951019287,0,0.0,0.0
2026-02-05 07:15:00+00:00,1.951859951019287,1.9523999691009521,1.9506299495697021,1.9508999586105347,0,0.0,0.0
2026-02-05 07:30:00+00:00,1.9507700204849243,1.953179955482483,1.9506399631500244,1.9529099464416504,0,0.0,0.0
2026-02-05 07:45:00+00:00,1.9528199434280396,1.9530800580978394,1.951740026473999,1.9523899555206299,0,0.0,0.0
2026-02-05 08:00:00+00:00,1.952370047569275,1.9524999856948853,1.9492599964141846,1.9493399858474731,0,0.0,0.0
2026-02-05 08:15:00+00:00,1.9494199752807617,1.9506200551986694,1.9487600326538086,1.9502700567245483,0,0.0,0.0
2026-02-05 08:30:00+00:00,1.9501899480819702,1.950510025024414,1.9492900371551514,1.949429988861084,0,0.0,0.0
2026-02-05 08:45:00+00:00,1.9494600296020508,1.9503999948501587,1.9490599632263184,1.9494199752807617,0,0.0,0.0
2026-02-05 09:00:00+00:00,1.9493199586868286,1.9515700340270996,1.9487600326538086,1.9490599632263184,0,0.0,0.0
2026-02-05 09:15:00+00:00,1.9491499662399292,1.9495400190353394,1.946810007095337,1.9480400085449219,0,0.0,0.0
2026-02-05 09:30:00+00:00,1.9478299617767334,1.948009967803955,1.9450099468231201,1.9450900554656982,0,0.0,0.0
2026-02-05 09:45:00+00:00,1.9450700283050537,1.947309970855713,1.9439200162887573,1.9470399618148804,0,0.0,0.0
2026-02-05 10:00:00+00:00,1.9471299648284912,1.948580026626587,1.9464800357818604,1.9478600025177002,0,0.0,0.0
2026-02-05 10:15:00+00:00,1.947890043258667,1.9485399723052979,1.9470800161361694,1.9478800296783447,0,0.0,0.0
2026-02-05 10:30:00+00:00,1.9478800296783447,1.9498399496078491,1.9478199481964111,1.9496999979019165,0,0.0,0.0
2026-02-05 10:45:00+00:00,1.9496999979019165,1.9498499631881714,1.9476799964904785,1.9478600025177002,0,0.0,0.0
2026-02-05 11:00:00+00:00,1.9479700326919556,1.9482899904251099,1.9460699558258057,1.9471999406814575,0,0.0,0.0
2026-02-05 11:15:00+00:00,1.9471499919891357,1.9490300416946411,1.947059988975525,1.9485900402069092,0,0.0,0.0
2026-02-05 11:30:00+00:00,1.9485900402069092,1.9492000341415405,1.9475799798965454,1.9488600492477417,0,0.0,0.0
2026-02-05 11:45:00+00:00,1.9487799406051636,1.9502700567245483,1.9485499858856201,1.9498499631881714,0,0.0,0.0
2026-02-05 12:00:00+00:00,1.9497699737548828,1.9499399662017822,1.941290020942688,1.9434499740600586,0,0.0,0.0
2026-02-05 12:15:00+00:00,1.943519949913025,1.9457299709320068,1.942929983139038,1.9454799890518188,0,0.0,0.0
2026-02-05 12:30:00+00:00,1.9456000328063965,1.948449969291687,1.9447499513626099,1.948259949684143,0,0.0,0.0
2026-02-05 12:45:00+00:00,1.9482699632644653,1.9501399993896484,1.9477699995040894,1.948390007019043,0,0.0,0.0
2026-02-05 13:00:00+00:00,1.948390007019043,1.949530005455017,1.9456599950790405,1.9460200071334839,0,0.0,0.0
2026-02-05 13:15:00+00:00,1.9461300373077393,1.9486600160598755,1.945770025253296,1.9480500221252441,0,0.0,0.0
2026-02-05 13:30:00+00:00,1.9477699995040894,1.9489099979400635,1.9464999437332153,1.9473799467086792,0,0.0,0.0
2026-02-05 13:45:00+00:00,1.9473799467086792,1.9494199752807617,1.9465999603271484,1.9492100477218628,0,0.0,0.0
2026-02-05 14:00:00+00:00,1.9491900205612183,1.9495600461959839,1.9464800357818604,1.9471900463104248,0,0.0,0.0
2026-02-05 14:15:00+00:00,1.9471299648284912,1.9484299421310425,1.9465399980545044,1.9474300146102905,0,0.0,0.0
2026-02-05 14:30:00+00:00,1.947409987449646,1.9494400024414062,1.9436500072479248,1.944200038909912,0,0.0,0.0
2026-02-05 14:45:00+00:00,1.944309949874878,1.9445799589157104,1.9412699937820435,1.9423600435256958,0,0.0,0.0
2026-02-05 15:00:00+00:00,1.942080020904541,1.9480600357055664,1.940269947052002,1.9478299617767334,0,0.0,0.0
2026-02-05 15:15:00+00:00,1.9478100538253784,1.9485000371932983,1.9451299905776978,1.9473799467086792,0,0.0,0.0
2026-02-05 15:30:00+00:00,1.947219967842102,1.9492000341415405,1.9462800025939941,1.9472600221633911,0,0.0,0.0
2026-02-05 15:45:00+00:00,1.9472600221633911,1.9490000009536743,1.9453500509262085,1.945580005645752,0,0.0,0.0
2026-02-05 16:00:00+00:00,1.9456000328063965,1.9467400312423706,1.9444700479507446,1.9466400146484375,0,0.0,0.0
2026-02-05 16:15:00+00:00,1.9465899467468262,1.9466899633407593,1.9428999423980713,1.9436099529266357,0,0.0,0.0
2026-02-05 16:30:00+00:00,1.9433300495147705,1.9445600509643555,1.9427200555801392,1.9441900253295898,0,0.0,0.0
2026-02-05 16:45:00+00:00,1.944290041923523,1.9453999996185303,1.9424799680709839,1.9431400299072266,0,0.0,0.0
2026-02-05 17:00:00+00:00,1.9430400133132935,1.9449599981307983,1.9428600072860718,1.9444199800491333,0,0.0,0.0
2026-02-05 17:15:00+00:00,1.944350004196167,1.945449948310852,1.9430899620056152,1.94350004196167,0,0.0,0.0
2026-02-05 17:30:00+00:00,1.9435499906539917,1.9446899890899658,1.9426300525665283,1.9429099559783936,0,0.0,0.0
2026-02-05 17:45:00+00:00,1.9428999423980713,1.9440100193023682,1.9420599937438965,1.9439400434494019,0,0.0,0.0
2026-02-05 18:00:00+00:00,1.943850040435791,1.9451600313186646,1.9434200525283813,1.9446799755096436,0,0.0,0.0
2026-02-05 18:15:00+00:00,1.9446699619293213,1.9456100463867188,1.9444600343704224,1.9451299905776978,0,0.0,0.0
2026-02-05 18:30:00+00:00,1.9451600313186646,1.9459600448608398,1.944890022277832,1.945180058479309,0,0.0,0.0
2026-02-05 18:45:00+00:00,1.9452300071716309,1.9461899995803833,1.9450099468231201,1.945639967918396,0,0.0,0.0
2026-02-05 19:00:00+00:00,1.9456599950790405,1.9457900524139404,1.9436299800872803,1.9442100524902344,0,0.0,0.0
2026-02-05 19:15:00+00:00,1.9442100524902344,1.9445300102233887,1.9435499906539917,1.944350004196167,0,0.0,0.0
2026-02-05 19:30:00+00:00,1.9443700313568115,1.94582998752594,1.9443399906158447,1.9456499814987183,0,0.0,0.0
2026-02-05 19:45:00+00:00,1.9457600116729736,1.9470000267028809,1.945199966430664,1.9466500282287598,0,0.0,0.0
2026-02-05 20:00:00+00:00,1.9466500282287598,1.9469000101089478,1.9448299407958984,1.9455100297927856,0,0.0,0.0
2026-02-05 20:15:00+00:00,1.9455699920654297,1.9477699995040894,1.9455100297927856,1.9476100206375122,0,0.0,0.0
2026-02-05 20:30:00+00:00,1.9475500583648682,1.9490599632263184,1.9473299980163574,1.9485399723052979,0,0.0,0.0
2026-02-05 20:45:00+00:00,1.9485700130462646,1.94992995262146,1.9484200477600098,1.9496300220489502,0,0.0,0.0
2026-02-05 21:00:00+00:00,1.9495699405670166,1.9514199495315552,1.9489500522613525,1.9502400159835815,0,0.0,0.0
2026-02-05 21:15:00+00:00,1.9502400159835815,1.9513299465179443,1.94992995262146,1.9511799812316895,0,0.0,0.0
2026-02-05 21:30:00+00:00,1.9511899948120117,1.9525200128555298,1.9506800174713135,1.952280044555664,0,0.0,0.0
2026-02-05 21:45:00+00:00,1.952370047569275,1.9532899856567383,1.9514299631118774,1.9528199434280396,0,0.0,0.0
2026-02-05 22:00:00+00:00,1.9510200023651123,1.9538400173187256,1.9492299556732178,1.9507100582122803,0,0.0,0.0
2026-02-05 22:15:00+00:00,1.9509600400924683,1.952720046043396,1.9492499828338623,1.952589988708496,0,0.0,0.0
2026-02-05 22:30:00+00:00,1.9512900114059448,1.953279972076416,1.9511100053787231,1.9522900581359863,0,0.0,0.0
2026-02-05 22:45:00+00:00,1.9522900581359863,1.9535499811172485,1.9513700008392334,1.952679991722107,0,0.0,0.0
2026-02-05 23:00:00+00:00,1.95169997215271,1.9538700580596924,1.95169997215271,1.953070044517517,0,0.0,0.0
2026-02-05 23:15:00+00:00,1.953279972076416,1.9546699523925781,1.952929973602295,1.9536999464035034,0,0.0,0.0
2026-02-05 23:30:00+00:00,1.9536999464035034,1.9553799629211426,1.9533499479293823,1.9549299478530884,0,0.0,0.0
2026-02-05 23:45:00+00:00,1.9549299478530884,1.9560999870300293,1.9547100067138672,1.9551000595092773,0,0.0,0.0
2026-02-06 00:00:00+00:00,1.9548699855804443,1.9579399824142456,1.954740047454834,1.9577300548553467,0,0.0,0.0
2026-02-06 00:15:00+00:00,1.9577900171279907,1.9586600065231323,1.9547699689865112,1.9557900428771973,0,0.0,0.0
2026-02-06 00:30:00+00:00,1.9558600187301636,1.9559299945831299,1.9538999795913696,1.9543800354003906,0,0.0,0.0
2026-02-06 00:45:00+00:00,1.9543700218200684,1.9556900262832642,1.9541499614715576,1.9546899795532227,0,0.0,0.0
2026-02-06 01:00:00+00:00,1.9545799493789673,1.955489993095398,1.953320026397705,1.9552199840545654,0,0.0,0.0
2026-02-06 01:15:00+00:00,1.9553899765014648,1.9572199583053589,1.9549100399017334,1.955970048904419,0,0.0,0.0
2026-02-06 01:30:00+00:00,1.955970048904419,1.95632004737854,1.953529953956604,1.9537099599838257,0,0.0,0.0
2026-02-06 01:45:00+00:00,1.9535599946975708,1.9538899660110474,1.9517600536346436,1.9523600339889526,0,0.0,0.0
2026-02-06 02:00:00+00:00,1.9523999691009521,1.9524999856948853,1.9501899480819702,1.9508999586105347,0,0.0,0.0
2026-02-06 02:15:00+00:00,1.9508899450302124,1.9518300294876099,1.9503099918365479,1.9508399963378906,0,0.0,0.0
2026-02-06 02:30:00+00:00,1.9507800340652466,1.9517099857330322,1.9502899646759033,1.9512200355529785,0,0.0,0.0
2026-02-06 02:45:00+00:00,1.951050043106079,1.9524099826812744,1.9509400129318237,1.9523299932479858,0,0.0,0.0
2026-02-06 03:00:00+00:00,1.9522900581359863,1.9529999494552612,1.9515000581741333,1.9528900384902954,0,0.0,0.0
2026-02-06 03:15:00+00:00,1.9528100490570068,1.953529953956604,1.952370047569275,1.9525500535964966,0,0.0,0.0
2026-02-06 03:30:00+00:00,1.952589988708496,1.953220009803772,1.9518500566482544,1.9526000022888184,0,0.0,0.0
2026-02-06 03:45:00+00:00,1.9526000022888184,1.9531500339508057,1.9514199495315552,1.951550006866455,0,0.0,0.0
2026-02-06 04:00:00+00:00,1.951550006866455,1.9521600008010864,1.9512100219726562,1.9516099691390991,0,0.0,0.0
2026-02-06 04:15:00+00:00,1.9517099857330322,1.953179955482483,1.9513599872589111,1.9527900218963623,0,0.0,0.0
2026-02-06 04:30:00+00:00,1.952720046043396,1.9539300203323364,1.9524799585342407,1.9535200595855713,0,0.0,0.0
2026-02-06 04:45:00+00:00,1.9534399509429932,1.953760027885437,1.9526000022888184,1.9528599977493286,0,0.0,0.0
2026-02-06 05:00:00+00:00,1.9528199434280396,1.9537099599838257,1.9520900249481201,1.9526000022888184,0,0.0,0.0
2026-02-06 05:15:00+00:00,1.9524600505828857,1.9531400203704834,1.9511899948120117,1.9516500234603882,0,0.0,0.0
2026-02-06 05:30:00+00:00,1.951550006866455,1.9520200490951538,1.9508999586105347,1.9511699676513672,0,0.0,0.0
2026-02-06 05:45:00+00:00,1.951390027999878,1.9516799449920654,1.9505200386047363,1.9508099555969238,0,0.0,0.0
2026-02-06 06:00:00+00:00,1.950760006904602,1.9512799978256226,1.9493800401687622,1.9498200416564941,0,0.0,0.0
2026-02-06 06:15:00+00:00,1.9498200416564941,1.951069951057434,1.9493499994277954,1.950469970703125,0,0.0,0.0
2026-02-06 06:30:00+00:00,1.950469970703125,1.951390027999878,1.9502999782562256,1.950850009918213,0,0.0,0.0
2026-02-06 06:45:00+00:00,1.950719952583313,1.950950026512146,1.9500099420547485,1.9501299858093262,0,0.0,0.0
2026-02-06 07:00:00+00:00,1.9500999450683594,1.951069951057434,1.9500499963760376,1.950760006904602,0,0.0,0.0
2026-02-06 07:15:00+00:00,1.9508299827575684,1.9513700008392334,1.9497699737548828,1.950279951095581,0,0.0,0.0
2026-02-06 07:30:00+00:00,1.950279951095581,1.9511499404907227,1.949720025062561,1.950219988822937,0,0.0,0.0
2026-02-06 07:45:00+00:00,1.950160026550293,1.9503899812698364,1.9489200115203857,1.949180006980896,0,0.0,0.0
2026-02-06 08:00:00+00:00,1.9492700099945068,1.9507399797439575,1.9489200115203857,1.9497400522232056,0,0.0,0.0
2026-02-06 08:15:00+00:00,1.9496899843215942,1.9497499465942383,1.9479700326919556,1.948830008506775,0,0.0,0.0
2026-02-06 08:30:00+00:00,1.9488699436187744,1.9490000009536743,1.9479000568389893,1.94868004322052,0,0.0,0.0
2026-02-06 08:45:00+00:00,1.948699951171875,1.9493499994277954,1.9478800296783447,1.948490023612976,0,0.0,0.0
2026-02-06 09:00:00+00:00,1.9483799934387207,1.9492100477218628,1.9481500387191772,1.9484599828720093,0,0.0,0.0
2026-02-06 09:15:00+00:00,1.9484100341796875,1.9492499828338623,1.9470900297164917,1.9475599527359009,0,0.0,0.0
2026-02-06 09:30:00+00:00,1.9473400115966797,1.9478700160980225,1.9466300010681152,1.9473600387573242,0,0.0,0.0
2026-02-06 09:45:00+00:00,1.947309970855713,1.9474300146102905,1.945989966392517,1.9461499452590942,0,0.0,0.0
2026-02-06 10:00:00+00:00,1.9461499452590942,1.9470100402832031,1.9460400342941284,1.946720004081726,0,0.0,0.0
2026-02-06 10:15:00+00:00,1.9467899799346924,1.9482899904251099,1.9464499950408936,1.9476499557495117,0,0.0,0.0
2026-02-06 10:30:00+00:00,1.9476699829101562,1.9478100538253784,1.9460599422454834,1.9466700553894043,0,0.0,0.0
2026-02-06 10:45:00+00:00,1.9466099739074707,1.9469499588012695,1.9461400508880615,1.9466300010681152,0,0.0,0.0
2026-02-06 11:00:00+00:00,1.9465800523757935,1.947219967842102,1.9459799528121948,1.9463200569152832,0,0.0,0.0
2026-02-06 11:15:00+00:00,1.946310043334961,1.9476300477981567,1.945870041847229,1.9472899436950684,0,0.0,0.0
2026-02-06 11:30:00+00:00,1.9472399950027466,1.9474200010299683,1.9456900358200073,1.945930004119873,0,0.0,0.0
2026-02-06 11:45:00+00:00,1.9460200071334839,1.9460300207138062,1.9441499710083008,1.9444799423217773,0,0.0,0.0
2026-02-06 12:00:00+00:00,1.944409966468811,1.9465399980545044,1.944409966468811,1.9460500478744507,0,0.0,0.0
2026-02-06 12:15:00+00:00,1.9460999965667725,1.9470200538635254,1.9457099437713623,1.9460500478744507,0,0.0,0.0
2026-02-06 12:30:00+00:00,1.9460599422454834,1.9465700387954712,1.945289969444275,1.9464399814605713,0,0.0,0.0
2026-02-06 12:45:00+00:00,1.9464600086212158,1.947119951248169,1.9456199407577515,1.945739984512329,0,0.0,0.0
2026-02-06 13:00:00+00:00,1.9457099437713623,1.9459400177001953,1.9445199966430664,1.9458099603652954,0,0.0,0.0
2026-02-06 13:15:00+00:00,1.945680022239685,1.946120023727417,1.9435900449752808,1.9444299936294556,0,0.0,0.0
2026-02-06 13:30:00+00:00,1.9443700313568115,1.9449299573898315,1.9431999921798706,1.9435299634933472,0,0.0,0.0
2026-02-06 13:45:00+00:00,1.9435100555419922,1.9444600343704224,1.942520022392273,1.9427200555801392,0,0.0,0.0
2026-02-06 14:00:00+00:00,1.9427499771118164,1.9435299634933472,1.9421900510787964,1.9431099891662598,0,0.0,0.0
2026-02-06 14:15:00+00:00,1.9431999921798706,1.9442100524902344,1.9425300359725952,1.9436700344085693,0,0.0,0.0
2026-02-06 14:30:00+00:00,1.9436999559402466,1.9440399408340454,1.9403300285339355,1.9404499530792236,0,0.0,0.0
2026-02-06 14:45:00+00:00,1.940619945526123,1.9426900148391724,1.9399900436401367,1.9413299560546875,0,0.0,0.0
2026-02-06 15:00:00+00:00,1.9414000511169434,1.9429099559783936,1.9412000179290771,1.9424999952316284,0,0.0,0.0
2026-02-06 15:15:00+00:00,1.9424999952316284,1.943410038948059,1.940459966659546,1.9406800270080566,0,0.0,0.0
2026-02-06 15:30:00+00:00,1.9408199787139893,1.94159996509552,1.939810037612915,1.9400999546051025,0,0.0,0.0
2026-02-06 15:45:00+00:00,1.9401899576187134,1.9435700178146362,1.9400399923324585,1.9432200193405151,0,0.0,0.0
2026-02-06 16:00:00+00:00,1.9431400299072266,1.9432400465011597,1.9402899742126465,1.940619945526123,0,0.0,0.0
2026-02-06 16:15:00+00:00,1.9404799938201904,1.9415700435638428,1.9397599697113037,1.9413199424743652,0,0.0,0.0
2026-02-06 16:30:00+00:00,1.9411799907684326,1.9415899515151978,1.9394999742507935,1.9399199485778809,0,0.0,0.0
2026-02-06 16:45:00+00:00,1.9399199485778809,1.9401700496673584,1.9393399953842163,1.9397200345993042,0,0.0,0.0
2026-02-06 17:00:00+00:00,1.9397499561309814,1.9400099515914917,1.938099980354309,1.9385900497436523,0,0.0,0.0
2026-02-06 17:15:00+00:00,1.9385900497436523,1.939039945602417,1.9382100105285645,1.9386299848556519,0,0.0,0.0
2026-02-06 17:30:00+00:00,1.9386099576950073,1.9404100179672241,1.937459945678711,1.9396899938583374,0,0.0,0.0
2026-02-06 17:45:00+00:00,1.9396899938583374,1.9399000406265259,1.9390000104904175,1.9395999908447266,0,0.0,0.0
2026-02-06 18:00:00+00:00,1.939520001411438,1.9396899938583374,1.9383599758148193,1.9391299486160278,0,0.0,0.0
2026-02-06 18:15:00+00:00,1.9391299486160278,1.9400099515914917,1.9389300346374512,1.93927001953125,0,0.0,0.0
2026-02-06 18:30:00+00:00,1.93927001953125,1.9399499893188477,1.939170002937317,1.9399399757385254,0,0.0,0.0
2026-02-06 18:45:00+00:00,1.9399499893188477,1.9400899410247803,1.9394500255584717,1.9398200511932373,0,0.0,0.0
2026-02-06 19:00:00+00:00,1.93982994556427,1.9404900074005127,1.9395699501037598,1.9403799772262573,0,0.0,0.0
2026-02-06 19:15:00+00:00,1.9404499530792236,1.940600037574768,1.9397200345993042,1.9398499727249146,0,0.0,0.0
2026-02-06 19:30:00+00:00,1.9398499727249146,1.9410799741744995,1.9398000240325928,1.9408600330352783,0,0.0,0.0
2026-02-06 19:45:00+00:00,1.9408600330352783,1.9409899711608887,1.9400800466537476,1.9402899742126465,0,0.0,0.0
2026-02-06 20:00:00+00:00,1.9403300285339355,1.940690040588379,1.9399199485778809,1.9400299787521362,0,0.0,0.0
2026-02-06 20:15:00+00:00,1.940119981765747,1.940209984779358,1.9396100044250488,1.93982994556427,0,0.0,0.0
2026-02-06 20:30:00+00:00,1.939869999885559,1.940250039100647,1.9396400451660156,1.93996000289917,0,0.0,0.0
2026-02-06 20:45:00+00:00,1.93996000289917,1.9403799772262573,1.939520001411438,1.9403200149536133,0,0.0,0.0
2026-02-06 21:00:00+00:00,1.9404000043869019,1.9404699802398682,1.939460039138794,1.9395899772644043,0,0.0,0.0
2026-02-06 21:15:00+00:00,1.9395899772644043,1.9397599697113037,1.9389100074768066,1.9390699863433838,0,0.0,0.0
2026-02-06 21:30:00+00:00,1.9389400482177734,1.9397200345993042,1.938830018043518,1.939560055732727,0,0.0,0.0
2026-02-06 21:45:00+00:00,1.9396400451660156,1.940500020980835,1.937540054321289,1.9394999742507935,0,0.0,0.0
2026-02-06 22:00:00+00:00,1.9404900074005127,1.9404900074005127,1.9401600360870361,1.9401600360870361,0,0.0,0.0
2026-02-06 22:15:00+00:00,1.9401600360870361,1.9401600360870361,1.9401600360870361,1.9401600360870361,0,0.0,0.0
2026-02-06 22:30:00+00:00,1.9401600360870361,1.9401600360870361,1.9401600360870361,1.9401600360870361,0,0.0,0.0
2026-02-09 00:00:00+00:00,1.9341200590133667,1.9368400573730469,1.9341200590133667,1.936329960823059,0,0.0,0.0
2026-02-09 00:15:00+00:00,1.936269998550415,1.9368000030517578,1.9348900318145752,1.9351500272750854,0,0.0,0.0
2026-02-09 00:30:00+00:00,1.9350700378417969,1.9371399879455566,1.934880018234253,1.9366400241851807,0,0.0,0.0
2026-02-09 00:45:00+00:00,1.9366400241851807,1.937980055809021,1.9363800287246704,1.9376800060272217,0,0.0,0.0
2026-02-09 01:00:00+00:00,1.9376800060272217,1.9384000301361084,1.936750054359436,1.9377000331878662,0,0.0,0.0
2026-02-09 01:15:00+00:00,1.9377299547195435,1.9386399984359741,1.9375900030136108,1.938480019569397,0,0.0,0.0
2026-02-09 01:30:00+00:00,1.9386399984359741,1.9389400482177734,1.9367799758911133,1.9369399547576904,0,0.0,0.0
2026-02-09 01:45:00+00:00,1.9368000030517578,1.9379500150680542,1.9361000061035156,1.9377000331878662,0,0.0,0.0
2026-02-09 02:00:00+00:00,1.9378700256347656,1.9379700422286987,1.935479998588562,1.9359500408172607,0,0.0,0.0
2026-02-09 02:15:00+00:00,1.9358799457550049,1.9362800121307373,1.9350099563598633,1.935439944267273,0,0.0,0.0
2026-02-09 02:30:00+00:00,1.935289978981018,1.9356600046157837,1.9346100091934204,1.935349941253662,0,0.0,0.0
2026-02-09 02:45:00+00:00,1.935230016708374,1.93681001663208,1.935230016708374,1.9358700513839722,0,0.0,0.0
2026-02-09 03:00:00+00:00,1.9359699487686157,1.936110019683838,1.934689998626709,1.935379981994629,0,0.0,0.0
2026-02-09 03:15:00+00:00,1.9354100227355957,1.9362599849700928,1.9350999593734741,1.935789942741394,0,0.0,0.0
2026-02-09 03:30:00+00:00,1.935789942741394,1.936650037765503,1.935789942741394,1.9359500408172607,0,0.0,0.0
2026-02-09 03:45:00+00:00,1.9359500408172607,1.936959981918335,1.9354499578475952,1.9364999532699585,0,0.0,0.0
2026-02-09 04:00:00+00:00,1.9364999532699585,1.9370800256729126,1.9362499713897705,1.9366400241851807,0,0.0,0.0
2026-02-09 04:15:00+00:00,1.9366600513458252,1.9371700286865234,1.9364099502563477,1.9369200468063354,0,0.0,0.0
2026-02-09 04:30:00+00:00,1.9368300437927246,1.9372299909591675,1.9358500242233276,1.9363600015640259,0,0.0,0.0
2026-02-09 04:45:00+00:00,1.9363600015640259,1.9370499849319458,1.936169981956482,1.9366899728775024,0,0.0,0.0
2026-02-09 05:00:00+00:00,1.9366999864578247,1.9370399713516235,1.936210036277771,1.93681001663208,0,0.0,0.0
2026-02-09 05:15:00+00:00,1.9368699789047241,1.937399983406067,1.9364700317382812,1.9371099472045898,0,0.0,0.0
2026-02-09 05:30:00+00:00,1.9370399713516235,1.9373799562454224,1.936400055885315,1.9368200302124023,0,0.0,0.0
2026-02-09 05:45:00+00:00,1.9369100332260132,1.9373799562454224,1.9364800453186035,1.936769962310791,0,0.0,0.0
2026-02-09 06:00:00+00:00,1.9366600513458252,1.9374500513076782,1.9356900453567505,1.9361900091171265,0,0.0,0.0
2026-02-09 06:15:00+00:00,1.9361900091171265,1.9372700452804565,1.9351500272750854,1.9355100393295288,0,0.0,0.0
2026-02-09 06:30:00+00:00,1.935349941253662,1.9362599849700928,1.934559941291809,1.9349900484085083,0,0.0,0.0
2026-02-09 06:45:00+00:00,1.9348900318145752,1.9356499910354614,1.934190034866333,1.9342399835586548,0,0.0,0.0
2026-02-09 07:00:00+00:00,1.9342999458312988,1.9344099760055542,1.9320900440216064,1.9320900440216064,0,0.0,0.0
2026-02-09 07:15:00+00:00,1.9321399927139282,1.9335800409317017,1.931689977645874,1.932170033454895,0,0.0,0.0
2026-02-09 07:30:00+00:00,1.932170033454895,1.933899998664856,1.9321500062942505,1.9333900213241577,0,0.0,0.0
2026-02-09 07:45:00+00:00,1.9334900379180908,1.9345799684524536,1.9327900409698486,1.9342600107192993,0,0.0,0.0
2026-02-09 08:00:00+00:00,1.9343199729919434,1.9346400499343872,1.9329899549484253,1.9341700077056885,0,0.0,0.0
2026-02-09 08:15:00+00:00,1.9340499639511108,1.9344899654388428,1.9334800243377686,1.9339499473571777,0,0.0,0.0
2026-02-09 08:30:00+00:00,1.9338899850845337,1.9341599941253662,1.9322199821472168,1.9325799942016602,0,0.0,0.0
2026-02-09 08:45:00+00:00,1.9325599670410156,1.933359980583191,1.9320600032806396,1.932379961013794,0,0.0,0.0
2026-02-09 09:00:00+00:00,1.9323300123214722,1.933459997177124,1.932129979133606,1.9327199459075928,0,0.0,0.0
2026-02-09 09:15:00+00:00,1.9325799942016602,1.9327499866485596,1.93094003200531,1.931249976158142,0,0.0,0.0
2026-02-09 09:30:00+00:00,1.931249976158142,1.9324899911880493,1.9311100244522095,1.931920051574707,0,0.0,0.0
2026-02-09 09:45:00+00:00,1.931920051574707,1.9341399669647217,1.9318300485610962,1.9335600137710571,0,0.0,0.0
2026-02-09 10:00:00+00:00,1.9335500001907349,1.9361300468444824,1.9334299564361572,1.9358799457550049,0,0.0,0.0
2026-02-09 10:15:00+00:00,1.9359500408172607,1.9371999502182007,1.935670018196106,1.937059998512268,0,0.0,0.0
2026-02-09 10:30:00+00:00,1.9369900226593018,1.9391599893569946,1.9368000030517578,1.938920021057129,0,0.0,0.0
2026-02-09 10:45:00+00:00,1.938920021057129,1.9393600225448608,1.9377299547195435,1.9382400512695312,0,0.0,0.0
2026-02-09 11:00:00+00:00,1.9382200241088867,1.9396899938583374,1.9363700151443481,1.939620018005371,0,0.0,0.0
2026-02-09 11:15:00+00:00,1.9395300149917603,1.9396599531173706,1.9376300573349,1.9381099939346313,0,0.0,0.0
2026-02-09 11:30:00+00:00,1.9381099939346313,1.9392499923706055,1.937809944152832,1.938770055770874,0,0.0,0.0
2026-02-09 11:45:00+00:00,1.938889980316162,1.939620018005371,1.937809944152832,1.9380300045013428,0,0.0,0.0
2026-02-09 12:00:00+00:00,1.9381999969482422,1.938420057296753,1.936900019645691,1.9372299909591675,0,0.0,0.0
2026-02-09 12:15:00+00:00,1.9372299909591675,1.937880039215088,1.93641996383667,1.9371099472045898,0,0.0,0.0
2026-02-09 12:30:00+00:00,1.937150001525879,1.937999963760376,1.9368400573730469,1.9379600286483765,0,0.0,0.0
2026-02-09 12:45:00+00:00,1.937999963760376,1.938349962234497,1.936769962310791,1.9378399848937988,0,0.0,0.0
2026-02-09 13:00:00+00:00,1.9377100467681885,1.9378700256347656,1.9347800016403198,1.9349199533462524,0,0.0,0.0
2026-02-09 13:15:00+00:00,1.9349499940872192,1.9358199834823608,1.933859944343567,1.9344500303268433,0,0.0,0.0
2026-02-09 13:30:00+00:00,1.9344700574874878,1.9351400136947632,1.9340100288391113,1.934440016746521,0,0.0,0.0
2026-02-09 13:45:00+00:00,1.934540033340454,1.934939980506897,1.9336899518966675,1.934399962425232,0,0.0,0.0
2026-02-09 14:00:00+00:00,1.934399962425232,1.93464994430542,1.9287099838256836,1.928920030593872,0,0.0,0.0
2026-02-09 14:15:00+00:00,1.928920030593872,1.9317200183868408,1.928820013999939,1.9304800033569336,0,0.0,0.0
2026-02-09 14:30:00+00:00,1.930340051651001,1.9314700365066528,1.9268100261688232,1.9273500442504883,0,0.0,0.0
2026-02-09 14:45:00+00:00,1.9273600578308105,1.9282000064849854,1.9263700246810913,1.9269200563430786,0,0.0,0.0
2026-02-09 15:00:00+00:00,1.926900029182434,1.9300899505615234,1.9261499643325806,1.9298499822616577,0,0.0,0.0
2026-02-09 15:15:00+00:00,1.9297499656677246,1.931339979171753,1.92917001247406,1.9294699430465698,0,0.0,0.0
2026-02-09 15:30:00+00:00,1.9294899702072144,1.9305800199508667,1.927459955215454,1.9299900531768799,0,0.0,0.0
2026-02-09 15:45:00+00:00,1.9299999475479126,1.9315799474716187,1.9293999671936035,1.9294400215148926,0,0.0,0.0
2026-02-09 16:00:00+00:00,1.9295300245285034,1.9311800003051758,1.9292500019073486,1.930899977684021,0,0.0,0.0
2026-02-09 16:15:00+00:00,1.9310100078582764,1.931130051612854,1.9284100532531738,1.929460048675537,0,0.0,0.0
2026-02-09 16:30:00+00:00,1.9294400215148926,1.9297399520874023,1.9285999536514282,1.9289599657058716,0,0.0,0.0
2026-02-09 16:45:00+00:00,1.9290599822998047,1.92917001247406,1.9281400442123413,1.928279995918274,0,0.0,0.0
2026-02-09 17:00:00+00:00,1.9283100366592407,1.928629994392395,1.9277199506759644,1.9283100366592407,0,0.0,0.0
2026-02-09 17:15:00+00:00,1.928279995918274,1.9292000532150269,1.9279799461364746,1.9291199445724487,0,0.0,0.0
2026-02-09 17:30:00+00:00,1.9290800094604492,1.9292900562286377,1.9285000562667847,1.929229974746704,0,0.0,0.0
2026-02-09 17:45:00+00:00,1.9292500019073486,1.9294300079345703,1.9285999536514282,1.9287500381469727,0,0.0,0.0
2026-02-09 18:00:00+00:00,1.9287400245666504,1.928920030593872,1.9274799823760986,1.9277199506759644,0,0.0,0.0
2026-02-09 18:15:00+00:00,1.9277100563049316,1.9292800426483154,1.9276700019836426,1.9287199974060059,0,0.0,0.0
2026-02-09 18:30:00+00:00,1.9286099672317505,1.9295200109481812,1.9284900426864624,1.929229974746704,0,0.0,0.0
2026-02-09 18:45:00+00:00,1.929260015487671,1.929819941520691,1.9291599988937378,1.9297900199890137,0,0.0,0.0
2026-02-09 19:00:00+00:00,1.9297499656677246,1.9302300214767456,1.9292900562286377,1.9299299716949463,0,0.0,0.0
2026-02-09 19:15:00+00:00,1.9298700094223022,1.9301700592041016,1.9292399883270264,1.9298700094223022,0,0.0,0.0
2026-02-09 19:30:00+00:00,1.9297499656677246,1.9301400184631348,1.92917001247406,1.9298800230026245,0,0.0,0.0
2026-02-09 19:45:00+00:00,1.9298499822616577,1.9304399490356445,1.9296599626541138,1.9300899505615234,0,0.0,0.0
2026-02-09 20:00:00+00:00,1.9300800561904907,1.9304100275039673,1.929819941520691,1.9301799535751343,0,0.0,0.0
2026-02-09 20:15:00+00:00,1.9302200078964233,1.930649995803833,1.9300099611282349,1.9305700063705444,0,0.0,0.0
2026-02-09 20:30:00+00:00,1.9305700063705444,1.9309099912643433,1.9303499460220337,1.9306700229644775,0,0.0,0.0
2026-02-09 20:45:00+00:00,1.9306700229644775,1.9307500123977661,1.9302699565887451,1.9306800365447998,0,0.0,0.0
2026-02-09 21:00:00+00:00,1.9306000471115112,1.9309899806976318,1.9301899671554565,1.9309099912643433,0,0.0,0.0
2026-02-09 21:15:00+00:00,1.9308899641036987,1.9312599897384644,1.930400013923645,1.9305800199508667,0,0.0,0.0
2026-02-09 21:30:00+00:00,1.9305000305175781,1.9313199520111084,1.9304200410842896,1.931149959564209,0,0.0,0.0
2026-02-09 21:45:00+00:00,1.931130051612854,1.9312200546264648,1.92917001247406,1.9291900396347046,0,0.0,0.0
2026-02-09 22:00:00+00:00,1.929479956626892,1.9320600032806396,1.9291900396347046,1.930799961090088,0,0.0,0.0
2026-02-09 22:15:00+00:00,1.9297699928283691,1.9316400289535522,1.9272700548171997,1.9288599491119385,0,0.0,0.0
2026-02-09 22:30:00+00:00,1.9288599491119385,1.9311699867248535,1.9272099733352661,1.9301799535751343,0,0.0,0.0
2026-02-09 22:45:00+00:00,1.9308799505233765,1.9320000410079956,1.9282499551773071,1.9302200078964233,0,0.0,0.0
2026-02-09 23:00:00+00:00,1.9302300214767456,1.9320199489593506,1.9290399551391602,1.9315299987792969,0,0.0,0.0
2026-02-09 23:15:00+00:00,1.93163001537323,1.9318100214004517,1.931130051612854,1.9312800168991089,0,0.0,0.0
2026-02-09 23:30:00+00:00,1.9314099550247192,1.9318599700927734,1.931030035018921,1.9313199520111084,0,0.0,0.0
2026-02-09 23:45:00+00:00,1.9314199686050415,1.9317799806594849,1.9310799837112427,1.9312399625778198,0,0.0,0.0
2026-02-10 00:00:00+00:00,1.931439995765686,1.9317799806594849,1.9307199716567993,1.9317500591278076,0,0.0,0.0
2026-02-10 00:15:00+00:00,1.931589961051941,1.9317500591278076,1.9308600425720215,1.9311699867248535,0,0.0,0.0
2026-02-10 00:30:00+00:00,1.931339979171753,1.9322799444198608,1.931149959564209,1.9316500425338745,0,0.0,0.0
2026-02-10 00:45:00+00:00,1.9318100214004517,1.9322500228881836,1.9314500093460083,1.9320900440216064,0,0.0,0.0
2026-02-10 01:00:00+00:00,1.9322700500488281,1.932379961013794,1.9311800003051758,1.9315099716186523,0,0.0,0.0
2026-02-10 01:15:00+00:00,1.9313900470733643,1.932170033454895,1.9310799837112427,1.9319100379943848,0,0.0,0.0
2026-02-10 01:30:00+00:00,1.931879997253418,1.9325300455093384,1.9311100244522095,1.931839942932129,0,0.0,0.0
2026-02-10 01:45:00+00:00,1.931839942932129,1.9322700500488281,1.9304100275039673,1.9305299520492554,0,0.0,0.0
2026-02-10 02:00:00+00:00,1.9305399656295776,1.9313499927520752,1.9302300214767456,1.9306600093841553,0,0.0,0.0
2026-02-10 02:15:00+00:00,1.9306800365447998,1.9315799474716187,1.9305499792099,1.931399941444397,0,0.0,0.0
2026-02-10 02:30:00+00:00,1.9312800168991089,1.932569980621338,1.9310400485992432,1.93163001537323,0,0.0,0.0
2026-02-10 02:45:00+00:00,1.9317799806594849,1.932479977607727,1.9310699701309204,1.932229995727539,0,0.0,0.0
2026-02-10 03:00:00+00:00,1.9323400259017944,1.9335500001907349,1.9320000410079956,1.9329700469970703,0,0.0,0.0
2026-02-10 03:15:00+00:00,1.9329700469970703,1.9341000318527222,1.9327900409698486,1.9338899850845337,0,0.0,0.0
2026-02-10 03:30:00+00:00,1.9338099956512451,1.9342999458312988,1.933419942855835,1.934000015258789,0,0.0,0.0
2026-02-10 03:45:00+00:00,1.9339200258255005,1.934440016746521,1.933650016784668,1.9338799715042114,0,0.0,0.0
2026-02-10 04:00:00+00:00,1.9339200258255005,1.934000015258789,1.9327800273895264,1.932960033416748,0,0.0,0.0
2026-02-10 04:15:00+00:00,1.9330600500106812,1.9338300228118896,1.9329299926757812,1.933419942855835,0,0.0,0.0
2026-02-10 04:30:00+00:00,1.9333900213241577,1.9345500469207764,1.9331899881362915,1.934399962425232,0,0.0,0.0
2026-02-10 04:45:00+00:00,1.934399962425232,1.9345899820327759,1.9336800575256348,1.9340699911117554,0,0.0,0.0
2026-02-10 05:00:00+00:00,1.9340699911117554,1.9344500303268433,1.933750033378601,1.9340300559997559,0,0.0,0.0
2026-02-10 05:15:00+00:00,1.9339699745178223,1.9345099925994873,1.933899998664856,1.9344300031661987,0,0.0,0.0
2026-02-10 05:30:00+00:00,1.9344300031661987,1.9346200227737427,1.9333100318908691,1.9336899518966675,0,0.0,0.0
2026-02-10 05:45:00+00:00,1.9337300062179565,1.9343600273132324,1.933459997177124,1.9337999820709229,0,0.0,0.0
2026-02-10 06:00:00+00:00,1.9338799715042114,1.9352999925613403,1.933590054512024,1.9349499940872192,0,0.0,0.0
2026-02-10 06:15:00+00:00,1.9349499940872192,1.9351500272750854,1.933940052986145,1.934980034828186,0,0.0,0.0
2026-02-10 06:30:00+00:00,1.9348399639129639,1.935289978981018,1.9342999458312988,1.934380054473877,0,0.0,0.0
2026-02-10 06:45:00+00:00,1.9345200061798096,1.9347800016403198,1.9339499473571777,1.934309959411621,0,0.0,0.0
2026-02-10 07:00:00+00:00,1.934249997138977,1.9344799518585205,1.9332799911499023,1.9339699745178223,0,0.0,0.0
2026-02-10 07:15:00+00:00,1.9340200424194336,1.934880018234253,1.9337999820709229,1.934749960899353,0,0.0,0.0
2026-02-10 07:30:00+00:00,1.9347000122070312,1.9351099729537964,1.9338799715042114,1.9339300394058228,0,0.0,0.0
2026-02-10 07:45:00+00:00,1.933940052986145,1.9344799518585205,1.9331799745559692,1.9333900213241577,0,0.0,0.0
2026-02-10 08:00:00+00:00,1.9332900047302246,1.9342299699783325,1.9320299625396729,1.932360053062439,0,0.0,0.0
2026-02-10 08:15:00+00:00,1.932360053062439,1.9335700273513794,1.931980013847351,1.9330099821090698,0,0.0,0.0
2026-02-10 08:30:00+00:00,1.9330799579620361,1.9339900016784668,1.9325900077819824,1.9336899518966675,0,0.0,0.0
2026-02-10 08:45:00+00:00,1.9336600303649902,1.9338500499725342,1.9325200319290161,1.9330799579620361,0,0.0,0.0
2026-02-10 09:00:00+00:00,1.9331400394439697,1.9335099458694458,1.9324300289154053,1.9324699640274048,0,0.0,0.0
2026-02-10 09:15:00+00:00,1.932479977607727,1.9327399730682373,1.9309699535369873,1.9311399459838867,0,0.0,0.0
2026-02-10 09:30:00+00:00,1.9310200214385986,1.9312100410461426,1.9304800033569336,1.9307899475097656,0,0.0,0.0
2026-02-10 09:45:00+00:00,1.930690050125122,1.932289958000183,1.9306600093841553,1.9320499897003174,0,0.0,0.0
2026-02-10 10:00:00+00:00,1.9319900274276733,1.932960033416748,1.9319599866867065,1.932960033416748,0,0.0,0.0
2026-02-10 10:15:00+00:00,1.9328900575637817,1.9332300424575806,1.9316500425338745,1.9319100379943848,0,0.0,0.0
2026-02-10 10:30:00+00:00,1.931879997253418,1.9320199489593506,1.9311699867248535,1.931570053100586,0,0.0,0.0
2026-02-10 10:45:00+00:00,1.931570053100586,1.9320399761199951,1.9312000274658203,1.9316200017929077,0,0.0,0.0
2026-02-10 11:00:00+00:00,1.9316200017929077,1.9320499897003174,1.930840015411377,1.931149959564209,0,0.0,0.0
2026-02-10 11:15:00+00:00,1.9310499429702759,1.931820034980774,1.9310400485992432,1.9312299489974976,0,0.0,0.0
2026-02-10 11:30:00+00:00,1.9311399459838867,1.9315600395202637,1.9308600425720215,1.9312399625778198,0,0.0,0.0
2026-02-10 11:45:00+00:00,1.9312399625778198,1.931879997253418,1.9310799837112427,1.931399941444397,0,0.0,0.0
2026-02-10 12:00:00+00:00,1.9313600063323975,1.9324100017547607,1.931089997291565,1.9323400259017944,0,0.0,0.0
2026-02-10 12:15:00+00:00,1.9322199821472168,1.9348599910736084,1.9319499731063843,1.9334900379180908,0,0.0,0.0
2026-02-10 12:30:00+00:00,1.933650016784668,1.934749960899353,1.932979941368103,1.9345899820327759,0,0.0,0.0
2026-02-10 12:45:00+00:00,1.934540033340454,1.9365299940109253,1.9342000484466553,1.9356000423431396,0,0.0,0.0
2026-02-10 13:00:00+00:00,1.9354900121688843,1.936329960823059,1.9339200258255005,1.9341800212860107,0,0.0,0.0
2026-02-10 13:15:00+00:00,1.9342600107192993,1.9346599578857422,1.9326900243759155,1.9333399534225464,0,0.0,0.0
2026-02-10 13:30:00+00:00,1.9330999851226807,1.9347399473190308,1.9314099550247192,1.9345300197601318,0,0.0,0.0
2026-02-10 13:45:00+00:00,1.9345099925994873,1.9346200227737427,1.9332400560379028,1.9338099956512451,0,0.0,0.0
2026-02-10 14:00:00+00:00,1.9336600303649902,1.9338500499725342,1.9313900470733643,1.9318000078201294,0,0.0,0.0
2026-02-10 14:15:00+00:00,1.9316999912261963,1.932170033454895,1.9309200048446655,1.93149995803833,0,0.0,0.0
2026-02-10 14:30:00+00:00,1.931439995765686,1.9326499700546265,1.9305399656295776,1.9323400259017944,0,0.0,0.0
2026-02-10 14:45:00+00:00,1.9323999881744385,1.9340100288391113,1.9304499626159668,1.9305800199508667,0,0.0,0.0
2026-02-10 15:00:00+00:00,1.9306399822235107,1.9312299489974976,1.9289400577545166,1.9301700592041016,0,0.0,0.0
2026-02-10 15:15:00+00:00,1.9299800395965576,1.9311399459838867,1.9294400215148926,1.9311200380325317,0,0.0,0.0
2026-02-10 15:30:00+00:00,1.9310599565505981,1.9313100576400757,1.9293999671936035,1.9302300214767456,0,0.0,0.0
2026-02-10 15:45:00+00:00,1.9302300214767456,1.931249976158142,1.9290000200271606,1.9298800230026245,0,0.0,0.0
2026-02-10 16:00:00+00:00,1.929960012435913,1.9305399656295776,1.9289000034332275,1.929919958114624,0,0.0,0.0
2026-02-10 16:15:00+00:00,1.9299099445343018,1.932669997215271,1.929900050163269,1.9325400590896606,0,0.0,0.0
2026-02-10 16:30:00+00:00,1.9326399564743042,1.9327399730682373,1.9307899475097656,1.9314199686050415,0,0.0,0.0
2026-02-10 16:45:00+00:00,1.9312900304794312,1.9326399564743042,1.9307899475097656,1.932360053062439,0,0.0,0.0
2026-02-10 17:00:00+00:00,1.9322600364685059,1.9329500198364258,1.931089997291565,1.9314600229263306,0,0.0,0.0
2026-02-10 17:15:00+00:00,1.9314500093460083,1.9315600395202637,1.9306000471115112,1.9307299852371216,0,0.0,0.0
2026-02-10 17:30:00+00:00,1.9307899475097656,1.9309099912643433,1.9295099973678589,1.9297599792480469,0,0.0,0.0
2026-02-10 17:45:00+00:00,1.9297599792480469,1.9302200078964233,1.9287300109863281,1.9299399852752686,0,0.0,0.0
2026-02-10 18:00:00+00:00,1.9299900531768799,1.9309500455856323,1.929900050163269,1.9304200410842896,0,0.0,0.0
2026-02-10 18:15:00+00:00,1.9303799867630005,1.9312900304794312,1.9297699928283691,1.9305299520492554,0,0.0,0.0
2026-02-10 18:30:00+00:00,1.9305499792099,1.9307299852371216,1.929550051689148,1.929610013961792,0,0.0,0.0
2026-02-10 18:45:00+00:00,1.929610013961792,1.9303799867630005,1.9292800426483154,1.9294300079345703,0,0.0,0.0
2026-02-10 19:00:00+00:00,1.9294400215148926,1.9298900365829468,1.9290499687194824,1.9292999505996704,0,0.0,0.0
2026-02-10 19:15:00+00:00,1.9292999505996704,1.929610013961792,1.9285600185394287,1.9286199808120728,0,0.0,0.0
2026-02-10 19:30:00+00:00,1.9285800457000732,1.9292800426483154,1.9282699823379517,1.929110050201416,0,0.0,0.0
2026-02-10 19:45:00+00:00,1.929029941558838,1.9292000532150269,1.928439974784851,1.9289499521255493,0,0.0,0.0
2026-02-10 20:00:00+00:00,1.929029941558838,1.9294300079345703,1.9288400411605835,1.9292999505996704,0,0.0,0.0
2026-02-10 20:15:00+00:00,1.9293400049209595,1.9295200109481812,1.9287199974060059,1.928920030593872,0,0.0,0.0
2026-02-10 20:30:00+00:00,1.9288899898529053,1.9290499687194824,1.9282900094985962,1.9284100532531738,0,0.0,0.0
2026-02-10 20:45:00+00:00,1.9284600019454956,1.9291399717330933,1.9282699823379517,1.9287400245666504,0,0.0,0.0
2026-02-10 21:00:00+00:00,1.9287999868392944,1.929129958152771,1.9277900457382202,1.927940011024475,0,0.0,0.0
2026-02-10 21:15:00+00:00,1.927940011024475,1.9284700155258179,1.927780032157898,1.9284199476242065,0,0.0,0.0
2026-02-10 21:30:00+00:00,1.9284199476242065,1.9284700155258179,1.927940011024475,1.9282100200653076,0,0.0,0.0
2026-02-10 21:45:00+00:00,1.9282100200653076,1.928320050239563,1.9270399808883667,1.9270999431610107,0,0.0,0.0
2026-02-10 22:00:00+00:00,1.926800012588501,1.9313299655914307,1.9264500141143799,1.9275000095367432,0,0.0,0.0
2026-02-10 22:15:00+00:00,1.9273200035095215,1.929260015487671,1.926800012588501,1.9278600215911865,0,0.0,0.0
2026-02-10 22:30:00+00:00,1.9281200170516968,1.9289799928665161,1.9266400337219238,1.9275799989700317,0,0.0,0.0
2026-02-10 22:45:00+00:00,1.927970051765442,1.9294500350952148,1.9268300533294678,1.9282399415969849,0,0.0,0.0
2026-02-10 23:00:00+00:00,1.9282399415969849,1.9285600185394287,1.926509976387024,1.9273600578308105,0,0.0,0.0
2026-02-10 23:15:00+00:00,1.9273799657821655,1.9277499914169312,1.9271199703216553,1.92739999294281,0,0.0,0.0
2026-02-10 23:30:00+00:00,1.9272600412368774,1.9278299808502197,1.9272300004959106,1.9275399446487427,0,0.0,0.0
2026-02-10 23:45:00+00:00,1.9273699522018433,1.927690029144287,1.9269499778747559,1.9270199537277222,0,0.0,0.0
2026-02-11 00:00:00+00:00,1.9270800352096558,1.9273099899291992,1.9265700578689575,1.9268699884414673,0,0.0,0.0
2026-02-11 00:15:00+00:00,1.9269499778747559,1.9274200201034546,1.9267699718475342,1.9269700050354004,0,0.0,0.0
2026-02-11 00:30:00+00:00,1.9267699718475342,1.9270000457763672,1.926010012626648,1.9263099431991577,0,0.0,0.0
2026-02-11 00:45:00+00:00,1.926169991493225,1.9264800548553467,1.9250600337982178,1.9258500337600708,0,0.0,0.0
2026-02-11 01:00:00+00:00,1.9257400035858154,1.9261900186538696,1.9250600337982178,1.9251699447631836,0,0.0,0.0
2026-02-11 01:15:00+00:00,1.9253400564193726,1.9259099960327148,1.9250199794769287,1.9256800413131714,0,0.0,0.0
2026-02-11 01:30:00+00:00,1.9255499839782715,1.9259999990463257,1.9225399494171143,1.922719955444336,0,0.0,0.0
2026-02-11 01:45:00+00:00,1.922719955444336,1.9230300188064575,1.9217000007629395,1.9228800535202026,0,0.0,0.0
2026-02-11 02:00:00+00:00,1.9228800535202026,1.9235199689865112,1.9222400188446045,1.9225000143051147,0,0.0,0.0
2026-02-11 02:15:00+00:00,1.9225000143051147,1.922719955444336,1.9195200204849243,1.9197100400924683,0,0.0,0.0
2026-02-11 02:30:00+00:00,1.91975998878479,1.919950008392334,1.917009949684143,1.9182900190353394,0,0.0,0.0
2026-02-11 02:45:00+00:00,1.9182900190353394,1.918619990348816,1.9176000356674194,1.9184099435806274,0,0.0,0.0
2026-02-11 03:00:00+00:00,1.9184099435806274,1.9197399616241455,1.9181499481201172,1.9196699857711792,0,0.0,0.0
2026-02-11 03:15:00+00:00,1.9195799827575684,1.9197499752044678,1.9176199436187744,1.9179099798202515,0,0.0,0.0
2026-02-11 03:30:00+00:00,1.9179099798202515,1.918720006942749,1.916890025138855,1.9180200099945068,0,0.0,0.0
2026-02-11 03:45:00+00:00,1.917889952659607,1.9185800552368164,1.9171500205993652,1.917549967765808,0,0.0,0.0
2026-02-11 04:00:00+00:00,1.9174400568008423,1.9189300537109375,1.9171099662780762,1.9185400009155273,0,0.0,0.0
2026-02-11 04:15:00+00:00,1.9185400009155273,1.9190700054168701,1.918280005455017,1.9189800024032593,0,0.0,0.0
2026-02-11 04:30:00+00:00,1.918869972229004,1.9201799631118774,1.9187899827957153,1.9196300506591797,0,0.0,0.0
2026-02-11 04:45:00+00:00,1.9196300506591797,1.9207700490951538,1.9194999933242798,1.92044997215271,0,0.0,0.0
2026-02-11 05:00:00+00:00,1.92044997215271,1.921470046043396,1.920140027999878,1.920639991760254,0,0.0,0.0
2026-02-11 05:15:00+00:00,1.9205399751663208,1.922029972076416,1.9201099872589111,1.921090006828308,0,0.0,0.0
2026-02-11 05:30:00+00:00,1.9211100339889526,1.9219599962234497,1.920989990234375,1.9214600324630737,0,0.0,0.0
2026-02-11 05:45:00+00:00,1.9214600324630737,1.922070026397705,1.9209100008010864,1.9209699630737305,0,0.0,0.0
2026-02-11 06:00:00+00:00,1.9209599494934082,1.9223699569702148,1.9204399585723877,1.9218000173568726,0,0.0,0.0
2026-02-11 06:15:00+00:00,1.9217900037765503,1.9229899644851685,1.9215099811553955,1.9221800565719604,0,0.0,0.0
2026-02-11 06:30:00+00:00,1.9221199750900269,1.9241700172424316,1.9218300580978394,1.9239200353622437,0,0.0,0.0
2026-02-11 06:45:00+00:00,1.9238300323486328,1.924049973487854,1.9228700399398804,1.9233900308609009,0,0.0,0.0
2026-02-11 07:00:00+00:00,1.9235299825668335,1.923740029335022,1.9229700565338135,1.9233100414276123,0,0.0,0.0
2026-02-11 07:15:00+00:00,1.9233399629592896,1.9243099689483643,1.9225800037384033,1.924049973487854,0,0.0,0.0
2026-02-11 07:30:00+00:00,1.923949956893921,1.9243199825286865,1.92330002784729,1.9240299463272095,0,0.0,0.0
2026-02-11 07:45:00+00:00,1.9240299463272095,1.9242099523544312,1.9231699705123901,1.9236500263214111,0,0.0,0.0
2026-02-11 08:00:00+00:00,1.9236799478530884,1.9252899885177612,1.9232699871063232,1.9251500368118286,0,0.0,0.0
2026-02-11 08:15:00+00:00,1.9251500368118286,1.925879955291748,1.9243500232696533,1.925469994544983,0,0.0,0.0
2026-02-11 08:30:00+00:00,1.925510048866272,1.927090048789978,1.925469994544983,1.925920009613037,0,0.0,0.0
2026-02-11 08:45:00+00:00,1.9258500337600708,1.9259899854660034,1.9247699975967407,1.9252500534057617,0,0.0,0.0
2026-02-11 09:00:00+00:00,1.9252300262451172,1.9258500337600708,1.9245599508285522,1.924589991569519,0,0.0,0.0
2026-02-11 09:15:00+00:00,1.924589991569519,1.9254499673843384,1.9244699478149414,1.9247499704360962,0,0.0,0.0
2026-02-11 09:30:00+00:00,1.9247499704360962,1.9253499507904053,1.9242899417877197,1.9249600172042847,0,0.0,0.0
2026-02-11 09:45:00+00:00,1.9249000549316406,1.9256999492645264,1.9242299795150757,1.9250199794769287,0,0.0,0.0
2026-02-11 10:00:00+00:00,1.9250199794769287,1.9260799884796143,1.9244699478149414,1.9246200323104858,0,0.0,0.0
2026-02-11 10:15:00+00:00,1.9246599674224854,1.9252599477767944,1.9233299493789673,1.9234600067138672,0,0.0,0.0
2026-02-11 10:30:00+00:00,1.9234399795532227,1.9250500202178955,1.922950029373169,1.9240100383758545,0,0.0,0.0
2026-02-11 10:45:00+00:00,1.9240100383758545,1.9252099990844727,1.923799991607666,1.9249299764633179,0,0.0,0.0
2026-02-11 11:00:00+00:00,1.9249199628829956,1.9252599477767944,1.9243099689483643,1.9244799613952637,0,0.0,0.0
2026-02-11 11:15:00+00:00,1.9244400262832642,1.9247699975967407,1.9237300157546997,1.924049973487854,0,0.0,0.0
2026-02-11 11:30:00+00:00,1.9239599704742432,1.9252699613571167,1.923449993133545,1.924530029296875,0,0.0,0.0
2026-02-11 11:45:00+00:00,1.924530029296875,1.9251799583435059,1.9240599870681763,1.9249999523162842,0,0.0,0.0
2026-02-11 12:00:00+00:00,1.9251199960708618,1.9252400398254395,1.924340009689331,1.924649953842163,0,0.0,0.0
2026-02-11 12:15:00+00:00,1.9246699810028076,1.9248000383377075,1.923840045928955,1.9239599704742432,0,0.0,0.0
2026-02-11 12:30:00+00:00,1.9241000413894653,1.9249099493026733,1.9237699508666992,1.924649953842163,0,0.0,0.0
2026-02-11 12:45:00+00:00,1.924780011177063,1.9248700141906738,1.9233800172805786,1.9236199855804443,0,0.0,0.0
2026-02-11 13:00:00+00:00,1.9235199689865112,1.924780011177063,1.9232900142669678,1.924090027809143,0,0.0,0.0
2026-02-11 13:15:00+00:00,1.9239599704742432,1.9259400367736816,1.9224400520324707,1.9239100217819214,0,0.0,0.0
2026-02-11 13:30:00+00:00,1.9249500036239624,1.9256700277328491,1.9204100370407104,1.9213600158691406,0,0.0,0.0
2026-02-11 13:45:00+00:00,1.9212299585342407,1.921429991722107,1.9171199798583984,1.9171600341796875,0,0.0,0.0
2026-02-11 14:00:00+00:00,1.9172300100326538,1.9179999828338623,1.915179967880249,1.9166100025177002,0,0.0,0.0
2026-02-11 14:15:00+00:00,1.9167100191116333,1.9178600311279297,1.915120005607605,1.9175200462341309,0,0.0,0.0
2026-02-11 14:30:00+00:00,1.9172099828720093,1.9177199602127075,1.9154000282287598,1.9173599481582642,0,0.0,0.0
2026-02-11 14:45:00+00:00,1.9172099828720093,1.9173400402069092,1.9153900146484375,1.9161399602890015,0,0.0,0.0
2026-02-11 15:00:00+00:00,1.916290044784546,1.920490026473999,1.9158999919891357,1.9192299842834473,0,0.0,0.0
2026-02-11 15:15:00+00:00,1.9190599918365479,1.9232300519943237,1.9189499616622925,1.9220499992370605,0,0.0,0.0
2026-02-11 15:30:00+00:00,1.9220800399780273,1.9233700037002563,1.9205700159072876,1.921239972114563,0,0.0,0.0
2026-02-11 15:45:00+00:00,1.9212599992752075,1.9217599630355835,1.9174000024795532,1.9179600477218628,0,0.0,0.0
2026-02-11 16:00:00+00:00,1.9179999828338623,1.91989004611969,1.9174799919128418,1.9175399541854858,0,0.0,0.0
2026-02-11 16:15:00+00:00,1.9175599813461304,1.9183299541473389,1.9165400266647339,1.9176599979400635,0,0.0,0.0
2026-02-11 16:30:00+00:00,1.9175299406051636,1.9179199934005737,1.9156899452209473,1.9161800146102905,0,0.0,0.0
2026-02-11 16:45:00+00:00,1.9160799980163574,1.9162700176239014,1.9145699739456177,1.9151599407196045,0,0.0,0.0
2026-02-11 17:00:00+00:00,1.915120005607605,1.9160900115966797,1.914639949798584,1.9147800207138062,0,0.0,0.0
2026-02-11 17:15:00+00:00,1.9147800207138062,1.9153499603271484,1.9130100011825562,1.9131699800491333,0,0.0,0.0
2026-02-11 17:30:00+00:00,1.913140058517456,1.913830041885376,1.9128899574279785,1.9135600328445435,0,0.0,0.0
2026-02-11 17:45:00+00:00,1.913540005683899,1.9138799905776978,1.912750005722046,1.9128600358963013,0,0.0,0.0
2026-02-11 18:00:00+00:00,1.9128999710083008,1.9147499799728394,1.9119000434875488,1.9145499467849731,0,0.0,0.0
2026-02-11 18:15:00+00:00,1.914520025253296,1.914680004119873,1.912750005722046,1.9129799604415894,0,0.0,0.0
2026-02-11 18:30:00+00:00,1.9129799604415894,1.9132100343704224,1.911829948425293,1.9121899604797363,0,0.0,0.0
2026-02-11 18:45:00+00:00,1.91211998462677,1.912850022315979,1.9117499589920044,1.911870002746582,0,0.0,0.0
2026-02-11 19:00:00+00:00,1.9118599891662598,1.9121899604797363,1.9108400344848633,1.9110100269317627,0,0.0,0.0
2026-02-11 19:15:00+00:00,1.91103994846344,1.911180019378662,1.9103399515151978,1.9106899499893188,0,0.0,0.0
2026-02-11 19:30:00+00:00,1.9106800556182861,1.911810040473938,1.9106500148773193,1.9116100072860718,0,0.0,0.0
2026-02-11 19:45:00+00:00,1.9116100072860718,1.912310004234314,1.911520004272461,1.9120099544525146,0,0.0,0.0
2026-02-11 20:00:00+00:00,1.9120299816131592,1.9126299619674683,1.911910057067871,1.9120999574661255,0,0.0,0.0
2026-02-11 20:15:00+00:00,1.912179946899414,1.9125100374221802,1.9118399620056152,1.9123799800872803,0,0.0,0.0
2026-02-11 20:30:00+00:00,1.9123799800872803,1.9127999544143677,1.9117599725723267,1.911870002746582,0,0.0,0.0
2026-02-11 20:45:00+00:00,1.911829948425293,1.9124599695205688,1.9115300178527832,1.911810040473938,0,0.0,0.0
2026-02-11 21:00:00+00:00,1.911810040473938,1.912410020828247,1.9113999605178833,1.911520004272461,0,0.0,0.0
2026-02-11 21:15:00+00:00,1.9114700555801392,1.9122200012207031,1.9113399982452393,1.9121500253677368,0,0.0,0.0
2026-02-11 21:30:00+00:00,1.9121099710464478,1.9124000072479248,1.9116699695587158,1.9117799997329712,0,0.0,0.0
2026-02-11 21:45:00+00:00,1.9117799997329712,1.9121700525283813,1.910580039024353,1.9107099771499634,0,0.0,0.0
2026-02-11 22:00:00+00:00,1.9107199907302856,1.9131900072097778,1.910159945487976,1.9118599891662598,0,0.0,0.0
2026-02-11 22:15:00+00:00,1.9110699892044067,1.9131699800491333,1.9084500074386597,1.9097700119018555,0,0.0,0.0
2026-02-11 22:30:00+00:00,1.9099500179290771,1.9121099710464478,1.9086099863052368,1.911370038986206,0,0.0,0.0
2026-02-11 22:45:00+00:00,1.911370038986206,1.9121299982070923,1.9098000526428223,1.9114899635314941,0,0.0,0.0
2026-02-11 23:00:00+00:00,1.9108200073242188,1.9117599725723267,1.9101799726486206,1.9115999937057495,0,0.0,0.0
2026-02-11 23:15:00+00:00,1.911389946937561,1.9117200374603271,1.910770058631897,1.9113399982452393,0,0.0,0.0
2026-02-11 23:30:00+00:00,1.9113199710845947,1.912410020828247,1.9112900495529175,1.9123200178146362,0,0.0,0.0
2026-02-11 23:45:00+00:00,1.9121400117874146,1.9126100540161133,1.9113399982452393,1.9118900299072266,0,0.0,0.0
2026-02-12 00:00:00+00:00,1.9118399620056152,1.9128700494766235,1.9111000299453735,1.9112299680709839,0,0.0,0.0
2026-02-12 00:15:00+00:00,1.9111599922180176,1.9119600057601929,1.910539984703064,1.9111100435256958,0,0.0,0.0
2026-02-12 00:30:00+00:00,1.9109400510787964,1.9112900495529175,1.9100099802017212,1.9102100133895874,0,0.0,0.0
2026-02-12 00:45:00+00:00,1.9102100133895874,1.9105600118637085,1.9096800088882446,1.9100199937820435,0,0.0,0.0
2026-02-12 01:00:00+00:00,1.9100099802017212,1.9104900360107422,1.9096200466156006,1.9099199771881104,0,0.0,0.0
2026-02-12 01:15:00+00:00,1.9098199605941772,1.9104399681091309,1.9080599546432495,1.908810019493103,0,0.0,0.0
2026-02-12 01:30:00+00:00,1.9088900089263916,1.909540057182312,1.9078799486160278,1.9085400104522705,0,0.0,0.0
2026-02-12 01:45:00+00:00,1.9084700345993042,1.909600019454956,1.908400058746338,1.909250020980835,0,0.0,0.0
2026-02-12 02:00:00+00:00,1.9093300104141235,1.9099500179290771,1.9084800481796265,1.909909963607788,0,0.0,0.0
2026-02-12 02:15:00+00:00,1.9097700119018555,1.9112399816513062,1.9097700119018555,1.9111700057983398,0,0.0,0.0
2026-02-12 02:30:00+00:00,1.9110499620437622,1.91156005859375,1.9104900360107422,1.9109599590301514,0,0.0,0.0
2026-02-12 02:45:00+00:00,1.9109599590301514,1.911389946937561,1.9105900526046753,1.910599946975708,0,0.0,0.0
2026-02-12 03:00:00+00:00,1.9106099605560303,1.911020040512085,1.9092400074005127,1.9101099967956543,0,0.0,0.0
2026-02-12 03:15:00+00:00,1.9100600481033325,1.9109899997711182,1.910040020942688,1.9105499982833862,0,0.0,0.0
2026-02-12 03:30:00+00:00,1.910599946975708,1.9112199544906616,1.9099199771881104,1.9110300540924072,0,0.0,0.0
2026-02-12 03:45:00+00:00,1.9110300540924072,1.9122099876403809,1.910830020904541,1.9117799997329712,0,0.0,0.0
2026-02-12 04:00:00+00:00,1.9117900133132935,1.911929965019226,1.9101899862289429,1.9115999937057495,0,0.0,0.0
2026-02-12 04:15:00+00:00,1.9116499423980713,1.9118900299072266,1.9103699922561646,1.9114999771118164,0,0.0,0.0
2026-02-12 04:30:00+00:00,1.911389946937561,1.9141099452972412,1.911389946937561,1.913849949836731,0,0.0,0.0
2026-02-12 04:45:00+00:00,1.9137400388717651,1.915179967880249,1.9137099981307983,1.9148399829864502,0,0.0,0.0
2026-02-12 05:00:00+00:00,1.9147700071334839,1.9149800539016724,1.9135500192642212,1.9136500358581543,0,0.0,0.0
2026-02-12 05:15:00+00:00,1.9136799573898315,1.9148000478744507,1.9131699800491333,1.9133199453353882,0,0.0,0.0
2026-02-12 05:30:00+00:00,1.9133000373840332,1.9134900569915771,1.9121999740600586,1.9124000072479248,0,0.0,0.0
2026-02-12 05:45:00+00:00,1.9124000072479248,1.9127600193023682,1.9115899801254272,1.911810040473938,0,0.0,0.0
2026-02-12 06:00:00+00:00,1.9117399454116821,1.9125200510025024,1.911520004272461,1.9120500087738037,0,0.0,0.0
2026-02-12 06:15:00+00:00,1.9120500087738037,1.9141700267791748,1.9117200374603271,1.913930058479309,0,0.0,0.0
2026-02-12 06:30:00+00:00,1.9138200283050537,1.9150999784469604,1.913540005683899,1.9147599935531616,0,0.0,0.0
2026-02-12 06:45:00+00:00,1.9147000312805176,1.9149600267410278,1.9135899543762207,1.914720058441162,0,0.0,0.0
2026-02-12 07:00:00+00:00,1.914270043373108,1.9148999452590942,1.9128299951553345,1.9139000177383423,0,0.0,0.0
2026-02-12 07:15:00+00:00,1.9139100313186646,1.9148800373077393,1.9137500524520874,1.9142299890518188,0,0.0,0.0
2026-02-12 07:30:00+00:00,1.9142299890518188,1.9145100116729736,1.913789987564087,1.9143400192260742,0,0.0,0.0
2026-02-12 07:45:00+00:00,1.9143400192260742,1.9152599573135376,1.9140000343322754,1.9146699905395508,0,0.0,0.0
2026-02-12 08:00:00+00:00,1.9146900177001953,1.9153800010681152,1.9140000343322754,1.9148999452590942,0,0.0,0.0
2026-02-12 08:15:00+00:00,1.9148999452590942,1.9163800477981567,1.9148800373077393,1.9155900478363037,0,0.0,0.0
2026-02-12 08:30:00+00:00,1.9155999422073364,1.917099952697754,1.9153599739074707,1.9165799617767334,0,0.0,0.0
2026-02-12 08:45:00+00:00,1.9165799617767334,1.9170000553131104,1.915809988975525,1.9158600568771362,0,0.0,0.0
2026-02-12 09:00:00+00:00,1.9159400463104248,1.9172199964523315,1.9158400297164917,1.9168100357055664,0,0.0,0.0
2026-02-12 09:15:00+00:00,1.9169399738311768,1.9180200099945068,1.9164600372314453,1.9176499843597412,0,0.0,0.0
2026-02-12 09:30:00+00:00,1.9177199602127075,1.9181300401687622,1.9171700477600098,1.9173500537872314,0,0.0,0.0
2026-02-12 09:45:00+00:00,1.9174400568008423,1.917449951171875,1.9156399965286255,1.9160000085830688,0,0.0,0.0
2026-02-12 10:00:00+00:00,1.9158799648284912,1.9163299798965454,1.915369987487793,1.9161800146102905,0,0.0,0.0
2026-02-12 10:15:00+00:00,1.916159987449646,1.9163899421691895,1.9144500494003296,1.914680004119873,0,0.0,0.0
2026-02-12 10:30:00+00:00,1.914680004119873,1.9147800207138062,1.9137500524520874,1.9139599800109863,0,0.0,0.0
2026-02-12 10:45:00+00:00,1.9150099754333496,1.9152799844741821,1.914199948310852,1.9145599603652954,0,0.0,0.0
2026-02-12 11:00:00+00:00,1.9145599603652954,1.915369987487793,1.9139900207519531,1.9141099452972412,0,0.0,0.0
2026-02-12 11:15:00+00:00,1.9141199588775635,1.9147299528121948,1.913830041885376,1.9143099784851074,0,0.0,0.0
2026-02-12 11:30:00+00:00,1.9142299890518188,1.91457998752594,1.9139800071716309,1.9140900373458862,0,0.0,0.0
2026-02-12 11:45:00+00:00,1.9142099618911743,1.914829969406128,1.913789987564087,1.91457998752594,0,0.0,0.0
2026-02-12 12:00:00+00:00,1.9145100116729736,1.9146300554275513,1.9135099649429321,1.9135099649429321,0,0.0,0.0
2026-02-12 12:15:00+00:00,1.9135099649429321,1.9143999814987183,1.9134700298309326,1.9142199754714966,0,0.0,0.0
2026-02-12 12:30:00+00:00,1.9142299890518188,1.9145400524139404,1.9134800434112549,1.9142400026321411,0,0.0,0.0
2026-02-12 12:45:00+00:00,1.9142099618911743,1.9144099950790405,1.9133000373840332,1.9134800434112549,0,0.0,0.0
2026-02-12 13:00:00+00:00,1.9134299755096436,1.9146499633789062,1.9134299755096436,1.9144799709320068,0,0.0,0.0
2026-02-12 13:15:00+00:00,1.914520025253296,1.9146499633789062,1.9121299982070923,1.9130500555038452,0,0.0,0.0
2026-02-12 13:30:00+00:00,1.913100004196167,1.9140000343322754,1.9119499921798706,1.9124399423599243,0,0.0,0.0
2026-02-12 13:45:00+00:00,1.912410020828247,1.9130100011825562,1.911139965057373,1.9114400148391724,0,0.0,0.0
2026-02-12 14:00:00+00:00,1.9113500118255615,1.9122400283813477,1.911120057106018,1.9119499921798706,0,0.0,0.0
2026-02-12 14:15:00+00:00,1.9120099544525146,1.9142099618911743,1.9114999771118164,1.9139100313186646,0,0.0,0.0
2026-02-12 14:30:00+00:00,1.9139100313186646,1.916100025177002,1.9137300252914429,1.915910005569458,0,0.0,0.0
2026-02-12 14:45:00+00:00,1.9160200357437134,1.9188799858093262,1.9157600402832031,1.9182000160217285,0,0.0,0.0
2026-02-12 15:00:00+00:00,1.918370008468628,1.9189800024032593,1.9169000387191772,1.9172300100326538,0,0.0,0.0
2026-02-12 15:15:00+00:00,1.9172799587249756,1.9174599647521973,1.9161700010299683,1.9172999858856201,0,0.0,0.0
2026-02-12 15:30:00+00:00,1.917240023612976,1.918910026550293,1.9169199466705322,1.9182699918746948,0,0.0,0.0
2026-02-12 15:45:00+00:00,1.9182699918746948,1.9183800220489502,1.91389000415802,1.9140100479125977,0,0.0,0.0
2026-02-12 16:00:00+00:00,1.913930058479309,1.919010043144226,1.9138699769973755,1.9185700416564941,0,0.0,0.0
2026-02-12 16:15:00+00:00,1.9185800552368164,1.9227099418640137,1.9181300401687622,1.9218499660491943,0,0.0,0.0
2026-02-12 16:30:00+00:00,1.9219000339508057,1.9219499826431274,1.916849970817566,1.9185400009155273,0,0.0,0.0
2026-02-12 16:45:00+00:00,1.9185400009155273,1.9214500188827515,1.9178500175476074,1.920680046081543,0,0.0,0.0
2026-02-12 17:00:00+00:00,1.9206600189208984,1.9227999448776245,1.9204699993133545,1.9220900535583496,0,0.0,0.0
2026-02-12 17:15:00+00:00,1.9220900535583496,1.9223300218582153,1.9203399419784546,1.9218000173568726,0,0.0,0.0
2026-02-12 17:30:00+00:00,1.9218000173568726,1.9224499464035034,1.920740008354187,1.920989990234375,0,0.0,0.0
2026-02-12 17:45:00+00:00,1.9209400415420532,1.9222899675369263,1.9205399751663208,1.9218599796295166,0,0.0,0.0
2026-02-12 18:00:00+00:00,1.9218499660491943,1.9227700233459473,1.9207899570465088,1.921489953994751,0,0.0,0.0
2026-02-12 18:15:00+00:00,1.921370029449463,1.9228299856185913,1.9210699796676636,1.921910047531128,0,0.0,0.0
2026-02-12 18:30:00+00:00,1.921839952468872,1.9225499629974365,1.9203599691390991,1.9206600189208984,0,0.0,0.0
2026-02-12 18:45:00+00:00,1.9206199645996094,1.921030044555664,1.919409990310669,1.9202799797058105,0,0.0,0.0
2026-02-12 19:00:00+00:00,1.9202799797058105,1.9210100173950195,1.9199299812316895,1.920549988746643,0,0.0,0.0
2026-02-12 19:15:00+00:00,1.920549988746643,1.9207099676132202,1.919350028038025,1.920259952545166,0,0.0,0.0
2026-02-12 19:30:00+00:00,1.920300006866455,1.9204599857330322,1.919450044631958,1.9200199842453003,0,0.0,0.0
2026-02-12 19:45:00+00:00,1.9200199842453003,1.9201600551605225,1.9189000129699707,1.9199399948120117,0,0.0,0.0
2026-02-12 20:00:00+00:00,1.9198100566864014,1.9209500551223755,1.9191900491714478,1.9206299781799316,0,0.0,0.0
2026-02-12 20:15:00+00:00,1.9206500053405762,1.921030044555664,1.9203300476074219,1.9209400415420532,0,0.0,0.0
2026-02-12 20:30:00+00:00,1.9208999872207642,1.9214999675750732,1.9203100204467773,1.920799970626831,0,0.0,0.0
2026-02-12 20:45:00+00:00,1.920799970626831,1.9223599433898926,1.920680046081543,1.9218699932098389,0,0.0,0.0
2026-02-12 21:00:00+00:00,1.9218699932098389,1.9222999811172485,1.9211499691009521,1.9213900566101074,0,0.0,0.0
2026-02-12 21:15:00+00:00,1.9213800430297852,1.9217000007629395,1.920639991760254,1.9209799766540527,0,0.0,0.0
2026-02-12 21:30:00+00:00,1.9209699630737305,1.9211699962615967,1.920549988746643,1.9208199977874756,0,0.0,0.0
2026-02-12 21:45:00+00:00,1.9207199811935425,1.9213299751281738,1.9190599918365479,1.9193400144577026,0,0.0,0.0
2026-02-12 22:00:00+00:00,1.9192800521850586,1.9219499826431274,1.918030023574829,1.9205100536346436,0,0.0,0.0
2026-02-12 22:15:00+00:00,1.920490026473999,1.922410011291504,1.9185099601745605,1.9201200008392334,0,0.0,0.0
2026-02-12 22:30:00+00:00,1.9200899600982666,1.9214400053024292,1.9175000190734863,1.919160008430481,0,0.0,0.0
2026-02-12 22:45:00+00:00,1.9200299978256226,1.9224400520324707,1.917870044708252,1.9207199811935425,0,0.0,0.0
2026-02-12 23:00:00+00:00,1.9207799434661865,1.9219199419021606,1.9195799827575684,1.9212700128555298,0,0.0,0.0
2026-02-12 23:15:00+00:00,1.9210599660873413,1.9211599826812744,1.920050024986267,1.9201200008392334,0,0.0,0.0
2026-02-12 23:30:00+00:00,1.9202200174331665,1.9220600128173828,1.9201500415802002,1.9218900203704834,0,0.0,0.0
2026-02-12 23:45:00+00:00,1.9218599796295166,1.9221199750900269,1.9209100008010864,1.921180009841919,0,0.0,0.0
2026-02-13 00:00:00+00:00,1.9210799932479858,1.9216300249099731,1.920050024986267,1.9204299449920654,0,0.0,0.0
2026-02-13 00:15:00+00:00,1.920259952545166,1.921679973602295,1.9198499917984009,1.9212299585342407,0,0.0,0.0
2026-02-13 00:30:00+00:00,1.9212299585342407,1.9221899509429932,1.9210200309753418,1.9219399690628052,0,0.0,0.0
2026-02-13 00:45:00+00:00,1.9219399690628052,1.9229600429534912,1.9217499494552612,1.9229300022125244,0,0.0,0.0
2026-02-13 01:00:00+00:00,1.9228099584579468,1.922950029373169,1.919600009918213,1.9204800128936768,0,0.0,0.0
2026-02-13 01:15:00+00:00,1.9204800128936768,1.9206000566482544,1.9192700386047363,1.9193999767303467,0,0.0,0.0
2026-02-13 01:30:00+00:00,1.9193999767303467,1.920009970664978,1.9187099933624268,1.9196399450302124,0,0.0,0.0
2026-02-13 01:45:00+00:00,1.9196399450302124,1.9221700429916382,1.919319987297058,1.921180009841919,0,0.0,0.0
2026-02-13 02:00:00+00:00,1.9212100505828857,1.9213299751281738,1.920050024986267,1.9209699630737305,0,0.0,0.0
2026-02-13 02:15:00+00:00,1.9210100173950195,1.9213000535964966,1.9202100038528442,1.9207600355148315,0,0.0,0.0
2026-02-13 02:30:00+00:00,1.9206299781799316,1.9220499992370605,1.920199990272522,1.9218499660491943,0,0.0,0.0
2026-02-13 02:45:00+00:00,1.9217499494552612,1.9219900369644165,1.9208400249481201,1.9208999872207642,0,0.0,0.0
2026-02-13 03:00:00+00:00,1.9208500385284424,1.9213000535964966,1.920490026473999,1.9209100008010864,0,0.0,0.0
2026-02-13 03:15:00+00:00,1.9209100008010864,1.9226100444793701,1.920889973640442,1.9221899509429932,0,0.0,0.0
2026-02-13 03:30:00+00:00,1.9221899509429932,1.9224400520324707,1.9213099479675293,1.9214199781417847,0,0.0,0.0
2026-02-13 03:45:00+00:00,1.9214199781417847,1.9222300052642822,1.9211499691009521,1.9220099449157715,0,0.0,0.0
2026-02-13 04:00:00+00:00,1.921839952468872,1.9222500324249268,1.9208799600601196,1.9208799600601196,0,0.0,0.0
2026-02-13 04:15:00+00:00,1.9208799600601196,1.921470046043396,1.919950008392334,1.921239972114563,0,0.0,0.0
2026-02-13 04:30:00+00:00,1.921280026435852,1.922320008277893,1.921030044555664,1.9219399690628052,0,0.0,0.0
2026-02-13 04:45:00+00:00,1.9219399690628052,1.922510027885437,1.921589970588684,1.921589970588684,0,0.0,0.0
2026-02-13 05:00:00+00:00,1.9216699600219727,1.9225200414657593,1.9201500415802002,1.922379970550537,0,0.0,0.0
2026-02-13 05:15:00+00:00,1.922410011291504,1.9242199659347534,1.9222700595855713,1.9240100383758545,0,0.0,0.0
2026-02-13 05:30:00+00:00,1.9238799810409546,1.9247000217437744,1.9233399629592896,1.9241199493408203,0,0.0,0.0
2026-02-13 05:45:00+00:00,1.9240700006484985,1.9245699644088745,1.9229700565338135,1.9241299629211426,0,0.0,0.0
2026-02-13 06:00:00+00:00,1.9240299463272095,1.9255000352859497,1.9238500595092773,1.924280047416687,0,0.0,0.0
2026-02-13 06:15:00+00:00,1.9243500232696533,1.9256399869918823,1.9239100217819214,1.9254499673843384,0,0.0,0.0
2026-02-13 06:30:00+00:00,1.925529956817627,1.9279799461364746,1.9247499704360962,1.9269200563430786,0,0.0,0.0
2026-02-13 06:45:00+00:00,1.9268699884414673,1.9281699657440186,1.9261200428009033,1.9271399974822998,0,0.0,0.0
2026-02-13 07:00:00+00:00,1.9271399974822998,1.9295099973678589,1.9269499778747559,1.9281100034713745,0,0.0,0.0
2026-02-13 07:15:00+00:00,1.9281500577926636,1.928820013999939,1.9268300533294678,1.9275599718093872,0,0.0,0.0
2026-02-13 07:30:00+00:00,1.92753005027771,1.929819941520691,1.927049994468689,1.9294099807739258,0,0.0,0.0
2026-02-13 07:45:00+00:00,1.9294099807739258,1.9295200109481812,1.9278899431228638,1.9282000064849854,0,0.0,0.0
2026-02-13 08:00:00+00:00,1.9281799793243408,1.9282300472259521,1.9258999824523926,1.9275799989700317,0,0.0,0.0
2026-02-13 08:15:00+00:00,1.927459955215454,1.9279099702835083,1.9262800216674805,1.926859974861145,0,0.0,0.0
2026-02-13 08:30:00+00:00,1.9268300533294678,1.927970051765442,1.9261000156402588,1.9261499643325806,0,0.0,0.0
2026-02-13 08:45:00+00:00,1.9262499809265137,1.9265999794006348,1.9249500036239624,1.9250799417495728,0,0.0,0.0
2026-02-13 09:00:00+00:00,1.9251699447631836,1.927090048789978,1.9250099658966064,1.9268800020217896,0,0.0,0.0
2026-02-13 09:15:00+00:00,1.926800012588501,1.9270000457763672,1.9251400232315063,1.9255199432373047,0,0.0,0.0
2026-02-13 09:30:00+00:00,1.9256000518798828,1.9260400533676147,1.9248299598693848,1.9256199598312378,0,0.0,0.0
2026-02-13 09:45:00+00:00,1.9256199598312378,1.926300048828125,1.9249600172042847,1.926300048828125,0,0.0,0.0
2026-02-13 10:00:00+00:00,1.926169991493225,1.9272700548171997,1.9257999658584595,1.9270800352096558,0,0.0,0.0
2026-02-13 10:15:00+00:00,1.9270399808883667,1.9277499914169312,1.9268800020217896,1.9270600080490112,0,0.0,0.0
2026-02-13 10:30:00+00:00,1.9269700050354004,1.9278899431228638,1.9268100261688232,1.9276399612426758,0,0.0,0.0
2026-02-13 10:45:00+00:00,1.9275399446487427,1.9285399913787842,1.9271399974822998,1.9281400442123413,0,0.0,0.0
2026-02-13 11:00:00+00:00,1.9282499551773071,1.9288699626922607,1.9278899431228638,1.928380012512207,0,0.0,0.0
2026-02-13 11:15:00+00:00,1.9283499717712402,1.9299999475479126,1.9282000064849854,1.929610013961792,0,0.0,0.0
2026-02-13 11:30:00+00:00,1.929610013961792,1.9309600591659546,1.9289900064468384,1.9301799535751343,0,0.0,0.0
2026-02-13 11:45:00+00:00,1.9302599430084229,1.930590033531189,1.9292099475860596,1.929260015487671,0,0.0,0.0
2026-02-13 12:00:00+00:00,1.9293299913406372,1.9303499460220337,1.928879976272583,1.9293999671936035,0,0.0,0.0
2026-02-13 12:15:00+00:00,1.9294699430465698,1.9298299551010132,1.9284000396728516,1.929029941558838,0,0.0,0.0
2026-02-13 12:30:00+00:00,1.929029941558838,1.9296400547027588,1.928320050239563,1.928689956665039,0,0.0,0.0
2026-02-13 12:45:00+00:00,1.9287500381469727,1.929919958114624,1.9285800457000732,1.929110050201416,0,0.0,0.0
2026-02-13 13:00:00+00:00,1.9291000366210938,1.9303300380706787,1.9283499717712402,1.9300999641418457,0,0.0,0.0
2026-02-13 13:15:00+00:00,1.9300600290298462,1.9315400123596191,1.9289000034332275,1.9308600425720215,0,0.0,0.0
2026-02-13 13:30:00+00:00,1.930780053138733,1.9308700561523438,1.9262399673461914,1.9276100397109985,0,0.0,0.0
2026-02-13 13:45:00+00:00,1.9275000095367432,1.9305299520492554,1.9273799657821655,1.9280799627304077,0,0.0,0.0
2026-02-13 14:00:00+00:00,1.9280600547790527,1.9286099672317505,1.9268100261688232,1.9278000593185425,0,0.0,0.0
2026-02-13 14:15:00+00:00,1.9277399778366089,1.9290399551391602,1.9268900156021118,1.9270199537277222,0,0.0,0.0
2026-02-13 14:30:00+00:00,1.9272300004959106,1.93218994140625,1.925920009613037,1.9292900562286377,0,0.0,0.0
2026-02-13 14:45:00+00:00,1.9294099807739258,1.9327900409698486,1.9277499914169312,1.9324899911880493,0,0.0,0.0
2026-02-13 15:00:00+00:00,1.932420015335083,1.9327000379562378,1.9289300441741943,1.930649995803833,0,0.0,0.0
2026-02-13 15:15:00+00:00,1.930709958076477,1.9317100048065186,1.9275799989700317,1.927899956703186,0,0.0,0.0
2026-02-13 15:30:00+00:00,1.9280400276184082,1.9282300472259521,1.9256000518798828,1.9281100034713745,0,0.0,0.0
2026-02-13 15:45:00+00:00,1.9281500577926636,1.9299800395965576,1.9269700050354004,1.9279299974441528,0,0.0,0.0
2026-02-13 16:00:00+00:00,1.9278299808502197,1.9281500577926636,1.9263900518417358,1.9277100563049316,0,0.0,0.0
2026-02-13 16:15:00+00:00,1.9276200532913208,1.9287500381469727,1.9266400337219238,1.928030014038086,0,0.0,0.0
2026-02-13 16:30:00+00:00,1.928030014038086,1.9307899475097656,1.9279199838638306,1.9304100275039673,0,0.0,0.0
2026-02-13 16:45:00+00:00,1.9303100109100342,1.930459976196289,1.9289799928665161,1.9303100109100342,0,0.0,0.0
2026-02-13 17:00:00+00:00,1.9303100109100342,1.9305000305175781,1.9287400245666504,1.9290599822998047,0,0.0,0.0
2026-02-13 17:15:00+00:00,1.9290499687194824,1.929569959640503,1.9283299446105957,1.9289900064468384,0,0.0,0.0
2026-02-13 17:30:00+00:00,1.9289499521255493,1.9294999837875366,1.9277199506759644,1.9291599988937378,0,0.0,0.0
2026-02-13 17:45:00+00:00,1.9292199611663818,1.9294699430465698,1.9282900094985962,1.928529977798462,0,0.0,0.0
2026-02-13 18:00:00+00:00,1.9285600185394287,1.9295899868011475,1.9281699657440186,1.928629994392395,0,0.0,0.0
2026-02-13 18:15:00+00:00,1.9286400079727173,1.9290200471878052,1.9278600215911865,1.9284100532531738,0,0.0,0.0
2026-02-13 18:30:00+00:00,1.9283000230789185,1.9285500049591064,1.926800012588501,1.927299976348877,0,0.0,0.0
2026-02-13 18:45:00+00:00,1.9272300004959106,1.9285099506378174,1.926650047302246,1.9281400442123413,0,0.0,0.0
2026-02-13 19:00:00+00:00,1.9281400442123413,1.928339958190918,1.9269599914550781,1.9273799657821655,0,0.0,0.0
2026-02-13 19:15:00+00:00,1.9273600578308105,1.9283499717712402,1.9273099899291992,1.9281799793243408,0,0.0,0.0
2026-02-13 19:30:00+00:00,1.9280400276184082,1.9289499521255493,1.9274200201034546,1.9282200336456299,0,0.0,0.0
2026-02-13 19:45:00+00:00,1.9282599687576294,1.9294500350952148,1.9276000261306763,1.9292199611663818,0,0.0,0.0
2026-02-13 20:00:00+00:00,1.9292700290679932,1.9295300245285034,1.9284000396728516,1.929460048675537,0,0.0,0.0
2026-02-13 20:15:00+00:00,1.9295300245285034,1.930899977684021,1.92917001247406,1.9305000305175781,0,0.0,0.0
2026-02-13 20:30:00+00:00,1.9304499626159668,1.9309099912643433,1.930150032043457,1.930609941482544,0,0.0,0.0
2026-02-13 20:45:00+00:00,1.930609941482544,1.930840015411377,1.9298900365829468,1.9302699565887451,0,0.0,0.0
2026-02-13 21:00:00+00:00,1.9300899505615234,1.930340051651001,1.929460048675537,1.9294699430465698,0,0.0,0.0
2026-02-13 21:15:00+00:00,1.9294699430465698,1.9297800064086914,1.9290499687194824,1.9296400547027588,0,0.0,0.0
2026-02-13 21:30:00+00:00,1.9297200441360474,1.930609941482544,1.929460048675537,1.9305100440979004,0,0.0,0.0
2026-02-13 21:45:00+00:00,1.9305100440979004,1.9310100078582764,1.9278899431228638,1.929919958114624,0,0.0,0.0
2026-02-13 22:00:00+00:00,1.930050015449524,1.930050015449524,1.930050015449524,1.930050015449524,0,0.0,0.0
2026-02-13 22:15:00+00:00,1.930050015449524,1.930050015449524,1.930050015449524,1.930050015449524,0,0.0,0.0
2026-02-16 00:00:00+00:00,1.929669976234436,1.9304300546646118,1.92917001247406,1.9294699430465698,0,0.0,0.0
2026-02-16 00:15:00+00:00,1.9295599460601807,1.9300199747085571,1.9288100004196167,1.9291000366210938,0,0.0,0.0
2026-02-16 00:30:00+00:00,1.9289499521255493,1.9291599988937378,1.9279799461364746,1.9282900094985962,0,0.0,0.0
2026-02-16 00:45:00+00:00,1.9281699657440186,1.9283900260925293,1.9271999597549438,1.9273300170898438,0,0.0,0.0
2026-02-16 01:00:00+00:00,1.9272500276565552,1.9279899597167969,1.9257700443267822,1.9260200262069702,0,0.0,0.0
2026-02-16 01:15:00+00:00,1.926010012626648,1.9261200428009033,1.9250999689102173,1.9252599477767944,0,0.0,0.0
2026-02-16 01:30:00+00:00,1.9252599477767944,1.9267300367355347,1.9251099824905396,1.9260900020599365,0,0.0,0.0
2026-02-16 01:45:00+00:00,1.9260900020599365,1.9264800548553467,1.9256000518798828,1.9257099628448486,0,0.0,0.0
2026-02-16 02:00:00+00:00,1.9257099628448486,1.9265600442886353,1.9254399538040161,1.9259999990463257,0,0.0,0.0
2026-02-16 02:15:00+00:00,1.9259999990463257,1.9262499809265137,1.9254599809646606,1.925860047340393,0,0.0,0.0
2026-02-16 02:30:00+00:00,1.9257700443267822,1.9262700080871582,1.9253400564193726,1.9257899522781372,0,0.0,0.0
2026-02-16 02:45:00+00:00,1.9256999492645264,1.926300048828125,1.9256500005722046,1.925879955291748,0,0.0,0.0
2026-02-16 03:00:00+00:00,1.9258400201797485,1.9266300201416016,1.9257899522781372,1.9259400367736816,0,0.0,0.0
2026-02-16 03:15:00+00:00,1.9259400367736816,1.9260599613189697,1.9249099493026733,1.9254300594329834,0,0.0,0.0
2026-02-16 03:30:00+00:00,1.925320029258728,1.9261399507522583,1.9249500036239624,1.925279974937439,0,0.0,0.0
2026-02-16 03:45:00+00:00,1.9252099990844727,1.9259899854660034,1.9251600503921509,1.9256000518798828,0,0.0,0.0
2026-02-16 04:00:00+00:00,1.9255000352859497,1.9256600141525269,1.924739956855774,1.9251799583435059,0,0.0,0.0
2026-02-16 04:15:00+00:00,1.9251099824905396,1.9256800413131714,1.9245799779891968,1.9249000549316406,0,0.0,0.0
2026-02-16 04:30:00+00:00,1.9249000549316406,1.9256000518798828,1.9247599840164185,1.9254599809646606,0,0.0,0.0
2026-02-16 04:45:00+00:00,1.9254599809646606,1.9256700277328491,1.9241600036621094,1.9245799779891968,0,0.0,0.0
2026-02-16 05:00:00+00:00,1.9245799779891968,1.9251799583435059,1.9243099689483643,1.9244600534439087,0,0.0,0.0
2026-02-16 05:15:00+00:00,1.9244799613952637,1.925089955329895,1.9238799810409546,1.9240800142288208,0,0.0,0.0
2026-02-16 05:30:00+00:00,1.9238799810409546,1.9247499704360962,1.9238799810409546,1.924589991569519,0,0.0,0.0
2026-02-16 05:45:00+00:00,1.924530029296875,1.924739956855774,1.9238500595092773,1.9244099855422974,0,0.0,0.0
2026-02-16 06:00:00+00:00,1.9242600202560425,1.924739956855774,1.9240000247955322,1.924180030822754,0,0.0,0.0
2026-02-16 06:15:00+00:00,1.924180030822754,1.924589991569519,1.9238899946212769,1.9242600202560425,0,0.0,0.0
2026-02-16 06:30:00+00:00,1.924430012702942,1.924720048904419,1.9239200353622437,1.9240000247955322,0,0.0,0.0
2026-02-16 06:45:00+00:00,1.9240000247955322,1.9247599840164185,1.9233700037002563,1.9246799945831299,0,0.0,0.0
2026-02-16 07:00:00+00:00,1.9247299432754517,1.9252599477767944,1.9245400428771973,1.925130009651184,0,0.0,0.0
2026-02-16 07:15:00+00:00,1.9251400232315063,1.925220012664795,1.925089955329895,1.9251600503921509,0,0.0,0.0
2026-02-16 07:30:00+00:00,1.9251500368118286,1.9252899885177612,1.924239993095398,1.9248700141906738,0,0.0,0.0
2026-02-16 07:45:00+00:00,1.9249199628829956,1.9252400398254395,1.9242199659347534,1.9249800443649292,0,0.0,0.0
2026-02-16 08:00:00+00:00,1.9249600172042847,1.9254900217056274,1.9243899583816528,1.9252099990844727,0,0.0,0.0
2026-02-16 08:15:00+00:00,1.9253100156784058,1.9262200593948364,1.9249399900436401,1.925529956817627,0,0.0,0.0
2026-02-16 08:30:00+00:00,1.9255800247192383,1.9258099794387817,1.924630045890808,1.9247499704360962,0,0.0,0.0
2026-02-16 08:45:00+00:00,1.924880027770996,1.9249299764633179,1.9241000413894653,1.924299955368042,0,0.0,0.0
2026-02-16 09:00:00+00:00,1.924299955368042,1.9258400201797485,1.924280047416687,1.9256000518798828,0,0.0,0.0
2026-02-16 09:15:00+00:00,1.9255399703979492,1.9261900186538696,1.9252599477767944,1.9254900217056274,0,0.0,0.0
2026-02-16 09:30:00+00:00,1.925510048866272,1.9269800186157227,1.925379991531372,1.9267899990081787,0,0.0,0.0
2026-02-16 09:45:00+00:00,1.9267899990081787,1.927299976348877,1.9256500005722046,1.926169991493225,0,0.0,0.0
2026-02-16 10:00:00+00:00,1.9260799884796143,1.926650047302246,1.9258999824523926,1.9264700412750244,0,0.0,0.0
2026-02-16 10:15:00+00:00,1.926360011100769,1.926550030708313,1.9256600141525269,1.926419973373413,0,0.0,0.0
2026-02-16 10:30:00+00:00,1.9262900352478027,1.9265799522399902,1.9251799583435059,1.9254599809646606,0,0.0,0.0
2026-02-16 10:45:00+00:00,1.9255199432373047,1.9266899824142456,1.9254000186920166,1.9263299703598022,0,0.0,0.0
2026-02-16 11:00:00+00:00,1.9262700080871582,1.9280999898910522,1.926169991493225,1.9272899627685547,0,0.0,0.0
2026-02-16 11:15:00+00:00,1.9273600578308105,1.927899956703186,1.926900029182434,1.9270600080490112,0,0.0,0.0
2026-02-16 11:30:00+00:00,1.9271399974822998,1.9272300004959106,1.9263700246810913,1.9263900518417358,0,0.0,0.0
2026-02-16 11:45:00+00:00,1.9263900518417358,1.9270700216293335,1.9260200262069702,1.9261800050735474,0,0.0,0.0
2026-02-16 12:00:00+00:00,1.9261200428009033,1.9270399808883667,1.926110029220581,1.9264299869537354,0,0.0,0.0
2026-02-16 12:15:00+00:00,1.926509976387024,1.926609992980957,1.9260200262069702,1.9261800050735474,0,0.0,0.0
2026-02-16 12:30:00+00:00,1.9262900352478027,1.926900029182434,1.925819993019104,1.9258500337600708,0,0.0,0.0
2026-02-16 12:45:00+00:00,1.9258899688720703,1.9262900352478027,1.9251400232315063,1.9253100156784058,0,0.0,0.0
2026-02-16 13:00:00+00:00,1.9253100156784058,1.9256999492645264,1.924880027770996,1.9250199794769287,0,0.0,0.0
2026-02-16 13:15:00+00:00,1.9250500202178955,1.9251999855041504,1.9245200157165527,1.9249000549316406,0,0.0,0.0
2026-02-16 13:30:00+00:00,1.9249000549316406,1.9250500202178955,1.9241299629211426,1.9244999885559082,0,0.0,0.0
2026-02-16 13:45:00+00:00,1.924530029296875,1.9249000549316406,1.924299955368042,1.9244999885559082,0,0.0,0.0
2026-02-16 14:00:00+00:00,1.9244999885559082,1.925029993057251,1.9242000579833984,1.9248600006103516,0,0.0,0.0
2026-02-16 14:15:00+00:00,1.9247900247573853,1.9255800247192383,1.9245500564575195,1.9252300262451172,0,0.0,0.0
2026-02-16 14:30:00+00:00,1.9253100156784058,1.92631995677948,1.9249299764633179,1.9260200262069702,0,0.0,0.0
2026-02-16 14:45:00+00:00,1.9260499477386475,1.9274699687957764,1.9260200262069702,1.9264999628067017,0,0.0,0.0
2026-02-16 15:00:00+00:00,1.926509976387024,1.9275100231170654,1.9260799884796143,1.9270800352096558,0,0.0,0.0
2026-02-16 15:15:00+00:00,1.9270800352096558,1.9281699657440186,1.9270800352096558,1.9278899431228638,0,0.0,0.0
2026-02-16 15:30:00+00:00,1.927970051765442,1.9285800457000732,1.9272700548171997,1.9277199506759644,0,0.0,0.0
2026-02-16 15:45:00+00:00,1.9277299642562866,1.9285999536514282,1.9271899461746216,1.9284600019454956,0,0.0,0.0
2026-02-16 16:00:00+00:00,1.9285600185394287,1.9286600351333618,1.9269399642944336,1.9270100593566895,0,0.0,0.0
2026-02-16 16:15:00+00:00,1.9269499778747559,1.927690029144287,1.9264899492263794,1.9267200231552124,0,0.0,0.0
2026-02-16 16:30:00+00:00,1.926740050315857,1.9274799823760986,1.9264700412750244,1.926740050315857,0,0.0,0.0
2026-02-16 16:45:00+00:00,1.926669955253601,1.927109956741333,1.9263099431991577,1.9267799854278564,0,0.0,0.0
2026-02-16 17:00:00+00:00,1.9267799854278564,1.9270399808883667,1.9261800050735474,1.9264899492263794,0,0.0,0.0
2026-02-16 17:15:00+00:00,1.9264800548553467,1.926859974861145,1.926259994506836,1.926300048828125,0,0.0,0.0
2026-02-16 17:30:00+00:00,1.926300048828125,1.9265799522399902,1.926110029220581,1.926360011100769,0,0.0,0.0
2026-02-16 17:45:00+00:00,1.926360011100769,1.9268499612808228,1.9262900352478027,1.9267100095748901,0,0.0,0.0
2026-02-16 18:00:00+00:00,1.926609992980957,1.9266899824142456,1.9261000156402588,1.926200032234192,0,0.0,0.0
2026-02-16 18:15:00+00:00,1.926200032234192,1.926650047302246,1.9261800050735474,1.9265799522399902,0,0.0,0.0
2026-02-16 18:30:00+00:00,1.9265799522399902,1.926669955253601,1.926300048828125,1.926419973373413,0,0.0,0.0
2026-02-16 18:45:00+00:00,1.926419973373413,1.9268499612808228,1.9263099431991577,1.926759958267212,0,0.0,0.0
2026-02-16 19:00:00+00:00,1.926759958267212,1.9268300533294678,1.9265899658203125,1.926740050315857,0,0.0,0.0
2026-02-16 19:15:00+00:00,1.926800012588501,1.926990032196045,1.9266200065612793,1.9266999959945679,0,0.0,0.0
2026-02-16 19:30:00+00:00,1.9267200231552124,1.9270000457763672,1.9265600442886353,1.926669955253601,0,0.0,0.0
2026-02-16 19:45:00+00:00,1.926669955253601,1.9267799854278564,1.9265400171279907,1.926550030708313,0,0.0,0.0
2026-02-16 20:00:00+00:00,1.926550030708313,1.9267100095748901,1.9263800382614136,1.9264299869537354,0,0.0,0.0
2026-02-16 20:15:00+00:00,1.9263999462127686,1.9265400171279907,1.926069974899292,1.9263099431991577,0,0.0,0.0
2026-02-16 20:30:00+00:00,1.9262900352478027,1.926509976387024,1.926169991493225,1.9263999462127686,0,0.0,0.0
2026-02-16 20:45:00+00:00,1.9263700246810913,1.9265400171279907,1.9262399673461914,1.9262399673461914,0,0.0,0.0
2026-02-16 21:00:00+00:00,1.9262399673461914,1.9265400171279907,1.9261499643325806,1.9264099597930908,0,0.0,0.0
2026-02-16 21:15:00+00:00,1.9263999462127686,1.9267499446868896,1.926360011100769,1.9266599416732788,0,0.0,0.0
2026-02-16 21:30:00+00:00,1.9266599416732788,1.9268800020217896,1.9261900186538696,1.9266899824142456,0,0.0,0.0
2026-02-16 21:45:00+00:00,1.926360011100769,1.9271199703216553,1.925279974937439,1.9253300428390503,0,0.0,0.0
2026-02-16 22:00:00+00:00,1.9266899824142456,1.928130030632019,1.9250099658966064,1.925220012664795,0,0.0,0.0
2026-02-16 22:15:00+00:00,1.9260599613189697,1.927940011024475,1.9251099824905396,1.9264700412750244,0,0.0,0.0
2026-02-16 22:30:00+00:00,1.925469994544983,1.927940011024475,1.9240700006484985,1.926360011100769,0,0.0,0.0
2026-02-16 22:45:00+00:00,1.926010012626648,1.9274699687957764,1.9249800443649292,1.9253599643707275,0,0.0,0.0
2026-02-16 23:00:00+00:00,1.9264299869537354,1.9270399808883667,1.925510048866272,1.9257999658584595,0,0.0,0.0
2026-02-16 23:15:00+00:00,1.9258999824523926,1.926609992980957,1.92576003074646,1.9261000156402588,0,0.0,0.0
2026-02-16 23:30:00+00:00,1.9261000156402588,1.9265799522399902,1.9260200262069702,1.9264800548553467,0,0.0,0.0
2026-02-16 23:45:00+00:00,1.9263700246810913,1.926800012588501,1.9261399507522583,1.9267499446868896,0,0.0,0.0
2026-02-17 00:00:00+00:00,1.9265400171279907,1.9276299476623535,1.9260799884796143,1.9262399673461914,0,0.0,0.0
2026-02-17 00:15:00+00:00,1.926259994506836,1.926759958267212,1.9256500005722046,1.9261000156402588,0,0.0,0.0
2026-02-17 00:30:00+00:00,1.9259899854660034,1.9279099702835083,1.9258099794387817,1.9273799657821655,0,0.0,0.0
2026-02-17 00:45:00+00:00,1.9273899793624878,1.9277299642562866,1.9268699884414673,1.9276299476623535,0,0.0,0.0
2026-02-17 01:00:00+00:00,1.9275100231170654,1.927690029144287,1.925089955329895,1.9255800247192383,0,0.0,0.0
2026-02-17 01:15:00+00:00,1.9257400035858154,1.9271899461746216,1.9255499839782715,1.9270000457763672,0,0.0,0.0
2026-02-17 01:30:00+00:00,1.9270000457763672,1.9275599718093872,1.9264800548553467,1.9268300533294678,0,0.0,0.0
2026-02-17 01:45:00+00:00,1.926900029182434,1.9294500350952148,1.9265600442886353,1.9290200471878052,0,0.0,0.0
2026-02-17 02:00:00+00:00,1.9289100170135498,1.9304499626159668,1.9281200170516968,1.928689956665039,0,0.0,0.0
2026-02-17 02:15:00+00:00,1.9285399913787842,1.9289699792861938,1.9281400442123413,1.928879976272583,0,0.0,0.0
2026-02-17 02:30:00+00:00,1.9288300275802612,1.929419994354248,1.9282100200653076,1.9284900426864624,0,0.0,0.0
2026-02-17 02:45:00+00:00,1.9286099672317505,1.9290200471878052,1.9278700351715088,1.9284900426864624,0,0.0,0.0
2026-02-17 03:00:00+00:00,1.9284800291061401,1.9309600591659546,1.9284499883651733,1.9307899475097656,0,0.0,0.0
2026-02-17 03:15:00+00:00,1.9306199550628662,1.9310100078582764,1.928670048713684,1.928920030593872,0,0.0,0.0
2026-02-17 03:30:00+00:00,1.9288500547409058,1.9309300184249878,1.9288100004196167,1.9297000169754028,0,0.0,0.0
2026-02-17 03:45:00+00:00,1.929569959640503,1.9299399852752686,1.9290800094604492,1.9293800592422485,0,0.0,0.0
2026-02-17 04:00:00+00:00,1.929360032081604,1.929479956626892,1.927780032157898,1.9279600381851196,0,0.0,0.0
2026-02-17 04:15:00+00:00,1.9279799461364746,1.9283299446105957,1.9276200532913208,1.9277499914169312,0,0.0,0.0
2026-02-17 04:30:00+00:00,1.927899956703186,1.9279600381851196,1.9265700578689575,1.9269800186157227,0,0.0,0.0
2026-02-17 04:45:00+00:00,1.9267899990081787,1.9270299673080444,1.9255900382995605,1.92576003074646,0,0.0,0.0
2026-02-17 05:00:00+00:00,1.9256999492645264,1.9264400005340576,1.9252699613571167,1.9262800216674805,0,0.0,0.0
2026-02-17 05:15:00+00:00,1.9261800050735474,1.9279099702835083,1.926069974899292,1.9268300533294678,0,0.0,0.0
2026-02-17 05:30:00+00:00,1.9267899990081787,1.9279199838638306,1.9265199899673462,1.9272799491882324,0,0.0,0.0
2026-02-17 05:45:00+00:00,1.927090048789978,1.9276399612426758,1.9266200065612793,1.9269399642944336,0,0.0,0.0
2026-02-17 06:00:00+00:00,1.9268300533294678,1.9270999431610107,1.925879955291748,1.926200032234192,0,0.0,0.0
2026-02-17 06:15:00+00:00,1.926259994506836,1.9271399974822998,1.9260499477386475,1.9267300367355347,0,0.0,0.0
2026-02-17 06:30:00+00:00,1.9267300367355347,1.9270100593566895,1.9256700277328491,1.9259799718856812,0,0.0,0.0
2026-02-17 06:45:00+00:00,1.9261200428009033,1.9263299703598022,1.9256399869918823,1.925719976425171,0,0.0,0.0
2026-02-17 07:00:00+00:00,1.9257899522781372,1.9262200593948364,1.9225599765777588,1.9228399991989136,0,0.0,0.0
2026-02-17 07:15:00+00:00,1.9228399991989136,1.9232100248336792,1.9216500520706177,1.9228099584579468,0,0.0,0.0
2026-02-17 07:30:00+00:00,1.9228099584579468,1.9230999946594238,1.9186999797821045,1.9197399616241455,0,0.0,0.0
2026-02-17 07:45:00+00:00,1.919659972190857,1.920199990272522,1.918619990348816,1.91975998878479,0,0.0,0.0
2026-02-17 08:00:00+00:00,1.9198100566864014,1.9207500219345093,1.918720006942749,1.9197700023651123,0,0.0,0.0
2026-02-17 08:15:00+00:00,1.9197700023651123,1.921820044517517,1.9196200370788574,1.9207899570465088,0,0.0,0.0
2026-02-17 08:30:00+00:00,1.9207899570465088,1.922819972038269,1.9207899570465088,1.9224599599838257,0,0.0,0.0
2026-02-17 08:45:00+00:00,1.9224599599838257,1.9233700037002563,1.921779990196228,1.922160029411316,0,0.0,0.0
2026-02-17 09:00:00+00:00,1.9221299886703491,1.9230200052261353,1.9219800233840942,1.9223599433898926,0,0.0,0.0
2026-02-17 09:15:00+00:00,1.9223300218582153,1.9227399826049805,1.9216899871826172,1.921839952468872,0,0.0,0.0
2026-02-17 09:30:00+00:00,1.9218499660491943,1.9226000308990479,1.9217699766159058,1.9224200248718262,0,0.0,0.0
2026-02-17 09:45:00+00:00,1.9222999811172485,1.922950029373169,1.921370029449463,1.9216099977493286,0,0.0,0.0
2026-02-17 10:00:00+00:00,1.921429991722107,1.9221199750900269,1.9210100173950195,1.9218300580978394,0,0.0,0.0
2026-02-17 10:15:00+00:00,1.9219499826431274,1.9227399826049805,1.9210699796676636,1.9226800203323364,0,0.0,0.0
2026-02-17 10:30:00+00:00,1.9226499795913696,1.9235899448394775,1.9221999645233154,1.9233499765396118,0,0.0,0.0
2026-02-17 10:45:00+00:00,1.9233499765396118,1.924299955368042,1.9226900339126587,1.9241100549697876,0,0.0,0.0
2026-02-17 11:00:00+00:00,1.924180030822754,1.9243700504302979,1.9226399660110474,1.9227700233459473,0,0.0,0.0
2026-02-17 11:15:00+00:00,1.922760009765625,1.923490047454834,1.9219599962234497,1.92221999168396,0,0.0,0.0
2026-02-17 11:30:00+00:00,1.9221099615097046,1.922860026359558,1.9213800430297852,1.9218699932098389,0,0.0,0.0
2026-02-17 11:45:00+00:00,1.9218100309371948,1.9220900535583496,1.9205900430679321,1.9208699464797974,0,0.0,0.0
2026-02-17 12:00:00+00:00,1.9207099676132202,1.921280026435852,1.9199999570846558,1.9200700521469116,0,0.0,0.0
2026-02-17 12:15:00+00:00,1.9200700521469116,1.9205900430679321,1.9198600053787231,1.920549988746643,0,0.0,0.0
2026-02-17 12:30:00+00:00,1.9204100370407104,1.9207600355148315,1.9200199842453003,1.9201699495315552,0,0.0,0.0
2026-02-17 12:45:00+00:00,1.9201699495315552,1.9214099645614624,1.919659972190857,1.9204699993133545,0,0.0,0.0
2026-02-17 13:00:00+00:00,1.9204800128936768,1.9215400218963623,1.9199299812316895,1.921120047569275,0,0.0,0.0
2026-02-17 13:15:00+00:00,1.921120047569275,1.9218300580978394,1.9198999404907227,1.9204299449920654,0,0.0,0.0
2026-02-17 13:30:00+00:00,1.9205600023269653,1.9216400384902954,1.9202300310134888,1.9202799797058105,0,0.0,0.0
2026-02-17 13:45:00+00:00,1.9202799797058105,1.9204800128936768,1.9166300296783447,1.9195899963378906,0,0.0,0.0
2026-02-17 14:00:00+00:00,1.9196100234985352,1.9200400114059448,1.916990041732788,1.9187599420547485,0,0.0,0.0
2026-02-17 14:15:00+00:00,1.9186899662017822,1.919700026512146,1.91812002658844,1.9182499647140503,0,0.0,0.0
2026-02-17 14:30:00+00:00,1.9182699918746948,1.9196399450302124,1.916700005531311,1.9193999767303467,0,0.0,0.0
2026-02-17 14:45:00+00:00,1.919350028038025,1.921120047569275,1.918660044670105,1.9208199977874756,0,0.0,0.0
2026-02-17 15:00:00+00:00,1.9208799600601196,1.9218800067901611,1.9186700582504272,1.9216899871826172,0,0.0,0.0
2026-02-17 15:15:00+00:00,1.9216599464416504,1.922070026397705,1.9192999601364136,1.920930027961731,0,0.0,0.0
2026-02-17 15:30:00+00:00,1.9208400249481201,1.9215199947357178,1.9189399480819702,1.9192299842834473,0,0.0,0.0
2026-02-17 15:45:00+00:00,1.919319987297058,1.9193799495697021,1.9167499542236328,1.9170900583267212,0,0.0,0.0
2026-02-17 16:00:00+00:00,1.9170500040054321,1.9172699451446533,1.9151099920272827,1.9153200387954712,0,0.0,0.0
2026-02-17 16:15:00+00:00,1.915369987487793,1.9157400131225586,1.9140299558639526,1.9155199527740479,0,0.0,0.0
2026-02-17 16:30:00+00:00,1.9156399965286255,1.9167300462722778,1.9154900312423706,1.9166100025177002,0,0.0,0.0
2026-02-17 16:45:00+00:00,1.9164600372314453,1.9174100160598755,1.9161499738693237,1.9165500402450562,0,0.0,0.0
2026-02-17 17:00:00+00:00,1.9165500402450562,1.9180099964141846,1.9163600206375122,1.9173699617385864,0,0.0,0.0
2026-02-17 17:15:00+00:00,1.9173699617385864,1.9178400039672852,1.9164999723434448,1.9166100025177002,0,0.0,0.0
2026-02-17 17:30:00+00:00,1.9164999723434448,1.9188200235366821,1.9159499406814575,1.918619990348816,0,0.0,0.0
2026-02-17 17:45:00+00:00,1.9186500310897827,1.9191399812698364,1.9169800281524658,1.917009949684143,0,0.0,0.0
2026-02-17 18:00:00+00:00,1.917009949684143,1.9174200296401978,1.915779948234558,1.9161399602890015,0,0.0,0.0
2026-02-17 18:15:00+00:00,1.9160900115966797,1.9165500402450562,1.915079951286316,1.9151099920272827,0,0.0,0.0
2026-02-17 18:30:00+00:00,1.915120005607605,1.9153499603271484,1.9130200147628784,1.9132200479507446,0,0.0,0.0
2026-02-17 18:45:00+00:00,1.9133199453353882,1.9136699438095093,1.9125499725341797,1.9130300283432007,0,0.0,0.0
2026-02-17 19:00:00+00:00,1.9129400253295898,1.9139399528503418,1.9125399589538574,1.9138200283050537,0,0.0,0.0
2026-02-17 19:15:00+00:00,1.9137300252914429,1.9143699407577515,1.9136300086975098,1.9141199588775635,0,0.0,0.0
2026-02-17 19:30:00+00:00,1.914139986038208,1.91457998752594,1.9137400388717651,1.9137400388717651,0,0.0,0.0
2026-02-17 19:45:00+00:00,1.9137400388717651,1.9150400161743164,1.9136099815368652,1.9148099422454834,0,0.0,0.0
2026-02-17 20:00:00+00:00,1.9148199558258057,1.9151599407196045,1.9143199920654297,1.9147000312805176,0,0.0,0.0
2026-02-17 20:15:00+00:00,1.9146599769592285,1.9147700071334839,1.9141900539398193,1.9142999649047852,0,0.0,0.0
2026-02-17 20:30:00+00:00,1.9143699407577515,1.9148999452590942,1.9141099452972412,1.9144200086593628,0,0.0,0.0
2026-02-17 20:45:00+00:00,1.9143799543380737,1.9149500131607056,1.914199948310852,1.914720058441162,0,0.0,0.0
2026-02-17 21:00:00+00:00,1.9147700071334839,1.914929986000061,1.9140900373458862,1.9142199754714966,0,0.0,0.0
2026-02-17 21:15:00+00:00,1.9142199754714966,1.9145400524139404,1.9140000343322754,1.9140100479125977,0,0.0,0.0
2026-02-17 21:30:00+00:00,1.9140100479125977,1.914929986000061,1.9139800071716309,1.9145300388336182,0,0.0,0.0
2026-02-17 21:45:00+00:00,1.9145300388336182,1.9149999618530273,1.912019968032837,1.9125900268554688,0,0.0,0.0
2026-02-17 22:00:00+00:00,1.914289951324463,1.916700005531311,1.9119700193405151,1.913849949836731,0,0.0,0.0
2026-02-17 22:15:00+00:00,1.9136699438095093,1.9148399829864502,1.911020040512085,1.9132599830627441,0,0.0,0.0
2026-02-17 22:30:00+00:00,1.9136799573898315,1.9149999618530273,1.9119999408721924,1.913849949836731,0,0.0,0.0
2026-02-17 22:45:00+00:00,1.914389967918396,1.9148399829864502,1.9108200073242188,1.9114999771118164,0,0.0,0.0
2026-02-17 23:00:00+00:00,1.9130899906158447,1.9155999422073364,1.9114799499511719,1.9148900508880615,0,0.0,0.0
2026-02-17 23:15:00+00:00,1.9147100448608398,1.9152300357818604,1.9145599603652954,1.9146699905395508,0,0.0,0.0
2026-02-17 23:30:00+00:00,1.9148499965667725,1.9151300191879272,1.9143699407577515,1.914389967918396,0,0.0,0.0
2026-02-17 23:45:00+00:00,1.914389967918396,1.9152799844741821,1.9143699407577515,1.9150899648666382,0,0.0,0.0
2026-02-18 00:00:00+00:00,1.9149800539016724,1.9152599573135376,1.9144799709320068,1.9150199890136719,0,0.0,0.0
2026-02-18 00:15:00+00:00,1.914870023727417,1.9158600568771362,1.914620041847229,1.9154499769210815,0,0.0,0.0
2026-02-18 00:30:00+00:00,1.9152300357818604,1.9164199829101562,1.9152300357818604,1.9159400463104248,0,0.0,0.0
2026-02-18 00:45:00+00:00,1.9160200357437134,1.9163299798965454,1.9151500463485718,1.9162399768829346,0,0.0,0.0
2026-02-18 01:00:00+00:00,1.916200041770935,1.9163800477981567,1.915470004081726,1.916159987449646,0,0.0,0.0
2026-02-18 01:15:00+00:00,1.9160399436950684,1.916450023651123,1.9153800010681152,1.915470004081726,0,0.0,0.0
2026-02-18 01:30:00+00:00,1.9155000448226929,1.9164799451828003,1.9153900146484375,1.9159300327301025,0,0.0,0.0
2026-02-18 01:45:00+00:00,1.9158799648284912,1.9163600206375122,1.9155999422073364,1.915969967842102,0,0.0,0.0
2026-02-18 02:00:00+00:00,1.9160200357437134,1.9163099527359009,1.915429949760437,1.916100025177002,0,0.0,0.0
2026-02-18 02:15:00+00:00,1.9160000085830688,1.9176499843597412,1.9159300327301025,1.9169800281524658,0,0.0,0.0
2026-02-18 02:30:00+00:00,1.916949987411499,1.9173799753189087,1.9167100191116333,1.9171500205993652,0,0.0,0.0
2026-02-18 02:45:00+00:00,1.9170900583267212,1.917829990386963,1.9170000553131104,1.9177600145339966,0,0.0,0.0
2026-02-18 03:00:00+00:00,1.9176199436187744,1.918030023574829,1.9170600175857544,1.9178199768066406,0,0.0,0.0
2026-02-18 03:15:00+00:00,1.9177800416946411,1.918370008468628,1.9177099466323853,1.9181300401687622,0,0.0,0.0
2026-02-18 03:30:00+00:00,1.9180400371551514,1.9181400537490845,1.9176599979400635,1.9179199934005737,0,0.0,0.0
2026-02-18 03:45:00+00:00,1.9180400371551514,1.9182599782943726,1.9167699813842773,1.9171500205993652,0,0.0,0.0
2026-02-18 04:00:00+00:00,1.9171799421310425,1.917639970779419,1.9167100191116333,1.9168399572372437,0,0.0,0.0
2026-02-18 04:15:00+00:00,1.9167499542236328,1.9172199964523315,1.9162800312042236,1.917080044746399,0,0.0,0.0
2026-02-18 04:30:00+00:00,1.916949987411499,1.9172300100326538,1.916599988937378,1.9168299436569214,0,0.0,0.0
2026-02-18 04:45:00+00:00,1.9169399738311768,1.9174599647521973,1.9167699813842773,1.9171500205993652,0,0.0,0.0
2026-02-18 05:00:00+00:00,1.9172199964523315,1.9174400568008423,1.9169399738311768,1.9173500537872314,0,0.0,0.0
2026-02-18 05:15:00+00:00,1.9173500537872314,1.9176000356674194,1.9171099662780762,1.9173799753189087,0,0.0,0.0
2026-02-18 05:30:00+00:00,1.9173799753189087,1.918280005455017,1.9171500205993652,1.9182300567626953,0,0.0,0.0
2026-02-18 05:45:00+00:00,1.918239951133728,1.9184399843215942,1.9179400205612183,1.9180099964141846,0,0.0,0.0
2026-02-18 06:00:00+00:00,1.9179799556732178,1.9185999631881714,1.917829990386963,1.9182900190353394,0,0.0,0.0
2026-02-18 06:15:00+00:00,1.918280005455017,1.918470025062561,1.9174699783325195,1.9177199602127075,0,0.0,0.0
2026-02-18 06:30:00+00:00,1.9176299571990967,1.9178999662399292,1.917199969291687,1.9172600507736206,0,0.0,0.0
2026-02-18 06:45:00+00:00,1.9172600507736206,1.9185500144958496,1.9160499572753906,1.9177199602127075,0,0.0,0.0
2026-02-18 07:00:00+00:00,1.9177600145339966,1.920009970664978,1.9159300327301025,1.9180400371551514,0,0.0,0.0
2026-02-18 07:15:00+00:00,1.9180599451065063,1.9189499616622925,1.9180599451065063,1.9185500144958496,0,0.0,0.0
2026-02-18 07:30:00+00:00,1.9185199737548828,1.9195599555969238,1.9182900190353394,1.918779969215393,0,0.0,0.0
2026-02-18 07:45:00+00:00,1.9188200235366821,1.9193300008773804,1.9175399541854858,1.9181699752807617,0,0.0,0.0
2026-02-18 08:00:00+00:00,1.9180999994277954,1.9182499647140503,1.9169199466705322,1.917639970779419,0,0.0,0.0
2026-02-18 08:15:00+00:00,1.9177900552749634,1.9179500341415405,1.9166899919509888,1.9170199632644653,0,0.0,0.0
2026-02-18 08:30:00+00:00,1.9170199632644653,1.91798996925354,1.9166100025177002,1.9177299737930298,0,0.0,0.0
2026-02-18 08:45:00+00:00,1.9177299737930298,1.918779969215393,1.9177299737930298,1.9184900522232056,0,0.0,0.0
2026-02-18 09:00:00+00:00,1.9185899496078491,1.9189200401306152,1.9171099662780762,1.9176499843597412,0,0.0,0.0
2026-02-18 09:15:00+00:00,1.9176599979400635,1.9178800582885742,1.916659951210022,1.9168399572372437,0,0.0,0.0
2026-02-18 09:30:00+00:00,1.9169199466705322,1.9174400568008423,1.9162299633026123,1.9166200160980225,0,0.0,0.0
2026-02-18 09:45:00+00:00,1.9166200160980225,1.9181100130081177,1.916509985923767,1.9178600311279297,0,0.0,0.0
2026-02-18 10:00:00+00:00,1.9177600145339966,1.91812002658844,1.9172600507736206,1.9177900552749634,0,0.0,0.0
2026-02-18 10:15:00+00:00,1.917680025100708,1.9185099601745605,1.9174000024795532,1.9182499647140503,0,0.0,0.0
2026-02-18 10:30:00+00:00,1.9183900356292725,1.9187099933624268,1.9175399541854858,1.9182699918746948,0,0.0,0.0
2026-02-18 10:45:00+00:00,1.9182699918746948,1.919100046157837,1.9175299406051636,1.9179699420928955,0,0.0,0.0
2026-02-18 11:00:00+00:00,1.9178999662399292,1.9190800189971924,1.9177800416946411,1.9181699752807617,0,0.0,0.0
2026-02-18 11:15:00+00:00,1.918030023574829,1.9187999963760376,1.9177500009536743,1.9186899662017822,0,0.0,0.0
2026-02-18 11:30:00+00:00,1.9185800552368164,1.9191299676895142,1.9182499647140503,1.9186400175094604,0,0.0,0.0
2026-02-18 11:45:00+00:00,1.9186400175094604,1.9196399450302124,1.918529987335205,1.9194400310516357,0,0.0,0.0
2026-02-18 12:00:00+00:00,1.9195400476455688,1.9196699857711792,1.9181400537490845,1.9188799858093262,0,0.0,0.0
2026-02-18 12:15:00+00:00,1.9187500476837158,1.919800043106079,1.9181699752807617,1.9194899797439575,0,0.0,0.0
2026-02-18 12:30:00+00:00,1.9194899797439575,1.9202799797058105,1.9190800189971924,1.9192500114440918,0,0.0,0.0
2026-02-18 12:45:00+00:00,1.9192500114440918,1.9199899435043335,1.9190399646759033,1.9196399450302124,0,0.0,0.0
2026-02-18 13:00:00+00:00,1.9196399450302124,1.920300006866455,1.9189300537109375,1.9192299842834473,0,0.0,0.0
2026-02-18 13:15:00+00:00,1.9191700220108032,1.9203100204467773,1.9190900325775146,1.919510006904602,0,0.0,0.0
2026-02-18 13:30:00+00:00,1.9194899797439575,1.9202799797058105,1.9188599586486816,1.9200899600982666,0,0.0,0.0
2026-02-18 13:45:00+00:00,1.9200600385665894,1.9208999872207642,1.91989004611969,1.92044997215271,0,0.0,0.0
2026-02-18 14:00:00+00:00,1.9204299449920654,1.9213600158691406,1.918660044670105,1.919800043106079,0,0.0,0.0
2026-02-18 14:15:00+00:00,1.9194200038909912,1.9198100566864014,1.9180599451065063,1.918720006942749,0,0.0,0.0
2026-02-18 14:30:00+00:00,1.9187300205230713,1.9196699857711792,1.9171899557113647,1.9173699617385864,0,0.0,0.0
2026-02-18 14:45:00+00:00,1.9173799753189087,1.919350028038025,1.9163700342178345,1.9166200160980225,0,0.0,0.0
2026-02-18 15:00:00+00:00,1.9167399406433105,1.9168000221252441,1.9139399528503418,1.9143600463867188,0,0.0,0.0
2026-02-18 15:15:00+00:00,1.914389967918396,1.9154399633407593,1.914389967918396,1.9149600267410278,0,0.0,0.0
2026-02-18 15:30:00+00:00,1.9150500297546387,1.9167300462722778,1.9148199558258057,1.9164299964904785,0,0.0,0.0
2026-02-18 15:45:00+00:00,1.9163600206375122,1.9165799617767334,1.9151099920272827,1.9153300523757935,0,0.0,0.0
2026-02-18 16:00:00+00:00,1.9152899980545044,1.9164299964904785,1.9151300191879272,1.9161800146102905,0,0.0,0.0
2026-02-18 16:15:00+00:00,1.9161800146102905,1.917099952697754,1.9160100221633911,1.9165300130844116,0,0.0,0.0
2026-02-18 16:30:00+00:00,1.9164199829101562,1.9167100191116333,1.9154599905014038,1.9159599542617798,0,0.0,0.0
2026-02-18 16:45:00+00:00,1.9159200191497803,1.9161800146102905,1.9154000282287598,1.9156800508499146,0,0.0,0.0
2026-02-18 17:00:00+00:00,1.9156800508499146,1.9160100221633911,1.91497004032135,1.9152799844741821,0,0.0,0.0
2026-02-18 17:15:00+00:00,1.9152599573135376,1.9153499603271484,1.9145599603652954,1.9150300025939941,0,0.0,0.0
2026-02-18 17:30:00+00:00,1.9150999784469604,1.9153000116348267,1.914289951324463,1.9144799709320068,0,0.0,0.0
2026-02-18 17:45:00+00:00,1.9144799709320068,1.9146000146865845,1.9132299423217773,1.913930058479309,0,0.0,0.0
2026-02-18 18:00:00+00:00,1.9140299558639526,1.9150300025939941,1.9138799905776978,1.9148600101470947,0,0.0,0.0
2026-02-18 18:15:00+00:00,1.9147700071334839,1.9160900115966797,1.9144599437713623,1.9160300493240356,0,0.0,0.0
2026-02-18 18:30:00+00:00,1.9159300327301025,1.916260004043579,1.9151099920272827,1.9161700010299683,0,0.0,0.0
2026-02-18 18:45:00+00:00,1.9161900281906128,1.9165500402450562,1.9155700206756592,1.9160699844360352,0,0.0,0.0
2026-02-18 19:00:00+00:00,1.9164999723434448,1.9169600009918213,1.9155100584030151,1.9162700176239014,0,0.0,0.0
2026-02-18 19:15:00+00:00,1.9162800312042236,1.9172799587249756,1.9160900115966797,1.917099952697754,0,0.0,0.0
2026-02-18 19:30:00+00:00,1.9170399904251099,1.9186700582504272,1.9167300462722778,1.9182100296020508,0,0.0,0.0
2026-02-18 19:45:00+00:00,1.9181900024414062,1.9186400175094604,1.9178500175476074,1.9180699586868286,0,0.0,0.0
2026-02-18 20:00:00+00:00,1.9180699586868286,1.9184399843215942,1.9175299406051636,1.9183199405670166,0,0.0,0.0
2026-02-18 20:15:00+00:00,1.918280005455017,1.91867995262146,1.9178999662399292,1.9181599617004395,0,0.0,0.0
2026-02-18 20:30:00+00:00,1.91812002658844,1.918179988861084,1.9173200130462646,1.9174699783325195,0,0.0,0.0
2026-02-18 20:45:00+00:00,1.9174699783325195,1.9176499843597412,1.9163800477981567,1.9168200492858887,0,0.0,0.0
2026-02-18 21:00:00+00:00,1.9168599843978882,1.9173500537872314,1.916759967803955,1.9169600009918213,0,0.0,0.0
2026-02-18 21:15:00+00:00,1.9169600009918213,1.9171600341796875,1.9167799949645996,1.916849970817566,0,0.0,0.0
2026-02-18 21:30:00+00:00,1.916849970817566,1.917080044746399,1.9164899587631226,1.9165199995040894,0,0.0,0.0
2026-02-18 21:45:00+00:00,1.9165199995040894,1.9165199995040894,1.9150400161743164,1.9155199527740479,0,0.0,0.0
2026-02-18 22:00:00+00:00,1.9148900508880615,1.9170299768447876,1.9137300252914429,1.9156500101089478,0,0.0,0.0
2026-02-18 22:15:00+00:00,1.9152300357818604,1.9171199798583984,1.9152300357818604,1.9157400131225586,0,0.0,0.0
2026-02-18 22:30:00+00:00,1.9157400131225586,1.9166200160980225,1.915120005607605,1.9155399799346924,0,0.0,0.0
2026-02-18 22:45:00+00:00,1.9155399799346924,1.9165600538253784,1.9141099452972412,1.915369987487793,0,0.0,0.0
2026-02-18 23:00:00+00:00,1.9149399995803833,1.9161299467086792,1.9148600101470947,1.9158600568771362,0,0.0,0.0
2026-02-18 23:15:00+00:00,1.915969967842102,1.9161499738693237,1.9154200553894043,1.9155700206756592,0,0.0,0.0
2026-02-18 23:30:00+00:00,1.9155700206756592,1.9160000085830688,1.9152899980545044,1.9156999588012695,0,0.0,0.0
2026-02-18 23:45:00+00:00,1.9158400297164917,1.916100025177002,1.915470004081726,1.9157600402832031,0,0.0,0.0
2026-02-19 00:00:00+00:00,1.9160699844360352,1.9164700508117676,1.9155299663543701,1.9163600206375122,0,0.0,0.0
2026-02-19 00:15:00+00:00,1.9164600372314453,1.9171299934387207,1.9160799980163574,1.916450023651123,0,0.0,0.0
2026-02-19 00:30:00+00:00,1.9170900583267212,1.9170900583267212,1.911910057067871,1.9156899452209473,0,0.0,0.0
2026-02-19 00:45:00+00:00,1.9156899452209473,1.915910005569458,1.9135500192642212,1.9140000343322754,0,0.0,0.0
2026-02-19 01:00:00+00:00,1.9139599800109863,1.914199948310852,1.9117499589920044,1.9119199514389038,0,0.0,0.0
2026-02-19 01:15:00+00:00,1.9119399785995483,1.9121299982070923,1.9111000299453735,1.9113999605178833,0,0.0,0.0
2026-02-19 01:30:00+00:00,1.9113199710845947,1.9119900465011597,1.9103000164031982,1.9105600118637085,0,0.0,0.0
2026-02-19 01:45:00+00:00,1.9105600118637085,1.9107600450515747,1.909540057182312,1.9096800088882446,0,0.0,0.0
2026-02-19 02:00:00+00:00,1.9096299409866333,1.910640001296997,1.9091700315475464,1.909999966621399,0,0.0,0.0
2026-02-19 02:15:00+00:00,1.910040020942688,1.910889983177185,1.9098199605941772,1.9102799892425537,0,0.0,0.0
2026-02-19 02:30:00+00:00,1.9101200103759766,1.9103599786758423,1.9088200330734253,1.9090700149536133,0,0.0,0.0
2026-02-19 02:45:00+00:00,1.9090100526809692,1.9094200134277344,1.9086099863052368,1.9090499877929688,0,0.0,0.0
2026-02-19 03:00:00+00:00,1.90910005569458,1.9092899560928345,1.9084199666976929,1.9091600179672241,0,0.0,0.0
2026-02-19 03:15:00+00:00,1.9090700149536133,1.9094599485397339,1.9084800481796265,1.9091399908065796,0,0.0,0.0
2026-02-19 03:30:00+00:00,1.9091999530792236,1.9097299575805664,1.9086400270462036,1.9093899726867676,0,0.0,0.0
2026-02-19 03:45:00+00:00,1.9094799757003784,1.9099299907684326,1.9090399742126465,1.9096499681472778,0,0.0,0.0
2026-02-19 04:00:00+00:00,1.9096499681472778,1.9102799892425537,1.9095100164413452,1.909690022468567,0,0.0,0.0
2026-02-19 04:15:00+00:00,1.909690022468567,1.9115099906921387,1.9094599485397339,1.9113399982452393,0,0.0,0.0
2026-02-19 04:30:00+00:00,1.9112999439239502,1.9121899604797363,1.9101799726486206,1.9120399951934814,0,0.0,0.0
2026-02-19 04:45:00+00:00,1.911929965019226,1.9125499725341797,1.9117300510406494,1.9122099876403809,0,0.0,0.0
2026-02-19 05:00:00+00:00,1.9122099876403809,1.9134199619293213,1.9119499921798706,1.9133000373840332,0,0.0,0.0
2026-02-19 05:15:00+00:00,1.9133000373840332,1.9135899543762207,1.9126499891281128,1.9127399921417236,0,0.0,0.0
2026-02-19 05:30:00+00:00,1.9126499891281128,1.912950038909912,1.9122200012207031,1.9122300148010254,0,0.0,0.0
2026-02-19 05:45:00+00:00,1.9122300148010254,1.9125800132751465,1.9116499423980713,1.9119000434875488,0,0.0,0.0
2026-02-19 06:00:00+00:00,1.9119900465011597,1.9125699996948242,1.9115300178527832,1.9124000072479248,0,0.0,0.0
2026-02-19 06:15:00+00:00,1.9124000072479248,1.9126800298690796,1.9119199514389038,1.912369966506958,0,0.0,0.0
2026-02-19 06:30:00+00:00,1.912369966506958,1.912500023841858,1.9114500284194946,1.9115699529647827,0,0.0,0.0
2026-02-19 06:45:00+00:00,1.9116400480270386,1.9116699695587158,1.9099899530410767,1.9102100133895874,0,0.0,0.0
2026-02-19 07:00:00+00:00,1.9100600481033325,1.9101999998092651,1.9092299938201904,1.9096599817276,0,0.0,0.0
2026-02-19 07:15:00+00:00,1.9096599817276,1.9103599786758423,1.9091800451278687,1.9094300270080566,0,0.0,0.0
2026-02-19 07:30:00+00:00,1.909309983253479,1.9097599983215332,1.9084800481796265,1.9092400074005127,0,0.0,0.0
2026-02-19 07:45:00+00:00,1.9091399908065796,1.910099983215332,1.9090800285339355,1.9096499681472778,0,0.0,0.0
2026-02-19 08:00:00+00:00,1.9096299409866333,1.9106600284576416,1.9094500541687012,1.9098600149154663,0,0.0,0.0
2026-02-19 08:15:00+00:00,1.9098299741744995,1.9104599952697754,1.9086300134658813,1.9097900390625,0,0.0,0.0
2026-02-19 08:30:00+00:00,1.9097900390625,1.9108699560165405,1.909540057182312,1.9098199605941772,0,0.0,0.0
2026-02-19 08:45:00+00:00,1.9098999500274658,1.9115099906921387,1.9092400074005127,1.9101999998092651,0,0.0,0.0
2026-02-19 09:00:00+00:00,1.9102200269699097,1.9110900163650513,1.9098199605941772,1.9100500345230103,0,0.0,0.0
2026-02-19 09:15:00+00:00,1.9099700450897217,1.9110699892044067,1.909500002861023,1.910889983177185,0,0.0,0.0
2026-02-19 09:30:00+00:00,1.9109100103378296,1.9113800525665283,1.9100799560546875,1.9106899499893188,0,0.0,0.0
2026-02-19 09:45:00+00:00,1.9106999635696411,1.9128999710083008,1.9105499982833862,1.9126399755477905,0,0.0,0.0
2026-02-19 10:00:00+00:00,1.9126299619674683,1.913450002670288,1.911870002746582,1.913140058517456,0,0.0,0.0
2026-02-19 10:15:00+00:00,1.9132399559020996,1.9133100509643555,1.9117300510406494,1.9128400087356567,0,0.0,0.0
2026-02-19 10:30:00+00:00,1.91280996799469,1.9132800102233887,1.91225004196167,1.9130500555038452,0,0.0,0.0
2026-02-19 10:45:00+00:00,1.9129999876022339,1.913059949874878,1.9117300510406494,1.9121700525283813,0,0.0,0.0
2026-02-19 11:00:00+00:00,1.912179946899414,1.9122799634933472,1.9105600118637085,1.9114400148391724,0,0.0,0.0
2026-02-19 11:15:00+00:00,1.9114400148391724,1.9122400283813477,1.910390019416809,1.910830020904541,0,0.0,0.0
2026-02-19 11:30:00+00:00,1.910830020904541,1.9119700193405151,1.910390019416809,1.9117399454116821,0,0.0,0.0
2026-02-19 11:45:00+00:00,1.9117399454116821,1.912410020828247,1.9109100103378296,1.91103994846344,0,0.0,0.0
2026-02-19 12:00:00+00:00,1.9110300540924072,1.9116599559783936,1.9097599983215332,1.9099400043487549,0,0.0,0.0
2026-02-19 12:15:00+00:00,1.9097900390625,1.9104100465774536,1.9094300270080566,1.9098600149154663,0,0.0,0.0
2026-02-19 12:30:00+00:00,1.9099199771881104,1.9104199409484863,1.9093400239944458,1.9101500511169434,0,0.0,0.0
2026-02-19 12:45:00+00:00,1.9101500511169434,1.9109300374984741,1.9099700450897217,1.9102699756622314,0,0.0,0.0
2026-02-19 13:00:00+00:00,1.9102699756622314,1.9116499423980713,1.9100899696350098,1.91103994846344,0,0.0,0.0
2026-02-19 13:15:00+00:00,1.9109599590301514,1.9115999937057495,1.9101500511169434,1.9106800556182861,0,0.0,0.0
2026-02-19 13:30:00+00:00,1.9110000133514404,1.9110300540924072,1.9079300165176392,1.9093199968338013,0,0.0,0.0
2026-02-19 13:45:00+00:00,1.9093300104141235,1.909980058670044,1.9082599878311157,1.9094200134277344,0,0.0,0.0
2026-02-19 14:00:00+00:00,1.909409999847412,1.9103399515151978,1.9087200164794922,1.9100199937820435,0,0.0,0.0
2026-02-19 14:15:00+00:00,1.9100199937820435,1.910330057144165,1.9086899757385254,1.9102599620819092,0,0.0,0.0
2026-02-19 14:30:00+00:00,1.9102200269699097,1.9127899408340454,1.9099199771881104,1.9108999967575073,0,0.0,0.0
2026-02-19 14:45:00+00:00,1.9109100103378296,1.9117900133132935,1.9100500345230103,1.9109300374984741,0,0.0,0.0
2026-02-19 15:00:00+00:00,1.9109400510787964,1.9119700193405151,1.9090100526809692,1.9105000495910645,0,0.0,0.0
2026-02-19 15:15:00+00:00,1.9104199409484863,1.9105700254440308,1.9089800119400024,1.909500002861023,0,0.0,0.0
2026-02-19 15:30:00+00:00,1.909409999847412,1.9098199605941772,1.9068700075149536,1.907289981842041,0,0.0,0.0
2026-02-19 15:45:00+00:00,1.907289981842041,1.9078799486160278,1.9061800241470337,1.9062000513076782,0,0.0,0.0
2026-02-19 16:00:00+00:00,1.9063400030136108,1.9072999954223633,1.9056999683380127,1.9063899517059326,0,0.0,0.0
2026-02-19 16:15:00+00:00,1.9063400030136108,1.9068100452423096,1.9052200317382812,1.906630039215088,0,0.0,0.0
2026-02-19 16:30:00+00:00,1.906630039215088,1.9068000316619873,1.9058799743652344,1.9063400030136108,0,0.0,0.0
2026-02-19 16:45:00+00:00,1.9064600467681885,1.9074699878692627,1.9054100513458252,1.907439947128296,0,0.0,0.0
2026-02-19 17:00:00+00:00,1.90733003616333,1.9080899953842163,1.9067399501800537,1.906749963760376,0,0.0,0.0
2026-02-19 17:15:00+00:00,1.906749963760376,1.9073799848556519,1.9060800075531006,1.9067399501800537,0,0.0,0.0
2026-02-19 17:30:00+00:00,1.9067399501800537,1.9079300165176392,1.9061399698257446,1.9074300527572632,0,0.0,0.0
2026-02-19 17:45:00+00:00,1.9074300527572632,1.9088399410247803,1.9073400497436523,1.9081799983978271,0,0.0,0.0
2026-02-19 18:00:00+00:00,1.908079981803894,1.9089499711990356,1.9073100090026855,1.9075100421905518,0,0.0,0.0
2026-02-19 18:15:00+00:00,1.9074599742889404,1.9086300134658813,1.9071799516677856,1.908079981803894,0,0.0,0.0
2026-02-19 18:30:00+00:00,1.9081599712371826,1.9089900255203247,1.9079099893569946,1.9086099863052368,0,0.0,0.0
2026-02-19 18:45:00+00:00,1.9086099863052368,1.9087799787521362,1.907580018043518,1.9076299667358398,0,0.0,0.0
2026-02-19 19:00:00+00:00,1.907639980316162,1.9083600044250488,1.9076299667358398,1.9082800149917603,0,0.0,0.0
2026-02-19 19:15:00+00:00,1.9082200527191162,1.9084500074386597,1.9075700044631958,1.9078999757766724,0,0.0,0.0
2026-02-19 19:30:00+00:00,1.9079099893569946,1.9094300270080566,1.9075900316238403,1.909000039100647,0,0.0,0.0
2026-02-19 19:45:00+00:00,1.909000039100647,1.9092600345611572,1.9080499410629272,1.9084899425506592,0,0.0,0.0
2026-02-19 20:00:00+00:00,1.9084999561309814,1.9085999727249146,1.9077199697494507,1.908079981803894,0,0.0,0.0
2026-02-19 20:15:00+00:00,1.90802001953125,1.9086600542068481,1.9078600406646729,1.9083399772644043,0,0.0,0.0
2026-02-19 20:30:00+00:00,1.9084299802780151,1.908519983291626,1.907580018043518,1.9080699682235718,0,0.0,0.0
2026-02-19 20:45:00+00:00,1.9080499410629272,1.908210039138794,1.907170057296753,1.9074599742889404,0,0.0,0.0
2026-02-19 21:00:00+00:00,1.9074000120162964,1.9076800346374512,1.9069199562072754,1.906999945640564,0,0.0,0.0
2026-02-19 21:15:00+00:00,1.90693998336792,1.9076999425888062,1.9069000482559204,1.9071500301361084,0,0.0,0.0
2026-02-19 21:30:00+00:00,1.9071500301361084,1.9082900285720825,1.9071400165557861,1.908139944076538,0,0.0,0.0
2026-02-19 21:45:00+00:00,1.9081000089645386,1.908329963684082,1.906309962272644,1.9066200256347656,0,0.0,0.0
2026-02-19 22:00:00+00:00,1.9078600406646729,1.908810019493103,1.9062299728393555,1.9073599576950073,0,0.0,0.0
2026-02-19 22:15:00+00:00,1.9069700241088867,1.9088300466537476,1.9064199924468994,1.9073100090026855,0,0.0,0.0
2026-02-19 22:30:00+00:00,1.90693998336792,1.9084199666976929,1.9063600301742554,1.9073799848556519,0,0.0,0.0
2026-02-19 22:45:00+00:00,1.9074100255966187,1.9085299968719482,1.9064799547195435,1.906559944152832,0,0.0,0.0
2026-02-19 23:00:00+00:00,1.9076000452041626,1.9078799486160278,1.9060100317001343,1.9076299667358398,0,0.0,0.0
2026-02-19 23:15:00+00:00,1.9076499938964844,1.9078600406646729,1.9070299863815308,1.9072200059890747,0,0.0,0.0
2026-02-19 23:30:00+00:00,1.9072200059890747,1.9077500104904175,1.906849980354309,1.9075100421905518,0,0.0,0.0
2026-02-19 23:45:00+00:00,1.9075100421905518,1.9079999923706055,1.9072699546813965,1.907670021057129,0,0.0,0.0
2026-02-20 00:00:00+00:00,1.907439947128296,1.90788996219635,1.907189965248108,1.907580018043518,0,0.0,0.0
2026-02-20 00:15:00+00:00,1.9076600074768066,1.908619999885559,1.9074100255966187,1.9080599546432495,0,0.0,0.0
2026-02-20 00:30:00+00:00,1.907979965209961,1.9082200527191162,1.907439947128296,1.9079899787902832,0,0.0,0.0
2026-02-20 00:45:00+00:00,1.907960057258606,1.9083600044250488,1.9071799516677856,1.907920002937317,0,0.0,0.0
2026-02-20 01:00:00+00:00,1.9078099727630615,1.9085899591445923,1.9075700044631958,1.9083199501037598,0,0.0,0.0
2026-02-20 01:15:00+00:00,1.9082200527191162,1.9096100330352783,1.908139944076538,1.9088900089263916,0,0.0,0.0
2026-02-20 01:30:00+00:00,1.9087899923324585,1.9101500511169434,1.9086400270462036,1.9097700119018555,0,0.0,0.0
2026-02-20 01:45:00+00:00,1.9096499681472778,1.9139800071716309,1.9095799922943115,1.9122400283813477,0,0.0,0.0
2026-02-20 02:00:00+00:00,1.9122200012207031,1.9127800464630127,1.9111700057983398,1.9125800132751465,0,0.0,0.0
2026-02-20 02:15:00+00:00,1.9125399589538574,1.9136600494384766,1.912500023841858,1.9130799770355225,0,0.0,0.0
2026-02-20 02:30:00+00:00,1.913059949874878,1.9136099815368652,1.912500023841858,1.9132399559020996,0,0.0,0.0
2026-02-20 02:45:00+00:00,1.9132299423217773,1.9155499935150146,1.913100004196167,1.9140000343322754,0,0.0,0.0
2026-02-20 03:00:00+00:00,1.914080023765564,1.914139986038208,1.9122999906539917,1.9126900434494019,0,0.0,0.0
2026-02-20 03:15:00+00:00,1.9125200510025024,1.9134999513626099,1.9118499755859375,1.9131200313568115,0,0.0,0.0
2026-02-20 03:30:00+00:00,1.9132100343704224,1.9136699438095093,1.9121099710464478,1.9121999740600586,0,0.0,0.0
2026-02-20 03:45:00+00:00,1.9121999740600586,1.9125100374221802,1.9115899801254272,1.9119999408721924,0,0.0,0.0
2026-02-20 04:00:00+00:00,1.9120999574661255,1.9127299785614014,1.9107799530029297,1.911020040512085,0,0.0,0.0
2026-02-20 04:15:00+00:00,1.911020040512085,1.9116300344467163,1.9108500480651855,1.9110100269317627,0,0.0,0.0
2026-02-20 04:30:00+00:00,1.9111599922180176,1.9114700555801392,1.9108200073242188,1.9110699892044067,0,0.0,0.0
2026-02-20 04:45:00+00:00,1.9111499786376953,1.9113399982452393,1.910770058631897,1.9110599756240845,0,0.0,0.0
2026-02-20 05:00:00+00:00,1.9110599756240845,1.9110900163650513,1.9102100133895874,1.9103699922561646,0,0.0,0.0
2026-02-20 05:15:00+00:00,1.910390019416809,1.910599946975708,1.9095900058746338,1.9099199771881104,0,0.0,0.0
2026-02-20 05:30:00+00:00,1.9099199771881104,1.910140037536621,1.9091600179672241,1.9096499681472778,0,0.0,0.0
2026-02-20 05:45:00+00:00,1.9097199440002441,1.909809947013855,1.90871000289917,1.9088300466537476,0,0.0,0.0
2026-02-20 06:00:00+00:00,1.90871000289917,1.909119963645935,1.9085099697113037,1.9086799621582031,0,0.0,0.0
2026-02-20 06:15:00+00:00,1.9087599515914917,1.9091099500656128,1.9085099697113037,1.90857994556427,0,0.0,0.0
2026-02-20 06:30:00+00:00,1.9085500240325928,1.9092600345611572,1.9084399938583374,1.908769965171814,0,0.0,0.0
2026-02-20 06:45:00+00:00,1.908619999885559,1.9089200496673584,1.907520055770874,1.9083600044250488,0,0.0,0.0
2026-02-20 07:00:00+00:00,1.9083800315856934,1.9098600149154663,1.9072200059890747,1.9081599712371826,0,0.0,0.0
2026-02-20 07:15:00+00:00,1.9081799983978271,1.9092199802398682,1.9080599546432495,1.9090100526809692,0,0.0,0.0
2026-02-20 07:30:00+00:00,1.909060001373291,1.910580039024353,1.9089000225067139,1.9097299575805664,0,0.0,0.0
2026-02-20 07:45:00+00:00,1.9097299575805664,1.9101799726486206,1.9092299938201904,1.9092799425125122,0,0.0,0.0
2026-02-20 08:00:00+00:00,1.9092799425125122,1.9094500541687012,1.9082900285720825,1.909060001373291,0,0.0,0.0
2026-02-20 08:15:00+00:00,1.908959984779358,1.9095200300216675,1.908120036125183,1.9083499908447266,0,0.0,0.0
2026-02-20 08:30:00+00:00,1.9084899425506592,1.908519983291626,1.9068200588226318,1.9071999788284302,0,0.0,0.0
2026-02-20 08:45:00+00:00,1.9071999788284302,1.907729983329773,1.9064600467681885,1.906630039215088,0,0.0,0.0
2026-02-20 09:00:00+00:00,1.9066400527954102,1.9068900346755981,1.905500054359436,1.90556001663208,0,0.0,0.0
2026-02-20 09:15:00+00:00,1.9056400060653687,1.9061199426651,1.904539942741394,1.904579997062683,0,0.0,0.0
2026-02-20 09:30:00+00:00,1.906059980392456,1.9090399742126465,1.9056600332260132,1.908370018005371,0,0.0,0.0
2026-02-20 09:45:00+00:00,1.9084199666976929,1.9088599681854248,1.907789945602417,1.907829999923706,0,0.0,0.0
2026-02-20 10:00:00+00:00,1.9079099893569946,1.9082800149917603,1.9073200225830078,1.9075000286102295,0,0.0,0.0
2026-02-20 10:15:00+00:00,1.9074100255966187,1.9085899591445923,1.9071500301361084,1.9084399938583374,0,0.0,0.0
2026-02-20 10:30:00+00:00,1.9084399938583374,1.9093799591064453,1.9081799983978271,1.9093799591064453,0,0.0,0.0
2026-02-20 10:45:00+00:00,1.9091999530792236,1.9105299711227417,1.9091999530792236,1.9100899696350098,0,0.0,0.0
2026-02-20 11:00:00+00:00,1.910099983215332,1.9104199409484863,1.9092700481414795,1.9097000360488892,0,0.0,0.0
2026-02-20 11:15:00+00:00,1.9097000360488892,1.9110100269317627,1.9094899892807007,1.9105000495910645,0,0.0,0.0
2026-02-20 11:30:00+00:00,1.9104399681091309,1.9109200239181519,1.910290002822876,1.9107400178909302,0,0.0,0.0
2026-02-20 11:45:00+00:00,1.9106800556182861,1.9120099544525146,1.9105700254440308,1.9112600088119507,0,0.0,0.0
2026-02-20 12:00:00+00:00,1.9112600088119507,1.9122600555419922,1.9112499952316284,1.911460041999817,0,0.0,0.0
2026-02-20 12:15:00+00:00,1.9113600254058838,1.9124499559402466,1.910949945449829,1.9123799800872803,0,0.0,0.0
2026-02-20 12:30:00+00:00,1.9122999906539917,1.9136600494384766,1.9116300344467163,1.913409948348999,0,0.0,0.0
2026-02-20 12:45:00+00:00,1.9134999513626099,1.91389000415802,1.9127299785614014,1.9127299785614014,0,0.0,0.0
2026-02-20 13:00:00+00:00,1.9127999544143677,1.9133700132369995,1.912269949913025,1.9129899740219116,0,0.0,0.0
2026-02-20 13:15:00+00:00,1.913059949874878,1.913290023803711,1.9115500450134277,1.9126900434494019,0,0.0,0.0
2026-02-20 13:30:00+00:00,1.9124200344085693,1.9135600328445435,1.9095100164413452,1.9127099514007568,0,0.0,0.0
2026-02-20 13:45:00+00:00,1.9125900268554688,1.9131799936294556,1.9112499952316284,1.912350058555603,0,0.0,0.0
2026-02-20 14:00:00+00:00,1.9123400449752808,1.9140900373458862,1.9120500087738037,1.9138699769973755,0,0.0,0.0
2026-02-20 14:15:00+00:00,1.9138699769973755,1.914039969444275,1.9125900268554688,1.9127099514007568,0,0.0,0.0
2026-02-20 14:30:00+00:00,1.9126399755477905,1.913040041923523,1.9090499877929688,1.9095799922943115,0,0.0,0.0
2026-02-20 14:45:00+00:00,1.9096200466156006,1.910249948501587,1.9081599712371826,1.9090499877929688,0,0.0,0.0
2026-02-20 15:00:00+00:00,1.9089000225067139,1.9109899997711182,1.9043699502944946,1.9089200496673584,0,0.0,0.0
2026-02-20 15:15:00+00:00,1.908869981765747,1.9104399681091309,1.905650019645691,1.9092400074005127,0,0.0,0.0
2026-02-20 15:30:00+00:00,1.9092199802398682,1.9104000329971313,1.906559944152832,1.907080054283142,0,0.0,0.0
2026-02-20 15:45:00+00:00,1.9071600437164307,1.9075700044631958,1.905019998550415,1.9051799774169922,0,0.0,0.0
2026-02-20 16:00:00+00:00,1.9052900075912476,1.907039999961853,1.9050699472427368,1.9065300226211548,0,0.0,0.0
2026-02-20 16:15:00+00:00,1.906499981880188,1.9083499908447266,1.9062399864196777,1.907729983329773,0,0.0,0.0
2026-02-20 16:30:00+00:00,1.9078099727630615,1.9081100225448608,1.904670000076294,1.9052000045776367,0,0.0,0.0
2026-02-20 16:45:00+00:00,1.9052000045776367,1.9068000316619873,1.9049299955368042,1.9063999652862549,0,0.0,0.0
2026-02-20 17:00:00+00:00,1.906309962272644,1.9080300331115723,1.9058500528335571,1.9071099758148193,0,0.0,0.0
2026-02-20 17:15:00+00:00,1.9071099758148193,1.908769965171814,1.907039999961853,1.9077999591827393,0,0.0,0.0
2026-02-20 17:30:00+00:00,1.9077999591827393,1.9079699516296387,1.906440019607544,1.9066699743270874,0,0.0,0.0
2026-02-20 17:45:00+00:00,1.9067599773406982,1.9072099924087524,1.9053900241851807,1.9061299562454224,0,0.0,0.0
2026-02-20 18:00:00+00:00,1.906149983406067,1.9067100286483765,1.905709981918335,1.9063600301742554,0,0.0,0.0
2026-02-20 18:15:00+00:00,1.9064600467681885,1.907670021057129,1.906309962272644,1.906999945640564,0,0.0,0.0
2026-02-20 18:30:00+00:00,1.9070600271224976,1.9079300165176392,1.9044100046157837,1.9050899744033813,0,0.0,0.0
2026-02-20 18:45:00+00:00,1.9051899909973145,1.9052400588989258,1.903480052947998,1.903939962387085,0,0.0,0.0
2026-02-20 19:00:00+00:00,1.90392005443573,1.9054499864578247,1.9037699699401855,1.9052000045776367,0,0.0,0.0
2026-02-20 19:15:00+00:00,1.9050899744033813,1.9056999683380127,1.9047199487686157,1.9050999879837036,0,0.0,0.0
2026-02-20 19:30:00+00:00,1.9050899744033813,1.9053699970245361,1.9045300483703613,1.9052000045776367,0,0.0,0.0
2026-02-20 19:45:00+00:00,1.905210018157959,1.9053699970245361,1.9044599533081055,1.904979944229126,0,0.0,0.0
2026-02-20 20:00:00+00:00,1.9048899412155151,1.9050099849700928,1.9041600227355957,1.9042500257492065,0,0.0,0.0
2026-02-20 20:15:00+00:00,1.9042500257492065,1.9046900272369385,1.9040000438690186,1.904099941253662,0,0.0,0.0
2026-02-20 20:30:00+00:00,1.904099941253662,1.9042999744415283,1.9038300514221191,1.9039900302886963,0,0.0,0.0
2026-02-20 20:45:00+00:00,1.9039299488067627,1.9045699834823608,1.9038699865341187,1.9042799472808838,0,0.0,0.0
2026-02-20 21:00:00+00:00,1.9042600393295288,1.9048899412155151,1.9040499925613403,1.9041600227355957,0,0.0,0.0
2026-02-20 21:15:00+00:00,1.9042600393295288,1.9044599533081055,1.9039499759674072,1.9041099548339844,0,0.0,0.0
2026-02-20 21:30:00+00:00,1.9041099548339844,1.9042500257492065,1.9036600589752197,1.9039599895477295,0,0.0,0.0
2026-02-20 21:45:00+00:00,1.9038699865341187,1.9041600227355957,1.9004499912261963,1.901960015296936,0,0.0,0.0
2026-02-20 22:00:00+00:00,1.9029699563980103,1.9029699563980103,1.9029699563980103,1.9029699563980103,0,0.0,0.0
2026-02-20 22:15:00+00:00,1.9029699563980103,1.9029699563980103,1.9029699563980103,1.9029699563980103,0,0.0,0.0
2026-02-23 00:00:00+00:00,1.9026600122451782,1.9045100212097168,1.9026000499725342,1.9042799472808838,0,0.0,0.0
2026-02-23 00:15:00+00:00,1.9042999744415283,1.9060200452804565,1.9042199850082397,1.905650019645691,0,0.0,0.0
2026-02-23 00:30:00+00:00,1.9056899547576904,1.906980037689209,1.9052900075912476,1.9063700437545776,0,0.0,0.0
2026-02-23 00:45:00+00:00,1.9064799547195435,1.9081900119781494,1.9063299894332886,1.9075100421905518,0,0.0,0.0
2026-02-23 01:00:00+00:00,1.9073899984359741,1.908310055732727,1.9070099592208862,1.908120036125183,0,0.0,0.0
2026-02-23 01:15:00+00:00,1.9081300497055054,1.9100099802017212,1.907639980316162,1.9099899530410767,0,0.0,0.0
2026-02-23 01:30:00+00:00,1.9098800420761108,1.9100799560546875,1.9084099531173706,1.908810019493103,0,0.0,0.0
2026-02-23 01:45:00+00:00,1.9088499546051025,1.909600019454956,1.9086300134658813,1.9093400239944458,0,0.0,0.0
2026-02-23 02:00:00+00:00,1.9092199802398682,1.9118399620056152,1.9089399576187134,1.9117200374603271,0,0.0,0.0
2026-02-23 02:15:00+00:00,1.9117200374603271,1.9118900299072266,1.9109899997711182,1.911460041999817,0,0.0,0.0
2026-02-23 02:30:00+00:00,1.911460041999817,1.9119999408721924,1.9109200239181519,1.911460041999817,0,0.0,0.0
2026-02-23 02:45:00+00:00,1.911460041999817,1.9125800132751465,1.9113999605178833,1.911620020866394,0,0.0,0.0
2026-02-23 03:00:00+00:00,1.91156005859375,1.911769986152649,1.9105199575424194,1.910949945449829,0,0.0,0.0
2026-02-23 03:15:00+00:00,1.911080002784729,1.9117200374603271,1.910539984703064,1.9110699892044067,0,0.0,0.0
2026-02-23 03:30:00+00:00,1.9112099409103394,1.9116899967193604,1.9103599786758423,1.9105700254440308,0,0.0,0.0
2026-02-23 03:45:00+00:00,1.9105600118637085,1.9118599891662598,1.9105299711227417,1.9118000268936157,0,0.0,0.0
2026-02-23 04:00:00+00:00,1.9118599891662598,1.9122600555419922,1.9112099409103394,1.9116499423980713,0,0.0,0.0
2026-02-23 04:15:00+00:00,1.911620020866394,1.9121700525283813,1.9113099575042725,1.9115400314331055,0,0.0,0.0
2026-02-23 04:30:00+00:00,1.9115400314331055,1.912269949913025,1.9112600088119507,1.9117399454116821,0,0.0,0.0
2026-02-23 04:45:00+00:00,1.911679983139038,1.9124200344085693,1.9115999937057495,1.9120700359344482,0,0.0,0.0
2026-02-23 05:00:00+00:00,1.9119999408721924,1.912310004234314,1.9115999937057495,1.9116499423980713,0,0.0,0.0
2026-02-23 05:15:00+00:00,1.9117399454116821,1.912179946899414,1.911120057106018,1.9112099409103394,0,0.0,0.0
2026-02-23 05:30:00+00:00,1.9112099409103394,1.9117499589920044,1.9104900360107422,1.910730004310608,0,0.0,0.0
2026-02-23 05:45:00+00:00,1.9107500314712524,1.9115300178527832,1.9107099771499634,1.9112999439239502,0,0.0,0.0
2026-02-23 06:00:00+00:00,1.9112999439239502,1.9123200178146362,1.9110599756240845,1.9111900329589844,0,0.0,0.0
2026-02-23 06:15:00+00:00,1.9111299514770508,1.9116899967193604,1.910979986190796,1.9116499423980713,0,0.0,0.0
2026-02-23 06:30:00+00:00,1.9115099906921387,1.911620020866394,1.9105700254440308,1.9106800556182861,0,0.0,0.0
2026-02-23 06:45:00+00:00,1.9107600450515747,1.9112900495529175,1.9105900526046753,1.910730004310608,0,0.0,0.0
2026-02-23 07:00:00+00:00,1.9106600284576416,1.9108699560165405,1.909690022468567,1.909850001335144,0,0.0,0.0
2026-02-23 07:15:00+00:00,1.9097199440002441,1.9110699892044067,1.9095499515533447,1.9109300374984741,0,0.0,0.0
2026-02-23 07:30:00+00:00,1.9109300374984741,1.9119000434875488,1.9108200073242188,1.910949945449829,0,0.0,0.0
2026-02-23 07:45:00+00:00,1.910949945449829,1.911520004272461,1.9098399877548218,1.9100600481033325,0,0.0,0.0
2026-02-23 08:00:00+00:00,1.9100600481033325,1.9106199741363525,1.9080400466918945,1.908079981803894,0,0.0,0.0
2026-02-23 08:15:00+00:00,1.9082000255584717,1.9089299440383911,1.9069700241088867,1.90871000289917,0,0.0,0.0
2026-02-23 08:30:00+00:00,1.9086500406265259,1.9091999530792236,1.9083199501037598,1.9085099697113037,0,0.0,0.0
2026-02-23 08:45:00+00:00,1.9083800315856934,1.9084999561309814,1.9074599742889404,1.9080100059509277,0,0.0,0.0
2026-02-23 09:00:00+00:00,1.907979965209961,1.9081699848175049,1.906190037727356,1.9063700437545776,0,0.0,0.0
2026-02-23 09:15:00+00:00,1.9063700437545776,1.907099962234497,1.9062600135803223,1.9067200422286987,0,0.0,0.0
2026-02-23 09:30:00+00:00,1.9065899848937988,1.9069499969482422,1.9063400030136108,1.906440019607544,0,0.0,0.0
2026-02-23 09:45:00+00:00,1.906440019607544,1.9070899486541748,1.9061199426651,1.9066699743270874,0,0.0,0.0
2026-02-23 10:00:00+00:00,1.9066599607467651,1.9083499908447266,1.9066400527954102,1.9083199501037598,0,0.0,0.0
2026-02-23 10:15:00+00:00,1.9081799983978271,1.9086099863052368,1.907520055770874,1.9077500104904175,0,0.0,0.0
2026-02-23 10:30:00+00:00,1.9076000452041626,1.9081300497055054,1.9075100421905518,1.9078099727630615,0,0.0,0.0
2026-02-23 10:45:00+00:00,1.907770037651062,1.908769965171814,1.907520055770874,1.908460021018982,0,0.0,0.0
2026-02-23 11:00:00+00:00,1.908460021018982,1.9090399742126465,1.9077800512313843,1.9089200496673584,0,0.0,0.0
2026-02-23 11:15:00+00:00,1.9089200496673584,1.909019947052002,1.9076000452041626,1.907789945602417,0,0.0,0.0
2026-02-23 11:30:00+00:00,1.907789945602417,1.9084899425506592,1.9071099758148193,1.9082800149917603,0,0.0,0.0
2026-02-23 11:45:00+00:00,1.9082000255584717,1.9084399938583374,1.9076499938964844,1.9079899787902832,0,0.0,0.0
2026-02-23 12:00:00+00:00,1.9078999757766724,1.909409999847412,1.9074000120162964,1.9092799425125122,0,0.0,0.0
2026-02-23 12:15:00+00:00,1.909690022468567,1.910159945487976,1.909350037574768,1.9099199771881104,0,0.0,0.0
2026-02-23 12:30:00+00:00,1.9098199605941772,1.9099600315093994,1.908869981765747,1.9090900421142578,0,0.0,0.0
2026-02-23 12:45:00+00:00,1.909119963645935,1.909209966659546,1.908270001411438,1.9089000225067139,0,0.0,0.0
2026-02-23 13:00:00+00:00,1.9088399410247803,1.9095300436019897,1.9082499742507935,1.9092799425125122,0,0.0,0.0
2026-02-23 13:15:00+00:00,1.909350037574768,1.9105600118637085,1.909209966659546,1.9099899530410767,0,0.0,0.0
2026-02-23 13:30:00+00:00,1.9099899530410767,1.9108500480651855,1.9096299409866333,1.9102799892425537,0,0.0,0.0
2026-02-23 13:45:00+00:00,1.9102699756622314,1.9108200073242188,1.9097700119018555,1.910640001296997,0,0.0,0.0
2026-02-23 14:00:00+00:00,1.910640001296997,1.9107400178909302,1.909309983253479,1.9093999862670898,0,0.0,0.0
2026-02-23 14:15:00+00:00,1.909309983253479,1.9097599983215332,1.9091999530792236,1.9093799591064453,0,0.0,0.0
2026-02-23 14:30:00+00:00,1.9093799591064453,1.910040020942688,1.9078999757766724,1.909500002861023,0,0.0,0.0
2026-02-23 14:45:00+00:00,1.9094500541687012,1.9108799695968628,1.9089200496673584,1.9103200435638428,0,0.0,0.0
2026-02-23 15:00:00+00:00,1.9100799560546875,1.9116699695587158,1.9097399711608887,1.9109599590301514,0,0.0,0.0
2026-02-23 15:15:00+00:00,1.910830020904541,1.9117200374603271,1.9103399515151978,1.9112199544906616,0,0.0,0.0
2026-02-23 15:30:00+00:00,1.9112600088119507,1.9119499921798706,1.91034996509552,1.911020040512085,0,0.0,0.0
2026-02-23 15:45:00+00:00,1.911020040512085,1.9116400480270386,1.9103399515151978,1.9113399982452393,0,0.0,0.0
2026-02-23 16:00:00+00:00,1.9112800359725952,1.913409948348999,1.910979986190796,1.9126800298690796,0,0.0,0.0
2026-02-23 16:15:00+00:00,1.912660002708435,1.9127899408340454,1.9107400178909302,1.9109599590301514,0,0.0,0.0
2026-02-23 16:30:00+00:00,1.91103994846344,1.9127000570297241,1.9109100103378296,1.9123200178146362,0,0.0,0.0
2026-02-23 16:45:00+00:00,1.9124000072479248,1.9131300449371338,1.9120999574661255,1.9130300283432007,0,0.0,0.0
2026-02-23 17:00:00+00:00,1.912909984588623,1.9130799770355225,1.9117599725723267,1.9119800329208374,0,0.0,0.0
2026-02-23 17:15:00+00:00,1.9119800329208374,1.9122300148010254,1.9112499952316284,1.9119800329208374,0,0.0,0.0
2026-02-23 17:30:00+00:00,1.9120899438858032,1.9132100343704224,1.9119399785995483,1.9127399921417236,0,0.0,0.0
2026-02-23 17:45:00+00:00,1.912750005722046,1.9128400087356567,1.9113199710845947,1.9117599725723267,0,0.0,0.0
2026-02-23 18:00:00+00:00,1.9117599725723267,1.9119800329208374,1.9111499786376953,1.9112900495529175,0,0.0,0.0
2026-02-23 18:15:00+00:00,1.9113199710845947,1.9114199876785278,1.9107400178909302,1.9110100269317627,0,0.0,0.0
2026-02-23 18:30:00+00:00,1.9109400510787964,1.9115999937057495,1.9102200269699097,1.9115899801254272,0,0.0,0.0
2026-02-23 18:45:00+00:00,1.911620020866394,1.9120099544525146,1.9113399982452393,1.9117200374603271,0,0.0,0.0
2026-02-23 19:00:00+00:00,1.911769986152649,1.9121099710464478,1.9114199876785278,1.9116400480270386,0,0.0,0.0
2026-02-23 19:15:00+00:00,1.9116400480270386,1.9119399785995483,1.9113800525665283,1.9118800163269043,0,0.0,0.0
2026-02-23 19:30:00+00:00,1.9118800163269043,1.9120800495147705,1.9112499952316284,1.9118599891662598,0,0.0,0.0
2026-02-23 19:45:00+00:00,1.9118599891662598,1.9120700359344482,1.91156005859375,1.9118499755859375,0,0.0,0.0
2026-02-23 20:00:00+00:00,1.9118200540542603,1.9124699831008911,1.9115099906921387,1.9124300479888916,0,0.0,0.0
2026-02-23 20:15:00+00:00,1.9124000072479248,1.9127099514007568,1.9120899438858032,1.9123300313949585,0,0.0,0.0
2026-02-23 20:30:00+00:00,1.9122300148010254,1.9123799800872803,1.9116499423980713,1.911679983139038,0,0.0,0.0
2026-02-23 20:45:00+00:00,1.911679983139038,1.9122099876403809,1.9116400480270386,1.9118399620056152,0,0.0,0.0
2026-02-23 21:00:00+00:00,1.9118000268936157,1.9118800163269043,1.9110499620437622,1.9113500118255615,0,0.0,0.0
2026-02-23 21:15:00+00:00,1.911329984664917,1.9118399620056152,1.9111299514770508,1.9117200374603271,0,0.0,0.0
2026-02-23 21:30:00+00:00,1.911620020866394,1.9124699831008911,1.9115099906921387,1.9124000072479248,0,0.0,0.0
2026-02-23 21:45:00+00:00,1.9123899936676025,1.912660002708435,1.911080002784729,1.9112900495529175,0,0.0,0.0
2026-02-23 22:00:00+00:00,1.9118200540542603,1.9134999513626099,1.909809947013855,1.909809947013855,0,0.0,0.0
2026-02-23 22:15:00+00:00,1.909809947013855,1.9124399423599243,1.9093300104141235,1.9113099575042725,0,0.0,0.0
2026-02-23 22:30:00+00:00,1.9112399816513062,1.9127399921417236,1.9100600481033325,1.9115300178527832,0,0.0,0.0
2026-02-23 22:45:00+00:00,1.9115500450134277,1.9126800298690796,1.909690022468567,1.9100099802017212,0,0.0,0.0
2026-02-23 23:00:00+00:00,1.9105900526046753,1.912410020828247,1.9101099967956543,1.9116100072860718,0,0.0,0.0
2026-02-23 23:15:00+00:00,1.9116499423980713,1.912310004234314,1.9114700555801392,1.9118800163269043,0,0.0,0.0
2026-02-23 23:30:00+00:00,1.9116499423980713,1.911910057067871,1.9107799530029297,1.9110699892044067,0,0.0,0.0
2026-02-23 23:45:00+00:00,1.9112900495529175,1.9115699529647827,1.9109699726104736,1.9114999771118164,0,0.0,0.0
2026-02-24 00:00:00+00:00,1.9113500118255615,1.9116100072860718,1.9102699756622314,1.9104599952697754,0,0.0,0.0
2026-02-24 00:15:00+00:00,1.9103699922561646,1.9117300510406494,1.9101699590682983,1.9114799499511719,0,0.0,0.0
2026-02-24 00:30:00+00:00,1.9114799499511719,1.9119900465011597,1.9106899499893188,1.9108999967575073,0,0.0,0.0
2026-02-24 00:45:00+00:00,1.9108999967575073,1.9112999439239502,1.910249948501587,1.9103599786758423,0,0.0,0.0
2026-02-24 01:00:00+00:00,1.9104299545288086,1.9112499952316284,1.9100799560546875,1.9112099409103394,0,0.0,0.0
2026-02-24 01:15:00+00:00,1.91103994846344,1.9118800163269043,1.9109100103378296,1.9113999605178833,0,0.0,0.0
2026-02-24 01:30:00+00:00,1.9113999605178833,1.9122799634933472,1.9108699560165405,1.9115099906921387,0,0.0,0.0
2026-02-24 01:45:00+00:00,1.9115500450134277,1.9123400449752808,1.9111299514770508,1.9111499786376953,0,0.0,0.0
2026-02-24 02:00:00+00:00,1.9111900329589844,1.9116499423980713,1.9101799726486206,1.9102200269699097,0,0.0,0.0
2026-02-24 02:15:00+00:00,1.9102200269699097,1.9109400510787964,1.9099600315093994,1.910770058631897,0,0.0,0.0
2026-02-24 02:30:00+00:00,1.9106700420379639,1.9110300540924072,1.9094500541687012,1.9099600315093994,0,0.0,0.0
2026-02-24 02:45:00+00:00,1.9100699424743652,1.9102599620819092,1.9088300466537476,1.909000039100647,0,0.0,0.0
2026-02-24 03:00:00+00:00,1.909000039100647,1.909540057182312,1.9084999561309814,1.9093799591064453,0,0.0,0.0
2026-02-24 03:15:00+00:00,1.909309983253479,1.9098399877548218,1.9091700315475464,1.9097599983215332,0,0.0,0.0
2026-02-24 03:30:00+00:00,1.9097000360488892,1.9101799726486206,1.9094799757003784,1.9096299409866333,0,0.0,0.0
2026-02-24 03:45:00+00:00,1.9096599817276,1.909909963607788,1.908810019493103,1.9088599681854248,0,0.0,0.0
2026-02-24 04:00:00+00:00,1.9088599681854248,1.9094300270080566,1.9086799621582031,1.909019947052002,0,0.0,0.0
2026-02-24 04:15:00+00:00,1.909019947052002,1.9094799757003784,1.9088000059127808,1.909119963645935,0,0.0,0.0
2026-02-24 04:30:00+00:00,1.9091999530792236,1.9097700119018555,1.9087300300598145,1.9096399545669556,0,0.0,0.0
2026-02-24 04:45:00+00:00,1.909600019454956,1.9098700284957886,1.9093400239944458,1.9098299741744995,0,0.0,0.0
2026-02-24 05:00:00+00:00,1.9098199605941772,1.9101500511169434,1.9088200330734253,1.909190058708191,0,0.0,0.0
2026-02-24 05:15:00+00:00,1.9092600345611572,1.910290002822876,1.909190058708191,1.909690022468567,0,0.0,0.0
2026-02-24 05:30:00+00:00,1.9096599817276,1.9099199771881104,1.9093300104141235,1.9094899892807007,0,0.0,0.0
2026-02-24 05:45:00+00:00,1.909559965133667,1.9097700119018555,1.908750057220459,1.9089299440383911,0,0.0,0.0
2026-02-24 06:00:00+00:00,1.9090499877929688,1.9093400239944458,1.908460021018982,1.90871000289917,0,0.0,0.0
2026-02-24 06:15:00+00:00,1.90871000289917,1.9093899726867676,1.9084899425506592,1.9087899923324585,0,0.0,0.0
2026-02-24 06:30:00+00:00,1.9087899923324585,1.9093899726867676,1.9086500406265259,1.9088200330734253,0,0.0,0.0
2026-02-24 06:45:00+00:00,1.9087400436401367,1.9094300270080566,1.9084299802780151,1.9087799787521362,0,0.0,0.0
2026-02-24 07:00:00+00:00,1.9086799621582031,1.9089399576187134,1.907420039176941,1.907979965209961,0,0.0,0.0
2026-02-24 07:15:00+00:00,1.9079500436782837,1.908460021018982,1.9071600437164307,1.907520055770874,0,0.0,0.0
2026-02-24 07:30:00+00:00,1.9075599908828735,1.907670021057129,1.905869960784912,1.9061800241470337,0,0.0,0.0
2026-02-24 07:45:00+00:00,1.906190037727356,1.9069199562072754,1.906000018119812,1.9068900346755981,0,0.0,0.0
2026-02-24 08:00:00+00:00,1.9067399501800537,1.908079981803894,1.9063299894332886,1.9075700044631958,0,0.0,0.0
2026-02-24 08:15:00+00:00,1.9075499773025513,1.9084299802780151,1.9073100090026855,1.908210039138794,0,0.0,0.0
2026-02-24 08:30:00+00:00,1.908210039138794,1.9097399711608887,1.908139944076538,1.9093799591064453,0,0.0,0.0
2026-02-24 08:45:00+00:00,1.9093799591064453,1.9101899862289429,1.9087799787521362,1.9088399410247803,0,0.0,0.0
2026-02-24 09:00:00+00:00,1.9089200496673584,1.9093899726867676,1.9083499908447266,1.908560037612915,0,0.0,0.0
2026-02-24 09:15:00+00:00,1.90857994556427,1.91034996509552,1.9084899425506592,1.9098199605941772,0,0.0,0.0
2026-02-24 09:30:00+00:00,1.9098299741744995,1.9109300374984741,1.9098000526428223,1.910889983177185,0,0.0,0.0
2026-02-24 09:45:00+00:00,1.910770058631897,1.9113199710845947,1.9099500179290771,1.9111900329589844,0,0.0,0.0
2026-02-24 10:00:00+00:00,1.9110699892044067,1.9113500118255615,1.9105299711227417,1.9112099409103394,0,0.0,0.0
2026-02-24 10:15:00+00:00,1.9111299514770508,1.9116100072860718,1.9108200073242188,1.9113199710845947,0,0.0,0.0
2026-02-24 10:30:00+00:00,1.9113199710845947,1.9128400087356567,1.911270022392273,1.9121899604797363,0,0.0,0.0
2026-02-24 10:45:00+00:00,1.9121999740600586,1.912850022315979,1.9119000434875488,1.9126700162887573,0,0.0,0.0
2026-02-24 11:00:00+00:00,1.9125800132751465,1.9129899740219116,1.9120899438858032,1.9127700328826904,0,0.0,0.0
2026-02-24 11:15:00+00:00,1.9127700328826904,1.9139599800109863,1.9127600193023682,1.9135600328445435,0,0.0,0.0
2026-02-24 11:30:00+00:00,1.9136600494384766,1.9141299724578857,1.9133000373840332,1.9136899709701538,0,0.0,0.0
2026-02-24 11:45:00+00:00,1.9136099815368652,1.914430022239685,1.913290023803711,1.9136699438095093,0,0.0,0.0
2026-02-24 12:00:00+00:00,1.9136699438095093,1.9148999452590942,1.9131699800491333,1.91457998752594,0,0.0,0.0
2026-02-24 12:15:00+00:00,1.91457998752594,1.915619969367981,1.9144099950790405,1.915560007095337,0,0.0,0.0
2026-02-24 12:30:00+00:00,1.9155199527740479,1.915869951248169,1.9149500131607056,1.915410041809082,0,0.0,0.0
2026-02-24 12:45:00+00:00,1.915410041809082,1.9154399633407593,1.9147800207138062,1.9152400493621826,0,0.0,0.0
2026-02-24 13:00:00+00:00,1.9151999950408936,1.915369987487793,1.914430022239685,1.9148800373077393,0,0.0,0.0
2026-02-24 13:15:00+00:00,1.9148600101470947,1.9158999919891357,1.914639949798584,1.9150999784469604,0,0.0,0.0
2026-02-24 13:30:00+00:00,1.9151999950408936,1.9163199663162231,1.9146699905395508,1.9161299467086792,0,0.0,0.0
2026-02-24 13:45:00+00:00,1.916100025177002,1.9171199798583984,1.915910005569458,1.9169399738311768,0,0.0,0.0
2026-02-24 14:00:00+00:00,1.9169199466705322,1.9184800386428833,1.9169100522994995,1.9180799722671509,0,0.0,0.0
2026-02-24 14:15:00+00:00,1.9181400537490845,1.9185400009155273,1.9176700115203857,1.918220043182373,0,0.0,0.0
2026-02-24 14:30:00+00:00,1.9183100461959839,1.9184399843215942,1.9144999980926514,1.9146300554275513,0,0.0,0.0
2026-02-24 14:45:00+00:00,1.9146100282669067,1.917930006980896,1.914389967918396,1.9177500009536743,0,0.0,0.0
2026-02-24 15:00:00+00:00,1.9177900552749634,1.9183000326156616,1.9163099527359009,1.916890025138855,0,0.0,0.0
2026-02-24 15:15:00+00:00,1.917009949684143,1.9173099994659424,1.9150199890136719,1.9151899814605713,0,0.0,0.0
2026-02-24 15:30:00+00:00,1.915310025215149,1.9160699844360352,1.914829969406128,1.9156999588012695,0,0.0,0.0
2026-02-24 15:45:00+00:00,1.9155800342559814,1.9169600009918213,1.9155800342559814,1.9162100553512573,0,0.0,0.0
2026-02-24 16:00:00+00:00,1.9161200523376465,1.9163099527359009,1.9142099618911743,1.914330005645752,0,0.0,0.0
2026-02-24 16:15:00+00:00,1.914330005645752,1.9152599573135376,1.9141700267791748,1.915120005607605,0,0.0,0.0
2026-02-24 16:30:00+00:00,1.9150099754333496,1.9153800010681152,1.9142400026321411,1.914720058441162,0,0.0,0.0
2026-02-24 16:45:00+00:00,1.9147100448608398,1.9157700538635254,1.9143400192260742,1.9145300388336182,0,0.0,0.0
2026-02-24 17:00:00+00:00,1.9145300388336182,1.9146499633789062,1.9132200479507446,1.913290023803711,0,0.0,0.0
2026-02-24 17:15:00+00:00,1.913290023803711,1.9136099815368652,1.9122200012207031,1.9125499725341797,0,0.0,0.0
2026-02-24 17:30:00+00:00,1.9124599695205688,1.9138000011444092,1.9123200178146362,1.913599967956543,0,0.0,0.0
2026-02-24 17:45:00+00:00,1.9135700464248657,1.913789987564087,1.913059949874878,1.9132800102233887,0,0.0,0.0
2026-02-24 18:00:00+00:00,1.913290023803711,1.9135600328445435,1.9127800464630127,1.9131499528884888,0,0.0,0.0
2026-02-24 18:15:00+00:00,1.913100004196167,1.9139800071716309,1.9129799604415894,1.9138599634170532,0,0.0,0.0
2026-02-24 18:30:00+00:00,1.913830041885376,1.914039969444275,1.9127800464630127,1.9128999710083008,0,0.0,0.0
2026-02-24 18:45:00+00:00,1.9128400087356567,1.9130300283432007,1.912410020828247,1.9127999544143677,0,0.0,0.0
2026-02-24 19:00:00+00:00,1.9127299785614014,1.9132699966430664,1.912660002708435,1.9129400253295898,0,0.0,0.0
2026-02-24 19:15:00+00:00,1.9129400253295898,1.9133599996566772,1.912909984588623,1.9132800102233887,0,0.0,0.0
2026-02-24 19:30:00+00:00,1.9132599830627441,1.9133399724960327,1.9127399921417236,1.9128299951553345,0,0.0,0.0
2026-02-24 19:45:00+00:00,1.9128299951553345,1.9130500555038452,1.9121700525283813,1.91225004196167,0,0.0,0.0
2026-02-24 20:00:00+00:00,1.9123300313949585,1.9125399589538574,1.91211998462677,1.9122799634933472,0,0.0,0.0
2026-02-24 20:15:00+00:00,1.9122799634933472,1.912369966506958,1.911769986152649,1.911929965019226,0,0.0,0.0
2026-02-24 20:30:00+00:00,1.9118900299072266,1.9126100540161133,1.9118499755859375,1.9119700193405151,0,0.0,0.0
2026-02-24 20:45:00+00:00,1.9119700193405151,1.9121299982070923,1.9112999439239502,1.9117799997329712,0,0.0,0.0
2026-02-24 21:00:00+00:00,1.9117900133132935,1.91225004196167,1.9115099906921387,1.9117000102996826,0,0.0,0.0
2026-02-24 21:15:00+00:00,1.9115899801254272,1.9122999906539917,1.911579966545105,1.912179946899414,0,0.0,0.0
2026-02-24 21:30:00+00:00,1.9121500253677368,1.9123200178146362,1.9119199514389038,1.9119199514389038,0,0.0,0.0
2026-02-24 21:45:00+00:00,1.9119700193405151,1.9121500253677368,1.9097000360488892,1.9099400043487549,0,0.0,0.0
2026-02-24 22:00:00+00:00,1.9100799560546875,1.9119499921798706,1.9084999561309814,1.911080002784729,0,0.0,0.0
2026-02-24 22:15:00+00:00,1.9110699892044067,1.9123400449752808,1.9094500541687012,1.9108599424362183,0,0.0,0.0
2026-02-24 22:30:00+00:00,1.9100600481033325,1.9117100238800049,1.908869981765747,1.9109200239181519,0,0.0,0.0
2026-02-24 22:45:00+00:00,1.911139965057373,1.9120099544525146,1.9098700284957886,1.9104599952697754,0,0.0,0.0
2026-02-24 23:00:00+00:00,1.909909963607788,1.911679983139038,1.9097599983215332,1.9115999937057495,0,0.0,0.0
2026-02-24 23:15:00+00:00,1.911460041999817,1.9118900299072266,1.911080002784729,1.9118800163269043,0,0.0,0.0
2026-02-24 23:30:00+00:00,1.9116400480270386,1.9120399951934814,1.9111700057983398,1.911370038986206,0,0.0,0.0
2026-02-24 23:45:00+00:00,1.911370038986206,1.9119000434875488,1.9109699726104736,1.9117399454116821,0,0.0,0.0
2026-02-25 00:00:00+00:00,1.911810040473938,1.9121700525283813,1.9109899997711182,1.9112800359725952,0,0.0,0.0
2026-02-25 00:15:00+00:00,1.9112800359725952,1.9114400148391724,1.9105600118637085,1.9105600118637085,0,0.0,0.0
2026-02-25 00:30:00+00:00,1.9107099771499634,1.910979986190796,1.905959963798523,1.9087400436401367,0,0.0,0.0
2026-02-25 00:45:00+00:00,1.9086899757385254,1.909000039100647,1.9077500104904175,1.9081000089645386,0,0.0,0.0
2026-02-25 01:00:00+00:00,1.9079999923706055,1.9086799621582031,1.906849980354309,1.9082599878311157,0,0.0,0.0
2026-02-25 01:15:00+00:00,1.9083499908447266,1.9086400270462036,1.906749963760376,1.9068399667739868,0,0.0,0.0
2026-02-25 01:30:00+00:00,1.9069000482559204,1.9073699712753296,1.906190037727356,1.9068100452423096,0,0.0,0.0
2026-02-25 01:45:00+00:00,1.9068000316619873,1.9076999425888062,1.9064300060272217,1.907439947128296,0,0.0,0.0
2026-02-25 02:00:00+00:00,1.9074100255966187,1.9077800512313843,1.9069000482559204,1.90693998336792,0,0.0,0.0
2026-02-25 02:15:00+00:00,1.9068900346755981,1.9077600240707397,1.906849980354309,1.9075299501419067,0,0.0,0.0
2026-02-25 02:30:00+00:00,1.9074499607086182,1.9077600240707397,1.9062700271606445,1.9065699577331543,0,0.0,0.0
2026-02-25 02:45:00+00:00,1.9065699577331543,1.9075499773025513,1.9051799774169922,1.9054299592971802,0,0.0,0.0
2026-02-25 03:00:00+00:00,1.9053399562835693,1.905769944190979,1.9046499729156494,1.9054900407791138,0,0.0,0.0
2026-02-25 03:15:00+00:00,1.9053200483322144,1.9061000347137451,1.9051200151443481,1.9055099487304688,0,0.0,0.0
2026-02-25 03:30:00+00:00,1.9056099653244019,1.9062600135803223,1.902959942817688,1.9031800031661987,0,0.0,0.0
2026-02-25 03:45:00+00:00,1.9032599925994873,1.9037100076675415,1.9018900394439697,1.9028799533843994,0,0.0,0.0
2026-02-25 04:00:00+00:00,1.9028199911117554,1.9034600257873535,1.9024100303649902,1.9034199714660645,0,0.0,0.0
2026-02-25 04:15:00+00:00,1.903380036354065,1.9035300016403198,1.9013700485229492,1.901419997215271,0,0.0,0.0
2026-02-25 04:30:00+00:00,1.9015400409698486,1.9023900032043457,1.9012199640274048,1.9020800590515137,0,0.0,0.0
2026-02-25 04:45:00+00:00,1.9021300077438354,1.9024300575256348,1.9017200469970703,1.901859998703003,0,0.0,0.0
2026-02-25 05:00:00+00:00,1.901859998703003,1.902209997177124,1.9014400243759155,1.902109980583191,0,0.0,0.0
2026-02-25 05:15:00+00:00,1.90201997756958,1.902400016784668,1.901710033416748,1.9019299745559692,0,0.0,0.0
2026-02-25 05:30:00+00:00,1.9019299745559692,1.902250051498413,1.9017900228500366,1.9020500183105469,0,0.0,0.0
2026-02-25 05:45:00+00:00,1.902109980583191,1.902209997177124,1.901319980621338,1.9014400243759155,0,0.0,0.0
2026-02-25 06:00:00+00:00,1.9015400409698486,1.902269959449768,1.9008500576019287,1.9009000062942505,0,0.0,0.0
2026-02-25 06:15:00+00:00,1.900979995727539,1.901520013809204,1.9007500410079956,1.9012900590896606,0,0.0,0.0
2026-02-25 06:30:00+00:00,1.9012800455093384,1.9018900394439697,1.9005399942398071,1.900879979133606,0,0.0,0.0
2026-02-25 06:45:00+00:00,1.900820016860962,1.901610016822815,1.9008100032806396,1.901229977607727,0,0.0,0.0
2026-02-25 07:00:00+00:00,1.9013400077819824,1.9016900062561035,1.9005299806594849,1.900589942932129,0,0.0,0.0
2026-02-25 07:15:00+00:00,1.9006199836730957,1.9018499851226807,1.9005600214004517,1.9016300439834595,0,0.0,0.0
2026-02-25 07:30:00+00:00,1.9015599489212036,1.9026800394058228,1.9014999866485596,1.9018900394439697,0,0.0,0.0
2026-02-25 07:45:00+00:00,1.9018399715423584,1.9042099714279175,1.9016200304031372,1.9040700197219849,0,0.0,0.0
2026-02-25 08:00:00+00:00,1.9039299488067627,1.9044899940490723,1.9026700258255005,1.9034500122070312,0,0.0,0.0
2026-02-25 08:15:00+00:00,1.9035199880599976,1.9038000106811523,1.9029200077056885,1.9035199880599976,0,0.0,0.0
2026-02-25 08:30:00+00:00,1.9033700227737427,1.9051799774169922,1.903309941291809,1.9044100046157837,0,0.0,0.0
2026-02-25 08:45:00+00:00,1.90447998046875,1.9051100015640259,1.9043099880218506,1.9046499729156494,0,0.0,0.0
2026-02-25 09:00:00+00:00,1.9046200513839722,1.9049500226974487,1.9040100574493408,1.9043500423431396,0,0.0,0.0
2026-02-25 09:15:00+00:00,1.904229998588562,1.9053200483322144,1.9030499458312988,1.9046800136566162,0,0.0,0.0
2026-02-25 09:30:00+00:00,1.9047399759292603,1.9068200588226318,1.9044300317764282,1.9067399501800537,0,0.0,0.0
2026-02-25 09:45:00+00:00,1.906730055809021,1.907539963722229,1.9064500331878662,1.9075000286102295,0,0.0,0.0
2026-02-25 10:00:00+00:00,1.907439947128296,1.9078500270843506,1.9069499969482422,1.9071600437164307,0,0.0,0.0
2026-02-25 10:15:00+00:00,1.9071999788284302,1.9076900482177734,1.9056199789047241,1.9060499668121338,0,0.0,0.0
2026-02-25 10:30:00+00:00,1.906000018119812,1.9079099893569946,1.9058400392532349,1.9074599742889404,0,0.0,0.0
2026-02-25 10:45:00+00:00,1.9074599742889404,1.908120036125183,1.9074599742889404,1.9074599742889404,0,0.0,0.0
2026-02-25 11:00:00+00:00,1.9074599742889404,1.908229947090149,1.9072599411010742,1.9082000255584717,0,0.0,0.0
2026-02-25 11:15:00+00:00,1.9081100225448608,1.908229947090149,1.906730055809021,1.9070099592208862,0,0.0,0.0
2026-02-25 11:30:00+00:00,1.9069099426269531,1.907580018043518,1.9066499471664429,1.9073699712753296,0,0.0,0.0
2026-02-25 11:45:00+00:00,1.907420039176941,1.907829999923706,1.9070099592208862,1.9072799682617188,0,0.0,0.0
2026-02-25 12:00:00+00:00,1.9072699546813965,1.9076000452041626,1.9056299924850464,1.907539963722229,0,0.0,0.0
2026-02-25 12:15:00+00:00,1.9074300527572632,1.9075499773025513,1.9056600332260132,1.9064099788665771,0,0.0,0.0
2026-02-25 12:30:00+00:00,1.9064500331878662,1.9068700075149536,1.9059100151062012,1.9068000316619873,0,0.0,0.0
2026-02-25 12:45:00+00:00,1.9068100452423096,1.907420039176941,1.9064099788665771,1.906559944152832,0,0.0,0.0
2026-02-25 13:00:00+00:00,1.9066699743270874,1.9071600437164307,1.9060300588607788,1.9068399667739868,0,0.0,0.0
2026-02-25 13:15:00+00:00,1.9068299531936646,1.9073799848556519,1.9063600301742554,1.906499981880188,0,0.0,0.0
2026-02-25 13:30:00+00:00,1.9065500497817993,1.907639980316162,1.9061599969863892,1.9063899517059326,0,0.0,0.0
2026-02-25 13:45:00+00:00,1.9063800573349,1.906499981880188,1.9046299457550049,1.905150055885315,0,0.0,0.0
2026-02-25 14:00:00+00:00,1.90516996383667,1.9056400060653687,1.904670000076294,1.9052599668502808,0,0.0,0.0
2026-02-25 14:15:00+00:00,1.9052799940109253,1.9054299592971802,1.9045599699020386,1.9047499895095825,0,0.0,0.0
2026-02-25 14:30:00+00:00,1.9047900438308716,1.9056400060653687,1.9042999744415283,1.905269980430603,0,0.0,0.0
2026-02-25 14:45:00+00:00,1.9051799774169922,1.9063400030136108,1.9046200513839722,1.906190037727356,0,0.0,0.0
2026-02-25 15:00:00+00:00,1.906149983406067,1.9067200422286987,1.9050899744033813,1.9058799743652344,0,0.0,0.0
2026-02-25 15:15:00+00:00,1.9059200286865234,1.906440019607544,1.905460000038147,1.9057400226593018,0,0.0,0.0
2026-02-25 15:30:00+00:00,1.9056400060653687,1.906209945678711,1.9042400121688843,1.9044699668884277,0,0.0,0.0
2026-02-25 15:45:00+00:00,1.9044699668884277,1.9050400257110596,1.903290033340454,1.9036200046539307,0,0.0,0.0
2026-02-25 16:00:00+00:00,1.9037200212478638,1.904170036315918,1.90339994430542,1.9038599729537964,0,0.0,0.0
2026-02-25 16:15:00+00:00,1.9039000272750854,1.9039499759674072,1.9022200107574463,1.9028199911117554,0,0.0,0.0
2026-02-25 16:30:00+00:00,1.9026800394058228,1.904170036315918,1.9026600122451782,1.9038000106811523,0,0.0,0.0
2026-02-25 16:45:00+00:00,1.9038000106811523,1.9045599699020386,1.9034299850463867,1.904520034790039,0,0.0,0.0
2026-02-25 17:00:00+00:00,1.9044100046157837,1.904960036277771,1.9041800498962402,1.904579997062683,0,0.0,0.0
2026-02-25 17:15:00+00:00,1.904579997062683,1.9051200151443481,1.9045300483703613,1.9048500061035156,0,0.0,0.0
2026-02-25 17:30:00+00:00,1.9048700332641602,1.9049700498580933,1.9038599729537964,1.9039900302886963,0,0.0,0.0
2026-02-25 17:45:00+00:00,1.9039900302886963,1.9044400453567505,1.903749942779541,1.9040299654006958,0,0.0,0.0
2026-02-25 18:00:00+00:00,1.9040100574493408,1.9047000408172607,1.9038599729537964,1.9043400287628174,0,0.0,0.0
2026-02-25 18:15:00+00:00,1.904270052909851,1.904539942741394,1.9035999774932861,1.9036699533462524,0,0.0,0.0
2026-02-25 18:30:00+00:00,1.9036699533462524,1.9042500257492065,1.9036500453948975,1.9039499759674072,0,0.0,0.0
2026-02-25 18:45:00+00:00,1.903880000114441,1.9040900468826294,1.9032700061798096,1.9036099910736084,0,0.0,0.0
2026-02-25 19:00:00+00:00,1.9035199880599976,1.9036200046539307,1.9029300212860107,1.9030799865722656,0,0.0,0.0
2026-02-25 19:15:00+00:00,1.903090000152588,1.9032100439071655,1.9026999473571777,1.9029799699783325,0,0.0,0.0
2026-02-25 19:30:00+00:00,1.9029799699783325,1.9033000469207764,1.9023300409317017,1.9025299549102783,0,0.0,0.0
2026-02-25 19:45:00+00:00,1.9025100469589233,1.9026700258255005,1.901900053024292,1.9025299549102783,0,0.0,0.0
2026-02-25 20:00:00+00:00,1.902459979057312,1.9026399850845337,1.902209997177124,1.9023300409317017,0,0.0,0.0
2026-02-25 20:15:00+00:00,1.9023200273513794,1.9032700061798096,1.9022899866104126,1.903190016746521,0,0.0,0.0
2026-02-25 20:30:00+00:00,1.903190016746521,1.9037200212478638,1.9031100273132324,1.9035199880599976,0,0.0,0.0
2026-02-25 20:45:00+00:00,1.9034299850463867,1.9038100242614746,1.903149962425232,1.9035300016403198,0,0.0,0.0
2026-02-25 21:00:00+00:00,1.9035600423812866,1.9035899639129639,1.9030400514602661,1.9034600257873535,0,0.0,0.0
2026-02-25 21:15:00+00:00,1.9033399820327759,1.9035199880599976,1.9029200077056885,1.9031800031661987,0,0.0,0.0
2026-02-25 21:30:00+00:00,1.9031000137329102,1.903190016746521,1.9021999835968018,1.9027899503707886,0,0.0,0.0
2026-02-25 21:45:00+00:00,1.902809977531433,1.903439998626709,1.9019900560379028,1.9032200574874878,0,0.0,0.0
2026-02-25 22:00:00+00:00,1.9026600122451782,1.9058799743652344,1.9013299942016602,1.902169942855835,0,0.0,0.0
2026-02-25 22:15:00+00:00,1.902109980583191,1.9044699668884277,1.9009499549865723,1.9023900032043457,0,0.0,0.0
2026-02-25 22:30:00+00:00,1.902809977531433,1.9036099910736084,1.9006400108337402,1.900730013847351,0,0.0,0.0
2026-02-25 22:45:00+00:00,1.9022300243377686,1.9039599895477295,1.9003299474716187,1.9015599489212036,0,0.0,0.0
2026-02-25 23:00:00+00:00,1.9015599489212036,1.9040100574493408,1.9013899564743042,1.9038100242614746,0,0.0,0.0
2026-02-25 23:15:00+00:00,1.9036999940872192,1.9039700031280518,1.9031000137329102,1.9036999940872192,0,0.0,0.0
2026-02-25 23:30:00+00:00,1.9035500288009644,1.904710054397583,1.9034299850463867,1.9039700031280518,0,0.0,0.0
2026-02-25 23:45:00+00:00,1.9039700031280518,1.9043200016021729,1.9037699699401855,1.904099941253662,0,0.0,0.0
2026-02-26 00:00:00+00:00,1.903980016708374,1.9043400287628174,1.903130054473877,1.9032399654388428,0,0.0,0.0
2026-02-26 00:15:00+00:00,1.9032399654388428,1.9034099578857422,1.9025399684906006,1.9029799699783325,0,0.0,0.0
2026-02-26 00:30:00+00:00,1.9029699563980103,1.9034099578857422,1.902649998664856,1.9031100273132324,0,0.0,0.0
2026-02-26 00:45:00+00:00,1.9031399488449097,1.903309941291809,1.9025299549102783,1.9026800394058228,0,0.0,0.0
2026-02-26 01:00:00+00:00,1.9026000499725342,1.9035600423812866,1.902359962463379,1.9028799533843994,0,0.0,0.0
2026-02-26 01:15:00+00:00,1.9029099941253662,1.903090000152588,1.9015799760818481,1.9026600122451782,0,0.0,0.0
2026-02-26 01:30:00+00:00,1.9027299880981445,1.9037699699401855,1.9026600122451782,1.9034899473190308,0,0.0,0.0
2026-02-26 01:45:00+00:00,1.9034099578857422,1.9035999774932861,1.902459979057312,1.903249979019165,0,0.0,0.0
2026-02-26 02:00:00+00:00,1.9032800197601318,1.904099941253662,1.9028700590133667,1.903190016746521,0,0.0,0.0
2026-02-26 02:15:00+00:00,1.903190016746521,1.9043500423431396,1.903059959411621,1.9038499593734741,0,0.0,0.0
2026-02-26 02:30:00+00:00,1.9038499593734741,1.9055299758911133,1.9037699699401855,1.9048399925231934,0,0.0,0.0
2026-02-26 02:45:00+00:00,1.9048399925231934,1.9050400257110596,1.903939962387085,1.9041199684143066,0,0.0,0.0
2026-02-26 03:00:00+00:00,1.9041199684143066,1.904729962348938,1.9038499593734741,1.904099941253662,0,0.0,0.0
2026-02-26 03:15:00+00:00,1.9040800333023071,1.904270052909851,1.9028700590133667,1.9031599760055542,0,0.0,0.0
2026-02-26 03:30:00+00:00,1.903149962425232,1.9032599925994873,1.9024300575256348,1.9024900197982788,0,0.0,0.0
2026-02-26 03:45:00+00:00,1.9024900197982788,1.903190016746521,1.9023699760437012,1.9028700590133667,0,0.0,0.0
2026-02-26 04:00:00+00:00,1.9028700590133667,1.9032399654388428,1.9021999835968018,1.9025800228118896,0,0.0,0.0
2026-02-26 04:15:00+00:00,1.9025800228118896,1.9029699563980103,1.9021999835968018,1.9023100137710571,0,0.0,0.0
2026-02-26 04:30:00+00:00,1.9023100137710571,1.902959942817688,1.9019500017166138,1.9020899534225464,0,0.0,0.0
2026-02-26 04:45:00+00:00,1.9020400047302246,1.9027199745178223,1.9017599821090698,1.9025499820709229,0,0.0,0.0
2026-02-26 05:00:00+00:00,1.9025499820709229,1.9027400016784668,1.9017499685287476,1.9018900394439697,0,0.0,0.0
2026-02-26 05:15:00+00:00,1.9018199443817139,1.90201997756958,1.9005099534988403,1.9010599851608276,0,0.0,0.0
2026-02-26 05:30:00+00:00,1.9010599851608276,1.9013899564743042,1.9007600545883179,1.900820016860962,0,0.0,0.0
2026-02-26 05:45:00+00:00,1.9007699489593506,1.9014999866485596,1.9003700017929077,1.9007699489593506,0,0.0,0.0
2026-02-26 06:00:00+00:00,1.9007699489593506,1.9011800289154053,1.9003000259399414,1.900480031967163,0,0.0,0.0
2026-02-26 06:15:00+00:00,1.9003499746322632,1.9014300107955933,1.9003499746322632,1.9007500410079956,0,0.0,0.0
2026-02-26 06:30:00+00:00,1.9008599519729614,1.9012000560760498,1.900339961051941,1.9006799459457397,0,0.0,0.0
2026-02-26 06:45:00+00:00,1.9006799459457397,1.9013299942016602,1.900320053100586,1.9012600183486938,0,0.0,0.0
2026-02-26 07:00:00+00:00,1.9011000394821167,1.902400016784668,1.900629997253418,1.9015799760818481,0,0.0,0.0
2026-02-26 07:15:00+00:00,1.9016200304031372,1.9026000499725342,1.9012000560760498,1.9023200273513794,0,0.0,0.0
2026-02-26 07:30:00+00:00,1.9023900032043457,1.9024900197982788,1.9014300107955933,1.9018700122833252,0,0.0,0.0
2026-02-26 07:45:00+00:00,1.901919960975647,1.9021999835968018,1.9012500047683716,1.9016300439834595,0,0.0,0.0
2026-02-26 08:00:00+00:00,1.9018199443817139,1.9027400016784668,1.901360034942627,1.901710033416748,0,0.0,0.0
2026-02-26 08:15:00+00:00,1.9016000032424927,1.9022799730300903,1.9010299444198608,1.901859998703003,0,0.0,0.0
2026-02-26 08:30:00+00:00,1.901729941368103,1.9023000001907349,1.9008100032806396,1.900879979133606,0,0.0,0.0
2026-02-26 08:45:00+00:00,1.900820016860962,1.90146005153656,1.9007400274276733,1.9011900424957275,0,0.0,0.0
2026-02-26 09:00:00+00:00,1.9012199640274048,1.9014999866485596,1.8998700380325317,1.9000400304794312,0,0.0,0.0
2026-02-26 09:15:00+00:00,1.9001699686050415,1.9005299806594849,1.8994300365447998,1.900230050086975,0,0.0,0.0
2026-02-26 09:30:00+00:00,1.900230050086975,1.9004900455474854,1.8996100425720215,1.8997900485992432,0,0.0,0.0
2026-02-26 09:45:00+00:00,1.8997900485992432,1.9003599882125854,1.8995200395584106,1.90024995803833,0,0.0,0.0
2026-02-26 10:00:00+00:00,1.9001400470733643,1.9009300470352173,1.9000200033187866,1.900130033493042,0,0.0,0.0
2026-02-26 10:15:00+00:00,1.90024995803833,1.9014099836349487,1.8999799489974976,1.9012399911880493,0,0.0,0.0
2026-02-26 10:30:00+00:00,1.9011499881744385,1.9023300409317017,1.9006799459457397,1.9022300243377686,0,0.0,0.0
2026-02-26 10:45:00+00:00,1.9022400379180908,1.902899980545044,1.902109980583191,1.9025399684906006,0,0.0,0.0
2026-02-26 11:00:00+00:00,1.9025599956512451,1.902690052986145,1.901550054550171,1.9020800590515137,0,0.0,0.0
2026-02-26 11:15:00+00:00,1.90201997756958,1.9028199911117554,1.9020099639892578,1.9027400016784668,0,0.0,0.0
2026-02-26 11:30:00+00:00,1.9026999473571777,1.902940034866333,1.9020999670028687,1.9021199941635132,0,0.0,0.0
2026-02-26 11:45:00+00:00,1.9020999670028687,1.9026299715042114,1.9019500017166138,1.902609944343567,0,0.0,0.0
2026-02-26 12:00:00+00:00,1.9024900197982788,1.902999997138977,1.9016400575637817,1.9018700122833252,0,0.0,0.0
2026-02-26 12:15:00+00:00,1.9019700288772583,1.902809977531433,1.9017900228500366,1.9018800258636475,0,0.0,0.0
2026-02-26 12:30:00+00:00,1.9019099473953247,1.902269959449768,1.9014699459075928,1.9020099639892578,0,0.0,0.0
2026-02-26 12:45:00+00:00,1.9020700454711914,1.903059959411621,1.901900053024292,1.9028300046920776,0,0.0,0.0
2026-02-26 13:00:00+00:00,1.9028500318527222,1.9040600061416626,1.9021999835968018,1.9033900499343872,0,0.0,0.0
2026-02-26 13:15:00+00:00,1.9033900499343872,1.9038900136947632,1.9021400213241577,1.9025700092315674,0,0.0,0.0
2026-02-26 13:30:00+00:00,1.902690052986145,1.9038699865341187,1.9015699625015259,1.9037400484085083,0,0.0,0.0
2026-02-26 13:45:00+00:00,1.9037200212478638,1.904129981994629,1.9031800031661987,1.9035199880599976,0,0.0,0.0
2026-02-26 14:00:00+00:00,1.9035999774932861,1.9051300287246704,1.9033900499343872,1.9049700498580933,0,0.0,0.0
2026-02-26 14:15:00+00:00,1.9049299955368042,1.9053900241851807,1.9046399593353271,1.9050400257110596,0,0.0,0.0
2026-02-26 14:30:00+00:00,1.9050999879837036,1.9068599939346313,1.905060052871704,1.906190037727356,0,0.0,0.0
2026-02-26 14:45:00+00:00,1.9061399698257446,1.907099962234497,1.9052599668502808,1.9065899848937988,0,0.0,0.0
2026-02-26 15:00:00+00:00,1.9064500331878662,1.9091099500656128,1.9060300588607788,1.908959984779358,0,0.0,0.0
2026-02-26 15:15:00+00:00,1.9088499546051025,1.910730004310608,1.9080599546432495,1.9091999530792236,0,0.0,0.0
2026-02-26 15:30:00+00:00,1.9091999530792236,1.909500002861023,1.9052599668502808,1.9062800407409668,0,0.0,0.0
2026-02-26 15:45:00+00:00,1.9062800407409668,1.9064099788665771,1.902899980545044,1.9035600423812866,0,0.0,0.0
2026-02-26 16:00:00+00:00,1.9035300016403198,1.9039900302886963,1.9030200242996216,1.9035500288009644,0,0.0,0.0
2026-02-26 16:15:00+00:00,1.9037100076675415,1.9042199850082397,1.9028600454330444,1.9034199714660645,0,0.0,0.0
2026-02-26 16:30:00+00:00,1.9034600257873535,1.9049299955368042,1.9030200242996216,1.904579997062683,0,0.0,0.0
2026-02-26 16:45:00+00:00,1.904539942741394,1.9049400091171265,1.9034899473190308,1.9040199518203735,0,0.0,0.0
2026-02-26 17:00:00+00:00,1.9040199518203735,1.9044699668884277,1.9029899835586548,1.904039978981018,0,0.0,0.0
2026-02-26 17:15:00+00:00,1.904129981994629,1.904289960861206,1.902500033378601,1.9027999639511108,0,0.0,0.0
2026-02-26 17:30:00+00:00,1.9027999639511108,1.9029500484466553,1.9013299942016602,1.9026399850845337,0,0.0,0.0
2026-02-26 17:45:00+00:00,1.9026800394058228,1.9027299880981445,1.9002399444580078,1.9002799987792969,0,0.0,0.0
2026-02-26 18:00:00+00:00,1.9002699851989746,1.9006999731063843,1.8996700048446655,1.9000799655914307,0,0.0,0.0
2026-02-26 18:15:00+00:00,1.9000699520111084,1.90038001537323,1.8991299867630005,1.8992400169372559,0,0.0,0.0
2026-02-26 18:30:00+00:00,1.8991999626159668,1.8993699550628662,1.8968100547790527,1.8970400094985962,0,0.0,0.0
2026-02-26 18:45:00+00:00,1.8970500230789185,1.8974900245666504,1.8965500593185425,1.8971999883651733,0,0.0,0.0
2026-02-26 19:00:00+00:00,1.8971699476242065,1.8975600004196167,1.8968100547790527,1.897439956665039,0,0.0,0.0
2026-02-26 19:15:00+00:00,1.89752995967865,1.8975399732589722,1.8966000080108643,1.8970400094985962,0,0.0,0.0
2026-02-26 19:30:00+00:00,1.897029995918274,1.8974299430847168,1.8967000246047974,1.8971799612045288,0,0.0,0.0
2026-02-26 19:45:00+00:00,1.8970999717712402,1.8974000215530396,1.896720051765442,1.8972300291061401,0,0.0,0.0
2026-02-26 20:00:00+00:00,1.8972300291061401,1.897510051727295,1.8965799808502197,1.8972699642181396,0,0.0,0.0
2026-02-26 20:15:00+00:00,1.897279977798462,1.8975800275802612,1.8968100547790527,1.8970799446105957,0,0.0,0.0
2026-02-26 20:30:00+00:00,1.8970799446105957,1.8974100351333618,1.896720051765442,1.8969999551773071,0,0.0,0.0
2026-02-26 20:45:00+00:00,1.897029995918274,1.8972500562667847,1.8967399597167969,1.8970600366592407,0,0.0,0.0
2026-02-26 21:00:00+00:00,1.897130012512207,1.8973400592803955,1.89683997631073,1.8971699476242065,0,0.0,0.0
2026-02-26 21:15:00+00:00,1.8972100019454956,1.8973499536514282,1.8969099521636963,1.8972300291061401,0,0.0,0.0
2026-02-26 21:30:00+00:00,1.8971600532531738,1.8973900079727173,1.896780014038086,1.8971600532531738,0,0.0,0.0
2026-02-26 21:45:00+00:00,1.897130012512207,1.897670030593872,1.8966200351715088,1.8971600532531738,0,0.0,0.0
2026-02-26 22:00:00+00:00,1.8973699808120728,1.8983099460601807,1.8958499431610107,1.89683997631073,0,0.0,0.0
2026-02-26 22:15:00+00:00,1.8962500095367432,1.8983700275421143,1.8950599431991577,1.8967499732971191,0,0.0,0.0
2026-02-26 22:30:00+00:00,1.8954099416732788,1.898010015487671,1.8938900232315063,1.8964099884033203,0,0.0,0.0
2026-02-26 22:45:00+00:00,1.895900011062622,1.898569941520691,1.8951900005340576,1.8974299430847168,0,0.0,0.0
2026-02-26 23:00:00+00:00,1.89752995967865,1.8994899988174438,1.8962500095367432,1.8991600275039673,0,0.0,0.0
2026-02-26 23:15:00+00:00,1.8989299535751343,1.8993799686431885,1.8986400365829468,1.8988900184631348,0,0.0,0.0
2026-02-26 23:30:00+00:00,1.8990000486373901,1.8995100259780884,1.8987900018692017,1.8993099927902222,0,0.0,0.0
2026-02-26 23:45:00+00:00,1.899340033531189,1.8998299837112427,1.899049997329712,1.8996399641036987,0,0.0,0.0
2026-02-27 00:00:00+00:00,1.8992600440979004,1.8995200395584106,1.8981499671936035,1.8983800411224365,0,0.0,0.0
2026-02-27 00:15:00+00:00,1.898319959640503,1.8989800214767456,1.898229956626892,1.8984899520874023,0,0.0,0.0
2026-02-27 00:30:00+00:00,1.8986400365829468,1.8997100591659546,1.8980499505996704,1.8994699716567993,0,0.0,0.0
2026-02-27 00:45:00+00:00,1.8994499444961548,1.900439977645874,1.8991999626159668,1.8996100425720215,0,0.0,0.0
2026-02-27 01:00:00+00:00,1.8996200561523438,1.8999099731445312,1.8982900381088257,1.8985099792480469,0,0.0,0.0
2026-02-27 01:15:00+00:00,1.8983800411224365,1.8989499807357788,1.8976800441741943,1.8980599641799927,0,0.0,0.0
2026-02-27 01:30:00+00:00,1.897979974746704,1.8987300395965576,1.8974100351333618,1.8982900381088257,0,0.0,0.0
2026-02-27 01:45:00+00:00,1.898169994354248,1.8990000486373901,1.89683997631073,1.8968600034713745,0,0.0,0.0
2026-02-27 02:00:00+00:00,1.8968600034713745,1.8976600170135498,1.8964500427246094,1.8969299793243408,0,0.0,0.0
2026-02-27 02:15:00+00:00,1.8969199657440186,1.8969500064849854,1.8957099914550781,1.895859956741333,0,0.0,0.0
2026-02-27 02:30:00+00:00,1.8957699537277222,1.8959399461746216,1.895009994506836,1.8956999778747559,0,0.0,0.0
2026-02-27 02:45:00+00:00,1.8956300020217896,1.8957500457763672,1.8945599794387817,1.8947199583053589,0,0.0,0.0
2026-02-27 03:00:00+00:00,1.8947199583053589,1.8951300382614136,1.8940900564193726,1.894219994544983,0,0.0,0.0
2026-02-27 03:15:00+00:00,1.8942300081253052,1.8957300186157227,1.8939599990844727,1.8956700563430786,0,0.0,0.0
2026-02-27 03:30:00+00:00,1.8955600261688232,1.8959200382232666,1.8951599597930908,1.895509958267212,0,0.0,0.0
2026-02-27 03:45:00+00:00,1.8955999612808228,1.8956700563430786,1.8950999975204468,1.8952200412750244,0,0.0,0.0
2026-02-27 04:00:00+00:00,1.8953100442886353,1.8954999446868896,1.8947900533676147,1.894919991493225,0,0.0,0.0
2026-02-27 04:15:00+00:00,1.894919991493225,1.8956199884414673,1.8947900533676147,1.8950799703598022,0,0.0,0.0
2026-02-27 04:30:00+00:00,1.8950799703598022,1.8953200578689575,1.8944000005722046,1.8947700262069702,0,0.0,0.0
2026-02-27 04:45:00+00:00,1.894819974899292,1.8949600458145142,1.8937900066375732,1.8940000534057617,0,0.0,0.0
2026-02-27 05:00:00+00:00,1.8940600156784058,1.8942099809646606,1.893090009689331,1.8933299779891968,0,0.0,0.0
2026-02-27 05:15:00+00:00,1.8933099508285522,1.893380045890808,1.891700029373169,1.8921200037002563,0,0.0,0.0
2026-02-27 05:30:00+00:00,1.8921500444412231,1.8929200172424316,1.8918700218200684,1.892240047454834,0,0.0,0.0
2026-02-27 05:45:00+00:00,1.8921400308609009,1.8931599855422974,1.89205002784729,1.8929500579833984,0,0.0,0.0
2026-02-27 06:00:00+00:00,1.8928699493408203,1.8931900262832642,1.8921400308609009,1.8923100233078003,0,0.0,0.0
2026-02-27 06:15:00+00:00,1.8922899961471558,1.8928099870681763,1.8913300037384033,1.8915400505065918,0,0.0,0.0
2026-02-27 06:30:00+00:00,1.8915200233459473,1.8916800022125244,1.8901599645614624,1.890720009803772,0,0.0,0.0
2026-02-27 06:45:00+00:00,1.890589952468872,1.89096999168396,1.8901499509811401,1.8902000188827515,0,0.0,0.0
2026-02-27 07:00:00+00:00,1.8902000188827515,1.8905500173568726,1.8894799947738647,1.8900699615478516,0,0.0,0.0
2026-02-27 07:15:00+00:00,1.8899699449539185,1.8922200202941895,1.889840006828308,1.89205002784729,0,0.0,0.0
2026-02-27 07:30:00+00:00,1.8919299840927124,1.8927899599075317,1.8916900157928467,1.8923799991607666,0,0.0,0.0
2026-02-27 07:45:00+00:00,1.8924700021743774,1.8938599824905396,1.8923799991607666,1.8933700323104858,0,0.0,0.0
2026-02-27 08:00:00+00:00,1.8933000564575195,1.8952000141143799,1.8932100534439087,1.8947900533676147,0,0.0,0.0
2026-02-27 08:15:00+00:00,1.894919991493225,1.894950032234192,1.8932700157165527,1.8934400081634521,0,0.0,0.0
2026-02-27 08:30:00+00:00,1.8933600187301636,1.8961700201034546,1.8933099508285522,1.8959800004959106,0,0.0,0.0
2026-02-27 08:45:00+00:00,1.8959800004959106,1.8975499868392944,1.8956199884414673,1.8971699476242065,0,0.0,0.0
2026-02-27 09:00:00+00:00,1.897130012512207,1.897189974784851,1.896090030670166,1.8963700532913208,0,0.0,0.0
2026-02-27 09:15:00+00:00,1.8963799476623535,1.8965400457382202,1.8954399824142456,1.8956899642944336,0,0.0,0.0
2026-02-27 09:30:00+00:00,1.8956400156021118,1.8958699703216553,1.8949099779129028,1.8953100442886353,0,0.0,0.0
2026-02-27 09:45:00+00:00,1.895419955253601,1.8958300352096558,1.8950300216674805,1.895359992980957,0,0.0,0.0
2026-02-27 10:00:00+00:00,1.895400047302246,1.8977500200271606,1.8953299522399902,1.8970600366592407,0,0.0,0.0
2026-02-27 10:15:00+00:00,1.8970600366592407,1.897439956665039,1.8955899477005005,1.8959399461746216,0,0.0,0.0
2026-02-27 10:30:00+00:00,1.8959399461746216,1.8961399793624878,1.8947099447250366,1.8948700428009033,0,0.0,0.0
2026-02-27 10:45:00+00:00,1.894860029220581,1.8955800533294678,1.8948299884796143,1.8952699899673462,0,0.0,0.0
2026-02-27 11:00:00+00:00,1.8952300548553467,1.895550012588501,1.8942699432373047,1.894860029220581,0,0.0,0.0
2026-02-27 11:15:00+00:00,1.8948099613189697,1.8963099718093872,1.8946800231933594,1.8961800336837769,0,0.0,0.0
2026-02-27 11:30:00+00:00,1.8960599899291992,1.8971500396728516,1.8955999612808228,1.8967700004577637,0,0.0,0.0
2026-02-27 11:45:00+00:00,1.8967700004577637,1.896880030632019,1.8941400051116943,1.8945200443267822,0,0.0,0.0
2026-02-27 12:00:00+00:00,1.8945800065994263,1.8965100049972534,1.8942400217056274,1.8951799869537354,0,0.0,0.0
2026-02-27 12:15:00+00:00,1.8951799869537354,1.895550012588501,1.8940000534057617,1.894950032234192,0,0.0,0.0
2026-02-27 12:30:00+00:00,1.894950032234192,1.8959300518035889,1.8947800397872925,1.8956600427627563,0,0.0,0.0
2026-02-27 12:45:00+00:00,1.8956600427627563,1.89628005027771,1.894760012626648,1.895799994468689,0,0.0,0.0
2026-02-27 13:00:00+00:00,1.8959100246429443,1.89614999294281,1.8950799703598022,1.8960800170898438,0,0.0,0.0
2026-02-27 13:15:00+00:00,1.8959800004959106,1.8965500593185425,1.8930399417877197,1.8931200504302979,0,0.0,0.0
2026-02-27 13:30:00+00:00,1.8938499689102173,1.896780014038086,1.8918800354003906,1.895740032196045,0,0.0,0.0
2026-02-27 13:45:00+00:00,1.895740032196045,1.8959300518035889,1.8937599658966064,1.8940600156784058,0,0.0,0.0
2026-02-27 14:00:00+00:00,1.8940399885177612,1.894670009613037,1.893589973449707,1.8936200141906738,0,0.0,0.0
2026-02-27 14:15:00+00:00,1.8936200141906738,1.8946199417114258,1.8932100534439087,1.8939299583435059,0,0.0,0.0
2026-02-27 14:30:00+00:00,1.8938699960708618,1.8948700428009033,1.8925700187683105,1.8941800594329834,0,0.0,0.0
2026-02-27 14:45:00+00:00,1.8941500186920166,1.894610047340393,1.892590045928955,1.8927899599075317,0,0.0,0.0
2026-02-27 15:00:00+00:00,1.892899990081787,1.893090009689331,1.8890000581741333,1.8895900249481201,0,0.0,0.0
2026-02-27 15:15:00+00:00,1.8895100355148315,1.8902599811553955,1.889009952545166,1.8896100521087646,0,0.0,0.0
2026-02-27 15:30:00+00:00,1.8897299766540527,1.890589952468872,1.8886799812316895,1.8893200159072876,0,0.0,0.0
2026-02-27 15:45:00+00:00,1.889389991760254,1.8896700143814087,1.8861299753189087,1.8864200115203857,0,0.0,0.0
2026-02-27 16:00:00+00:00,1.886489987373352,1.887719988822937,1.88618004322052,1.8874599933624268,0,0.0,0.0
2026-02-27 16:15:00+00:00,1.8875099420547485,1.889840006828308,1.8874399662017822,1.8897000551223755,0,0.0,0.0
2026-02-27 16:30:00+00:00,1.8897700309753418,1.8907500505447388,1.8891899585723877,1.8896600008010864,0,0.0,0.0
2026-02-27 16:45:00+00:00,1.8897000551223755,1.890120029449463,1.8889299631118774,1.889430046081543,0,0.0,0.0
2026-02-27 17:00:00+00:00,1.8894699811935425,1.889680027961731,1.8879599571228027,1.8896199464797974,0,0.0,0.0
2026-02-27 17:15:00+00:00,1.8895599842071533,1.891450047492981,1.8892699480056763,1.8912500143051147,0,0.0,0.0
2026-02-27 17:30:00+00:00,1.8912500143051147,1.8920400142669678,1.8908599615097046,1.8914799690246582,0,0.0,0.0
2026-02-27 17:45:00+00:00,1.8914799690246582,1.8920600414276123,1.8911499977111816,1.8915200233459473,0,0.0,0.0
2026-02-27 18:00:00+00:00,1.8915300369262695,1.8925000429153442,1.891409993171692,1.8924299478530884,0,0.0,0.0
2026-02-27 18:15:00+00:00,1.8924299478530884,1.8933299779891968,1.8922100067138672,1.8930000066757202,0,0.0,0.0
2026-02-27 18:30:00+00:00,1.8930699825286865,1.893380045890808,1.8922799825668335,1.8924100399017334,0,0.0,0.0
2026-02-27 18:45:00+00:00,1.8923900127410889,1.8932299613952637,1.892300009727478,1.8927899599075317,0,0.0,0.0
2026-02-27 19:00:00+00:00,1.8927700519561768,1.893049955368042,1.8920700550079346,1.8928600549697876,0,0.0,0.0
2026-02-27 19:15:00+00:00,1.8928099870681763,1.8945000171661377,1.8926500082015991,1.894469976425171,0,0.0,0.0
2026-02-27 19:30:00+00:00,1.8944000005722046,1.8952699899673462,1.89437997341156,1.8949600458145142,0,0.0,0.0
2026-02-27 19:45:00+00:00,1.894950032234192,1.8955899477005005,1.8946499824523926,1.8948099613189697,0,0.0,0.0
2026-02-27 20:00:00+00:00,1.894819974899292,1.8950400352478027,1.8938599824905396,1.8939499855041504,0,0.0,0.0
2026-02-27 20:15:00+00:00,1.8939000368118286,1.8944000005722046,1.893470048904419,1.8941400051116943,0,0.0,0.0
2026-02-27 20:30:00+00:00,1.894070029258728,1.8948400020599365,1.8938299417495728,1.8945000171661377,0,0.0,0.0
2026-02-27 20:45:00+00:00,1.8944599628448486,1.8948800563812256,1.8931299448013306,1.8935799598693848,0,0.0,0.0
2026-02-27 21:00:00+00:00,1.8935099840164185,1.89437997341156,1.8929599523544312,1.8942500352859497,0,0.0,0.0
2026-02-27 21:15:00+00:00,1.8940900564193726,1.8945800065994263,1.8938299417495728,1.8939900398254395,0,0.0,0.0
2026-02-27 21:30:00+00:00,1.8941600322723389,1.8944000005722046,1.893489956855774,1.8937100172042847,0,0.0,0.0
2026-02-27 21:45:00+00:00,1.8937100172042847,1.8955199718475342,1.8915899991989136,1.8930699825286865,0,0.0,0.0
2026-02-27 22:00:00+00:00,1.8946199417114258,1.8946199417114258,1.8946199417114258,1.8946199417114258,0,0.0,0.0
2026-02-27 22:15:00+00:00,1.8946199417114258,1.8946199417114258,1.8946199417114258,1.8946199417114258,0,0.0,0.0
2026-03-02 00:00:00+00:00,1.899590015411377,1.9003100395202637,1.8984500169754028,1.898710012435913,0,0.0,0.0
2026-03-02 00:15:00+00:00,1.8987799882888794,1.8994699716567993,1.8979500532150269,1.898959994316101,0,0.0,0.0
2026-03-02 00:30:00+00:00,1.8988699913024902,1.8990600109100342,1.897189974784851,1.8976900577545166,0,0.0,0.0
2026-03-02 00:45:00+00:00,1.8976600170135498,1.8978099822998047,1.8952800035476685,1.8959499597549438,0,0.0,0.0
2026-03-02 01:00:00+00:00,1.8958499431610107,1.896049976348877,1.8918299674987793,1.8926600217819214,0,0.0,0.0
2026-03-02 01:15:00+00:00,1.8925000429153442,1.8944599628448486,1.8924200534820557,1.894279956817627,0,0.0,0.0
2026-03-02 01:30:00+00:00,1.8941600322723389,1.8946900367736816,1.8924700021743774,1.8931399583816528,0,0.0,0.0
2026-03-02 01:45:00+00:00,1.893049955368042,1.8941099643707275,1.892240047454834,1.8926299810409546,0,0.0,0.0
2026-03-02 02:00:00+00:00,1.8925399780273438,1.8938900232315063,1.891890048980713,1.8934199810028076,0,0.0,0.0
2026-03-02 02:15:00+00:00,1.8933000564575195,1.8945900201797485,1.8930799961090088,1.8942899703979492,0,0.0,0.0
2026-03-02 02:30:00+00:00,1.8942899703979492,1.8945499658584595,1.8914599418640137,1.8917900323867798,0,0.0,0.0
2026-03-02 02:45:00+00:00,1.8915799856185913,1.8925199508666992,1.891379952430725,1.8917100429534912,0,0.0,0.0
2026-03-02 03:00:00+00:00,1.8918100595474243,1.8923900127410889,1.8906699419021606,1.8910800218582153,0,0.0,0.0
2026-03-02 03:15:00+00:00,1.8911700248718262,1.8917800188064575,1.890120029449463,1.8907999992370605,0,0.0,0.0
2026-03-02 03:30:00+00:00,1.8907500505447388,1.8916900157928467,1.8906400203704834,1.8910800218582153,0,0.0,0.0
2026-03-02 03:45:00+00:00,1.8910499811172485,1.8918499946594238,1.8906300067901611,1.8912999629974365,0,0.0,0.0
2026-03-02 04:00:00+00:00,1.8912400007247925,1.8918800354003906,1.8908499479293823,1.8916599750518799,0,0.0,0.0
2026-03-02 04:15:00+00:00,1.8916599750518799,1.8942400217056274,1.8915300369262695,1.8924200534820557,0,0.0,0.0
2026-03-02 04:30:00+00:00,1.8924399614334106,1.894129991531372,1.8922100067138672,1.8938900232315063,0,0.0,0.0
2026-03-02 04:45:00+00:00,1.8938900232315063,1.8941999673843384,1.893530011177063,1.894129991531372,0,0.0,0.0
2026-03-02 05:00:00+00:00,1.8940900564193726,1.8952499628067017,1.893630027770996,1.8951200246810913,0,0.0,0.0
2026-03-02 05:15:00+00:00,1.8950899839401245,1.8953200578689575,1.893339991569519,1.8939599990844727,0,0.0,0.0
2026-03-02 05:30:00+00:00,1.8939499855041504,1.894950032234192,1.8937000036239624,1.894569993019104,0,0.0,0.0
2026-03-02 05:45:00+00:00,1.8945000171661377,1.8958100080490112,1.8942899703979492,1.8952499628067017,0,0.0,0.0
2026-03-02 06:00:00+00:00,1.8953100442886353,1.8954499959945679,1.8930799961090088,1.893880009651184,0,0.0,0.0
2026-03-02 06:15:00+00:00,1.893880009651184,1.8944000005722046,1.8925800323486328,1.893530011177063,0,0.0,0.0
2026-03-02 06:30:00+00:00,1.8935600519180298,1.8944499492645264,1.8931200504302979,1.8936899900436401,0,0.0,0.0
2026-03-02 06:45:00+00:00,1.8935400247573853,1.894219994544983,1.8927799463272095,1.8934199810028076,0,0.0,0.0
2026-03-02 07:00:00+00:00,1.893380045890808,1.89437997341156,1.892359972000122,1.8931000232696533,0,0.0,0.0
2026-03-02 07:15:00+00:00,1.8929799795150757,1.8937000036239624,1.8919600248336792,1.8927199840545654,0,0.0,0.0
2026-03-02 07:30:00+00:00,1.8926299810409546,1.8950599431991577,1.8924000263214111,1.8939800262451172,0,0.0,0.0
2026-03-02 07:45:00+00:00,1.8938699960708618,1.8940500020980835,1.892549991607666,1.8930699825286865,0,0.0,0.0
2026-03-02 08:00:00+00:00,1.8929599523544312,1.8940399885177612,1.8920400142669678,1.8926600217819214,0,0.0,0.0
2026-03-02 08:15:00+00:00,1.8926299810409546,1.8931699991226196,1.8910499811172485,1.8913400173187256,0,0.0,0.0
2026-03-02 08:30:00+00:00,1.8911499977111816,1.891450047492981,1.888569951057434,1.8888100385665894,0,0.0,0.0
2026-03-02 08:45:00+00:00,1.8886899948120117,1.889739990234375,1.8881299495697021,1.8888100385665894,0,0.0,0.0
2026-03-02 09:00:00+00:00,1.888949990272522,1.8893100023269653,1.8854899406433105,1.8855400085449219,0,0.0,0.0
2026-03-02 09:15:00+00:00,1.8855700492858887,1.8877899646759033,1.8854800462722778,1.8872900009155273,0,0.0,0.0
2026-03-02 09:30:00+00:00,1.8874200582504272,1.8893400430679321,1.8871599435806274,1.8892899751663208,0,0.0,0.0
2026-03-02 09:45:00+00:00,1.8892699480056763,1.8896100521087646,1.8872400522232056,1.888990044593811,0,0.0,0.0
2026-03-02 10:00:00+00:00,1.8889399766921997,1.8892600536346436,1.8875999450683594,1.8882299661636353,0,0.0,0.0
2026-03-02 10:15:00+00:00,1.888260006904602,1.888759970664978,1.88687002658844,1.8875900506973267,0,0.0,0.0
2026-03-02 10:30:00+00:00,1.8875000476837158,1.8900799751281738,1.8872499465942383,1.8899500370025635,0,0.0,0.0
2026-03-02 10:45:00+00:00,1.8899600505828857,1.8918999433517456,1.8891899585723877,1.8909499645233154,0,0.0,0.0
2026-03-02 11:00:00+00:00,1.8911199569702148,1.8926899433135986,1.8904399871826172,1.8925600051879883,0,0.0,0.0
2026-03-02 11:15:00+00:00,1.8925600051879883,1.8934400081634521,1.8923200368881226,1.8927700519561768,0,0.0,0.0
2026-03-02 11:30:00+00:00,1.8927700519561768,1.893380045890808,1.8918999433517456,1.892989993095398,0,0.0,0.0
2026-03-02 11:45:00+00:00,1.892989993095398,1.8937699794769287,1.8924599885940552,1.8931699991226196,0,0.0,0.0
2026-03-02 12:00:00+00:00,1.8933000564575195,1.8946900367736816,1.8926899433135986,1.894129991531372,0,0.0,0.0
2026-03-02 12:15:00+00:00,1.8940600156784058,1.8962700366973877,1.8940600156784058,1.8955299854278564,0,0.0,0.0
2026-03-02 12:30:00+00:00,1.8955899477005005,1.8974599838256836,1.8954099416732788,1.8964500427246094,0,0.0,0.0
2026-03-02 12:45:00+00:00,1.896340012550354,1.8985300064086914,1.8949400186538696,1.8975900411605835,0,0.0,0.0
2026-03-02 13:00:00+00:00,1.8976099491119385,1.8977099657058716,1.8960200548171997,1.8962500095367432,0,0.0,0.0
2026-03-02 13:15:00+00:00,1.8964099884033203,1.8964099884033203,1.8938900232315063,1.8956199884414673,0,0.0,0.0
2026-03-02 13:30:00+00:00,1.8956199884414673,1.8964799642562866,1.895169973373413,1.8960599899291992,0,0.0,0.0
2026-03-02 13:45:00+00:00,1.896049976348877,1.8969500064849854,1.8952399492263794,1.8960700035095215,0,0.0,0.0
2026-03-02 14:00:00+00:00,1.8961299657821655,1.8977299928665161,1.8953299522399902,1.897510051727295,0,0.0,0.0
2026-03-02 14:15:00+00:00,1.897439956665039,1.897570013999939,1.8965599536895752,1.897130012512207,0,0.0,0.0
2026-03-02 14:30:00+00:00,1.897130012512207,1.8972599506378174,1.8939800262451172,1.8949099779129028,0,0.0,0.0
2026-03-02 14:45:00+00:00,1.8948099613189697,1.8963899612426758,1.8941199779510498,1.894670009613037,0,0.0,0.0
2026-03-02 15:00:00+00:00,1.8948899507522583,1.89614999294281,1.8920300006866455,1.892109990119934,0,0.0,0.0
2026-03-02 15:15:00+00:00,1.892109990119934,1.8941700458526611,1.8916800022125244,1.8929100036621094,0,0.0,0.0
2026-03-02 15:30:00+00:00,1.8928500413894653,1.8940000534057617,1.891569972038269,1.892259955406189,0,0.0,0.0
2026-03-02 15:45:00+00:00,1.892259955406189,1.8947199583053589,1.8920199871063232,1.8943599462509155,0,0.0,0.0
2026-03-02 16:00:00+00:00,1.8943599462509155,1.8949999809265137,1.8918499946594238,1.892009973526001,0,0.0,0.0
2026-03-02 16:15:00+00:00,1.892009973526001,1.8938000202178955,1.891950011253357,1.8937499523162842,0,0.0,0.0
2026-03-02 16:30:00+00:00,1.8937300443649292,1.8948500156402588,1.8924000263214111,1.8925199508666992,0,0.0,0.0
2026-03-02 16:45:00+00:00,1.8926000595092773,1.8951400518417358,1.8924599885940552,1.8948800563812256,0,0.0,0.0
2026-03-02 17:00:00+00:00,1.894950032234192,1.8964600563049316,1.8946000337600708,1.8957200050354004,0,0.0,0.0
2026-03-02 17:15:00+00:00,1.8958100080490112,1.8959200382232666,1.8942400217056274,1.894469976425171,0,0.0,0.0
2026-03-02 17:30:00+00:00,1.8945399522781372,1.8953800201416016,1.8940600156784058,1.8952699899673462,0,0.0,0.0
2026-03-02 17:45:00+00:00,1.8952200412750244,1.8953399658203125,1.893839955329895,1.8938599824905396,0,0.0,0.0
2026-03-02 18:00:00+00:00,1.8938599824905396,1.893970012664795,1.8929799795150757,1.8931200504302979,0,0.0,0.0
2026-03-02 18:15:00+00:00,1.8931200504302979,1.8937000036239624,1.8925100564956665,1.892930030822754,0,0.0,0.0
2026-03-02 18:30:00+00:00,1.8929500579833984,1.8930699825286865,1.8922300338745117,1.8925399780273438,0,0.0,0.0
2026-03-02 18:45:00+00:00,1.8925100564956665,1.893149971961975,1.8924100399017334,1.8927700519561768,0,0.0,0.0
2026-03-02 19:00:00+00:00,1.892799973487854,1.8928899765014648,1.8905999660491943,1.8908599615097046,0,0.0,0.0
2026-03-02 19:15:00+00:00,1.8908900022506714,1.8912400007247925,1.8895399570465088,1.8897900581359863,0,0.0,0.0
2026-03-02 19:30:00+00:00,1.8897000551223755,1.8901699781417847,1.88919997215271,1.8898899555206299,0,0.0,0.0
2026-03-02 19:45:00+00:00,1.8899099826812744,1.890570044517517,1.889780044555664,1.890239953994751,0,0.0,0.0
2026-03-02 20:00:00+00:00,1.8901300430297852,1.8924700021743774,1.8900699615478516,1.8923900127410889,0,0.0,0.0
2026-03-02 20:15:00+00:00,1.8924700021743774,1.8929400444030762,1.8911000490188599,1.8922499418258667,0,0.0,0.0
2026-03-02 20:30:00+00:00,1.8922499418258667,1.8923799991607666,1.8910499811172485,1.891469955444336,0,0.0,0.0
2026-03-02 20:45:00+00:00,1.891409993171692,1.891569972038269,1.8902900218963623,1.8910200595855713,0,0.0,0.0
2026-03-02 21:00:00+00:00,1.8909499645233154,1.8914400339126587,1.890679955482483,1.8911999464035034,0,0.0,0.0
2026-03-02 21:15:00+00:00,1.8911800384521484,1.8916900157928467,1.8907099962234497,1.8908499479293823,0,0.0,0.0
2026-03-02 21:30:00+00:00,1.8908499479293823,1.8910900354385376,1.8903800249099731,1.890589952468872,0,0.0,0.0
2026-03-02 21:45:00+00:00,1.890570044517517,1.8907300233840942,1.888100028038025,1.888990044593811,0,0.0,0.0
2026-03-02 22:00:00+00:00,1.889140009880066,1.8911999464035034,1.8871699571609497,1.8892899751663208,0,0.0,0.0
2026-03-02 22:15:00+00:00,1.888890027999878,1.8903700113296509,1.8848299980163574,1.885349988937378,0,0.0,0.0
2026-03-02 22:30:00+00:00,1.885349988937378,1.8886100053787231,1.884809970855713,1.8869400024414062,0,0.0,0.0
2026-03-02 22:45:00+00:00,1.8874599933624268,1.8885899782180786,1.885640025138855,1.8869600296020508,0,0.0,0.0
2026-03-02 23:00:00+00:00,1.8866900205612183,1.8884600400924683,1.8866900205612183,1.887719988822937,0,0.0,0.0
2026-03-02 23:15:00+00:00,1.887719988822937,1.8889600038528442,1.8876299858093262,1.8878599405288696,0,0.0,0.0
2026-03-02 23:30:00+00:00,1.8877700567245483,1.8879300355911255,1.8867900371551514,1.8869099617004395,0,0.0,0.0
2026-03-02 23:45:00+00:00,1.8869099617004395,1.8873100280761719,1.8864799737930298,1.8872699737548828,0,0.0,0.0
2026-03-03 00:00:00+00:00,1.8876500129699707,1.8887200355529785,1.8875900506973267,1.8882100582122803,0,0.0,0.0
2026-03-03 00:15:00+00:00,1.888409972190857,1.8887300491333008,1.887760043144226,1.888069987297058,0,0.0,0.0
2026-03-03 00:30:00+00:00,1.8880499601364136,1.8885400295257568,1.887410044670105,1.8880300521850586,0,0.0,0.0
2026-03-03 00:45:00+00:00,1.8878400325775146,1.8889000415802002,1.8870899677276611,1.8886799812316895,0,0.0,0.0
2026-03-03 01:00:00+00:00,1.888759970664978,1.8888200521469116,1.8859399557113647,1.8860900402069092,0,0.0,0.0
2026-03-03 01:15:00+00:00,1.8860900402069092,1.8866100311279297,1.8843899965286255,1.885450005531311,0,0.0,0.0
2026-03-03 01:30:00+00:00,1.885450005531311,1.886620044708252,1.8843499422073364,1.8854399919509888,0,0.0,0.0
2026-03-03 01:45:00+00:00,1.8855299949645996,1.8885200023651123,1.885040044784546,1.8882999420166016,0,0.0,0.0
2026-03-03 02:00:00+00:00,1.8882900476455688,1.8904600143432617,1.8874399662017822,1.8881200551986694,0,0.0,0.0
2026-03-03 02:15:00+00:00,1.8881499767303467,1.890220046043396,1.8877899646759033,1.8886499404907227,0,0.0,0.0
2026-03-03 02:30:00+00:00,1.8886499404907227,1.8892500400543213,1.8865300416946411,1.8867900371551514,0,0.0,0.0
2026-03-03 02:45:00+00:00,1.8867900371551514,1.8870899677276611,1.8856899738311768,1.8867100477218628,0,0.0,0.0
2026-03-03 03:00:00+00:00,1.886680006980896,1.8871699571609497,1.8857899904251099,1.8862199783325195,0,0.0,0.0
2026-03-03 03:15:00+00:00,1.8860900402069092,1.8871599435806274,1.8858599662780762,1.88687002658844,0,0.0,0.0
2026-03-03 03:30:00+00:00,1.8867199420928955,1.8871400356292725,1.8843200206756592,1.8844399452209473,0,0.0,0.0
2026-03-03 03:45:00+00:00,1.8845900297164917,1.8852200508117676,1.8841300010681152,1.8847600221633911,0,0.0,0.0
2026-03-03 04:00:00+00:00,1.8847099542617798,1.8849899768829346,1.8837800025939941,1.8842899799346924,0,0.0,0.0
2026-03-03 04:15:00+00:00,1.8842300176620483,1.8844300508499146,1.8834500312805176,1.8839000463485718,0,0.0,0.0
2026-03-03 04:30:00+00:00,1.8839600086212158,1.8840899467468262,1.8830000162124634,1.8832099437713623,0,0.0,0.0
2026-03-03 04:45:00+00:00,1.8831299543380737,1.884179949760437,1.8829900026321411,1.8839199542999268,0,0.0,0.0
2026-03-03 05:00:00+00:00,1.8837900161743164,1.8847700357437134,1.8833600282669067,1.8834600448608398,0,0.0,0.0
2026-03-03 05:15:00+00:00,1.883370041847229,1.883929967880249,1.8822699785232544,1.883180022239685,0,0.0,0.0
2026-03-03 05:30:00+00:00,1.8832099437713623,1.886680006980896,1.8831700086593628,1.8856899738311768,0,0.0,0.0
2026-03-03 05:45:00+00:00,1.8856899738311768,1.8860299587249756,1.8847299814224243,1.8850599527359009,0,0.0,0.0
2026-03-03 06:00:00+00:00,1.88510000705719,1.8862600326538086,1.8841899633407593,1.885450005531311,0,0.0,0.0
2026-03-03 06:15:00+00:00,1.8852900266647339,1.8865300416946411,1.8850799798965454,1.885390043258667,0,0.0,0.0
2026-03-03 06:30:00+00:00,1.8854600191116333,1.8862700462341309,1.8850500583648682,1.8860100507736206,0,0.0,0.0
2026-03-03 06:45:00+00:00,1.8860199451446533,1.8860499858856201,1.883870005607605,1.8840999603271484,0,0.0,0.0
2026-03-03 07:00:00+00:00,1.8839600086212158,1.8842600584030151,1.8816399574279785,1.8818800449371338,0,0.0,0.0
2026-03-03 07:15:00+00:00,1.8818800449371338,1.882789969444275,1.8802399635314941,1.8806899785995483,0,0.0,0.0
2026-03-03 07:30:00+00:00,1.8806999921798706,1.8839600086212158,1.8803999423980713,1.8814300298690796,0,0.0,0.0
2026-03-03 07:45:00+00:00,1.8815100193023682,1.8844499588012695,1.8813799619674683,1.883929967880249,0,0.0,0.0
2026-03-03 08:00:00+00:00,1.884060025215149,1.8854299783706665,1.8823299407958984,1.8829100131988525,0,0.0,0.0
2026-03-03 08:15:00+00:00,1.882889986038208,1.8841400146484375,1.8821699619293213,1.8835899829864502,0,0.0,0.0
2026-03-03 08:30:00+00:00,1.8834999799728394,1.8861299753189087,1.883139967918396,1.885699987411499,0,0.0,0.0
2026-03-03 08:45:00+00:00,1.8858599662780762,1.8863600492477417,1.8846299648284912,1.8860499858856201,0,0.0,0.0
2026-03-03 09:00:00+00:00,1.8861299753189087,1.8863500356674194,1.8837800025939941,1.884369969367981,0,0.0,0.0
2026-03-03 09:15:00+00:00,1.8844499588012695,1.8872699737548828,1.884369969367981,1.8868299722671509,0,0.0,0.0
2026-03-03 09:30:00+00:00,1.8870099782943726,1.8877999782562256,1.8862099647521973,1.8867499828338623,0,0.0,0.0
2026-03-03 09:45:00+00:00,1.8867299556732178,1.8890299797058105,1.8857200145721436,1.8886799812316895,0,0.0,0.0
2026-03-03 10:00:00+00:00,1.8887499570846558,1.8906300067901611,1.8879799842834473,1.8893300294876099,0,0.0,0.0
2026-03-03 10:15:00+00:00,1.8894200325012207,1.891469955444336,1.8885400295257568,1.891469955444336,0,0.0,0.0
2026-03-03 10:30:00+00:00,1.8915300369262695,1.8944300413131714,1.8907999992370605,1.891890048980713,0,0.0,0.0
2026-03-03 10:45:00+00:00,1.8919399976730347,1.8922100067138672,1.889799952507019,1.8913700580596924,0,0.0,0.0
2026-03-03 11:00:00+00:00,1.891379952430725,1.892449975013733,1.890720009803772,1.891610026359558,0,0.0,0.0
2026-03-03 11:15:00+00:00,1.8916399478912354,1.8924800157546997,1.890339970588684,1.892009973526001,0,0.0,0.0
2026-03-03 11:30:00+00:00,1.8919399976730347,1.8941700458526611,1.8910399675369263,1.8930399417877197,0,0.0,0.0
2026-03-03 11:45:00+00:00,1.8930399417877197,1.8943300247192383,1.8916499614715576,1.8917499780654907,0,0.0,0.0
2026-03-03 12:00:00+00:00,1.8918399810791016,1.8937499523162842,1.8910800218582153,1.893589973449707,0,0.0,0.0
2026-03-03 12:15:00+00:00,1.8934500217437744,1.8943300247192383,1.8909900188446045,1.892199993133545,0,0.0,0.0
2026-03-03 12:30:00+00:00,1.8921799659729004,1.8949999809265137,1.8921699523925781,1.8941999673843384,0,0.0,0.0
2026-03-03 12:45:00+00:00,1.894279956817627,1.89628005027771,1.8939499855041504,1.8947099447250366,0,0.0,0.0
2026-03-03 13:00:00+00:00,1.8945599794387817,1.8970099687576294,1.8942999839782715,1.8962299823760986,0,0.0,0.0
2026-03-03 13:15:00+00:00,1.8961000442504883,1.8983399868011475,1.8955600261688232,1.8974299430847168,0,0.0,0.0
2026-03-03 13:30:00+00:00,1.8974299430847168,1.899399995803833,1.8971999883651733,1.8977899551391602,0,0.0,0.0
2026-03-03 13:45:00+00:00,1.897760033607483,1.8997199535369873,1.8967299461364746,1.8969600200653076,0,0.0,0.0
2026-03-03 14:00:00+00:00,1.8969199657440186,1.8989299535751343,1.8962600231170654,1.8984800577163696,0,0.0,0.0
2026-03-03 14:15:00+00:00,1.898710012435913,1.900629997253418,1.8981000185012817,1.9000300168991089,0,0.0,0.0
2026-03-03 14:30:00+00:00,1.9000099897384644,1.902999997138977,1.8988699913024902,1.902500033378601,0,0.0,0.0
2026-03-03 14:45:00+00:00,1.9025599956512451,1.9048700332641602,1.9017399549484253,1.9043999910354614,0,0.0,0.0
2026-03-03 15:00:00+00:00,1.904270052909851,1.9108099937438965,1.9030200242996216,1.9086500406265259,0,0.0,0.0
2026-03-03 15:15:00+00:00,1.9089399576187134,1.910159945487976,1.9029099941253662,1.903689980506897,0,0.0,0.0
2026-03-03 15:30:00+00:00,1.9037100076675415,1.9051200151443481,1.9004900455474854,1.904520034790039,0,0.0,0.0
2026-03-03 15:45:00+00:00,1.9044400453567505,1.9048199653625488,1.9007899761199951,1.9013700485229492,0,0.0,0.0
2026-03-03 16:00:00+00:00,1.9013999700546265,1.9022200107574463,1.8972899913787842,1.8979899883270264,0,0.0,0.0
2026-03-03 16:15:00+00:00,1.8980200290679932,1.8990099430084229,1.8967100381851196,1.897979974746704,0,0.0,0.0
2026-03-03 16:30:00+00:00,1.8981200456619263,1.8995800018310547,1.8970799446105957,1.8976199626922607,0,0.0,0.0
2026-03-03 16:45:00+00:00,1.8973599672317505,1.8977400064468384,1.895900011062622,1.8972599506378174,0,0.0,0.0
2026-03-03 17:00:00+00:00,1.8970400094985962,1.8973900079727173,1.8958699703216553,1.8965699672698975,0,0.0,0.0
2026-03-03 17:15:00+00:00,1.8966799974441528,1.8970799446105957,1.8947099447250366,1.8957500457763672,0,0.0,0.0
2026-03-03 17:30:00+00:00,1.895740032196045,1.8983399868011475,1.895359992980957,1.8965200185775757,0,0.0,0.0
2026-03-03 17:45:00+00:00,1.8964300155639648,1.8985400199890137,1.8961199522018433,1.897420048713684,0,0.0,0.0
2026-03-03 18:00:00+00:00,1.8975600004196167,1.8976099491119385,1.895550012588501,1.8969800472259521,0,0.0,0.0
2026-03-03 18:15:00+00:00,1.897130012512207,1.897189974784851,1.8956400156021118,1.8965599536895752,0,0.0,0.0
2026-03-03 18:30:00+00:00,1.8965599536895752,1.8969199657440186,1.8944900035858154,1.8951900005340576,0,0.0,0.0
2026-03-03 18:45:00+00:00,1.8952200412750244,1.8959100246429443,1.8945499658584595,1.8956700563430786,0,0.0,0.0
2026-03-03 19:00:00+00:00,1.8956799507141113,1.8979400396347046,1.8949799537658691,1.8974100351333618,0,0.0,0.0
2026-03-03 19:15:00+00:00,1.8974499702453613,1.897629976272583,1.89614999294281,1.8969500064849854,0,0.0,0.0
2026-03-03 19:30:00+00:00,1.8969500064849854,1.8971999883651733,1.8938299417495728,1.894070029258728,0,0.0,0.0
2026-03-03 19:45:00+00:00,1.8941600322723389,1.89683997631073,1.8935500383377075,1.8962199687957764,0,0.0,0.0
2026-03-03 20:00:00+00:00,1.8962299823760986,1.8966200351715088,1.8955999612808228,1.8961600065231323,0,0.0,0.0
2026-03-03 20:15:00+00:00,1.8961900472640991,1.8968499898910522,1.8957799673080444,1.8963199853897095,0,0.0,0.0
2026-03-03 20:30:00+00:00,1.8963199853897095,1.897420048713684,1.8953399658203125,1.8969800472259521,0,0.0,0.0
2026-03-03 20:45:00+00:00,1.8969500064849854,1.8981399536132812,1.8963799476623535,1.8969099521636963,0,0.0,0.0
2026-03-03 21:00:00+00:00,1.8968299627304077,1.8976199626922607,1.896649956703186,1.8971199989318848,0,0.0,0.0
2026-03-03 21:15:00+00:00,1.8982499837875366,1.8985099792480469,1.897819995880127,1.8982800245285034,0,0.0,0.0
2026-03-03 21:30:00+00:00,1.8983099460601807,1.8984700441360474,1.8966599702835083,1.896880030632019,0,0.0,0.0
2026-03-03 21:45:00+00:00,1.896880030632019,1.8988300561904907,1.896780014038086,1.8973699808120728,0,0.0,0.0
2026-03-03 22:00:00+00:00,1.897670030593872,1.899399995803833,1.8956999778747559,1.8967599868774414,0,0.0,0.0
2026-03-03 22:15:00+00:00,1.8975900411605835,1.8995100259780884,1.8965699672698975,1.8977999687194824,0,0.0,0.0
2026-03-03 22:30:00+00:00,1.8979500532150269,1.8989499807357788,1.8948500156402588,1.89683997631073,0,0.0,0.0
2026-03-03 22:45:00+00:00,1.8963899612426758,1.8986899852752686,1.8945200443267822,1.8965400457382202,0,0.0,0.0
2026-03-03 23:00:00+00:00,1.8966699838638306,1.8982900381088257,1.8947900533676147,1.8965400457382202,0,0.0,0.0
2026-03-03 23:15:00+00:00,1.8965400457382202,1.8977899551391602,1.8963299989700317,1.897420048713684,0,0.0,0.0
2026-03-03 23:30:00+00:00,1.8973000049591064,1.8977199792861938,1.8964200019836426,1.8968700170516968,0,0.0,0.0
2026-03-03 23:45:00+00:00,1.8966599702835083,1.8972300291061401,1.895859956741333,1.8963299989700317,0,0.0,0.0
2026-03-04 00:00:00+00:00,1.8965699672698975,1.8987799882888794,1.8963899612426758,1.8978500366210938,0,0.0,0.0
2026-03-04 00:15:00+00:00,1.8979300260543823,1.8985199928283691,1.8961800336837769,1.8963799476623535,0,0.0,0.0
2026-03-04 00:30:00+00:00,1.8969199657440186,1.9020600318908691,1.8954499959945679,1.9018299579620361,0,0.0,0.0
2026-03-04 00:45:00+00:00,1.901900053024292,1.9030499458312988,1.9005099534988403,1.900920033454895,0,0.0,0.0
2026-03-04 01:00:00+00:00,1.900979995727539,1.9015400409698486,1.8997700214385986,1.9010499715805054,0,0.0,0.0
2026-03-04 01:15:00+00:00,1.9011800289154053,1.9040299654006958,1.9008899927139282,1.9024699926376343,0,0.0,0.0
2026-03-04 01:30:00+00:00,1.9025399684906006,1.904379963874817,1.900979995727539,1.901129961013794,0,0.0,0.0
2026-03-04 01:45:00+00:00,1.901379942893982,1.9036500453948975,1.9008400440216064,1.9019399881362915,0,0.0,0.0
2026-03-04 02:00:00+00:00,1.901960015296936,1.902250051498413,1.9000400304794312,1.9014300107955933,0,0.0,0.0
2026-03-04 02:15:00+00:00,1.9013500213623047,1.9027899503707886,1.9010900259017944,1.9020099639892578,0,0.0,0.0
2026-03-04 02:30:00+00:00,1.9020099639892578,1.9026199579238892,1.9005800485610962,1.9005999565124512,0,0.0,0.0
2026-03-04 02:45:00+00:00,1.9006600379943848,1.9013999700546265,1.899340033531189,1.9013999700546265,0,0.0,0.0
2026-03-04 03:00:00+00:00,1.9012999534606934,1.9032299518585205,1.9006400108337402,1.9017599821090698,0,0.0,0.0
2026-03-04 03:15:00+00:00,1.9017399549484253,1.902940034866333,1.9010299444198608,1.9027600288391113,0,0.0,0.0
2026-03-04 03:30:00+00:00,1.9026600122451782,1.905500054359436,1.9026600122451782,1.9038200378417969,0,0.0,0.0
2026-03-04 03:45:00+00:00,1.9037599563598633,1.9045300483703613,1.902690052986145,1.9033199548721313,0,0.0,0.0
2026-03-04 04:00:00+00:00,1.9033000469207764,1.9034700393676758,1.9015799760818481,1.9022400379180908,0,0.0,0.0
2026-03-04 04:15:00+00:00,1.9022599458694458,1.9046000242233276,1.9021600484848022,1.90447998046875,0,0.0,0.0
2026-03-04 04:30:00+00:00,1.9044599533081055,1.9055700302124023,1.903309941291809,1.9042600393295288,0,0.0,0.0
2026-03-04 04:45:00+00:00,1.9041500091552734,1.9057199954986572,1.9028600454330444,1.9035300016403198,0,0.0,0.0
2026-03-04 05:00:00+00:00,1.9034299850463867,1.9038499593734741,1.9015599489212036,1.902519941329956,0,0.0,0.0
2026-03-04 05:15:00+00:00,1.902519941329956,1.903540015220642,1.9013299942016602,1.9021799564361572,0,0.0,0.0
2026-03-04 05:30:00+00:00,1.9022200107574463,1.902690052986145,1.900689959526062,1.9015799760818481,0,0.0,0.0
2026-03-04 05:45:00+00:00,1.90146005153656,1.9026999473571777,1.9007600545883179,1.9023300409317017,0,0.0,0.0
2026-03-04 06:00:00+00:00,1.9022400379180908,1.9029799699783325,1.90146005153656,1.9015899896621704,0,0.0,0.0
2026-03-04 06:15:00+00:00,1.9016499519348145,1.9021300077438354,1.8996399641036987,1.8998099565505981,0,0.0,0.0
2026-03-04 06:30:00+00:00,1.8998099565505981,1.9001100063323975,1.8987200260162354,1.8996700048446655,0,0.0,0.0
2026-03-04 06:45:00+00:00,1.8997100591659546,1.9004499912261963,1.8988800048828125,1.8991700410842896,0,0.0,0.0
2026-03-04 07:00:00+00:00,1.8990099430084229,1.8996299505233765,1.8978999853134155,1.8987300395965576,0,0.0,0.0
2026-03-04 07:15:00+00:00,1.8986799716949463,1.8998899459838867,1.8981000185012817,1.8993300199508667,0,0.0,0.0
2026-03-04 07:30:00+00:00,1.8993300199508667,1.9016300439834595,1.8981300592422485,1.898669958114624,0,0.0,0.0
2026-03-04 07:45:00+00:00,1.8987599611282349,1.9002000093460083,1.8975900411605835,1.9001699686050415,0,0.0,0.0
2026-03-04 08:00:00+00:00,1.900130033493042,1.9018199443817139,1.899749994277954,1.899940013885498,0,0.0,0.0
2026-03-04 08:15:00+00:00,1.899940013885498,1.9012900590896606,1.8984400033950806,1.8999799489974976,0,0.0,0.0
2026-03-04 08:30:00+00:00,1.9000500440597534,1.900320053100586,1.898710012435913,1.899209976196289,0,0.0,0.0
2026-03-04 08:45:00+00:00,1.899209976196289,1.9010499715805054,1.8975900411605835,1.8998899459838867,0,0.0,0.0
2026-03-04 09:00:00+00:00,1.8998600244522095,1.9022400379180908,1.899549961090088,1.9014999866485596,0,0.0,0.0
2026-03-04 09:15:00+00:00,1.9013700485229492,1.901769995689392,1.8996299505233765,1.8998099565505981,0,0.0,0.0
2026-03-04 09:30:00+00:00,1.8997000455856323,1.9002900123596191,1.8990600109100342,1.8993799686431885,0,0.0,0.0
2026-03-04 09:45:00+00:00,1.8993899822235107,1.8997199535369873,1.897629976272583,1.8980000019073486,0,0.0,0.0
2026-03-04 10:00:00+00:00,1.898010015487671,1.8985799551010132,1.8935600519180298,1.8941600322723389,0,0.0,0.0
2026-03-04 10:15:00+00:00,1.8944499492645264,1.8981200456619263,1.8939299583435059,1.898110032081604,0,0.0,0.0
2026-03-04 10:30:00+00:00,1.8979699611663818,1.8990299701690674,1.8974900245666504,1.898229956626892,0,0.0,0.0
2026-03-04 10:45:00+00:00,1.8982499837875366,1.899090051651001,1.8978500366210938,1.898569941520691,0,0.0,0.0
2026-03-04 11:00:00+00:00,1.898550033569336,1.8988200426101685,1.8970600366592407,1.8980799913406372,0,0.0,0.0
2026-03-04 11:15:00+00:00,1.8980400562286377,1.8996000289916992,1.8980000019073486,1.8989399671554565,0,0.0,0.0
2026-03-04 11:30:00+00:00,1.8991199731826782,1.899209976196289,1.896720051765442,1.897760033607483,0,0.0,0.0
2026-03-04 11:45:00+00:00,1.8977899551391602,1.8980400562286377,1.8963799476623535,1.8976000547409058,0,0.0,0.0
2026-03-04 12:00:00+00:00,1.8975900411605835,1.897629976272583,1.894760012626648,1.8949700593948364,0,0.0,0.0
2026-03-04 12:15:00+00:00,1.8949700593948364,1.8978699445724487,1.8948700428009033,1.8977199792861938,0,0.0,0.0
2026-03-04 12:30:00+00:00,1.897670030593872,1.8989399671554565,1.8957600593566895,1.8961399793624878,0,0.0,0.0
2026-03-04 12:45:00+00:00,1.8961100578308105,1.89683997631073,1.8946800231933594,1.8957099914550781,0,0.0,0.0
2026-03-04 13:00:00+00:00,1.8957699537277222,1.8959499597549438,1.8927600383758545,1.894569993019104,0,0.0,0.0
2026-03-04 13:15:00+00:00,1.8946900367736816,1.895840048789978,1.8944000005722046,1.8951400518417358,0,0.0,0.0
2026-03-04 13:30:00+00:00,1.8950999975204468,1.8959399461746216,1.8948099613189697,1.8951499462127686,0,0.0,0.0
2026-03-04 13:45:00+00:00,1.8951599597930908,1.8963899612426758,1.8938299417495728,1.8939800262451172,0,0.0,0.0
2026-03-04 14:00:00+00:00,1.8940199613571167,1.8966799974441528,1.8933199644088745,1.8964799642562866,0,0.0,0.0
2026-03-04 14:15:00+00:00,1.896440029144287,1.8975000381469727,1.8958699703216553,1.897189974784851,0,0.0,0.0
2026-03-04 14:30:00+00:00,1.897089958190918,1.899209976196289,1.8962299823760986,1.8974900245666504,0,0.0,0.0
2026-03-04 14:45:00+00:00,1.897570013999939,1.8981900215148926,1.895550012588501,1.8963500261306763,0,0.0,0.0
2026-03-04 15:00:00+00:00,1.8957799673080444,1.896340012550354,1.8939800262451172,1.8956199884414673,0,0.0,0.0
2026-03-04 15:15:00+00:00,1.8956199884414673,1.895859956741333,1.8919600248336792,1.8920999765396118,0,0.0,0.0
2026-03-04 15:30:00+00:00,1.8919899463653564,1.8945900201797485,1.8919199705123901,1.8945000171661377,0,0.0,0.0
2026-03-04 15:45:00+00:00,1.8944900035858154,1.8952900171279907,1.8894799947738647,1.8899400234222412,0,0.0,0.0
2026-03-04 16:00:00+00:00,1.8899099826812744,1.8918499946594238,1.8894699811935425,1.891510009765625,0,0.0,0.0
2026-03-04 16:15:00+00:00,1.8915400505065918,1.8917700052261353,1.8903100490570068,1.890570044517517,0,0.0,0.0
2026-03-04 16:30:00+00:00,1.8906500339508057,1.8916599750518799,1.8904199600219727,1.8906699419021606,0,0.0,0.0
2026-03-04 16:45:00+00:00,1.8906400203704834,1.8910200595855713,1.8896199464797974,1.8904000520706177,0,0.0,0.0
2026-03-04 17:00:00+00:00,1.8904000520706177,1.8906999826431274,1.8885300159454346,1.8888200521469116,0,0.0,0.0
2026-03-04 17:15:00+00:00,1.888800024986267,1.8898099660873413,1.8884799480438232,1.8894599676132202,0,0.0,0.0
2026-03-04 17:30:00+00:00,1.889449954032898,1.8909800052642822,1.8892600536346436,1.8906099796295166,0,0.0,0.0
2026-03-04 17:45:00+00:00,1.8906099796295166,1.8906999826431274,1.8891600370407104,1.8894399404525757,0,0.0,0.0
2026-03-04 18:00:00+00:00,1.8894200325012207,1.8902299404144287,1.8892899751663208,1.890179991722107,0,0.0,0.0
2026-03-04 18:15:00+00:00,1.890179991722107,1.8906199932098389,1.8896000385284424,1.889799952507019,0,0.0,0.0
2026-03-04 18:30:00+00:00,1.8897299766540527,1.889780044555664,1.8879899978637695,1.8881100416183472,0,0.0,0.0
2026-03-04 18:45:00+00:00,1.888069987297058,1.8882800340652466,1.8872699737548828,1.8880800008773804,0,0.0,0.0
2026-03-04 19:00:00+00:00,1.888219952583313,1.8883099555969238,1.8872300386428833,1.8873200416564941,0,0.0,0.0
2026-03-04 19:15:00+00:00,1.8873599767684937,1.8877899646759033,1.8868399858474731,1.887619972229004,0,0.0,0.0
2026-03-04 19:30:00+00:00,1.8875999450683594,1.8876299858093262,1.8868299722671509,1.8871699571609497,0,0.0,0.0
2026-03-04 19:45:00+00:00,1.8871699571609497,1.8886899948120117,1.8870600461959839,1.8881900310516357,0,0.0,0.0
2026-03-04 20:00:00+00:00,1.888219952583313,1.8896199464797974,1.8879499435424805,1.8894000053405762,0,0.0,0.0
2026-03-04 20:15:00+00:00,1.8892799615859985,1.889780044555664,1.8891500234603882,1.889359951019287,0,0.0,0.0
2026-03-04 20:30:00+00:00,1.889359951019287,1.8898899555206299,1.8890299797058105,1.8895100355148315,0,0.0,0.0
2026-03-04 20:45:00+00:00,1.8894799947738647,1.8904800415039062,1.8893400430679321,1.8897199630737305,0,0.0,0.0
2026-03-04 21:00:00+00:00,1.889739990234375,1.8899600505828857,1.8889000415802002,1.8891199827194214,0,0.0,0.0
2026-03-04 21:15:00+00:00,1.8891099691390991,1.8896600008010864,1.8890199661254883,1.8892699480056763,0,0.0,0.0
2026-03-04 21:30:00+00:00,1.8892699480056763,1.8897000551223755,1.8888100385665894,1.8893500566482544,0,0.0,0.0
2026-03-04 21:45:00+00:00,1.8893100023269653,1.8900799751281738,1.8880300521850586,1.8899699449539185,0,0.0,0.0
2026-03-04 22:00:00+00:00,1.8889600038528442,1.8902100324630737,1.8870699405670166,1.8889100551605225,0,0.0,0.0
2026-03-04 22:15:00+00:00,1.8888800144195557,1.8904199600219727,1.8868800401687622,1.887850046157837,0,0.0,0.0
2026-03-04 22:30:00+00:00,1.889009952545166,1.8902299404144287,1.8871699571609497,1.889490008354187,0,0.0,0.0
2026-03-04 22:45:00+00:00,1.8895299434661865,1.8903499841690063,1.8882999420166016,1.8895299434661865,0,0.0,0.0
2026-03-04 23:00:00+00:00,1.8890999555587769,1.8898600339889526,1.8872599601745605,1.8887300491333008,0,0.0,0.0
2026-03-04 23:15:00+00:00,1.8887100219726562,1.8893300294876099,1.888069987297058,1.8890899419784546,0,0.0,0.0
2026-03-04 23:30:00+00:00,1.8889199495315552,1.8895399570465088,1.8888599872589111,1.8889399766921997,0,0.0,0.0
2026-03-04 23:45:00+00:00,1.8889399766921997,1.8897299766540527,1.8886200189590454,1.8891899585723877,0,0.0,0.0
2026-03-05 00:00:00+00:00,1.8894399404525757,1.8901499509811401,1.8884600400924683,1.8884700536727905,0,0.0,0.0
2026-03-05 00:15:00+00:00,1.8884899616241455,1.8886100053787231,1.8878099918365479,1.888069987297058,0,0.0,0.0
2026-03-05 00:30:00+00:00,1.8880200386047363,1.8890700340270996,1.8880200386047363,1.8886300325393677,0,0.0,0.0
2026-03-05 00:45:00+00:00,1.8886300325393677,1.8898199796676636,1.8886300325393677,1.8890899419784546,0,0.0,0.0
2026-03-05 01:00:00+00:00,1.8892300128936768,1.8899799585342407,1.8883600234985352,1.8885999917984009,0,0.0,0.0
2026-03-05 01:15:00+00:00,1.8887799978256226,1.8893300294876099,1.8877300024032593,1.8889700174331665,0,0.0,0.0
2026-03-05 01:30:00+00:00,1.8891099691390991,1.8913700580596924,1.8886499404907227,1.8909300565719604,0,0.0,0.0
2026-03-05 01:45:00+00:00,1.8908300399780273,1.8924700021743774,1.8897600173950195,1.891890048980713,0,0.0,0.0
2026-03-05 02:00:00+00:00,1.8918299674987793,1.892449975013733,1.8904199600219727,1.8907099962234497,0,0.0,0.0
2026-03-05 02:15:00+00:00,1.890660047531128,1.8923300504684448,1.890339970588684,1.8914200067520142,0,0.0,0.0
2026-03-05 02:30:00+00:00,1.8914799690246582,1.8918499946594238,1.890220046043396,1.890529990196228,0,0.0,0.0
2026-03-05 02:45:00+00:00,1.8905600309371948,1.8909200429916382,1.889780044555664,1.8898500204086304,0,0.0,0.0
2026-03-05 03:00:00+00:00,1.8898500204086304,1.8903100490570068,1.8889800310134888,1.8900599479675293,0,0.0,0.0
2026-03-05 03:15:00+00:00,1.8899799585342407,1.8914599418640137,1.8893200159072876,1.890820026397705,0,0.0,0.0
2026-03-05 03:30:00+00:00,1.890720009803772,1.8919700384140015,1.8907099962234497,1.8915799856185913,0,0.0,0.0
2026-03-05 03:45:00+00:00,1.8915599584579468,1.8920799493789673,1.8907899856567383,1.8916499614715576,0,0.0,0.0
2026-03-05 04:00:00+00:00,1.8915499448776245,1.8921899795532227,1.8906899690628052,1.8916300535202026,0,0.0,0.0
2026-03-05 04:15:00+00:00,1.8916200399398804,1.8917100429534912,1.8899500370025635,1.8900500535964966,0,0.0,0.0
2026-03-05 04:30:00+00:00,1.8901300430297852,1.890470027923584,1.8892600536346436,1.8899199962615967,0,0.0,0.0
2026-03-05 04:45:00+00:00,1.8900500535964966,1.8910900354385376,1.8895100355148315,1.890570044517517,0,0.0,0.0
2026-03-05 05:00:00+00:00,1.8906400203704834,1.8911199569702148,1.8900400400161743,1.8902000188827515,0,0.0,0.0
2026-03-05 05:15:00+00:00,1.8902900218963623,1.8913700580596924,1.8901599645614624,1.8907699584960938,0,0.0,0.0
2026-03-05 05:30:00+00:00,1.8909200429916382,1.8915200233459473,1.8905500173568726,1.891010046005249,0,0.0,0.0
2026-03-05 05:45:00+00:00,1.8910000324249268,1.8915300369262695,1.8906199932098389,1.8912400007247925,0,0.0,0.0
2026-03-05 06:00:00+00:00,1.891160011291504,1.8924800157546997,1.8908599615097046,1.8921600580215454,0,0.0,0.0
2026-03-05 06:15:00+00:00,1.8922899961471558,1.8936200141906738,1.8920400142669678,1.893090009689331,0,0.0,0.0
2026-03-05 06:30:00+00:00,1.8933199644088745,1.8942899703979492,1.8927199840545654,1.8937400579452515,0,0.0,0.0
2026-03-05 06:45:00+00:00,1.8937499523162842,1.8941600322723389,1.890679955482483,1.8916599750518799,0,0.0,0.0
2026-03-05 07:00:00+00:00,1.891700029373169,1.8936400413513184,1.8913300037384033,1.8935999870300293,0,0.0,0.0
2026-03-05 07:15:00+00:00,1.8935500383377075,1.8941999673843384,1.8929100036621094,1.8938699960708618,0,0.0,0.0
2026-03-05 07:30:00+00:00,1.8938000202178955,1.8962700366973877,1.8936599493026733,1.8962299823760986,0,0.0,0.0
2026-03-05 07:45:00+00:00,1.8960599899291992,1.8971099853515625,1.8957500457763672,1.8963799476623535,0,0.0,0.0
2026-03-05 08:00:00+00:00,1.8962700366973877,1.8983800411224365,1.8960000276565552,1.8983800411224365,0,0.0,0.0
2026-03-05 08:15:00+00:00,1.8983299732208252,1.8991199731826782,1.8975199460983276,1.8989700078964233,0,0.0,0.0
2026-03-05 08:30:00+00:00,1.8990000486373901,1.8991999626159668,1.8969000577926636,1.8969899415969849,0,0.0,0.0
2026-03-05 08:45:00+00:00,1.8968900442123413,1.897510051727295,1.8951900005340576,1.8953100442886353,0,0.0,0.0
2026-03-05 09:00:00+00:00,1.8952499628067017,1.8958100080490112,1.8907599449157715,1.8922300338745117,0,0.0,0.0
2026-03-05 09:15:00+00:00,1.8921899795532227,1.8946199417114258,1.8919999599456787,1.894469976425171,0,0.0,0.0
2026-03-05 09:30:00+00:00,1.8943899869918823,1.8961999416351318,1.8940800428390503,1.8949400186538696,0,0.0,0.0
2026-03-05 09:45:00+00:00,1.8947499990463257,1.8961100578308105,1.8946800231933594,1.8955299854278564,0,0.0,0.0
2026-03-05 10:00:00+00:00,1.8955600261688232,1.8960700035095215,1.894610047340393,1.8951799869537354,0,0.0,0.0
2026-03-05 10:15:00+00:00,1.8951799869537354,1.8960000276565552,1.894320011138916,1.894950032234192,0,0.0,0.0
2026-03-05 10:30:00+00:00,1.8948500156402588,1.8951300382614136,1.8928200006484985,1.8933900594711304,0,0.0,0.0
2026-03-05 10:45:00+00:00,1.8933900594711304,1.894610047340393,1.893049955368042,1.8944499492645264,0,0.0,0.0
2026-03-05 11:00:00+00:00,1.8944499492645264,1.8948500156402588,1.8921799659729004,1.8927199840545654,0,0.0,0.0
2026-03-05 11:15:00+00:00,1.8927199840545654,1.894129991531372,1.8926600217819214,1.8937100172042847,0,0.0,0.0
2026-03-05 11:30:00+00:00,1.8937100172042847,1.8949700593948364,1.893470048904419,1.8946599960327148,0,0.0,0.0
2026-03-05 11:45:00+00:00,1.8946000337600708,1.8953800201416016,1.894029974937439,1.8948800563812256,0,0.0,0.0
2026-03-05 12:00:00+00:00,1.8949600458145142,1.896209955215454,1.8945200443267822,1.8950799703598022,0,0.0,0.0
2026-03-05 12:15:00+00:00,1.89506995677948,1.8954099416732788,1.8939499855041504,1.8944200277328491,0,0.0,0.0
2026-03-05 12:30:00+00:00,1.8944200277328491,1.8964799642562866,1.8940199613571167,1.8962500095367432,0,0.0,0.0
2026-03-05 12:45:00+00:00,1.8963099718093872,1.896530032157898,1.8956199884414673,1.8958200216293335,0,0.0,0.0
2026-03-05 13:00:00+00:00,1.8957600593566895,1.8967900276184082,1.8956899642944336,1.896049976348877,0,0.0,0.0
2026-03-05 13:15:00+00:00,1.896090030670166,1.8978099822998047,1.8957300186157227,1.8963600397109985,0,0.0,0.0
2026-03-05 13:30:00+00:00,1.8965599536895752,1.8998199701309204,1.895009994506836,1.8993300199508667,0,0.0,0.0
2026-03-05 13:45:00+00:00,1.8993099927902222,1.8996299505233765,1.8972899913787842,1.8983999490737915,0,0.0,0.0
2026-03-05 14:00:00+00:00,1.8983700275421143,1.8996200561523438,1.8979599475860596,1.8991199731826782,0,0.0,0.0
2026-03-05 14:15:00+00:00,1.8991199731826782,1.8999700546264648,1.8983399868011475,1.8996399641036987,0,0.0,0.0
2026-03-05 14:30:00+00:00,1.899549961090088,1.9004100561141968,1.8980400562286377,1.9001599550247192,0,0.0,0.0
2026-03-05 14:45:00+00:00,1.9001200199127197,1.900439977645874,1.895650029182434,1.8961700201034546,0,0.0,0.0
2026-03-05 15:00:00+00:00,1.89614999294281,1.898069977760315,1.8948400020599365,1.8972200155258179,0,0.0,0.0
2026-03-05 15:15:00+00:00,1.897070050239563,1.9002100229263306,1.8969000577926636,1.89969003200531,0,0.0,0.0
2026-03-05 15:30:00+00:00,1.8996399641036987,1.9016300439834595,1.8995399475097656,1.9002100229263306,0,0.0,0.0
2026-03-05 15:45:00+00:00,1.9002599716186523,1.900589942932129,1.8985999822616577,1.8996200561523438,0,0.0,0.0
2026-03-05 16:00:00+00:00,1.899549961090088,1.9039900302886963,1.8993099927902222,1.9026600122451782,0,0.0,0.0
2026-03-05 16:15:00+00:00,1.9026600122451782,1.9046800136566162,1.9022599458694458,1.9033199548721313,0,0.0,0.0
2026-03-05 16:30:00+00:00,1.903290033340454,1.9035300016403198,1.9010800123214722,1.901520013809204,0,0.0,0.0
2026-03-05 16:45:00+00:00,1.9014500379562378,1.9020500183105469,1.9004900455474854,1.9015799760818481,0,0.0,0.0
2026-03-05 17:00:00+00:00,1.901520013809204,1.902649998664856,1.9007699489593506,1.902359962463379,0,0.0,0.0
2026-03-05 17:15:00+00:00,1.9024800062179565,1.9055800437927246,1.9021999835968018,1.90556001663208,0,0.0,0.0
2026-03-05 17:30:00+00:00,1.9055999517440796,1.9075299501419067,1.9052300453186035,1.9072799682617188,0,0.0,0.0
2026-03-05 17:45:00+00:00,1.9072599411010742,1.9092799425125122,1.9072200059890747,1.9084199666976929,0,0.0,0.0
2026-03-05 18:00:00+00:00,1.9084500074386597,1.9088799953460693,1.9069199562072754,1.907189965248108,0,0.0,0.0
2026-03-05 18:15:00+00:00,1.9072599411010742,1.9094300270080566,1.906980037689209,1.909019947052002,0,0.0,0.0
2026-03-05 18:30:00+00:00,1.909060001373291,1.909309983253479,1.907420039176941,1.9075900316238403,0,0.0,0.0
2026-03-05 18:45:00+00:00,1.9076199531555176,1.9083499908447266,1.9072699546813965,1.9076000452041626,0,0.0,0.0
2026-03-05 19:00:00+00:00,1.9076299667358398,1.9079400300979614,1.9068800210952759,1.9071799516677856,0,0.0,0.0
2026-03-05 19:15:00+00:00,1.9071799516677856,1.9086500406265259,1.907080054283142,1.9086099863052368,0,0.0,0.0
2026-03-05 19:30:00+00:00,1.9085500240325928,1.9097199440002441,1.9079999923706055,1.9082000255584717,0,0.0,0.0
2026-03-05 19:45:00+00:00,1.9081499576568604,1.908560037612915,1.907580018043518,1.9077600240707397,0,0.0,0.0
2026-03-05 20:00:00+00:00,1.9076800346374512,1.9087799787521362,1.9065300226211548,1.907979965209961,0,0.0,0.0
2026-03-05 20:15:00+00:00,1.90802001953125,1.9080400466918945,1.905310034751892,1.9067200422286987,0,0.0,0.0
2026-03-05 20:30:00+00:00,1.906730055809021,1.9070700407028198,1.9052000045776367,1.9056799411773682,0,0.0,0.0
2026-03-05 20:45:00+00:00,1.9056799411773682,1.9061000347137451,1.9044699668884277,1.904960036277771,0,0.0,0.0
2026-03-05 21:00:00+00:00,1.904960036277771,1.9060200452804565,1.904829978942871,1.9056299924850464,0,0.0,0.0
2026-03-05 21:15:00+00:00,1.9056799411773682,1.905769944190979,1.9048800468444824,1.9052499532699585,0,0.0,0.0
2026-03-05 21:30:00+00:00,1.9051100015640259,1.9061199426651,1.9048700332641602,1.905869960784912,0,0.0,0.0
2026-03-05 21:45:00+00:00,1.9059200286865234,1.9062700271606445,1.9041099548339844,1.9041500091552734,0,0.0,0.0
2026-03-05 22:00:00+00:00,1.9052799940109253,1.9052799940109253,1.9013500213623047,1.9034299850463867,0,0.0,0.0
2026-03-05 22:15:00+00:00,1.9031399488449097,1.9061299562454224,1.9031399488449097,1.904189944267273,0,0.0,0.0
2026-03-05 22:30:00+00:00,1.9036799669265747,1.9052400588989258,1.9020999670028687,1.9021400213241577,0,0.0,0.0
2026-03-05 22:45:00+00:00,1.9041500091552734,1.9054100513458252,1.9017200469970703,1.9040499925613403,0,0.0,0.0
2026-03-05 23:00:00+00:00,1.903439998626709,1.9056199789047241,1.9028700590133667,1.9042199850082397,0,0.0,0.0
2026-03-05 23:15:00+00:00,1.9042600393295288,1.9048399925231934,1.9038599729537964,1.9046599864959717,0,0.0,0.0
2026-03-05 23:30:00+00:00,1.9045300483703613,1.905150055885315,1.904189944267273,1.9048899412155151,0,0.0,0.0
2026-03-05 23:45:00+00:00,1.9048899412155151,1.9054399728775024,1.904670000076294,1.9050500392913818,0,0.0,0.0
2026-03-06 00:00:00+00:00,1.9050899744033813,1.9056899547576904,1.903730034828186,1.9038300514221191,0,0.0,0.0
2026-03-06 00:15:00+00:00,1.9038300514221191,1.9043400287628174,1.9026299715042114,1.9028500318527222,0,0.0,0.0
2026-03-06 00:30:00+00:00,1.9028500318527222,1.903290033340454,1.9026600122451782,1.9031399488449097,0,0.0,0.0
2026-03-06 00:45:00+00:00,1.9030699729919434,1.9032599925994873,1.9021899700164795,1.9026199579238892,0,0.0,0.0
2026-03-06 01:00:00+00:00,1.9027800559997559,1.903290033340454,1.9016000032424927,1.9016300439834595,0,0.0,0.0
2026-03-06 01:15:00+00:00,1.9016200304031372,1.9025599956512451,1.9014500379562378,1.902109980583191,0,0.0,0.0
2026-03-06 01:30:00+00:00,1.9019399881362915,1.9026199579238892,1.9008500576019287,1.9015799760818481,0,0.0,0.0
2026-03-06 01:45:00+00:00,1.9015300273895264,1.901960015296936,1.9003100395202637,1.9005999565124512,0,0.0,0.0
2026-03-06 02:00:00+00:00,1.9006400108337402,1.9007999897003174,1.899440050125122,1.899839997291565,0,0.0,0.0
2026-03-06 02:15:00+00:00,1.8998600244522095,1.9002699851989746,1.8992899656295776,1.8994200229644775,0,0.0,0.0
2026-03-06 02:30:00+00:00,1.899530053138733,1.899940013885498,1.8988399505615234,1.8990000486373901,0,0.0,0.0
2026-03-06 02:45:00+00:00,1.8990000486373901,1.8998199701309204,1.8987799882888794,1.8996000289916992,0,0.0,0.0
2026-03-06 03:00:00+00:00,1.8994799852371216,1.8996100425720215,1.898710012435913,1.8990000486373901,0,0.0,0.0
2026-03-06 03:15:00+00:00,1.8990999460220337,1.8995000123977661,1.8988699913024902,1.8990999460220337,0,0.0,0.0
2026-03-06 03:30:00+00:00,1.8990999460220337,1.8999799489974976,1.898900032043457,1.8992999792099,0,0.0,0.0
2026-03-06 03:45:00+00:00,1.8992999792099,1.899839997291565,1.8989499807357788,1.8995100259780884,0,0.0,0.0
2026-03-06 04:00:00+00:00,1.8994699716567993,1.8999199867248535,1.8991400003433228,1.8993500471115112,0,0.0,0.0
2026-03-06 04:15:00+00:00,1.8993799686431885,1.9000400304794312,1.8993200063705444,1.8998299837112427,0,0.0,0.0
2026-03-06 04:30:00+00:00,1.8997399806976318,1.900570034980774,1.8995200395584106,1.9000400304794312,0,0.0,0.0
2026-03-06 04:45:00+00:00,1.8999600410461426,1.9012099504470825,1.8998700380325317,1.9010100364685059,0,0.0,0.0
2026-03-06 05:00:00+00:00,1.9008899927139282,1.9012600183486938,1.8997299671173096,1.8998099565505981,0,0.0,0.0
2026-03-06 05:15:00+00:00,1.8997700214385986,1.9001699686050415,1.8993799686431885,1.8994200229644775,0,0.0,0.0
2026-03-06 05:30:00+00:00,1.8994699716567993,1.9000099897384644,1.8987900018692017,1.8990700244903564,0,0.0,0.0
2026-03-06 05:45:00+00:00,1.8990700244903564,1.9003000259399414,1.898959994316101,1.9000999927520752,0,0.0,0.0
2026-03-06 06:00:00+00:00,1.899999976158142,1.900149941444397,1.8982499837875366,1.8992999792099,0,0.0,0.0
2026-03-06 06:15:00+00:00,1.8992999792099,1.8997600078582764,1.8985099792480469,1.8994200229644775,0,0.0,0.0
2026-03-06 06:30:00+00:00,1.8993099927902222,1.8996000289916992,1.8986400365829468,1.8990199565887451,0,0.0,0.0
2026-03-06 06:45:00+00:00,1.8989700078964233,1.8992500305175781,1.8984099626541138,1.8991899490356445,0,0.0,0.0
2026-03-06 07:00:00+00:00,1.8991299867630005,1.8994499444961548,1.898460030555725,1.8986599445343018,0,0.0,0.0
2026-03-06 07:15:00+00:00,1.8985400199890137,1.8988200426101685,1.8969000577926636,1.8981900215148926,0,0.0,0.0
2026-03-06 07:30:00+00:00,1.898210048675537,1.8983399868011475,1.8969800472259521,1.8973900079727173,0,0.0,0.0
2026-03-06 07:45:00+00:00,1.8974299430847168,1.8979899883270264,1.8972100019454956,1.8978699445724487,0,0.0,0.0
2026-03-06 08:00:00+00:00,1.8979099988937378,1.8990700244903564,1.8977199792861938,1.898569941520691,0,0.0,0.0
2026-03-06 08:15:00+00:00,1.8985199928283691,1.9004299640655518,1.897379994392395,1.9004199504852295,0,0.0,0.0
2026-03-06 08:30:00+00:00,1.900320053100586,1.9005999565124512,1.8994499444961548,1.9000799655914307,0,0.0,0.0
2026-03-06 08:45:00+00:00,1.899999976158142,1.900439977645874,1.898319959640503,1.8985799551010132,0,0.0,0.0
2026-03-06 09:00:00+00:00,1.8986300230026245,1.8999700546264648,1.8983299732208252,1.8993799686431885,0,0.0,0.0
2026-03-06 09:15:00+00:00,1.8993899822235107,1.901170015335083,1.8992199897766113,1.9009900093078613,0,0.0,0.0
2026-03-06 09:30:00+00:00,1.9010599851608276,1.9018000364303589,1.9001400470733643,1.9010299444198608,0,0.0,0.0
2026-03-06 09:45:00+00:00,1.9010499715805054,1.9037699699401855,1.90093994140625,1.9033700227737427,0,0.0,0.0
2026-03-06 10:00:00+00:00,1.9034500122070312,1.9038699865341187,1.9018499851226807,1.9037400484085083,0,0.0,0.0
2026-03-06 10:15:00+00:00,1.9037400484085083,1.9040700197219849,1.9020299911499023,1.9030699729919434,0,0.0,0.0
2026-03-06 10:30:00+00:00,1.9030699729919434,1.9035899639129639,1.9020400047302246,1.9025399684906006,0,0.0,0.0
2026-03-06 10:45:00+00:00,1.902590036392212,1.9030699729919434,1.9020700454711914,1.9030499458312988,0,0.0,0.0
2026-03-06 11:00:00+00:00,1.9029699563980103,1.9030400514602661,1.901550054550171,1.901960015296936,0,0.0,0.0
2026-03-06 11:15:00+00:00,1.9019800424575806,1.9025700092315674,1.901360034942627,1.9023300409317017,0,0.0,0.0
2026-03-06 11:30:00+00:00,1.902250051498413,1.9044599533081055,1.9021300077438354,1.9043699502944946,0,0.0,0.0
2026-03-06 11:45:00+00:00,1.9043300151824951,1.905460000038147,1.903149962425232,1.904379963874817,0,0.0,0.0
2026-03-06 12:00:00+00:00,1.904360055923462,1.905269980430603,1.9027400016784668,1.9029799699783325,0,0.0,0.0
2026-03-06 12:15:00+00:00,1.9029300212860107,1.903309941291809,1.9017800092697144,1.9023000001907349,0,0.0,0.0
2026-03-06 12:30:00+00:00,1.9024499654769897,1.9035300016403198,1.9023000001907349,1.9032100439071655,0,0.0,0.0
2026-03-06 12:45:00+00:00,1.9032000303268433,1.9045599699020386,1.9026800394058228,1.9034700393676758,0,0.0,0.0
2026-03-06 13:00:00+00:00,1.9035300016403198,1.9042600393295288,1.902959942817688,1.9041500091552734,0,0.0,0.0
2026-03-06 13:15:00+00:00,1.9042099714279175,1.906690001487732,1.9039599895477295,1.9050699472427368,0,0.0,0.0
2026-03-06 13:30:00+00:00,1.90516996383667,1.9088300466537476,1.9029899835586548,1.9067800045013428,0,0.0,0.0
2026-03-06 13:45:00+00:00,1.9067599773406982,1.911080002784729,1.9066799879074097,1.909749984741211,0,0.0,0.0
2026-03-06 14:00:00+00:00,1.9098000526428223,1.9103200435638428,1.907729983329773,1.909119963645935,0,0.0,0.0
2026-03-06 14:15:00+00:00,1.909060001373291,1.909600019454956,1.9078099727630615,1.9081100225448608,0,0.0,0.0
2026-03-06 14:30:00+00:00,1.9081100225448608,1.9112399816513062,1.9075299501419067,1.910390019416809,0,0.0,0.0
2026-03-06 14:45:00+00:00,1.9104199409484863,1.9114099740982056,1.9076299667358398,1.9083499908447266,0,0.0,0.0
2026-03-06 15:00:00+00:00,1.9083499908447266,1.9084099531173706,1.905419945716858,1.905869960784912,0,0.0,0.0
2026-03-06 15:15:00+00:00,1.9057899713516235,1.9063899517059326,1.9041999578475952,1.904979944229126,0,0.0,0.0
2026-03-06 15:30:00+00:00,1.9049899578094482,1.9053900241851807,1.9036799669265747,1.9049099683761597,0,0.0,0.0
2026-03-06 15:45:00+00:00,1.9049700498580933,1.9074599742889404,1.9048199653625488,1.9071500301361084,0,0.0,0.0
2026-03-06 16:00:00+00:00,1.9071500301361084,1.909190058708191,1.906999945640564,1.9087300300598145,0,0.0,0.0
2026-03-06 16:15:00+00:00,1.9087400436401367,1.9091500043869019,1.9076499938964844,1.9085500240325928,0,0.0,0.0
2026-03-06 16:30:00+00:00,1.9085299968719482,1.9091099500656128,1.9075100421905518,1.9083399772644043,0,0.0,0.0
2026-03-06 16:45:00+00:00,1.9083600044250488,1.908460021018982,1.9072200059890747,1.9078099727630615,0,0.0,0.0
2026-03-06 17:00:00+00:00,1.9078500270843506,1.9093400239944458,1.9074699878692627,1.9087400436401367,0,0.0,0.0
2026-03-06 17:15:00+00:00,1.9087400436401367,1.909119963645935,1.9078400135040283,1.908560037612915,0,0.0,0.0
2026-03-06 17:30:00+00:00,1.9085299968719482,1.9100199937820435,1.907770037651062,1.9096699953079224,0,0.0,0.0
2026-03-06 17:45:00+00:00,1.9096399545669556,1.909809947013855,1.9086699485778809,1.9095100164413452,0,0.0,0.0
2026-03-06 18:00:00+00:00,1.9095200300216675,1.9098299741744995,1.9067599773406982,1.9068100452423096,0,0.0,0.0
2026-03-06 18:15:00+00:00,1.9068100452423096,1.9076000452041626,1.9053000211715698,1.9061700105667114,0,0.0,0.0
2026-03-06 18:30:00+00:00,1.9061700105667114,1.90693998336792,1.9057199954986572,1.9063700437545776,0,0.0,0.0
2026-03-06 18:45:00+00:00,1.9064600467681885,1.9070600271224976,1.906149983406067,1.9068900346755981,0,0.0,0.0
2026-03-06 19:00:00+00:00,1.9069000482559204,1.9074300527572632,1.906350016593933,1.9064300060272217,0,0.0,0.0
2026-03-06 19:15:00+00:00,1.9064600467681885,1.9073799848556519,1.906209945678711,1.9064500331878662,0,0.0,0.0
2026-03-06 19:30:00+00:00,1.9064600467681885,1.9066699743270874,1.9055399894714355,1.90625,0,0.0,0.0
2026-03-06 19:45:00+00:00,1.9062999486923218,1.906630039215088,1.905210018157959,1.9053599834442139,0,0.0,0.0
2026-03-06 20:00:00+00:00,1.9053499698638916,1.9064899682998657,1.9050099849700928,1.9059699773788452,0,0.0,0.0
2026-03-06 20:15:00+00:00,1.9059100151062012,1.9072799682617188,1.9054100513458252,1.9070700407028198,0,0.0,0.0
2026-03-06 20:30:00+00:00,1.907099962234497,1.9075100421905518,1.9057799577713013,1.9062399864196777,0,0.0,0.0
2026-03-06 20:45:00+00:00,1.9062999486923218,1.9070700407028198,1.9060800075531006,1.9069099426269531,0,0.0,0.0
2026-03-06 21:00:00+00:00,1.9067699909210205,1.9073200225830078,1.9064600467681885,1.9068900346755981,0,0.0,0.0
2026-03-06 21:15:00+00:00,1.9069099426269531,1.9071600437164307,1.9062299728393555,1.9067100286483765,0,0.0,0.0
2026-03-06 21:30:00+00:00,1.9065699577331543,1.9070199728012085,1.9059799909591675,1.906540036201477,0,0.0,0.0
2026-03-06 21:45:00+00:00,1.9066499471664429,1.9077600240707397,1.904420018196106,1.9075299501419067,0,0.0,0.0
2026-03-06 22:00:00+00:00,1.9077099561691284,1.9077099561691284,1.9077099561691284,1.9077099561691284,0,0.0,0.0
2026-03-06 22:15:00+00:00,1.9077099561691284,1.9077099561691284,1.9077099561691284,1.9077099561691284,0,0.0,0.0
2026-03-09 00:00:00+00:00,1.909060001373291,1.9098800420761108,1.907580018043518,1.9093300104141235,0,0.0,0.0
2026-03-09 00:15:00+00:00,1.9094300270080566,1.9105900526046753,1.908329963684082,1.9095300436019897,0,0.0,0.0
2026-03-09 00:30:00+00:00,1.9093199968338013,1.9110699892044067,1.909060001373291,1.9107999801635742,0,0.0,0.0
2026-03-09 00:45:00+00:00,1.9107600450515747,1.911679983139038,1.9095799922943115,1.909850001335144,0,0.0,0.0
2026-03-09 01:00:00+00:00,1.9097700119018555,1.9098999500274658,1.9068200588226318,1.9072599411010742,0,0.0,0.0
2026-03-09 01:15:00+00:00,1.9071999788284302,1.909540057182312,1.9070099592208862,1.9075299501419067,0,0.0,0.0
2026-03-09 01:30:00+00:00,1.9075299501419067,1.908370018005371,1.9060699939727783,1.9068700075149536,0,0.0,0.0
2026-03-09 01:45:00+00:00,1.9070099592208862,1.907289981842041,1.905940055847168,1.9069700241088867,0,0.0,0.0
2026-03-09 02:00:00+00:00,1.906849980354309,1.9072400331497192,1.9045000076293945,1.905060052871704,0,0.0,0.0
2026-03-09 02:15:00+00:00,1.9050899744033813,1.906350016593933,1.9045499563217163,1.9048700332641602,0,0.0,0.0
2026-03-09 02:30:00+00:00,1.905019998550415,1.906499981880188,1.903939962387085,1.9042099714279175,0,0.0,0.0
2026-03-09 02:45:00+00:00,1.9040700197219849,1.9045100212097168,1.901419997215271,1.9016000032424927,0,0.0,0.0
2026-03-09 03:00:00+00:00,1.901710033416748,1.9032200574874878,1.9010100364685059,1.9025399684906006,0,0.0,0.0
2026-03-09 03:15:00+00:00,1.902519941329956,1.9030499458312988,1.901419997215271,1.9027999639511108,0,0.0,0.0
2026-03-09 03:30:00+00:00,1.9028600454330444,1.903439998626709,1.9017000198364258,1.9027299880981445,0,0.0,0.0
2026-03-09 03:45:00+00:00,1.9027299880981445,1.9029899835586548,1.9012600183486938,1.9014899730682373,0,0.0,0.0
2026-03-09 04:00:00+00:00,1.9015100002288818,1.902649998664856,1.9004900455474854,1.9023699760437012,0,0.0,0.0
2026-03-09 04:15:00+00:00,1.902250051498413,1.9026700258255005,1.9013400077819824,1.9016200304031372,0,0.0,0.0
2026-03-09 04:30:00+00:00,1.9016200304031372,1.9026700258255005,1.9014400243759155,1.9022599458694458,0,0.0,0.0
2026-03-09 04:45:00+00:00,1.9021999835968018,1.902940034866333,1.9012500047683716,1.9015100002288818,0,0.0,0.0
2026-03-09 05:00:00+00:00,1.9016799926757812,1.9029300212860107,1.899780035018921,1.9001400470733643,0,0.0,0.0
2026-03-09 05:15:00+00:00,1.9002599716186523,1.9018199443817139,1.8975600004196167,1.8981200456619263,0,0.0,0.0
2026-03-09 05:30:00+00:00,1.8982599973678589,1.9011800289154053,1.8980900049209595,1.9003700017929077,0,0.0,0.0
2026-03-09 05:45:00+00:00,1.9002900123596191,1.9017599821090698,1.9002200365066528,1.9011600017547607,0,0.0,0.0
2026-03-09 06:00:00+00:00,1.9010200500488281,1.9023499488830566,1.9000600576400757,1.9020500183105469,0,0.0,0.0
2026-03-09 06:15:00+00:00,1.9019999504089355,1.9022400379180908,1.9006999731063843,1.9011399745941162,0,0.0,0.0
2026-03-09 06:30:00+00:00,1.9012199640274048,1.9026299715042114,1.9001699686050415,1.9019800424575806,0,0.0,0.0
2026-03-09 06:45:00+00:00,1.9018800258636475,1.9026800394058228,1.9013500213623047,1.9019700288772583,0,0.0,0.0
2026-03-09 07:00:00+00:00,1.9019700288772583,1.902940034866333,1.901379942893982,1.9017900228500366,0,0.0,0.0
2026-03-09 07:15:00+00:00,1.9016599655151367,1.9023799896240234,1.900979995727539,1.9017499685287476,0,0.0,0.0
2026-03-09 07:30:00+00:00,1.9017599821090698,1.9046299457550049,1.9017399549484253,1.9038100242614746,0,0.0,0.0
2026-03-09 07:45:00+00:00,1.903880000114441,1.905019998550415,1.9029099941253662,1.9036099910736084,0,0.0,0.0
2026-03-09 08:00:00+00:00,1.9035199880599976,1.9059799909591675,1.9031699895858765,1.9058200120925903,0,0.0,0.0
2026-03-09 08:15:00+00:00,1.9058599472045898,1.906559944152832,1.9045499563217163,1.9062199592590332,0,0.0,0.0
2026-03-09 08:30:00+00:00,1.9062000513076782,1.9063899517059326,1.9035500288009644,1.905500054359436,0,0.0,0.0
2026-03-09 08:45:00+00:00,1.905500054359436,1.9061700105667114,1.9037699699401855,1.9044300317764282,0,0.0,0.0
2026-03-09 09:00:00+00:00,1.904520034790039,1.9057799577713013,1.9036200046539307,1.9042500257492065,0,0.0,0.0
2026-03-09 09:15:00+00:00,1.9042500257492065,1.9044899940490723,1.901900053024292,1.902519941329956,0,0.0,0.0
2026-03-09 09:30:00+00:00,1.9025100469589233,1.9032000303268433,1.899549961090088,1.901360034942627,0,0.0,0.0
2026-03-09 09:45:00+00:00,1.9013099670410156,1.902109980583191,1.9007999897003174,1.9012500047683716,0,0.0,0.0
2026-03-09 10:00:00+00:00,1.9012700319290161,1.90215003490448,1.90038001537323,1.9014500379562378,0,0.0,0.0
2026-03-09 10:15:00+00:00,1.90146005153656,1.9023300409317017,1.9002699851989746,1.9019800424575806,0,0.0,0.0
2026-03-09 10:30:00+00:00,1.9019299745559692,1.9022899866104126,1.9007999897003174,1.9009499549865723,0,0.0,0.0
2026-03-09 10:45:00+00:00,1.9010200500488281,1.9023799896240234,1.9006500244140625,1.9019399881362915,0,0.0,0.0
2026-03-09 11:00:00+00:00,1.901900053024292,1.9022200107574463,1.9009900093078613,1.9019099473953247,0,0.0,0.0
2026-03-09 11:15:00+00:00,1.9019700288772583,1.9026600122451782,1.9007200002670288,1.9022799730300903,0,0.0,0.0
2026-03-09 11:30:00+00:00,1.9023499488830566,1.9027299880981445,1.90093994140625,1.9019800424575806,0,0.0,0.0
2026-03-09 11:45:00+00:00,1.9019900560379028,1.903130054473877,1.9011600017547607,1.9029200077056885,0,0.0,0.0
2026-03-09 12:00:00+00:00,1.9028700590133667,1.9035300016403198,1.90201997756958,1.902109980583191,0,0.0,0.0
2026-03-09 12:15:00+00:00,1.902109980583191,1.9032800197601318,1.9018800258636475,1.9025399684906006,0,0.0,0.0
2026-03-09 12:30:00+00:00,1.902519941329956,1.90392005443573,1.902269959449768,1.9035500288009644,0,0.0,0.0
2026-03-09 12:45:00+00:00,1.903499960899353,1.905460000038147,1.9032200574874878,1.904360055923462,0,0.0,0.0
2026-03-09 13:00:00+00:00,1.9044500589370728,1.904710054397583,1.9015699625015259,1.902459979057312,0,0.0,0.0
2026-03-09 13:15:00+00:00,1.9024300575256348,1.9045699834823608,1.9021199941635132,1.903480052947998,0,0.0,0.0
2026-03-09 13:30:00+00:00,1.9033499956130981,1.9046900272369385,1.9018299579620361,1.9040600061416626,0,0.0,0.0
2026-03-09 13:45:00+00:00,1.9040700197219849,1.9047800302505493,1.902359962463379,1.9030699729919434,0,0.0,0.0
2026-03-09 14:00:00+00:00,1.903090000152588,1.903630018234253,1.900570034980774,1.9018299579620361,0,0.0,0.0
2026-03-09 14:15:00+00:00,1.9018100500106812,1.9021999835968018,1.8975000381469727,1.898460030555725,0,0.0,0.0
2026-03-09 14:30:00+00:00,1.8984500169754028,1.8999899625778198,1.8976800441741943,1.8994200229644775,0,0.0,0.0
2026-03-09 14:45:00+00:00,1.8995200395584106,1.9021799564361572,1.8987799882888794,1.901520013809204,0,0.0,0.0
2026-03-09 15:00:00+00:00,1.9014899730682373,1.9038200378417969,1.9010499715805054,1.9022899866104126,0,0.0,0.0
2026-03-09 15:15:00+00:00,1.902269959449768,1.9027800559997559,1.9000600576400757,1.9003499746322632,0,0.0,0.0
2026-03-09 15:30:00+00:00,1.9003499746322632,1.9012199640274048,1.8997999429702759,1.9004499912261963,0,0.0,0.0
2026-03-09 15:45:00+00:00,1.9004100561141968,1.901129961013794,1.8993300199508667,1.9010599851608276,0,0.0,0.0
2026-03-09 16:00:00+00:00,1.9010800123214722,1.901919960975647,1.9005099534988403,1.9007099866867065,0,0.0,0.0
2026-03-09 16:15:00+00:00,1.9007899761199951,1.9012099504470825,1.8992799520492554,1.8997700214385986,0,0.0,0.0
2026-03-09 16:30:00+00:00,1.8997399806976318,1.900730013847351,1.899340033531189,1.899459958076477,0,0.0,0.0
2026-03-09 16:45:00+00:00,1.8994799852371216,1.900149941444397,1.8987499475479126,1.899150013923645,0,0.0,0.0
2026-03-09 17:00:00+00:00,1.8990399837493896,1.9008100032806396,1.8989499807357788,1.9006500244140625,0,0.0,0.0
2026-03-09 17:15:00+00:00,1.9006099700927734,1.9018100500106812,1.9004199504852295,1.9015899896621704,0,0.0,0.0
2026-03-09 17:30:00+00:00,1.9016000032424927,1.9026999473571777,1.901419997215271,1.9024300575256348,0,0.0,0.0
2026-03-09 17:45:00+00:00,1.9023900032043457,1.9029099941253662,1.9019399881362915,1.902750015258789,0,0.0,0.0
2026-03-09 18:00:00+00:00,1.9026999473571777,1.9034099578857422,1.9022300243377686,1.902649998664856,0,0.0,0.0
2026-03-09 18:15:00+00:00,1.9027199745178223,1.902809977531433,1.9016799926757812,1.9019900560379028,0,0.0,0.0
2026-03-09 18:30:00+00:00,1.9019900560379028,1.9020700454711914,1.9004100561141968,1.9005800485610962,0,0.0,0.0
2026-03-09 18:45:00+00:00,1.900589942932129,1.9010499715805054,1.9002399444580078,1.9005600214004517,0,0.0,0.0
2026-03-09 19:00:00+00:00,1.9006099700927734,1.9008699655532837,1.900320053100586,1.900480031967163,0,0.0,0.0
2026-03-09 19:15:00+00:00,1.9004600048065186,1.900820016860962,1.89752995967865,1.8982399702072144,0,0.0,0.0
2026-03-09 19:30:00+00:00,1.8981599807739258,1.8996299505233765,1.8979599475860596,1.8987300395965576,0,0.0,0.0
2026-03-09 19:45:00+00:00,1.8987200260162354,1.900230050086975,1.8986300230026245,1.8995599746704102,0,0.0,0.0
2026-03-09 20:00:00+00:00,1.8994799852371216,1.900920033454895,1.8993300199508667,1.900320053100586,0,0.0,0.0
2026-03-09 20:15:00+00:00,1.9003000259399414,1.900670051574707,1.8994300365447998,1.8995399475097656,0,0.0,0.0
2026-03-09 20:30:00+00:00,1.8995599746704102,1.9001100063323975,1.8980300426483154,1.8989399671554565,0,0.0,0.0
2026-03-09 20:45:00+00:00,1.8989299535751343,1.8997299671173096,1.8973499536514282,1.8973499536514282,0,0.0,0.0
2026-03-09 21:00:00+00:00,1.8973699808120728,1.90106999874115,1.8966100215911865,1.8999199867248535,0,0.0,0.0
2026-03-09 21:15:00+00:00,1.898360013961792,1.9001400470733643,1.8974800109863281,1.8978699445724487,0,0.0,0.0
2026-03-09 21:30:00+00:00,1.8979599475860596,1.8999600410461426,1.8974499702453613,1.8981399536132812,0,0.0,0.0
2026-03-09 21:45:00+00:00,1.898169994354248,1.899530053138733,1.8963199853897095,1.898169994354248,0,0.0,0.0
2026-03-09 22:00:00+00:00,1.898169994354248,1.8994699716567993,1.896630048751831,1.8981499671936035,0,0.0,0.0
2026-03-09 22:15:00+00:00,1.8981499671936035,1.8992799520492554,1.8978699445724487,1.8983900547027588,0,0.0,0.0
2026-03-09 22:30:00+00:00,1.8984500169754028,1.899590015411377,1.8983299732208252,1.8992300033569336,0,0.0,0.0
2026-03-09 22:45:00+00:00,1.8992300033569336,1.899440050125122,1.898550033569336,1.8989399671554565,0,0.0,0.0
2026-03-09 23:00:00+00:00,1.8988399505615234,1.8998899459838867,1.8985799551010132,1.8988300561904907,0,0.0,0.0
2026-03-09 23:15:00+00:00,1.8989399671554565,1.899440050125122,1.89752995967865,1.898169994354248,0,0.0,0.0
2026-03-09 23:30:00+00:00,1.898169994354248,1.8993099927902222,1.8980900049209595,1.8989900350570679,0,0.0,0.0
2026-03-09 23:45:00+00:00,1.8991700410842896,1.899749994277954,1.898800015449524,1.8991600275039673,0,0.0,0.0
2026-03-10 00:00:00+00:00,1.8990399837493896,1.9002399444580078,1.898959994316101,1.8996100425720215,0,0.0,0.0
2026-03-10 00:15:00+00:00,1.8996100425720215,1.8998299837112427,1.8985099792480469,1.8985400199890137,0,0.0,0.0
2026-03-10 00:30:00+00:00,1.8987499475479126,1.9006999731063843,1.8985400199890137,1.8995599746704102,0,0.0,0.0
2026-03-10 00:45:00+00:00,1.89969003200531,1.9011900424957275,1.899440050125122,1.9002200365066528,0,0.0,0.0
2026-03-10 01:00:00+00:00,1.900230050086975,1.9009499549865723,1.8986300230026245,1.900670051574707,0,0.0,0.0
2026-03-10 01:15:00+00:00,1.9005800485610962,1.9015100002288818,1.899940013885498,1.900730013847351,0,0.0,0.0
2026-03-10 01:30:00+00:00,1.900730013847351,1.901319980621338,1.900189995765686,1.9004900455474854,0,0.0,0.0
2026-03-10 01:45:00+00:00,1.9006400108337402,1.9006500244140625,1.8991199731826782,1.8991899490356445,0,0.0,0.0
2026-03-10 02:00:00+00:00,1.8992999792099,1.8996599912643433,1.8983099460601807,1.8990700244903564,0,0.0,0.0
2026-03-10 02:15:00+00:00,1.8989399671554565,1.9002599716186523,1.8988800048828125,1.8997700214385986,0,0.0,0.0
2026-03-10 02:30:00+00:00,1.8996000289916992,1.9008899927139282,1.899340033531189,1.9005000591278076,0,0.0,0.0
2026-03-10 02:45:00+00:00,1.9005600214004517,1.9020700454711914,1.9005000591278076,1.9013700485229492,0,0.0,0.0
2026-03-10 03:00:00+00:00,1.9015100002288818,1.9016799926757812,1.9005399942398071,1.9012000560760498,0,0.0,0.0
2026-03-10 03:15:00+00:00,1.9011800289154053,1.901419997215271,1.9003100395202637,1.900979995727539,0,0.0,0.0
2026-03-10 03:30:00+00:00,1.90106999874115,1.901859998703003,1.9006999731063843,1.9015300273895264,0,0.0,0.0
2026-03-10 03:45:00+00:00,1.9015300273895264,1.9018700122833252,1.899940013885498,1.9005399942398071,0,0.0,0.0
2026-03-10 04:00:00+00:00,1.9003900289535522,1.9012000560760498,1.899940013885498,1.9000099897384644,0,0.0,0.0
2026-03-10 04:15:00+00:00,1.9000200033187866,1.9007500410079956,1.8998299837112427,1.9003499746322632,0,0.0,0.0
2026-03-10 04:30:00+00:00,1.9003599882125854,1.9007500410079956,1.9000400304794312,1.900629997253418,0,0.0,0.0
2026-03-10 04:45:00+00:00,1.9005399942398071,1.9020400047302246,1.9005399942398071,1.9011000394821167,0,0.0,0.0
2026-03-10 05:00:00+00:00,1.9009599685668945,1.901729941368103,1.9008300304412842,1.9012800455093384,0,0.0,0.0
2026-03-10 05:15:00+00:00,1.9012900590896606,1.902359962463379,1.901170015335083,1.9016799926757812,0,0.0,0.0
2026-03-10 05:30:00+00:00,1.9015899896621704,1.90215003490448,1.9012199640274048,1.9015899896621704,0,0.0,0.0
2026-03-10 05:45:00+00:00,1.9016599655151367,1.9018199443817139,1.8981300592422485,1.8985400199890137,0,0.0,0.0
2026-03-10 06:00:00+00:00,1.8985099792480469,1.8994300365447998,1.8965799808502197,1.896630048751831,0,0.0,0.0
2026-03-10 06:15:00+00:00,1.896720051765442,1.8973400592803955,1.8948700428009033,1.8949300050735474,0,0.0,0.0
2026-03-10 06:30:00+00:00,1.8949999809265137,1.8968000411987305,1.8946199417114258,1.8965100049972534,0,0.0,0.0
2026-03-10 06:45:00+00:00,1.8963799476623535,1.896780014038086,1.8958499431610107,1.8961100578308105,0,0.0,0.0
2026-03-10 07:00:00+00:00,1.8960299491882324,1.8966699838638306,1.8947999477386475,1.8950899839401245,0,0.0,0.0
2026-03-10 07:15:00+00:00,1.8951400518417358,1.8954700231552124,1.8934099674224854,1.8942699432373047,0,0.0,0.0
2026-03-10 07:30:00+00:00,1.8943300247192383,1.894819974899292,1.8924399614334106,1.893030047416687,0,0.0,0.0
2026-03-10 07:45:00+00:00,1.8929599523544312,1.894569993019104,1.8926399946212769,1.89451003074646,0,0.0,0.0
2026-03-10 08:00:00+00:00,1.8945399522781372,1.8976900577545166,1.8941899538040161,1.8973400592803955,0,0.0,0.0
2026-03-10 08:15:00+00:00,1.8972599506378174,1.8974000215530396,1.8934199810028076,1.893839955329895,0,0.0,0.0
2026-03-10 08:30:00+00:00,1.8939100503921509,1.896090030670166,1.8937599658966064,1.8947099447250366,0,0.0,0.0
2026-03-10 08:45:00+00:00,1.8947399854660034,1.8967399597167969,1.8942999839782715,1.8967100381851196,0,0.0,0.0
2026-03-10 09:00:00+00:00,1.896720051765442,1.8969199657440186,1.8941199779510498,1.8941700458526611,0,0.0,0.0
2026-03-10 09:15:00+00:00,1.8941600322723389,1.8946199417114258,1.893589973449707,1.8940399885177612,0,0.0,0.0
2026-03-10 09:30:00+00:00,1.8939800262451172,1.8944100141525269,1.8919800519943237,1.892259955406189,0,0.0,0.0
2026-03-10 09:45:00+00:00,1.8922799825668335,1.8928200006484985,1.891569972038269,1.8919899463653564,0,0.0,0.0
2026-03-10 10:00:00+00:00,1.892009973526001,1.8926000595092773,1.889739990234375,1.8899400234222412,0,0.0,0.0
2026-03-10 10:15:00+00:00,1.8898999691009521,1.8913899660110474,1.8896900415420532,1.889930009841919,0,0.0,0.0
2026-03-10 10:30:00+00:00,1.889930009841919,1.893030047416687,1.8897299766540527,1.8910499811172485,0,0.0,0.0
2026-03-10 10:45:00+00:00,1.8910000324249268,1.8919600248336792,1.8907999992370605,1.891610026359558,0,0.0,0.0
2026-03-10 11:00:00+00:00,1.8914599418640137,1.8922899961471558,1.8907699584960938,1.8916699886322021,0,0.0,0.0
2026-03-10 11:15:00+00:00,1.8916499614715576,1.8917499780654907,1.889989972114563,1.8906300067901611,0,0.0,0.0
2026-03-10 11:30:00+00:00,1.8905600309371948,1.891379952430725,1.8896100521087646,1.890239953994751,0,0.0,0.0
2026-03-10 11:45:00+00:00,1.890239953994751,1.890339970588684,1.887850046157837,1.8880200386047363,0,0.0,0.0
2026-03-10 12:00:00+00:00,1.8880900144577026,1.8908699750900269,1.887969970703125,1.8890399932861328,0,0.0,0.0
2026-03-10 12:15:00+00:00,1.8890800476074219,1.8903100490570068,1.8879799842834473,1.8891600370407104,0,0.0,0.0
2026-03-10 12:30:00+00:00,1.8892099857330322,1.8898899555206299,1.8878099918365479,1.8883800506591797,0,0.0,0.0
2026-03-10 12:45:00+00:00,1.8882999420166016,1.8892099857330322,1.8878799676895142,1.8890399932861328,0,0.0,0.0
2026-03-10 13:00:00+00:00,1.8890700340270996,1.8905800580978394,1.8881399631500244,1.8904399871826172,0,0.0,0.0
2026-03-10 13:15:00+00:00,1.8904399871826172,1.8904999494552612,1.8890399932861328,1.8897900581359863,0,0.0,0.0
2026-03-10 13:30:00+00:00,1.889739990234375,1.8911499977111816,1.8894799947738647,1.8904600143432617,0,0.0,0.0
2026-03-10 13:45:00+00:00,1.890429973602295,1.8916499614715576,1.8897299766540527,1.890030026435852,0,0.0,0.0
2026-03-10 14:00:00+00:00,1.890179991722107,1.8908900022506714,1.8891500234603882,1.8896499872207642,0,0.0,0.0
2026-03-10 14:15:00+00:00,1.8896700143814087,1.890179991722107,1.888350009918213,1.8887499570846558,0,0.0,0.0
2026-03-10 14:30:00+00:00,1.8887300491333008,1.8892699480056763,1.8852699995040894,1.8853299617767334,0,0.0,0.0
2026-03-10 14:45:00+00:00,1.885349988937378,1.8854800462722778,1.8834999799728394,1.884469985961914,0,0.0,0.0
2026-03-10 15:00:00+00:00,1.88441002368927,1.8852800130844116,1.8833500146865845,1.8838399648666382,0,0.0,0.0
2026-03-10 15:15:00+00:00,1.8837499618530273,1.8840999603271484,1.882159948348999,1.8828599452972412,0,0.0,0.0
2026-03-10 15:30:00+00:00,1.8829400539398193,1.8846700191497803,1.8827400207519531,1.8834199905395508,0,0.0,0.0
2026-03-10 15:45:00+00:00,1.8834600448608398,1.8839399814605713,1.8821699619293213,1.8822100162506104,0,0.0,0.0
2026-03-10 16:00:00+00:00,1.8822699785232544,1.8839099407196045,1.882040023803711,1.8836100101470947,0,0.0,0.0
2026-03-10 16:15:00+00:00,1.8836100101470947,1.8844000101089478,1.883270025253296,1.8840999603271484,0,0.0,0.0
2026-03-10 16:30:00+00:00,1.8841400146484375,1.884220004081726,1.8819500207901,1.8823000192642212,0,0.0,0.0
2026-03-10 16:45:00+00:00,1.8823000192642212,1.8832000494003296,1.882140040397644,1.8827500343322754,0,0.0,0.0
2026-03-10 17:00:00+00:00,1.8828400373458862,1.883139967918396,1.8815100193023682,1.8816299438476562,0,0.0,0.0
2026-03-10 17:15:00+00:00,1.8816200494766235,1.8817600011825562,1.8799799680709839,1.8802000284194946,0,0.0,0.0
2026-03-10 17:30:00+00:00,1.8802000284194946,1.8825299739837646,1.87978994846344,1.882040023803711,0,0.0,0.0
2026-03-10 17:45:00+00:00,1.8820600509643555,1.8821200132369995,1.880620002746582,1.881160020828247,0,0.0,0.0
2026-03-10 18:00:00+00:00,1.8811899423599243,1.8834600448608398,1.8804999589920044,1.8834199905395508,0,0.0,0.0
2026-03-10 18:15:00+00:00,1.8833199739456177,1.8850699663162231,1.8816100358963013,1.8822300434112549,0,0.0,0.0
2026-03-10 18:30:00+00:00,1.8822200298309326,1.882390022277832,1.8806300163269043,1.8821200132369995,0,0.0,0.0
2026-03-10 18:45:00+00:00,1.882140040397644,1.8827500343322754,1.8816699981689453,1.8825500011444092,0,0.0,0.0
2026-03-10 19:00:00+00:00,1.8825600147247314,1.8835599422454834,1.8822699785232544,1.8828400373458862,0,0.0,0.0
2026-03-10 19:15:00+00:00,1.8828400373458862,1.8841700553894043,1.8825700283050537,1.8839999437332153,0,0.0,0.0
2026-03-10 19:30:00+00:00,1.8840700387954712,1.8850300312042236,1.883389949798584,1.8842500448226929,0,0.0,0.0
2026-03-10 19:45:00+00:00,1.884160041809082,1.88496994972229,1.883870005607605,1.884559988975525,0,0.0,0.0
2026-03-10 20:00:00+00:00,1.8846100568771362,1.8851799964904785,1.883739948272705,1.884160041809082,0,0.0,0.0
2026-03-10 20:15:00+00:00,1.8842899799346924,1.885200023651123,1.8840899467468262,1.8847800493240356,0,0.0,0.0
2026-03-10 20:30:00+00:00,1.8847299814224243,1.8851499557495117,1.8844300508499146,1.8846900463104248,0,0.0,0.0
2026-03-10 20:45:00+00:00,1.8846399784088135,1.8848600387573242,1.8834099769592285,1.8834500312805176,0,0.0,0.0
2026-03-10 21:00:00+00:00,1.8834500312805176,1.8852399587631226,1.880769968032837,1.8831299543380737,0,0.0,0.0
2026-03-10 21:15:00+00:00,1.883270025253296,1.884619951248169,1.8819500207901,1.883739948272705,0,0.0,0.0
2026-03-10 21:30:00+00:00,1.883739948272705,1.8854999542236328,1.883489966392517,1.883679986000061,0,0.0,0.0
2026-03-10 21:45:00+00:00,1.884310007095337,1.8852200508117676,1.8830000162124634,1.8841899633407593,0,0.0,0.0
2026-03-10 22:00:00+00:00,1.8837300539016724,1.8857799768447876,1.8831700086593628,1.884600043296814,0,0.0,0.0
2026-03-10 22:15:00+00:00,1.8848999738693237,1.8854800462722778,1.8846299648284912,1.885040044784546,0,0.0,0.0
2026-03-10 22:30:00+00:00,1.8853299617767334,1.8854899406433105,1.884660005569458,1.884950041770935,0,0.0,0.0
2026-03-10 22:45:00+00:00,1.8852499723434448,1.8853800296783447,1.884220004081726,1.8846100568771362,0,0.0,0.0
2026-03-10 23:00:00+00:00,1.884850025177002,1.8852100372314453,1.884310007095337,1.8844300508499146,0,0.0,0.0
2026-03-10 23:15:00+00:00,1.8844300508499146,1.885259985923767,1.8844300508499146,1.884719967842102,0,0.0,0.0
2026-03-10 23:30:00+00:00,1.884809970855713,1.885640025138855,1.88441002368927,1.8855600357055664,0,0.0,0.0
2026-03-10 23:45:00+00:00,1.8854600191116333,1.885599970817566,1.8842999935150146,1.8847999572753906,0,0.0,0.0
2026-03-11 00:00:00+00:00,1.8847099542617798,1.8849899768829346,1.8835300207138062,1.8839199542999268,0,0.0,0.0
2026-03-11 00:15:00+00:00,1.8840099573135376,1.884310007095337,1.8825099468231201,1.8827999830245972,0,0.0,0.0
2026-03-11 00:30:00+00:00,1.8829900026321411,1.884060025215149,1.8823699951171875,1.8833999633789062,0,0.0,0.0
2026-03-11 00:45:00+00:00,1.8833999633789062,1.8836899995803833,1.882680058479309,1.883489966392517,0,0.0,0.0
2026-03-11 01:00:00+00:00,1.8835099935531616,1.883870005607605,1.8820099830627441,1.8823000192642212,0,0.0,0.0
2026-03-11 01:15:00+00:00,1.8821200132369995,1.8833400011062622,1.8817399740219116,1.882390022277832,0,0.0,0.0
2026-03-11 01:30:00+00:00,1.8822599649429321,1.8824199438095093,1.8798199892044067,1.880519986152649,0,0.0,0.0
2026-03-11 01:45:00+00:00,1.8804700374603271,1.881369948387146,1.880139946937561,1.8805099725723267,0,0.0,0.0
2026-03-11 02:00:00+00:00,1.880519986152649,1.881369948387146,1.880139946937561,1.8810800313949585,0,0.0,0.0
2026-03-11 02:15:00+00:00,1.8810800313949585,1.8812999725341797,1.8802200555801392,1.880620002746582,0,0.0,0.0
2026-03-11 02:30:00+00:00,1.880620002746582,1.8810800313949585,1.8788299560546875,1.8789700269699097,0,0.0,0.0
2026-03-11 02:45:00+00:00,1.8788299560546875,1.878980040550232,1.8741799592971802,1.876870036125183,0,0.0,0.0
2026-03-11 03:00:00+00:00,1.8768800497055054,1.8775500059127808,1.8759000301361084,1.8767600059509277,0,0.0,0.0
2026-03-11 03:15:00+00:00,1.8766900300979614,1.8774199485778809,1.8766900300979614,1.8768800497055054,0,0.0,0.0
2026-03-11 03:30:00+00:00,1.8768800497055054,1.8771100044250488,1.8756599426269531,1.876099944114685,0,0.0,0.0
2026-03-11 03:45:00+00:00,1.8761099576950073,1.876579999923706,1.8747700452804565,1.8749799728393555,0,0.0,0.0
2026-03-11 04:00:00+00:00,1.8751100301742554,1.8755899667739868,1.8731199502944946,1.8733400106430054,0,0.0,0.0
2026-03-11 04:15:00+00:00,1.8733500242233276,1.8746299743652344,1.8733500242233276,1.8738600015640259,0,0.0,0.0
2026-03-11 04:30:00+00:00,1.873900055885315,1.8743799924850464,1.8728400468826294,1.873479962348938,0,0.0,0.0
2026-03-11 04:45:00+00:00,1.8735899925231934,1.8740299940109253,1.872630000114441,1.8732099533081055,0,0.0,0.0
2026-03-11 05:00:00+00:00,1.8732099533081055,1.8743400573730469,1.872849941253662,1.874210000038147,0,0.0,0.0
2026-03-11 05:15:00+00:00,1.8743300437927246,1.8757100105285645,1.8741899728775024,1.874559998512268,0,0.0,0.0
2026-03-11 05:30:00+00:00,1.874559998512268,1.8764699697494507,1.8742400407791138,1.8763500452041626,0,0.0,0.0
2026-03-11 05:45:00+00:00,1.876330018043518,1.8765599727630615,1.8744800090789795,1.8744900226593018,0,0.0,0.0
2026-03-11 06:00:00+00:00,1.8745900392532349,1.8755700588226318,1.8739900588989258,1.8748300075531006,0,0.0,0.0
2026-03-11 06:15:00+00:00,1.8749699592590332,1.8759100437164307,1.8746800422668457,1.8751399517059326,0,0.0,0.0
2026-03-11 06:30:00+00:00,1.8751100301742554,1.8753700256347656,1.873769998550415,1.874400019645691,0,0.0,0.0
2026-03-11 06:45:00+00:00,1.8743499517440796,1.875290036201477,1.8741300106048584,1.874690055847168,0,0.0,0.0
2026-03-11 07:00:00+00:00,1.874750018119812,1.875290036201477,1.8727999925613403,1.8732800483703613,0,0.0,0.0
2026-03-11 07:15:00+00:00,1.8731900453567505,1.874709963798523,1.8729599714279175,1.8741400241851807,0,0.0,0.0
2026-03-11 07:30:00+00:00,1.8741400241851807,1.8775299787521362,1.8739999532699585,1.8762500286102295,0,0.0,0.0
2026-03-11 07:45:00+00:00,1.8761600255966187,1.8767499923706055,1.8749699592590332,1.8753000497817993,0,0.0,0.0
2026-03-11 08:00:00+00:00,1.8751800060272217,1.8754899501800537,1.8726500272750854,1.8727099895477295,0,0.0,0.0
2026-03-11 08:15:00+00:00,1.8727099895477295,1.8743000030517578,1.8722200393676758,1.8736399412155151,0,0.0,0.0
2026-03-11 08:30:00+00:00,1.8736499547958374,1.874899983406067,1.8734300136566162,1.8741199970245361,0,0.0,0.0
2026-03-11 08:45:00+00:00,1.8741199970245361,1.874959945678711,1.8731399774551392,1.874809980392456,0,0.0,0.0
2026-03-11 09:00:00+00:00,1.8747999668121338,1.8753600120544434,1.8734500408172607,1.8752800226211548,0,0.0,0.0
2026-03-11 09:15:00+00:00,1.8752399682998657,1.876270055770874,1.8745700120925903,1.8746600151062012,0,0.0,0.0
2026-03-11 09:30:00+00:00,1.874690055847168,1.8767199516296387,1.8743000030517578,1.8766000270843506,0,0.0,0.0
2026-03-11 09:45:00+00:00,1.8766200542449951,1.8775399923324585,1.8756500482559204,1.8769899606704712,0,0.0,0.0
2026-03-11 10:00:00+00:00,1.8770099878311157,1.8772000074386597,1.8751300573349,1.8752399682998657,0,0.0,0.0
2026-03-11 10:15:00+00:00,1.8751699924468994,1.8780100345611572,1.8751499652862549,1.8775700330734253,0,0.0,0.0
2026-03-11 10:30:00+00:00,1.87746000289917,1.8779200315475464,1.8764899969100952,1.8766100406646729,0,0.0,0.0
2026-03-11 10:45:00+00:00,1.87663996219635,1.8773900270462036,1.876479983329773,1.8773399591445923,0,0.0,0.0
2026-03-11 11:00:00+00:00,1.8771699666976929,1.8774900436401367,1.875980019569397,1.875980019569397,0,0.0,0.0
2026-03-11 11:15:00+00:00,1.8760199546813965,1.876270055770874,1.8751399517059326,1.875540018081665,0,0.0,0.0
2026-03-11 11:30:00+00:00,1.875440001487732,1.8758100271224976,1.8746600151062012,1.874899983406067,0,0.0,0.0
2026-03-11 11:45:00+00:00,1.874899983406067,1.8764699697494507,1.8740899562835693,1.875730037689209,0,0.0,0.0
2026-03-11 12:00:00+00:00,1.875789999961853,1.8767900466918945,1.8753900527954102,1.8756400346755981,0,0.0,0.0
2026-03-11 12:15:00+00:00,1.8756500482559204,1.8758100271224976,1.8737000226974487,1.87391996383667,0,0.0,0.0
2026-03-11 12:30:00+00:00,1.8737399578094482,1.8757799863815308,1.8730499744415283,1.874750018119812,0,0.0,0.0
2026-03-11 12:45:00+00:00,1.8746600151062012,1.8755600452423096,1.87391996383667,1.8747800588607788,0,0.0,0.0
2026-03-11 13:00:00+00:00,1.8747800588607788,1.8755500316619873,1.8739999532699585,1.875059962272644,0,0.0,0.0
2026-03-11 13:15:00+00:00,1.874940037727356,1.8754199743270874,1.873710036277771,1.8747999668121338,0,0.0,0.0
2026-03-11 13:30:00+00:00,1.8746800422668457,1.875190019607544,1.8726500272750854,1.8728200197219849,0,0.0,0.0
2026-03-11 13:45:00+00:00,1.872789978981018,1.8739399909973145,1.8716100454330444,1.871940016746521,0,0.0,0.0
2026-03-11 14:00:00+00:00,1.871880054473877,1.8731199502944946,1.8697799444198608,1.8715200424194336,0,0.0,0.0
2026-03-11 14:15:00+00:00,1.871500015258789,1.872939944267273,1.8705999851226807,1.8722800016403198,0,0.0,0.0
2026-03-11 14:30:00+00:00,1.8723100423812866,1.8724499940872192,1.8709100484848022,1.8717999458312988,0,0.0,0.0
2026-03-11 14:45:00+00:00,1.8717800378799438,1.8726400136947632,1.8693599700927734,1.8697500228881836,0,0.0,0.0
2026-03-11 15:00:00+00:00,1.8697600364685059,1.8707200288772583,1.8693499565124512,1.870169997215271,0,0.0,0.0
2026-03-11 15:15:00+00:00,1.8701200485229492,1.8716800212860107,1.870110034942627,1.8715800046920776,0,0.0,0.0
2026-03-11 15:30:00+00:00,1.871399998664856,1.8720799684524536,1.8707400560379028,1.8715200424194336,0,0.0,0.0
2026-03-11 15:45:00+00:00,1.871559977531433,1.873900055885315,1.8714699745178223,1.8737599849700928,0,0.0,0.0
2026-03-11 16:00:00+00:00,1.8738499879837036,1.8754500150680542,1.8735100030899048,1.8746999502182007,0,0.0,0.0
2026-03-11 16:15:00+00:00,1.8747899532318115,1.8752199411392212,1.8737399578094482,1.8742400407791138,0,0.0,0.0
2026-03-11 16:30:00+00:00,1.874269962310791,1.8745900392532349,1.8732500076293945,1.8741099834442139,0,0.0,0.0
2026-03-11 16:45:00+00:00,1.8741199970245361,1.8750300407409668,1.8740099668502808,1.8746600151062012,0,0.0,0.0
2026-03-11 17:00:00+00:00,1.8745900392532349,1.8752700090408325,1.874250054359436,1.874959945678711,0,0.0,0.0
2026-03-11 17:15:00+00:00,1.8748899698257446,1.8755799531936646,1.874559998512268,1.8748600482940674,0,0.0,0.0
2026-03-11 17:30:00+00:00,1.874899983406067,1.8775099515914917,1.8746800422668457,1.876420021057129,0,0.0,0.0
2026-03-11 17:45:00+00:00,1.8763699531555176,1.8771400451660156,1.8757400512695312,1.8767800331115723,0,0.0,0.0
2026-03-11 18:00:00+00:00,1.8767399787902832,1.8778400421142578,1.876170039176941,1.8767600059509277,0,0.0,0.0
2026-03-11 18:15:00+00:00,1.876829981803894,1.8769400119781494,1.876039981842041,1.8763699531555176,0,0.0,0.0
2026-03-11 18:30:00+00:00,1.8763600587844849,1.8769899606704712,1.876170039176941,1.876189947128296,0,0.0,0.0
2026-03-11 18:45:00+00:00,1.876189947128296,1.8763699531555176,1.875540018081665,1.8762400150299072,0,0.0,0.0
2026-03-11 19:00:00+00:00,1.8762099742889404,1.8771300315856934,1.8759700059890747,1.876729965209961,0,0.0,0.0
2026-03-11 19:15:00+00:00,1.876729965209961,1.8769500255584717,1.8761999607086182,1.8763799667358398,0,0.0,0.0
2026-03-11 19:30:00+00:00,1.8763799667358398,1.8765499591827393,1.8755500316619873,1.8756500482559204,0,0.0,0.0
2026-03-11 19:45:00+00:00,1.8755600452423096,1.875749945640564,1.8748600482940674,1.8749699592590332,0,0.0,0.0
2026-03-11 20:00:00+00:00,1.8749300241470337,1.8756599426269531,1.8746700286865234,1.8756500482559204,0,0.0,0.0
2026-03-11 20:15:00+00:00,1.8755500316619873,1.8757699728012085,1.8751599788665771,1.8755700588226318,0,0.0,0.0
2026-03-11 20:30:00+00:00,1.8755300045013428,1.8758100271224976,1.8753600120544434,1.8754899501800537,0,0.0,0.0
2026-03-11 20:45:00+00:00,1.8754700422286987,1.8756200075149536,1.8741799592971802,1.8741799592971802,0,0.0,0.0
2026-03-11 21:00:00+00:00,1.8745499849319458,1.8757599592208862,1.8725299835205078,1.8740400075912476,0,0.0,0.0
2026-03-11 21:15:00+00:00,1.8740400075912476,1.8750100135803223,1.8730100393295288,1.8743599653244019,0,0.0,0.0
2026-03-11 21:30:00+00:00,1.8738700151443481,1.8760199546813965,1.8727400302886963,1.8746000528335571,0,0.0,0.0
2026-03-11 21:45:00+00:00,1.8746000528335571,1.8758599758148193,1.8726400136947632,1.8726400136947632,0,0.0,0.0
2026-03-11 22:00:00+00:00,1.87391996383667,1.876389980316162,1.8726400136947632,1.875920057296753,0,0.0,0.0
2026-03-11 22:15:00+00:00,1.8759000301361084,1.8772200345993042,1.8756799697875977,1.8766100406646729,0,0.0,0.0
2026-03-11 22:30:00+00:00,1.8758200407028198,1.8764699697494507,1.8754600286483765,1.876389980316162,0,0.0,0.0
2026-03-11 22:45:00+00:00,1.8762400150299072,1.8768800497055054,1.8758000135421753,1.876330018043518,0,0.0,0.0
2026-03-11 23:00:00+00:00,1.876330018043518,1.8777899742126465,1.8762400150299072,1.8768199682235718,0,0.0,0.0
2026-03-11 23:15:00+00:00,1.8766800165176392,1.8772000074386597,1.8762199878692627,1.8767199516296387,0,0.0,0.0
2026-03-11 23:30:00+00:00,1.87663996219635,1.87746000289917,1.876539945602417,1.8773499727249146,0,0.0,0.0
2026-03-11 23:45:00+00:00,1.8773499727249146,1.8775299787521362,1.8765599727630615,1.877020001411438,0,0.0,0.0
2026-03-12 00:00:00+00:00,1.876979947090149,1.8772000074386597,1.8757699728012085,1.876670002937317,0,0.0,0.0
2026-03-12 00:15:00+00:00,1.8766100406646729,1.8768399953842163,1.8748899698257446,1.8754600286483765,0,0.0,0.0
2026-03-12 00:30:00+00:00,1.8753000497817993,1.8761800527572632,1.875040054321289,1.875190019607544,0,0.0,0.0
2026-03-12 00:45:00+00:00,1.8752199411392212,1.8755600452423096,1.8727099895477295,1.8727799654006958,0,0.0,0.0
2026-03-12 01:00:00+00:00,1.8727600574493408,1.8741400241851807,1.8726500272750854,1.8736599683761597,0,0.0,0.0
2026-03-12 01:15:00+00:00,1.8734899759292603,1.8738800287246704,1.8723100423812866,1.872380018234253,0,0.0,0.0
2026-03-12 01:30:00+00:00,1.872380018234253,1.873020052909851,1.8706400394439697,1.8712999820709229,0,0.0,0.0
2026-03-12 01:45:00+00:00,1.8712899684906006,1.8729699850082397,1.8712899684906006,1.872189998626709,0,0.0,0.0
2026-03-12 02:00:00+00:00,1.8722399473190308,1.8725199699401855,1.871340036392212,1.871999979019165,0,0.0,0.0
2026-03-12 02:15:00+00:00,1.8718899488449097,1.8731000423431396,1.8716700077056885,1.8729599714279175,0,0.0,0.0
2026-03-12 02:30:00+00:00,1.8729100227355957,1.8746600151062012,1.8726400136947632,1.873729944229126,0,0.0,0.0
2026-03-12 02:45:00+00:00,1.8737399578094482,1.8746099472045898,1.8734899759292603,1.873810052871704,0,0.0,0.0
2026-03-12 03:00:00+00:00,1.873810052871704,1.875349998474121,1.873420000076294,1.8747999668121338,0,0.0,0.0
2026-03-12 03:15:00+00:00,1.8746999502182007,1.8751300573349,1.8740400075912476,1.8742300271987915,0,0.0,0.0
2026-03-12 03:30:00+00:00,1.8742300271987915,1.8748699426651,1.8740999698638916,1.8743000030517578,0,0.0,0.0
2026-03-12 03:45:00+00:00,1.874400019645691,1.8745900392532349,1.87336003780365,1.8734899759292603,0,0.0,0.0
2026-03-12 04:00:00+00:00,1.873520016670227,1.8743300437927246,1.8733999729156494,1.8738900423049927,0,0.0,0.0
2026-03-12 04:15:00+00:00,1.8738199472427368,1.8750499486923218,1.8737399578094482,1.8747199773788452,0,0.0,0.0
2026-03-12 04:30:00+00:00,1.8745900392532349,1.8759700059890747,1.8745900392532349,1.8753399848937988,0,0.0,0.0
2026-03-12 04:45:00+00:00,1.8752800226211548,1.875830054283142,1.874709963798523,1.8756300210952759,0,0.0,0.0
2026-03-12 05:00:00+00:00,1.8756300210952759,1.8769400119781494,1.873960018157959,1.876230001449585,0,0.0,0.0
2026-03-12 05:15:00+00:00,1.8763400316238403,1.8777899742126465,1.875939965248108,1.876829981803894,0,0.0,0.0
2026-03-12 05:30:00+00:00,1.876870036125183,1.8769400119781494,1.8761500120162964,1.8763600587844849,0,0.0,0.0
2026-03-12 05:45:00+00:00,1.876479983329773,1.8770099878311157,1.8760600090026855,1.8766599893569946,0,0.0,0.0
2026-03-12 06:00:00+00:00,1.8766599893569946,1.8801000118255615,1.8766599893569946,1.8785699605941772,0,0.0,0.0
2026-03-12 06:15:00+00:00,1.878440022468567,1.8786200284957886,1.8770699501037598,1.8772200345993042,0,0.0,0.0
2026-03-12 06:30:00+00:00,1.8772499561309814,1.8774800300598145,1.8761999607086182,1.8770400285720825,0,0.0,0.0
2026-03-12 06:45:00+00:00,1.8770400285720825,1.8780399560928345,1.87677001953125,1.8778400421142578,0,0.0,0.0
2026-03-12 07:00:00+00:00,1.877959966659546,1.8786100149154663,1.8775999546051025,1.8783600330352783,0,0.0,0.0
2026-03-12 07:15:00+00:00,1.8782999515533447,1.8785400390625,1.8766100406646729,1.8769099712371826,0,0.0,0.0
2026-03-12 07:30:00+00:00,1.8768800497055054,1.8787699937820435,1.876710057258606,1.877560019493103,0,0.0,0.0
2026-03-12 07:45:00+00:00,1.8775099515914917,1.8776600360870361,1.875480055809021,1.8769899606704712,0,0.0,0.0
2026-03-12 08:00:00+00:00,1.8769899606704712,1.877120018005371,1.8743599653244019,1.8748799562454224,0,0.0,0.0
2026-03-12 08:15:00+00:00,1.8749200105667114,1.876189947128296,1.8746700286865234,1.875920057296753,0,0.0,0.0
2026-03-12 08:30:00+00:00,1.8758900165557861,1.8760299682617188,1.8749200105667114,1.875499963760376,0,0.0,0.0
2026-03-12 08:45:00+00:00,1.8755300045013428,1.8761500120162964,1.874619960784912,1.8750699758529663,0,0.0,0.0
2026-03-12 09:00:00+00:00,1.8750699758529663,1.8768800497055054,1.875,1.8766900300979614,0,0.0,0.0
2026-03-12 09:15:00+00:00,1.8766900300979614,1.8778400421142578,1.8766900300979614,1.8777300119400024,0,0.0,0.0
2026-03-12 09:30:00+00:00,1.8776299953460693,1.8778200149536133,1.8768099546432495,1.8770500421524048,0,0.0,0.0
2026-03-12 09:45:00+00:00,1.8770099878311157,1.8774800300598145,1.8759299516677856,1.876420021057129,0,0.0,0.0
2026-03-12 10:00:00+00:00,1.876420021057129,1.877500057220459,1.8761800527572632,1.8771300315856934,0,0.0,0.0
2026-03-12 10:15:00+00:00,1.8772200345993042,1.8776899576187134,1.8767900466918945,1.8772799968719482,0,0.0,0.0
2026-03-12 10:30:00+00:00,1.8771899938583374,1.8774399757385254,1.8758100271224976,1.875849962234497,0,0.0,0.0
2026-03-12 10:45:00+00:00,1.8758599758148193,1.8775399923324585,1.8755199909210205,1.8770699501037598,0,0.0,0.0
2026-03-12 11:00:00+00:00,1.8770500421524048,1.8776700496673584,1.87663996219635,1.8771699666976929,0,0.0,0.0
2026-03-12 11:15:00+00:00,1.8771300315856934,1.8772200345993042,1.8759599924087524,1.8759599924087524,0,0.0,0.0
2026-03-12 11:30:00+00:00,1.8759900331497192,1.8767499923706055,1.8754500150680542,1.8760099411010742,0,0.0,0.0
2026-03-12 11:45:00+00:00,1.8760000467300415,1.8772599697113037,1.8759599924087524,1.8771100044250488,0,0.0,0.0
2026-03-12 12:00:00+00:00,1.8771100044250488,1.8781499862670898,1.8764699697494507,1.8769199848175049,0,0.0,0.0
2026-03-12 12:15:00+00:00,1.8769099712371826,1.876960039138794,1.8754600286483765,1.8757400512695312,0,0.0,0.0
2026-03-12 12:30:00+00:00,1.8762799501419067,1.8765599727630615,1.874709963798523,1.876039981842041,0,0.0,0.0
2026-03-12 12:45:00+00:00,1.875980019569397,1.8763400316238403,1.8750699758529663,1.875939965248108,0,0.0,0.0
2026-03-12 13:00:00+00:00,1.875939965248108,1.8791099786758423,1.87568998336792,1.878909945487976,0,0.0,0.0
2026-03-12 13:15:00+00:00,1.878909945487976,1.8804199695587158,1.877959966659546,1.8797500133514404,0,0.0,0.0
2026-03-12 13:30:00+00:00,1.8798500299453735,1.8819799423217773,1.8796000480651855,1.8815699815750122,0,0.0,0.0
2026-03-12 13:45:00+00:00,1.8816499710083008,1.8837599754333496,1.8809800148010254,1.8836899995803833,0,0.0,0.0
2026-03-12 14:00:00+00:00,1.883679986000061,1.8837100267410278,1.881369948387146,1.8815200328826904,0,0.0,0.0
2026-03-12 14:15:00+00:00,1.8814799785614014,1.8836499452590942,1.8813799619674683,1.883470058441162,0,0.0,0.0
2026-03-12 14:30:00+00:00,1.8834600448608398,1.88441002368927,1.8829400539398193,1.8831299543380737,0,0.0,0.0
2026-03-12 14:45:00+00:00,1.883139967918396,1.885159969329834,1.8814599514007568,1.88372004032135,0,0.0,0.0
2026-03-12 15:00:00+00:00,1.8836100101470947,1.8859399557113647,1.8833800554275513,1.8856699466705322,0,0.0,0.0
2026-03-12 15:15:00+00:00,1.8857799768447876,1.8866499662399292,1.884119987487793,1.8844599723815918,0,0.0,0.0
2026-03-12 15:30:00+00:00,1.884469985961914,1.8860299587249756,1.8819799423217773,1.8828999996185303,0,0.0,0.0
2026-03-12 15:45:00+00:00,1.8828599452972412,1.8840800523757935,1.8820600509643555,1.882949948310852,0,0.0,0.0
2026-03-12 16:00:00+00:00,1.8829699754714966,1.8850300312042236,1.8826899528503418,1.8838900327682495,0,0.0,0.0
2026-03-12 16:15:00+00:00,1.8839099407196045,1.8851900100708008,1.8817499876022339,1.8850300312042236,0,0.0,0.0
2026-03-12 16:30:00+00:00,1.8850200176239014,1.885390043258667,1.8818800449371338,1.8819899559020996,0,0.0,0.0
2026-03-12 16:45:00+00:00,1.882040023803711,1.8833800554275513,1.8817700147628784,1.883139967918396,0,0.0,0.0
2026-03-12 17:00:00+00:00,1.8831199407577515,1.8842699527740479,1.882539987564087,1.884119987487793,0,0.0,0.0
2026-03-12 17:15:00+00:00,1.8841500282287598,1.8842500448226929,1.8831100463867188,1.883810043334961,0,0.0,0.0
2026-03-12 17:30:00+00:00,1.8837699890136719,1.884600043296814,1.883489966392517,1.8844499588012695,0,0.0,0.0
2026-03-12 17:45:00+00:00,1.88441002368927,1.8855299949645996,1.88441002368927,1.8852200508117676,0,0.0,0.0
2026-03-12 18:00:00+00:00,1.8851499557495117,1.8852399587631226,1.8842500448226929,1.8848799467086792,0,0.0,0.0
2026-03-12 18:15:00+00:00,1.8848799467086792,1.8853299617767334,1.8844300508499146,1.8848999738693237,0,0.0,0.0
2026-03-12 18:30:00+00:00,1.8849200010299683,1.885759949684143,1.8846299648284912,1.8853399753570557,0,0.0,0.0
2026-03-12 18:45:00+00:00,1.8853100538253784,1.8855700492858887,1.8841500282287598,1.8842799663543701,0,0.0,0.0
2026-03-12 19:00:00+00:00,1.8842699527740479,1.8846999406814575,1.8838399648666382,1.8846100568771362,0,0.0,0.0
2026-03-12 19:15:00+00:00,1.8846299648284912,1.8849999904632568,1.8842400312423706,1.884660005569458,0,0.0,0.0
2026-03-12 19:30:00+00:00,1.8845499753952026,1.8850699663162231,1.8841899633407593,1.8848299980163574,0,0.0,0.0
2026-03-12 19:45:00+00:00,1.8848199844360352,1.885890007019043,1.8847800493240356,1.8857699632644653,0,0.0,0.0
2026-03-12 20:00:00+00:00,1.8858100175857544,1.8858799934387207,1.8848999738693237,1.885409951210022,0,0.0,0.0
2026-03-12 20:15:00+00:00,1.8853199481964111,1.8854199647903442,1.8847899436950684,1.884909987449646,0,0.0,0.0
2026-03-12 20:30:00+00:00,1.8848400115966797,1.8859800100326538,1.8847700357437134,1.885830044746399,0,0.0,0.0
2026-03-12 20:45:00+00:00,1.8858799934387207,1.8862700462341309,1.884179949760437,1.884619951248169,0,0.0,0.0
2026-03-12 21:00:00+00:00,1.8846100568771362,1.885699987411499,1.8828599452972412,1.885699987411499,0,0.0,0.0
2026-03-12 21:15:00+00:00,1.884119987487793,1.8863600492477417,1.8836300373077393,1.8849200010299683,0,0.0,0.0
2026-03-12 21:30:00+00:00,1.8849200010299683,1.8870999813079834,1.8846299648284912,1.886139988899231,0,0.0,0.0
2026-03-12 21:45:00+00:00,1.8855600357055664,1.8869199752807617,1.8841999769210815,1.8855400085449219,0,0.0,0.0
2026-03-12 22:00:00+00:00,1.8847899436950684,1.8870899677276611,1.8847099542617798,1.8863099813461304,0,0.0,0.0
2026-03-12 22:15:00+00:00,1.8863099813461304,1.8867100477218628,1.8856799602508545,1.8861600160598755,0,0.0,0.0
2026-03-12 22:30:00+00:00,1.8863400220870972,1.886430025100708,1.88510000705719,1.885740041732788,0,0.0,0.0
2026-03-12 22:45:00+00:00,1.8857500553131104,1.8861099481582642,1.885349988937378,1.8857100009918213,0,0.0,0.0
2026-03-12 23:00:00+00:00,1.8857200145721436,1.8860100507736206,1.8852499723434448,1.8858000040054321,0,0.0,0.0
2026-03-12 23:15:00+00:00,1.8857799768447876,1.886489987373352,1.8854299783706665,1.8863799571990967,0,0.0,0.0
2026-03-12 23:30:00+00:00,1.8862099647521973,1.8869500160217285,1.885990023612976,1.8862799406051636,0,0.0,0.0
2026-03-12 23:45:00+00:00,1.8862799406051636,1.8871899843215942,1.885349988937378,1.8865900039672852,0,0.0,0.0
2026-03-13 00:00:00+00:00,1.8866699934005737,1.8883299827575684,1.8863199949264526,1.8865000009536743,0,0.0,0.0
2026-03-13 00:15:00+00:00,1.8865100145339966,1.886780023574829,1.8858400583267212,1.8861600160598755,0,0.0,0.0
2026-03-13 00:30:00+00:00,1.8863199949264526,1.8863600492477417,1.8851699829101562,1.8863500356674194,0,0.0,0.0
2026-03-13 00:45:00+00:00,1.886240005493164,1.8864699602127075,1.8856699466705322,1.8861700296401978,0,0.0,0.0
2026-03-13 01:00:00+00:00,1.8861900568008423,1.8863799571990967,1.8847800493240356,1.8848299980163574,0,0.0,0.0
2026-03-13 01:15:00+00:00,1.8848299980163574,1.88618004322052,1.8847500085830688,1.8857200145721436,0,0.0,0.0
2026-03-13 01:30:00+00:00,1.8857200145721436,1.88618004322052,1.8851200342178345,1.8860299587249756,0,0.0,0.0
2026-03-13 01:45:00+00:00,1.885949969291687,1.8868600130081177,1.8857899904251099,1.885849952697754,0,0.0,0.0
2026-03-13 02:00:00+00:00,1.8859100341796875,1.8859200477600098,1.884559988975525,1.8856099843978882,0,0.0,0.0
2026-03-13 02:15:00+00:00,1.8855400085449219,1.8860000371932983,1.8851699829101562,1.8854600191116333,0,0.0,0.0
2026-03-13 02:30:00+00:00,1.885409951210022,1.8863500356674194,1.8848799467086792,1.8862299919128418,0,0.0,0.0
2026-03-13 02:45:00+00:00,1.886139988899231,1.8873499631881714,1.8857200145721436,1.8865200281143188,0,0.0,0.0
2026-03-13 03:00:00+00:00,1.8865100145339966,1.8867100477218628,1.8856199979782104,1.8863799571990967,0,0.0,0.0
2026-03-13 03:15:00+00:00,1.8863799571990967,1.8875000476837158,1.8862799406051636,1.8873599767684937,0,0.0,0.0
2026-03-13 03:30:00+00:00,1.8872900009155273,1.8892699480056763,1.887279987335205,1.8881800174713135,0,0.0,0.0
2026-03-13 03:45:00+00:00,1.8881800174713135,1.8882999420166016,1.8869999647140503,1.8873200416564941,0,0.0,0.0
2026-03-13 04:00:00+00:00,1.8873200416564941,1.887660026550293,1.8869600296020508,1.887410044670105,0,0.0,0.0
2026-03-13 04:15:00+00:00,1.88742995262146,1.8881900310516357,1.8871500492095947,1.887529969215393,0,0.0,0.0
2026-03-13 04:30:00+00:00,1.887369990348816,1.888409972190857,1.8872499465942383,1.8877400159835815,0,0.0,0.0
2026-03-13 04:45:00+00:00,1.887719988822937,1.887779951095581,1.8869800567626953,1.887410044670105,0,0.0,0.0
2026-03-13 05:00:00+00:00,1.8874000310897827,1.888219952583313,1.8870199918746948,1.887850046157837,0,0.0,0.0
2026-03-13 05:15:00+00:00,1.887869954109192,1.8883700370788574,1.8871099948883057,1.8873900175094604,0,0.0,0.0
2026-03-13 05:30:00+00:00,1.8873399496078491,1.8877999782562256,1.88687002658844,1.887619972229004,0,0.0,0.0
2026-03-13 05:45:00+00:00,1.8877099752426147,1.8882299661636353,1.8870999813079834,1.8875099420547485,0,0.0,0.0
2026-03-13 06:00:00+00:00,1.8875099420547485,1.8880399465560913,1.8868999481201172,1.8880000114440918,0,0.0,0.0
2026-03-13 06:15:00+00:00,1.8878799676895142,1.8897700309753418,1.887660026550293,1.8897099494934082,0,0.0,0.0
2026-03-13 06:30:00+00:00,1.8896000385284424,1.8924200534820557,1.8895599842071533,1.8907999992370605,0,0.0,0.0
2026-03-13 06:45:00+00:00,1.8907999992370605,1.8921799659729004,1.890529990196228,1.8917900323867798,0,0.0,0.0
2026-03-13 07:00:00+00:00,1.8917900323867798,1.8920799493789673,1.8897700309753418,1.8898500204086304,0,0.0,0.0
2026-03-13 07:15:00+00:00,1.8898500204086304,1.8911999464035034,1.8895699977874756,1.8901900053024292,0,0.0,0.0
2026-03-13 07:30:00+00:00,1.8903199434280396,1.891569972038269,1.8894200325012207,1.8913999795913696,0,0.0,0.0
2026-03-13 07:45:00+00:00,1.8913899660110474,1.8916399478912354,1.8898099660873413,1.8898600339889526,0,0.0,0.0
2026-03-13 08:00:00+00:00,1.889870047569275,1.8908900022506714,1.8893500566482544,1.8896700143814087,0,0.0,0.0
2026-03-13 08:15:00+00:00,1.8898299932479858,1.8900599479675293,1.8884600400924683,1.888800024986267,0,0.0,0.0
2026-03-13 08:30:00+00:00,1.8888499736785889,1.8888700008392334,1.8872400522232056,1.8877300024032593,0,0.0,0.0
2026-03-13 08:45:00+00:00,1.8877400159835815,1.8882299661636353,1.884160041809082,1.8842099905014038,0,0.0,0.0
2026-03-13 09:00:00+00:00,1.8842400312423706,1.8849799633026123,1.8825900554656982,1.8848299980163574,0,0.0,0.0
2026-03-13 09:15:00+00:00,1.8848400115966797,1.8860399723052979,1.8845000267028809,1.8846700191497803,0,0.0,0.0
2026-03-13 09:30:00+00:00,1.8846700191497803,1.8863999843597412,1.8842799663543701,1.8842999935150146,0,0.0,0.0
2026-03-13 09:45:00+00:00,1.8842899799346924,1.8850899934768677,1.8840299844741821,1.884850025177002,0,0.0,0.0
2026-03-13 10:00:00+00:00,1.884850025177002,1.8854600191116333,1.8839600086212158,1.8840800523757935,0,0.0,0.0
2026-03-13 10:15:00+00:00,1.8840500116348267,1.884310007095337,1.8831199407577515,1.8836599588394165,0,0.0,0.0
2026-03-13 10:30:00+00:00,1.8836599588394165,1.8840800523757935,1.8832299709320068,1.8838499784469604,0,0.0,0.0
2026-03-13 10:45:00+00:00,1.8838200569152832,1.884119987487793,1.8827500343322754,1.8836699724197388,0,0.0,0.0
2026-03-13 11:00:00+00:00,1.8836400508880615,1.8842300176620483,1.8821200132369995,1.8833400011062622,0,0.0,0.0
2026-03-13 11:15:00+00:00,1.8833400011062622,1.8836699724197388,1.8822599649429321,1.882539987564087,0,0.0,0.0
2026-03-13 11:30:00+00:00,1.8825299739837646,1.883239984512329,1.8816900253295898,1.8816900253295898,0,0.0,0.0
2026-03-13 11:45:00+00:00,1.8816800117492676,1.882040023803711,1.8800699710845947,1.8801499605178833,0,0.0,0.0
2026-03-13 12:00:00+00:00,1.8801300525665283,1.8815699815750122,1.8797500133514404,1.8809900283813477,0,0.0,0.0
2026-03-13 12:15:00+00:00,1.8810299634933472,1.8819299936294556,1.8799500465393066,1.8809399604797363,0,0.0,0.0
2026-03-13 12:30:00+00:00,1.8797399997711182,1.8827699422836304,1.878980040550232,1.8811099529266357,0,0.0,0.0
2026-03-13 12:45:00+00:00,1.8811099529266357,1.8816399574279785,1.8803900480270386,1.880620002746582,0,0.0,0.0
2026-03-13 13:00:00+00:00,1.880620002746582,1.8844399452209473,1.8804800510406494,1.8831299543380737,0,0.0,0.0
2026-03-13 13:15:00+00:00,1.883180022239685,1.8844900131225586,1.8831000328063965,1.8839399814605713,0,0.0,0.0
2026-03-13 13:30:00+00:00,1.8839800357818604,1.885200023651123,1.883270025253296,1.8837900161743164,0,0.0,0.0
2026-03-13 13:45:00+00:00,1.8838200569152832,1.8845100402832031,1.882930040359497,1.8837900161743164,0,0.0,0.0
2026-03-13 14:00:00+00:00,1.8835999965667725,1.8842899799346924,1.8828999996185303,1.884179949760437,0,0.0,0.0
2026-03-13 14:15:00+00:00,1.8842099905014038,1.884850025177002,1.8828400373458862,1.8835899829864502,0,0.0,0.0
2026-03-13 14:30:00+00:00,1.8836599588394165,1.8853700160980225,1.8831900358200073,1.8851799964904785,0,0.0,0.0
2026-03-13 14:45:00+00:00,1.8852299451828003,1.8879400491714478,1.8847800493240356,1.8868999481201172,0,0.0,0.0
2026-03-13 15:00:00+00:00,1.8869099617004395,1.8878099918365479,1.8862199783325195,1.8866699934005737,0,0.0,0.0
2026-03-13 15:15:00+00:00,1.886780023574829,1.8876700401306152,1.8862500190734863,1.8876700401306152,0,0.0,0.0
2026-03-13 15:30:00+00:00,1.8876700401306152,1.8885300159454346,1.88687002658844,1.888100028038025,0,0.0,0.0
2026-03-13 15:45:00+00:00,1.8882100582122803,1.8905800580978394,1.8853800296783447,1.8905600309371948,0,0.0,0.0
2026-03-13 16:00:00+00:00,1.8904999494552612,1.8907699584960938,1.8893699645996094,1.890030026435852,0,0.0,0.0
2026-03-13 16:15:00+00:00,1.8900599479675293,1.8908699750900269,1.889799952507019,1.8907300233840942,0,0.0,0.0
2026-03-13 16:30:00+00:00,1.8907599449157715,1.890820026397705,1.888219952583313,1.8890700340270996,0,0.0,0.0
2026-03-13 16:45:00+00:00,1.8891299962997437,1.8903299570083618,1.888569951057434,1.8903199434280396,0,0.0,0.0
2026-03-13 17:00:00+00:00,1.8902599811553955,1.8907599449157715,1.8890899419784546,1.8891199827194214,0,0.0,0.0
2026-03-13 17:15:00+00:00,1.8891299962997437,1.8899400234222412,1.8887200355529785,1.8896600008010864,0,0.0,0.0
2026-03-13 17:30:00+00:00,1.8897199630737305,1.8906099796295166,1.8895399570465088,1.8900200128555298,0,0.0,0.0
2026-03-13 17:45:00+00:00,1.889989972114563,1.8914999961853027,1.8898999691009521,1.8912299871444702,0,0.0,0.0
2026-03-13 18:00:00+00:00,1.8912299871444702,1.8917700052261353,1.8907099962234497,1.8907999992370605,0,0.0,0.0
2026-03-13 18:15:00+00:00,1.8908400535583496,1.8914400339126587,1.8904099464416504,1.8909399509429932,0,0.0,0.0
2026-03-13 18:30:00+00:00,1.890910029411316,1.8911000490188599,1.889930009841919,1.8901900053024292,0,0.0,0.0
2026-03-13 18:45:00+00:00,1.8901900053024292,1.8911099433898926,1.8900500535964966,1.8906699419021606,0,0.0,0.0
2026-03-13 19:00:00+00:00,1.890720009803772,1.8913899660110474,1.8905800580978394,1.8908699750900269,0,0.0,0.0
2026-03-13 19:15:00+00:00,1.8908499479293823,1.8913700580596924,1.890570044517517,1.8910200595855713,0,0.0,0.0
2026-03-13 19:30:00+00:00,1.8910200595855713,1.891450047492981,1.8907699584960938,1.8910599946975708,0,0.0,0.0
2026-03-13 19:45:00+00:00,1.8910399675369263,1.8920400142669678,1.8905199766159058,1.8919199705123901,0,0.0,0.0
2026-03-13 20:00:00+00:00,1.8919399976730347,1.892989993095398,1.8917200565338135,1.8925800323486328,0,0.0,0.0
2026-03-13 20:15:00+00:00,1.8925800323486328,1.8936599493026733,1.8923799991607666,1.893470048904419,0,0.0,0.0
2026-03-13 20:30:00+00:00,1.8933900594711304,1.8939000368118286,1.8932700157165527,1.8933199644088745,0,0.0,0.0
2026-03-13 20:45:00+00:00,1.8934400081634521,1.8941099643707275,1.8921899795532227,1.8930000066757202,0,0.0,0.0
2026-03-13 21:00:00+00:00,1.8940600156784058,1.8945200443267822,1.8940600156784058,1.8945200443267822,0,0.0,0.0
2026-03-13 21:15:00+00:00,1.8945200443267822,1.8945200443267822,1.8945200443267822,1.8945200443267822,0,0.0,0.0
2026-03-13 21:30:00+00:00,1.8945200443267822,1.8945200443267822,1.8945200443267822,1.8945200443267822,0,0.0,0.0
2026-03-13 21:45:00+00:00,1.8945200443267822,1.8945200443267822,1.8945200443267822,1.8945200443267822,0,0.0,0.0
2026-03-13 22:00:00+00:00,1.8945200443267822,1.8945200443267822,1.8945200443267822,1.8945200443267822,0,0.0,0.0
2026-03-13 22:15:00+00:00,1.8945200443267822,1.8945200443267822,1.8945200443267822,1.8945200443267822,0,0.0,0.0
2026-03-16 00:00:00+00:00,1.8908100128173828,1.8910599946975708,1.8887499570846558,1.8892500400543213,0,0.0,0.0
2026-03-16 00:15:00+00:00,1.8893400430679321,1.8909200429916382,1.889050006866455,1.8908400535583496,0,0.0,0.0
2026-03-16 00:30:00+00:00,1.8908699750900269,1.8912099599838257,1.889240026473999,1.8898999691009521,0,0.0,0.0
2026-03-16 00:45:00+00:00,1.8900099992752075,1.8907099962234497,1.8892799615859985,1.8904000520706177,0,0.0,0.0
2026-03-16 01:00:00+00:00,1.8904600143432617,1.8910499811172485,1.8896000385284424,1.8908300399780273,0,0.0,0.0
2026-03-16 01:15:00+00:00,1.8909499645233154,1.892009973526001,1.890679955482483,1.8917800188064575,0,0.0,0.0
2026-03-16 01:30:00+00:00,1.8917800188064575,1.8933600187301636,1.8903900384902954,1.8905400037765503,0,0.0,0.0
2026-03-16 01:45:00+00:00,1.8905999660491943,1.8912800550460815,1.8899199962615967,1.8904800415039062,0,0.0,0.0
2026-03-16 02:00:00+00:00,1.890589952468872,1.8912099599838257,1.8902499675750732,1.890820026397705,0,0.0,0.0
2026-03-16 02:15:00+00:00,1.8907999992370605,1.8912899494171143,1.8904900550842285,1.890910029411316,0,0.0,0.0
2026-03-16 02:30:00+00:00,1.890910029411316,1.8910499811172485,1.890030026435852,1.8909000158309937,0,0.0,0.0
2026-03-16 02:45:00+00:00,1.8908599615097046,1.891469955444336,1.8903199434280396,1.8912899494171143,0,0.0,0.0
2026-03-16 03:00:00+00:00,1.8913700580596924,1.8919899463653564,1.8909599781036377,1.8918299674987793,0,0.0,0.0
2026-03-16 03:15:00+00:00,1.8919299840927124,1.8922799825668335,1.8915599584579468,1.8916699886322021,0,0.0,0.0
2026-03-16 03:30:00+00:00,1.8917200565338135,1.8917900323867798,1.890570044517517,1.8911800384521484,0,0.0,0.0
2026-03-16 03:45:00+00:00,1.8912800550460815,1.8919199705123901,1.8909900188446045,1.891569972038269,0,0.0,0.0
2026-03-16 04:00:00+00:00,1.8915300369262695,1.8916300535202026,1.890570044517517,1.8915499448776245,0,0.0,0.0
2026-03-16 04:15:00+00:00,1.8914599418640137,1.8916900157928467,1.8904399871826172,1.8911499977111816,0,0.0,0.0
2026-03-16 04:30:00+00:00,1.8911499977111816,1.8913700580596924,1.8906699419021606,1.891029953956604,0,0.0,0.0
2026-03-16 04:45:00+00:00,1.8909300565719604,1.8919399976730347,1.8908699750900269,1.8917399644851685,0,0.0,0.0
2026-03-16 05:00:00+00:00,1.8917299509048462,1.8918499946594238,1.8906699419021606,1.8914200067520142,0,0.0,0.0
2026-03-16 05:15:00+00:00,1.8913600444793701,1.8917100429534912,1.8906899690628052,1.8907400369644165,0,0.0,0.0
2026-03-16 05:30:00+00:00,1.890720009803772,1.8909200429916382,1.889140009880066,1.8895100355148315,0,0.0,0.0
2026-03-16 05:45:00+00:00,1.889430046081543,1.8895399570465088,1.8880499601364136,1.8889100551605225,0,0.0,0.0
2026-03-16 06:00:00+00:00,1.8888700008392334,1.8891299962997437,1.887719988822937,1.8884600400924683,0,0.0,0.0
2026-03-16 06:15:00+00:00,1.8884600400924683,1.888800024986267,1.8875399827957153,1.8878899812698364,0,0.0,0.0
2026-03-16 06:30:00+00:00,1.8880300521850586,1.8887100219726562,1.8874200582504272,1.8877899646759033,0,0.0,0.0
2026-03-16 06:45:00+00:00,1.8877899646759033,1.8884299993515015,1.8875600099563599,1.8878999948501587,0,0.0,0.0
2026-03-16 07:00:00+00:00,1.8878400325775146,1.8882900476455688,1.88687002658844,1.887030005455017,0,0.0,0.0
2026-03-16 07:15:00+00:00,1.887030005455017,1.8880499601364136,1.886970043182373,1.8872900009155273,0,0.0,0.0
2026-03-16 07:30:00+00:00,1.8873000144958496,1.888990044593811,1.8868499994277954,1.8886499404907227,0,0.0,0.0
2026-03-16 07:45:00+00:00,1.8885799646377563,1.8887100219726562,1.8877400159835815,1.8883299827575684,0,0.0,0.0
2026-03-16 08:00:00+00:00,1.8882900476455688,1.88864004611969,1.8873399496078491,1.8879200220108032,0,0.0,0.0
2026-03-16 08:15:00+00:00,1.8879200220108032,1.8889100551605225,1.8874499797821045,1.888759970664978,0,0.0,0.0
2026-03-16 08:30:00+00:00,1.8887799978256226,1.8889199495315552,1.8876299858093262,1.887969970703125,0,0.0,0.0
2026-03-16 08:45:00+00:00,1.8879599571228027,1.888100028038025,1.886639952659607,1.8870999813079834,0,0.0,0.0
2026-03-16 09:00:00+00:00,1.8870799541473389,1.888159990310669,1.8867000341415405,1.8871300220489502,0,0.0,0.0
2026-03-16 09:15:00+00:00,1.8870400190353394,1.8872300386428833,1.8861299753189087,1.8864599466323853,0,0.0,0.0
2026-03-16 09:30:00+00:00,1.886430025100708,1.8869500160217285,1.8858799934387207,1.8864099979400635,0,0.0,0.0
2026-03-16 09:45:00+00:00,1.8863600492477417,1.8868399858474731,1.8855700492858887,1.8857500553131104,0,0.0,0.0
2026-03-16 10:00:00+00:00,1.885740041732788,1.8865100145339966,1.8848700523376465,1.8848799467086792,0,0.0,0.0
2026-03-16 10:15:00+00:00,1.8848799467086792,1.8855600357055664,1.8839199542999268,1.8842500448226929,0,0.0,0.0
2026-03-16 10:30:00+00:00,1.8842400312423706,1.8851900100708008,1.8831499814987183,1.8835400342941284,0,0.0,0.0
2026-03-16 10:45:00+00:00,1.8834999799728394,1.8836699724197388,1.8823699951171875,1.8824800252914429,0,0.0,0.0
2026-03-16 11:00:00+00:00,1.8824800252914429,1.8828099966049194,1.8814899921417236,1.8816800117492676,0,0.0,0.0
2026-03-16 11:15:00+00:00,1.8815499544143677,1.8822499513626099,1.8812899589538574,1.8820699453353882,0,0.0,0.0
2026-03-16 11:30:00+00:00,1.882040023803711,1.8828699588775635,1.8817800283432007,1.8827199935913086,0,0.0,0.0
2026-03-16 11:45:00+00:00,1.8827199935913086,1.8837900161743164,1.8826299905776978,1.8834400177001953,0,0.0,0.0
2026-03-16 12:00:00+00:00,1.8834500312805176,1.8835899829864502,1.8825099468231201,1.8828200101852417,0,0.0,0.0
2026-03-16 12:15:00+00:00,1.882889986038208,1.8835099935531616,1.8825000524520874,1.8826600313186646,0,0.0,0.0
2026-03-16 12:30:00+00:00,1.8827300071716309,1.883389949798584,1.8823699951171875,1.8833199739456177,0,0.0,0.0
2026-03-16 12:45:00+00:00,1.8833199739456177,1.8833999633789062,1.8824199438095093,1.8831100463867188,0,0.0,0.0
2026-03-16 13:00:00+00:00,1.8830599784851074,1.8836499452590942,1.8823399543762207,1.8829200267791748,0,0.0,0.0
2026-03-16 13:15:00+00:00,1.8827999830245972,1.8831700086593628,1.882040023803711,1.882889986038208,0,0.0,0.0
2026-03-16 13:30:00+00:00,1.8828999996185303,1.8830900192260742,1.8810900449752808,1.8819899559020996,0,0.0,0.0
2026-03-16 13:45:00+00:00,1.8819899559020996,1.8830499649047852,1.881410002708435,1.88155996799469,0,0.0,0.0
2026-03-16 14:00:00+00:00,1.8815699815750122,1.8819799423217773,1.8809399604797363,1.8813199996948242,0,0.0,0.0
2026-03-16 14:15:00+00:00,1.8813199996948242,1.8823100328445435,1.8806500434875488,1.8823000192642212,0,0.0,0.0
2026-03-16 14:30:00+00:00,1.8822699785232544,1.8840199708938599,1.8821799755096436,1.8839499950408936,0,0.0,0.0
2026-03-16 14:45:00+00:00,1.8838000297546387,1.8845499753952026,1.8823399543762207,1.882599949836731,0,0.0,0.0
2026-03-16 15:00:00+00:00,1.8825199604034424,1.8841700553894043,1.8823000192642212,1.8839099407196045,0,0.0,0.0
2026-03-16 15:15:00+00:00,1.883870005607605,1.884600043296814,1.8837699890136719,1.8843499422073364,0,0.0,0.0
2026-03-16 15:30:00+00:00,1.8842799663543701,1.8854199647903442,1.8839900493621826,1.8851699829101562,0,0.0,0.0
2026-03-16 15:45:00+00:00,1.8851699829101562,1.8861700296401978,1.8848600387573242,1.8853399753570557,0,0.0,0.0
2026-03-16 16:00:00+00:00,1.8854199647903442,1.8861600160598755,1.8844200372695923,1.8852900266647339,0,0.0,0.0
2026-03-16 16:15:00+00:00,1.8852800130844116,1.8866300582885742,1.8849600553512573,1.8861600160598755,0,0.0,0.0
2026-03-16 16:30:00+00:00,1.8861700296401978,1.886299967765808,1.8846900463104248,1.8850699663162231,0,0.0,0.0
2026-03-16 16:45:00+00:00,1.8849999904632568,1.8861700296401978,1.8849899768829346,1.8859100341796875,0,0.0,0.0
2026-03-16 17:00:00+00:00,1.8859200477600098,1.886139988899231,1.88496994972229,1.8853100538253784,0,0.0,0.0
2026-03-16 17:15:00+00:00,1.8853800296783447,1.8858699798583984,1.8848199844360352,1.8852800130844116,0,0.0,0.0
2026-03-16 17:30:00+00:00,1.8853199481964111,1.8857300281524658,1.8849300146102905,1.8854800462722778,0,0.0,0.0
2026-03-16 17:45:00+00:00,1.8855700492858887,1.8860100507736206,1.885159969329834,1.8853700160980225,0,0.0,0.0
2026-03-16 18:00:00+00:00,1.885390043258667,1.8855700492858887,1.8848600387573242,1.8850599527359009,0,0.0,0.0
2026-03-16 18:15:00+00:00,1.8849400281906128,1.8855400085449219,1.8844000101089478,1.8852100372314453,0,0.0,0.0
2026-03-16 18:30:00+00:00,1.8851300477981567,1.885409951210022,1.883810043334961,1.884119987487793,0,0.0,0.0
2026-03-16 18:45:00+00:00,1.8840399980545044,1.8845200538635254,1.8837300539016724,1.8842300176620483,0,0.0,0.0
2026-03-16 19:00:00+00:00,1.8842400312423706,1.8846399784088135,1.8832499980926514,1.8844799995422363,0,0.0,0.0
2026-03-16 19:15:00+00:00,1.884469985961914,1.8849400281906128,1.8841999769210815,1.8846700191497803,0,0.0,0.0
2026-03-16 19:30:00+00:00,1.8846399784088135,1.8850200176239014,1.8843799829483032,1.884950041770935,0,0.0,0.0
2026-03-16 19:45:00+00:00,1.884909987449646,1.8851300477981567,1.8836699724197388,1.8839199542999268,0,0.0,0.0
2026-03-16 20:00:00+00:00,1.8839999437332153,1.8842500448226929,1.8832800388336182,1.883370041847229,0,0.0,0.0
2026-03-16 20:15:00+00:00,1.8834799528121948,1.8842300176620483,1.8831700086593628,1.8839199542999268,0,0.0,0.0
2026-03-16 20:30:00+00:00,1.8840500116348267,1.8845700025558472,1.8836499452590942,1.8838200569152832,0,0.0,0.0
2026-03-16 20:45:00+00:00,1.8837300539016724,1.8842600584030151,1.8822799921035767,1.8824299573898315,0,0.0,0.0
2026-03-16 21:00:00+00:00,1.8830699920654297,1.8836300373077393,1.8808000087738037,1.8820600509643555,0,0.0,0.0
2026-03-16 21:15:00+00:00,1.8821799755096436,1.8835599422454834,1.8818199634552002,1.8822400569915771,0,0.0,0.0
2026-03-16 21:30:00+00:00,1.883039951324463,1.8847999572753906,1.8818800449371338,1.8829100131988525,0,0.0,0.0
2026-03-16 21:45:00+00:00,1.88372004032135,1.884660005569458,1.8814300298690796,1.881719946861267,0,0.0,0.0
2026-03-16 22:00:00+00:00,1.8829100131988525,1.8843300342559814,1.8813799619674683,1.8838900327682495,0,0.0,0.0
2026-03-16 22:15:00+00:00,1.8837800025939941,1.8844000101089478,1.8837300539016724,1.8840999603271484,0,0.0,0.0
2026-03-16 22:30:00+00:00,1.8840999603271484,1.8843899965286255,1.8837499618530273,1.8839199542999268,0,0.0,0.0
2026-03-16 22:45:00+00:00,1.8839199542999268,1.8845499753952026,1.8836400508880615,1.8842899799346924,0,0.0,0.0
2026-03-16 23:00:00+00:00,1.884220004081726,1.8844900131225586,1.8836100101470947,1.8841300010681152,0,0.0,0.0
2026-03-16 23:15:00+00:00,1.8840399980545044,1.8844599723815918,1.8837800025939941,1.8840700387954712,0,0.0,0.0
2026-03-16 23:30:00+00:00,1.883970022201538,1.884220004081726,1.8834400177001953,1.8836100101470947,0,0.0,0.0
2026-03-16 23:45:00+00:00,1.8837900161743164,1.883970022201538,1.8832000494003296,1.8835400342941284,0,0.0,0.0
2026-03-17 00:00:00+00:00,1.8835699558258057,1.8843799829483032,1.8834999799728394,1.8838499784469604,0,0.0,0.0
2026-03-17 00:15:00+00:00,1.8837300539016724,1.884220004081726,1.8832900524139404,1.8833400011062622,0,0.0,0.0
2026-03-17 00:30:00+00:00,1.8834099769592285,1.8841899633407593,1.8829100131988525,1.8838200569152832,0,0.0,0.0
2026-03-17 00:45:00+00:00,1.883829951286316,1.8841899633407593,1.8832000494003296,1.8835899829864502,0,0.0,0.0
2026-03-17 01:00:00+00:00,1.883489966392517,1.8837599754333496,1.8812600374221802,1.8814500570297241,0,0.0,0.0
2026-03-17 01:15:00+00:00,1.8817499876022339,1.8819799423217773,1.8807799816131592,1.880929946899414,0,0.0,0.0
2026-03-17 01:30:00+00:00,1.880810022354126,1.8816499710083008,1.8804199695587158,1.8809499740600586,0,0.0,0.0
2026-03-17 01:45:00+00:00,1.8810499906539917,1.8814400434494019,1.8789700269699097,1.8789700269699097,0,0.0,0.0
2026-03-17 02:00:00+00:00,1.8790299892425537,1.8795100450515747,1.878440022468567,1.8786799907684326,0,0.0,0.0
2026-03-17 02:15:00+00:00,1.8785799741744995,1.8789700269699097,1.8779900074005127,1.8786900043487549,0,0.0,0.0
2026-03-17 02:30:00+00:00,1.8787000179290771,1.8791199922561646,1.878119945526123,1.8788100481033325,0,0.0,0.0
2026-03-17 02:45:00+00:00,1.8788399696350098,1.8804899454116821,1.8787699937820435,1.8804099559783936,0,0.0,0.0
2026-03-17 03:00:00+00:00,1.880429983139038,1.8804600238800049,1.879539966583252,1.8798500299453735,0,0.0,0.0
2026-03-17 03:15:00+00:00,1.8797800540924072,1.8800599575042725,1.8785699605941772,1.8795900344848633,0,0.0,0.0
2026-03-17 03:30:00+00:00,1.8795100450515747,1.8877500295639038,1.8749799728393555,1.8874000310897827,0,0.0,0.0
2026-03-17 03:45:00+00:00,1.8874499797821045,1.8874900341033936,1.882290005683899,1.8824299573898315,0,0.0,0.0
2026-03-17 04:00:00+00:00,1.8823399543762207,1.8836599588394165,1.8821899890899658,1.882949948310852,0,0.0,0.0
2026-03-17 04:15:00+00:00,1.882830023765564,1.884060025215149,1.8820099830627441,1.8839900493621826,0,0.0,0.0
2026-03-17 04:30:00+00:00,1.8839800357818604,1.8840399980545044,1.8807300329208374,1.8808799982070923,0,0.0,0.0
2026-03-17 04:45:00+00:00,1.8808799982070923,1.8821500539779663,1.880079984664917,1.8819899559020996,0,0.0,0.0
2026-03-17 05:00:00+00:00,1.8820199966430664,1.882159948348999,1.880139946937561,1.880139946937561,0,0.0,0.0
2026-03-17 05:15:00+00:00,1.880139946937561,1.8802599906921387,1.8771899938583374,1.877269983291626,0,0.0,0.0
2026-03-17 05:30:00+00:00,1.877369999885559,1.8789600133895874,1.877120018005371,1.8785699605941772,0,0.0,0.0
2026-03-17 05:45:00+00:00,1.878600001335144,1.8803800344467163,1.8785200119018555,1.8800699710845947,0,0.0,0.0
2026-03-17 06:00:00+00:00,1.8799400329589844,1.8812799453735352,1.8797500133514404,1.880679965019226,0,0.0,0.0
2026-03-17 06:15:00+00:00,1.8807599544525146,1.8818199634552002,1.8800100088119507,1.8801599740982056,0,0.0,0.0
2026-03-17 06:30:00+00:00,1.88018000125885,1.8809700012207031,1.8790500164031982,1.879140019416809,0,0.0,0.0
2026-03-17 06:45:00+00:00,1.8792599439620972,1.879930019378662,1.8786799907684326,1.8794000148773193,0,0.0,0.0
2026-03-17 07:00:00+00:00,1.8792799711227417,1.8808599710464478,1.8792799711227417,1.8808599710464478,0,0.0,0.0
2026-03-17 07:15:00+00:00,1.8807599544525146,1.882390022277832,1.8805500268936157,1.8822799921035767,0,0.0,0.0
2026-03-17 07:30:00+00:00,1.8822799921035767,1.8837699890136719,1.8818000555038452,1.88372004032135,0,0.0,0.0
2026-03-17 07:45:00+00:00,1.883739948272705,1.8840500116348267,1.8823699951171875,1.8825299739837646,0,0.0,0.0
2026-03-17 08:00:00+00:00,1.8826199769973755,1.8834600448608398,1.8817600011825562,1.8831000328063965,0,0.0,0.0
2026-03-17 08:15:00+00:00,1.883139967918396,1.8834099769592285,1.8819999694824219,1.8827699422836304,0,0.0,0.0
2026-03-17 08:30:00+00:00,1.8827500343322754,1.8838900327682495,1.882539987564087,1.882680058479309,0,0.0,0.0
2026-03-17 08:45:00+00:00,1.8826700448989868,1.8832099437713623,1.8812199831008911,1.8815799951553345,0,0.0,0.0
2026-03-17 09:00:00+00:00,1.8816100358963013,1.8823599815368652,1.8808000087738037,1.8819600343704224,0,0.0,0.0
2026-03-17 09:15:00+00:00,1.8820099830627441,1.8822300434112549,1.880579948425293,1.881100058555603,0,0.0,0.0
2026-03-17 09:30:00+00:00,1.8811500072479248,1.8825600147247314,1.8810299634933472,1.881700038909912,0,0.0,0.0
2026-03-17 09:45:00+00:00,1.8816800117492676,1.881850004196167,1.8802000284194946,1.88100004196167,0,0.0,0.0
2026-03-17 10:00:00+00:00,1.8809700012207031,1.8814599514007568,1.8805400133132935,1.88100004196167,0,0.0,0.0
2026-03-17 10:15:00+00:00,1.8810800313949585,1.8817700147628784,1.8805899620056152,1.8807100057601929,0,0.0,0.0
2026-03-17 10:30:00+00:00,1.8807100057601929,1.8812299966812134,1.8800300359725952,1.8812199831008911,0,0.0,0.0
2026-03-17 10:45:00+00:00,1.8811500072479248,1.8820199966430664,1.8803000450134277,1.8804600238800049,0,0.0,0.0
2026-03-17 11:00:00+00:00,1.8804199695587158,1.8815699815750122,1.8803199529647827,1.88086998462677,0,0.0,0.0
2026-03-17 11:15:00+00:00,1.8808300495147705,1.8817100524902344,1.8805899620056152,1.8815799951553345,0,0.0,0.0
2026-03-17 11:30:00+00:00,1.8815699815750122,1.8820600509643555,1.8812099695205688,1.8816800117492676,0,0.0,0.0
2026-03-17 11:45:00+00:00,1.8816800117492676,1.8818700313568115,1.8799599409103394,1.8809700012207031,0,0.0,0.0
2026-03-17 12:00:00+00:00,1.881019949913025,1.8813600540161133,1.8789299726486206,1.879770040512085,0,0.0,0.0
2026-03-17 12:15:00+00:00,1.87978994846344,1.8802800178527832,1.879140019416809,1.8792999982833862,0,0.0,0.0
2026-03-17 12:30:00+00:00,1.879390001296997,1.8799699544906616,1.8782299757003784,1.8784600496292114,0,0.0,0.0
2026-03-17 12:45:00+00:00,1.8783799409866333,1.8794699907302856,1.8781800270080566,1.8783400058746338,0,0.0,0.0
2026-03-17 13:00:00+00:00,1.8782999515533447,1.8788000345230103,1.8773399591445923,1.877810001373291,0,0.0,0.0
2026-03-17 13:15:00+00:00,1.8777799606323242,1.878159999847412,1.8754099607467651,1.8764100074768066,0,0.0,0.0
2026-03-17 13:30:00+00:00,1.8763600587844849,1.8772300481796265,1.8760000467300415,1.876099944114685,0,0.0,0.0
2026-03-17 13:45:00+00:00,1.876099944114685,1.8776899576187134,1.8759000301361084,1.8767999410629272,0,0.0,0.0
2026-03-17 14:00:00+00:00,1.8767800331115723,1.8779100179672241,1.8762400150299072,1.8779100179672241,0,0.0,0.0
2026-03-17 14:15:00+00:00,1.8778899908065796,1.8789499998092651,1.8776899576187134,1.8788599967956543,0,0.0,0.0
2026-03-17 14:30:00+00:00,1.878790020942688,1.8793100118637085,1.8784600496292114,1.8790099620819092,0,0.0,0.0
2026-03-17 14:45:00+00:00,1.8790099620819092,1.8801900148391724,1.8788100481033325,1.8792799711227417,0,0.0,0.0
2026-03-17 15:00:00+00:00,1.8793100118637085,1.8809800148010254,1.8792400360107422,1.8808599710464478,0,0.0,0.0
2026-03-17 15:15:00+00:00,1.880810022354126,1.8819500207901,1.8799500465393066,1.8816100358963013,0,0.0,0.0
2026-03-17 15:30:00+00:00,1.8816200494766235,1.8821899890899658,1.880910038948059,1.881019949913025,0,0.0,0.0
2026-03-17 15:45:00+00:00,1.88100004196167,1.8811999559402466,1.8791899681091309,1.879289984703064,0,0.0,0.0
2026-03-17 16:00:00+00:00,1.8792099952697754,1.8797999620437622,1.8780200481414795,1.8788800239562988,0,0.0,0.0
2026-03-17 16:15:00+00:00,1.8789299726486206,1.8795000314712524,1.8780699968338013,1.8785400390625,0,0.0,0.0
2026-03-17 16:30:00+00:00,1.8785899877548218,1.8789399862289429,1.8782299757003784,1.8783299922943115,0,0.0,0.0
2026-03-17 16:45:00+00:00,1.8783199787139893,1.8792699575424194,1.878119945526123,1.8791300058364868,0,0.0,0.0
2026-03-17 17:00:00+00:00,1.87909996509552,1.8792699575424194,1.8782299757003784,1.8785300254821777,0,0.0,0.0
2026-03-17 17:15:00+00:00,1.8785300254821777,1.8788299560546875,1.8781700134277344,1.8784899711608887,0,0.0,0.0
2026-03-17 17:30:00+00:00,1.8784899711608887,1.878749966621399,1.8776999711990356,1.8780900239944458,0,0.0,0.0
2026-03-17 17:45:00+00:00,1.8780499696731567,1.8785400390625,1.8777999877929688,1.878290057182312,0,0.0,0.0
2026-03-17 18:00:00+00:00,1.8782999515533447,1.878659963607788,1.8780299425125122,1.8784099817276,0,0.0,0.0
2026-03-17 18:15:00+00:00,1.8784600496292114,1.879870057106018,1.8783700466156006,1.8798600435256958,0,0.0,0.0
2026-03-17 18:30:00+00:00,1.8798199892044067,1.8799099922180176,1.8792599439620972,1.8797800540924072,0,0.0,0.0
2026-03-17 18:45:00+00:00,1.8797500133514404,1.8803900480270386,1.8796800374984741,1.8798099756240845,0,0.0,0.0
2026-03-17 19:00:00+00:00,1.8797800540924072,1.880620002746582,1.8797800540924072,1.8805299997329712,0,0.0,0.0
2026-03-17 19:15:00+00:00,1.8804999589920044,1.8807799816131592,1.880329966545105,1.8805299997329712,0,0.0,0.0
2026-03-17 19:30:00+00:00,1.8805299997329712,1.8807200193405151,1.8801900148391724,1.8804199695587158,0,0.0,0.0
2026-03-17 19:45:00+00:00,1.8803900480270386,1.8806899785995483,1.879390001296997,1.8795700073242188,0,0.0,0.0
2026-03-17 20:00:00+00:00,1.8795100450515747,1.879729986190796,1.8792599439620972,1.8794399499893188,0,0.0,0.0
2026-03-17 20:15:00+00:00,1.8794399499893188,1.8795599937438965,1.8791099786758423,1.8794100284576416,0,0.0,0.0
2026-03-17 20:30:00+00:00,1.8792400360107422,1.8796600103378296,1.8791300058364868,1.8795000314712524,0,0.0,0.0
2026-03-17 20:45:00+00:00,1.8794599771499634,1.8801499605178833,1.878890037536621,1.8789900541305542,0,0.0,0.0
2026-03-17 21:00:00+00:00,1.8792699575424194,1.8816100358963013,1.8780100345611572,1.8798799514770508,0,0.0,0.0
2026-03-17 21:15:00+00:00,1.8795599937438965,1.8813400268554688,1.8772499561309814,1.8790500164031982,0,0.0,0.0
2026-03-17 21:30:00+00:00,1.8790600299835205,1.8807499408721924,1.8770999908447266,1.8791899681091309,0,0.0,0.0
2026-03-17 21:45:00+00:00,1.8793699741363525,1.881309986114502,1.8785300254821777,1.8785300254821777,0,0.0,0.0
2026-03-17 22:00:00+00:00,1.8798799514770508,1.8806500434875488,1.8775399923324585,1.878980040550232,0,0.0,0.0
2026-03-17 22:15:00+00:00,1.878980040550232,1.8795900344848633,1.8784500360488892,1.8792699575424194,0,0.0,0.0
2026-03-17 22:30:00+00:00,1.8793200254440308,1.8798400163650513,1.8784300088882446,1.8796000480651855,0,0.0,0.0
2026-03-17 22:45:00+00:00,1.879330039024353,1.8798500299453735,1.8786699771881104,1.879349946975708,0,0.0,0.0
2026-03-17 23:00:00+00:00,1.8792500495910645,1.879889965057373,1.8784899711608887,1.8797399997711182,0,0.0,0.0
2026-03-17 23:15:00+00:00,1.8797800540924072,1.8800300359725952,1.8788800239562988,1.8791999816894531,0,0.0,0.0
2026-03-17 23:30:00+00:00,1.879330039024353,1.8797099590301514,1.878730058670044,1.879040002822876,0,0.0,0.0
2026-03-17 23:45:00+00:00,1.878980040550232,1.8794399499893188,1.8783600330352783,1.8788700103759766,0,0.0,0.0
2026-03-18 00:00:00+00:00,1.878909945487976,1.8796099424362183,1.8779499530792236,1.8786300420761108,0,0.0,0.0
2026-03-18 00:15:00+00:00,1.8785400390625,1.879140019416809,1.8783299922943115,1.8790099620819092,0,0.0,0.0
2026-03-18 00:30:00+00:00,1.8789399862289429,1.8800100088119507,1.8784799575805664,1.8787399530410767,0,0.0,0.0
2026-03-18 00:45:00+00:00,1.878790020942688,1.878890037536621,1.8779900074005127,1.8785400390625,0,0.0,0.0
2026-03-18 01:00:00+00:00,1.8785400390625,1.8787000179290771,1.876960039138794,1.8774399757385254,0,0.0,0.0
2026-03-18 01:15:00+00:00,1.877619981765747,1.877769947052002,1.8759499788284302,1.87608003616333,0,0.0,0.0
2026-03-18 01:30:00+00:00,1.87608003616333,1.8772399425506592,1.876039981842041,1.8770300149917603,0,0.0,0.0
2026-03-18 01:45:00+00:00,1.876870036125183,1.8778300285339355,1.8767900466918945,1.877210021018982,0,0.0,0.0
2026-03-18 02:00:00+00:00,1.877210021018982,1.8786300420761108,1.877079963684082,1.8784300088882446,0,0.0,0.0
2026-03-18 02:15:00+00:00,1.8783199787139893,1.8786799907684326,1.8778200149536133,1.8779100179672241,0,0.0,0.0
2026-03-18 02:30:00+00:00,1.8779300451278687,1.8789700269699097,1.877709984779358,1.8788100481033325,0,0.0,0.0
2026-03-18 02:45:00+00:00,1.8789199590682983,1.8804500102996826,1.8786699771881104,1.8801699876785278,0,0.0,0.0
2026-03-18 03:00:00+00:00,1.8802000284194946,1.8804399967193604,1.8789700269699097,1.8792200088500977,0,0.0,0.0
2026-03-18 03:15:00+00:00,1.8791300058364868,1.8793599605560303,1.8785899877548218,1.8789199590682983,0,0.0,0.0
2026-03-18 03:30:00+00:00,1.8789499998092651,1.8791799545288086,1.8784600496292114,1.8784799575805664,0,0.0,0.0
2026-03-18 03:45:00+00:00,1.8786200284957886,1.8789299726486206,1.878119945526123,1.8783199787139893,0,0.0,0.0
2026-03-18 04:00:00+00:00,1.8783299922943115,1.8794499635696411,1.8778899908065796,1.878849983215332,0,0.0,0.0
2026-03-18 04:15:00+00:00,1.878849983215332,1.8792099952697754,1.8775800466537476,1.8777400255203247,0,0.0,0.0
2026-03-18 04:30:00+00:00,1.8777300119400024,1.8783600330352783,1.8770300149917603,1.8780800104141235,0,0.0,0.0
2026-03-18 04:45:00+00:00,1.8780100345611572,1.8783999681472778,1.877709984779358,1.8782600164413452,0,0.0,0.0
2026-03-18 05:00:00+00:00,1.878159999847412,1.8791099786758423,1.8776999711990356,1.8790299892425537,0,0.0,0.0
2026-03-18 05:15:00+00:00,1.879040002822876,1.8794100284576416,1.8783299922943115,1.87923002243042,0,0.0,0.0
2026-03-18 05:30:00+00:00,1.8791099786758423,1.8792999982833862,1.8779799938201904,1.8780900239944458,0,0.0,0.0
2026-03-18 05:45:00+00:00,1.8780900239944458,1.8787599802017212,1.8776500225067139,1.8785200119018555,0,0.0,0.0
2026-03-18 06:00:00+00:00,1.8784199953079224,1.8786699771881104,1.8772200345993042,1.877769947052002,0,0.0,0.0
2026-03-18 06:15:00+00:00,1.8776500225067139,1.878100037574768,1.877210021018982,1.8777999877929688,0,0.0,0.0
2026-03-18 06:30:00+00:00,1.8776999711990356,1.8785200119018555,1.8776400089263916,1.8780200481414795,0,0.0,0.0
2026-03-18 06:45:00+00:00,1.8780200481414795,1.878350019454956,1.877120018005371,1.8773800134658813,0,0.0,0.0
2026-03-18 07:00:00+00:00,1.8772599697113037,1.8784600496292114,1.8769899606704712,1.8782600164413452,0,0.0,0.0
2026-03-18 07:15:00+00:00,1.8782600164413452,1.8788299560546875,1.878059983253479,1.8782600164413452,0,0.0,0.0
2026-03-18 07:30:00+00:00,1.8782600164413452,1.8783400058746338,1.8771400451660156,1.8771400451660156,0,0.0,0.0
2026-03-18 07:45:00+00:00,1.8771400451660156,1.8775999546051025,1.8766499757766724,1.8774700164794922,0,0.0,0.0
2026-03-18 08:00:00+00:00,1.8775500059127808,1.8786499500274658,1.8771799802780151,1.878499984741211,0,0.0,0.0
2026-03-18 08:15:00+00:00,1.878440022468567,1.8789199590682983,1.8775999546051025,1.8788100481033325,0,0.0,0.0
2026-03-18 08:30:00+00:00,1.8788700103759766,1.8791600465774536,1.878159999847412,1.8785799741744995,0,0.0,0.0
2026-03-18 08:45:00+00:00,1.8785799741744995,1.8788100481033325,1.877959966659546,1.8780299425125122,0,0.0,0.0
2026-03-18 09:00:00+00:00,1.878059983253479,1.8784699440002441,1.8776500225067139,1.8783600330352783,0,0.0,0.0
2026-03-18 09:15:00+00:00,1.8783799409866333,1.878730058670044,1.8772799968719482,1.8779900074005127,0,0.0,0.0
2026-03-18 09:30:00+00:00,1.8779799938201904,1.8786100149154663,1.8777999877929688,1.878100037574768,0,0.0,0.0
2026-03-18 09:45:00+00:00,1.8780900239944458,1.8786100149154663,1.877869963645935,1.8782399892807007,0,0.0,0.0
2026-03-18 10:00:00+00:00,1.8782399892807007,1.8788700103759766,1.8780200481414795,1.8787100315093994,0,0.0,0.0
2026-03-18 10:15:00+00:00,1.878659963607788,1.8792099952697754,1.8784199953079224,1.8787100315093994,0,0.0,0.0
2026-03-18 10:30:00+00:00,1.8786900043487549,1.8791199922561646,1.8782600164413452,1.8788700103759766,0,0.0,0.0
2026-03-18 10:45:00+00:00,1.8788700103759766,1.8800699710845947,1.8788700103759766,1.8799500465393066,0,0.0,0.0
2026-03-18 11:00:00+00:00,1.8799500465393066,1.8810299634933472,1.8798600435256958,1.8804399967193604,0,0.0,0.0
2026-03-18 11:15:00+00:00,1.8804399967193604,1.8820199966430664,1.8802000284194946,1.8817600011825562,0,0.0,0.0
2026-03-18 11:30:00+00:00,1.881700038909912,1.8821500539779663,1.8807400465011597,1.8816499710083008,0,0.0,0.0
2026-03-18 11:45:00+00:00,1.8816200494766235,1.8820899724960327,1.880929946899414,1.8815499544143677,0,0.0,0.0
2026-03-18 12:00:00+00:00,1.8815499544143677,1.8844000101089478,1.8815100193023682,1.8835200071334839,0,0.0,0.0
2026-03-18 12:15:00+00:00,1.8834500312805176,1.885040044784546,1.8831599950790405,1.8839399814605713,0,0.0,0.0
2026-03-18 12:30:00+00:00,1.8836899995803833,1.8853100538253784,1.8829900026321411,1.8849999904632568,0,0.0,0.0
2026-03-18 12:45:00+00:00,1.8850500583648682,1.886430025100708,1.884660005569458,1.8863999843597412,0,0.0,0.0
2026-03-18 13:00:00+00:00,1.8864200115203857,1.8876800537109375,1.8860100507736206,1.8870799541473389,0,0.0,0.0
2026-03-18 13:15:00+00:00,1.8871400356292725,1.8882100582122803,1.8867299556732178,1.8874399662017822,0,0.0,0.0
2026-03-18 13:30:00+00:00,1.8873900175094604,1.888069987297058,1.8868099451065063,1.8870099782943726,0,0.0,0.0
2026-03-18 13:45:00+00:00,1.8870699405670166,1.8871400356292725,1.8854299783706665,1.8856699466705322,0,0.0,0.0
2026-03-18 14:00:00+00:00,1.8856099843978882,1.8859399557113647,1.8827400207519531,1.8832999467849731,0,0.0,0.0
2026-03-18 14:15:00+00:00,1.88332998752594,1.8848400115966797,1.8823299407958984,1.8845900297164917,0,0.0,0.0
2026-03-18 14:30:00+00:00,1.8846900463104248,1.8849200010299683,1.8832099437713623,1.8837000131607056,0,0.0,0.0
2026-03-18 14:45:00+00:00,1.8836300373077393,1.884220004081726,1.8827300071716309,1.882889986038208,0,0.0,0.0
2026-03-18 15:00:00+00:00,1.8828400373458862,1.8833800554275513,1.8811899423599243,1.8816900253295898,0,0.0,0.0
2026-03-18 15:15:00+00:00,1.881719946861267,1.8829699754714966,1.881500005722046,1.8818800449371338,0,0.0,0.0
2026-03-18 15:30:00+00:00,1.881890058517456,1.8824000358581543,1.8811899423599243,1.8815200328826904,0,0.0,0.0
2026-03-18 15:45:00+00:00,1.8815300464630127,1.8825700283050537,1.881309986114502,1.8824599981307983,0,0.0,0.0
2026-03-18 16:00:00+00:00,1.8824299573898315,1.882830023765564,1.8820199966430664,1.8822599649429321,0,0.0,0.0
2026-03-18 16:15:00+00:00,1.8823000192642212,1.8825700283050537,1.8819500207901,1.8824299573898315,0,0.0,0.0
2026-03-18 16:30:00+00:00,1.882390022277832,1.8830699920654297,1.8823100328445435,1.882599949836731,0,0.0,0.0
2026-03-18 16:45:00+00:00,1.8826099634170532,1.883430004119873,1.882539987564087,1.8832900524139404,0,0.0,0.0
2026-03-18 17:00:00+00:00,1.8832900524139404,1.883810043334961,1.8829900026321411,1.8832999467849731,0,0.0,0.0
2026-03-18 17:15:00+00:00,1.8832800388336182,1.8836100101470947,1.8827099800109863,1.883489966392517,0,0.0,0.0
2026-03-18 17:30:00+00:00,1.883579969406128,1.8844799995422363,1.8834999799728394,1.8840299844741821,0,0.0,0.0
2026-03-18 17:45:00+00:00,1.8839999437332153,1.8844499588012695,1.8832000494003296,1.8836699724197388,0,0.0,0.0
2026-03-18 18:00:00+00:00,1.8837300539016724,1.8842799663543701,1.8824000358581543,1.883389949798584,0,0.0,0.0
2026-03-18 18:15:00+00:00,1.8834400177001953,1.8841300010681152,1.882889986038208,1.883489966392517,0,0.0,0.0
2026-03-18 18:30:00+00:00,1.8834199905395508,1.8848299980163574,1.883239984512329,1.883970022201538,0,0.0,0.0
2026-03-18 18:45:00+00:00,1.883970022201538,1.8853299617767334,1.8831700086593628,1.8844300508499146,0,0.0,0.0
2026-03-18 19:00:00+00:00,1.8844499588012695,1.8851900100708008,1.8839000463485718,1.8847800493240356,0,0.0,0.0
2026-03-18 19:15:00+00:00,1.8847800493240356,1.8860599994659424,1.8844799995422363,1.885699987411499,0,0.0,0.0
2026-03-18 19:30:00+00:00,1.885740041732788,1.8861099481582642,1.88510000705719,1.8857699632644653,0,0.0,0.0
2026-03-18 19:45:00+00:00,1.885830044746399,1.8873399496078491,1.885740041732788,1.886929988861084,0,0.0,0.0
2026-03-18 20:00:00+00:00,1.8869400024414062,1.8875499963760376,1.8864599466323853,1.886989951133728,0,0.0,0.0
2026-03-18 20:15:00+00:00,1.8869800567626953,1.8887100219726562,1.8868299722671509,1.888409972190857,0,0.0,0.0
2026-03-18 20:30:00+00:00,1.8884199857711792,1.888550043106079,1.8875199556350708,1.8875600099563599,0,0.0,0.0
2026-03-18 20:45:00+00:00,1.8876500129699707,1.8878200054168701,1.8863999843597412,1.886989951133728,0,0.0,0.0
2026-03-18 21:00:00+00:00,1.886989951133728,1.8876899480819702,1.8841500282287598,1.8847700357437134,0,0.0,0.0
2026-03-18 21:15:00+00:00,1.8847700357437134,1.8876899480819702,1.8829799890518188,1.885040044784546,0,0.0,0.0
2026-03-18 21:30:00+00:00,1.885040044784546,1.8864200115203857,1.8835400342941284,1.8844799995422363,0,0.0,0.0
2026-03-18 21:45:00+00:00,1.8842300176620483,1.8863999843597412,1.8832000494003296,1.8848999738693237,0,0.0,0.0
2026-03-18 22:00:00+00:00,1.8842899799346924,1.8873300552368164,1.884179949760437,1.8862799406051636,0,0.0,0.0
2026-03-18 22:15:00+00:00,1.8863400220870972,1.8871699571609497,1.886139988899231,1.8871099948883057,0,0.0,0.0
2026-03-18 22:30:00+00:00,1.886970043182373,1.8875999450683594,1.886620044708252,1.886970043182373,0,0.0,0.0
2026-03-18 22:45:00+00:00,1.8868800401687622,1.8876399993896484,1.8865200281143188,1.887470006942749,0,0.0,0.0
2026-03-18 23:00:00+00:00,1.8875600099563599,1.8882399797439575,1.8873200416564941,1.8875900506973267,0,0.0,0.0
2026-03-18 23:15:00+00:00,1.887529969215393,1.887910008430481,1.8873800039291382,1.8875900506973267,0,0.0,0.0
2026-03-18 23:30:00+00:00,1.8875199556350708,1.8880300521850586,1.8870899677276611,1.8872699737548828,0,0.0,0.0
2026-03-18 23:45:00+00:00,1.8873200416564941,1.8880499601364136,1.8867199420928955,1.8868999481201172,0,0.0,0.0
2026-03-19 00:00:00+00:00,1.8867299556732178,1.8870199918746948,1.884809970855713,1.8853299617767334,0,0.0,0.0
2026-03-19 00:15:00+00:00,1.885259985923767,1.8859200477600098,1.8846499919891357,1.8851699829101562,0,0.0,0.0
2026-03-19 00:30:00+00:00,1.885040044784546,1.8882999420166016,1.8836300373077393,1.886330008506775,0,0.0,0.0
2026-03-19 00:45:00+00:00,1.8862600326538086,1.8867299556732178,1.8849899768829346,1.885759949684143,0,0.0,0.0
2026-03-19 01:00:00+00:00,1.885849952697754,1.8873800039291382,1.8852200508117676,1.8870500326156616,0,0.0,0.0
2026-03-19 01:15:00+00:00,1.8871599435806274,1.8877099752426147,1.8864099979400635,1.8868199586868286,0,0.0,0.0
2026-03-19 01:30:00+00:00,1.8869500160217285,1.886970043182373,1.8858100175857544,1.8863699436187744,0,0.0,0.0
2026-03-19 01:45:00+00:00,1.8863600492477417,1.8865699768066406,1.885509967803955,1.8861700296401978,0,0.0,0.0
2026-03-19 02:00:00+00:00,1.8860299587249756,1.8876299858093262,1.8848899602890015,1.8859200477600098,0,0.0,0.0
2026-03-19 02:15:00+00:00,1.8859100341796875,1.8862500190734863,1.8842699527740479,1.8843200206756592,0,0.0,0.0
2026-03-19 02:30:00+00:00,1.8843200206756592,1.8855899572372437,1.8842099905014038,1.8854399919509888,0,0.0,0.0
2026-03-19 02:45:00+00:00,1.8854399919509888,1.8865900039672852,1.8853700160980225,1.885759949684143,0,0.0,0.0
2026-03-19 03:00:00+00:00,1.8858699798583984,1.886080026626587,1.884660005569458,1.8847299814224243,0,0.0,0.0
2026-03-19 03:15:00+00:00,1.8847299814224243,1.8849799633026123,1.8840800523757935,1.8847600221633911,0,0.0,0.0
2026-03-19 03:30:00+00:00,1.8848700523376465,1.8852200508117676,1.884369969367981,1.8848999738693237,0,0.0,0.0
2026-03-19 03:45:00+00:00,1.8849999904632568,1.885759949684143,1.884179949760437,1.8847700357437134,0,0.0,0.0
2026-03-19 04:00:00+00:00,1.884719967842102,1.8851900100708008,1.8844900131225586,1.8844900131225586,0,0.0,0.0
2026-03-19 04:15:00+00:00,1.8845000267028809,1.8850799798965454,1.884220004081726,1.8847800493240356,0,0.0,0.0
2026-03-19 04:30:00+00:00,1.8847600221633911,1.8854199647903442,1.8846999406814575,1.8847999572753906,0,0.0,0.0
2026-03-19 04:45:00+00:00,1.8847999572753906,1.8858699798583984,1.8847999572753906,1.8857300281524658,0,0.0,0.0
2026-03-19 05:00:00+00:00,1.8857200145721436,1.8858799934387207,1.885349988937378,1.885640025138855,0,0.0,0.0
2026-03-19 05:15:00+00:00,1.8856099843978882,1.885740041732788,1.8843200206756592,1.8846299648284912,0,0.0,0.0
2026-03-19 05:30:00+00:00,1.8846299648284912,1.8863500356674194,1.884529948234558,1.8862500190734863,0,0.0,0.0
2026-03-19 05:45:00+00:00,1.886330008506775,1.8864099979400635,1.8848899602890015,1.885740041732788,0,0.0,0.0
2026-03-19 06:00:00+00:00,1.8857799768447876,1.8861600160598755,1.8844799995422363,1.884850025177002,0,0.0,0.0
2026-03-19 06:15:00+00:00,1.8849400281906128,1.8858599662780762,1.8846499919891357,1.8858599662780762,0,0.0,0.0
2026-03-19 06:30:00+00:00,1.8856899738311768,1.8866699934005737,1.8853700160980225,1.885699987411499,0,0.0,0.0
2026-03-19 06:45:00+00:00,1.8857200145721436,1.886139988899231,1.8844799995422363,1.8844900131225586,0,0.0,0.0
2026-03-19 07:00:00+00:00,1.8847600221633911,1.885040044784546,1.882949948310852,1.8848299980163574,0,0.0,0.0
2026-03-19 07:15:00+00:00,1.8848199844360352,1.884909987449646,1.8836599588394165,1.8847399950027466,0,0.0,0.0
2026-03-19 07:30:00+00:00,1.8846499919891357,1.8875900506973267,1.8846299648284912,1.887369990348816,0,0.0,0.0
2026-03-19 07:45:00+00:00,1.8873499631881714,1.8881499767303467,1.88618004322052,1.8876099586486816,0,0.0,0.0
2026-03-19 08:00:00+00:00,1.8875199556350708,1.8876899480819702,1.8856199979782104,1.8859800100326538,0,0.0,0.0
2026-03-19 08:15:00+00:00,1.8860499858856201,1.8862199783325195,1.883829951286316,1.8845800161361694,0,0.0,0.0
2026-03-19 08:30:00+00:00,1.8844399452209473,1.8848600387573242,1.8828599452972412,1.8837699890136719,0,0.0,0.0
2026-03-19 08:45:00+00:00,1.8837499618530273,1.8840399980545044,1.8826199769973755,1.8832099437713623,0,0.0,0.0
2026-03-19 09:00:00+00:00,1.88332998752594,1.883470058441162,1.8819799423217773,1.8825700283050537,0,0.0,0.0
2026-03-19 09:15:00+00:00,1.8825000524520874,1.8840800523757935,1.8816699981689453,1.882889986038208,0,0.0,0.0
2026-03-19 09:30:00+00:00,1.882949948310852,1.8837000131607056,1.8818299770355225,1.8832299709320068,0,0.0,0.0
2026-03-19 09:45:00+00:00,1.883370041847229,1.8834400177001953,1.8811999559402466,1.8821200132369995,0,0.0,0.0
2026-03-19 10:00:00+00:00,1.882099986076355,1.8831599950790405,1.8820699453353882,1.8827999830245972,0,0.0,0.0
2026-03-19 10:15:00+00:00,1.8828400373458862,1.8835599422454834,1.8823299407958984,1.8826600313186646,0,0.0,0.0
2026-03-19 10:30:00+00:00,1.8826299905776978,1.882889986038208,1.8817499876022339,1.8824599981307983,0,0.0,0.0
2026-03-19 10:45:00+00:00,1.8824299573898315,1.8837100267410278,1.8821899890899658,1.8832499980926514,0,0.0,0.0
2026-03-19 11:00:00+00:00,1.8832299709320068,1.8852399587631226,1.8830000162124634,1.8851300477981567,0,0.0,0.0
2026-03-19 11:15:00+00:00,1.8851900100708008,1.8865900039672852,1.885040044784546,1.8860499858856201,0,0.0,0.0
2026-03-19 11:30:00+00:00,1.8860900402069092,1.8871500492095947,1.8856500387191772,1.886970043182373,0,0.0,0.0
2026-03-19 11:45:00+00:00,1.886929988861084,1.8879300355911255,1.8858699798583984,1.8858699798583984,0,0.0,0.0
2026-03-19 12:00:00+00:00,1.8871599435806274,1.890660047531128,1.8859100341796875,1.8897299766540527,0,0.0,0.0
2026-03-19 12:15:00+00:00,1.8897299766540527,1.8942699432373047,1.8890700340270996,1.89274001121521,0,0.0,0.0
2026-03-19 12:30:00+00:00,1.893149971961975,1.8949600458145142,1.8917800188064575,1.894129991531372,0,0.0,0.0
2026-03-19 12:45:00+00:00,1.8940099477767944,1.895259976387024,1.893530011177063,1.8945900201797485,0,0.0,0.0
2026-03-19 13:00:00+00:00,1.8945900201797485,1.8997000455856323,1.8942699432373047,1.8993200063705444,0,0.0,0.0
2026-03-19 13:15:00+00:00,1.8992700576782227,1.8993899822235107,1.8957899808883667,1.89628005027771,0,0.0,0.0
2026-03-19 13:30:00+00:00,1.8962600231170654,1.898169994354248,1.8936500549316406,1.896530032157898,0,0.0,0.0
2026-03-19 13:45:00+00:00,1.8965500593185425,1.897670030593872,1.895799994468689,1.8962199687957764,0,0.0,0.0
2026-03-19 14:00:00+00:00,1.8962199687957764,1.8969999551773071,1.894070029258728,1.896049976348877,0,0.0,0.0
2026-03-19 14:15:00+00:00,1.8960599899291992,1.8972200155258179,1.8946599960327148,1.8970999717712402,0,0.0,0.0
2026-03-19 14:30:00+00:00,1.8970999717712402,1.8976399898529053,1.894320011138916,1.8947700262069702,0,0.0,0.0
2026-03-19 14:45:00+00:00,1.8947499990463257,1.8968299627304077,1.8942899703979492,1.8967000246047974,0,0.0,0.0
2026-03-19 15:00:00+00:00,1.8967399597167969,1.8979300260543823,1.8956899642944336,1.8959100246429443,0,0.0,0.0
2026-03-19 15:15:00+00:00,1.8958899974822998,1.8983700275421143,1.8957300186157227,1.897420048713684,0,0.0,0.0
2026-03-19 15:30:00+00:00,1.8974900245666504,1.8993500471115112,1.8973100185394287,1.898900032043457,0,0.0,0.0
2026-03-19 15:45:00+00:00,1.8988399505615234,1.8993099927902222,1.8968100547790527,1.8988100290298462,0,0.0,0.0
2026-03-19 16:00:00+00:00,1.8986799716949463,1.8989299535751343,1.896239995956421,1.8971500396728516,0,0.0,0.0
2026-03-19 16:15:00+00:00,1.897130012512207,1.8981599807739258,1.8960599899291992,1.8966200351715088,0,0.0,0.0
2026-03-19 16:30:00+00:00,1.8966200351715088,1.8969800472259521,1.8953100442886353,1.89614999294281,0,0.0,0.0
2026-03-19 16:45:00+00:00,1.896209955215454,1.897439956665039,1.8958899974822998,1.8969500064849854,0,0.0,0.0
2026-03-19 17:00:00+00:00,1.8969999551773071,1.9001799821853638,1.8967399597167969,1.8999099731445312,0,0.0,0.0
2026-03-19 17:15:00+00:00,1.8999199867248535,1.9004499912261963,1.8977199792861938,1.8982900381088257,0,0.0,0.0
2026-03-19 17:30:00+00:00,1.8982399702072144,1.9005199670791626,1.8979699611663818,1.8999799489974976,0,0.0,0.0
2026-03-19 17:45:00+00:00,1.899999976158142,1.9000600576400757,1.8983800411224365,1.8995599746704102,0,0.0,0.0
2026-03-19 18:00:00+00:00,1.8995399475097656,1.9000999927520752,1.8986300230026245,1.8988900184631348,0,0.0,0.0
2026-03-19 18:15:00+00:00,1.8989700078964233,1.8996200561523438,1.89860999584198,1.8994699716567993,0,0.0,0.0
2026-03-19 18:30:00+00:00,1.8994799852371216,1.8996200561523438,1.8985099792480469,1.8989200592041016,0,0.0,0.0
2026-03-19 18:45:00+00:00,1.8988800048828125,1.8990700244903564,1.8965400457382202,1.8965799808502197,0,0.0,0.0
2026-03-19 19:00:00+00:00,1.8966000080108643,1.8966200351715088,1.8935199975967407,1.8952200412750244,0,0.0,0.0
2026-03-19 19:15:00+00:00,1.895259976387024,1.8968000411987305,1.8943599462509155,1.8959599733352661,0,0.0,0.0
2026-03-19 19:30:00+00:00,1.8959200382232666,1.8965699672698975,1.894700050354004,1.8958200216293335,0,0.0,0.0
2026-03-19 19:45:00+00:00,1.8957899808883667,1.8966599702835083,1.894950032234192,1.8956199884414673,0,0.0,0.0
2026-03-19 20:00:00+00:00,1.8955899477005005,1.8961700201034546,1.8952900171279907,1.8955199718475342,0,0.0,0.0
2026-03-19 20:15:00+00:00,1.8956300020217896,1.8959699869155884,1.8951599597930908,1.895509958267212,0,0.0,0.0
2026-03-19 20:30:00+00:00,1.895550012588501,1.8957699537277222,1.8944799900054932,1.8948299884796143,0,0.0,0.0
2026-03-19 20:45:00+00:00,1.8948299884796143,1.8961100578308105,1.8937499523162842,1.8945000171661377,0,0.0,0.0
2026-03-19 21:00:00+00:00,1.8937400579452515,1.8952200412750244,1.8913300037384033,1.8928300142288208,0,0.0,0.0
2026-03-19 21:15:00+00:00,1.8928500413894653,1.8958899974822998,1.891890048980713,1.8936699628829956,0,0.0,0.0
2026-03-19 21:30:00+00:00,1.8936799764633179,1.8965500593185425,1.8928099870681763,1.892989993095398,0,0.0,0.0
2026-03-19 21:45:00+00:00,1.892989993095398,1.895550012588501,1.8920899629592896,1.8932000398635864,0,0.0,0.0
2026-03-19 22:00:00+00:00,1.893470048904419,1.8958100080490112,1.8925800323486328,1.8944400548934937,0,0.0,0.0
2026-03-19 22:15:00+00:00,1.8944400548934937,1.894819974899292,1.8939299583435059,1.8945599794387817,0,0.0,0.0
2026-03-19 22:30:00+00:00,1.8944300413131714,1.8954700231552124,1.8944200277328491,1.894760012626648,0,0.0,0.0
2026-03-19 22:45:00+00:00,1.8950599431991577,1.8957699537277222,1.8947299718856812,1.895400047302246,0,0.0,0.0
2026-03-19 23:00:00+00:00,1.8953800201416016,1.8956899642944336,1.8938000202178955,1.8945000171661377,0,0.0,0.0
2026-03-19 23:15:00+00:00,1.8946199417114258,1.8951300382614136,1.8944499492645264,1.8948500156402588,0,0.0,0.0
2026-03-19 23:30:00+00:00,1.8949600458145142,1.8960399627685547,1.894670009613037,1.8956199884414673,0,0.0,0.0
2026-03-19 23:45:00+00:00,1.8956300020217896,1.8961900472640991,1.8951900005340576,1.8961399793624878,0,0.0,0.0
2026-03-20 00:00:00+00:00,1.895840048789978,1.8966200351715088,1.894950032234192,1.8954099416732788,0,0.0,0.0
2026-03-20 00:15:00+00:00,1.8953200578689575,1.8971099853515625,1.895259976387024,1.8963899612426758,0,0.0,0.0
2026-03-20 00:30:00+00:00,1.8963799476623535,1.896939992904663,1.8954800367355347,1.8956999778747559,0,0.0,0.0
2026-03-20 00:45:00+00:00,1.8957500457763672,1.8961900472640991,1.8949700593948364,1.8952200412750244,0,0.0,0.0
2026-03-20 01:00:00+00:00,1.8953299522399902,1.895400047302246,1.8931000232696533,1.8938499689102173,0,0.0,0.0
2026-03-20 01:15:00+00:00,1.8937300443649292,1.8946800231933594,1.8934299945831299,1.8938599824905396,0,0.0,0.0
2026-03-20 01:30:00+00:00,1.89382004737854,1.8939199447631836,1.8923499584197998,1.893149971961975,0,0.0,0.0
2026-03-20 01:45:00+00:00,1.8930200338363647,1.8944499492645264,1.8925399780273438,1.8937499523162842,0,0.0,0.0
2026-03-20 02:00:00+00:00,1.8936200141906738,1.8941999673843384,1.8933000564575195,1.893839955329895,0,0.0,0.0
2026-03-20 02:15:00+00:00,1.8937100172042847,1.8941199779510498,1.8931399583816528,1.8931900262832642,0,0.0,0.0
2026-03-20 02:30:00+00:00,1.8932499885559082,1.8936500549316406,1.892449975013733,1.8933099508285522,0,0.0,0.0
2026-03-20 02:45:00+00:00,1.8933099508285522,1.8934500217437744,1.8916699886322021,1.8918999433517456,0,0.0,0.0
2026-03-20 03:00:00+00:00,1.8920400142669678,1.8927899599075317,1.8917399644851685,1.892449975013733,0,0.0,0.0
2026-03-20 03:15:00+00:00,1.892300009727478,1.8931200504302979,1.8913400173187256,1.8922100067138672,0,0.0,0.0
2026-03-20 03:30:00+00:00,1.8922799825668335,1.893030047416687,1.8919399976730347,1.8929699659347534,0,0.0,0.0
2026-03-20 03:45:00+00:00,1.8929500579833984,1.893399953842163,1.8923499584197998,1.8923900127410889,0,0.0,0.0
2026-03-20 04:00:00+00:00,1.8923900127410889,1.8931900262832642,1.8922499418258667,1.892699956893921,0,0.0,0.0
2026-03-20 04:15:00+00:00,1.8925299644470215,1.8937100172042847,1.8922200202941895,1.8925199508666992,0,0.0,0.0
2026-03-20 04:30:00+00:00,1.8924200534820557,1.8928200006484985,1.8915200233459473,1.892240047454834,0,0.0,0.0
2026-03-20 04:45:00+00:00,1.8921699523925781,1.892240047454834,1.8906899690628052,1.8908699750900269,0,0.0,0.0
2026-03-20 05:00:00+00:00,1.890820026397705,1.8917399644851685,1.8903499841690063,1.8904099464416504,0,0.0,0.0
2026-03-20 05:15:00+00:00,1.8904800415039062,1.8907099962234497,1.889430046081543,1.8902299404144287,0,0.0,0.0
2026-03-20 05:30:00+00:00,1.8903499841690063,1.8912299871444702,1.890120029449463,1.890910029411316,0,0.0,0.0
2026-03-20 05:45:00+00:00,1.890910029411316,1.8915899991989136,1.8906500339508057,1.891469955444336,0,0.0,0.0
2026-03-20 06:00:00+00:00,1.891510009765625,1.891890048980713,1.8909800052642822,1.8917800188064575,0,0.0,0.0
2026-03-20 06:15:00+00:00,1.8916699886322021,1.8925600051879883,1.890779972076416,1.8922100067138672,0,0.0,0.0
2026-03-20 06:30:00+00:00,1.8922100067138672,1.8930599689483643,1.8915799856185913,1.892840027809143,0,0.0,0.0
2026-03-20 06:45:00+00:00,1.8929500579833984,1.8936599493026733,1.8926899433135986,1.8929200172424316,0,0.0,0.0
2026-03-20 07:00:00+00:00,1.8929200172424316,1.8939399719238281,1.8927600383758545,1.8932100534439087,0,0.0,0.0
2026-03-20 07:15:00+00:00,1.8931200504302979,1.8938000202178955,1.892699956893921,1.8935799598693848,0,0.0,0.0
2026-03-20 07:30:00+00:00,1.893589973449707,1.893589973449707,1.891379952430725,1.8921899795532227,0,0.0,0.0
2026-03-20 07:45:00+00:00,1.8922100067138672,1.8934600353240967,1.891950011253357,1.8933600187301636,0,0.0,0.0
2026-03-20 08:00:00+00:00,1.8933700323104858,1.8947399854660034,1.8930699825286865,1.8941800594329834,0,0.0,0.0
2026-03-20 08:15:00+00:00,1.8941400051116943,1.8945300579071045,1.8932900428771973,1.8943400382995605,0,0.0,0.0
2026-03-20 08:30:00+00:00,1.8945000171661377,1.894670009613037,1.8931399583816528,1.8935699462890625,0,0.0,0.0
2026-03-20 08:45:00+00:00,1.8935500383377075,1.894670009613037,1.892899990081787,1.8933000564575195,0,0.0,0.0
2026-03-20 09:00:00+00:00,1.8932900428771973,1.89437997341156,1.8927899599075317,1.893399953842163,0,0.0,0.0
2026-03-20 09:15:00+00:00,1.8934600353240967,1.8939599990844727,1.893030047416687,1.8933500051498413,0,0.0,0.0
2026-03-20 09:30:00+00:00,1.8933500051498413,1.893720030784607,1.8925199508666992,1.8931000232696533,0,0.0,0.0
2026-03-20 09:45:00+00:00,1.8931200504302979,1.8947900533676147,1.8926399946212769,1.894029974937439,0,0.0,0.0
2026-03-20 10:00:00+00:00,1.8940199613571167,1.8948899507522583,1.8931200504302979,1.8941700458526611,0,0.0,0.0
2026-03-20 10:15:00+00:00,1.894260048866272,1.8955800533294678,1.8940900564193726,1.8946499824523926,0,0.0,0.0
2026-03-20 10:30:00+00:00,1.894629955291748,1.8947099447250366,1.8930799961090088,1.8934999704360962,0,0.0,0.0
2026-03-20 10:45:00+00:00,1.8934099674224854,1.8941899538040161,1.8929599523544312,1.8935400247573853,0,0.0,0.0
2026-03-20 11:00:00+00:00,1.8934299945831299,1.8935999870300293,1.8917399644851685,1.8924399614334106,0,0.0,0.0
2026-03-20 11:15:00+00:00,1.8923499584197998,1.892699956893921,1.891450047492981,1.8923699855804443,0,0.0,0.0
2026-03-20 11:30:00+00:00,1.892359972000122,1.8930100202560425,1.8910399675369263,1.8920300006866455,0,0.0,0.0
2026-03-20 11:45:00+00:00,1.8920400142669678,1.8924700021743774,1.8915300369262695,1.8918800354003906,0,0.0,0.0
2026-03-20 12:00:00+00:00,1.8917900323867798,1.8925299644470215,1.8912700414657593,1.8923399448394775,0,0.0,0.0
2026-03-20 12:15:00+00:00,1.892300009727478,1.892549991607666,1.8906400203704834,1.8907400369644165,0,0.0,0.0
2026-03-20 12:30:00+00:00,1.890679955482483,1.8922699689865112,1.890679955482483,1.8915799856185913,0,0.0,0.0
2026-03-20 12:45:00+00:00,1.8915799856185913,1.8920799493789673,1.8909200429916382,1.8913500308990479,0,0.0,0.0
2026-03-20 13:00:00+00:00,1.891379952430725,1.8918499946594238,1.8907400369644165,1.8912800550460815,0,0.0,0.0
2026-03-20 13:15:00+00:00,1.8912099599838257,1.8927299976348877,1.8906699419021606,1.892680048942566,0,0.0,0.0
2026-03-20 13:30:00+00:00,1.8927099704742432,1.8938699960708618,1.8916200399398804,1.8918700218200684,0,0.0,0.0
2026-03-20 13:45:00+00:00,1.891759991645813,1.8960399627685547,1.8916800022125244,1.8955600261688232,0,0.0,0.0
2026-03-20 14:00:00+00:00,1.8955700397491455,1.895840048789978,1.8933299779891968,1.8938699960708618,0,0.0,0.0
2026-03-20 14:15:00+00:00,1.8938599824905396,1.8944000005722046,1.8925100564956665,1.8928099870681763,0,0.0,0.0
2026-03-20 14:30:00+00:00,1.8928600549697876,1.8944799900054932,1.892109990119934,1.8936899900436401,0,0.0,0.0
2026-03-20 14:45:00+00:00,1.8936899900436401,1.8940500020980835,1.891469955444336,1.891569972038269,0,0.0,0.0
2026-03-20 15:00:00+00:00,1.8916300535202026,1.8921899795532227,1.8908499479293823,1.8913700580596924,0,0.0,0.0
2026-03-20 15:15:00+00:00,1.8914599418640137,1.8935199975967407,1.8912400007247925,1.892590045928955,0,0.0,0.0
2026-03-20 15:30:00+00:00,1.8926700353622437,1.8927099704742432,1.8911900520324707,1.8922799825668335,0,0.0,0.0
2026-03-20 15:45:00+00:00,1.892240047454834,1.8932100534439087,1.8906899690628052,1.8913700580596924,0,0.0,0.0
2026-03-20 16:00:00+00:00,1.8913899660110474,1.8920700550079346,1.8909800052642822,1.8915799856185913,0,0.0,0.0
2026-03-20 16:15:00+00:00,1.8914599418640137,1.892240047454834,1.8911000490188599,1.8922100067138672,0,0.0,0.0
2026-03-20 16:30:00+00:00,1.8920999765396118,1.8935500383377075,1.8920799493789673,1.8926199674606323,0,0.0,0.0
2026-03-20 16:45:00+00:00,1.8925700187683105,1.8932299613952637,1.8920999765396118,1.8926500082015991,0,0.0,0.0
2026-03-20 17:00:00+00:00,1.8927199840545654,1.893970012664795,1.8919700384140015,1.893339991569519,0,0.0,0.0
2026-03-20 17:15:00+00:00,1.893280029296875,1.8944100141525269,1.8929699659347534,1.89437997341156,0,0.0,0.0
2026-03-20 17:30:00+00:00,1.8943300247192383,1.8967100381851196,1.8940099477767944,1.8960599899291992,0,0.0,0.0
2026-03-20 17:45:00+00:00,1.8961299657821655,1.8963799476623535,1.8956899642944336,1.895799994468689,0,0.0,0.0
2026-03-20 18:00:00+00:00,1.8958499431610107,1.8980300426483154,1.8956600427627563,1.8979500532150269,0,0.0,0.0
2026-03-20 18:15:00+00:00,1.8979500532150269,1.900089979171753,1.8972400426864624,1.8985799551010132,0,0.0,0.0
2026-03-20 18:30:00+00:00,1.8985400199890137,1.8999300003051758,1.8981000185012817,1.899649977684021,0,0.0,0.0
2026-03-20 18:45:00+00:00,1.8997100591659546,1.9011199474334717,1.8988499641418457,1.9007699489593506,0,0.0,0.0
2026-03-20 19:00:00+00:00,1.9008500576019287,1.901229977607727,1.8997199535369873,1.9007200002670288,0,0.0,0.0
2026-03-20 19:15:00+00:00,1.9007600545883179,1.9016200304031372,1.9005199670791626,1.9007699489593506,0,0.0,0.0
2026-03-20 19:30:00+00:00,1.9008100032806396,1.901360034942627,1.8999300003051758,1.9002100229263306,0,0.0,0.0
2026-03-20 19:45:00+00:00,1.9001799821853638,1.9011600017547607,1.8998600244522095,1.9000099897384644,0,0.0,0.0
2026-03-20 20:00:00+00:00,1.9000699520111084,1.9006099700927734,1.8996100425720215,1.900130033493042,0,0.0,0.0
2026-03-20 20:15:00+00:00,1.9000200033187866,1.9010599851608276,1.8998700380325317,1.9008699655532837,0,0.0,0.0
2026-03-20 20:30:00+00:00,1.900879979133606,1.90106999874115,1.8992600440979004,1.8995200395584106,0,0.0,0.0
2026-03-20 20:45:00+00:00,1.8995100259780884,1.9003700017929077,1.8977500200271606,1.8982700109481812,0,0.0,0.0
2026-03-20 21:00:00+00:00,1.8995000123977661,1.8995000123977661,1.8995000123977661,1.8995000123977661,0,0.0,0.0
2026-03-20 21:15:00+00:00,1.8995000123977661,1.8996399641036987,1.8995000123977661,1.8996399641036987,0,0.0,0.0
2026-03-20 21:30:00+00:00,1.8996399641036987,1.8996399641036987,1.8996399641036987,1.8996399641036987,0,0.0,0.0
2026-03-20 21:45:00+00:00,1.8996399641036987,1.8996399641036987,1.8996399641036987,1.8996399641036987,0,0.0,0.0
2026-03-20 22:00:00+00:00,1.8996399641036987,1.8996399641036987,1.8996399641036987,1.8996399641036987,0,0.0,0.0
2026-03-20 22:15:00+00:00,1.8996399641036987,1.8996399641036987,1.8996399641036987,1.8996399641036987,0,0.0,0.0
2026-03-23 00:00:00+00:00,1.902109980583191,1.9026999473571777,1.9009699821472168,1.901479959487915,0,0.0,0.0
2026-03-23 00:15:00+00:00,1.9015799760818481,1.902649998664856,1.9013700485229492,1.902340054512024,0,0.0,0.0
2026-03-23 00:30:00+00:00,1.9022400379180908,1.9046200513839722,1.9015400409698486,1.9039700031280518,0,0.0,0.0
2026-03-23 00:45:00+00:00,1.904099941253662,1.9047600030899048,1.903130054473877,1.904170036315918,0,0.0,0.0
2026-03-23 01:00:00+00:00,1.9039599895477295,1.9048500061035156,1.9022899866104126,1.903540015220642,0,0.0,0.0
2026-03-23 01:15:00+00:00,1.90339994430542,1.9055700302124023,1.9031399488449097,1.9055700302124023,0,0.0,0.0
2026-03-23 01:30:00+00:00,1.9055399894714355,1.9077600240707397,1.9053599834442139,1.9061199426651,0,0.0,0.0
2026-03-23 01:45:00+00:00,1.9060100317001343,1.906790018081665,1.9056299924850464,1.905940055847168,0,0.0,0.0
2026-03-23 02:00:00+00:00,1.9061100482940674,1.9063800573349,1.905079960823059,1.9060800075531006,0,0.0,0.0
2026-03-23 02:15:00+00:00,1.9060800075531006,1.9067699909210205,1.9049700498580933,1.906499981880188,0,0.0,0.0
2026-03-23 02:30:00+00:00,1.906350016593933,1.9073899984359741,1.9061700105667114,1.907189965248108,0,0.0,0.0
2026-03-23 02:45:00+00:00,1.9071600437164307,1.9085099697113037,1.9070700407028198,1.9076800346374512,0,0.0,0.0
2026-03-23 03:00:00+00:00,1.9076499938964844,1.9083800315856934,1.9066200256347656,1.9079699516296387,0,0.0,0.0
2026-03-23 03:15:00+00:00,1.907920002937317,1.9083000421524048,1.90693998336792,1.908139944076538,0,0.0,0.0
2026-03-23 03:30:00+00:00,1.9080300331115723,1.9088399410247803,1.9078999757766724,1.9080699682235718,0,0.0,0.0
2026-03-23 03:45:00+00:00,1.9079999923706055,1.9084199666976929,1.9069199562072754,1.9070500135421753,0,0.0,0.0
2026-03-23 04:00:00+00:00,1.9070700407028198,1.908210039138794,1.9064600467681885,1.90802001953125,0,0.0,0.0
2026-03-23 04:15:00+00:00,1.9079099893569946,1.9082900285720825,1.9074900150299072,1.9078400135040283,0,0.0,0.0
2026-03-23 04:30:00+00:00,1.9078799486160278,1.908310055732727,1.9072799682617188,1.9079500436782837,0,0.0,0.0
2026-03-23 04:45:00+00:00,1.9079999923706055,1.9092899560928345,1.9073599576950073,1.9089499711990356,0,0.0,0.0
2026-03-23 05:00:00+00:00,1.9088599681854248,1.9098600149154663,1.9081300497055054,1.9093899726867676,0,0.0,0.0
2026-03-23 05:15:00+00:00,1.9094500541687012,1.9109200239181519,1.9092400074005127,1.910599946975708,0,0.0,0.0
2026-03-23 05:30:00+00:00,1.910730004310608,1.9113999605178833,1.9096100330352783,1.9099600315093994,0,0.0,0.0
2026-03-23 05:45:00+00:00,1.9101200103759766,1.9113099575042725,1.9095499515533447,1.9103699922561646,0,0.0,0.0
2026-03-23 06:00:00+00:00,1.9104599952697754,1.9113600254058838,1.9100199937820435,1.9103200435638428,0,0.0,0.0
2026-03-23 06:15:00+00:00,1.9103100299835205,1.9106600284576416,1.9091800451278687,1.9102100133895874,0,0.0,0.0
2026-03-23 06:30:00+00:00,1.9103100299835205,1.9107600450515747,1.9097399711608887,1.9100500345230103,0,0.0,0.0
2026-03-23 06:45:00+00:00,1.9099700450897217,1.9106500148773193,1.9091999530792236,1.9104000329971313,0,0.0,0.0
2026-03-23 07:00:00+00:00,1.9103699922561646,1.9122999906539917,1.9102799892425537,1.9121500253677368,0,0.0,0.0
2026-03-23 07:15:00+00:00,1.9120999574661255,1.912269949913025,1.9104599952697754,1.9107099771499634,0,0.0,0.0
2026-03-23 07:30:00+00:00,1.9106999635696411,1.9127600193023682,1.9105000495910645,1.91143000125885,0,0.0,0.0
2026-03-23 07:45:00+00:00,1.911520004272461,1.9119000434875488,1.9095300436019897,1.91103994846344,0,0.0,0.0
2026-03-23 08:00:00+00:00,1.91103994846344,1.9120299816131592,1.9104299545288086,1.9109400510787964,0,0.0,0.0
2026-03-23 08:15:00+00:00,1.911139965057373,1.913409948348999,1.9105299711227417,1.9133700132369995,0,0.0,0.0
2026-03-23 08:30:00+00:00,1.9133599996566772,1.9134000539779663,1.9090700149536133,1.9094300270080566,0,0.0,0.0
2026-03-23 08:45:00+00:00,1.9093799591064453,1.9104199409484863,1.9086799621582031,1.9101799726486206,0,0.0,0.0
2026-03-23 09:00:00+00:00,1.9101899862289429,1.912179946899414,1.909890055656433,1.9116699695587158,0,0.0,0.0
2026-03-23 09:15:00+00:00,1.9116699695587158,1.9120099544525146,1.9099899530410767,1.9117200374603271,0,0.0,0.0
2026-03-23 09:30:00+00:00,1.911679983139038,1.9119199514389038,1.9103100299835205,1.9117799997329712,0,0.0,0.0
2026-03-23 09:45:00+00:00,1.9116599559783936,1.91225004196167,1.9103800058364868,1.9111599922180176,0,0.0,0.0
2026-03-23 10:00:00+00:00,1.9111100435256958,1.912969946861267,1.910580039024353,1.912719964981079,0,0.0,0.0
2026-03-23 10:15:00+00:00,1.912719964981079,1.915719985961914,1.9125299453735352,1.915619969367981,0,0.0,0.0
2026-03-23 10:30:00+00:00,1.9154599905014038,1.9190700054168701,1.9152100086212158,1.918030023574829,0,0.0,0.0
2026-03-23 10:45:00+00:00,1.9180599451065063,1.9184399843215942,1.9153800010681152,1.9156700372695923,0,0.0,0.0
2026-03-23 11:00:00+00:00,1.91566002368927,1.9170000553131104,1.9009900093078613,1.90378999710083,0,0.0,0.0
2026-03-23 11:15:00+00:00,1.9032700061798096,1.9144500494003296,1.902690052986145,1.9066599607467651,0,0.0,0.0
2026-03-23 11:30:00+00:00,1.907099962234497,1.9097100496292114,1.902940034866333,1.9086699485778809,0,0.0,0.0
2026-03-23 11:45:00+00:00,1.9086799621582031,1.9133000373840332,1.9078500270843506,1.9118900299072266,0,0.0,0.0
2026-03-23 12:00:00+00:00,1.9118000268936157,1.9138400554656982,1.9108099937438965,1.9132599830627441,0,0.0,0.0
2026-03-23 12:15:00+00:00,1.9132800102233887,1.9137699604034424,1.9094200134277344,1.9101999998092651,0,0.0,0.0
2026-03-23 12:30:00+00:00,1.910040020942688,1.9132599830627441,1.908959984779358,1.9106299877166748,0,0.0,0.0
2026-03-23 12:45:00+00:00,1.9107600450515747,1.9107600450515747,1.9075299501419067,1.9100699424743652,0,0.0,0.0
2026-03-23 13:00:00+00:00,1.9100699424743652,1.9125399589538574,1.9095499515533447,1.9115999937057495,0,0.0,0.0
2026-03-23 13:15:00+00:00,1.91156005859375,1.9135899543762207,1.9101500511169434,1.9121500253677368,0,0.0,0.0
2026-03-23 13:30:00+00:00,1.9121299982070923,1.9124799966812134,1.9084700345993042,1.9110000133514404,0,0.0,0.0
2026-03-23 13:45:00+00:00,1.910979986190796,1.911180019378662,1.9079699516296387,1.9082399606704712,0,0.0,0.0
2026-03-23 14:00:00+00:00,1.9080499410629272,1.9095699787139893,1.9068700075149536,1.9072999954223633,0,0.0,0.0
2026-03-23 14:15:00+00:00,1.9072599411010742,1.908310055732727,1.9053699970245361,1.9078099727630615,0,0.0,0.0
2026-03-23 14:30:00+00:00,1.907789945602417,1.9099500179290771,1.9075599908828735,1.9085299968719482,0,0.0,0.0
2026-03-23 14:45:00+00:00,1.908619999885559,1.9087400436401367,1.9060800075531006,1.907580018043518,0,0.0,0.0
2026-03-23 15:00:00+00:00,1.9075499773025513,1.909309983253479,1.9062600135803223,1.9086600542068481,0,0.0,0.0
2026-03-23 15:15:00+00:00,1.9088000059127808,1.9122799634933472,1.9082000255584717,1.9122300148010254,0,0.0,0.0
2026-03-23 15:30:00+00:00,1.91211998462677,1.9149199724197388,1.9113199710845947,1.914330005645752,0,0.0,0.0
2026-03-23 15:45:00+00:00,1.914330005645752,1.914639949798584,1.9125399589538574,1.913830041885376,0,0.0,0.0
2026-03-23 16:00:00+00:00,1.913830041885376,1.9150700569152832,1.9123899936676025,1.9145100116729736,0,0.0,0.0
2026-03-23 16:15:00+00:00,1.9145400524139404,1.9171299934387207,1.9140100479125977,1.917080044746399,0,0.0,0.0
2026-03-23 16:30:00+00:00,1.9170000553131104,1.9173500537872314,1.9136799573898315,1.9141700267791748,0,0.0,0.0
2026-03-23 16:45:00+00:00,1.9141199588775635,1.9149800539016724,1.912179946899414,1.9131699800491333,0,0.0,0.0
2026-03-23 17:00:00+00:00,1.9132100343704224,1.9135600328445435,1.9122300148010254,1.913140058517456,0,0.0,0.0
2026-03-23 17:15:00+00:00,1.9131799936294556,1.9134999513626099,1.9119199514389038,1.9127299785614014,0,0.0,0.0
2026-03-23 17:30:00+00:00,1.9126299619674683,1.912909984588623,1.910249948501587,1.9125399589538574,0,0.0,0.0
2026-03-23 17:45:00+00:00,1.9125100374221802,1.9146599769592285,1.9122899770736694,1.9138000011444092,0,0.0,0.0
2026-03-23 18:00:00+00:00,1.913830041885376,1.9148499965667725,1.9136099815368652,1.9147100448608398,0,0.0,0.0
2026-03-23 18:15:00+00:00,1.914639949798584,1.9161800146102905,1.9143600463867188,1.9159400463104248,0,0.0,0.0
2026-03-23 18:30:00+00:00,1.9160399436950684,1.9161399602890015,1.9141000509262085,1.914330005645752,0,0.0,0.0
2026-03-23 18:45:00+00:00,1.9143699407577515,1.9150099754333496,1.9141000509262085,1.914639949798584,0,0.0,0.0
2026-03-23 19:00:00+00:00,1.914639949798584,1.9158200025558472,1.914289951324463,1.9155700206756592,0,0.0,0.0
2026-03-23 19:15:00+00:00,1.915719985961914,1.9161900281906128,1.9153200387954712,1.9155100584030151,0,0.0,0.0
2026-03-23 19:30:00+00:00,1.9155399799346924,1.9157600402832031,1.9149199724197388,1.915410041809082,0,0.0,0.0
2026-03-23 19:45:00+00:00,1.9153499603271484,1.9163600206375122,1.9149199724197388,1.9155199527740479,0,0.0,0.0
2026-03-23 20:00:00+00:00,1.9155299663543701,1.9162100553512573,1.9151400327682495,1.9155299663543701,0,0.0,0.0
2026-03-23 20:15:00+00:00,1.9155700206756592,1.9157999753952026,1.9152100086212158,1.9155000448226929,0,0.0,0.0
2026-03-23 20:30:00+00:00,1.9155800342559814,1.91566002368927,1.914929986000061,1.9153800010681152,0,0.0,0.0
2026-03-23 20:45:00+00:00,1.9153300523757935,1.915470004081726,1.914199948310852,1.9147000312805176,0,0.0,0.0
2026-03-23 21:00:00+00:00,1.9143600463867188,1.9163800477981567,1.9117100238800049,1.9129600524902344,0,0.0,0.0
2026-03-23 21:15:00+00:00,1.9130899906158447,1.916450023651123,1.9119700193405151,1.9148000478744507,0,0.0,0.0
2026-03-23 21:30:00+00:00,1.9138400554656982,1.9167300462722778,1.9123599529266357,1.9148499965667725,0,0.0,0.0
2026-03-23 21:45:00+00:00,1.9148499965667725,1.9173200130462646,1.9148499965667725,1.9156399965286255,0,0.0,0.0
2026-03-23 22:00:00+00:00,1.9153599739074707,1.9177800416946411,1.9143999814987183,1.9164799451828003,0,0.0,0.0
2026-03-23 22:15:00+00:00,1.9165600538253784,1.9167200326919556,1.9147000312805176,1.9149399995803833,0,0.0,0.0
2026-03-23 22:30:00+00:00,1.9149399995803833,1.9155299663543701,1.914330005645752,1.9144999980926514,0,0.0,0.0
2026-03-23 22:45:00+00:00,1.914489984512329,1.9146300554275513,1.912269949913025,1.9138000011444092,0,0.0,0.0
2026-03-23 23:00:00+00:00,1.91389000415802,1.9150899648666382,1.913699984550476,1.9149099588394165,0,0.0,0.0
2026-03-23 23:15:00+00:00,1.914739966392517,1.915310025215149,1.9137599468231201,1.9146100282669067,0,0.0,0.0
2026-03-23 23:30:00+00:00,1.914620041847229,1.9156399965286255,1.9142600297927856,1.9147000312805176,0,0.0,0.0
2026-03-23 23:45:00+00:00,1.9148000478744507,1.9162800312042236,1.9144500494003296,1.9157400131225586,0,0.0,0.0
2026-03-24 00:00:00+00:00,1.9154399633407593,1.918720006942749,1.9154399633407593,1.9186300039291382,0,0.0,0.0
2026-03-24 00:15:00+00:00,1.9185600280761719,1.9188799858093262,1.9166500568389893,1.9174699783325195,0,0.0,0.0
2026-03-24 00:30:00+00:00,1.9174699783325195,1.9219000339508057,1.9171799421310425,1.9179400205612183,0,0.0,0.0
2026-03-24 00:45:00+00:00,1.917930006980896,1.9183900356292725,1.9170000553131104,1.9177700281143188,0,0.0,0.0
2026-03-24 01:00:00+00:00,1.9177700281143188,1.9180400371551514,1.91621994972229,1.9167200326919556,0,0.0,0.0
2026-03-24 01:15:00+00:00,1.9169199466705322,1.9179600477218628,1.915779948234558,1.9169299602508545,0,0.0,0.0
2026-03-24 01:30:00+00:00,1.916759967803955,1.9216400384902954,1.916659951210022,1.9212000370025635,0,0.0,0.0
2026-03-24 01:45:00+00:00,1.9211599826812744,1.9219399690628052,1.919909954071045,1.9217100143432617,0,0.0,0.0
2026-03-24 02:00:00+00:00,1.921589970588684,1.9229300022125244,1.9211000204086304,1.9225399494171143,0,0.0,0.0
2026-03-24 02:15:00+00:00,1.9225200414657593,1.922860026359558,1.9203699827194214,1.9204599857330322,0,0.0,0.0
2026-03-24 02:30:00+00:00,1.9205800294876099,1.9221899509429932,1.920300006866455,1.922029972076416,0,0.0,0.0
2026-03-24 02:45:00+00:00,1.9218499660491943,1.9232699871063232,1.921429991722107,1.9229600429534912,0,0.0,0.0
2026-03-24 03:00:00+00:00,1.923069953918457,1.9234600067138672,1.9218900203704834,1.9226900339126587,0,0.0,0.0
2026-03-24 03:15:00+00:00,1.922629952430725,1.9228500127792358,1.9216699600219727,1.9223500490188599,0,0.0,0.0
2026-03-24 03:30:00+00:00,1.9223599433898926,1.9235700368881226,1.922070026397705,1.922659993171692,0,0.0,0.0
2026-03-24 03:45:00+00:00,1.9226800203323364,1.9232800006866455,1.9219499826431274,1.922760009765625,0,0.0,0.0
2026-03-24 04:00:00+00:00,1.9226900339126587,1.9234700202941895,1.9222099781036377,1.9226100444793701,0,0.0,0.0
2026-03-24 04:15:00+00:00,1.9226100444793701,1.9236700534820557,1.9222400188446045,1.9226100444793701,0,0.0,0.0
2026-03-24 04:30:00+00:00,1.9225900173187256,1.9230999946594238,1.9222300052642822,1.9229300022125244,0,0.0,0.0
2026-03-24 04:45:00+00:00,1.9230600595474243,1.9230799674987793,1.9217599630355835,1.9226399660110474,0,0.0,0.0
2026-03-24 05:00:00+00:00,1.922469973564148,1.9244999885559082,1.9222999811172485,1.9238100051879883,0,0.0,0.0
2026-03-24 05:15:00+00:00,1.9239000082015991,1.9243299961090088,1.9222700595855713,1.9238500595092773,0,0.0,0.0
2026-03-24 05:30:00+00:00,1.923949956893921,1.9241100549697876,1.921929955482483,1.9228500127792358,0,0.0,0.0
2026-03-24 05:45:00+00:00,1.9229700565338135,1.923550009727478,1.922260046005249,1.9231699705123901,0,0.0,0.0
2026-03-24 06:00:00+00:00,1.9232100248336792,1.9242700338363647,1.9215199947357178,1.9216099977493286,0,0.0,0.0
2026-03-24 06:15:00+00:00,1.9217100143432617,1.9222300052642822,1.920609951019287,1.9213099479675293,0,0.0,0.0
2026-03-24 06:30:00+00:00,1.9212000370025635,1.9217000007629395,1.9206700325012207,1.9212299585342407,0,0.0,0.0
2026-03-24 06:45:00+00:00,1.9212900400161743,1.921429991722107,1.9192500114440918,1.9194300174713135,0,0.0,0.0
2026-03-24 07:00:00+00:00,1.9194400310516357,1.9197399616241455,1.9159499406814575,1.9180799722671509,0,0.0,0.0
2026-03-24 07:15:00+00:00,1.9180500507354736,1.921030044555664,1.9178800582885742,1.920989990234375,0,0.0,0.0
2026-03-24 07:30:00+00:00,1.920989990234375,1.9222999811172485,1.9206000566482544,1.921339988708496,0,0.0,0.0
2026-03-24 07:45:00+00:00,1.9213199615478516,1.921929955482483,1.9198700189590454,1.9213900566101074,0,0.0,0.0
2026-03-24 08:00:00+00:00,1.9213999509811401,1.9225399494171143,1.919909954071045,1.9208199977874756,0,0.0,0.0
2026-03-24 08:15:00+00:00,1.9207299947738647,1.9234999418258667,1.920259952545166,1.9231499433517456,0,0.0,0.0
2026-03-24 08:30:00+00:00,1.9233200550079346,1.9239799976348877,1.9222099781036377,1.923740029335022,0,0.0,0.0
2026-03-24 08:45:00+00:00,1.9236299991607666,1.9241900444030762,1.9225399494171143,1.9228800535202026,0,0.0,0.0
2026-03-24 09:00:00+00:00,1.9227499961853027,1.9248499870300293,1.9222700595855713,1.9247599840164185,0,0.0,0.0
2026-03-24 09:15:00+00:00,1.9247100353240967,1.9251500368118286,1.9235800504684448,1.9235800504684448,0,0.0,0.0
2026-03-24 09:30:00+00:00,1.9239000082015991,1.924149990081787,1.9215099811553955,1.9220999479293823,0,0.0,0.0
2026-03-24 09:45:00+00:00,1.9221999645233154,1.9223699569702148,1.9207700490951538,1.9219800233840942,0,0.0,0.0
2026-03-24 10:00:00+00:00,1.9218000173568726,1.9233499765396118,1.9216699600219727,1.9223099946975708,0,0.0,0.0
2026-03-24 10:15:00+00:00,1.9220999479293823,1.922659993171692,1.920889973640442,1.9217699766159058,0,0.0,0.0
2026-03-24 10:30:00+00:00,1.921679973602295,1.9224200248718262,1.9214500188827515,1.9218000173568726,0,0.0,0.0
2026-03-24 10:45:00+00:00,1.921820044517517,1.9224200248718262,1.9207199811935425,1.9214400053024292,0,0.0,0.0
2026-03-24 11:00:00+00:00,1.9214500188827515,1.9222700595855713,1.920740008354187,1.9220499992370605,0,0.0,0.0
2026-03-24 11:15:00+00:00,1.9220099449157715,1.9235399961471558,1.9219000339508057,1.9233800172805786,0,0.0,0.0
2026-03-24 11:30:00+00:00,1.9234000444412231,1.924239993095398,1.9222500324249268,1.9225900173187256,0,0.0,0.0
2026-03-24 11:45:00+00:00,1.922659993171692,1.9243500232696533,1.9218599796295166,1.9221299886703491,0,0.0,0.0
2026-03-24 12:00:00+00:00,1.9221500158309937,1.9238899946212769,1.9219000339508057,1.9235700368881226,0,0.0,0.0
2026-03-24 12:15:00+00:00,1.9237099885940552,1.9244999885559082,1.9232399463653564,1.9242700338363647,0,0.0,0.0
2026-03-24 12:30:00+00:00,1.924149990081787,1.9267200231552124,1.9241199493408203,1.9265600442886353,0,0.0,0.0
2026-03-24 12:45:00+00:00,1.9264899492263794,1.926900029182434,1.9243899583816528,1.9250999689102173,0,0.0,0.0
2026-03-24 13:00:00+00:00,1.925130009651184,1.9253499507904053,1.9229799509048462,1.9233900308609009,0,0.0,0.0
2026-03-24 13:15:00+00:00,1.923550009727478,1.9237899780273438,1.9223699569702148,1.9229899644851685,0,0.0,0.0
2026-03-24 13:30:00+00:00,1.9230600595474243,1.9235600233078003,1.9220900535583496,1.922719955444336,0,0.0,0.0
2026-03-24 13:45:00+00:00,1.9230200052261353,1.923740029335022,1.9209200143814087,1.9210200309753418,0,0.0,0.0
2026-03-24 14:00:00+00:00,1.9208799600601196,1.9226900339126587,1.9200400114059448,1.921820044517517,0,0.0,0.0
2026-03-24 14:15:00+00:00,1.9216500520706177,1.9229999780654907,1.9214199781417847,1.9227099418640137,0,0.0,0.0
2026-03-24 14:30:00+00:00,1.922819972038269,1.9239399433135986,1.92153000831604,1.923550009727478,0,0.0,0.0
2026-03-24 14:45:00+00:00,1.9234100580215454,1.924180030822754,1.9203100204467773,1.9233100414276123,0,0.0,0.0
2026-03-24 15:00:00+00:00,1.9230400323867798,1.9240700006484985,1.9218800067901611,1.9232100248336792,0,0.0,0.0
2026-03-24 15:15:00+00:00,1.9232499599456787,1.9241299629211426,1.9218800067901611,1.9225300550460815,0,0.0,0.0
2026-03-24 15:30:00+00:00,1.9225800037384033,1.9230300188064575,1.920549988746643,1.9211499691009521,0,0.0,0.0
2026-03-24 15:45:00+00:00,1.9209599494934082,1.9227700233459473,1.9194200038909912,1.9212499856948853,0,0.0,0.0
2026-03-24 16:00:00+00:00,1.9212599992752075,1.9220099449157715,1.9207199811935425,1.920930027961731,0,0.0,0.0
2026-03-24 16:15:00+00:00,1.9209500551223755,1.921049952507019,1.91989004611969,1.9205000400543213,0,0.0,0.0
2026-03-24 16:30:00+00:00,1.9206299781799316,1.9220600128173828,1.9200199842453003,1.9211000204086304,0,0.0,0.0
2026-03-24 16:45:00+00:00,1.9212000370025635,1.921589970588684,1.9206000566482544,1.9212599992752075,0,0.0,0.0
2026-03-24 17:00:00+00:00,1.9213000535964966,1.924430012702942,1.9211000204086304,1.92385995388031,0,0.0,0.0
2026-03-24 17:15:00+00:00,1.9238899946212769,1.9256199598312378,1.9236299991607666,1.9252300262451172,0,0.0,0.0
2026-03-24 17:30:00+00:00,1.925220012664795,1.9256099462509155,1.9238100051879883,1.9253599643707275,0,0.0,0.0
2026-03-24 17:45:00+00:00,1.9253400564193726,1.9257299900054932,1.9228399991989136,1.9240700006484985,0,0.0,0.0
2026-03-24 18:00:00+00:00,1.9240100383758545,1.9242899417877197,1.923050045967102,1.9232100248336792,0,0.0,0.0
2026-03-24 18:15:00+00:00,1.923050045967102,1.9233299493789673,1.9204200506210327,1.9209200143814087,0,0.0,0.0
2026-03-24 18:30:00+00:00,1.9209200143814087,1.9215799570083618,1.9201200008392334,1.9211299419403076,0,0.0,0.0
2026-03-24 18:45:00+00:00,1.9212100505828857,1.9214999675750732,1.9206600189208984,1.921090006828308,0,0.0,0.0
2026-03-24 19:00:00+00:00,1.9211000204086304,1.9211299419403076,1.9189499616622925,1.9190200567245483,0,0.0,0.0
2026-03-24 19:15:00+00:00,1.9190200567245483,1.919469952583313,1.9188899993896484,1.9193999767303467,0,0.0,0.0
2026-03-24 19:30:00+00:00,1.9193999767303467,1.9200600385665894,1.9192399978637695,1.9197299480438232,0,0.0,0.0
2026-03-24 19:45:00+00:00,1.9197399616241455,1.9205299615859985,1.9196499586105347,1.9204299449920654,0,0.0,0.0
2026-03-24 20:00:00+00:00,1.9203100204467773,1.920680046081543,1.919909954071045,1.9206199645996094,0,0.0,0.0
2026-03-24 20:15:00+00:00,1.9205399751663208,1.9208099842071533,1.9148199558258057,1.9172199964523315,0,0.0,0.0
2026-03-24 20:30:00+00:00,1.9171600341796875,1.9179500341415405,1.9138599634170532,1.9165899753570557,0,0.0,0.0
2026-03-24 20:45:00+00:00,1.916640043258667,1.9185899496078491,1.9152699708938599,1.9161100387573242,0,0.0,0.0
2026-03-24 21:00:00+00:00,1.9157299995422363,1.917930006980896,1.9147700071334839,1.9167699813842773,0,0.0,0.0
2026-03-24 21:15:00+00:00,1.9167699813842773,1.9180999994277954,1.913390040397644,1.9151999950408936,0,0.0,0.0
2026-03-24 21:30:00+00:00,1.9158999919891357,1.9188799858093262,1.914929986000061,1.9168100357055664,0,0.0,0.0
2026-03-24 21:45:00+00:00,1.916450023651123,1.9184800386428833,1.914929986000061,1.91635000705719,0,0.0,0.0
2026-03-24 22:00:00+00:00,1.9164199829101562,1.9184199571609497,1.914989948272705,1.9172799587249756,0,0.0,0.0
2026-03-24 22:15:00+00:00,1.9167100191116333,1.9174000024795532,1.9156700372695923,1.9164199829101562,0,0.0,0.0
2026-03-24 22:30:00+00:00,1.9164199829101562,1.9185999631881714,1.9164199829101562,1.9183599948883057,0,0.0,0.0
2026-03-24 22:45:00+00:00,1.9178999662399292,1.9185199737548828,1.9163099527359009,1.9170299768447876,0,0.0,0.0
2026-03-24 23:00:00+00:00,1.917009949684143,1.918720006942749,1.9165600538253784,1.9179999828338623,0,0.0,0.0
2026-03-24 23:15:00+00:00,1.9180099964141846,1.9180899858474731,1.916700005531311,1.9168599843978882,0,0.0,0.0
2026-03-24 23:30:00+00:00,1.9168599843978882,1.9175299406051636,1.9165500402450562,1.9169800281524658,0,0.0,0.0
2026-03-24 23:45:00+00:00,1.916890025138855,1.9177900552749634,1.9167200326919556,1.9176000356674194,0,0.0,0.0
2026-03-25 00:00:00+00:00,1.9177900552749634,1.918969988822937,1.9172899723052979,1.917639970779419,0,0.0,0.0
2026-03-25 00:15:00+00:00,1.9174799919128418,1.9188100099563599,1.917199969291687,1.9173400402069092,0,0.0,0.0
2026-03-25 00:30:00+00:00,1.9173400402069092,1.9218499660491943,1.9173400402069092,1.9180599451065063,0,0.0,0.0
2026-03-25 00:45:00+00:00,1.9180599451065063,1.9199899435043335,1.9178099632263184,1.9195400476455688,0,0.0,0.0
2026-03-25 01:00:00+00:00,1.9195899963378906,1.9203399419784546,1.9182699918746948,1.9198700189590454,0,0.0,0.0
2026-03-25 01:15:00+00:00,1.9199800491333008,1.9216099977493286,1.9196900129318237,1.9204200506210327,0,0.0,0.0
2026-03-25 01:30:00+00:00,1.9204000234603882,1.9216300249099731,1.920050024986267,1.9212700128555298,0,0.0,0.0
2026-03-25 01:45:00+00:00,1.9211699962615967,1.9217000007629395,1.920609951019287,1.921339988708496,0,0.0,0.0
2026-03-25 02:00:00+00:00,1.9212100505828857,1.922569990158081,1.9210599660873413,1.9215600490570068,0,0.0,0.0
2026-03-25 02:15:00+00:00,1.9215500354766846,1.9218300580978394,1.9204699993133545,1.9211100339889526,0,0.0,0.0
2026-03-25 02:30:00+00:00,1.9211100339889526,1.9213600158691406,1.919950008392334,1.9205100536346436,0,0.0,0.0
2026-03-25 02:45:00+00:00,1.9205199480056763,1.9223500490188599,1.9200999736785889,1.9220199584960938,0,0.0,0.0
2026-03-25 03:00:00+00:00,1.9221299886703491,1.9221400022506714,1.9204399585723877,1.9219800233840942,0,0.0,0.0
2026-03-25 03:15:00+00:00,1.921970009803772,1.9225900173187256,1.9214099645614624,1.9225200414657593,0,0.0,0.0
2026-03-25 03:30:00+00:00,1.9224599599838257,1.9226499795913696,1.920549988746643,1.9211100339889526,0,0.0,0.0
2026-03-25 03:45:00+00:00,1.9212299585342407,1.921370029449463,1.9199800491333008,1.9203100204467773,0,0.0,0.0
2026-03-25 04:00:00+00:00,1.9201500415802002,1.9205399751663208,1.9193999767303467,1.9196900129318237,0,0.0,0.0
2026-03-25 04:15:00+00:00,1.9195499420166016,1.9201600551605225,1.9190900325775146,1.9198700189590454,0,0.0,0.0
2026-03-25 04:30:00+00:00,1.9198700189590454,1.920549988746643,1.9198299646377563,1.9204800128936768,0,0.0,0.0
2026-03-25 04:45:00+00:00,1.9202699661254883,1.9207299947738647,1.9196200370788574,1.9200199842453003,0,0.0,0.0
2026-03-25 05:00:00+00:00,1.9201200008392334,1.9206299781799316,1.9188300371170044,1.918969988822937,0,0.0,0.0
2026-03-25 05:15:00+00:00,1.918969988822937,1.9199199676513672,1.918619990348816,1.9192099571228027,0,0.0,0.0
2026-03-25 05:30:00+00:00,1.9192500114440918,1.9196300506591797,1.9184399843215942,1.918660044670105,0,0.0,0.0
2026-03-25 05:45:00+00:00,1.9186500310897827,1.918969988822937,1.9181599617004395,1.9185199737548828,0,0.0,0.0
2026-03-25 06:00:00+00:00,1.9184399843215942,1.920009970664978,1.918370008468628,1.9192800521850586,0,0.0,0.0
2026-03-25 06:15:00+00:00,1.9191099405288696,1.9199700355529785,1.9187999963760376,1.9188899993896484,0,0.0,0.0
2026-03-25 06:30:00+00:00,1.9188899993896484,1.9200999736785889,1.918720006942749,1.9196100234985352,0,0.0,0.0
2026-03-25 06:45:00+00:00,1.919600009918213,1.9201699495315552,1.918619990348816,1.9190700054168701,0,0.0,0.0
2026-03-25 07:00:00+00:00,1.9188400506973267,1.9208199977874756,1.9188400506973267,1.9193400144577026,0,0.0,0.0
2026-03-25 07:15:00+00:00,1.9192800521850586,1.9203300476074219,1.919219970703125,1.919909954071045,0,0.0,0.0
2026-03-25 07:30:00+00:00,1.9200299978256226,1.9208600521087646,1.9196499586105347,1.9205000400543213,0,0.0,0.0
2026-03-25 07:45:00+00:00,1.9206000566482544,1.9224400520324707,1.9202500581741333,1.9218699932098389,0,0.0,0.0
2026-03-25 08:00:00+00:00,1.921820044517517,1.9233900308609009,1.920799970626831,1.923009991645813,0,0.0,0.0
2026-03-25 08:15:00+00:00,1.9229899644851685,1.923140048980713,1.9214099645614624,1.921589970588684,0,0.0,0.0
2026-03-25 08:30:00+00:00,1.9215999841690063,1.921779990196228,1.9198100566864014,1.9215400218963623,0,0.0,0.0
2026-03-25 08:45:00+00:00,1.9215600490570068,1.9216599464416504,1.9196100234985352,1.9205399751663208,0,0.0,0.0
2026-03-25 09:00:00+00:00,1.9205600023269653,1.9207099676132202,1.919319987297058,1.9200999736785889,0,0.0,0.0
2026-03-25 09:15:00+00:00,1.9200600385665894,1.9216599464416504,1.919659972190857,1.9214799404144287,0,0.0,0.0
2026-03-25 09:30:00+00:00,1.9214799404144287,1.923110008239746,1.9208999872207642,1.9228999614715576,0,0.0,0.0
2026-03-25 09:45:00+00:00,1.9228399991989136,1.9234000444412231,1.9219499826431274,1.9221500158309937,0,0.0,0.0
2026-03-25 10:00:00+00:00,1.9221899509429932,1.9239100217819214,1.9216500520706177,1.9234299659729004,0,0.0,0.0
2026-03-25 10:15:00+00:00,1.9234600067138672,1.9251600503921509,1.9234299659729004,1.9250400066375732,0,0.0,0.0
2026-03-25 10:30:00+00:00,1.9249500036239624,1.925469994544983,1.9244500398635864,1.9247299432754517,0,0.0,0.0
2026-03-25 10:45:00+00:00,1.924649953842163,1.9250199794769287,1.9240800142288208,1.924530029296875,0,0.0,0.0
2026-03-25 11:00:00+00:00,1.9246200323104858,1.9251500368118286,1.924149990081787,1.9243299961090088,0,0.0,0.0
2026-03-25 11:15:00+00:00,1.9243600368499756,1.9249099493026733,1.9239599704742432,1.9241600036621094,0,0.0,0.0
2026-03-25 11:30:00+00:00,1.9241399765014648,1.9250199794769287,1.9240299463272095,1.9245400428771973,0,0.0,0.0
2026-03-25 11:45:00+00:00,1.9246100187301636,1.9263700246810913,1.9245100021362305,1.9255199432373047,0,0.0,0.0
2026-03-25 12:00:00+00:00,1.9255599975585938,1.9263700246810913,1.9248299598693848,1.9250400066375732,0,0.0,0.0
2026-03-25 12:15:00+00:00,1.9250400066375732,1.9268800020217896,1.9247699975967407,1.9260799884796143,0,0.0,0.0
2026-03-25 12:30:00+00:00,1.9260400533676147,1.9270600080490112,1.924839973449707,1.925920009613037,0,0.0,0.0
2026-03-25 12:45:00+00:00,1.925879955291748,1.9262700080871582,1.9234399795532227,1.9244400262832642,0,0.0,0.0
2026-03-25 13:00:00+00:00,1.924489974975586,1.9246200323104858,1.922569990158081,1.9234399795532227,0,0.0,0.0
2026-03-25 13:15:00+00:00,1.9234399795532227,1.9237500429153442,1.9223599433898926,1.9227399826049805,0,0.0,0.0
2026-03-25 13:30:00+00:00,1.9227900505065918,1.923449993133545,1.9219800233840942,1.9230999946594238,0,0.0,0.0
2026-03-25 13:45:00+00:00,1.9230600595474243,1.9245500564575195,1.9227099418640137,1.924299955368042,0,0.0,0.0
2026-03-25 14:00:00+00:00,1.9244699478149414,1.924720048904419,1.9211699962615967,1.9215400218963623,0,0.0,0.0
2026-03-25 14:15:00+00:00,1.9215400218963623,1.9221899509429932,1.9199700355529785,1.9205000400543213,0,0.0,0.0
2026-03-25 14:30:00+00:00,1.9203399419784546,1.9208400249481201,1.9195499420166016,1.9201500415802002,0,0.0,0.0
2026-03-25 14:45:00+00:00,1.9201600551605225,1.921720027923584,1.9198700189590454,1.9212299585342407,0,0.0,0.0
2026-03-25 15:00:00+00:00,1.9212299585342407,1.9225900173187256,1.920639991760254,1.9224300384521484,0,0.0,0.0
2026-03-25 15:15:00+00:00,1.9223699569702148,1.92330002784729,1.9213000535964966,1.9213500022888184,0,0.0,0.0
2026-03-25 15:30:00+00:00,1.921429991722107,1.9222400188446045,1.9206500053405762,1.9212000370025635,0,0.0,0.0
2026-03-25 15:45:00+00:00,1.9212000370025635,1.9216300249099731,1.920609951019287,1.9208199977874756,0,0.0,0.0
2026-03-25 16:00:00+00:00,1.9207500219345093,1.9216099977493286,1.9202699661254883,1.921589970588684,0,0.0,0.0
2026-03-25 16:15:00+00:00,1.9214600324630737,1.921779990196228,1.9203100204467773,1.9213299751281738,0,0.0,0.0
2026-03-25 16:30:00+00:00,1.9212199449539185,1.9216099977493286,1.9206500053405762,1.9213199615478516,0,0.0,0.0
2026-03-25 16:45:00+00:00,1.9213299751281738,1.9224300384521484,1.9209200143814087,1.9221500158309937,0,0.0,0.0
2026-03-25 17:00:00+00:00,1.9222300052642822,1.9225800037384033,1.9216300249099731,1.921820044517517,0,0.0,0.0
2026-03-25 17:15:00+00:00,1.9217599630355835,1.9222500324249268,1.9211599826812744,1.921280026435852,0,0.0,0.0
2026-03-25 17:30:00+00:00,1.921339988708496,1.921839952468872,1.920889973640442,1.9214500188827515,0,0.0,0.0
2026-03-25 17:45:00+00:00,1.9214500188827515,1.9226000308990479,1.9211100339889526,1.9223400354385376,0,0.0,0.0
2026-03-25 18:00:00+00:00,1.9223899841308594,1.9226800203323364,1.9213099479675293,1.921910047531128,0,0.0,0.0
2026-03-25 18:15:00+00:00,1.9219000339508057,1.922070026397705,1.9212700128555298,1.9217000007629395,0,0.0,0.0
2026-03-25 18:30:00+00:00,1.9215500354766846,1.9224499464035034,1.9213500022888184,1.9220800399780273,0,0.0,0.0
2026-03-25 18:45:00+00:00,1.922070026397705,1.9232800006866455,1.9218599796295166,1.922659993171692,0,0.0,0.0
2026-03-25 19:00:00+00:00,1.922629952430725,1.9233200550079346,1.922320008277893,1.9230400323867798,0,0.0,0.0
2026-03-25 19:15:00+00:00,1.923069953918457,1.9234000444412231,1.9225599765777588,1.923140048980713,0,0.0,0.0
2026-03-25 19:30:00+00:00,1.9231599569320679,1.9240200519561768,1.9230799674987793,1.923449993133545,0,0.0,0.0
2026-03-25 19:45:00+00:00,1.9234000444412231,1.9239200353622437,1.923259973526001,1.923449993133545,0,0.0,0.0
2026-03-25 20:00:00+00:00,1.9234199523925781,1.923490047454834,1.9227099418640137,1.9229099750518799,0,0.0,0.0
2026-03-25 20:15:00+00:00,1.9228299856185913,1.923200011253357,1.922719955444336,1.9230999946594238,0,0.0,0.0
2026-03-25 20:30:00+00:00,1.9230600595474243,1.9237600564956665,1.922819972038269,1.923050045967102,0,0.0,0.0
2026-03-25 20:45:00+00:00,1.9230799674987793,1.9238100051879883,1.9225000143051147,1.9231899976730347,0,0.0,0.0
2026-03-25 21:00:00+00:00,1.922659993171692,1.9234000444412231,1.921030044555664,1.9225200414657593,0,0.0,0.0
2026-03-25 21:15:00+00:00,1.9225000143051147,1.924090027809143,1.9196300506591797,1.9219900369644165,0,0.0,0.0
2026-03-25 21:30:00+00:00,1.9219900369644165,1.92399001121521,1.9207899570465088,1.9227499961853027,0,0.0,0.0
2026-03-25 21:45:00+00:00,1.9208699464797974,1.923609972000122,1.92044997215271,1.9223599433898926,0,0.0,0.0
2026-03-25 22:00:00+00:00,1.9207299947738647,1.9252400398254395,1.9207299947738647,1.9242500066757202,0,0.0,0.0
2026-03-25 22:15:00+00:00,1.9242500066757202,1.9247299432754517,1.9226700067520142,1.9233200550079346,0,0.0,0.0
2026-03-25 22:30:00+00:00,1.923200011253357,1.92330002784729,1.9219000339508057,1.9225000143051147,0,0.0,0.0
2026-03-25 22:45:00+00:00,1.9224200248718262,1.923490047454834,1.9221899509429932,1.92330002784729,0,0.0,0.0
2026-03-25 23:00:00+00:00,1.9232699871063232,1.9248299598693848,1.9231499433517456,1.9246599674224854,0,0.0,0.0
2026-03-25 23:15:00+00:00,1.9244699478149414,1.9251600503921509,1.9241299629211426,1.9246100187301636,0,0.0,0.0
2026-03-25 23:30:00+00:00,1.9244500398635864,1.9249199628829956,1.9241100549697876,1.924630045890808,0,0.0,0.0
2026-03-25 23:45:00+00:00,1.9246000051498413,1.9254300594329834,1.924340009689331,1.9246799945831299,0,0.0,0.0
2026-03-26 00:00:00+00:00,1.924530029296875,1.9252300262451172,1.9238899946212769,1.9246000051498413,0,0.0,0.0
2026-03-26 00:15:00+00:00,1.9246000051498413,1.9247900247573853,1.923449993133545,1.9243500232696533,0,0.0,0.0
2026-03-26 00:30:00+00:00,1.9244400262832642,1.9249500036239624,1.9238100051879883,1.9249099493026733,0,0.0,0.0
2026-03-26 00:45:00+00:00,1.9247900247573853,1.9256700277328491,1.924280047416687,1.925220012664795,0,0.0,0.0
2026-03-26 01:00:00+00:00,1.9253900051116943,1.9256000518798828,1.9244699478149414,1.9246400594711304,0,0.0,0.0
2026-03-26 01:15:00+00:00,1.9246400594711304,1.9251999855041504,1.9241299629211426,1.9246000051498413,0,0.0,0.0
2026-03-26 01:30:00+00:00,1.924739956855774,1.9253100156784058,1.924239993095398,1.925130009651184,0,0.0,0.0
2026-03-26 01:45:00+00:00,1.9252099990844727,1.9253900051116943,1.9243199825286865,1.9244099855422974,0,0.0,0.0
2026-03-26 02:00:00+00:00,1.9243899583816528,1.9247000217437744,1.9240599870681763,1.9244099855422974,0,0.0,0.0
2026-03-26 02:15:00+00:00,1.9243700504302979,1.9248100519180298,1.92385995388031,1.9241399765014648,0,0.0,0.0
2026-03-26 02:30:00+00:00,1.9241000413894653,1.9256500005722046,1.923799991607666,1.9249399900436401,0,0.0,0.0
2026-03-26 02:45:00+00:00,1.9250400066375732,1.925220012664795,1.9241700172424316,1.924780011177063,0,0.0,0.0
2026-03-26 03:00:00+00:00,1.9247299432754517,1.9248299598693848,1.9234800338745117,1.923699975013733,0,0.0,0.0
2026-03-26 03:15:00+00:00,1.923699975013733,1.924049973487854,1.9229799509048462,1.9232699871063232,0,0.0,0.0
2026-03-26 03:30:00+00:00,1.9233200550079346,1.9235899448394775,1.9221299886703491,1.9222899675369263,0,0.0,0.0
2026-03-26 03:45:00+00:00,1.922160029411316,1.9234299659729004,1.9221199750900269,1.922700047492981,0,0.0,0.0
2026-03-26 04:00:00+00:00,1.9227099418640137,1.9232399463653564,1.9222700595855713,1.9224499464035034,0,0.0,0.0
2026-03-26 04:15:00+00:00,1.9222999811172485,1.922860026359558,1.9216400384902954,1.9227399826049805,0,0.0,0.0
2026-03-26 04:30:00+00:00,1.9227099418640137,1.923069953918457,1.9223999977111816,1.9229199886322021,0,0.0,0.0
2026-03-26 04:45:00+00:00,1.9228299856185913,1.9229400157928467,1.9211399555206299,1.921839952468872,0,0.0,0.0
2026-03-26 05:00:00+00:00,1.921839952468872,1.9223699569702148,1.921589970588684,1.9220900535583496,0,0.0,0.0
2026-03-26 05:15:00+00:00,1.922070026397705,1.9226200580596924,1.9216200113296509,1.9222999811172485,0,0.0,0.0
2026-03-26 05:30:00+00:00,1.922260046005249,1.9226700067520142,1.9208500385284424,1.921339988708496,0,0.0,0.0
2026-03-26 05:45:00+00:00,1.9214500188827515,1.9223899841308594,1.9211499691009521,1.9221800565719604,0,0.0,0.0
2026-03-26 06:00:00+00:00,1.9221199750900269,1.923490047454834,1.9218100309371948,1.9231699705123901,0,0.0,0.0
2026-03-26 06:15:00+00:00,1.9230400323867798,1.9231699705123901,1.9219499826431274,1.9224599599838257,0,0.0,0.0
2026-03-26 06:30:00+00:00,1.9224499464035034,1.9227299690246582,1.9218599796295166,1.9225000143051147,0,0.0,0.0
2026-03-26 06:45:00+00:00,1.9225300550460815,1.9228299856185913,1.922070026397705,1.9221299886703491,0,0.0,0.0
2026-03-26 07:00:00+00:00,1.9222300052642822,1.9232499599456787,1.9220499992370605,1.9230999946594238,0,0.0,0.0
2026-03-26 07:15:00+00:00,1.9230899810791016,1.9233399629592896,1.9219599962234497,1.9224400520324707,0,0.0,0.0
2026-03-26 07:30:00+00:00,1.9225300550460815,1.92399001121521,1.9222999811172485,1.9237099885940552,0,0.0,0.0
2026-03-26 07:45:00+00:00,1.9236799478530884,1.9239699840545654,1.9229600429534912,1.9236500263214111,0,0.0,0.0
2026-03-26 08:00:00+00:00,1.9236299991607666,1.9237899780273438,1.9220900535583496,1.9230999946594238,0,0.0,0.0
2026-03-26 08:15:00+00:00,1.9230999946594238,1.9243600368499756,1.9229799509048462,1.9237099885940552,0,0.0,0.0
2026-03-26 08:30:00+00:00,1.9238200187683105,1.9244799613952637,1.9233299493789673,1.9234199523925781,0,0.0,0.0
2026-03-26 08:45:00+00:00,1.923509955406189,1.9236299991607666,1.9227299690246582,1.9230899810791016,0,0.0,0.0
2026-03-26 09:00:00+00:00,1.9230899810791016,1.9246799945831299,1.922950029373169,1.9246100187301636,0,0.0,0.0
2026-03-26 09:15:00+00:00,1.9245100021362305,1.9251199960708618,1.9231599569320679,1.9234000444412231,0,0.0,0.0
2026-03-26 09:30:00+00:00,1.9234100580215454,1.9262200593948364,1.9232399463653564,1.925089955329895,0,0.0,0.0
2026-03-26 09:45:00+00:00,1.9252300262451172,1.9258899688720703,1.924589991569519,1.9249999523162842,0,0.0,0.0
2026-03-26 10:00:00+00:00,1.925029993057251,1.9254499673843384,1.9242500066757202,1.9251099824905396,0,0.0,0.0
2026-03-26 10:15:00+00:00,1.9251500368118286,1.9256900548934937,1.9246699810028076,1.9254399538040161,0,0.0,0.0
2026-03-26 10:30:00+00:00,1.9254200458526611,1.9259999990463257,1.9249600172042847,1.9257099628448486,0,0.0,0.0
2026-03-26 10:45:00+00:00,1.9257099628448486,1.9261300563812256,1.925379991531372,1.9258500337600708,0,0.0,0.0
2026-03-26 11:00:00+00:00,1.9258400201797485,1.92631995677948,1.9253400564193726,1.9260599613189697,0,0.0,0.0
2026-03-26 11:15:00+00:00,1.9259799718856812,1.9272199869155884,1.925860047340393,1.927090048789978,0,0.0,0.0
2026-03-26 11:30:00+00:00,1.9270299673080444,1.9276000261306763,1.9266999959945679,1.9268699884414673,0,0.0,0.0
2026-03-26 11:45:00+00:00,1.9268900156021118,1.9286400079727173,1.926650047302246,1.928320050239563,0,0.0,0.0
2026-03-26 12:00:00+00:00,1.9283299446105957,1.9288100004196167,1.9261800050735474,1.9272300004959106,0,0.0,0.0
2026-03-26 12:15:00+00:00,1.9272300004959106,1.9292999505996704,1.9270800352096558,1.9282699823379517,0,0.0,0.0
2026-03-26 12:30:00+00:00,1.9289400577545166,1.9303900003433228,1.927049994468689,1.9301799535751343,0,0.0,0.0
2026-03-26 12:45:00+00:00,1.9302400350570679,1.9308799505233765,1.9294999837875366,1.9305499792099,0,0.0,0.0
2026-03-26 13:00:00+00:00,1.9305499792099,1.9306999444961548,1.9286999702453613,1.9293899536132812,0,0.0,0.0
2026-03-26 13:15:00+00:00,1.9292500019073486,1.9298499822616577,1.9286999702453613,1.9293999671936035,0,0.0,0.0
2026-03-26 13:30:00+00:00,1.9292700290679932,1.9305000305175781,1.9290499687194824,1.9295599460601807,0,0.0,0.0
2026-03-26 13:45:00+00:00,1.9295200109481812,1.9311399459838867,1.928439974784851,1.9285800457000732,0,0.0,0.0
2026-03-26 14:00:00+00:00,1.9285999536514282,1.9299099445343018,1.9279199838638306,1.9292900562286377,0,0.0,0.0
2026-03-26 14:15:00+00:00,1.9292800426483154,1.9304699897766113,1.9287899732589722,1.9304300546646118,0,0.0,0.0
2026-03-26 14:30:00+00:00,1.9303699731826782,1.932360053062439,1.9294699430465698,1.932129979133606,0,0.0,0.0
2026-03-26 14:45:00+00:00,1.9321099519729614,1.9333399534225464,1.9316200017929077,1.931839942932129,0,0.0,0.0
2026-03-26 15:00:00+00:00,1.9318599700927734,1.9319900274276733,1.930590033531189,1.9314099550247192,0,0.0,0.0
2026-03-26 15:15:00+00:00,1.9314099550247192,1.9320499897003174,1.9306700229644775,1.9314500093460083,0,0.0,0.0
2026-03-26 15:30:00+00:00,1.9313299655914307,1.9322600364685059,1.9305200576782227,1.9312399625778198,0,0.0,0.0
2026-03-26 15:45:00+00:00,1.9311699867248535,1.9322799444198608,1.9303100109100342,1.9317200183868408,0,0.0,0.0
2026-03-26 16:00:00+00:00,1.9316999912261963,1.931879997253418,1.9306999444961548,1.9311000108718872,0,0.0,0.0
2026-03-26 16:15:00+00:00,1.9310599565505981,1.9332799911499023,1.9308300018310547,1.9330300092697144,0,0.0,0.0
2026-03-26 16:30:00+00:00,1.9330300092697144,1.9337600469589233,1.9323699474334717,1.9328999519348145,0,0.0,0.0
2026-03-26 16:45:00+00:00,1.9328199625015259,1.9336700439453125,1.9325000047683716,1.9330899715423584,0,0.0,0.0
2026-03-26 17:00:00+00:00,1.9329500198364258,1.933769941329956,1.9325799942016602,1.9336899518966675,0,0.0,0.0
2026-03-26 17:15:00+00:00,1.9335500001907349,1.934059977531433,1.9328800439834595,1.933750033378601,0,0.0,0.0
2026-03-26 17:30:00+00:00,1.9337799549102783,1.9342999458312988,1.9333399534225464,1.9341800212860107,0,0.0,0.0
2026-03-26 17:45:00+00:00,1.9341299533843994,1.9344799518585205,1.933419942855835,1.934249997138977,0,0.0,0.0
2026-03-26 18:00:00+00:00,1.9342999458312988,1.934309959411621,1.9331899881362915,1.9336700439453125,0,0.0,0.0
2026-03-26 18:15:00+00:00,1.9336999654769897,1.9343700408935547,1.9333100318908691,1.9342800378799438,0,0.0,0.0
2026-03-26 18:30:00+00:00,1.9342399835586548,1.9343700408935547,1.9332799911499023,1.9335099458694458,0,0.0,0.0
2026-03-26 18:45:00+00:00,1.9335399866104126,1.9337300062179565,1.9327499866485596,1.933150053024292,0,0.0,0.0
2026-03-26 19:00:00+00:00,1.9330999851226807,1.935130000114441,1.9330099821090698,1.9345699548721313,0,0.0,0.0
2026-03-26 19:15:00+00:00,1.9346400499343872,1.9350600242614746,1.9341299533843994,1.934790015220642,0,0.0,0.0
2026-03-26 19:30:00+00:00,1.9348100423812866,1.9351500272750854,1.934499979019165,1.9350500106811523,0,0.0,0.0
2026-03-26 19:45:00+00:00,1.9350999593734741,1.9360100030899048,1.9349900484085083,1.9358199834823608,0,0.0,0.0
2026-03-26 20:00:00+00:00,1.93572998046875,1.935979962348938,1.9298800230026245,1.9343199729919434,0,0.0,0.0
2026-03-26 20:15:00+00:00,1.934340000152588,1.9348100423812866,1.932729959487915,1.9342600107192993,0,0.0,0.0
2026-03-26 20:30:00+00:00,1.9341800212860107,1.934749960899353,1.933650016784668,1.9344899654388428,0,0.0,0.0
2026-03-26 20:45:00+00:00,1.9345099925994873,1.935670018196106,1.9339599609375,1.9345300197601318,0,0.0,0.0
2026-03-26 21:00:00+00:00,1.9346599578857422,1.9354000091552734,1.9308300018310547,1.9328199625015259,0,0.0,0.0
2026-03-26 21:15:00+00:00,1.9328199625015259,1.9371700286865234,1.932379961013794,1.935420036315918,0,0.0,0.0
2026-03-26 21:30:00+00:00,1.936169981956482,1.9378000497817993,1.9333699941635132,1.9341700077056885,0,0.0,0.0
2026-03-26 21:45:00+00:00,1.9341599941253662,1.9358099699020386,1.9321000576019287,1.9339499473571777,0,0.0,0.0
2026-03-26 22:00:00+00:00,1.9339499473571777,1.9358199834823608,1.9329700469970703,1.9344700574874878,0,0.0,0.0
2026-03-26 22:15:00+00:00,1.9349000453948975,1.9361499547958374,1.9341200590133667,1.9356199502944946,0,0.0,0.0
2026-03-26 22:30:00+00:00,1.9352500438690186,1.9358400106430054,1.9343899488449097,1.935420036315918,0,0.0,0.0
2026-03-26 22:45:00+00:00,1.9352999925613403,1.9356199502944946,1.9341599941253662,1.9347000122070312,0,0.0,0.0
2026-03-26 23:00:00+00:00,1.9347399473190308,1.935479998588562,1.9342399835586548,1.9348499774932861,0,0.0,0.0
2026-03-26 23:15:00+00:00,1.935189962387085,1.9352699518203735,1.9339200258255005,1.934559941291809,0,0.0,0.0
2026-03-26 23:30:00+00:00,1.9342800378799438,1.935230016708374,1.934059977531433,1.9348499774932861,0,0.0,0.0
2026-03-26 23:45:00+00:00,1.9348499774932861,1.9364399909973145,1.9348399639129639,1.93641996383667,0,0.0,0.0
2026-03-27 00:00:00+00:00,1.9362499713897705,1.9364099502563477,1.9350999593734741,1.9358799457550049,0,0.0,0.0
2026-03-27 00:15:00+00:00,1.9357600212097168,1.9371299743652344,1.935420036315918,1.9370900392532349,0,0.0,0.0
2026-03-27 00:30:00+00:00,1.9370900392532349,1.937790036201477,1.9366400241851807,1.9372899532318115,0,0.0,0.0
2026-03-27 00:45:00+00:00,1.9373600482940674,1.9394999742507935,1.9372899532318115,1.9393800497055054,0,0.0,0.0
2026-03-27 01:00:00+00:00,1.9393800497055054,1.9401099681854248,1.9389300346374512,1.9391299486160278,0,0.0,0.0
2026-03-27 01:15:00+00:00,1.9391299486160278,1.939329981803894,1.9375,1.9378199577331543,0,0.0,0.0
2026-03-27 01:30:00+00:00,1.937690019607544,1.9380700588226318,1.9369100332260132,1.9374200105667114,0,0.0,0.0
2026-03-27 01:45:00+00:00,1.9374200105667114,1.9379899501800537,1.936710000038147,1.9367799758911133,0,0.0,0.0
2026-03-27 02:00:00+00:00,1.9368200302124023,1.9371299743652344,1.9357099533081055,1.936020016670227,0,0.0,0.0
2026-03-27 02:15:00+00:00,1.936020016670227,1.9364099502563477,1.9351400136947632,1.9353200197219849,0,0.0,0.0
2026-03-27 02:30:00+00:00,1.9353699684143066,1.9360100030899048,1.9351400136947632,1.9351799488067627,0,0.0,0.0
2026-03-27 02:45:00+00:00,1.9353300333023071,1.9355900287628174,1.93464994430542,1.9355000257492065,0,0.0,0.0
2026-03-27 03:00:00+00:00,1.9355100393295288,1.9357500076293945,1.9339599609375,1.9341000318527222,0,0.0,0.0
2026-03-27 03:15:00+00:00,1.9342199563980103,1.9342399835586548,1.9331300258636475,1.9332400560379028,0,0.0,0.0
2026-03-27 03:30:00+00:00,1.9332300424575806,1.9334700107574463,1.9321600198745728,1.9332300424575806,0,0.0,0.0
2026-03-27 03:45:00+00:00,1.9332300424575806,1.9336199760437012,1.9315299987792969,1.931879997253418,0,0.0,0.0
2026-03-27 04:00:00+00:00,1.9316799640655518,1.9325200319290161,1.9312599897384644,1.9320900440216064,0,0.0,0.0
2026-03-27 04:15:00+00:00,1.9321800470352173,1.9323699474334717,1.9316200017929077,1.9318900108337402,0,0.0,0.0
2026-03-27 04:30:00+00:00,1.9319000244140625,1.932129979133606,1.93163001537323,1.931980013847351,0,0.0,0.0
2026-03-27 04:45:00+00:00,1.9318699836730957,1.9319900274276733,1.9303300380706787,1.930799961090088,0,0.0,0.0
2026-03-27 05:00:00+00:00,1.9307399988174438,1.9317400455474854,1.9304200410842896,1.9311599731445312,0,0.0,0.0
2026-03-27 05:15:00+00:00,1.9311699867248535,1.9324300289154053,1.9309500455856323,1.9320800304412842,0,0.0,0.0
2026-03-27 05:30:00+00:00,1.9320499897003174,1.932860016822815,1.9318499565124512,1.9324400424957275,0,0.0,0.0
2026-03-27 05:45:00+00:00,1.9325799942016602,1.934059977531433,1.9319499731063843,1.933709979057312,0,0.0,0.0
2026-03-27 06:00:00+00:00,1.9336999654769897,1.9348000288009644,1.9328999519348145,1.9330799579620361,0,0.0,0.0
2026-03-27 06:15:00+00:00,1.9330500364303589,1.9332200288772583,1.9318900108337402,1.9325900077819824,0,0.0,0.0
2026-03-27 06:30:00+00:00,1.9325799942016602,1.9330099821090698,1.932229995727539,1.9323400259017944,0,0.0,0.0
2026-03-27 06:45:00+00:00,1.9323099851608276,1.9339200258255005,1.9322700500488281,1.9324599504470825,0,0.0,0.0
2026-03-27 07:00:00+00:00,1.9326000213623047,1.9337799549102783,1.9321199655532837,1.932979941368103,0,0.0,0.0
2026-03-27 07:15:00+00:00,1.9328500032424927,1.9337400197982788,1.9328299760818481,1.933459997177124,0,0.0,0.0
2026-03-27 07:30:00+00:00,1.9334499835968018,1.934209942817688,1.9326599836349487,1.9332799911499023,0,0.0,0.0
2026-03-27 07:45:00+00:00,1.933419942855835,1.9337199926376343,1.9320199489593506,1.932129979133606,0,0.0,0.0
2026-03-27 08:00:00+00:00,1.932289958000183,1.9337199926376343,1.931130051612854,1.9325300455093384,0,0.0,0.0
2026-03-27 08:15:00+00:00,1.9322999715805054,1.932919979095459,1.931689977645874,1.932420015335083,0,0.0,0.0
2026-03-27 08:30:00+00:00,1.9322400093078613,1.932479977607727,1.9299700260162354,1.9301700592041016,0,0.0,0.0
2026-03-27 08:45:00+00:00,1.9300099611282349,1.9308799505233765,1.929610013961792,1.9304900169372559,0,0.0,0.0
2026-03-27 09:00:00+00:00,1.930340051651001,1.9320199489593506,1.9299999475479126,1.9310499429702759,0,0.0,0.0
2026-03-27 09:15:00+00:00,1.9310699701309204,1.9319599866867065,1.9295599460601807,1.9297399520874023,0,0.0,0.0
2026-03-27 09:30:00+00:00,1.9297599792480469,1.9302500486373901,1.928820013999939,1.9299499988555908,0,0.0,0.0
2026-03-27 09:45:00+00:00,1.9299499988555908,1.9308099746704102,1.929419994354248,1.9299900531768799,0,0.0,0.0
2026-03-27 10:00:00+00:00,1.9302300214767456,1.9304399490356445,1.929129958152771,1.9292900562286377,0,0.0,0.0
2026-03-27 10:15:00+00:00,1.9294400215148926,1.9302699565887451,1.9292399883270264,1.9296000003814697,0,0.0,0.0
2026-03-27 10:30:00+00:00,1.929610013961792,1.9311399459838867,1.9292800426483154,1.9306800365447998,0,0.0,0.0
2026-03-27 10:45:00+00:00,1.9306600093841553,1.9308799505233765,1.9293700456619263,1.9295200109481812,0,0.0,0.0
2026-03-27 11:00:00+00:00,1.929419994354248,1.930109977722168,1.9291000366210938,1.9298900365829468,0,0.0,0.0
2026-03-27 11:15:00+00:00,1.9298299551010132,1.9304800033569336,1.9289499521255493,1.9290000200271606,0,0.0,0.0
2026-03-27 11:30:00+00:00,1.9290000200271606,1.9293999671936035,1.927549958229065,1.9276000261306763,0,0.0,0.0
2026-03-27 11:45:00+00:00,1.9277299642562866,1.928570032119751,1.9270000457763672,1.9281699657440186,0,0.0,0.0
2026-03-27 12:00:00+00:00,1.928339958190918,1.9295400381088257,1.9278700351715088,1.9285199642181396,0,0.0,0.0
2026-03-27 12:15:00+00:00,1.9285199642181396,1.9295200109481812,1.9282300472259521,1.928629994392395,0,0.0,0.0
2026-03-27 12:30:00+00:00,1.9284100532531738,1.9291399717330933,1.927459955215454,1.9285199642181396,0,0.0,0.0
2026-03-27 12:45:00+00:00,1.9285199642181396,1.9288300275802612,1.9279500246047974,1.9284900426864624,0,0.0,0.0
2026-03-27 13:00:00+00:00,1.9285399913787842,1.9292800426483154,1.9281100034713745,1.9291199445724487,0,0.0,0.0
2026-03-27 13:15:00+00:00,1.9289499521255493,1.9301400184631348,1.9280799627304077,1.9301400184631348,0,0.0,0.0
2026-03-27 13:30:00+00:00,1.929919958114624,1.9321199655532837,1.9296799898147583,1.9312100410461426,0,0.0,0.0
2026-03-27 13:45:00+00:00,1.9312000274658203,1.9316099882125854,1.9287999868392944,1.9308799505233765,0,0.0,0.0
2026-03-27 14:00:00+00:00,1.9309799671173096,1.931939959526062,1.9301799535751343,1.931190013885498,0,0.0,0.0
2026-03-27 14:15:00+00:00,1.9313199520111084,1.932360053062439,1.9303300380706787,1.9321600198745728,0,0.0,0.0
2026-03-27 14:30:00+00:00,1.9323699474334717,1.933150053024292,1.9316500425338745,1.9325100183486938,0,0.0,0.0
2026-03-27 14:45:00+00:00,1.93231999874115,1.9332900047302246,1.9318499565124512,1.9320399761199951,0,0.0,0.0
2026-03-27 15:00:00+00:00,1.931920051574707,1.9326900243759155,1.9307899475097656,1.9321999549865723,0,0.0,0.0
2026-03-27 15:15:00+00:00,1.9323999881744385,1.933459997177124,1.9312700033187866,1.9324599504470825,0,0.0,0.0
2026-03-27 15:30:00+00:00,1.9324599504470825,1.9325799942016602,1.9312299489974976,1.9324300289154053,0,0.0,0.0
2026-03-27 15:45:00+00:00,1.9322700500488281,1.9329099655151367,1.9289300441741943,1.9293800592422485,0,0.0,0.0
2026-03-27 16:00:00+00:00,1.929419994354248,1.9301300048828125,1.9287099838256836,1.9297800064086914,0,0.0,0.0
2026-03-27 16:15:00+00:00,1.9295799732208252,1.9299999475479126,1.928670048713684,1.9292099475860596,0,0.0,0.0
2026-03-27 16:30:00+00:00,1.9294699430465698,1.9299999475479126,1.9287899732589722,1.9291199445724487,0,0.0,0.0
2026-03-27 16:45:00+00:00,1.9293500185012817,1.9295400381088257,1.928030014038086,1.9285199642181396,0,0.0,0.0
2026-03-27 17:00:00+00:00,1.9283599853515625,1.9300700426101685,1.9269100427627563,1.9296799898147583,0,0.0,0.0
2026-03-27 17:15:00+00:00,1.929610013961792,1.9322099685668945,1.9295300245285034,1.93218994140625,0,0.0,0.0
2026-03-27 17:30:00+00:00,1.93218994140625,1.9322400093078613,1.9308500289916992,1.9316999912261963,0,0.0,0.0
2026-03-27 17:45:00+00:00,1.9318000078201294,1.9318000078201294,1.9307399988174438,1.931439995765686,0,0.0,0.0
2026-03-27 18:00:00+00:00,1.9314500093460083,1.9320800304412842,1.9311100244522095,1.931980013847351,0,0.0,0.0
2026-03-27 18:15:00+00:00,1.9320299625396729,1.9320299625396729,1.9309500455856323,1.9313199520111084,0,0.0,0.0
2026-03-27 18:30:00+00:00,1.9313199520111084,1.9314600229263306,1.9304200410842896,1.9307899475097656,0,0.0,0.0
2026-03-27 18:45:00+00:00,1.930840015411377,1.9314199686050415,1.9307600259780884,1.9308700561523438,0,0.0,0.0
2026-03-27 19:00:00+00:00,1.9308300018310547,1.9311800003051758,1.9304800033569336,1.9307399988174438,0,0.0,0.0
2026-03-27 19:15:00+00:00,1.9307600259780884,1.9310100078582764,1.930209994316101,1.9309300184249878,0,0.0,0.0
2026-03-27 19:30:00+00:00,1.930999994277954,1.9315199851989746,1.9305399656295776,1.931089997291565,0,0.0,0.0
2026-03-27 19:45:00+00:00,1.9311599731445312,1.931570053100586,1.930299997329712,1.9307600259780884,0,0.0,0.0
2026-03-27 20:00:00+00:00,1.9307500123977661,1.9315999746322632,1.9304800033569336,1.9311200380325317,0,0.0,0.0
2026-03-27 20:15:00+00:00,1.9312800168991089,1.9319599866867065,1.9308700561523438,1.931249976158142,0,0.0,0.0
2026-03-27 20:30:00+00:00,1.931339979171753,1.932070016860962,1.9289900064468384,1.9291599988937378,0,0.0,0.0
2026-03-27 20:45:00+00:00,1.9293700456619263,1.9301300048828125,1.9264500141143799,1.9278600215911865,0,0.0,0.0
2026-03-27 21:00:00+00:00,1.92917001247406,1.92917001247406,1.92917001247406,1.92917001247406,0,0.0,0.0
2026-03-27 21:15:00+00:00,1.92917001247406,1.92917001247406,1.92917001247406,1.92917001247406,0,0.0,0.0
2026-03-27 21:30:00+00:00,1.92917001247406,1.92917001247406,1.92917001247406,1.92917001247406,0,0.0,0.0
2026-03-27 21:45:00+00:00,1.92917001247406,1.92917001247406,1.92917001247406,1.92917001247406,0,0.0,0.0
2026-03-27 22:00:00+00:00,1.92917001247406,1.92917001247406,1.92917001247406,1.92917001247406,0,0.0,0.0
2026-03-27 22:15:00+00:00,1.92917001247406,1.92917001247406,1.92917001247406,1.92917001247406,0,0.0,0.0
2026-03-30 00:00:00+01:00,1.9320399761199951,1.9329500198364258,1.9315999746322632,1.9327900409698486,0,0.0,0.0
2026-03-30 00:15:00+01:00,1.9326499700546265,1.9332900047302246,1.9320399761199951,1.9328399896621704,0,0.0,0.0
2026-03-30 00:30:00+01:00,1.932960033416748,1.9331200122833252,1.9317799806594849,1.932170033454895,0,0.0,0.0
2026-03-30 00:45:00+01:00,1.932170033454895,1.932960033416748,1.931730031967163,1.932360053062439,0,0.0,0.0
2026-03-30 01:00:00+01:00,1.932379961013794,1.934059977531433,1.9321000576019287,1.9338500499725342,0,0.0,0.0
2026-03-30 01:15:00+01:00,1.9339200258255005,1.934880018234253,1.9325300455093384,1.9335099458694458,0,0.0,0.0
2026-03-30 01:30:00+01:00,1.93340003490448,1.9353300333023071,1.9327399730682373,1.9343899488449097,0,0.0,0.0
2026-03-30 01:45:00+01:00,1.9342900514602661,1.9351199865341187,1.9335500001907349,1.9336999654769897,0,0.0,0.0
2026-03-30 02:00:00+01:00,1.9336400032043457,1.9342299699783325,1.9325200319290161,1.9338899850845337,0,0.0,0.0
2026-03-30 02:15:00+01:00,1.9338500499725342,1.934340000152588,1.9324100017547607,1.932479977607727,0,0.0,0.0
2026-03-30 02:30:00+01:00,1.9326200485229492,1.9328199625015259,1.931339979171753,1.9324500560760498,0,0.0,0.0
2026-03-30 02:45:00+01:00,1.9326200485229492,1.934540033340454,1.9322799444198608,1.9334100484848022,0,0.0,0.0
2026-03-30 03:00:00+01:00,1.9335099458694458,1.9337199926376343,1.9319499731063843,1.9320900440216064,0,0.0,0.0
2026-03-30 03:15:00+01:00,1.9321399927139282,1.9336999654769897,1.9320900440216064,1.933210015296936,0,0.0,0.0
2026-03-30 03:30:00+01:00,1.9332200288772583,1.9335099458694458,1.931939959526062,1.9322400093078613,0,0.0,0.0
2026-03-30 03:45:00+01:00,1.932289958000183,1.9336800575256348,1.9319700002670288,1.9332900047302246,0,0.0,0.0
2026-03-30 04:00:00+01:00,1.9333200454711914,1.933709979057312,1.9322999715805054,1.9324699640274048,0,0.0,0.0
2026-03-30 04:15:00+01:00,1.9324500560760498,1.9328700304031372,1.9318300485610962,1.9323400259017944,0,0.0,0.0
2026-03-30 04:30:00+01:00,1.93231999874115,1.932729959487915,1.9319000244140625,1.9321399927139282,0,0.0,0.0
2026-03-30 04:45:00+01:00,1.93218994140625,1.9325000047683716,1.9307700395584106,1.931939959526062,0,0.0,0.0
2026-03-30 05:00:00+01:00,1.931839942932129,1.9320499897003174,1.9312100410461426,1.9318300485610962,0,0.0,0.0
2026-03-30 05:15:00+01:00,1.931689977645874,1.9320299625396729,1.931249976158142,1.9319299459457397,0,0.0,0.0
2026-03-30 05:30:00+01:00,1.931839942932129,1.9325599670410156,1.9316500425338745,1.9319700002670288,0,0.0,0.0
2026-03-30 05:45:00+01:00,1.931920051574707,1.9327800273895264,1.9316799640655518,1.932070016860962,0,0.0,0.0
2026-03-30 06:00:00+01:00,1.932070016860962,1.933019995689392,1.9318599700927734,1.9325900077819824,0,0.0,0.0
2026-03-30 06:15:00+01:00,1.9325799942016602,1.9333399534225464,1.9323899745941162,1.9326499700546265,0,0.0,0.0
2026-03-30 06:30:00+01:00,1.932629942893982,1.9333300590515137,1.9324699640274048,1.9328900575637817,0,0.0,0.0
2026-03-30 06:45:00+01:00,1.9327600002288818,1.9330899715423584,1.931439995765686,1.9321399927139282,0,0.0,0.0
2026-03-30 07:00:00+01:00,1.9322600364685059,1.9331300258636475,1.9319700002670288,1.9323500394821167,0,0.0,0.0
2026-03-30 07:15:00+01:00,1.932420015335083,1.9327499866485596,1.9316799640655518,1.9319000244140625,0,0.0,0.0
2026-03-30 07:30:00+01:00,1.9319499731063843,1.9319900274276733,1.9305200576782227,1.931730031967163,0,0.0,0.0
2026-03-30 07:45:00+01:00,1.9316600561141968,1.9333499670028687,1.9314199686050415,1.9331899881362915,0,0.0,0.0
2026-03-30 08:00:00+01:00,1.9332000017166138,1.9338099956512451,1.9318000078201294,1.9318900108337402,0,0.0,0.0
2026-03-30 08:15:00+01:00,1.9318900108337402,1.9322500228881836,1.9307299852371216,1.9320900440216064,0,0.0,0.0
2026-03-30 08:30:00+01:00,1.932070016860962,1.9342199563980103,1.931879997253418,1.9337799549102783,0,0.0,0.0
2026-03-30 08:45:00+01:00,1.9337899684906006,1.9341399669647217,1.9328299760818481,1.9331200122833252,0,0.0,0.0
2026-03-30 09:00:00+01:00,1.9331200122833252,1.933590054512024,1.9320399761199951,1.932629942893982,0,0.0,0.0
2026-03-30 09:15:00+01:00,1.9325300455093384,1.9327199459075928,1.9309099912643433,1.9314199686050415,0,0.0,0.0
2026-03-30 09:30:00+01:00,1.9313600063323975,1.9315799474716187,1.929919958114624,1.9301999807357788,0,0.0,0.0
2026-03-30 09:45:00+01:00,1.9301600456237793,1.9309799671173096,1.929610013961792,1.9308099746704102,0,0.0,0.0
2026-03-30 10:00:00+01:00,1.9306999444961548,1.931339979171753,1.9301400184631348,1.9308600425720215,0,0.0,0.0
2026-03-30 10:15:00+01:00,1.9307700395584106,1.9321999549865723,1.930459976196289,1.9313600063323975,0,0.0,0.0
2026-03-30 10:30:00+01:00,1.931480050086975,1.9317100048065186,1.9306399822235107,1.931380033493042,0,0.0,0.0
2026-03-30 10:45:00+01:00,1.9316099882125854,1.93163001537323,1.9298700094223022,1.9301199913024902,0,0.0,0.0
2026-03-30 11:00:00+01:00,1.9301400184631348,1.9306800365447998,1.9294400215148926,1.9297699928283691,0,0.0,0.0
2026-03-30 11:15:00+01:00,1.9295300245285034,1.9305100440979004,1.9292000532150269,1.9299499988555908,0,0.0,0.0
2026-03-30 11:30:00+01:00,1.9301400184631348,1.9303100109100342,1.9287699460983276,1.9290399551391602,0,0.0,0.0
2026-03-30 11:45:00+01:00,1.9290399551391602,1.929669976234436,1.9287300109863281,1.929260015487671,0,0.0,0.0
2026-03-30 12:00:00+01:00,1.929260015487671,1.9303900003433228,1.929010033607483,1.9300199747085571,0,0.0,0.0
2026-03-30 12:15:00+01:00,1.9299999475479126,1.9314199686050415,1.9288300275802612,1.9304699897766113,0,0.0,0.0
2026-03-30 12:30:00+01:00,1.9305499792099,1.9305700063705444,1.929029941558838,1.9293299913406372,0,0.0,0.0
2026-03-30 12:45:00+01:00,1.9292399883270264,1.9296200275421143,1.9284199476242065,1.92877995967865,0,0.0,0.0
2026-03-30 13:00:00+01:00,1.9287500381469727,1.9290499687194824,1.9279999732971191,1.9285000562667847,0,0.0,0.0
2026-03-30 13:15:00+01:00,1.9284299612045288,1.9289000034332275,1.9277700185775757,1.927970051765442,0,0.0,0.0
2026-03-30 13:30:00+01:00,1.9278199672698975,1.928130030632019,1.9272099733352661,1.9276000261306763,0,0.0,0.0
2026-03-30 13:45:00+01:00,1.9276200532913208,1.9289400577545166,1.9271700382232666,1.9275200366973877,0,0.0,0.0
2026-03-30 14:00:00+01:00,1.9276000261306763,1.9283000230789185,1.9271800518035889,1.9280699491500854,0,0.0,0.0
2026-03-30 14:15:00+01:00,1.9281699657440186,1.9292700290679932,1.9277299642562866,1.928130030632019,0,0.0,0.0
2026-03-30 14:30:00+01:00,1.9281799793243408,1.9285099506378174,1.9255000352859497,1.9262299537658691,0,0.0,0.0
2026-03-30 14:45:00+01:00,1.9263299703598022,1.9270600080490112,1.925950050354004,1.9265600442886353,0,0.0,0.0
2026-03-30 15:00:00+01:00,1.926509976387024,1.9288300275802612,1.9262200593948364,1.9272600412368774,0,0.0,0.0
2026-03-30 15:15:00+01:00,1.9273099899291992,1.928320050239563,1.9265199899673462,1.9280600547790527,0,0.0,0.0
2026-03-30 15:30:00+01:00,1.9279799461364746,1.9285600185394287,1.9263700246810913,1.9267699718475342,0,0.0,0.0
2026-03-30 15:45:00+01:00,1.9267799854278564,1.9279600381851196,1.9250500202178955,1.9252300262451172,0,0.0,0.0
2026-03-30 16:00:00+01:00,1.9252400398254395,1.9256700277328491,1.9241199493408203,1.9248700141906738,0,0.0,0.0
2026-03-30 16:15:00+01:00,1.9249099493026733,1.9256900548934937,1.9243199825286865,1.9250400066375732,0,0.0,0.0
2026-03-30 16:30:00+01:00,1.9249399900436401,1.9252599477767944,1.9233900308609009,1.9237600564956665,0,0.0,0.0
2026-03-30 16:45:00+01:00,1.9237600564956665,1.9244099855422974,1.9230799674987793,1.9234100580215454,0,0.0,0.0
2026-03-30 17:00:00+01:00,1.9234800338745117,1.9241199493408203,1.9232499599456787,1.923930048942566,0,0.0,0.0
2026-03-30 17:15:00+01:00,1.9238899946212769,1.9246699810028076,1.9237899780273438,1.9243899583816528,0,0.0,0.0
2026-03-30 17:30:00+01:00,1.9242899417877197,1.924399971961975,1.9228099584579468,1.923110008239746,0,0.0,0.0
2026-03-30 17:45:00+01:00,1.9230899810791016,1.924090027809143,1.923050045967102,1.923799991607666,0,0.0,0.0
2026-03-30 18:00:00+01:00,1.9238799810409546,1.9240000247955322,1.9226000308990479,1.9230999946594238,0,0.0,0.0
2026-03-30 18:15:00+01:00,1.9230600595474243,1.9241399765014648,1.9227499961853027,1.9240599870681763,0,0.0,0.0
2026-03-30 18:30:00+01:00,1.9240599870681763,1.9250099658966064,1.9235800504684448,1.9237200021743774,0,0.0,0.0
2026-03-30 18:45:00+01:00,1.923699975013733,1.923949956893921,1.923200011253357,1.9235199689865112,0,0.0,0.0
2026-03-30 19:00:00+01:00,1.9235899448394775,1.9240700006484985,1.9234299659729004,1.9235700368881226,0,0.0,0.0
2026-03-30 19:15:00+01:00,1.9235700368881226,1.9248000383377075,1.9234600067138672,1.9246699810028076,0,0.0,0.0
2026-03-30 19:30:00+01:00,1.9246400594711304,1.9248100519180298,1.92399001121521,1.9245699644088745,0,0.0,0.0
2026-03-30 19:45:00+01:00,1.9245599508285522,1.9246900081634521,1.9238799810409546,1.9240599870681763,0,0.0,0.0
2026-03-30 20:00:00+01:00,1.9240599870681763,1.9252899885177612,1.923949956893921,1.9251500368118286,0,0.0,0.0
2026-03-30 20:15:00+01:00,1.9252099990844727,1.9259999990463257,1.9248600006103516,1.9259300231933594,0,0.0,0.0
2026-03-30 20:30:00+01:00,1.9258500337600708,1.9260300397872925,1.9249600172042847,1.9252400398254395,0,0.0,0.0
2026-03-30 20:45:00+01:00,1.9252699613571167,1.9252899885177612,1.9245100021362305,1.924739956855774,0,0.0,0.0
2026-03-30 21:00:00+01:00,1.9247599840164185,1.9252300262451172,1.9245599508285522,1.9247599840164185,0,0.0,0.0
2026-03-30 21:15:00+01:00,1.9247900247573853,1.9248700141906738,1.9242899417877197,1.924630045890808,0,0.0,0.0
2026-03-30 21:30:00+01:00,1.9245599508285522,1.9250199794769287,1.9239799976348877,1.9239799976348877,0,0.0,0.0
2026-03-30 21:45:00+01:00,1.9240100383758545,1.9245500564575195,1.9219399690628052,1.9237799644470215,0,0.0,0.0
2026-03-30 22:00:00+01:00,1.9229600429534912,1.9255499839782715,1.9221099615097046,1.9239799976348877,0,0.0,0.0
2026-03-30 22:15:00+01:00,1.9238500595092773,1.924970030784607,1.9226399660110474,1.923359990119934,0,0.0,0.0
2026-03-30 22:30:00+01:00,1.9232900142669678,1.9251600503921509,1.9224900007247925,1.923359990119934,0,0.0,0.0
2026-03-30 22:45:00+01:00,1.923359990119934,1.924589991569519,1.921429991722107,1.9238799810409546,0,0.0,0.0
2026-03-30 23:00:00+01:00,1.9219199419021606,1.924090027809143,1.9215699434280396,1.9232499599456787,0,0.0,0.0
2026-03-30 23:15:00+01:00,1.9232499599456787,1.9238699674606323,1.9226900339126587,1.922819972038269,0,0.0,0.0
2026-03-30 23:30:00+01:00,1.9234399795532227,1.9241700172424316,1.9228099584579468,1.9234299659729004,0,0.0,0.0
2026-03-30 23:45:00+01:00,1.9238200187683105,1.9240200519561768,1.9223099946975708,1.9224900007247925,0,0.0,0.0
2026-03-31 00:00:00+01:00,1.9226000308990479,1.9243199825286865,1.9226000308990479,1.9236500263214111,0,0.0,0.0
2026-03-31 00:15:00+01:00,1.9239200353622437,1.924090027809143,1.9231899976730347,1.92385995388031,0,0.0,0.0
2026-03-31 00:30:00+01:00,1.9236400127410889,1.9244099855422974,1.923490047454834,1.9235199689865112,0,0.0,0.0
2026-03-31 00:45:00+01:00,1.9237500429153442,1.9247100353240967,1.9233800172805786,1.9239399433135986,0,0.0,0.0
2026-03-31 01:00:00+01:00,1.9240599870681763,1.9260499477386475,1.9234000444412231,1.925529956817627,0,0.0,0.0
2026-03-31 01:15:00+01:00,1.9255399703979492,1.9258500337600708,1.92385995388031,1.9241100549697876,0,0.0,0.0
2026-03-31 01:30:00+01:00,1.9241199493408203,1.9256399869918823,1.9231899976730347,1.9249199628829956,0,0.0,0.0
2026-03-31 01:45:00+01:00,1.9247000217437744,1.925379991531372,1.9228399991989136,1.92507004737854,0,0.0,0.0
2026-03-31 02:00:00+01:00,1.924970030784607,1.9259300231933594,1.924299955368042,1.9251699447631836,0,0.0,0.0
2026-03-31 02:15:00+01:00,1.9253400564193726,1.925469994544983,1.92330002784729,1.923949956893921,0,0.0,0.0
2026-03-31 02:30:00+01:00,1.9237899780273438,1.9249900579452515,1.923259973526001,1.9244500398635864,0,0.0,0.0
2026-03-31 02:45:00+01:00,1.9246599674224854,1.9248600006103516,1.9228700399398804,1.923609972000122,0,0.0,0.0
2026-03-31 03:00:00+01:00,1.9236899614334106,1.9249299764633179,1.9235399961471558,1.9240700006484985,0,0.0,0.0
2026-03-31 03:15:00+01:00,1.9241399765014648,1.9247699975967407,1.9231200218200684,1.924489974975586,0,0.0,0.0
2026-03-31 03:30:00+01:00,1.924649953842163,1.9250999689102173,1.9238500595092773,1.9249900579452515,0,0.0,0.0
2026-03-31 03:45:00+01:00,1.9249900579452515,1.9260200262069702,1.9246100187301636,1.925879955291748,0,0.0,0.0
2026-03-31 04:00:00+01:00,1.925920009613037,1.9266799688339233,1.9256399869918823,1.9260200262069702,0,0.0,0.0
2026-03-31 04:15:00+01:00,1.9260799884796143,1.9275100231170654,1.925879955291748,1.926609992980957,0,0.0,0.0
2026-03-31 04:30:00+01:00,1.9264899492263794,1.9280400276184082,1.9264099597930908,1.9272600412368774,0,0.0,0.0
2026-03-31 04:45:00+01:00,1.9271899461746216,1.9279199838638306,1.9267699718475342,1.9271800518035889,0,0.0,0.0
2026-03-31 05:00:00+01:00,1.9272199869155884,1.9275699853897095,1.926509976387024,1.9270100593566895,0,0.0,0.0
2026-03-31 05:15:00+01:00,1.9270399808883667,1.9272099733352661,1.9261300563812256,1.927150011062622,0,0.0,0.0
2026-03-31 05:30:00+01:00,1.927150011062622,1.9279299974441528,1.9265700578689575,1.9275200366973877,0,0.0,0.0
2026-03-31 05:45:00+01:00,1.9275200366973877,1.9282499551773071,1.9272300004959106,1.9281699657440186,0,0.0,0.0
2026-03-31 06:00:00+01:00,1.9281599521636963,1.9292199611663818,1.9277399778366089,1.9286600351333618,0,0.0,0.0
2026-03-31 06:15:00+01:00,1.9286600351333618,1.9289400577545166,1.926259994506836,1.9276399612426758,0,0.0,0.0
2026-03-31 06:30:00+01:00,1.9275200366973877,1.9285099506378174,1.9274200201034546,1.9276000261306763,0,0.0,0.0
2026-03-31 06:45:00+01:00,1.9276000261306763,1.9278099536895752,1.926360011100769,1.9269200563430786,0,0.0,0.0
2026-03-31 07:00:00+01:00,1.926900029182434,1.9285999536514282,1.9261300563812256,1.927299976348877,0,0.0,0.0
2026-03-31 07:15:00+01:00,1.9273699522018433,1.9279999732971191,1.9267100095748901,1.9269599914550781,0,0.0,0.0
2026-03-31 07:30:00+01:00,1.9269499778747559,1.927590012550354,1.9266300201416016,1.9275000095367432,0,0.0,0.0
2026-03-31 07:45:00+01:00,1.927549958229065,1.9279999732971191,1.926259994506836,1.9267100095748901,0,0.0,0.0
2026-03-31 08:00:00+01:00,1.926650047302246,1.9286500215530396,1.9263999462127686,1.9264999628067017,0,0.0,0.0
2026-03-31 08:15:00+01:00,1.9265400171279907,1.926900029182434,1.9258999824523926,1.9263700246810913,0,0.0,0.0
2026-03-31 08:30:00+01:00,1.926550030708313,1.9265600442886353,1.9233299493789673,1.923509955406189,0,0.0,0.0
2026-03-31 08:45:00+01:00,1.9233900308609009,1.924280047416687,1.9220600128173828,1.9229400157928467,0,0.0,0.0
2026-03-31 09:00:00+01:00,1.923050045967102,1.9245799779891968,1.9223099946975708,1.924399971961975,0,0.0,0.0
2026-03-31 09:15:00+01:00,1.9242899417877197,1.9258999824523926,1.9240000247955322,1.9258699417114258,0,0.0,0.0
2026-03-31 09:30:00+01:00,1.9258400201797485,1.9270199537277222,1.9257099628448486,1.926800012588501,0,0.0,0.0
2026-03-31 09:45:00+01:00,1.9269800186157227,1.9270199537277222,1.9252300262451172,1.9255399703979492,0,0.0,0.0
2026-03-31 10:00:00+01:00,1.9252699613571167,1.9255399703979492,1.923949956893921,1.9247100353240967,0,0.0,0.0
2026-03-31 10:15:00+01:00,1.9246200323104858,1.9267499446868896,1.9246000051498413,1.926550030708313,0,0.0,0.0
2026-03-31 10:30:00+01:00,1.9265799522399902,1.9276700019836426,1.9263900518417358,1.927340030670166,0,0.0,0.0
2026-03-31 10:45:00+01:00,1.9272500276565552,1.9276100397109985,1.9263499975204468,1.9274400472640991,0,0.0,0.0
2026-03-31 11:00:00+01:00,1.9274400472640991,1.927780032157898,1.9265899658203125,1.9270999431610107,0,0.0,0.0
2026-03-31 11:15:00+01:00,1.9270700216293335,1.9273099899291992,1.9264299869537354,1.926550030708313,0,0.0,0.0
2026-03-31 11:30:00+01:00,1.9264899492263794,1.9275000095367432,1.9260599613189697,1.926900029182434,0,0.0,0.0
2026-03-31 11:45:00+01:00,1.9268200397491455,1.9270399808883667,1.9258999824523926,1.926300048828125,0,0.0,0.0
2026-03-31 12:00:00+01:00,1.9264899492263794,1.9267799854278564,1.9217000007629395,1.9239699840545654,0,0.0,0.0
2026-03-31 12:15:00+01:00,1.9240700006484985,1.9243099689483643,1.921339988708496,1.921970009803772,0,0.0,0.0
2026-03-31 12:30:00+01:00,1.9220000505447388,1.922510027885437,1.9212599992752075,1.9217699766159058,0,0.0,0.0
2026-03-31 12:45:00+01:00,1.921779990196228,1.92330002784729,1.9211900234222412,1.922719955444336,0,0.0,0.0
2026-03-31 13:00:00+01:00,1.922659993171692,1.9243500232696533,1.9219000339508057,1.9239799976348877,0,0.0,0.0
2026-03-31 13:15:00+01:00,1.9240000247955322,1.9248299598693848,1.922070026397705,1.9223999977111816,0,0.0,0.0
2026-03-31 13:30:00+01:00,1.9225399494171143,1.923930048942566,1.922379970550537,1.9236400127410889,0,0.0,0.0
2026-03-31 13:45:00+01:00,1.9236400127410889,1.9249999523162842,1.9234399795532227,1.9248199462890625,0,0.0,0.0
2026-03-31 14:00:00+01:00,1.9247599840164185,1.9263900518417358,1.9245699644088745,1.9260799884796143,0,0.0,0.0
2026-03-31 14:15:00+01:00,1.9259899854660034,1.926419973373413,1.9250999689102173,1.9258699417114258,0,0.0,0.0
2026-03-31 14:30:00+01:00,1.9258999824523926,1.927299976348877,1.9254599809646606,1.9269499778747559,0,0.0,0.0
2026-03-31 14:45:00+01:00,1.9270100593566895,1.927299976348877,1.9253400564193726,1.9262900352478027,0,0.0,0.0
2026-03-31 15:00:00+01:00,1.9260900020599365,1.9276399612426758,1.9251699447631836,1.926669955253601,0,0.0,0.0
2026-03-31 15:15:00+01:00,1.9267300367355347,1.9278500080108643,1.9261000156402588,1.9269800186157227,0,0.0,0.0
2026-03-31 15:30:00+01:00,1.9270399808883667,1.9275200366973877,1.9254499673843384,1.9256500005722046,0,0.0,0.0
2026-03-31 15:45:00+01:00,1.9256199598312378,1.92808997631073,1.9243299961090088,1.9253699779510498,0,0.0,0.0
2026-03-31 16:00:00+01:00,1.925320029258728,1.9269499778747559,1.9218599796295166,1.9245100021362305,0,0.0,0.0
2026-03-31 16:15:00+01:00,1.9245500564575195,1.9256399869918823,1.9241100549697876,1.9245799779891968,0,0.0,0.0
2026-03-31 16:30:00+01:00,1.924530029296875,1.9249099493026733,1.9235600233078003,1.924430012702942,0,0.0,0.0
2026-03-31 16:45:00+01:00,1.9245100021362305,1.9253400564193726,1.9224799871444702,1.9234999418258667,0,0.0,0.0
2026-03-31 17:00:00+01:00,1.9235800504684448,1.9242299795150757,1.9221299886703491,1.9240299463272095,0,0.0,0.0
2026-03-31 17:15:00+01:00,1.9240700006484985,1.9241399765014648,1.9215600490570068,1.9224599599838257,0,0.0,0.0
2026-03-31 17:30:00+01:00,1.9224599599838257,1.923140048980713,1.917680025100708,1.91798996925354,0,0.0,0.0
2026-03-31 17:45:00+01:00,1.9179400205612183,1.9203499555587769,1.9174400568008423,1.9194200038909912,0,0.0,0.0
2026-03-31 18:00:00+01:00,1.919260025024414,1.9200299978256226,1.9181900024414062,1.9193400144577026,0,0.0,0.0
2026-03-31 18:15:00+01:00,1.9194999933242798,1.9210100173950195,1.9189900159835815,1.9206899404525757,0,0.0,0.0
2026-03-31 18:30:00+01:00,1.9206600189208984,1.9222099781036377,1.9194200038909912,1.9219599962234497,0,0.0,0.0
2026-03-31 18:45:00+01:00,1.9218599796295166,1.922469973564148,1.921049952507019,1.9219399690628052,0,0.0,0.0
2026-03-31 19:00:00+01:00,1.9219399690628052,1.9222099781036377,1.921090006828308,1.9216599464416504,0,0.0,0.0
2026-03-31 19:15:00+01:00,1.9215799570083618,1.9218699932098389,1.921049952507019,1.9214500188827515,0,0.0,0.0
2026-03-31 19:30:00+01:00,1.921470046043396,1.9215799570083618,1.919569969177246,1.9196799993515015,0,0.0,0.0
2026-03-31 19:45:00+01:00,1.9197299480438232,1.9201300144195557,1.919100046157837,1.9197800159454346,0,0.0,0.0
2026-03-31 20:00:00+01:00,1.91975998878479,1.9201899766921997,1.9192500114440918,1.919469952583313,0,0.0,0.0
2026-03-31 20:15:00+01:00,1.919469952583313,1.9196300506591797,1.9185199737548828,1.9188400506973267,0,0.0,0.0
2026-03-31 20:30:00+01:00,1.9188200235366821,1.9192500114440918,1.91812002658844,1.918619990348816,0,0.0,0.0
2026-03-31 20:45:00+01:00,1.9185500144958496,1.918869972229004,1.9178600311279297,1.9181499481201172,0,0.0,0.0
2026-03-31 21:00:00+01:00,1.9181699752807617,1.9190499782562256,1.9177700281143188,1.9180200099945068,0,0.0,0.0
2026-03-31 21:15:00+01:00,1.9180200099945068,1.9182100296020508,1.916599988937378,1.9167300462722778,0,0.0,0.0
2026-03-31 21:30:00+01:00,1.9168299436569214,1.9170900583267212,1.9158600568771362,1.9168299436569214,0,0.0,0.0
2026-03-31 21:45:00+01:00,1.9167699813842773,1.9170399904251099,1.9153000116348267,1.9158400297164917,0,0.0,0.0
2026-03-31 22:00:00+01:00,1.9160200357437134,1.918239951133728,1.915560007095337,1.9156800508499146,0,0.0,0.0
2026-03-31 22:15:00+01:00,1.9156700372695923,1.9177000522613525,1.9143500328063965,1.9154000282287598,0,0.0,0.0
2026-03-31 22:30:00+01:00,1.9166300296783447,1.9173200130462646,1.9154000282287598,1.9155100584030151,0,0.0,0.0
2026-03-31 22:45:00+01:00,1.9166799783706665,1.9177900552749634,1.9138200283050537,1.9150999784469604,0,0.0,0.0
2026-03-31 23:00:00+01:00,1.91566002368927,1.9169100522994995,1.9141000509262085,1.9163800477981567,0,0.0,0.0
2026-03-31 23:15:00+01:00,1.9165699481964111,1.9174400568008423,1.9162299633026123,1.9172699451446533,0,0.0,0.0
2026-03-31 23:30:00+01:00,1.9166699647903442,1.9177500009536743,1.9164199829101562,1.9165899753570557,0,0.0,0.0
2026-03-31 23:45:00+01:00,1.9165899753570557,1.9173099994659424,1.9158400297164917,1.9163299798965454,0,0.0,0.0
2026-04-01 00:00:00+01:00,1.9165899753570557,1.9170399904251099,1.9156700372695923,1.9161399602890015,0,0.0,0.0
2026-04-01 00:15:00+01:00,1.9161700010299683,1.9166300296783447,1.9157299995422363,1.9162399768829346,0,0.0,0.0
2026-04-01 00:30:00+01:00,1.916159987449646,1.9163399934768677,1.9155800342559814,1.9157700538635254,0,0.0,0.0
2026-04-01 00:45:00+01:00,1.9156500101089478,1.9158899784088135,1.9133000373840332,1.9134800434112549,0,0.0,0.0
2026-04-01 01:00:00+01:00,1.9134800434112549,1.9144200086593628,1.9124599695205688,1.9127700328826904,0,0.0,0.0
2026-04-01 01:15:00+01:00,1.912660002708435,1.9141499996185303,1.912619948387146,1.9132800102233887,0,0.0,0.0
2026-04-01 01:30:00+01:00,1.913059949874878,1.9137799739837646,1.9125100374221802,1.9125499725341797,0,0.0,0.0
2026-04-01 01:45:00+01:00,1.9125399589538574,1.9131699800491333,1.9117399454116821,1.9121299982070923,0,0.0,0.0
2026-04-01 02:00:00+01:00,1.9120099544525146,1.9129799604415894,1.9107400178909302,1.9107600450515747,0,0.0,0.0
2026-04-01 02:15:00+01:00,1.9108799695968628,1.9118399620056152,1.9104100465774536,1.9106700420379639,0,0.0,0.0
2026-04-01 02:30:00+01:00,1.9108500480651855,1.9128700494766235,1.910580039024353,1.9122600555419922,0,0.0,0.0
2026-04-01 02:45:00+01:00,1.9120099544525146,1.913930058479309,1.911870002746582,1.913409948348999,0,0.0,0.0
2026-04-01 03:00:00+01:00,1.9135199785232544,1.913930058479309,1.9129799604415894,1.9134900569915771,0,0.0,0.0
2026-04-01 03:15:00+01:00,1.9136300086975098,1.914289951324463,1.9132499694824219,1.9136899709701538,0,0.0,0.0
2026-04-01 03:30:00+01:00,1.9137400388717651,1.914639949798584,1.9134999513626099,1.914489984512329,0,0.0,0.0
2026-04-01 03:45:00+01:00,1.914489984512329,1.9156700372695923,1.9140499830245972,1.9155800342559814,0,0.0,0.0
2026-04-01 04:00:00+01:00,1.9155000448226929,1.9160200357437134,1.914929986000061,1.9153000116348267,0,0.0,0.0
2026-04-01 04:15:00+01:00,1.9153300523757935,1.9171600341796875,1.9151999950408936,1.9171600341796875,0,0.0,0.0
2026-04-01 04:30:00+01:00,1.9170199632644653,1.917490005493164,1.9159200191497803,1.9169399738311768,0,0.0,0.0
2026-04-01 04:45:00+01:00,1.9168299436569214,1.9175399541854858,1.9163700342178345,1.9164899587631226,0,0.0,0.0
2026-04-01 05:00:00+01:00,1.9165400266647339,1.9178099632263184,1.9163399934768677,1.917449951171875,0,0.0,0.0
2026-04-01 05:15:00+01:00,1.9173200130462646,1.9180099964141846,1.9172500371932983,1.917389988899231,0,0.0,0.0
2026-04-01 05:30:00+01:00,1.917389988899231,1.9177900552749634,1.917099952697754,1.9176199436187744,0,0.0,0.0
2026-04-01 05:45:00+01:00,1.9176100492477417,1.9184499979019165,1.9172199964523315,1.9183499813079834,0,0.0,0.0
2026-04-01 06:00:00+01:00,1.9183499813079834,1.9186999797821045,1.9168399572372437,1.9183199405670166,0,0.0,0.0
2026-04-01 06:15:00+01:00,1.9183000326156616,1.9185700416564941,1.9174200296401978,1.9177000522613525,0,0.0,0.0
2026-04-01 06:30:00+01:00,1.9174799919128418,1.9185400009155273,1.9168699979782104,1.9180200099945068,0,0.0,0.0
2026-04-01 06:45:00+01:00,1.9181300401687622,1.9204000234603882,1.917930006980896,1.919700026512146,0,0.0,0.0
2026-04-01 07:00:00+01:00,1.9195499420166016,1.9203399419784546,1.91867995262146,1.9199199676513672,0,0.0,0.0
2026-04-01 07:15:00+01:00,1.9200799465179443,1.9203799962997437,1.9181100130081177,1.918470025062561,0,0.0,0.0
2026-04-01 07:30:00+01:00,1.9184900522232056,1.918619990348816,1.9168599843978882,1.917099952697754,0,0.0,0.0
2026-04-01 07:45:00+01:00,1.917140007019043,1.917140007019043,1.9129799604415894,1.9132299423217773,0,0.0,0.0
2026-04-01 08:00:00+01:00,1.9132599830627441,1.9159899950027466,1.912850022315979,1.9141900539398193,0,0.0,0.0
2026-04-01 08:15:00+01:00,1.9144799709320068,1.9157400131225586,1.9127000570297241,1.9130300283432007,0,0.0,0.0
2026-04-01 08:30:00+01:00,1.9130300283432007,1.9142400026321411,1.9117900133132935,1.9127399921417236,0,0.0,0.0
2026-04-01 08:45:00+01:00,1.9127399921417236,1.9150999784469604,1.9120399951934814,1.9144999980926514,0,0.0,0.0
2026-04-01 09:00:00+01:00,1.9145100116729736,1.9151099920272827,1.913100004196167,1.9136300086975098,0,0.0,0.0
2026-04-01 09:15:00+01:00,1.9136300086975098,1.9139399528503418,1.9120500087738037,1.9122200012207031,0,0.0,0.0
2026-04-01 09:30:00+01:00,1.9122899770736694,1.9136199951171875,1.9122400283813477,1.9128400087356567,0,0.0,0.0
2026-04-01 09:45:00+01:00,1.9127399921417236,1.9145300388336182,1.9124900102615356,1.9142099618911743,0,0.0,0.0
2026-04-01 10:00:00+01:00,1.9144400358200073,1.9152799844741821,1.9137799739837646,1.9147499799728394,0,0.0,0.0
2026-04-01 10:15:00+01:00,1.9147499799728394,1.9152799844741821,1.9135700464248657,1.913949966430664,0,0.0,0.0
2026-04-01 10:30:00+01:00,1.9139800071716309,1.915310025215149,1.9136699438095093,1.9147599935531616,0,0.0,0.0
2026-04-01 10:45:00+01:00,1.9147299528121948,1.915060043334961,1.9136899709701538,1.9147499799728394,0,0.0,0.0
2026-04-01 11:00:00+01:00,1.914739966392517,1.916659951210022,1.9146900177001953,1.916159987449646,0,0.0,0.0
2026-04-01 11:15:00+01:00,1.9160699844360352,1.9169800281524658,1.915719985961914,1.9164299964904785,0,0.0,0.0
2026-04-01 11:30:00+01:00,1.9165799617767334,1.9175299406051636,1.9160200357437134,1.9171899557113647,0,0.0,0.0
2026-04-01 11:45:00+01:00,1.9172099828720093,1.9173799753189087,1.9150099754333496,1.9152899980545044,0,0.0,0.0
2026-04-01 12:00:00+01:00,1.9152599573135376,1.9159899950027466,1.9149999618530273,1.9155399799346924,0,0.0,0.0
2026-04-01 12:15:00+01:00,1.9155399799346924,1.9166699647903442,1.9153599739074707,1.9160300493240356,0,0.0,0.0
2026-04-01 12:30:00+01:00,1.9160300493240356,1.916059970855713,1.914289951324463,1.9145100116729736,0,0.0,0.0
2026-04-01 12:45:00+01:00,1.9145100116729736,1.915470004081726,1.9137300252914429,1.9153399467468262,0,0.0,0.0
2026-04-01 13:00:00+01:00,1.9153599739074707,1.9162100553512573,1.9148399829864502,1.9155900478363037,0,0.0,0.0
2026-04-01 13:15:00+01:00,1.9158899784088135,1.9161499738693237,1.9139599800109863,1.9145400524139404,0,0.0,0.0
2026-04-01 13:30:00+01:00,1.9142600297927856,1.9150500297546387,1.9125499725341797,1.9137400388717651,0,0.0,0.0
2026-04-01 13:45:00+01:00,1.913830041885376,1.9175399541854858,1.912909984588623,1.916890025138855,0,0.0,0.0
2026-04-01 14:00:00+01:00,1.9169399738311768,1.9175100326538086,1.9160000085830688,1.91621994972229,0,0.0,0.0
2026-04-01 14:15:00+01:00,1.9162299633026123,1.9169600009918213,1.9155999422073364,1.91635000705719,0,0.0,0.0
2026-04-01 14:30:00+01:00,1.9162499904632568,1.9176700115203857,1.9149099588394165,1.9168299436569214,0,0.0,0.0
2026-04-01 14:45:00+01:00,1.9168200492858887,1.9177199602127075,1.9160399436950684,1.9173400402069092,0,0.0,0.0
2026-04-01 15:00:00+01:00,1.917199969291687,1.9201600551605225,1.9166500568389893,1.9189399480819702,0,0.0,0.0
2026-04-01 15:15:00+01:00,1.9189399480819702,1.9190499782562256,1.9165199995040894,1.9166300296783447,0,0.0,0.0
2026-04-01 15:30:00+01:00,1.9167100191116333,1.9172699451446533,1.9153800010681152,1.9169000387191772,0,0.0,0.0
2026-04-01 15:45:00+01:00,1.9170000553131104,1.9210200309753418,1.9168200492858887,1.9203100204467773,0,0.0,0.0
2026-04-01 16:00:00+01:00,1.9203499555587769,1.9207500219345093,1.9187300205230713,1.920609951019287,0,0.0,0.0
2026-04-01 16:15:00+01:00,1.920609951019287,1.9210400581359863,1.9198999404907227,1.9203599691390991,0,0.0,0.0
2026-04-01 16:30:00+01:00,1.9204299449920654,1.9206899404525757,1.9193600416183472,1.9198399782180786,0,0.0,0.0
2026-04-01 16:45:00+01:00,1.9199299812316895,1.9201099872589111,1.9190399646759033,1.9194400310516357,0,0.0,0.0
2026-04-01 17:00:00+01:00,1.9194600582122803,1.9202200174331665,1.9190499782562256,1.9197499752044678,0,0.0,0.0
2026-04-01 17:15:00+01:00,1.9197299480438232,1.9199299812316895,1.9187699556350708,1.9196100234985352,0,0.0,0.0
2026-04-01 17:30:00+01:00,1.9195799827575684,1.9205100536346436,1.9191499948501587,1.9198399782180786,0,0.0,0.0
2026-04-01 17:45:00+01:00,1.919800043106079,1.920240044593811,1.9196499586105347,1.9200999736785889,0,0.0,0.0
2026-04-01 18:00:00+01:00,1.920140027999878,1.9203200340270996,1.9195799827575684,1.9200600385665894,0,0.0,0.0
2026-04-01 18:15:00+01:00,1.9199399948120117,1.9203699827194214,1.9193600416183472,1.9201099872589111,0,0.0,0.0
2026-04-01 18:30:00+01:00,1.9200400114059448,1.920490026473999,1.919569969177246,1.9199399948120117,0,0.0,0.0
2026-04-01 18:45:00+01:00,1.9199899435043335,1.9211699962615967,1.9198299646377563,1.9211699962615967,0,0.0,0.0
2026-04-01 19:00:00+01:00,1.9211299419403076,1.9221099615097046,1.9210000038146973,1.9215500354766846,0,0.0,0.0
2026-04-01 19:15:00+01:00,1.9216200113296509,1.923200011253357,1.9214199781417847,1.923110008239746,0,0.0,0.0
2026-04-01 19:30:00+01:00,1.923069953918457,1.9234100580215454,1.9219000339508057,1.9223300218582153,0,0.0,0.0
2026-04-01 19:45:00+01:00,1.9222999811172485,1.9232100248336792,1.9221199750900269,1.9228800535202026,0,0.0,0.0
2026-04-01 20:00:00+01:00,1.9228999614715576,1.9230600595474243,1.9215500354766846,1.921839952468872,0,0.0,0.0
2026-04-01 20:15:00+01:00,1.9218300580978394,1.9218599796295166,1.9210599660873413,1.921280026435852,0,0.0,0.0
2026-04-01 20:30:00+01:00,1.921180009841919,1.9216400384902954,1.9204200506210327,1.9208400249481201,0,0.0,0.0
2026-04-01 20:45:00+01:00,1.920740008354187,1.9215799570083618,1.9206600189208984,1.921049952507019,0,0.0,0.0
2026-04-01 21:00:00+01:00,1.9209699630737305,1.9212299585342407,1.9205000400543213,1.9206700325012207,0,0.0,0.0
2026-04-01 21:15:00+01:00,1.9207299947738647,1.9207799434661865,1.9202500581741333,1.9204299449920654,0,0.0,0.0
2026-04-01 21:30:00+01:00,1.9204299449920654,1.9206199645996094,1.9199199676513672,1.9202699661254883,0,0.0,0.0
2026-04-01 21:45:00+01:00,1.9203200340270996,1.9204100370407104,1.9191800355911255,1.9193300008773804,0,0.0,0.0
2026-04-01 22:00:00+01:00,1.9192800521850586,1.9224400520324707,1.9176100492477417,1.9189900159835815,0,0.0,0.0
2026-04-01 22:15:00+01:00,1.919010043144226,1.9220900535583496,1.9162299633026123,1.9205800294876099,0,0.0,0.0
2026-04-01 22:30:00+01:00,1.9206000566482544,1.922700047492981,1.9183800220489502,1.9197800159454346,0,0.0,0.0
2026-04-01 22:45:00+01:00,1.9198299646377563,1.9209599494934082,1.917680025100708,1.9184999465942383,0,0.0,0.0
2026-04-01 23:00:00+01:00,1.9194200038909912,1.9211499691009521,1.9189800024032593,1.9208300113677979,0,0.0,0.0
2026-04-01 23:15:00+01:00,1.9209200143814087,1.9213199615478516,1.9202100038528442,1.9210599660873413,0,0.0,0.0
2026-04-01 23:30:00+01:00,1.9209400415420532,1.9216899871826172,1.9204299449920654,1.9208999872207642,0,0.0,0.0
2026-04-01 23:45:00+01:00,1.9211399555206299,1.922029972076416,1.9203399419784546,1.9216300249099731,0,0.0,0.0
2026-04-02 00:00:00+01:00,1.9213199615478516,1.9217699766159058,1.9207099676132202,1.921049952507019,0,0.0,0.0
2026-04-02 00:15:00+01:00,1.9207299947738647,1.921839952468872,1.920699954032898,1.9212599992752075,0,0.0,0.0
2026-04-02 00:30:00+01:00,1.9212599992752075,1.921489953994751,1.9203499555587769,1.9205800294876099,0,0.0,0.0
2026-04-02 00:45:00+01:00,1.920680046081543,1.9216899871826172,1.9202699661254883,1.9212900400161743,0,0.0,0.0
2026-04-02 01:00:00+01:00,1.921280026435852,1.9220999479293823,1.9208099842071533,1.9212700128555298,0,0.0,0.0
2026-04-02 01:15:00+01:00,1.921239972114563,1.9221099615097046,1.9207500219345093,1.9211599826812744,0,0.0,0.0
2026-04-02 01:30:00+01:00,1.9211699962615967,1.9215500354766846,1.9198100566864014,1.9200299978256226,0,0.0,0.0
2026-04-02 01:45:00+01:00,1.9200299978256226,1.9209400415420532,1.9196900129318237,1.9204699993133545,0,0.0,0.0
2026-04-02 02:00:00+01:00,1.920639991760254,1.923200011253357,1.9186400175094604,1.9211299419403076,0,0.0,0.0
2026-04-02 02:15:00+01:00,1.9210100173950195,1.9258500337600708,1.9198700189590454,1.9235399961471558,0,0.0,0.0
2026-04-02 02:30:00+01:00,1.9235600233078003,1.925860047340393,1.9228099584579468,1.9237699508666992,0,0.0,0.0
2026-04-02 02:45:00+01:00,1.9237699508666992,1.925860047340393,1.923740029335022,1.9250099658966064,0,0.0,0.0
2026-04-02 03:00:00+01:00,1.9250600337982178,1.9252500534057617,1.9232800006866455,1.9242199659347534,0,0.0,0.0
2026-04-02 03:15:00+01:00,1.9240399599075317,1.9242899417877197,1.9225399494171143,1.9231799840927124,0,0.0,0.0
2026-04-02 03:30:00+01:00,1.9230999946594238,1.9247000217437744,1.922700047492981,1.9229999780654907,0,0.0,0.0
2026-04-02 03:45:00+01:00,1.923050045967102,1.923449993133545,1.9226499795913696,1.923009991645813,0,0.0,0.0
2026-04-02 04:00:00+01:00,1.923050045967102,1.9234999418258667,1.9222899675369263,1.922510027885437,0,0.0,0.0
2026-04-02 04:15:00+01:00,1.9225599765777588,1.9233800172805786,1.9224200248718262,1.9225499629974365,0,0.0,0.0
2026-04-02 04:30:00+01:00,1.9226499795913696,1.9232200384140015,1.9221899509429932,1.922659993171692,0,0.0,0.0
2026-04-02 04:45:00+01:00,1.922659993171692,1.9232800006866455,1.92221999168396,1.9227299690246582,0,0.0,0.0
2026-04-02 05:00:00+01:00,1.922629952430725,1.9248499870300293,1.9224799871444702,1.923840045928955,0,0.0,0.0
2026-04-02 05:15:00+01:00,1.9237799644470215,1.924489974975586,1.9232699871063232,1.9238799810409546,0,0.0,0.0
2026-04-02 05:30:00+01:00,1.92385995388031,1.924880027770996,1.923449993133545,1.9241900444030762,0,0.0,0.0
2026-04-02 05:45:00+01:00,1.9243099689483643,1.9247299432754517,1.9236299991607666,1.92399001121521,0,0.0,0.0
2026-04-02 06:00:00+01:00,1.9240200519561768,1.9241900444030762,1.922719955444336,1.9228399991989136,0,0.0,0.0
2026-04-02 06:15:00+01:00,1.9228399991989136,1.9234299659729004,1.9223599433898926,1.9230400323867798,0,0.0,0.0
2026-04-02 06:30:00+01:00,1.922950029373169,1.9240100383758545,1.9225800037384033,1.9237699508666992,0,0.0,0.0
2026-04-02 06:45:00+01:00,1.9235999584197998,1.9245500564575195,1.9231200218200684,1.9243799448013306,0,0.0,0.0
2026-04-02 07:00:00+01:00,1.9244699478149414,1.9244699478149414,1.9224599599838257,1.9226700067520142,0,0.0,0.0
2026-04-02 07:15:00+01:00,1.9226700067520142,1.9228099584579468,1.9212599992752075,1.921679973602295,0,0.0,0.0
2026-04-02 07:30:00+01:00,1.9218000173568726,1.9236500263214111,1.9216099977493286,1.922950029373169,0,0.0,0.0
2026-04-02 07:45:00+01:00,1.9229999780654907,1.9240100383758545,1.9226100444793701,1.9234000444412231,0,0.0,0.0
2026-04-02 08:00:00+01:00,1.9233700037002563,1.9234399795532227,1.921589970588684,1.9224200248718262,0,0.0,0.0
2026-04-02 08:15:00+01:00,1.9224300384521484,1.9226100444793701,1.9208999872207642,1.9209500551223755,0,0.0,0.0
2026-04-02 08:30:00+01:00,1.920989990234375,1.9210200309753418,1.9189900159835815,1.919260025024414,0,0.0,0.0
2026-04-02 08:45:00+01:00,1.9191700220108032,1.9202699661254883,1.9189000129699707,1.9195499420166016,0,0.0,0.0
2026-04-02 09:00:00+01:00,1.919600009918213,1.9215500354766846,1.9193899631500244,1.9206600189208984,0,0.0,0.0
2026-04-02 09:15:00+01:00,1.9206500053405762,1.9210799932479858,1.9201300144195557,1.9204800128936768,0,0.0,0.0
2026-04-02 09:30:00+01:00,1.9205800294876099,1.9208400249481201,1.919260025024414,1.9198100566864014,0,0.0,0.0
2026-04-02 09:45:00+01:00,1.919909954071045,1.920300006866455,1.9191900491714478,1.9200600385665894,0,0.0,0.0
2026-04-02 10:00:00+01:00,1.9201200008392334,1.9217000007629395,1.9199600219726562,1.9215500354766846,0,0.0,0.0
2026-04-02 10:15:00+01:00,1.9215199947357178,1.921589970588684,1.9197100400924683,1.9200700521469116,0,0.0,0.0
2026-04-02 10:30:00+01:00,1.9200899600982666,1.9205800294876099,1.9194999933242798,1.9198100566864014,0,0.0,0.0
2026-04-02 10:45:00+01:00,1.91975998878479,1.9203300476074219,1.9195599555969238,1.91975998878479,0,0.0,0.0
2026-04-02 11:00:00+01:00,1.9198299646377563,1.9212000370025635,1.9191800355911255,1.9209200143814087,0,0.0,0.0
2026-04-02 11:15:00+01:00,1.9209400415420532,1.9213099479675293,1.9204000234603882,1.9206500053405762,0,0.0,0.0
2026-04-02 11:30:00+01:00,1.920699954032898,1.9215400218963623,1.9203599691390991,1.9213000535964966,0,0.0,0.0
2026-04-02 11:45:00+01:00,1.9213000535964966,1.9217000007629395,1.9205700159072876,1.9211100339889526,0,0.0,0.0
2026-04-02 12:00:00+01:00,1.9209599494934082,1.9215600490570068,1.9204599857330322,1.9212599992752075,0,0.0,0.0
2026-04-02 12:15:00+01:00,1.9211499691009521,1.9224400520324707,1.9209799766540527,1.9221899509429932,0,0.0,0.0
2026-04-02 12:30:00+01:00,1.9221999645233154,1.922510027885437,1.9218599796295166,1.9220399856567383,0,0.0,0.0
2026-04-02 12:45:00+01:00,1.9220099449157715,1.9228099584579468,1.9214099645614624,1.922569990158081,0,0.0,0.0
2026-04-02 13:00:00+01:00,1.922700047492981,1.922950029373169,1.9214600324630737,1.9219900369644165,0,0.0,0.0
2026-04-02 13:15:00+01:00,1.9219000339508057,1.922279953956604,1.920140027999878,1.9206299781799316,0,0.0,0.0
2026-04-02 13:30:00+01:00,1.9196200370788574,1.9216899871826172,1.9188899993896484,1.9194200038909912,0,0.0,0.0
2026-04-02 13:45:00+01:00,1.919319987297058,1.9205700159072876,1.9191499948501587,1.9200999736785889,0,0.0,0.0
2026-04-02 14:00:00+01:00,1.9201899766921997,1.920490026473999,1.9193300008773804,1.9198999404907227,0,0.0,0.0
2026-04-02 14:15:00+01:00,1.9198800325393677,1.9200400114059448,1.9190200567245483,1.9195300340652466,0,0.0,0.0
2026-04-02 14:30:00+01:00,1.9193300008773804,1.920490026473999,1.918660044670105,1.9190800189971924,0,0.0,0.0
2026-04-02 14:45:00+01:00,1.9191800355911255,1.919319987297058,1.916450023651123,1.9172199964523315,0,0.0,0.0
2026-04-02 15:00:00+01:00,1.9171899557113647,1.918220043182373,1.9158799648284912,1.9163800477981567,0,0.0,0.0
2026-04-02 15:15:00+01:00,1.9162800312042236,1.9172699451446533,1.9161200523376465,1.9168000221252441,0,0.0,0.0
2026-04-02 15:30:00+01:00,1.9168399572372437,1.9169800281524658,1.9139200448989868,1.9145400524139404,0,0.0,0.0
2026-04-02 15:45:00+01:00,1.9145300388336182,1.916640043258667,1.914180040359497,1.9158600568771362,0,0.0,0.0
2026-04-02 16:00:00+01:00,1.9159400463104248,1.9166100025177002,1.9151699542999268,1.9155499935150146,0,0.0,0.0
2026-04-02 16:15:00+01:00,1.9156099557876587,1.915869951248169,1.9145300388336182,1.914989948272705,0,0.0,0.0
2026-04-02 16:30:00+01:00,1.914870023727417,1.9160699844360352,1.9146300554275513,1.9149199724197388,0,0.0,0.0
2026-04-02 16:45:00+01:00,1.9149099588394165,1.9164899587631226,1.9148600101470947,1.915719985961914,0,0.0,0.0
2026-04-02 17:00:00+01:00,1.9157899618148804,1.9160799980163574,1.9152100086212158,1.9157400131225586,0,0.0,0.0
2026-04-02 17:15:00+01:00,1.91566002368927,1.915779948234558,1.9140900373458862,1.9150099754333496,0,0.0,0.0
2026-04-02 17:30:00+01:00,1.914989948272705,1.9152499437332153,1.9137500524520874,1.9148600101470947,0,0.0,0.0
2026-04-02 17:45:00+01:00,1.914870023727417,1.9150700569152832,1.9141199588775635,1.9149500131607056,0,0.0,0.0
2026-04-02 18:00:00+01:00,1.9149500131607056,1.9152499437332153,1.9141499996185303,1.914180040359497,0,0.0,0.0
2026-04-02 18:15:00+01:00,1.9142199754714966,1.9149600267410278,1.913930058479309,1.914680004119873,0,0.0,0.0
2026-04-02 18:30:00+01:00,1.9148099422454834,1.9153200387954712,1.9145499467849731,1.9146100282669067,0,0.0,0.0
2026-04-02 18:45:00+01:00,1.9146100282669067,1.9153200387954712,1.9144400358200073,1.914870023727417,0,0.0,0.0
2026-04-02 19:00:00+01:00,1.9147900342941284,1.9152400493621826,1.9140199422836304,1.9150700569152832,0,0.0,0.0
2026-04-02 19:15:00+01:00,1.9152400493621826,1.9155299663543701,1.914870023727417,1.9151400327682495,0,0.0,0.0
2026-04-02 19:30:00+01:00,1.9151400327682495,1.9153900146484375,1.9148499965667725,1.915120005607605,0,0.0,0.0
2026-04-02 19:45:00+01:00,1.9151400327682495,1.9153399467468262,1.9145499467849731,1.9147800207138062,0,0.0,0.0
2026-04-02 20:00:00+01:00,1.9147299528121948,1.9149199724197388,1.9143500328063965,1.9148399829864502,0,0.0,0.0
2026-04-02 20:15:00+01:00,1.914829969406128,1.9150099754333496,1.9141299724578857,1.9148499965667725,0,0.0,0.0
2026-04-02 20:30:00+01:00,1.914829969406128,1.9151400327682495,1.9145599603652954,1.9150199890136719,0,0.0,0.0
2026-04-02 20:45:00+01:00,1.914989948272705,1.9152699708938599,1.9139100313186646,1.9144099950790405,0,0.0,0.0
2026-04-02 21:00:00+01:00,1.9144799709320068,1.9147700071334839,1.9141600131988525,1.914330005645752,0,0.0,0.0
2026-04-02 21:15:00+01:00,1.914330005645752,1.914389967918396,1.9133599996566772,1.913390040397644,0,0.0,0.0
2026-04-02 21:30:00+01:00,1.9131799936294556,1.9140499830245972,1.9131799936294556,1.913849949836731,0,0.0,0.0
2026-04-02 21:45:00+01:00,1.9138400554656982,1.9140000343322754,1.9127899408340454,1.913390040397644,0,0.0,0.0
2026-04-02 22:00:00+01:00,1.9131300449371338,1.9194400310516357,1.9124300479888916,1.9136600494384766,0,0.0,0.0
2026-04-02 22:15:00+01:00,1.9135799407958984,1.915220022201538,1.910949945449829,1.9128299951553345,0,0.0,0.0
2026-04-02 22:30:00+01:00,1.9129999876022339,1.9147499799728394,1.9122099876403809,1.9127800464630127,0,0.0,0.0
2026-04-02 22:45:00+01:00,1.9127700328826904,1.914680004119873,1.9121899604797363,1.9134700298309326,0,0.0,0.0
2026-04-02 23:00:00+01:00,1.9137300252914429,1.9151599407196045,1.911679983139038,1.913699984550476,0,0.0,0.0
2026-04-02 23:15:00+01:00,1.9131200313568115,1.9139900207519531,1.9130699634552002,1.913540005683899,0,0.0,0.0
2026-04-02 23:30:00+01:00,1.9135500192642212,1.9139200448989868,1.9130500555038452,1.9138599634170532,0,0.0,0.0
2026-04-02 23:45:00+01:00,1.9132200479507446,1.9139399528503418,1.913140058517456,1.9133700132369995,0,0.0,0.0
2026-04-03 00:00:00+01:00,1.9136199951171875,1.9138400554656982,1.913159966468811,1.9135199785232544,0,0.0,0.0
2026-04-03 00:15:00+01:00,1.9134700298309326,1.9137799739837646,1.9131100177764893,1.9137699604034424,0,0.0,0.0
2026-04-03 00:30:00+01:00,1.9137599468231201,1.9138599634170532,1.9131499528884888,1.9137099981307983,0,0.0,0.0
2026-04-03 00:45:00+01:00,1.9137099981307983,1.9144799709320068,1.9133599996566772,1.9142299890518188,0,0.0,0.0
2026-04-03 01:00:00+01:00,1.9142600297927856,1.914270043373108,1.9133000373840332,1.9138200283050537,0,0.0,0.0
2026-04-03 01:15:00+01:00,1.9137400388717651,1.9139800071716309,1.9133399724960327,1.9138799905776978,0,0.0,0.0
2026-04-03 01:30:00+01:00,1.9138799905776978,1.914139986038208,1.913599967956543,1.9139599800109863,0,0.0,0.0
2026-04-03 01:45:00+01:00,1.91389000415802,1.9145100116729736,1.9138599634170532,1.9143799543380737,0,0.0,0.0
2026-04-03 02:00:00+01:00,1.9142999649047852,1.9144599437713623,1.9138699769973755,1.9141600131988525,0,0.0,0.0
2026-04-03 02:15:00+01:00,1.9140299558639526,1.9142299890518188,1.9138100147247314,1.9139699935913086,0,0.0,0.0
2026-04-03 02:30:00+01:00,1.9138200283050537,1.914389967918396,1.9138100147247314,1.9142999649047852,0,0.0,0.0
2026-04-03 02:45:00+01:00,1.914139986038208,1.9145599603652954,1.9140000343322754,1.9143099784851074,0,0.0,0.0
2026-04-03 03:00:00+01:00,1.9143099784851074,1.914639949798584,1.9140700101852417,1.9143500328063965,0,0.0,0.0
2026-04-03 03:15:00+01:00,1.9144599437713623,1.9146599769592285,1.9139399528503418,1.9142999649047852,0,0.0,0.0
2026-04-03 03:30:00+01:00,1.9141900539398193,1.9150700569152832,1.9140700101852417,1.9148000478744507,0,0.0,0.0
2026-04-03 03:45:00+01:00,1.9149099588394165,1.9149600267410278,1.9141499996185303,1.9146699905395508,0,0.0,0.0
2026-04-03 04:00:00+01:00,1.914680004119873,1.9149800539016724,1.9144699573516846,1.9147499799728394,0,0.0,0.0
2026-04-03 04:15:00+01:00,1.9147499799728394,1.9149099588394165,1.9143999814987183,1.914720058441162,0,0.0,0.0
2026-04-03 04:30:00+01:00,1.914720058441162,1.9150099754333496,1.9144599437713623,1.9149099588394165,0,0.0,0.0
2026-04-03 04:45:00+01:00,1.9149500131607056,1.9154399633407593,1.914620041847229,1.915179967880249,0,0.0,0.0
2026-04-03 05:00:00+01:00,1.9153300523757935,1.9154900312423706,1.915060043334961,1.9152599573135376,0,0.0,0.0
2026-04-03 05:15:00+01:00,1.915179967880249,1.9154599905014038,1.9148800373077393,1.9152100086212158,0,0.0,0.0
2026-04-03 05:30:00+01:00,1.9151999950408936,1.9155499935150146,1.9150899648666382,1.9154499769210815,0,0.0,0.0
2026-04-03 05:45:00+01:00,1.9153399467468262,1.9155399799346924,1.914829969406128,1.91497004032135,0,0.0,0.0
2026-04-03 06:00:00+01:00,1.9149399995803833,1.9152499437332153,1.9147100448608398,1.9149800539016724,0,0.0,0.0
2026-04-03 06:15:00+01:00,1.9150899648666382,1.9153900146484375,1.9148199558258057,1.9151699542999268,0,0.0,0.0
2026-04-03 06:30:00+01:00,1.915079951286316,1.9153200387954712,1.9148099422454834,1.9151599407196045,0,0.0,0.0
2026-04-03 06:45:00+01:00,1.9150899648666382,1.9156399965286255,1.915060043334961,1.9155000448226929,0,0.0,0.0
2026-04-03 07:00:00+01:00,1.9154000282287598,1.9159599542617798,1.9152300357818604,1.915719985961914,0,0.0,0.0
2026-04-03 07:15:00+01:00,1.9155900478363037,1.9157500267028809,1.9149600267410278,1.915120005607605,0,0.0,0.0
2026-04-03 07:30:00+01:00,1.915120005607605,1.915809988975525,1.9150500297546387,1.9154800176620483,0,0.0,0.0
2026-04-03 07:45:00+01:00,1.9154399633407593,1.915719985961914,1.9148499965667725,1.915060043334961,0,0.0,0.0
2026-04-03 08:00:00+01:00,1.9149800539016724,1.9155999422073364,1.9149199724197388,1.9152300357818604,0,0.0,0.0
2026-04-03 08:15:00+01:00,1.9152300357818604,1.9153800010681152,1.9146900177001953,1.914870023727417,0,0.0,0.0
2026-04-03 08:30:00+01:00,1.914989948272705,1.9152499437332153,1.914680004119873,1.9152300357818604,0,0.0,0.0
2026-04-03 08:45:00+01:00,1.915120005607605,1.916290044784546,1.9148099422454834,1.9161299467086792,0,0.0,0.0
2026-04-03 09:00:00+01:00,1.9158400297164917,1.9164600372314453,1.9153399467468262,1.9156500101089478,0,0.0,0.0
2026-04-03 09:15:00+01:00,1.9157999753952026,1.9164299964904785,1.9156299829483032,1.9160699844360352,0,0.0,0.0
2026-04-03 09:30:00+01:00,1.9159799814224243,1.9161900281906128,1.9157500267028809,1.9157500267028809,0,0.0,0.0
2026-04-03 09:45:00+01:00,1.9157500267028809,1.9162399768829346,1.9156999588012695,1.9159599542617798,0,0.0,0.0
2026-04-03 10:00:00+01:00,1.915969967842102,1.9164600372314453,1.9156099557876587,1.9163800477981567,0,0.0,0.0
2026-04-03 10:15:00+01:00,1.9163700342178345,1.916640043258667,1.9161200523376465,1.916290044784546,0,0.0,0.0
2026-04-03 10:30:00+01:00,1.9164899587631226,1.9166799783706665,1.9160399436950684,1.916200041770935,0,0.0,0.0
2026-04-03 10:45:00+01:00,1.916200041770935,1.9164700508117676,1.9157400131225586,1.915969967842102,0,0.0,0.0
2026-04-03 11:00:00+01:00,1.9160000085830688,1.9165500402450562,1.91566002368927,1.9162800312042236,0,0.0,0.0
2026-04-03 11:15:00+01:00,1.9162800312042236,1.9165899753570557,1.9160200357437134,1.9163299798965454,0,0.0,0.0
2026-04-03 11:30:00+01:00,1.9162399768829346,1.9164299964904785,1.9158999919891357,1.916100025177002,0,0.0,0.0
2026-04-03 11:45:00+01:00,1.9160200357437134,1.916200041770935,1.9155700206756592,1.9158400297164917,0,0.0,0.0
2026-04-03 12:00:00+01:00,1.9158400297164917,1.9165400266647339,1.915719985961914,1.9159200191497803,0,0.0,0.0
2026-04-03 12:15:00+01:00,1.9159200191497803,1.9162800312042236,1.9153800010681152,1.9155999422073364,0,0.0,0.0
2026-04-03 12:30:00+01:00,1.9155199527740479,1.9163199663162231,1.915369987487793,1.9160000085830688,0,0.0,0.0
2026-04-03 12:45:00+01:00,1.915869951248169,1.916100025177002,1.9155999422073364,1.9160000085830688,0,0.0,0.0
2026-04-03 13:00:00+01:00,1.915869951248169,1.9162100553512573,1.9155800342559814,1.9160300493240356,0,0.0,0.0
2026-04-03 13:15:00+01:00,1.9159400463104248,1.9162499904632568,1.912969946861267,1.9144999980926514,0,0.0,0.0
2026-04-03 13:30:00+01:00,1.9148000478744507,1.915369987487793,1.9112900495529175,1.914430022239685,0,0.0,0.0
2026-04-03 13:45:00+01:00,1.914520025253296,1.915060043334961,1.9140100479125977,1.9147000312805176,0,0.0,0.0
2026-04-03 14:00:00+01:00,1.9148399829864502,1.9150199890136719,1.9136799573898315,1.9139699935913086,0,0.0,0.0
2026-04-03 14:15:00+01:00,1.9140700101852417,1.914289951324463,1.9136799573898315,1.9140599966049194,0,0.0,0.0
2026-04-03 14:30:00+01:00,1.9141099452972412,1.9145599603652954,1.9135600328445435,1.9141499996185303,0,0.0,0.0
2026-04-03 14:45:00+01:00,1.914080023765564,1.9146900177001953,1.913949966430664,1.9144400358200073,0,0.0,0.0
2026-04-03 15:00:00+01:00,1.9144400358200073,1.9149600267410278,1.9141000509262085,1.914639949798584,0,0.0,0.0
2026-04-03 15:15:00+01:00,1.9146599769592285,1.9158400297164917,1.914520025253296,1.9155999422073364,0,0.0,0.0
2026-04-03 15:30:00+01:00,1.9156899452209473,1.9158300161361694,1.9151999950408936,1.9153900146484375,0,0.0,0.0
2026-04-03 15:45:00+01:00,1.915310025215149,1.9155800342559814,1.9149999618530273,1.9151400327682495,0,0.0,0.0
2026-04-03 16:00:00+01:00,1.9152300357818604,1.9154399633407593,1.914520025253296,1.914520025253296,0,0.0,0.0
2026-04-03 16:15:00+01:00,1.9145300388336182,1.9169000387191772,1.9142500162124634,1.9146599769592285,0,0.0,0.0
2026-04-03 16:30:00+01:00,1.9146599769592285,1.9160300493240356,1.91457998752594,1.9153000116348267,0,0.0,0.0
2026-04-03 16:45:00+01:00,1.9149999618530273,1.91566002368927,1.9135799407958984,1.9149999618530273,0,0.0,0.0
2026-04-03 17:00:00+01:00,1.9144999980926514,1.915310025215149,1.9135799407958984,1.9138599634170532,0,0.0,0.0
2026-04-03 17:15:00+01:00,1.9135799407958984,1.9143099784851074,1.9128600358963013,1.9137400388717651,0,0.0,0.0
2026-04-03 17:30:00+01:00,1.9139200448989868,1.9155199527740479,1.9136899709701538,1.9144699573516846,0,0.0,0.0
2026-04-03 17:45:00+01:00,1.914739966392517,1.915560007095337,1.9143500328063965,1.9148800373077393,0,0.0,0.0
2026-04-03 18:00:00+01:00,1.9143999814987183,1.9150199890136719,1.913390040397644,1.9140599966049194,0,0.0,0.0
2026-04-03 18:15:00+01:00,1.9141299724578857,1.9147800207138062,1.9130899906158447,1.9141900539398193,0,0.0,0.0
2026-04-03 18:30:00+01:00,1.9131900072097778,1.9155299663543701,1.9131100177764893,1.9150500297546387,0,0.0,0.0
2026-04-03 18:45:00+01:00,1.9142800569534302,1.915220022201538,1.913349986076355,1.9138000011444092,0,0.0,0.0
2026-04-03 19:00:00+01:00,1.9137699604034424,1.9151300191879272,1.9135500192642212,1.9145400524139404,0,0.0,0.0
2026-04-03 19:15:00+01:00,1.9143500328063965,1.9151099920272827,1.9138400554656982,1.913930058479309,0,0.0,0.0
2026-04-03 19:30:00+01:00,1.913930058479309,1.9150999784469604,1.9139000177383423,1.914039969444275,0,0.0,0.0
2026-04-03 19:45:00+01:00,1.914039969444275,1.914739966392517,1.9136500358581543,1.9145300388336182,0,0.0,0.0
2026-04-03 20:00:00+01:00,1.914270043373108,1.9155199527740479,1.9126700162887573,1.9140599966049194,0,0.0,0.0
2026-04-03 20:15:00+01:00,1.9144799709320068,1.9151999950408936,1.9132200479507446,1.9144599437713623,0,0.0,0.0
2026-04-03 20:30:00+01:00,1.9137300252914429,1.915969967842102,1.9126800298690796,1.9153800010681152,0,0.0,0.0
2026-04-03 20:45:00+01:00,1.915719985961914,1.9164199829101562,1.912060022354126,1.9161900281906128,0,0.0,0.0
2026-04-03 21:00:00+01:00,1.9146499633789062,1.9172300100326538,1.9098999500274658,1.9113800525665283,0,0.0,0.0
2026-04-03 21:15:00+01:00,1.911769986152649,1.915910005569458,1.91048002243042,1.912350058555603,0,0.0,0.0
2026-04-03 21:30:00+01:00,1.9139399528503418,1.9164400100708008,1.9095799922943115,1.909999966621399,0,0.0,0.0
2026-04-03 21:45:00+01:00,1.9100899696350098,1.9152899980545044,1.909809947013855,1.914330005645752,0,0.0,0.0
2026-04-03 22:00:00+01:00,1.9133199453353882,1.9145499467849731,1.9133199453353882,1.9145499467849731,0,0.0,0.0
2026-04-03 22:15:00+01:00,1.9145499467849731,1.9145499467849731,1.9145499467849731,1.9145499467849731,0,0.0,0.0
2026-04-06 00:00:00+01:00,1.914620041847229,1.9151699542999268,1.914080023765564,1.9149999618530273,0,0.0,0.0
2026-04-06 00:15:00+01:00,1.914989948272705,1.9151699542999268,1.9145100116729736,1.9150500297546387,0,0.0,0.0
2026-04-06 00:30:00+01:00,1.9150500297546387,1.9153800010681152,1.9145499467849731,1.9148999452590942,0,0.0,0.0
2026-04-06 00:45:00+01:00,1.9148999452590942,1.9153599739074707,1.914639949798584,1.9148800373077393,0,0.0,0.0
2026-04-06 01:00:00+01:00,1.9148800373077393,1.9152100086212158,1.9134700298309326,1.9140100479125977,0,0.0,0.0
2026-04-06 01:15:00+01:00,1.913849949836731,1.914489984512329,1.9135299921035767,1.9142800569534302,0,0.0,0.0
2026-04-06 01:30:00+01:00,1.9144400358200073,1.9144799709320068,1.9137400388717651,1.9139100313186646,0,0.0,0.0
2026-04-06 01:45:00+01:00,1.9138000011444092,1.914270043373108,1.9134900569915771,1.913830041885376,0,0.0,0.0
2026-04-06 02:00:00+01:00,1.9138000011444092,1.9140199422836304,1.913349986076355,1.9137300252914429,0,0.0,0.0
2026-04-06 02:15:00+01:00,1.9135700464248657,1.9141900539398193,1.9130699634552002,1.9130799770355225,0,0.0,0.0
2026-04-06 02:30:00+01:00,1.9130799770355225,1.9136199951171875,1.912719964981079,1.9128400087356567,0,0.0,0.0
2026-04-06 02:45:00+01:00,1.9128400087356567,1.913540005683899,1.9127899408340454,1.913450002670288,0,0.0,0.0
2026-04-06 03:00:00+01:00,1.913290023803711,1.9134600162506104,1.9116400480270386,1.912160038948059,0,0.0,0.0
2026-04-06 03:15:00+01:00,1.9121700525283813,1.9127899408340454,1.910830020904541,1.9117100238800049,0,0.0,0.0
2026-04-06 03:30:00+01:00,1.9117200374603271,1.9130799770355225,1.9115699529647827,1.9127399921417236,0,0.0,0.0
2026-04-06 03:45:00+01:00,1.9125900268554688,1.9133800268173218,1.9122899770736694,1.9130899906158447,0,0.0,0.0
2026-04-06 04:00:00+01:00,1.9130899906158447,1.9135799407958984,1.9125299453735352,1.9130799770355225,0,0.0,0.0
2026-04-06 04:15:00+01:00,1.912909984588623,1.9135500192642212,1.9127999544143677,1.9129999876022339,0,0.0,0.0
2026-04-06 04:30:00+01:00,1.9130200147628784,1.9134299755096436,1.9127000570297241,1.9131900072097778,0,0.0,0.0
2026-04-06 04:45:00+01:00,1.9131900072097778,1.9134399890899658,1.9127800464630127,1.913140058517456,0,0.0,0.0
2026-04-06 05:00:00+01:00,1.9128899574279785,1.9133199453353882,1.9124000072479248,1.9125499725341797,0,0.0,0.0
2026-04-06 05:15:00+01:00,1.9126499891281128,1.9129300117492676,1.912350058555603,1.9126900434494019,0,0.0,0.0
2026-04-06 05:30:00+01:00,1.912559986114502,1.912850022315979,1.9119800329208374,1.9122600555419922,0,0.0,0.0
2026-04-06 05:45:00+01:00,1.9123200178146362,1.9126299619674683,1.9119999408721924,1.9121899604797363,0,0.0,0.0
2026-04-06 06:00:00+01:00,1.9120999574661255,1.9125100374221802,1.9118399620056152,1.9123799800872803,0,0.0,0.0
2026-04-06 06:15:00+01:00,1.9122099876403809,1.9127099514007568,1.9120700359344482,1.9124399423599243,0,0.0,0.0
2026-04-06 06:30:00+01:00,1.9123799800872803,1.9128600358963013,1.9122999906539917,1.9127299785614014,0,0.0,0.0
2026-04-06 06:45:00+01:00,1.9128400087356567,1.9132200479507446,1.912369966506958,1.9130699634552002,0,0.0,0.0
2026-04-06 07:00:00+01:00,1.9130699634552002,1.913390040397644,1.91280996799469,1.9131200313568115,0,0.0,0.0
2026-04-06 07:15:00+01:00,1.9130500555038452,1.9132599830627441,1.912660002708435,1.9129199981689453,0,0.0,0.0
2026-04-06 07:30:00+01:00,1.912969946861267,1.9132000207901,1.9123400449752808,1.9127299785614014,0,0.0,0.0
2026-04-06 07:45:00+01:00,1.912719964981079,1.9128299951553345,1.9115099906921387,1.9119600057601929,0,0.0,0.0
2026-04-06 08:00:00+01:00,1.9117300510406494,1.9123400449752808,1.9111299514770508,1.9120899438858032,0,0.0,0.0
2026-04-06 08:15:00+01:00,1.91211998462677,1.9122300148010254,1.9112900495529175,1.9119700193405151,0,0.0,0.0
2026-04-06 08:30:00+01:00,1.9119600057601929,1.9127999544143677,1.9115500450134277,1.9119600057601929,0,0.0,0.0
2026-04-06 08:45:00+01:00,1.9122099876403809,1.9132100343704224,1.911579966545105,1.9125800132751465,0,0.0,0.0
2026-04-06 09:00:00+01:00,1.9124900102615356,1.9127399921417236,1.9117900133132935,1.912160038948059,0,0.0,0.0
2026-04-06 09:15:00+01:00,1.9120800495147705,1.9129400253295898,1.911870002746582,1.912559986114502,0,0.0,0.0
2026-04-06 09:30:00+01:00,1.912600040435791,1.9127899408340454,1.9111000299453735,1.9117399454116821,0,0.0,0.0
2026-04-06 09:45:00+01:00,1.911679983139038,1.912179946899414,1.9112000465393066,1.9115999937057495,0,0.0,0.0
2026-04-06 10:00:00+01:00,1.9114999771118164,1.9119999408721924,1.9109599590301514,1.9117000102996826,0,0.0,0.0
2026-04-06 10:15:00+01:00,1.9115899801254272,1.911870002746582,1.910830020904541,1.911139965057373,0,0.0,0.0
2026-04-06 10:30:00+01:00,1.911180019378662,1.9117000102996826,1.9106600284576416,1.911520004272461,0,0.0,0.0
2026-04-06 10:45:00+01:00,1.9114500284194946,1.9126499891281128,1.9112399816513062,1.9125200510025024,0,0.0,0.0
2026-04-06 11:00:00+01:00,1.9124900102615356,1.9126700162887573,1.9113500118255615,1.9122799634933472,0,0.0,0.0
2026-04-06 11:15:00+01:00,1.912369966506958,1.9125100374221802,1.9112399816513062,1.9116499423980713,0,0.0,0.0
2026-04-06 11:30:00+01:00,1.91156005859375,1.9119600057601929,1.9113399982452393,1.9118900299072266,0,0.0,0.0
2026-04-06 11:45:00+01:00,1.911829948425293,1.9128700494766235,1.911579966545105,1.9117499589920044,0,0.0,0.0
2026-04-06 12:00:00+01:00,1.9117499589920044,1.9119000434875488,1.9111299514770508,1.9115999937057495,0,0.0,0.0
2026-04-06 12:15:00+01:00,1.911579966545105,1.9117399454116821,1.9107799530029297,1.9112000465393066,0,0.0,0.0
2026-04-06 12:30:00+01:00,1.911139965057373,1.9118800163269043,1.9107400178909302,1.9117900133132935,0,0.0,0.0
2026-04-06 12:45:00+01:00,1.9118399620056152,1.912019968032837,1.9101200103759766,1.91034996509552,0,0.0,0.0
2026-04-06 13:00:00+01:00,1.91034996509552,1.9110900163650513,1.9101200103759766,1.910949945449829,0,0.0,0.0
2026-04-06 13:15:00+01:00,1.911020040512085,1.9118000268936157,1.9108200073242188,1.9113600254058838,0,0.0,0.0
2026-04-06 13:30:00+01:00,1.9115099906921387,1.9122099876403809,1.9112099409103394,1.9115300178527832,0,0.0,0.0
2026-04-06 13:45:00+01:00,1.9114700555801392,1.9119399785995483,1.911080002784729,1.911769986152649,0,0.0,0.0
2026-04-06 14:00:00+01:00,1.911769986152649,1.9129400253295898,1.9114799499511719,1.9125200510025024,0,0.0,0.0
2026-04-06 14:15:00+01:00,1.9125200510025024,1.9129799604415894,1.9117399454116821,1.912619948387146,0,0.0,0.0
2026-04-06 14:30:00+01:00,1.9125699996948242,1.9128700494766235,1.9116699695587158,1.912559986114502,0,0.0,0.0
2026-04-06 14:45:00+01:00,1.9125200510025024,1.9134399890899658,1.9120399951934814,1.9125200510025024,0,0.0,0.0
2026-04-06 15:00:00+01:00,1.9125299453735352,1.913349986076355,1.911679983139038,1.9121299982070923,0,0.0,0.0
2026-04-06 15:15:00+01:00,1.912160038948059,1.9133199453353882,1.911829948425293,1.9131200313568115,0,0.0,0.0
2026-04-06 15:30:00+01:00,1.9131799936294556,1.9152100086212158,1.9126900434494019,1.9130899906158447,0,0.0,0.0
2026-04-06 15:45:00+01:00,1.9130200147628784,1.9137599468231201,1.9119900465011597,1.9124000072479248,0,0.0,0.0
2026-04-06 16:00:00+01:00,1.9125100374221802,1.913159966468811,1.912019968032837,1.912850022315979,0,0.0,0.0
2026-04-06 16:15:00+01:00,1.9128799438476562,1.9130799770355225,1.912310004234314,1.9125699996948242,0,0.0,0.0
2026-04-06 16:30:00+01:00,1.9124499559402466,1.913450002670288,1.912369966506958,1.913290023803711,0,0.0,0.0
2026-04-06 16:45:00+01:00,1.913159966468811,1.9134999513626099,1.9125800132751465,1.91280996799469,0,0.0,0.0
2026-04-06 17:00:00+01:00,1.9126299619674683,1.9134199619293213,1.9123799800872803,1.9130500555038452,0,0.0,0.0
2026-04-06 17:15:00+01:00,1.9130899906158447,1.9135899543762207,1.9128999710083008,1.9134600162506104,0,0.0,0.0
2026-04-06 17:30:00+01:00,1.9134600162506104,1.9136899709701538,1.913100004196167,1.913540005683899,0,0.0,0.0
2026-04-06 17:45:00+01:00,1.9134900569915771,1.9139800071716309,1.913349986076355,1.913540005683899,0,0.0,0.0
2026-04-06 18:00:00+01:00,1.913540005683899,1.9143999814987183,1.9133599996566772,1.9138200283050537,0,0.0,0.0
2026-04-06 18:15:00+01:00,1.9138000011444092,1.914080023765564,1.9130100011825562,1.9131300449371338,0,0.0,0.0
2026-04-06 18:30:00+01:00,1.9130899906158447,1.9133700132369995,1.9126100540161133,1.9128299951553345,0,0.0,0.0
2026-04-06 18:45:00+01:00,1.9128400087356567,1.9132399559020996,1.9127299785614014,1.9127700328826904,0,0.0,0.0
2026-04-06 19:00:00+01:00,1.9127999544143677,1.913059949874878,1.9121899604797363,1.9129199981689453,0,0.0,0.0
2026-04-06 19:15:00+01:00,1.9128899574279785,1.913059949874878,1.9124900102615356,1.9128199815750122,0,0.0,0.0
2026-04-06 19:30:00+01:00,1.9128899574279785,1.913140058517456,1.9122799634933472,1.912950038909912,0,0.0,0.0
2026-04-06 19:45:00+01:00,1.912950038909912,1.9132499694824219,1.9127399921417236,1.912950038909912,0,0.0,0.0
2026-04-06 20:00:00+01:00,1.9128899574279785,1.913409948348999,1.9127299785614014,1.9130200147628784,0,0.0,0.0
2026-04-06 20:15:00+01:00,1.9130200147628784,1.9133299589157104,1.9129400253295898,1.9130300283432007,0,0.0,0.0
2026-04-06 20:30:00+01:00,1.9130300283432007,1.913100004196167,1.9126900434494019,1.9128600358963013,0,0.0,0.0
2026-04-06 20:45:00+01:00,1.9128700494766235,1.9129199981689453,1.9122999906539917,1.912559986114502,0,0.0,0.0
2026-04-06 21:00:00+01:00,1.9126100540161133,1.9127600193023682,1.9123400449752808,1.9125200510025024,0,0.0,0.0
2026-04-06 21:15:00+01:00,1.9125699996948242,1.9129300117492676,1.9124900102615356,1.9128799438476562,0,0.0,0.0
2026-04-06 21:30:00+01:00,1.912850022315979,1.9130699634552002,1.9126900434494019,1.9128600358963013,0,0.0,0.0
2026-04-06 21:45:00+01:00,1.9128199815750122,1.9130699634552002,1.9115400314331055,1.9125200510025024,0,0.0,0.0
2026-04-06 22:00:00+01:00,1.912500023841858,1.9144200086593628,1.9119900465011597,1.9123599529266357,0,0.0,0.0
2026-04-06 22:15:00+01:00,1.912160038948059,1.9140299558639526,1.9110100269317627,1.9125699996948242,0,0.0,0.0
2026-04-06 22:30:00+01:00,1.9117200374603271,1.9139100313186646,1.9110300540924072,1.9120700359344482,0,0.0,0.0
2026-04-06 22:45:00+01:00,1.9111100435256958,1.9132699966430664,1.9105600118637085,1.9115899801254272,0,0.0,0.0
2026-04-06 23:30:00+01:00,1.9131300449371338,1.9133399724960327,1.9127899408340454,1.9132100343704224,0,0.0,0.0
2026-04-06 23:45:00+01:00,1.913349986076355,1.9138799905776978,1.9129799604415894,1.9137500524520874,0,0.0,0.0
2026-04-07 00:00:00+01:00,1.9135799407958984,1.9136199951171875,1.9130100011825562,1.9132499694824219,0,0.0,0.0
2026-04-07 00:15:00+01:00,1.9131799936294556,1.9135299921035767,1.9128999710083008,1.9134999513626099,0,0.0,0.0
2026-04-07 00:30:00+01:00,1.9133599996566772,1.9136300086975098,1.9129400253295898,1.9135700464248657,0,0.0,0.0
2026-04-07 00:45:00+01:00,1.9134700298309326,1.9136300086975098,1.9128799438476562,1.9132499694824219,0,0.0,0.0
2026-04-07 01:00:00+01:00,1.9132000207901,1.9138400554656982,1.9126700162887573,1.9128199815750122,0,0.0,0.0
2026-04-07 01:15:00+01:00,1.912719964981079,1.9134800434112549,1.9122799634933472,1.9124900102615356,0,0.0,0.0
2026-04-07 01:30:00+01:00,1.9124799966812134,1.9133299589157104,1.9118800163269043,1.9127000570297241,0,0.0,0.0
2026-04-07 01:45:00+01:00,1.9127000570297241,1.9144099950790405,1.9124000072479248,1.914199948310852,0,0.0,0.0
2026-04-07 02:00:00+01:00,1.914289951324463,1.914520025253296,1.9127899408340454,1.914430022239685,0,0.0,0.0
2026-04-07 02:15:00+01:00,1.914270043373108,1.9147100448608398,1.9131300449371338,1.9132100343704224,0,0.0,0.0
2026-04-07 02:30:00+01:00,1.9132000207901,1.9157299995422363,1.9130500555038452,1.9146100282669067,0,0.0,0.0
2026-04-07 02:45:00+01:00,1.9147499799728394,1.9156099557876587,1.9142299890518188,1.9151599407196045,0,0.0,0.0
2026-04-07 03:00:00+01:00,1.9150400161743164,1.9153599739074707,1.914330005645752,1.9149199724197388,0,0.0,0.0
2026-04-07 03:15:00+01:00,1.9147800207138062,1.9152499437332153,1.9139200448989868,1.9140100479125977,0,0.0,0.0
2026-04-07 03:30:00+01:00,1.9141099452972412,1.9141700267791748,1.912719964981079,1.9128799438476562,0,0.0,0.0
2026-04-07 03:45:00+01:00,1.9130100011825562,1.9138000011444092,1.9127999544143677,1.913100004196167,0,0.0,0.0
2026-04-07 04:00:00+01:00,1.9132800102233887,1.9134399890899658,1.9125699996948242,1.9130699634552002,0,0.0,0.0
2026-04-07 04:15:00+01:00,1.9131699800491333,1.9136600494384766,1.912950038909912,1.9134299755096436,0,0.0,0.0
2026-04-07 04:30:00+01:00,1.9133199453353882,1.9135500192642212,1.9125299453735352,1.91280996799469,0,0.0,0.0
2026-04-07 04:45:00+01:00,1.9127399921417236,1.9134999513626099,1.9126800298690796,1.913349986076355,0,0.0,0.0
2026-04-07 05:00:00+01:00,1.9133000373840332,1.9141000509262085,1.913140058517456,1.913699984550476,0,0.0,0.0
2026-04-07 05:15:00+01:00,1.913699984550476,1.9139399528503418,1.9132599830627441,1.9136300086975098,0,0.0,0.0
2026-04-07 05:30:00+01:00,1.9135099649429321,1.9136500358581543,1.9124399423599243,1.913059949874878,0,0.0,0.0
2026-04-07 05:45:00+01:00,1.9130200147628784,1.9132200479507446,1.9121099710464478,1.9128400087356567,0,0.0,0.0
2026-04-07 06:00:00+01:00,1.9128299951553345,1.9132000207901,1.9126299619674683,1.9131699800491333,0,0.0,0.0
2026-04-07 06:15:00+01:00,1.9131799936294556,1.9135600328445435,1.912750005722046,1.9130899906158447,0,0.0,0.0
2026-04-07 06:30:00+01:00,1.9131300449371338,1.9134999513626099,1.9125499725341797,1.9132200479507446,0,0.0,0.0
2026-04-07 06:45:00+01:00,1.913159966468811,1.9135299921035767,1.9125399589538574,1.9129899740219116,0,0.0,0.0
2026-04-07 07:00:00+01:00,1.9129899740219116,1.9131300449371338,1.9116400480270386,1.9121500253677368,0,0.0,0.0
2026-04-07 07:15:00+01:00,1.9120099544525146,1.9137500524520874,1.9119900465011597,1.9130899906158447,0,0.0,0.0
2026-04-07 07:30:00+01:00,1.9130500555038452,1.9147499799728394,1.9126100540161133,1.9141600131988525,0,0.0,0.0
2026-04-07 07:45:00+01:00,1.9140900373458862,1.91457998752594,1.9136699438095093,1.9143500328063965,0,0.0,0.0
2026-04-07 08:00:00+01:00,1.9143600463867188,1.9155800342559814,1.914039969444275,1.9144099950790405,0,0.0,0.0
2026-04-07 08:15:00+01:00,1.914430022239685,1.9149099588394165,1.9132800102233887,1.9141000509262085,0,0.0,0.0
2026-04-07 08:30:00+01:00,1.9141900539398193,1.9145699739456177,1.913059949874878,1.9140100479125977,0,0.0,0.0
2026-04-07 08:45:00+01:00,1.9139399528503418,1.9141700267791748,1.913040041923523,1.913409948348999,0,0.0,0.0
2026-04-07 09:00:00+01:00,1.9133100509643555,1.914270043373108,1.9121500253677368,1.9127299785614014,0,0.0,0.0
2026-04-07 09:15:00+01:00,1.9126900434494019,1.9128400087356567,1.9112900495529175,1.911910057067871,0,0.0,0.0
2026-04-07 09:30:00+01:00,1.9118200540542603,1.9134900569915771,1.9116300344467163,1.9129999876022339,0,0.0,0.0
2026-04-07 09:45:00+01:00,1.9130100011825562,1.9140700101852417,1.9116300344467163,1.9122899770736694,0,0.0,0.0
2026-04-07 10:00:00+01:00,1.9122400283813477,1.9127999544143677,1.9115500450134277,1.9118499755859375,0,0.0,0.0
2026-04-07 10:15:00+01:00,1.9118200540542603,1.9121500253677368,1.9109400510787964,1.911769986152649,0,0.0,0.0
2026-04-07 10:30:00+01:00,1.911769986152649,1.9122099876403809,1.9112399816513062,1.9116100072860718,0,0.0,0.0
2026-04-07 10:45:00+01:00,1.9116699695587158,1.9119199514389038,1.9108799695968628,1.9112600088119507,0,0.0,0.0
2026-04-07 11:00:00+01:00,1.9112299680709839,1.9122899770736694,1.9103000164031982,1.9109599590301514,0,0.0,0.0
2026-04-07 11:15:00+01:00,1.9109699726104736,1.912369966506958,1.9105199575424194,1.911679983139038,0,0.0,0.0
2026-04-07 11:30:00+01:00,1.9115999937057495,1.911810040473938,1.9107600450515747,1.9111499786376953,0,0.0,0.0
2026-04-07 11:45:00+01:00,1.9111499786376953,1.9118000268936157,1.9104499816894531,1.9111000299453735,0,0.0,0.0
2026-04-07 12:00:00+01:00,1.911020040512085,1.9117900133132935,1.9105600118637085,1.9115999937057495,0,0.0,0.0
2026-04-07 12:15:00+01:00,1.9117000102996826,1.9117399454116821,1.9103399515151978,1.9104900360107422,0,0.0,0.0
2026-04-07 12:30:00+01:00,1.9105199575424194,1.9108099937438965,1.9094500541687012,1.9101200103759766,0,0.0,0.0
2026-04-07 12:45:00+01:00,1.910249948501587,1.9108500480651855,1.9094200134277344,1.909600019454956,0,0.0,0.0
2026-04-07 13:00:00+01:00,1.909600019454956,1.9103100299835205,1.9084899425506592,1.9101099967956543,0,0.0,0.0
2026-04-07 13:15:00+01:00,1.9102100133895874,1.9105299711227417,1.909250020980835,1.9098299741744995,0,0.0,0.0
2026-04-07 13:30:00+01:00,1.9098299741744995,1.911270022392273,1.9094699621200562,1.9107999801635742,0,0.0,0.0
2026-04-07 13:45:00+01:00,1.9108500480651855,1.9110100269317627,1.9091099500656128,1.9097900390625,0,0.0,0.0
2026-04-07 14:00:00+01:00,1.909890055656433,1.9104499816894531,1.9094799757003784,1.9099299907684326,0,0.0,0.0
2026-04-07 14:15:00+01:00,1.9099299907684326,1.9100199937820435,1.9087599515914917,1.9095300436019897,0,0.0,0.0
2026-04-07 14:30:00+01:00,1.9094799757003784,1.911389946937561,1.9088200330734253,1.911020040512085,0,0.0,0.0
2026-04-07 14:45:00+01:00,1.9109599590301514,1.9115300178527832,1.9100300073623657,1.9108999967575073,0,0.0,0.0
2026-04-07 15:00:00+01:00,1.9110300540924072,1.9117000102996826,1.910599946975708,1.9112600088119507,0,0.0,0.0
2026-04-07 15:15:00+01:00,1.9111100435256958,1.911389946937561,1.9085500240325928,1.9087200164794922,0,0.0,0.0
2026-04-07 15:30:00+01:00,1.9087799787521362,1.909600019454956,1.90733003616333,1.9091399908065796,0,0.0,0.0
2026-04-07 15:45:00+01:00,1.9089699983596802,1.9098399877548218,1.9079400300979614,1.9092199802398682,0,0.0,0.0
2026-04-07 16:00:00+01:00,1.9093199968338013,1.91103994846344,1.9090800285339355,1.9101099967956543,0,0.0,0.0
2026-04-07 16:15:00+01:00,1.9101099967956543,1.910330057144165,1.9087200164794922,1.9090299606323242,0,0.0,0.0
2026-04-07 16:30:00+01:00,1.9091299772262573,1.9097800254821777,1.9086999893188477,1.9090299606323242,0,0.0,0.0
2026-04-07 16:45:00+01:00,1.9090399742126465,1.909250020980835,1.906559944152832,1.9067599773406982,0,0.0,0.0
2026-04-07 17:00:00+01:00,1.9067599773406982,1.908270001411438,1.9057300090789795,1.9080599546432495,0,0.0,0.0
2026-04-07 17:15:00+01:00,1.9080499410629272,1.9085299968719482,1.9075900316238403,1.9076800346374512,0,0.0,0.0
2026-04-07 17:30:00+01:00,1.9077199697494507,1.9080499410629272,1.9074100255966187,1.9074599742889404,0,0.0,0.0
2026-04-07 17:45:00+01:00,1.9075499773025513,1.9076100587844849,1.9067100286483765,1.907480001449585,0,0.0,0.0
2026-04-07 18:00:00+01:00,1.9074699878692627,1.9078199863433838,1.9070199728012085,1.9071999788284302,0,0.0,0.0
2026-04-07 18:15:00+01:00,1.9072200059890747,1.9077500104904175,1.907080054283142,1.9076800346374512,0,0.0,0.0
2026-04-07 18:30:00+01:00,1.9076600074768066,1.907770037651062,1.9064600467681885,1.9072699546813965,0,0.0,0.0
2026-04-07 18:45:00+01:00,1.9073899984359741,1.9074499607086182,1.9066699743270874,1.907170057296753,0,0.0,0.0
2026-04-07 19:00:00+01:00,1.9071600437164307,1.907920002937317,1.9070600271224976,1.907729983329773,0,0.0,0.0
2026-04-07 19:15:00+01:00,1.907729983329773,1.9078999757766724,1.907039999961853,1.9073899984359741,0,0.0,0.0
2026-04-07 19:30:00+01:00,1.9074100255966187,1.908120036125183,1.9071199893951416,1.907960057258606,0,0.0,0.0
2026-04-07 19:45:00+01:00,1.907960057258606,1.9086400270462036,1.9077199697494507,1.9084800481796265,0,0.0,0.0
2026-04-07 20:00:00+01:00,1.9084700345993042,1.908769965171814,1.9078400135040283,1.9081300497055054,0,0.0,0.0
2026-04-07 20:15:00+01:00,1.9081499576568604,1.908270001411438,1.9061700105667114,1.9076900482177734,0,0.0,0.0
2026-04-07 20:30:00+01:00,1.9076199531555176,1.9081100225448608,1.9070199728012085,1.9075499773025513,0,0.0,0.0
2026-04-07 20:45:00+01:00,1.9076299667358398,1.907829999923706,1.905900001525879,1.9060399532318115,0,0.0,0.0
2026-04-07 21:00:00+01:00,1.9061100482940674,1.906499981880188,1.9053399562835693,1.9058500528335571,0,0.0,0.0
2026-04-07 21:15:00+01:00,1.9060399532318115,1.9066599607467651,1.9054399728775024,1.906149983406067,0,0.0,0.0
2026-04-07 21:30:00+01:00,1.906059980392456,1.90625,1.9055399894714355,1.9059499502182007,0,0.0,0.0
2026-04-07 21:45:00+01:00,1.9057999849319458,1.9062600135803223,1.904229998588562,1.904829978942871,0,0.0,0.0
2026-04-07 22:00:00+01:00,1.904710054397583,1.9071999788284302,1.9025499820709229,1.9035300016403198,0,0.0,0.0
2026-04-07 22:15:00+01:00,1.9038100242614746,1.9059200286865234,1.9020800590515137,1.90461003780365,0,0.0,0.0
2026-04-07 22:30:00+01:00,1.9034199714660645,1.9065500497817993,1.9032800197601318,1.9048000574111938,0,0.0,0.0
2026-04-07 22:45:00+01:00,1.9047900438308716,1.9072400331497192,1.9045000076293945,1.9051599502563477,0,0.0,0.0
2026-04-07 23:00:00+01:00,1.9054800271987915,1.9063600301742554,1.901900053024292,1.9045499563217163,0,0.0,0.0
2026-04-07 23:15:00+01:00,1.9043400287628174,1.904979944229126,1.9040600061416626,1.9041800498962402,0,0.0,0.0
2026-04-07 23:30:00+01:00,1.9041800498962402,1.9075599908828735,1.8968499898910522,1.8984800577163696,0,0.0,0.0
2026-04-07 23:45:00+01:00,1.8982000350952148,1.9008300304412842,1.8962600231170654,1.8969800472259521,0,0.0,0.0
2026-04-08 00:00:00+01:00,1.8971699476242065,1.898110032081604,1.8924200534820557,1.894469976425171,0,0.0,0.0
2026-04-08 00:15:00+01:00,1.89437997341156,1.8963700532913208,1.8935799598693848,1.8954499959945679,0,0.0,0.0
2026-04-08 00:30:00+01:00,1.8954399824142456,1.89614999294281,1.8932900428771973,1.8941899538040161,0,0.0,0.0
2026-04-08 00:45:00+01:00,1.8939900398254395,1.8949899673461914,1.8932000398635864,1.8936799764633179,0,0.0,0.0
2026-04-08 01:00:00+01:00,1.8935099840164185,1.8942500352859497,1.891510009765625,1.8940199613571167,0,0.0,0.0
2026-04-08 01:15:00+01:00,1.8940000534057617,1.8966599702835083,1.8936899900436401,1.8963700532913208,0,0.0,0.0
2026-04-08 01:30:00+01:00,1.8962600231170654,1.8972300291061401,1.8957200050354004,1.8969999551773071,0,0.0,0.0
2026-04-08 01:45:00+01:00,1.8971400260925293,1.8985799551010132,1.8966699838638306,1.8979099988937378,0,0.0,0.0
2026-04-08 02:00:00+01:00,1.8978999853134155,1.8988300561904907,1.896939992904663,1.8982199430465698,0,0.0,0.0
2026-04-08 02:15:00+01:00,1.8982800245285034,1.8983800411224365,1.8966699838638306,1.89752995967865,0,0.0,0.0
2026-04-08 02:30:00+01:00,1.8976500034332275,1.898229956626892,1.8964999914169312,1.8968900442123413,0,0.0,0.0
2026-04-08 02:45:00+01:00,1.8967700004577637,1.8978500366210938,1.896239995956421,1.897320032119751,0,0.0,0.0
2026-04-08 03:00:00+01:00,1.8974000215530396,1.8983800411224365,1.8966599702835083,1.8982900381088257,0,0.0,0.0
2026-04-08 03:15:00+01:00,1.8982900381088257,1.8992700576782227,1.8981599807739258,1.8989100456237793,0,0.0,0.0
2026-04-08 03:30:00+01:00,1.8990800380706787,1.899780035018921,1.8985999822616577,1.898710012435913,0,0.0,0.0
2026-04-08 03:45:00+01:00,1.8987799882888794,1.9003900289535522,1.8985799551010132,1.8999099731445312,0,0.0,0.0
2026-04-08 04:00:00+01:00,1.8999199867248535,1.9013500213623047,1.8996700048446655,1.9007899761199951,0,0.0,0.0
2026-04-08 04:15:00+01:00,1.900730013847351,1.9013999700546265,1.8998899459838867,1.9004900455474854,0,0.0,0.0
2026-04-08 04:30:00+01:00,1.900670051574707,1.9016799926757812,1.899899959564209,1.9003499746322632,0,0.0,0.0
2026-04-08 04:45:00+01:00,1.900480031967163,1.9009900093078613,1.8991999626159668,1.8997100591659546,0,0.0,0.0
2026-04-08 05:00:00+01:00,1.899749994277954,1.9000300168991089,1.897860050201416,1.8980200290679932,0,0.0,0.0
2026-04-08 05:15:00+01:00,1.8980900049209595,1.898669958114624,1.8977400064468384,1.898110032081604,0,0.0,0.0
2026-04-08 05:30:00+01:00,1.898069977760315,1.8983999490737915,1.8977899551391602,1.8979699611663818,0,0.0,0.0
2026-04-08 05:45:00+01:00,1.8980900049209595,1.8992600440979004,1.8978699445724487,1.8982700109481812,0,0.0,0.0
2026-04-08 06:00:00+01:00,1.8982499837875366,1.898800015449524,1.897779941558838,1.8984899520874023,0,0.0,0.0
2026-04-08 06:15:00+01:00,1.898669958114624,1.8990999460220337,1.8977299928665161,1.8981000185012817,0,0.0,0.0
2026-04-08 06:30:00+01:00,1.8979699611663818,1.8991299867630005,1.8976800441741943,1.898669958114624,0,0.0,0.0
2026-04-08 06:45:00+01:00,1.8985899686813354,1.8997900485992432,1.89792001247406,1.8996599912643433,0,0.0,0.0
2026-04-08 07:00:00+01:00,1.8994699716567993,1.9007999897003174,1.8992899656295776,1.8999199867248535,0,0.0,0.0
2026-04-08 07:15:00+01:00,1.8999199867248535,1.9006500244140625,1.8994300365447998,1.9004199504852295,0,0.0,0.0
2026-04-08 07:30:00+01:00,1.9004000425338745,1.9006500244140625,1.8977700471878052,1.898319959640503,0,0.0,0.0
2026-04-08 07:45:00+01:00,1.898229956626892,1.8991400003433228,1.8970199823379517,1.898959994316101,0,0.0,0.0
2026-04-08 08:00:00+01:00,1.8990099430084229,1.901319980621338,1.8989299535751343,1.8997999429702759,0,0.0,0.0
2026-04-08 08:15:00+01:00,1.8998600244522095,1.9006099700927734,1.8988900184631348,1.899359941482544,0,0.0,0.0
2026-04-08 08:30:00+01:00,1.899340033531189,1.899999976158142,1.8986599445343018,1.8998500108718872,0,0.0,0.0
2026-04-08 08:45:00+01:00,1.8998500108718872,1.9016000032424927,1.8997700214385986,1.9009699821472168,0,0.0,0.0
2026-04-08 09:00:00+01:00,1.9011399745941162,1.9031699895858765,1.900689959526062,1.902999997138977,0,0.0,0.0
2026-04-08 09:15:00+01:00,1.9029899835586548,1.9037100076675415,1.902459979057312,1.9034600257873535,0,0.0,0.0
2026-04-08 09:30:00+01:00,1.9033199548721313,1.9066799879074097,1.9033199548721313,1.90556001663208,0,0.0,0.0
2026-04-08 09:45:00+01:00,1.9054900407791138,1.9063899517059326,1.9046599864959717,1.9060699939727783,0,0.0,0.0
2026-04-08 10:00:00+01:00,1.9060100317001343,1.9065699577331543,1.9044400453567505,1.9065099954605103,0,0.0,0.0
2026-04-08 10:15:00+01:00,1.906440019607544,1.907829999923706,1.906350016593933,1.9071600437164307,0,0.0,0.0
2026-04-08 10:30:00+01:00,1.9069900512695312,1.9075100421905518,1.9064300060272217,1.9071999788284302,0,0.0,0.0
2026-04-08 10:45:00+01:00,1.9071600437164307,1.9088000059127808,1.906980037689209,1.9080699682235718,0,0.0,0.0
2026-04-08 11:00:00+01:00,1.9080699682235718,1.9088000059127808,1.9077500104904175,1.908560037612915,0,0.0,0.0
2026-04-08 11:15:00+01:00,1.9085700511932373,1.9089399576187134,1.9075900316238403,1.907960057258606,0,0.0,0.0
2026-04-08 11:30:00+01:00,1.9080100059509277,1.9083900451660156,1.9075000286102295,1.9076999425888062,0,0.0,0.0
2026-04-08 11:45:00+01:00,1.9077099561691284,1.9096299409866333,1.907480001449585,1.9093300104141235,0,0.0,0.0
2026-04-08 12:00:00+01:00,1.9095100164413452,1.9106899499893188,1.9093600511550903,1.9103599786758423,0,0.0,0.0
2026-04-08 12:15:00+01:00,1.9104900360107422,1.9106299877166748,1.9084700345993042,1.908810019493103,0,0.0,0.0
2026-04-08 12:30:00+01:00,1.908769965171814,1.9101799726486206,1.9083900451660156,1.9098800420761108,0,0.0,0.0
2026-04-08 12:45:00+01:00,1.9098999500274658,1.9099899530410767,1.9083399772644043,1.9089100360870361,0,0.0,0.0
2026-04-08 13:00:00+01:00,1.9088200330734253,1.9092899560928345,1.9078600406646729,1.908560037612915,0,0.0,0.0
2026-04-08 13:15:00+01:00,1.908560037612915,1.9096599817276,1.9070899486541748,1.9088399410247803,0,0.0,0.0
2026-04-08 13:30:00+01:00,1.9087599515914917,1.9088399410247803,1.9068900346755981,1.9070600271224976,0,0.0,0.0
2026-04-08 13:45:00+01:00,1.907039999961853,1.9075000286102295,1.905150055885315,1.9053599834442139,0,0.0,0.0
2026-04-08 14:00:00+01:00,1.905310034751892,1.9058500528335571,1.9038300514221191,1.9051799774169922,0,0.0,0.0
2026-04-08 14:15:00+01:00,1.9052499532699585,1.9068200588226318,1.9049999713897705,1.9065200090408325,0,0.0,0.0
2026-04-08 14:30:00+01:00,1.906440019607544,1.9077600240707397,1.905419945716858,1.9058500528335571,0,0.0,0.0
2026-04-08 14:45:00+01:00,1.9059100151062012,1.9071799516677856,1.9044500589370728,1.9059200286865234,0,0.0,0.0
2026-04-08 15:00:00+01:00,1.9059200286865234,1.9070099592208862,1.9050899744033813,1.9060399532318115,0,0.0,0.0
2026-04-08 15:15:00+01:00,1.9062000513076782,1.9074300527572632,1.9057300090789795,1.907080054283142,0,0.0,0.0
2026-04-08 15:30:00+01:00,1.9071999788284302,1.9077199697494507,1.906000018119812,1.906149983406067,0,0.0,0.0
2026-04-08 15:45:00+01:00,1.9061700105667114,1.9074100255966187,1.9047199487686157,1.905150055885315,0,0.0,0.0
2026-04-08 16:00:00+01:00,1.9050999879837036,1.905329942703247,1.9038200378417969,1.9043999910354614,0,0.0,0.0
2026-04-08 16:15:00+01:00,1.9042799472808838,1.9048899412155151,1.903880000114441,1.9046200513839722,0,0.0,0.0
2026-04-08 16:30:00+01:00,1.904670000076294,1.9055700302124023,1.9032299518585205,1.9038200378417969,0,0.0,0.0
2026-04-08 16:45:00+01:00,1.9037400484085083,1.9039299488067627,1.901859998703003,1.9032200574874878,0,0.0,0.0
2026-04-08 17:00:00+01:00,1.9031399488449097,1.9033600091934204,1.9020099639892578,1.9026000499725342,0,0.0,0.0
2026-04-08 17:15:00+01:00,1.9025299549102783,1.9035600423812866,1.9023699760437012,1.902940034866333,0,0.0,0.0
2026-04-08 17:30:00+01:00,1.9029300212860107,1.9031000137329102,1.9015599489212036,1.9016200304031372,0,0.0,0.0
2026-04-08 17:45:00+01:00,1.9016599655151367,1.9017499685287476,1.900879979133606,1.9013299942016602,0,0.0,0.0
2026-04-08 18:00:00+01:00,1.901319980621338,1.90215003490448,1.9008500576019287,1.9020400047302246,0,0.0,0.0
2026-04-08 18:15:00+01:00,1.9020700454711914,1.9026399850845337,1.9017000198364258,1.9024699926376343,0,0.0,0.0
2026-04-08 18:30:00+01:00,1.9024499654769897,1.9033000469207764,1.9019800424575806,1.902269959449768,0,0.0,0.0
2026-04-08 18:45:00+01:00,1.9022899866104126,1.9027700424194336,1.9017499685287476,1.9017499685287476,0,0.0,0.0
2026-04-08 19:00:00+01:00,1.9025299549102783,1.9029899835586548,1.9002699851989746,1.9019800424575806,0,0.0,0.0
2026-04-08 19:15:00+01:00,1.9018900394439697,1.9035300016403198,1.9017900228500366,1.903380036354065,0,0.0,0.0
2026-04-08 19:30:00+01:00,1.9033299684524536,1.9035500288009644,1.9025800228118896,1.903290033340454,0,0.0,0.0
2026-04-08 19:45:00+01:00,1.9033399820327759,1.9037599563598633,1.9030200242996216,1.903480052947998,0,0.0,0.0
2026-04-08 20:00:00+01:00,1.9034099578857422,1.9039599895477295,1.9026600122451782,1.902999997138977,0,0.0,0.0
2026-04-08 20:15:00+01:00,1.903149962425232,1.9032100439071655,1.9022799730300903,1.9031399488449097,0,0.0,0.0
2026-04-08 20:30:00+01:00,1.903059959411621,1.9031699895858765,1.9017200469970703,1.9019099473953247,0,0.0,0.0
2026-04-08 20:45:00+01:00,1.9018700122833252,1.902109980583191,1.9005500078201294,1.9008100032806396,0,0.0,0.0
2026-04-08 21:00:00+01:00,1.9008400440216064,1.9015300273895264,1.9005299806594849,1.9012999534606934,0,0.0,0.0
2026-04-08 21:15:00+01:00,1.9012399911880493,1.901669979095459,1.9011900424957275,1.901319980621338,0,0.0,0.0
2026-04-08 21:30:00+01:00,1.901360034942627,1.9018299579620361,1.9010499715805054,1.901479959487915,0,0.0,0.0
2026-04-08 21:45:00+01:00,1.901479959487915,1.9017200469970703,1.8998500108718872,1.9001400470733643,0,0.0,0.0
2026-04-08 22:00:00+01:00,1.9006500244140625,1.9026399850845337,1.8984400033950806,1.8984400033950806,0,0.0,0.0
2026-04-08 22:15:00+01:00,1.8984400033950806,1.9027600288391113,1.8984400033950806,1.9012800455093384,0,0.0,0.0
2026-04-08 22:30:00+01:00,1.9012800455093384,1.9029099941253662,1.9008300304412842,1.90201997756958,0,0.0,0.0
2026-04-08 22:45:00+01:00,1.9016400575637817,1.9031200408935547,1.8997600078582764,1.9007400274276733,0,0.0,0.0
2026-04-08 23:00:00+01:00,1.9001699686050415,1.9018800258636475,1.8999899625778198,1.9016300439834595,0,0.0,0.0
2026-04-08 23:15:00+01:00,1.9017599821090698,1.9018800258636475,1.901319980621338,1.9013700485229492,0,0.0,0.0
2026-04-08 23:30:00+01:00,1.9015300273895264,1.901610016822815,1.9010900259017944,1.9012700319290161,0,0.0,0.0
2026-04-08 23:45:00+01:00,1.9013999700546265,1.9015599489212036,1.9011399745941162,1.901229977607727,0,0.0,0.0
2026-04-09 00:00:00+01:00,1.9011600017547607,1.9019299745559692,1.9008500576019287,1.9017900228500366,0,0.0,0.0
2026-04-09 00:15:00+01:00,1.901669979095459,1.9023499488830566,1.9014999866485596,1.902250051498413,0,0.0,0.0
2026-04-09 00:30:00+01:00,1.9021400213241577,1.902459979057312,1.901669979095459,1.9018100500106812,0,0.0,0.0
2026-04-09 00:45:00+01:00,1.9018100500106812,1.902609944343567,1.9015599489212036,1.902519941329956,0,0.0,0.0
2026-04-09 01:00:00+01:00,1.9025599956512451,1.9042400121688843,1.9023300409317017,1.9040800333023071,0,0.0,0.0
2026-04-09 01:15:00+01:00,1.904099941253662,1.904270052909851,1.9033499956130981,1.9037599563598633,0,0.0,0.0
2026-04-09 01:30:00+01:00,1.903749942779541,1.9037599563598633,1.9026999473571777,1.902959942817688,0,0.0,0.0
2026-04-09 01:45:00+01:00,1.902899980545044,1.9034700393676758,1.9027400016784668,1.9032800197601318,0,0.0,0.0
2026-04-09 02:00:00+01:00,1.903249979019165,1.903980016708374,1.9028700590133667,1.9037599563598633,0,0.0,0.0
2026-04-09 02:15:00+01:00,1.9038900136947632,1.9049299955368042,1.9035099744796753,1.9047800302505493,0,0.0,0.0
2026-04-09 02:30:00+01:00,1.9047900438308716,1.9048399925231934,1.902899980545044,1.903630018234253,0,0.0,0.0
2026-04-09 02:45:00+01:00,1.9036099910736084,1.9040000438690186,1.9031399488449097,1.9037799835205078,0,0.0,0.0
2026-04-09 03:00:00+01:00,1.9037699699401855,1.9044300317764282,1.9034199714660645,1.904289960861206,0,0.0,0.0
2026-04-09 03:15:00+01:00,1.9042799472808838,1.9043899774551392,1.9035899639129639,1.9039100408554077,0,0.0,0.0
2026-04-09 03:30:00+01:00,1.9039000272750854,1.9041099548339844,1.9026600122451782,1.9033399820327759,0,0.0,0.0
2026-04-09 03:45:00+01:00,1.903380036354065,1.9037699699401855,1.9025299549102783,1.903249979019165,0,0.0,0.0
2026-04-09 04:00:00+01:00,1.903149962425232,1.9038300514221191,1.903130054473877,1.9036200046539307,0,0.0,0.0
2026-04-09 04:15:00+01:00,1.9034600257873535,1.9037599563598633,1.9027600288391113,1.9029699563980103,0,0.0,0.0
2026-04-09 04:30:00+01:00,1.9030400514602661,1.9031800031661987,1.902590036392212,1.9030499458312988,0,0.0,0.0
2026-04-09 04:45:00+01:00,1.902959942817688,1.9032299518585205,1.9020299911499023,1.9025700092315674,0,0.0,0.0
2026-04-09 05:00:00+01:00,1.9025700092315674,1.9033600091934204,1.902359962463379,1.9027099609375,0,0.0,0.0
2026-04-09 05:15:00+01:00,1.9027099609375,1.9028199911117554,1.9018199443817139,1.9019500017166138,0,0.0,0.0
2026-04-09 05:30:00+01:00,1.9019500017166138,1.9027400016784668,1.9018399715423584,1.9024399518966675,0,0.0,0.0
2026-04-09 05:45:00+01:00,1.9023499488830566,1.9033700227737427,1.9021999835968018,1.9031200408935547,0,0.0,0.0
2026-04-09 06:00:00+01:00,1.903059959411621,1.9032800197601318,1.902109980583191,1.902899980545044,0,0.0,0.0
2026-04-09 06:15:00+01:00,1.902899980545044,1.9029200077056885,1.901769995689392,1.9021400213241577,0,0.0,0.0
2026-04-09 06:30:00+01:00,1.9021400213241577,1.9025499820709229,1.9019500017166138,1.902250051498413,0,0.0,0.0
2026-04-09 06:45:00+01:00,1.902340054512024,1.9036999940872192,1.9022400379180908,1.9032599925994873,0,0.0,0.0
2026-04-09 07:00:00+01:00,1.9032599925994873,1.903980016708374,1.9026000499725342,1.903540015220642,0,0.0,0.0
2026-04-09 07:15:00+01:00,1.9035300016403198,1.9036400318145752,1.9024800062179565,1.902649998664856,0,0.0,0.0
2026-04-09 07:30:00+01:00,1.9026600122451782,1.9037400484085083,1.902590036392212,1.9033600091934204,0,0.0,0.0
2026-04-09 07:45:00+01:00,1.9033499956130981,1.9038200378417969,1.902340054512024,1.902500033378601,0,0.0,0.0
2026-04-09 08:00:00+01:00,1.9024399518966675,1.904539942741394,1.9022599458694458,1.903730034828186,0,0.0,0.0
2026-04-09 08:15:00+01:00,1.903730034828186,1.9043400287628174,1.903090000152588,1.9034899473190308,0,0.0,0.0
2026-04-09 08:30:00+01:00,1.903480052947998,1.9050999879837036,1.9032599925994873,1.9045599699020386,0,0.0,0.0
2026-04-09 08:45:00+01:00,1.9045699834823608,1.905519962310791,1.9041399955749512,1.9053399562835693,0,0.0,0.0
2026-04-09 09:00:00+01:00,1.905269980430603,1.9060699939727783,1.904710054397583,1.9059900045394897,0,0.0,0.0
2026-04-09 09:15:00+01:00,1.9059100151062012,1.9068100452423096,1.9051300287246704,1.906059980392456,0,0.0,0.0
2026-04-09 09:30:00+01:00,1.9059200286865234,1.9066100120544434,1.9054900407791138,1.9061800241470337,0,0.0,0.0
2026-04-09 09:45:00+01:00,1.9062399864196777,1.9075299501419067,1.9052400588989258,1.9073799848556519,0,0.0,0.0
2026-04-09 10:00:00+01:00,1.9073899984359741,1.9081499576568604,1.907230019569397,1.907439947128296,0,0.0,0.0
2026-04-09 10:15:00+01:00,1.9074000120162964,1.9078400135040283,1.9068200588226318,1.907170057296753,0,0.0,0.0
2026-04-09 10:30:00+01:00,1.907170057296753,1.9072999954223633,1.9064699411392212,1.907080054283142,0,0.0,0.0
2026-04-09 10:45:00+01:00,1.906980037689209,1.907189965248108,1.90556001663208,1.9057300090789795,0,0.0,0.0
2026-04-09 11:00:00+01:00,1.9056799411773682,1.9064199924468994,1.9055399894714355,1.906209945678711,0,0.0,0.0
2026-04-09 11:15:00+01:00,1.906149983406067,1.9065899848937988,1.9059799909591675,1.9063600301742554,0,0.0,0.0
2026-04-09 11:30:00+01:00,1.9062999486923218,1.9068800210952759,1.9059799909591675,1.9062299728393555,0,0.0,0.0
2026-04-09 11:45:00+01:00,1.9062299728393555,1.9065899848937988,1.9053499698638916,1.9056899547576904,0,0.0,0.0
2026-04-09 12:00:00+01:00,1.905650019645691,1.9065200090408325,1.905310034751892,1.9061000347137451,0,0.0,0.0
2026-04-09 12:15:00+01:00,1.906059980392456,1.9061399698257446,1.9051899909973145,1.9056899547576904,0,0.0,0.0
2026-04-09 12:30:00+01:00,1.905709981918335,1.9065099954605103,1.9052400588989258,1.906190037727356,0,0.0,0.0
2026-04-09 12:45:00+01:00,1.9061599969863892,1.906630039215088,1.9053800106048584,1.905900001525879,0,0.0,0.0
2026-04-09 13:00:00+01:00,1.9059100151062012,1.9063400030136108,1.9053399562835693,1.905460000038147,0,0.0,0.0
2026-04-09 13:15:00+01:00,1.9054499864578247,1.9059499502182007,1.9047900438308716,1.905400037765503,0,0.0,0.0
2026-04-09 13:30:00+01:00,1.9051599502563477,1.9056299924850464,1.9038200378417969,1.9050699472427368,0,0.0,0.0
2026-04-09 13:45:00+01:00,1.9050999879837036,1.9060699939727783,1.9049099683761597,1.9052599668502808,0,0.0,0.0
2026-04-09 14:00:00+01:00,1.9052400588989258,1.9057300090789795,1.9046599864959717,1.904860019683838,0,0.0,0.0
2026-04-09 14:15:00+01:00,1.9049500226974487,1.9054499864578247,1.904579997062683,1.9047399759292603,0,0.0,0.0
2026-04-09 14:30:00+01:00,1.9046599864959717,1.9049700498580933,1.902169942855835,1.9023300409317017,0,0.0,0.0
2026-04-09 14:45:00+01:00,1.9022599458694458,1.9034299850463867,1.9021400213241577,1.903190016746521,0,0.0,0.0
2026-04-09 15:00:00+01:00,1.9033000469207764,1.9034700393676758,1.9021199941635132,1.9022599458694458,0,0.0,0.0
2026-04-09 15:15:00+01:00,1.902209997177124,1.903190016746521,1.9018299579620361,1.9022799730300903,0,0.0,0.0
2026-04-09 15:30:00+01:00,1.9020400047302246,1.9028799533843994,1.9012800455093384,1.9020600318908691,0,0.0,0.0
2026-04-09 15:45:00+01:00,1.9020600318908691,1.9022200107574463,1.8997000455856323,1.9000400304794312,0,0.0,0.0
2026-04-09 16:00:00+01:00,1.899940013885498,1.90093994140625,1.8990000486373901,1.8991700410842896,0,0.0,0.0
2026-04-09 16:15:00+01:00,1.8991400003433228,1.8997999429702759,1.8980900049209595,1.8995699882507324,0,0.0,0.0
2026-04-09 16:30:00+01:00,1.8996200561523438,1.8998700380325317,1.8974499702453613,1.8979500532150269,0,0.0,0.0
2026-04-09 16:45:00+01:00,1.8979400396347046,1.898550033569336,1.89683997631073,1.8970400094985962,0,0.0,0.0
2026-04-09 17:00:00+01:00,1.8969700336456299,1.897379994392395,1.8958200216293335,1.896939992904663,0,0.0,0.0
2026-04-09 17:15:00+01:00,1.8969299793243408,1.897629976272583,1.8963199853897095,1.8971600532531738,0,0.0,0.0
2026-04-09 17:30:00+01:00,1.8971699476242065,1.8976000547409058,1.8969099521636963,1.897379994392395,0,0.0,0.0
2026-04-09 17:45:00+01:00,1.897379994392395,1.8978300094604492,1.8966000080108643,1.8973100185394287,0,0.0,0.0
2026-04-09 18:00:00+01:00,1.8971600532531738,1.897979974746704,1.8971600532531738,1.8977199792861938,0,0.0,0.0
2026-04-09 18:15:00+01:00,1.8977400064468384,1.8978500366210938,1.8966000080108643,1.8966100215911865,0,0.0,0.0
2026-04-09 18:30:00+01:00,1.8966200351715088,1.8972100019454956,1.8965599536895752,1.8970400094985962,0,0.0,0.0
2026-04-09 18:45:00+01:00,1.8970799446105957,1.8973499536514282,1.89683997631073,1.897089958190918,0,0.0,0.0
2026-04-09 19:00:00+01:00,1.897089958190918,1.8985999822616577,1.8970400094985962,1.8978999853134155,0,0.0,0.0
2026-04-09 19:15:00+01:00,1.8979500532150269,1.8983399868011475,1.897570013999939,1.898069977760315,0,0.0,0.0
2026-04-09 19:30:00+01:00,1.8980300426483154,1.8987200260162354,1.8974900245666504,1.8977899551391602,0,0.0,0.0
2026-04-09 19:45:00+01:00,1.8977899551391602,1.8982199430465698,1.8974499702453613,1.8977299928665161,0,0.0,0.0
2026-04-09 20:00:00+01:00,1.8977199792861938,1.897760033607483,1.8971500396728516,1.897379994392395,0,0.0,0.0
2026-04-09 20:15:00+01:00,1.897379994392395,1.897860050201416,1.8970199823379517,1.8974599838256836,0,0.0,0.0
2026-04-09 20:30:00+01:00,1.8975199460983276,1.8977199792861938,1.8970099687576294,1.8970799446105957,0,0.0,0.0
2026-04-09 20:45:00+01:00,1.897029995918274,1.8972200155258179,1.8961100578308105,1.8962600231170654,0,0.0,0.0
2026-04-09 21:00:00+01:00,1.8962199687957764,1.89683997631073,1.8959200382232666,1.896530032157898,0,0.0,0.0
2026-04-09 21:15:00+01:00,1.8964600563049316,1.8968000411987305,1.8959599733352661,1.8963500261306763,0,0.0,0.0
2026-04-09 21:30:00+01:00,1.8961000442504883,1.8964099884033203,1.8959200382232666,1.8960200548171997,0,0.0,0.0
2026-04-09 21:45:00+01:00,1.8960000276565552,1.896880030632019,1.8957200050354004,1.8957200050354004,0,0.0,0.0
2026-04-09 22:00:00+01:00,1.8958499431610107,1.8985300064086914,1.894860029220581,1.8958200216293335,0,0.0,0.0
2026-04-09 22:15:00+01:00,1.8952100276947021,1.8971699476242065,1.8938299417495728,1.895740032196045,0,0.0,0.0
2026-04-09 22:30:00+01:00,1.8938299417495728,1.8980599641799927,1.8938299417495728,1.8954099416732788,0,0.0,0.0
2026-04-09 22:45:00+01:00,1.896690011024475,1.897279977798462,1.893839955329895,1.8957799673080444,0,0.0,0.0
2026-04-09 23:00:00+01:00,1.895740032196045,1.8967100381851196,1.8935699462890625,1.8965599536895752,0,0.0,0.0
2026-04-09 23:15:00+01:00,1.896049976348877,1.8972100019454956,1.895990014076233,1.8964200019836426,0,0.0,0.0
2026-04-09 23:30:00+01:00,1.8969500064849854,1.8971999883651733,1.8958799839019775,1.8961999416351318,0,0.0,0.0
2026-04-09 23:45:00+01:00,1.8965699672698975,1.8967000246047974,1.8957699537277222,1.8961100578308105,0,0.0,0.0
2026-04-10 00:00:00+01:00,1.896440029144287,1.896939992904663,1.8960299491882324,1.8966200351715088,0,0.0,0.0
2026-04-10 00:15:00+01:00,1.8967499732971191,1.8976000547409058,1.8965400457382202,1.897379994392395,0,0.0,0.0
2026-04-10 00:30:00+01:00,1.897379994392395,1.89792001247406,1.8970799446105957,1.8975499868392944,0,0.0,0.0
2026-04-10 00:45:00+01:00,1.8975499868392944,1.898169994354248,1.8972899913787842,1.8980499505996704,0,0.0,0.0
2026-04-10 01:00:00+01:00,1.89792001247406,1.8983299732208252,1.8975000381469727,1.898110032081604,0,0.0,0.0
2026-04-10 01:15:00+01:00,1.898169994354248,1.8984299898147583,1.897629976272583,1.898069977760315,0,0.0,0.0
2026-04-10 01:30:00+01:00,1.898010015487671,1.8983999490737915,1.8972100019454956,1.8978300094604492,0,0.0,0.0
2026-04-10 01:45:00+01:00,1.8978300094604492,1.8978500366210938,1.8970600366592407,1.8973100185394287,0,0.0,0.0
2026-04-10 02:00:00+01:00,1.8973300457000732,1.8976800441741943,1.8969199657440186,1.8974599838256836,0,0.0,0.0
2026-04-10 02:15:00+01:00,1.8973699808120728,1.8977400064468384,1.8967599868774414,1.8967900276184082,0,0.0,0.0
2026-04-10 02:30:00+01:00,1.8967900276184082,1.8971799612045288,1.895900011062622,1.8961800336837769,0,0.0,0.0
2026-04-10 02:45:00+01:00,1.8961800336837769,1.897879958152771,1.8958899974822998,1.897670030593872,0,0.0,0.0
2026-04-10 03:00:00+01:00,1.8976600170135498,1.898069977760315,1.8968000411987305,1.8980400562286377,0,0.0,0.0
2026-04-10 03:15:00+01:00,1.8979599475860596,1.898710012435913,1.8976199626922607,1.8983399868011475,0,0.0,0.0
2026-04-10 03:30:00+01:00,1.8983399868011475,1.8988200426101685,1.8981800079345703,1.8983999490737915,0,0.0,0.0
2026-04-10 03:45:00+01:00,1.8983900547027588,1.899090051651001,1.898210048675537,1.898900032043457,0,0.0,0.0
2026-04-10 04:00:00+01:00,1.8990099430084229,1.8994100093841553,1.8985099792480469,1.8993200063705444,0,0.0,0.0
2026-04-10 04:15:00+01:00,1.8992999792099,1.8994499444961548,1.8982399702072144,1.898650050163269,0,0.0,0.0
2026-04-10 04:30:00+01:00,1.8986400365829468,1.8991299867630005,1.8983700275421143,1.8990000486373901,0,0.0,0.0
2026-04-10 04:45:00+01:00,1.8990000486373901,1.8991800546646118,1.8982399702072144,1.8988800048828125,0,0.0,0.0
2026-04-10 05:00:00+01:00,1.8987499475479126,1.8991299867630005,1.8984299898147583,1.898959994316101,0,0.0,0.0
2026-04-10 05:15:00+01:00,1.8989499807357788,1.8994899988174438,1.8988399505615234,1.8993200063705444,0,0.0,0.0
2026-04-10 05:30:00+01:00,1.8993699550628662,1.8996800184249878,1.8990199565887451,1.8996299505233765,0,0.0,0.0
2026-04-10 05:45:00+01:00,1.8995399475097656,1.8996399641036987,1.8986400365829468,1.899090051651001,0,0.0,0.0
2026-04-10 06:00:00+01:00,1.8989700078964233,1.899459958076477,1.898859977722168,1.8989800214767456,0,0.0,0.0
2026-04-10 06:15:00+01:00,1.8989800214767456,1.8989800214767456,1.8981399536132812,1.898419976234436,0,0.0,0.0
2026-04-10 06:30:00+01:00,1.8982399702072144,1.898550033569336,1.8978999853134155,1.898550033569336,0,0.0,0.0
2026-04-10 06:45:00+01:00,1.8984800577163696,1.8985400199890137,1.8974599838256836,1.8977899551391602,0,0.0,0.0
2026-04-10 07:00:00+01:00,1.8977899551391602,1.8991700410842896,1.8975900411605835,1.899049997329712,0,0.0,0.0
2026-04-10 07:15:00+01:00,1.898900032043457,1.8992600440979004,1.8985999822616577,1.8988800048828125,0,0.0,0.0
2026-04-10 07:30:00+01:00,1.8990000486373901,1.8998500108718872,1.898859977722168,1.8994699716567993,0,0.0,0.0
2026-04-10 07:45:00+01:00,1.8994699716567993,1.900339961051941,1.899359941482544,1.8994799852371216,0,0.0,0.0
2026-04-10 08:00:00+01:00,1.8995699882507324,1.9012800455093384,1.8994799852371216,1.8997900485992432,0,0.0,0.0
2026-04-10 08:15:00+01:00,1.8998600244522095,1.9010100364685059,1.8992700576782227,1.9008300304412842,0,0.0,0.0
2026-04-10 08:30:00+01:00,1.9008599519729614,1.901170015335083,1.900320053100586,1.9007999897003174,0,0.0,0.0
2026-04-10 08:45:00+01:00,1.900689959526062,1.9015699625015259,1.9006400108337402,1.90106999874115,0,0.0,0.0
2026-04-10 09:00:00+01:00,1.9009000062942505,1.9014699459075928,1.9003100395202637,1.9005199670791626,0,0.0,0.0
2026-04-10 09:15:00+01:00,1.900589942932129,1.9009699821472168,1.9000600576400757,1.9002200365066528,0,0.0,0.0
2026-04-10 09:30:00+01:00,1.9002000093460083,1.9007899761199951,1.8999600410461426,1.9003100395202637,0,0.0,0.0
2026-04-10 09:45:00+01:00,1.9002100229263306,1.901419997215271,1.8999199867248535,1.9013500213623047,0,0.0,0.0
2026-04-10 10:00:00+01:00,1.9012999534606934,1.9015300273895264,1.900570034980774,1.9008599519729614,0,0.0,0.0
2026-04-10 10:15:00+01:00,1.9008500576019287,1.9012500047683716,1.8996200561523438,1.9007999897003174,0,0.0,0.0
2026-04-10 10:30:00+01:00,1.9007099866867065,1.90201997756958,1.9005399942398071,1.9014999866485596,0,0.0,0.0
2026-04-10 10:45:00+01:00,1.901479959487915,1.9019900560379028,1.9010200500488281,1.9011399745941162,0,0.0,0.0
2026-04-10 11:00:00+01:00,1.9011399745941162,1.9023799896240234,1.9010100364685059,1.9017900228500366,0,0.0,0.0
2026-04-10 11:15:00+01:00,1.9018800258636475,1.9024499654769897,1.901379942893982,1.901960015296936,0,0.0,0.0
2026-04-10 11:30:00+01:00,1.901960015296936,1.9023499488830566,1.9011900424957275,1.9016900062561035,0,0.0,0.0
2026-04-10 11:45:00+01:00,1.9016900062561035,1.9019800424575806,1.9008599519729614,1.9010000228881836,0,0.0,0.0
2026-04-10 12:00:00+01:00,1.9008400440216064,1.9016799926757812,1.9004900455474854,1.9016300439834595,0,0.0,0.0
2026-04-10 12:15:00+01:00,1.9016000032424927,1.9018100500106812,1.9005399942398071,1.9010000228881836,0,0.0,0.0
2026-04-10 12:30:00+01:00,1.9010100364685059,1.901710033416748,1.9007400274276733,1.901319980621338,0,0.0,0.0
2026-04-10 12:45:00+01:00,1.9013999700546265,1.9015400409698486,1.9008300304412842,1.9010599851608276,0,0.0,0.0
2026-04-10 13:00:00+01:00,1.9010100364685059,1.90146005153656,1.9006999731063843,1.9012800455093384,0,0.0,0.0
2026-04-10 13:15:00+01:00,1.9012800455093384,1.9015899896621704,1.9006099700927734,1.901520013809204,0,0.0,0.0
2026-04-10 13:30:00+01:00,1.9011199474334717,1.9031699895858765,1.8997199535369873,1.9015400409698486,0,0.0,0.0
2026-04-10 13:45:00+01:00,1.901520013809204,1.9019700288772583,1.9010299444198608,1.9017200469970703,0,0.0,0.0
2026-04-10 14:00:00+01:00,1.9017900228500366,1.9020700454711914,1.9011800289154053,1.9012900590896606,0,0.0,0.0
2026-04-10 14:15:00+01:00,1.9013899564743042,1.9016000032424927,1.9004600048065186,1.901379942893982,0,0.0,0.0
2026-04-10 14:30:00+01:00,1.9014500379562378,1.9019900560379028,1.9006500244140625,1.901919960975647,0,0.0,0.0
2026-04-10 14:45:00+01:00,1.9019099473953247,1.902459979057312,1.9012199640274048,1.9012999534606934,0,0.0,0.0
2026-04-10 15:00:00+01:00,1.9017399549484253,1.9025299549102783,1.9010599851608276,1.9011000394821167,0,0.0,0.0
2026-04-10 15:15:00+01:00,1.9012700319290161,1.9012700319290161,1.8997700214385986,1.900189995765686,0,0.0,0.0
2026-04-10 15:30:00+01:00,1.9001799821853638,1.9007899761199951,1.899399995803833,1.89969003200531,0,0.0,0.0
2026-04-10 15:45:00+01:00,1.8997000455856323,1.9006600379943848,1.8988800048828125,1.9002399444580078,0,0.0,0.0
2026-04-10 16:00:00+01:00,1.9003000259399414,1.901769995689392,1.9001100063323975,1.9013400077819824,0,0.0,0.0
2026-04-10 16:15:00+01:00,1.901419997215271,1.902250051498413,1.9009599685668945,1.9019800424575806,0,0.0,0.0
2026-04-10 16:30:00+01:00,1.9019700288772583,1.9024100303649902,1.9016300439834595,1.9021600484848022,0,0.0,0.0
2026-04-10 16:45:00+01:00,1.9020299911499023,1.902250051498413,1.9015300273895264,1.9015300273895264,0,0.0,0.0
2026-04-10 17:00:00+01:00,1.9016499519348145,1.9024800062179565,1.9015400409698486,1.9021600484848022,0,0.0,0.0
2026-04-10 17:15:00+01:00,1.902169942855835,1.9027400016784668,1.901859998703003,1.902690052986145,0,0.0,0.0
2026-04-10 17:30:00+01:00,1.9026399850845337,1.903540015220642,1.9024300575256348,1.9034299850463867,0,0.0,0.0
2026-04-10 17:45:00+01:00,1.903439998626709,1.903480052947998,1.9021600484848022,1.9028500318527222,0,0.0,0.0
2026-04-10 18:00:00+01:00,1.9028300046920776,1.9035700559616089,1.9026800394058228,1.9029300212860107,0,0.0,0.0
2026-04-10 18:15:00+01:00,1.9029300212860107,1.9033000469207764,1.902609944343567,1.9031399488449097,0,0.0,0.0
2026-04-10 18:30:00+01:00,1.9031399488449097,1.90339994430542,1.9024399518966675,1.902590036392212,0,0.0,0.0
2026-04-10 18:45:00+01:00,1.9026000499725342,1.9027800559997559,1.901919960975647,1.9023200273513794,0,0.0,0.0
2026-04-10 19:00:00+01:00,1.9022200107574463,1.9029699563980103,1.9021600484848022,1.9023499488830566,0,0.0,0.0
2026-04-10 19:15:00+01:00,1.9023100137710571,1.902609944343567,1.9019399881362915,1.9022899866104126,0,0.0,0.0
2026-04-10 19:30:00+01:00,1.9021999835968018,1.9025499820709229,1.9019900560379028,1.9024699926376343,0,0.0,0.0
2026-04-10 19:45:00+01:00,1.902459979057312,1.9027600288391113,1.902250051498413,1.9026199579238892,0,0.0,0.0
2026-04-10 20:00:00+01:00,1.9025399684906006,1.9029799699783325,1.9024200439453125,1.9026600122451782,0,0.0,0.0
2026-04-10 20:15:00+01:00,1.9026000499725342,1.902940034866333,1.9025599956512451,1.9027299880981445,0,0.0,0.0
2026-04-10 20:30:00+01:00,1.9026800394058228,1.9029500484466553,1.902500033378601,1.9026700258255005,0,0.0,0.0
2026-04-10 20:45:00+01:00,1.9026800394058228,1.9031200408935547,1.902519941329956,1.9030400514602661,0,0.0,0.0
2026-04-10 21:00:00+01:00,1.903059959411621,1.9032200574874878,1.9025499820709229,1.9028799533843994,0,0.0,0.0
2026-04-10 21:15:00+01:00,1.9028300046920776,1.9033199548721313,1.9025599956512451,1.9030100107192993,0,0.0,0.0
2026-04-10 21:30:00+01:00,1.9029200077056885,1.9031000137329102,1.9024699926376343,1.9028700590133667,0,0.0,0.0
2026-04-10 21:45:00+01:00,1.9027999639511108,1.90693998336792,1.9016300439834595,1.904039978981018,0,0.0,0.0
2026-04-10 22:00:00+01:00,1.906209945678711,1.906209945678711,1.906209945678711,1.906209945678711,0,0.0,0.0
2026-04-10 22:15:00+01:00,1.906209945678711,1.906209945678711,1.906209945678711,1.906209945678711,0,0.0,0.0
2026-04-13 00:00:00+01:00,1.9076999425888062,1.9086400270462036,1.9073400497436523,1.9077999591827393,0,0.0,0.0
2026-04-13 00:15:00+01:00,1.9078199863433838,1.9083199501037598,1.9071600437164307,1.9080100059509277,0,0.0,0.0
2026-04-13 00:30:00+01:00,1.908120036125183,1.9085899591445923,1.907539963722229,1.9079699516296387,0,0.0,0.0
2026-04-13 00:45:00+01:00,1.9081300497055054,1.9083600044250488,1.907170057296753,1.9080300331115723,0,0.0,0.0
2026-04-13 01:00:00+01:00,1.9078500270843506,1.9081599712371826,1.9068599939346313,1.9071099758148193,0,0.0,0.0
2026-04-13 01:15:00+01:00,1.9069600105285645,1.9072400331497192,1.905869960784912,1.9061100482940674,0,0.0,0.0
2026-04-13 01:30:00+01:00,1.906209945678711,1.906209945678711,1.9049999713897705,1.9060300588607788,0,0.0,0.0
2026-04-13 01:45:00+01:00,1.9060200452804565,1.9060499668121338,1.905060052871704,1.9052799940109253,0,0.0,0.0
2026-04-13 02:00:00+01:00,1.9053599834442139,1.9054299592971802,1.9036500453948975,1.9048500061035156,0,0.0,0.0
2026-04-13 02:15:00+01:00,1.9048399925231934,1.9056899547576904,1.904729962348938,1.9051100015640259,0,0.0,0.0
2026-04-13 02:30:00+01:00,1.9051100015640259,1.906209945678711,1.904860019683838,1.9060499668121338,0,0.0,0.0
2026-04-13 02:45:00+01:00,1.9060499668121338,1.9064600467681885,1.9052000045776367,1.9054900407791138,0,0.0,0.0
2026-04-13 03:00:00+01:00,1.9054399728775024,1.9058500528335571,1.9046399593353271,1.9047399759292603,0,0.0,0.0
2026-04-13 03:15:00+01:00,1.9047399759292603,1.9051400423049927,1.9043300151824951,1.9046399593353271,0,0.0,0.0
2026-04-13 03:30:00+01:00,1.9046399593353271,1.9050999879837036,1.9043400287628174,1.9047900438308716,0,0.0,0.0
2026-04-13 03:45:00+01:00,1.9047900438308716,1.906000018119812,1.9046000242233276,1.904729962348938,0,0.0,0.0
2026-04-13 04:00:00+01:00,1.904710054397583,1.905419945716858,1.9041199684143066,1.9053599834442139,0,0.0,0.0
2026-04-13 04:15:00+01:00,1.9053900241851807,1.905419945716858,1.90461003780365,1.904670000076294,0,0.0,0.0
2026-04-13 04:30:00+01:00,1.904770016670227,1.9054900407791138,1.9044899940490723,1.9048099517822266,0,0.0,0.0
2026-04-13 04:45:00+01:00,1.904670000076294,1.9053599834442139,1.903980016708374,1.9044500589370728,0,0.0,0.0
2026-04-13 05:00:00+01:00,1.9042999744415283,1.9048800468444824,1.9041099548339844,1.904579997062683,0,0.0,0.0
2026-04-13 05:15:00+01:00,1.9044100046157837,1.9048500061035156,1.9041999578475952,1.9043400287628174,0,0.0,0.0
2026-04-13 05:30:00+01:00,1.904270052909851,1.904420018196106,1.9037100076675415,1.903980016708374,0,0.0,0.0
2026-04-13 05:45:00+01:00,1.903980016708374,1.9050699472427368,1.9036200046539307,1.9049400091171265,0,0.0,0.0
2026-04-13 06:00:00+01:00,1.9048099517822266,1.9052300453186035,1.904420018196106,1.9046299457550049,0,0.0,0.0
2026-04-13 06:15:00+01:00,1.9044899940490723,1.9048399925231934,1.9038300514221191,1.903980016708374,0,0.0,0.0
2026-04-13 06:30:00+01:00,1.903980016708374,1.9045100212097168,1.9033299684524536,1.904229998588562,0,0.0,0.0
2026-04-13 06:45:00+01:00,1.9043300151824951,1.9044599533081055,1.9034899473190308,1.9042799472808838,0,0.0,0.0
2026-04-13 07:00:00+01:00,1.9042199850082397,1.904729962348938,1.9039100408554077,1.904520034790039,0,0.0,0.0
2026-04-13 07:15:00+01:00,1.9045900106430054,1.904710054397583,1.904039978981018,1.9041199684143066,0,0.0,0.0
2026-04-13 07:30:00+01:00,1.9040900468826294,1.9046800136566162,1.9034099578857422,1.9039499759674072,0,0.0,0.0
2026-04-13 07:45:00+01:00,1.9038900136947632,1.9040900468826294,1.9031800031661987,1.9035999774932861,0,0.0,0.0
2026-04-13 08:00:00+01:00,1.9036799669265747,1.903749942779541,1.9024399518966675,1.9031599760055542,0,0.0,0.0
2026-04-13 08:15:00+01:00,1.9030699729919434,1.903540015220642,1.9024800062179565,1.9029500484466553,0,0.0,0.0
2026-04-13 08:30:00+01:00,1.903059959411621,1.9033700227737427,1.901900053024292,1.9032700061798096,0,0.0,0.0
2026-04-13 08:45:00+01:00,1.9032700061798096,1.904099941253662,1.9031200408935547,1.9033700227737427,0,0.0,0.0
2026-04-13 09:00:00+01:00,1.90339994430542,1.903749942779541,1.9029799699783325,1.903309941291809,0,0.0,0.0
2026-04-13 09:15:00+01:00,1.9033199548721313,1.903480052947998,1.9027600288391113,1.9032200574874878,0,0.0,0.0
2026-04-13 09:30:00+01:00,1.9032100439071655,1.9039100408554077,1.9026800394058228,1.90378999710083,0,0.0,0.0
2026-04-13 09:45:00+01:00,1.9036999940872192,1.9040000438690186,1.9030699729919434,1.903880000114441,0,0.0,0.0
2026-04-13 10:00:00+01:00,1.903880000114441,1.9054299592971802,1.9036500453948975,1.9051100015640259,0,0.0,0.0
2026-04-13 10:15:00+01:00,1.9050400257110596,1.9056600332260132,1.9043999910354614,1.9051100015640259,0,0.0,0.0
2026-04-13 10:30:00+01:00,1.9051599502563477,1.9058200120925903,1.9047199487686157,1.905419945716858,0,0.0,0.0
2026-04-13 10:45:00+01:00,1.9052900075912476,1.905940055847168,1.9050899744033813,1.905650019645691,0,0.0,0.0
2026-04-13 11:00:00+01:00,1.9055800437927246,1.9057199954986572,1.9047399759292603,1.9050999879837036,0,0.0,0.0
2026-04-13 11:15:00+01:00,1.9051599502563477,1.9055099487304688,1.9048500061035156,1.9049299955368042,0,0.0,0.0
2026-04-13 11:30:00+01:00,1.9049299955368042,1.9053900241851807,1.904710054397583,1.9051799774169922,0,0.0,0.0
2026-04-13 11:45:00+01:00,1.905150055885315,1.905809998512268,1.9049400091171265,1.9055299758911133,0,0.0,0.0
2026-04-13 12:00:00+01:00,1.9055999517440796,1.9057199954986572,1.904670000076294,1.9052400588989258,0,0.0,0.0
2026-04-13 12:15:00+01:00,1.9052400588989258,1.907099962234497,1.9050500392913818,1.9070299863815308,0,0.0,0.0
2026-04-13 12:30:00+01:00,1.9069199562072754,1.908270001411438,1.9062800407409668,1.9074300527572632,0,0.0,0.0
2026-04-13 12:45:00+01:00,1.9075599908828735,1.90802001953125,1.9067399501800537,1.9071999788284302,0,0.0,0.0
2026-04-13 13:00:00+01:00,1.9072999954223633,1.9086500406265259,1.9071099758148193,1.9075599908828735,0,0.0,0.0
2026-04-13 13:15:00+01:00,1.9075499773025513,1.9080699682235718,1.9072200059890747,1.9078999757766724,0,0.0,0.0
2026-04-13 13:30:00+01:00,1.907960057258606,1.909500002861023,1.9078400135040283,1.9088799953460693,0,0.0,0.0
2026-04-13 13:45:00+01:00,1.9088799953460693,1.9090100526809692,1.9071500301361084,1.9073400497436523,0,0.0,0.0
2026-04-13 14:00:00+01:00,1.9073899984359741,1.9075100421905518,1.9062199592590332,1.9065200090408325,0,0.0,0.0
2026-04-13 14:15:00+01:00,1.9065200090408325,1.9089200496673584,1.9065200090408325,1.9086999893188477,0,0.0,0.0
2026-04-13 14:30:00+01:00,1.9088300466537476,1.9090900421142578,1.9075499773025513,1.9079899787902832,0,0.0,0.0
2026-04-13 14:45:00+01:00,1.908079981803894,1.9081699848175049,1.905809998512268,1.906000018119812,0,0.0,0.0
2026-04-13 15:00:00+01:00,1.9059100151062012,1.9064099788665771,1.9047199487686157,1.9054100513458252,0,0.0,0.0
2026-04-13 15:15:00+01:00,1.9054100513458252,1.9060300588607788,1.9046200513839722,1.9048500061035156,0,0.0,0.0
2026-04-13 15:30:00+01:00,1.9048999547958374,1.9054399728775024,1.904539942741394,1.904829978942871,0,0.0,0.0
2026-04-13 15:45:00+01:00,1.9048199653625488,1.9054299592971802,1.9040100574493408,1.905150055885315,0,0.0,0.0
2026-04-13 16:00:00+01:00,1.9051599502563477,1.905709981918335,1.9046399593353271,1.9053800106048584,0,0.0,0.0
2026-04-13 16:15:00+01:00,1.9053000211715698,1.905769944190979,1.9048700332641602,1.9056700468063354,0,0.0,0.0
2026-04-13 16:30:00+01:00,1.9057300090789795,1.906059980392456,1.904770016670227,1.9052799940109253,0,0.0,0.0
2026-04-13 16:45:00+01:00,1.9053800106048584,1.9060800075531006,1.9052200317382812,1.9055700302124023,0,0.0,0.0
2026-04-13 17:00:00+01:00,1.9057199954986572,1.9063600301742554,1.9050999879837036,1.905900001525879,0,0.0,0.0
2026-04-13 17:15:00+01:00,1.9059799909591675,1.9059900045394897,1.90392005443573,1.9042400121688843,0,0.0,0.0
2026-04-13 17:30:00+01:00,1.9042400121688843,1.904579997062683,1.903439998626709,1.9038000106811523,0,0.0,0.0
2026-04-13 17:45:00+01:00,1.9039100408554077,1.9040800333023071,1.9025599956512451,1.9026700258255005,0,0.0,0.0
2026-04-13 18:00:00+01:00,1.902590036392212,1.9028400182724,1.9017000198364258,1.9019800424575806,0,0.0,0.0
2026-04-13 18:15:00+01:00,1.9019999504089355,1.9024699926376343,1.901669979095459,1.901960015296936,0,0.0,0.0
2026-04-13 18:30:00+01:00,1.90201997756958,1.9032599925994873,1.9017399549484253,1.9031599760055542,0,0.0,0.0
2026-04-13 18:45:00+01:00,1.903190016746521,1.9033299684524536,1.902500033378601,1.9027800559997559,0,0.0,0.0
2026-04-13 19:00:00+01:00,1.9026800394058228,1.902809977531433,1.9021199941635132,1.902359962463379,0,0.0,0.0
2026-04-13 19:15:00+01:00,1.9023699760437012,1.902649998664856,1.902250051498413,1.9024100303649902,0,0.0,0.0
2026-04-13 19:30:00+01:00,1.9024100303649902,1.9031100273132324,1.9024100303649902,1.902500033378601,0,0.0,0.0
2026-04-13 19:45:00+01:00,1.9025100469589233,1.9026299715042114,1.9016400575637817,1.902500033378601,0,0.0,0.0
2026-04-13 20:00:00+01:00,1.9025599956512451,1.9028799533843994,1.9019800424575806,1.9026600122451782,0,0.0,0.0
2026-04-13 20:15:00+01:00,1.9026000499725342,1.9029200077056885,1.902459979057312,1.9027099609375,0,0.0,0.0
2026-04-13 20:30:00+01:00,1.9026800394058228,1.903149962425232,1.9025100469589233,1.9029300212860107,0,0.0,0.0
2026-04-13 20:45:00+01:00,1.9030499458312988,1.9033299684524536,1.9025700092315674,1.9028400182724,0,0.0,0.0
2026-04-13 21:00:00+01:00,1.9029099941253662,1.903059959411621,1.902500033378601,1.9029200077056885,0,0.0,0.0
2026-04-13 21:15:00+01:00,1.9029799699783325,1.903090000152588,1.9026999473571777,1.9029799699783325,0,0.0,0.0
2026-04-13 21:30:00+01:00,1.9029099941253662,1.9030499458312988,1.9025700092315674,1.9028600454330444,0,0.0,0.0
2026-04-13 21:45:00+01:00,1.9027800559997559,1.9032599925994873,1.902209997177124,1.9028300046920776,0,0.0,0.0
2026-04-13 22:00:00+01:00,1.9026600122451782,1.9040800333023071,1.9011399745941162,1.9015599489212036,0,0.0,0.0
2026-04-13 22:15:00+01:00,1.9027199745178223,1.9035700559616089,1.900149941444397,1.9019399881362915,0,0.0,0.0
2026-04-13 22:30:00+01:00,1.900820016860962,1.9033499956130981,1.9005600214004517,1.9013899564743042,0,0.0,0.0
2026-04-13 22:45:00+01:00,1.9021799564361572,1.9034600257873535,1.901319980621338,1.901919960975647,0,0.0,0.0
2026-04-13 23:00:00+01:00,1.9017900228500366,1.903730034828186,1.901550054550171,1.9024699926376343,0,0.0,0.0
2026-04-13 23:15:00+01:00,1.9032299518585205,1.9035099744796753,1.9024699926376343,1.9029699563980103,0,0.0,0.0
2026-04-13 23:30:00+01:00,1.9027099609375,1.9031399488449097,1.9018700122833252,1.9026600122451782,0,0.0,0.0
2026-04-13 23:45:00+01:00,1.9024100303649902,1.9028400182724,1.9020800590515137,1.9024699926376343,0,0.0,0.0
2026-04-14 00:00:00+01:00,1.902459979057312,1.9030300378799438,1.9024100303649902,1.9027999639511108,0,0.0,0.0
2026-04-14 00:15:00+01:00,1.9027400016784668,1.903090000152588,1.902649998664856,1.9028600454330444,0,0.0,0.0
2026-04-14 00:30:00+01:00,1.902940034866333,1.9035199880599976,1.9028400182724,1.9034299850463867,0,0.0,0.0
2026-04-14 00:45:00+01:00,1.9032700061798096,1.9040100574493408,1.9032000303268433,1.9036400318145752,0,0.0,0.0
2026-04-14 01:00:00+01:00,1.9036400318145752,1.905150055885315,1.9036099910736084,1.904919981956482,0,0.0,0.0
2026-04-14 01:15:00+01:00,1.904919981956482,1.905400037765503,1.9045000076293945,1.9048800468444824,0,0.0,0.0
2026-04-14 01:30:00+01:00,1.9048399925231934,1.9062600135803223,1.9047900438308716,1.9061000347137451,0,0.0,0.0
2026-04-14 01:45:00+01:00,1.9061000347137451,1.9065099954605103,1.9057400226593018,1.9060699939727783,0,0.0,0.0
2026-04-14 02:00:00+01:00,1.9059499502182007,1.906440019607544,1.9055299758911133,1.9056099653244019,0,0.0,0.0
2026-04-14 02:15:00+01:00,1.905750036239624,1.9061700105667114,1.9054499864578247,1.9061299562454224,0,0.0,0.0
2026-04-14 02:30:00+01:00,1.9060900211334229,1.9070299863815308,1.9057400226593018,1.9068800210952759,0,0.0,0.0
2026-04-14 02:45:00+01:00,1.9070199728012085,1.9078099727630615,1.9066200256347656,1.9075900316238403,0,0.0,0.0
2026-04-14 03:00:00+01:00,1.9075900316238403,1.907979965209961,1.9070899486541748,1.9071999788284302,0,0.0,0.0
2026-04-14 03:15:00+01:00,1.9072599411010742,1.907480001449585,1.9064799547195435,1.9069499969482422,0,0.0,0.0
2026-04-14 03:30:00+01:00,1.9068200588226318,1.9072599411010742,1.9062299728393555,1.906559944152832,0,0.0,0.0
2026-04-14 03:45:00+01:00,1.906540036201477,1.9074699878692627,1.9063899517059326,1.9072500467300415,0,0.0,0.0
2026-04-14 04:00:00+01:00,1.9072500467300415,1.9074599742889404,1.9064300060272217,1.9066200256347656,0,0.0,0.0
2026-04-14 04:15:00+01:00,1.9065500497817993,1.9066200256347656,1.9058400392532349,1.9063400030136108,0,0.0,0.0
2026-04-14 04:30:00+01:00,1.906309962272644,1.907170057296753,1.90625,1.9069900512695312,0,0.0,0.0
2026-04-14 04:45:00+01:00,1.9069600105285645,1.9078400135040283,1.906849980354309,1.9077999591827393,0,0.0,0.0
2026-04-14 05:00:00+01:00,1.9077099561691284,1.907829999923706,1.9072500467300415,1.907480001449585,0,0.0,0.0
2026-04-14 05:15:00+01:00,1.9073899984359741,1.907789945602417,1.90625,1.9064899682998657,0,0.0,0.0
2026-04-14 05:30:00+01:00,1.906540036201477,1.9070099592208862,1.9062199592590332,1.9067100286483765,0,0.0,0.0
2026-04-14 05:45:00+01:00,1.906630039215088,1.9078999757766724,1.9064500331878662,1.9071199893951416,0,0.0,0.0
2026-04-14 06:00:00+01:00,1.9071199893951416,1.9082800149917603,1.9069700241088867,1.90802001953125,0,0.0,0.0
2026-04-14 06:15:00+01:00,1.9079400300979614,1.9087899923324585,1.907729983329773,1.9084899425506592,0,0.0,0.0
2026-04-14 06:30:00+01:00,1.9083600044250488,1.9087599515914917,1.907789945602417,1.9078400135040283,0,0.0,0.0
2026-04-14 06:45:00+01:00,1.9078500270843506,1.9087799787521362,1.9076499938964844,1.9086500406265259,0,0.0,0.0
2026-04-14 07:00:00+01:00,1.9086500406265259,1.9091600179672241,1.9082599878311157,1.9085700511932373,0,0.0,0.0
2026-04-14 07:15:00+01:00,1.9086500406265259,1.9090900421142578,1.9076299667358398,1.9076299667358398,0,0.0,0.0
2026-04-14 07:30:00+01:00,1.9076900482177734,1.9078700542449951,1.906559944152832,1.9071999788284302,0,0.0,0.0
2026-04-14 07:45:00+01:00,1.907170057296753,1.907439947128296,1.9061700105667114,1.906350016593933,0,0.0,0.0
2026-04-14 08:00:00+01:00,1.906350016593933,1.907170057296753,1.905419945716858,1.906730055809021,0,0.0,0.0
2026-04-14 08:15:00+01:00,1.9068000316619873,1.9070700407028198,1.9061000347137451,1.9069700241088867,0,0.0,0.0
2026-04-14 08:30:00+01:00,1.906980037689209,1.907289981842041,1.905400037765503,1.9070299863815308,0,0.0,0.0
2026-04-14 08:45:00+01:00,1.9070299863815308,1.907170057296753,1.906209945678711,1.9066599607467651,0,0.0,0.0
2026-04-14 09:00:00+01:00,1.9066100120544434,1.9072099924087524,1.9061399698257446,1.9062399864196777,0,0.0,0.0
2026-04-14 09:15:00+01:00,1.9062800407409668,1.906540036201477,1.9052000045776367,1.9052799940109253,0,0.0,0.0
2026-04-14 09:30:00+01:00,1.9052799940109253,1.906000018119812,1.9041099548339844,1.9051599502563477,0,0.0,0.0
2026-04-14 09:45:00+01:00,1.9052799940109253,1.9058599472045898,1.904710054397583,1.905460000038147,0,0.0,0.0
2026-04-14 10:00:00+01:00,1.905329942703247,1.9057999849319458,1.9047800302505493,1.9053399562835693,0,0.0,0.0
2026-04-14 10:15:00+01:00,1.905460000038147,1.9056600332260132,1.904270052909851,1.904919981956482,0,0.0,0.0
2026-04-14 10:30:00+01:00,1.904919981956482,1.9053800106048584,1.904129981994629,1.9042600393295288,0,0.0,0.0
2026-04-14 10:45:00+01:00,1.9042400121688843,1.905019998550415,1.9035199880599976,1.9035999774932861,0,0.0,0.0
2026-04-14 11:00:00+01:00,1.9036400318145752,1.9037599563598633,1.9023900032043457,1.9025599956512451,0,0.0,0.0
2026-04-14 11:15:00+01:00,1.9026199579238892,1.9040499925613403,1.902269959449768,1.9034500122070312,0,0.0,0.0
2026-04-14 11:30:00+01:00,1.9035999774932861,1.9039499759674072,1.9030400514602661,1.9035199880599976,0,0.0,0.0
2026-04-14 11:45:00+01:00,1.9033399820327759,1.9046800136566162,1.9029799699783325,1.904579997062683,0,0.0,0.0
2026-04-14 12:00:00+01:00,1.90447998046875,1.905269980430603,1.9041199684143066,1.9049500226974487,0,0.0,0.0
2026-04-14 12:15:00+01:00,1.9049500226974487,1.9051300287246704,1.90392005443573,1.9040800333023071,0,0.0,0.0
2026-04-14 12:30:00+01:00,1.9040800333023071,1.905709981918335,1.9040800333023071,1.904539942741394,0,0.0,0.0
2026-04-14 12:45:00+01:00,1.904420018196106,1.904829978942871,1.9034099578857422,1.904360055923462,0,0.0,0.0
2026-04-14 13:00:00+01:00,1.9043500423431396,1.9053800106048584,1.9038000106811523,1.9048399925231934,0,0.0,0.0
2026-04-14 13:15:00+01:00,1.9048999547958374,1.9064699411392212,1.9047600030899048,1.905769944190979,0,0.0,0.0
2026-04-14 13:30:00+01:00,1.905519962310791,1.9067699909210205,1.9046399593353271,1.9048899412155151,0,0.0,0.0
2026-04-14 13:45:00+01:00,1.9048899412155151,1.9051899909973145,1.9035600423812866,1.9038399457931519,0,0.0,0.0
2026-04-14 14:00:00+01:00,1.9037100076675415,1.9039299488067627,1.9026000499725342,1.9028300046920776,0,0.0,0.0
2026-04-14 14:15:00+01:00,1.9026700258255005,1.9028500318527222,1.901919960975647,1.9025700092315674,0,0.0,0.0
2026-04-14 14:30:00+01:00,1.9025700092315674,1.9032200574874878,1.9021199941635132,1.902809977531433,0,0.0,0.0
2026-04-14 14:45:00+01:00,1.902809977531433,1.9032700061798096,1.9023799896240234,1.9028700590133667,0,0.0,0.0
2026-04-14 15:00:00+01:00,1.9028400182724,1.9028899669647217,1.900730013847351,1.901039958000183,0,0.0,0.0
2026-04-14 15:15:00+01:00,1.9009000062942505,1.9013299942016602,1.9003599882125854,1.9007600545883179,0,0.0,0.0
2026-04-14 15:30:00+01:00,1.900629997253418,1.901479959487915,1.9004700183868408,1.9010100364685059,0,0.0,0.0
2026-04-14 15:45:00+01:00,1.9008500576019287,1.9024399518966675,1.9007699489593506,1.9022200107574463,0,0.0,0.0
2026-04-14 16:00:00+01:00,1.9022300243377686,1.902609944343567,1.9018299579620361,1.9020299911499023,0,0.0,0.0
2026-04-14 16:15:00+01:00,1.901919960975647,1.9025700092315674,1.9009599685668945,1.9011800289154053,0,0.0,0.0
2026-04-14 16:30:00+01:00,1.9013999700546265,1.9015100002288818,1.9007400274276733,1.9012000560760498,0,0.0,0.0
2026-04-14 16:45:00+01:00,1.9010499715805054,1.901919960975647,1.900879979133606,1.9015899896621704,0,0.0,0.0
2026-04-14 17:00:00+01:00,1.901610016822815,1.9022899866104126,1.9013999700546265,1.9019999504089355,0,0.0,0.0
2026-04-14 17:15:00+01:00,1.9019999504089355,1.9028500318527222,1.9018000364303589,1.9022200107574463,0,0.0,0.0
2026-04-14 17:30:00+01:00,1.9022200107574463,1.9027099609375,1.9019999504089355,1.9020500183105469,0,0.0,0.0
2026-04-14 17:45:00+01:00,1.902169942855835,1.903130054473877,1.9020099639892578,1.9028600454330444,0,0.0,0.0
2026-04-14 18:00:00+01:00,1.9030400514602661,1.903439998626709,1.902400016784668,1.9025499820709229,0,0.0,0.0
2026-04-14 18:15:00+01:00,1.9025299549102783,1.9027199745178223,1.9017599821090698,1.902169942855835,0,0.0,0.0
2026-04-14 18:30:00+01:00,1.9021799564361572,1.9022400379180908,1.9017599821090698,1.9020800590515137,0,0.0,0.0
2026-04-14 18:45:00+01:00,1.9020299911499023,1.9026700258255005,1.9019800424575806,1.9024800062179565,0,0.0,0.0
2026-04-14 19:00:00+01:00,1.9024699926376343,1.9028899669647217,1.9022300243377686,1.902750015258789,0,0.0,0.0
2026-04-14 19:15:00+01:00,1.9027400016784668,1.9038499593734741,1.9026399850845337,1.90339994430542,0,0.0,0.0
2026-04-14 19:30:00+01:00,1.9034700393676758,1.903480052947998,1.9026199579238892,1.902959942817688,0,0.0,0.0
2026-04-14 19:45:00+01:00,1.902959942817688,1.9032599925994873,1.9027199745178223,1.9030300378799438,0,0.0,0.0
2026-04-14 20:00:00+01:00,1.902899980545044,1.9032599925994873,1.9027800559997559,1.902899980545044,0,0.0,0.0
2026-04-14 20:15:00+01:00,1.902899980545044,1.903190016746521,1.9026299715042114,1.9028600454330444,0,0.0,0.0
2026-04-14 20:30:00+01:00,1.9028600454330444,1.9034899473190308,1.9027800559997559,1.903149962425232,0,0.0,0.0
2026-04-14 20:45:00+01:00,1.903149962425232,1.9033299684524536,1.9027999639511108,1.9029799699783325,0,0.0,0.0
2026-04-14 21:00:00+01:00,1.9031599760055542,1.903540015220642,1.9029500484466553,1.9033900499343872,0,0.0,0.0
2026-04-14 21:15:00+01:00,1.9033399820327759,1.9036999940872192,1.9032399654388428,1.9036200046539307,0,0.0,0.0
2026-04-14 21:30:00+01:00,1.9036099910736084,1.9038699865341187,1.9034299850463867,1.9036400318145752,0,0.0,0.0
2026-04-14 21:45:00+01:00,1.9035799503326416,1.9038900136947632,1.9024399518966675,1.902649998664856,0,0.0,0.0
2026-04-14 22:00:00+01:00,1.9038399457931519,1.90733003616333,1.9026000499725342,1.9031699895858765,0,0.0,0.0
2026-04-14 22:15:00+01:00,1.903880000114441,1.9054399728775024,1.9023100137710571,1.9035600423812866,0,0.0,0.0
2026-04-14 22:30:00+01:00,1.9031000137329102,1.905310034751892,1.9018800258636475,1.9018800258636475,0,0.0,0.0
2026-04-14 22:45:00+01:00,1.9018800258636475,1.9040600061416626,1.9015899896621704,1.902459979057312,0,0.0,0.0
2026-04-14 23:00:00+01:00,1.9029699563980103,1.9039499759674072,1.9020800590515137,1.9033399820327759,0,0.0,0.0
2026-04-14 23:15:00+01:00,1.90339994430542,1.9039299488067627,1.902500033378601,1.9035999774932861,0,0.0,0.0
2026-04-14 23:30:00+01:00,1.9030200242996216,1.9037400484085083,1.9028199911117554,1.9030699729919434,0,0.0,0.0
2026-04-14 23:45:00+01:00,1.9034199714660645,1.903730034828186,1.9029200077056885,1.903249979019165,0,0.0,0.0
2026-04-15 00:00:00+01:00,1.9031800031661987,1.9034500122070312,1.9028199911117554,1.9028899669647217,0,0.0,0.0
2026-04-15 00:15:00+01:00,1.9028899669647217,1.903499960899353,1.9027800559997559,1.903380036354065,0,0.0,0.0
2026-04-15 00:30:00+01:00,1.903499960899353,1.9039900302886963,1.903149962425232,1.9036799669265747,0,0.0,0.0
2026-04-15 00:45:00+01:00,1.9035300016403198,1.9044599533081055,1.9034600257873535,1.904129981994629,0,0.0,0.0
2026-04-15 01:00:00+01:00,1.9040100574493408,1.9045699834823608,1.90378999710083,1.904229998588562,0,0.0,0.0
2026-04-15 01:15:00+01:00,1.9043099880218506,1.9043999910354614,1.9035899639129639,1.9038200378417969,0,0.0,0.0
2026-04-15 01:30:00+01:00,1.9037599563598633,1.9045900106430054,1.9037599563598633,1.9042600393295288,0,0.0,0.0
2026-04-15 01:45:00+01:00,1.9041199684143066,1.9052400588989258,1.904039978981018,1.904710054397583,0,0.0,0.0
2026-04-15 02:00:00+01:00,1.904710054397583,1.9050999879837036,1.9041500091552734,1.9044899940490723,0,0.0,0.0
2026-04-15 02:15:00+01:00,1.9045000076293945,1.904770016670227,1.9039700031280518,1.9044599533081055,0,0.0,0.0
2026-04-15 02:30:00+01:00,1.9045599699020386,1.9048700332641602,1.9041199684143066,1.9044699668884277,0,0.0,0.0
2026-04-15 02:45:00+01:00,1.9043899774551392,1.9045499563217163,1.9035199880599976,1.9036200046539307,0,0.0,0.0
2026-04-15 03:00:00+01:00,1.9037799835205078,1.903939962387085,1.9028799533843994,1.9032200574874878,0,0.0,0.0
2026-04-15 03:15:00+01:00,1.9032200574874878,1.9034600257873535,1.902940034866333,1.9032100439071655,0,0.0,0.0
2026-04-15 03:30:00+01:00,1.9032200574874878,1.9034199714660645,1.9026399850845337,1.9030400514602661,0,0.0,0.0
2026-04-15 03:45:00+01:00,1.9029799699783325,1.9030699729919434,1.9015599489212036,1.901769995689392,0,0.0,0.0
2026-04-15 04:00:00+01:00,1.9016300439834595,1.9026000499725342,1.9016000032424927,1.9024100303649902,0,0.0,0.0
2026-04-15 04:15:00+01:00,1.9023100137710571,1.902609944343567,1.9017599821090698,1.901859998703003,0,0.0,0.0
2026-04-15 04:30:00+01:00,1.9018800258636475,1.9025299549102783,1.901669979095459,1.9024300575256348,0,0.0,0.0
2026-04-15 04:45:00+01:00,1.9024399518966675,1.9025299549102783,1.901710033416748,1.902359962463379,0,0.0,0.0
2026-04-15 05:00:00+01:00,1.9023499488830566,1.9024800062179565,1.9016300439834595,1.9020099639892578,0,0.0,0.0
2026-04-15 05:15:00+01:00,1.901919960975647,1.9022300243377686,1.901610016822815,1.9017900228500366,0,0.0,0.0
2026-04-15 05:30:00+01:00,1.9017800092697144,1.9023799896240234,1.901550054550171,1.9020099639892578,0,0.0,0.0
2026-04-15 05:45:00+01:00,1.9019500017166138,1.902250051498413,1.9017900228500366,1.9019700288772583,0,0.0,0.0
2026-04-15 06:00:00+01:00,1.9020299911499023,1.9020500183105469,1.9005500078201294,1.9005500078201294,0,0.0,0.0
2026-04-15 06:15:00+01:00,1.9005800485610962,1.9011600017547607,1.9001599550247192,1.90024995803833,0,0.0,0.0
2026-04-15 06:30:00+01:00,1.9002399444580078,1.9012600183486938,1.8999600410461426,1.9005099534988403,0,0.0,0.0
2026-04-15 06:45:00+01:00,1.9005099534988403,1.901110053062439,1.9002399444580078,1.9004700183868408,0,0.0,0.0
2026-04-15 07:00:00+01:00,1.900339961051941,1.9007600545883179,1.8996700048446655,1.9003299474716187,0,0.0,0.0
2026-04-15 07:15:00+01:00,1.9003499746322632,1.9007099866867065,1.8997700214385986,1.9000200033187866,0,0.0,0.0
2026-04-15 07:30:00+01:00,1.8999500274658203,1.900339961051941,1.8991800546646118,1.8994699716567993,0,0.0,0.0
2026-04-15 07:45:00+01:00,1.8993699550628662,1.899899959564209,1.8986799716949463,1.899899959564209,0,0.0,0.0
2026-04-15 08:00:00+01:00,1.8998199701309204,1.900230050086975,1.8990199565887451,1.8994100093841553,0,0.0,0.0
2026-04-15 08:15:00+01:00,1.8994100093841553,1.8997900485992432,1.8982700109481812,1.8984500169754028,0,0.0,0.0
2026-04-15 08:30:00+01:00,1.8985199928283691,1.89860999584198,1.8971400260925293,1.8974699974060059,0,0.0,0.0
2026-04-15 08:45:00+01:00,1.8974699974060059,1.8989100456237793,1.8973599672317505,1.898319959640503,0,0.0,0.0
2026-04-15 09:00:00+01:00,1.8983299732208252,1.8986599445343018,1.897779941558838,1.8981900215148926,0,0.0,0.0
2026-04-15 09:15:00+01:00,1.8981900215148926,1.898569941520691,1.8976900577545166,1.8981399536132812,0,0.0,0.0
2026-04-15 09:30:00+01:00,1.898069977760315,1.8985899686813354,1.897760033607483,1.8984400033950806,0,0.0,0.0
2026-04-15 09:45:00+01:00,1.898300051689148,1.8988499641418457,1.8981499671936035,1.898650050163269,0,0.0,0.0
2026-04-15 10:00:00+01:00,1.8984500169754028,1.8997299671173096,1.8982199430465698,1.8987300395965576,0,0.0,0.0
2026-04-15 10:15:00+01:00,1.8987300395965576,1.8990099430084229,1.8978999853134155,1.8987900018692017,0,0.0,0.0
2026-04-15 10:30:00+01:00,1.898800015449524,1.8997199535369873,1.8981499671936035,1.8983500003814697,0,0.0,0.0
2026-04-15 10:45:00+01:00,1.898360013961792,1.8985300064086914,1.8974599838256836,1.8977099657058716,0,0.0,0.0
2026-04-15 11:00:00+01:00,1.8976399898529053,1.897879958152771,1.8967900276184082,1.8972500562667847,0,0.0,0.0
2026-04-15 11:15:00+01:00,1.8972500562667847,1.8997900485992432,1.8969600200653076,1.8993099927902222,0,0.0,0.0
2026-04-15 11:30:00+01:00,1.8993500471115112,1.8994300365447998,1.8970600366592407,1.8978099822998047,0,0.0,0.0
2026-04-15 11:45:00+01:00,1.8979099988937378,1.8988699913024902,1.897320032119751,1.8978899717330933,0,0.0,0.0
2026-04-15 12:00:00+01:00,1.8979099988937378,1.8984099626541138,1.897320032119751,1.8980200290679932,0,0.0,0.0
2026-04-15 12:15:00+01:00,1.8981300592422485,1.8985300064086914,1.897670030593872,1.8978699445724487,0,0.0,0.0
2026-04-15 12:30:00+01:00,1.8978699445724487,1.898169994354248,1.8970999717712402,1.8977999687194824,0,0.0,0.0
2026-04-15 12:45:00+01:00,1.8977199792861938,1.898569941520691,1.8969000577926636,1.8981399536132812,0,0.0,0.0
2026-04-15 13:00:00+01:00,1.898069977760315,1.8989499807357788,1.8978300094604492,1.8984700441360474,0,0.0,0.0
2026-04-15 13:15:00+01:00,1.8984800577163696,1.899109959602356,1.898319959640503,1.8984899520874023,0,0.0,0.0
2026-04-15 13:30:00+01:00,1.8985600471496582,1.8987400531768799,1.8979500532150269,1.8981000185012817,0,0.0,0.0
2026-04-15 13:45:00+01:00,1.8980599641799927,1.8987799882888794,1.89792001247406,1.8986599445343018,0,0.0,0.0
2026-04-15 14:00:00+01:00,1.8986599445343018,1.8987400531768799,1.8978400230407715,1.8983500003814697,0,0.0,0.0
2026-04-15 14:15:00+01:00,1.8983500003814697,1.8988100290298462,1.8971600532531738,1.897629976272583,0,0.0,0.0
2026-04-15 14:30:00+01:00,1.8976000547409058,1.8985600471496582,1.8973900079727173,1.8983500003814697,0,0.0,0.0
2026-04-15 14:45:00+01:00,1.8982499837875366,1.898460030555725,1.8969600200653076,1.8972699642181396,0,0.0,0.0
2026-04-15 15:00:00+01:00,1.8971199989318848,1.897320032119751,1.8961700201034546,1.8969099521636963,0,0.0,0.0
2026-04-15 15:15:00+01:00,1.8969600200653076,1.8971500396728516,1.895359992980957,1.8953900337219238,0,0.0,0.0
2026-04-15 15:30:00+01:00,1.8952499628067017,1.8967700004577637,1.8952399492263794,1.8961700201034546,0,0.0,0.0
2026-04-15 15:45:00+01:00,1.8961999416351318,1.896690011024475,1.895740032196045,1.8959599733352661,0,0.0,0.0
2026-04-15 16:00:00+01:00,1.896049976348877,1.8964699506759644,1.895050048828125,1.8954099416732788,0,0.0,0.0
2026-04-15 16:15:00+01:00,1.8955399990081787,1.8956999778747559,1.8944499492645264,1.8947900533676147,0,0.0,0.0
2026-04-15 16:30:00+01:00,1.894760012626648,1.8952900171279907,1.8944400548934937,1.8947999477386475,0,0.0,0.0
2026-04-15 16:45:00+01:00,1.8946900367736816,1.8948899507522583,1.8941500186920166,1.8948299884796143,0,0.0,0.0
2026-04-15 17:00:00+01:00,1.8946499824523926,1.8949099779129028,1.8941600322723389,1.8941999673843384,0,0.0,0.0
2026-04-15 17:15:00+01:00,1.8941999673843384,1.894279956817627,1.8933700323104858,1.8938699960708618,0,0.0,0.0
2026-04-15 17:30:00+01:00,1.8938699960708618,1.8943099975585938,1.8934999704360962,1.8939800262451172,0,0.0,0.0
2026-04-15 17:45:00+01:00,1.8940500020980835,1.8944799900054932,1.8936400413513184,1.8939599990844727,0,0.0,0.0
2026-04-15 18:00:00+01:00,1.8939000368118286,1.8941600322723389,1.8934500217437744,1.89382004737854,0,0.0,0.0
2026-04-15 18:15:00+01:00,1.8937599658966064,1.8940000534057617,1.8934999704360962,1.8938100337982178,0,0.0,0.0
2026-04-15 18:30:00+01:00,1.8938499689102173,1.8946900367736816,1.8935699462890625,1.8940399885177612,0,0.0,0.0
2026-04-15 18:45:00+01:00,1.8939800262451172,1.8941099643707275,1.8931699991226196,1.8937900066375732,0,0.0,0.0
2026-04-15 19:00:00+01:00,1.8936899900436401,1.8940000534057617,1.8928200006484985,1.892930030822754,0,0.0,0.0
2026-04-15 19:15:00+01:00,1.8929100036621094,1.8929799795150757,1.8922799825668335,1.8923900127410889,0,0.0,0.0
2026-04-15 19:30:00+01:00,1.8924299478530884,1.8925000429153442,1.8920899629592896,1.8920899629592896,0,0.0,0.0
2026-04-15 19:45:00+01:00,1.8920899629592896,1.8921799659729004,1.8917399644851685,1.8918999433517456,0,0.0,0.0
2026-04-15 20:00:00+01:00,1.8918499946594238,1.8920199871063232,1.8912700414657593,1.891510009765625,0,0.0,0.0
2026-04-15 20:15:00+01:00,1.8914799690246582,1.891950011253357,1.8913899660110474,1.8916699886322021,0,0.0,0.0
2026-04-15 20:30:00+01:00,1.8915599584579468,1.8918700218200684,1.8914400339126587,1.8917100429534912,0,0.0,0.0
2026-04-15 20:45:00+01:00,1.8916900157928467,1.8917700052261353,1.891260027885437,1.8914400339126587,0,0.0,0.0
2026-04-15 21:00:00+01:00,1.8913899660110474,1.8920799493789673,1.891379952430725,1.8917200565338135,0,0.0,0.0
2026-04-15 21:15:00+01:00,1.8917200565338135,1.8918999433517456,1.891379952430725,1.8916300535202026,0,0.0,0.0
2026-04-15 21:30:00+01:00,1.8915599584579468,1.8916200399398804,1.890910029411316,1.8914300203323364,0,0.0,0.0
2026-04-15 21:45:00+01:00,1.8914300203323364,1.891610026359558,1.889870047569275,1.8903000354766846,0,0.0,0.0
2026-04-15 22:00:00+01:00,1.8907099962234497,1.8925100564956665,1.8896600008010864,1.8896600008010864,0,0.0,0.0
2026-04-15 22:15:00+01:00,1.8896600008010864,1.8923799991607666,1.8896600008010864,1.8897199630737305,0,0.0,0.0
2026-04-15 22:30:00+01:00,1.8910200595855713,1.8915200233459473,1.8879599571228027,1.8901300430297852,0,0.0,0.0
2026-04-15 22:45:00+01:00,1.8901400566101074,1.891379952430725,1.8890600204467773,1.8899500370025635,0,0.0,0.0
2026-04-15 23:00:00+01:00,1.8903800249099731,1.891319990158081,1.8890600204467773,1.891160011291504,0,0.0,0.0
2026-04-15 23:15:00+01:00,1.891160011291504,1.891160011291504,1.89028000831604,1.890470027923584,0,0.0,0.0
2026-04-15 23:30:00+01:00,1.8904500007629395,1.8914899826049805,1.8903199434280396,1.89096999168396,0,0.0,0.0
2026-04-15 23:45:00+01:00,1.891409993171692,1.8916599750518799,1.8909200429916382,1.8914400339126587,0,0.0,0.0
2026-04-16 00:00:00+01:00,1.8914300203323364,1.8919999599456787,1.8911199569702148,1.8916699886322021,0,0.0,0.0
2026-04-16 00:15:00+01:00,1.8919700384140015,1.8923399448394775,1.8915400505065918,1.8920899629592896,0,0.0,0.0
2026-04-16 00:30:00+01:00,1.89205002784729,1.8922499418258667,1.8913400173187256,1.8917900323867798,0,0.0,0.0
2026-04-16 00:45:00+01:00,1.8915599584579468,1.8918499946594238,1.8911000490188599,1.8915200233459473,0,0.0,0.0
2026-04-16 01:00:00+01:00,1.8914899826049805,1.8925399780273438,1.8912899494171143,1.8915599584579468,0,0.0,0.0
2026-04-16 01:15:00+01:00,1.8915599584579468,1.891860008239746,1.891219973564148,1.8914599418640137,0,0.0,0.0
2026-04-16 01:30:00+01:00,1.8915200233459473,1.8923799991607666,1.8912999629974365,1.8921500444412231,0,0.0,0.0
2026-04-16 01:45:00+01:00,1.8921899795532227,1.892240047454834,1.890720009803772,1.891469955444336,0,0.0,0.0
2026-04-16 02:00:00+01:00,1.891409993171692,1.8921200037002563,1.8911499977111816,1.8918999433517456,0,0.0,0.0
2026-04-16 02:15:00+01:00,1.8918399810791016,1.8926299810409546,1.8914400339126587,1.8917700052261353,0,0.0,0.0
2026-04-16 02:30:00+01:00,1.891819953918457,1.8932000398635864,1.8907400369644165,1.891409993171692,0,0.0,0.0
2026-04-16 02:45:00+01:00,1.891409993171692,1.8916000127792358,1.890030026435852,1.8905600309371948,0,0.0,0.0
2026-04-16 03:00:00+01:00,1.8905500173568726,1.8909499645233154,1.889739990234375,1.8903199434280396,0,0.0,0.0
2026-04-16 03:15:00+01:00,1.8902699947357178,1.8906099796295166,1.8892099857330322,1.8894100189208984,0,0.0,0.0
2026-04-16 03:30:00+01:00,1.8892799615859985,1.889490008354187,1.8882299661636353,1.8885999917984009,0,0.0,0.0
2026-04-16 03:45:00+01:00,1.8885899782180786,1.8897199630737305,1.8883700370788574,1.8896600008010864,0,0.0,0.0
2026-04-16 04:00:00+01:00,1.8895200490951538,1.890220046043396,1.8884999752044678,1.8892500400543213,0,0.0,0.0
2026-04-16 04:15:00+01:00,1.8893300294876099,1.8898899555206299,1.8888399600982666,1.8893400430679321,0,0.0,0.0
2026-04-16 04:30:00+01:00,1.8894699811935425,1.8896199464797974,1.888159990310669,1.8885799646377563,0,0.0,0.0
2026-04-16 04:45:00+01:00,1.8885200023651123,1.8887200355529785,1.8877400159835815,1.8883399963378906,0,0.0,0.0
2026-04-16 05:00:00+01:00,1.8882499933242798,1.8884799480438232,1.8878300189971924,1.8882800340652466,0,0.0,0.0
2026-04-16 05:15:00+01:00,1.8881200551986694,1.8883099555969238,1.8873499631881714,1.887910008430481,0,0.0,0.0
2026-04-16 05:30:00+01:00,1.8878799676895142,1.8884400129318237,1.8876399993896484,1.888319969177246,0,0.0,0.0
2026-04-16 05:45:00+01:00,1.888319969177246,1.8886899948120117,1.887850046157837,1.888550043106079,0,0.0,0.0
2026-04-16 06:00:00+01:00,1.8883899450302124,1.8887300491333008,1.887969970703125,1.8885799646377563,0,0.0,0.0
2026-04-16 06:15:00+01:00,1.8887100219726562,1.888949990272522,1.8878899812698364,1.8881299495697021,0,0.0,0.0
2026-04-16 06:30:00+01:00,1.8881100416183472,1.888260006904602,1.8873800039291382,1.8876700401306152,0,0.0,0.0
2026-04-16 06:45:00+01:00,1.8878099918365479,1.8879499435424805,1.8870099782943726,1.8878099918365479,0,0.0,0.0
2026-04-16 07:00:00+01:00,1.8879499435424805,1.8900500535964966,1.887719988822937,1.8898199796676636,0,0.0,0.0
2026-04-16 07:15:00+01:00,1.8897600173950195,1.8899400234222412,1.8890199661254883,1.889549970626831,0,0.0,0.0
2026-04-16 07:30:00+01:00,1.8896499872207642,1.8899799585342407,1.8885400295257568,1.888550043106079,0,0.0,0.0
2026-04-16 07:45:00+01:00,1.888550043106079,1.8890800476074219,1.8879400491714478,1.8885200023651123,0,0.0,0.0
2026-04-16 08:00:00+01:00,1.888450026512146,1.8890899419784546,1.8881499767303467,1.8889100551605225,0,0.0,0.0
2026-04-16 08:15:00+01:00,1.888990044593811,1.8891600370407104,1.887619972229004,1.8879599571228027,0,0.0,0.0
2026-04-16 08:30:00+01:00,1.8879499435424805,1.888200044631958,1.8872100114822388,1.8879200220108032,0,0.0,0.0
2026-04-16 08:45:00+01:00,1.887850046157837,1.8884400129318237,1.8869800567626953,1.88742995262146,0,0.0,0.0
2026-04-16 09:00:00+01:00,1.8874499797821045,1.8890999555587769,1.8870500326156616,1.8889100551605225,0,0.0,0.0
2026-04-16 09:15:00+01:00,1.8889299631118774,1.8898199796676636,1.8886100053787231,1.8889100551605225,0,0.0,0.0
2026-04-16 09:30:00+01:00,1.8889600038528442,1.889780044555664,1.8886499404907227,1.8896499872207642,0,0.0,0.0
2026-04-16 09:45:00+01:00,1.889680027961731,1.8899500370025635,1.8881499767303467,1.8886200189590454,0,0.0,0.0
2026-04-16 10:00:00+01:00,1.8885799646377563,1.8892099857330322,1.888260006904602,1.889009952545166,0,0.0,0.0
2026-04-16 10:15:00+01:00,1.8890700340270996,1.889359951019287,1.888450026512146,1.8890199661254883,0,0.0,0.0
2026-04-16 10:30:00+01:00,1.8889100551605225,1.8890999555587769,1.8880399465560913,1.8883600234985352,0,0.0,0.0
2026-04-16 10:45:00+01:00,1.8881399631500244,1.88864004611969,1.8880300521850586,1.8883600234985352,0,0.0,0.0
2026-04-16 11:00:00+01:00,1.8883399963378906,1.8887200355529785,1.8877899646759033,1.8883600234985352,0,0.0,0.0
2026-04-16 11:15:00+01:00,1.8882999420166016,1.888759970664978,1.8878099918365479,1.8885899782180786,0,0.0,0.0
2026-04-16 11:30:00+01:00,1.8886899948120117,1.8890199661254883,1.8880200386047363,1.8888499736785889,0,0.0,0.0
2026-04-16 11:45:00+01:00,1.8889000415802002,1.8898999691009521,1.888800024986267,1.8896199464797974,0,0.0,0.0
2026-04-16 12:00:00+01:00,1.889490008354187,1.8899099826812744,1.8890000581741333,1.889449954032898,0,0.0,0.0
2026-04-16 12:15:00+01:00,1.889449954032898,1.8896600008010864,1.8886499404907227,1.8887200355529785,0,0.0,0.0
2026-04-16 12:30:00+01:00,1.8887200355529785,1.8889600038528442,1.8882700204849243,1.8884899616241455,0,0.0,0.0
2026-04-16 12:45:00+01:00,1.888550043106079,1.8890600204467773,1.8879799842834473,1.8881800174713135,0,0.0,0.0
2026-04-16 13:00:00+01:00,1.888200044631958,1.8890199661254883,1.8875199556350708,1.888800024986267,0,0.0,0.0
2026-04-16 13:15:00+01:00,1.8889100551605225,1.8895900249481201,1.8881200551986694,1.8881200551986694,0,0.0,0.0
2026-04-16 13:30:00+01:00,1.8883099555969238,1.889050006866455,1.888010025024414,1.8884600400924683,0,0.0,0.0
2026-04-16 13:45:00+01:00,1.8884400129318237,1.8889000415802002,1.888159990310669,1.8886899948120117,0,0.0,0.0
2026-04-16 14:00:00+01:00,1.8886200189590454,1.8887900114059448,1.8879899978637695,1.888319969177246,0,0.0,0.0
2026-04-16 14:15:00+01:00,1.8881800174713135,1.8888100385665894,1.8880499601364136,1.8885600566864014,0,0.0,0.0
2026-04-16 14:30:00+01:00,1.8885899782180786,1.8893699645996094,1.8880599737167358,1.8883099555969238,0,0.0,0.0
2026-04-16 14:45:00+01:00,1.8882100582122803,1.8892799615859985,1.8876899480819702,1.8879200220108032,0,0.0,0.0
2026-04-16 15:00:00+01:00,1.8880399465560913,1.8881299495697021,1.8870400190353394,1.8876800537109375,0,0.0,0.0
2026-04-16 15:15:00+01:00,1.8876500129699707,1.888890027999878,1.885699987411499,1.8860599994659424,0,0.0,0.0
2026-04-16 15:30:00+01:00,1.8861299753189087,1.886579990386963,1.8852900266647339,1.886240005493164,0,0.0,0.0
2026-04-16 15:45:00+01:00,1.8863400220870972,1.8878799676895142,1.8853700160980225,1.8877300024032593,0,0.0,0.0
2026-04-16 16:00:00+01:00,1.8877700567245483,1.8880300521850586,1.886929988861084,1.88742995262146,0,0.0,0.0
2026-04-16 16:15:00+01:00,1.88742995262146,1.8881499767303467,1.8868099451065063,1.8881499767303467,0,0.0,0.0
2026-04-16 16:30:00+01:00,1.8881100416183472,1.8884400129318237,1.887179970741272,1.8875499963760376,0,0.0,0.0
2026-04-16 16:45:00+01:00,1.8874800205230713,1.8882700204849243,1.8869400024414062,1.8882299661636353,0,0.0,0.0
2026-04-16 17:00:00+01:00,1.8882499933242798,1.8886300325393677,1.887619972229004,1.8877500295639038,0,0.0,0.0
2026-04-16 17:15:00+01:00,1.8877500295639038,1.8885400295257568,1.8874800205230713,1.8884199857711792,0,0.0,0.0
2026-04-16 17:30:00+01:00,1.8883999586105347,1.8903299570083618,1.8883600234985352,1.8891299962997437,0,0.0,0.0
2026-04-16 17:45:00+01:00,1.889140009880066,1.889989972114563,1.8890800476074219,1.889680027961731,0,0.0,0.0
2026-04-16 18:00:00+01:00,1.8897099494934082,1.8906099796295166,1.889680027961731,1.8904199600219727,0,0.0,0.0
2026-04-16 18:15:00+01:00,1.8904000520706177,1.890589952468872,1.8897299766540527,1.8904099464416504,0,0.0,0.0
2026-04-16 18:30:00+01:00,1.8904500007629395,1.890589952468872,1.889799952507019,1.8898799419403076,0,0.0,0.0
2026-04-16 18:45:00+01:00,1.889840006828308,1.890089988708496,1.8896299600601196,1.8897900581359863,0,0.0,0.0
2026-04-16 19:00:00+01:00,1.8897900581359863,1.890470027923584,1.8894200325012207,1.8902699947357178,0,0.0,0.0
2026-04-16 19:15:00+01:00,1.8902599811553955,1.8903700113296509,1.889840006828308,1.8899199962615967,0,0.0,0.0
2026-04-16 19:30:00+01:00,1.8897500038146973,1.890120029449463,1.8896199464797974,1.8897600173950195,0,0.0,0.0
2026-04-16 19:45:00+01:00,1.8897000551223755,1.8907400369644165,1.8896600008010864,1.8903299570083618,0,0.0,0.0
2026-04-16 20:00:00+01:00,1.890339970588684,1.8906199932098389,1.8901699781417847,1.890239953994751,0,0.0,0.0
2026-04-16 20:15:00+01:00,1.890239953994751,1.89028000831604,1.8893400430679321,1.889430046081543,0,0.0,0.0
2026-04-16 20:30:00+01:00,1.8894699811935425,1.8894699811935425,1.8889600038528442,1.8890800476074219,0,0.0,0.0
2026-04-16 20:45:00+01:00,1.8890700340270996,1.8893300294876099,1.8887499570846558,1.8892199993133545,0,0.0,0.0
2026-04-16 21:00:00+01:00,1.8891799449920654,1.8895399570465088,1.8888499736785889,1.889009952545166,0,0.0,0.0
2026-04-16 21:15:00+01:00,1.8890000581741333,1.889140009880066,1.8886799812316895,1.8887499570846558,0,0.0,0.0
2026-04-16 21:30:00+01:00,1.888700008392334,1.8888399600982666,1.888260006904602,1.8883399963378906,0,0.0,0.0
2026-04-16 21:45:00+01:00,1.8882700204849243,1.8887699842453003,1.887910008430481,1.8880800008773804,0,0.0,0.0
2026-04-16 22:00:00+01:00,1.8880300521850586,1.8892500400543213,1.8859399557113647,1.8870999813079834,0,0.0,0.0
2026-04-16 22:15:00+01:00,1.8858799934387207,1.8902000188827515,1.8857799768447876,1.8878599405288696,0,0.0,0.0
2026-04-16 22:30:00+01:00,1.8886799812316895,1.8899799585342407,1.887030005455017,1.888569951057434,0,0.0,0.0
2026-04-16 22:45:00+01:00,1.8884700536727905,1.8898099660873413,1.8867499828338623,1.8884400129318237,0,0.0,0.0
2026-04-16 23:00:00+01:00,1.8884799480438232,1.889870047569275,1.8873300552368164,1.8890000581741333,0,0.0,0.0
2026-04-16 23:15:00+01:00,1.8894599676132202,1.8896900415420532,1.888569951057434,1.8893400430679321,0,0.0,0.0
2026-04-16 23:30:00+01:00,1.8893200159072876,1.889490008354187,1.888569951057434,1.8892199993133545,0,0.0,0.0
2026-04-16 23:45:00+01:00,1.8887799978256226,1.8894100189208984,1.888550043106079,1.8889600038528442,0,0.0,0.0
2026-04-17 00:00:00+01:00,1.88864004611969,1.8893200159072876,1.88864004611969,1.8891199827194214,0,0.0,0.0
2026-04-17 00:15:00+01:00,1.8890600204467773,1.8891199827194214,1.8882999420166016,1.8885999917984009,0,0.0,0.0
2026-04-17 00:30:00+01:00,1.8885400295257568,1.888800024986267,1.888260006904602,1.888659954071045,0,0.0,0.0
2026-04-17 00:45:00+01:00,1.8884799480438232,1.8894399404525757,1.8883700370788574,1.8891199827194214,0,0.0,0.0
2026-04-17 01:00:00+01:00,1.8892899751663208,1.8896700143814087,1.8886799812316895,1.889240026473999,0,0.0,0.0
2026-04-17 01:15:00+01:00,1.8890899419784546,1.889389991760254,1.8880300521850586,1.8886799812316895,0,0.0,0.0
2026-04-17 01:30:00+01:00,1.8885600566864014,1.8888700008392334,1.8878200054168701,1.8878599405288696,0,0.0,0.0
2026-04-17 01:45:00+01:00,1.887869954109192,1.8886300325393677,1.8875399827957153,1.8879400491714478,0,0.0,0.0
2026-04-17 02:00:00+01:00,1.8879300355911255,1.8881499767303467,1.8872400522232056,1.8874499797821045,0,0.0,0.0
2026-04-17 02:15:00+01:00,1.8874399662017822,1.8875199556350708,1.886780023574829,1.8871899843215942,0,0.0,0.0
2026-04-17 02:30:00+01:00,1.8873000144958496,1.8877400159835815,1.8866300582885742,1.886639952659607,0,0.0,0.0
2026-04-17 02:45:00+01:00,1.886639952659607,1.887279987335205,1.886620044708252,1.8870899677276611,0,0.0,0.0
2026-04-17 03:00:00+01:00,1.887120008468628,1.887369990348816,1.8867499828338623,1.8871999979019165,0,0.0,0.0
2026-04-17 03:15:00+01:00,1.8871099948883057,1.887529969215393,1.8869099617004395,1.88742995262146,0,0.0,0.0
2026-04-17 03:30:00+01:00,1.8873499631881714,1.8874900341033936,1.8868000507354736,1.8873599767684937,0,0.0,0.0
2026-04-17 03:45:00+01:00,1.8873599767684937,1.8876500129699707,1.887179970741272,1.887529969215393,0,0.0,0.0
2026-04-17 04:00:00+01:00,1.8875099420547485,1.8875700235366821,1.8868199586868286,1.8872699737548828,0,0.0,0.0
2026-04-17 04:15:00+01:00,1.887220025062561,1.8877700567245483,1.8869999647140503,1.8876700401306152,0,0.0,0.0
2026-04-17 04:30:00+01:00,1.8875700235366821,1.8878799676895142,1.8871400356292725,1.887220025062561,0,0.0,0.0
2026-04-17 04:45:00+01:00,1.887220025062561,1.8875999450683594,1.8870600461959839,1.8874900341033936,0,0.0,0.0
2026-04-17 05:00:00+01:00,1.8875900506973267,1.8876999616622925,1.8871500492095947,1.887179970741272,0,0.0,0.0
2026-04-17 05:15:00+01:00,1.887179970741272,1.8873000144958496,1.8861700296401978,1.8862600326538086,0,0.0,0.0
2026-04-17 05:30:00+01:00,1.886199951171875,1.8867700099945068,1.88618004322052,1.8867000341415405,0,0.0,0.0
2026-04-17 05:45:00+01:00,1.8865699768066406,1.8867700099945068,1.8860299587249756,1.886240005493164,0,0.0,0.0
2026-04-17 06:00:00+01:00,1.8862299919128418,1.8865900039672852,1.885599970817566,1.8857100009918213,0,0.0,0.0
2026-04-17 06:15:00+01:00,1.8857100009918213,1.8860499858856201,1.8853199481964111,1.885740041732788,0,0.0,0.0
2026-04-17 06:30:00+01:00,1.885740041732788,1.8862899541854858,1.8854199647903442,1.8860700130462646,0,0.0,0.0
2026-04-17 06:45:00+01:00,1.8860599994659424,1.8861099481582642,1.8854399919509888,1.8859200477600098,0,0.0,0.0
2026-04-17 07:00:00+01:00,1.885640025138855,1.8860900402069092,1.8849600553512573,1.8854800462722778,0,0.0,0.0
2026-04-17 07:15:00+01:00,1.8853600025177002,1.8860000371932983,1.8845700025558472,1.8852800130844116,0,0.0,0.0
2026-04-17 07:30:00+01:00,1.8853700160980225,1.885949969291687,1.8851499557495117,1.8854600191116333,0,0.0,0.0
2026-04-17 07:45:00+01:00,1.885450005531311,1.8858200311660767,1.884719967842102,1.8856699466705322,0,0.0,0.0
2026-04-17 08:00:00+01:00,1.8857300281524658,1.8863400220870972,1.885200023651123,1.8862899541854858,0,0.0,0.0
2026-04-17 08:15:00+01:00,1.88618004322052,1.8869400024414062,1.8858100175857544,1.885890007019043,0,0.0,0.0
2026-04-17 08:30:00+01:00,1.885890007019043,1.8870400190353394,1.8858200311660767,1.8865599632263184,0,0.0,0.0
2026-04-17 08:45:00+01:00,1.8864799737930298,1.8867299556732178,1.8854999542236328,1.8857300281524658,0,0.0,0.0
2026-04-17 09:00:00+01:00,1.8855500221252441,1.885830044746399,1.8849400281906128,1.8853000402450562,0,0.0,0.0
2026-04-17 09:15:00+01:00,1.885390043258667,1.8859200477600098,1.8849999904632568,1.8852800130844116,0,0.0,0.0
2026-04-17 09:30:00+01:00,1.885200023651123,1.885390043258667,1.8842799663543701,1.884559988975525,0,0.0,0.0
2026-04-17 09:45:00+01:00,1.884559988975525,1.88496994972229,1.8838000297546387,1.8844900131225586,0,0.0,0.0
2026-04-17 10:00:00+01:00,1.8845900297164917,1.8854199647903442,1.8838900327682495,1.885200023651123,0,0.0,0.0
2026-04-17 10:15:00+01:00,1.8853800296783447,1.8863400220870972,1.88496994972229,1.8862899541854858,0,0.0,0.0
2026-04-17 10:30:00+01:00,1.8862500190734863,1.8867599964141846,1.8858400583267212,1.8864400386810303,0,0.0,0.0
2026-04-17 10:45:00+01:00,1.8863999843597412,1.8867700099945068,1.8860199451446533,1.8864400386810303,0,0.0,0.0
2026-04-17 11:00:00+01:00,1.8862799406051636,1.8869400024414062,1.8859599828720093,1.8864200115203857,0,0.0,0.0
2026-04-17 11:15:00+01:00,1.8863500356674194,1.8868900537490845,1.8861099481582642,1.8863400220870972,0,0.0,0.0
2026-04-17 11:30:00+01:00,1.8863400220870972,1.886639952659607,1.8854199647903442,1.8859100341796875,0,0.0,0.0
2026-04-17 11:45:00+01:00,1.8858200311660767,1.8861099481582642,1.8848600387573242,1.8857500553131104,0,0.0,0.0
2026-04-17 12:00:00+01:00,1.885740041732788,1.8865400552749634,1.8855700492858887,1.8861600160598755,0,0.0,0.0
2026-04-17 12:15:00+01:00,1.8860900402069092,1.8868499994277954,1.8860599994659424,1.886549949645996,0,0.0,0.0
2026-04-17 12:30:00+01:00,1.886549949645996,1.8867499828338623,1.8852299451828003,1.8862099647521973,0,0.0,0.0
2026-04-17 12:45:00+01:00,1.8860700130462646,1.8867100477218628,1.8857699632644653,1.8860499858856201,0,0.0,0.0
2026-04-17 13:00:00+01:00,1.8860700130462646,1.886489987373352,1.8854899406433105,1.8858000040054321,0,0.0,0.0
2026-04-17 13:15:00+01:00,1.8857200145721436,1.8862899541854858,1.8850599527359009,1.8854199647903442,0,0.0,0.0
2026-04-17 13:30:00+01:00,1.8854199647903442,1.8859000205993652,1.8849899768829346,1.8853800296783447,0,0.0,0.0
2026-04-17 13:45:00+01:00,1.8853199481964111,1.8862299919128418,1.882889986038208,1.8835400342941284,0,0.0,0.0
2026-04-17 14:00:00+01:00,1.883430004119873,1.8843499422073364,1.8826199769973755,1.8828599452972412,0,0.0,0.0
2026-04-17 14:15:00+01:00,1.882949948310852,1.8838800191879272,1.881909966468811,1.8831499814987183,0,0.0,0.0
2026-04-17 14:30:00+01:00,1.8831900358200073,1.8837599754333496,1.8811700344085693,1.8817600011825562,0,0.0,0.0
2026-04-17 14:45:00+01:00,1.881809949874878,1.882830023765564,1.880620002746582,1.8822400569915771,0,0.0,0.0
2026-04-17 15:00:00+01:00,1.8822499513626099,1.8844399452209473,1.8821200132369995,1.8840399980545044,0,0.0,0.0
2026-04-17 15:15:00+01:00,1.8840700387954712,1.8846299648284912,1.8831499814987183,1.8839900493621826,0,0.0,0.0
2026-04-17 15:30:00+01:00,1.884060025215149,1.884660005569458,1.8830000162124634,1.8835899829864502,0,0.0,0.0
2026-04-17 15:45:00+01:00,1.883579969406128,1.8848899602890015,1.883430004119873,1.8841099739074707,0,0.0,0.0
2026-04-17 16:00:00+01:00,1.884179949760437,1.8853100538253784,1.88372004032135,1.8851900100708008,0,0.0,0.0
2026-04-17 16:15:00+01:00,1.8850899934768677,1.8868800401687622,1.8849999904632568,1.8854199647903442,0,0.0,0.0
2026-04-17 16:30:00+01:00,1.8853000402450562,1.8854399919509888,1.8836100101470947,1.8851499557495117,0,0.0,0.0
2026-04-17 16:45:00+01:00,1.8851399421691895,1.8854999542236328,1.8841099739074707,1.8850300312042236,0,0.0,0.0
2026-04-17 17:00:00+01:00,1.8849300146102905,1.8854000568389893,1.88441002368927,1.884850025177002,0,0.0,0.0
2026-04-17 17:15:00+01:00,1.8847299814224243,1.8852399587631226,1.8842400312423706,1.8842999935150146,0,0.0,0.0
2026-04-17 17:30:00+01:00,1.884369969367981,1.8848700523376465,1.8840700387954712,1.8847899436950684,0,0.0,0.0
2026-04-17 17:45:00+01:00,1.8847700357437134,1.8857500553131104,1.8846499919891357,1.8854700326919556,0,0.0,0.0
2026-04-17 18:00:00+01:00,1.8854700326919556,1.8868099451065063,1.8852299451828003,1.8865300416946411,0,0.0,0.0
2026-04-17 18:15:00+01:00,1.8864699602127075,1.8868600130081177,1.885830044746399,1.8861299753189087,0,0.0,0.0
2026-04-17 18:30:00+01:00,1.8861600160598755,1.886389970779419,1.8857200145721436,1.8861000537872314,0,0.0,0.0
2026-04-17 18:45:00+01:00,1.8861099481582642,1.886330008506775,1.885409951210022,1.8857100009918213,0,0.0,0.0
2026-04-17 19:00:00+01:00,1.8855500221252441,1.8868800401687622,1.8855500221252441,1.8866699934005737,0,0.0,0.0
2026-04-17 19:15:00+01:00,1.886680006980896,1.8872499465942383,1.8863999843597412,1.8867499828338623,0,0.0,0.0
2026-04-17 19:30:00+01:00,1.886620044708252,1.8868800401687622,1.885830044746399,1.8866300582885742,0,0.0,0.0
2026-04-17 19:45:00+01:00,1.8866300582885742,1.8873599767684937,1.8863799571990967,1.8867299556732178,0,0.0,0.0
2026-04-17 20:00:00+01:00,1.8868000507354736,1.8870400190353394,1.88618004322052,1.8864599466323853,0,0.0,0.0
2026-04-17 20:15:00+01:00,1.886489987373352,1.8866100311279297,1.8859699964523315,1.8863099813461304,0,0.0,0.0
2026-04-17 20:30:00+01:00,1.886199951171875,1.8864799737930298,1.8853199481964111,1.8858000040054321,0,0.0,0.0
2026-04-17 20:45:00+01:00,1.8858000040054321,1.8861500024795532,1.8848700523376465,1.8852800130844116,0,0.0,0.0
2026-04-17 21:00:00+01:00,1.8852399587631226,1.885509967803955,1.8848400115966797,1.885259985923767,0,0.0,0.0
2026-04-17 21:15:00+01:00,1.8851699829101562,1.8853700160980225,1.8847800493240356,1.8848700523376465,0,0.0,0.0
2026-04-17 21:30:00+01:00,1.8849600553512573,1.8864200115203857,1.8846299648284912,1.8858799934387207,0,0.0,0.0
2026-04-17 21:45:00+01:00,1.8858799934387207,1.8865200281143188,1.8826199769973755,1.8853100538253784,0,0.0,0.0
2026-04-17 22:00:00+01:00,1.8850899934768677,1.8856199979782104,1.8850899934768677,1.8856199979782104,0,0.0,0.0
2026-04-17 22:15:00+01:00,1.8856199979782104,1.8856199979782104,1.8856199979782104,1.8856199979782104,0,0.0,0.0
2026-04-20 00:00:00+01:00,1.8884799480438232,1.888949990272522,1.8881299495697021,1.888450026512146,0,0.0,0.0
2026-04-20 00:15:00+01:00,1.8884299993515015,1.8885899782180786,1.887969970703125,1.8883700370788574,0,0.0,0.0
2026-04-20 00:30:00+01:00,1.8883700370788574,1.8894200325012207,1.8880300521850586,1.889009952545166,0,0.0,0.0
2026-04-20 00:45:00+01:00,1.8889000415802002,1.8901400566101074,1.8888599872589111,1.8895100355148315,0,0.0,0.0
2026-04-20 01:00:00+01:00,1.8895299434661865,1.8898600339889526,1.8887799978256226,1.8890999555587769,0,0.0,0.0
2026-04-20 01:15:00+01:00,1.8890999555587769,1.8892799615859985,1.8879499435424805,1.8880599737167358,0,0.0,0.0
2026-04-20 01:30:00+01:00,1.888069987297058,1.888319969177246,1.8875399827957153,1.8877500295639038,0,0.0,0.0
2026-04-20 01:45:00+01:00,1.887719988822937,1.888350009918213,1.8872499465942383,1.887410044670105,0,0.0,0.0
2026-04-20 02:00:00+01:00,1.8874599933624268,1.8875099420547485,1.8863600492477417,1.8864500522613525,0,0.0,0.0
2026-04-20 02:15:00+01:00,1.8865300416946411,1.8875399827957153,1.8862299919128418,1.8873800039291382,0,0.0,0.0
2026-04-20 02:30:00+01:00,1.8875199556350708,1.8877099752426147,1.8865100145339966,1.8870899677276611,0,0.0,0.0
2026-04-20 02:45:00+01:00,1.8870999813079834,1.8882700204849243,1.8867499828338623,1.8880399465560913,0,0.0,0.0
2026-04-20 03:00:00+01:00,1.8880200386047363,1.888569951057434,1.8872400522232056,1.8875399827957153,0,0.0,0.0
2026-04-20 03:15:00+01:00,1.887529969215393,1.8877400159835815,1.8867499828338623,1.887120008468628,0,0.0,0.0
2026-04-20 03:30:00+01:00,1.8870899677276611,1.8874200582504272,1.8865599632263184,1.8870199918746948,0,0.0,0.0
2026-04-20 03:45:00+01:00,1.8871699571609497,1.8872699737548828,1.8865100145339966,1.8870699405670166,0,0.0,0.0
2026-04-20 04:00:00+01:00,1.8870400190353394,1.8876999616622925,1.886639952659607,1.8869400024414062,0,0.0,0.0
2026-04-20 04:15:00+01:00,1.8870400190353394,1.88742995262146,1.88673996925354,1.8873900175094604,0,0.0,0.0
2026-04-20 04:30:00+01:00,1.8872900009155273,1.8877400159835815,1.8866900205612183,1.8871400356292725,0,0.0,0.0
2026-04-20 04:45:00+01:00,1.8870199918746948,1.8879300355911255,1.8869999647140503,1.8878099918365479,0,0.0,0.0
2026-04-20 05:00:00+01:00,1.8877300024032593,1.8879899978637695,1.8872499465942383,1.887779951095581,0,0.0,0.0
2026-04-20 05:15:00+01:00,1.8877899646759033,1.8879599571228027,1.887220025062561,1.8873599767684937,0,0.0,0.0
2026-04-20 05:30:00+01:00,1.8872400522232056,1.8878799676895142,1.8870999813079834,1.8871699571609497,0,0.0,0.0
2026-04-20 05:45:00+01:00,1.8872599601745605,1.8875600099563599,1.8868299722671509,1.8871699571609497,0,0.0,0.0
2026-04-20 06:00:00+01:00,1.8871699571609497,1.8874000310897827,1.8864699602127075,1.8866599798202515,0,0.0,0.0
2026-04-20 06:15:00+01:00,1.8866000175476074,1.8873499631881714,1.8864099979400635,1.8871699571609497,0,0.0,0.0
2026-04-20 06:30:00+01:00,1.8873200416564941,1.888100028038025,1.8867199420928955,1.8877400159835815,0,0.0,0.0
2026-04-20 06:45:00+01:00,1.8877400159835815,1.887850046157837,1.8868000507354736,1.8875199556350708,0,0.0,0.0
2026-04-20 07:00:00+01:00,1.8875199556350708,1.8878899812698364,1.8869199752807617,1.8873300552368164,0,0.0,0.0
2026-04-20 10:30:00+01:00,1.8870799541473389,1.8874499797821045,1.8867599964141846,1.8869500160217285,0,0.0,0.0
2026-04-20 10:45:00+01:00,1.8869199752807617,1.8888499736785889,1.8869199752807617,1.8884799480438232,0,0.0,0.0
2026-04-20 11:00:00+01:00,1.888550043106079,1.8885799646377563,1.8872499465942383,1.8877300024032593,0,0.0,0.0
2026-04-20 11:15:00+01:00,1.8877400159835815,1.888219952583313,1.8873100280761719,1.8881399631500244,0,0.0,0.0
2026-04-20 11:30:00+01:00,1.8880900144577026,1.8884199857711792,1.8876999616622925,1.888319969177246,0,0.0,0.0
2026-04-20 11:45:00+01:00,1.888319969177246,1.8891799449920654,1.8882100582122803,1.8886899948120117,0,0.0,0.0
2026-04-20 12:00:00+01:00,1.8887300491333008,1.8899500370025635,1.8885999917984009,1.8896700143814087,0,0.0,0.0
2026-04-20 12:15:00+01:00,1.8896700143814087,1.8898299932479858,1.8887100219726562,1.8889700174331665,0,0.0,0.0
2026-04-20 12:30:00+01:00,1.8889199495315552,1.8890700340270996,1.8877099752426147,1.8882499933242798,0,0.0,0.0
2026-04-20 12:45:00+01:00,1.8883099555969238,1.8884400129318237,1.8875499963760376,1.8876800537109375,0,0.0,0.0
2026-04-20 13:00:00+01:00,1.8876800537109375,1.8879200220108032,1.8871699571609497,1.8875900506973267,0,0.0,0.0
2026-04-20 13:15:00+01:00,1.8875600099563599,1.8879899978637695,1.8869199752807617,1.8873800039291382,0,0.0,0.0
2026-04-20 13:30:00+01:00,1.8874599933624268,1.8880000114440918,1.887179970741272,1.8875600099563599,0,0.0,0.0
2026-04-20 13:45:00+01:00,1.8875600099563599,1.8880900144577026,1.8875099420547485,1.8880599737167358,0,0.0,0.0
2026-04-20 14:00:00+01:00,1.8879899978637695,1.8889700174331665,1.8875999450683594,1.888069987297058,0,0.0,0.0
2026-04-20 14:15:00+01:00,1.888010025024414,1.888319969177246,1.8866300582885742,1.8869500160217285,0,0.0,0.0
2026-04-20 14:30:00+01:00,1.886929988861084,1.8879200220108032,1.886620044708252,1.8876099586486816,0,0.0,0.0
2026-04-20 14:45:00+01:00,1.8875199556350708,1.8881100416183472,1.8874000310897827,1.8876299858093262,0,0.0,0.0
2026-04-20 15:00:00+01:00,1.8876299858093262,1.8881499767303467,1.8872400522232056,1.887660026550293,0,0.0,0.0
2026-04-20 15:15:00+01:00,1.8877700567245483,1.8879499435424805,1.8867700099945068,1.887179970741272,0,0.0,0.0
2026-04-20 15:30:00+01:00,1.8872499465942383,1.887719988822937,1.8868499994277954,1.8870799541473389,0,0.0,0.0
2026-04-20 15:45:00+01:00,1.8871599435806274,1.8884799480438232,1.8861900568008423,1.887869954109192,0,0.0,0.0
2026-04-20 16:00:00+01:00,1.8878300189971924,1.8884400129318237,1.8875499963760376,1.8876800537109375,0,0.0,0.0
2026-04-20 16:15:00+01:00,1.887660026550293,1.887869954109192,1.8860599994659424,1.8863600492477417,0,0.0,0.0
2026-04-20 16:30:00+01:00,1.8863500356674194,1.8876299858093262,1.8863199949264526,1.887470006942749,0,0.0,0.0
2026-04-20 16:45:00+01:00,1.887369990348816,1.887869954109192,1.8869500160217285,1.8873000144958496,0,0.0,0.0
2026-04-20 17:00:00+01:00,1.8872599601745605,1.8879400491714478,1.8871300220489502,1.8873599767684937,0,0.0,0.0
2026-04-20 17:15:00+01:00,1.887369990348816,1.887619972229004,1.8868499994277954,1.8870699405670166,0,0.0,0.0
2026-04-20 17:30:00+01:00,1.8870699405670166,1.8880800008773804,1.8867100477218628,1.887969970703125,0,0.0,0.0
2026-04-20 17:45:00+01:00,1.8879799842834473,1.8880200386047363,1.8870099782943726,1.8873499631881714,0,0.0,0.0
2026-04-20 18:00:00+01:00,1.8874599933624268,1.8876299858093262,1.8870199918746948,1.8871300220489502,0,0.0,0.0
2026-04-20 18:15:00+01:00,1.8870999813079834,1.8873599767684937,1.8868099451065063,1.8869099617004395,0,0.0,0.0
2026-04-20 18:30:00+01:00,1.886929988861084,1.8871400356292725,1.8865699768066406,1.8867599964141846,0,0.0,0.0
