Datetime,Open,High,Low,Close,Volume,Dividends,Stock Splits
2026-01-27 00:00:00+00:00,211.10800170898438,211.197998046875,210.8470001220703,210.8719940185547,0,0.0,0.0
2026-01-27 00:15:00+00:00,210.87100219726562,210.97300720214844,210.85800170898438,210.92300415039062,0,0.0,0.0
2026-01-27 00:30:00+00:00,210.92999267578125,210.92999267578125,210.8040008544922,210.88600158691406,0,0.0,0.0
2026-01-27 00:45:00+00:00,210.88600158691406,210.99400329589844,210.76499938964844,210.96099853515625,0,0.0,0.0
2026-01-27 01:00:00+00:00,210.9499969482422,211.10699462890625,210.91799926757812,210.99899291992188,0,0.0,0.0
2026-01-27 01:15:00+00:00,210.9969940185547,211.04800415039062,210.9550018310547,211.0260009765625,0,0.0,0.0
2026-01-27 01:30:00+00:00,211.0260009765625,211.1439971923828,210.9980010986328,211.05299377441406,0,0.0,0.0
2026-01-27 01:45:00+00:00,211.0489959716797,211.1439971923828,211.0229949951172,211.13800048828125,0,0.0,0.0
2026-01-27 02:00:00+00:00,211.13499450683594,211.18499755859375,211.06100463867188,211.16000366210938,0,0.0,0.0
2026-01-27 02:15:00+00:00,211.1479949951172,211.23199462890625,211.1060028076172,211.17300415039062,0,0.0,0.0
2026-01-27 02:30:00+00:00,211.1739959716797,211.20599365234375,211.093994140625,211.11399841308594,0,0.0,0.0
2026-01-27 02:45:00+00:00,211.11599731445312,211.2760009765625,211.1020050048828,211.26400756835938,0,0.0,0.0
2026-01-27 03:00:00+00:00,211.26400756835938,211.28700256347656,211.1820068359375,211.2469940185547,0,0.0,0.0
2026-01-27 03:15:00+00:00,211.24200439453125,211.34800720214844,211.23599243164062,211.32699584960938,0,0.0,0.0
2026-01-27 03:30:00+00:00,211.31500244140625,211.3990020751953,211.22799682617188,211.3990020751953,0,0.0,0.0
2026-01-27 03:45:00+00:00,211.39500427246094,211.4080047607422,211.25599670410156,211.2830047607422,0,0.0,0.0
2026-01-27 04:00:00+00:00,211.2760009765625,211.4510040283203,211.2740020751953,211.33799743652344,0,0.0,0.0
2026-01-27 04:15:00+00:00,211.33700561523438,211.4320068359375,211.26499938964844,211.30599975585938,0,0.0,0.0
2026-01-27 04:30:00+00:00,211.30499267578125,211.38699340820312,211.2570037841797,211.36099243164062,0,0.0,0.0
2026-01-27 04:45:00+00:00,211.35699462890625,211.44000244140625,211.33700561523438,211.39199829101562,0,0.0,0.0
2026-01-27 05:00:00+00:00,211.39999389648438,211.447998046875,211.34800720214844,211.39599609375,0,0.0,0.0
2026-01-27 05:15:00+00:00,211.3990020751953,211.4250030517578,211.32000732421875,211.33700561523438,0,0.0,0.0
2026-01-27 05:30:00+00:00,211.3280029296875,211.36099243164062,211.2469940185547,211.32200622558594,0,0.0,0.0
2026-01-27 05:45:00+00:00,211.3280029296875,211.33900451660156,211.26100158691406,211.3280029296875,0,0.0,0.0
2026-01-27 06:00:00+00:00,211.3249969482422,211.50100708007812,211.322998046875,211.49200439453125,0,0.0,0.0
2026-01-27 06:15:00+00:00,211.49200439453125,211.55799865722656,211.43699645996094,211.55299377441406,0,0.0,0.0
2026-01-27 06:30:00+00:00,211.54100036621094,211.59300231933594,211.4250030517578,211.43899536132812,0,0.0,0.0
2026-01-27 06:45:00+00:00,211.43800354003906,211.4530029296875,211.31900024414062,211.4239959716797,0,0.0,0.0
2026-01-27 07:00:00+00:00,211.41900634765625,211.49200439453125,211.35299682617188,211.48500061035156,0,0.0,0.0
2026-01-27 07:15:00+00:00,211.48199462890625,211.5709991455078,211.46099853515625,211.53700256347656,0,0.0,0.0
2026-01-27 07:30:00+00:00,211.5330047607422,211.6219940185547,211.5330047607422,211.5399932861328,0,0.0,0.0
2026-01-27 07:45:00+00:00,211.5399932861328,211.75599670410156,211.5279998779297,211.5800018310547,0,0.0,0.0
2026-01-27 08:00:00+00:00,211.5749969482422,211.58799743652344,211.45700073242188,211.4770050048828,0,0.0,0.0
2026-01-27 08:15:00+00:00,211.4720001220703,211.61399841308594,211.47000122070312,211.55499267578125,0,0.0,0.0
2026-01-27 08:30:00+00:00,211.55799865722656,211.66799926757812,211.52200317382812,211.58599853515625,0,0.0,0.0
2026-01-27 08:45:00+00:00,211.58399963378906,211.61900329589844,211.5,211.5500030517578,0,0.0,0.0
2026-01-27 09:00:00+00:00,211.5500030517578,211.5780029296875,211.39500427246094,211.39599609375,0,0.0,0.0
2026-01-27 09:15:00+00:00,211.39700317382812,211.48899841308594,211.36700439453125,211.4759979248047,0,0.0,0.0
2026-01-27 09:30:00+00:00,211.47000122070312,211.49099731445312,211.29800415039062,211.38400268554688,0,0.0,0.0
2026-01-27 09:45:00+00:00,211.38400268554688,211.38800048828125,209.76800537109375,210.61000061035156,0,0.0,0.0
2026-01-27 10:00:00+00:00,210.5959930419922,210.9969940185547,210.56500244140625,210.76199340820312,0,0.0,0.0
2026-01-27 10:15:00+00:00,210.76400756835938,210.95799255371094,210.65499877929688,210.8699951171875,0,0.0,0.0
2026-01-27 10:30:00+00:00,210.86199951171875,210.91099548339844,210.3800048828125,210.59100341796875,0,0.0,0.0
2026-01-27 10:45:00+00:00,210.58200073242188,210.71600341796875,210.51800537109375,210.66200256347656,0,0.0,0.0
2026-01-27 11:00:00+00:00,210.66900634765625,210.68800354003906,210.46299743652344,210.56500244140625,0,0.0,0.0
2026-01-27 11:15:00+00:00,210.5749969482422,210.70799255371094,210.51199340820312,210.53199768066406,0,0.0,0.0
2026-01-27 11:30:00+00:00,210.52699279785156,210.68899536132812,210.48199462890625,210.66200256347656,0,0.0,0.0
2026-01-27 11:45:00+00:00,210.66099548339844,210.822998046875,210.55599975585938,210.76800537109375,0,0.0,0.0
2026-01-27 12:00:00+00:00,210.76699829101562,210.822998046875,210.63800048828125,210.6820068359375,0,0.0,0.0
2026-01-27 12:15:00+00:00,210.6719970703125,210.76300048828125,210.5260009765625,210.71200561523438,0,0.0,0.0
2026-01-27 12:30:00+00:00,210.70199584960938,210.75100708007812,210.47300720214844,210.5659942626953,0,0.0,0.0
2026-01-27 12:45:00+00:00,210.56500244140625,210.7209930419922,210.53399658203125,210.64100646972656,0,0.0,0.0
2026-01-27 13:00:00+00:00,210.63900756835938,210.70799255371094,210.5590057373047,210.6649932861328,0,0.0,0.0
2026-01-27 13:15:00+00:00,210.6540069580078,210.677001953125,210.5399932861328,210.5989990234375,0,0.0,0.0
2026-01-27 13:30:00+00:00,210.5959930419922,210.75100708007812,210.5240020751953,210.6320037841797,0,0.0,0.0
2026-01-27 13:45:00+00:00,210.625,210.70199584960938,210.2519989013672,210.48199462890625,0,0.0,0.0
2026-01-27 14:00:00+00:00,210.49200439453125,210.61000061035156,210.42599487304688,210.5050048828125,0,0.0,0.0
2026-01-27 14:15:00+00:00,210.50399780273438,210.5500030517578,210.4219970703125,210.4530029296875,0,0.0,0.0
2026-01-27 14:30:00+00:00,210.45399475097656,210.93099975585938,210.35899353027344,210.89599609375,0,0.0,0.0
2026-01-27 14:45:00+00:00,210.88099670410156,211.1510009765625,210.87600708007812,210.98800659179688,0,0.0,0.0
2026-01-27 15:00:00+00:00,210.98699951171875,211.04100036621094,210.781005859375,210.86099243164062,0,0.0,0.0
2026-01-27 15:15:00+00:00,210.8509979248047,210.98500061035156,210.7969970703125,210.9040069580078,0,0.0,0.0
2026-01-27 15:30:00+00:00,210.89599609375,211.06399536132812,210.88400268554688,210.91099548339844,0,0.0,0.0
2026-01-27 15:45:00+00:00,210.91099548339844,210.95199584960938,210.6479949951172,210.7239990234375,0,0.0,0.0
2026-01-27 16:00:00+00:00,210.7270050048828,210.79299926757812,210.63099670410156,210.69500732421875,0,0.0,0.0
2026-01-27 16:15:00+00:00,210.69900512695312,210.7169952392578,210.58700561523438,210.6959991455078,0,0.0,0.0
2026-01-27 16:30:00+00:00,210.68800354003906,210.9980010986328,210.67100524902344,210.97799682617188,0,0.0,0.0
2026-01-27 16:45:00+00:00,210.98599243164062,210.9980010986328,210.86399841308594,210.88400268554688,0,0.0,0.0
2026-01-27 17:00:00+00:00,210.88499450683594,210.94200134277344,210.81300354003906,210.822998046875,0,0.0,0.0
2026-01-27 17:15:00+00:00,210.8179931640625,210.83999633789062,210.63499450683594,210.6840057373047,0,0.0,0.0
2026-01-27 17:30:00+00:00,210.68099975585938,210.77000427246094,210.2480010986328,210.4040069580078,0,0.0,0.0
2026-01-27 17:45:00+00:00,210.39599609375,210.64100646972656,210.39599609375,210.61900329589844,0,0.0,0.0
2026-01-27 18:00:00+00:00,210.61599731445312,210.64100646972656,210.38999938964844,210.56100463867188,0,0.0,0.0
2026-01-27 18:15:00+00:00,210.56700134277344,210.61900329589844,210.5070037841797,210.50900268554688,0,0.0,0.0
2026-01-27 18:30:00+00:00,210.5229949951172,210.57000732421875,210.43600463867188,210.44500732421875,0,0.0,0.0
2026-01-27 18:45:00+00:00,210.44900512695312,210.51400756835938,210.40899658203125,210.4530029296875,0,0.0,0.0
2026-01-27 19:00:00+00:00,210.4530029296875,210.53900146484375,210.4530029296875,210.52099609375,0,0.0,0.0
2026-01-27 19:15:00+00:00,210.51300048828125,210.572998046875,210.46099853515625,210.56199645996094,0,0.0,0.0
2026-01-27 19:30:00+00:00,210.56199645996094,210.59800720214844,210.48300170898438,210.49899291992188,0,0.0,0.0
2026-01-27 19:45:00+00:00,210.5,210.59100341796875,210.46400451660156,210.48199462890625,0,0.0,0.0
2026-01-27 20:00:00+00:00,210.4810028076172,210.50799560546875,210.4340057373047,210.49600219726562,0,0.0,0.0
2026-01-27 20:15:00+00:00,210.49400329589844,210.5229949951172,210.32000732421875,210.36500549316406,0,0.0,0.0
2026-01-27 20:30:00+00:00,210.36500549316406,210.593994140625,210.36199951171875,210.39199829101562,0,0.0,0.0
2026-01-27 20:45:00+00:00,210.3780059814453,210.94500732421875,210.05499267578125,210.8350067138672,0,0.0,0.0
2026-01-27 21:00:00+00:00,210.83299255371094,210.91299438476562,210.66099548339844,210.6820068359375,0,0.0,0.0
2026-01-27 21:15:00+00:00,210.677001953125,210.81300354003906,210.62899780273438,210.78799438476562,0,0.0,0.0
2026-01-27 21:30:00+00:00,210.78599548339844,210.95399475097656,210.7779998779297,210.86300659179688,0,0.0,0.0
2026-01-27 21:45:00+00:00,210.86000061035156,210.92999267578125,210.63800048828125,210.76100158691406,0,0.0,0.0
2026-01-27 22:00:00+00:00,210.70799255371094,210.82899475097656,210.44700622558594,210.53399658203125,0,0.0,0.0
2026-01-27 22:15:00+00:00,210.53500366210938,210.75,210.46800231933594,210.60800170898438,0,0.0,0.0
2026-01-27 22:30:00+00:00,210.6580047607422,210.9250030517578,210.5989990234375,210.81300354003906,0,0.0,0.0
2026-01-27 22:45:00+00:00,210.84100341796875,210.9290008544922,210.69200134277344,210.80599975585938,0,0.0,0.0
2026-01-27 23:00:00+00:00,210.7790069580078,210.8769989013672,210.67999267578125,210.81199645996094,0,0.0,0.0
2026-01-27 23:15:00+00:00,210.81100463867188,210.98500061035156,210.75399780273438,210.91200256347656,0,0.0,0.0
2026-01-27 23:30:00+00:00,210.9080047607422,210.97300720214844,210.78599548339844,210.8470001220703,0,0.0,0.0
2026-01-27 23:45:00+00:00,210.84500122070312,210.8979949951172,210.70799255371094,210.75999450683594,0,0.0,0.0
2026-01-28 00:00:00+00:00,210.85000610351562,211.03799438476562,210.73399353027344,210.95399475097656,0,0.0,0.0
2026-01-28 00:15:00+00:00,210.95399475097656,211.0290069580078,210.72900390625,210.9029998779297,0,0.0,0.0
2026-01-28 00:30:00+00:00,210.8990020751953,210.99400329589844,210.83399963378906,210.8769989013672,0,0.0,0.0
2026-01-28 00:45:00+00:00,210.8820037841797,210.94500732421875,210.5970001220703,210.8939971923828,0,0.0,0.0
2026-01-28 01:00:00+00:00,210.89300537109375,211.1020050048828,210.8489990234375,211.093994140625,0,0.0,0.0
2026-01-28 01:15:00+00:00,211.08900451660156,211.1719970703125,210.98300170898438,211.14500427246094,0,0.0,0.0
2026-01-28 01:30:00+00:00,211.1479949951172,211.218994140625,211.03500366210938,211.10400390625,0,0.0,0.0
2026-01-28 01:45:00+00:00,211.10400390625,211.17799377441406,211.06900024414062,211.12600708007812,0,0.0,0.0
2026-01-28 02:00:00+00:00,211.1199951171875,211.1739959716797,211.04100036621094,211.08799743652344,0,0.0,0.0
2026-01-28 02:15:00+00:00,211.08099365234375,211.11099243164062,210.96499633789062,210.98199462890625,0,0.0,0.0
2026-01-28 02:30:00+00:00,210.98199462890625,211.05299377441406,210.94700622558594,210.9600067138672,0,0.0,0.0
2026-01-28 02:45:00+00:00,210.9600067138672,211.031005859375,210.94000244140625,210.96400451660156,0,0.0,0.0
2026-01-28 03:00:00+00:00,210.95599365234375,210.99200439453125,210.9239959716797,210.93800354003906,0,0.0,0.0
2026-01-28 03:15:00+00:00,210.92999267578125,210.97000122070312,210.7949981689453,210.83900451660156,0,0.0,0.0
2026-01-28 03:30:00+00:00,210.83900451660156,210.88600158691406,210.74200439453125,210.7689971923828,0,0.0,0.0
2026-01-28 03:45:00+00:00,210.76199340820312,210.78399658203125,210.67100524902344,210.7469940185547,0,0.0,0.0
2026-01-28 04:00:00+00:00,210.7480010986328,210.85699462890625,210.67599487304688,210.85299682617188,0,0.0,0.0
2026-01-28 04:15:00+00:00,210.84800720214844,210.8679962158203,210.70399475097656,210.76400756835938,0,0.0,0.0
2026-01-28 04:30:00+00:00,210.76400756835938,210.80099487304688,210.6510009765625,210.66099548339844,0,0.0,0.0
2026-01-28 04:45:00+00:00,210.65499877929688,210.66799926757812,210.51400756835938,210.5570068359375,0,0.0,0.0
2026-01-28 05:00:00+00:00,210.5540008544922,210.58900451660156,210.4010009765625,210.53799438476562,0,0.0,0.0
2026-01-28 05:15:00+00:00,210.5330047607422,210.59300231933594,210.49600219726562,210.5260009765625,0,0.0,0.0
2026-01-28 05:30:00+00:00,210.52099609375,210.61000061035156,210.43600463867188,210.5800018310547,0,0.0,0.0
2026-01-28 05:45:00+00:00,210.5800018310547,210.7519989013672,210.5760040283203,210.7030029296875,0,0.0,0.0
2026-01-28 06:00:00+00:00,210.70399475097656,210.83599853515625,210.69500732421875,210.74000549316406,0,0.0,0.0
2026-01-28 06:15:00+00:00,210.7429962158203,210.85000610351562,210.70599365234375,210.7689971923828,0,0.0,0.0
2026-01-28 06:30:00+00:00,210.76699829101562,210.83799743652344,210.68499755859375,210.76300048828125,0,0.0,0.0
2026-01-28 06:45:00+00:00,210.76499938964844,210.83999633789062,210.7239990234375,210.75100708007812,0,0.0,0.0
2026-01-28 07:00:00+00:00,210.75100708007812,210.76300048828125,210.6179962158203,210.6750030517578,0,0.0,0.0
2026-01-28 07:15:00+00:00,210.67599487304688,210.73800659179688,210.54100036621094,210.60699462890625,0,0.0,0.0
2026-01-28 07:30:00+00:00,210.61500549316406,210.68899536132812,210.5489959716797,210.6479949951172,0,0.0,0.0
2026-01-28 07:45:00+00:00,210.6479949951172,210.74099731445312,210.57200622558594,210.66900634765625,0,0.0,0.0
2026-01-28 08:00:00+00:00,210.67100524902344,210.69000244140625,210.4459991455078,210.60800170898438,0,0.0,0.0
2026-01-28 08:15:00+00:00,210.60400390625,210.66600036621094,210.40699768066406,210.4969940185547,0,0.0,0.0
2026-01-28 08:30:00+00:00,210.5,210.58399963378906,210.41400146484375,210.56900024414062,0,0.0,0.0
2026-01-28 08:45:00+00:00,210.57000732421875,210.58900451660156,210.36900329589844,210.427001953125,0,0.0,0.0
2026-01-28 09:00:00+00:00,210.42999267578125,210.49600219726562,210.35299682617188,210.3719940185547,0,0.0,0.0
2026-01-28 09:15:00+00:00,210.3769989013672,210.427001953125,210.3070068359375,210.38600158691406,0,0.0,0.0
2026-01-28 09:30:00+00:00,210.38099670410156,210.51300048828125,210.38099670410156,210.46400451660156,0,0.0,0.0
2026-01-28 09:45:00+00:00,210.468994140625,210.55799865722656,210.40499877929688,210.54200744628906,0,0.0,0.0
2026-01-28 10:00:00+00:00,210.54400634765625,210.5570068359375,210.39599609375,210.4709930419922,0,0.0,0.0
2026-01-28 10:15:00+00:00,210.47500610351562,210.51199340820312,210.33200073242188,210.4080047607422,0,0.0,0.0
2026-01-28 10:30:00+00:00,210.41600036621094,210.52099609375,210.3679962158203,210.41700744628906,0,0.0,0.0
2026-01-28 10:45:00+00:00,210.41700744628906,210.46400451660156,210.23300170898438,210.43600463867188,0,0.0,0.0
2026-01-28 11:00:00+00:00,210.43099975585938,210.4409942626953,210.31199645996094,210.3419952392578,0,0.0,0.0
2026-01-28 11:15:00+00:00,210.33700561523438,210.36500549316406,210.23899841308594,210.2570037841797,0,0.0,0.0
2026-01-28 11:30:00+00:00,210.2570037841797,210.35000610351562,210.1909942626953,210.3419952392578,0,0.0,0.0
2026-01-28 11:45:00+00:00,210.34300231933594,210.37600708007812,210.10899353027344,210.125,0,0.0,0.0
2026-01-28 12:00:00+00:00,210.1300048828125,210.24099731445312,210.07699584960938,210.1959991455078,0,0.0,0.0
2026-01-28 12:15:00+00:00,210.1959991455078,210.20399475097656,210.06399536132812,210.1580047607422,0,0.0,0.0
2026-01-28 12:30:00+00:00,210.16000366210938,210.27099609375,210.05999755859375,210.2689971923828,0,0.0,0.0
2026-01-28 12:45:00+00:00,210.26400756835938,210.4510040283203,210.23899841308594,210.4429931640625,0,0.0,0.0
2026-01-28 13:00:00+00:00,210.43600463867188,210.447998046875,210.30499267578125,210.3260040283203,0,0.0,0.0
2026-01-28 13:15:00+00:00,210.32200622558594,210.35400390625,210.2220001220703,210.29200744628906,0,0.0,0.0
2026-01-28 13:30:00+00:00,210.2899932861328,210.46299743652344,210.28500366210938,210.39500427246094,0,0.0,0.0
2026-01-28 13:45:00+00:00,210.39300537109375,210.53199768066406,210.3509979248047,210.468994140625,0,0.0,0.0
2026-01-28 14:00:00+00:00,210.4739990234375,210.64500427246094,210.45700073242188,210.57699584960938,0,0.0,0.0
2026-01-28 14:15:00+00:00,210.5780029296875,210.64500427246094,210.51600646972656,210.56199645996094,0,0.0,0.0
2026-01-28 14:30:00+00:00,210.5590057373047,210.72300720214844,210.46400451660156,210.67799377441406,0,0.0,0.0
2026-01-28 14:45:00+00:00,210.68299865722656,210.78500366210938,210.59100341796875,210.6840057373047,0,0.0,0.0
2026-01-28 15:00:00+00:00,210.6909942626953,211.49400329589844,210.67599487304688,211.3489990234375,0,0.0,0.0
2026-01-28 15:15:00+00:00,211.33700561523438,211.46800231933594,211.20700073242188,211.2790069580078,0,0.0,0.0
2026-01-28 15:30:00+00:00,211.281005859375,211.29400634765625,211.03799438476562,211.1230010986328,0,0.0,0.0
2026-01-28 15:45:00+00:00,211.125,211.68600463867188,211.11300659179688,211.6179962158203,0,0.0,0.0
2026-01-28 16:00:00+00:00,211.61900329589844,211.78799438476562,211.57699584960938,211.73500061035156,0,0.0,0.0
2026-01-28 16:15:00+00:00,211.73899841308594,211.8979949951172,211.7030029296875,211.76699829101562,0,0.0,0.0
2026-01-28 16:30:00+00:00,211.75799560546875,211.76800537109375,211.59300231933594,211.67100524902344,0,0.0,0.0
2026-01-28 16:45:00+00:00,211.67300415039062,211.7740020751953,211.5919952392578,211.73399353027344,0,0.0,0.0
2026-01-28 17:00:00+00:00,211.7310028076172,211.78199768066406,211.6510009765625,211.72799682617188,0,0.0,0.0
2026-01-28 17:15:00+00:00,211.7209930419922,211.83700561523438,211.64500427246094,211.6820068359375,0,0.0,0.0
2026-01-28 17:30:00+00:00,211.6820068359375,211.75799560546875,211.59100341796875,211.63499450683594,0,0.0,0.0
2026-01-28 17:45:00+00:00,211.63499450683594,211.77099609375,211.61500549316406,211.70399475097656,0,0.0,0.0
2026-01-28 18:00:00+00:00,211.697998046875,211.8179931640625,211.68800354003906,211.75599670410156,0,0.0,0.0
2026-01-28 18:15:00+00:00,211.74600219726562,211.8179931640625,211.74400329589844,211.81300354003906,0,0.0,0.0
2026-01-28 18:30:00+00:00,211.8070068359375,211.9290008544922,211.8070068359375,211.8769989013672,0,0.0,0.0
2026-01-28 18:45:00+00:00,211.88400268554688,211.95799255371094,211.85400390625,211.85400390625,0,0.0,0.0
2026-01-28 19:00:00+00:00,211.88900756835938,212.02999877929688,211.7310028076172,211.77099609375,0,0.0,0.0
2026-01-28 19:15:00+00:00,211.7689971923828,211.86700439453125,211.66900634765625,211.81500244140625,0,0.0,0.0
2026-01-28 19:30:00+00:00,211.81900024414062,211.91400146484375,211.66900634765625,211.73300170898438,0,0.0,0.0
2026-01-28 19:45:00+00:00,211.73300170898438,211.81500244140625,211.64500427246094,211.70199584960938,0,0.0,0.0
2026-01-28 20:00:00+00:00,211.7030029296875,211.79800415039062,211.61300659179688,211.7169952392578,0,0.0,0.0
2026-01-28 20:15:00+00:00,211.71800231933594,211.7760009765625,211.66000366210938,211.6739959716797,0,0.0,0.0
2026-01-28 20:30:00+00:00,211.6820068359375,211.70899963378906,211.56900024414062,211.58999633789062,0,0.0,0.0
2026-01-28 20:45:00+00:00,211.58700561523438,211.66000366210938,211.5679931640625,211.64700317382812,0,0.0,0.0
2026-01-28 21:00:00+00:00,211.64199829101562,211.7239990234375,211.5760040283203,211.70799255371094,0,0.0,0.0
2026-01-28 21:15:00+00:00,211.697998046875,211.7949981689453,211.69500732421875,211.76300048828125,0,0.0,0.0
2026-01-28 21:30:00+00:00,211.75799560546875,211.8350067138672,211.7169952392578,211.83399963378906,0,0.0,0.0
2026-01-28 21:45:00+00:00,211.8249969482422,211.88900756835938,211.73300170898438,211.781005859375,0,0.0,0.0
2026-01-28 22:00:00+00:00,211.78599548339844,211.86199951171875,211.5469970703125,211.55599975585938,0,0.0,0.0
2026-01-28 22:15:00+00:00,211.56100463867188,211.76100158691406,211.5030059814453,211.6750030517578,0,0.0,0.0
2026-01-28 22:30:00+00:00,211.5970001220703,211.79800415039062,211.59100341796875,211.7100067138672,0,0.0,0.0
2026-01-28 22:45:00+00:00,211.66600036621094,211.8260040283203,211.6230010986328,211.6580047607422,0,0.0,0.0
2026-01-28 23:00:00+00:00,211.71800231933594,211.83999633789062,211.56500244140625,211.76300048828125,0,0.0,0.0
2026-01-28 23:15:00+00:00,211.77999877929688,211.84300231933594,211.6179962158203,211.66299438476562,0,0.0,0.0
2026-01-28 23:30:00+00:00,211.6439971923828,211.8419952392578,211.58299255371094,211.58399963378906,0,0.0,0.0
2026-01-28 23:45:00+00:00,211.5970001220703,211.7989959716797,211.58299255371094,211.6300048828125,0,0.0,0.0
2026-01-29 00:00:00+00:00,211.656005859375,211.72500610351562,211.4250030517578,211.61500549316406,0,0.0,0.0
2026-01-29 00:15:00+00:00,211.61099243164062,211.68899536132812,211.427001953125,211.4530029296875,0,0.0,0.0
2026-01-29 00:30:00+00:00,211.45700073242188,211.46200561523438,211.3280029296875,211.4459991455078,0,0.0,0.0
2026-01-29 00:45:00+00:00,211.43800354003906,211.60400390625,211.3350067138672,211.58299255371094,0,0.0,0.0
2026-01-29 01:00:00+00:00,211.5800018310547,211.7100067138672,211.52499389648438,211.60499572753906,0,0.0,0.0
2026-01-29 01:15:00+00:00,211.60400390625,211.68800354003906,211.5030059814453,211.57400512695312,0,0.0,0.0
2026-01-29 01:30:00+00:00,211.572998046875,211.5850067138672,211.39700317382812,211.4199981689453,0,0.0,0.0
2026-01-29 01:45:00+00:00,211.4239959716797,211.54600524902344,211.4080047607422,211.53599548339844,0,0.0,0.0
2026-01-29 02:00:00+00:00,211.53599548339844,211.63299560546875,211.45700073242188,211.52000427246094,0,0.0,0.0
2026-01-29 02:15:00+00:00,211.52000427246094,211.56100463867188,211.3350067138672,211.34100341796875,0,0.0,0.0
2026-01-29 02:30:00+00:00,211.343994140625,211.4709930419922,211.322998046875,211.4499969482422,0,0.0,0.0
2026-01-29 02:45:00+00:00,211.4530029296875,211.51600646972656,211.41000366210938,211.48699951171875,0,0.0,0.0
2026-01-29 03:00:00+00:00,211.4759979248047,211.5919952392578,211.47300720214844,211.5570068359375,0,0.0,0.0
2026-01-29 03:15:00+00:00,211.55799865722656,211.6009979248047,211.44500732421875,211.5070037841797,0,0.0,0.0
2026-01-29 03:30:00+00:00,211.5050048828125,211.56100463867188,211.4250030517578,211.48399353027344,0,0.0,0.0
2026-01-29 03:45:00+00:00,211.4810028076172,211.54100036621094,211.46299743652344,211.5330047607422,0,0.0,0.0
2026-01-29 04:00:00+00:00,211.5290069580078,211.66000366210938,211.5189971923828,211.65199279785156,0,0.0,0.0
2026-01-29 04:15:00+00:00,211.64599609375,211.8300018310547,211.6439971923828,211.68499755859375,0,0.0,0.0
2026-01-29 04:30:00+00:00,211.6790008544922,211.77999877929688,211.66799926757812,211.7010040283203,0,0.0,0.0
2026-01-29 04:45:00+00:00,211.69700622558594,211.75,211.625,211.6999969482422,0,0.0,0.0
2026-01-29 05:00:00+00:00,211.69900512695312,211.73699951171875,211.6529998779297,211.7259979248047,0,0.0,0.0
2026-01-29 05:15:00+00:00,211.7310028076172,211.8280029296875,211.7010040283203,211.78399658203125,0,0.0,0.0
2026-01-29 05:30:00+00:00,211.8000030517578,211.843994140625,211.76300048828125,211.81100463867188,0,0.0,0.0
2026-01-29 05:45:00+00:00,211.81199645996094,211.82200622558594,211.72500610351562,211.7429962158203,0,0.0,0.0
2026-01-29 06:00:00+00:00,211.73599243164062,211.83799743652344,211.71299743652344,211.7259979248047,0,0.0,0.0
2026-01-29 06:15:00+00:00,211.7220001220703,211.73800659179688,211.59800720214844,211.64999389648438,0,0.0,0.0
2026-01-29 06:30:00+00:00,211.63999938964844,211.78799438476562,211.63099670410156,211.77699279785156,0,0.0,0.0
2026-01-29 06:45:00+00:00,211.76699829101562,211.83900451660156,211.7469940185547,211.78399658203125,0,0.0,0.0
2026-01-29 07:00:00+00:00,211.78599548339844,211.90199279785156,211.74400329589844,211.81199645996094,0,0.0,0.0
2026-01-29 07:15:00+00:00,211.81900024414062,212.09300231933594,211.8040008544922,212.0449981689453,0,0.0,0.0
2026-01-29 07:30:00+00:00,212.0469970703125,212.12600708007812,212.01600646972656,212.08599853515625,0,0.0,0.0
2026-01-29 07:45:00+00:00,212.08700561523438,212.11399841308594,212.03199768066406,212.04600524902344,0,0.0,0.0
2026-01-29 08:00:00+00:00,212.0570068359375,212.16400146484375,211.89599609375,212.1009979248047,0,0.0,0.0
2026-01-29 08:15:00+00:00,212.1020050048828,212.12600708007812,211.9969940185547,212.07000732421875,0,0.0,0.0
2026-01-29 08:30:00+00:00,212.08099365234375,212.1580047607422,212.03399658203125,212.06100463867188,0,0.0,0.0
2026-01-29 08:45:00+00:00,212.0590057373047,212.10899353027344,211.83099365234375,211.89700317382812,0,0.0,0.0
2026-01-29 09:00:00+00:00,211.89599609375,211.93899536132812,211.7480010986328,211.7760009765625,0,0.0,0.0
2026-01-29 09:15:00+00:00,211.781005859375,211.88400268554688,211.73699951171875,211.82000732421875,0,0.0,0.0
2026-01-29 09:30:00+00:00,211.8159942626953,211.86199951171875,211.61099243164062,211.7030029296875,0,0.0,0.0
2026-01-29 09:45:00+00:00,211.70199584960938,211.73300170898438,211.57899475097656,211.61900329589844,0,0.0,0.0
2026-01-29 10:00:00+00:00,211.6219940185547,211.7030029296875,211.58099365234375,211.5959930419922,0,0.0,0.0
2026-01-29 10:15:00+00:00,211.593994140625,211.65899658203125,211.53799438476562,211.63299560546875,0,0.0,0.0
2026-01-29 10:30:00+00:00,211.63900756835938,211.72000122070312,211.5489959716797,211.58099365234375,0,0.0,0.0
2026-01-29 10:45:00+00:00,211.58200073242188,211.58799743652344,211.4149932861328,211.4739990234375,0,0.0,0.0
2026-01-29 11:00:00+00:00,211.46800231933594,211.68299865722656,211.447998046875,211.67100524902344,0,0.0,0.0
2026-01-29 11:15:00+00:00,211.67100524902344,211.71299743652344,211.6060028076172,211.69400024414062,0,0.0,0.0
2026-01-29 11:30:00+00:00,211.69200134277344,211.78500366210938,211.64300537109375,211.76800537109375,0,0.0,0.0
2026-01-29 11:45:00+00:00,211.77499389648438,211.7949981689453,211.56700134277344,211.68299865722656,0,0.0,0.0
2026-01-29 12:00:00+00:00,211.68800354003906,211.68800354003906,211.53700256347656,211.6009979248047,0,0.0,0.0
2026-01-29 12:15:00+00:00,211.6020050048828,211.68600463867188,211.57699584960938,211.66799926757812,0,0.0,0.0
2026-01-29 12:30:00+00:00,211.6649932861328,211.70799255371094,211.5970001220703,211.60000610351562,0,0.0,0.0
2026-01-29 12:45:00+00:00,211.6009979248047,211.70199584960938,211.5850067138672,211.6490020751953,0,0.0,0.0
2026-01-29 13:00:00+00:00,211.65199279785156,211.81700134277344,211.61700439453125,211.7209930419922,0,0.0,0.0
2026-01-29 13:15:00+00:00,211.71200561523438,211.7550048828125,211.6540069580078,211.6540069580078,0,0.0,0.0
2026-01-29 13:30:00+00:00,211.66400146484375,211.718994140625,211.64300537109375,211.65899658203125,0,0.0,0.0
2026-01-29 13:45:00+00:00,211.65899658203125,211.73699951171875,211.62399291992188,211.68299865722656,0,0.0,0.0
2026-01-29 14:00:00+00:00,211.68299865722656,211.85899353027344,211.68299865722656,211.8159942626953,0,0.0,0.0
2026-01-29 14:15:00+00:00,211.81500244140625,211.91200256347656,211.81300354003906,211.8769989013672,0,0.0,0.0
2026-01-29 14:30:00+00:00,211.87399291992188,211.9010009765625,211.7570037841797,211.8070068359375,0,0.0,0.0
2026-01-29 14:45:00+00:00,211.80599975585938,211.843994140625,211.53599548339844,211.63499450683594,0,0.0,0.0
2026-01-29 15:00:00+00:00,211.64700317382812,211.68099975585938,211.31300354003906,211.35800170898438,0,0.0,0.0
2026-01-29 15:15:00+00:00,211.35899353027344,211.375,210.9709930419922,211.0,0,0.0,0.0
2026-01-29 15:30:00+00:00,211.00799560546875,211.07000732421875,210.04100036621094,210.07400512695312,0,0.0,0.0
2026-01-29 15:45:00+00:00,210.0749969482422,210.42300415039062,210.03399658203125,210.32200622558594,0,0.0,0.0
2026-01-29 16:00:00+00:00,210.3209991455078,210.67599487304688,210.28399658203125,210.63600158691406,0,0.0,0.0
2026-01-29 16:15:00+00:00,210.63999938964844,210.84500122070312,210.61000061035156,210.6790008544922,0,0.0,0.0
2026-01-29 16:30:00+00:00,210.68499755859375,210.86000061035156,210.66799926757812,210.75799560546875,0,0.0,0.0
2026-01-29 16:45:00+00:00,210.76499938964844,210.93600463867188,210.7239990234375,210.86599731445312,0,0.0,0.0
2026-01-29 17:00:00+00:00,210.87399291992188,210.98399353027344,210.85899353027344,210.9600067138672,0,0.0,0.0
2026-01-29 17:15:00+00:00,210.9600067138672,211.0780029296875,210.8820037841797,211.0330047607422,0,0.0,0.0
2026-01-29 17:30:00+00:00,211.0330047607422,211.13099670410156,210.98599243164062,211.0489959716797,0,0.0,0.0
2026-01-29 17:45:00+00:00,211.04200744628906,211.0500030517578,210.9429931640625,210.9720001220703,0,0.0,0.0
2026-01-29 18:00:00+00:00,210.9720001220703,211.1699981689453,210.9409942626953,211.11900329589844,0,0.0,0.0
2026-01-29 18:15:00+00:00,211.11900329589844,211.2010040283203,211.05499267578125,211.17799377441406,0,0.0,0.0
2026-01-29 18:30:00+00:00,211.1750030517578,211.2760009765625,211.08799743652344,211.21099853515625,0,0.0,0.0
2026-01-29 18:45:00+00:00,211.2100067138672,211.23800659179688,211.12399291992188,211.125,0,0.0,0.0
2026-01-29 19:00:00+00:00,211.12399291992188,211.25799560546875,211.08700561523438,211.24400329589844,0,0.0,0.0
2026-01-29 19:15:00+00:00,211.24400329589844,211.27699279785156,211.1699981689453,211.21600341796875,0,0.0,0.0
2026-01-29 19:30:00+00:00,211.2100067138672,211.2270050048828,211.1280059814453,211.18499755859375,0,0.0,0.0
2026-01-29 19:45:00+00:00,211.1909942626953,211.2169952392578,211.1320037841797,211.13400268554688,0,0.0,0.0
2026-01-29 20:00:00+00:00,211.13400268554688,211.33900451660156,211.13400268554688,211.30499267578125,0,0.0,0.0
2026-01-29 20:15:00+00:00,211.3040008544922,211.3260040283203,211.21800231933594,211.2519989013672,0,0.0,0.0
2026-01-29 20:30:00+00:00,211.24899291992188,211.2969970703125,211.1959991455078,211.26699829101562,0,0.0,0.0
2026-01-29 20:45:00+00:00,211.26800537109375,211.3820037841797,211.25999450683594,211.36599731445312,0,0.0,0.0
2026-01-29 21:00:00+00:00,211.3679962158203,211.45199584960938,211.33200073242188,211.4219970703125,0,0.0,0.0
2026-01-29 21:15:00+00:00,211.4250030517578,211.51699829101562,211.39599609375,211.4739990234375,0,0.0,0.0
2026-01-29 21:30:00+00:00,211.4759979248047,211.51199340820312,211.3939971923828,211.41299438476562,0,0.0,0.0
2026-01-29 21:45:00+00:00,211.41299438476562,211.48599243164062,211.23500061035156,211.35699462890625,0,0.0,0.0
2026-01-29 22:00:00+00:00,211.4499969482422,211.4499969482422,211.0800018310547,211.177001953125,0,0.0,0.0
2026-01-29 22:15:00+00:00,211.1750030517578,211.40699768066406,211.1300048828125,211.25599670410156,0,0.0,0.0
2026-01-29 22:30:00+00:00,211.25900268554688,211.4149932861328,211.01199340820312,211.32699584960938,0,0.0,0.0
2026-01-29 22:45:00+00:00,211.3260040283203,211.3730010986328,211.1959991455078,211.2100067138672,0,0.0,0.0
2026-01-29 23:00:00+00:00,211.24899291992188,211.3260040283203,211.1510009765625,211.177001953125,0,0.0,0.0
2026-01-29 23:15:00+00:00,211.177001953125,211.25,211.11300659179688,211.17799377441406,0,0.0,0.0
2026-01-29 23:30:00+00:00,211.17799377441406,211.36399841308594,211.16000366210938,211.33999633789062,0,0.0,0.0
2026-01-29 23:45:00+00:00,211.35499572753906,211.5189971923828,211.33900451660156,211.46600341796875,0,0.0,0.0
2026-01-30 00:00:00+00:00,211.44700622558594,211.56500244140625,211.40699768066406,211.5240020751953,0,0.0,0.0
2026-01-30 00:15:00+00:00,211.51800537109375,211.62600708007812,211.4499969482422,211.58299255371094,0,0.0,0.0
2026-01-30 00:30:00+00:00,211.58799743652344,211.63499450683594,211.4709930419922,211.57899475097656,0,0.0,0.0
2026-01-30 00:45:00+00:00,211.58599853515625,211.63800048828125,211.43699645996094,211.49000549316406,0,0.0,0.0
2026-01-30 01:00:00+00:00,211.47500610351562,211.68099975585938,211.46400451660156,211.5679931640625,0,0.0,0.0
2026-01-30 01:15:00+00:00,211.5679931640625,211.66600036621094,211.4759979248047,211.5330047607422,0,0.0,0.0
2026-01-30 01:30:00+00:00,211.5260009765625,211.6230010986328,211.44500732421875,211.44900512695312,0,0.0,0.0
2026-01-30 01:45:00+00:00,211.4499969482422,211.61599731445312,211.39100646972656,211.58299255371094,0,0.0,0.0
2026-01-30 02:00:00+00:00,211.5760040283203,211.7530059814453,211.51100158691406,211.69400024414062,0,0.0,0.0
2026-01-30 02:15:00+00:00,211.69500732421875,211.71099853515625,211.28900146484375,211.36700439453125,0,0.0,0.0
2026-01-30 02:30:00+00:00,211.35899353027344,211.718994140625,211.32000732421875,211.5760040283203,0,0.0,0.0
2026-01-30 02:45:00+00:00,211.5760040283203,211.8000030517578,211.56399536132812,211.66000366210938,0,0.0,0.0
2026-01-30 03:00:00+00:00,211.66099548339844,211.7050018310547,211.5330047607422,211.56399536132812,0,0.0,0.0
2026-01-30 03:15:00+00:00,211.55999755859375,211.66299438476562,211.52000427246094,211.6219940185547,0,0.0,0.0
2026-01-30 03:30:00+00:00,211.61599731445312,211.79100036621094,211.59100341796875,211.6439971923828,0,0.0,0.0
2026-01-30 03:45:00+00:00,211.64500427246094,211.7760009765625,211.6199951171875,211.7259979248047,0,0.0,0.0
2026-01-30 04:00:00+00:00,211.7259979248047,211.9149932861328,211.7239990234375,211.8350067138672,0,0.0,0.0
2026-01-30 04:15:00+00:00,211.843994140625,211.86399841308594,211.67799377441406,211.69700622558594,0,0.0,0.0
2026-01-30 04:30:00+00:00,211.68800354003906,211.7220001220703,211.5970001220703,211.6060028076172,0,0.0,0.0
2026-01-30 04:45:00+00:00,211.60699462890625,211.68600463867188,211.59800720214844,211.68600463867188,0,0.0,0.0
2026-01-30 05:00:00+00:00,211.6840057373047,211.8509979248047,211.61399841308594,211.66700744628906,0,0.0,0.0
2026-01-30 05:15:00+00:00,211.66600036621094,211.7449951171875,211.61700439453125,211.68499755859375,0,0.0,0.0
2026-01-30 05:30:00+00:00,211.68699645996094,211.88900756835938,211.63299560546875,211.8300018310547,0,0.0,0.0
2026-01-30 05:45:00+00:00,211.83900451660156,211.84300231933594,211.6999969482422,211.7209930419922,0,0.0,0.0
2026-01-30 06:00:00+00:00,211.71800231933594,211.74600219726562,211.61900329589844,211.63900756835938,0,0.0,0.0
2026-01-30 06:15:00+00:00,211.64300537109375,211.66299438476562,211.51199340820312,211.56500244140625,0,0.0,0.0
2026-01-30 06:30:00+00:00,211.55799865722656,211.75100708007812,211.4969940185547,211.67599487304688,0,0.0,0.0
2026-01-30 06:45:00+00:00,211.67599487304688,211.6959991455078,211.55299377441406,211.62399291992188,0,0.0,0.0
2026-01-30 07:00:00+00:00,211.62399291992188,211.8780059814453,211.5800018310547,211.8000030517578,0,0.0,0.0
2026-01-30 07:15:00+00:00,211.80099487304688,211.8260040283203,211.63099670410156,211.6699981689453,0,0.0,0.0
2026-01-30 07:30:00+00:00,211.6739959716797,211.8419952392578,211.63800048828125,211.6929931640625,0,0.0,0.0
2026-01-30 07:45:00+00:00,211.6929931640625,211.89500427246094,211.6179962158203,211.77499389648438,0,0.0,0.0
2026-01-30 08:00:00+00:00,211.7760009765625,211.93699645996094,211.70700073242188,211.7689971923828,0,0.0,0.0
2026-01-30 08:15:00+00:00,211.7689971923828,211.93499755859375,211.66799926757812,211.79299926757812,0,0.0,0.0
2026-01-30 08:30:00+00:00,211.78599548339844,211.8679962158203,211.59800720214844,211.8040008544922,0,0.0,0.0
2026-01-30 08:45:00+00:00,211.80299377441406,211.95799255371094,211.76400756835938,211.88699340820312,0,0.0,0.0
2026-01-30 09:00:00+00:00,211.88800048828125,211.99600219726562,211.8300018310547,211.8470001220703,0,0.0,0.0
2026-01-30 09:15:00+00:00,211.84800720214844,211.99200439453125,211.7899932861328,211.95700073242188,0,0.0,0.0
2026-01-30 09:30:00+00:00,211.9550018310547,211.98199462890625,211.68899536132812,211.72300720214844,0,0.0,0.0
2026-01-30 09:45:00+00:00,211.7259979248047,211.88600158691406,211.60000610351562,211.87600708007812,0,0.0,0.0
2026-01-30 10:00:00+00:00,211.8769989013672,212.0449981689453,211.77499389648438,211.92999267578125,0,0.0,0.0
2026-01-30 10:15:00+00:00,211.92799377441406,211.93299865722656,211.7740020751953,211.84100341796875,0,0.0,0.0
2026-01-30 10:30:00+00:00,211.83700561523438,211.95799255371094,211.80999755859375,211.92999267578125,0,0.0,0.0
2026-01-30 10:45:00+00:00,211.92599487304688,211.9770050048828,211.86700439453125,211.94200134277344,0,0.0,0.0
2026-01-30 11:00:00+00:00,211.94700622558594,211.99899291992188,211.83599853515625,211.96099853515625,0,0.0,0.0
2026-01-30 11:15:00+00:00,211.95799255371094,212.05299377441406,211.8939971923828,211.95399475097656,0,0.0,0.0
2026-01-30 11:30:00+00:00,211.95799255371094,212.0709991455078,211.9510040283203,211.9929962158203,0,0.0,0.0
2026-01-30 11:45:00+00:00,211.99000549316406,212.1179962158203,211.90199279785156,211.99400329589844,0,0.0,0.0
2026-01-30 12:00:00+00:00,211.9929962158203,212.10299682617188,211.97999572753906,212.0590057373047,0,0.0,0.0
2026-01-30 12:15:00+00:00,212.06199645996094,212.10000610351562,211.9429931640625,211.99400329589844,0,0.0,0.0
2026-01-30 12:30:00+00:00,212.0,212.10899353027344,211.98199462890625,212.0279998779297,0,0.0,0.0
2026-01-30 12:45:00+00:00,212.02699279785156,212.0540008544922,211.92799377441406,211.98599243164062,0,0.0,0.0
2026-01-30 13:00:00+00:00,211.9759979248047,212.08200073242188,211.9149932861328,212.0260009765625,0,0.0,0.0
2026-01-30 13:15:00+00:00,212.02699279785156,212.0330047607422,211.8459930419922,211.9290008544922,0,0.0,0.0
2026-01-30 13:30:00+00:00,211.927001953125,212.0709991455078,211.86900329589844,212.03199768066406,0,0.0,0.0
2026-01-30 13:45:00+00:00,212.04400634765625,212.17300415039062,211.93800354003906,212.16400146484375,0,0.0,0.0
2026-01-30 14:00:00+00:00,212.16099548339844,212.22799682617188,212.0290069580078,212.11199951171875,0,0.0,0.0
2026-01-30 14:15:00+00:00,212.11900329589844,212.2899932861328,212.08999633789062,212.28799438476562,0,0.0,0.0
2026-01-30 14:30:00+00:00,212.29100036621094,212.36599731445312,212.14999389648438,212.2449951171875,0,0.0,0.0
2026-01-30 14:45:00+00:00,212.24899291992188,212.45899963378906,212.1959991455078,212.2209930419922,0,0.0,0.0
2026-01-30 15:00:00+00:00,212.21499633789062,212.4340057373047,212.18299865722656,212.3300018310547,0,0.0,0.0
2026-01-30 15:15:00+00:00,212.33099365234375,212.4709930419922,212.26800537109375,212.29299926757812,0,0.0,0.0
2026-01-30 15:30:00+00:00,212.2949981689453,212.3719940185547,212.19400024414062,212.20700073242188,0,0.0,0.0
2026-01-30 15:45:00+00:00,212.2030029296875,212.21600341796875,211.58099365234375,211.58599853515625,0,0.0,0.0
2026-01-30 16:00:00+00:00,211.58399963378906,211.76699829101562,211.53199768066406,211.6510009765625,0,0.0,0.0
2026-01-30 16:15:00+00:00,211.66900634765625,211.74400329589844,211.5469970703125,211.72000122070312,0,0.0,0.0
2026-01-30 16:30:00+00:00,211.7209930419922,211.83200073242188,211.63800048828125,211.76699829101562,0,0.0,0.0
2026-01-30 16:45:00+00:00,211.7760009765625,211.87899780273438,211.70599365234375,211.85699462890625,0,0.0,0.0
2026-01-30 17:00:00+00:00,211.8509979248047,211.86099243164062,211.60000610351562,211.6699981689453,0,0.0,0.0
2026-01-30 17:15:00+00:00,211.6699981689453,211.85400390625,211.63499450683594,211.76100158691406,0,0.0,0.0
2026-01-30 17:30:00+00:00,211.76699829101562,211.83099365234375,211.67599487304688,211.7989959716797,0,0.0,0.0
2026-01-30 17:45:00+00:00,211.7899932861328,211.89100646972656,211.70599365234375,211.718994140625,0,0.0,0.0
2026-01-30 18:00:00+00:00,211.72300720214844,211.77200317382812,211.6490020751953,211.72500610351562,0,0.0,0.0
2026-01-30 18:15:00+00:00,211.72000122070312,211.72999572753906,211.56300354003906,211.60800170898438,0,0.0,0.0
2026-01-30 18:30:00+00:00,211.61199951171875,211.7010040283203,211.49200439453125,211.68499755859375,0,0.0,0.0
2026-01-30 18:45:00+00:00,211.67999267578125,211.73899841308594,211.5189971923828,211.69500732421875,0,0.0,0.0
2026-01-30 19:00:00+00:00,211.69000244140625,211.83200073242188,211.69000244140625,211.79100036621094,0,0.0,0.0
2026-01-30 19:15:00+00:00,211.79100036621094,211.84500122070312,211.76400756835938,211.79100036621094,0,0.0,0.0
2026-01-30 19:30:00+00:00,211.78900146484375,211.83999633789062,211.7239990234375,211.72900390625,0,0.0,0.0
2026-01-30 19:45:00+00:00,211.72900390625,211.79800415039062,211.6269989013672,211.6790008544922,0,0.0,0.0
2026-01-30 20:00:00+00:00,211.67599487304688,211.8000030517578,211.6529998779297,211.72500610351562,0,0.0,0.0
2026-01-30 20:15:00+00:00,211.72500610351562,211.73399353027344,211.6179962158203,211.65699768066406,0,0.0,0.0
2026-01-30 20:30:00+00:00,211.65699768066406,211.73699951171875,211.6199951171875,211.68699645996094,0,0.0,0.0
2026-01-30 20:45:00+00:00,211.69000244140625,211.81300354003906,211.66700744628906,211.75599670410156,0,0.0,0.0
2026-01-30 21:00:00+00:00,211.7570037841797,211.78399658203125,211.68899536132812,211.73899841308594,0,0.0,0.0
2026-01-30 21:15:00+00:00,211.73199462890625,211.8179931640625,211.71800231933594,211.74899291992188,0,0.0,0.0
2026-01-30 21:30:00+00:00,211.7519989013672,211.85499572753906,211.68800354003906,211.78900146484375,0,0.0,0.0
2026-01-30 21:45:00+00:00,211.78900146484375,211.8459930419922,211.7050018310547,211.7429962158203,0,0.0,0.0
2026-01-30 22:00:00+00:00,211.81700134277344,211.81700134277344,211.81700134277344,211.81700134277344,0,0.0,0.0
2026-01-30 22:15:00+00:00,211.81700134277344,211.81700134277344,211.81700134277344,211.81700134277344,0,0.0,0.0
2026-02-02 00:00:00+00:00,212.28599548339844,212.302001953125,212.03799438476562,212.18699645996094,0,0.0,0.0
2026-02-02 00:15:00+00:00,212.19400024414062,212.4199981689453,212.16600036621094,212.31500244140625,0,0.0,0.0
2026-02-02 00:30:00+00:00,212.31300354003906,212.54299926757812,212.27200317382812,212.5030059814453,0,0.0,0.0
2026-02-02 00:45:00+00:00,212.49600219726562,212.67999267578125,212.46499633789062,212.66200256347656,0,0.0,0.0
2026-02-02 01:00:00+00:00,212.66900634765625,212.68299865722656,212.40899658203125,212.5260009765625,0,0.0,0.0
2026-02-02 01:15:00+00:00,212.5260009765625,212.5760040283203,212.3939971923828,212.46099853515625,0,0.0,0.0
2026-02-02 01:30:00+00:00,212.46499633789062,212.47900390625,212.31700134277344,212.36900329589844,0,0.0,0.0
2026-02-02 01:45:00+00:00,212.36399841308594,212.43099975585938,212.25399780273438,212.29299926757812,0,0.0,0.0
2026-02-02 02:00:00+00:00,212.2989959716797,212.36399841308594,212.15499877929688,212.2760009765625,0,0.0,0.0
2026-02-02 02:15:00+00:00,212.27999877929688,212.30799865722656,212.0500030517578,212.21099853515625,0,0.0,0.0
2026-02-02 02:30:00+00:00,212.20899963378906,212.30299377441406,212.15699768066406,212.20799255371094,0,0.0,0.0
2026-02-02 02:45:00+00:00,212.21099853515625,212.2760009765625,212.1230010986328,212.25799560546875,0,0.0,0.0
2026-02-02 03:00:00+00:00,212.26100158691406,212.31500244140625,212.11300659179688,212.1580047607422,0,0.0,0.0
2026-02-02 03:15:00+00:00,212.1649932861328,212.2169952392578,212.0959930419922,212.18600463867188,0,0.0,0.0
2026-02-02 03:30:00+00:00,212.18600463867188,212.22000122070312,212.06100463867188,212.1009979248047,0,0.0,0.0
2026-02-02 03:45:00+00:00,212.10000610351562,212.14700317382812,212.00599670410156,212.0590057373047,0,0.0,0.0
2026-02-02 04:00:00+00:00,212.0679931640625,212.07200622558594,211.77499389648438,211.81500244140625,0,0.0,0.0
2026-02-02 04:15:00+00:00,211.8090057373047,211.93099975585938,211.79200744628906,211.88099670410156,0,0.0,0.0
2026-02-02 04:30:00+00:00,211.8699951171875,211.93800354003906,211.79800415039062,211.9029998779297,0,0.0,0.0
2026-02-02 04:45:00+00:00,211.8990020751953,211.95700073242188,211.8280029296875,211.8520050048828,0,0.0,0.0
2026-02-02 05:00:00+00:00,211.84800720214844,211.94900512695312,211.7239990234375,211.81900024414062,0,0.0,0.0
2026-02-02 05:15:00+00:00,211.81900024414062,211.87100219726562,211.7530059814453,211.7899932861328,0,0.0,0.0
2026-02-02 05:30:00+00:00,211.79400634765625,211.8730010986328,211.625,211.625,0,0.0,0.0
2026-02-02 05:45:00+00:00,211.625,211.78399658203125,211.58099365234375,211.76499938964844,0,0.0,0.0
2026-02-02 06:00:00+00:00,211.76600646972656,211.8780059814453,211.55599975585938,211.55799865722656,0,0.0,0.0
2026-02-02 06:15:00+00:00,211.55999755859375,211.66000366210938,211.48800659179688,211.5659942626953,0,0.0,0.0
2026-02-02 06:30:00+00:00,211.56199645996094,211.6230010986328,211.2790069580078,211.3780059814453,0,0.0,0.0
2026-02-02 06:45:00+00:00,211.38800048828125,211.4530029296875,211.31300354003906,211.41099548339844,0,0.0,0.0
2026-02-02 07:00:00+00:00,211.4010009765625,211.82899475097656,211.3820037841797,211.8209991455078,0,0.0,0.0
2026-02-02 07:15:00+00:00,211.82200622558594,211.8280029296875,211.718994140625,211.76800537109375,0,0.0,0.0
2026-02-02 07:30:00+00:00,211.7689971923828,211.8070068359375,211.59300231933594,211.79600524902344,0,0.0,0.0
2026-02-02 07:45:00+00:00,211.80499267578125,211.9669952392578,211.75100708007812,211.8939971923828,0,0.0,0.0
2026-02-02 08:00:00+00:00,211.8990020751953,212.0279998779297,211.8159942626953,211.95399475097656,0,0.0,0.0
2026-02-02 08:15:00+00:00,211.94900512695312,212.26699829101562,211.94200134277344,212.18499755859375,0,0.0,0.0
2026-02-02 08:30:00+00:00,212.1929931640625,212.2530059814453,212.093994140625,212.218994140625,0,0.0,0.0
2026-02-02 08:45:00+00:00,212.218994140625,212.22900390625,212.08799743652344,212.177001953125,0,0.0,0.0
2026-02-02 09:00:00+00:00,212.177001953125,212.2100067138672,211.96800231933594,212.03399658203125,0,0.0,0.0
2026-02-02 09:15:00+00:00,212.03599548339844,212.15899658203125,212.0229949951172,212.1219940185547,0,0.0,0.0
2026-02-02 09:30:00+00:00,212.11099243164062,212.19200134277344,212.06399536132812,212.16299438476562,0,0.0,0.0
2026-02-02 09:45:00+00:00,212.1580047607422,212.24600219726562,212.11700439453125,212.1750030517578,0,0.0,0.0
2026-02-02 10:00:00+00:00,212.17799377441406,212.2740020751953,212.14100646972656,212.21499633789062,0,0.0,0.0
2026-02-02 10:15:00+00:00,212.21499633789062,212.3419952392578,212.21499633789062,212.33200073242188,0,0.0,0.0
2026-02-02 10:30:00+00:00,212.3300018310547,212.34300231933594,212.08099365234375,212.08900451660156,0,0.0,0.0
2026-02-02 10:45:00+00:00,212.08799743652344,212.14300537109375,212.02499389648438,212.04400634765625,0,0.0,0.0
2026-02-02 11:00:00+00:00,212.0449981689453,212.07699584960938,211.98399353027344,212.0679931640625,0,0.0,0.0
2026-02-02 11:15:00+00:00,212.0679931640625,212.19400024414062,212.02499389648438,212.1750030517578,0,0.0,0.0
2026-02-02 11:30:00+00:00,212.17599487304688,212.218994140625,212.0970001220703,212.13800048828125,0,0.0,0.0
2026-02-02 11:45:00+00:00,212.13299560546875,212.1439971923828,211.99899291992188,212.01100158691406,0,0.0,0.0
2026-02-02 12:00:00+00:00,212.01199340820312,212.1580047607422,211.99000549316406,212.1540069580078,0,0.0,0.0
2026-02-02 12:15:00+00:00,212.1529998779297,212.18099975585938,212.06399536132812,212.10800170898438,0,0.0,0.0
2026-02-02 12:30:00+00:00,212.10299682617188,212.18499755859375,212.07699584960938,212.11700439453125,0,0.0,0.0
2026-02-02 12:45:00+00:00,212.11700439453125,212.1580047607422,212.0780029296875,212.08299255371094,0,0.0,0.0
2026-02-02 13:00:00+00:00,212.0780029296875,212.08999633789062,211.91299438476562,212.0749969482422,0,0.0,0.0
2026-02-02 13:15:00+00:00,212.0800018310547,212.10400390625,211.9720001220703,212.08799743652344,0,0.0,0.0
2026-02-02 13:30:00+00:00,212.09300231933594,212.1060028076172,212.00100708007812,212.06199645996094,0,0.0,0.0
2026-02-02 13:45:00+00:00,212.06300354003906,212.08599853515625,211.89700317382812,211.90199279785156,0,0.0,0.0
2026-02-02 14:00:00+00:00,211.90199279785156,211.96800231933594,211.79600524902344,211.85299682617188,0,0.0,0.0
2026-02-02 14:15:00+00:00,211.85400390625,211.9029998779297,211.7830047607422,211.85299682617188,0,0.0,0.0
2026-02-02 14:30:00+00:00,211.8520050048828,212.1439971923828,211.81700134277344,212.0800018310547,0,0.0,0.0
2026-02-02 14:45:00+00:00,212.0760040283203,212.39999389648438,212.0659942626953,212.25,0,0.0,0.0
2026-02-02 15:00:00+00:00,212.22900390625,212.3939971923828,212.16400146484375,212.3730010986328,0,0.0,0.0
2026-02-02 15:15:00+00:00,212.37899780273438,212.4669952392578,212.2689971923828,212.3679962158203,0,0.0,0.0
2026-02-02 15:30:00+00:00,212.3679962158203,212.49200439453125,212.281005859375,212.31100463867188,0,0.0,0.0
2026-02-02 15:45:00+00:00,212.30999755859375,212.32000732421875,212.10299682617188,212.13999938964844,0,0.0,0.0
2026-02-02 16:00:00+00:00,212.14199829101562,212.2689971923828,212.0330047607422,212.23699951171875,0,0.0,0.0
2026-02-02 16:15:00+00:00,212.24600219726562,212.40899658203125,212.21200561523438,212.3070068359375,0,0.0,0.0
2026-02-02 16:30:00+00:00,212.30799865722656,212.38400268554688,212.26800537109375,212.3719940185547,0,0.0,0.0
2026-02-02 16:45:00+00:00,212.3699951171875,212.38400268554688,212.27000427246094,212.30099487304688,0,0.0,0.0
2026-02-02 17:00:00+00:00,212.30599975585938,212.4149932861328,212.3000030517578,212.3679962158203,0,0.0,0.0
2026-02-02 17:15:00+00:00,212.37100219726562,212.39700317382812,212.2760009765625,212.33900451660156,0,0.0,0.0
2026-02-02 17:30:00+00:00,212.33099365234375,212.4029998779297,212.28799438476562,212.37600708007812,0,0.0,0.0
2026-02-02 17:45:00+00:00,212.37600708007812,212.4499969482422,212.343994140625,212.41099548339844,0,0.0,0.0
2026-02-02 18:00:00+00:00,212.41099548339844,212.56399536132812,212.40199279785156,212.4969940185547,0,0.0,0.0
2026-02-02 18:15:00+00:00,212.4929962158203,212.63099670410156,212.49000549316406,212.62399291992188,0,0.0,0.0
2026-02-02 18:30:00+00:00,212.625,212.6529998779297,212.54600524902344,212.55999755859375,0,0.0,0.0
2026-02-02 18:45:00+00:00,212.552001953125,212.5959930419922,212.4409942626953,212.4810028076172,0,0.0,0.0
2026-02-02 19:00:00+00:00,212.468994140625,212.5570068359375,212.4669952392578,212.50900268554688,0,0.0,0.0
2026-02-02 19:15:00+00:00,212.50399780273438,212.56500244140625,212.49600219726562,212.5469970703125,0,0.0,0.0
2026-02-02 19:30:00+00:00,212.54100036621094,212.64999389648438,212.52999877929688,212.6230010986328,0,0.0,0.0
2026-02-02 19:45:00+00:00,212.6230010986328,212.64100646972656,212.55799865722656,212.56700134277344,0,0.0,0.0
2026-02-02 20:00:00+00:00,212.5679931640625,212.6300048828125,212.51499938964844,212.5290069580078,0,0.0,0.0
2026-02-02 20:15:00+00:00,212.52200317382812,212.58900451660156,212.51499938964844,212.5760040283203,0,0.0,0.0
2026-02-02 20:30:00+00:00,212.57000732421875,212.60000610351562,212.5330047607422,212.572998046875,0,0.0,0.0
2026-02-02 20:45:00+00:00,212.57899475097656,212.6199951171875,212.53799438476562,212.61399841308594,0,0.0,0.0
2026-02-02 21:00:00+00:00,212.61399841308594,212.6649932861328,212.5399932861328,212.61700439453125,0,0.0,0.0
2026-02-02 21:15:00+00:00,212.6219940185547,212.66400146484375,212.58399963378906,212.61300659179688,0,0.0,0.0
2026-02-02 21:30:00+00:00,212.62100219726562,212.6439971923828,212.5989990234375,212.6199951171875,0,0.0,0.0
2026-02-02 21:45:00+00:00,212.6199951171875,212.68099975585938,212.60000610351562,212.61099243164062,0,0.0,0.0
2026-02-02 22:00:00+00:00,212.60400390625,212.71400451660156,212.4219970703125,212.58399963378906,0,0.0,0.0
2026-02-02 22:15:00+00:00,212.58399963378906,212.6699981689453,212.5330047607422,212.57200622558594,0,0.0,0.0
2026-02-02 22:30:00+00:00,212.57200622558594,212.6719970703125,212.5540008544922,212.63099670410156,0,0.0,0.0
2026-02-02 22:45:00+00:00,212.58799743652344,212.66700744628906,212.46400451660156,212.5279998779297,0,0.0,0.0
2026-02-02 23:00:00+00:00,212.5279998779297,212.6540069580078,212.4409942626953,212.56900024414062,0,0.0,0.0
2026-02-02 23:15:00+00:00,212.55499267578125,212.64300537109375,212.552001953125,212.61500549316406,0,0.0,0.0
2026-02-02 23:30:00+00:00,212.60000610351562,212.63800048828125,212.5500030517578,212.6179962158203,0,0.0,0.0
2026-02-02 23:45:00+00:00,212.60400390625,212.64300537109375,212.48199462890625,212.56500244140625,0,0.0,0.0
2026-02-03 00:00:00+00:00,212.56300354003906,212.68099975585938,212.53700256347656,212.5850067138672,0,0.0,0.0
2026-02-03 00:15:00+00:00,212.5850067138672,212.7429962158203,212.5850067138672,212.6840057373047,0,0.0,0.0
2026-02-03 00:30:00+00:00,212.6909942626953,212.7989959716797,212.6840057373047,212.75,0,0.0,0.0
2026-02-03 00:45:00+00:00,212.74200439453125,212.77099609375,212.63900756835938,212.67999267578125,0,0.0,0.0
2026-02-03 01:00:00+00:00,212.677001953125,212.8000030517578,212.61399841308594,212.76199340820312,0,0.0,0.0
2026-02-03 01:15:00+00:00,212.74899291992188,212.86199951171875,212.73599243164062,212.7480010986328,0,0.0,0.0
2026-02-03 01:30:00+00:00,212.7519989013672,212.8489990234375,212.73899841308594,212.76600646972656,0,0.0,0.0
2026-02-03 01:45:00+00:00,212.7729949951172,212.78599548339844,212.7259979248047,212.7689971923828,0,0.0,0.0
2026-02-03 02:00:00+00:00,212.7689971923828,212.7779998779297,212.66099548339844,212.6999969482422,0,0.0,0.0
2026-02-03 02:15:00+00:00,212.70899963378906,212.7209930419922,212.53900146484375,212.6020050048828,0,0.0,0.0
2026-02-03 02:30:00+00:00,212.59500122070312,212.63299560546875,212.54100036621094,212.62600708007812,0,0.0,0.0
2026-02-03 02:45:00+00:00,212.61300659179688,212.6790008544922,212.60400390625,212.6529998779297,0,0.0,0.0
2026-02-03 03:00:00+00:00,212.6529998779297,212.7100067138672,212.61700439453125,212.62100219726562,0,0.0,0.0
2026-02-03 03:15:00+00:00,212.61900329589844,212.6580047607422,212.55499267578125,212.59300231933594,0,0.0,0.0
2026-02-03 03:30:00+00:00,212.5959930419922,212.76100158691406,212.58099365234375,212.72900390625,0,0.0,0.0
2026-02-03 03:45:00+00:00,212.72900390625,212.77999877929688,212.6699981689453,212.75799560546875,0,0.0,0.0
2026-02-03 04:00:00+00:00,212.75799560546875,212.84300231933594,212.7519989013672,212.77099609375,0,0.0,0.0
2026-02-03 04:15:00+00:00,212.7729949951172,212.84500122070312,212.6649932861328,212.677001953125,0,0.0,0.0
2026-02-03 04:30:00+00:00,212.6719970703125,212.7449951171875,212.64199829101562,212.70199584960938,0,0.0,0.0
2026-02-03 04:45:00+00:00,212.70199584960938,212.73899841308594,212.64700317382812,212.71600341796875,0,0.0,0.0
2026-02-03 05:00:00+00:00,212.7169952392578,212.79100036621094,212.6739959716797,212.69500732421875,0,0.0,0.0
2026-02-03 05:15:00+00:00,212.69500732421875,212.81399536132812,212.68699645996094,212.76300048828125,0,0.0,0.0
2026-02-03 05:30:00+00:00,212.75799560546875,212.76499938964844,212.66700744628906,212.75399780273438,0,0.0,0.0
2026-02-03 05:45:00+00:00,212.7570037841797,212.82699584960938,212.73800659179688,212.7740020751953,0,0.0,0.0
2026-02-03 06:00:00+00:00,212.77499389648438,212.90499877929688,212.71600341796875,212.85699462890625,0,0.0,0.0
2026-02-03 06:15:00+00:00,212.86199951171875,212.9720001220703,212.8509979248047,212.95700073242188,0,0.0,0.0
2026-02-03 06:30:00+00:00,212.9510040283203,212.98300170898438,212.76800537109375,212.781005859375,0,0.0,0.0
2026-02-03 06:45:00+00:00,212.781005859375,212.82200622558594,212.73199462890625,212.80599975585938,0,0.0,0.0
2026-02-03 07:00:00+00:00,212.8040008544922,212.95399475097656,212.76100158691406,212.83700561523438,0,0.0,0.0
2026-02-03 07:15:00+00:00,212.83999633789062,212.84500122070312,212.72300720214844,212.77499389648438,0,0.0,0.0
2026-02-03 07:30:00+00:00,212.7779998779297,212.93800354003906,212.75900268554688,212.91900634765625,0,0.0,0.0
2026-02-03 07:45:00+00:00,212.9239959716797,212.98399353027344,212.79299926757812,212.85899353027344,0,0.0,0.0
2026-02-03 08:00:00+00:00,212.8459930419922,212.8990020751953,212.7519989013672,212.80999755859375,0,0.0,0.0
2026-02-03 08:15:00+00:00,212.80999755859375,212.91600036621094,212.75399780273438,212.81900024414062,0,0.0,0.0
2026-02-03 08:30:00+00:00,212.8209991455078,212.86700439453125,212.7550048828125,212.7729949951172,0,0.0,0.0
2026-02-03 08:45:00+00:00,212.7790069580078,212.8979949951172,212.7469940185547,212.86000061035156,0,0.0,0.0
2026-02-03 09:00:00+00:00,212.85800170898438,213.00900268554688,212.73699951171875,212.9550018310547,0,0.0,0.0
2026-02-03 09:15:00+00:00,212.95199584960938,213.1009979248047,212.91700744628906,212.9759979248047,0,0.0,0.0
2026-02-03 09:30:00+00:00,212.9770050048828,213.06399536132812,212.9340057373047,213.05499267578125,0,0.0,0.0
2026-02-03 09:45:00+00:00,213.05499267578125,213.13600158691406,213.00999450683594,213.0279998779297,0,0.0,0.0
2026-02-03 10:00:00+00:00,213.02499389648438,213.07000732421875,212.9770050048828,212.98899841308594,0,0.0,0.0
2026-02-03 10:15:00+00:00,212.99200439453125,213.01300048828125,212.91799926757812,213.01100158691406,0,0.0,0.0
2026-02-03 10:30:00+00:00,213.00900268554688,213.01199340820312,212.92100524902344,212.95199584960938,0,0.0,0.0
2026-02-03 10:45:00+00:00,212.94900512695312,213.01600646972656,212.91200256347656,212.92100524902344,0,0.0,0.0
2026-02-03 11:00:00+00:00,212.91400146484375,213.0489959716797,212.89700317382812,213.01199340820312,0,0.0,0.0
2026-02-03 11:15:00+00:00,213.0070037841797,213.02499389648438,212.92100524902344,212.93899536132812,0,0.0,0.0
2026-02-03 11:30:00+00:00,212.93600463867188,212.98699951171875,212.85000610351562,212.95399475097656,0,0.0,0.0
2026-02-03 11:45:00+00:00,212.95599365234375,212.98699951171875,212.8719940185547,212.8719940185547,0,0.0,0.0
2026-02-03 12:00:00+00:00,212.8780059814453,213.0330047607422,212.87100219726562,212.9739990234375,0,0.0,0.0
2026-02-03 12:15:00+00:00,212.97500610351562,213.07200622558594,212.96099853515625,213.06300354003906,0,0.0,0.0
2026-02-03 12:30:00+00:00,213.0500030517578,213.20199584960938,213.03199768066406,213.1999969482422,0,0.0,0.0
2026-02-03 12:45:00+00:00,213.19900512695312,213.31900024414062,213.16400146484375,213.26100158691406,0,0.0,0.0
2026-02-03 13:00:00+00:00,213.25599670410156,213.3249969482422,213.2169952392578,213.2530059814453,0,0.0,0.0
2026-02-03 13:15:00+00:00,213.25799560546875,213.28500366210938,213.08099365234375,213.08900451660156,0,0.0,0.0
2026-02-03 13:30:00+00:00,213.08700561523438,213.22900390625,213.0570068359375,213.1750030517578,0,0.0,0.0
2026-02-03 13:45:00+00:00,213.17300415039062,213.21800231933594,213.06500244140625,213.08700561523438,0,0.0,0.0
2026-02-03 14:00:00+00:00,213.08900451660156,213.21099853515625,212.9810028076172,213.18299865722656,0,0.0,0.0
2026-02-03 14:15:00+00:00,213.18299865722656,213.22799682617188,213.0399932861328,213.18600463867188,0,0.0,0.0
2026-02-03 14:30:00+00:00,213.18499755859375,213.26199340820312,213.08999633789062,213.20700073242188,0,0.0,0.0
2026-02-03 14:45:00+00:00,213.20700073242188,213.2239990234375,213.02999877929688,213.03799438476562,0,0.0,0.0
2026-02-03 15:00:00+00:00,213.04200744628906,213.2449951171875,212.97999572753906,213.15499877929688,0,0.0,0.0
2026-02-03 15:15:00+00:00,213.15499877929688,213.406005859375,213.13499450683594,213.37100219726562,0,0.0,0.0
2026-02-03 15:30:00+00:00,213.36599731445312,213.42799377441406,213.3249969482422,213.38699340820312,0,0.0,0.0
2026-02-03 15:45:00+00:00,213.38699340820312,213.43899536132812,213.2550048828125,213.3719940185547,0,0.0,0.0
2026-02-03 16:00:00+00:00,213.3679962158203,213.46400451660156,213.3249969482422,213.40499877929688,0,0.0,0.0
2026-02-03 16:15:00+00:00,213.40499877929688,213.41200256347656,213.302001953125,213.3249969482422,0,0.0,0.0
2026-02-03 16:30:00+00:00,213.32400512695312,213.3679962158203,213.25799560546875,213.28799438476562,0,0.0,0.0
2026-02-03 16:45:00+00:00,213.28900146484375,213.36399841308594,213.2550048828125,213.30499267578125,0,0.0,0.0
2026-02-03 17:00:00+00:00,213.31100463867188,213.32899475097656,213.1929931640625,213.22999572753906,0,0.0,0.0
2026-02-03 17:15:00+00:00,213.22500610351562,213.24899291992188,213.13600158691406,213.22799682617188,0,0.0,0.0
2026-02-03 17:30:00+00:00,213.2239990234375,213.25799560546875,213.14300537109375,213.16600036621094,0,0.0,0.0
2026-02-03 17:45:00+00:00,213.1580047607422,213.2729949951172,213.15199279785156,213.26300048828125,0,0.0,0.0
2026-02-03 18:00:00+00:00,213.26300048828125,213.3209991455078,213.14300537109375,213.16400146484375,0,0.0,0.0
2026-02-03 18:15:00+00:00,213.16200256347656,213.25,213.1580047607422,213.21400451660156,0,0.0,0.0
2026-02-03 18:30:00+00:00,213.21299743652344,213.23300170898438,213.0659942626953,213.08700561523438,0,0.0,0.0
2026-02-03 18:45:00+00:00,213.08900451660156,213.08900451660156,212.8800048828125,212.88800048828125,0,0.0,0.0
2026-02-03 19:00:00+00:00,212.88800048828125,213.11500549316406,212.8489990234375,213.09800720214844,0,0.0,0.0
2026-02-03 19:15:00+00:00,213.0989990234375,213.16900634765625,213.07000732421875,213.08099365234375,0,0.0,0.0
2026-02-03 19:30:00+00:00,213.08099365234375,213.16900634765625,213.04400634765625,213.16600036621094,0,0.0,0.0
2026-02-03 19:45:00+00:00,213.16600036621094,213.2530059814453,213.1280059814453,213.218994140625,0,0.0,0.0
2026-02-03 20:00:00+00:00,213.22000122070312,213.2469940185547,213.17799377441406,213.23899841308594,0,0.0,0.0
2026-02-03 20:15:00+00:00,213.24400329589844,213.26600646972656,213.21099853515625,213.21800231933594,0,0.0,0.0
2026-02-03 20:30:00+00:00,213.22500610351562,213.2989959716797,213.21400451660156,213.2570037841797,0,0.0,0.0
2026-02-03 20:45:00+00:00,213.25100708007812,213.3520050048828,213.2310028076172,213.28900146484375,0,0.0,0.0
2026-02-03 21:00:00+00:00,213.28399658203125,213.33700561523438,213.2480010986328,213.3260040283203,0,0.0,0.0
2026-02-03 21:15:00+00:00,213.3179931640625,213.4320068359375,213.31300354003906,213.39599609375,0,0.0,0.0
2026-02-03 21:30:00+00:00,213.3939971923828,213.41099548339844,213.35400390625,213.36399841308594,0,0.0,0.0
2026-02-03 21:45:00+00:00,213.36900329589844,213.4239959716797,213.2270050048828,213.23500061035156,0,0.0,0.0
2026-02-03 22:00:00+00:00,213.33200073242188,213.44400024414062,213.16799926757812,213.2239990234375,0,0.0,0.0
2026-02-03 22:15:00+00:00,213.23500061035156,213.36199951171875,213.16900634765625,213.27000427246094,0,0.0,0.0
2026-02-03 22:30:00+00:00,213.27000427246094,213.4340057373047,213.23399353027344,213.36500549316406,0,0.0,0.0
2026-02-03 22:45:00+00:00,213.37899780273438,213.4459991455078,213.22500610351562,213.26499938964844,0,0.0,0.0
2026-02-03 23:00:00+00:00,213.25799560546875,213.42100524902344,213.2169952392578,213.41200256347656,0,0.0,0.0
2026-02-03 23:15:00+00:00,213.4029998779297,213.47300720214844,213.3489990234375,213.37100219726562,0,0.0,0.0
2026-02-03 23:30:00+00:00,213.36199951171875,213.41000366210938,213.34300231933594,213.39599609375,0,0.0,0.0
2026-02-03 23:45:00+00:00,213.38800048828125,213.40499877929688,213.322998046875,213.38400268554688,0,0.0,0.0
2026-02-04 00:00:00+00:00,213.3979949951172,213.5290069580078,213.35299682617188,213.50599670410156,0,0.0,0.0
2026-02-04 00:15:00+00:00,213.4969940185547,213.55599975585938,213.43800354003906,213.48599243164062,0,0.0,0.0
2026-02-04 00:30:00+00:00,213.4949951171875,213.60699462890625,213.47000122070312,213.55999755859375,0,0.0,0.0
2026-02-04 00:45:00+00:00,213.55999755859375,213.6699981689453,213.5290069580078,213.65899658203125,0,0.0,0.0
2026-02-04 01:00:00+00:00,213.6490020751953,213.8679962158203,213.6439971923828,213.843994140625,0,0.0,0.0
2026-02-04 01:15:00+00:00,213.83200073242188,213.98899841308594,213.81700134277344,213.95799255371094,0,0.0,0.0
2026-02-04 01:30:00+00:00,213.95799255371094,214.05599975585938,213.9199981689453,214.04299926757812,0,0.0,0.0
2026-02-04 01:45:00+00:00,214.04400634765625,214.06500244140625,213.9239959716797,214.0050048828125,0,0.0,0.0
2026-02-04 02:00:00+00:00,213.99899291992188,214.11500549316406,213.9949951171875,214.01800537109375,0,0.0,0.0
2026-02-04 02:15:00+00:00,214.01600646972656,214.06500244140625,213.9929962158203,214.031005859375,0,0.0,0.0
2026-02-04 02:30:00+00:00,214.02999877929688,214.07200622558594,214.02000427246094,214.06199645996094,0,0.0,0.0
2026-02-04 02:45:00+00:00,214.05599975585938,214.11399841308594,214.01800537109375,214.0749969482422,0,0.0,0.0
2026-02-04 03:00:00+00:00,214.07699584960938,214.14100646972656,214.0679931640625,214.08999633789062,0,0.0,0.0
2026-02-04 03:15:00+00:00,214.08999633789062,214.2530059814453,214.06700134277344,214.1999969482422,0,0.0,0.0
2026-02-04 03:30:00+00:00,214.197998046875,214.2270050048828,214.1439971923828,214.15199279785156,0,0.0,0.0
2026-02-04 03:45:00+00:00,214.16000366210938,214.2519989013672,214.1020050048828,214.2169952392578,0,0.0,0.0
2026-02-04 04:00:00+00:00,214.21200561523438,214.32400512695312,214.21099853515625,214.31100463867188,0,0.0,0.0
2026-02-04 04:15:00+00:00,214.31500244140625,214.3249969482422,214.17599487304688,214.21400451660156,0,0.0,0.0
2026-02-04 04:30:00+00:00,214.20700073242188,214.3040008544922,214.20700073242188,214.2760009765625,0,0.0,0.0
2026-02-04 04:45:00+00:00,214.27999877929688,214.35499572753906,214.26100158691406,214.3419952392578,0,0.0,0.0
2026-02-04 05:00:00+00:00,214.3419952392578,214.4499969482422,214.3159942626953,214.37899780273438,0,0.0,0.0
2026-02-04 05:15:00+00:00,214.3780059814453,214.38900756835938,214.31700134277344,214.32699584960938,0,0.0,0.0
2026-02-04 05:30:00+00:00,214.32699584960938,214.39999389648438,214.28900146484375,214.3990020751953,0,0.0,0.0
2026-02-04 05:45:00+00:00,214.38999938964844,214.427001953125,214.33700561523438,214.36000061035156,0,0.0,0.0
2026-02-04 06:00:00+00:00,214.35800170898438,214.48399353027344,214.35400390625,214.46299743652344,0,0.0,0.0
2026-02-04 06:15:00+00:00,214.45799255371094,214.4709930419922,214.33599853515625,214.36399841308594,0,0.0,0.0
2026-02-04 06:30:00+00:00,214.36900329589844,214.4530029296875,214.3260040283203,214.4290008544922,0,0.0,0.0
2026-02-04 06:45:00+00:00,214.42799377441406,214.52999877929688,214.39500427246094,214.4010009765625,0,0.0,0.0
2026-02-04 07:00:00+00:00,214.4010009765625,214.49400329589844,214.38600158691406,214.43600463867188,0,0.0,0.0
2026-02-04 07:15:00+00:00,214.43600463867188,214.4980010986328,214.3990020751953,214.4669952392578,0,0.0,0.0
2026-02-04 07:30:00+00:00,214.4669952392578,214.50999450683594,214.42799377441406,214.48899841308594,0,0.0,0.0
2026-02-04 07:45:00+00:00,214.4969940185547,214.5959930419922,214.4759979248047,214.53900146484375,0,0.0,0.0
2026-02-04 08:00:00+00:00,214.5399932861328,214.80499267578125,214.4739990234375,214.7259979248047,0,0.0,0.0
2026-02-04 08:15:00+00:00,214.72300720214844,214.82000732421875,214.67799377441406,214.7899932861328,0,0.0,0.0
2026-02-04 08:30:00+00:00,214.79299926757812,214.79800415039062,214.64700317382812,214.75799560546875,0,0.0,0.0
2026-02-04 08:45:00+00:00,214.75399780273438,214.8520050048828,214.68699645996094,214.8090057373047,0,0.0,0.0
2026-02-04 09:00:00+00:00,214.81300354003906,214.822998046875,214.67100524902344,214.74000549316406,0,0.0,0.0
2026-02-04 09:15:00+00:00,214.7429962158203,214.76499938964844,214.63600158691406,214.64300537109375,0,0.0,0.0
2026-02-04 09:30:00+00:00,214.64199829101562,214.65699768066406,214.53900146484375,214.6510009765625,0,0.0,0.0
2026-02-04 09:45:00+00:00,214.65199279785156,214.7689971923828,214.58299255371094,214.74200439453125,0,0.0,0.0
2026-02-04 10:00:00+00:00,214.73699951171875,214.79100036621094,214.69400024414062,214.72300720214844,0,0.0,0.0
2026-02-04 10:15:00+00:00,214.72300720214844,214.7779998779297,214.64999389648438,214.73199462890625,0,0.0,0.0
2026-02-04 10:30:00+00:00,214.72500610351562,214.83900451660156,214.68499755859375,214.80799865722656,0,0.0,0.0
2026-02-04 10:45:00+00:00,214.81100463867188,214.98300170898438,214.7790069580078,214.968994140625,0,0.0,0.0
2026-02-04 11:00:00+00:00,214.9709930419922,214.9810028076172,214.85899353027344,214.8730010986328,0,0.0,0.0
2026-02-04 11:15:00+00:00,214.8800048828125,214.9550018310547,214.875,214.9080047607422,0,0.0,0.0
2026-02-04 11:30:00+00:00,214.9080047607422,214.9980010986328,214.83399963378906,214.8419952392578,0,0.0,0.0
2026-02-04 11:45:00+00:00,214.83999633789062,214.99099731445312,214.8070068359375,214.9770050048828,0,0.0,0.0
2026-02-04 12:00:00+00:00,214.9770050048828,215.00599670410156,214.87899780273438,214.88600158691406,0,0.0,0.0
2026-02-04 12:15:00+00:00,214.88699340820312,214.9810028076172,214.8730010986328,214.96099853515625,0,0.0,0.0
2026-02-04 12:30:00+00:00,214.95899963378906,214.99099731445312,214.8979949951172,214.95700073242188,0,0.0,0.0
2026-02-04 12:45:00+00:00,214.9499969482422,215.0,214.86199951171875,214.88699340820312,0,0.0,0.0
2026-02-04 13:00:00+00:00,214.8820037841797,214.9290008544922,214.81100463867188,214.83799743652344,0,0.0,0.0
2026-02-04 13:15:00+00:00,214.8489990234375,214.94200134277344,214.7830047607422,214.8719940185547,0,0.0,0.0
2026-02-04 13:30:00+00:00,214.8820037841797,214.9530029296875,214.76699829101562,214.84300231933594,0,0.0,0.0
2026-02-04 13:45:00+00:00,214.8470001220703,214.8489990234375,214.55999755859375,214.572998046875,0,0.0,0.0
2026-02-04 14:00:00+00:00,214.572998046875,214.63600158691406,214.18800354003906,214.30299377441406,0,0.0,0.0
2026-02-04 14:15:00+00:00,214.2989959716797,214.4739990234375,214.28399658203125,214.43600463867188,0,0.0,0.0
2026-02-04 14:30:00+00:00,214.43800354003906,214.45899963378906,214.24600219726562,214.37600708007812,0,0.0,0.0
2026-02-04 14:45:00+00:00,214.36099243164062,214.40899658203125,214.11000061035156,214.13099670410156,0,0.0,0.0
2026-02-04 15:00:00+00:00,214.14999389648438,214.31300354003906,213.97999572753906,214.3000030517578,0,0.0,0.0
2026-02-04 15:15:00+00:00,214.2989959716797,214.322998046875,214.13299560546875,214.1999969482422,0,0.0,0.0
2026-02-04 15:30:00+00:00,214.20599365234375,214.30799865722656,214.0260009765625,214.16299438476562,0,0.0,0.0
2026-02-04 15:45:00+00:00,214.16299438476562,214.20599365234375,214.0070037841797,214.0469970703125,0,0.0,0.0
2026-02-04 16:00:00+00:00,214.0449981689453,214.07699584960938,213.74899291992188,213.82200622558594,0,0.0,0.0
2026-02-04 16:15:00+00:00,213.82899475097656,214.00100708007812,213.77699279785156,213.97999572753906,0,0.0,0.0
2026-02-04 16:30:00+00:00,213.9720001220703,214.01699829101562,213.7239990234375,213.73500061035156,0,0.0,0.0
2026-02-04 16:45:00+00:00,213.7259979248047,213.93099975585938,213.67300415039062,213.89500427246094,0,0.0,0.0
2026-02-04 17:00:00+00:00,213.89500427246094,213.97000122070312,213.8459930419922,213.96400451660156,0,0.0,0.0
2026-02-04 17:15:00+00:00,213.968994140625,214.04200744628906,213.81399536132812,213.83099365234375,0,0.0,0.0
2026-02-04 17:30:00+00:00,213.83399963378906,213.85699462890625,213.73699951171875,213.8260040283203,0,0.0,0.0
2026-02-04 17:45:00+00:00,213.82699584960938,213.8939971923828,213.77699279785156,213.78900146484375,0,0.0,0.0
2026-02-04 18:00:00+00:00,213.7899932861328,213.82200622558594,213.7220001220703,213.80999755859375,0,0.0,0.0
2026-02-04 18:15:00+00:00,213.8070068359375,213.96299743652344,213.78500366210938,213.93099975585938,0,0.0,0.0
2026-02-04 18:30:00+00:00,213.93299865722656,214.02999877929688,213.89500427246094,213.968994140625,0,0.0,0.0
2026-02-04 18:45:00+00:00,213.968994140625,214.07200622558594,213.92799377441406,214.0070037841797,0,0.0,0.0
2026-02-04 19:00:00+00:00,214.00399780273438,214.03700256347656,213.89700317382812,214.02099609375,0,0.0,0.0
2026-02-04 19:15:00+00:00,214.01400756835938,214.0959930419922,214.00900268554688,214.07699584960938,0,0.0,0.0
2026-02-04 19:30:00+00:00,214.07899475097656,214.20899963378906,214.06900024414062,214.20199584960938,0,0.0,0.0
2026-02-04 19:45:00+00:00,214.1959991455078,214.26300048828125,214.15499877929688,214.25900268554688,0,0.0,0.0
2026-02-04 20:00:00+00:00,214.25999450683594,214.3209991455078,214.22999572753906,214.27999877929688,0,0.0,0.0
2026-02-04 20:15:00+00:00,214.27999877929688,214.3260040283203,214.25999450683594,214.2740020751953,0,0.0,0.0
2026-02-04 20:30:00+00:00,214.2790069580078,214.29600524902344,214.18299865722656,214.19400024414062,0,0.0,0.0
2026-02-04 20:45:00+00:00,214.197998046875,214.2519989013672,214.16299438476562,214.20399475097656,0,0.0,0.0
2026-02-04 21:00:00+00:00,214.2050018310547,214.26800537109375,214.19000244140625,214.24099731445312,0,0.0,0.0
2026-02-04 21:15:00+00:00,214.24099731445312,214.28799438476562,214.23300170898438,214.27200317382812,0,0.0,0.0
2026-02-04 21:30:00+00:00,214.26400756835938,214.29299926757812,214.2010040283203,214.24600219726562,0,0.0,0.0
2026-02-04 21:45:00+00:00,214.2429962158203,214.2480010986328,214.04299926757812,214.0800018310547,0,0.0,0.0
2026-02-04 22:00:00+00:00,214.1020050048828,214.3509979248047,213.9199981689453,214.06700134277344,0,0.0,0.0
2026-02-04 22:15:00+00:00,214.05299377441406,214.197998046875,213.9600067138672,214.00900268554688,0,0.0,0.0
2026-02-04 22:30:00+00:00,214.0449981689453,214.10499572753906,213.95799255371094,214.0760040283203,0,0.0,0.0
2026-02-04 22:45:00+00:00,214.07699584960938,214.14700317382812,213.89100646972656,214.05999755859375,0,0.0,0.0
2026-02-04 23:00:00+00:00,214.07200622558594,214.14599609375,213.95399475097656,214.05599975585938,0,0.0,0.0
2026-02-04 23:15:00+00:00,214.0570068359375,214.11000061035156,213.99000549316406,214.0229949951172,0,0.0,0.0
2026-02-04 23:30:00+00:00,214.00999450683594,214.11199951171875,214.00999450683594,214.08799743652344,0,0.0,0.0
2026-02-04 23:45:00+00:00,214.08799743652344,214.15699768066406,214.0570068359375,214.06100463867188,0,0.0,0.0
2026-02-05 00:00:00+00:00,214.1060028076172,214.18099975585938,214.06399536132812,214.12899780273438,0,0.0,0.0
2026-02-05 00:15:00+00:00,214.12899780273438,214.22000122070312,214.11700439453125,214.18899536132812,0,0.0,0.0
2026-02-05 00:30:00+00:00,214.17599487304688,214.23399353027344,214.11099243164062,214.13900756835938,0,0.0,0.0
2026-02-05 00:45:00+00:00,214.13800048828125,214.13999938964844,213.906005859375,214.0330047607422,0,0.0,0.0
2026-02-05 01:00:00+00:00,214.03599548339844,214.21499633789062,214.03199768066406,214.1649932861328,0,0.0,0.0
2026-02-05 01:15:00+00:00,214.1649932861328,214.17999267578125,214.0489959716797,214.14700317382812,0,0.0,0.0
2026-02-05 01:30:00+00:00,214.13999938964844,214.2030029296875,214.11399841308594,214.17300415039062,0,0.0,0.0
2026-02-05 01:45:00+00:00,214.17300415039062,214.18499755859375,214.052001953125,214.0780029296875,0,0.0,0.0
2026-02-05 02:00:00+00:00,214.08200073242188,214.11900329589844,213.9320068359375,213.97799682617188,0,0.0,0.0
2026-02-05 02:15:00+00:00,213.9759979248047,214.00599670410156,213.76699829101562,213.81500244140625,0,0.0,0.0
2026-02-05 02:30:00+00:00,213.8159942626953,213.88400268554688,213.802001953125,213.83200073242188,0,0.0,0.0
2026-02-05 02:45:00+00:00,213.8280029296875,213.8419952392578,213.6750030517578,213.68899536132812,0,0.0,0.0
2026-02-05 03:00:00+00:00,213.68800354003906,213.7550048828125,213.6300048828125,213.68899536132812,0,0.0,0.0
2026-02-05 03:15:00+00:00,213.69700622558594,213.76199340820312,213.64199829101562,213.677001953125,0,0.0,0.0
2026-02-05 03:30:00+00:00,213.677001953125,213.69200134277344,213.46200561523438,213.64199829101562,0,0.0,0.0
2026-02-05 03:45:00+00:00,213.64100646972656,213.66700744628906,213.5919952392578,213.6230010986328,0,0.0,0.0
2026-02-05 04:00:00+00:00,213.625,213.71499633789062,213.6230010986328,213.6909942626953,0,0.0,0.0
2026-02-05 04:15:00+00:00,213.68299865722656,213.70700073242188,213.65699768066406,213.6999969482422,0,0.0,0.0
2026-02-05 04:30:00+00:00,213.70899963378906,213.75900268554688,213.66200256347656,213.7429962158203,0,0.0,0.0
2026-02-05 04:45:00+00:00,213.7429962158203,213.75100708007812,213.656005859375,213.65899658203125,0,0.0,0.0
2026-02-05 05:00:00+00:00,213.65899658203125,213.74600219726562,213.64999389648438,213.6719970703125,0,0.0,0.0
2026-02-05 05:15:00+00:00,213.67799377441406,213.69200134277344,213.62100219726562,213.65699768066406,0,0.0,0.0
2026-02-05 05:30:00+00:00,213.6699981689453,213.6909942626953,213.6300048828125,213.6529998779297,0,0.0,0.0
2026-02-05 05:45:00+00:00,213.64700317382812,213.8040008544922,213.64599609375,213.79100036621094,0,0.0,0.0
2026-02-05 06:00:00+00:00,213.79100036621094,213.88999938964844,213.61099243164062,213.62100219726562,0,0.0,0.0
2026-02-05 06:15:00+00:00,213.6280059814453,213.64700317382812,213.51699829101562,213.59100341796875,0,0.0,0.0
2026-02-05 06:30:00+00:00,213.58900451660156,213.64300537109375,213.5540008544922,213.60499572753906,0,0.0,0.0
2026-02-05 06:45:00+00:00,213.60499572753906,213.81100463867188,213.56399536132812,213.80999755859375,0,0.0,0.0
2026-02-05 07:00:00+00:00,213.80799865722656,213.91200256347656,213.79100036621094,213.87399291992188,0,0.0,0.0
2026-02-05 07:15:00+00:00,213.87399291992188,214.052001953125,213.8699951171875,213.97000122070312,0,0.0,0.0
2026-02-05 07:30:00+00:00,213.968994140625,214.10299682617188,213.9239959716797,213.9969940185547,0,0.0,0.0
2026-02-05 07:45:00+00:00,213.9969940185547,214.177001953125,213.96299743652344,213.96800231933594,0,0.0,0.0
2026-02-05 08:00:00+00:00,213.96600341796875,214.19400024414062,213.96600341796875,214.0070037841797,0,0.0,0.0
2026-02-05 08:15:00+00:00,214.01300048828125,214.01800537109375,213.9040069580078,213.97000122070312,0,0.0,0.0
2026-02-05 08:30:00+00:00,213.9669952392578,213.98300170898438,213.7969970703125,213.85800170898438,0,0.0,0.0
2026-02-05 08:45:00+00:00,213.85699462890625,213.85899353027344,213.5749969482422,213.57699584960938,0,0.0,0.0
2026-02-05 09:00:00+00:00,213.572998046875,213.61700439453125,213.33900451660156,213.343994140625,0,0.0,0.0
2026-02-05 09:15:00+00:00,213.3459930419922,213.593994140625,213.32400512695312,213.5399932861328,0,0.0,0.0
2026-02-05 09:30:00+00:00,213.52200317382812,213.6230010986328,213.18800354003906,213.2220001220703,0,0.0,0.0
2026-02-05 09:45:00+00:00,213.218994140625,213.46800231933594,213.2030029296875,213.42799377441406,0,0.0,0.0
2026-02-05 10:00:00+00:00,213.42300415039062,213.572998046875,213.33999633789062,213.56199645996094,0,0.0,0.0
2026-02-05 10:15:00+00:00,213.5540008544922,213.57400512695312,213.427001953125,213.54299926757812,0,0.0,0.0
2026-02-05 10:30:00+00:00,213.54100036621094,213.7259979248047,213.5290069580078,213.7050018310547,0,0.0,0.0
2026-02-05 10:45:00+00:00,213.70599365234375,213.70899963378906,213.55599975585938,213.6490020751953,0,0.0,0.0
2026-02-05 11:00:00+00:00,213.6540069580078,213.71800231933594,213.572998046875,213.6649932861328,0,0.0,0.0
2026-02-05 11:15:00+00:00,213.66700744628906,213.9199981689453,213.65699768066406,213.8470001220703,0,0.0,0.0
2026-02-05 11:30:00+00:00,213.84100341796875,213.85800170898438,213.65499877929688,213.68600463867188,0,0.0,0.0
2026-02-05 11:45:00+00:00,213.68800354003906,213.95700073242188,213.67300415039062,213.9029998779297,0,0.0,0.0
2026-02-05 12:00:00+00:00,213.88600158691406,213.91000366210938,212.98699951171875,213.24400329589844,0,0.0,0.0
2026-02-05 12:15:00+00:00,213.25100708007812,213.3000030517578,212.92799377441406,213.16799926757812,0,0.0,0.0
2026-02-05 12:30:00+00:00,213.16099548339844,213.19500732421875,213.0290069580078,213.0489959716797,0,0.0,0.0
2026-02-05 12:45:00+00:00,213.0570068359375,213.197998046875,213.0,213.16000366210938,0,0.0,0.0
2026-02-05 13:00:00+00:00,213.14999389648438,213.20599365234375,212.86700439453125,212.88900756835938,0,0.0,0.0
2026-02-05 13:15:00+00:00,212.8939971923828,213.11900329589844,212.87100219726562,212.9810028076172,0,0.0,0.0
2026-02-05 13:30:00+00:00,212.97999572753906,213.03500366210938,212.58599853515625,212.61700439453125,0,0.0,0.0
2026-02-05 13:45:00+00:00,212.61399841308594,212.82000732421875,212.5850067138672,212.73500061035156,0,0.0,0.0
2026-02-05 14:00:00+00:00,212.72000122070312,212.8509979248047,212.6199951171875,212.64300537109375,0,0.0,0.0
2026-02-05 14:15:00+00:00,212.64100646972656,212.83099365234375,212.53700256347656,212.73899841308594,0,0.0,0.0
2026-02-05 14:30:00+00:00,212.74099731445312,212.8990020751953,212.71400451660156,212.86000061035156,0,0.0,0.0
2026-02-05 14:45:00+00:00,212.8520050048828,212.91099548339844,212.3260040283203,212.35800170898438,0,0.0,0.0
2026-02-05 15:00:00+00:00,212.36199951171875,212.44700622558594,212.12600708007812,212.43499755859375,0,0.0,0.0
2026-02-05 15:15:00+00:00,212.4429931640625,212.60899353027344,212.11900329589844,212.16299438476562,0,0.0,0.0
2026-02-05 15:30:00+00:00,212.16700744628906,212.19500732421875,211.77499389648438,212.0489959716797,0,0.0,0.0
2026-02-05 15:45:00+00:00,212.0489959716797,212.21600341796875,211.9669952392578,212.1580047607422,0,0.0,0.0
2026-02-05 16:00:00+00:00,212.1580047607422,212.18099975585938,212.00999450683594,212.1300048828125,0,0.0,0.0
2026-02-05 16:15:00+00:00,212.12899780273438,212.5290069580078,212.10699462890625,212.50799560546875,0,0.0,0.0
2026-02-05 16:30:00+00:00,212.51100158691406,212.68600463867188,212.4759979248047,212.6179962158203,0,0.0,0.0
2026-02-05 16:45:00+00:00,212.61599731445312,212.68099975585938,212.5260009765625,212.6060028076172,0,0.0,0.0
2026-02-05 17:00:00+00:00,212.60499572753906,212.62600708007812,212.39999389648438,212.47900390625,0,0.0,0.0
2026-02-05 17:15:00+00:00,212.4770050048828,212.70899963378906,212.44900512695312,212.65199279785156,0,0.0,0.0
2026-02-05 17:30:00+00:00,212.65199279785156,212.68099975585938,212.50599670410156,212.58999633789062,0,0.0,0.0
2026-02-05 17:45:00+00:00,212.59100341796875,212.6699981689453,212.4739990234375,212.48399353027344,0,0.0,0.0
2026-02-05 18:00:00+00:00,212.48699951171875,212.56199645996094,212.46099853515625,212.5240020751953,0,0.0,0.0
2026-02-05 18:15:00+00:00,212.52200317382812,212.57400512695312,212.45899963378906,212.46400451660156,0,0.0,0.0
2026-02-05 18:30:00+00:00,212.46499633789062,212.552001953125,212.427001953125,212.4409942626953,0,0.0,0.0
2026-02-05 18:45:00+00:00,212.4409942626953,212.47799682617188,212.33399963378906,212.406005859375,0,0.0,0.0
2026-02-05 19:00:00+00:00,212.4040069580078,212.54299926757812,212.38499450683594,212.53199768066406,0,0.0,0.0
2026-02-05 19:15:00+00:00,212.53199768066406,212.54600524902344,212.4669952392578,212.48699951171875,0,0.0,0.0
2026-02-05 19:30:00+00:00,212.48699951171875,212.49600219726562,212.37399291992188,212.42300415039062,0,0.0,0.0
2026-02-05 19:45:00+00:00,212.42999267578125,212.58900451660156,212.41799926757812,212.5780029296875,0,0.0,0.0
2026-02-05 20:00:00+00:00,212.5760040283203,212.7010040283203,212.5050048828125,212.65199279785156,0,0.0,0.0
2026-02-05 20:15:00+00:00,212.65699768066406,212.66700744628906,212.59300231933594,212.60499572753906,0,0.0,0.0
2026-02-05 20:30:00+00:00,212.60299682617188,212.66200256347656,212.58399963378906,212.63600158691406,0,0.0,0.0
2026-02-05 20:45:00+00:00,212.6320037841797,212.64199829101562,212.552001953125,212.60899353027344,0,0.0,0.0
2026-02-05 21:00:00+00:00,212.61000061035156,212.6649932861328,212.5399932861328,212.60400390625,0,0.0,0.0
2026-02-05 21:15:00+00:00,212.6009979248047,212.61700439453125,212.55299377441406,212.59300231933594,0,0.0,0.0
2026-02-05 21:30:00+00:00,212.58999633789062,212.60899353027344,212.47999572753906,212.51199340820312,0,0.0,0.0
2026-02-05 21:45:00+00:00,212.51199340820312,212.54600524902344,212.38299560546875,212.53399658203125,0,0.0,0.0
2026-02-05 22:00:00+00:00,212.531005859375,212.5989990234375,212.2729949951172,212.36599731445312,0,0.0,0.0
2026-02-05 22:15:00+00:00,212.36599731445312,212.52000427246094,212.3209991455078,212.4980010986328,0,0.0,0.0
2026-02-05 22:30:00+00:00,212.48800659179688,212.54600524902344,212.40899658203125,212.51499938964844,0,0.0,0.0
2026-02-05 22:45:00+00:00,212.5229949951172,212.6009979248047,212.4459991455078,212.48899841308594,0,0.0,0.0
2026-02-05 23:00:00+00:00,212.4720001220703,212.5590057373047,212.33200073242188,212.41099548339844,0,0.0,0.0
2026-02-05 23:15:00+00:00,212.41900634765625,212.4290008544922,212.13299560546875,212.1929931640625,0,0.0,0.0
2026-02-05 23:30:00+00:00,212.1840057373047,212.2729949951172,212.11599731445312,212.13699340820312,0,0.0,0.0
2026-02-05 23:45:00+00:00,212.13699340820312,212.1750030517578,211.91600036621094,212.00599670410156,0,0.0,0.0
2026-02-06 00:00:00+00:00,212.0030059814453,212.01600646972656,211.64700317382812,211.73800659179688,0,0.0,0.0
2026-02-06 00:15:00+00:00,211.73800659179688,211.96800231933594,211.59300231933594,211.93800354003906,0,0.0,0.0
2026-02-06 00:30:00+00:00,211.93800354003906,212.0850067138672,211.93600463867188,211.99899291992188,0,0.0,0.0
2026-02-06 00:45:00+00:00,212.0019989013672,212.05499267578125,211.875,211.9499969482422,0,0.0,0.0
2026-02-06 01:00:00+00:00,211.93600463867188,212.08099365234375,211.91000366210938,211.96200561523438,0,0.0,0.0
2026-02-06 01:15:00+00:00,211.96099853515625,212.0189971923828,211.79200744628906,211.8090057373047,0,0.0,0.0
2026-02-06 01:30:00+00:00,211.81700134277344,212.00100708007812,211.7480010986328,211.98300170898438,0,0.0,0.0
2026-02-06 01:45:00+00:00,211.98399353027344,212.15499877929688,211.968994140625,212.10899353027344,0,0.0,0.0
2026-02-06 02:00:00+00:00,212.11399841308594,212.38699340820312,212.09800720214844,212.33299255371094,0,0.0,0.0
2026-02-06 02:15:00+00:00,212.33299255371094,212.4199981689453,212.30499267578125,212.41900634765625,0,0.0,0.0
2026-02-06 02:30:00+00:00,212.41099548339844,212.4409942626953,212.36700439453125,212.38800048828125,0,0.0,0.0
2026-02-06 02:45:00+00:00,212.38800048828125,212.40499877929688,212.29200744628906,212.30499267578125,0,0.0,0.0
2026-02-06 03:00:00+00:00,212.2969970703125,212.3520050048828,212.27099609375,212.2760009765625,0,0.0,0.0
2026-02-06 03:15:00+00:00,212.2830047607422,212.343994140625,212.27499389648438,212.30799865722656,0,0.0,0.0
2026-02-06 03:30:00+00:00,212.31199645996094,212.36900329589844,212.21200561523438,212.2469940185547,0,0.0,0.0
2026-02-06 03:45:00+00:00,212.24000549316406,212.35800170898438,212.22999572753906,212.3179931640625,0,0.0,0.0
2026-02-06 04:00:00+00:00,212.31300354003906,212.36399841308594,212.28900146484375,212.3070068359375,0,0.0,0.0
2026-02-06 04:15:00+00:00,212.30799865722656,212.36500549316406,212.29800415039062,212.32000732421875,0,0.0,0.0
2026-02-06 04:30:00+00:00,212.32000732421875,212.4029998779297,212.2790069580078,212.39300537109375,0,0.0,0.0
2026-02-06 04:45:00+00:00,212.39300537109375,212.43099975585938,212.3179931640625,212.39999389648438,0,0.0,0.0
2026-02-06 05:00:00+00:00,212.38999938964844,212.4409942626953,212.3470001220703,212.4320068359375,0,0.0,0.0
2026-02-06 05:15:00+00:00,212.4320068359375,212.45599365234375,212.39500427246094,212.44000244140625,0,0.0,0.0
2026-02-06 05:30:00+00:00,212.4409942626953,212.63499450683594,212.4340057373047,212.5959930419922,0,0.0,0.0
2026-02-06 05:45:00+00:00,212.60000610351562,212.7169952392578,212.5469970703125,212.70700073242188,0,0.0,0.0
2026-02-06 06:00:00+00:00,212.70700073242188,212.9239959716797,212.69400024414062,212.89599609375,0,0.0,0.0
2026-02-06 06:15:00+00:00,212.89599609375,213.00399780273438,212.8780059814453,212.95899963378906,0,0.0,0.0
2026-02-06 06:30:00+00:00,212.9510040283203,213.01300048828125,212.82000732421875,212.86300659179688,0,0.0,0.0
2026-02-06 06:45:00+00:00,212.86199951171875,212.88800048828125,212.7449951171875,212.77099609375,0,0.0,0.0
2026-02-06 07:00:00+00:00,212.77699279785156,212.7899932861328,212.5260009765625,212.53900146484375,0,0.0,0.0
2026-02-06 07:15:00+00:00,212.53700256347656,212.8820037841797,212.53700256347656,212.79100036621094,0,0.0,0.0
2026-02-06 07:30:00+00:00,212.79100036621094,212.8489990234375,212.69900512695312,212.74400329589844,0,0.0,0.0
2026-02-06 07:45:00+00:00,212.74899291992188,212.86000061035156,212.74200439453125,212.8350067138672,0,0.0,0.0
2026-02-06 08:00:00+00:00,212.83200073242188,212.91600036621094,212.7530059814453,212.8419952392578,0,0.0,0.0
2026-02-06 08:15:00+00:00,212.8470001220703,212.90499877929688,212.6790008544922,212.7050018310547,0,0.0,0.0
2026-02-06 08:30:00+00:00,212.70599365234375,212.8350067138672,212.7010040283203,212.7519989013672,0,0.0,0.0
2026-02-06 08:45:00+00:00,212.75799560546875,212.99899291992188,212.7100067138672,212.99899291992188,0,0.0,0.0
2026-02-06 09:00:00+00:00,212.99200439453125,213.13699340820312,212.98899841308594,213.07400512695312,0,0.0,0.0
2026-02-06 09:15:00+00:00,213.06900024414062,213.1820068359375,213.03900146484375,213.16099548339844,0,0.0,0.0
2026-02-06 09:30:00+00:00,213.1510009765625,213.26499938964844,213.10899353027344,213.2480010986328,0,0.0,0.0
2026-02-06 09:45:00+00:00,213.24000549316406,213.28799438476562,213.16900634765625,213.2169952392578,0,0.0,0.0
2026-02-06 10:00:00+00:00,213.2270050048828,213.30299377441406,213.21800231933594,213.25100708007812,0,0.0,0.0
2026-02-06 10:15:00+00:00,213.25,213.25799560546875,213.05099487304688,213.052001953125,0,0.0,0.0
2026-02-06 10:30:00+00:00,213.05099487304688,213.08299255371094,213.02000427246094,213.0399932861328,0,0.0,0.0
2026-02-06 10:45:00+00:00,213.04800415039062,213.14199829101562,212.9929962158203,213.08700561523438,0,0.0,0.0
2026-02-06 11:00:00+00:00,213.08700561523438,213.3350067138672,213.08200073242188,213.32400512695312,0,0.0,0.0
2026-02-06 11:15:00+00:00,213.33299255371094,213.43899536132812,213.28900146484375,213.40899658203125,0,0.0,0.0
2026-02-06 11:30:00+00:00,213.406005859375,213.4739990234375,213.35299682617188,213.45700073242188,0,0.0,0.0
2026-02-06 11:45:00+00:00,213.45799255371094,213.48300170898438,213.32200622558594,213.33200073242188,0,0.0,0.0
2026-02-06 12:00:00+00:00,213.32699584960938,213.46800231933594,213.30999755859375,213.39100646972656,0,0.0,0.0
2026-02-06 12:15:00+00:00,213.38600158691406,213.43499755859375,213.34100341796875,213.4290008544922,0,0.0,0.0
2026-02-06 12:30:00+00:00,213.4239959716797,213.59300231933594,213.42300415039062,213.50399780273438,0,0.0,0.0
2026-02-06 12:45:00+00:00,213.50399780273438,213.60400390625,213.44200134277344,213.44400024414062,0,0.0,0.0
2026-02-06 13:00:00+00:00,213.44400024414062,213.51300048828125,213.38900756835938,213.50599670410156,0,0.0,0.0
2026-02-06 13:15:00+00:00,213.50100708007812,213.53500366210938,213.41200256347656,213.48500061035156,0,0.0,0.0
2026-02-06 13:30:00+00:00,213.4929962158203,213.54100036621094,213.2689971923828,213.3249969482422,0,0.0,0.0
2026-02-06 13:45:00+00:00,213.3249969482422,213.35899353027344,213.11000061035156,213.24200439453125,0,0.0,0.0
2026-02-06 14:00:00+00:00,213.24099731445312,213.36099243164062,213.16200256347656,213.26600646972656,0,0.0,0.0
2026-02-06 14:15:00+00:00,213.26300048828125,213.3280029296875,213.22000122070312,213.2949981689453,0,0.0,0.0
2026-02-06 14:30:00+00:00,213.3000030517578,213.3939971923828,213.2480010986328,213.35499572753906,0,0.0,0.0
2026-02-06 14:45:00+00:00,213.35499572753906,213.50399780273438,213.322998046875,213.45700073242188,0,0.0,0.0
2026-02-06 15:00:00+00:00,213.46600341796875,213.6790008544922,213.4530029296875,213.58900451660156,0,0.0,0.0
2026-02-06 15:15:00+00:00,213.59300231933594,213.63600158691406,213.51300048828125,213.56700134277344,0,0.0,0.0
2026-02-06 15:30:00+00:00,213.56900024414062,213.63800048828125,213.5050048828125,213.58200073242188,0,0.0,0.0
2026-02-06 15:45:00+00:00,213.58099365234375,213.63099670410156,213.5,213.52099609375,0,0.0,0.0
2026-02-06 16:00:00+00:00,213.5189971923828,213.64300537109375,213.49899291992188,213.60699462890625,0,0.0,0.0
2026-02-06 16:15:00+00:00,213.60699462890625,213.66799926757812,213.5229949951172,213.66700744628906,0,0.0,0.0
2026-02-06 16:30:00+00:00,213.66299438476562,213.86199951171875,213.6439971923828,213.85699462890625,0,0.0,0.0
2026-02-06 16:45:00+00:00,213.85299682617188,213.87899780273438,213.69700622558594,213.7209930419922,0,0.0,0.0
2026-02-06 17:00:00+00:00,213.71600341796875,213.8260040283203,213.6929931640625,213.73500061035156,0,0.0,0.0
2026-02-06 17:15:00+00:00,213.73500061035156,213.80599975585938,213.71800231933594,213.73699951171875,0,0.0,0.0
2026-02-06 17:30:00+00:00,213.73899841308594,213.8459930419922,213.6959991455078,213.78799438476562,0,0.0,0.0
2026-02-06 17:45:00+00:00,213.78799438476562,213.91200256347656,213.77699279785156,213.86500549316406,0,0.0,0.0
2026-02-06 18:00:00+00:00,213.87399291992188,213.91000366210938,213.81399536132812,213.89599609375,0,0.0,0.0
2026-02-06 18:15:00+00:00,213.9010009765625,213.93600463867188,213.83799743652344,213.85499572753906,0,0.0,0.0
2026-02-06 18:30:00+00:00,213.85400390625,213.947998046875,213.8470001220703,213.9239959716797,0,0.0,0.0
2026-02-06 18:45:00+00:00,213.9199981689453,213.9290008544922,213.83099365234375,213.84800720214844,0,0.0,0.0
2026-02-06 19:00:00+00:00,213.84800720214844,213.9149932861328,213.84500122070312,213.87899780273438,0,0.0,0.0
2026-02-06 19:15:00+00:00,213.88699340820312,213.90699768066406,213.86500549316406,213.87100219726562,0,0.0,0.0
2026-02-06 19:30:00+00:00,213.87899780273438,213.92599487304688,213.87399291992188,213.91400146484375,0,0.0,0.0
2026-02-06 19:45:00+00:00,213.9149932861328,213.98300170898438,213.88499450683594,213.90499877929688,0,0.0,0.0
2026-02-06 20:00:00+00:00,213.91299438476562,213.93099975585938,213.8459930419922,213.90499877929688,0,0.0,0.0
2026-02-06 20:15:00+00:00,213.9040069580078,213.95899963378906,213.88999938964844,213.89300537109375,0,0.0,0.0
2026-02-06 20:30:00+00:00,213.88999938964844,213.92599487304688,213.8679962158203,213.90499877929688,0,0.0,0.0
2026-02-06 20:45:00+00:00,213.91000366210938,213.98800659179688,213.9010009765625,213.94500732421875,0,0.0,0.0
2026-02-06 21:00:00+00:00,213.94500732421875,214.0050048828125,213.9290008544922,213.99099731445312,0,0.0,0.0
2026-02-06 21:15:00+00:00,213.99200439453125,214.00399780273438,213.95199584960938,213.99600219726562,0,0.0,0.0
2026-02-06 21:30:00+00:00,213.98599243164062,214.0590057373047,213.9770050048828,214.01499938964844,0,0.0,0.0
2026-02-06 21:45:00+00:00,214.00799560546875,214.03599548339844,213.88900756835938,213.96299743652344,0,0.0,0.0
2026-02-06 22:00:00+00:00,213.9770050048828,214.03500366210938,213.9770050048828,214.03500366210938,0,0.0,0.0
2026-02-06 22:15:00+00:00,214.03500366210938,214.03500366210938,214.03500366210938,214.03500366210938,0,0.0,0.0
2026-02-09 00:00:00+00:00,213.9929962158203,214.03199768066406,213.3509979248047,213.46299743652344,0,0.0,0.0
2026-02-09 00:15:00+00:00,213.4739990234375,213.75799560546875,213.4510040283203,213.58099365234375,0,0.0,0.0
2026-02-09 00:30:00+00:00,213.5919952392578,213.62899780273438,213.3769989013672,213.42799377441406,0,0.0,0.0
2026-02-09 00:45:00+00:00,213.41700744628906,213.61099243164062,213.34500122070312,213.531005859375,0,0.0,0.0
2026-02-09 01:00:00+00:00,213.531005859375,213.5679931640625,213.2239990234375,213.2259979248047,0,0.0,0.0
2026-02-09 01:15:00+00:00,213.24000549316406,213.26800537109375,212.927001953125,212.97000122070312,0,0.0,0.0
2026-02-09 01:30:00+00:00,212.96800231933594,212.97300720214844,212.58399963378906,212.85699462890625,0,0.0,0.0
2026-02-09 01:45:00+00:00,212.86700439453125,213.13099670410156,212.85699462890625,213.0449981689453,0,0.0,0.0
2026-02-09 02:00:00+00:00,213.0330047607422,213.21800231933594,213.00799560546875,213.1699981689453,0,0.0,0.0
2026-02-09 02:15:00+00:00,213.1699981689453,213.2790069580078,213.1230010986328,213.25999450683594,0,0.0,0.0
2026-02-09 02:30:00+00:00,213.25999450683594,213.5050048828125,213.25,213.39300537109375,0,0.0,0.0
2026-02-09 02:45:00+00:00,213.40199279785156,213.43899536132812,213.2530059814453,213.35299682617188,0,0.0,0.0
2026-02-09 03:00:00+00:00,213.35000610351562,213.48599243164062,213.35000610351562,213.41299438476562,0,0.0,0.0
2026-02-09 03:15:00+00:00,213.3939971923828,213.44700622558594,213.30999755859375,213.41200256347656,0,0.0,0.0
2026-02-09 03:30:00+00:00,213.4219970703125,213.4550018310547,213.2790069580078,213.35400390625,0,0.0,0.0
2026-02-09 03:45:00+00:00,213.35899353027344,213.37100219726562,213.27999877929688,213.32699584960938,0,0.0,0.0
2026-02-09 04:00:00+00:00,213.31700134277344,213.4010009765625,213.28700256347656,213.30999755859375,0,0.0,0.0
2026-02-09 04:15:00+00:00,213.3000030517578,213.3260040283203,213.09500122070312,213.11000061035156,0,0.0,0.0
2026-02-09 04:30:00+00:00,213.10000610351562,213.2030029296875,213.0749969482422,213.1719970703125,0,0.0,0.0
2026-02-09 04:45:00+00:00,213.16299438476562,213.22999572753906,213.1230010986328,213.15499877929688,0,0.0,0.0
2026-02-09 05:00:00+00:00,213.15499877929688,213.17799377441406,213.05499267578125,213.14500427246094,0,0.0,0.0
2026-02-09 05:15:00+00:00,213.13299560546875,213.28500366210938,213.10699462890625,213.2270050048828,0,0.0,0.0
2026-02-09 05:30:00+00:00,213.2310028076172,213.24099731445312,213.11900329589844,213.16799926757812,0,0.0,0.0
2026-02-09 05:45:00+00:00,213.16799926757812,213.2209930419922,213.0800018310547,213.21099853515625,0,0.0,0.0
2026-02-09 06:00:00+00:00,213.1999969482422,213.21200561523438,212.9739990234375,213.0970001220703,0,0.0,0.0
2026-02-09 06:15:00+00:00,213.11099243164062,213.14199829101562,212.83399963378906,212.8459930419922,0,0.0,0.0
2026-02-09 06:30:00+00:00,212.8520050048828,212.98300170898438,212.81100463867188,212.9040069580078,0,0.0,0.0
2026-02-09 06:45:00+00:00,212.9029998779297,213.14500427246094,212.86399841308594,213.1179962158203,0,0.0,0.0
2026-02-09 07:00:00+00:00,213.12399291992188,213.12399291992188,212.8979949951172,212.91099548339844,0,0.0,0.0
2026-02-09 07:15:00+00:00,212.9029998779297,212.94200134277344,212.58099365234375,212.60400390625,0,0.0,0.0
2026-02-09 07:30:00+00:00,212.60299682617188,212.79100036621094,212.53500366210938,212.7429962158203,0,0.0,0.0
2026-02-09 07:45:00+00:00,212.74899291992188,213.07200622558594,212.73800659179688,213.03700256347656,0,0.0,0.0
2026-02-09 08:00:00+00:00,213.03199768066406,213.13999938964844,212.89500427246094,213.01199340820312,0,0.0,0.0
2026-02-09 08:15:00+00:00,213.01199340820312,213.2030029296875,212.99600219726562,213.07000732421875,0,0.0,0.0
2026-02-09 08:30:00+00:00,213.06399536132812,213.11300659179688,212.9550018310547,213.01800537109375,0,0.0,0.0
2026-02-09 08:45:00+00:00,213.02099609375,213.1739959716797,212.93299865722656,212.98399353027344,0,0.0,0.0
2026-02-09 09:00:00+00:00,212.98399353027344,213.13800048828125,212.91200256347656,212.99600219726562,0,0.0,0.0
2026-02-09 09:15:00+00:00,212.98699951171875,213.06900024414062,212.81900024414062,212.91200256347656,0,0.0,0.0
2026-02-09 09:30:00+00:00,212.91200256347656,213.0189971923828,212.86399841308594,212.98599243164062,0,0.0,0.0
2026-02-09 09:45:00+00:00,212.98599243164062,213.0959930419922,212.9149932861328,213.03700256347656,0,0.0,0.0
2026-02-09 10:00:00+00:00,213.04400634765625,213.16700744628906,212.9929962158203,213.12399291992188,0,0.0,0.0
2026-02-09 10:15:00+00:00,213.13299560546875,213.1580047607422,213.0749969482422,213.11300659179688,0,0.0,0.0
2026-02-09 10:30:00+00:00,213.09500122070312,213.21800231933594,212.97999572753906,213.20599365234375,0,0.0,0.0
2026-02-09 10:45:00+00:00,213.20599365234375,213.31700134277344,213.16400146484375,213.22300720214844,0,0.0,0.0
2026-02-09 11:00:00+00:00,213.2239990234375,213.3260040283203,213.0540008544922,213.31100463867188,0,0.0,0.0
2026-02-09 11:15:00+00:00,213.3179931640625,213.33700561523438,213.12100219726562,213.17799377441406,0,0.0,0.0
2026-02-09 11:30:00+00:00,213.1790008544922,213.39999389648438,213.14500427246094,213.3800048828125,0,0.0,0.0
2026-02-09 11:45:00+00:00,213.38400268554688,213.45199584960938,213.3000030517578,213.3699951171875,0,0.0,0.0
2026-02-09 12:00:00+00:00,213.3699951171875,213.49400329589844,213.26199340820312,213.42799377441406,0,0.0,0.0
2026-02-09 12:15:00+00:00,213.41900634765625,213.63400268554688,213.37399291992188,213.6179962158203,0,0.0,0.0
2026-02-09 12:30:00+00:00,213.61300659179688,213.66099548339844,213.5260009765625,213.60899353027344,0,0.0,0.0
2026-02-09 12:45:00+00:00,213.6020050048828,213.71099853515625,213.55999755859375,213.6179962158203,0,0.0,0.0
2026-02-09 13:00:00+00:00,213.61300659179688,213.6300048828125,213.22999572753906,213.2429962158203,0,0.0,0.0
2026-02-09 13:15:00+00:00,213.23899841308594,213.25999450683594,213.0449981689453,213.156005859375,0,0.0,0.0
2026-02-09 13:30:00+00:00,213.156005859375,213.18299865722656,213.04600524902344,213.10499572753906,0,0.0,0.0
2026-02-09 13:45:00+00:00,213.11000061035156,213.1199951171875,212.8209991455078,212.85499572753906,0,0.0,0.0
2026-02-09 14:00:00+00:00,212.8509979248047,212.87100219726562,212.218994140625,212.25599670410156,0,0.0,0.0
2026-02-09 14:15:00+00:00,212.2570037841797,212.47999572753906,212.16799926757812,212.33200073242188,0,0.0,0.0
2026-02-09 14:30:00+00:00,212.33200073242188,212.4010009765625,212.1179962158203,212.25999450683594,0,0.0,0.0
2026-02-09 14:45:00+00:00,212.26199340820312,212.49200439453125,212.1649932861328,212.31199645996094,0,0.0,0.0
2026-02-09 15:00:00+00:00,212.30799865722656,212.89500427246094,212.28799438476562,212.843994140625,0,0.0,0.0
2026-02-09 15:15:00+00:00,212.84500122070312,213.031005859375,212.80099487304688,212.90499877929688,0,0.0,0.0
2026-02-09 15:30:00+00:00,212.90199279785156,213.16000366210938,212.79299926757812,213.0,0,0.0,0.0
2026-02-09 15:45:00+00:00,213.00799560546875,213.2570037841797,212.88299560546875,213.16099548339844,0,0.0,0.0
2026-02-09 16:00:00+00:00,213.1699981689453,213.38800048828125,213.16400146484375,213.3520050048828,0,0.0,0.0
2026-02-09 16:15:00+00:00,213.35299682617188,213.3730010986328,213.20700073242188,213.28599548339844,0,0.0,0.0
2026-02-09 16:30:00+00:00,213.2899932861328,213.36700439453125,213.23399353027344,213.3350067138672,0,0.0,0.0
2026-02-09 16:45:00+00:00,213.34500122070312,213.36599731445312,213.26600646972656,213.2989959716797,0,0.0,0.0
2026-02-09 17:00:00+00:00,213.2989959716797,213.33700561523438,213.16900634765625,213.20199584960938,0,0.0,0.0
2026-02-09 17:15:00+00:00,213.19900512695312,213.32400512695312,213.18899536132812,213.2989959716797,0,0.0,0.0
2026-02-09 17:30:00+00:00,213.30099487304688,213.37399291992188,213.25999450683594,213.27200317382812,0,0.0,0.0
2026-02-09 17:45:00+00:00,213.2729949951172,213.343994140625,213.21299743652344,213.22799682617188,0,0.0,0.0
2026-02-09 18:00:00+00:00,213.218994140625,213.23699951171875,213.16000366210938,213.2270050048828,0,0.0,0.0
2026-02-09 18:15:00+00:00,213.22900390625,213.3350067138672,213.1820068359375,213.33200073242188,0,0.0,0.0
2026-02-09 18:30:00+00:00,213.3260040283203,213.406005859375,213.2969970703125,213.34100341796875,0,0.0,0.0
2026-02-09 18:45:00+00:00,213.34500122070312,213.46099853515625,213.31700134277344,213.43099975585938,0,0.0,0.0
2026-02-09 19:00:00+00:00,213.42300415039062,213.44500732421875,213.322998046875,213.37600708007812,0,0.0,0.0
2026-02-09 19:15:00+00:00,213.38099670410156,213.4219970703125,213.33900451660156,213.41799926757812,0,0.0,0.0
2026-02-09 19:30:00+00:00,213.40699768066406,213.4219970703125,213.21800231933594,213.22300720214844,0,0.0,0.0
2026-02-09 19:45:00+00:00,213.2239990234375,213.2830047607422,213.19000244140625,213.2729949951172,0,0.0,0.0
2026-02-09 20:00:00+00:00,213.2689971923828,213.36700439453125,213.26499938964844,213.32400512695312,0,0.0,0.0
2026-02-09 20:15:00+00:00,213.322998046875,213.3560028076172,213.26699829101562,213.29800415039062,0,0.0,0.0
2026-02-09 20:30:00+00:00,213.30099487304688,213.42599487304688,213.29200744628906,213.42100524902344,0,0.0,0.0
2026-02-09 20:45:00+00:00,213.41600036621094,213.5,213.38800048828125,213.46499633789062,0,0.0,0.0
2026-02-09 21:00:00+00:00,213.46200561523438,213.54299926757812,213.44500732421875,213.49200439453125,0,0.0,0.0
2026-02-09 21:15:00+00:00,213.49600219726562,213.50100708007812,213.39700317382812,213.4530029296875,0,0.0,0.0
2026-02-09 21:30:00+00:00,213.44700622558594,213.5679931640625,213.44500732421875,213.54200744628906,0,0.0,0.0
2026-02-09 21:45:00+00:00,213.54200744628906,213.5760040283203,213.39500427246094,213.39999389648438,0,0.0,0.0
2026-02-09 22:00:00+00:00,213.26400756835938,213.66400146484375,213.14100646972656,213.28500366210938,0,0.0,0.0
2026-02-09 22:15:00+00:00,213.28599548339844,213.54100036621094,213.22999572753906,213.3040008544922,0,0.0,0.0
2026-02-09 22:30:00+00:00,213.302001953125,213.48399353027344,213.25399780273438,213.3820037841797,0,0.0,0.0
2026-02-09 22:45:00+00:00,213.36500549316406,213.50999450683594,213.30499267578125,213.34300231933594,0,0.0,0.0
2026-02-09 23:00:00+00:00,213.3350067138672,213.63099670410156,213.2760009765625,213.48899841308594,0,0.0,0.0
2026-02-09 23:15:00+00:00,213.5050048828125,213.62899780273438,213.4600067138672,213.6199951171875,0,0.0,0.0
2026-02-09 23:30:00+00:00,213.60800170898438,213.64599609375,213.57200622558594,213.58799743652344,0,0.0,0.0
2026-02-09 23:45:00+00:00,213.58999633789062,213.6719970703125,213.572998046875,213.61700439453125,0,0.0,0.0
2026-02-10 00:00:00+00:00,213.6060028076172,213.71299743652344,213.54299926757812,213.6269989013672,0,0.0,0.0
2026-02-10 00:15:00+00:00,213.61700439453125,213.70700073242188,213.58700561523438,213.66900634765625,0,0.0,0.0
2026-02-10 00:30:00+00:00,213.67799377441406,213.7239990234375,213.60800170898438,213.60800170898438,0,0.0,0.0
2026-02-10 00:45:00+00:00,213.60800170898438,213.677001953125,213.36399841308594,213.38699340820312,0,0.0,0.0
2026-02-10 01:00:00+00:00,213.39100646972656,213.43600463867188,213.19500732421875,213.21299743652344,0,0.0,0.0
2026-02-10 01:15:00+00:00,213.20399475097656,213.40499877929688,213.19500732421875,213.35400390625,0,0.0,0.0
2026-02-10 01:30:00+00:00,213.35699462890625,213.3820037841797,213.2220001220703,213.2469940185547,0,0.0,0.0
2026-02-10 01:45:00+00:00,213.2480010986328,213.2689971923828,213.06900024414062,213.10000610351562,0,0.0,0.0
2026-02-10 02:00:00+00:00,213.1009979248047,213.218994140625,213.0959930419922,213.13499450683594,0,0.0,0.0
2026-02-10 02:15:00+00:00,213.13299560546875,213.26100158691406,213.1219940185547,213.16400146484375,0,0.0,0.0
2026-02-10 02:30:00+00:00,213.1580047607422,213.16700744628906,212.86500549316406,212.96299743652344,0,0.0,0.0
2026-02-10 02:45:00+00:00,212.9739990234375,212.97500610351562,212.68800354003906,212.7429962158203,0,0.0,0.0
2026-02-10 03:00:00+00:00,212.74600219726562,212.77699279785156,212.58299255371094,212.6230010986328,0,0.0,0.0
2026-02-10 03:15:00+00:00,212.6280059814453,212.6840057373047,212.56900024414062,212.58200073242188,0,0.0,0.0
2026-02-10 03:30:00+00:00,212.58200073242188,212.60299682617188,212.40199279785156,212.41600036621094,0,0.0,0.0
2026-02-10 03:45:00+00:00,212.41200256347656,212.57699584960938,212.3990020751953,212.56100463867188,0,0.0,0.0
2026-02-10 04:00:00+00:00,212.55999755859375,212.57400512695312,212.43899536132812,212.46299743652344,0,0.0,0.0
2026-02-10 04:15:00+00:00,212.46299743652344,212.5679931640625,212.3979949951172,212.468994140625,0,0.0,0.0
2026-02-10 04:30:00+00:00,212.46099853515625,212.5,212.37399291992188,212.38099670410156,0,0.0,0.0
2026-02-10 04:45:00+00:00,212.375,212.44400024414062,212.2989959716797,212.41299438476562,0,0.0,0.0
2026-02-10 05:00:00+00:00,212.40499877929688,212.447998046875,212.31399536132812,212.3159942626953,0,0.0,0.0
2026-02-10 05:15:00+00:00,212.31900024414062,212.34500122070312,212.16099548339844,212.20799255371094,0,0.0,0.0
2026-02-10 05:30:00+00:00,212.20799255371094,212.39100646972656,212.20199584960938,212.281005859375,0,0.0,0.0
2026-02-10 05:45:00+00:00,212.28399658203125,212.43899536132812,212.25,212.4250030517578,0,0.0,0.0
2026-02-10 06:00:00+00:00,212.42100524902344,212.49600219726562,212.36700439453125,212.3699951171875,0,0.0,0.0
2026-02-10 06:15:00+00:00,212.36700439453125,212.47799682617188,212.31700134277344,212.46499633789062,0,0.0,0.0
2026-02-10 06:30:00+00:00,212.46299743652344,212.5229949951172,212.36599731445312,212.3939971923828,0,0.0,0.0
2026-02-10 06:45:00+00:00,212.406005859375,212.5019989013672,212.31399536132812,212.46800231933594,0,0.0,0.0
2026-02-10 07:00:00+00:00,212.47500610351562,212.5500030517578,212.3249969482422,212.48599243164062,0,0.0,0.0
2026-02-10 07:15:00+00:00,212.48699951171875,212.552001953125,212.4320068359375,212.53700256347656,0,0.0,0.0
2026-02-10 07:30:00+00:00,212.53700256347656,212.61300659179688,212.50599670410156,212.60699462890625,0,0.0,0.0
2026-02-10 07:45:00+00:00,212.60699462890625,212.73899841308594,212.58299255371094,212.68299865722656,0,0.0,0.0
2026-02-10 08:00:00+00:00,212.677001953125,212.77000427246094,212.57699584960938,212.5989990234375,0,0.0,0.0
2026-02-10 08:15:00+00:00,212.59500122070312,212.68299865722656,212.5070037841797,212.6320037841797,0,0.0,0.0
2026-02-10 08:30:00+00:00,212.62399291992188,212.75900268554688,212.5749969482422,212.718994140625,0,0.0,0.0
2026-02-10 08:45:00+00:00,212.7169952392578,212.78599548339844,212.56399536132812,212.64199829101562,0,0.0,0.0
2026-02-10 09:00:00+00:00,212.6439971923828,212.68899536132812,212.49200439453125,212.49400329589844,0,0.0,0.0
2026-02-10 09:15:00+00:00,212.49400329589844,212.58900451660156,212.33099365234375,212.36700439453125,0,0.0,0.0
2026-02-10 09:30:00+00:00,212.36399841308594,212.37899780273438,212.218994140625,212.23800659179688,0,0.0,0.0
2026-02-10 09:45:00+00:00,212.23399353027344,212.33799743652344,212.17100524902344,212.24400329589844,0,0.0,0.0
2026-02-10 10:00:00+00:00,212.23500061035156,212.26400756835938,212.11399841308594,212.1320037841797,0,0.0,0.0
2026-02-10 10:15:00+00:00,212.1300048828125,212.13699340820312,211.99400329589844,212.04200744628906,0,0.0,0.0
2026-02-10 10:30:00+00:00,212.03599548339844,212.10899353027344,211.9149932861328,211.91600036621094,0,0.0,0.0
2026-02-10 10:45:00+00:00,211.91600036621094,212.03700256347656,211.88600158691406,211.98699951171875,0,0.0,0.0
2026-02-10 11:00:00+00:00,211.99200439453125,212.0919952392578,211.93699645996094,212.06199645996094,0,0.0,0.0
2026-02-10 11:15:00+00:00,212.0570068359375,212.08799743652344,212.0030059814453,212.05499267578125,0,0.0,0.0
2026-02-10 11:30:00+00:00,212.0469970703125,212.1540069580078,212.03599548339844,212.1269989013672,0,0.0,0.0
2026-02-10 11:45:00+00:00,212.1280059814453,212.1719970703125,212.1020050048828,212.14300537109375,0,0.0,0.0
2026-02-10 12:00:00+00:00,212.14199829101562,212.3090057373047,212.04600524902344,212.30499267578125,0,0.0,0.0
2026-02-10 12:15:00+00:00,212.29800415039062,212.42799377441406,212.19200134277344,212.27200317382812,0,0.0,0.0
2026-02-10 12:30:00+00:00,212.27200317382812,212.2779998779297,212.12100219726562,212.23199462890625,0,0.0,0.0
2026-02-10 12:45:00+00:00,212.24200439453125,212.50900268554688,212.21099853515625,212.36399841308594,0,0.0,0.0
2026-02-10 13:00:00+00:00,212.36399841308594,212.44900512695312,212.072998046875,212.0800018310547,0,0.0,0.0
2026-02-10 13:15:00+00:00,212.07200622558594,212.13999938964844,211.99000549316406,212.00100708007812,0,0.0,0.0
2026-02-10 13:30:00+00:00,212.02699279785156,212.05799865722656,211.76800537109375,211.9149932861328,0,0.0,0.0
2026-02-10 13:45:00+00:00,211.91000366210938,211.98500061035156,211.63999938964844,211.72999572753906,0,0.0,0.0
2026-02-10 14:00:00+00:00,211.72300720214844,211.77000427246094,211.57400512695312,211.63900756835938,0,0.0,0.0
2026-02-10 14:15:00+00:00,211.63099670410156,211.64700317382812,211.3800048828125,211.41600036621094,0,0.0,0.0
2026-02-10 14:30:00+00:00,211.4149932861328,211.49200439453125,210.9739990234375,211.05799865722656,0,0.0,0.0
2026-02-10 14:45:00+00:00,211.05799865722656,211.20799255371094,210.93499755859375,211.1529998779297,0,0.0,0.0
2026-02-10 15:00:00+00:00,211.15499877929688,211.16900634765625,210.8520050048828,210.9340057373047,0,0.0,0.0
2026-02-10 15:15:00+00:00,210.92599487304688,210.93499755859375,210.68600463867188,210.82699584960938,0,0.0,0.0
2026-02-10 15:30:00+00:00,210.82699584960938,210.94500732421875,210.61599731445312,210.66799926757812,0,0.0,0.0
2026-02-10 15:45:00+00:00,210.67599487304688,210.91099548339844,210.61199951171875,210.86000061035156,0,0.0,0.0
2026-02-10 16:00:00+00:00,210.86099243164062,210.88499450683594,210.61199951171875,210.65899658203125,0,0.0,0.0
2026-02-10 16:15:00+00:00,210.656005859375,210.78399658203125,210.53900146484375,210.77699279785156,0,0.0,0.0
2026-02-10 16:30:00+00:00,210.77999877929688,210.79800415039062,210.6230010986328,210.71600341796875,0,0.0,0.0
2026-02-10 16:45:00+00:00,210.71600341796875,210.8820037841797,210.71299743652344,210.8040008544922,0,0.0,0.0
2026-02-10 17:00:00+00:00,210.80599975585938,210.84300231933594,210.6439971923828,210.65699768066406,0,0.0,0.0
2026-02-10 17:15:00+00:00,210.66200256347656,210.68600463867188,210.61099243164062,210.66000366210938,0,0.0,0.0
2026-02-10 17:30:00+00:00,210.65899658203125,210.79600524902344,210.6529998779297,210.781005859375,0,0.0,0.0
2026-02-10 17:45:00+00:00,210.781005859375,210.81199645996094,210.62399291992188,210.7790069580078,0,0.0,0.0
2026-02-10 18:00:00+00:00,210.7760009765625,210.80999755859375,210.73399353027344,210.77099609375,0,0.0,0.0
2026-02-10 18:15:00+00:00,210.77499389648438,210.83700561523438,210.7429962158203,210.80499267578125,0,0.0,0.0
2026-02-10 18:30:00+00:00,210.7969970703125,210.8560028076172,210.7519989013672,210.76600646972656,0,0.0,0.0
2026-02-10 18:45:00+00:00,210.76699829101562,210.8300018310547,210.75900268554688,210.80099487304688,0,0.0,0.0
2026-02-10 19:00:00+00:00,210.78799438476562,210.8820037841797,210.76600646972656,210.84800720214844,0,0.0,0.0
2026-02-10 19:15:00+00:00,210.8520050048828,210.87100219726562,210.7740020751953,210.78700256347656,0,0.0,0.0
2026-02-10 19:30:00+00:00,210.78700256347656,210.86700439453125,210.76600646972656,210.82400512695312,0,0.0,0.0
2026-02-10 19:45:00+00:00,210.822998046875,210.83200073242188,210.67599487304688,210.73899841308594,0,0.0,0.0
2026-02-10 20:00:00+00:00,210.73800659179688,210.76499938964844,210.67999267578125,210.6959991455078,0,0.0,0.0
2026-02-10 20:15:00+00:00,210.6959991455078,210.72000122070312,210.677001953125,210.68600463867188,0,0.0,0.0
2026-02-10 20:30:00+00:00,210.68699645996094,210.71800231933594,210.57200622558594,210.5959930419922,0,0.0,0.0
2026-02-10 20:45:00+00:00,210.59100341796875,210.64500427246094,210.50999450683594,210.56199645996094,0,0.0,0.0
2026-02-10 21:00:00+00:00,210.56100463867188,210.5919952392578,210.4770050048828,210.53900146484375,0,0.0,0.0
2026-02-10 21:15:00+00:00,210.53500366210938,210.57699584960938,210.51400756835938,210.53399658203125,0,0.0,0.0
2026-02-10 21:30:00+00:00,210.5330047607422,210.58200073242188,210.52200317382812,210.56300354003906,0,0.0,0.0
2026-02-10 21:45:00+00:00,210.56399536132812,210.64199829101562,210.52200317382812,210.6219940185547,0,0.0,0.0
2026-02-10 22:00:00+00:00,210.572998046875,210.78900146484375,210.4709930419922,210.55599975585938,0,0.0,0.0
2026-02-10 22:15:00+00:00,210.5570068359375,210.64999389648438,210.44900512695312,210.50799560546875,0,0.0,0.0
2026-02-10 22:30:00+00:00,210.5070037841797,210.64199829101562,210.4810028076172,210.56300354003906,0,0.0,0.0
2026-02-10 22:45:00+00:00,210.56399536132812,210.6320037841797,210.48199462890625,210.54400634765625,0,0.0,0.0
2026-02-10 23:00:00+00:00,210.5800018310547,210.61599731445312,210.48800659179688,210.59800720214844,0,0.0,0.0
2026-02-10 23:15:00+00:00,210.58200073242188,210.66700744628906,210.57200622558594,210.64300537109375,0,0.0,0.0
2026-02-10 23:30:00+00:00,210.6280059814453,210.65199279785156,210.58399963378906,210.60800170898438,0,0.0,0.0
2026-02-10 23:45:00+00:00,210.6009979248047,210.62899780273438,210.58999633789062,210.60499572753906,0,0.0,0.0
2026-02-11 00:00:00+00:00,210.62399291992188,210.64300537109375,210.5,210.5590057373047,0,0.0,0.0
2026-02-11 00:15:00+00:00,210.55099487304688,210.5800018310547,210.36099243164062,210.38900756835938,0,0.0,0.0
2026-02-11 00:30:00+00:00,210.3820037841797,210.38800048828125,210.13900756835938,210.1479949951172,0,0.0,0.0
2026-02-11 00:45:00+00:00,210.1510009765625,210.21200561523438,210.07200622558594,210.0970001220703,0,0.0,0.0
2026-02-11 01:00:00+00:00,210.0959930419922,210.18099975585938,209.97900390625,210.0290069580078,0,0.0,0.0
2026-02-11 01:15:00+00:00,210.03599548339844,210.06300354003906,209.93600463867188,210.04299926757812,0,0.0,0.0
2026-02-11 01:30:00+00:00,210.03199768066406,210.1320037841797,209.99899291992188,210.08700561523438,0,0.0,0.0
2026-02-11 01:45:00+00:00,210.08700561523438,210.1540069580078,210.0679931640625,210.08700561523438,0,0.0,0.0
2026-02-11 02:00:00+00:00,210.0780029296875,210.10699462890625,209.99200439453125,210.03500366210938,0,0.0,0.0
2026-02-11 02:15:00+00:00,210.02999877929688,210.08299255371094,209.93099975585938,210.052001953125,0,0.0,0.0
2026-02-11 02:30:00+00:00,210.0469970703125,210.072998046875,209.8470001220703,210.0,0,0.0,0.0
2026-02-11 02:45:00+00:00,210.0,210.01499938964844,209.7949981689453,209.8000030517578,0,0.0,0.0
2026-02-11 03:00:00+00:00,209.8000030517578,209.89199829101562,209.781005859375,209.85899353027344,0,0.0,0.0
2026-02-11 03:15:00+00:00,209.85899353027344,209.968994140625,209.8419952392578,209.94000244140625,0,0.0,0.0
2026-02-11 03:30:00+00:00,209.94400024414062,209.9810028076172,209.83200073242188,209.8800048828125,0,0.0,0.0
2026-02-11 03:45:00+00:00,209.8730010986328,209.9199981689453,209.822998046875,209.83999633789062,0,0.0,0.0
2026-02-11 04:00:00+00:00,209.83900451660156,209.87600708007812,209.77099609375,209.78700256347656,0,0.0,0.0
2026-02-11 04:15:00+00:00,209.78700256347656,209.7969970703125,209.572998046875,209.5780029296875,0,0.0,0.0
2026-02-11 04:30:00+00:00,209.5800018310547,209.61099243164062,209.48399353027344,209.51199340820312,0,0.0,0.0
2026-02-11 04:45:00+00:00,209.52099609375,209.5989990234375,209.38999938964844,209.41900634765625,0,0.0,0.0
2026-02-11 05:00:00+00:00,209.41200256347656,209.5019989013672,209.3419952392578,209.42799377441406,0,0.0,0.0
2026-02-11 05:15:00+00:00,209.427001953125,209.47799682617188,209.29100036621094,209.2949981689453,0,0.0,0.0
2026-02-11 05:30:00+00:00,209.2949981689453,209.32699584960938,209.13099670410156,209.3179931640625,0,0.0,0.0
2026-02-11 05:45:00+00:00,209.31300354003906,209.33099365234375,209.17300415039062,209.1959991455078,0,0.0,0.0
2026-02-11 06:00:00+00:00,209.19400024414062,209.2169952392578,208.9770050048828,209.10000610351562,0,0.0,0.0
2026-02-11 06:15:00+00:00,209.10899353027344,209.2519989013672,208.9969940185547,209.2220001220703,0,0.0,0.0
2026-02-11 06:30:00+00:00,209.2220001220703,209.33999633789062,209.11599731445312,209.2899932861328,0,0.0,0.0
2026-02-11 06:45:00+00:00,209.2830047607422,209.36500549316406,209.16299438476562,209.3459930419922,0,0.0,0.0
2026-02-11 07:00:00+00:00,209.33999633789062,209.4429931640625,209.25900268554688,209.35899353027344,0,0.0,0.0
2026-02-11 07:15:00+00:00,209.35800170898438,209.4770050048828,209.27200317382812,209.43699645996094,0,0.0,0.0
2026-02-11 07:30:00+00:00,209.4320068359375,209.54400634765625,209.38299560546875,209.50900268554688,0,0.0,0.0
2026-02-11 07:45:00+00:00,209.50100708007812,209.55599975585938,209.33799743652344,209.35400390625,0,0.0,0.0
2026-02-11 08:00:00+00:00,209.3560028076172,209.54600524902344,209.28700256347656,209.5050048828125,0,0.0,0.0
2026-02-11 08:15:00+00:00,209.5019989013672,209.6820068359375,209.44700622558594,209.6580047607422,0,0.0,0.0
2026-02-11 08:30:00+00:00,209.656005859375,209.72000122070312,209.6219940185547,209.67999267578125,0,0.0,0.0
2026-02-11 08:45:00+00:00,209.67999267578125,209.73800659179688,209.60299682617188,209.6840057373047,0,0.0,0.0
2026-02-11 09:00:00+00:00,209.68899536132812,209.88600158691406,209.67999267578125,209.87399291992188,0,0.0,0.0
2026-02-11 09:15:00+00:00,209.86700439453125,210.00900268554688,209.83999633789062,209.9149932861328,0,0.0,0.0
2026-02-11 09:30:00+00:00,209.91200256347656,209.9530029296875,209.75999450683594,209.76400756835938,0,0.0,0.0
2026-02-11 09:45:00+00:00,209.77000427246094,209.83200073242188,209.6739959716797,209.81700134277344,0,0.0,0.0
2026-02-11 10:00:00+00:00,209.8179931640625,209.85800170898438,209.74400329589844,209.75900268554688,0,0.0,0.0
2026-02-11 10:15:00+00:00,209.76499938964844,209.83799743652344,209.74099731445312,209.77699279785156,0,0.0,0.0
2026-02-11 10:30:00+00:00,209.7689971923828,210.11900329589844,209.72300720214844,210.0240020751953,0,0.0,0.0
2026-02-11 10:45:00+00:00,210.0240020751953,210.1790008544922,209.99899291992188,210.12899780273438,0,0.0,0.0
2026-02-11 11:00:00+00:00,210.12899780273438,210.16700744628906,210.07000732421875,210.0709991455078,0,0.0,0.0
2026-02-11 11:15:00+00:00,210.0709991455078,210.23500061035156,210.0679931640625,210.19400024414062,0,0.0,0.0
2026-02-11 11:30:00+00:00,210.18800354003906,210.2050018310547,210.08700561523438,210.1739959716797,0,0.0,0.0
2026-02-11 11:45:00+00:00,210.17599487304688,210.22500610351562,210.11700439453125,210.14599609375,0,0.0,0.0
2026-02-11 12:00:00+00:00,210.1510009765625,210.23399353027344,210.11300659179688,210.1739959716797,0,0.0,0.0
2026-02-11 12:15:00+00:00,210.17999267578125,210.21299743652344,210.0679931640625,210.072998046875,0,0.0,0.0
2026-02-11 12:30:00+00:00,210.07400512695312,210.2100067138672,210.05599975585938,210.1719970703125,0,0.0,0.0
2026-02-11 12:45:00+00:00,210.17799377441406,210.18099975585938,210.05099487304688,210.1179962158203,0,0.0,0.0
2026-02-11 13:00:00+00:00,210.11500549316406,210.177001953125,210.09800720214844,210.14199829101562,0,0.0,0.0
2026-02-11 13:15:00+00:00,210.13699340820312,210.28199768066406,209.96499633789062,210.03700256347656,0,0.0,0.0
2026-02-11 13:30:00+00:00,210.03900146484375,210.5189971923828,208.61000061035156,209.33299255371094,0,0.0,0.0
2026-02-11 13:45:00+00:00,209.3769989013672,209.96400451660156,209.33399963378906,209.843994140625,0,0.0,0.0
2026-02-11 14:00:00+00:00,209.84500122070312,210.11900329589844,209.7740020751953,209.9149932861328,0,0.0,0.0
2026-02-11 14:15:00+00:00,209.91799926757812,210.08700561523438,209.8459930419922,210.06300354003906,0,0.0,0.0
2026-02-11 14:30:00+00:00,210.05499267578125,210.06399536132812,209.78199768066406,209.9080047607422,0,0.0,0.0
2026-02-11 14:45:00+00:00,209.90699768066406,209.9320068359375,209.37399291992188,209.5330047607422,0,0.0,0.0
2026-02-11 15:00:00+00:00,209.53599548339844,209.61000061035156,209.25599670410156,209.33099365234375,0,0.0,0.0
2026-02-11 15:15:00+00:00,209.33299255371094,209.55799865722656,209.29400634765625,209.2949981689453,0,0.0,0.0
2026-02-11 15:30:00+00:00,209.29299926757812,209.4550018310547,209.18299865722656,209.39100646972656,0,0.0,0.0
2026-02-11 15:45:00+00:00,209.39300537109375,209.5330047607422,209.3470001220703,209.427001953125,0,0.0,0.0
2026-02-11 16:00:00+00:00,209.42999267578125,209.48300170898438,209.18499755859375,209.32000732421875,0,0.0,0.0
2026-02-11 16:15:00+00:00,209.32200622558594,209.40199279785156,209.1649932861328,209.1649932861328,0,0.0,0.0
2026-02-11 16:30:00+00:00,209.16400146484375,209.2169952392578,209.0590057373047,209.14100646972656,0,0.0,0.0
2026-02-11 16:45:00+00:00,209.1479949951172,209.1529998779297,208.77699279785156,208.78199768066406,0,0.0,0.0
2026-02-11 17:00:00+00:00,208.7899932861328,208.87899780273438,208.67300415039062,208.76199340820312,0,0.0,0.0
2026-02-11 17:15:00+00:00,208.76800537109375,208.84100341796875,208.63699340820312,208.677001953125,0,0.0,0.0
2026-02-11 17:30:00+00:00,208.677001953125,208.69500732421875,208.43499755859375,208.66700744628906,0,0.0,0.0
2026-02-11 17:45:00+00:00,208.6820068359375,208.7949981689453,208.63099670410156,208.7259979248047,0,0.0,0.0
2026-02-11 18:00:00+00:00,208.7270050048828,208.74200439453125,208.6269989013672,208.69500732421875,0,0.0,0.0
2026-02-11 18:15:00+00:00,208.6929931640625,208.71299743652344,208.59500122070312,208.6479949951172,0,0.0,0.0
2026-02-11 18:30:00+00:00,208.64100646972656,208.656005859375,208.3260040283203,208.33200073242188,0,0.0,0.0
2026-02-11 18:45:00+00:00,208.33299255371094,208.35499572753906,208.17100524902344,208.27999877929688,0,0.0,0.0
2026-02-11 19:00:00+00:00,208.28399658203125,208.4929962158203,208.26300048828125,208.38999938964844,0,0.0,0.0
2026-02-11 19:15:00+00:00,208.38800048828125,208.4239959716797,208.29200744628906,208.38999938964844,0,0.0,0.0
2026-02-11 19:30:00+00:00,208.38400268554688,208.47500610351562,208.32899475097656,208.4239959716797,0,0.0,0.0
2026-02-11 19:45:00+00:00,208.4149932861328,208.50900268554688,208.39599609375,208.49400329589844,0,0.0,0.0
2026-02-11 20:00:00+00:00,208.4949951171875,208.63900756835938,208.48399353027344,208.56900024414062,0,0.0,0.0
2026-02-11 20:15:00+00:00,208.5679931640625,208.6739959716797,208.56399536132812,208.5959930419922,0,0.0,0.0
2026-02-11 20:30:00+00:00,208.5919952392578,208.67599487304688,208.58700561523438,208.66700744628906,0,0.0,0.0
2026-02-11 20:45:00+00:00,208.66099548339844,208.79600524902344,208.66099548339844,208.69700622558594,0,0.0,0.0
2026-02-11 21:00:00+00:00,208.6999969482422,208.80299377441406,208.69000244140625,208.75399780273438,0,0.0,0.0
2026-02-11 21:15:00+00:00,208.74600219726562,208.822998046875,208.72799682617188,208.77099609375,0,0.0,0.0
2026-02-11 21:30:00+00:00,208.76199340820312,208.83900451660156,208.75399780273438,208.76199340820312,0,0.0,0.0
2026-02-11 21:45:00+00:00,208.76199340820312,208.91200256347656,208.74099731445312,208.7969970703125,0,0.0,0.0
2026-02-11 22:00:00+00:00,208.7010040283203,208.84800720214844,208.5290069580078,208.6959991455078,0,0.0,0.0
2026-02-11 22:15:00+00:00,208.69900512695312,208.79400634765625,208.4709930419922,208.61599731445312,0,0.0,0.0
2026-02-11 22:30:00+00:00,208.61500549316406,208.70899963378906,208.4969940185547,208.62899780273438,0,0.0,0.0
2026-02-11 22:45:00+00:00,208.64999389648438,208.70799255371094,208.48599243164062,208.61399841308594,0,0.0,0.0
2026-02-11 23:00:00+00:00,208.61399841308594,208.75900268554688,208.52200317382812,208.70899963378906,0,0.0,0.0
2026-02-11 23:15:00+00:00,208.7209930419922,208.73500061035156,208.60800170898438,208.66600036621094,0,0.0,0.0
2026-02-11 23:30:00+00:00,208.6439971923828,208.7010040283203,208.57699584960938,208.61199951171875,0,0.0,0.0
2026-02-11 23:45:00+00:00,208.6020050048828,208.8179931640625,208.6020050048828,208.802001953125,0,0.0,0.0
2026-02-12 00:00:00+00:00,208.781005859375,208.95599365234375,208.65199279785156,208.89100646972656,0,0.0,0.0
2026-02-12 00:15:00+00:00,208.89100646972656,208.906005859375,208.5749969482422,208.7169952392578,0,0.0,0.0
2026-02-12 00:30:00+00:00,208.70700073242188,209.00599670410156,208.6840057373047,208.91900634765625,0,0.0,0.0
2026-02-12 00:45:00+00:00,208.906005859375,208.96400451660156,208.6820068359375,208.70700073242188,0,0.0,0.0
2026-02-12 01:00:00+00:00,208.7010040283203,208.71299743652344,208.41700744628906,208.4459991455078,0,0.0,0.0
2026-02-12 01:15:00+00:00,208.43899536132812,208.70799255371094,208.43099975585938,208.6790008544922,0,0.0,0.0
2026-02-12 01:30:00+00:00,208.68699645996094,208.78799438476562,208.4320068359375,208.54400634765625,0,0.0,0.0
2026-02-12 01:45:00+00:00,208.5449981689453,208.60899353027344,208.34100341796875,208.48699951171875,0,0.0,0.0
2026-02-12 02:00:00+00:00,208.48500061035156,208.52999877929688,208.21600341796875,208.23699951171875,0,0.0,0.0
2026-02-12 02:15:00+00:00,208.23599243164062,208.30299377441406,208.16200256347656,208.23300170898438,0,0.0,0.0
2026-02-12 02:30:00+00:00,208.22799682617188,208.24099731445312,208.08599853515625,208.1649932861328,0,0.0,0.0
2026-02-12 02:45:00+00:00,208.1540069580078,208.19900512695312,207.94500732421875,207.98300170898438,0,0.0,0.0
2026-02-12 03:00:00+00:00,207.97999572753906,207.99099731445312,207.718994140625,207.75900268554688,0,0.0,0.0
2026-02-12 03:15:00+00:00,207.7570037841797,207.7969970703125,207.68099975585938,207.79100036621094,0,0.0,0.0
2026-02-12 03:30:00+00:00,207.79100036621094,207.84100341796875,207.6269989013672,207.8350067138672,0,0.0,0.0
2026-02-12 03:45:00+00:00,207.83200073242188,208.01400756835938,207.80999755859375,207.95700073242188,0,0.0,0.0
2026-02-12 04:00:00+00:00,207.95599365234375,207.96400451660156,207.77999877929688,207.83999633789062,0,0.0,0.0
2026-02-12 04:15:00+00:00,207.84500122070312,208.00799560546875,207.77499389648438,207.9510040283203,0,0.0,0.0
2026-02-12 04:30:00+00:00,207.9530029296875,208.0850067138672,207.86399841308594,208.0570068359375,0,0.0,0.0
2026-02-12 04:45:00+00:00,208.0590057373047,208.26300048828125,208.01400756835938,208.26300048828125,0,0.0,0.0
2026-02-12 05:00:00+00:00,208.2519989013672,208.3780059814453,208.2239990234375,208.33799743652344,0,0.0,0.0
2026-02-12 05:15:00+00:00,208.33799743652344,208.47500610351562,208.3000030517578,208.46099853515625,0,0.0,0.0
2026-02-12 05:30:00+00:00,208.46099853515625,208.6280059814453,208.41099548339844,208.58399963378906,0,0.0,0.0
2026-02-12 05:45:00+00:00,208.5709991455078,208.58900451660156,208.4510040283203,208.54600524902344,0,0.0,0.0
2026-02-12 06:00:00+00:00,208.54400634765625,208.55799865722656,208.3719940185547,208.52999877929688,0,0.0,0.0
2026-02-12 06:15:00+00:00,208.52699279785156,208.91900634765625,208.50100708007812,208.84300231933594,0,0.0,0.0
2026-02-12 06:30:00+00:00,208.84100341796875,208.93600463867188,208.36399841308594,208.70899963378906,0,0.0,0.0
2026-02-12 06:45:00+00:00,208.71099853515625,208.95199584960938,208.6510009765625,208.75900268554688,0,0.0,0.0
2026-02-12 07:00:00+00:00,208.7449951171875,208.79600524902344,208.46400451660156,208.50799560546875,0,0.0,0.0
2026-02-12 07:15:00+00:00,208.51400756835938,208.66799926757812,208.4669952392578,208.58399963378906,0,0.0,0.0
2026-02-12 07:30:00+00:00,208.58900451660156,208.62899780273438,208.3800048828125,208.58200073242188,0,0.0,0.0
2026-02-12 07:45:00+00:00,208.58200073242188,208.72000122070312,208.54200744628906,208.6230010986328,0,0.0,0.0
2026-02-12 08:00:00+00:00,208.62100219726562,208.65499877929688,208.38499450683594,208.48199462890625,0,0.0,0.0
2026-02-12 08:15:00+00:00,208.47500610351562,208.61399841308594,208.4239959716797,208.58999633789062,0,0.0,0.0
2026-02-12 08:30:00+00:00,208.58799743652344,208.6479949951172,208.51100158691406,208.53799438476562,0,0.0,0.0
2026-02-12 08:45:00+00:00,208.53799438476562,208.58900451660156,208.38699340820312,208.5260009765625,0,0.0,0.0
2026-02-12 09:00:00+00:00,208.53199768066406,208.64599609375,208.47500610351562,208.61099243164062,0,0.0,0.0
2026-02-12 09:15:00+00:00,208.61599731445312,208.77999877929688,208.5850067138672,208.72300720214844,0,0.0,0.0
2026-02-12 09:30:00+00:00,208.718994140625,208.83999633789062,208.64999389648438,208.66600036621094,0,0.0,0.0
2026-02-12 09:45:00+00:00,208.66799926757812,208.7209930419922,208.61900329589844,208.70199584960938,0,0.0,0.0
2026-02-12 10:00:00+00:00,208.6999969482422,208.76499938964844,208.61700439453125,208.7570037841797,0,0.0,0.0
2026-02-12 10:15:00+00:00,208.76300048828125,208.81399536132812,208.58599853515625,208.69000244140625,0,0.0,0.0
2026-02-12 10:30:00+00:00,208.68699645996094,208.72900390625,208.58799743652344,208.7209930419922,0,0.0,0.0
2026-02-12 10:45:00+00:00,208.71299743652344,208.82899475097656,208.7050018310547,208.8280029296875,0,0.0,0.0
2026-02-12 11:00:00+00:00,208.8159942626953,208.9429931640625,208.76600646972656,208.927001953125,0,0.0,0.0
2026-02-12 11:15:00+00:00,208.92100524902344,208.99400329589844,208.83399963378906,208.9340057373047,0,0.0,0.0
2026-02-12 11:30:00+00:00,208.9290008544922,208.98699951171875,208.91299438476562,208.9499969482422,0,0.0,0.0
2026-02-12 11:45:00+00:00,208.9600067138672,209.31100463867188,208.94900512695312,209.25599670410156,0,0.0,0.0
2026-02-12 12:00:00+00:00,209.25799560546875,209.37100219726562,209.18800354003906,209.3520050048828,0,0.0,0.0
2026-02-12 12:15:00+00:00,209.3509979248047,209.43099975585938,209.28799438476562,209.3470001220703,0,0.0,0.0
2026-02-12 12:30:00+00:00,209.34800720214844,209.44500732421875,209.26600646972656,209.3679962158203,0,0.0,0.0
2026-02-12 12:45:00+00:00,209.36700439453125,209.53900146484375,209.31199645996094,209.42999267578125,0,0.0,0.0
2026-02-12 13:00:00+00:00,209.4239959716797,209.5540008544922,209.40499877929688,209.45899963378906,0,0.0,0.0
2026-02-12 13:15:00+00:00,209.4600067138672,209.47000122070312,209.2740020751953,209.3249969482422,0,0.0,0.0
2026-02-12 13:30:00+00:00,209.3419952392578,209.38600158691406,209.1790008544922,209.20799255371094,0,0.0,0.0
2026-02-12 13:45:00+00:00,209.20700073242188,209.27099609375,209.13499450683594,209.197998046875,0,0.0,0.0
2026-02-12 14:00:00+00:00,209.20199584960938,209.27699279785156,208.93899536132812,209.06399536132812,0,0.0,0.0
2026-02-12 14:15:00+00:00,209.06399536132812,209.14599609375,208.92999267578125,209.11599731445312,0,0.0,0.0
2026-02-12 14:30:00+00:00,209.11300659179688,209.16799926757812,208.9929962158203,209.16299438476562,0,0.0,0.0
2026-02-12 14:45:00+00:00,209.16799926757812,209.2550048828125,209.052001953125,209.08700561523438,0,0.0,0.0
2026-02-12 15:00:00+00:00,209.0919952392578,209.1280059814453,208.93499755859375,208.95199584960938,0,0.0,0.0
2026-02-12 15:15:00+00:00,208.9510040283203,209.031005859375,208.8769989013672,209.0030059814453,0,0.0,0.0
2026-02-12 15:30:00+00:00,208.9980010986328,209.02499389648438,208.54400634765625,208.60899353027344,0,0.0,0.0
2026-02-12 15:45:00+00:00,208.61000061035156,208.64700317382812,208.33700561523438,208.41700744628906,0,0.0,0.0
2026-02-12 16:00:00+00:00,208.4199981689453,208.5,207.95599365234375,208.19900512695312,0,0.0,0.0
2026-02-12 16:15:00+00:00,208.18600463867188,208.2100067138672,207.55499267578125,207.6540069580078,0,0.0,0.0
2026-02-12 16:30:00+00:00,207.6540069580078,208.30499267578125,207.6320037841797,208.1840057373047,0,0.0,0.0
2026-02-12 16:45:00+00:00,208.18099975585938,208.23300170898438,207.89100646972656,208.09100341796875,0,0.0,0.0
2026-02-12 17:00:00+00:00,208.08999633789062,208.2209930419922,207.91299438476562,208.06900024414062,0,0.0,0.0
2026-02-12 17:15:00+00:00,208.06700134277344,208.10699462890625,207.86500549316406,207.98599243164062,0,0.0,0.0
2026-02-12 17:30:00+00:00,207.98699951171875,208.2209930419922,207.9550018310547,208.20799255371094,0,0.0,0.0
2026-02-12 17:45:00+00:00,208.20399475097656,208.27200317382812,208.16200256347656,208.16400146484375,0,0.0,0.0
2026-02-12 18:00:00+00:00,208.16700744628906,208.1999969482422,207.92999267578125,207.94200134277344,0,0.0,0.0
2026-02-12 18:15:00+00:00,207.9459991455078,208.14700317382812,207.9010009765625,208.0449981689453,0,0.0,0.0
2026-02-12 18:30:00+00:00,208.05099487304688,208.13999938964844,207.99600219726562,208.0989990234375,0,0.0,0.0
2026-02-12 18:45:00+00:00,208.09800720214844,208.2989959716797,208.08399963378906,208.23199462890625,0,0.0,0.0
2026-02-12 19:00:00+00:00,208.22799682617188,208.33200073242188,208.17300415039062,208.25599670410156,0,0.0,0.0
2026-02-12 19:15:00+00:00,208.25599670410156,208.33700561523438,208.24899291992188,208.27000427246094,0,0.0,0.0
2026-02-12 19:30:00+00:00,208.27499389648438,208.3820037841797,208.2550048828125,208.37600708007812,0,0.0,0.0
2026-02-12 19:45:00+00:00,208.375,208.38999938964844,208.28900146484375,208.302001953125,0,0.0,0.0
2026-02-12 20:00:00+00:00,208.30599975585938,208.33399963378906,208.26800537109375,208.31500244140625,0,0.0,0.0
2026-02-12 20:15:00+00:00,208.3159942626953,208.32200622558594,208.21600341796875,208.22799682617188,0,0.0,0.0
2026-02-12 20:30:00+00:00,208.2220001220703,208.24400329589844,208.1479949951172,208.1540069580078,0,0.0,0.0
2026-02-12 20:45:00+00:00,208.1540069580078,208.16700744628906,207.968994140625,207.9739990234375,0,0.0,0.0
2026-02-12 21:00:00+00:00,207.968994140625,208.06300354003906,207.968994140625,208.0540008544922,0,0.0,0.0
2026-02-12 21:15:00+00:00,208.0540008544922,208.06700134277344,207.9980010986328,208.01499938964844,0,0.0,0.0
2026-02-12 21:30:00+00:00,208.01199340820312,208.0590057373047,208.0070037841797,208.03799438476562,0,0.0,0.0
2026-02-12 21:45:00+00:00,208.03799438476562,208.13699340820312,207.9239959716797,207.95399475097656,0,0.0,0.0
2026-02-12 22:00:00+00:00,207.94700622558594,208.11900329589844,207.86199951171875,207.9499969482422,0,0.0,0.0
2026-02-12 22:15:00+00:00,207.95399475097656,208.15899658203125,207.92799377441406,208.01800537109375,0,0.0,0.0
2026-02-12 22:30:00+00:00,208.00999450683594,208.14100646972656,207.9409942626953,208.03799438476562,0,0.0,0.0
2026-02-12 22:45:00+00:00,208.03799438476562,208.14100646972656,207.86700439453125,207.9340057373047,0,0.0,0.0
2026-02-12 23:00:00+00:00,207.9219970703125,208.16900634765625,207.90899658203125,208.1230010986328,0,0.0,0.0
2026-02-12 23:15:00+00:00,208.1300048828125,208.16900634765625,208.10499572753906,208.14199829101562,0,0.0,0.0
2026-02-12 23:30:00+00:00,208.13999938964844,208.14999389648438,207.9669952392578,207.9739990234375,0,0.0,0.0
2026-02-12 23:45:00+00:00,207.9739990234375,208.1739959716797,207.91099548339844,208.0540008544922,0,0.0,0.0
2026-02-13 00:00:00+00:00,208.06900024414062,208.28500366210938,208.01600646972656,208.21800231933594,0,0.0,0.0
2026-02-13 00:15:00+00:00,208.21800231933594,208.31300354003906,208.1739959716797,208.26699829101562,0,0.0,0.0
2026-02-13 00:30:00+00:00,208.25799560546875,208.27699279785156,208.08200073242188,208.1199951171875,0,0.0,0.0
2026-02-13 00:45:00+00:00,208.11700439453125,208.177001953125,207.98599243164062,208.08299255371094,0,0.0,0.0
2026-02-13 01:00:00+00:00,208.08099365234375,208.69400024414062,208.0709991455078,208.61199951171875,0,0.0,0.0
2026-02-13 01:15:00+00:00,208.61399841308594,208.75,208.49899291992188,208.74600219726562,0,0.0,0.0
2026-02-13 01:30:00+00:00,208.74000549316406,208.77000427246094,208.63999938964844,208.75799560546875,0,0.0,0.0
2026-02-13 01:45:00+00:00,208.75100708007812,208.77699279785156,208.63499450683594,208.6959991455078,0,0.0,0.0
2026-02-13 02:00:00+00:00,208.69400024414062,208.75999450683594,208.61300659179688,208.6320037841797,0,0.0,0.0
2026-02-13 02:15:00+00:00,208.63800048828125,208.66400146484375,208.46400451660156,208.46499633789062,0,0.0,0.0
2026-02-13 02:30:00+00:00,208.46499633789062,208.54299926757812,208.45899963378906,208.47999572753906,0,0.0,0.0
2026-02-13 02:45:00+00:00,208.47799682617188,208.63699340820312,208.47500610351562,208.59100341796875,0,0.0,0.0
2026-02-13 03:00:00+00:00,208.6020050048828,208.61199951171875,208.47500610351562,208.47900390625,0,0.0,0.0
2026-02-13 03:15:00+00:00,208.48399353027344,208.49400329589844,208.29800415039062,208.31500244140625,0,0.0,0.0
2026-02-13 03:30:00+00:00,208.3159942626953,208.32400512695312,208.1580047607422,208.24200439453125,0,0.0,0.0
2026-02-13 03:45:00+00:00,208.2449951171875,208.2969970703125,208.15899658203125,208.23199462890625,0,0.0,0.0
2026-02-13 04:00:00+00:00,208.23199462890625,208.24000549316406,208.10299682617188,208.18299865722656,0,0.0,0.0
2026-02-13 04:15:00+00:00,208.1739959716797,208.2790069580078,208.16400146484375,208.24000549316406,0,0.0,0.0
2026-02-13 04:30:00+00:00,208.22900390625,208.46299743652344,208.22000122070312,208.44200134277344,0,0.0,0.0
2026-02-13 04:45:00+00:00,208.44200134277344,208.60800170898438,208.43899536132812,208.593994140625,0,0.0,0.0
2026-02-13 05:00:00+00:00,208.593994140625,208.6479949951172,208.4709930419922,208.48899841308594,0,0.0,0.0
2026-02-13 05:15:00+00:00,208.48699951171875,208.49400329589844,208.3489990234375,208.3509979248047,0,0.0,0.0
2026-02-13 05:30:00+00:00,208.3470001220703,208.49200439453125,208.33799743652344,208.4499969482422,0,0.0,0.0
2026-02-13 05:45:00+00:00,208.4499969482422,208.64100646972656,208.4499969482422,208.5330047607422,0,0.0,0.0
2026-02-13 06:00:00+00:00,208.5279998779297,208.64999389648438,208.39199829101562,208.40899658203125,0,0.0,0.0
2026-02-13 06:15:00+00:00,208.41000366210938,208.4459991455078,208.30299377441406,208.33200073242188,0,0.0,0.0
2026-02-13 06:30:00+00:00,208.33700561523438,208.46299743652344,208.32200622558594,208.4459991455078,0,0.0,0.0
2026-02-13 06:45:00+00:00,208.4510040283203,208.65199279785156,208.40499877929688,208.64700317382812,0,0.0,0.0
2026-02-13 07:00:00+00:00,208.63600158691406,208.76800537109375,208.56700134277344,208.718994140625,0,0.0,0.0
2026-02-13 07:15:00+00:00,208.7209930419922,208.7729949951172,208.59500122070312,208.67999267578125,0,0.0,0.0
2026-02-13 07:30:00+00:00,208.67999267578125,208.97000122070312,208.66200256347656,208.9219970703125,0,0.0,0.0
2026-02-13 07:45:00+00:00,208.9219970703125,208.93099975585938,208.74099731445312,208.8470001220703,0,0.0,0.0
2026-02-13 08:00:00+00:00,208.83900451660156,209.156005859375,208.7969970703125,208.86900329589844,0,0.0,0.0
2026-02-13 08:15:00+00:00,208.86199951171875,209.04200744628906,208.83700561523438,209.02000427246094,0,0.0,0.0
2026-02-13 08:30:00+00:00,209.0189971923828,209.1820068359375,208.95700073242188,209.18099975585938,0,0.0,0.0
2026-02-13 08:45:00+00:00,209.18299865722656,209.32899475097656,209.1739959716797,209.2209930419922,0,0.0,0.0
2026-02-13 09:00:00+00:00,209.21800231933594,209.30499267578125,209.14100646972656,209.18499755859375,0,0.0,0.0
2026-02-13 09:15:00+00:00,209.1790008544922,209.32200622558594,209.1540069580078,209.28199768066406,0,0.0,0.0
2026-02-13 09:30:00+00:00,209.2830047607422,209.29600524902344,209.0989990234375,209.13600158691406,0,0.0,0.0
2026-02-13 09:45:00+00:00,209.13699340820312,209.20399475097656,209.08900451660156,209.11900329589844,0,0.0,0.0
2026-02-13 10:00:00+00:00,209.11099243164062,209.20899963378906,209.072998046875,209.13299560546875,0,0.0,0.0
2026-02-13 10:15:00+00:00,209.13099670410156,209.23500061035156,209.08700561523438,209.10800170898438,0,0.0,0.0
2026-02-13 10:30:00+00:00,209.10400390625,209.1929931640625,209.0749969482422,209.09800720214844,0,0.0,0.0
2026-02-13 10:45:00+00:00,209.093994140625,209.10800170898438,208.95199584960938,208.96499633789062,0,0.0,0.0
2026-02-13 11:00:00+00:00,208.9550018310547,208.96299743652344,208.7530059814453,208.76400756835938,0,0.0,0.0
2026-02-13 11:15:00+00:00,208.77099609375,208.8419952392578,208.718994140625,208.79100036621094,0,0.0,0.0
2026-02-13 11:30:00+00:00,208.79100036621094,208.82200622558594,208.52699279785156,208.53500366210938,0,0.0,0.0
2026-02-13 11:45:00+00:00,208.53599548339844,208.61500549316406,208.4810028076172,208.61399841308594,0,0.0,0.0
2026-02-13 12:00:00+00:00,208.61099243164062,208.65499877929688,208.49099731445312,208.58599853515625,0,0.0,0.0
2026-02-13 12:15:00+00:00,208.57899475097656,208.68299865722656,208.57200622558594,208.59300231933594,0,0.0,0.0
2026-02-13 12:30:00+00:00,208.59800720214844,208.6479949951172,208.5229949951172,208.56300354003906,0,0.0,0.0
2026-02-13 12:45:00+00:00,208.56300354003906,208.6300048828125,208.49899291992188,208.5229949951172,0,0.0,0.0
2026-02-13 13:00:00+00:00,208.52000427246094,208.62100219726562,208.49400329589844,208.5570068359375,0,0.0,0.0
2026-02-13 13:15:00+00:00,208.5570068359375,208.72999572753906,208.5290069580078,208.66299438476562,0,0.0,0.0
2026-02-13 13:30:00+00:00,208.6540069580078,208.73699951171875,208.4530029296875,208.68899536132812,0,0.0,0.0
2026-02-13 13:45:00+00:00,208.68099975585938,208.71600341796875,208.54100036621094,208.67300415039062,0,0.0,0.0
2026-02-13 14:00:00+00:00,208.677001953125,208.78599548339844,208.52699279785156,208.61900329589844,0,0.0,0.0
2026-02-13 14:15:00+00:00,208.61099243164062,208.67599487304688,208.37100219726562,208.44500732421875,0,0.0,0.0
2026-02-13 14:30:00+00:00,208.4550018310547,208.60400390625,208.04100036621094,208.43499755859375,0,0.0,0.0
2026-02-13 14:45:00+00:00,208.44200134277344,208.68800354003906,208.34500122070312,208.53399658203125,0,0.0,0.0
2026-02-13 15:00:00+00:00,208.5290069580078,208.9759979248047,208.36399841308594,208.81399536132812,0,0.0,0.0
2026-02-13 15:15:00+00:00,208.8070068359375,208.8249969482422,208.48399353027344,208.63800048828125,0,0.0,0.0
2026-02-13 15:30:00+00:00,208.63800048828125,208.72900390625,208.3820037841797,208.4040069580078,0,0.0,0.0
2026-02-13 15:45:00+00:00,208.4040069580078,208.62600708007812,208.2550048828125,208.4510040283203,0,0.0,0.0
2026-02-13 16:00:00+00:00,208.44400024414062,208.55299377441406,208.3800048828125,208.42100524902344,0,0.0,0.0
2026-02-13 16:15:00+00:00,208.42100524902344,208.53799438476562,208.2550048828125,208.3459930419922,0,0.0,0.0
2026-02-13 16:30:00+00:00,208.33799743652344,208.53900146484375,208.25100708007812,208.4040069580078,0,0.0,0.0
2026-02-13 16:45:00+00:00,208.4029998779297,208.468994140625,208.3209991455078,208.4320068359375,0,0.0,0.0
2026-02-13 17:00:00+00:00,208.43499755859375,208.47300720214844,208.33999633789062,208.42999267578125,0,0.0,0.0
2026-02-13 17:15:00+00:00,208.43099975585938,208.44500732421875,208.2519989013672,208.343994140625,0,0.0,0.0
2026-02-13 17:30:00+00:00,208.3489990234375,208.63400268554688,208.33399963378906,208.5850067138672,0,0.0,0.0
2026-02-13 17:45:00+00:00,208.58700561523438,208.6580047607422,208.51600646972656,208.5469970703125,0,0.0,0.0
2026-02-13 18:00:00+00:00,208.55099487304688,208.60699462890625,208.49899291992188,208.5679931640625,0,0.0,0.0
2026-02-13 18:15:00+00:00,208.56900024414062,208.63299560546875,208.5540008544922,208.57899475097656,0,0.0,0.0
2026-02-13 18:30:00+00:00,208.58200073242188,208.64100646972656,208.56199645996094,208.6199951171875,0,0.0,0.0
2026-02-13 18:45:00+00:00,208.61500549316406,208.68800354003906,208.59800720214844,208.64100646972656,0,0.0,0.0
2026-02-13 19:00:00+00:00,208.64199829101562,208.697998046875,208.57000732421875,208.58799743652344,0,0.0,0.0
2026-02-13 19:15:00+00:00,208.593994140625,208.6009979248047,208.51699829101562,208.52699279785156,0,0.0,0.0
2026-02-13 19:30:00+00:00,208.5279998779297,208.55999755859375,208.39500427246094,208.41600036621094,0,0.0,0.0
2026-02-13 19:45:00+00:00,208.4149932861328,208.48300170898438,208.3990020751953,208.4340057373047,0,0.0,0.0
2026-02-13 20:00:00+00:00,208.4340057373047,208.52999877929688,208.4320068359375,208.4499969482422,0,0.0,0.0
2026-02-13 20:15:00+00:00,208.45599365234375,208.52200317382812,208.33999633789062,208.35699462890625,0,0.0,0.0
2026-02-13 20:30:00+00:00,208.36000061035156,208.43099975585938,208.3300018310547,208.42799377441406,0,0.0,0.0
2026-02-13 20:45:00+00:00,208.427001953125,208.62100219726562,208.4199981689453,208.6009979248047,0,0.0,0.0
2026-02-13 21:00:00+00:00,208.61399841308594,208.61900329589844,208.4290008544922,208.4949951171875,0,0.0,0.0
2026-02-13 21:15:00+00:00,208.4810028076172,208.49400329589844,208.35499572753906,208.4149932861328,0,0.0,0.0
2026-02-13 21:30:00+00:00,208.39700317382812,208.46600341796875,208.3939971923828,208.41400146484375,0,0.0,0.0
2026-02-13 21:45:00+00:00,208.40899658203125,208.5290069580078,208.33399963378906,208.47799682617188,0,0.0,0.0
2026-02-13 22:00:00+00:00,208.49899291992188,208.49899291992188,208.49899291992188,208.49899291992188,0,0.0,0.0
2026-02-13 22:15:00+00:00,208.49899291992188,208.49899291992188,208.49899291992188,208.49899291992188,0,0.0,0.0
2026-02-16 00:00:00+00:00,208.51600646972656,208.8459930419922,208.47999572753906,208.83999633789062,0,0.0,0.0
2026-02-16 00:15:00+00:00,208.83599853515625,208.85899353027344,208.70399475097656,208.8509979248047,0,0.0,0.0
2026-02-16 00:30:00+00:00,208.83999633789062,208.85699462890625,208.75,208.76100158691406,0,0.0,0.0
2026-02-16 00:45:00+00:00,208.75999450683594,208.87100219726562,208.75399780273438,208.83700561523438,0,0.0,0.0
2026-02-16 01:00:00+00:00,208.83200073242188,208.8939971923828,208.73899841308594,208.7469940185547,0,0.0,0.0
2026-02-16 01:15:00+00:00,208.74600219726562,208.7899932861328,208.69700622558594,208.7209930419922,0,0.0,0.0
2026-02-16 01:30:00+00:00,208.72300720214844,208.75599670410156,208.677001953125,208.71400451660156,0,0.0,0.0
2026-02-16 01:45:00+00:00,208.7239990234375,208.79600524902344,208.7030029296875,208.76499938964844,0,0.0,0.0
2026-02-16 02:00:00+00:00,208.76499938964844,208.8260040283203,208.73800659179688,208.81500244140625,0,0.0,0.0
2026-02-16 02:15:00+00:00,208.80999755859375,208.83900451660156,208.7550048828125,208.82200622558594,0,0.0,0.0
2026-02-16 02:30:00+00:00,208.82200622558594,208.86900329589844,208.7989959716797,208.81100463867188,0,0.0,0.0
2026-02-16 02:45:00+00:00,208.80799865722656,208.83099365234375,208.70199584960938,208.73399353027344,0,0.0,0.0
2026-02-16 03:00:00+00:00,208.7310028076172,208.80799865722656,208.69900512695312,208.8000030517578,0,0.0,0.0
2026-02-16 03:15:00+00:00,208.7899932861328,208.82400512695312,208.7480010986328,208.78599548339844,0,0.0,0.0
2026-02-16 03:30:00+00:00,208.78399658203125,208.79800415039062,208.72500610351562,208.78500366210938,0,0.0,0.0
2026-02-16 03:45:00+00:00,208.7779998779297,208.82899475097656,208.75900268554688,208.80999755859375,0,0.0,0.0
2026-02-16 04:00:00+00:00,208.7989959716797,208.84100341796875,208.70399475097656,208.77099609375,0,0.0,0.0
2026-02-16 04:15:00+00:00,208.7729949951172,208.82899475097656,208.75999450683594,208.8000030517578,0,0.0,0.0
2026-02-16 04:30:00+00:00,208.80999755859375,208.88699340820312,208.79600524902344,208.8699951171875,0,0.0,0.0
2026-02-16 04:45:00+00:00,208.8699951171875,209.01199340820312,208.86300659179688,208.99600219726562,0,0.0,0.0
2026-02-16 05:00:00+00:00,208.99600219726562,209.00599670410156,208.87100219726562,208.9250030517578,0,0.0,0.0
2026-02-16 05:15:00+00:00,208.9199981689453,208.95199584960938,208.8939971923828,208.9149932861328,0,0.0,0.0
2026-02-16 05:30:00+00:00,208.91799926757812,208.9669952392578,208.9029998779297,208.91099548339844,0,0.0,0.0
2026-02-16 05:45:00+00:00,208.91200256347656,208.94500732421875,208.8780059814453,208.93899536132812,0,0.0,0.0
2026-02-16 06:00:00+00:00,208.9429931640625,209.00900268554688,208.92599487304688,208.99400329589844,0,0.0,0.0
2026-02-16 06:15:00+00:00,208.99400329589844,209.00399780273438,208.88299560546875,208.9199981689453,0,0.0,0.0
2026-02-16 06:30:00+00:00,208.92599487304688,208.96099853515625,208.87399291992188,208.91799926757812,0,0.0,0.0
2026-02-16 06:45:00+00:00,208.9199981689453,208.98699951171875,208.91099548339844,208.91600036621094,0,0.0,0.0
2026-02-16 07:00:00+00:00,208.91700744628906,209.08700561523438,208.88900756835938,209.0749969482422,0,0.0,0.0
2026-02-16 07:15:00+00:00,209.13299560546875,209.13999938964844,209.13099670410156,209.13299560546875,0,0.0,0.0
2026-02-16 07:30:00+00:00,209.14999389648438,209.2949981689453,209.08799743652344,209.2480010986328,0,0.0,0.0
2026-02-16 07:45:00+00:00,209.24600219726562,209.25999450683594,209.16600036621094,209.21099853515625,0,0.0,0.0
2026-02-16 08:00:00+00:00,209.21200561523438,209.35000610351562,209.1269989013672,209.20199584960938,0,0.0,0.0
2026-02-16 08:15:00+00:00,209.21200561523438,209.4499969482422,209.19000244140625,209.2689971923828,0,0.0,0.0
2026-02-16 08:30:00+00:00,209.2740020751953,209.3679962158203,209.24600219726562,209.35000610351562,0,0.0,0.0
2026-02-16 08:45:00+00:00,209.3509979248047,209.41299438476562,209.30499267578125,209.33200073242188,0,0.0,0.0
2026-02-16 09:00:00+00:00,209.33299255371094,209.45799255371094,209.29299926757812,209.4320068359375,0,0.0,0.0
2026-02-16 09:15:00+00:00,209.4320068359375,209.4980010986328,209.41400146484375,209.47799682617188,0,0.0,0.0
2026-02-16 09:30:00+00:00,209.47500610351562,209.61300659179688,209.46200561523438,209.53799438476562,0,0.0,0.0
2026-02-16 09:45:00+00:00,209.5399932861328,209.64199829101562,209.5019989013672,209.54400634765625,0,0.0,0.0
2026-02-16 10:00:00+00:00,209.53599548339844,209.60000610351562,209.4969940185547,209.60000610351562,0,0.0,0.0
2026-02-16 10:15:00+00:00,209.59300231933594,209.63299560546875,209.53700256347656,209.60000610351562,0,0.0,0.0
2026-02-16 10:30:00+00:00,209.59800720214844,209.68299865722656,209.5489959716797,209.66900634765625,0,0.0,0.0
2026-02-16 10:45:00+00:00,209.66900634765625,209.67999267578125,209.55499267578125,209.56399536132812,0,0.0,0.0
2026-02-16 11:00:00+00:00,209.5659942626953,209.5989990234375,209.447998046875,209.49099731445312,0,0.0,0.0
2026-02-16 11:15:00+00:00,209.4929962158203,209.50599670410156,209.4149932861328,209.4219970703125,0,0.0,0.0
2026-02-16 11:30:00+00:00,209.43099975585938,209.45399475097656,209.33900451660156,209.36599731445312,0,0.0,0.0
2026-02-16 11:45:00+00:00,209.36500549316406,209.37100219726562,209.23899841308594,209.26800537109375,0,0.0,0.0
2026-02-16 12:00:00+00:00,209.26600646972656,209.33200073242188,209.24000549316406,209.27699279785156,0,0.0,0.0
2026-02-16 12:15:00+00:00,209.27699279785156,209.29600524902344,209.21499633789062,209.26100158691406,0,0.0,0.0
2026-02-16 12:30:00+00:00,209.25799560546875,209.33999633789062,209.2209930419922,209.22999572753906,0,0.0,0.0
2026-02-16 12:45:00+00:00,209.22999572753906,209.27200317382812,209.18099975585938,209.23800659179688,0,0.0,0.0
2026-02-16 13:00:00+00:00,209.22999572753906,209.25399780273438,209.10499572753906,209.12600708007812,0,0.0,0.0
2026-02-16 13:15:00+00:00,209.1269989013672,209.1820068359375,209.07899475097656,209.10299682617188,0,0.0,0.0
2026-02-16 13:30:00+00:00,209.10400390625,209.11300659179688,208.95700073242188,209.0449981689453,0,0.0,0.0
2026-02-16 13:45:00+00:00,209.03700256347656,209.11300659179688,209.02999877929688,209.03500366210938,0,0.0,0.0
2026-02-16 14:00:00+00:00,209.03500366210938,209.0800018310547,208.99000549316406,209.00399780273438,0,0.0,0.0
2026-02-16 14:15:00+00:00,209.00399780273438,209.04600524902344,208.97799682617188,209.01400756835938,0,0.0,0.0
2026-02-16 14:30:00+00:00,209.00900268554688,209.05299377441406,208.97000122070312,209.00100708007812,0,0.0,0.0
2026-02-16 14:45:00+00:00,208.9929962158203,209.13600158691406,208.96499633789062,209.11300659179688,0,0.0,0.0
2026-02-16 15:00:00+00:00,209.10499572753906,209.18299865722656,209.08900451660156,209.0959930419922,0,0.0,0.0
2026-02-16 15:15:00+00:00,209.08900451660156,209.13699340820312,209.0290069580078,209.03399658203125,0,0.0,0.0
2026-02-16 15:30:00+00:00,209.03799438476562,209.13400268554688,209.00399780273438,209.1060028076172,0,0.0,0.0
2026-02-16 15:45:00+00:00,209.10800170898438,209.21600341796875,209.08999633789062,209.20399475097656,0,0.0,0.0
2026-02-16 16:00:00+00:00,209.20399475097656,209.25599670410156,209.10800170898438,209.1230010986328,0,0.0,0.0
2026-02-16 16:15:00+00:00,209.1230010986328,209.20799255371094,209.10499572753906,209.19900512695312,0,0.0,0.0
2026-02-16 16:30:00+00:00,209.19900512695312,209.24200439453125,209.1649932861328,209.21299743652344,0,0.0,0.0
2026-02-16 16:45:00+00:00,209.21200561523438,209.2689971923828,209.15499877929688,209.17799377441406,0,0.0,0.0
2026-02-16 17:00:00+00:00,209.1790008544922,209.2689971923828,209.14999389648438,209.24600219726562,0,0.0,0.0
2026-02-16 17:15:00+00:00,209.24400329589844,209.26300048828125,209.1909942626953,209.21299743652344,0,0.0,0.0
2026-02-16 17:30:00+00:00,209.21400451660156,209.24000549316406,209.18099975585938,209.2030029296875,0,0.0,0.0
2026-02-16 17:45:00+00:00,209.2030029296875,209.21299743652344,209.12600708007812,209.13499450683594,0,0.0,0.0
2026-02-16 18:00:00+00:00,209.13400268554688,209.16900634765625,209.1219940185547,209.14100646972656,0,0.0,0.0
2026-02-16 18:15:00+00:00,209.14100646972656,209.23899841308594,209.14100646972656,209.23500061035156,0,0.0,0.0
2026-02-16 18:30:00+00:00,209.22900390625,209.2469940185547,209.2030029296875,209.21600341796875,0,0.0,0.0
2026-02-16 18:45:00+00:00,209.21600341796875,209.23500061035156,209.19400024414062,209.20599365234375,0,0.0,0.0
2026-02-16 19:00:00+00:00,209.20399475097656,209.25799560546875,209.18299865722656,209.2259979248047,0,0.0,0.0
2026-02-16 19:15:00+00:00,209.218994140625,209.2550048828125,209.20399475097656,209.25,0,0.0,0.0
2026-02-16 19:30:00+00:00,209.2469940185547,209.26199340820312,209.21499633789062,209.22799682617188,0,0.0,0.0
2026-02-16 19:45:00+00:00,209.21600341796875,209.23800659179688,209.21200561523438,209.2220001220703,0,0.0,0.0
2026-02-16 20:00:00+00:00,209.2220001220703,209.2310028076172,209.177001953125,209.1929931640625,0,0.0,0.0
2026-02-16 20:15:00+00:00,209.19000244140625,209.2100067138672,209.1790008544922,209.20599365234375,0,0.0,0.0
2026-02-16 20:30:00+00:00,209.1999969482422,209.21200561523438,209.1719970703125,209.1929931640625,0,0.0,0.0
2026-02-16 20:45:00+00:00,209.19500732421875,209.23199462890625,209.16799926757812,209.2239990234375,0,0.0,0.0
2026-02-16 21:00:00+00:00,209.22000122070312,209.23800659179688,209.1999969482422,209.21800231933594,0,0.0,0.0
2026-02-16 21:15:00+00:00,209.21800231933594,209.23300170898438,209.1999969482422,209.21299743652344,0,0.0,0.0
2026-02-16 21:30:00+00:00,209.20599365234375,209.2270050048828,209.13999938964844,209.15199279785156,0,0.0,0.0
2026-02-16 21:45:00+00:00,209.15199279785156,209.23899841308594,209.02499389648438,209.02499389648438,0,0.0,0.0
2026-02-16 22:00:00+00:00,209.0760040283203,209.26100158691406,209.0469970703125,209.24899291992188,0,0.0,0.0
2026-02-16 22:15:00+00:00,209.13099670410156,209.27000427246094,209.10000610351562,209.1540069580078,0,0.0,0.0
2026-02-16 22:30:00+00:00,209.14999389648438,209.26199340820312,209.08399963378906,209.18499755859375,0,0.0,0.0
2026-02-16 22:45:00+00:00,209.17999267578125,209.2969970703125,209.1199951171875,209.1909942626953,0,0.0,0.0
2026-02-16 23:00:00+00:00,209.20799255371094,209.36500549316406,209.1020050048828,209.3280029296875,0,0.0,0.0
2026-02-16 23:15:00+00:00,209.34800720214844,209.35800170898438,209.26800537109375,209.3300018310547,0,0.0,0.0
2026-02-16 23:30:00+00:00,209.3470001220703,209.3699951171875,209.25399780273438,209.302001953125,0,0.0,0.0
2026-02-16 23:45:00+00:00,209.302001953125,209.48899841308594,209.22999572753906,209.2530059814453,0,0.0,0.0
2026-02-17 00:00:00+00:00,209.24400329589844,209.29299926757812,208.9239959716797,209.0780029296875,0,0.0,0.0
2026-02-17 00:15:00+00:00,209.072998046875,209.10800170898438,208.8070068359375,208.87600708007812,0,0.0,0.0
2026-02-17 00:30:00+00:00,208.8820037841797,208.91299438476562,208.68099975585938,208.76600646972656,0,0.0,0.0
2026-02-17 00:45:00+00:00,208.76199340820312,208.83099365234375,208.61700439453125,208.62600708007812,0,0.0,0.0
2026-02-17 01:00:00+00:00,208.62600708007812,208.843994140625,208.6219940185547,208.81500244140625,0,0.0,0.0
2026-02-17 01:15:00+00:00,208.82699584960938,208.90699768066406,208.7519989013672,208.75900268554688,0,0.0,0.0
2026-02-17 01:30:00+00:00,208.77200317382812,208.8990020751953,208.74200439453125,208.85699462890625,0,0.0,0.0
2026-02-17 01:45:00+00:00,208.8509979248047,208.88699340820312,208.49099731445312,208.5290069580078,0,0.0,0.0
2026-02-17 02:00:00+00:00,208.52200317382812,208.59100341796875,208.4040069580078,208.552001953125,0,0.0,0.0
2026-02-17 02:15:00+00:00,208.5540008544922,208.6719970703125,208.50999450683594,208.61599731445312,0,0.0,0.0
2026-02-17 02:30:00+00:00,208.61399841308594,208.66900634765625,208.5019989013672,208.50799560546875,0,0.0,0.0
2026-02-17 02:45:00+00:00,208.50900268554688,208.57200622558594,208.45599365234375,208.4669952392578,0,0.0,0.0
2026-02-17 03:00:00+00:00,208.46600341796875,208.4810028076172,208.2689971923828,208.33200073242188,0,0.0,0.0
2026-02-17 03:15:00+00:00,208.33200073242188,208.44200134277344,208.3249969482422,208.42300415039062,0,0.0,0.0
2026-02-17 03:30:00+00:00,208.41700744628906,208.45199584960938,208.25399780273438,208.38299560546875,0,0.0,0.0
2026-02-17 03:45:00+00:00,208.38299560546875,208.5189971923828,208.3249969482422,208.50900268554688,0,0.0,0.0
2026-02-17 04:00:00+00:00,208.51199340820312,208.52099609375,208.4029998779297,208.468994140625,0,0.0,0.0
2026-02-17 04:15:00+00:00,208.47300720214844,208.47999572753906,208.2989959716797,208.2989959716797,0,0.0,0.0
2026-02-17 04:30:00+00:00,208.3090057373047,208.33599853515625,208.22999572753906,208.2989959716797,0,0.0,0.0
2026-02-17 04:45:00+00:00,208.29200744628906,208.41400146484375,208.28700256347656,208.375,0,0.0,0.0
2026-02-17 05:00:00+00:00,208.3679962158203,208.40699768066406,208.29200744628906,208.38400268554688,0,0.0,0.0
2026-02-17 05:15:00+00:00,208.38400268554688,208.38800048828125,208.06399536132812,208.1199951171875,0,0.0,0.0
2026-02-17 05:30:00+00:00,208.11199951171875,208.19400024414062,208.0330047607422,208.17599487304688,0,0.0,0.0
2026-02-17 05:45:00+00:00,208.16200256347656,208.22000122070312,208.08099365234375,208.1269989013672,0,0.0,0.0
2026-02-17 06:00:00+00:00,208.1179962158203,208.16600036621094,208.05499267578125,208.08399963378906,0,0.0,0.0
2026-02-17 06:15:00+00:00,208.08399963378906,208.1699981689453,208.06100463867188,208.11399841308594,0,0.0,0.0
2026-02-17 06:30:00+00:00,208.10800170898438,208.23300170898438,208.0540008544922,208.09500122070312,0,0.0,0.0
2026-02-17 06:45:00+00:00,208.093994140625,208.21600341796875,208.072998046875,208.17100524902344,0,0.0,0.0
2026-02-17 07:00:00+00:00,208.18499755859375,208.1959991455078,207.52200317382812,207.53700256347656,0,0.0,0.0
2026-02-17 07:15:00+00:00,207.53799438476562,207.59800720214844,207.43699645996094,207.5709991455078,0,0.0,0.0
2026-02-17 07:30:00+00:00,207.57699584960938,207.59800720214844,207.33799743652344,207.5,0,0.0,0.0
2026-02-17 07:45:00+00:00,207.4969940185547,207.62399291992188,207.40499877929688,207.61500549316406,0,0.0,0.0
2026-02-17 08:00:00+00:00,207.61300659179688,207.9080047607422,207.5780029296875,207.73300170898438,0,0.0,0.0
2026-02-17 08:15:00+00:00,207.73300170898438,207.7429962158203,207.5489959716797,207.58700561523438,0,0.0,0.0
2026-02-17 08:30:00+00:00,207.59300231933594,207.7239990234375,207.55299377441406,207.71200561523438,0,0.0,0.0
2026-02-17 08:45:00+00:00,207.70899963378906,207.71600341796875,207.4770050048828,207.4810028076172,0,0.0,0.0
2026-02-17 09:00:00+00:00,207.47900390625,207.68699645996094,207.4709930419922,207.63400268554688,0,0.0,0.0
2026-02-17 09:15:00+00:00,207.64199829101562,207.85800170898438,207.6320037841797,207.7740020751953,0,0.0,0.0
2026-02-17 09:30:00+00:00,207.76400756835938,207.82699584960938,207.73300170898438,207.80299377441406,0,0.0,0.0
2026-02-17 09:45:00+00:00,207.80299377441406,207.91200256347656,207.79200744628906,207.8090057373047,0,0.0,0.0
2026-02-17 10:00:00+00:00,207.7989959716797,207.91900634765625,207.7689971923828,207.90899658203125,0,0.0,0.0
2026-02-17 10:15:00+00:00,207.91099548339844,208.11500549316406,207.84100341796875,208.03900146484375,0,0.0,0.0
2026-02-17 10:30:00+00:00,208.03599548339844,208.2100067138672,208.0290069580078,208.1479949951172,0,0.0,0.0
2026-02-17 10:45:00+00:00,208.13800048828125,208.16400146484375,207.96400451660156,207.98899841308594,0,0.0,0.0
2026-02-17 11:00:00+00:00,207.98899841308594,208.03500366210938,207.90699768066406,207.9080047607422,0,0.0,0.0
2026-02-17 11:15:00+00:00,207.9080047607422,207.95799255371094,207.7969970703125,207.88400268554688,0,0.0,0.0
2026-02-17 11:30:00+00:00,207.8769989013672,207.9459991455078,207.7989959716797,207.87100219726562,0,0.0,0.0
2026-02-17 11:45:00+00:00,207.8780059814453,207.89199829101562,207.68299865722656,207.7209930419922,0,0.0,0.0
2026-02-17 12:00:00+00:00,207.71299743652344,207.8090057373047,207.6820068359375,207.7030029296875,0,0.0,0.0
2026-02-17 12:15:00+00:00,207.69700622558594,207.73399353027344,207.61500549316406,207.6820068359375,0,0.0,0.0
2026-02-17 12:30:00+00:00,207.67799377441406,207.69200134277344,207.51100158691406,207.52000427246094,0,0.0,0.0
2026-02-17 12:45:00+00:00,207.52099609375,207.53900146484375,207.36900329589844,207.37399291992188,0,0.0,0.0
2026-02-17 13:00:00+00:00,207.37399291992188,207.40499877929688,207.23699951171875,207.25799560546875,0,0.0,0.0
2026-02-17 13:15:00+00:00,207.25999450683594,207.36700439453125,207.2259979248047,207.30799865722656,0,0.0,0.0
2026-02-17 13:30:00+00:00,207.28500366210938,207.38800048828125,207.23899841308594,207.31199645996094,0,0.0,0.0
2026-02-17 13:45:00+00:00,207.31100463867188,207.5500030517578,207.2899932861328,207.29600524902344,0,0.0,0.0
2026-02-17 14:00:00+00:00,207.29400634765625,207.4669952392578,207.26300048828125,207.40899658203125,0,0.0,0.0
2026-02-17 14:15:00+00:00,207.4199981689453,207.4709930419922,207.34300231933594,207.4219970703125,0,0.0,0.0
2026-02-17 14:30:00+00:00,207.41799926757812,207.677001953125,207.38299560546875,207.55799865722656,0,0.0,0.0
2026-02-17 14:45:00+00:00,207.5590057373047,207.6439971923828,207.42799377441406,207.47300720214844,0,0.0,0.0
2026-02-17 15:00:00+00:00,207.468994140625,207.718994140625,207.40699768066406,207.5800018310547,0,0.0,0.0
2026-02-17 15:15:00+00:00,207.58799743652344,207.7469940185547,207.53399658203125,207.58999633789062,0,0.0,0.0
2026-02-17 15:30:00+00:00,207.58599853515625,207.83599853515625,207.5240020751953,207.76400756835938,0,0.0,0.0
2026-02-17 15:45:00+00:00,207.76499938964844,207.875,207.5850067138672,207.6739959716797,0,0.0,0.0
2026-02-17 16:00:00+00:00,207.66400146484375,207.84500122070312,207.6580047607422,207.80299377441406,0,0.0,0.0
2026-02-17 16:15:00+00:00,207.80299377441406,207.90199279785156,207.77000427246094,207.7969970703125,0,0.0,0.0
2026-02-17 16:30:00+00:00,207.7969970703125,207.90699768066406,207.78599548339844,207.8070068359375,0,0.0,0.0
2026-02-17 16:45:00+00:00,207.81300354003906,207.92300415039062,207.76199340820312,207.89199829101562,0,0.0,0.0
2026-02-17 17:00:00+00:00,207.89199829101562,207.906005859375,207.79400634765625,207.84300231933594,0,0.0,0.0
2026-02-17 17:15:00+00:00,207.83399963378906,207.91900634765625,207.76400756835938,207.88499450683594,0,0.0,0.0
2026-02-17 17:30:00+00:00,207.88999938964844,207.927001953125,207.83099365234375,207.85800170898438,0,0.0,0.0
2026-02-17 17:45:00+00:00,207.85499572753906,207.93499755859375,207.82699584960938,207.88999938964844,0,0.0,0.0
2026-02-17 18:00:00+00:00,207.88999938964844,207.906005859375,207.75999450683594,207.76400756835938,0,0.0,0.0
2026-02-17 18:15:00+00:00,207.76400756835938,207.93299865722656,207.74600219726562,207.88699340820312,0,0.0,0.0
2026-02-17 18:30:00+00:00,207.88800048828125,207.97900390625,207.8769989013672,207.91799926757812,0,0.0,0.0
2026-02-17 18:45:00+00:00,207.91400146484375,207.95599365234375,207.86099243164062,207.9320068359375,0,0.0,0.0
2026-02-17 19:00:00+00:00,207.92999267578125,207.9720001220703,207.86099243164062,207.8820037841797,0,0.0,0.0
2026-02-17 19:15:00+00:00,207.88099670410156,207.95700073242188,207.86000061035156,207.88400268554688,0,0.0,0.0
2026-02-17 19:30:00+00:00,207.89700317382812,208.00900268554688,207.8800048828125,207.9980010986328,0,0.0,0.0
2026-02-17 19:45:00+00:00,207.9980010986328,208.00599670410156,207.7989959716797,207.8280029296875,0,0.0,0.0
2026-02-17 20:00:00+00:00,207.8249969482422,207.85800170898438,207.76300048828125,207.8489990234375,0,0.0,0.0
2026-02-17 20:15:00+00:00,207.843994140625,207.8780059814453,207.802001953125,207.822998046875,0,0.0,0.0
2026-02-17 20:30:00+00:00,207.81399536132812,207.8520050048828,207.7689971923828,207.82200622558594,0,0.0,0.0
2026-02-17 20:45:00+00:00,207.8260040283203,207.8820037841797,207.78900146484375,207.8820037841797,0,0.0,0.0
2026-02-17 21:00:00+00:00,207.87600708007812,207.88800048828125,207.79600524902344,207.83099365234375,0,0.0,0.0
2026-02-17 21:15:00+00:00,207.8209991455078,207.88299560546875,207.80799865722656,207.8509979248047,0,0.0,0.0
2026-02-17 21:30:00+00:00,207.85499572753906,207.9530029296875,207.8470001220703,207.93699645996094,0,0.0,0.0
2026-02-17 21:45:00+00:00,207.93299865722656,208.00100708007812,207.7989959716797,207.94200134277344,0,0.0,0.0
2026-02-17 22:00:00+00:00,207.8560028076172,207.8730010986328,207.61199951171875,207.7480010986328,0,0.0,0.0
2026-02-17 22:15:00+00:00,207.7449951171875,207.8780059814453,207.64999389648438,207.7220001220703,0,0.0,0.0
2026-02-17 22:30:00+00:00,207.7310028076172,207.9250030517578,207.68899536132812,207.81199645996094,0,0.0,0.0
2026-02-17 22:45:00+00:00,207.86199951171875,207.92799377441406,207.72799682617188,207.85000610351562,0,0.0,0.0
2026-02-17 23:00:00+00:00,207.85000610351562,207.9759979248047,207.65199279785156,207.9340057373047,0,0.0,0.0
2026-02-17 23:15:00+00:00,207.93699645996094,208.0,207.8699951171875,207.9199981689453,0,0.0,0.0
2026-02-17 23:30:00+00:00,207.91000366210938,207.96499633789062,207.9029998779297,207.927001953125,0,0.0,0.0
2026-02-17 23:45:00+00:00,207.92799377441406,207.93899536132812,207.697998046875,207.70700073242188,0,0.0,0.0
2026-02-18 00:00:00+00:00,207.677001953125,207.7949981689453,207.63400268554688,207.7949981689453,0,0.0,0.0
2026-02-18 00:15:00+00:00,207.78500366210938,207.92799377441406,207.7689971923828,207.8509979248047,0,0.0,0.0
2026-02-18 00:30:00+00:00,207.843994140625,207.85299682617188,207.6959991455078,207.7270050048828,0,0.0,0.0
2026-02-18 00:45:00+00:00,207.7239990234375,207.85299682617188,207.61399841308594,207.80499267578125,0,0.0,0.0
2026-02-18 01:00:00+00:00,207.8040008544922,207.89599609375,207.75900268554688,207.88099670410156,0,0.0,0.0
2026-02-18 01:15:00+00:00,207.88299560546875,207.99000549316406,207.86900329589844,207.88800048828125,0,0.0,0.0
2026-02-18 01:30:00+00:00,207.8800048828125,208.04100036621094,207.8800048828125,208.0229949951172,0,0.0,0.0
2026-02-18 01:45:00+00:00,208.0229949951172,208.04800415039062,207.98800659179688,208.03599548339844,0,0.0,0.0
2026-02-18 02:00:00+00:00,208.03799438476562,208.19700622558594,208.00799560546875,208.156005859375,0,0.0,0.0
2026-02-18 02:15:00+00:00,208.15899658203125,208.31300354003906,208.14199829101562,208.27099609375,0,0.0,0.0
2026-02-18 02:30:00+00:00,208.26600646972656,208.3000030517578,208.1750030517578,208.21099853515625,0,0.0,0.0
2026-02-18 02:45:00+00:00,208.20899963378906,208.23699951171875,208.06100463867188,208.0780029296875,0,0.0,0.0
2026-02-18 03:00:00+00:00,208.0780029296875,208.1060028076172,208.03399658203125,208.0989990234375,0,0.0,0.0
2026-02-18 03:15:00+00:00,208.08999633789062,208.197998046875,208.08799743652344,208.11700439453125,0,0.0,0.0
2026-02-18 03:30:00+00:00,208.10899353027344,208.16400146484375,208.0290069580078,208.072998046875,0,0.0,0.0
2026-02-18 03:45:00+00:00,208.0760040283203,208.18600463867188,208.05299377441406,208.1699981689453,0,0.0,0.0
2026-02-18 04:00:00+00:00,208.16600036621094,208.19500732421875,208.0959930419922,208.0959930419922,0,0.0,0.0
2026-02-18 04:15:00+00:00,208.0959930419922,208.15699768066406,208.08599853515625,208.13099670410156,0,0.0,0.0
2026-02-18 04:30:00+00:00,208.13499450683594,208.1719970703125,208.1009979248047,208.13600158691406,0,0.0,0.0
2026-02-18 04:45:00+00:00,208.13499450683594,208.1909942626953,208.10800170898438,208.18699645996094,0,0.0,0.0
2026-02-18 05:00:00+00:00,208.1739959716797,208.24000549316406,208.16099548339844,208.1840057373047,0,0.0,0.0
2026-02-18 05:15:00+00:00,208.17799377441406,208.1959991455078,208.125,208.1580047607422,0,0.0,0.0
2026-02-18 05:30:00+00:00,208.1580047607422,208.23599243164062,208.14300537109375,208.19200134277344,0,0.0,0.0
2026-02-18 05:45:00+00:00,208.197998046875,208.20199584960938,208.05599975585938,208.06700134277344,0,0.0,0.0
2026-02-18 06:00:00+00:00,208.06199645996094,208.11900329589844,208.02499389648438,208.03700256347656,0,0.0,0.0
2026-02-18 06:15:00+00:00,208.03700256347656,208.0659942626953,207.97500610351562,208.02200317382812,0,0.0,0.0
2026-02-18 06:30:00+00:00,208.02200317382812,208.10400390625,207.99200439453125,208.03900146484375,0,0.0,0.0
2026-02-18 06:45:00+00:00,208.0399932861328,208.13600158691406,207.99099731445312,208.08999633789062,0,0.0,0.0
2026-02-18 07:00:00+00:00,208.09100341796875,208.3090057373047,207.93499755859375,208.1529998779297,0,0.0,0.0
2026-02-18 07:15:00+00:00,208.14999389648438,208.22900390625,208.13499450683594,208.2209930419922,0,0.0,0.0
2026-02-18 07:30:00+00:00,208.2169952392578,208.34800720214844,208.18800354003906,208.3260040283203,0,0.0,0.0
2026-02-18 07:45:00+00:00,208.32400512695312,208.447998046875,208.2779998779297,208.38999938964844,0,0.0,0.0
2026-02-18 08:00:00+00:00,208.39599609375,208.49600219726562,208.281005859375,208.30099487304688,0,0.0,0.0
2026-02-18 08:15:00+00:00,208.29400634765625,208.447998046875,208.29200744628906,208.3800048828125,0,0.0,0.0
2026-02-18 08:30:00+00:00,208.3800048828125,208.51499938964844,208.3800048828125,208.5019989013672,0,0.0,0.0
2026-02-18 08:45:00+00:00,208.5019989013672,208.57400512695312,208.41000366210938,208.5229949951172,0,0.0,0.0
2026-02-18 09:00:00+00:00,208.5290069580078,208.63900756835938,208.52000427246094,208.61900329589844,0,0.0,0.0
2026-02-18 09:15:00+00:00,208.6199951171875,208.66400146484375,208.56500244140625,208.5760040283203,0,0.0,0.0
2026-02-18 09:30:00+00:00,208.56900024414062,208.6750030517578,208.5449981689453,208.61599731445312,0,0.0,0.0
2026-02-18 09:45:00+00:00,208.61599731445312,208.7270050048828,208.59800720214844,208.66900634765625,0,0.0,0.0
2026-02-18 10:00:00+00:00,208.67100524902344,208.75999450683594,208.66400146484375,208.69200134277344,0,0.0,0.0
2026-02-18 10:15:00+00:00,208.68499755859375,208.81700134277344,208.68499755859375,208.8040008544922,0,0.0,0.0
2026-02-18 10:30:00+00:00,208.7989959716797,208.83099365234375,208.68899536132812,208.72300720214844,0,0.0,0.0
2026-02-18 10:45:00+00:00,208.71499633789062,208.80099487304688,208.63400268554688,208.6510009765625,0,0.0,0.0
2026-02-18 11:00:00+00:00,208.65899658203125,208.67799377441406,208.53700256347656,208.58799743652344,0,0.0,0.0
2026-02-18 11:15:00+00:00,208.58900451660156,208.63600158691406,208.5399932861328,208.55999755859375,0,0.0,0.0
2026-02-18 11:30:00+00:00,208.56100463867188,208.58599853515625,208.52699279785156,208.54600524902344,0,0.0,0.0
2026-02-18 11:45:00+00:00,208.54400634765625,208.63900756835938,208.5290069580078,208.63900756835938,0,0.0,0.0
2026-02-18 12:00:00+00:00,208.62600708007812,208.72000122070312,208.58700561523438,208.70899963378906,0,0.0,0.0
2026-02-18 12:15:00+00:00,208.7050018310547,208.79800415039062,208.63699340820312,208.64100646972656,0,0.0,0.0
2026-02-18 12:30:00+00:00,208.64300537109375,208.64999389648438,208.48300170898438,208.5709991455078,0,0.0,0.0
2026-02-18 12:45:00+00:00,208.5709991455078,208.6269989013672,208.48300170898438,208.58900451660156,0,0.0,0.0
2026-02-18 13:00:00+00:00,208.59500122070312,208.6790008544922,208.57000732421875,208.66900634765625,0,0.0,0.0
2026-02-18 13:15:00+00:00,208.66299438476562,208.68299865722656,208.5019989013672,208.56900024414062,0,0.0,0.0
2026-02-18 13:30:00+00:00,208.58200073242188,208.7239990234375,208.4929962158203,208.6060028076172,0,0.0,0.0
2026-02-18 13:45:00+00:00,208.60699462890625,208.68099975585938,208.5679931640625,208.62399291992188,0,0.0,0.0
2026-02-18 14:00:00+00:00,208.6230010986328,208.7169952392578,208.5500030517578,208.6280059814453,0,0.0,0.0
2026-02-18 14:15:00+00:00,208.62899780273438,208.8769989013672,208.5989990234375,208.86000061035156,0,0.0,0.0
2026-02-18 14:30:00+00:00,208.86500549316406,209.11199951171875,208.79299926757812,209.0540008544922,0,0.0,0.0
2026-02-18 14:45:00+00:00,209.05599975585938,209.08099365234375,208.9550018310547,208.98199462890625,0,0.0,0.0
2026-02-18 15:00:00+00:00,208.97900390625,209.10299682617188,208.82000732421875,208.87899780273438,0,0.0,0.0
2026-02-18 15:15:00+00:00,208.88099670410156,209.05799865722656,208.86500549316406,209.00999450683594,0,0.0,0.0
2026-02-18 15:30:00+00:00,209.01300048828125,209.21299743652344,208.98699951171875,209.1719970703125,0,0.0,0.0
2026-02-18 15:45:00+00:00,209.16600036621094,209.18899536132812,208.9810028076172,208.98500061035156,0,0.0,0.0
2026-02-18 16:00:00+00:00,208.9810028076172,209.13699340820312,208.94700622558594,209.10699462890625,0,0.0,0.0
2026-02-18 16:15:00+00:00,209.10699462890625,209.1750030517578,209.06399536132812,209.11500549316406,0,0.0,0.0
2026-02-18 16:30:00+00:00,209.10800170898438,209.197998046875,209.0800018310547,209.1490020751953,0,0.0,0.0
2026-02-18 16:45:00+00:00,209.14999389648438,209.16099548339844,209.02200317382812,209.0240020751953,0,0.0,0.0
2026-02-18 17:00:00+00:00,209.031005859375,209.08999633789062,208.9770050048828,208.9980010986328,0,0.0,0.0
2026-02-18 17:15:00+00:00,208.9980010986328,209.04400634765625,208.96600341796875,208.99400329589844,0,0.0,0.0
2026-02-18 17:30:00+00:00,208.99600219726562,209.02499389648438,208.88999938964844,208.93699645996094,0,0.0,0.0
2026-02-18 17:45:00+00:00,208.9340057373047,208.9929962158203,208.88800048828125,208.9459991455078,0,0.0,0.0
2026-02-18 18:00:00+00:00,208.9499969482422,209.0760040283203,208.94500732421875,209.0260009765625,0,0.0,0.0
2026-02-18 18:15:00+00:00,209.02499389648438,209.0780029296875,208.97300720214844,209.06399536132812,0,0.0,0.0
2026-02-18 18:30:00+00:00,209.06399536132812,209.11399841308594,209.00799560546875,209.00999450683594,0,0.0,0.0
2026-02-18 18:45:00+00:00,209.01199340820312,209.11500549316406,209.0050048828125,209.0989990234375,0,0.0,0.0
2026-02-18 19:00:00+00:00,209.0989990234375,209.11900329589844,208.57000732421875,208.98800659179688,0,0.0,0.0
2026-02-18 19:15:00+00:00,208.98300170898438,209.10000610351562,208.9409942626953,208.97999572753906,0,0.0,0.0
2026-02-18 19:30:00+00:00,208.98699951171875,209.0290069580078,208.8979949951172,208.9040069580078,0,0.0,0.0
2026-02-18 19:45:00+00:00,208.9040069580078,208.9739990234375,208.81500244140625,208.86599731445312,0,0.0,0.0
2026-02-18 20:00:00+00:00,208.86599731445312,208.96299743652344,208.86599731445312,208.9010009765625,0,0.0,0.0
2026-02-18 20:15:00+00:00,208.8990020751953,208.97999572753906,208.89199829101562,208.93499755859375,0,0.0,0.0
2026-02-18 20:30:00+00:00,208.92999267578125,208.96600341796875,208.85699462890625,208.9340057373047,0,0.0,0.0
2026-02-18 20:45:00+00:00,208.93699645996094,209.00900268554688,208.9219970703125,208.99400329589844,0,0.0,0.0
2026-02-18 21:00:00+00:00,208.99099731445312,209.0189971923828,208.9290008544922,208.95399475097656,0,0.0,0.0
2026-02-18 21:15:00+00:00,208.94700622558594,209.00999450683594,208.94500732421875,209.00799560546875,0,0.0,0.0
2026-02-18 21:30:00+00:00,208.9969940185547,209.04299926757812,208.9759979248047,209.0019989013672,0,0.0,0.0
2026-02-18 21:45:00+00:00,208.99600219726562,209.0070037841797,208.86199951171875,208.927001953125,0,0.0,0.0
2026-02-18 22:00:00+00:00,208.92300415039062,208.97500610351562,208.72300720214844,208.97500610351562,0,0.0,0.0
2026-02-18 22:15:00+00:00,208.82400512695312,208.93600463867188,208.78700256347656,208.89599609375,0,0.0,0.0
2026-02-18 22:30:00+00:00,208.83799743652344,208.90699768066406,208.78500366210938,208.84500122070312,0,0.0,0.0
2026-02-18 22:45:00+00:00,208.83200073242188,208.93699645996094,208.80499267578125,208.8560028076172,0,0.0,0.0
2026-02-18 23:00:00+00:00,208.8719940185547,208.91600036621094,208.79100036621094,208.8520050048828,0,0.0,0.0
2026-02-18 23:15:00+00:00,208.85800170898438,208.8979949951172,208.802001953125,208.85499572753906,0,0.0,0.0
2026-02-18 23:30:00+00:00,208.85499572753906,208.91700744628906,208.83900451660156,208.86900329589844,0,0.0,0.0
2026-02-18 23:45:00+00:00,208.86099243164062,208.8820037841797,208.74600219726562,208.75799560546875,0,0.0,0.0
2026-02-19 00:00:00+00:00,208.74099731445312,208.78900146484375,208.62899780273438,208.76800537109375,0,0.0,0.0
2026-02-19 00:15:00+00:00,208.76800537109375,208.8719940185547,208.74899291992188,208.82000732421875,0,0.0,0.0
2026-02-19 00:30:00+00:00,208.81900024414062,208.88099670410156,208.70700073242188,208.81900024414062,0,0.0,0.0
2026-02-19 00:45:00+00:00,208.8159942626953,208.89100646972656,208.63400268554688,208.7220001220703,0,0.0,0.0
2026-02-19 01:00:00+00:00,208.72000122070312,208.88999938964844,208.72000122070312,208.8459930419922,0,0.0,0.0
2026-02-19 01:15:00+00:00,208.8520050048828,208.91700744628906,208.83200073242188,208.8679962158203,0,0.0,0.0
2026-02-19 01:30:00+00:00,208.86199951171875,209.0709991455078,208.86199951171875,209.01300048828125,0,0.0,0.0
2026-02-19 01:45:00+00:00,209.01300048828125,209.1540069580078,209.01300048828125,209.1280059814453,0,0.0,0.0
2026-02-19 02:00:00+00:00,209.12100219726562,209.20799255371094,209.08099365234375,209.11900329589844,0,0.0,0.0
2026-02-19 02:15:00+00:00,209.11599731445312,209.1269989013672,208.8459930419922,209.03700256347656,0,0.0,0.0
2026-02-19 02:30:00+00:00,209.0260009765625,209.07699584960938,208.9929962158203,209.03900146484375,0,0.0,0.0
2026-02-19 02:45:00+00:00,209.03900146484375,209.16600036621094,209.0260009765625,209.1580047607422,0,0.0,0.0
2026-02-19 03:00:00+00:00,209.1580047607422,209.197998046875,209.10000610351562,209.13400268554688,0,0.0,0.0
2026-02-19 03:15:00+00:00,209.13299560546875,209.2779998779297,209.1269989013672,209.22900390625,0,0.0,0.0
2026-02-19 03:30:00+00:00,209.22900390625,209.4499969482422,209.22799682617188,209.33200073242188,0,0.0,0.0
2026-02-19 03:45:00+00:00,209.3280029296875,209.41299438476562,209.28700256347656,209.29200744628906,0,0.0,0.0
2026-02-19 04:00:00+00:00,209.2899932861328,209.38499450683594,209.26699829101562,209.33399963378906,0,0.0,0.0
2026-02-19 04:15:00+00:00,209.32899475097656,209.44200134277344,209.23399353027344,209.23399353027344,0,0.0,0.0
2026-02-19 04:30:00+00:00,209.23899841308594,209.32400512695312,209.1790008544922,209.25900268554688,0,0.0,0.0
2026-02-19 04:45:00+00:00,209.2530059814453,209.27099609375,209.13699340820312,209.15699768066406,0,0.0,0.0
2026-02-19 05:00:00+00:00,209.14500427246094,209.25399780273438,209.13800048828125,209.19200134277344,0,0.0,0.0
2026-02-19 05:15:00+00:00,209.18600463867188,209.26499938964844,209.14500427246094,209.25,0,0.0,0.0
2026-02-19 05:30:00+00:00,209.24400329589844,209.30999755859375,209.16600036621094,209.2899932861328,0,0.0,0.0
2026-02-19 05:45:00+00:00,209.29100036621094,209.46200561523438,209.28599548339844,209.45399475097656,0,0.0,0.0
2026-02-19 06:00:00+00:00,209.45399475097656,209.47999572753906,209.33999633789062,209.3459930419922,0,0.0,0.0
2026-02-19 06:15:00+00:00,209.3459930419922,209.35899353027344,209.2519989013672,209.3070068359375,0,0.0,0.0
2026-02-19 06:30:00+00:00,209.30599975585938,209.4040069580078,209.2310028076172,209.29400634765625,0,0.0,0.0
2026-02-19 06:45:00+00:00,209.29400634765625,209.34300231933594,209.2239990234375,209.34300231933594,0,0.0,0.0
2026-02-19 07:00:00+00:00,209.33099365234375,209.44900512695312,209.3090057373047,209.42999267578125,0,0.0,0.0
2026-02-19 07:15:00+00:00,209.43099975585938,209.46299743652344,209.36099243164062,209.427001953125,0,0.0,0.0
2026-02-19 07:30:00+00:00,209.42100524902344,209.53700256347656,209.3179931640625,209.41400146484375,0,0.0,0.0
2026-02-19 07:45:00+00:00,209.406005859375,209.47799682617188,209.3280029296875,209.3730010986328,0,0.0,0.0
2026-02-19 08:00:00+00:00,209.375,209.4709930419922,209.25399780273438,209.36099243164062,0,0.0,0.0
2026-02-19 08:15:00+00:00,209.35800170898438,209.39500427246094,209.28799438476562,209.34800720214844,0,0.0,0.0
2026-02-19 08:30:00+00:00,209.3489990234375,209.3780059814453,209.08700561523438,209.14300537109375,0,0.0,0.0
2026-02-19 08:45:00+00:00,209.14300537109375,209.16099548339844,208.96200561523438,209.0800018310547,0,0.0,0.0
2026-02-19 09:00:00+00:00,209.0850067138672,209.3159942626953,209.0800018310547,209.3090057373047,0,0.0,0.0
2026-02-19 09:15:00+00:00,209.302001953125,209.32200622558594,209.20199584960938,209.2100067138672,0,0.0,0.0
2026-02-19 09:30:00+00:00,209.20399475097656,209.21600341796875,208.9969940185547,209.0330047607422,0,0.0,0.0
2026-02-19 09:45:00+00:00,209.031005859375,209.08599853515625,208.8719940185547,209.0540008544922,0,0.0,0.0
2026-02-19 10:00:00+00:00,209.05299377441406,209.08999633789062,208.906005859375,208.96099853515625,0,0.0,0.0
2026-02-19 10:15:00+00:00,208.9600067138672,208.97999572753906,208.802001953125,208.83200073242188,0,0.0,0.0
2026-02-19 10:30:00+00:00,208.83099365234375,208.8419952392578,208.6490020751953,208.76300048828125,0,0.0,0.0
2026-02-19 10:45:00+00:00,208.75599670410156,208.76400756835938,208.60499572753906,208.66400146484375,0,0.0,0.0
2026-02-19 11:00:00+00:00,208.6649932861328,208.69900512695312,208.57899475097656,208.62899780273438,0,0.0,0.0
2026-02-19 11:15:00+00:00,208.62600708007812,208.63699340820312,208.33599853515625,208.33700561523438,0,0.0,0.0
2026-02-19 11:30:00+00:00,208.33700561523438,208.45899963378906,208.2830047607422,208.38400268554688,0,0.0,0.0
2026-02-19 11:45:00+00:00,208.38699340820312,208.41099548339844,208.19500732421875,208.21800231933594,0,0.0,0.0
2026-02-19 12:00:00+00:00,208.21499633789062,208.2220001220703,208.07899475097656,208.15499877929688,0,0.0,0.0
2026-02-19 12:15:00+00:00,208.1439971923828,208.2429962158203,208.0760040283203,208.197998046875,0,0.0,0.0
2026-02-19 12:30:00+00:00,208.197998046875,208.3990020751953,208.19200134277344,208.35899353027344,0,0.0,0.0
2026-02-19 12:45:00+00:00,208.35899353027344,208.4290008544922,208.30599975585938,208.40699768066406,0,0.0,0.0
2026-02-19 13:00:00+00:00,208.40199279785156,208.51800537109375,208.2729949951172,208.5030059814453,0,0.0,0.0
2026-02-19 13:15:00+00:00,208.50399780273438,208.51100158691406,208.39100646972656,208.47300720214844,0,0.0,0.0
2026-02-19 13:30:00+00:00,208.42999267578125,208.6490020751953,208.3699951171875,208.55499267578125,0,0.0,0.0
2026-02-19 13:45:00+00:00,208.55299377441406,208.6269989013672,208.42300415039062,208.61700439453125,0,0.0,0.0
2026-02-19 14:00:00+00:00,208.61399841308594,208.6230010986328,208.46099853515625,208.55299377441406,0,0.0,0.0
2026-02-19 14:15:00+00:00,208.552001953125,208.72300720214844,208.49200439453125,208.71600341796875,0,0.0,0.0
2026-02-19 14:30:00+00:00,208.71099853515625,208.7209930419922,208.4980010986328,208.60699462890625,0,0.0,0.0
2026-02-19 14:45:00+00:00,208.60699462890625,208.71400451660156,208.5229949951172,208.67999267578125,0,0.0,0.0
2026-02-19 15:00:00+00:00,208.68600463867188,208.88499450683594,208.61199951171875,208.83099365234375,0,0.0,0.0
2026-02-19 15:15:00+00:00,208.83099365234375,208.89100646972656,208.7030029296875,208.7519989013672,0,0.0,0.0
2026-02-19 15:30:00+00:00,208.73899841308594,208.8560028076172,208.69900512695312,208.70599365234375,0,0.0,0.0
2026-02-19 15:45:00+00:00,208.70199584960938,208.82699584960938,208.5279998779297,208.531005859375,0,0.0,0.0
2026-02-19 16:00:00+00:00,208.5279998779297,208.55599975585938,208.26800537109375,208.4010009765625,0,0.0,0.0
2026-02-19 16:15:00+00:00,208.40199279785156,208.45199584960938,208.31700134277344,208.33799743652344,0,0.0,0.0
2026-02-19 16:30:00+00:00,208.33599853515625,208.4550018310547,208.3350067138672,208.34500122070312,0,0.0,0.0
2026-02-19 16:45:00+00:00,208.343994140625,208.38999938964844,208.281005859375,208.3470001220703,0,0.0,0.0
2026-02-19 17:00:00+00:00,208.3459930419922,208.427001953125,208.26499938964844,208.3300018310547,0,0.0,0.0
2026-02-19 17:15:00+00:00,208.32400512695312,208.43499755859375,208.30599975585938,208.38600158691406,0,0.0,0.0
2026-02-19 17:30:00+00:00,208.3820037841797,208.5030059814453,208.3350067138672,208.48699951171875,0,0.0,0.0
2026-02-19 17:45:00+00:00,208.4810028076172,208.55599975585938,208.44700622558594,208.5279998779297,0,0.0,0.0
2026-02-19 18:00:00+00:00,208.52699279785156,208.55599975585938,208.46600341796875,208.5449981689453,0,0.0,0.0
2026-02-19 18:15:00+00:00,208.5449981689453,208.57200622558594,208.47500610351562,208.56100463867188,0,0.0,0.0
2026-02-19 18:30:00+00:00,208.55599975585938,208.5800018310547,208.45799255371094,208.49200439453125,0,0.0,0.0
2026-02-19 18:45:00+00:00,208.49200439453125,208.5290069580078,208.44200134277344,208.4499969482422,0,0.0,0.0
2026-02-19 19:00:00+00:00,208.4510040283203,208.51699829101562,208.44000244140625,208.50399780273438,0,0.0,0.0
2026-02-19 19:15:00+00:00,208.5,208.57699584960938,208.4969940185547,208.52099609375,0,0.0,0.0
2026-02-19 19:30:00+00:00,208.5279998779297,208.63699340820312,208.51699829101562,208.58299255371094,0,0.0,0.0
2026-02-19 19:45:00+00:00,208.58200073242188,208.6269989013672,208.5749969482422,208.6060028076172,0,0.0,0.0
2026-02-19 20:00:00+00:00,208.6009979248047,208.63699340820312,208.58099365234375,208.5919952392578,0,0.0,0.0
2026-02-19 20:15:00+00:00,208.58700561523438,208.65699768066406,208.57200622558594,208.64100646972656,0,0.0,0.0
2026-02-19 20:30:00+00:00,208.63900756835938,208.73399353027344,208.62399291992188,208.7100067138672,0,0.0,0.0
2026-02-19 20:45:00+00:00,208.70199584960938,208.74000549316406,208.66400146484375,208.7209930419922,0,0.0,0.0
2026-02-19 21:00:00+00:00,208.71800231933594,208.7480010986328,208.69700622558594,208.70899963378906,0,0.0,0.0
2026-02-19 21:15:00+00:00,208.70899963378906,208.8040008544922,208.6959991455078,208.76300048828125,0,0.0,0.0
2026-02-19 21:30:00+00:00,208.7530059814453,208.843994140625,208.7530059814453,208.79400634765625,0,0.0,0.0
2026-02-19 21:45:00+00:00,208.79800415039062,208.81199645996094,208.57899475097656,208.71499633789062,0,0.0,0.0
2026-02-19 22:00:00+00:00,208.7209930419922,208.7519989013672,208.53399658203125,208.73899841308594,0,0.0,0.0
2026-02-19 22:15:00+00:00,208.64500427246094,208.68299865722656,208.42999267578125,208.5800018310547,0,0.0,0.0
2026-02-19 22:30:00+00:00,208.5290069580078,208.63800048828125,208.43800354003906,208.59500122070312,0,0.0,0.0
2026-02-19 22:45:00+00:00,208.5919952392578,208.71499633789062,208.51800537109375,208.6300048828125,0,0.0,0.0
2026-02-19 23:00:00+00:00,208.69700622558594,208.7530059814453,208.59100341796875,208.6820068359375,0,0.0,0.0
2026-02-19 23:15:00+00:00,208.6820068359375,208.70899963378906,208.64199829101562,208.64999389648438,0,0.0,0.0
2026-02-19 23:30:00+00:00,208.64999389648438,208.94400024414062,208.64999389648438,208.9320068359375,0,0.0,0.0
2026-02-19 23:45:00+00:00,208.91799926757812,208.94000244140625,208.83099365234375,208.86599731445312,0,0.0,0.0
2026-02-20 00:00:00+00:00,208.87600708007812,208.9080047607422,208.77499389648438,208.89599609375,0,0.0,0.0
2026-02-20 00:15:00+00:00,208.8979949951172,208.91200256347656,208.72999572753906,208.81399536132812,0,0.0,0.0
2026-02-20 00:30:00+00:00,208.81300354003906,208.91099548339844,208.7899932861328,208.80099487304688,0,0.0,0.0
2026-02-20 00:45:00+00:00,208.80299377441406,208.843994140625,208.54200744628906,208.74200439453125,0,0.0,0.0
2026-02-20 01:00:00+00:00,208.73699951171875,208.81900024414062,208.58599853515625,208.71299743652344,0,0.0,0.0
2026-02-20 01:15:00+00:00,208.72000122070312,208.8509979248047,208.6320037841797,208.78799438476562,0,0.0,0.0
2026-02-20 01:30:00+00:00,208.78199768066406,208.89199829101562,208.7530059814453,208.77999877929688,0,0.0,0.0
2026-02-20 01:45:00+00:00,208.7729949951172,208.7790069580078,208.58099365234375,208.61300659179688,0,0.0,0.0
2026-02-20 02:00:00+00:00,208.60899353027344,208.63800048828125,208.43800354003906,208.4409942626953,0,0.0,0.0
2026-02-20 02:15:00+00:00,208.44000244140625,208.54100036621094,208.3769989013672,208.48399353027344,0,0.0,0.0
2026-02-20 02:30:00+00:00,208.48399353027344,208.56900024414062,208.4669952392578,208.47900390625,0,0.0,0.0
2026-02-20 02:45:00+00:00,208.47900390625,208.6490020751953,208.43899536132812,208.58900451660156,0,0.0,0.0
2026-02-20 03:00:00+00:00,208.59800720214844,208.6739959716797,208.55599975585938,208.572998046875,0,0.0,0.0
2026-02-20 03:15:00+00:00,208.572998046875,208.62100219726562,208.4810028076172,208.48800659179688,0,0.0,0.0
2026-02-20 03:30:00+00:00,208.48599243164062,208.5850067138672,208.48599243164062,208.5279998779297,0,0.0,0.0
2026-02-20 03:45:00+00:00,208.5260009765625,208.58399963378906,208.4969940185547,208.54200744628906,0,0.0,0.0
2026-02-20 04:00:00+00:00,208.53900146484375,208.58999633789062,208.5,208.5570068359375,0,0.0,0.0
2026-02-20 04:15:00+00:00,208.56300354003906,208.58200073242188,208.5189971923828,208.57000732421875,0,0.0,0.0
2026-02-20 04:30:00+00:00,208.57000732421875,208.6269989013672,208.5260009765625,208.531005859375,0,0.0,0.0
2026-02-20 04:45:00+00:00,208.52699279785156,208.61700439453125,208.5050048828125,208.5800018310547,0,0.0,0.0
2026-02-20 05:00:00+00:00,208.5800018310547,208.66700744628906,208.54200744628906,208.61900329589844,0,0.0,0.0
2026-02-20 05:15:00+00:00,208.61900329589844,208.67100524902344,208.60899353027344,208.6529998779297,0,0.0,0.0
2026-02-20 05:30:00+00:00,208.6529998779297,208.718994140625,208.62399291992188,208.68299865722656,0,0.0,0.0
2026-02-20 05:45:00+00:00,208.68099975585938,208.82400512695312,208.67300415039062,208.78700256347656,0,0.0,0.0
2026-02-20 06:00:00+00:00,208.78700256347656,208.86300659179688,208.6580047607422,208.69700622558594,0,0.0,0.0
2026-02-20 06:15:00+00:00,208.68899536132812,208.77499389648438,208.6739959716797,208.6959991455078,0,0.0,0.0
2026-02-20 06:30:00+00:00,208.70399475097656,208.72799682617188,208.61599731445312,208.6739959716797,0,0.0,0.0
2026-02-20 06:45:00+00:00,208.66700744628906,208.71400451660156,208.60299682617188,208.6490020751953,0,0.0,0.0
2026-02-20 07:00:00+00:00,208.6479949951172,208.9219970703125,208.5919952392578,208.6909942626953,0,0.0,0.0
2026-02-20 07:15:00+00:00,208.6909942626953,208.7169952392578,208.63499450683594,208.68899536132812,0,0.0,0.0
2026-02-20 07:30:00+00:00,208.68899536132812,208.7760009765625,208.54800415039062,208.75,0,0.0,0.0
2026-02-20 07:45:00+00:00,208.7429962158203,209.09300231933594,208.71099853515625,209.06500244140625,0,0.0,0.0
2026-02-20 08:00:00+00:00,209.07400512695312,209.08700561523438,208.86500549316406,208.89500427246094,0,0.0,0.0
2026-02-20 08:15:00+00:00,208.89500427246094,209.00399780273438,208.843994140625,208.9969940185547,0,0.0,0.0
2026-02-20 08:30:00+00:00,208.9949951171875,209.218994140625,208.92999267578125,209.2030029296875,0,0.0,0.0
2026-02-20 08:45:00+00:00,209.2030029296875,209.28900146484375,209.15699768066406,209.2530059814453,0,0.0,0.0
2026-02-20 09:00:00+00:00,209.25100708007812,209.38299560546875,209.24000549316406,209.2729949951172,0,0.0,0.0
2026-02-20 09:15:00+00:00,209.2729949951172,209.33399963378906,209.22000122070312,209.2209930419922,0,0.0,0.0
2026-02-20 09:30:00+00:00,209.25599670410156,209.5019989013672,209.25399780273438,209.4669952392578,0,0.0,0.0
2026-02-20 09:45:00+00:00,209.4600067138672,209.4759979248047,209.25900268554688,209.26400756835938,0,0.0,0.0
2026-02-20 10:00:00+00:00,209.26600646972656,209.3000030517578,209.17100524902344,209.18299865722656,0,0.0,0.0
2026-02-20 10:15:00+00:00,209.17799377441406,209.2729949951172,209.1719970703125,209.26199340820312,0,0.0,0.0
2026-02-20 10:30:00+00:00,209.26199340820312,209.3679962158203,209.25100708007812,209.34500122070312,0,0.0,0.0
2026-02-20 10:45:00+00:00,209.343994140625,209.3699951171875,209.07000732421875,209.10699462890625,0,0.0,0.0
2026-02-20 11:00:00+00:00,209.10800170898438,209.1529998779297,208.9530029296875,209.06500244140625,0,0.0,0.0
2026-02-20 11:15:00+00:00,209.06199645996094,209.18299865722656,209.0500030517578,209.1219940185547,0,0.0,0.0
2026-02-20 11:30:00+00:00,209.1230010986328,209.1580047607422,209.04600524902344,209.12600708007812,0,0.0,0.0
2026-02-20 11:45:00+00:00,209.1199951171875,209.1820068359375,209.072998046875,209.08999633789062,0,0.0,0.0
2026-02-20 12:00:00+00:00,209.08099365234375,209.2740020751953,209.04200744628906,209.24899291992188,0,0.0,0.0
2026-02-20 12:15:00+00:00,209.2429962158203,209.2790069580078,209.2010040283203,209.23500061035156,0,0.0,0.0
2026-02-20 12:30:00+00:00,209.2270050048828,209.2519989013672,209.10400390625,209.177001953125,0,0.0,0.0
2026-02-20 12:45:00+00:00,209.1840057373047,209.2969970703125,209.16099548339844,209.1649932861328,0,0.0,0.0
2026-02-20 13:00:00+00:00,209.17799377441406,209.2550048828125,209.13699340820312,209.20599365234375,0,0.0,0.0
2026-02-20 13:15:00+00:00,209.1959991455078,209.34800720214844,209.16700744628906,209.29299926757812,0,0.0,0.0
2026-02-20 13:30:00+00:00,209.2989959716797,209.38299560546875,209.17999267578125,209.3489990234375,0,0.0,0.0
2026-02-20 13:45:00+00:00,209.34500122070312,209.61300659179688,209.31100463867188,209.5959930419922,0,0.0,0.0
2026-02-20 14:00:00+00:00,209.6020050048828,209.63800048828125,209.49899291992188,209.51499938964844,0,0.0,0.0
2026-02-20 14:15:00+00:00,209.51499938964844,209.52999877929688,209.41600036621094,209.43299865722656,0,0.0,0.0
2026-02-20 14:30:00+00:00,209.43800354003906,209.49600219726562,209.3509979248047,209.4409942626953,0,0.0,0.0
2026-02-20 14:45:00+00:00,209.39199829101562,209.48300170898438,209.3300018310547,209.33299255371094,0,0.0,0.0
2026-02-20 15:00:00+00:00,209.39500427246094,209.68800354003906,209.08900451660156,209.1269989013672,0,0.0,0.0
2026-02-20 15:15:00+00:00,209.1280059814453,209.41700744628906,209.00900268554688,209.2449951171875,0,0.0,0.0
2026-02-20 15:30:00+00:00,209.23899841308594,209.33099365234375,209.08099365234375,209.17799377441406,0,0.0,0.0
2026-02-20 15:45:00+00:00,209.17799377441406,209.24400329589844,209.0279998779297,209.05099487304688,0,0.0,0.0
2026-02-20 16:00:00+00:00,209.05499267578125,209.1320037841797,209.01699829101562,209.0449981689453,0,0.0,0.0
2026-02-20 16:15:00+00:00,209.0399932861328,209.07200622558594,208.96600341796875,209.0189971923828,0,0.0,0.0
2026-02-20 16:30:00+00:00,209.0189971923828,209.19200134277344,208.9969940185547,209.13800048828125,0,0.0,0.0
2026-02-20 16:45:00+00:00,209.13499450683594,209.22500610351562,209.072998046875,209.20899963378906,0,0.0,0.0
2026-02-20 17:00:00+00:00,209.2010040283203,209.2729949951172,209.0760040283203,209.08299255371094,0,0.0,0.0
2026-02-20 17:15:00+00:00,209.08200073242188,209.18699645996094,209.0540008544922,209.1510009765625,0,0.0,0.0
2026-02-20 17:30:00+00:00,209.156005859375,209.2209930419922,209.1269989013672,209.1510009765625,0,0.0,0.0
2026-02-20 17:45:00+00:00,209.14999389648438,209.18600463867188,209.052001953125,209.0709991455078,0,0.0,0.0
2026-02-20 18:00:00+00:00,209.072998046875,209.1750030517578,209.0449981689453,209.16600036621094,0,0.0,0.0
2026-02-20 18:15:00+00:00,209.16600036621094,209.19400024414062,209.02000427246094,209.06100463867188,0,0.0,0.0
2026-02-20 18:30:00+00:00,209.0540008544922,209.12899780273438,208.94700622558594,209.072998046875,0,0.0,0.0
2026-02-20 18:45:00+00:00,209.072998046875,209.22500610351562,209.06399536132812,209.1909942626953,0,0.0,0.0
2026-02-20 19:00:00+00:00,209.1909942626953,209.25599670410156,209.08900451660156,209.09500122070312,0,0.0,0.0
2026-02-20 19:15:00+00:00,209.09300231933594,209.17999267578125,209.08099365234375,209.14100646972656,0,0.0,0.0
2026-02-20 19:30:00+00:00,209.14500427246094,209.22900390625,209.1300048828125,209.21499633789062,0,0.0,0.0
2026-02-20 19:45:00+00:00,209.20899963378906,209.26600646972656,209.1790008544922,209.19400024414062,0,0.0,0.0
2026-02-20 20:00:00+00:00,209.19200134277344,209.2169952392578,209.1060028076172,209.11099243164062,0,0.0,0.0
2026-02-20 20:15:00+00:00,209.12100219726562,209.12899780273438,209.04200744628906,209.06399536132812,0,0.0,0.0
2026-02-20 20:30:00+00:00,209.06300354003906,209.10499572753906,209.05099487304688,209.072998046875,0,0.0,0.0
2026-02-20 20:45:00+00:00,209.06900024414062,209.17799377441406,209.0469970703125,209.16400146484375,0,0.0,0.0
2026-02-20 21:00:00+00:00,209.1699981689453,209.18699645996094,209.11199951171875,209.156005859375,0,0.0,0.0
2026-02-20 21:15:00+00:00,209.14999389648438,209.16099548339844,209.06199645996094,209.0749969482422,0,0.0,0.0
2026-02-20 21:30:00+00:00,209.0749969482422,209.1300048828125,209.05999755859375,209.10400390625,0,0.0,0.0
2026-02-20 21:45:00+00:00,209.1199951171875,209.14700317382812,208.91000366210938,208.9759979248047,0,0.0,0.0
2026-02-20 22:00:00+00:00,208.97900390625,208.97900390625,208.97900390625,208.97900390625,0,0.0,0.0
2026-02-20 22:15:00+00:00,208.97900390625,208.97900390625,208.97900390625,208.97900390625,0,0.0,0.0
2026-02-23 00:00:00+00:00,208.85299682617188,208.86700439453125,208.6739959716797,208.8040008544922,0,0.0,0.0
2026-02-23 00:15:00+00:00,208.8040008544922,208.8699951171875,208.62399291992188,208.6580047607422,0,0.0,0.0
2026-02-23 00:30:00+00:00,208.65499877929688,208.6719970703125,208.4239959716797,208.4499969482422,0,0.0,0.0
2026-02-23 00:45:00+00:00,208.45399475097656,208.48199462890625,208.38099670410156,208.3979949951172,0,0.0,0.0
2026-02-23 01:00:00+00:00,208.38999938964844,208.39700317382812,208.20399475097656,208.23699951171875,0,0.0,0.0
2026-02-23 01:15:00+00:00,208.2449951171875,208.41200256347656,208.2239990234375,208.39599609375,0,0.0,0.0
2026-02-23 01:30:00+00:00,208.40199279785156,208.5260009765625,208.3939971923828,208.48699951171875,0,0.0,0.0
2026-02-23 01:45:00+00:00,208.48500061035156,208.52699279785156,208.38800048828125,208.47799682617188,0,0.0,0.0
2026-02-23 02:00:00+00:00,208.4770050048828,208.49200439453125,208.3560028076172,208.4040069580078,0,0.0,0.0
2026-02-23 02:15:00+00:00,208.4040069580078,208.51199340820312,208.39700317382812,208.46400451660156,0,0.0,0.0
2026-02-23 02:30:00+00:00,208.46400451660156,208.66400146484375,208.4409942626953,208.64100646972656,0,0.0,0.0
2026-02-23 02:45:00+00:00,208.64100646972656,208.64999389648438,208.53700256347656,208.5449981689453,0,0.0,0.0
2026-02-23 03:00:00+00:00,208.5449981689453,208.6699981689453,208.5449981689453,208.63099670410156,0,0.0,0.0
2026-02-23 03:15:00+00:00,208.63400268554688,208.66200256347656,208.52699279785156,208.66000366210938,0,0.0,0.0
2026-02-23 03:30:00+00:00,208.656005859375,208.6649932861328,208.53500366210938,208.58999633789062,0,0.0,0.0
2026-02-23 03:45:00+00:00,208.58799743652344,208.60499572753906,208.49600219726562,208.52000427246094,0,0.0,0.0
2026-02-23 04:00:00+00:00,208.5189971923828,208.5500030517578,208.4429931640625,208.531005859375,0,0.0,0.0
2026-02-23 04:15:00+00:00,208.531005859375,208.572998046875,208.49400329589844,208.54200744628906,0,0.0,0.0
2026-02-23 04:30:00+00:00,208.54800415039062,208.76300048828125,208.53900146484375,208.73800659179688,0,0.0,0.0
2026-02-23 04:45:00+00:00,208.73399353027344,208.7689971923828,208.68899536132812,208.7310028076172,0,0.0,0.0
2026-02-23 05:00:00+00:00,208.7310028076172,208.78799438476562,208.68699645996094,208.77999877929688,0,0.0,0.0
2026-02-23 05:15:00+00:00,208.7790069580078,208.79299926757812,208.7169952392578,208.75399780273438,0,0.0,0.0
2026-02-23 05:30:00+00:00,208.76699829101562,208.77200317382812,208.6999969482422,208.72900390625,0,0.0,0.0
2026-02-23 05:45:00+00:00,208.72999572753906,208.81500244140625,208.7239990234375,208.7969970703125,0,0.0,0.0
2026-02-23 06:00:00+00:00,208.7949981689453,208.8419952392578,208.7030029296875,208.7760009765625,0,0.0,0.0
2026-02-23 06:15:00+00:00,208.78500366210938,208.7899932861328,208.6959991455078,208.7270050048828,0,0.0,0.0
2026-02-23 06:30:00+00:00,208.7220001220703,208.8280029296875,208.7100067138672,208.7790069580078,0,0.0,0.0
2026-02-23 06:45:00+00:00,208.78500366210938,208.99400329589844,208.7469940185547,208.98500061035156,0,0.0,0.0
2026-02-23 07:00:00+00:00,208.97799682617188,209.06100463867188,208.93299865722656,209.04299926757812,0,0.0,0.0
2026-02-23 07:15:00+00:00,209.04200744628906,209.1060028076172,208.9770050048828,209.08900451660156,0,0.0,0.0
2026-02-23 07:30:00+00:00,209.08999633789062,209.13999938964844,208.9759979248047,209.00799560546875,0,0.0,0.0
2026-02-23 07:45:00+00:00,209.0050048828125,209.0919952392578,208.90199279785156,208.93699645996094,0,0.0,0.0
2026-02-23 08:00:00+00:00,208.93600463867188,209.0540008544922,208.9250030517578,208.94700622558594,0,0.0,0.0
2026-02-23 08:15:00+00:00,208.94400024414062,209.06300354003906,208.91299438476562,208.97900390625,0,0.0,0.0
2026-02-23 08:30:00+00:00,208.97799682617188,209.10400390625,208.9600067138672,209.04299926757812,0,0.0,0.0
2026-02-23 08:45:00+00:00,209.04299926757812,209.1490020751953,209.0279998779297,209.0989990234375,0,0.0,0.0
2026-02-23 09:00:00+00:00,209.0989990234375,209.1510009765625,209.01300048828125,209.05099487304688,0,0.0,0.0
2026-02-23 09:15:00+00:00,209.0449981689453,209.0709991455078,208.99000549316406,209.05599975585938,0,0.0,0.0
2026-02-23 09:30:00+00:00,209.05499267578125,209.18800354003906,209.04400634765625,209.17999267578125,0,0.0,0.0
2026-02-23 09:45:00+00:00,209.1820068359375,209.2030029296875,209.10000610351562,209.11500549316406,0,0.0,0.0
2026-02-23 10:00:00+00:00,209.1199951171875,209.1529998779297,209.08200073242188,209.13499450683594,0,0.0,0.0
2026-02-23 10:15:00+00:00,209.12899780273438,209.1840057373047,209.0760040283203,209.13499450683594,0,0.0,0.0
2026-02-23 10:30:00+00:00,209.12899780273438,209.22300720214844,209.12600708007812,209.1840057373047,0,0.0,0.0
2026-02-23 10:45:00+00:00,209.18299865722656,209.2050018310547,209.07899475097656,209.08099365234375,0,0.0,0.0
2026-02-23 11:00:00+00:00,209.08099365234375,209.16000366210938,209.01199340820312,209.16000366210938,0,0.0,0.0
2026-02-23 11:15:00+00:00,209.1529998779297,209.16400146484375,208.93899536132812,208.9600067138672,0,0.0,0.0
2026-02-23 11:30:00+00:00,208.96099853515625,209.11199951171875,208.9199981689453,209.08399963378906,0,0.0,0.0
2026-02-23 11:45:00+00:00,209.0850067138672,209.09500122070312,208.96400451660156,209.0019989013672,0,0.0,0.0
2026-02-23 12:00:00+00:00,208.9949951171875,209.04800415039062,208.93099975585938,208.94700622558594,0,0.0,0.0
2026-02-23 12:15:00+00:00,208.91600036621094,208.95399475097656,208.79600524902344,208.9510040283203,0,0.0,0.0
2026-02-23 12:30:00+00:00,208.94500732421875,208.9770050048828,208.85699462890625,208.91200256347656,0,0.0,0.0
2026-02-23 12:45:00+00:00,208.91600036621094,208.91900634765625,208.843994140625,208.9010009765625,0,0.0,0.0
2026-02-23 13:00:00+00:00,208.89999389648438,208.947998046875,208.80999755859375,208.875,0,0.0,0.0
2026-02-23 13:15:00+00:00,208.86900329589844,208.90899658203125,208.7689971923828,208.82200622558594,0,0.0,0.0
2026-02-23 13:30:00+00:00,208.8209991455078,208.83200073242188,208.6739959716797,208.7949981689453,0,0.0,0.0
2026-02-23 13:45:00+00:00,208.79600524902344,208.84300231933594,208.76699829101562,208.822998046875,0,0.0,0.0
2026-02-23 14:00:00+00:00,208.8280029296875,208.9149932861328,208.7689971923828,208.8780059814453,0,0.0,0.0
2026-02-23 14:15:00+00:00,208.8730010986328,209.00799560546875,208.86099243164062,208.98599243164062,0,0.0,0.0
2026-02-23 14:30:00+00:00,208.97799682617188,209.10899353027344,208.95199584960938,208.9980010986328,0,0.0,0.0
2026-02-23 14:45:00+00:00,208.9980010986328,209.07699584960938,208.93899536132812,208.9499969482422,0,0.0,0.0
2026-02-23 15:00:00+00:00,208.9510040283203,208.98599243164062,208.66400146484375,208.70799255371094,0,0.0,0.0
2026-02-23 15:15:00+00:00,208.6999969482422,208.7779998779297,208.68099975585938,208.73300170898438,0,0.0,0.0
2026-02-23 15:30:00+00:00,208.73300170898438,208.83399963378906,208.66099548339844,208.68899536132812,0,0.0,0.0
2026-02-23 15:45:00+00:00,208.68899536132812,208.70199584960938,208.31300354003906,208.38600158691406,0,0.0,0.0
2026-02-23 16:00:00+00:00,208.4010009765625,208.44900512695312,208.23500061035156,208.3800048828125,0,0.0,0.0
2026-02-23 16:15:00+00:00,208.3769989013672,208.49200439453125,208.35699462890625,208.4219970703125,0,0.0,0.0
2026-02-23 16:30:00+00:00,208.4250030517578,208.51300048828125,208.3939971923828,208.47999572753906,0,0.0,0.0
2026-02-23 16:45:00+00:00,208.47999572753906,208.54200744628906,208.4010009765625,208.41099548339844,0,0.0,0.0
2026-02-23 17:00:00+00:00,208.406005859375,208.4199981689453,208.17300415039062,208.1929931640625,0,0.0,0.0
2026-02-23 17:15:00+00:00,208.20399475097656,208.27499389648438,208.14100646972656,208.1699981689453,0,0.0,0.0
2026-02-23 17:30:00+00:00,208.1529998779297,208.29400634765625,208.13099670410156,208.24400329589844,0,0.0,0.0
2026-02-23 17:45:00+00:00,208.24600219726562,208.37600708007812,208.22300720214844,208.3520050048828,0,0.0,0.0
2026-02-23 18:00:00+00:00,208.35699462890625,208.52000427246094,208.343994140625,208.51100158691406,0,0.0,0.0
2026-02-23 18:15:00+00:00,208.51300048828125,208.7209930419922,208.47000122070312,208.71400451660156,0,0.0,0.0
2026-02-23 18:30:00+00:00,208.71499633789062,208.73800659179688,208.5399932861328,208.57200622558594,0,0.0,0.0
2026-02-23 18:45:00+00:00,208.57200622558594,208.62399291992188,208.48199462890625,208.52499389648438,0,0.0,0.0
2026-02-23 19:00:00+00:00,208.52200317382812,208.59300231933594,208.5019989013672,208.51199340820312,0,0.0,0.0
2026-02-23 19:15:00+00:00,208.50599670410156,208.572998046875,208.50399780273438,208.5279998779297,0,0.0,0.0
2026-02-23 19:30:00+00:00,208.52699279785156,208.5850067138672,208.49600219726562,208.5489959716797,0,0.0,0.0
2026-02-23 19:45:00+00:00,208.55499267578125,208.62399291992188,208.5449981689453,208.55999755859375,0,0.0,0.0
2026-02-23 20:00:00+00:00,208.56399536132812,208.61199951171875,208.55499267578125,208.58700561523438,0,0.0,0.0
2026-02-23 20:15:00+00:00,208.58200073242188,208.7050018310547,208.57899475097656,208.68099975585938,0,0.0,0.0
2026-02-23 20:30:00+00:00,208.6790008544922,208.71800231933594,208.65199279785156,208.66799926757812,0,0.0,0.0
2026-02-23 20:45:00+00:00,208.66700744628906,208.73500061035156,208.64599609375,208.7259979248047,0,0.0,0.0
2026-02-23 21:00:00+00:00,208.7209930419922,208.77499389648438,208.71099853515625,208.75599670410156,0,0.0,0.0
2026-02-23 21:15:00+00:00,208.75599670410156,208.80599975585938,208.70700073242188,208.79800415039062,0,0.0,0.0
2026-02-23 21:30:00+00:00,208.79299926757812,208.85800170898438,208.79299926757812,208.82400512695312,0,0.0,0.0
2026-02-23 21:45:00+00:00,208.82400512695312,208.83700561523438,208.5570068359375,208.58099365234375,0,0.0,0.0
2026-02-23 22:00:00+00:00,208.59800720214844,208.68899536132812,208.47799682617188,208.48199462890625,0,0.0,0.0
2026-02-23 22:15:00+00:00,208.48300170898438,208.64199829101562,208.47300720214844,208.51400756835938,0,0.0,0.0
2026-02-23 22:30:00+00:00,208.51800537109375,208.6510009765625,208.48800659179688,208.5500030517578,0,0.0,0.0
2026-02-23 22:45:00+00:00,208.57699584960938,208.6230010986328,208.4720001220703,208.52499389648438,0,0.0,0.0
2026-02-23 23:00:00+00:00,208.5290069580078,208.6479949951172,208.47900390625,208.62100219726562,0,0.0,0.0
2026-02-23 23:15:00+00:00,208.61500549316406,208.68099975585938,208.59800720214844,208.67999267578125,0,0.0,0.0
2026-02-23 23:30:00+00:00,208.68099975585938,208.7550048828125,208.55299377441406,208.62100219726562,0,0.0,0.0
2026-02-23 23:45:00+00:00,208.6269989013672,208.75,208.62100219726562,208.73899841308594,0,0.0,0.0
2026-02-24 00:00:00+00:00,208.72300720214844,208.88499450683594,208.68299865722656,208.87399291992188,0,0.0,0.0
2026-02-24 00:15:00+00:00,208.86399841308594,208.91799926757812,208.76400756835938,208.76400756835938,0,0.0,0.0
2026-02-24 00:30:00+00:00,208.77200317382812,208.89700317382812,208.7530059814453,208.8419952392578,0,0.0,0.0
2026-02-24 00:45:00+00:00,208.83099365234375,208.98699951171875,208.8179931640625,208.97300720214844,0,0.0,0.0
2026-02-24 01:00:00+00:00,208.9709930419922,209.0449981689453,208.9080047607422,208.9510040283203,0,0.0,0.0
2026-02-24 01:15:00+00:00,208.95599365234375,209.14199829101562,208.927001953125,209.0800018310547,0,0.0,0.0
2026-02-24 01:30:00+00:00,209.07899475097656,209.1280059814453,208.98699951171875,209.06700134277344,0,0.0,0.0
2026-02-24 01:45:00+00:00,209.07400512695312,209.11500549316406,208.9759979248047,209.0590057373047,0,0.0,0.0
2026-02-24 02:00:00+00:00,209.0570068359375,209.0959930419922,208.92999267578125,209.08799743652344,0,0.0,0.0
2026-02-24 02:15:00+00:00,209.07699584960938,209.22999572753906,209.07000732421875,209.20799255371094,0,0.0,0.0
2026-02-24 02:30:00+00:00,209.2010040283203,209.24200439453125,209.13999938964844,209.14199829101562,0,0.0,0.0
2026-02-24 02:45:00+00:00,209.15199279785156,209.1540069580078,209.05099487304688,209.0959930419922,0,0.0,0.0
2026-02-24 03:00:00+00:00,209.10400390625,209.16400146484375,209.06900024414062,209.1269989013672,0,0.0,0.0
2026-02-24 03:15:00+00:00,209.1230010986328,209.18699645996094,209.10400390625,209.16799926757812,0,0.0,0.0
2026-02-24 03:30:00+00:00,209.1719970703125,209.21299743652344,209.14700317382812,209.17999267578125,0,0.0,0.0
2026-02-24 03:45:00+00:00,209.17999267578125,209.2449951171875,209.1490020751953,209.2209930419922,0,0.0,0.0
2026-02-24 04:00:00+00:00,209.22000122070312,209.281005859375,209.17300415039062,209.218994140625,0,0.0,0.0
2026-02-24 04:15:00+00:00,209.21800231933594,209.36700439453125,209.21400451660156,209.33799743652344,0,0.0,0.0
2026-02-24 04:30:00+00:00,209.33799743652344,209.36300659179688,209.30599975585938,209.31500244140625,0,0.0,0.0
2026-02-24 04:45:00+00:00,209.3159942626953,209.3509979248047,209.2779998779297,209.30999755859375,0,0.0,0.0
2026-02-24 05:00:00+00:00,209.30499267578125,209.322998046875,209.24600219726562,209.2830047607422,0,0.0,0.0
2026-02-24 05:15:00+00:00,209.28500366210938,209.3459930419922,209.26499938964844,209.33599853515625,0,0.0,0.0
2026-02-24 05:30:00+00:00,209.33299255371094,209.39300537109375,209.30099487304688,209.3730010986328,0,0.0,0.0
2026-02-24 05:45:00+00:00,209.36599731445312,209.39199829101562,209.27999877929688,209.29200744628906,0,0.0,0.0
2026-02-24 06:00:00+00:00,209.29100036621094,209.3260040283203,209.23500061035156,209.28799438476562,0,0.0,0.0
2026-02-24 06:15:00+00:00,209.2790069580078,209.29100036621094,209.13900756835938,209.18899536132812,0,0.0,0.0
2026-02-24 06:30:00+00:00,209.1790008544922,209.21099853515625,209.11399841308594,209.15499877929688,0,0.0,0.0
2026-02-24 06:45:00+00:00,209.14599609375,209.1719970703125,209.00999450683594,209.01400756835938,0,0.0,0.0
2026-02-24 07:00:00+00:00,209.01400756835938,209.96200561523438,208.97300720214844,209.88099670410156,0,0.0,0.0
2026-02-24 07:15:00+00:00,209.8780059814453,210.1929931640625,209.77499389648438,210.17300415039062,0,0.0,0.0
2026-02-24 07:30:00+00:00,210.17799377441406,210.30099487304688,210.072998046875,210.23500061035156,0,0.0,0.0
2026-02-24 07:45:00+00:00,210.23699951171875,210.46299743652344,210.2169952392578,210.38400268554688,0,0.0,0.0
2026-02-24 08:00:00+00:00,210.38600158691406,210.4219970703125,210.22500610351562,210.3979949951172,0,0.0,0.0
2026-02-24 08:15:00+00:00,210.39500427246094,210.73300170898438,210.25399780273438,210.6300048828125,0,0.0,0.0
2026-02-24 08:30:00+00:00,210.63800048828125,210.66900634765625,210.33999633789062,210.4040069580078,0,0.0,0.0
2026-02-24 08:45:00+00:00,210.40199279785156,210.43499755859375,210.25900268554688,210.28900146484375,0,0.0,0.0
2026-02-24 09:00:00+00:00,210.28900146484375,210.36500549316406,210.21299743652344,210.2270050048828,0,0.0,0.0
2026-02-24 09:15:00+00:00,210.2270050048828,210.33599853515625,210.1510009765625,210.2689971923828,0,0.0,0.0
2026-02-24 09:30:00+00:00,210.27000427246094,210.39700317382812,210.26699829101562,210.39100646972656,0,0.0,0.0
2026-02-24 09:45:00+00:00,210.38400268554688,210.45599365234375,210.32400512695312,210.39100646972656,0,0.0,0.0
2026-02-24 10:00:00+00:00,210.3979949951172,210.44200134277344,210.35000610351562,210.41600036621094,0,0.0,0.0
2026-02-24 10:15:00+00:00,210.4219970703125,210.48399353027344,210.34300231933594,210.4290008544922,0,0.0,0.0
2026-02-24 10:30:00+00:00,210.43899536132812,210.4759979248047,210.3209991455078,210.36599731445312,0,0.0,0.0
2026-02-24 10:45:00+00:00,210.36099243164062,210.36900329589844,210.23800659179688,210.343994140625,0,0.0,0.0
2026-02-24 11:00:00+00:00,210.34800720214844,210.35499572753906,210.1840057373047,210.18800354003906,0,0.0,0.0
2026-02-24 11:15:00+00:00,210.1840057373047,210.197998046875,210.10699462890625,210.11500549316406,0,0.0,0.0
2026-02-24 11:30:00+00:00,210.11199951171875,210.1199951171875,209.98199462890625,210.06399536132812,0,0.0,0.0
2026-02-24 11:45:00+00:00,210.0659942626953,210.2220001220703,210.0570068359375,210.2209930419922,0,0.0,0.0
2026-02-24 12:00:00+00:00,210.21600341796875,210.31900024414062,210.17999267578125,210.31900024414062,0,0.0,0.0
2026-02-24 12:15:00+00:00,210.31300354003906,210.37399291992188,210.2949981689453,210.3070068359375,0,0.0,0.0
2026-02-24 12:30:00+00:00,210.2989959716797,210.3090057373047,210.11199951171875,210.12899780273438,0,0.0,0.0
2026-02-24 12:45:00+00:00,210.13800048828125,210.26499938964844,210.1280059814453,210.26199340820312,0,0.0,0.0
2026-02-24 13:00:00+00:00,210.2550048828125,210.2830047607422,210.14199829101562,210.19700622558594,0,0.0,0.0
2026-02-24 13:15:00+00:00,210.1959991455078,210.375,210.1909942626953,210.33700561523438,0,0.0,0.0
2026-02-24 13:30:00+00:00,210.33200073242188,210.4499969482422,210.32400512695312,210.3939971923828,0,0.0,0.0
2026-02-24 13:45:00+00:00,210.4010009765625,210.4669952392578,210.32400512695312,210.44700622558594,0,0.0,0.0
2026-02-24 14:00:00+00:00,210.45599365234375,210.54600524902344,210.39100646972656,210.4600067138672,0,0.0,0.0
2026-02-24 14:15:00+00:00,210.4530029296875,210.58599853515625,210.45199584960938,210.52999877929688,0,0.0,0.0
2026-02-24 14:30:00+00:00,210.5330047607422,210.55799865722656,210.30599975585938,210.43800354003906,0,0.0,0.0
2026-02-24 14:45:00+00:00,210.43800354003906,210.5749969482422,210.31399536132812,210.5240020751953,0,0.0,0.0
2026-02-24 15:00:00+00:00,210.52099609375,210.56700134277344,210.43299865722656,210.54800415039062,0,0.0,0.0
2026-02-24 15:15:00+00:00,210.55799865722656,210.8179931640625,210.50900268554688,210.72900390625,0,0.0,0.0
2026-02-24 15:30:00+00:00,210.72900390625,210.83999633789062,210.6510009765625,210.781005859375,0,0.0,0.0
2026-02-24 15:45:00+00:00,210.77699279785156,210.83099365234375,210.6580047607422,210.70199584960938,0,0.0,0.0
2026-02-24 16:00:00+00:00,210.7010040283203,210.7270050048828,210.59500122070312,210.65199279785156,0,0.0,0.0
2026-02-24 16:15:00+00:00,210.65199279785156,210.76300048828125,210.61000061035156,210.7310028076172,0,0.0,0.0
2026-02-24 16:30:00+00:00,210.7310028076172,210.76699829101562,210.60699462890625,210.61900329589844,0,0.0,0.0
2026-02-24 16:45:00+00:00,210.6269989013672,210.66099548339844,210.5189971923828,210.60499572753906,0,0.0,0.0
2026-02-24 17:00:00+00:00,210.5970001220703,210.6219940185547,210.5050048828125,210.58099365234375,0,0.0,0.0
2026-02-24 17:15:00+00:00,210.5850067138672,210.6269989013672,210.4810028076172,210.4980010986328,0,0.0,0.0
2026-02-24 17:30:00+00:00,210.49400329589844,210.5469970703125,210.45599365234375,210.46099853515625,0,0.0,0.0
2026-02-24 17:45:00+00:00,210.46600341796875,210.5570068359375,210.40899658203125,210.552001953125,0,0.0,0.0
2026-02-24 18:00:00+00:00,210.55099487304688,210.55499267578125,210.4199981689453,210.44000244140625,0,0.0,0.0
2026-02-24 18:15:00+00:00,210.43899536132812,210.52499389648438,210.4340057373047,210.49099731445312,0,0.0,0.0
2026-02-24 18:30:00+00:00,210.49200439453125,210.50399780273438,210.42799377441406,210.4530029296875,0,0.0,0.0
2026-02-24 18:45:00+00:00,210.4499969482422,210.468994140625,210.39599609375,210.4080047607422,0,0.0,0.0
2026-02-24 19:00:00+00:00,210.4040069580078,210.4510040283203,210.3820037841797,210.40899658203125,0,0.0,0.0
2026-02-24 19:15:00+00:00,210.41200256347656,210.43800354003906,210.36500549316406,210.39199829101562,0,0.0,0.0
2026-02-24 19:30:00+00:00,210.39300537109375,210.42100524902344,210.35400390625,210.36300659179688,0,0.0,0.0
2026-02-24 19:45:00+00:00,210.36199951171875,210.3990020751953,210.3179931640625,210.32400512695312,0,0.0,0.0
2026-02-24 20:00:00+00:00,210.3249969482422,210.33399963378906,210.27499389648438,210.29800415039062,0,0.0,0.0
2026-02-24 20:15:00+00:00,210.3000030517578,210.37399291992188,210.29600524902344,210.3260040283203,0,0.0,0.0
2026-02-24 20:30:00+00:00,210.3179931640625,210.4040069580078,210.3179931640625,210.3939971923828,0,0.0,0.0
2026-02-24 20:45:00+00:00,210.38600158691406,210.4149932861328,210.2969970703125,210.38999938964844,0,0.0,0.0
2026-02-24 21:00:00+00:00,210.39199829101562,210.41099548339844,210.29800415039062,210.36900329589844,0,0.0,0.0
2026-02-24 21:15:00+00:00,210.36300659179688,210.39700317382812,210.3459930419922,210.38699340820312,0,0.0,0.0
2026-02-24 21:30:00+00:00,210.37899780273438,210.43899536132812,210.3719940185547,210.37899780273438,0,0.0,0.0
2026-02-24 21:45:00+00:00,210.37899780273438,210.4040069580078,210.1540069580078,210.1540069580078,0,0.0,0.0
2026-02-24 22:00:00+00:00,210.20199584960938,210.35800170898438,210.1479949951172,210.2480010986328,0,0.0,0.0
2026-02-24 22:15:00+00:00,210.24899291992188,210.4080047607422,210.23199462890625,210.27699279785156,0,0.0,0.0
2026-02-24 22:30:00+00:00,210.3300018310547,210.3520050048828,210.2270050048828,210.23599243164062,0,0.0,0.0
2026-02-24 22:45:00+00:00,210.23399353027344,210.3179931640625,210.1510009765625,210.2030029296875,0,0.0,0.0
2026-02-24 23:00:00+00:00,210.2220001220703,210.38800048828125,210.13299560546875,210.38299560546875,0,0.0,0.0
2026-02-24 23:15:00+00:00,210.35499572753906,210.40199279785156,210.3459930419922,210.37899780273438,0,0.0,0.0
2026-02-24 23:30:00+00:00,210.36399841308594,210.4219970703125,210.31199645996094,210.36099243164062,0,0.0,0.0
2026-02-24 23:45:00+00:00,210.35299682617188,210.38900756835938,210.29600524902344,210.38699340820312,0,0.0,0.0
2026-02-25 00:00:00+00:00,210.4010009765625,210.47500610351562,210.38099670410156,210.4550018310547,0,0.0,0.0
2026-02-25 00:15:00+00:00,210.4510040283203,210.4669952392578,210.302001953125,210.41200256347656,0,0.0,0.0
2026-02-25 00:30:00+00:00,210.4219970703125,210.5050048828125,210.3719940185547,210.447998046875,0,0.0,0.0
2026-02-25 00:45:00+00:00,210.44700622558594,210.47000122070312,210.1909942626953,210.2100067138672,0,0.0,0.0
2026-02-25 01:00:00+00:00,210.1959991455078,210.2969970703125,210.16200256347656,210.1999969482422,0,0.0,0.0
2026-02-25 01:15:00+00:00,210.2100067138672,210.35000610351562,210.2050018310547,210.3419952392578,0,0.0,0.0
2026-02-25 01:30:00+00:00,210.33999633789062,210.34800720214844,210.17599487304688,210.24200439453125,0,0.0,0.0
2026-02-25 01:45:00+00:00,210.23800659179688,210.4040069580078,210.20899963378906,210.3350067138672,0,0.0,0.0
2026-02-25 02:00:00+00:00,210.3260040283203,210.40699768066406,210.26199340820312,210.2949981689453,0,0.0,0.0
2026-02-25 02:15:00+00:00,210.29200744628906,210.34500122070312,210.2100067138672,210.26400756835938,0,0.0,0.0
2026-02-25 02:30:00+00:00,210.26300048828125,210.37899780273438,210.06399536132812,210.27099609375,0,0.0,0.0
2026-02-25 02:45:00+00:00,210.2760009765625,210.33700561523438,210.15499877929688,210.16799926757812,0,0.0,0.0
2026-02-25 03:00:00+00:00,210.15899658203125,210.6649932861328,209.9929962158203,210.58799743652344,0,0.0,0.0
2026-02-25 03:15:00+00:00,210.5850067138672,210.79600524902344,210.51400756835938,210.64199829101562,0,0.0,0.0
2026-02-25 03:30:00+00:00,210.6490020751953,210.67599487304688,210.51499938964844,210.61599731445312,0,0.0,0.0
2026-02-25 03:45:00+00:00,210.61500549316406,210.72000122070312,210.53500366210938,210.55299377441406,0,0.0,0.0
2026-02-25 04:00:00+00:00,210.552001953125,210.83799743652344,210.54400634765625,210.81300354003906,0,0.0,0.0
2026-02-25 04:15:00+00:00,210.81199645996094,210.81700134277344,210.65499877929688,210.72999572753906,0,0.0,0.0
2026-02-25 04:30:00+00:00,210.7429962158203,210.7570037841797,210.63600158691406,210.6750030517578,0,0.0,0.0
2026-02-25 04:45:00+00:00,210.6840057373047,210.68800354003906,210.47300720214844,210.49200439453125,0,0.0,0.0
2026-02-25 05:00:00+00:00,210.49200439453125,210.60899353027344,210.49200439453125,210.54200744628906,0,0.0,0.0
2026-02-25 05:15:00+00:00,210.53700256347656,210.57400512695312,210.49000549316406,210.54400634765625,0,0.0,0.0
2026-02-25 05:30:00+00:00,210.54400634765625,210.60899353027344,210.50599670410156,210.5500030517578,0,0.0,0.0
2026-02-25 05:45:00+00:00,210.5469970703125,210.5989990234375,210.35899353027344,210.38400268554688,0,0.0,0.0
2026-02-25 06:00:00+00:00,210.38800048828125,210.47000122070312,210.3070068359375,210.38400268554688,0,0.0,0.0
2026-02-25 06:15:00+00:00,210.38600158691406,210.51300048828125,210.32200622558594,210.47300720214844,0,0.0,0.0
2026-02-25 06:30:00+00:00,210.47000122070312,210.63499450683594,210.40699768066406,210.61399841308594,0,0.0,0.0
2026-02-25 06:45:00+00:00,210.61500549316406,210.6790008544922,210.5850067138672,210.59500122070312,0,0.0,0.0
2026-02-25 07:00:00+00:00,210.6199951171875,210.78399658203125,210.57699584960938,210.5919952392578,0,0.0,0.0
2026-02-25 07:15:00+00:00,210.5919952392578,210.67599487304688,210.57200622558594,210.64100646972656,0,0.0,0.0
2026-02-25 07:30:00+00:00,210.63400268554688,210.6840057373047,210.52499389648438,210.6320037841797,0,0.0,0.0
2026-02-25 07:45:00+00:00,210.63999938964844,210.92999267578125,210.59800720214844,210.90699768066406,0,0.0,0.0
2026-02-25 08:00:00+00:00,210.89500427246094,211.052001953125,210.84800720214844,210.9510040283203,0,0.0,0.0
2026-02-25 08:15:00+00:00,210.9459991455078,211.0489959716797,210.91400146484375,210.9739990234375,0,0.0,0.0
2026-02-25 08:30:00+00:00,210.96600341796875,211.21099853515625,210.96299743652344,211.11900329589844,0,0.0,0.0
2026-02-25 08:45:00+00:00,211.1219940185547,211.26600646972656,211.09100341796875,211.25799560546875,0,0.0,0.0
2026-02-25 09:00:00+00:00,211.25799560546875,211.48300170898438,211.24400329589844,211.36399841308594,0,0.0,0.0
2026-02-25 09:15:00+00:00,211.35699462890625,211.70399475097656,211.31700134277344,211.6199951171875,0,0.0,0.0
2026-02-25 09:30:00+00:00,211.6199951171875,211.66400146484375,211.28399658203125,211.4239959716797,0,0.0,0.0
2026-02-25 09:45:00+00:00,211.4239959716797,211.66400146484375,211.34100341796875,211.6280059814453,0,0.0,0.0
2026-02-25 10:00:00+00:00,211.62399291992188,211.75599670410156,211.5970001220703,211.7209930419922,0,0.0,0.0
2026-02-25 10:15:00+00:00,211.72300720214844,211.74099731445312,211.59500122070312,211.63499450683594,0,0.0,0.0
2026-02-25 10:30:00+00:00,211.63499450683594,211.7550048828125,211.6230010986328,211.73300170898438,0,0.0,0.0
2026-02-25 10:45:00+00:00,211.72500610351562,211.8520050048828,211.72300720214844,211.8070068359375,0,0.0,0.0
2026-02-25 11:00:00+00:00,211.8070068359375,211.8260040283203,211.66700744628906,211.6750030517578,0,0.0,0.0
2026-02-25 11:15:00+00:00,211.6750030517578,211.7010040283203,211.51100158691406,211.53700256347656,0,0.0,0.0
2026-02-25 11:30:00+00:00,211.53700256347656,211.6280059814453,211.49899291992188,211.61700439453125,0,0.0,0.0
2026-02-25 11:45:00+00:00,211.61700439453125,211.76199340820312,211.5989990234375,211.74600219726562,0,0.0,0.0
2026-02-25 12:00:00+00:00,211.74600219726562,211.76600646972656,211.5800018310547,211.75399780273438,0,0.0,0.0
2026-02-25 12:15:00+00:00,211.76300048828125,211.76600646972656,211.60800170898438,211.66099548339844,0,0.0,0.0
2026-02-25 12:30:00+00:00,211.66099548339844,211.84500122070312,211.64599609375,211.8350067138672,0,0.0,0.0
2026-02-25 12:45:00+00:00,211.83599853515625,211.92300415039062,211.80599975585938,211.86900329589844,0,0.0,0.0
2026-02-25 13:00:00+00:00,211.86900329589844,211.98899841308594,211.86500549316406,211.94200134277344,0,0.0,0.0
2026-02-25 13:15:00+00:00,211.9429931640625,212.0260009765625,211.89100646972656,211.90199279785156,0,0.0,0.0
2026-02-25 13:30:00+00:00,211.90199279785156,211.91900634765625,211.7050018310547,211.72999572753906,0,0.0,0.0
2026-02-25 13:45:00+00:00,211.73199462890625,211.75900268554688,211.6300048828125,211.65899658203125,0,0.0,0.0
2026-02-25 14:00:00+00:00,211.66000366210938,211.81300354003906,211.5850067138672,211.7989959716797,0,0.0,0.0
2026-02-25 14:15:00+00:00,211.80499267578125,211.81100463867188,211.68499755859375,211.70399475097656,0,0.0,0.0
2026-02-25 14:30:00+00:00,211.70700073242188,211.71499633789062,211.4720001220703,211.47300720214844,0,0.0,0.0
2026-02-25 14:45:00+00:00,211.47300720214844,211.7689971923828,211.46499633789062,211.75399780273438,0,0.0,0.0
2026-02-25 15:00:00+00:00,211.7480010986328,211.75900268554688,211.5970001220703,211.66799926757812,0,0.0,0.0
2026-02-25 15:15:00+00:00,211.67100524902344,211.7209930419922,211.60899353027344,211.71200561523438,0,0.0,0.0
2026-02-25 15:30:00+00:00,211.7100067138672,211.718994140625,211.49899291992188,211.5260009765625,0,0.0,0.0
2026-02-25 15:45:00+00:00,211.52499389648438,211.70399475097656,211.4669952392578,211.625,0,0.0,0.0
2026-02-25 16:00:00+00:00,211.61900329589844,211.84500122070312,211.60499572753906,211.80599975585938,0,0.0,0.0
2026-02-25 16:15:00+00:00,211.81100463867188,211.81500244140625,211.656005859375,211.74000549316406,0,0.0,0.0
2026-02-25 16:30:00+00:00,211.74200439453125,211.86099243164062,211.73500061035156,211.78599548339844,0,0.0,0.0
2026-02-25 16:45:00+00:00,211.78599548339844,211.86700439453125,211.74400329589844,211.7969970703125,0,0.0,0.0
2026-02-25 17:00:00+00:00,211.78799438476562,211.9149932861328,211.7830047607422,211.906005859375,0,0.0,0.0
2026-02-25 17:15:00+00:00,211.90199279785156,211.99200439453125,211.8939971923828,211.9459991455078,0,0.0,0.0
2026-02-25 17:30:00+00:00,211.9409942626953,211.98199462890625,211.8979949951172,211.9709930419922,0,0.0,0.0
2026-02-25 17:45:00+00:00,211.97500610351562,212.0229949951172,211.8979949951172,211.90499877929688,0,0.0,0.0
2026-02-25 18:00:00+00:00,211.9040069580078,212.04299926757812,211.8979949951172,211.96200561523438,0,0.0,0.0
2026-02-25 18:15:00+00:00,211.95599365234375,211.96200561523438,211.85899353027344,211.91099548339844,0,0.0,0.0
2026-02-25 18:30:00+00:00,211.89999389648438,211.9340057373047,211.83700561523438,211.84100341796875,0,0.0,0.0
2026-02-25 18:45:00+00:00,211.83999633789062,211.9669952392578,211.83900451660156,211.9510040283203,0,0.0,0.0
2026-02-25 19:00:00+00:00,211.947998046875,211.98699951171875,211.9010009765625,211.96099853515625,0,0.0,0.0
2026-02-25 19:15:00+00:00,211.968994140625,212.02099609375,211.9429931640625,212.01499938964844,0,0.0,0.0
2026-02-25 19:30:00+00:00,212.02200317382812,212.11700439453125,212.01199340820312,212.02099609375,0,0.0,0.0
2026-02-25 19:45:00+00:00,212.02000427246094,212.03399658203125,211.97300720214844,211.98199462890625,0,0.0,0.0
2026-02-25 20:00:00+00:00,211.9810028076172,211.9949951171875,211.9040069580078,211.9199981689453,0,0.0,0.0
2026-02-25 20:15:00+00:00,211.91799926757812,211.99200439453125,211.8979949951172,211.9759979248047,0,0.0,0.0
2026-02-25 20:30:00+00:00,211.9759979248047,211.9949951171875,211.9250030517578,211.95899963378906,0,0.0,0.0
2026-02-25 20:45:00+00:00,211.95899963378906,212.0500030517578,211.92300415039062,212.031005859375,0,0.0,0.0
2026-02-25 21:00:00+00:00,212.03399658203125,212.08700561523438,212.02000427246094,212.05499267578125,0,0.0,0.0
2026-02-25 21:15:00+00:00,212.05299377441406,212.06700134277344,211.9949951171875,212.00999450683594,0,0.0,0.0
2026-02-25 21:30:00+00:00,212.00399780273438,212.0679931640625,211.99099731445312,212.03900146484375,0,0.0,0.0
2026-02-25 21:45:00+00:00,212.03900146484375,212.07000732421875,211.93600463867188,211.93600463867188,0,0.0,0.0
2026-02-25 22:00:00+00:00,211.947998046875,212.0679931640625,211.77699279785156,211.85800170898438,0,0.0,0.0
2026-02-25 22:15:00+00:00,211.85899353027344,211.9600067138672,211.66600036621094,211.6820068359375,0,0.0,0.0
2026-02-25 22:30:00+00:00,211.76300048828125,212.03599548339844,211.6699981689453,211.8489990234375,0,0.0,0.0
2026-02-25 22:45:00+00:00,211.8459930419922,211.97500610351562,211.78799438476562,211.86000061035156,0,0.0,0.0
2026-02-25 23:00:00+00:00,211.83999633789062,211.9409942626953,211.76699829101562,211.90499877929688,0,0.0,0.0
2026-02-25 23:15:00+00:00,211.8769989013672,211.91299438476562,211.73599243164062,211.8209991455078,0,0.0,0.0
2026-02-25 23:30:00+00:00,211.8070068359375,211.85899353027344,211.697998046875,211.7259979248047,0,0.0,0.0
2026-02-25 23:45:00+00:00,211.71200561523438,211.79800415039062,211.64500427246094,211.7429962158203,0,0.0,0.0
2026-02-26 00:00:00+00:00,211.71200561523438,211.781005859375,211.58700561523438,211.6529998779297,0,0.0,0.0
2026-02-26 00:15:00+00:00,211.64199829101562,211.65499877929688,211.5290069580078,211.56900024414062,0,0.0,0.0
2026-02-26 00:30:00+00:00,211.56900024414062,211.6320037841797,211.5330047607422,211.61900329589844,0,0.0,0.0
2026-02-26 00:45:00+00:00,211.6199951171875,211.6739959716797,211.5240020751953,211.5760040283203,0,0.0,0.0
2026-02-26 01:00:00+00:00,211.57400512695312,211.70599365234375,211.46499633789062,211.69000244140625,0,0.0,0.0
2026-02-26 01:15:00+00:00,211.6820068359375,211.70399475097656,211.51800537109375,211.5229949951172,0,0.0,0.0
2026-02-26 01:30:00+00:00,211.52099609375,211.64100646972656,211.44700622558594,211.55499267578125,0,0.0,0.0
2026-02-26 01:45:00+00:00,211.5540008544922,211.60800170898438,211.48199462890625,211.50599670410156,0,0.0,0.0
2026-02-26 02:00:00+00:00,211.5070037841797,211.51800537109375,211.37399291992188,211.38900756835938,0,0.0,0.0
2026-02-26 02:15:00+00:00,211.38800048828125,211.52200317382812,211.38099670410156,211.5050048828125,0,0.0,0.0
2026-02-26 02:30:00+00:00,211.5019989013672,211.5500030517578,211.42799377441406,211.5240020751953,0,0.0,0.0
2026-02-26 02:45:00+00:00,211.52699279785156,211.552001953125,211.46800231933594,211.50100708007812,0,0.0,0.0
2026-02-26 03:00:00+00:00,211.5050048828125,211.51600646972656,211.44900512695312,211.45599365234375,0,0.0,0.0
2026-02-26 03:15:00+00:00,211.47000122070312,211.47000122070312,211.32400512695312,211.40199279785156,0,0.0,0.0
2026-02-26 03:30:00+00:00,211.3979949951172,211.4080047607422,211.33099365234375,211.4010009765625,0,0.0,0.0
2026-02-26 03:45:00+00:00,211.39700317382812,211.47799682617188,211.36700439453125,211.38600158691406,0,0.0,0.0
2026-02-26 04:00:00+00:00,211.38499450683594,211.4530029296875,211.32699584960938,211.4149932861328,0,0.0,0.0
2026-02-26 04:15:00+00:00,211.41799926757812,211.4600067138672,211.39300537109375,211.4499969482422,0,0.0,0.0
2026-02-26 04:30:00+00:00,211.45899963378906,211.56399536132812,211.44900512695312,211.5030059814453,0,0.0,0.0
2026-02-26 04:45:00+00:00,211.5,211.531005859375,211.3509979248047,211.3699951171875,0,0.0,0.0
2026-02-26 05:00:00+00:00,211.35899353027344,211.3769989013672,211.26699829101562,211.36399841308594,0,0.0,0.0
2026-02-26 05:15:00+00:00,211.35699462890625,211.4149932861328,211.3040008544922,211.3800048828125,0,0.0,0.0
2026-02-26 05:30:00+00:00,211.3780059814453,211.43800354003906,211.31199645996094,211.33200073242188,0,0.0,0.0
2026-02-26 05:45:00+00:00,211.3300018310547,211.46499633789062,211.15899658203125,211.45899963378906,0,0.0,0.0
2026-02-26 06:00:00+00:00,211.45700073242188,211.55799865722656,211.40699768066406,211.4770050048828,0,0.0,0.0
2026-02-26 06:15:00+00:00,211.47799682617188,211.5540008544922,211.43600463867188,211.4949951171875,0,0.0,0.0
2026-02-26 06:30:00+00:00,211.49899291992188,211.54400634765625,211.39999389648438,211.46800231933594,0,0.0,0.0
2026-02-26 06:45:00+00:00,211.4759979248047,211.51600646972656,211.427001953125,211.43899536132812,0,0.0,0.0
2026-02-26 07:00:00+00:00,211.4340057373047,211.58299255371094,211.4290008544922,211.55499267578125,0,0.0,0.0
2026-02-26 07:15:00+00:00,211.552001953125,211.625,211.48399353027344,211.56199645996094,0,0.0,0.0
2026-02-26 07:30:00+00:00,211.55799865722656,211.5749969482422,211.5,211.52000427246094,0,0.0,0.0
2026-02-26 07:45:00+00:00,211.51600646972656,211.5260009765625,211.3179931640625,211.38299560546875,0,0.0,0.0
2026-02-26 08:00:00+00:00,211.38299560546875,211.39199829101562,211.16200256347656,211.16700744628906,0,0.0,0.0
2026-02-26 08:15:00+00:00,211.1739959716797,211.17799377441406,210.99600219726562,211.1439971923828,0,0.0,0.0
2026-02-26 08:30:00+00:00,211.14100646972656,211.16700744628906,210.92300415039062,210.96499633789062,0,0.0,0.0
2026-02-26 08:45:00+00:00,210.96099853515625,210.9969940185547,210.8699951171875,210.9600067138672,0,0.0,0.0
2026-02-26 09:00:00+00:00,210.96600341796875,210.98300170898438,210.8260040283203,210.91099548339844,0,0.0,0.0
2026-02-26 09:15:00+00:00,210.90699768066406,211.0399932861328,210.90699768066406,211.03500366210938,0,0.0,0.0
2026-02-26 09:30:00+00:00,211.03199768066406,211.14599609375,211.01400756835938,211.04600524902344,0,0.0,0.0
2026-02-26 09:45:00+00:00,211.03700256347656,211.16799926757812,211.03700256347656,211.11599731445312,0,0.0,0.0
2026-02-26 10:00:00+00:00,211.11599731445312,211.13499450683594,211.03599548339844,211.11300659179688,0,0.0,0.0
2026-02-26 10:15:00+00:00,211.1060028076172,211.18800354003906,211.06300354003906,211.1510009765625,0,0.0,0.0
2026-02-26 10:30:00+00:00,211.1510009765625,211.18800354003906,211.08999633789062,211.10499572753906,0,0.0,0.0
2026-02-26 10:45:00+00:00,211.1060028076172,211.14500427246094,211.06300354003906,211.09100341796875,0,0.0,0.0
2026-02-26 11:00:00+00:00,211.08700561523438,211.2259979248047,211.072998046875,211.14999389648438,0,0.0,0.0
2026-02-26 11:15:00+00:00,211.14999389648438,211.25900268554688,211.14599609375,211.2480010986328,0,0.0,0.0
2026-02-26 11:30:00+00:00,211.25100708007812,211.2830047607422,211.20899963378906,211.218994140625,0,0.0,0.0
2026-02-26 11:45:00+00:00,211.2169952392578,211.2689971923828,211.13999938964844,211.15499877929688,0,0.0,0.0
2026-02-26 12:00:00+00:00,211.14999389648438,211.23199462890625,211.1230010986328,211.22900390625,0,0.0,0.0
2026-02-26 12:15:00+00:00,211.2259979248047,211.281005859375,211.18499755859375,211.2010040283203,0,0.0,0.0
2026-02-26 12:30:00+00:00,211.2010040283203,211.30299377441406,211.18800354003906,211.28199768066406,0,0.0,0.0
2026-02-26 12:45:00+00:00,211.2760009765625,211.50599670410156,211.2760009765625,211.44700622558594,0,0.0,0.0
2026-02-26 13:00:00+00:00,211.44700622558594,211.56199645996094,211.37100219726562,211.50799560546875,0,0.0,0.0
2026-02-26 13:15:00+00:00,211.5070037841797,211.55099487304688,211.3489990234375,211.3699951171875,0,0.0,0.0
2026-02-26 13:30:00+00:00,211.37899780273438,211.43600463867188,211.2779998779297,211.3209991455078,0,0.0,0.0
2026-02-26 13:45:00+00:00,211.3159942626953,211.4029998779297,211.30799865722656,211.3820037841797,0,0.0,0.0
2026-02-26 14:00:00+00:00,211.38400268554688,211.51300048828125,211.3470001220703,211.49899291992188,0,0.0,0.0
2026-02-26 14:15:00+00:00,211.5,211.55099487304688,211.42799377441406,211.45199584960938,0,0.0,0.0
2026-02-26 14:30:00+00:00,211.4550018310547,211.52099609375,211.2989959716797,211.3090057373047,0,0.0,0.0
2026-02-26 14:45:00+00:00,211.3040008544922,211.31900024414062,211.11500549316406,211.20700073242188,0,0.0,0.0
2026-02-26 15:00:00+00:00,211.2050018310547,211.3679962158203,211.01600646972656,211.01600646972656,0,0.0,0.0
2026-02-26 15:15:00+00:00,211.0260009765625,211.03199768066406,210.62399291992188,210.78199768066406,0,0.0,0.0
2026-02-26 15:30:00+00:00,210.77699279785156,211.01400756835938,210.66900634765625,210.9600067138672,0,0.0,0.0
2026-02-26 15:45:00+00:00,210.9600067138672,211.02699279785156,210.7689971923828,210.8719940185547,0,0.0,0.0
2026-02-26 16:00:00+00:00,210.86599731445312,210.9770050048828,210.8489990234375,210.9709930419922,0,0.0,0.0
2026-02-26 16:15:00+00:00,210.9720001220703,211.09100341796875,210.96600341796875,211.0330047607422,0,0.0,0.0
2026-02-26 16:30:00+00:00,211.03700256347656,211.08900451660156,210.85800170898438,210.86500549316406,0,0.0,0.0
2026-02-26 16:45:00+00:00,210.8679962158203,210.8769989013672,210.77699279785156,210.81100463867188,0,0.0,0.0
2026-02-26 17:00:00+00:00,210.80999755859375,210.9040069580078,210.78399658203125,210.7899932861328,0,0.0,0.0
2026-02-26 17:15:00+00:00,210.79600524902344,210.80799865722656,210.5970001220703,210.64700317382812,0,0.0,0.0
2026-02-26 17:30:00+00:00,210.63999938964844,210.67999267578125,210.52499389648438,210.531005859375,0,0.0,0.0
2026-02-26 17:45:00+00:00,210.5290069580078,210.53199768066406,210.2949981689453,210.35499572753906,0,0.0,0.0
2026-02-26 18:00:00+00:00,210.3470001220703,210.39100646972656,210.25799560546875,210.31700134277344,0,0.0,0.0
2026-02-26 18:15:00+00:00,210.32000732421875,210.45599365234375,210.30099487304688,210.41900634765625,0,0.0,0.0
2026-02-26 18:30:00+00:00,210.41700744628906,210.53799438476562,210.3470001220703,210.42799377441406,0,0.0,0.0
2026-02-26 18:45:00+00:00,210.4239959716797,210.5749969482422,210.41400146484375,210.5659942626953,0,0.0,0.0
2026-02-26 19:00:00+00:00,210.56900024414062,210.656005859375,210.5330047607422,210.63800048828125,0,0.0,0.0
2026-02-26 19:15:00+00:00,210.64199829101562,210.65899658203125,210.5709991455078,210.6199951171875,0,0.0,0.0
2026-02-26 19:30:00+00:00,210.6219940185547,210.68800354003906,210.60499572753906,210.63299560546875,0,0.0,0.0
2026-02-26 19:45:00+00:00,210.63299560546875,210.68099975585938,210.56700134277344,210.5749969482422,0,0.0,0.0
2026-02-26 20:00:00+00:00,210.57699584960938,210.61099243164062,210.53599548339844,210.54100036621094,0,0.0,0.0
2026-02-26 20:15:00+00:00,210.54100036621094,210.58200073242188,210.52499389648438,210.54100036621094,0,0.0,0.0
2026-02-26 20:30:00+00:00,210.5399932861328,210.60000610351562,210.5330047607422,210.56100463867188,0,0.0,0.0
2026-02-26 20:45:00+00:00,210.56399536132812,210.64100646972656,210.53399658203125,210.63699340820312,0,0.0,0.0
2026-02-26 21:00:00+00:00,210.63699340820312,210.6649932861328,210.6020050048828,210.62600708007812,0,0.0,0.0
2026-02-26 21:15:00+00:00,210.63699340820312,210.63699340820312,210.52200317382812,210.5399932861328,0,0.0,0.0
2026-02-26 21:30:00+00:00,210.5399932861328,210.55299377441406,210.39999389648438,210.4320068359375,0,0.0,0.0
2026-02-26 21:45:00+00:00,210.42799377441406,210.5279998779297,210.3990020751953,210.4949951171875,0,0.0,0.0
2026-02-26 22:00:00+00:00,210.4510040283203,210.6490020751953,210.32200622558594,210.39100646972656,0,0.0,0.0
2026-02-26 22:15:00+00:00,210.35499572753906,210.5,210.33399963378906,210.3470001220703,0,0.0,0.0
2026-02-26 22:30:00+00:00,210.33999633789062,210.4669952392578,210.28199768066406,210.3719940185547,0,0.0,0.0
2026-02-26 22:45:00+00:00,210.3820037841797,210.46400451660156,210.31700134277344,210.38800048828125,0,0.0,0.0
2026-02-26 23:00:00+00:00,210.39300537109375,210.4340057373047,210.22300720214844,210.32000732421875,0,0.0,0.0
2026-02-26 23:15:00+00:00,210.32000732421875,210.4149932861328,210.31900024414062,210.38400268554688,0,0.0,0.0
2026-02-26 23:30:00+00:00,210.36199951171875,210.38800048828125,210.22300720214844,210.2480010986328,0,0.0,0.0
2026-02-26 23:45:00+00:00,210.2469940185547,210.3489990234375,210.20700073242188,210.28799438476562,0,0.0,0.0
2026-02-27 00:00:00+00:00,210.25900268554688,210.3820037841797,210.2570037841797,210.2790069580078,0,0.0,0.0
2026-02-27 00:15:00+00:00,210.2790069580078,210.2969970703125,210.14500427246094,210.19700622558594,0,0.0,0.0
2026-02-27 00:30:00+00:00,210.19000244140625,210.2010040283203,209.9669952392578,210.0330047607422,0,0.0,0.0
2026-02-27 00:45:00+00:00,210.03700256347656,210.2270050048828,209.9949951171875,210.218994140625,0,0.0,0.0
2026-02-27 01:00:00+00:00,210.21600341796875,210.24099731445312,210.0500030517578,210.14199829101562,0,0.0,0.0
2026-02-27 01:15:00+00:00,210.1320037841797,210.3000030517578,210.11500549316406,210.21600341796875,0,0.0,0.0
2026-02-27 01:30:00+00:00,210.2100067138672,210.26499938964844,210.17300415039062,210.2030029296875,0,0.0,0.0
2026-02-27 01:45:00+00:00,210.20899963378906,210.2989959716797,210.19200134277344,210.20700073242188,0,0.0,0.0
2026-02-27 02:00:00+00:00,210.20199584960938,210.27099609375,210.12899780273438,210.1479949951172,0,0.0,0.0
2026-02-27 02:15:00+00:00,210.14700317382812,210.22500610351562,210.0970001220703,210.1199951171875,0,0.0,0.0
2026-02-27 02:30:00+00:00,210.11399841308594,210.13800048828125,210.0330047607422,210.10800170898438,0,0.0,0.0
2026-02-27 02:45:00+00:00,210.11000061035156,210.14999389648438,210.04299926757812,210.05999755859375,0,0.0,0.0
2026-02-27 03:00:00+00:00,210.05099487304688,210.1719970703125,210.04800415039062,210.12899780273438,0,0.0,0.0
2026-02-27 03:15:00+00:00,210.1280059814453,210.1959991455078,210.08799743652344,210.1699981689453,0,0.0,0.0
2026-02-27 03:30:00+00:00,210.15699768066406,210.20199584960938,210.09100341796875,210.19000244140625,0,0.0,0.0
2026-02-27 03:45:00+00:00,210.1929931640625,210.23399353027344,210.13900756835938,210.15499877929688,0,0.0,0.0
2026-02-27 04:00:00+00:00,210.16000366210938,210.23699951171875,210.11199951171875,210.21800231933594,0,0.0,0.0
2026-02-27 04:15:00+00:00,210.22300720214844,210.25,210.02499389648438,210.03700256347656,0,0.0,0.0
2026-02-27 04:30:00+00:00,210.03399658203125,210.09500122070312,209.98500061035156,210.01499938964844,0,0.0,0.0
2026-02-27 04:45:00+00:00,210.00799560546875,210.0290069580078,209.93600463867188,209.9759979248047,0,0.0,0.0
2026-02-27 05:00:00+00:00,209.97000122070312,210.04600524902344,209.9320068359375,210.03700256347656,0,0.0,0.0
2026-02-27 05:15:00+00:00,210.0399932861328,210.17999267578125,209.9929962158203,210.16799926757812,0,0.0,0.0
2026-02-27 05:30:00+00:00,210.16799926757812,210.21600341796875,210.1479949951172,210.14999389648438,0,0.0,0.0
2026-02-27 05:45:00+00:00,210.15499877929688,210.21200561523438,210.1219940185547,210.2030029296875,0,0.0,0.0
2026-02-27 06:00:00+00:00,210.2030029296875,210.22500610351562,210.0749969482422,210.08900451660156,0,0.0,0.0
2026-02-27 06:15:00+00:00,210.09300231933594,210.11500549316406,209.95199584960938,210.01199340820312,0,0.0,0.0
2026-02-27 06:30:00+00:00,210.00900268554688,210.0919952392578,209.96800231933594,210.052001953125,0,0.0,0.0
2026-02-27 06:45:00+00:00,210.052001953125,210.07200622558594,209.91900634765625,209.9550018310547,0,0.0,0.0
2026-02-27 07:00:00+00:00,209.95599365234375,210.07899475097656,209.94900512695312,209.97900390625,0,0.0,0.0
2026-02-27 07:15:00+00:00,209.9720001220703,210.3800048828125,209.9720001220703,210.37600708007812,0,0.0,0.0
2026-02-27 07:30:00+00:00,210.3679962158203,210.3990020751953,210.22300720214844,210.39199829101562,0,0.0,0.0
2026-02-27 07:45:00+00:00,210.39100646972656,210.57699584960938,210.3820037841797,210.51400756835938,0,0.0,0.0
2026-02-27 08:00:00+00:00,210.51400756835938,210.70599365234375,210.51100158691406,210.53900146484375,0,0.0,0.0
2026-02-27 08:15:00+00:00,210.5469970703125,210.6320037841797,210.47300720214844,210.53399658203125,0,0.0,0.0
2026-02-27 08:30:00+00:00,210.53199768066406,210.62899780273438,210.45599365234375,210.61500549316406,0,0.0,0.0
2026-02-27 08:45:00+00:00,210.6060028076172,210.80299377441406,210.59800720214844,210.71400451660156,0,0.0,0.0
2026-02-27 09:00:00+00:00,210.71600341796875,210.80499267578125,210.66099548339844,210.76199340820312,0,0.0,0.0
2026-02-27 09:15:00+00:00,210.7689971923828,210.82699584960938,210.67100524902344,210.6820068359375,0,0.0,0.0
2026-02-27 09:30:00+00:00,210.6790008544922,210.73399353027344,210.531005859375,210.53900146484375,0,0.0,0.0
2026-02-27 09:45:00+00:00,210.53900146484375,210.58299255371094,210.44000244140625,210.447998046875,0,0.0,0.0
2026-02-27 10:00:00+00:00,210.4530029296875,210.48399353027344,210.2550048828125,210.27499389648438,0,0.0,0.0
2026-02-27 10:15:00+00:00,210.2740020751953,210.3159942626953,210.2310028076172,210.25100708007812,0,0.0,0.0
2026-02-27 10:30:00+00:00,210.2530059814453,210.302001953125,210.14500427246094,210.18800354003906,0,0.0,0.0
2026-02-27 10:45:00+00:00,210.18600463867188,210.21800231933594,210.16099548339844,210.17999267578125,0,0.0,0.0
2026-02-27 11:00:00+00:00,210.177001953125,210.1959991455078,210.0760040283203,210.10499572753906,0,0.0,0.0
2026-02-27 11:15:00+00:00,210.11099243164062,210.1320037841797,210.031005859375,210.11399841308594,0,0.0,0.0
2026-02-27 11:30:00+00:00,210.10800170898438,210.17100524902344,210.07899475097656,210.156005859375,0,0.0,0.0
2026-02-27 11:45:00+00:00,210.1540069580078,210.1699981689453,209.93800354003906,209.9429931640625,0,0.0,0.0
2026-02-27 12:00:00+00:00,209.94500732421875,210.10699462890625,209.9320068359375,209.98899841308594,0,0.0,0.0
2026-02-27 12:15:00+00:00,209.98899841308594,210.06500244140625,209.97799682617188,210.02699279785156,0,0.0,0.0
2026-02-27 12:30:00+00:00,210.0290069580078,210.1510009765625,210.02200317382812,210.05299377441406,0,0.0,0.0
2026-02-27 12:45:00+00:00,210.05299377441406,210.08099365234375,209.9250030517578,209.99600219726562,0,0.0,0.0
2026-02-27 13:00:00+00:00,209.97999572753906,210.1929931640625,209.95799255371094,210.1790008544922,0,0.0,0.0
2026-02-27 13:15:00+00:00,210.18499755859375,210.2209930419922,209.89199829101562,209.91299438476562,0,0.0,0.0
2026-02-27 13:30:00+00:00,209.92599487304688,210.02000427246094,209.7949981689453,209.99600219726562,0,0.0,0.0
2026-02-27 13:45:00+00:00,209.99099731445312,210.06199645996094,209.8699951171875,209.96099853515625,0,0.0,0.0
2026-02-27 14:00:00+00:00,209.95899963378906,210.0749969482422,209.94700622558594,209.99099731445312,0,0.0,0.0
2026-02-27 14:15:00+00:00,209.98800659179688,210.11500549316406,209.96499633789062,210.08200073242188,0,0.0,0.0
2026-02-27 14:30:00+00:00,210.08700561523438,210.1820068359375,210.01699829101562,210.09800720214844,0,0.0,0.0
2026-02-27 14:45:00+00:00,210.0959930419922,210.19400024414062,210.03599548339844,210.06199645996094,0,0.0,0.0
2026-02-27 15:00:00+00:00,210.0500030517578,210.11500549316406,209.97000122070312,210.01600646972656,0,0.0,0.0
2026-02-27 15:15:00+00:00,210.01800537109375,210.14199829101562,209.98800659179688,210.07200622558594,0,0.0,0.0
2026-02-27 15:30:00+00:00,210.07200622558594,210.16099548339844,210.02000427246094,210.0659942626953,0,0.0,0.0
2026-02-27 15:45:00+00:00,210.05999755859375,210.1219940185547,209.80599975585938,209.80799865722656,0,0.0,0.0
2026-02-27 16:00:00+00:00,209.81399536132812,209.9770050048828,209.79200744628906,209.9499969482422,0,0.0,0.0
2026-02-27 16:15:00+00:00,209.95199584960938,210.10499572753906,209.94200134277344,210.03799438476562,0,0.0,0.0
2026-02-27 16:30:00+00:00,210.03900146484375,210.0989990234375,209.96200561523438,209.97500610351562,0,0.0,0.0
2026-02-27 16:45:00+00:00,209.9709930419922,210.0229949951172,209.93699645996094,209.96099853515625,0,0.0,0.0
2026-02-27 17:00:00+00:00,209.96099853515625,210.02099609375,209.9239959716797,210.00799560546875,0,0.0,0.0
2026-02-27 17:15:00+00:00,210.00799560546875,210.05299377441406,209.96600341796875,210.0050048828125,0,0.0,0.0
2026-02-27 17:30:00+00:00,210.00999450683594,210.0590057373047,209.91900634765625,210.01199340820312,0,0.0,0.0
2026-02-27 17:45:00+00:00,210.00599670410156,210.06900024414062,209.947998046875,210.0399932861328,0,0.0,0.0
2026-02-27 18:00:00+00:00,210.04100036621094,210.1540069580078,210.0240020751953,210.12600708007812,0,0.0,0.0
2026-02-27 18:15:00+00:00,210.1300048828125,210.1750030517578,210.07899475097656,210.16600036621094,0,0.0,0.0
2026-02-27 18:30:00+00:00,210.16900634765625,210.20399475097656,210.11000061035156,210.177001953125,0,0.0,0.0
2026-02-27 18:45:00+00:00,210.1739959716797,210.20399475097656,210.13699340820312,210.18299865722656,0,0.0,0.0
2026-02-27 19:00:00+00:00,210.18299865722656,210.1959991455078,210.13099670410156,210.13699340820312,0,0.0,0.0
2026-02-27 19:15:00+00:00,210.13099670410156,210.16600036621094,210.0989990234375,210.16299438476562,0,0.0,0.0
2026-02-27 19:30:00+00:00,210.1580047607422,210.25399780273438,210.14199829101562,210.22500610351562,0,0.0,0.0
2026-02-27 19:45:00+00:00,210.2259979248047,210.3249969482422,210.19900512695312,210.3249969482422,0,0.0,0.0
2026-02-27 20:00:00+00:00,210.3179931640625,210.37100219726562,210.2989959716797,210.35800170898438,0,0.0,0.0
2026-02-27 20:15:00+00:00,210.3560028076172,210.48500061035156,210.35299682617188,210.44500732421875,0,0.0,0.0
2026-02-27 20:30:00+00:00,210.43899536132812,210.46499633789062,210.36599731445312,210.4199981689453,0,0.0,0.0
2026-02-27 20:45:00+00:00,210.4149932861328,210.48699951171875,210.40199279785156,210.4759979248047,0,0.0,0.0
2026-02-27 21:00:00+00:00,210.47799682617188,210.48199462890625,210.4029998779297,210.4040069580078,0,0.0,0.0
2026-02-27 21:15:00+00:00,210.40499877929688,210.45199584960938,210.28199768066406,210.28199768066406,0,0.0,0.0
2026-02-27 21:30:00+00:00,210.29200744628906,210.4149932861328,210.2519989013672,210.40199279785156,0,0.0,0.0
2026-02-27 21:45:00+00:00,210.40199279785156,210.5030059814453,210.281005859375,210.30499267578125,0,0.0,0.0
2026-02-27 22:00:00+00:00,210.39300537109375,210.39300537109375,210.39300537109375,210.39300537109375,0,0.0,0.0
2026-02-27 22:15:00+00:00,210.39300537109375,210.39300537109375,210.39300537109375,210.39300537109375,0,0.0,0.0
2026-03-02 00:00:00+00:00,209.95899963378906,210.16099548339844,209.9010009765625,210.01400756835938,0,0.0,0.0
2026-03-02 00:15:00+00:00,210.02699279785156,210.0540008544922,209.77999877929688,209.7949981689453,0,0.0,0.0
2026-03-02 00:30:00+00:00,209.80499267578125,210.05999755859375,209.7740020751953,209.91799926757812,0,0.0,0.0
2026-03-02 00:45:00+00:00,209.91700744628906,210.13600158691406,209.84300231933594,210.0760040283203,0,0.0,0.0
2026-03-02 01:00:00+00:00,210.0659942626953,210.46299743652344,210.06399536132812,210.34300231933594,0,0.0,0.0
2026-03-02 01:15:00+00:00,210.33999633789062,210.35400390625,210.10899353027344,210.20399475097656,0,0.0,0.0
2026-03-02 01:30:00+00:00,210.19700622558594,210.27200317382812,210.11399841308594,210.1959991455078,0,0.0,0.0
2026-03-02 01:45:00+00:00,210.1959991455078,210.24400329589844,210.1020050048828,210.1230010986328,0,0.0,0.0
2026-03-02 02:00:00+00:00,210.11099243164062,210.18899536132812,210.0469970703125,210.12600708007812,0,0.0,0.0
2026-03-02 02:15:00+00:00,210.1269989013672,210.25799560546875,210.0659942626953,210.07000732421875,0,0.0,0.0
2026-03-02 02:30:00+00:00,210.0780029296875,210.18299865722656,210.03599548339844,210.1719970703125,0,0.0,0.0
2026-03-02 02:45:00+00:00,210.1739959716797,210.1959991455078,210.04200744628906,210.11300659179688,0,0.0,0.0
2026-03-02 03:00:00+00:00,210.1179962158203,210.20899963378906,210.08599853515625,210.16099548339844,0,0.0,0.0
2026-03-02 03:15:00+00:00,210.16900634765625,210.20599365234375,210.0709991455078,210.1529998779297,0,0.0,0.0
2026-03-02 03:30:00+00:00,210.15699768066406,210.22300720214844,210.08900451660156,210.2050018310547,0,0.0,0.0
2026-03-02 03:45:00+00:00,210.2010040283203,210.26600646972656,210.156005859375,210.2050018310547,0,0.0,0.0
2026-03-02 04:00:00+00:00,210.20399475097656,210.29100036621094,210.19700622558594,210.23199462890625,0,0.0,0.0
2026-03-02 04:15:00+00:00,210.22999572753906,210.31100463867188,210.14300537109375,210.3040008544922,0,0.0,0.0
2026-03-02 04:30:00+00:00,210.30599975585938,210.3780059814453,210.2729949951172,210.3459930419922,0,0.0,0.0
2026-03-02 04:45:00+00:00,210.3459930419922,210.4010009765625,210.30999755859375,210.343994140625,0,0.0,0.0
2026-03-02 05:00:00+00:00,210.3350067138672,210.39700317382812,210.302001953125,210.36000061035156,0,0.0,0.0
2026-03-02 05:15:00+00:00,210.35699462890625,210.49600219726562,210.32000732421875,210.4010009765625,0,0.0,0.0
2026-03-02 05:30:00+00:00,210.4029998779297,210.5330047607422,210.3939971923828,210.4340057373047,0,0.0,0.0
2026-03-02 05:45:00+00:00,210.4320068359375,210.48500061035156,210.32000732421875,210.38800048828125,0,0.0,0.0
2026-03-02 06:00:00+00:00,210.38699340820312,210.4149932861328,210.26600646972656,210.2729949951172,0,0.0,0.0
2026-03-02 06:15:00+00:00,210.27200317382812,210.31100463867188,210.0749969482422,210.13499450683594,0,0.0,0.0
2026-03-02 06:30:00+00:00,210.125,210.19700622558594,209.9810028076172,210.01199340820312,0,0.0,0.0
2026-03-02 06:45:00+00:00,210.00799560546875,210.04600524902344,209.8300018310547,209.927001953125,0,0.0,0.0
2026-03-02 07:00:00+00:00,209.94200134277344,210.0590057373047,209.7010040283203,209.718994140625,0,0.0,0.0
2026-03-02 07:15:00+00:00,209.71400451660156,209.81500244140625,209.60699462890625,209.6649932861328,0,0.0,0.0
2026-03-02 07:30:00+00:00,209.6750030517578,209.94900512695312,209.6479949951172,209.78599548339844,0,0.0,0.0
2026-03-02 07:45:00+00:00,209.7830047607422,209.82200622558594,209.4969940185547,209.75100708007812,0,0.0,0.0
2026-03-02 08:00:00+00:00,209.75799560546875,209.93899536132812,209.71099853515625,209.83200073242188,0,0.0,0.0
2026-03-02 08:15:00+00:00,209.8249969482422,209.86199951171875,209.41700744628906,209.44200134277344,0,0.0,0.0
2026-03-02 08:30:00+00:00,209.44200134277344,209.61399841308594,209.343994140625,209.53700256347656,0,0.0,0.0
2026-03-02 08:45:00+00:00,209.5279998779297,209.70899963378906,209.49200439453125,209.55499267578125,0,0.0,0.0
2026-03-02 09:00:00+00:00,209.55799865722656,209.6739959716797,209.48199462890625,209.6280059814453,0,0.0,0.0
2026-03-02 09:15:00+00:00,209.6300048828125,209.8000030517578,209.5659942626953,209.6909942626953,0,0.0,0.0
2026-03-02 09:30:00+00:00,209.70599365234375,209.9010009765625,209.66299438476562,209.80999755859375,0,0.0,0.0
2026-03-02 09:45:00+00:00,209.80799865722656,209.968994140625,209.677001953125,209.95599365234375,0,0.0,0.0
2026-03-02 10:00:00+00:00,209.9530029296875,210.0919952392578,209.89100646972656,209.97799682617188,0,0.0,0.0
2026-03-02 10:15:00+00:00,209.9770050048828,210.12600708007812,209.9550018310547,210.06500244140625,0,0.0,0.0
2026-03-02 10:30:00+00:00,210.0590057373047,210.20199584960938,210.04800415039062,210.19700622558594,0,0.0,0.0
2026-03-02 10:45:00+00:00,210.2010040283203,210.4080047607422,210.0970001220703,210.35699462890625,0,0.0,0.0
2026-03-02 11:00:00+00:00,210.3679962158203,210.3990020751953,210.26499938964844,210.38299560546875,0,0.0,0.0
2026-03-02 11:15:00+00:00,210.37600708007812,210.49899291992188,210.3090057373047,210.36300659179688,0,0.0,0.0
2026-03-02 11:30:00+00:00,210.36099243164062,210.50599670410156,210.3350067138672,210.4949951171875,0,0.0,0.0
2026-03-02 11:45:00+00:00,210.49600219726562,210.6230010986328,210.4290008544922,210.51600646972656,0,0.0,0.0
2026-03-02 12:00:00+00:00,210.51699829101562,210.72500610351562,210.4980010986328,210.61199951171875,0,0.0,0.0
2026-03-02 12:15:00+00:00,210.60899353027344,210.718994140625,210.5989990234375,210.67300415039062,0,0.0,0.0
2026-03-02 12:30:00+00:00,210.6750030517578,210.8730010986328,210.67300415039062,210.7729949951172,0,0.0,0.0
2026-03-02 12:45:00+00:00,210.7779998779297,210.8820037841797,210.60000610351562,210.81300354003906,0,0.0,0.0
2026-03-02 13:00:00+00:00,210.81199645996094,210.8560028076172,210.71600341796875,210.79299926757812,0,0.0,0.0
2026-03-02 13:15:00+00:00,210.79200744628906,211.0570068359375,210.7830047607422,210.9530029296875,0,0.0,0.0
2026-03-02 13:30:00+00:00,210.95799255371094,211.01699829101562,210.802001953125,210.89100646972656,0,0.0,0.0
2026-03-02 13:45:00+00:00,210.88699340820312,210.97799682617188,210.77699279785156,210.7989959716797,0,0.0,0.0
2026-03-02 14:00:00+00:00,210.80099487304688,211.10299682617188,210.6540069580078,211.0749969482422,0,0.0,0.0
2026-03-02 14:15:00+00:00,211.06700134277344,211.0749969482422,210.87600708007812,210.93699645996094,0,0.0,0.0
2026-03-02 14:30:00+00:00,210.9409942626953,211.2429962158203,210.86000061035156,211.19900512695312,0,0.0,0.0
2026-03-02 14:45:00+00:00,211.18899536132812,211.36900329589844,211.1479949951172,211.2310028076172,0,0.0,0.0
2026-03-02 15:00:00+00:00,211.16799926757812,211.3800048828125,211.12899780273438,211.3489990234375,0,0.0,0.0
2026-03-02 15:15:00+00:00,211.35000610351562,211.35899353027344,211.1020050048828,211.156005859375,0,0.0,0.0
2026-03-02 15:30:00+00:00,211.16099548339844,211.22900390625,210.96600341796875,211.052001953125,0,0.0,0.0
2026-03-02 15:45:00+00:00,211.052001953125,211.05799865722656,210.75799560546875,210.90899658203125,0,0.0,0.0
2026-03-02 16:00:00+00:00,210.91099548339844,210.91600036621094,210.7689971923828,210.822998046875,0,0.0,0.0
2026-03-02 16:15:00+00:00,210.82400512695312,210.84300231933594,210.70199584960938,210.70799255371094,0,0.0,0.0
2026-03-02 16:30:00+00:00,210.70199584960938,210.7220001220703,210.5019989013672,210.59500122070312,0,0.0,0.0
2026-03-02 16:45:00+00:00,210.59800720214844,210.88800048828125,210.59100341796875,210.86900329589844,0,0.0,0.0
2026-03-02 17:00:00+00:00,210.8719940185547,211.0749969482422,210.80499267578125,211.05299377441406,0,0.0,0.0
2026-03-02 17:15:00+00:00,211.04800415039062,211.10699462890625,210.98899841308594,211.04600524902344,0,0.0,0.0
2026-03-02 17:30:00+00:00,211.04400634765625,211.10000610351562,210.93800354003906,211.0399932861328,0,0.0,0.0
2026-03-02 17:45:00+00:00,211.03700256347656,211.1510009765625,210.99000549316406,211.1020050048828,0,0.0,0.0
2026-03-02 18:00:00+00:00,211.0989990234375,211.11000061035156,210.9199981689453,211.00100708007812,0,0.0,0.0
2026-03-02 18:15:00+00:00,210.99400329589844,211.02000427246094,210.9239959716797,210.99899291992188,0,0.0,0.0
2026-03-02 18:30:00+00:00,210.99899291992188,211.00799560546875,210.9040069580078,210.9250030517578,0,0.0,0.0
2026-03-02 18:45:00+00:00,210.9250030517578,210.99600219726562,210.90199279785156,210.96600341796875,0,0.0,0.0
2026-03-02 19:00:00+00:00,210.96600341796875,211.03900146484375,210.92999267578125,211.01699829101562,0,0.0,0.0
2026-03-02 19:15:00+00:00,211.02000427246094,211.05099487304688,210.97500610351562,210.99200439453125,0,0.0,0.0
2026-03-02 19:30:00+00:00,210.99099731445312,211.0469970703125,210.9550018310547,210.97900390625,0,0.0,0.0
2026-03-02 19:45:00+00:00,210.97500610351562,211.11300659179688,210.97500610351562,211.02699279785156,0,0.0,0.0
2026-03-02 20:00:00+00:00,211.0240020751953,211.031005859375,210.77499389648438,210.8350067138672,0,0.0,0.0
2026-03-02 20:15:00+00:00,210.83399963378906,210.93299865722656,210.802001953125,210.85299682617188,0,0.0,0.0
2026-03-02 20:30:00+00:00,210.8489990234375,210.88299560546875,210.75799560546875,210.8179931640625,0,0.0,0.0
2026-03-02 20:45:00+00:00,210.8179931640625,210.87899780273438,210.74899291992188,210.86700439453125,0,0.0,0.0
2026-03-02 21:00:00+00:00,210.86900329589844,211.00599670410156,210.84500122070312,210.98599243164062,0,0.0,0.0
2026-03-02 21:15:00+00:00,210.9980010986328,211.05599975585938,210.96800231933594,210.97500610351562,0,0.0,0.0
2026-03-02 21:30:00+00:00,210.9739990234375,210.98699951171875,210.80999755859375,210.906005859375,0,0.0,0.0
2026-03-02 21:45:00+00:00,210.906005859375,210.9949951171875,210.86000061035156,210.96600341796875,0,0.0,0.0
2026-03-02 22:00:00+00:00,210.95599365234375,211.14700317382812,210.72500610351562,210.93099975585938,0,0.0,0.0
2026-03-02 22:15:00+00:00,210.93099975585938,210.9669952392578,210.80799865722656,210.9040069580078,0,0.0,0.0
2026-03-02 22:30:00+00:00,210.91700744628906,211.00100708007812,210.7310028076172,210.88400268554688,0,0.0,0.0
2026-03-02 22:45:00+00:00,210.8780059814453,210.968994140625,210.83999633789062,210.89300537109375,0,0.0,0.0
2026-03-02 23:00:00+00:00,210.88600158691406,210.9929962158203,210.8489990234375,210.94500732421875,0,0.0,0.0
2026-03-02 23:15:00+00:00,210.93600463867188,210.95899963378906,210.76199340820312,210.87399291992188,0,0.0,0.0
2026-03-02 23:30:00+00:00,210.85699462890625,210.91200256347656,210.7989959716797,210.86599731445312,0,0.0,0.0
2026-03-02 23:45:00+00:00,210.8509979248047,210.93699645996094,210.83200073242188,210.8489990234375,0,0.0,0.0
2026-03-03 00:00:00+00:00,210.85299682617188,210.93299865722656,210.73300170898438,210.93299865722656,0,0.0,0.0
2026-03-03 00:15:00+00:00,210.92100524902344,210.93499755859375,210.79400634765625,210.92100524902344,0,0.0,0.0
2026-03-03 00:30:00+00:00,210.91900634765625,211.031005859375,210.89700317382812,211.0019989013672,0,0.0,0.0
2026-03-03 00:45:00+00:00,211.00599670410156,211.21200561523438,210.96099853515625,211.2100067138672,0,0.0,0.0
2026-03-03 01:00:00+00:00,211.2050018310547,211.33299255371094,211.1199951171875,211.29400634765625,0,0.0,0.0
2026-03-03 01:15:00+00:00,211.2830047607422,211.3560028076172,211.19700622558594,211.20700073242188,0,0.0,0.0
2026-03-03 01:30:00+00:00,211.20399475097656,211.2220001220703,211.08099365234375,211.11399841308594,0,0.0,0.0
2026-03-03 01:45:00+00:00,211.11099243164062,211.1750030517578,210.90199279785156,210.91600036621094,0,0.0,0.0
2026-03-03 02:00:00+00:00,210.90899658203125,210.9510040283203,210.7239990234375,210.78900146484375,0,0.0,0.0
2026-03-03 02:15:00+00:00,210.78799438476562,210.822998046875,210.68600463867188,210.79200744628906,0,0.0,0.0
2026-03-03 02:30:00+00:00,210.78500366210938,210.8679962158203,210.73500061035156,210.82400512695312,0,0.0,0.0
2026-03-03 02:45:00+00:00,210.82699584960938,210.87600708007812,210.76499938964844,210.78799438476562,0,0.0,0.0
2026-03-03 03:00:00+00:00,210.78399658203125,210.8470001220703,210.74200439453125,210.7779998779297,0,0.0,0.0
2026-03-03 03:15:00+00:00,210.77699279785156,210.87399291992188,210.7449951171875,210.7570037841797,0,0.0,0.0
2026-03-03 03:30:00+00:00,210.7550048828125,210.83599853515625,210.6540069580078,210.77099609375,0,0.0,0.0
2026-03-03 03:45:00+00:00,210.76300048828125,210.82699584960938,210.67799377441406,210.74000549316406,0,0.0,0.0
2026-03-03 04:00:00+00:00,210.74200439453125,210.77000427246094,210.65699768066406,210.7030029296875,0,0.0,0.0
2026-03-03 04:15:00+00:00,210.69900512695312,210.7689971923828,210.66600036621094,210.72000122070312,0,0.0,0.0
2026-03-03 04:30:00+00:00,210.718994140625,210.7480010986328,210.6529998779297,210.67799377441406,0,0.0,0.0
2026-03-03 04:45:00+00:00,210.6699981689453,210.71400451660156,210.63600158691406,210.6529998779297,0,0.0,0.0
2026-03-03 05:00:00+00:00,210.64500427246094,210.75100708007812,210.57699584960938,210.5850067138672,0,0.0,0.0
2026-03-03 05:15:00+00:00,210.58599853515625,210.6060028076172,210.4929962158203,210.5030059814453,0,0.0,0.0
2026-03-03 05:30:00+00:00,210.5050048828125,210.51800537109375,210.34800720214844,210.4010009765625,0,0.0,0.0
2026-03-03 05:45:00+00:00,210.4010009765625,210.45799255371094,210.2969970703125,210.32400512695312,0,0.0,0.0
2026-03-03 06:00:00+00:00,210.32400512695312,210.37899780273438,210.18699645996094,210.2239990234375,0,0.0,0.0
2026-03-03 06:15:00+00:00,210.22900390625,210.29400634765625,210.1300048828125,210.2779998779297,0,0.0,0.0
2026-03-03 06:30:00+00:00,210.28399658203125,210.28900146484375,210.03900146484375,210.12100219726562,0,0.0,0.0
2026-03-03 06:45:00+00:00,210.1219940185547,210.13499450683594,209.9980010986328,210.06500244140625,0,0.0,0.0
2026-03-03 07:00:00+00:00,210.06300354003906,210.0760040283203,209.8459930419922,209.9199981689453,0,0.0,0.0
2026-03-03 07:15:00+00:00,209.91900634765625,210.052001953125,209.86500549316406,209.95399475097656,0,0.0,0.0
2026-03-03 07:30:00+00:00,209.95399475097656,210.00399780273438,209.88600158691406,210.0019989013672,0,0.0,0.0
2026-03-03 07:45:00+00:00,210.00399780273438,210.08200073242188,209.75599670410156,209.90499877929688,0,0.0,0.0
2026-03-03 08:00:00+00:00,209.90499877929688,210.03900146484375,209.57000732421875,209.61099243164062,0,0.0,0.0
2026-03-03 08:15:00+00:00,209.60800170898438,209.8769989013672,209.56100463867188,209.6840057373047,0,0.0,0.0
2026-03-03 08:30:00+00:00,209.6739959716797,209.74400329589844,209.58599853515625,209.63999938964844,0,0.0,0.0
2026-03-03 08:45:00+00:00,209.63999938964844,209.71400451660156,209.5189971923828,209.54800415039062,0,0.0,0.0
2026-03-03 09:00:00+00:00,209.54800415039062,209.7469940185547,209.51699829101562,209.6479949951172,0,0.0,0.0
2026-03-03 09:15:00+00:00,209.66200256347656,209.68600463867188,209.44500732421875,209.66299438476562,0,0.0,0.0
2026-03-03 09:30:00+00:00,209.66200256347656,209.75399780273438,209.54299926757812,209.56500244140625,0,0.0,0.0
2026-03-03 09:45:00+00:00,209.56700134277344,209.7239990234375,209.44000244140625,209.66400146484375,0,0.0,0.0
2026-03-03 10:00:00+00:00,209.66000366210938,209.8300018310547,209.63999938964844,209.7449951171875,0,0.0,0.0
2026-03-03 10:15:00+00:00,209.74099731445312,209.91799926757812,209.6750030517578,209.8509979248047,0,0.0,0.0
2026-03-03 10:30:00+00:00,209.85299682617188,209.90199279785156,209.71499633789062,209.8260040283203,0,0.0,0.0
2026-03-03 10:45:00+00:00,209.8260040283203,209.89599609375,209.63099670410156,209.6840057373047,0,0.0,0.0
2026-03-03 11:00:00+00:00,209.67799377441406,209.822998046875,209.58299255371094,209.59300231933594,0,0.0,0.0
2026-03-03 11:15:00+00:00,209.59500122070312,209.76499938964844,209.41600036621094,209.6199951171875,0,0.0,0.0
2026-03-03 11:30:00+00:00,209.62100219726562,209.79600524902344,209.58799743652344,209.79400634765625,0,0.0,0.0
2026-03-03 11:45:00+00:00,209.79299926757812,209.9080047607422,209.57899475097656,209.593994140625,0,0.0,0.0
2026-03-03 12:00:00+00:00,209.60400390625,209.8300018310547,209.54800415039062,209.76699829101562,0,0.0,0.0
2026-03-03 12:15:00+00:00,209.7570037841797,209.97300720214844,209.7449951171875,209.86500549316406,0,0.0,0.0
2026-03-03 12:30:00+00:00,209.86500549316406,210.11700439453125,209.83399963378906,210.10000610351562,0,0.0,0.0
2026-03-03 12:45:00+00:00,210.1020050048828,210.11199951171875,209.9239959716797,210.00900268554688,0,0.0,0.0
2026-03-03 13:00:00+00:00,210.00399780273438,210.06399536132812,209.8730010986328,209.97500610351562,0,0.0,0.0
2026-03-03 13:15:00+00:00,209.97000122070312,210.08999633789062,209.93499755859375,209.99400329589844,0,0.0,0.0
2026-03-03 13:30:00+00:00,209.9969940185547,209.99899291992188,209.7519989013672,209.8249969482422,0,0.0,0.0
2026-03-03 13:45:00+00:00,209.82699584960938,209.93499755859375,209.79400634765625,209.89599609375,0,0.0,0.0
2026-03-03 14:00:00+00:00,209.88600158691406,210.10800170898438,209.8719940185547,210.01100158691406,0,0.0,0.0
2026-03-03 14:15:00+00:00,210.00100708007812,210.1719970703125,209.9429931640625,210.01800537109375,0,0.0,0.0
2026-03-03 14:30:00+00:00,210.02099609375,210.11099243164062,209.75599670410156,209.79600524902344,0,0.0,0.0
2026-03-03 14:45:00+00:00,209.7989959716797,209.8820037841797,209.49899291992188,209.50799560546875,0,0.0,0.0
2026-03-03 15:00:00+00:00,209.50999450683594,209.61599731445312,209.22900390625,209.34100341796875,0,0.0,0.0
2026-03-03 15:15:00+00:00,209.33799743652344,209.5330047607422,209.21299743652344,209.48699951171875,0,0.0,0.0
2026-03-03 15:30:00+00:00,209.48899841308594,210.0570068359375,209.46600341796875,209.76699829101562,0,0.0,0.0
2026-03-03 15:45:00+00:00,209.75799560546875,209.97500610351562,209.6790008544922,209.9530029296875,0,0.0,0.0
2026-03-03 16:00:00+00:00,209.9499969482422,210.1820068359375,209.94400024414062,210.0540008544922,0,0.0,0.0
2026-03-03 16:15:00+00:00,210.05499267578125,210.156005859375,210.00100708007812,210.06300354003906,0,0.0,0.0
2026-03-03 16:30:00+00:00,210.06300354003906,210.13699340820312,209.89999389648438,210.07000732421875,0,0.0,0.0
2026-03-03 16:45:00+00:00,210.0760040283203,210.21200561523438,210.01800537109375,210.17300415039062,0,0.0,0.0
2026-03-03 17:00:00+00:00,210.16799926757812,210.18899536132812,209.92599487304688,210.06500244140625,0,0.0,0.0
2026-03-03 17:15:00+00:00,210.06500244140625,210.1479949951172,209.98899841308594,210.11900329589844,0,0.0,0.0
2026-03-03 17:30:00+00:00,210.1280059814453,210.31399536132812,210.01100158691406,210.302001953125,0,0.0,0.0
2026-03-03 17:45:00+00:00,210.2969970703125,210.38699340820312,210.2259979248047,210.2779998779297,0,0.0,0.0
2026-03-03 18:00:00+00:00,210.28500366210938,210.41200256347656,210.24600219726562,210.34800720214844,0,0.0,0.0
2026-03-03 18:15:00+00:00,210.3489990234375,210.46400451660156,210.322998046875,210.40199279785156,0,0.0,0.0
2026-03-03 18:30:00+00:00,210.3990020751953,210.48800659179688,210.2779998779297,210.44900512695312,0,0.0,0.0
2026-03-03 18:45:00+00:00,210.45899963378906,210.53199768066406,210.4080047607422,210.51300048828125,0,0.0,0.0
2026-03-03 19:00:00+00:00,210.50999450683594,210.55099487304688,210.43699645996094,210.52200317382812,0,0.0,0.0
2026-03-03 19:15:00+00:00,210.5290069580078,210.55999755859375,210.4219970703125,210.43499755859375,0,0.0,0.0
2026-03-03 19:30:00+00:00,210.44000244140625,210.5709991455078,210.37899780273438,210.55599975585938,0,0.0,0.0
2026-03-03 19:45:00+00:00,210.55499267578125,210.62100219726562,210.50900268554688,210.5749969482422,0,0.0,0.0
2026-03-03 20:00:00+00:00,210.56900024414062,210.6199951171875,210.4709930419922,210.51699829101562,0,0.0,0.0
2026-03-03 20:15:00+00:00,210.51699829101562,210.61599731445312,210.49000549316406,210.5749969482422,0,0.0,0.0
2026-03-03 20:30:00+00:00,210.57400512695312,210.63099670410156,210.5489959716797,210.61300659179688,0,0.0,0.0
2026-03-03 20:45:00+00:00,210.60400390625,210.67799377441406,210.48899841308594,210.65699768066406,0,0.0,0.0
2026-03-03 21:00:00+00:00,210.65699768066406,210.72300720214844,210.63099670410156,210.6439971923828,0,0.0,0.0
2026-03-03 21:15:00+00:00,210.6230010986328,210.6790008544922,210.6230010986328,210.6699981689453,0,0.0,0.0
2026-03-03 21:30:00+00:00,210.6699981689453,210.71499633789062,210.61399841308594,210.64599609375,0,0.0,0.0
2026-03-03 21:45:00+00:00,210.64599609375,210.73899841308594,210.53399658203125,210.63400268554688,0,0.0,0.0
2026-03-03 22:00:00+00:00,210.57899475097656,210.57899475097656,210.1820068359375,210.42100524902344,0,0.0,0.0
2026-03-03 22:15:00+00:00,210.41900634765625,210.51300048828125,210.197998046875,210.38299560546875,0,0.0,0.0
2026-03-03 22:30:00+00:00,210.375,210.45899963378906,210.30099487304688,210.35899353027344,0,0.0,0.0
2026-03-03 22:45:00+00:00,210.35800170898438,210.45899963378906,210.27699279785156,210.34800720214844,0,0.0,0.0
2026-03-03 23:00:00+00:00,210.343994140625,210.57699584960938,210.2689971923828,210.53500366210938,0,0.0,0.0
2026-03-03 23:15:00+00:00,210.51499938964844,210.63800048828125,210.5019989013672,210.5800018310547,0,0.0,0.0
2026-03-03 23:30:00+00:00,210.5659942626953,210.65499877929688,210.54299926757812,210.62399291992188,0,0.0,0.0
2026-03-03 23:45:00+00:00,210.6230010986328,210.69200134277344,210.5679931640625,210.66799926757812,0,0.0,0.0
2026-03-04 00:00:00+00:00,210.63099670410156,210.67300415039062,210.3070068359375,210.39999389648438,0,0.0,0.0
2026-03-04 00:15:00+00:00,210.39700317382812,210.44400024414062,210.13499450683594,210.19200134277344,0,0.0,0.0
2026-03-04 00:30:00+00:00,210.1909942626953,210.2239990234375,209.9969940185547,210.03399658203125,0,0.0,0.0
2026-03-04 00:45:00+00:00,210.03399658203125,210.1959991455078,209.9600067138672,209.99200439453125,0,0.0,0.0
2026-03-04 01:00:00+00:00,209.9980010986328,210.19500732421875,209.95799255371094,209.98399353027344,0,0.0,0.0
2026-03-04 01:15:00+00:00,209.9739990234375,210.0590057373047,209.78599548339844,209.85800170898438,0,0.0,0.0
2026-03-04 01:30:00+00:00,209.86399841308594,210.12100219726562,209.8040008544922,210.1199951171875,0,0.0,0.0
2026-03-04 01:45:00+00:00,210.11399841308594,210.1230010986328,209.91600036621094,209.98699951171875,0,0.0,0.0
2026-03-04 02:00:00+00:00,209.98500061035156,210.0919952392578,209.9250030517578,210.04800415039062,0,0.0,0.0
2026-03-04 02:15:00+00:00,210.04100036621094,210.12100219726562,210.0070037841797,210.03399658203125,0,0.0,0.0
2026-03-04 02:30:00+00:00,210.03399658203125,210.0800018310547,209.94000244140625,210.06199645996094,0,0.0,0.0
2026-03-04 02:45:00+00:00,210.06199645996094,210.16900634765625,210.01400756835938,210.07200622558594,0,0.0,0.0
2026-03-04 03:00:00+00:00,210.0709991455078,210.1179962158203,209.96600341796875,210.0590057373047,0,0.0,0.0
2026-03-04 03:15:00+00:00,210.05799865722656,210.10299682617188,209.99899291992188,210.04600524902344,0,0.0,0.0
2026-03-04 03:30:00+00:00,210.04600524902344,210.052001953125,209.90699768066406,209.95599365234375,0,0.0,0.0
2026-03-04 03:45:00+00:00,209.9600067138672,210.01600646972656,209.8560028076172,209.96299743652344,0,0.0,0.0
2026-03-04 04:00:00+00:00,209.95399475097656,209.9739990234375,209.7899932861328,209.81199645996094,0,0.0,0.0
2026-03-04 04:15:00+00:00,209.81399536132812,209.84100341796875,209.53199768066406,209.57400512695312,0,0.0,0.0
2026-03-04 04:30:00+00:00,209.57000732421875,209.64700317382812,209.48800659179688,209.64300537109375,0,0.0,0.0
2026-03-04 04:45:00+00:00,209.64100646972656,209.67799377441406,209.47900390625,209.4949951171875,0,0.0,0.0
2026-03-04 05:00:00+00:00,209.4929962158203,209.75399780273438,209.4810028076172,209.68899536132812,0,0.0,0.0
2026-03-04 05:15:00+00:00,209.70199584960938,209.75599670410156,209.6179962158203,209.74000549316406,0,0.0,0.0
2026-03-04 05:30:00+00:00,209.74000549316406,209.91200256347656,209.69200134277344,209.83099365234375,0,0.0,0.0
2026-03-04 05:45:00+00:00,209.83399963378906,209.89599609375,209.80799865722656,209.8350067138672,0,0.0,0.0
2026-03-04 06:00:00+00:00,209.83599853515625,209.85800170898438,209.72300720214844,209.83399963378906,0,0.0,0.0
2026-03-04 06:15:00+00:00,209.83099365234375,209.92999267578125,209.81300354003906,209.906005859375,0,0.0,0.0
2026-03-04 06:30:00+00:00,209.9040069580078,210.0330047607422,209.89199829101562,209.96600341796875,0,0.0,0.0
2026-03-04 06:45:00+00:00,209.97300720214844,209.98899841308594,209.85899353027344,209.8979949951172,0,0.0,0.0
2026-03-04 07:00:00+00:00,209.906005859375,210.0070037841797,209.8000030517578,209.88099670410156,0,0.0,0.0
2026-03-04 07:15:00+00:00,209.87899780273438,210.19700622558594,209.8730010986328,210.1479949951172,0,0.0,0.0
2026-03-04 07:30:00+00:00,210.1529998779297,210.44900512695312,210.13299560546875,210.40699768066406,0,0.0,0.0
2026-03-04 07:45:00+00:00,210.41600036621094,210.4459991455078,210.26400756835938,210.35499572753906,0,0.0,0.0
2026-03-04 08:00:00+00:00,210.3520050048828,210.3769989013672,210.02999877929688,210.1060028076172,0,0.0,0.0
2026-03-04 08:15:00+00:00,210.10699462890625,210.19900512695312,209.97900390625,210.00900268554688,0,0.0,0.0
2026-03-04 08:30:00+00:00,210.01100158691406,210.1840057373047,209.9770050048828,210.1179962158203,0,0.0,0.0
2026-03-04 08:45:00+00:00,210.11500549316406,210.23199462890625,209.94400024414062,209.94500732421875,0,0.0,0.0
2026-03-04 09:00:00+00:00,209.94500732421875,210.18699645996094,209.83999633789062,210.16200256347656,0,0.0,0.0
2026-03-04 09:15:00+00:00,210.16200256347656,210.32899475097656,210.13900756835938,210.16400146484375,0,0.0,0.0
2026-03-04 09:30:00+00:00,210.16400146484375,210.2220001220703,209.9739990234375,209.97799682617188,0,0.0,0.0
2026-03-04 09:45:00+00:00,209.97900390625,210.16099548339844,209.91700744628906,210.0189971923828,0,0.0,0.0
2026-03-04 10:00:00+00:00,210.0189971923828,210.33200073242188,209.99200439453125,210.1999969482422,0,0.0,0.0
2026-03-04 10:15:00+00:00,210.21400451660156,210.31199645996094,210.1320037841797,210.2729949951172,0,0.0,0.0
2026-03-04 10:30:00+00:00,210.2729949951172,210.34300231933594,210.18099975585938,210.28399658203125,0,0.0,0.0
2026-03-04 10:45:00+00:00,210.28700256347656,210.4499969482422,210.2570037841797,210.41900634765625,0,0.0,0.0
2026-03-04 11:00:00+00:00,210.41700744628906,210.5500030517578,210.39700317382812,210.51600646972656,0,0.0,0.0
2026-03-04 11:15:00+00:00,210.51699829101562,210.56399536132812,210.45899963378906,210.4720001220703,0,0.0,0.0
2026-03-04 11:30:00+00:00,210.4720001220703,210.47799682617188,210.3000030517578,210.36000061035156,0,0.0,0.0
2026-03-04 11:45:00+00:00,210.36300659179688,210.36700439453125,210.13900756835938,210.322998046875,0,0.0,0.0
2026-03-04 12:00:00+00:00,210.3249969482422,210.33900451660156,210.18099975585938,210.2760009765625,0,0.0,0.0
2026-03-04 12:15:00+00:00,210.2760009765625,210.28500366210938,210.11700439453125,210.1269989013672,0,0.0,0.0
2026-03-04 12:30:00+00:00,210.1269989013672,210.16099548339844,210.06900024414062,210.0800018310547,0,0.0,0.0
2026-03-04 12:45:00+00:00,210.0800018310547,210.1219940185547,209.9669952392578,210.03599548339844,0,0.0,0.0
2026-03-04 13:00:00+00:00,210.03799438476562,210.30599975585938,210.0019989013672,210.18899536132812,0,0.0,0.0
2026-03-04 13:15:00+00:00,210.1840057373047,210.2989959716797,210.11399841308594,210.1750030517578,0,0.0,0.0
2026-03-04 13:30:00+00:00,210.1739959716797,210.177001953125,210.05599975585938,210.11399841308594,0,0.0,0.0
2026-03-04 13:45:00+00:00,210.11500549316406,210.26199340820312,210.11099243164062,210.1790008544922,0,0.0,0.0
2026-03-04 14:00:00+00:00,210.17999267578125,210.3679962158203,210.16299438476562,210.35899353027344,0,0.0,0.0
2026-03-04 14:15:00+00:00,210.35499572753906,210.48300170898438,210.31900024414062,210.3520050048828,0,0.0,0.0
2026-03-04 14:30:00+00:00,210.34800720214844,210.44700622558594,210.22000122070312,210.3719940185547,0,0.0,0.0
2026-03-04 14:45:00+00:00,210.375,210.37600708007812,210.07000732421875,210.09100341796875,0,0.0,0.0
2026-03-04 15:00:00+00:00,210.10499572753906,210.26300048828125,210.07899475097656,210.16900634765625,0,0.0,0.0
2026-03-04 15:15:00+00:00,210.17300415039062,210.3509979248047,210.13900756835938,210.33599853515625,0,0.0,0.0
2026-03-04 15:30:00+00:00,210.33299255371094,210.39100646972656,210.21400451660156,210.26600646972656,0,0.0,0.0
2026-03-04 15:45:00+00:00,210.26499938964844,210.31700134277344,209.9530029296875,209.98199462890625,0,0.0,0.0
2026-03-04 16:00:00+00:00,209.9709930419922,210.05499267578125,209.81900024414062,209.82400512695312,0,0.0,0.0
2026-03-04 16:15:00+00:00,209.8260040283203,209.88400268554688,209.72999572753906,209.77099609375,0,0.0,0.0
2026-03-04 16:30:00+00:00,209.78599548339844,209.91099548339844,209.7519989013672,209.85000610351562,0,0.0,0.0
2026-03-04 16:45:00+00:00,209.8489990234375,209.88999938964844,209.71299743652344,209.781005859375,0,0.0,0.0
2026-03-04 17:00:00+00:00,209.77999877929688,209.8159942626953,209.5959930419922,209.64199829101562,0,0.0,0.0
2026-03-04 17:15:00+00:00,209.64100646972656,209.70399475097656,209.5330047607422,209.53599548339844,0,0.0,0.0
2026-03-04 17:30:00+00:00,209.53599548339844,209.7449951171875,209.47999572753906,209.73699951171875,0,0.0,0.0
2026-03-04 17:45:00+00:00,209.74200439453125,209.8070068359375,209.69400024414062,209.72799682617188,0,0.0,0.0
2026-03-04 18:00:00+00:00,209.73199462890625,209.82200622558594,209.67599487304688,209.74899291992188,0,0.0,0.0
2026-03-04 18:15:00+00:00,209.75100708007812,209.8070068359375,209.73800659179688,209.77999877929688,0,0.0,0.0
2026-03-04 18:30:00+00:00,209.7760009765625,209.83700561523438,209.74400329589844,209.822998046875,0,0.0,0.0
2026-03-04 18:45:00+00:00,209.82200622558594,209.83900451660156,209.71299743652344,209.81199645996094,0,0.0,0.0
2026-03-04 19:00:00+00:00,209.81500244140625,209.83799743652344,209.7480010986328,209.79299926757812,0,0.0,0.0
2026-03-04 19:15:00+00:00,209.79200744628906,209.8489990234375,209.77200317382812,209.7899932861328,0,0.0,0.0
2026-03-04 19:30:00+00:00,209.78599548339844,209.87100219726562,209.7790069580078,209.85899353027344,0,0.0,0.0
2026-03-04 19:45:00+00:00,209.85699462890625,209.99200439453125,209.8000030517578,209.97799682617188,0,0.0,0.0
2026-03-04 20:00:00+00:00,209.97300720214844,210.00399780273438,209.927001953125,209.9810028076172,0,0.0,0.0
2026-03-04 20:15:00+00:00,209.97999572753906,210.1060028076172,209.9770050048828,210.06500244140625,0,0.0,0.0
2026-03-04 20:30:00+00:00,210.06500244140625,210.10800170898438,210.05299377441406,210.0989990234375,0,0.0,0.0
2026-03-04 20:45:00+00:00,210.1020050048828,210.156005859375,210.0850067138672,210.1199951171875,0,0.0,0.0
2026-03-04 21:00:00+00:00,210.1219940185547,210.1320037841797,210.02999877929688,210.0959930419922,0,0.0,0.0
2026-03-04 21:15:00+00:00,210.09500122070312,210.14999389648438,210.0489959716797,210.07000732421875,0,0.0,0.0
2026-03-04 21:30:00+00:00,210.0659942626953,210.0749969482422,209.98599243164062,210.00900268554688,0,0.0,0.0
2026-03-04 21:45:00+00:00,210.00799560546875,210.06300354003906,209.89500427246094,210.02699279785156,0,0.0,0.0
2026-03-04 22:00:00+00:00,210.00799560546875,210.05799865722656,209.89599609375,209.91600036621094,0,0.0,0.0
2026-03-04 22:15:00+00:00,209.9149932861328,210.02000427246094,209.88400268554688,209.96499633789062,0,0.0,0.0
2026-03-04 22:30:00+00:00,209.9600067138672,210.08799743652344,209.91700744628906,209.95700073242188,0,0.0,0.0
2026-03-04 22:45:00+00:00,209.95700073242188,210.0540008544922,209.86000061035156,209.91000366210938,0,0.0,0.0
2026-03-04 23:00:00+00:00,209.88299560546875,210.0019989013672,209.8209991455078,209.91799926757812,0,0.0,0.0
2026-03-04 23:15:00+00:00,209.91900634765625,209.98599243164062,209.88699340820312,209.947998046875,0,0.0,0.0
2026-03-04 23:30:00+00:00,209.947998046875,210.0,209.8990020751953,209.98699951171875,0,0.0,0.0
2026-03-04 23:45:00+00:00,209.97999572753906,209.99600219726562,209.85299682617188,209.85499572753906,0,0.0,0.0
2026-03-05 00:00:00+00:00,209.85800170898438,209.86199951171875,209.63999938964844,209.65699768066406,0,0.0,0.0
2026-03-05 00:15:00+00:00,209.65699768066406,209.781005859375,209.63499450683594,209.76499938964844,0,0.0,0.0
2026-03-05 00:30:00+00:00,209.76600646972656,209.781005859375,209.70899963378906,209.72300720214844,0,0.0,0.0
2026-03-05 00:45:00+00:00,209.72000122070312,209.75100708007812,209.5070037841797,209.54600524902344,0,0.0,0.0
2026-03-05 01:00:00+00:00,209.5540008544922,209.70199584960938,209.52200317382812,209.68099975585938,0,0.0,0.0
2026-03-05 01:15:00+00:00,209.68600463867188,209.68800354003906,209.4320068359375,209.4409942626953,0,0.0,0.0
2026-03-05 01:30:00+00:00,209.44000244140625,209.5260009765625,209.38499450683594,209.39199829101562,0,0.0,0.0
2026-03-05 01:45:00+00:00,209.39100646972656,209.5489959716797,209.35299682617188,209.5449981689453,0,0.0,0.0
2026-03-05 02:00:00+00:00,209.54299926757812,209.64199829101562,209.52200317382812,209.56300354003906,0,0.0,0.0
2026-03-05 02:15:00+00:00,209.56399536132812,209.58599853515625,209.4530029296875,209.5240020751953,0,0.0,0.0
2026-03-05 02:30:00+00:00,209.52200317382812,209.68899536132812,209.51300048828125,209.62100219726562,0,0.0,0.0
2026-03-05 02:45:00+00:00,209.6230010986328,209.7530059814453,209.61300659179688,209.74000549316406,0,0.0,0.0
2026-03-05 03:00:00+00:00,209.74000549316406,209.7689971923828,209.55499267578125,209.5570068359375,0,0.0,0.0
2026-03-05 03:15:00+00:00,209.55999755859375,209.6199951171875,209.42100524902344,209.4429931640625,0,0.0,0.0
2026-03-05 03:30:00+00:00,209.44400024414062,209.4510040283203,209.3300018310547,209.41900634765625,0,0.0,0.0
2026-03-05 03:45:00+00:00,209.41900634765625,209.55299377441406,209.406005859375,209.43600463867188,0,0.0,0.0
2026-03-05 04:00:00+00:00,209.43499755859375,209.55799865722656,209.41299438476562,209.50100708007812,0,0.0,0.0
2026-03-05 04:15:00+00:00,209.50100708007812,209.53199768066406,209.46299743652344,209.4720001220703,0,0.0,0.0
2026-03-05 04:30:00+00:00,209.47300720214844,209.4949951171875,209.3719940185547,209.38600158691406,0,0.0,0.0
2026-03-05 04:45:00+00:00,209.3780059814453,209.52699279785156,209.37100219726562,209.5240020751953,0,0.0,0.0
2026-03-05 05:00:00+00:00,209.5240020751953,209.61099243164062,209.37399291992188,209.47500610351562,0,0.0,0.0
2026-03-05 05:15:00+00:00,209.47500610351562,209.51300048828125,209.40899658203125,209.44200134277344,0,0.0,0.0
2026-03-05 05:30:00+00:00,209.44700622558594,209.48300170898438,209.35400390625,209.36399841308594,0,0.0,0.0
2026-03-05 05:45:00+00:00,209.36399841308594,209.41400146484375,209.26800537109375,209.28199768066406,0,0.0,0.0
2026-03-05 06:00:00+00:00,209.281005859375,209.31199645996094,209.1739959716797,209.24899291992188,0,0.0,0.0
2026-03-05 06:15:00+00:00,209.24400329589844,209.40199279785156,209.20199584960938,209.34500122070312,0,0.0,0.0
2026-03-05 06:30:00+00:00,209.3470001220703,209.36300659179688,209.2209930419922,209.2899932861328,0,0.0,0.0
2026-03-05 06:45:00+00:00,209.2899932861328,209.38800048828125,209.18299865722656,209.36700439453125,0,0.0,0.0
2026-03-05 07:00:00+00:00,209.35299682617188,209.49400329589844,209.35299682617188,209.46200561523438,0,0.0,0.0
2026-03-05 07:15:00+00:00,209.45700073242188,209.5279998779297,209.3800048828125,209.52499389648438,0,0.0,0.0
2026-03-05 07:30:00+00:00,209.52499389648438,209.81100463867188,209.5240020751953,209.77099609375,0,0.0,0.0
2026-03-05 07:45:00+00:00,209.77999877929688,209.80499267578125,209.697998046875,209.8040008544922,0,0.0,0.0
2026-03-05 08:00:00+00:00,209.80499267578125,209.81399536132812,209.55299377441406,209.5959930419922,0,0.0,0.0
2026-03-05 08:15:00+00:00,209.5959930419922,209.6820068359375,209.47799682617188,209.48599243164062,0,0.0,0.0
2026-03-05 08:30:00+00:00,209.48599243164062,209.52000427246094,209.35499572753906,209.4409942626953,0,0.0,0.0
2026-03-05 08:45:00+00:00,209.4409942626953,209.64700317382812,209.427001953125,209.58399963378906,0,0.0,0.0
2026-03-05 09:00:00+00:00,209.5850067138672,209.89100646972656,209.53500366210938,209.83900451660156,0,0.0,0.0
2026-03-05 09:15:00+00:00,209.84100341796875,209.86199951171875,209.65499877929688,209.78199768066406,0,0.0,0.0
2026-03-05 09:30:00+00:00,209.77200317382812,209.8419952392578,209.61900329589844,209.76400756835938,0,0.0,0.0
2026-03-05 09:45:00+00:00,209.7790069580078,209.91700744628906,209.718994140625,209.8730010986328,0,0.0,0.0
2026-03-05 10:00:00+00:00,209.87100219726562,209.95199584960938,209.8209991455078,209.86000061035156,0,0.0,0.0
2026-03-05 10:15:00+00:00,209.86300659179688,209.8730010986328,209.77999877929688,209.85899353027344,0,0.0,0.0
2026-03-05 10:30:00+00:00,209.85400390625,209.906005859375,209.7030029296875,209.7469940185547,0,0.0,0.0
2026-03-05 10:45:00+00:00,209.7469940185547,210.01199340820312,209.74200439453125,209.98800659179688,0,0.0,0.0
2026-03-05 11:00:00+00:00,209.98300170898438,210.13299560546875,209.9550018310547,210.11000061035156,0,0.0,0.0
2026-03-05 11:15:00+00:00,210.11000061035156,210.13699340820312,210.02200317382812,210.0260009765625,0,0.0,0.0
2026-03-05 11:30:00+00:00,210.0279998779297,210.05499267578125,209.968994140625,210.04800415039062,0,0.0,0.0
2026-03-05 11:45:00+00:00,210.04800415039062,210.26400756835938,210.04100036621094,210.19500732421875,0,0.0,0.0
2026-03-05 12:00:00+00:00,210.19700622558594,210.25999450683594,210.15699768066406,210.1929931640625,0,0.0,0.0
2026-03-05 12:15:00+00:00,210.18899536132812,210.3800048828125,210.18600463867188,210.343994140625,0,0.0,0.0
2026-03-05 12:30:00+00:00,210.33900451660156,210.44900512695312,210.31300354003906,210.406005859375,0,0.0,0.0
2026-03-05 12:45:00+00:00,210.4029998779297,210.46200561523438,210.32200622558594,210.44400024414062,0,0.0,0.0
2026-03-05 13:00:00+00:00,210.44400024414062,210.55999755859375,210.43099975585938,210.53599548339844,0,0.0,0.0
2026-03-05 13:15:00+00:00,210.53799438476562,210.55599975585938,210.3419952392578,210.40699768066406,0,0.0,0.0
2026-03-05 13:30:00+00:00,210.4149932861328,210.552001953125,210.3300018310547,210.50100708007812,0,0.0,0.0
2026-03-05 13:45:00+00:00,210.5,210.56199645996094,210.4199981689453,210.5399932861328,0,0.0,0.0
2026-03-05 14:00:00+00:00,210.53500366210938,210.6199951171875,210.46600341796875,210.52099609375,0,0.0,0.0
2026-03-05 14:15:00+00:00,210.5189971923828,210.5760040283203,210.41099548339844,210.45199584960938,0,0.0,0.0
2026-03-05 14:30:00+00:00,210.45199584960938,210.5590057373047,210.1790008544922,210.197998046875,0,0.0,0.0
2026-03-05 14:45:00+00:00,210.2030029296875,210.31500244140625,210.1649932861328,210.24899291992188,0,0.0,0.0
2026-03-05 15:00:00+00:00,210.2550048828125,210.26699829101562,210.0659942626953,210.2449951171875,0,0.0,0.0
2026-03-05 15:15:00+00:00,210.24000549316406,210.27099609375,210.08200073242188,210.156005859375,0,0.0,0.0
2026-03-05 15:30:00+00:00,210.16000366210938,210.17799377441406,209.9550018310547,210.00799560546875,0,0.0,0.0
2026-03-05 15:45:00+00:00,210.01100158691406,210.07400512695312,209.8780059814453,209.99400329589844,0,0.0,0.0
2026-03-05 16:00:00+00:00,209.98399353027344,210.00399780273438,209.7790069580078,209.86000061035156,0,0.0,0.0
2026-03-05 16:15:00+00:00,209.85699462890625,209.90899658203125,209.77999877929688,209.83200073242188,0,0.0,0.0
2026-03-05 16:30:00+00:00,209.82899475097656,210.02099609375,209.80099487304688,209.91900634765625,0,0.0,0.0
2026-03-05 16:45:00+00:00,209.91900634765625,209.93800354003906,209.81100463867188,209.87399291992188,0,0.0,0.0
2026-03-05 17:00:00+00:00,209.86900329589844,210.03399658203125,209.8419952392578,209.98300170898438,0,0.0,0.0
2026-03-05 17:15:00+00:00,209.98300170898438,210.07200622558594,209.94000244140625,210.03199768066406,0,0.0,0.0
2026-03-05 17:30:00+00:00,210.0399932861328,210.2169952392578,210.01800537109375,210.2169952392578,0,0.0,0.0
2026-03-05 17:45:00+00:00,210.20700073242188,210.3040008544922,210.08999633789062,210.18800354003906,0,0.0,0.0
2026-03-05 18:00:00+00:00,210.19200134277344,210.24099731445312,210.1199951171875,210.1699981689453,0,0.0,0.0
2026-03-05 18:15:00+00:00,210.16900634765625,210.30299377441406,210.11199951171875,210.2989959716797,0,0.0,0.0
2026-03-05 18:30:00+00:00,210.29299926757812,210.4709930419922,210.29299926757812,210.39999389648438,0,0.0,0.0
2026-03-05 18:45:00+00:00,210.3990020751953,210.41099548339844,210.22799682617188,210.2689971923828,0,0.0,0.0
2026-03-05 19:00:00+00:00,210.2689971923828,210.2969970703125,210.19900512695312,210.24200439453125,0,0.0,0.0
2026-03-05 19:15:00+00:00,210.2449951171875,210.30799865722656,210.19700622558594,210.28500366210938,0,0.0,0.0
2026-03-05 19:30:00+00:00,210.28599548339844,210.29600524902344,210.21400451660156,210.25399780273438,0,0.0,0.0
2026-03-05 19:45:00+00:00,210.2519989013672,210.31199645996094,210.17799377441406,210.2010040283203,0,0.0,0.0
2026-03-05 20:00:00+00:00,210.2010040283203,210.447998046875,210.19500732421875,210.4250030517578,0,0.0,0.0
2026-03-05 20:15:00+00:00,210.42999267578125,210.44500732421875,210.28900146484375,210.3300018310547,0,0.0,0.0
2026-03-05 20:30:00+00:00,210.32899475097656,210.44700622558594,210.3070068359375,210.4149932861328,0,0.0,0.0
2026-03-05 20:45:00+00:00,210.41900634765625,210.46499633789062,210.3699951171875,210.42999267578125,0,0.0,0.0
2026-03-05 21:00:00+00:00,210.4340057373047,210.47500610351562,210.40199279785156,210.41600036621094,0,0.0,0.0
2026-03-05 21:15:00+00:00,210.41000366210938,210.4290008544922,210.3560028076172,210.37399291992188,0,0.0,0.0
2026-03-05 21:30:00+00:00,210.37600708007812,210.44500732421875,210.3419952392578,210.43499755859375,0,0.0,0.0
2026-03-05 21:45:00+00:00,210.42999267578125,210.47900390625,210.3800048828125,210.4600067138672,0,0.0,0.0
2026-03-05 22:00:00+00:00,210.38900756835938,210.45700073242188,210.06900024414062,210.2550048828125,0,0.0,0.0
2026-03-05 22:15:00+00:00,210.2550048828125,210.40499877929688,210.18099975585938,210.2570037841797,0,0.0,0.0
2026-03-05 22:30:00+00:00,210.25900268554688,210.36199951171875,210.13499450683594,210.27699279785156,0,0.0,0.0
2026-03-05 22:45:00+00:00,210.25799560546875,210.4219970703125,210.13600158691406,210.18600463867188,0,0.0,0.0
2026-03-05 23:00:00+00:00,210.29600524902344,210.43600463867188,210.1219940185547,210.36599731445312,0,0.0,0.0
2026-03-05 23:15:00+00:00,210.3780059814453,210.47799682617188,210.3520050048828,210.46299743652344,0,0.0,0.0
2026-03-05 23:30:00+00:00,210.46299743652344,210.4969940185547,210.38600158691406,210.4080047607422,0,0.0,0.0
2026-03-05 23:45:00+00:00,210.39999389648438,210.4409942626953,210.33099365234375,210.4290008544922,0,0.0,0.0
2026-03-06 00:00:00+00:00,210.42799377441406,210.4949951171875,210.2469940185547,210.4739990234375,0,0.0,0.0
2026-03-06 00:15:00+00:00,210.46800231933594,210.51499938964844,210.39100646972656,210.43099975585938,0,0.0,0.0
2026-03-06 00:30:00+00:00,210.4250030517578,210.4720001220703,210.38699340820312,210.42599487304688,0,0.0,0.0
2026-03-06 00:45:00+00:00,210.43499755859375,210.46200561523438,210.2830047607422,210.35299682617188,0,0.0,0.0
2026-03-06 01:00:00+00:00,210.36199951171875,210.51300048828125,210.33700561523438,210.48800659179688,0,0.0,0.0
2026-03-06 01:15:00+00:00,210.48800659179688,210.5279998779297,210.42799377441406,210.46200561523438,0,0.0,0.0
2026-03-06 01:30:00+00:00,210.4600067138672,210.56500244140625,210.44900512695312,210.47900390625,0,0.0,0.0
2026-03-06 01:45:00+00:00,210.47900390625,210.5260009765625,210.4149932861328,210.4720001220703,0,0.0,0.0
2026-03-06 02:00:00+00:00,210.46800231933594,210.5970001220703,210.46099853515625,210.57899475097656,0,0.0,0.0
2026-03-06 02:15:00+00:00,210.572998046875,210.58599853515625,210.49200439453125,210.5709991455078,0,0.0,0.0
2026-03-06 02:30:00+00:00,210.56900024414062,210.58599853515625,210.46400451660156,210.4929962158203,0,0.0,0.0
2026-03-06 02:45:00+00:00,210.4929962158203,210.5449981689453,210.48199462890625,210.5030059814453,0,0.0,0.0
2026-03-06 03:00:00+00:00,210.50399780273438,210.54100036621094,210.468994140625,210.4759979248047,0,0.0,0.0
2026-03-06 03:15:00+00:00,210.47500610351562,210.56300354003906,210.46299743652344,210.5489959716797,0,0.0,0.0
2026-03-06 03:30:00+00:00,210.55099487304688,210.5659942626953,210.49200439453125,210.5229949951172,0,0.0,0.0
2026-03-06 03:45:00+00:00,210.5240020751953,210.5919952392578,210.52099609375,210.5850067138672,0,0.0,0.0
2026-03-06 04:00:00+00:00,210.58299255371094,210.6439971923828,210.5659942626953,210.58200073242188,0,0.0,0.0
2026-03-06 04:15:00+00:00,210.58200073242188,210.6510009765625,210.57899475097656,210.6439971923828,0,0.0,0.0
2026-03-06 04:30:00+00:00,210.64199829101562,210.6820068359375,210.6269989013672,210.65699768066406,0,0.0,0.0
2026-03-06 04:45:00+00:00,210.65699768066406,210.72900390625,210.65699768066406,210.68299865722656,0,0.0,0.0
2026-03-06 05:00:00+00:00,210.68299865722656,210.79299926757812,210.6699981689453,210.76300048828125,0,0.0,0.0
2026-03-06 05:15:00+00:00,210.75999450683594,210.85000610351562,210.7550048828125,210.83200073242188,0,0.0,0.0
2026-03-06 05:30:00+00:00,210.83099365234375,210.84300231933594,210.7429962158203,210.7899932861328,0,0.0,0.0
2026-03-06 05:45:00+00:00,210.7899932861328,210.89700317382812,210.6739959716797,210.81300354003906,0,0.0,0.0
2026-03-06 06:00:00+00:00,210.80499267578125,210.8769989013672,210.75999450683594,210.75999450683594,0,0.0,0.0
2026-03-06 06:15:00+00:00,210.76300048828125,210.8730010986328,210.73399353027344,210.81700134277344,0,0.0,0.0
2026-03-06 06:30:00+00:00,210.8179931640625,210.98599243164062,210.8000030517578,210.9499969482422,0,0.0,0.0
2026-03-06 06:45:00+00:00,210.9499969482422,210.96200561523438,210.83299255371094,210.8419952392578,0,0.0,0.0
2026-03-06 07:00:00+00:00,210.85000610351562,210.89599609375,210.74099731445312,210.80299377441406,0,0.0,0.0
2026-03-06 07:15:00+00:00,210.79800415039062,210.8159942626953,210.69000244140625,210.7449951171875,0,0.0,0.0
2026-03-06 07:30:00+00:00,210.75,210.75399780273438,210.61199951171875,210.68699645996094,0,0.0,0.0
2026-03-06 07:45:00+00:00,210.68499755859375,210.71099853515625,210.58099365234375,210.60899353027344,0,0.0,0.0
2026-03-06 08:00:00+00:00,210.61199951171875,210.64700317382812,210.51499938964844,210.56100463867188,0,0.0,0.0
2026-03-06 08:15:00+00:00,210.55999755859375,210.6179962158203,210.52000427246094,210.5970001220703,0,0.0,0.0
2026-03-06 08:30:00+00:00,210.59100341796875,210.7740020751953,210.57400512695312,210.7550048828125,0,0.0,0.0
2026-03-06 08:45:00+00:00,210.75599670410156,210.78599548339844,210.64999389648438,210.69700622558594,0,0.0,0.0
2026-03-06 09:00:00+00:00,210.697998046875,210.71099853515625,210.56399536132812,210.58799743652344,0,0.0,0.0
2026-03-06 09:15:00+00:00,210.58900451660156,210.63400268554688,210.51100158691406,210.5590057373047,0,0.0,0.0
2026-03-06 09:30:00+00:00,210.56500244140625,210.60000610351562,210.3560028076172,210.38999938964844,0,0.0,0.0
2026-03-06 09:45:00+00:00,210.39300537109375,210.427001953125,210.2570037841797,210.32400512695312,0,0.0,0.0
2026-03-06 10:00:00+00:00,210.3159942626953,210.45599365234375,210.29600524902344,210.4010009765625,0,0.0,0.0
2026-03-06 10:15:00+00:00,210.4010009765625,210.49099731445312,210.33900451660156,210.43600463867188,0,0.0,0.0
2026-03-06 10:30:00+00:00,210.4320068359375,210.53799438476562,210.40699768066406,210.41700744628906,0,0.0,0.0
2026-03-06 10:45:00+00:00,210.41700744628906,210.6300048828125,210.38299560546875,210.61500549316406,0,0.0,0.0
2026-03-06 11:00:00+00:00,210.61700439453125,210.6479949951172,210.35499572753906,210.572998046875,0,0.0,0.0
2026-03-06 11:15:00+00:00,210.57400512695312,210.64300537109375,210.48199462890625,210.62399291992188,0,0.0,0.0
2026-03-06 11:30:00+00:00,210.6230010986328,210.63600158691406,210.42599487304688,210.46499633789062,0,0.0,0.0
2026-03-06 11:45:00+00:00,210.46200561523438,210.51300048828125,210.3560028076172,210.36500549316406,0,0.0,0.0
2026-03-06 12:00:00+00:00,210.36399841308594,210.4239959716797,210.30299377441406,210.3260040283203,0,0.0,0.0
2026-03-06 12:15:00+00:00,210.3159942626953,210.47799682617188,210.3040008544922,210.41400146484375,0,0.0,0.0
2026-03-06 12:30:00+00:00,210.41799926757812,210.54800415039062,210.3699951171875,210.5240020751953,0,0.0,0.0
2026-03-06 12:45:00+00:00,210.5229949951172,210.70700073242188,210.51699829101562,210.5540008544922,0,0.0,0.0
2026-03-06 13:00:00+00:00,210.55499267578125,210.7239990234375,210.48899841308594,210.6999969482422,0,0.0,0.0
2026-03-06 13:15:00+00:00,210.697998046875,210.88299560546875,210.67799377441406,210.7790069580078,0,0.0,0.0
2026-03-06 13:30:00+00:00,210.7779998779297,210.7949981689453,210.51400756835938,210.7310028076172,0,0.0,0.0
2026-03-06 13:45:00+00:00,210.7270050048828,210.82899475097656,210.54400634765625,210.56700134277344,0,0.0,0.0
2026-03-06 14:00:00+00:00,210.56900024414062,210.63999938964844,210.50999450683594,210.54800415039062,0,0.0,0.0
2026-03-06 14:15:00+00:00,210.55499267578125,210.78399658203125,210.50799560546875,210.76400756835938,0,0.0,0.0
2026-03-06 14:30:00+00:00,210.75900268554688,210.8040008544922,210.5449981689453,210.5709991455078,0,0.0,0.0
2026-03-06 14:45:00+00:00,210.56399536132812,210.6230010986328,210.2740020751953,210.33700561523438,0,0.0,0.0
2026-03-06 15:00:00+00:00,210.33799743652344,210.8350067138672,210.30799865722656,210.8260040283203,0,0.0,0.0
2026-03-06 15:15:00+00:00,210.82000732421875,210.8979949951172,210.6219940185547,210.68099975585938,0,0.0,0.0
2026-03-06 15:30:00+00:00,210.68499755859375,210.86099243164062,210.53199768066406,210.6529998779297,0,0.0,0.0
2026-03-06 15:45:00+00:00,210.6529998779297,210.67100524902344,210.39100646972656,210.51699829101562,0,0.0,0.0
2026-03-06 16:00:00+00:00,210.51499938964844,211.08099365234375,210.51400756835938,210.99600219726562,0,0.0,0.0
2026-03-06 16:15:00+00:00,210.99099731445312,211.07899475097656,210.9550018310547,211.03900146484375,0,0.0,0.0
2026-03-06 16:30:00+00:00,211.04299926757812,211.177001953125,210.95199584960938,211.1439971923828,0,0.0,0.0
2026-03-06 16:45:00+00:00,211.14300537109375,211.23699951171875,211.07699584960938,211.19400024414062,0,0.0,0.0
2026-03-06 17:00:00+00:00,211.19200134277344,211.30299377441406,211.13699340820312,211.18499755859375,0,0.0,0.0
2026-03-06 17:15:00+00:00,211.18499755859375,211.29100036621094,211.1320037841797,211.21800231933594,0,0.0,0.0
2026-03-06 17:30:00+00:00,211.21299743652344,211.3509979248047,211.18699645996094,211.3040008544922,0,0.0,0.0
2026-03-06 17:45:00+00:00,211.31199645996094,211.32699584960938,211.1959991455078,211.2429962158203,0,0.0,0.0
2026-03-06 18:00:00+00:00,211.24400329589844,211.3990020751953,211.22300720214844,211.22500610351562,0,0.0,0.0
2026-03-06 18:15:00+00:00,211.22799682617188,211.3000030517578,211.11199951171875,211.16700744628906,0,0.0,0.0
2026-03-06 18:30:00+00:00,211.1649932861328,211.2790069580078,211.14999389648438,211.2689971923828,0,0.0,0.0
2026-03-06 18:45:00+00:00,211.27000427246094,211.31500244140625,211.19500732421875,211.25399780273438,0,0.0,0.0
2026-03-06 19:00:00+00:00,211.25399780273438,211.3300018310547,211.2209930419922,211.30599975585938,0,0.0,0.0
2026-03-06 19:15:00+00:00,211.2989959716797,211.35299682617188,211.26600646972656,211.31399536132812,0,0.0,0.0
2026-03-06 19:30:00+00:00,211.31300354003906,211.3520050048828,211.23899841308594,211.2949981689453,0,0.0,0.0
2026-03-06 19:45:00+00:00,211.29400634765625,211.36399841308594,211.26199340820312,211.33299255371094,0,0.0,0.0
2026-03-06 20:00:00+00:00,211.33799743652344,211.44700622558594,211.33399963378906,211.40699768066406,0,0.0,0.0
2026-03-06 20:15:00+00:00,211.4040069580078,211.43899536132812,211.31399536132812,211.35000610351562,0,0.0,0.0
2026-03-06 20:30:00+00:00,211.35000610351562,211.39500427246094,211.2989959716797,211.3459930419922,0,0.0,0.0
2026-03-06 20:45:00+00:00,211.34300231933594,211.48800659179688,211.33099365234375,211.447998046875,0,0.0,0.0
2026-03-06 21:00:00+00:00,211.447998046875,211.5070037841797,211.39999389648438,211.5019989013672,0,0.0,0.0
2026-03-06 21:15:00+00:00,211.49200439453125,211.54200744628906,211.46099853515625,211.46499633789062,0,0.0,0.0
2026-03-06 21:30:00+00:00,211.4669952392578,211.50100708007812,211.3260040283203,211.36300659179688,0,0.0,0.0
2026-03-06 21:45:00+00:00,211.3699951171875,211.64700317382812,211.302001953125,211.61900329589844,0,0.0,0.0
2026-03-06 22:00:00+00:00,211.61399841308594,211.61399841308594,211.61399841308594,211.61399841308594,0,0.0,0.0
2026-03-06 22:15:00+00:00,211.61399841308594,211.61399841308594,211.61399841308594,211.61399841308594,0,0.0,0.0
2026-03-09 00:00:00+00:00,210.7550048828125,210.88299560546875,210.6649932861328,210.73699951171875,0,0.0,0.0
2026-03-09 00:15:00+00:00,210.73699951171875,210.80499267578125,210.6510009765625,210.78199768066406,0,0.0,0.0
2026-03-09 00:30:00+00:00,210.78199768066406,211.0260009765625,210.7689971923828,210.98699951171875,0,0.0,0.0
2026-03-09 00:45:00+00:00,210.98500061035156,211.0469970703125,210.86399841308594,210.99899291992188,0,0.0,0.0
2026-03-09 01:00:00+00:00,210.99899291992188,211.01800537109375,210.8209991455078,210.89999389648438,0,0.0,0.0
2026-03-09 01:15:00+00:00,210.906005859375,210.92599487304688,210.79400634765625,210.82000732421875,0,0.0,0.0
2026-03-09 01:30:00+00:00,210.8159942626953,210.92799377441406,210.8040008544922,210.8419952392578,0,0.0,0.0
2026-03-09 01:45:00+00:00,210.84100341796875,210.88099670410156,210.72999572753906,210.83099365234375,0,0.0,0.0
2026-03-09 02:00:00+00:00,210.83399963378906,211.1020050048828,210.8300018310547,210.96099853515625,0,0.0,0.0
2026-03-09 02:15:00+00:00,210.97000122070312,211.00900268554688,210.8489990234375,210.9600067138672,0,0.0,0.0
2026-03-09 02:30:00+00:00,210.9600067138672,211.1280059814453,210.88400268554688,211.11900329589844,0,0.0,0.0
2026-03-09 02:45:00+00:00,211.11900329589844,211.19900512695312,211.09500122070312,211.1490020751953,0,0.0,0.0
2026-03-09 03:00:00+00:00,211.1479949951172,211.23300170898438,211.07699584960938,211.09800720214844,0,0.0,0.0
2026-03-09 03:15:00+00:00,211.09800720214844,211.2480010986328,211.09500122070312,211.21099853515625,0,0.0,0.0
2026-03-09 03:30:00+00:00,211.21299743652344,211.30099487304688,211.1490020751953,211.1790008544922,0,0.0,0.0
2026-03-09 03:45:00+00:00,211.1790008544922,211.23199462890625,211.13299560546875,211.197998046875,0,0.0,0.0
2026-03-09 04:00:00+00:00,211.20399475097656,211.38299560546875,211.15899658203125,211.28599548339844,0,0.0,0.0
2026-03-09 04:15:00+00:00,211.29100036621094,211.2969970703125,211.19400024414062,211.22799682617188,0,0.0,0.0
2026-03-09 04:30:00+00:00,211.22999572753906,211.26699829101562,211.10899353027344,211.22999572753906,0,0.0,0.0
2026-03-09 04:45:00+00:00,211.22500610351562,211.24600219726562,211.02499389648438,211.05499267578125,0,0.0,0.0
2026-03-09 05:00:00+00:00,211.05799865722656,211.197998046875,211.03700256347656,211.16200256347656,0,0.0,0.0
2026-03-09 05:15:00+00:00,211.16700744628906,211.36300659179688,211.04200744628906,211.10299682617188,0,0.0,0.0
2026-03-09 05:30:00+00:00,211.10499572753906,211.21099853515625,210.98599243164062,211.13400268554688,0,0.0,0.0
2026-03-09 05:45:00+00:00,211.1300048828125,211.2209930419922,211.06199645996094,211.16000366210938,0,0.0,0.0
2026-03-09 06:00:00+00:00,211.15899658203125,211.30499267578125,211.05799865722656,211.1540069580078,0,0.0,0.0
2026-03-09 06:15:00+00:00,211.1529998779297,211.34100341796875,211.12399291992188,211.29100036621094,0,0.0,0.0
2026-03-09 06:30:00+00:00,211.29600524902344,211.3489990234375,211.18899536132812,211.2530059814453,0,0.0,0.0
2026-03-09 06:45:00+00:00,211.26100158691406,211.281005859375,211.14300537109375,211.1529998779297,0,0.0,0.0
2026-03-09 07:00:00+00:00,211.14100646972656,211.26800537109375,211.07699584960938,211.18299865722656,0,0.0,0.0
2026-03-09 07:15:00+00:00,211.17799377441406,211.28399658203125,211.1269989013672,211.25799560546875,0,0.0,0.0
2026-03-09 07:30:00+00:00,211.25,211.4720001220703,211.23599243164062,211.41400146484375,0,0.0,0.0
2026-03-09 07:45:00+00:00,211.40899658203125,211.48500061035156,211.32000732421875,211.4510040283203,0,0.0,0.0
2026-03-09 08:00:00+00:00,211.4530029296875,211.4810028076172,211.26600646972656,211.3509979248047,0,0.0,0.0
2026-03-09 08:15:00+00:00,211.3470001220703,211.3509979248047,211.1439971923828,211.1750030517578,0,0.0,0.0
2026-03-09 08:30:00+00:00,211.1719970703125,211.23199462890625,211.02000427246094,211.18099975585938,0,0.0,0.0
2026-03-09 08:45:00+00:00,211.19000244140625,211.27999877929688,211.07899475097656,211.27000427246094,0,0.0,0.0
2026-03-09 09:00:00+00:00,211.27499389648438,211.32699584960938,211.12399291992188,211.2100067138672,0,0.0,0.0
2026-03-09 09:15:00+00:00,211.21400451660156,211.35499572753906,211.1959991455078,211.31700134277344,0,0.0,0.0
2026-03-09 09:30:00+00:00,211.31700134277344,211.5030059814453,211.25999450683594,211.36399841308594,0,0.0,0.0
2026-03-09 09:45:00+00:00,211.36399841308594,211.4149932861328,211.26400756835938,211.3300018310547,0,0.0,0.0
2026-03-09 10:00:00+00:00,211.3300018310547,211.4510040283203,211.26699829101562,211.32699584960938,0,0.0,0.0
2026-03-09 10:15:00+00:00,211.3249969482422,211.3699951171875,211.2209930419922,211.3260040283203,0,0.0,0.0
2026-03-09 10:30:00+00:00,211.3280029296875,211.37600708007812,211.23399353027344,211.35400390625,0,0.0,0.0
2026-03-09 10:45:00+00:00,211.35800170898438,211.47900390625,211.2899932861328,211.4510040283203,0,0.0,0.0
2026-03-09 11:00:00+00:00,211.4510040283203,211.56700134277344,211.42300415039062,211.5500030517578,0,0.0,0.0
2026-03-09 11:15:00+00:00,211.55099487304688,211.5760040283203,211.44900512695312,211.468994140625,0,0.0,0.0
2026-03-09 11:30:00+00:00,211.468994140625,211.53900146484375,211.4029998779297,211.44700622558594,0,0.0,0.0
2026-03-09 11:45:00+00:00,211.4459991455078,211.53500366210938,211.38999938964844,211.51400756835938,0,0.0,0.0
2026-03-09 12:00:00+00:00,211.51300048828125,211.58099365234375,211.49200439453125,211.53799438476562,0,0.0,0.0
2026-03-09 12:15:00+00:00,211.53700256347656,211.59500122070312,211.4459991455078,211.53599548339844,0,0.0,0.0
2026-03-09 12:30:00+00:00,211.53500366210938,211.6179962158203,211.5189971923828,211.5749969482422,0,0.0,0.0
2026-03-09 12:45:00+00:00,211.5749969482422,211.7790069580078,211.53900146484375,211.7239990234375,0,0.0,0.0
2026-03-09 13:00:00+00:00,211.72799682617188,211.79200744628906,211.58700561523438,211.64999389648438,0,0.0,0.0
2026-03-09 13:15:00+00:00,211.64199829101562,211.79800415039062,211.61399841308594,211.7779998779297,0,0.0,0.0
2026-03-09 13:30:00+00:00,211.77499389648438,211.80099487304688,211.6320037841797,211.77499389648438,0,0.0,0.0
2026-03-09 13:45:00+00:00,211.7760009765625,211.82899475097656,211.6580047607422,211.7209930419922,0,0.0,0.0
2026-03-09 14:00:00+00:00,211.72000122070312,211.7429962158203,211.5679931640625,211.6649932861328,0,0.0,0.0
2026-03-09 14:15:00+00:00,211.66299438476562,211.70899963378906,211.48599243164062,211.52099609375,0,0.0,0.0
2026-03-09 14:30:00+00:00,211.52099609375,211.71600341796875,211.51400756835938,211.6999969482422,0,0.0,0.0
2026-03-09 14:45:00+00:00,211.7010040283203,211.93699645996094,211.69200134277344,211.87399291992188,0,0.0,0.0
2026-03-09 15:00:00+00:00,211.8719940185547,212.0449981689453,211.85899353027344,211.947998046875,0,0.0,0.0
2026-03-09 15:15:00+00:00,211.9499969482422,211.9810028076172,211.74400329589844,211.7530059814453,0,0.0,0.0
2026-03-09 15:30:00+00:00,211.74899291992188,211.7550048828125,211.625,211.69200134277344,0,0.0,0.0
2026-03-09 15:45:00+00:00,211.69200134277344,211.718994140625,211.60699462890625,211.71400451660156,0,0.0,0.0
2026-03-09 16:00:00+00:00,211.71299743652344,211.8419952392578,211.7050018310547,211.822998046875,0,0.0,0.0
2026-03-09 16:15:00+00:00,211.8280029296875,211.95700073242188,211.76300048828125,211.8350067138672,0,0.0,0.0
2026-03-09 16:30:00+00:00,211.83399963378906,211.88900756835938,211.76600646972656,211.7989959716797,0,0.0,0.0
2026-03-09 16:45:00+00:00,211.79600524902344,211.84300231933594,211.71200561523438,211.7519989013672,0,0.0,0.0
2026-03-09 17:00:00+00:00,211.75599670410156,211.875,211.72799682617188,211.875,0,0.0,0.0
2026-03-09 17:15:00+00:00,211.875,211.875,211.8070068359375,211.83099365234375,0,0.0,0.0
2026-03-09 17:30:00+00:00,211.83599853515625,211.91200256347656,211.82000732421875,211.89300537109375,0,0.0,0.0
2026-03-09 17:45:00+00:00,211.89300537109375,211.9810028076172,211.88999938964844,211.93299865722656,0,0.0,0.0
2026-03-09 18:00:00+00:00,211.92999267578125,212.0290069580078,211.92799377441406,211.97799682617188,0,0.0,0.0
2026-03-09 18:15:00+00:00,211.97799682617188,212.0570068359375,211.9530029296875,212.02099609375,0,0.0,0.0
2026-03-09 18:30:00+00:00,212.02200317382812,212.0489959716797,211.96600341796875,211.98800659179688,0,0.0,0.0
2026-03-09 18:45:00+00:00,211.99000549316406,212.07400512695312,211.96600341796875,212.00999450683594,0,0.0,0.0
2026-03-09 19:00:00+00:00,212.00999450683594,212.0919952392578,211.99200439453125,212.0780029296875,0,0.0,0.0
2026-03-09 19:15:00+00:00,212.0780029296875,212.17599487304688,211.9949951171875,212.08900451660156,0,0.0,0.0
2026-03-09 19:30:00+00:00,212.08799743652344,212.09800720214844,211.85299682617188,211.97000122070312,0,0.0,0.0
2026-03-09 19:45:00+00:00,211.97000122070312,212.03199768066406,211.83599853515625,211.98199462890625,0,0.0,0.0
2026-03-09 20:00:00+00:00,211.9770050048828,212.0989990234375,211.9029998779297,211.91900634765625,0,0.0,0.0
2026-03-09 20:15:00+00:00,211.9219970703125,212.0540008544922,211.84500122070312,211.98899841308594,0,0.0,0.0
2026-03-09 20:30:00+00:00,211.98500061035156,212.0,211.77999877929688,211.91200256347656,0,0.0,0.0
2026-03-09 20:45:00+00:00,211.91299438476562,211.9810028076172,211.73800659179688,211.73800659179688,0,0.0,0.0
2026-03-09 21:00:00+00:00,211.74000549316406,211.97000122070312,211.7050018310547,211.7949981689453,0,0.0,0.0
2026-03-09 21:15:00+00:00,211.7989959716797,211.94700622558594,211.75100708007812,211.86300659179688,0,0.0,0.0
2026-03-09 21:30:00+00:00,211.90699768066406,212.03199768066406,211.8520050048828,211.86700439453125,0,0.0,0.0
2026-03-09 21:45:00+00:00,211.8939971923828,211.97900390625,211.7480010986328,211.89999389648438,0,0.0,0.0
2026-03-09 22:00:00+00:00,211.85699462890625,212.0229949951172,211.84500122070312,211.97500610351562,0,0.0,0.0
2026-03-09 22:15:00+00:00,211.97500610351562,212.0659942626953,211.9010009765625,212.0330047607422,0,0.0,0.0
2026-03-09 22:30:00+00:00,212.01600646972656,212.03900146484375,211.89999389648438,211.98500061035156,0,0.0,0.0
2026-03-09 22:45:00+00:00,211.9709930419922,212.0260009765625,211.93099975585938,211.96600341796875,0,0.0,0.0
2026-03-09 23:00:00+00:00,211.96400451660156,212.02699279785156,211.9149932861328,212.0070037841797,0,0.0,0.0
2026-03-09 23:15:00+00:00,211.9929962158203,212.01600646972656,211.9530029296875,211.9969940185547,0,0.0,0.0
2026-03-09 23:30:00+00:00,211.99400329589844,212.0189971923828,211.91700744628906,212.0070037841797,0,0.0,0.0
2026-03-09 23:45:00+00:00,211.99899291992188,212.02200317382812,211.8769989013672,211.89999389648438,0,0.0,0.0
2026-03-10 00:00:00+00:00,211.91600036621094,211.9949951171875,211.82699584960938,211.89500427246094,0,0.0,0.0
2026-03-10 00:15:00+00:00,211.89999389648438,211.92300415039062,211.81199645996094,211.9080047607422,0,0.0,0.0
2026-03-10 00:30:00+00:00,211.9080047607422,212.01600646972656,211.8280029296875,211.8699951171875,0,0.0,0.0
2026-03-10 00:45:00+00:00,211.86300659179688,211.90199279785156,211.6929931640625,211.7209930419922,0,0.0,0.0
2026-03-10 01:00:00+00:00,211.718994140625,211.75599670410156,211.63900756835938,211.65699768066406,0,0.0,0.0
2026-03-10 01:15:00+00:00,211.66200256347656,211.82699584960938,211.65499877929688,211.7740020751953,0,0.0,0.0
2026-03-10 01:30:00+00:00,211.77999877929688,211.79800415039062,211.58299255371094,211.6199951171875,0,0.0,0.0
2026-03-10 01:45:00+00:00,211.62100219726562,211.76100158691406,211.61300659179688,211.6999969482422,0,0.0,0.0
2026-03-10 02:00:00+00:00,211.6999969482422,211.8040008544922,211.66299438476562,211.76400756835938,0,0.0,0.0
2026-03-10 02:15:00+00:00,211.77099609375,211.81399536132812,211.74200439453125,211.7760009765625,0,0.0,0.0
2026-03-10 02:30:00+00:00,211.77000427246094,211.8070068359375,211.72799682617188,211.76400756835938,0,0.0,0.0
2026-03-10 02:45:00+00:00,211.76100158691406,211.80999755859375,211.69700622558594,211.7989959716797,0,0.0,0.0
2026-03-10 03:00:00+00:00,211.79800415039062,211.90499877929688,211.79400634765625,211.8730010986328,0,0.0,0.0
2026-03-10 03:15:00+00:00,211.8719940185547,211.9290008544922,211.83099365234375,211.83700561523438,0,0.0,0.0
2026-03-10 03:30:00+00:00,211.83599853515625,211.86900329589844,211.79200744628906,211.83700561523438,0,0.0,0.0
2026-03-10 03:45:00+00:00,211.83799743652344,211.8509979248047,211.75799560546875,211.82200622558594,0,0.0,0.0
2026-03-10 04:00:00+00:00,211.82200622558594,211.86399841308594,211.78900146484375,211.80299377441406,0,0.0,0.0
2026-03-10 04:15:00+00:00,211.80299377441406,211.8260040283203,211.7310028076172,211.78500366210938,0,0.0,0.0
2026-03-10 04:30:00+00:00,211.7830047607422,211.81700134277344,211.7480010986328,211.75399780273438,0,0.0,0.0
2026-03-10 04:45:00+00:00,211.7570037841797,211.86900329589844,211.7469940185547,211.80499267578125,0,0.0,0.0
2026-03-10 05:00:00+00:00,211.8070068359375,211.8939971923828,211.73699951171875,211.7480010986328,0,0.0,0.0
2026-03-10 05:15:00+00:00,211.7480010986328,211.7949981689453,211.70899963378906,211.73699951171875,0,0.0,0.0
2026-03-10 05:30:00+00:00,211.74200439453125,211.7899932861328,211.6750030517578,211.72500610351562,0,0.0,0.0
2026-03-10 05:45:00+00:00,211.7220001220703,211.82200622558594,211.718994140625,211.7949981689453,0,0.0,0.0
2026-03-10 06:00:00+00:00,211.79600524902344,211.85800170898438,211.7259979248047,211.76499938964844,0,0.0,0.0
2026-03-10 06:15:00+00:00,211.76699829101562,211.8470001220703,211.7449951171875,211.83999633789062,0,0.0,0.0
2026-03-10 06:30:00+00:00,211.83700561523438,212.00999450683594,211.80599975585938,211.99200439453125,0,0.0,0.0
2026-03-10 06:45:00+00:00,211.98899841308594,212.00599670410156,211.87600708007812,211.89599609375,0,0.0,0.0
2026-03-10 07:00:00+00:00,211.8939971923828,212.0590057373047,211.88600158691406,212.02200317382812,0,0.0,0.0
2026-03-10 07:15:00+00:00,212.02200317382812,212.08599853515625,211.93800354003906,212.0469970703125,0,0.0,0.0
2026-03-10 07:30:00+00:00,212.0469970703125,212.08399963378906,211.81399536132812,211.92100524902344,0,0.0,0.0
2026-03-10 07:45:00+00:00,211.92100524902344,212.0260009765625,211.91099548339844,211.99200439453125,0,0.0,0.0
2026-03-10 08:00:00+00:00,211.98699951171875,212.1540069580078,211.95799255371094,212.0749969482422,0,0.0,0.0
2026-03-10 08:15:00+00:00,212.0749969482422,212.1300048828125,211.94900512695312,212.1179962158203,0,0.0,0.0
2026-03-10 08:30:00+00:00,212.11099243164062,212.23300170898438,212.0709991455078,212.20799255371094,0,0.0,0.0
2026-03-10 08:45:00+00:00,212.2050018310547,212.25999450683594,212.08599853515625,212.24200439453125,0,0.0,0.0
2026-03-10 09:00:00+00:00,212.24600219726562,212.2949981689453,212.1820068359375,212.19400024414062,0,0.0,0.0
2026-03-10 09:15:00+00:00,212.19200134277344,212.23199462890625,212.11700439453125,212.14500427246094,0,0.0,0.0
2026-03-10 09:30:00+00:00,212.14300537109375,212.2010040283203,212.08599853515625,212.1909942626953,0,0.0,0.0
2026-03-10 09:45:00+00:00,212.1909942626953,212.2729949951172,212.13499450683594,212.16600036621094,0,0.0,0.0
2026-03-10 10:00:00+00:00,212.1649932861328,212.197998046875,212.12600708007812,212.1699981689453,0,0.0,0.0
2026-03-10 10:15:00+00:00,212.17100524902344,212.28399658203125,212.13800048828125,212.19900512695312,0,0.0,0.0
2026-03-10 10:30:00+00:00,212.20199584960938,212.28599548339844,212.16000366210938,212.21499633789062,0,0.0,0.0
2026-03-10 10:45:00+00:00,212.21299743652344,212.25399780273438,212.1699981689453,212.2010040283203,0,0.0,0.0
2026-03-10 11:00:00+00:00,212.20199584960938,212.33599853515625,212.1959991455078,212.24000549316406,0,0.0,0.0
2026-03-10 11:15:00+00:00,212.23500061035156,212.28599548339844,212.13800048828125,212.19400024414062,0,0.0,0.0
2026-03-10 11:30:00+00:00,212.1909942626953,212.27499389648438,212.1529998779297,212.2689971923828,0,0.0,0.0
2026-03-10 11:45:00+00:00,212.27000427246094,212.33399963378906,212.1280059814453,212.13699340820312,0,0.0,0.0
2026-03-10 12:00:00+00:00,212.13900756835938,212.20899963378906,212.08900451660156,212.1479949951172,0,0.0,0.0
2026-03-10 12:15:00+00:00,212.14599609375,212.25999450683594,212.12899780273438,212.17599487304688,0,0.0,0.0
2026-03-10 12:30:00+00:00,212.17100524902344,212.27000427246094,212.12600708007812,212.218994140625,0,0.0,0.0
2026-03-10 12:45:00+00:00,212.218994140625,212.26300048828125,212.06100463867188,212.11000061035156,0,0.0,0.0
2026-03-10 13:00:00+00:00,212.11099243164062,212.2480010986328,212.052001953125,212.23399353027344,0,0.0,0.0
2026-03-10 13:15:00+00:00,212.22999572753906,212.3209991455078,212.19000244140625,212.3040008544922,0,0.0,0.0
2026-03-10 13:30:00+00:00,212.3090057373047,212.39999389648438,212.2570037841797,212.3179931640625,0,0.0,0.0
2026-03-10 13:45:00+00:00,212.3209991455078,212.33900451660156,212.21400451660156,212.25399780273438,0,0.0,0.0
2026-03-10 14:00:00+00:00,212.24899291992188,212.35899353027344,212.1649932861328,212.2429962158203,0,0.0,0.0
2026-03-10 14:15:00+00:00,212.24099731445312,212.30799865722656,212.1719970703125,212.19200134277344,0,0.0,0.0
2026-03-10 14:30:00+00:00,212.19000244140625,212.3000030517578,212.16600036621094,212.25599670410156,0,0.0,0.0
2026-03-10 14:45:00+00:00,212.2550048828125,212.38299560546875,212.23800659179688,212.35800170898438,0,0.0,0.0
2026-03-10 15:00:00+00:00,212.36000061035156,212.41299438476562,212.2949981689453,212.29600524902344,0,0.0,0.0
2026-03-10 15:15:00+00:00,212.29800415039062,212.32699584960938,212.18299865722656,212.18699645996094,0,0.0,0.0
2026-03-10 15:30:00+00:00,212.18899536132812,212.3350067138672,212.18099975585938,212.25,0,0.0,0.0
2026-03-10 15:45:00+00:00,212.2519989013672,212.28399658203125,212.08299255371094,212.0850067138672,0,0.0,0.0
2026-03-10 16:00:00+00:00,212.0850067138672,212.12600708007812,212.0050048828125,212.08599853515625,0,0.0,0.0
2026-03-10 16:15:00+00:00,212.08599853515625,212.16099548339844,212.0489959716797,212.13299560546875,0,0.0,0.0
2026-03-10 16:30:00+00:00,212.13099670410156,212.2010040283203,212.03700256347656,212.08200073242188,0,0.0,0.0
2026-03-10 16:45:00+00:00,212.08200073242188,212.1529998779297,212.0749969482422,212.125,0,0.0,0.0
2026-03-10 17:00:00+00:00,212.12600708007812,212.21099853515625,212.07899475097656,212.09500122070312,0,0.0,0.0
2026-03-10 17:15:00+00:00,212.093994140625,212.22799682617188,212.08099365234375,212.1280059814453,0,0.0,0.0
2026-03-10 17:30:00+00:00,212.12600708007812,212.18899536132812,212.0850067138672,212.11599731445312,0,0.0,0.0
2026-03-10 17:45:00+00:00,212.11700439453125,212.18499755859375,212.08900451660156,212.16099548339844,0,0.0,0.0
2026-03-10 18:00:00+00:00,212.15899658203125,212.23399353027344,212.09300231933594,212.1179962158203,0,0.0,0.0
2026-03-10 18:15:00+00:00,212.11599731445312,212.1929931640625,212.0570068359375,212.14999389648438,0,0.0,0.0
2026-03-10 18:30:00+00:00,212.1490020751953,212.1750030517578,212.0189971923828,212.06900024414062,0,0.0,0.0
2026-03-10 18:45:00+00:00,212.0679931640625,212.13800048828125,211.97799682617188,211.98899841308594,0,0.0,0.0
2026-03-10 19:00:00+00:00,211.99200439453125,212.0449981689453,211.9709930419922,212.03500366210938,0,0.0,0.0
2026-03-10 19:15:00+00:00,212.03500366210938,212.09500122070312,212.0070037841797,212.04600524902344,0,0.0,0.0
2026-03-10 19:30:00+00:00,212.04299926757812,212.1790008544922,212.02099609375,212.09500122070312,0,0.0,0.0
2026-03-10 19:45:00+00:00,212.09500122070312,212.1179962158203,212.0290069580078,212.04800415039062,0,0.0,0.0
2026-03-10 20:00:00+00:00,212.0489959716797,212.0679931640625,211.98899841308594,212.0290069580078,0,0.0,0.0
2026-03-10 20:15:00+00:00,212.0290069580078,212.0679931640625,211.98199462890625,212.06500244140625,0,0.0,0.0
2026-03-10 20:30:00+00:00,212.05999755859375,212.093994140625,212.0399932861328,212.0590057373047,0,0.0,0.0
2026-03-10 20:45:00+00:00,212.05299377441406,212.08799743652344,211.98500061035156,212.0330047607422,0,0.0,0.0
2026-03-10 21:00:00+00:00,212.03500366210938,212.13800048828125,211.9429931640625,211.9739990234375,0,0.0,0.0
2026-03-10 21:15:00+00:00,211.9810028076172,212.1479949951172,211.96299743652344,212.07899475097656,0,0.0,0.0
2026-03-10 21:30:00+00:00,212.06399536132812,212.16299438476562,212.01800537109375,212.10000610351562,0,0.0,0.0
2026-03-10 21:45:00+00:00,212.10000610351562,212.1540069580078,211.9739990234375,212.03399658203125,0,0.0,0.0
2026-03-10 22:00:00+00:00,212.01499938964844,212.177001953125,211.9810028076172,212.0330047607422,0,0.0,0.0
2026-03-10 22:15:00+00:00,212.08799743652344,212.1320037841797,212.03599548339844,212.0760040283203,0,0.0,0.0
2026-03-10 22:30:00+00:00,212.1009979248047,212.1300048828125,212.06100463867188,212.11500549316406,0,0.0,0.0
2026-03-10 22:45:00+00:00,212.11700439453125,212.16000366210938,212.07400512695312,212.13999938964844,0,0.0,0.0
2026-03-10 23:00:00+00:00,212.12899780273438,212.18099975585938,212.11000061035156,212.14300537109375,0,0.0,0.0
2026-03-10 23:15:00+00:00,212.14300537109375,212.17999267578125,212.0919952392578,212.1580047607422,0,0.0,0.0
2026-03-10 23:30:00+00:00,212.1540069580078,212.16600036621094,212.0780029296875,212.1580047607422,0,0.0,0.0
2026-03-10 23:45:00+00:00,212.1439971923828,212.21099853515625,212.08700561523438,212.1820068359375,0,0.0,0.0
2026-03-11 00:00:00+00:00,212.16200256347656,212.26699829101562,212.11900329589844,212.17300415039062,0,0.0,0.0
2026-03-11 00:15:00+00:00,212.16799926757812,212.26699829101562,212.14100646972656,212.24899291992188,0,0.0,0.0
2026-03-11 00:30:00+00:00,212.24899291992188,212.36599731445312,212.24200439453125,212.3489990234375,0,0.0,0.0
2026-03-11 00:45:00+00:00,212.3560028076172,212.52099609375,212.3489990234375,212.45599365234375,0,0.0,0.0
2026-03-11 01:00:00+00:00,212.45899963378906,212.6439971923828,212.45399475097656,212.63499450683594,0,0.0,0.0
2026-03-11 01:15:00+00:00,212.63099670410156,212.781005859375,212.58900451660156,212.73199462890625,0,0.0,0.0
2026-03-11 01:30:00+00:00,212.73899841308594,212.8040008544922,212.69400024414062,212.77200317382812,0,0.0,0.0
2026-03-11 01:45:00+00:00,212.76699829101562,212.85000610351562,212.71299743652344,212.80599975585938,0,0.0,0.0
2026-03-11 02:00:00+00:00,212.80999755859375,212.83599853515625,212.7530059814453,212.79600524902344,0,0.0,0.0
2026-03-11 02:15:00+00:00,212.7949981689453,212.8800048828125,212.78700256347656,212.85299682617188,0,0.0,0.0
2026-03-11 02:30:00+00:00,212.85299682617188,212.86099243164062,212.78700256347656,212.8350067138672,0,0.0,0.0
2026-03-11 02:45:00+00:00,212.83399963378906,212.88299560546875,212.78399658203125,212.8350067138672,0,0.0,0.0
2026-03-11 03:00:00+00:00,212.8350067138672,212.86399841308594,212.73399353027344,212.76100158691406,0,0.0,0.0
2026-03-11 03:15:00+00:00,212.76199340820312,212.81300354003906,212.74400329589844,212.75399780273438,0,0.0,0.0
2026-03-11 03:30:00+00:00,212.75399780273438,212.7989959716797,212.73800659179688,212.77699279785156,0,0.0,0.0
2026-03-11 03:45:00+00:00,212.77699279785156,212.83299255371094,212.76600646972656,212.7989959716797,0,0.0,0.0
2026-03-11 04:00:00+00:00,212.80099487304688,212.8560028076172,212.77000427246094,212.80299377441406,0,0.0,0.0
2026-03-11 04:15:00+00:00,212.80099487304688,212.88499450683594,212.781005859375,212.8699951171875,0,0.0,0.0
2026-03-11 04:30:00+00:00,212.8730010986328,212.87600708007812,212.78900146484375,212.79600524902344,0,0.0,0.0
2026-03-11 04:45:00+00:00,212.7949981689453,212.83599853515625,212.70199584960938,212.70599365234375,0,0.0,0.0
2026-03-11 05:00:00+00:00,212.71099853515625,212.7830047607422,212.6739959716797,212.68299865722656,0,0.0,0.0
2026-03-11 05:15:00+00:00,212.68299865722656,212.72000122070312,212.64599609375,212.67300415039062,0,0.0,0.0
2026-03-11 05:30:00+00:00,212.67300415039062,212.71600341796875,212.6300048828125,212.6750030517578,0,0.0,0.0
2026-03-11 05:45:00+00:00,212.6739959716797,212.72999572753906,212.63699340820312,212.7030029296875,0,0.0,0.0
2026-03-11 06:00:00+00:00,212.7010040283203,212.7100067138672,212.55599975585938,212.61700439453125,0,0.0,0.0
2026-03-11 06:15:00+00:00,212.61399841308594,212.66400146484375,212.45599365234375,212.4969940185547,0,0.0,0.0
2026-03-11 06:30:00+00:00,212.48500061035156,212.54100036621094,212.36199951171875,212.3939971923828,0,0.0,0.0
2026-03-11 06:45:00+00:00,212.39199829101562,212.5050048828125,212.35699462890625,212.4759979248047,0,0.0,0.0
2026-03-11 07:00:00+00:00,212.47999572753906,212.51100158691406,212.38699340820312,212.44500732421875,0,0.0,0.0
2026-03-11 07:15:00+00:00,212.44400024414062,212.53500366210938,212.39100646972656,212.45199584960938,0,0.0,0.0
2026-03-11 07:30:00+00:00,212.45199584960938,212.60499572753906,212.4510040283203,212.5709991455078,0,0.0,0.0
2026-03-11 07:45:00+00:00,212.57000732421875,212.6479949951172,212.5030059814453,212.56399536132812,0,0.0,0.0
2026-03-11 08:00:00+00:00,212.5659942626953,212.58599853515625,212.4550018310547,212.55799865722656,0,0.0,0.0
2026-03-11 08:15:00+00:00,212.55799865722656,212.68499755859375,212.5290069580078,212.58900451660156,0,0.0,0.0
2026-03-11 08:30:00+00:00,212.5919952392578,212.6540069580078,212.46600341796875,212.47900390625,0,0.0,0.0
2026-03-11 08:45:00+00:00,212.47900390625,212.67999267578125,212.42300415039062,212.67100524902344,0,0.0,0.0
2026-03-11 09:00:00+00:00,212.67599487304688,212.70199584960938,212.38600158691406,212.64100646972656,0,0.0,0.0
2026-03-11 09:15:00+00:00,212.63900756835938,212.7100067138672,212.50799560546875,212.51699829101562,0,0.0,0.0
2026-03-11 09:30:00+00:00,212.51699829101562,212.69400024414062,212.50799560546875,212.61700439453125,0,0.0,0.0
2026-03-11 09:45:00+00:00,212.61900329589844,212.6699981689453,212.45799255371094,212.6020050048828,0,0.0,0.0
2026-03-11 10:00:00+00:00,212.5959930419922,212.6699981689453,212.552001953125,212.6300048828125,0,0.0,0.0
2026-03-11 10:15:00+00:00,212.62899780273438,212.87399291992188,212.6199951171875,212.81100463867188,0,0.0,0.0
2026-03-11 10:30:00+00:00,212.81700134277344,212.87899780273438,212.80799865722656,212.82699584960938,0,0.0,0.0
2026-03-11 10:45:00+00:00,212.82699584960938,212.83900451660156,212.70899963378906,212.83200073242188,0,0.0,0.0
2026-03-11 11:00:00+00:00,212.82400512695312,212.8470001220703,212.71400451660156,212.78900146484375,0,0.0,0.0
2026-03-11 11:15:00+00:00,212.78700256347656,212.8249969482422,212.71800231933594,212.7740020751953,0,0.0,0.0
2026-03-11 11:30:00+00:00,212.77699279785156,212.86900329589844,212.72999572753906,212.81700134277344,0,0.0,0.0
2026-03-11 11:45:00+00:00,212.82200622558594,212.9739990234375,212.718994140625,212.8280029296875,0,0.0,0.0
2026-03-11 12:00:00+00:00,212.8280029296875,212.90899658203125,212.75599670410156,212.79299926757812,0,0.0,0.0
2026-03-11 12:15:00+00:00,212.7899932861328,212.80999755859375,212.58200073242188,212.66000366210938,0,0.0,0.0
2026-03-11 12:30:00+00:00,212.677001953125,212.74899291992188,212.5800018310547,212.625,0,0.0,0.0
2026-03-11 12:45:00+00:00,212.62600708007812,212.6320037841797,212.44200134277344,212.51499938964844,0,0.0,0.0
2026-03-11 13:00:00+00:00,212.51499938964844,212.677001953125,212.47000122070312,212.62100219726562,0,0.0,0.0
2026-03-11 13:15:00+00:00,212.62100219726562,212.7530059814453,212.59100341796875,212.69400024414062,0,0.0,0.0
2026-03-11 13:30:00+00:00,212.69400024414062,212.71099853515625,212.55299377441406,212.60800170898438,0,0.0,0.0
2026-03-11 13:45:00+00:00,212.60699462890625,212.70399475097656,212.55299377441406,212.64599609375,0,0.0,0.0
2026-03-11 14:00:00+00:00,212.65199279785156,212.92100524902344,212.6199951171875,212.90699768066406,0,0.0,0.0
2026-03-11 14:15:00+00:00,212.906005859375,212.97900390625,212.8470001220703,212.97300720214844,0,0.0,0.0
2026-03-11 14:30:00+00:00,212.96499633789062,213.01199340820312,212.88299560546875,212.9219970703125,0,0.0,0.0
2026-03-11 14:45:00+00:00,212.91900634765625,213.07200622558594,212.86099243164062,213.00399780273438,0,0.0,0.0
2026-03-11 15:00:00+00:00,213.00399780273438,213.05299377441406,212.91799926757812,212.91799926757812,0,0.0,0.0
2026-03-11 15:15:00+00:00,212.91900634765625,212.97999572753906,212.8489990234375,212.9429931640625,0,0.0,0.0
2026-03-11 15:30:00+00:00,212.94200134277344,212.94900512695312,212.8070068359375,212.8209991455078,0,0.0,0.0
2026-03-11 15:45:00+00:00,212.82400512695312,212.8820037841797,212.73800659179688,212.7899932861328,0,0.0,0.0
2026-03-11 16:00:00+00:00,212.7899932861328,212.92799377441406,212.7519989013672,212.91299438476562,0,0.0,0.0
2026-03-11 16:15:00+00:00,212.91299438476562,212.9340057373047,212.82699584960938,212.87600708007812,0,0.0,0.0
2026-03-11 16:30:00+00:00,212.8800048828125,212.9770050048828,212.8300018310547,212.9429931640625,0,0.0,0.0
2026-03-11 16:45:00+00:00,212.947998046875,213.03199768066406,212.91400146484375,212.98800659179688,0,0.0,0.0
2026-03-11 17:00:00+00:00,212.98800659179688,213.03700256347656,212.96099853515625,213.00900268554688,0,0.0,0.0
2026-03-11 17:15:00+00:00,213.00599670410156,213.1929931640625,212.97000122070312,213.17100524902344,0,0.0,0.0
2026-03-11 17:30:00+00:00,213.1790008544922,213.19400024414062,212.9770050048828,213.04299926757812,0,0.0,0.0
2026-03-11 17:45:00+00:00,213.04299926757812,213.05999755859375,212.97000122070312,213.01300048828125,0,0.0,0.0
2026-03-11 18:00:00+00:00,213.00799560546875,213.06100463867188,212.98800659179688,213.0540008544922,0,0.0,0.0
2026-03-11 18:15:00+00:00,213.05599975585938,213.1820068359375,213.04800415039062,213.17300415039062,0,0.0,0.0
2026-03-11 18:30:00+00:00,213.17300415039062,213.21600341796875,213.13499450683594,213.15199279785156,0,0.0,0.0
2026-03-11 18:45:00+00:00,213.14999389648438,213.21499633789062,213.14300537109375,213.1959991455078,0,0.0,0.0
2026-03-11 19:00:00+00:00,213.1999969482422,213.2259979248047,213.15699768066406,213.17999267578125,0,0.0,0.0
2026-03-11 19:15:00+00:00,213.17999267578125,213.2530059814453,213.15899658203125,213.21400451660156,0,0.0,0.0
2026-03-11 19:30:00+00:00,213.21499633789062,213.28799438476562,213.1999969482422,213.26300048828125,0,0.0,0.0
2026-03-11 19:45:00+00:00,213.26499938964844,213.3000030517578,213.24400329589844,213.27200317382812,0,0.0,0.0
2026-03-11 20:00:00+00:00,213.29100036621094,213.29100036621094,213.2259979248047,213.23399353027344,0,0.0,0.0
2026-03-11 20:15:00+00:00,213.23699951171875,213.26400756835938,213.20199584960938,213.2209930419922,0,0.0,0.0
2026-03-11 20:30:00+00:00,213.22300720214844,213.2550048828125,213.18800354003906,213.2030029296875,0,0.0,0.0
2026-03-11 20:45:00+00:00,213.197998046875,213.2100067138672,213.13299560546875,213.16099548339844,0,0.0,0.0
2026-03-11 21:00:00+00:00,213.14100646972656,213.1739959716797,213.0540008544922,213.0959930419922,0,0.0,0.0
2026-03-11 21:15:00+00:00,213.10299682617188,213.1739959716797,213.06100463867188,213.10000610351562,0,0.0,0.0
2026-03-11 21:30:00+00:00,213.08599853515625,213.16900634765625,213.00599670410156,213.06100463867188,0,0.0,0.0
2026-03-11 21:45:00+00:00,213.0279998779297,213.14300537109375,212.91600036621094,213.01199340820312,0,0.0,0.0
2026-03-11 22:00:00+00:00,213.00900268554688,213.1909942626953,212.9550018310547,213.0330047607422,0,0.0,0.0
2026-03-11 22:15:00+00:00,213.02999877929688,213.0540008544922,212.90899658203125,212.9510040283203,0,0.0,0.0
2026-03-11 22:30:00+00:00,212.98800659179688,212.99899291992188,212.89500427246094,212.91299438476562,0,0.0,0.0
2026-03-11 22:45:00+00:00,212.9010009765625,212.91600036621094,212.843994140625,212.86000061035156,0,0.0,0.0
2026-03-11 23:00:00+00:00,212.8679962158203,212.97500610351562,212.8260040283203,212.9600067138672,0,0.0,0.0
2026-03-11 23:15:00+00:00,212.95700073242188,213.00399780273438,212.9250030517578,212.92799377441406,0,0.0,0.0
2026-03-11 23:30:00+00:00,212.92799377441406,212.93699645996094,212.8070068359375,212.8459930419922,0,0.0,0.0
2026-03-11 23:45:00+00:00,212.843994140625,212.8979949951172,212.822998046875,212.87100219726562,0,0.0,0.0
2026-03-12 00:00:00+00:00,212.88600158691406,212.9929962158203,212.8459930419922,212.8560028076172,0,0.0,0.0
2026-03-12 00:15:00+00:00,212.87600708007812,212.95399475097656,212.85499572753906,212.93299865722656,0,0.0,0.0
2026-03-12 00:30:00+00:00,212.9290008544922,213.01800537109375,212.91799926757812,213.01800537109375,0,0.0,0.0
2026-03-12 00:45:00+00:00,213.01300048828125,213.0290069580078,212.73199462890625,212.74899291992188,0,0.0,0.0
2026-03-12 01:00:00+00:00,212.7429962158203,212.78199768066406,212.6439971923828,212.71200561523438,0,0.0,0.0
2026-03-12 01:15:00+00:00,212.7010040283203,212.76499938964844,212.66400146484375,212.71299743652344,0,0.0,0.0
2026-03-12 01:30:00+00:00,212.71600341796875,212.80599975585938,212.69500732421875,212.70399475097656,0,0.0,0.0
2026-03-12 01:45:00+00:00,212.7010040283203,212.73699951171875,212.64500427246094,212.67999267578125,0,0.0,0.0
2026-03-12 02:00:00+00:00,212.67999267578125,212.7760009765625,212.677001953125,212.7100067138672,0,0.0,0.0
2026-03-12 02:15:00+00:00,212.7030029296875,212.76499938964844,212.69400024414062,212.69700622558594,0,0.0,0.0
2026-03-12 02:30:00+00:00,212.697998046875,212.7239990234375,212.60299682617188,212.6699981689453,0,0.0,0.0
2026-03-12 02:45:00+00:00,212.67100524902344,212.68800354003906,212.62100219726562,212.6649932861328,0,0.0,0.0
2026-03-12 03:00:00+00:00,212.65899658203125,212.67100524902344,212.57899475097656,212.5959930419922,0,0.0,0.0
2026-03-12 03:15:00+00:00,212.59300231933594,212.6300048828125,212.57200622558594,212.57899475097656,0,0.0,0.0
2026-03-12 03:30:00+00:00,212.58099365234375,212.656005859375,212.5659942626953,212.58900451660156,0,0.0,0.0
2026-03-12 03:45:00+00:00,212.58700561523438,212.65499877929688,212.55499267578125,212.63600158691406,0,0.0,0.0
2026-03-12 04:00:00+00:00,212.63499450683594,212.66200256347656,212.61300659179688,212.6529998779297,0,0.0,0.0
2026-03-12 04:15:00+00:00,212.6529998779297,212.6719970703125,212.61300659179688,212.64599609375,0,0.0,0.0
2026-03-12 04:30:00+00:00,212.64100646972656,212.6929931640625,212.6179962158203,212.68099975585938,0,0.0,0.0
2026-03-12 04:45:00+00:00,212.68099975585938,212.6999969482422,212.61300659179688,212.62600708007812,0,0.0,0.0
2026-03-12 05:00:00+00:00,212.62600708007812,212.65499877929688,212.5540008544922,212.63800048828125,0,0.0,0.0
2026-03-12 05:15:00+00:00,212.63099670410156,212.7050018310547,212.61700439453125,212.6540069580078,0,0.0,0.0
2026-03-12 05:30:00+00:00,212.6529998779297,212.70899963378906,212.64100646972656,212.66400146484375,0,0.0,0.0
2026-03-12 05:45:00+00:00,212.66600036621094,212.7100067138672,212.61599731445312,212.69900512695312,0,0.0,0.0
2026-03-12 06:00:00+00:00,212.69900512695312,212.7429962158203,212.6439971923828,212.656005859375,0,0.0,0.0
2026-03-12 06:15:00+00:00,212.6479949951172,212.66799926757812,212.56500244140625,212.62600708007812,0,0.0,0.0
2026-03-12 06:30:00+00:00,212.61700439453125,212.66099548339844,212.56700134277344,212.60899353027344,0,0.0,0.0
2026-03-12 06:45:00+00:00,212.60499572753906,212.63099670410156,212.57899475097656,212.6230010986328,0,0.0,0.0
2026-03-12 07:00:00+00:00,212.6179962158203,212.76499938964844,212.58799743652344,212.62100219726562,0,0.0,0.0
2026-03-12 07:15:00+00:00,212.6179962158203,212.718994140625,212.56100463867188,212.6820068359375,0,0.0,0.0
2026-03-12 07:30:00+00:00,212.67799377441406,212.72300720214844,212.6529998779297,212.68699645996094,0,0.0,0.0
2026-03-12 07:45:00+00:00,212.6840057373047,212.70899963378906,212.54600524902344,212.65899658203125,0,0.0,0.0
2026-03-12 08:00:00+00:00,212.66400146484375,212.6790008544922,212.48399353027344,212.50100708007812,0,0.0,0.0
2026-03-12 08:15:00+00:00,212.50599670410156,212.60400390625,212.48300170898438,212.57699584960938,0,0.0,0.0
2026-03-12 08:30:00+00:00,212.57699584960938,212.6490020751953,212.5229949951172,212.63499450683594,0,0.0,0.0
2026-03-12 08:45:00+00:00,212.6320037841797,212.6739959716797,212.49099731445312,212.55999755859375,0,0.0,0.0
2026-03-12 09:00:00+00:00,212.55999755859375,212.61700439453125,212.51100158691406,212.54400634765625,0,0.0,0.0
2026-03-12 09:15:00+00:00,212.5399932861328,212.65699768066406,212.51800537109375,212.6320037841797,0,0.0,0.0
2026-03-12 09:30:00+00:00,212.63600158691406,212.6790008544922,212.58099365234375,212.656005859375,0,0.0,0.0
2026-03-12 09:45:00+00:00,212.6580047607422,212.6580047607422,212.552001953125,212.61300659179688,0,0.0,0.0
2026-03-12 10:00:00+00:00,212.6179962158203,212.6320037841797,212.54299926757812,212.5500030517578,0,0.0,0.0
2026-03-12 10:15:00+00:00,212.5500030517578,212.58399963378906,212.50100708007812,212.53700256347656,0,0.0,0.0
2026-03-12 10:30:00+00:00,212.53900146484375,212.61099243164062,212.4770050048828,212.48899841308594,0,0.0,0.0
2026-03-12 10:45:00+00:00,212.48599243164062,212.58700561523438,212.45599365234375,212.55499267578125,0,0.0,0.0
2026-03-12 11:00:00+00:00,212.55999755859375,212.58799743652344,212.5290069580078,212.5800018310547,0,0.0,0.0
2026-03-12 11:15:00+00:00,212.5780029296875,212.59500122070312,212.5330047607422,212.5590057373047,0,0.0,0.0
2026-03-12 11:30:00+00:00,212.56399536132812,212.6580047607422,212.5240020751953,212.63900756835938,0,0.0,0.0
2026-03-12 11:45:00+00:00,212.63699340820312,212.6820068359375,212.5659942626953,212.60400390625,0,0.0,0.0
2026-03-12 12:00:00+00:00,212.6009979248047,212.6490020751953,212.53900146484375,212.58399963378906,0,0.0,0.0
2026-03-12 12:15:00+00:00,212.5850067138672,212.58900451660156,212.45199584960938,212.54800415039062,0,0.0,0.0
2026-03-12 12:30:00+00:00,212.54600524902344,212.57000732421875,212.42799377441406,212.5019989013672,0,0.0,0.0
2026-03-12 12:45:00+00:00,212.49899291992188,212.57000732421875,212.46200561523438,212.56199645996094,0,0.0,0.0
2026-03-12 13:00:00+00:00,212.5590057373047,212.718994140625,212.54600524902344,212.68499755859375,0,0.0,0.0
2026-03-12 13:15:00+00:00,212.68699645996094,212.7310028076172,212.5449981689453,212.69000244140625,0,0.0,0.0
2026-03-12 13:30:00+00:00,212.68899536132812,212.74000549316406,212.61399841308594,212.65199279785156,0,0.0,0.0
2026-03-12 13:45:00+00:00,212.6540069580078,212.72999572753906,212.51800537109375,212.55499267578125,0,0.0,0.0
2026-03-12 14:00:00+00:00,212.55599975585938,212.6300048828125,212.51600646972656,212.62399291992188,0,0.0,0.0
2026-03-12 14:15:00+00:00,212.62899780273438,212.6959991455078,212.5500030517578,212.58299255371094,0,0.0,0.0
2026-03-12 14:30:00+00:00,212.57899475097656,212.62399291992188,212.51400756835938,212.5709991455078,0,0.0,0.0
2026-03-12 14:45:00+00:00,212.5760040283203,212.68299865722656,212.5,212.61300659179688,0,0.0,0.0
2026-03-12 15:00:00+00:00,212.60800170898438,212.64199829101562,212.43099975585938,212.4600067138672,0,0.0,0.0
2026-03-12 15:15:00+00:00,212.45399475097656,212.55299377441406,212.4510040283203,212.51199340820312,0,0.0,0.0
2026-03-12 15:30:00+00:00,212.51100158691406,212.625,212.48599243164062,212.5659942626953,0,0.0,0.0
2026-03-12 15:45:00+00:00,212.56700134277344,212.58700561523438,212.3990020751953,212.51400756835938,0,0.0,0.0
2026-03-12 16:00:00+00:00,212.51100158691406,212.572998046875,212.4320068359375,212.53900146484375,0,0.0,0.0
2026-03-12 16:15:00+00:00,212.5399932861328,212.6959991455078,212.5070037841797,212.59100341796875,0,0.0,0.0
2026-03-12 16:30:00+00:00,212.593994140625,212.6479949951172,212.49899291992188,212.51600646972656,0,0.0,0.0
2026-03-12 16:45:00+00:00,212.51600646972656,212.52699279785156,212.44200134277344,212.5070037841797,0,0.0,0.0
2026-03-12 17:00:00+00:00,212.5070037841797,212.68600463867188,212.5,212.63999938964844,0,0.0,0.0
2026-03-12 17:15:00+00:00,212.63999938964844,212.7209930419922,212.58900451660156,212.69000244140625,0,0.0,0.0
2026-03-12 17:30:00+00:00,212.68299865722656,212.78399658203125,212.6790008544922,212.7449951171875,0,0.0,0.0
2026-03-12 17:45:00+00:00,212.74200439453125,212.77999877929688,212.70599365234375,212.7740020751953,0,0.0,0.0
2026-03-12 18:00:00+00:00,212.7779998779297,212.8560028076172,212.73599243164062,212.83999633789062,0,0.0,0.0
2026-03-12 18:15:00+00:00,212.84100341796875,212.86700439453125,212.70399475097656,212.7220001220703,0,0.0,0.0
2026-03-12 18:30:00+00:00,212.7270050048828,212.7729949951172,212.70399475097656,212.72000122070312,0,0.0,0.0
2026-03-12 18:45:00+00:00,212.7220001220703,212.74099731445312,212.65699768066406,212.6790008544922,0,0.0,0.0
2026-03-12 19:00:00+00:00,212.67999267578125,212.73300170898438,212.6439971923828,212.7270050048828,0,0.0,0.0
2026-03-12 19:15:00+00:00,212.72999572753906,212.76300048828125,212.677001953125,212.7310028076172,0,0.0,0.0
2026-03-12 19:30:00+00:00,212.72799682617188,212.76199340820312,212.63800048828125,212.65699768066406,0,0.0,0.0
2026-03-12 19:45:00+00:00,212.6649932861328,212.74099731445312,212.6269989013672,212.72000122070312,0,0.0,0.0
2026-03-12 20:00:00+00:00,212.7209930419922,212.7570037841797,212.68099975585938,212.73300170898438,0,0.0,0.0
2026-03-12 20:15:00+00:00,212.7270050048828,212.73599243164062,212.64100646972656,212.6479949951172,0,0.0,0.0
2026-03-12 20:30:00+00:00,212.64700317382812,212.66900634765625,212.61199951171875,212.66099548339844,0,0.0,0.0
2026-03-12 20:45:00+00:00,212.66400146484375,212.71800231933594,212.54400634765625,212.56300354003906,0,0.0,0.0
2026-03-12 21:00:00+00:00,212.53900146484375,212.66299438476562,212.39500427246094,212.52699279785156,0,0.0,0.0
2026-03-12 21:15:00+00:00,212.55999755859375,212.6300048828125,212.3769989013672,212.5,0,0.0,0.0
2026-03-12 21:30:00+00:00,212.4949951171875,212.7270050048828,212.4949951171875,212.65899658203125,0,0.0,0.0
2026-03-12 21:45:00+00:00,212.66000366210938,212.74099731445312,212.54800415039062,212.5850067138672,0,0.0,0.0
2026-03-12 22:00:00+00:00,212.5919952392578,212.73699951171875,212.51499938964844,212.61500549316406,0,0.0,0.0
2026-03-12 22:15:00+00:00,212.61500549316406,212.63600158691406,212.50999450683594,212.58200073242188,0,0.0,0.0
2026-03-12 22:30:00+00:00,212.61399841308594,212.63900756835938,212.55999755859375,212.60299682617188,0,0.0,0.0
2026-03-12 22:45:00+00:00,212.5989990234375,212.67300415039062,212.59100341796875,212.59800720214844,0,0.0,0.0
2026-03-12 23:00:00+00:00,212.5970001220703,212.677001953125,212.5959930419922,212.6649932861328,0,0.0,0.0
2026-03-12 23:15:00+00:00,212.6529998779297,212.6929931640625,212.63400268554688,212.6529998779297,0,0.0,0.0
2026-03-12 23:30:00+00:00,212.65499877929688,212.70599365234375,212.62600708007812,212.67799377441406,0,0.0,0.0
2026-03-12 23:45:00+00:00,212.67999267578125,212.69200134277344,212.5399932861328,212.5749969482422,0,0.0,0.0
2026-03-13 00:00:00+00:00,212.5970001220703,212.61000061035156,212.41299438476562,212.53199768066406,0,0.0,0.0
2026-03-13 00:15:00+00:00,212.52200317382812,212.5570068359375,212.45399475097656,212.49000549316406,0,0.0,0.0
2026-03-13 00:30:00+00:00,212.49000549316406,212.65199279785156,212.48899841308594,212.6199951171875,0,0.0,0.0
2026-03-13 00:45:00+00:00,212.61199951171875,212.6999969482422,212.55799865722656,212.5970001220703,0,0.0,0.0
2026-03-13 01:00:00+00:00,212.59100341796875,212.7010040283203,212.58299255371094,212.68899536132812,0,0.0,0.0
2026-03-13 01:15:00+00:00,212.6909942626953,212.718994140625,212.61700439453125,212.63499450683594,0,0.0,0.0
2026-03-13 01:30:00+00:00,212.62899780273438,212.68499755859375,212.62100219726562,212.6699981689453,0,0.0,0.0
2026-03-13 01:45:00+00:00,212.6699981689453,212.72000122070312,212.65199279785156,212.71400451660156,0,0.0,0.0
2026-03-13 02:00:00+00:00,212.71299743652344,212.74899291992188,212.66700744628906,212.66799926757812,0,0.0,0.0
2026-03-13 02:15:00+00:00,212.66799926757812,212.80999755859375,212.66099548339844,212.80299377441406,0,0.0,0.0
2026-03-13 02:30:00+00:00,212.802001953125,212.81500244140625,212.7209930419922,212.7270050048828,0,0.0,0.0
2026-03-13 02:45:00+00:00,212.7239990234375,212.74899291992188,212.61500549316406,212.66900634765625,0,0.0,0.0
2026-03-13 03:00:00+00:00,212.6699981689453,212.69000244140625,212.6060028076172,212.63699340820312,0,0.0,0.0
2026-03-13 03:15:00+00:00,212.63400268554688,212.71299743652344,212.58900451660156,212.6909942626953,0,0.0,0.0
2026-03-13 03:30:00+00:00,212.6909942626953,212.7010040283203,212.61900329589844,212.65699768066406,0,0.0,0.0
2026-03-13 03:45:00+00:00,212.66200256347656,212.70899963378906,212.6479949951172,212.6790008544922,0,0.0,0.0
2026-03-13 04:00:00+00:00,212.67799377441406,212.70199584960938,212.63900756835938,212.68299865722656,0,0.0,0.0
2026-03-13 04:15:00+00:00,212.6820068359375,212.7050018310547,212.59500122070312,212.6479949951172,0,0.0,0.0
2026-03-13 04:30:00+00:00,212.64300537109375,212.87600708007812,212.63400268554688,212.65699768066406,0,0.0,0.0
2026-03-13 04:45:00+00:00,212.66700744628906,212.6739959716797,212.55799865722656,212.6300048828125,0,0.0,0.0
2026-03-13 05:00:00+00:00,212.64199829101562,212.6439971923828,212.3990020751953,212.45599365234375,0,0.0,0.0
2026-03-13 05:15:00+00:00,212.45899963378906,212.51100158691406,212.4340057373047,212.44900512695312,0,0.0,0.0
2026-03-13 05:30:00+00:00,212.4499969482422,212.552001953125,212.43499755859375,212.53199768066406,0,0.0,0.0
2026-03-13 05:45:00+00:00,212.53199768066406,212.56300354003906,212.44700622558594,212.552001953125,0,0.0,0.0
2026-03-13 06:00:00+00:00,212.54600524902344,212.55999755859375,212.37399291992188,212.46299743652344,0,0.0,0.0
2026-03-13 06:15:00+00:00,212.46299743652344,212.4709930419922,212.33900451660156,212.3719940185547,0,0.0,0.0
2026-03-13 06:30:00+00:00,212.37399291992188,212.39199829101562,212.22799682617188,212.24000549316406,0,0.0,0.0
2026-03-13 06:45:00+00:00,212.23699951171875,212.31100463867188,212.20799255371094,212.281005859375,0,0.0,0.0
2026-03-13 07:00:00+00:00,212.26400756835938,212.302001953125,211.92999267578125,211.9669952392578,0,0.0,0.0
2026-03-13 07:15:00+00:00,211.968994140625,212.0399932861328,211.85400390625,212.01800537109375,0,0.0,0.0
2026-03-13 07:30:00+00:00,212.01699829101562,212.03399658203125,211.75799560546875,211.77099609375,0,0.0,0.0
2026-03-13 07:45:00+00:00,211.7729949951172,211.83900451660156,211.63999938964844,211.72300720214844,0,0.0,0.0
2026-03-13 08:00:00+00:00,211.72300720214844,211.72300720214844,211.43699645996094,211.50999450683594,0,0.0,0.0
2026-03-13 08:15:00+00:00,211.50799560546875,211.56300354003906,211.4029998779297,211.45399475097656,0,0.0,0.0
2026-03-13 08:30:00+00:00,211.45599365234375,211.59800720214844,211.4219970703125,211.48199462890625,0,0.0,0.0
2026-03-13 08:45:00+00:00,211.48199462890625,211.49200439453125,211.2729949951172,211.2790069580078,0,0.0,0.0
2026-03-13 09:00:00+00:00,211.28199768066406,211.54600524902344,211.24400329589844,211.53700256347656,0,0.0,0.0
2026-03-13 09:15:00+00:00,211.53799438476562,211.6009979248047,211.42599487304688,211.58700561523438,0,0.0,0.0
2026-03-13 09:30:00+00:00,211.58700561523438,211.61500549316406,211.38299560546875,211.38600158691406,0,0.0,0.0
2026-03-13 09:45:00+00:00,211.38999938964844,211.57200622558594,211.38400268554688,211.5,0,0.0,0.0
2026-03-13 10:00:00+00:00,211.4980010986328,211.60899353027344,211.48300170898438,211.56300354003906,0,0.0,0.0
2026-03-13 10:15:00+00:00,211.5659942626953,211.61399841308594,211.38999938964844,211.43499755859375,0,0.0,0.0
2026-03-13 10:30:00+00:00,211.4290008544922,211.4550018310547,211.3820037841797,211.40199279785156,0,0.0,0.0
2026-03-13 10:45:00+00:00,211.4029998779297,211.51499938964844,211.30599975585938,211.35800170898438,0,0.0,0.0
2026-03-13 11:00:00+00:00,211.36300659179688,211.39500427246094,211.18499755859375,211.21499633789062,0,0.0,0.0
2026-03-13 11:15:00+00:00,211.21499633789062,211.4029998779297,211.156005859375,211.36099243164062,0,0.0,0.0
2026-03-13 11:30:00+00:00,211.36300659179688,211.46200561523438,211.2239990234375,211.2729949951172,0,0.0,0.0
2026-03-13 11:45:00+00:00,211.2689971923828,211.32899475097656,211.1219940185547,211.1280059814453,0,0.0,0.0
2026-03-13 12:00:00+00:00,211.12600708007812,211.25399780273438,211.08599853515625,211.2480010986328,0,0.0,0.0
2026-03-13 12:15:00+00:00,211.2480010986328,211.48500061035156,211.21499633789062,211.4029998779297,0,0.0,0.0
2026-03-13 12:30:00+00:00,211.3800048828125,211.46400451660156,211.3459930419922,211.43899536132812,0,0.0,0.0
2026-03-13 12:45:00+00:00,211.43600463867188,211.51600646972656,211.40199279785156,211.44700622558594,0,0.0,0.0
2026-03-13 13:00:00+00:00,211.447998046875,211.5290069580078,211.3280029296875,211.38699340820312,0,0.0,0.0
2026-03-13 13:15:00+00:00,211.38900756835938,211.44200134277344,211.32200622558594,211.3699951171875,0,0.0,0.0
2026-03-13 13:30:00+00:00,211.3679962158203,211.4080047607422,211.28900146484375,211.3470001220703,0,0.0,0.0
2026-03-13 13:45:00+00:00,211.34800720214844,211.3730010986328,211.24400329589844,211.26499938964844,0,0.0,0.0
2026-03-13 14:00:00+00:00,211.2760009765625,211.30499267578125,211.16900634765625,211.1790008544922,0,0.0,0.0
2026-03-13 14:15:00+00:00,211.17799377441406,211.2779998779297,211.1230010986328,211.2429962158203,0,0.0,0.0
2026-03-13 14:30:00+00:00,211.2469940185547,211.43800354003906,211.22900390625,211.36099243164062,0,0.0,0.0
2026-03-13 14:45:00+00:00,211.35800170898438,211.37399291992188,211.2270050048828,211.24200439453125,0,0.0,0.0
2026-03-13 15:00:00+00:00,211.24099731445312,211.35699462890625,211.218994140625,211.3520050048828,0,0.0,0.0
2026-03-13 15:15:00+00:00,211.35400390625,211.35800170898438,211.1510009765625,211.19000244140625,0,0.0,0.0
2026-03-13 15:30:00+00:00,211.1909942626953,211.2429962158203,211.13999938964844,211.17799377441406,0,0.0,0.0
2026-03-13 15:45:00+00:00,211.17599487304688,211.29100036621094,211.13600158691406,211.20700073242188,0,0.0,0.0
2026-03-13 16:00:00+00:00,211.20899963378906,211.3040008544922,211.18600463867188,211.26800537109375,0,0.0,0.0
2026-03-13 16:15:00+00:00,211.2689971923828,211.28700256347656,211.20399475097656,211.25599670410156,0,0.0,0.0
2026-03-13 16:30:00+00:00,211.26300048828125,211.2899932861328,211.1719970703125,211.18499755859375,0,0.0,0.0
2026-03-13 16:45:00+00:00,211.18499755859375,211.38499450683594,211.17999267578125,211.3769989013672,0,0.0,0.0
2026-03-13 17:00:00+00:00,211.3769989013672,211.4219970703125,211.32899475097656,211.41000366210938,0,0.0,0.0
2026-03-13 17:15:00+00:00,211.41200256347656,211.51300048828125,211.41200256347656,211.44400024414062,0,0.0,0.0
2026-03-13 17:30:00+00:00,211.44500732421875,211.47799682617188,211.38900756835938,211.42300415039062,0,0.0,0.0
2026-03-13 17:45:00+00:00,211.4219970703125,211.42999267578125,211.33599853515625,211.36000061035156,0,0.0,0.0
2026-03-13 18:00:00+00:00,211.36000061035156,211.4759979248047,211.33099365234375,211.33900451660156,0,0.0,0.0
2026-03-13 18:15:00+00:00,211.3419952392578,211.38600158691406,211.3070068359375,211.375,0,0.0,0.0
2026-03-13 18:30:00+00:00,211.375,211.45599365234375,211.3679962158203,211.43699645996094,0,0.0,0.0
2026-03-13 18:45:00+00:00,211.43899536132812,211.4600067138672,211.38099670410156,211.40499877929688,0,0.0,0.0
2026-03-13 19:00:00+00:00,211.406005859375,211.40899658203125,211.29299926757812,211.30799865722656,0,0.0,0.0
2026-03-13 19:15:00+00:00,211.30099487304688,211.3280029296875,211.24899291992188,211.27200317382812,0,0.0,0.0
2026-03-13 19:30:00+00:00,211.26600646972656,211.302001953125,211.20899963378906,211.21200561523438,0,0.0,0.0
2026-03-13 19:45:00+00:00,211.21499633789062,211.23599243164062,211.16600036621094,211.20199584960938,0,0.0,0.0
2026-03-13 20:00:00+00:00,211.197998046875,211.20599365234375,211.05999755859375,211.10299682617188,0,0.0,0.0
2026-03-13 20:15:00+00:00,211.10400390625,211.15899658203125,211.10299682617188,211.14500427246094,0,0.0,0.0
2026-03-13 20:30:00+00:00,211.13900756835938,211.21200561523438,211.13699340820312,211.16000366210938,0,0.0,0.0
2026-03-13 20:45:00+00:00,211.15699768066406,211.23899841308594,211.1280059814453,211.1490020751953,0,0.0,0.0
2026-03-13 21:00:00+00:00,211.20199584960938,211.25399780273438,211.20199584960938,211.25399780273438,0,0.0,0.0
2026-03-13 21:15:00+00:00,211.25399780273438,211.25399780273438,211.25399780273438,211.25399780273438,0,0.0,0.0
2026-03-13 21:30:00+00:00,211.25399780273438,211.25399780273438,211.25399780273438,211.25399780273438,0,0.0,0.0
2026-03-13 21:45:00+00:00,211.25399780273438,211.25399780273438,211.25399780273438,211.25399780273438,0,0.0,0.0
2026-03-13 22:00:00+00:00,211.25399780273438,211.25399780273438,211.25399780273438,211.25399780273438,0,0.0,0.0
2026-03-13 22:15:00+00:00,211.25399780273438,211.25399780273438,211.25399780273438,211.25399780273438,0,0.0,0.0
2026-03-16 00:00:00+00:00,211.35800170898438,211.41600036621094,211.24200439453125,211.3719940185547,0,0.0,0.0
2026-03-16 00:15:00+00:00,211.3800048828125,211.41700744628906,211.19900512695312,211.2239990234375,0,0.0,0.0
2026-03-16 00:30:00+00:00,211.2239990234375,211.24600219726562,211.1649932861328,211.20599365234375,0,0.0,0.0
2026-03-16 00:45:00+00:00,211.20899963378906,211.375,211.20599365234375,211.2779998779297,0,0.0,0.0
2026-03-16 01:00:00+00:00,211.2740020751953,211.36500549316406,211.26600646972656,211.3070068359375,0,0.0,0.0
2026-03-16 01:15:00+00:00,211.3159942626953,211.3350067138672,211.2270050048828,211.23399353027344,0,0.0,0.0
2026-03-16 01:30:00+00:00,211.23300170898438,211.33900451660156,211.2310028076172,211.31500244140625,0,0.0,0.0
2026-03-16 01:45:00+00:00,211.31300354003906,211.3939971923828,211.29400634765625,211.36700439453125,0,0.0,0.0
2026-03-16 02:00:00+00:00,211.3699951171875,211.42799377441406,211.343994140625,211.40499877929688,0,0.0,0.0
2026-03-16 02:15:00+00:00,211.40499877929688,211.5,211.37600708007812,211.4929962158203,0,0.0,0.0
2026-03-16 02:30:00+00:00,211.48899841308594,211.52999877929688,211.43899536132812,211.4969940185547,0,0.0,0.0
2026-03-16 02:45:00+00:00,211.49099731445312,211.56500244140625,211.47799682617188,211.5030059814453,0,0.0,0.0
2026-03-16 03:00:00+00:00,211.5070037841797,211.55999755859375,211.47900390625,211.49200439453125,0,0.0,0.0
2026-03-16 03:15:00+00:00,211.49000549316406,211.51800537109375,211.46800231933594,211.50999450683594,0,0.0,0.0
2026-03-16 03:30:00+00:00,211.50399780273438,211.5540008544922,211.48899841308594,211.52499389648438,0,0.0,0.0
2026-03-16 03:45:00+00:00,211.52999877929688,211.5749969482422,211.47799682617188,211.51400756835938,0,0.0,0.0
2026-03-16 04:00:00+00:00,211.5070037841797,211.53500366210938,211.46400451660156,211.50999450683594,0,0.0,0.0
2026-03-16 04:15:00+00:00,211.5070037841797,211.58200073242188,211.5019989013672,211.5489959716797,0,0.0,0.0
2026-03-16 04:30:00+00:00,211.5489959716797,211.56900024414062,211.48500061035156,211.49899291992188,0,0.0,0.0
2026-03-16 04:45:00+00:00,211.4980010986328,211.52200317382812,211.41900634765625,211.4320068359375,0,0.0,0.0
2026-03-16 05:00:00+00:00,211.427001953125,211.47999572753906,211.3509979248047,211.36500549316406,0,0.0,0.0
2026-03-16 05:15:00+00:00,211.36399841308594,211.3699951171875,211.23500061035156,211.23899841308594,0,0.0,0.0
2026-03-16 05:30:00+00:00,211.23699951171875,211.2480010986328,211.1439971923828,211.1909942626953,0,0.0,0.0
2026-03-16 05:45:00+00:00,211.1909942626953,211.21800231933594,211.12399291992188,211.12600708007812,0,0.0,0.0
2026-03-16 06:00:00+00:00,211.1280059814453,211.1999969482422,211.10899353027344,211.14500427246094,0,0.0,0.0
2026-03-16 06:15:00+00:00,211.14500427246094,211.17599487304688,210.93899536132812,210.96200561523438,0,0.0,0.0
2026-03-16 06:30:00+00:00,210.96400451660156,211.0989990234375,210.96099853515625,211.093994140625,0,0.0,0.0
2026-03-16 06:45:00+00:00,211.0919952392578,211.09500122070312,211.00599670410156,211.05799865722656,0,0.0,0.0
2026-03-16 07:00:00+00:00,211.0570068359375,211.07200622558594,210.89700317382812,210.8990020751953,0,0.0,0.0
2026-03-16 07:15:00+00:00,210.906005859375,211.03900146484375,210.89199829101562,211.0030059814453,0,0.0,0.0
2026-03-16 07:30:00+00:00,210.99899291992188,211.00999450683594,210.7949981689453,210.98599243164062,0,0.0,0.0
2026-03-16 07:45:00+00:00,210.98699951171875,210.99600219726562,210.87899780273438,210.947998046875,0,0.0,0.0
2026-03-16 08:00:00+00:00,210.947998046875,211.01800537109375,210.8979949951172,210.92999267578125,0,0.0,0.0
2026-03-16 08:15:00+00:00,210.9340057373047,211.05799865722656,210.89700317382812,211.0449981689453,0,0.0,0.0
2026-03-16 08:30:00+00:00,211.0489959716797,211.0760040283203,210.9759979248047,211.01699829101562,0,0.0,0.0
2026-03-16 08:45:00+00:00,211.0189971923828,211.1750030517578,211.01300048828125,211.16600036621094,0,0.0,0.0
2026-03-16 09:00:00+00:00,211.16099548339844,211.21800231933594,211.1009979248047,211.13600158691406,0,0.0,0.0
2026-03-16 09:15:00+00:00,211.13499450683594,211.1580047607422,211.05999755859375,211.1300048828125,0,0.0,0.0
2026-03-16 09:30:00+00:00,211.12899780273438,211.13400268554688,211.01199340820312,211.0749969482422,0,0.0,0.0
2026-03-16 09:45:00+00:00,211.06900024414062,211.12399291992188,211.02699279785156,211.052001953125,0,0.0,0.0
2026-03-16 10:00:00+00:00,211.05599975585938,211.1580047607422,211.03399658203125,211.13699340820312,0,0.0,0.0
2026-03-16 10:15:00+00:00,211.13499450683594,211.31199645996094,211.09300231933594,211.30999755859375,0,0.0,0.0
2026-03-16 10:30:00+00:00,211.30599975585938,211.3459930419922,211.2270050048828,211.25,0,0.0,0.0
2026-03-16 10:45:00+00:00,211.25,211.3419952392578,211.21299743652344,211.322998046875,0,0.0,0.0
2026-03-16 11:00:00+00:00,211.32000732421875,211.3260040283203,211.25900268554688,211.28900146484375,0,0.0,0.0
2026-03-16 11:15:00+00:00,211.28599548339844,211.3350067138672,211.2550048828125,211.28599548339844,0,0.0,0.0
2026-03-16 11:30:00+00:00,211.28599548339844,211.3280029296875,211.22500610351562,211.32200622558594,0,0.0,0.0
2026-03-16 11:45:00+00:00,211.32200622558594,211.36099243164062,211.24099731445312,211.30599975585938,0,0.0,0.0
2026-03-16 12:00:00+00:00,211.3090057373047,211.36199951171875,211.24000549316406,211.32000732421875,0,0.0,0.0
2026-03-16 12:15:00+00:00,211.31900024414062,211.33299255371094,211.25999450683594,211.2740020751953,0,0.0,0.0
2026-03-16 12:30:00+00:00,211.2760009765625,211.31500244140625,211.21600341796875,211.26100158691406,0,0.0,0.0
2026-03-16 12:45:00+00:00,211.26300048828125,211.28900146484375,211.19700622558594,211.28399658203125,0,0.0,0.0
2026-03-16 13:00:00+00:00,211.28500366210938,211.42100524902344,211.27000427246094,211.40199279785156,0,0.0,0.0
2026-03-16 13:15:00+00:00,211.40499877929688,211.46099853515625,211.35499572753906,211.45399475097656,0,0.0,0.0
2026-03-16 13:30:00+00:00,211.4530029296875,211.57000732421875,211.4250030517578,211.50599670410156,0,0.0,0.0
2026-03-16 13:45:00+00:00,211.5050048828125,211.5679931640625,211.46200561523438,211.50100708007812,0,0.0,0.0
2026-03-16 14:00:00+00:00,211.4949951171875,211.5540008544922,211.41099548339844,211.4239959716797,0,0.0,0.0
2026-03-16 14:15:00+00:00,211.41900634765625,211.55999755859375,211.3820037841797,211.5019989013672,0,0.0,0.0
2026-03-16 14:30:00+00:00,211.49899291992188,211.57200622558594,211.48899841308594,211.55099487304688,0,0.0,0.0
2026-03-16 14:45:00+00:00,211.552001953125,211.66400146484375,211.53199768066406,211.61300659179688,0,0.0,0.0
2026-03-16 15:00:00+00:00,211.61000061035156,211.75999450683594,211.60699462890625,211.72000122070312,0,0.0,0.0
2026-03-16 15:15:00+00:00,211.71600341796875,211.8350067138672,211.6719970703125,211.78399658203125,0,0.0,0.0
2026-03-16 15:30:00+00:00,211.78199768066406,211.9080047607422,211.77699279785156,211.8489990234375,0,0.0,0.0
2026-03-16 15:45:00+00:00,211.8509979248047,211.92999267578125,211.7519989013672,211.89100646972656,0,0.0,0.0
2026-03-16 16:00:00+00:00,211.88699340820312,211.93899536132812,211.85800170898438,211.87100219726562,0,0.0,0.0
2026-03-16 16:15:00+00:00,211.8699951171875,211.89599609375,211.7169952392578,211.7310028076172,0,0.0,0.0
2026-03-16 16:30:00+00:00,211.72999572753906,211.8280029296875,211.71099853515625,211.7830047607422,0,0.0,0.0
2026-03-16 16:45:00+00:00,211.781005859375,211.87899780273438,211.7689971923828,211.86500549316406,0,0.0,0.0
2026-03-16 17:00:00+00:00,211.8730010986328,211.99899291992188,211.8560028076172,211.9029998779297,0,0.0,0.0
2026-03-16 17:15:00+00:00,211.9040069580078,211.93099975585938,211.87399291992188,211.8939971923828,0,0.0,0.0
2026-03-16 17:30:00+00:00,211.89500427246094,211.94700622558594,211.86599731445312,211.8990020751953,0,0.0,0.0
2026-03-16 17:45:00+00:00,211.90699768066406,211.9290008544922,211.84500122070312,211.85400390625,0,0.0,0.0
2026-03-16 18:00:00+00:00,211.85899353027344,211.9759979248047,211.8470001220703,211.9499969482422,0,0.0,0.0
2026-03-16 18:15:00+00:00,211.9510040283203,211.98500061035156,211.906005859375,211.9499969482422,0,0.0,0.0
2026-03-16 18:30:00+00:00,211.9409942626953,211.9739990234375,211.8990020751953,211.9409942626953,0,0.0,0.0
2026-03-16 18:45:00+00:00,211.93800354003906,211.9510040283203,211.9010009765625,211.93800354003906,0,0.0,0.0
2026-03-16 19:00:00+00:00,211.92799377441406,212.01400756835938,211.92599487304688,211.98599243164062,0,0.0,0.0
2026-03-16 19:15:00+00:00,211.98599243164062,212.0229949951172,211.96099853515625,211.9709930419922,0,0.0,0.0
2026-03-16 19:30:00+00:00,211.97300720214844,212.03500366210938,211.96200561523438,212.0330047607422,0,0.0,0.0
2026-03-16 19:45:00+00:00,212.0290069580078,212.11700439453125,212.00999450683594,212.0850067138672,0,0.0,0.0
2026-03-16 20:00:00+00:00,212.08599853515625,212.10299682617188,211.9949951171875,211.9969940185547,0,0.0,0.0
2026-03-16 20:15:00+00:00,211.9949951171875,212.0019989013672,211.93099975585938,211.9720001220703,0,0.0,0.0
2026-03-16 20:30:00+00:00,211.9709930419922,212.0,211.94400024414062,211.9669952392578,0,0.0,0.0
2026-03-16 20:45:00+00:00,211.9600067138672,211.98500061035156,211.7689971923828,211.78799438476562,0,0.0,0.0
2026-03-16 21:00:00+00:00,211.77099609375,211.9409942626953,211.73399353027344,211.7480010986328,0,0.0,0.0
2026-03-16 21:15:00+00:00,211.75900268554688,211.8979949951172,211.72799682617188,211.8090057373047,0,0.0,0.0
2026-03-16 21:30:00+00:00,211.8040008544922,211.89999389648438,211.79299926757812,211.84300231933594,0,0.0,0.0
2026-03-16 21:45:00+00:00,211.84300231933594,211.8990020751953,211.6790008544922,211.80999755859375,0,0.0,0.0
2026-03-16 22:00:00+00:00,211.822998046875,211.9409942626953,211.75100708007812,211.78900146484375,0,0.0,0.0
2026-03-16 22:15:00+00:00,211.78900146484375,211.88499450683594,211.7760009765625,211.87100219726562,0,0.0,0.0
2026-03-16 22:30:00+00:00,211.8679962158203,211.90199279785156,211.80799865722656,211.84500122070312,0,0.0,0.0
2026-03-16 22:45:00+00:00,211.86700439453125,211.88999938964844,211.8070068359375,211.83200073242188,0,0.0,0.0
2026-03-16 23:00:00+00:00,211.82000732421875,211.91600036621094,211.81500244140625,211.89199829101562,0,0.0,0.0
2026-03-16 23:15:00+00:00,211.88600158691406,211.9040069580078,211.85699462890625,211.88299560546875,0,0.0,0.0
2026-03-16 23:30:00+00:00,211.88299560546875,211.9290008544922,211.85699462890625,211.85899353027344,0,0.0,0.0
2026-03-16 23:45:00+00:00,211.85899353027344,211.8939971923828,211.79100036621094,211.83200073242188,0,0.0,0.0
2026-03-17 00:00:00+00:00,211.83700561523438,211.9199981689453,211.79100036621094,211.88699340820312,0,0.0,0.0
2026-03-17 00:15:00+00:00,211.88699340820312,211.9199981689453,211.8159942626953,211.85299682617188,0,0.0,0.0
2026-03-17 00:30:00+00:00,211.85400390625,211.87100219726562,211.79800415039062,211.80599975585938,0,0.0,0.0
2026-03-17 00:45:00+00:00,211.80599975585938,211.9459991455078,211.7969970703125,211.92100524902344,0,0.0,0.0
2026-03-17 01:00:00+00:00,211.9199981689453,212.00599670410156,211.8780059814453,211.927001953125,0,0.0,0.0
2026-03-17 01:15:00+00:00,211.927001953125,212.00399780273438,211.90699768066406,211.9929962158203,0,0.0,0.0
2026-03-17 01:30:00+00:00,211.98500061035156,212.03700256347656,211.97799682617188,212.01800537109375,0,0.0,0.0
2026-03-17 01:45:00+00:00,212.01800537109375,212.1179962158203,211.99899291992188,212.0760040283203,0,0.0,0.0
2026-03-17 02:00:00+00:00,212.07000732421875,212.11700439453125,212.0489959716797,212.1009979248047,0,0.0,0.0
2026-03-17 02:15:00+00:00,212.0989990234375,212.13800048828125,212.04600524902344,212.052001953125,0,0.0,0.0
2026-03-17 02:30:00+00:00,212.05099487304688,212.07699584960938,212.031005859375,212.07000732421875,0,0.0,0.0
2026-03-17 02:45:00+00:00,212.07000732421875,212.07699584960938,212.031005859375,212.04299926757812,0,0.0,0.0
2026-03-17 03:00:00+00:00,212.04200744628906,212.08399963378906,212.03199768066406,212.06500244140625,0,0.0,0.0
2026-03-17 03:15:00+00:00,212.06500244140625,212.1199951171875,212.04400634765625,212.07400512695312,0,0.0,0.0
2026-03-17 03:30:00+00:00,212.0749969482422,212.11099243164062,211.9739990234375,211.98300170898438,0,0.0,0.0
2026-03-17 03:45:00+00:00,211.97999572753906,211.99400329589844,211.93600463867188,211.9669952392578,0,0.0,0.0
2026-03-17 04:00:00+00:00,211.96499633789062,211.98800659179688,211.89599609375,211.9600067138672,0,0.0,0.0
2026-03-17 04:15:00+00:00,211.9550018310547,212.01100158691406,211.9459991455078,211.9530029296875,0,0.0,0.0
2026-03-17 04:30:00+00:00,211.95599365234375,212.0030059814453,211.9409942626953,211.98699951171875,0,0.0,0.0
2026-03-17 04:45:00+00:00,211.98599243164062,212.02200317382812,211.94900512695312,211.9530029296875,0,0.0,0.0
2026-03-17 05:00:00+00:00,211.95599365234375,211.9709930419922,211.9080047607422,211.95399475097656,0,0.0,0.0
2026-03-17 05:15:00+00:00,211.95199584960938,212.031005859375,211.94400024414062,211.97999572753906,0,0.0,0.0
2026-03-17 05:30:00+00:00,211.97999572753906,212.0279998779297,211.9320068359375,211.94000244140625,0,0.0,0.0
2026-03-17 05:45:00+00:00,211.94000244140625,211.9499969482422,211.82200622558594,211.8470001220703,0,0.0,0.0
2026-03-17 06:00:00+00:00,211.83900451660156,211.87899780273438,211.62399291992188,211.66799926757812,0,0.0,0.0
2026-03-17 06:15:00+00:00,211.67300415039062,211.85499572753906,211.6580047607422,211.79800415039062,0,0.0,0.0
2026-03-17 06:30:00+00:00,211.802001953125,211.86500549316406,211.77200317382812,211.80999755859375,0,0.0,0.0
2026-03-17 06:45:00+00:00,211.80999755859375,211.81900024414062,211.66000366210938,211.77499389648438,0,0.0,0.0
2026-03-17 07:00:00+00:00,211.7790069580078,211.8780059814453,211.7740020751953,211.82899475097656,0,0.0,0.0
2026-03-17 07:15:00+00:00,211.8300018310547,211.93600463867188,211.7270050048828,211.91299438476562,0,0.0,0.0
2026-03-17 07:30:00+00:00,211.91299438476562,211.9969940185547,211.88400268554688,211.91799926757812,0,0.0,0.0
2026-03-17 07:45:00+00:00,211.9149932861328,211.93800354003906,211.85499572753906,211.86000061035156,0,0.0,0.0
2026-03-17 08:00:00+00:00,211.85699462890625,211.86599731445312,211.64500427246094,211.7100067138672,0,0.0,0.0
2026-03-17 08:15:00+00:00,211.70399475097656,211.90699768066406,211.68099975585938,211.87100219726562,0,0.0,0.0
2026-03-17 08:30:00+00:00,211.8730010986328,212.01499938964844,211.8350067138672,211.98399353027344,0,0.0,0.0
2026-03-17 08:45:00+00:00,211.98699951171875,212.08099365234375,211.9600067138672,212.0659942626953,0,0.0,0.0
2026-03-17 09:00:00+00:00,212.06100463867188,212.16799926757812,212.03900146484375,212.10400390625,0,0.0,0.0
2026-03-17 09:15:00+00:00,212.10400390625,212.1739959716797,212.05499267578125,212.1280059814453,0,0.0,0.0
2026-03-17 09:30:00+00:00,212.13800048828125,212.23500061035156,212.125,212.19000244140625,0,0.0,0.0
2026-03-17 09:45:00+00:00,212.19000244140625,212.21400451660156,212.1060028076172,212.20199584960938,0,0.0,0.0
2026-03-17 10:00:00+00:00,212.19500732421875,212.26699829101562,212.12899780273438,212.19900512695312,0,0.0,0.0
2026-03-17 10:15:00+00:00,212.2010040283203,212.2030029296875,212.03900146484375,212.0659942626953,0,0.0,0.0
2026-03-17 10:30:00+00:00,212.06700134277344,212.08599853515625,211.9739990234375,212.0070037841797,0,0.0,0.0
2026-03-17 10:45:00+00:00,212.0070037841797,212.0469970703125,211.9759979248047,212.00900268554688,0,0.0,0.0
2026-03-17 11:00:00+00:00,212.0050048828125,212.10699462890625,211.96400451660156,212.05499267578125,0,0.0,0.0
2026-03-17 11:15:00+00:00,212.05499267578125,212.06399536132812,211.97300720214844,212.00599670410156,0,0.0,0.0
2026-03-17 11:30:00+00:00,212.00399780273438,212.093994140625,211.96099853515625,212.04800415039062,0,0.0,0.0
2026-03-17 11:45:00+00:00,212.04800415039062,212.072998046875,211.81700134277344,211.87399291992188,0,0.0,0.0
2026-03-17 12:00:00+00:00,211.87399291992188,212.01100158691406,211.83299255371094,211.98699951171875,0,0.0,0.0
2026-03-17 12:15:00+00:00,211.98899841308594,211.99000549316406,211.8719940185547,211.90899658203125,0,0.0,0.0
2026-03-17 12:30:00+00:00,211.90699768066406,211.98899841308594,211.8679962158203,211.9029998779297,0,0.0,0.0
2026-03-17 12:45:00+00:00,211.9010009765625,212.0800018310547,211.88900756835938,212.01800537109375,0,0.0,0.0
2026-03-17 13:00:00+00:00,212.0229949951172,212.16200256347656,212.0189971923828,212.15499877929688,0,0.0,0.0
2026-03-17 13:15:00+00:00,212.156005859375,212.16900634765625,212.0449981689453,212.052001953125,0,0.0,0.0
2026-03-17 13:30:00+00:00,212.05599975585938,212.1199951171875,211.96099853515625,212.0330047607422,0,0.0,0.0
2026-03-17 13:45:00+00:00,212.031005859375,212.16400146484375,212.01400756835938,212.03799438476562,0,0.0,0.0
2026-03-17 14:00:00+00:00,212.0330047607422,212.14199829101562,212.01400756835938,212.1230010986328,0,0.0,0.0
2026-03-17 14:15:00+00:00,212.12399291992188,212.17599487304688,212.0780029296875,212.1510009765625,0,0.0,0.0
2026-03-17 14:30:00+00:00,212.1510009765625,212.2449951171875,212.13499450683594,212.22799682617188,0,0.0,0.0
2026-03-17 14:45:00+00:00,212.2270050048828,212.2429962158203,212.0760040283203,212.14100646972656,0,0.0,0.0
2026-03-17 15:00:00+00:00,212.13600158691406,212.2030029296875,212.08799743652344,212.17100524902344,0,0.0,0.0
2026-03-17 15:15:00+00:00,212.17300415039062,212.26600646972656,212.06300354003906,212.15899658203125,0,0.0,0.0
2026-03-17 15:30:00+00:00,212.16200256347656,212.21400451660156,212.14500427246094,212.20199584960938,0,0.0,0.0
2026-03-17 15:45:00+00:00,212.19900512695312,212.2530059814453,212.14100646972656,212.19000244140625,0,0.0,0.0
2026-03-17 16:00:00+00:00,212.18099975585938,212.19400024414062,212.13099670410156,212.1490020751953,0,0.0,0.0
2026-03-17 16:15:00+00:00,212.1510009765625,212.21800231933594,212.0590057373047,212.0679931640625,0,0.0,0.0
2026-03-17 16:30:00+00:00,212.07200622558594,212.156005859375,212.01499938964844,212.13900756835938,0,0.0,0.0
2026-03-17 16:45:00+00:00,212.13900756835938,212.18499755859375,212.1179962158203,212.14199829101562,0,0.0,0.0
2026-03-17 17:00:00+00:00,212.13699340820312,212.2010040283203,212.13699340820312,212.16900634765625,0,0.0,0.0
2026-03-17 17:15:00+00:00,212.16900634765625,212.25599670410156,212.1529998779297,212.22999572753906,0,0.0,0.0
2026-03-17 17:30:00+00:00,212.22900390625,212.26800537109375,212.17100524902344,212.23800659179688,0,0.0,0.0
2026-03-17 17:45:00+00:00,212.24099731445312,212.37899780273438,212.23500061035156,212.36000061035156,0,0.0,0.0
2026-03-17 18:00:00+00:00,212.36000061035156,212.4080047607422,212.36000061035156,212.3780059814453,0,0.0,0.0
2026-03-17 18:15:00+00:00,212.3780059814453,212.39300537109375,212.32200622558594,212.37899780273438,0,0.0,0.0
2026-03-17 18:30:00+00:00,212.37600708007812,212.42799377441406,212.36900329589844,212.406005859375,0,0.0,0.0
2026-03-17 18:45:00+00:00,212.406005859375,212.43600463867188,212.37899780273438,212.4199981689453,0,0.0,0.0
2026-03-17 19:00:00+00:00,212.4149932861328,212.4720001220703,212.4029998779297,212.468994140625,0,0.0,0.0
2026-03-17 19:15:00+00:00,212.46499633789062,212.48500061035156,212.38400268554688,212.39700317382812,0,0.0,0.0
2026-03-17 19:30:00+00:00,212.3939971923828,212.4219970703125,212.36900329589844,212.406005859375,0,0.0,0.0
2026-03-17 19:45:00+00:00,212.40199279785156,212.45399475097656,212.3509979248047,212.3730010986328,0,0.0,0.0
2026-03-17 20:00:00+00:00,212.3730010986328,212.41600036621094,212.35000610351562,212.36700439453125,0,0.0,0.0
2026-03-17 20:15:00+00:00,212.36500549316406,212.38699340820312,212.34300231933594,212.35000610351562,0,0.0,0.0
2026-03-17 20:30:00+00:00,212.3459930419922,212.38900756835938,212.33700561523438,212.36300659179688,0,0.0,0.0
2026-03-17 20:45:00+00:00,212.35400390625,212.39700317382812,212.25399780273438,212.31500244140625,0,0.0,0.0
2026-03-17 21:00:00+00:00,212.2729949951172,212.43899536132812,212.23899841308594,212.31500244140625,0,0.0,0.0
2026-03-17 21:15:00+00:00,212.32699584960938,212.427001953125,212.14300537109375,212.3090057373047,0,0.0,0.0
2026-03-17 21:30:00+00:00,212.3090057373047,212.38400268554688,212.21400451660156,212.2550048828125,0,0.0,0.0
2026-03-17 21:45:00+00:00,212.29600524902344,212.41299438476562,212.2100067138672,212.3489990234375,0,0.0,0.0
2026-03-17 22:00:00+00:00,212.3470001220703,212.39599609375,212.2100067138672,212.24600219726562,0,0.0,0.0
2026-03-17 22:15:00+00:00,212.24600219726562,212.36399841308594,212.18899536132812,212.33900451660156,0,0.0,0.0
2026-03-17 22:30:00+00:00,212.3489990234375,212.41600036621094,212.30499267578125,212.36099243164062,0,0.0,0.0
2026-03-17 22:45:00+00:00,212.36199951171875,212.3990020751953,212.31199645996094,212.3520050048828,0,0.0,0.0
2026-03-17 23:00:00+00:00,212.33399963378906,212.38400268554688,212.27999877929688,212.32899475097656,0,0.0,0.0
2026-03-17 23:15:00+00:00,212.32899475097656,212.3699951171875,212.22000122070312,212.2570037841797,0,0.0,0.0
2026-03-17 23:30:00+00:00,212.25799560546875,212.3040008544922,212.19000244140625,212.2530059814453,0,0.0,0.0
2026-03-17 23:45:00+00:00,212.25399780273438,212.302001953125,212.16700744628906,212.24899291992188,0,0.0,0.0
2026-03-18 00:00:00+00:00,212.2530059814453,212.2790069580078,212.16700744628906,212.18600463867188,0,0.0,0.0
2026-03-18 00:15:00+00:00,212.19000244140625,212.28500366210938,212.1179962158203,212.25999450683594,0,0.0,0.0
2026-03-18 00:30:00+00:00,212.25799560546875,212.42100524902344,212.2469940185547,212.36000061035156,0,0.0,0.0
2026-03-18 00:45:00+00:00,212.36399841308594,212.49200439453125,212.34300231933594,212.37100219726562,0,0.0,0.0
2026-03-18 01:00:00+00:00,212.36599731445312,212.43699645996094,212.35800170898438,212.36599731445312,0,0.0,0.0
2026-03-18 01:15:00+00:00,212.3730010986328,212.43899536132812,212.3560028076172,212.3990020751953,0,0.0,0.0
2026-03-18 01:30:00+00:00,212.40499877929688,212.40899658203125,212.30999755859375,212.33299255371094,0,0.0,0.0
2026-03-18 01:45:00+00:00,212.33399963378906,212.36900329589844,212.28199768066406,212.32400512695312,0,0.0,0.0
2026-03-18 02:00:00+00:00,212.3260040283203,212.34300231933594,212.2689971923828,212.29400634765625,0,0.0,0.0
2026-03-18 02:15:00+00:00,212.29200744628906,212.33999633789062,212.2790069580078,212.27999877929688,0,0.0,0.0
2026-03-18 02:30:00+00:00,212.27999877929688,212.29800415039062,212.2220001220703,212.2469940185547,0,0.0,0.0
2026-03-18 02:45:00+00:00,212.24899291992188,212.26699829101562,212.13600158691406,212.1820068359375,0,0.0,0.0
2026-03-18 03:00:00+00:00,212.18800354003906,212.2209930419922,212.1719970703125,212.20899963378906,0,0.0,0.0
2026-03-18 03:15:00+00:00,212.20799255371094,212.2779998779297,212.20199584960938,212.2689971923828,0,0.0,0.0
2026-03-18 03:30:00+00:00,212.2689971923828,212.28599548339844,212.2270050048828,212.2790069580078,0,0.0,0.0
2026-03-18 03:45:00+00:00,212.28500366210938,212.32400512695312,212.27099609375,212.30299377441406,0,0.0,0.0
2026-03-18 04:00:00+00:00,212.30299377441406,212.33099365234375,212.27999877929688,212.28399658203125,0,0.0,0.0
2026-03-18 04:15:00+00:00,212.28799438476562,212.33599853515625,212.24000549316406,212.31500244140625,0,0.0,0.0
2026-03-18 04:30:00+00:00,212.31399536132812,212.3209991455078,212.1999969482422,212.20700073242188,0,0.0,0.0
2026-03-18 04:45:00+00:00,212.20799255371094,212.24099731445312,212.16000366210938,212.22799682617188,0,0.0,0.0
2026-03-18 05:00:00+00:00,212.22300720214844,212.23300170898438,212.12600708007812,212.15499877929688,0,0.0,0.0
2026-03-18 05:15:00+00:00,212.15499877929688,212.1820068359375,212.0959930419922,212.15899658203125,0,0.0,0.0
2026-03-18 05:30:00+00:00,212.15199279785156,212.218994140625,212.13499450683594,212.197998046875,0,0.0,0.0
2026-03-18 05:45:00+00:00,212.197998046875,212.26400756835938,212.17999267578125,212.20700073242188,0,0.0,0.0
2026-03-18 06:00:00+00:00,212.20399475097656,212.22000122070312,212.08900451660156,212.09300231933594,0,0.0,0.0
2026-03-18 06:15:00+00:00,212.08599853515625,212.1529998779297,212.0330047607422,212.1179962158203,0,0.0,0.0
2026-03-18 06:30:00+00:00,212.12100219726562,212.17300415039062,212.05499267578125,212.1649932861328,0,0.0,0.0
2026-03-18 06:45:00+00:00,212.16299438476562,212.1909942626953,212.11700439453125,212.14599609375,0,0.0,0.0
2026-03-18 07:00:00+00:00,212.15199279785156,212.24400329589844,212.11000061035156,212.22999572753906,0,0.0,0.0
2026-03-18 07:15:00+00:00,212.2239990234375,212.27999877929688,212.1750030517578,212.2270050048828,0,0.0,0.0
2026-03-18 07:30:00+00:00,212.23199462890625,212.23199462890625,212.0279998779297,212.0290069580078,0,0.0,0.0
2026-03-18 07:45:00+00:00,212.0290069580078,212.03900146484375,211.94400024414062,212.01400756835938,0,0.0,0.0
2026-03-18 08:00:00+00:00,212.01100158691406,212.22500610351562,211.9949951171875,212.2010040283203,0,0.0,0.0
2026-03-18 08:15:00+00:00,212.197998046875,212.2429962158203,212.0469970703125,212.08900451660156,0,0.0,0.0
2026-03-18 08:30:00+00:00,212.08900451660156,212.19500732421875,212.08200073242188,212.15499877929688,0,0.0,0.0
2026-03-18 08:45:00+00:00,212.15699768066406,212.22799682617188,212.08700561523438,212.1929931640625,0,0.0,0.0
2026-03-18 09:00:00+00:00,212.19400024414062,212.26499938964844,212.1790008544922,212.20700073242188,0,0.0,0.0
2026-03-18 09:15:00+00:00,212.20700073242188,212.2779998779297,212.2030029296875,212.24000549316406,0,0.0,0.0
2026-03-18 09:30:00+00:00,212.24600219726562,212.29400634765625,212.19500732421875,212.27499389648438,0,0.0,0.0
2026-03-18 09:45:00+00:00,212.2790069580078,212.3470001220703,212.26499938964844,212.302001953125,0,0.0,0.0
2026-03-18 10:00:00+00:00,212.30099487304688,212.4239959716797,212.2779998779297,212.35699462890625,0,0.0,0.0
2026-03-18 10:15:00+00:00,212.35699462890625,212.41099548339844,212.29299926757812,212.29299926757812,0,0.0,0.0
2026-03-18 10:30:00+00:00,212.2949981689453,212.35000610351562,212.2429962158203,212.2969970703125,0,0.0,0.0
2026-03-18 10:45:00+00:00,212.29600524902344,212.37100219726562,212.2830047607422,212.35899353027344,0,0.0,0.0
2026-03-18 11:00:00+00:00,212.36099243164062,212.4510040283203,212.3419952392578,212.41000366210938,0,0.0,0.0
2026-03-18 11:15:00+00:00,212.4080047607422,212.47000122070312,212.3070068359375,212.3419952392578,0,0.0,0.0
2026-03-18 11:30:00+00:00,212.33999633789062,212.45399475097656,212.3249969482422,212.41099548339844,0,0.0,0.0
2026-03-18 11:45:00+00:00,212.41000366210938,212.49099731445312,212.33999633789062,212.3820037841797,0,0.0,0.0
2026-03-18 12:00:00+00:00,212.3780059814453,212.44400024414062,212.31900024414062,212.37600708007812,0,0.0,0.0
2026-03-18 12:15:00+00:00,212.37399291992188,212.38600158691406,212.18499755859375,212.2530059814453,0,0.0,0.0
2026-03-18 12:30:00+00:00,212.25799560546875,212.3719940185547,212.17799377441406,212.31300354003906,0,0.0,0.0
2026-03-18 12:45:00+00:00,212.3159942626953,212.3730010986328,212.2050018310547,212.28799438476562,0,0.0,0.0
2026-03-18 13:00:00+00:00,212.28799438476562,212.42799377441406,212.27099609375,212.33200073242188,0,0.0,0.0
2026-03-18 13:15:00+00:00,212.33299255371094,212.4600067138672,212.28599548339844,212.43299865722656,0,0.0,0.0
2026-03-18 13:30:00+00:00,212.43299865722656,212.50999450683594,212.34300231933594,212.42599487304688,0,0.0,0.0
2026-03-18 13:45:00+00:00,212.4239959716797,212.52999877929688,212.38699340820312,212.5290069580078,0,0.0,0.0
2026-03-18 14:00:00+00:00,212.50900268554688,212.63400268554688,212.2050018310547,212.24899291992188,0,0.0,0.0
2026-03-18 14:15:00+00:00,212.25399780273438,212.28500366210938,212.1840057373047,212.2550048828125,0,0.0,0.0
2026-03-18 14:30:00+00:00,212.25399780273438,212.4010009765625,212.23300170898438,212.38099670410156,0,0.0,0.0
2026-03-18 14:45:00+00:00,212.3800048828125,212.5229949951172,212.37899780273438,212.43699645996094,0,0.0,0.0
2026-03-18 15:00:00+00:00,212.42999267578125,212.56500244140625,212.42999267578125,212.44900512695312,0,0.0,0.0
2026-03-18 15:15:00+00:00,212.4510040283203,212.49899291992188,212.38999938964844,212.44000244140625,0,0.0,0.0
2026-03-18 15:30:00+00:00,212.44000244140625,212.4949951171875,212.41200256347656,212.45399475097656,0,0.0,0.0
2026-03-18 15:45:00+00:00,212.45399475097656,212.47900390625,212.3260040283203,212.46400451660156,0,0.0,0.0
2026-03-18 16:00:00+00:00,212.46099853515625,212.64599609375,212.43600463867188,212.61599731445312,0,0.0,0.0
2026-03-18 16:15:00+00:00,212.60899353027344,212.61599731445312,212.51499938964844,212.56100463867188,0,0.0,0.0
2026-03-18 16:30:00+00:00,212.55799865722656,212.5800018310547,212.48300170898438,212.53599548339844,0,0.0,0.0
2026-03-18 16:45:00+00:00,212.531005859375,212.66200256347656,212.51300048828125,212.6510009765625,0,0.0,0.0
2026-03-18 17:00:00+00:00,212.6529998779297,212.67100524902344,212.54800415039062,212.552001953125,0,0.0,0.0
2026-03-18 17:15:00+00:00,212.552001953125,212.63499450683594,212.54100036621094,212.63400268554688,0,0.0,0.0
2026-03-18 17:30:00+00:00,212.62100219726562,212.72900390625,212.59100341796875,212.6300048828125,0,0.0,0.0
2026-03-18 17:45:00+00:00,212.6280059814453,212.70700073242188,212.58999633789062,212.64999389648438,0,0.0,0.0
2026-03-18 18:00:00+00:00,212.64100646972656,212.66600036621094,212.51800537109375,212.56399536132812,0,0.0,0.0
2026-03-18 18:15:00+00:00,212.56199645996094,212.56700134277344,212.42300415039062,212.4669952392578,0,0.0,0.0
2026-03-18 18:30:00+00:00,212.4810028076172,212.593994140625,212.43600463867188,212.4530029296875,0,0.0,0.0
2026-03-18 18:45:00+00:00,212.45700073242188,212.46499633789062,212.2530059814453,212.26400756835938,0,0.0,0.0
2026-03-18 19:00:00+00:00,212.26600646972656,212.32899475097656,212.21099853515625,212.2570037841797,0,0.0,0.0
2026-03-18 19:15:00+00:00,212.25399780273438,212.31500244140625,212.2100067138672,212.25399780273438,0,0.0,0.0
2026-03-18 19:30:00+00:00,212.25399780273438,212.31300354003906,212.2169952392578,212.2220001220703,0,0.0,0.0
2026-03-18 19:45:00+00:00,212.22799682617188,212.2530059814453,212.11000061035156,212.1909942626953,0,0.0,0.0
2026-03-18 20:00:00+00:00,212.19400024414062,212.22999572753906,212.0070037841797,212.02699279785156,0,0.0,0.0
2026-03-18 20:15:00+00:00,212.03500366210938,212.052001953125,211.92300415039062,211.9459991455078,0,0.0,0.0
2026-03-18 20:30:00+00:00,211.9550018310547,211.9770050048828,211.88999938964844,211.92300415039062,0,0.0,0.0
2026-03-18 20:45:00+00:00,211.91400146484375,211.9929962158203,211.83599853515625,211.83599853515625,0,0.0,0.0
2026-03-18 21:00:00+00:00,211.85899353027344,211.96600341796875,211.76199340820312,211.78399658203125,0,0.0,0.0
2026-03-18 21:15:00+00:00,211.7830047607422,212.07400512695312,211.76300048828125,211.95199584960938,0,0.0,0.0
2026-03-18 21:30:00+00:00,211.9810028076172,212.052001953125,211.86000061035156,211.9759979248047,0,0.0,0.0
2026-03-18 21:45:00+00:00,211.98399353027344,211.99600219726562,211.80999755859375,211.98899841308594,0,0.0,0.0
2026-03-18 22:00:00+00:00,211.98899841308594,211.99000549316406,211.7480010986328,211.78799438476562,0,0.0,0.0
2026-03-18 22:15:00+00:00,211.78799438476562,211.8560028076172,211.7740020751953,211.843994140625,0,0.0,0.0
2026-03-18 22:30:00+00:00,211.8419952392578,211.86099243164062,211.79200744628906,211.80999755859375,0,0.0,0.0
2026-03-18 22:45:00+00:00,211.8000030517578,211.8719940185547,211.79400634765625,211.83200073242188,0,0.0,0.0
2026-03-18 23:00:00+00:00,211.83200073242188,211.93699645996094,211.80999755859375,211.88900756835938,0,0.0,0.0
2026-03-18 23:15:00+00:00,211.89300537109375,211.93299865722656,211.87600708007812,211.88600158691406,0,0.0,0.0
2026-03-18 23:30:00+00:00,211.88600158691406,211.96099853515625,211.8699951171875,211.90199279785156,0,0.0,0.0
2026-03-18 23:45:00+00:00,211.9029998779297,211.98199462890625,211.90199279785156,211.96499633789062,0,0.0,0.0
2026-03-19 00:00:00+00:00,211.9669952392578,212.0399932861328,211.95399475097656,212.0290069580078,0,0.0,0.0
2026-03-19 00:15:00+00:00,212.02699279785156,212.09100341796875,211.96400451660156,212.03199768066406,0,0.0,0.0
2026-03-19 00:30:00+00:00,212.0240020751953,212.09300231933594,211.96499633789062,211.98500061035156,0,0.0,0.0
2026-03-19 00:45:00+00:00,211.98800659179688,212.27000427246094,211.96299743652344,212.26600646972656,0,0.0,0.0
2026-03-19 01:00:00+00:00,212.25599670410156,212.3489990234375,212.1439971923828,212.1490020751953,0,0.0,0.0
2026-03-19 01:15:00+00:00,212.16000366210938,212.21099853515625,212.1300048828125,212.18899536132812,0,0.0,0.0
2026-03-19 01:30:00+00:00,212.18699645996094,212.19400024414062,212.06199645996094,212.1300048828125,0,0.0,0.0
2026-03-19 01:45:00+00:00,212.1280059814453,212.156005859375,212.06700134277344,212.0780029296875,0,0.0,0.0
2026-03-19 02:00:00+00:00,212.0780029296875,212.17100524902344,211.97999572753906,212.1300048828125,0,0.0,0.0
2026-03-19 02:15:00+00:00,212.1269989013672,212.21099853515625,212.1269989013672,212.18899536132812,0,0.0,0.0
2026-03-19 02:30:00+00:00,212.1790008544922,212.20399475097656,212.1219940185547,212.1490020751953,0,0.0,0.0
2026-03-19 02:45:00+00:00,212.14300537109375,212.24099731445312,212.08599853515625,212.13400268554688,0,0.0,0.0
2026-03-19 03:00:00+00:00,212.13400268554688,212.1820068359375,212.1020050048828,212.1649932861328,0,0.0,0.0
2026-03-19 03:15:00+00:00,212.1649932861328,212.21200561523438,212.13999938964844,212.19900512695312,0,0.0,0.0
2026-03-19 03:30:00+00:00,212.19900512695312,212.2050018310547,212.12399291992188,212.1300048828125,0,0.0,0.0
2026-03-19 03:45:00+00:00,212.1300048828125,212.14100646972656,211.99200439453125,212.00799560546875,0,0.0,0.0
2026-03-19 04:00:00+00:00,212.0050048828125,212.00900268554688,211.8820037841797,211.8979949951172,0,0.0,0.0
2026-03-19 04:15:00+00:00,211.89500427246094,211.94400024414062,211.8489990234375,211.91200256347656,0,0.0,0.0
2026-03-19 04:30:00+00:00,211.91099548339844,211.9239959716797,211.81900024414062,211.8699951171875,0,0.0,0.0
2026-03-19 04:45:00+00:00,211.86700439453125,211.91700744628906,211.83599853515625,211.88800048828125,0,0.0,0.0
2026-03-19 05:00:00+00:00,211.88800048828125,211.927001953125,211.8719940185547,211.90899658203125,0,0.0,0.0
2026-03-19 05:15:00+00:00,211.9029998779297,211.97799682617188,211.89300537109375,211.90699768066406,0,0.0,0.0
2026-03-19 05:30:00+00:00,211.90499877929688,211.91900634765625,211.85499572753906,211.88499450683594,0,0.0,0.0
2026-03-19 05:45:00+00:00,211.88299560546875,211.93899536132812,211.8070068359375,211.83099365234375,0,0.0,0.0
2026-03-19 06:00:00+00:00,211.83200073242188,211.9530029296875,211.82699584960938,211.94000244140625,0,0.0,0.0
2026-03-19 06:15:00+00:00,211.94000244140625,211.99600219726562,211.89700317382812,211.9199981689453,0,0.0,0.0
2026-03-19 06:30:00+00:00,211.91700744628906,211.93800354003906,211.75599670410156,211.90199279785156,0,0.0,0.0
2026-03-19 06:45:00+00:00,211.91000366210938,211.96400451660156,211.8090057373047,211.83900451660156,0,0.0,0.0
2026-03-19 07:00:00+00:00,211.8260040283203,211.86599731445312,211.2270050048828,211.51800537109375,0,0.0,0.0
2026-03-19 07:15:00+00:00,211.5189971923828,211.60499572753906,211.3520050048828,211.4459991455078,0,0.0,0.0
2026-03-19 07:30:00+00:00,211.4499969482422,211.64100646972656,211.41400146484375,211.5070037841797,0,0.0,0.0
2026-03-19 07:45:00+00:00,211.51300048828125,211.6479949951172,211.14199829101562,211.18899536132812,0,0.0,0.0
2026-03-19 08:00:00+00:00,211.19500732421875,211.29800415039062,210.83599853515625,210.927001953125,0,0.0,0.0
2026-03-19 08:15:00+00:00,210.9340057373047,211.16600036621094,210.927001953125,211.072998046875,0,0.0,0.0
2026-03-19 08:30:00+00:00,211.072998046875,211.26499938964844,211.0679931640625,211.0749969482422,0,0.0,0.0
2026-03-19 08:45:00+00:00,211.07200622558594,211.1219940185547,210.947998046875,210.96299743652344,0,0.0,0.0
2026-03-19 09:00:00+00:00,210.96200561523438,211.16799926757812,210.9550018310547,211.0240020751953,0,0.0,0.0
2026-03-19 09:15:00+00:00,211.02000427246094,211.3780059814453,211.01199340820312,211.2100067138672,0,0.0,0.0
2026-03-19 09:30:00+00:00,211.20599365234375,211.322998046875,211.11700439453125,211.31500244140625,0,0.0,0.0
2026-03-19 09:45:00+00:00,211.31700134277344,211.52200317382812,211.2760009765625,211.42599487304688,0,0.0,0.0
2026-03-19 10:00:00+00:00,211.4290008544922,211.4550018310547,211.3679962158203,211.375,0,0.0,0.0
2026-03-19 10:15:00+00:00,211.37899780273438,211.41000366210938,211.25799560546875,211.33200073242188,0,0.0,0.0
2026-03-19 10:30:00+00:00,211.33200073242188,211.3730010986328,211.23599243164062,211.2729949951172,0,0.0,0.0
2026-03-19 10:45:00+00:00,211.2740020751953,211.44500732421875,211.26400756835938,211.29100036621094,0,0.0,0.0
2026-03-19 11:00:00+00:00,211.2949981689453,211.39300537109375,211.28399658203125,211.30999755859375,0,0.0,0.0
2026-03-19 11:15:00+00:00,211.31100463867188,211.34100341796875,211.17300415039062,211.21200561523438,0,0.0,0.0
2026-03-19 11:30:00+00:00,211.21200561523438,211.29200744628906,211.19000244140625,211.23199462890625,0,0.0,0.0
2026-03-19 11:45:00+00:00,211.23199462890625,211.44700622558594,211.1439971923828,211.41000366210938,0,0.0,0.0
2026-03-19 12:00:00+00:00,211.39500427246094,211.6959991455078,211.31700134277344,211.5330047607422,0,0.0,0.0
2026-03-19 12:15:00+00:00,211.52699279785156,211.6580047607422,211.42599487304688,211.4290008544922,0,0.0,0.0
2026-03-19 12:30:00+00:00,211.50799560546875,211.5800018310547,211.38699340820312,211.4969940185547,0,0.0,0.0
2026-03-19 12:45:00+00:00,211.48899841308594,211.49600219726562,211.2689971923828,211.322998046875,0,0.0,0.0
2026-03-19 13:00:00+00:00,211.32400512695312,211.38099670410156,211.1580047607422,211.23599243164062,0,0.0,0.0
2026-03-19 13:15:00+00:00,211.2519989013672,211.42100524902344,211.18699645996094,211.21800231933594,0,0.0,0.0
2026-03-19 13:30:00+00:00,211.218994140625,211.22300720214844,210.79100036621094,211.0399932861328,0,0.0,0.0
2026-03-19 13:45:00+00:00,211.04299926757812,211.28900146484375,211.0050048828125,211.2220001220703,0,0.0,0.0
2026-03-19 14:00:00+00:00,211.218994140625,211.4530029296875,211.0749969482422,211.22999572753906,0,0.0,0.0
2026-03-19 14:15:00+00:00,211.22799682617188,211.51800537109375,211.1540069580078,211.30499267578125,0,0.0,0.0
2026-03-19 14:30:00+00:00,211.29299926757812,211.4949951171875,211.28799438476562,211.36599731445312,0,0.0,0.0
2026-03-19 14:45:00+00:00,211.36599731445312,211.64599609375,211.34500122070312,211.64599609375,0,0.0,0.0
2026-03-19 15:00:00+00:00,211.64300537109375,211.9010009765625,211.5989990234375,211.84500122070312,0,0.0,0.0
2026-03-19 15:15:00+00:00,211.8470001220703,211.8679962158203,211.69900512695312,211.7469940185547,0,0.0,0.0
2026-03-19 15:30:00+00:00,211.74899291992188,211.75799560546875,211.5260009765625,211.6219940185547,0,0.0,0.0
2026-03-19 15:45:00+00:00,211.62100219726562,211.6490020751953,211.22500610351562,211.32200622558594,0,0.0,0.0
2026-03-19 16:00:00+00:00,211.3090057373047,211.45599365234375,211.25399780273438,211.33599853515625,0,0.0,0.0
2026-03-19 16:15:00+00:00,211.33399963378906,211.46400451660156,211.29200744628906,211.3679962158203,0,0.0,0.0
2026-03-19 16:30:00+00:00,211.36900329589844,211.39999389648438,211.22900390625,211.31700134277344,0,0.0,0.0
2026-03-19 16:45:00+00:00,211.31300354003906,211.32899475097656,211.16799926757812,211.28500366210938,0,0.0,0.0
2026-03-19 17:00:00+00:00,211.2899932861328,211.47500610351562,211.2790069580078,211.43299865722656,0,0.0,0.0
2026-03-19 17:15:00+00:00,211.43299865722656,211.54800415039062,211.42799377441406,211.51499938964844,0,0.0,0.0
2026-03-19 17:30:00+00:00,211.51600646972656,211.55099487304688,211.43699645996094,211.52000427246094,0,0.0,0.0
2026-03-19 17:45:00+00:00,211.52000427246094,211.61199951171875,211.48399353027344,211.51800537109375,0,0.0,0.0
2026-03-19 18:00:00+00:00,211.51699829101562,211.62600708007812,211.47300720214844,211.61500549316406,0,0.0,0.0
2026-03-19 18:15:00+00:00,211.61500549316406,211.625,211.48599243164062,211.5070037841797,0,0.0,0.0
2026-03-19 18:30:00+00:00,211.5070037841797,211.54299926757812,211.468994140625,211.51199340820312,0,0.0,0.0
2026-03-19 18:45:00+00:00,211.51100158691406,211.6439971923828,211.49400329589844,211.6060028076172,0,0.0,0.0
2026-03-19 19:00:00+00:00,211.60499572753906,212.14700317382812,211.60299682617188,212.11099243164062,0,0.0,0.0
2026-03-19 19:15:00+00:00,212.11500549316406,212.156005859375,211.70899963378906,211.79800415039062,0,0.0,0.0
2026-03-19 19:30:00+00:00,211.79299926757812,211.80599975585938,211.70599365234375,211.72900390625,0,0.0,0.0
2026-03-19 19:45:00+00:00,211.72900390625,211.76400756835938,211.62899780273438,211.7239990234375,0,0.0,0.0
2026-03-19 20:00:00+00:00,211.7220001220703,211.822998046875,211.70599365234375,211.73300170898438,0,0.0,0.0
2026-03-19 20:15:00+00:00,211.72999572753906,211.79600524902344,211.70199584960938,211.77699279785156,0,0.0,0.0
2026-03-19 20:30:00+00:00,211.76800537109375,211.78599548339844,211.66000366210938,211.76800537109375,0,0.0,0.0
2026-03-19 20:45:00+00:00,211.76100158691406,211.8730010986328,211.70799255371094,211.8090057373047,0,0.0,0.0
2026-03-19 21:00:00+00:00,211.80999755859375,211.89199829101562,211.63800048828125,211.68899536132812,0,0.0,0.0
2026-03-19 21:15:00+00:00,211.68699645996094,211.94500732421875,211.57699584960938,211.83900451660156,0,0.0,0.0
2026-03-19 21:30:00+00:00,211.8300018310547,212.0030059814453,211.74600219726562,211.92599487304688,0,0.0,0.0
2026-03-19 21:45:00+00:00,211.92599487304688,211.9929962158203,211.63299560546875,211.81900024414062,0,0.0,0.0
2026-03-19 22:00:00+00:00,211.80999755859375,211.9980010986328,211.76499938964844,211.91600036621094,0,0.0,0.0
2026-03-19 22:15:00+00:00,211.93299865722656,211.95399475097656,211.87399291992188,211.89500427246094,0,0.0,0.0
2026-03-19 22:30:00+00:00,211.89500427246094,211.9929962158203,211.86700439453125,211.96200561523438,0,0.0,0.0
2026-03-19 22:45:00+00:00,211.96200561523438,211.9969940185547,211.93699645996094,211.9409942626953,0,0.0,0.0
2026-03-19 23:00:00+00:00,211.9409942626953,212.0489959716797,211.9219970703125,211.98699951171875,0,0.0,0.0
2026-03-19 23:15:00+00:00,211.98699951171875,212.06199645996094,211.96299743652344,212.04800415039062,0,0.0,0.0
2026-03-19 23:30:00+00:00,212.05599975585938,212.0709991455078,212.0050048828125,212.01400756835938,0,0.0,0.0
2026-03-19 23:45:00+00:00,212.01699829101562,212.06100463867188,211.98899841308594,211.9949951171875,0,0.0,0.0
2026-03-20 00:00:00+00:00,211.9969940185547,212.0679931640625,211.95199584960938,212.02699279785156,0,0.0,0.0
2026-03-20 00:15:00+00:00,212.03199768066406,212.0500030517578,211.7949981689453,211.8470001220703,0,0.0,0.0
2026-03-20 00:30:00+00:00,211.84300231933594,211.94400024414062,211.81300354003906,211.91799926757812,0,0.0,0.0
2026-03-20 00:45:00+00:00,211.92100524902344,211.99400329589844,211.86500549316406,211.90699768066406,0,0.0,0.0
2026-03-20 01:00:00+00:00,211.8990020751953,212.0030059814453,211.8459930419922,211.85400390625,0,0.0,0.0
2026-03-20 01:15:00+00:00,211.8470001220703,211.8979949951172,211.80599975585938,211.8769989013672,0,0.0,0.0
2026-03-20 01:30:00+00:00,211.87399291992188,212.072998046875,211.86500549316406,212.05799865722656,0,0.0,0.0
2026-03-20 01:45:00+00:00,212.05799865722656,212.1439971923828,212.03599548339844,212.11099243164062,0,0.0,0.0
2026-03-20 02:00:00+00:00,212.09800720214844,212.19400024414062,212.09800720214844,212.15199279785156,0,0.0,0.0
2026-03-20 02:15:00+00:00,212.1540069580078,212.28599548339844,212.15199279785156,212.26699829101562,0,0.0,0.0
2026-03-20 02:30:00+00:00,212.26699829101562,212.3560028076172,212.25599670410156,212.2689971923828,0,0.0,0.0
2026-03-20 02:45:00+00:00,212.26699829101562,212.3489990234375,212.24099731445312,212.3070068359375,0,0.0,0.0
2026-03-20 03:00:00+00:00,212.31199645996094,212.33799743652344,212.23699951171875,212.25399780273438,0,0.0,0.0
2026-03-20 03:15:00+00:00,212.24400329589844,212.28900146484375,212.2259979248047,212.24899291992188,0,0.0,0.0
2026-03-20 03:30:00+00:00,212.24899291992188,212.27099609375,212.20700073242188,212.22000122070312,0,0.0,0.0
2026-03-20 03:45:00+00:00,212.21200561523438,212.31700134277344,212.20399475097656,212.3000030517578,0,0.0,0.0
2026-03-20 04:00:00+00:00,212.2899932861328,212.34300231933594,212.2550048828125,212.3209991455078,0,0.0,0.0
2026-03-20 04:15:00+00:00,212.31100463867188,212.33200073242188,212.26199340820312,212.29400634765625,0,0.0,0.0
2026-03-20 04:30:00+00:00,212.28900146484375,212.322998046875,212.27200317382812,212.3000030517578,0,0.0,0.0
2026-03-20 04:45:00+00:00,212.28700256347656,212.3300018310547,212.26400756835938,212.26400756835938,0,0.0,0.0
2026-03-20 05:00:00+00:00,212.27000427246094,212.3470001220703,212.26300048828125,212.3260040283203,0,0.0,0.0
2026-03-20 05:15:00+00:00,212.32400512695312,212.3470001220703,212.30099487304688,212.32200622558594,0,0.0,0.0
2026-03-20 05:30:00+00:00,212.3249969482422,212.3459930419922,212.29400634765625,212.3159942626953,0,0.0,0.0
2026-03-20 05:45:00+00:00,212.3159942626953,212.3260040283203,212.24899291992188,212.2830047607422,0,0.0,0.0
2026-03-20 06:00:00+00:00,212.2830047607422,212.38900756835938,212.281005859375,212.375,0,0.0,0.0
2026-03-20 06:15:00+00:00,212.36900329589844,212.39500427246094,212.3300018310547,212.35699462890625,0,0.0,0.0
2026-03-20 06:30:00+00:00,212.35699462890625,212.38600158691406,212.30299377441406,212.3280029296875,0,0.0,0.0
2026-03-20 06:45:00+00:00,212.32699584960938,212.37899780273438,212.26600646972656,212.31199645996094,0,0.0,0.0
2026-03-20 07:00:00+00:00,212.31199645996094,212.51800537109375,212.26600646972656,212.45899963378906,0,0.0,0.0
2026-03-20 07:15:00+00:00,212.46200561523438,212.58399963378906,212.4550018310547,212.5590057373047,0,0.0,0.0
2026-03-20 07:30:00+00:00,212.5570068359375,212.61099243164062,212.5030059814453,212.5989990234375,0,0.0,0.0
2026-03-20 07:45:00+00:00,212.5989990234375,212.68499755859375,212.49400329589844,212.5290069580078,0,0.0,0.0
2026-03-20 08:00:00+00:00,212.53500366210938,212.6719970703125,212.5279998779297,212.66200256347656,0,0.0,0.0
2026-03-20 08:15:00+00:00,212.66200256347656,212.7100067138672,212.57200622558594,212.6269989013672,0,0.0,0.0
2026-03-20 08:30:00+00:00,212.63099670410156,212.7469940185547,212.60499572753906,212.66799926757812,0,0.0,0.0
2026-03-20 08:45:00+00:00,212.66799926757812,212.76800537109375,212.6219940185547,212.63600158691406,0,0.0,0.0
2026-03-20 09:00:00+00:00,212.63999938964844,212.68899536132812,212.53599548339844,212.6439971923828,0,0.0,0.0
2026-03-20 09:15:00+00:00,212.6439971923828,212.6790008544922,212.58799743652344,212.61199951171875,0,0.0,0.0
2026-03-20 09:30:00+00:00,212.61199951171875,212.69200134277344,212.5760040283203,212.6280059814453,0,0.0,0.0
2026-03-20 09:45:00+00:00,212.62399291992188,212.6529998779297,212.49899291992188,212.54600524902344,0,0.0,0.0
2026-03-20 10:00:00+00:00,212.54400634765625,212.57200622558594,212.2989959716797,212.36399841308594,0,0.0,0.0
2026-03-20 10:15:00+00:00,212.36700439453125,212.4219970703125,212.32899475097656,212.35899353027344,0,0.0,0.0
2026-03-20 10:30:00+00:00,212.36000061035156,212.39500427246094,212.26199340820312,212.35699462890625,0,0.0,0.0
2026-03-20 10:45:00+00:00,212.36099243164062,212.3730010986328,212.26699829101562,212.33799743652344,0,0.0,0.0
2026-03-20 11:00:00+00:00,212.33700561523438,212.4080047607422,212.26300048828125,212.3209991455078,0,0.0,0.0
2026-03-20 11:15:00+00:00,212.3179931640625,212.4290008544922,212.22300720214844,212.41900634765625,0,0.0,0.0
2026-03-20 11:30:00+00:00,212.41799926757812,212.47500610351562,212.36399841308594,212.46800231933594,0,0.0,0.0
2026-03-20 11:45:00+00:00,212.468994140625,212.47300720214844,212.3159942626953,212.4010009765625,0,0.0,0.0
2026-03-20 12:00:00+00:00,212.39999389648438,212.6199951171875,212.3990020751953,212.593994140625,0,0.0,0.0
2026-03-20 12:15:00+00:00,212.59300231933594,212.6009979248047,212.406005859375,212.42300415039062,0,0.0,0.0
2026-03-20 12:30:00+00:00,212.41200256347656,212.47000122070312,212.32699584960938,212.33799743652344,0,0.0,0.0
2026-03-20 12:45:00+00:00,212.33799743652344,212.4320068359375,212.2830047607422,212.34800720214844,0,0.0,0.0
2026-03-20 13:00:00+00:00,212.3509979248047,212.36500549316406,212.1790008544922,212.24899291992188,0,0.0,0.0
2026-03-20 13:15:00+00:00,212.25,212.30299377441406,212.19000244140625,212.25599670410156,0,0.0,0.0
2026-03-20 13:30:00+00:00,212.25599670410156,212.36500549316406,212.17599487304688,212.36000061035156,0,0.0,0.0
2026-03-20 13:45:00+00:00,212.36000061035156,212.43299865722656,212.22900390625,212.3000030517578,0,0.0,0.0
2026-03-20 14:00:00+00:00,212.3040008544922,212.34300231933594,211.99099731445312,212.031005859375,0,0.0,0.0
2026-03-20 14:15:00+00:00,212.04100036621094,212.072998046875,211.76800537109375,211.78700256347656,0,0.0,0.0
2026-03-20 14:30:00+00:00,211.78599548339844,211.96400451660156,211.78199768066406,211.875,0,0.0,0.0
2026-03-20 14:45:00+00:00,211.87399291992188,211.9080047607422,211.75100708007812,211.75999450683594,0,0.0,0.0
2026-03-20 15:00:00+00:00,211.76100158691406,211.98300170898438,211.7449951171875,211.96099853515625,0,0.0,0.0
2026-03-20 15:15:00+00:00,211.96299743652344,212.23399353027344,211.94900512695312,211.96800231933594,0,0.0,0.0
2026-03-20 15:30:00+00:00,211.96600341796875,212.05799865722656,211.85499572753906,211.91299438476562,0,0.0,0.0
2026-03-20 15:45:00+00:00,211.91200256347656,211.94200134277344,211.75399780273438,211.83200073242188,0,0.0,0.0
2026-03-20 16:00:00+00:00,211.83299255371094,212.07899475097656,211.81900024414062,212.06500244140625,0,0.0,0.0
2026-03-20 16:15:00+00:00,212.052001953125,212.23599243164062,212.05099487304688,212.16700744628906,0,0.0,0.0
2026-03-20 16:30:00+00:00,212.15899658203125,212.17999267578125,212.0469970703125,212.12399291992188,0,0.0,0.0
2026-03-20 16:45:00+00:00,212.1230010986328,212.218994140625,212.07899475097656,212.1840057373047,0,0.0,0.0
2026-03-20 17:00:00+00:00,212.19000244140625,212.33399963378906,212.177001953125,212.27499389648438,0,0.0,0.0
2026-03-20 17:15:00+00:00,212.27000427246094,212.31100463867188,212.1909942626953,212.30799865722656,0,0.0,0.0
2026-03-20 17:30:00+00:00,212.3070068359375,212.39700317382812,212.25599670410156,212.3800048828125,0,0.0,0.0
2026-03-20 17:45:00+00:00,212.3769989013672,212.41400146484375,212.33700561523438,212.3459930419922,0,0.0,0.0
2026-03-20 18:00:00+00:00,212.3459930419922,212.49600219726562,212.33700561523438,212.4720001220703,0,0.0,0.0
2026-03-20 18:15:00+00:00,212.4720001220703,212.60699462890625,212.39199829101562,212.4810028076172,0,0.0,0.0
2026-03-20 18:30:00+00:00,212.48599243164062,212.50999450683594,212.38400268554688,212.38999938964844,0,0.0,0.0
2026-03-20 18:45:00+00:00,212.38999938964844,212.4530029296875,212.3470001220703,212.34800720214844,0,0.0,0.0
2026-03-20 19:00:00+00:00,212.35299682617188,212.375,212.26100158691406,212.3459930419922,0,0.0,0.0
2026-03-20 19:15:00+00:00,212.3470001220703,212.42999267578125,212.34300231933594,212.36500549316406,0,0.0,0.0
2026-03-20 19:30:00+00:00,212.36599731445312,212.3719940185547,212.21099853515625,212.36700439453125,0,0.0,0.0
2026-03-20 19:45:00+00:00,212.36199951171875,212.50999450683594,212.33799743652344,212.39599609375,0,0.0,0.0
2026-03-20 20:00:00+00:00,212.39599609375,212.4739990234375,212.375,212.4290008544922,0,0.0,0.0
2026-03-20 20:15:00+00:00,212.427001953125,212.47900390625,212.41299438476562,212.43499755859375,0,0.0,0.0
2026-03-20 20:30:00+00:00,212.42300415039062,212.4969940185547,212.41600036621094,212.46099853515625,0,0.0,0.0
2026-03-20 20:45:00+00:00,212.44200134277344,212.5070037841797,212.28700256347656,212.38400268554688,0,0.0,0.0
2026-03-20 21:00:00+00:00,212.42799377441406,212.42799377441406,212.42799377441406,212.42799377441406,0,0.0,0.0
2026-03-20 21:15:00+00:00,212.42799377441406,212.44400024414062,212.42799377441406,212.44400024414062,0,0.0,0.0
2026-03-20 21:30:00+00:00,212.44400024414062,212.44400024414062,212.44400024414062,212.44400024414062,0,0.0,0.0
2026-03-20 21:45:00+00:00,212.44400024414062,212.44400024414062,212.44400024414062,212.44400024414062,0,0.0,0.0
2026-03-20 22:00:00+00:00,212.44400024414062,212.44400024414062,212.44400024414062,212.44400024414062,0,0.0,0.0
2026-03-20 22:15:00+00:00,212.44400024414062,212.44400024414062,212.44400024414062,212.44400024414062,0,0.0,0.0
2026-03-23 00:00:00+00:00,212.21299743652344,212.24099731445312,212.03599548339844,212.093994140625,0,0.0,0.0
2026-03-23 00:15:00+00:00,212.1009979248047,212.25799560546875,212.0,212.2449951171875,0,0.0,0.0
2026-03-23 00:30:00+00:00,212.23300170898438,212.31300354003906,212.11300659179688,212.23300170898438,0,0.0,0.0
2026-03-23 00:45:00+00:00,212.22500610351562,212.4510040283203,212.11700439453125,212.43699645996094,0,0.0,0.0
2026-03-23 01:00:00+00:00,212.44700622558594,212.6540069580078,212.4040069580078,212.6280059814453,0,0.0,0.0
2026-03-23 01:15:00+00:00,212.62899780273438,212.66700744628906,212.52699279785156,212.57400512695312,0,0.0,0.0
2026-03-23 01:30:00+00:00,212.57200622558594,212.63699340820312,212.50999450683594,212.61500549316406,0,0.0,0.0
2026-03-23 01:45:00+00:00,212.61099243164062,212.74000549316406,212.58799743652344,212.62899780273438,0,0.0,0.0
2026-03-23 02:00:00+00:00,212.6269989013672,212.69400024414062,212.48800659179688,212.5,0,0.0,0.0
2026-03-23 02:15:00+00:00,212.49899291992188,212.6280059814453,212.48599243164062,212.531005859375,0,0.0,0.0
2026-03-23 02:30:00+00:00,212.5229949951172,212.63600158691406,212.43099975585938,212.53700256347656,0,0.0,0.0
2026-03-23 02:45:00+00:00,212.53900146484375,212.56100463867188,212.41099548339844,212.46600341796875,0,0.0,0.0
2026-03-23 03:00:00+00:00,212.4759979248047,212.57899475097656,212.43899536132812,212.5,0,0.0,0.0
2026-03-23 03:15:00+00:00,212.4929962158203,212.53700256347656,212.46200561523438,212.4770050048828,0,0.0,0.0
2026-03-23 03:30:00+00:00,212.47900390625,212.49200439453125,212.24899291992188,212.28799438476562,0,0.0,0.0
2026-03-23 03:45:00+00:00,212.28500366210938,212.38400268554688,212.27499389648438,212.3000030517578,0,0.0,0.0
2026-03-23 04:00:00+00:00,212.30499267578125,212.41000366210938,212.2779998779297,212.39100646972656,0,0.0,0.0
2026-03-23 04:15:00+00:00,212.38299560546875,212.39100646972656,212.29600524902344,212.30599975585938,0,0.0,0.0
2026-03-23 04:30:00+00:00,212.30799865722656,212.32899475097656,212.23699951171875,212.29100036621094,0,0.0,0.0
2026-03-23 04:45:00+00:00,212.2830047607422,212.39100646972656,212.27099609375,212.375,0,0.0,0.0
2026-03-23 05:00:00+00:00,212.375,212.42100524902344,212.33999633789062,212.3990020751953,0,0.0,0.0
2026-03-23 05:15:00+00:00,212.39700317382812,212.40699768066406,212.3090057373047,212.3350067138672,0,0.0,0.0
2026-03-23 05:30:00+00:00,212.33900451660156,212.3459930419922,212.2449951171875,212.28599548339844,0,0.0,0.0
2026-03-23 05:45:00+00:00,212.28700256347656,212.28799438476562,212.21200561523438,212.2429962158203,0,0.0,0.0
2026-03-23 06:00:00+00:00,212.23899841308594,212.27099609375,212.06199645996094,212.1320037841797,0,0.0,0.0
2026-03-23 06:15:00+00:00,212.12100219726562,212.2010040283203,212.0749969482422,212.11000061035156,0,0.0,0.0
2026-03-23 06:30:00+00:00,212.11000061035156,212.1199951171875,211.9949951171875,211.9980010986328,0,0.0,0.0
2026-03-23 06:45:00+00:00,212.0019989013672,212.03799438476562,211.91200256347656,211.92799377441406,0,0.0,0.0
2026-03-23 07:00:00+00:00,211.92999267578125,212.01600646972656,211.85400390625,212.0019989013672,0,0.0,0.0
2026-03-23 07:15:00+00:00,212.0030059814453,212.01699829101562,211.85000610351562,211.9320068359375,0,0.0,0.0
2026-03-23 07:30:00+00:00,211.9340057373047,212.2169952392578,211.91400146484375,212.2010040283203,0,0.0,0.0
2026-03-23 07:45:00+00:00,212.20599365234375,212.23300170898438,211.9770050048828,212.0749969482422,0,0.0,0.0
2026-03-23 08:00:00+00:00,212.08399963378906,212.3800048828125,212.06399536132812,212.34300231933594,0,0.0,0.0
2026-03-23 08:15:00+00:00,212.33099365234375,212.6009979248047,212.28500366210938,212.48899841308594,0,0.0,0.0
2026-03-23 08:30:00+00:00,212.48899841308594,212.51499938964844,212.30599975585938,212.3350067138672,0,0.0,0.0
2026-03-23 08:45:00+00:00,212.33999633789062,212.40699768066406,212.08299255371094,212.1840057373047,0,0.0,0.0
2026-03-23 09:00:00+00:00,212.1840057373047,212.26499938964844,212.0850067138672,212.09500122070312,0,0.0,0.0
2026-03-23 09:15:00+00:00,212.09300231933594,212.10400390625,211.93299865722656,211.99200439453125,0,0.0,0.0
2026-03-23 09:30:00+00:00,211.99099731445312,212.01199340820312,211.75799560546875,211.7790069580078,0,0.0,0.0
2026-03-23 09:45:00+00:00,211.7790069580078,211.82200622558594,211.6529998779297,211.69500732421875,0,0.0,0.0
2026-03-23 10:00:00+00:00,211.6929931640625,211.79800415039062,211.58299255371094,211.7259979248047,0,0.0,0.0
2026-03-23 10:15:00+00:00,211.7310028076172,211.74899291992188,211.60499572753906,211.66600036621094,0,0.0,0.0
2026-03-23 10:30:00+00:00,211.66400146484375,211.7790069580078,211.61700439453125,211.64300537109375,0,0.0,0.0
2026-03-23 10:45:00+00:00,211.6439971923828,211.81500244140625,211.57400512695312,211.69500732421875,0,0.0,0.0
2026-03-23 11:00:00+00:00,211.69500732421875,213.00399780273438,211.66000366210938,212.13999938964844,0,0.0,0.0
2026-03-23 11:15:00+00:00,212.10000610351562,212.3489990234375,211.57699584960938,212.1929931640625,0,0.0,0.0
2026-03-23 11:30:00+00:00,212.18699645996094,212.4550018310547,212.093994140625,212.3000030517578,0,0.0,0.0
2026-03-23 11:45:00+00:00,212.30099487304688,212.38299560546875,212.08999633789062,212.26800537109375,0,0.0,0.0
2026-03-23 12:00:00+00:00,212.26600646972656,212.48899841308594,212.1529998779297,212.32699584960938,0,0.0,0.0
2026-03-23 12:15:00+00:00,212.32699584960938,212.51199340820312,212.30999755859375,212.42599487304688,0,0.0,0.0
2026-03-23 12:30:00+00:00,212.4080047607422,212.82400512695312,212.28199768066406,212.7989959716797,0,0.0,0.0
2026-03-23 12:45:00+00:00,212.79299926757812,212.88099670410156,212.63099670410156,212.8489990234375,0,0.0,0.0
2026-03-23 13:00:00+00:00,212.85499572753906,212.90699768066406,212.61700439453125,212.6479949951172,0,0.0,0.0
2026-03-23 13:15:00+00:00,212.6529998779297,212.6750030517578,212.46600341796875,212.48199462890625,0,0.0,0.0
2026-03-23 13:30:00+00:00,212.49400329589844,212.68699645996094,212.41799926757812,212.5500030517578,0,0.0,0.0
2026-03-23 13:45:00+00:00,212.55299377441406,212.6929931640625,212.49000549316406,212.5570068359375,0,0.0,0.0
2026-03-23 14:00:00+00:00,212.56100463867188,212.66900634765625,212.41400146484375,212.63400268554688,0,0.0,0.0
2026-03-23 14:15:00+00:00,212.6300048828125,213.1510009765625,212.56399536132812,213.1280059814453,0,0.0,0.0
2026-03-23 14:30:00+00:00,213.125,213.30299377441406,213.08399963378906,213.17999267578125,0,0.0,0.0
2026-03-23 14:45:00+00:00,213.17100524902344,213.18600463867188,212.96400451660156,212.97300720214844,0,0.0,0.0
2026-03-23 15:00:00+00:00,212.97000122070312,213.09300231933594,212.82699584960938,212.85899353027344,0,0.0,0.0
2026-03-23 15:15:00+00:00,212.86700439453125,212.93099975585938,212.75399780273438,212.83700561523438,0,0.0,0.0
2026-03-23 15:30:00+00:00,212.83799743652344,212.91400146484375,212.7209930419922,212.7689971923828,0,0.0,0.0
2026-03-23 15:45:00+00:00,212.76800537109375,212.78700256347656,212.3990020751953,212.4080047607422,0,0.0,0.0
2026-03-23 16:00:00+00:00,212.41099548339844,212.55099487304688,212.36599731445312,212.46800231933594,0,0.0,0.0
2026-03-23 16:15:00+00:00,212.4709930419922,212.63900756835938,212.39700317382812,212.63400268554688,0,0.0,0.0
2026-03-23 16:30:00+00:00,212.63699340820312,212.7100067138672,212.55099487304688,212.625,0,0.0,0.0
2026-03-23 16:45:00+00:00,212.60499572753906,212.781005859375,212.5500030517578,212.64700317382812,0,0.0,0.0
2026-03-23 17:00:00+00:00,212.64100646972656,212.70599365234375,212.58599853515625,212.6269989013672,0,0.0,0.0
2026-03-23 17:15:00+00:00,212.63999938964844,212.6699981689453,212.57699584960938,212.593994140625,0,0.0,0.0
2026-03-23 17:30:00+00:00,212.58799743652344,212.7790069580078,212.5469970703125,212.6479949951172,0,0.0,0.0
2026-03-23 17:45:00+00:00,212.65499877929688,212.73300170898438,212.57899475097656,212.69000244140625,0,0.0,0.0
2026-03-23 18:00:00+00:00,212.68899536132812,212.7239990234375,212.5590057373047,212.60800170898438,0,0.0,0.0
2026-03-23 18:15:00+00:00,212.60899353027344,212.61399841308594,212.48399353027344,212.51600646972656,0,0.0,0.0
2026-03-23 18:30:00+00:00,212.50900268554688,212.68499755859375,212.50900268554688,212.57699584960938,0,0.0,0.0
2026-03-23 18:45:00+00:00,212.5800018310547,212.74099731445312,212.55599975585938,212.66900634765625,0,0.0,0.0
2026-03-23 19:00:00+00:00,212.66799926757812,212.73800659179688,212.64300537109375,212.69500732421875,0,0.0,0.0
2026-03-23 19:15:00+00:00,212.69500732421875,212.74200439453125,212.6199951171875,212.68800354003906,0,0.0,0.0
2026-03-23 19:30:00+00:00,212.68800354003906,212.781005859375,212.67799377441406,212.76300048828125,0,0.0,0.0
2026-03-23 19:45:00+00:00,212.74899291992188,212.7949981689453,212.69500732421875,212.76499938964844,0,0.0,0.0
2026-03-23 20:00:00+00:00,212.7779998779297,212.82699584960938,212.72999572753906,212.78900146484375,0,0.0,0.0
2026-03-23 20:15:00+00:00,212.78900146484375,212.79600524902344,212.74099731445312,212.7519989013672,0,0.0,0.0
2026-03-23 20:30:00+00:00,212.7519989013672,212.83099365234375,212.6999969482422,212.8260040283203,0,0.0,0.0
2026-03-23 20:45:00+00:00,212.81399536132812,212.83399963378906,212.5989990234375,212.78900146484375,0,0.0,0.0
2026-03-23 21:00:00+00:00,212.66900634765625,212.91200256347656,212.5780029296875,212.63600158691406,0,0.0,0.0
2026-03-23 21:15:00+00:00,212.63400268554688,212.88999938964844,212.60899353027344,212.75399780273438,0,0.0,0.0
2026-03-23 21:30:00+00:00,212.75799560546875,212.843994140625,212.4969940185547,212.66200256347656,0,0.0,0.0
2026-03-23 21:45:00+00:00,212.6510009765625,212.83799743652344,212.64300537109375,212.71600341796875,0,0.0,0.0
2026-03-23 22:00:00+00:00,212.70899963378906,212.7570037841797,212.5780029296875,212.66099548339844,0,0.0,0.0
2026-03-23 22:15:00+00:00,212.66099548339844,212.71400451660156,212.62399291992188,212.69400024414062,0,0.0,0.0
2026-03-23 22:30:00+00:00,212.697998046875,212.73300170898438,212.6439971923828,212.6999969482422,0,0.0,0.0
2026-03-23 22:45:00+00:00,212.6999969482422,212.73899841308594,212.65899658203125,212.66299438476562,0,0.0,0.0
2026-03-23 23:00:00+00:00,212.66600036621094,212.67599487304688,212.5970001220703,212.61900329589844,0,0.0,0.0
2026-03-23 23:15:00+00:00,212.625,212.70599365234375,212.58099365234375,212.61599731445312,0,0.0,0.0
2026-03-23 23:30:00+00:00,212.625,212.70700073242188,212.59800720214844,212.66799926757812,0,0.0,0.0
2026-03-23 23:45:00+00:00,212.67300415039062,212.78399658203125,212.66200256347656,212.75599670410156,0,0.0,0.0
2026-03-24 00:00:00+00:00,212.7729949951172,212.8070068359375,212.63900756835938,212.76699829101562,0,0.0,0.0
2026-03-24 00:15:00+00:00,212.75399780273438,212.79400634765625,212.66900634765625,212.70899963378906,0,0.0,0.0
2026-03-24 00:30:00+00:00,212.70700073242188,212.7259979248047,212.3560028076172,212.52699279785156,0,0.0,0.0
2026-03-24 00:45:00+00:00,212.5189971923828,212.60499572753906,212.3459930419922,212.4929962158203,0,0.0,0.0
2026-03-24 01:00:00+00:00,212.4949951171875,212.52699279785156,212.31199645996094,212.34100341796875,0,0.0,0.0
2026-03-24 01:15:00+00:00,212.33999633789062,212.3990020751953,212.2969970703125,212.3419952392578,0,0.0,0.0
2026-03-24 01:30:00+00:00,212.34100341796875,212.4149932861328,212.27999877929688,212.28199768066406,0,0.0,0.0
2026-03-24 01:45:00+00:00,212.28799438476562,212.41900634765625,212.2779998779297,212.406005859375,0,0.0,0.0
2026-03-24 02:00:00+00:00,212.4040069580078,212.51100158691406,212.3820037841797,212.45899963378906,0,0.0,0.0
2026-03-24 02:15:00+00:00,212.45899963378906,212.5800018310547,212.44700622558594,212.54400634765625,0,0.0,0.0
2026-03-24 02:30:00+00:00,212.5469970703125,212.6529998779297,212.45799255371094,212.63099670410156,0,0.0,0.0
2026-03-24 02:45:00+00:00,212.625,212.65499877929688,212.56399536132812,212.62399291992188,0,0.0,0.0
2026-03-24 03:00:00+00:00,212.6230010986328,212.6719970703125,212.6009979248047,212.64199829101562,0,0.0,0.0
2026-03-24 03:15:00+00:00,212.64199829101562,212.7100067138672,212.60299682617188,212.6179962158203,0,0.0,0.0
2026-03-24 03:30:00+00:00,212.6300048828125,212.63099670410156,212.52099609375,212.5760040283203,0,0.0,0.0
2026-03-24 03:45:00+00:00,212.57699584960938,212.6719970703125,212.52699279785156,212.66799926757812,0,0.0,0.0
2026-03-24 04:00:00+00:00,212.66400146484375,212.6959991455078,212.58700561523438,212.61599731445312,0,0.0,0.0
2026-03-24 04:15:00+00:00,212.61599731445312,212.6269989013672,212.53599548339844,212.55799865722656,0,0.0,0.0
2026-03-24 04:30:00+00:00,212.55099487304688,212.56700134277344,212.51699829101562,212.5279998779297,0,0.0,0.0
2026-03-24 04:45:00+00:00,212.5279998779297,212.64300537109375,212.51600646972656,212.62899780273438,0,0.0,0.0
2026-03-24 05:00:00+00:00,212.62600708007812,212.6529998779297,212.49000549316406,212.50399780273438,0,0.0,0.0
2026-03-24 05:15:00+00:00,212.5070037841797,212.62399291992188,212.4720001220703,212.48300170898438,0,0.0,0.0
2026-03-24 05:30:00+00:00,212.48599243164062,212.593994140625,212.45899963378906,212.48699951171875,0,0.0,0.0
2026-03-24 05:45:00+00:00,212.4949951171875,212.5590057373047,212.46299743652344,212.53199768066406,0,0.0,0.0
2026-03-24 06:00:00+00:00,212.53199768066406,212.76199340820312,212.52200317382812,212.58099365234375,0,0.0,0.0
2026-03-24 06:15:00+00:00,212.58099365234375,212.6909942626953,212.56399536132812,212.6750030517578,0,0.0,0.0
2026-03-24 06:30:00+00:00,212.6790008544922,212.7270050048828,212.6479949951172,212.70700073242188,0,0.0,0.0
2026-03-24 06:45:00+00:00,212.70399475097656,212.7570037841797,212.6020050048828,212.70799255371094,0,0.0,0.0
2026-03-24 07:00:00+00:00,212.70799255371094,212.9770050048828,212.70399475097656,212.94000244140625,0,0.0,0.0
2026-03-24 07:15:00+00:00,212.9409942626953,212.9770050048828,212.8249969482422,212.85699462890625,0,0.0,0.0
2026-03-24 07:30:00+00:00,212.85699462890625,212.96800231933594,212.7830047607422,212.9409942626953,0,0.0,0.0
2026-03-24 07:45:00+00:00,212.93600463867188,212.9459991455078,212.80099487304688,212.86000061035156,0,0.0,0.0
2026-03-24 08:00:00+00:00,212.86500549316406,212.86500549316406,212.5959930419922,212.7030029296875,0,0.0,0.0
2026-03-24 08:15:00+00:00,212.69500732421875,212.77000427246094,212.5189971923828,212.52699279785156,0,0.0,0.0
2026-03-24 08:30:00+00:00,212.53199768066406,212.56700134277344,212.43699645996094,212.51100158691406,0,0.0,0.0
2026-03-24 08:45:00+00:00,212.51100158691406,212.5469970703125,212.2480010986328,212.4320068359375,0,0.0,0.0
2026-03-24 09:00:00+00:00,212.43299865722656,212.51100158691406,212.3730010986328,212.45700073242188,0,0.0,0.0
2026-03-24 09:15:00+00:00,212.4550018310547,212.5780029296875,212.41099548339844,212.4759979248047,0,0.0,0.0
2026-03-24 09:30:00+00:00,212.5290069580078,212.5659942626953,212.41299438476562,212.5399932861328,0,0.0,0.0
2026-03-24 09:45:00+00:00,212.53900146484375,212.6219940185547,212.4810028076172,212.6009979248047,0,0.0,0.0
2026-03-24 10:00:00+00:00,212.58999633789062,212.7270050048828,212.57000732421875,212.63800048828125,0,0.0,0.0
2026-03-24 10:15:00+00:00,212.63900756835938,212.69500732421875,212.6009979248047,212.61399841308594,0,0.0,0.0
2026-03-24 10:30:00+00:00,212.61599731445312,212.718994140625,212.59500122070312,212.71400451660156,0,0.0,0.0
2026-03-24 10:45:00+00:00,212.7169952392578,212.7550048828125,212.63800048828125,212.73300170898438,0,0.0,0.0
2026-03-24 11:00:00+00:00,212.72300720214844,212.7949981689453,212.66299438476562,212.77099609375,0,0.0,0.0
2026-03-24 11:15:00+00:00,212.77699279785156,212.8000030517578,212.67999267578125,212.75599670410156,0,0.0,0.0
2026-03-24 11:30:00+00:00,212.7429962158203,212.83999633789062,212.73399353027344,212.77699279785156,0,0.0,0.0
2026-03-24 11:45:00+00:00,212.781005859375,212.82000732421875,212.55299377441406,212.6909942626953,0,0.0,0.0
2026-03-24 12:00:00+00:00,212.6909942626953,212.73899841308594,212.55799865722656,212.5959930419922,0,0.0,0.0
2026-03-24 12:15:00+00:00,212.59300231933594,212.7239990234375,212.55799865722656,212.70599365234375,0,0.0,0.0
2026-03-24 12:30:00+00:00,212.70799255371094,212.7830047607422,212.6490020751953,212.76499938964844,0,0.0,0.0
2026-03-24 12:45:00+00:00,212.76400756835938,212.80299377441406,212.66299438476562,212.69500732421875,0,0.0,0.0
2026-03-24 13:00:00+00:00,212.68899536132812,212.70199584960938,212.41099548339844,212.53599548339844,0,0.0,0.0
2026-03-24 13:15:00+00:00,212.53700256347656,212.57200622558594,212.4499969482422,212.45899963378906,0,0.0,0.0
2026-03-24 13:30:00+00:00,212.45700073242188,212.58599853515625,212.40899658203125,212.44200134277344,0,0.0,0.0
2026-03-24 13:45:00+00:00,212.43899536132812,212.54200744628906,212.38400268554688,212.42300415039062,0,0.0,0.0
2026-03-24 14:00:00+00:00,212.42799377441406,212.64500427246094,212.4040069580078,212.61199951171875,0,0.0,0.0
2026-03-24 14:15:00+00:00,212.60899353027344,212.68099975585938,212.5659942626953,212.64100646972656,0,0.0,0.0
2026-03-24 14:30:00+00:00,212.6490020751953,212.74600219726562,212.5749969482422,212.7449951171875,0,0.0,0.0
2026-03-24 14:45:00+00:00,212.73899841308594,212.86900329589844,212.53599548339844,212.66799926757812,0,0.0,0.0
2026-03-24 15:00:00+00:00,212.66799926757812,212.71499633789062,212.5449981689453,212.59500122070312,0,0.0,0.0
2026-03-24 15:15:00+00:00,212.59100341796875,212.65499877929688,212.56100463867188,212.58999633789062,0,0.0,0.0
2026-03-24 15:30:00+00:00,212.58799743652344,212.65699768066406,212.53399658203125,212.5919952392578,0,0.0,0.0
2026-03-24 15:45:00+00:00,212.58099365234375,212.6739959716797,212.47500610351562,212.6199951171875,0,0.0,0.0
2026-03-24 16:00:00+00:00,212.62100219726562,212.66000366210938,212.55499267578125,212.59300231933594,0,0.0,0.0
2026-03-24 16:15:00+00:00,212.5959930419922,212.71499633789062,212.58599853515625,212.6999969482422,0,0.0,0.0
2026-03-24 16:30:00+00:00,212.70399475097656,212.7169952392578,212.56100463867188,212.656005859375,0,0.0,0.0
2026-03-24 16:45:00+00:00,212.6529998779297,212.7259979248047,212.64999389648438,212.6739959716797,0,0.0,0.0
2026-03-24 17:00:00+00:00,212.67999267578125,212.7220001220703,212.47900390625,212.5919952392578,0,0.0,0.0
2026-03-24 17:15:00+00:00,212.59100341796875,212.70599365234375,212.56500244140625,212.7050018310547,0,0.0,0.0
2026-03-24 17:30:00+00:00,212.6909942626953,212.7740020751953,212.6719970703125,212.6959991455078,0,0.0,0.0
2026-03-24 17:45:00+00:00,212.69200134277344,212.80299377441406,212.65899658203125,212.7899932861328,0,0.0,0.0
2026-03-24 18:00:00+00:00,212.80099487304688,212.8300018310547,212.66600036621094,212.68899536132812,0,0.0,0.0
2026-03-24 18:15:00+00:00,212.68899536132812,212.7209930419922,212.63099670410156,212.69000244140625,0,0.0,0.0
2026-03-24 18:30:00+00:00,212.69400024414062,212.80599975585938,212.6790008544922,212.72000122070312,0,0.0,0.0
2026-03-24 18:45:00+00:00,212.7209930419922,212.76699829101562,212.67799377441406,212.74899291992188,0,0.0,0.0
2026-03-24 19:00:00+00:00,212.7550048828125,212.78199768066406,212.67799377441406,212.7429962158203,0,0.0,0.0
2026-03-24 19:15:00+00:00,212.7449951171875,212.81300354003906,212.72500610351562,212.78500366210938,0,0.0,0.0
2026-03-24 19:30:00+00:00,212.7830047607422,212.78599548339844,212.69400024414062,212.72900390625,0,0.0,0.0
2026-03-24 19:45:00+00:00,212.7239990234375,212.76699829101562,212.70700073242188,212.7570037841797,0,0.0,0.0
2026-03-24 20:00:00+00:00,212.76199340820312,212.802001953125,212.75100708007812,212.79100036621094,0,0.0,0.0
2026-03-24 20:15:00+00:00,212.7830047607422,212.91000366210938,212.63699340820312,212.7239990234375,0,0.0,0.0
2026-03-24 20:30:00+00:00,212.71600341796875,212.83700561523438,212.67599487304688,212.8159942626953,0,0.0,0.0
2026-03-24 20:45:00+00:00,212.80099487304688,212.92100524902344,212.73500061035156,212.78900146484375,0,0.0,0.0
2026-03-24 21:00:00+00:00,212.76499938964844,212.9080047607422,212.63499450683594,212.6790008544922,0,0.0,0.0
2026-03-24 21:15:00+00:00,212.68099975585938,212.73599243164062,212.51300048828125,212.53399658203125,0,0.0,0.0
2026-03-24 21:30:00+00:00,212.572998046875,212.85400390625,212.5189971923828,212.75999450683594,0,0.0,0.0
2026-03-24 21:45:00+00:00,212.75999450683594,212.88400268554688,212.7270050048828,212.7790069580078,0,0.0,0.0
2026-03-24 22:00:00+00:00,212.7830047607422,212.906005859375,212.6840057373047,212.79800415039062,0,0.0,0.0
2026-03-24 22:15:00+00:00,212.7530059814453,212.85899353027344,212.73399353027344,212.82899475097656,0,0.0,0.0
2026-03-24 22:30:00+00:00,212.79800415039062,212.8800048828125,212.7830047607422,212.86500549316406,0,0.0,0.0
2026-03-24 22:45:00+00:00,212.83700561523438,212.92799377441406,212.83599853515625,212.90699768066406,0,0.0,0.0
2026-03-24 23:00:00+00:00,212.90899658203125,212.9429931640625,212.86399841308594,212.8800048828125,0,0.0,0.0
2026-03-24 23:15:00+00:00,212.875,212.9510040283203,212.86599731445312,212.9340057373047,0,0.0,0.0
2026-03-24 23:30:00+00:00,212.9250030517578,212.9810028076172,212.85899353027344,212.88600158691406,0,0.0,0.0
2026-03-24 23:45:00+00:00,212.88600158691406,212.927001953125,212.86500549316406,212.906005859375,0,0.0,0.0
2026-03-25 00:00:00+00:00,212.88900756835938,213.13900756835938,212.85499572753906,213.11199951171875,0,0.0,0.0
2026-03-25 00:15:00+00:00,213.11500549316406,213.18800354003906,213.07899475097656,213.11300659179688,0,0.0,0.0
2026-03-25 00:30:00+00:00,213.1060028076172,213.1790008544922,213.02499389648438,213.13999938964844,0,0.0,0.0
2026-03-25 00:45:00+00:00,213.1439971923828,213.16900634765625,213.01699829101562,213.031005859375,0,0.0,0.0
2026-03-25 01:00:00+00:00,213.03500366210938,213.11000061035156,212.97799682617188,213.031005859375,0,0.0,0.0
2026-03-25 01:15:00+00:00,213.031005859375,213.0989990234375,213.02499389648438,213.0570068359375,0,0.0,0.0
2026-03-25 01:30:00+00:00,213.0659942626953,213.09800720214844,212.9770050048828,213.0659942626953,0,0.0,0.0
2026-03-25 01:45:00+00:00,213.07000732421875,213.08299255371094,212.88400268554688,212.9040069580078,0,0.0,0.0
2026-03-25 02:00:00+00:00,212.90499877929688,212.9459991455078,212.79299926757812,212.81900024414062,0,0.0,0.0
2026-03-25 02:15:00+00:00,212.81300354003906,212.88099670410156,212.7949981689453,212.8260040283203,0,0.0,0.0
2026-03-25 02:30:00+00:00,212.8260040283203,212.88400268554688,212.80299377441406,212.86599731445312,0,0.0,0.0
2026-03-25 02:45:00+00:00,212.86500549316406,212.9250030517578,212.7899932861328,212.83299255371094,0,0.0,0.0
2026-03-25 03:00:00+00:00,212.83399963378906,212.8679962158203,212.76199340820312,212.80499267578125,0,0.0,0.0
2026-03-25 03:15:00+00:00,212.8040008544922,212.85499572753906,212.78700256347656,212.80799865722656,0,0.0,0.0
2026-03-25 03:30:00+00:00,212.81399536132812,212.83599853515625,212.76400756835938,212.79100036621094,0,0.0,0.0
2026-03-25 03:45:00+00:00,212.79200744628906,212.82200622558594,212.74099731445312,212.76100158691406,0,0.0,0.0
2026-03-25 04:00:00+00:00,212.77099609375,212.85800170898438,212.72500610351562,212.8489990234375,0,0.0,0.0
2026-03-25 04:15:00+00:00,212.85800170898438,212.92999267578125,212.82699584960938,212.87600708007812,0,0.0,0.0
2026-03-25 04:30:00+00:00,212.875,212.90499877929688,212.822998046875,212.89100646972656,0,0.0,0.0
2026-03-25 04:45:00+00:00,212.88999938964844,212.89599609375,212.7530059814453,212.76100158691406,0,0.0,0.0
2026-03-25 05:00:00+00:00,212.76100158691406,212.82699584960938,212.7469940185547,212.7760009765625,0,0.0,0.0
2026-03-25 05:15:00+00:00,212.77099609375,212.77999877929688,212.66000366210938,212.71299743652344,0,0.0,0.0
2026-03-25 05:30:00+00:00,212.7050018310547,212.78500366210938,212.6929931640625,212.74400329589844,0,0.0,0.0
2026-03-25 05:45:00+00:00,212.73500061035156,212.7480010986328,212.6269989013672,212.6490020751953,0,0.0,0.0
2026-03-25 06:00:00+00:00,212.6479949951172,212.75799560546875,212.62399291992188,212.7030029296875,0,0.0,0.0
2026-03-25 06:15:00+00:00,212.7030029296875,212.8820037841797,212.6929931640625,212.75999450683594,0,0.0,0.0
2026-03-25 06:30:00+00:00,212.76400756835938,212.83399963378906,212.7220001220703,212.75599670410156,0,0.0,0.0
2026-03-25 06:45:00+00:00,212.75799560546875,212.822998046875,212.71800231933594,212.74600219726562,0,0.0,0.0
2026-03-25 07:00:00+00:00,212.718994140625,212.9250030517578,212.71800231933594,212.8800048828125,0,0.0,0.0
2026-03-25 07:15:00+00:00,212.8800048828125,212.93899536132812,212.8040008544922,212.82899475097656,0,0.0,0.0
2026-03-25 07:30:00+00:00,212.8300018310547,212.9149932861328,212.74000549316406,212.89999389648438,0,0.0,0.0
2026-03-25 07:45:00+00:00,212.89999389648438,213.12600708007812,212.89599609375,213.08599853515625,0,0.0,0.0
2026-03-25 08:00:00+00:00,213.0800018310547,213.20199584960938,213.06300354003906,213.13400268554688,0,0.0,0.0
2026-03-25 08:15:00+00:00,213.13400268554688,213.20899963378906,213.08399963378906,213.09300231933594,0,0.0,0.0
2026-03-25 08:30:00+00:00,213.09500122070312,213.1219940185547,212.93800354003906,213.10899353027344,0,0.0,0.0
2026-03-25 08:45:00+00:00,213.10299682617188,213.1280059814453,212.83099365234375,212.86300659179688,0,0.0,0.0
2026-03-25 09:00:00+00:00,212.8699951171875,212.96299743652344,212.81300354003906,212.93299865722656,0,0.0,0.0
2026-03-25 09:15:00+00:00,212.93600463867188,212.94700622558594,212.75900268554688,212.85800170898438,0,0.0,0.0
2026-03-25 09:30:00+00:00,212.85899353027344,212.88600158691406,212.75900268554688,212.85000610351562,0,0.0,0.0
2026-03-25 09:45:00+00:00,212.84800720214844,212.906005859375,212.81700134277344,212.84300231933594,0,0.0,0.0
2026-03-25 10:00:00+00:00,212.84300231933594,212.97500610351562,212.84100341796875,212.93899536132812,0,0.0,0.0
2026-03-25 10:15:00+00:00,212.9320068359375,213.0399932861328,212.92100524902344,212.96600341796875,0,0.0,0.0
2026-03-25 10:30:00+00:00,212.9669952392578,213.05799865722656,212.95399475097656,213.01600646972656,0,0.0,0.0
2026-03-25 10:45:00+00:00,213.01400756835938,213.11700439453125,213.00799560546875,213.06500244140625,0,0.0,0.0
2026-03-25 11:00:00+00:00,213.06700134277344,213.16600036621094,213.04299926757812,213.0590057373047,0,0.0,0.0
2026-03-25 11:15:00+00:00,213.05999755859375,213.14199829101562,213.03700256347656,213.08099365234375,0,0.0,0.0
2026-03-25 11:30:00+00:00,213.0800018310547,213.1529998779297,213.0489959716797,213.12899780273438,0,0.0,0.0
2026-03-25 11:45:00+00:00,213.12899780273438,213.16700744628906,213.0399932861328,213.08599853515625,0,0.0,0.0
2026-03-25 12:00:00+00:00,213.08599853515625,213.20700073242188,213.06500244140625,213.07699584960938,0,0.0,0.0
2026-03-25 12:15:00+00:00,213.07699584960938,213.11399841308594,212.8939971923828,213.0290069580078,0,0.0,0.0
2026-03-25 12:30:00+00:00,213.03599548339844,213.1009979248047,212.99200439453125,213.01800537109375,0,0.0,0.0
2026-03-25 12:45:00+00:00,213.02999877929688,213.0679931640625,212.91099548339844,212.98199462890625,0,0.0,0.0
2026-03-25 13:00:00+00:00,212.98300170898438,213.04200744628906,212.86000061035156,212.927001953125,0,0.0,0.0
2026-03-25 13:15:00+00:00,212.92999267578125,212.99000549316406,212.86099243164062,212.90199279785156,0,0.0,0.0
2026-03-25 13:30:00+00:00,212.90199279785156,212.94900512695312,212.8459930419922,212.8719940185547,0,0.0,0.0
2026-03-25 13:45:00+00:00,212.87600708007812,212.88400268554688,212.75,212.7989959716797,0,0.0,0.0
2026-03-25 14:00:00+00:00,212.79400634765625,212.81300354003906,212.63499450683594,212.78599548339844,0,0.0,0.0
2026-03-25 14:15:00+00:00,212.79100036621094,212.87100219726562,212.64500427246094,212.7790069580078,0,0.0,0.0
2026-03-25 14:30:00+00:00,212.7729949951172,212.802001953125,212.6820068359375,212.72799682617188,0,0.0,0.0
2026-03-25 14:45:00+00:00,212.72500610351562,212.9510040283203,212.718994140625,212.8780059814453,0,0.0,0.0
2026-03-25 15:00:00+00:00,212.8820037841797,212.9980010986328,212.83200073242188,212.83799743652344,0,0.0,0.0
2026-03-25 15:15:00+00:00,212.843994140625,212.85000610351562,212.6929931640625,212.7989959716797,0,0.0,0.0
2026-03-25 15:30:00+00:00,212.80799865722656,212.8179931640625,212.6529998779297,212.69000244140625,0,0.0,0.0
2026-03-25 15:45:00+00:00,212.6959991455078,212.9219970703125,212.6840057373047,212.87399291992188,0,0.0,0.0
2026-03-25 16:00:00+00:00,212.87100219726562,212.8800048828125,212.73899841308594,212.8730010986328,0,0.0,0.0
2026-03-25 16:15:00+00:00,212.8730010986328,212.98399353027344,212.8350067138672,212.96299743652344,0,0.0,0.0
2026-03-25 16:30:00+00:00,212.95899963378906,213.05499267578125,212.9199981689453,212.98899841308594,0,0.0,0.0
2026-03-25 16:45:00+00:00,212.99000549316406,213.0749969482422,212.96400451660156,213.04200744628906,0,0.0,0.0
2026-03-25 17:00:00+00:00,213.04100036621094,213.0780029296875,213.0,213.03399658203125,0,0.0,0.0
2026-03-25 17:15:00+00:00,213.04200744628906,213.08200073242188,213.00599670410156,213.0679931640625,0,0.0,0.0
2026-03-25 17:30:00+00:00,213.06399536132812,213.1699981689453,213.04600524902344,213.1439971923828,0,0.0,0.0
2026-03-25 17:45:00+00:00,213.1439971923828,213.19500732421875,213.1009979248047,213.1479949951172,0,0.0,0.0
2026-03-25 18:00:00+00:00,213.14199829101562,213.16299438476562,213.09300231933594,213.09800720214844,0,0.0,0.0
2026-03-25 18:15:00+00:00,213.0989990234375,213.1750030517578,213.09800720214844,213.12899780273438,0,0.0,0.0
2026-03-25 18:30:00+00:00,213.13299560546875,213.1540069580078,213.03199768066406,213.06100463867188,0,0.0,0.0
2026-03-25 18:45:00+00:00,213.0659942626953,213.10000610351562,212.9949951171875,213.072998046875,0,0.0,0.0
2026-03-25 19:00:00+00:00,213.072998046875,213.1060028076172,213.04600524902344,213.08999633789062,0,0.0,0.0
2026-03-25 19:15:00+00:00,213.0970001220703,213.1280059814453,213.07899475097656,213.11099243164062,0,0.0,0.0
2026-03-25 19:30:00+00:00,213.11099243164062,213.13400268554688,213.08900451660156,213.12100219726562,0,0.0,0.0
2026-03-25 19:45:00+00:00,213.12399291992188,213.15699768066406,213.08700561523438,213.1269989013672,0,0.0,0.0
2026-03-25 20:00:00+00:00,213.1269989013672,213.1540069580078,213.08200073242188,213.08999633789062,0,0.0,0.0
2026-03-25 20:15:00+00:00,213.08999633789062,213.0989990234375,213.04100036621094,213.0659942626953,0,0.0,0.0
2026-03-25 20:30:00+00:00,213.05599975585938,213.07200622558594,213.02699279785156,213.04800415039062,0,0.0,0.0
2026-03-25 20:45:00+00:00,213.0449981689453,213.1479949951172,213.02200317382812,213.09300231933594,0,0.0,0.0
2026-03-25 21:00:00+00:00,213.0679931640625,213.14199829101562,212.9409942626953,212.9669952392578,0,0.0,0.0
2026-03-25 21:15:00+00:00,212.9669952392578,213.10499572753906,212.89999389648438,212.97999572753906,0,0.0,0.0
2026-03-25 21:30:00+00:00,212.97900390625,213.1280059814453,212.9669952392578,213.0229949951172,0,0.0,0.0
2026-03-25 21:45:00+00:00,213.02499389648438,213.17100524902344,212.93299865722656,212.97900390625,0,0.0,0.0
2026-03-25 22:00:00+00:00,212.98199462890625,213.11199951171875,212.9499969482422,212.98800659179688,0,0.0,0.0
2026-03-25 22:15:00+00:00,213.02099609375,213.0570068359375,212.968994140625,213.0290069580078,0,0.0,0.0
2026-03-25 22:30:00+00:00,213.00999450683594,213.05799865722656,212.98300170898438,213.01800537109375,0,0.0,0.0
2026-03-25 22:45:00+00:00,213.02200317382812,213.04200744628906,212.9669952392578,212.99200439453125,0,0.0,0.0
2026-03-25 23:00:00+00:00,212.98399353027344,213.03500366210938,212.95700073242188,213.01400756835938,0,0.0,0.0
2026-03-25 23:15:00+00:00,212.99899291992188,213.0240020751953,212.947998046875,212.96099853515625,0,0.0,0.0
2026-03-25 23:30:00+00:00,212.9530029296875,213.00599670410156,212.9499969482422,212.99200439453125,0,0.0,0.0
2026-03-25 23:45:00+00:00,212.99200439453125,212.99899291992188,212.93099975585938,212.98899841308594,0,0.0,0.0
2026-03-26 00:00:00+00:00,212.97500610351562,213.0290069580078,212.89700317382812,212.9530029296875,0,0.0,0.0
2026-03-26 00:15:00+00:00,212.9530029296875,213.07899475097656,212.9530029296875,213.06100463867188,0,0.0,0.0
2026-03-26 00:30:00+00:00,213.05799865722656,213.06199645996094,212.9550018310547,212.9739990234375,0,0.0,0.0
2026-03-26 00:45:00+00:00,212.9739990234375,213.04400634765625,212.91600036621094,213.02699279785156,0,0.0,0.0
2026-03-26 01:00:00+00:00,213.0240020751953,213.09500122070312,213.00599670410156,213.05599975585938,0,0.0,0.0
2026-03-26 01:15:00+00:00,213.0590057373047,213.0709991455078,212.98599243164062,213.02000427246094,0,0.0,0.0
2026-03-26 01:30:00+00:00,213.01699829101562,213.11300659179688,213.01699829101562,213.06199645996094,0,0.0,0.0
2026-03-26 01:45:00+00:00,213.0590057373047,213.0959930419922,213.05099487304688,213.0919952392578,0,0.0,0.0
2026-03-26 02:00:00+00:00,213.0850067138672,213.10699462890625,213.0240020751953,213.04100036621094,0,0.0,0.0
2026-03-26 02:15:00+00:00,213.0449981689453,213.04800415039062,212.9969940185547,213.02099609375,0,0.0,0.0
2026-03-26 02:30:00+00:00,213.0189971923828,213.031005859375,212.91799926757812,212.95700073242188,0,0.0,0.0
2026-03-26 02:45:00+00:00,212.9550018310547,212.99899291992188,212.9409942626953,212.98300170898438,0,0.0,0.0
2026-03-26 03:00:00+00:00,212.9720001220703,213.0,212.93699645996094,212.9739990234375,0,0.0,0.0
2026-03-26 03:15:00+00:00,212.97999572753906,213.04100036621094,212.91799926757812,213.0330047607422,0,0.0,0.0
2026-03-26 03:30:00+00:00,213.02999877929688,213.11099243164062,213.02099609375,213.0800018310547,0,0.0,0.0
2026-03-26 03:45:00+00:00,213.08399963378906,213.125,213.01100158691406,213.1020050048828,0,0.0,0.0
2026-03-26 04:00:00+00:00,213.0959930419922,213.11500549316406,213.05999755859375,213.06900024414062,0,0.0,0.0
2026-03-26 04:15:00+00:00,213.06700134277344,213.0780029296875,213.01300048828125,213.0290069580078,0,0.0,0.0
2026-03-26 04:30:00+00:00,213.0290069580078,213.07000732421875,213.0279998779297,213.0500030517578,0,0.0,0.0
2026-03-26 04:45:00+00:00,213.0500030517578,213.11000061035156,213.02099609375,213.0800018310547,0,0.0,0.0
2026-03-26 05:00:00+00:00,213.0800018310547,213.0970001220703,212.98500061035156,213.02200317382812,0,0.0,0.0
2026-03-26 05:15:00+00:00,213.0229949951172,213.04200744628906,212.9770050048828,213.0229949951172,0,0.0,0.0
2026-03-26 05:30:00+00:00,213.0260009765625,213.05299377441406,212.96800231933594,213.01499938964844,0,0.0,0.0
2026-03-26 05:45:00+00:00,213.02000427246094,213.0260009765625,212.94700622558594,212.98899841308594,0,0.0,0.0
2026-03-26 06:00:00+00:00,212.98800659179688,213.02200317382812,212.93299865722656,212.96499633789062,0,0.0,0.0
2026-03-26 06:15:00+00:00,212.96099853515625,213.0919952392578,212.94700622558594,213.052001953125,0,0.0,0.0
2026-03-26 06:30:00+00:00,213.05599975585938,213.0590057373047,212.9080047607422,212.94000244140625,0,0.0,0.0
2026-03-26 06:45:00+00:00,212.9429931640625,212.96299743652344,212.88499450683594,212.9029998779297,0,0.0,0.0
2026-03-26 07:00:00+00:00,212.90899658203125,212.9239959716797,212.781005859375,212.83900451660156,0,0.0,0.0
2026-03-26 07:15:00+00:00,212.83900451660156,212.9239959716797,212.72999572753906,212.87399291992188,0,0.0,0.0
2026-03-26 07:30:00+00:00,212.8699951171875,212.98899841308594,212.8459930419922,212.9219970703125,0,0.0,0.0
2026-03-26 07:45:00+00:00,212.9199981689453,213.0,212.85699462890625,212.91900634765625,0,0.0,0.0
2026-03-26 08:00:00+00:00,212.9219970703125,212.9320068359375,212.76100158691406,212.802001953125,0,0.0,0.0
2026-03-26 08:15:00+00:00,212.79800415039062,212.9029998779297,212.72999572753906,212.73599243164062,0,0.0,0.0
2026-03-26 08:30:00+00:00,212.72900390625,212.92100524902344,212.69000244140625,212.80299377441406,0,0.0,0.0
2026-03-26 08:45:00+00:00,212.80299377441406,212.93299865722656,212.7949981689453,212.92599487304688,0,0.0,0.0
2026-03-26 09:00:00+00:00,212.927001953125,213.0189971923828,212.87899780273438,212.96200561523438,0,0.0,0.0
2026-03-26 09:15:00+00:00,212.95700073242188,212.9810028076172,212.83399963378906,212.8419952392578,0,0.0,0.0
2026-03-26 09:30:00+00:00,212.8419952392578,212.92599487304688,212.8090057373047,212.8509979248047,0,0.0,0.0
2026-03-26 09:45:00+00:00,212.85400390625,213.0019989013672,212.8520050048828,212.97500610351562,0,0.0,0.0
2026-03-26 10:00:00+00:00,212.9810028076172,213.07699584960938,212.95700073242188,213.052001953125,0,0.0,0.0
2026-03-26 10:15:00+00:00,213.05799865722656,213.05799865722656,212.96400451660156,212.98899841308594,0,0.0,0.0
2026-03-26 10:30:00+00:00,212.98899841308594,213.03599548339844,212.91000366210938,212.98399353027344,0,0.0,0.0
2026-03-26 10:45:00+00:00,212.99099731445312,213.03599548339844,212.9429931640625,212.96299743652344,0,0.0,0.0
2026-03-26 11:00:00+00:00,212.968994140625,213.02000427246094,212.9340057373047,212.947998046875,0,0.0,0.0
2026-03-26 11:15:00+00:00,212.9499969482422,213.0,212.91200256347656,212.9239959716797,0,0.0,0.0
2026-03-26 11:30:00+00:00,212.9239959716797,212.96800231933594,212.81900024414062,212.8209991455078,0,0.0,0.0
2026-03-26 11:45:00+00:00,212.8209991455078,212.8679962158203,212.74899291992188,212.7550048828125,0,0.0,0.0
2026-03-26 12:00:00+00:00,212.7570037841797,212.83099365234375,212.73599243164062,212.78199768066406,0,0.0,0.0
2026-03-26 12:15:00+00:00,212.7760009765625,212.83299255371094,212.69900512695312,212.77499389648438,0,0.0,0.0
2026-03-26 12:30:00+00:00,212.78500366210938,212.81700134277344,212.68499755859375,212.73500061035156,0,0.0,0.0
2026-03-26 12:45:00+00:00,212.73899841308594,212.86300659179688,212.7239990234375,212.79600524902344,0,0.0,0.0
2026-03-26 13:00:00+00:00,212.8000030517578,212.96299743652344,212.79299926757812,212.9530029296875,0,0.0,0.0
2026-03-26 13:15:00+00:00,212.9600067138672,213.03500366210938,212.93099975585938,212.98899841308594,0,0.0,0.0
2026-03-26 13:30:00+00:00,212.99000549316406,213.12399291992188,212.95899963378906,213.11700439453125,0,0.0,0.0
2026-03-26 13:45:00+00:00,213.11900329589844,213.156005859375,213.03700256347656,213.04299926757812,0,0.0,0.0
2026-03-26 14:00:00+00:00,213.0449981689453,213.16799926757812,213.0050048828125,213.16099548339844,0,0.0,0.0
2026-03-26 14:15:00+00:00,213.16700744628906,213.30299377441406,213.13299560546875,213.27499389648438,0,0.0,0.0
2026-03-26 14:30:00+00:00,213.27499389648438,213.2949981689453,213.1300048828125,213.15199279785156,0,0.0,0.0
2026-03-26 14:45:00+00:00,213.156005859375,213.23199462890625,213.08900451660156,213.18099975585938,0,0.0,0.0
2026-03-26 15:00:00+00:00,213.17100524902344,213.26499938964844,213.14300537109375,213.2220001220703,0,0.0,0.0
2026-03-26 15:15:00+00:00,213.21800231933594,213.25399780273438,213.10000610351562,213.13699340820312,0,0.0,0.0
2026-03-26 15:30:00+00:00,213.13499450683594,213.13699340820312,212.97000122070312,212.99400329589844,0,0.0,0.0
2026-03-26 15:45:00+00:00,212.99600219726562,213.16299438476562,212.9810028076172,213.1479949951172,0,0.0,0.0
2026-03-26 16:00:00+00:00,213.14500427246094,213.18600463867188,213.0240020751953,213.0709991455078,0,0.0,0.0
2026-03-26 16:15:00+00:00,213.0679931640625,213.07699584960938,212.92300415039062,212.97799682617188,0,0.0,0.0
2026-03-26 16:30:00+00:00,212.97799682617188,213.0050048828125,212.92999267578125,212.95899963378906,0,0.0,0.0
2026-03-26 16:45:00+00:00,212.95199584960938,213.01100158691406,212.9219970703125,212.9409942626953,0,0.0,0.0
2026-03-26 17:00:00+00:00,212.9409942626953,213.0229949951172,212.9149932861328,212.9709930419922,0,0.0,0.0
2026-03-26 17:15:00+00:00,212.968994140625,213.03700256347656,212.93899536132812,213.00900268554688,0,0.0,0.0
2026-03-26 17:30:00+00:00,213.0050048828125,213.0919952392578,212.91400146484375,212.94000244140625,0,0.0,0.0
2026-03-26 17:45:00+00:00,212.93600463867188,212.9600067138672,212.7689971923828,212.77200317382812,0,0.0,0.0
2026-03-26 18:00:00+00:00,212.7729949951172,212.88499450683594,212.75399780273438,212.8820037841797,0,0.0,0.0
2026-03-26 18:15:00+00:00,212.88400268554688,212.89599609375,212.83099365234375,212.83799743652344,0,0.0,0.0
2026-03-26 18:30:00+00:00,212.83999633789062,212.88600158691406,212.82200622558594,212.86099243164062,0,0.0,0.0
2026-03-26 18:45:00+00:00,212.86000061035156,212.92300415039062,212.8509979248047,212.9029998779297,0,0.0,0.0
2026-03-26 19:00:00+00:00,212.9040069580078,212.94000244140625,212.82699584960938,212.8679962158203,0,0.0,0.0
2026-03-26 19:15:00+00:00,212.8679962158203,212.90899658203125,212.84800720214844,212.86900329589844,0,0.0,0.0
2026-03-26 19:30:00+00:00,212.86900329589844,212.88299560546875,212.82400512695312,212.83099365234375,0,0.0,0.0
2026-03-26 19:45:00+00:00,212.83099365234375,212.8509979248047,212.7570037841797,212.77699279785156,0,0.0,0.0
2026-03-26 20:00:00+00:00,212.77999877929688,213.07400512695312,212.72500610351562,212.92599487304688,0,0.0,0.0
2026-03-26 20:15:00+00:00,212.9250030517578,213.00999450683594,212.81700134277344,212.90499877929688,0,0.0,0.0
2026-03-26 20:30:00+00:00,212.89100646972656,212.98899841308594,212.8820037841797,212.94000244140625,0,0.0,0.0
2026-03-26 20:45:00+00:00,212.9459991455078,213.0050048828125,212.86099243164062,212.99899291992188,0,0.0,0.0
2026-03-26 21:00:00+00:00,212.93699645996094,213.0019989013672,212.73899841308594,212.81199645996094,0,0.0,0.0
2026-03-26 21:15:00+00:00,212.81199645996094,213.08099365234375,212.7989959716797,212.98899841308594,0,0.0,0.0
2026-03-26 21:30:00+00:00,212.99099731445312,213.07200622558594,212.8280029296875,212.8560028076172,0,0.0,0.0
2026-03-26 21:45:00+00:00,212.85800170898438,212.95599365234375,212.79200744628906,212.8350067138672,0,0.0,0.0
2026-03-26 22:00:00+00:00,212.8679962158203,213.20700073242188,212.83700561523438,212.9320068359375,0,0.0,0.0
2026-03-26 22:15:00+00:00,212.9320068359375,212.9550018310547,212.86599731445312,212.91400146484375,0,0.0,0.0
2026-03-26 22:30:00+00:00,212.88400268554688,212.9600067138672,212.8699951171875,212.88800048828125,0,0.0,0.0
2026-03-26 22:45:00+00:00,212.92300415039062,212.95899963378906,212.87600708007812,212.93299865722656,0,0.0,0.0
2026-03-26 23:00:00+00:00,212.9029998779297,212.95799255371094,212.85000610351562,212.90199279785156,0,0.0,0.0
2026-03-26 23:15:00+00:00,212.9010009765625,212.95399475097656,212.8699951171875,212.91200256347656,0,0.0,0.0
2026-03-26 23:30:00+00:00,212.91600036621094,212.97000122070312,212.9080047607422,212.93099975585938,0,0.0,0.0
2026-03-26 23:45:00+00:00,212.93099975585938,212.98599243164062,212.92799377441406,212.98300170898438,0,0.0,0.0
2026-03-27 00:00:00+00:00,212.97000122070312,212.99000549316406,212.86900329589844,212.906005859375,0,0.0,0.0
2026-03-27 00:15:00+00:00,212.90699768066406,212.91400146484375,212.81100463867188,212.81900024414062,0,0.0,0.0
2026-03-27 00:30:00+00:00,212.82400512695312,212.8699951171875,212.80099487304688,212.8249969482422,0,0.0,0.0
2026-03-27 00:45:00+00:00,212.8260040283203,212.82699584960938,212.58299255371094,212.73399353027344,0,0.0,0.0
2026-03-27 01:00:00+00:00,212.73399353027344,212.8070068359375,212.67300415039062,212.78700256347656,0,0.0,0.0
2026-03-27 01:15:00+00:00,212.78599548339844,212.85299682617188,212.74400329589844,212.843994140625,0,0.0,0.0
2026-03-27 01:30:00+00:00,212.83399963378906,212.89999389648438,212.83399963378906,212.84500122070312,0,0.0,0.0
2026-03-27 01:45:00+00:00,212.83900451660156,212.8780059814453,212.74899291992188,212.78500366210938,0,0.0,0.0
2026-03-27 02:00:00+00:00,212.781005859375,212.89300537109375,212.781005859375,212.8719940185547,0,0.0,0.0
2026-03-27 02:15:00+00:00,212.88099670410156,212.90199279785156,212.83900451660156,212.875,0,0.0,0.0
2026-03-27 02:30:00+00:00,212.87399291992188,212.89999389648438,212.83599853515625,212.8419952392578,0,0.0,0.0
2026-03-27 02:45:00+00:00,212.84100341796875,212.8520050048828,212.78599548339844,212.82899475097656,0,0.0,0.0
2026-03-27 03:00:00+00:00,212.83099365234375,212.85000610351562,212.7449951171875,212.79200744628906,0,0.0,0.0
2026-03-27 03:15:00+00:00,212.78700256347656,212.8350067138672,212.77499389648438,212.80499267578125,0,0.0,0.0
2026-03-27 03:30:00+00:00,212.80599975585938,212.93600463867188,212.80599975585938,212.88600158691406,0,0.0,0.0
2026-03-27 03:45:00+00:00,212.88600158691406,212.9409942626953,212.85800170898438,212.92799377441406,0,0.0,0.0
2026-03-27 04:00:00+00:00,212.9239959716797,212.96800231933594,212.92100524902344,212.9219970703125,0,0.0,0.0
2026-03-27 04:15:00+00:00,212.9219970703125,212.93600463867188,212.83399963378906,212.84800720214844,0,0.0,0.0
2026-03-27 04:30:00+00:00,212.85899353027344,212.94700622558594,212.83700561523438,212.9459991455078,0,0.0,0.0
2026-03-27 04:45:00+00:00,212.94200134277344,212.98800659179688,212.91299438476562,212.9770050048828,0,0.0,0.0
2026-03-27 05:00:00+00:00,212.9739990234375,213.01699829101562,212.9709930419922,213.0,0,0.0,0.0
2026-03-27 05:15:00+00:00,213.0,213.0229949951172,212.9149932861328,212.9550018310547,0,0.0,0.0
2026-03-27 05:30:00+00:00,212.9550018310547,212.9810028076172,212.8939971923828,212.9600067138672,0,0.0,0.0
2026-03-27 05:45:00+00:00,212.96299743652344,213.00799560546875,212.8979949951172,212.927001953125,0,0.0,0.0
2026-03-27 06:00:00+00:00,212.927001953125,212.98800659179688,212.91400146484375,212.9510040283203,0,0.0,0.0
2026-03-27 06:15:00+00:00,212.94700622558594,212.98699951171875,212.91700744628906,212.96499633789062,0,0.0,0.0
2026-03-27 06:30:00+00:00,212.96299743652344,212.9949951171875,212.89700317382812,212.96400451660156,0,0.0,0.0
2026-03-27 06:45:00+00:00,212.95599365234375,213.0449981689453,212.94000244140625,212.9949951171875,0,0.0,0.0
2026-03-27 07:00:00+00:00,213.00999450683594,213.03900146484375,212.94500732421875,212.99000549316406,0,0.0,0.0
2026-03-27 07:15:00+00:00,212.99000549316406,213.09100341796875,212.9739990234375,213.0760040283203,0,0.0,0.0
2026-03-27 07:30:00+00:00,213.06500244140625,213.0959930419922,212.95399475097656,212.97500610351562,0,0.0,0.0
2026-03-27 07:45:00+00:00,212.9739990234375,213.02000427246094,212.92599487304688,212.93600463867188,0,0.0,0.0
2026-03-27 08:00:00+00:00,212.93600463867188,212.9600067138672,212.8280029296875,212.89999389648438,0,0.0,0.0
2026-03-27 08:15:00+00:00,212.89999389648438,212.97500610351562,212.86700439453125,212.9499969482422,0,0.0,0.0
2026-03-27 08:30:00+00:00,212.94700622558594,212.95599365234375,212.7429962158203,212.822998046875,0,0.0,0.0
2026-03-27 08:45:00+00:00,212.8280029296875,212.8489990234375,212.71099853515625,212.7989959716797,0,0.0,0.0
2026-03-27 09:00:00+00:00,212.79600524902344,212.85000610351562,212.7519989013672,212.82200622558594,0,0.0,0.0
2026-03-27 09:15:00+00:00,212.81399536132812,212.8679962158203,212.70599365234375,212.77000427246094,0,0.0,0.0
2026-03-27 09:30:00+00:00,212.76699829101562,212.78199768066406,212.69000244140625,212.7050018310547,0,0.0,0.0
2026-03-27 09:45:00+00:00,212.7010040283203,212.7949981689453,212.61399841308594,212.7100067138672,0,0.0,0.0
2026-03-27 10:00:00+00:00,212.70799255371094,212.8070068359375,212.66600036621094,212.70199584960938,0,0.0,0.0
2026-03-27 10:15:00+00:00,212.7010040283203,212.79200744628906,212.69200134277344,212.76600646972656,0,0.0,0.0
2026-03-27 10:30:00+00:00,212.76600646972656,212.80499267578125,212.69400024414062,212.7469940185547,0,0.0,0.0
2026-03-27 10:45:00+00:00,212.7530059814453,212.76300048828125,212.6840057373047,212.71499633789062,0,0.0,0.0
2026-03-27 11:00:00+00:00,212.71400451660156,212.7270050048828,212.6439971923828,212.6529998779297,0,0.0,0.0
2026-03-27 11:15:00+00:00,212.65499877929688,212.68299865722656,212.6219940185547,212.62600708007812,0,0.0,0.0
2026-03-27 11:30:00+00:00,212.625,212.6490020751953,212.51300048828125,212.51499938964844,0,0.0,0.0
2026-03-27 11:45:00+00:00,212.51300048828125,212.51499938964844,212.32400512695312,212.33200073242188,0,0.0,0.0
2026-03-27 12:00:00+00:00,212.33399963378906,212.33999633789062,212.22000122070312,212.27999877929688,0,0.0,0.0
2026-03-27 12:15:00+00:00,212.27999877929688,212.33700561523438,212.22900390625,212.3159942626953,0,0.0,0.0
2026-03-27 12:30:00+00:00,212.31900024414062,212.35899353027344,212.22900390625,212.29299926757812,0,0.0,0.0
2026-03-27 12:45:00+00:00,212.29299926757812,212.36700439453125,212.2469940185547,212.33900451660156,0,0.0,0.0
2026-03-27 13:00:00+00:00,212.34100341796875,212.38099670410156,212.29299926757812,212.31900024414062,0,0.0,0.0
2026-03-27 13:15:00+00:00,212.31900024414062,212.50599670410156,212.29299926757812,212.5030059814453,0,0.0,0.0
2026-03-27 13:30:00+00:00,212.50399780273438,212.68099975585938,212.45199584960938,212.6529998779297,0,0.0,0.0
2026-03-27 13:45:00+00:00,212.6529998779297,212.69200134277344,212.54600524902344,212.5959930419922,0,0.0,0.0
2026-03-27 14:00:00+00:00,212.59800720214844,212.8470001220703,212.552001953125,212.79100036621094,0,0.0,0.0
2026-03-27 14:15:00+00:00,212.78799438476562,212.86300659179688,212.7530059814453,212.83799743652344,0,0.0,0.0
2026-03-27 14:30:00+00:00,212.83799743652344,212.8719940185547,212.77999877929688,212.8090057373047,0,0.0,0.0
2026-03-27 14:45:00+00:00,212.80499267578125,212.93099975585938,212.8000030517578,212.83900451660156,0,0.0,0.0
2026-03-27 15:00:00+00:00,212.83999633789062,212.91900634765625,212.83700561523438,212.88299560546875,0,0.0,0.0
2026-03-27 15:15:00+00:00,212.875,212.9499969482422,212.8040008544922,212.91200256347656,0,0.0,0.0
2026-03-27 15:30:00+00:00,212.92300415039062,212.968994140625,212.8489990234375,212.87600708007812,0,0.0,0.0
2026-03-27 15:45:00+00:00,212.8769989013672,212.90699768066406,212.56100463867188,212.86700439453125,0,0.0,0.0
2026-03-27 16:00:00+00:00,212.8730010986328,213.0050048828125,212.78900146484375,212.80099487304688,0,0.0,0.0
2026-03-27 16:15:00+00:00,212.802001953125,212.85499572753906,212.7220001220703,212.77000427246094,0,0.0,0.0
2026-03-27 16:30:00+00:00,212.76699829101562,212.7729949951172,212.5659942626953,212.6580047607422,0,0.0,0.0
2026-03-27 16:45:00+00:00,212.6580047607422,212.70799255371094,212.57899475097656,212.61199951171875,0,0.0,0.0
2026-03-27 17:00:00+00:00,212.60800170898438,212.72000122070312,212.58599853515625,212.64500427246094,0,0.0,0.0
2026-03-27 17:15:00+00:00,212.65199279785156,212.78599548339844,212.625,212.7310028076172,0,0.0,0.0
2026-03-27 17:30:00+00:00,212.7209930419922,212.7480010986328,212.61199951171875,212.656005859375,0,0.0,0.0
2026-03-27 17:45:00+00:00,212.65699768066406,212.73800659179688,212.64999389648438,212.72999572753906,0,0.0,0.0
2026-03-27 18:00:00+00:00,212.718994140625,212.7760009765625,212.677001953125,212.7550048828125,0,0.0,0.0
2026-03-27 18:15:00+00:00,212.7550048828125,212.80099487304688,212.73899841308594,212.7830047607422,0,0.0,0.0
2026-03-27 18:30:00+00:00,212.79200744628906,212.802001953125,212.7259979248047,212.75599670410156,0,0.0,0.0
2026-03-27 18:45:00+00:00,212.75900268554688,212.76199340820312,212.64100646972656,212.6510009765625,0,0.0,0.0
2026-03-27 19:00:00+00:00,212.6490020751953,212.65199279785156,212.57699584960938,212.6009979248047,0,0.0,0.0
2026-03-27 19:15:00+00:00,212.60299682617188,212.6490020751953,212.58700561523438,212.6439971923828,0,0.0,0.0
2026-03-27 19:30:00+00:00,212.64599609375,212.6580047607422,212.593994140625,212.61900329589844,0,0.0,0.0
2026-03-27 19:45:00+00:00,212.6179962158203,212.61900329589844,212.5260009765625,212.53799438476562,0,0.0,0.0
2026-03-27 20:00:00+00:00,212.53900146484375,212.625,212.5070037841797,212.6179962158203,0,0.0,0.0
2026-03-27 20:15:00+00:00,212.60800170898438,212.656005859375,212.58299255371094,212.61900329589844,0,0.0,0.0
2026-03-27 20:30:00+00:00,212.6009979248047,212.70799255371094,212.58099365234375,212.69400024414062,0,0.0,0.0
2026-03-27 20:45:00+00:00,212.6790008544922,212.68899536132812,212.4530029296875,212.50100708007812,0,0.0,0.0
2026-03-27 21:00:00+00:00,212.54200744628906,212.54200744628906,212.54200744628906,212.54200744628906,0,0.0,0.0
2026-03-27 21:15:00+00:00,212.54200744628906,212.54200744628906,212.54200744628906,212.54200744628906,0,0.0,0.0
2026-03-30 00:00:00+01:00,212.33799743652344,212.41400146484375,212.3000030517578,212.37899780273438,0,0.0,0.0
2026-03-30 00:15:00+01:00,212.3780059814453,212.39999389648438,212.31500244140625,212.36099243164062,0,0.0,0.0
2026-03-30 00:30:00+01:00,212.37100219726562,212.37399291992188,212.2779998779297,212.28500366210938,0,0.0,0.0
2026-03-30 00:45:00+01:00,212.28599548339844,212.3040008544922,212.07899475097656,212.10800170898438,0,0.0,0.0
2026-03-30 01:00:00+01:00,212.0970001220703,212.13400268554688,211.9080047607422,211.91099548339844,0,0.0,0.0
2026-03-30 01:15:00+01:00,211.9219970703125,212.11500549316406,211.88099670410156,212.06500244140625,0,0.0,0.0
2026-03-30 01:30:00+01:00,212.0570068359375,212.09800720214844,211.89999389648438,211.94400024414062,0,0.0,0.0
2026-03-30 01:45:00+01:00,211.94200134277344,211.9720001220703,211.86300659179688,211.8699951171875,0,0.0,0.0
2026-03-30 02:00:00+01:00,211.86500549316406,211.96800231933594,211.83700561523438,211.92599487304688,0,0.0,0.0
2026-03-30 02:15:00+01:00,211.93499755859375,211.95399475097656,211.86399841308594,211.91700744628906,0,0.0,0.0
2026-03-30 02:30:00+01:00,211.91200256347656,211.98699951171875,211.89599609375,211.97500610351562,0,0.0,0.0
2026-03-30 02:45:00+01:00,211.97799682617188,211.98500061035156,211.88699340820312,211.8939971923828,0,0.0,0.0
2026-03-30 03:00:00+01:00,211.9010009765625,211.94400024414062,211.86900329589844,211.9010009765625,0,0.0,0.0
2026-03-30 03:15:00+01:00,211.8990020751953,211.906005859375,211.75100708007812,211.7779998779297,0,0.0,0.0
2026-03-30 03:30:00+01:00,211.77499389648438,211.88099670410156,211.74600219726562,211.8520050048828,0,0.0,0.0
2026-03-30 03:45:00+01:00,211.8560028076172,211.927001953125,211.83999633789062,211.91000366210938,0,0.0,0.0
2026-03-30 04:00:00+01:00,211.91000366210938,211.97500610351562,211.85899353027344,211.8979949951172,0,0.0,0.0
2026-03-30 04:15:00+01:00,211.8990020751953,212.01699829101562,211.87399291992188,211.97900390625,0,0.0,0.0
2026-03-30 04:30:00+01:00,211.97900390625,212.0260009765625,211.9550018310547,211.98800659179688,0,0.0,0.0
2026-03-30 04:45:00+01:00,211.99099731445312,212.07400512695312,211.9669952392578,212.05799865722656,0,0.0,0.0
2026-03-30 05:00:00+01:00,212.0570068359375,212.0570068359375,211.9029998779297,211.97900390625,0,0.0,0.0
2026-03-30 05:15:00+01:00,211.97500610351562,212.0260009765625,211.9429931640625,212.00799560546875,0,0.0,0.0
2026-03-30 05:30:00+01:00,212.01600646972656,212.05599975585938,211.99099731445312,212.0189971923828,0,0.0,0.0
2026-03-30 05:45:00+01:00,212.0189971923828,212.03599548339844,211.96099853515625,212.0070037841797,0,0.0,0.0
2026-03-30 06:00:00+01:00,212.0019989013672,212.04200744628906,211.98500061035156,212.00999450683594,0,0.0,0.0
2026-03-30 06:15:00+01:00,212.00599670410156,212.0800018310547,211.98699951171875,212.0330047607422,0,0.0,0.0
2026-03-30 06:30:00+01:00,212.03799438476562,212.0540008544922,211.9510040283203,212.01199340820312,0,0.0,0.0
2026-03-30 06:45:00+01:00,212.02099609375,212.03900146484375,211.94700622558594,211.9929962158203,0,0.0,0.0
2026-03-30 07:00:00+01:00,212.0019989013672,212.0189971923828,211.91799926757812,211.93099975585938,0,0.0,0.0
2026-03-30 07:15:00+01:00,211.93299865722656,212.05499267578125,211.91799926757812,212.01499938964844,0,0.0,0.0
2026-03-30 07:30:00+01:00,212.0240020751953,212.1009979248047,211.9239959716797,212.093994140625,0,0.0,0.0
2026-03-30 07:45:00+01:00,212.09100341796875,212.10699462890625,211.98599243164062,211.99000549316406,0,0.0,0.0
2026-03-30 08:00:00+01:00,211.9969940185547,211.9980010986328,211.68299865722656,211.68600463867188,0,0.0,0.0
2026-03-30 08:15:00+01:00,211.6909942626953,211.7169952392578,211.43499755859375,211.48800659179688,0,0.0,0.0
2026-03-30 08:30:00+01:00,211.49099731445312,211.5449981689453,211.44700622558594,211.49400329589844,0,0.0,0.0
2026-03-30 08:45:00+01:00,211.49400329589844,211.63099670410156,211.4550018310547,211.62899780273438,0,0.0,0.0
2026-03-30 09:00:00+01:00,211.62899780273438,211.64700317382812,211.51199340820312,211.56100463867188,0,0.0,0.0
2026-03-30 09:15:00+01:00,211.56500244140625,211.56900024414062,211.38400268554688,211.4709930419922,0,0.0,0.0
2026-03-30 09:30:00+01:00,211.45899963378906,211.5290069580078,211.35899353027344,211.36199951171875,0,0.0,0.0
2026-03-30 09:45:00+01:00,211.35699462890625,211.37100219726562,211.2740020751953,211.3350067138672,0,0.0,0.0
2026-03-30 10:00:00+01:00,211.3280029296875,211.37600708007812,211.22500610351562,211.2689971923828,0,0.0,0.0
2026-03-30 10:15:00+01:00,211.26499938964844,211.33200073242188,211.18499755859375,211.26600646972656,0,0.0,0.0
2026-03-30 10:30:00+01:00,211.25599670410156,211.33700561523438,211.16000366210938,211.32899475097656,0,0.0,0.0
2026-03-30 10:45:00+01:00,211.31900024414062,211.33299255371094,211.21499633789062,211.23300170898438,0,0.0,0.0
2026-03-30 11:00:00+01:00,211.22300720214844,211.3209991455078,211.17999267578125,211.26600646972656,0,0.0,0.0
2026-03-30 11:15:00+01:00,211.25900268554688,211.26800537109375,211.1750030517578,211.23899841308594,0,0.0,0.0
2026-03-30 11:30:00+01:00,211.23199462890625,211.26400756835938,211.1230010986328,211.1510009765625,0,0.0,0.0
2026-03-30 11:45:00+01:00,211.14700317382812,211.22300720214844,211.06700134277344,211.1280059814453,0,0.0,0.0
2026-03-30 12:00:00+01:00,211.1280059814453,211.197998046875,211.06900024414062,211.17799377441406,0,0.0,0.0
2026-03-30 12:15:00+01:00,211.1719970703125,211.28900146484375,211.13099670410156,211.23899841308594,0,0.0,0.0
2026-03-30 12:30:00+01:00,211.23399353027344,211.24000549316406,211.07699584960938,211.14300537109375,0,0.0,0.0
2026-03-30 12:45:00+01:00,211.14300537109375,211.14500427246094,211.04600524902344,211.04600524902344,0,0.0,0.0
2026-03-30 13:00:00+01:00,211.05099487304688,211.05099487304688,210.88999938964844,210.9080047607422,0,0.0,0.0
2026-03-30 13:15:00+01:00,210.9040069580078,211.07000732421875,210.88699340820312,211.00900268554688,0,0.0,0.0
2026-03-30 13:30:00+01:00,211.00799560546875,211.0709991455078,210.93600463867188,210.9429931640625,0,0.0,0.0
2026-03-30 13:45:00+01:00,210.93600463867188,211.01800537109375,210.78399658203125,210.81399536132812,0,0.0,0.0
2026-03-30 14:00:00+01:00,210.81300354003906,210.87600708007812,210.76800537109375,210.83299255371094,0,0.0,0.0
2026-03-30 14:15:00+01:00,210.8350067138672,210.88299560546875,210.67999267578125,210.697998046875,0,0.0,0.0
2026-03-30 14:30:00+01:00,210.6999969482422,210.70799255371094,210.33299255371094,210.35499572753906,0,0.0,0.0
2026-03-30 14:45:00+01:00,210.36399841308594,210.39500427246094,210.24899291992188,210.30499267578125,0,0.0,0.0
2026-03-30 15:00:00+01:00,210.31500244140625,210.4510040283203,210.3040008544922,210.35899353027344,0,0.0,0.0
2026-03-30 15:15:00+01:00,210.36099243164062,210.36900329589844,210.23599243164062,210.30299377441406,0,0.0,0.0
2026-03-30 15:30:00+01:00,210.3159942626953,210.4510040283203,210.28599548339844,210.3249969482422,0,0.0,0.0
2026-03-30 15:45:00+01:00,210.3249969482422,210.63999938964844,210.31300354003906,210.54299926757812,0,0.0,0.0
2026-03-30 16:00:00+01:00,210.55499267578125,210.5749969482422,210.3280029296875,210.33799743652344,0,0.0,0.0
2026-03-30 16:15:00+01:00,210.3350067138672,210.4759979248047,210.27699279785156,210.46099853515625,0,0.0,0.0
2026-03-30 16:30:00+01:00,210.4550018310547,210.49600219726562,210.29800415039062,210.3489990234375,0,0.0,0.0
2026-03-30 16:45:00+01:00,210.343994140625,210.4029998779297,210.31900024414062,210.34100341796875,0,0.0,0.0
2026-03-30 17:00:00+01:00,210.34100341796875,210.36000061035156,210.24099731445312,210.3260040283203,0,0.0,0.0
2026-03-30 17:15:00+01:00,210.322998046875,210.37399291992188,210.23699951171875,210.24200439453125,0,0.0,0.0
2026-03-30 17:30:00+01:00,210.23699951171875,210.31199645996094,210.1999969482422,210.21600341796875,0,0.0,0.0
2026-03-30 17:45:00+01:00,210.21200561523438,210.32699584960938,210.19200134277344,210.30099487304688,0,0.0,0.0
2026-03-30 18:00:00+01:00,210.30499267578125,210.41299438476562,210.2779998779297,210.3419952392578,0,0.0,0.0
2026-03-30 18:15:00+01:00,210.33700561523438,210.44000244140625,210.3300018310547,210.41099548339844,0,0.0,0.0
2026-03-30 18:30:00+01:00,210.4199981689453,210.4550018310547,210.36900329589844,210.43299865722656,0,0.0,0.0
2026-03-30 18:45:00+01:00,210.43299865722656,210.45599365234375,210.35899353027344,210.39500427246094,0,0.0,0.0
2026-03-30 19:00:00+01:00,210.39500427246094,210.43800354003906,210.31900024414062,210.36000061035156,0,0.0,0.0
2026-03-30 19:15:00+01:00,210.36500549316406,210.44200134277344,210.3260040283203,210.42799377441406,0,0.0,0.0
2026-03-30 19:30:00+01:00,210.4239959716797,210.52000427246094,210.41900634765625,210.5019989013672,0,0.0,0.0
2026-03-30 19:45:00+01:00,210.4980010986328,210.5330047607422,210.43099975585938,210.46499633789062,0,0.0,0.0
2026-03-30 20:00:00+01:00,210.46299743652344,210.4929962158203,210.36500549316406,210.42300415039062,0,0.0,0.0
2026-03-30 20:15:00+01:00,210.42300415039062,210.4459991455078,210.36900329589844,210.4149932861328,0,0.0,0.0
2026-03-30 20:30:00+01:00,210.41099548339844,210.51300048828125,210.41099548339844,210.4969940185547,0,0.0,0.0
2026-03-30 20:45:00+01:00,210.4949951171875,210.56399536132812,210.46499633789062,210.55599975585938,0,0.0,0.0
2026-03-30 21:00:00+01:00,210.54800415039062,210.5749969482422,210.45899963378906,210.49600219726562,0,0.0,0.0
2026-03-30 21:15:00+01:00,210.49400329589844,210.50399780273438,210.4459991455078,210.4739990234375,0,0.0,0.0
2026-03-30 21:30:00+01:00,210.47900390625,210.60000610351562,210.4709930419922,210.5070037841797,0,0.0,0.0
2026-03-30 21:45:00+01:00,210.50399780273438,210.5959930419922,210.4739990234375,210.54299926757812,0,0.0,0.0
2026-03-30 22:00:00+01:00,210.5500030517578,210.5709991455078,210.39500427246094,210.51100158691406,0,0.0,0.0
2026-03-30 22:15:00+01:00,210.5070037841797,210.58700561523438,210.3489990234375,210.35000610351562,0,0.0,0.0
2026-03-30 22:30:00+01:00,210.35899353027344,210.63299560546875,210.3159942626953,210.57200622558594,0,0.0,0.0
2026-03-30 22:45:00+01:00,210.5019989013672,210.64999389648438,210.4770050048828,210.55099487304688,0,0.0,0.0
2026-03-30 23:00:00+01:00,210.5540008544922,210.625,210.49600219726562,210.5780029296875,0,0.0,0.0
2026-03-30 23:15:00+01:00,210.5800018310547,210.58799743652344,210.51800537109375,210.56500244140625,0,0.0,0.0
2026-03-30 23:30:00+01:00,210.54200744628906,210.61500549316406,210.5290069580078,210.5679931640625,0,0.0,0.0
2026-03-30 23:45:00+01:00,210.58399963378906,210.6269989013672,210.5570068359375,210.5989990234375,0,0.0,0.0
2026-03-31 00:00:00+01:00,210.60299682617188,210.61399841308594,210.49200439453125,210.5,0,0.0,0.0
2026-03-31 00:15:00+01:00,210.50100708007812,210.53700256347656,210.47900390625,210.49600219726562,0,0.0,0.0
2026-03-31 00:30:00+01:00,210.4949951171875,210.53700256347656,210.43699645996094,210.49200439453125,0,0.0,0.0
2026-03-31 00:45:00+01:00,210.49200439453125,210.55299377441406,210.45799255371094,210.53599548339844,0,0.0,0.0
2026-03-31 01:00:00+01:00,210.53500366210938,210.56900024414062,210.4199981689453,210.4759979248047,0,0.0,0.0
2026-03-31 01:15:00+01:00,210.48300170898438,210.5290069580078,210.4149932861328,210.4969940185547,0,0.0,0.0
2026-03-31 01:30:00+01:00,210.49600219726562,210.79800415039062,210.47799682617188,210.76400756835938,0,0.0,0.0
2026-03-31 01:45:00+01:00,210.76699829101562,211.0570068359375,210.75799560546875,211.0449981689453,0,0.0,0.0
2026-03-31 02:00:00+01:00,211.0399932861328,211.14599609375,211.02099609375,211.04100036621094,0,0.0,0.0
2026-03-31 02:15:00+01:00,211.04299926757812,211.2010040283203,211.00100708007812,211.17999267578125,0,0.0,0.0
2026-03-31 02:30:00+01:00,211.17999267578125,211.21499633789062,211.06399536132812,211.0780029296875,0,0.0,0.0
2026-03-31 02:45:00+01:00,211.08700561523438,211.09100341796875,210.93800354003906,211.0189971923828,0,0.0,0.0
2026-03-31 03:00:00+01:00,211.02200317382812,211.03199768066406,210.94900512695312,210.97500610351562,0,0.0,0.0
2026-03-31 03:15:00+01:00,210.96800231933594,211.0,210.88800048828125,210.9340057373047,0,0.0,0.0
2026-03-31 03:30:00+01:00,210.92599487304688,210.95199584960938,210.85499572753906,210.87399291992188,0,0.0,0.0
2026-03-31 03:45:00+01:00,210.86599731445312,210.89599609375,210.78399658203125,210.81100463867188,0,0.0,0.0
2026-03-31 04:00:00+01:00,210.81900024414062,210.88600158691406,210.80599975585938,210.8489990234375,0,0.0,0.0
2026-03-31 04:15:00+01:00,210.84100341796875,210.89100646972656,210.81900024414062,210.85000610351562,0,0.0,0.0
2026-03-31 04:30:00+01:00,210.85000610351562,210.86900329589844,210.76300048828125,210.81300354003906,0,0.0,0.0
2026-03-31 04:45:00+01:00,210.81700134277344,210.8520050048828,210.79100036621094,210.82200622558594,0,0.0,0.0
2026-03-31 05:00:00+01:00,210.8280029296875,210.85299682617188,210.80099487304688,210.8090057373047,0,0.0,0.0
2026-03-31 05:15:00+01:00,210.8090057373047,210.843994140625,210.71400451660156,210.7220001220703,0,0.0,0.0
2026-03-31 05:30:00+01:00,210.7239990234375,210.75399780273438,210.70399475097656,210.71299743652344,0,0.0,0.0
2026-03-31 05:45:00+01:00,210.71299743652344,210.73399353027344,210.63600158691406,210.64700317382812,0,0.0,0.0
2026-03-31 06:00:00+01:00,210.63800048828125,210.66799926757812,210.39599609375,210.46600341796875,0,0.0,0.0
2026-03-31 06:15:00+01:00,210.46499633789062,210.70399475097656,210.45399475097656,210.6840057373047,0,0.0,0.0
2026-03-31 06:30:00+01:00,210.67599487304688,210.77000427246094,210.6490020751953,210.69400024414062,0,0.0,0.0
2026-03-31 06:45:00+01:00,210.69400024414062,210.83099365234375,210.6540069580078,210.69900512695312,0,0.0,0.0
2026-03-31 07:00:00+01:00,210.70799255371094,210.78199768066406,210.6320037841797,210.74000549316406,0,0.0,0.0
2026-03-31 07:15:00+01:00,210.75,210.75,210.6219940185547,210.67999267578125,0,0.0,0.0
2026-03-31 07:30:00+01:00,210.6840057373047,210.83900451660156,210.6649932861328,210.77499389648438,0,0.0,0.0
2026-03-31 07:45:00+01:00,210.77499389648438,210.92799377441406,210.7270050048828,210.91900634765625,0,0.0,0.0
2026-03-31 08:00:00+01:00,210.91299438476562,210.9530029296875,210.70199584960938,210.71499633789062,0,0.0,0.0
2026-03-31 08:15:00+01:00,210.71499633789062,210.8699951171875,210.71200561523438,210.8090057373047,0,0.0,0.0
2026-03-31 08:30:00+01:00,210.81199645996094,210.947998046875,210.7949981689453,210.8560028076172,0,0.0,0.0
2026-03-31 08:45:00+01:00,210.8520050048828,210.91900634765625,210.697998046875,210.8040008544922,0,0.0,0.0
2026-03-31 09:00:00+01:00,210.80299377441406,210.89500427246094,210.72999572753906,210.73899841308594,0,0.0,0.0
2026-03-31 09:15:00+01:00,210.73500061035156,210.80999755859375,210.71400451660156,210.80999755859375,0,0.0,0.0
2026-03-31 09:30:00+01:00,210.80599975585938,210.95700073242188,210.7899932861328,210.9320068359375,0,0.0,0.0
2026-03-31 09:45:00+01:00,210.93699645996094,210.9429931640625,210.8090057373047,210.82699584960938,0,0.0,0.0
2026-03-31 10:00:00+01:00,210.8090057373047,210.8249969482422,210.71400451660156,210.72999572753906,0,0.0,0.0
2026-03-31 10:15:00+01:00,210.72900390625,210.86000061035156,210.72000122070312,210.8520050048828,0,0.0,0.0
2026-03-31 10:30:00+01:00,210.8470001220703,211.02099609375,210.83999633789062,210.968994140625,0,0.0,0.0
2026-03-31 10:45:00+01:00,210.96299743652344,210.9810028076172,210.89599609375,210.9510040283203,0,0.0,0.0
2026-03-31 11:00:00+01:00,210.9530029296875,211.00100708007812,210.90899658203125,210.92999267578125,0,0.0,0.0
2026-03-31 11:15:00+01:00,210.93099975585938,210.9810028076172,210.875,210.88699340820312,0,0.0,0.0
2026-03-31 11:30:00+01:00,210.88699340820312,210.9320068359375,210.85000610351562,210.88099670410156,0,0.0,0.0
2026-03-31 11:45:00+01:00,210.88099670410156,210.9459991455078,210.81900024414062,210.83299255371094,0,0.0,0.0
2026-03-31 12:00:00+01:00,210.82400512695312,210.86399841308594,210.71499633789062,210.7949981689453,0,0.0,0.0
2026-03-31 12:15:00+01:00,210.7949981689453,210.9029998779297,210.75,210.76699829101562,0,0.0,0.0
2026-03-31 12:30:00+01:00,210.76499938964844,210.9219970703125,210.7480010986328,210.89999389648438,0,0.0,0.0
2026-03-31 12:45:00+01:00,210.9029998779297,211.00599670410156,210.82699584960938,210.98199462890625,0,0.0,0.0
2026-03-31 13:00:00+01:00,210.9720001220703,211.2010040283203,210.96499633789062,211.11599731445312,0,0.0,0.0
2026-03-31 13:15:00+01:00,211.11700439453125,211.13400268554688,210.99099731445312,211.06100463867188,0,0.0,0.0
2026-03-31 13:30:00+01:00,211.06900024414062,211.1320037841797,211.0,211.0760040283203,0,0.0,0.0
2026-03-31 13:45:00+01:00,211.0760040283203,211.12899780273438,210.9320068359375,210.9429931640625,0,0.0,0.0
2026-03-31 14:00:00+01:00,210.94000244140625,211.0330047607422,210.89199829101562,210.96299743652344,0,0.0,0.0
2026-03-31 14:15:00+01:00,210.968994140625,211.0229949951172,210.94500732421875,210.99400329589844,0,0.0,0.0
2026-03-31 14:30:00+01:00,210.98699951171875,211.00599670410156,210.84300231933594,210.85800170898438,0,0.0,0.0
2026-03-31 14:45:00+01:00,210.85699462890625,211.03199768066406,210.77699279785156,210.95700073242188,0,0.0,0.0
2026-03-31 15:00:00+01:00,210.94700622558594,211.05099487304688,210.87399291992188,210.89199829101562,0,0.0,0.0
2026-03-31 15:15:00+01:00,210.88999938964844,210.95599365234375,210.79400634765625,210.91900634765625,0,0.0,0.0
2026-03-31 15:30:00+01:00,210.91799926757812,211.03199768066406,210.7760009765625,210.79600524902344,0,0.0,0.0
2026-03-31 15:45:00+01:00,210.7949981689453,210.8350067138672,209.59800720214844,209.7989959716797,0,0.0,0.0
2026-03-31 16:00:00+01:00,209.80999755859375,210.0659942626953,209.6959991455078,210.04600524902344,0,0.0,0.0
2026-03-31 16:15:00+01:00,210.052001953125,210.093994140625,209.9239959716797,209.9510040283203,0,0.0,0.0
2026-03-31 16:30:00+01:00,209.9409942626953,210.02999877929688,209.75599670410156,209.875,0,0.0,0.0
2026-03-31 16:45:00+01:00,209.8820037841797,209.92300415039062,209.67100524902344,209.72799682617188,0,0.0,0.0
2026-03-31 17:00:00+01:00,209.73300170898438,209.88600158691406,209.69400024414062,209.86199951171875,0,0.0,0.0
2026-03-31 17:15:00+01:00,209.86399841308594,209.93099975585938,209.74600219726562,209.90199279785156,0,0.0,0.0
2026-03-31 17:30:00+01:00,209.89999389648438,210.19900512695312,209.87600708007812,210.03199768066406,0,0.0,0.0
2026-03-31 17:45:00+01:00,210.02699279785156,210.08599853515625,209.87899780273438,210.06300354003906,0,0.0,0.0
2026-03-31 18:00:00+01:00,210.05599975585938,210.2030029296875,210.0330047607422,210.1230010986328,0,0.0,0.0
2026-03-31 18:15:00+01:00,210.11700439453125,210.2760009765625,210.11700439453125,210.26499938964844,0,0.0,0.0
2026-03-31 18:30:00+01:00,210.25900268554688,210.3560028076172,210.21800231933594,210.3070068359375,0,0.0,0.0
2026-03-31 18:45:00+01:00,210.31199645996094,210.4199981689453,210.26800537109375,210.2899932861328,0,0.0,0.0
2026-03-31 19:00:00+01:00,210.28199768066406,210.41000366210938,210.2779998779297,210.38499450683594,0,0.0,0.0
2026-03-31 19:15:00+01:00,210.38499450683594,210.4010009765625,210.3090057373047,210.31399536132812,0,0.0,0.0
2026-03-31 19:30:00+01:00,210.31399536132812,210.34100341796875,210.19900512695312,210.2100067138672,0,0.0,0.0
2026-03-31 19:45:00+01:00,210.20399475097656,210.23899841308594,210.1230010986328,210.15899658203125,0,0.0,0.0
2026-03-31 20:00:00+01:00,210.15699768066406,210.26400756835938,210.10699462890625,210.24899291992188,0,0.0,0.0
2026-03-31 20:15:00+01:00,210.25100708007812,210.26499938964844,210.1719970703125,210.177001953125,0,0.0,0.0
2026-03-31 20:30:00+01:00,210.17799377441406,210.21099853515625,210.0679931640625,210.16000366210938,0,0.0,0.0
2026-03-31 20:45:00+01:00,210.16600036621094,210.17599487304688,210.00599670410156,210.05999755859375,0,0.0,0.0
2026-03-31 21:00:00+01:00,210.05799865722656,210.0919952392578,209.97300720214844,210.0050048828125,0,0.0,0.0
2026-03-31 21:15:00+01:00,210.00999450683594,210.03500366210938,209.8939971923828,209.9530029296875,0,0.0,0.0
2026-03-31 21:30:00+01:00,209.96200561523438,210.0019989013672,209.91799926757812,209.92799377441406,0,0.0,0.0
2026-03-31 21:45:00+01:00,209.92300415039062,209.9510040283203,209.8090057373047,209.8730010986328,0,0.0,0.0
2026-03-31 22:00:00+01:00,209.86099243164062,210.07400512695312,209.8179931640625,209.89700317382812,0,0.0,0.0
2026-03-31 22:15:00+01:00,209.8990020751953,210.0989990234375,209.86599731445312,209.9290008544922,0,0.0,0.0
2026-03-31 22:30:00+01:00,209.9290008544922,210.07400512695312,209.74400329589844,209.88699340820312,0,0.0,0.0
2026-03-31 22:45:00+01:00,209.8780059814453,210.02099609375,209.7030029296875,209.7449951171875,0,0.0,0.0
2026-03-31 23:00:00+01:00,209.7449951171875,210.0540008544922,209.74000549316406,209.89700317382812,0,0.0,0.0
2026-03-31 23:15:00+01:00,209.89999389648438,209.99899291992188,209.82200622558594,209.88400268554688,0,0.0,0.0
2026-03-31 23:30:00+01:00,209.8489990234375,210.031005859375,209.84300231933594,209.88299560546875,0,0.0,0.0
2026-03-31 23:45:00+01:00,209.88299560546875,210.02000427246094,209.86900329589844,209.90199279785156,0,0.0,0.0
2026-04-01 00:00:00+01:00,209.93299865722656,210.0500030517578,209.88400268554688,209.94400024414062,0,0.0,0.0
2026-04-01 00:15:00+01:00,209.94400024414062,210.01499938964844,209.81399536132812,209.85800170898438,0,0.0,0.0
2026-04-01 00:30:00+01:00,209.85000610351562,210.02200317382812,209.84300231933594,209.88699340820312,0,0.0,0.0
2026-04-01 00:45:00+01:00,209.88600158691406,210.0240020751953,209.8800048828125,209.9459991455078,0,0.0,0.0
2026-04-01 01:00:00+01:00,209.947998046875,210.0590057373047,209.8820037841797,209.98699951171875,0,0.0,0.0
2026-04-01 01:15:00+01:00,209.9810028076172,210.1020050048828,209.90899658203125,210.03500366210938,0,0.0,0.0
2026-04-01 01:30:00+01:00,210.0260009765625,210.2239990234375,210.01400756835938,210.14599609375,0,0.0,0.0
2026-04-01 01:45:00+01:00,210.14500427246094,210.3939971923828,210.13499450683594,210.25999450683594,0,0.0,0.0
2026-04-01 02:00:00+01:00,210.25,210.38699340820312,210.08399963378906,210.17999267578125,0,0.0,0.0
2026-04-01 02:15:00+01:00,210.17300415039062,210.23599243164062,209.9969940185547,210.03399658203125,0,0.0,0.0
2026-04-01 02:30:00+01:00,210.02200317382812,210.1529998779297,209.96800231933594,210.01499938964844,0,0.0,0.0
2026-04-01 02:45:00+01:00,210.01600646972656,210.09100341796875,209.9499969482422,209.97999572753906,0,0.0,0.0
2026-04-01 03:00:00+01:00,209.97900390625,210.1269989013672,209.96299743652344,209.9949951171875,0,0.0,0.0
2026-04-01 03:15:00+01:00,209.9810028076172,210.10800170898438,209.9669952392578,210.0189971923828,0,0.0,0.0
2026-04-01 03:30:00+01:00,210.0260009765625,210.0970001220703,209.9530029296875,210.01699829101562,0,0.0,0.0
2026-04-01 03:45:00+01:00,210.00100708007812,210.16600036621094,209.98599243164062,210.07200622558594,0,0.0,0.0
2026-04-01 04:00:00+01:00,210.07200622558594,210.14300537109375,209.875,209.89100646972656,0,0.0,0.0
2026-04-01 04:15:00+01:00,209.88999938964844,209.99400329589844,209.86000061035156,209.91799926757812,0,0.0,0.0
2026-04-01 04:30:00+01:00,209.9149932861328,210.11700439453125,209.9149932861328,210.03799438476562,0,0.0,0.0
2026-04-01 04:45:00+01:00,210.03199768066406,210.2220001220703,210.02999877929688,210.1479949951172,0,0.0,0.0
2026-04-01 05:00:00+01:00,210.156005859375,210.30799865722656,210.1320037841797,210.22900390625,0,0.0,0.0
2026-04-01 05:15:00+01:00,210.2239990234375,210.33200073242188,210.19500732421875,210.26400756835938,0,0.0,0.0
2026-04-01 05:30:00+01:00,210.25900268554688,210.37600708007812,210.23199462890625,210.23699951171875,0,0.0,0.0
2026-04-01 05:45:00+01:00,210.24200439453125,210.322998046875,210.17799377441406,210.19900512695312,0,0.0,0.0
2026-04-01 06:00:00+01:00,210.197998046875,210.52999877929688,210.18800354003906,210.47000122070312,0,0.0,0.0
2026-04-01 06:15:00+01:00,210.47300720214844,210.52099609375,210.39100646972656,210.42100524902344,0,0.0,0.0
2026-04-01 06:30:00+01:00,210.41400146484375,210.54100036621094,210.3730010986328,210.40199279785156,0,0.0,0.0
2026-04-01 06:45:00+01:00,210.40699768066406,210.48199462890625,210.26800537109375,210.27699279785156,0,0.0,0.0
2026-04-01 07:00:00+01:00,210.27699279785156,210.41700744628906,210.2270050048828,210.32699584960938,0,0.0,0.0
2026-04-01 07:15:00+01:00,210.33299255371094,210.58099365234375,210.3090057373047,210.41400146484375,0,0.0,0.0
2026-04-01 07:30:00+01:00,210.41400146484375,210.4810028076172,210.2030029296875,210.3280029296875,0,0.0,0.0
2026-04-01 07:45:00+01:00,210.32400512695312,210.41099548339844,210.21499633789062,210.2969970703125,0,0.0,0.0
2026-04-01 08:00:00+01:00,210.28900146484375,210.36900329589844,210.16799926757812,210.19900512695312,0,0.0,0.0
2026-04-01 08:15:00+01:00,210.18899536132812,210.51400756835938,210.15699768066406,210.26800537109375,0,0.0,0.0
2026-04-01 08:30:00+01:00,210.27099609375,210.38600158691406,210.1909942626953,210.28500366210938,0,0.0,0.0
2026-04-01 08:45:00+01:00,210.28799438476562,210.62399291992188,210.20399475097656,210.5489959716797,0,0.0,0.0
2026-04-01 09:00:00+01:00,210.5540008544922,210.75100708007812,210.48500061035156,210.5540008544922,0,0.0,0.0
2026-04-01 09:15:00+01:00,210.55299377441406,210.72500610351562,210.51600646972656,210.64700317382812,0,0.0,0.0
2026-04-01 09:30:00+01:00,210.6439971923828,210.8280029296875,210.62600708007812,210.6320037841797,0,0.0,0.0
2026-04-01 09:45:00+01:00,210.63400268554688,210.76699829101562,210.5780029296875,210.65499877929688,0,0.0,0.0
2026-04-01 10:00:00+01:00,210.656005859375,210.74099731445312,210.5709991455078,210.63600158691406,0,0.0,0.0
2026-04-01 10:15:00+01:00,210.63400268554688,210.7530059814453,210.6020050048828,210.63999938964844,0,0.0,0.0
2026-04-01 10:30:00+01:00,210.63600158691406,210.82200622558594,210.57000732421875,210.73500061035156,0,0.0,0.0
2026-04-01 10:45:00+01:00,210.73199462890625,210.9969940185547,210.7270050048828,210.8939971923828,0,0.0,0.0
2026-04-01 11:00:00+01:00,210.9010009765625,211.11300659179688,210.89100646972656,211.0,0,0.0,0.0
2026-04-01 11:15:00+01:00,211.0,211.1999969482422,210.96499633789062,211.06700134277344,0,0.0,0.0
2026-04-01 11:30:00+01:00,211.06900024414062,211.17999267578125,211.0240020751953,211.08900451660156,0,0.0,0.0
2026-04-01 11:45:00+01:00,211.08900451660156,211.17999267578125,210.75799560546875,210.78399658203125,0,0.0,0.0
2026-04-01 12:00:00+01:00,210.77699279785156,211.00999450683594,210.72900390625,210.88999938964844,0,0.0,0.0
2026-04-01 12:15:00+01:00,210.89300537109375,211.04400634765625,210.88600158691406,210.96499633789062,0,0.0,0.0
2026-04-01 12:30:00+01:00,210.96499633789062,211.06900024414062,210.9029998779297,210.94700622558594,0,0.0,0.0
2026-04-01 12:45:00+01:00,210.94700622558594,211.01499938964844,210.81300354003906,210.86300659179688,0,0.0,0.0
2026-04-01 13:00:00+01:00,210.86599731445312,211.00900268554688,210.8209991455078,210.85699462890625,0,0.0,0.0
2026-04-01 13:15:00+01:00,210.87600708007812,210.96400451660156,210.68099975585938,210.75,0,0.0,0.0
2026-04-01 13:30:00+01:00,210.74400329589844,210.9010009765625,210.70199584960938,210.82200622558594,0,0.0,0.0
2026-04-01 13:45:00+01:00,210.822998046875,211.00599670410156,210.73899841308594,210.85299682617188,0,0.0,0.0
2026-04-01 14:00:00+01:00,210.85800170898438,211.0050048828125,210.75599670410156,210.9029998779297,0,0.0,0.0
2026-04-01 14:15:00+01:00,210.89999389648438,210.98699951171875,210.8350067138672,210.89599609375,0,0.0,0.0
2026-04-01 14:30:00+01:00,210.8979949951172,211.1649932861328,210.8780059814453,211.02499389648438,0,0.0,0.0
2026-04-01 14:45:00+01:00,211.02499389648438,211.21499633789062,210.9720001220703,211.09300231933594,0,0.0,0.0
2026-04-01 15:00:00+01:00,211.1199951171875,211.35299682617188,211.06900024414062,211.17599487304688,0,0.0,0.0
2026-04-01 15:15:00+01:00,211.177001953125,211.21499633789062,210.9739990234375,210.9759979248047,0,0.0,0.0
2026-04-01 15:30:00+01:00,210.98399353027344,211.11399841308594,210.8990020751953,211.06300354003906,0,0.0,0.0
2026-04-01 15:45:00+01:00,211.0590057373047,211.3350067138672,211.00799560546875,211.2480010986328,0,0.0,0.0
2026-04-01 16:00:00+01:00,211.2449951171875,211.29200744628906,211.0919952392578,211.22799682617188,0,0.0,0.0
2026-04-01 16:15:00+01:00,211.2239990234375,211.31500244140625,211.16099548339844,211.20399475097656,0,0.0,0.0
2026-04-01 16:30:00+01:00,211.2100067138672,211.3990020751953,211.1929931640625,211.281005859375,0,0.0,0.0
2026-04-01 16:45:00+01:00,211.281005859375,211.4669952392578,211.2779998779297,211.36700439453125,0,0.0,0.0
2026-04-01 17:00:00+01:00,211.36199951171875,211.4290008544922,211.25399780273438,211.25799560546875,0,0.0,0.0
2026-04-01 17:15:00+01:00,211.25999450683594,211.3719940185547,211.23500061035156,211.24200439453125,0,0.0,0.0
2026-04-01 17:30:00+01:00,211.24200439453125,211.46400451660156,211.218994140625,211.36000061035156,0,0.0,0.0
2026-04-01 17:45:00+01:00,211.3560028076172,211.49099731445312,211.3470001220703,211.41099548339844,0,0.0,0.0
2026-04-01 18:00:00+01:00,211.41700744628906,211.4929962158203,211.31700134277344,211.33299255371094,0,0.0,0.0
2026-04-01 18:15:00+01:00,211.33700561523438,211.4080047607422,211.25,211.30799865722656,0,0.0,0.0
2026-04-01 18:30:00+01:00,211.30099487304688,211.38900756835938,211.24400329589844,211.26499938964844,0,0.0,0.0
2026-04-01 18:45:00+01:00,211.26699829101562,211.35000610351562,211.1929931640625,211.281005859375,0,0.0,0.0
2026-04-01 19:00:00+01:00,211.28199768066406,211.3509979248047,211.1790008544922,211.1820068359375,0,0.0,0.0
2026-04-01 19:15:00+01:00,211.18600463867188,211.28599548339844,211.07699584960938,211.0919952392578,0,0.0,0.0
2026-04-01 19:30:00+01:00,211.0919952392578,211.20399475097656,211.04200744628906,211.0780029296875,0,0.0,0.0
2026-04-01 19:45:00+01:00,211.06900024414062,211.29600524902344,211.03700256347656,211.1999969482422,0,0.0,0.0
2026-04-01 20:00:00+01:00,211.20399475097656,211.2989959716797,211.14199829101562,211.1999969482422,0,0.0,0.0
2026-04-01 20:15:00+01:00,211.19900512695312,211.3419952392578,211.16600036621094,211.27499389648438,0,0.0,0.0
2026-04-01 20:30:00+01:00,211.2740020751953,211.40899658203125,211.26400756835938,211.29400634765625,0,0.0,0.0
2026-04-01 20:45:00+01:00,211.28500366210938,211.38600158691406,211.20899963378906,211.2530059814453,0,0.0,0.0
2026-04-01 21:00:00+01:00,211.2480010986328,211.36399841308594,211.23599243164062,211.2550048828125,0,0.0,0.0
2026-04-01 21:15:00+01:00,211.25900268554688,211.31399536132812,211.1529998779297,211.15699768066406,0,0.0,0.0
2026-04-01 21:30:00+01:00,211.1580047607422,211.26800537109375,211.14700317382812,211.1909942626953,0,0.0,0.0
2026-04-01 21:45:00+01:00,211.20199584960938,211.32200622558594,211.11500549316406,211.11500549316406,0,0.0,0.0
2026-04-01 22:00:00+01:00,211.15499877929688,211.35000610351562,211.12100219726562,211.1490020751953,0,0.0,0.0
2026-04-01 22:15:00+01:00,211.15699768066406,211.2740020751953,210.86199951171875,211.10299682617188,0,0.0,0.0
2026-04-01 22:30:00+01:00,211.10499572753906,211.26300048828125,210.9409942626953,211.11099243164062,0,0.0,0.0
2026-04-01 22:45:00+01:00,211.06700134277344,211.35000610351562,210.97799682617188,211.07899475097656,0,0.0,0.0
2026-04-01 23:00:00+01:00,211.09300231933594,211.2519989013672,211.03700256347656,211.1490020751953,0,0.0,0.0
2026-04-01 23:15:00+01:00,211.1490020751953,211.23800659179688,211.0919952392578,211.13099670410156,0,0.0,0.0
2026-04-01 23:30:00+01:00,211.10000610351562,211.1699981689453,211.01100158691406,211.03900146484375,0,0.0,0.0
2026-04-01 23:45:00+01:00,211.04200744628906,211.093994140625,210.96299743652344,211.00399780273438,0,0.0,0.0
2026-04-02 00:00:00+01:00,210.9810028076172,211.05099487304688,210.947998046875,210.99099731445312,0,0.0,0.0
2026-04-02 00:15:00+01:00,210.96499633789062,211.10299682617188,210.9600067138672,211.03900146484375,0,0.0,0.0
2026-04-02 00:30:00+01:00,211.03500366210938,211.12600708007812,211.00900268554688,211.07000732421875,0,0.0,0.0
2026-04-02 00:45:00+01:00,211.0679931640625,211.1199951171875,210.97900390625,211.07899475097656,0,0.0,0.0
2026-04-02 01:00:00+01:00,211.0749969482422,211.27999877929688,211.031005859375,211.21200561523438,0,0.0,0.0
2026-04-02 01:15:00+01:00,211.21600341796875,211.24400329589844,210.9759979248047,211.01699829101562,0,0.0,0.0
2026-04-02 01:30:00+01:00,211.01600646972656,211.1649932861328,210.9969940185547,211.1009979248047,0,0.0,0.0
2026-04-02 01:45:00+01:00,211.11199951171875,211.23899841308594,211.0709991455078,211.177001953125,0,0.0,0.0
2026-04-02 02:00:00+01:00,211.17599487304688,211.2760009765625,211.0659942626953,211.08099365234375,0,0.0,0.0
2026-04-02 02:15:00+01:00,211.09300231933594,211.11399841308594,210.87899780273438,211.00799560546875,0,0.0,0.0
2026-04-02 02:30:00+01:00,211.0,211.08900451660156,210.85899353027344,210.9320068359375,0,0.0,0.0
2026-04-02 02:45:00+01:00,210.92999267578125,211.1280059814453,210.89300537109375,211.093994140625,0,0.0,0.0
2026-04-02 03:00:00+01:00,211.08700561523438,211.19000244140625,210.95199584960938,210.9709930419922,0,0.0,0.0
2026-04-02 03:15:00+01:00,210.96800231933594,211.17599487304688,210.96600341796875,211.06199645996094,0,0.0,0.0
2026-04-02 03:30:00+01:00,211.05999755859375,211.19000244140625,211.031005859375,211.14199829101562,0,0.0,0.0
2026-04-02 03:45:00+01:00,211.14999389648438,211.2010040283203,211.0970001220703,211.125,0,0.0,0.0
2026-04-02 04:00:00+01:00,211.12600708007812,211.177001953125,211.03500366210938,211.05099487304688,0,0.0,0.0
2026-04-02 04:15:00+01:00,211.05099487304688,211.0749969482422,210.99000549316406,211.04400634765625,0,0.0,0.0
2026-04-02 04:30:00+01:00,211.04400634765625,211.1009979248047,210.9600067138672,210.97500610351562,0,0.0,0.0
2026-04-02 04:45:00+01:00,210.9810028076172,211.02200317382812,210.83700561523438,210.88299560546875,0,0.0,0.0
2026-04-02 05:00:00+01:00,210.88600158691406,210.94900512695312,210.87100219726562,210.88999938964844,0,0.0,0.0
2026-04-02 05:15:00+01:00,210.88400268554688,210.95599365234375,210.86700439453125,210.87600708007812,0,0.0,0.0
2026-04-02 05:30:00+01:00,210.8800048828125,210.93499755859375,210.83599853515625,210.8719940185547,0,0.0,0.0
2026-04-02 05:45:00+01:00,210.87100219726562,210.9429931640625,210.8300018310547,210.86300659179688,0,0.0,0.0
2026-04-02 06:00:00+01:00,210.8560028076172,210.9250030517578,210.8260040283203,210.83200073242188,0,0.0,0.0
2026-04-02 06:15:00+01:00,210.83099365234375,210.87899780273438,210.73699951171875,210.7760009765625,0,0.0,0.0
2026-04-02 06:30:00+01:00,210.76800537109375,210.86099243164062,210.76800537109375,210.80999755859375,0,0.0,0.0
2026-04-02 06:45:00+01:00,210.81300354003906,210.8249969482422,210.62399291992188,210.66099548339844,0,0.0,0.0
2026-04-02 07:00:00+01:00,210.66299438476562,210.67100524902344,210.38099670410156,210.39999389648438,0,0.0,0.0
2026-04-02 07:15:00+01:00,210.40499877929688,210.47000122070312,210.33399963378906,210.38999938964844,0,0.0,0.0
2026-04-02 07:30:00+01:00,210.39500427246094,210.5780029296875,210.37899780273438,210.4600067138672,0,0.0,0.0
2026-04-02 07:45:00+01:00,210.46600341796875,210.75399780273438,210.44400024414062,210.7209930419922,0,0.0,0.0
2026-04-02 08:00:00+01:00,210.7310028076172,210.88800048828125,210.67999267578125,210.85699462890625,0,0.0,0.0
2026-04-02 08:15:00+01:00,210.85499572753906,211.07400512695312,210.84300231933594,211.01499938964844,0,0.0,0.0
2026-04-02 08:30:00+01:00,211.0229949951172,211.0279998779297,210.6959991455078,210.7480010986328,0,0.0,0.0
2026-04-02 08:45:00+01:00,210.7530059814453,210.91600036621094,210.74400329589844,210.86199951171875,0,0.0,0.0
2026-04-02 09:00:00+01:00,210.86500549316406,210.9669952392578,210.81700134277344,210.84500122070312,0,0.0,0.0
2026-04-02 09:15:00+01:00,210.8489990234375,210.875,210.7050018310547,210.76600646972656,0,0.0,0.0
2026-04-02 09:30:00+01:00,210.76300048828125,210.82400512695312,210.66400146484375,210.7239990234375,0,0.0,0.0
2026-04-02 09:45:00+01:00,210.7270050048828,210.80099487304688,210.6699981689453,210.75100708007812,0,0.0,0.0
2026-04-02 10:00:00+01:00,210.75599670410156,210.82699584960938,210.6999969482422,210.7270050048828,0,0.0,0.0
2026-04-02 10:15:00+01:00,210.73199462890625,210.7989959716797,210.66000366210938,210.718994140625,0,0.0,0.0
2026-04-02 10:30:00+01:00,210.72300720214844,210.7779998779297,210.66099548339844,210.6719970703125,0,0.0,0.0
2026-04-02 10:45:00+01:00,210.67300415039062,210.7550048828125,210.6020050048828,210.61700439453125,0,0.0,0.0
2026-04-02 11:00:00+01:00,210.61700439453125,210.64300537109375,210.5240020751953,210.55099487304688,0,0.0,0.0
2026-04-02 11:15:00+01:00,210.552001953125,210.60000610351562,210.5070037841797,210.50999450683594,0,0.0,0.0
2026-04-02 11:30:00+01:00,210.50999450683594,210.58999633789062,210.46499633789062,210.5659942626953,0,0.0,0.0
2026-04-02 11:45:00+01:00,210.5659942626953,210.625,210.51400756835938,210.52200317382812,0,0.0,0.0
2026-04-02 12:00:00+01:00,210.51300048828125,210.6060028076172,210.51300048828125,210.56100463867188,0,0.0,0.0
2026-04-02 12:15:00+01:00,210.56100463867188,210.67999267578125,210.52200317382812,210.63999938964844,0,0.0,0.0
2026-04-02 12:30:00+01:00,210.63299560546875,210.75599670410156,210.6320037841797,210.66200256347656,0,0.0,0.0
2026-04-02 12:45:00+01:00,210.66600036621094,210.8350067138672,210.656005859375,210.79100036621094,0,0.0,0.0
2026-04-02 13:00:00+01:00,210.79100036621094,210.88999938964844,210.7570037841797,210.81900024414062,0,0.0,0.0
2026-04-02 13:15:00+01:00,210.81900024414062,210.98500061035156,210.8000030517578,210.9010009765625,0,0.0,0.0
2026-04-02 13:30:00+01:00,210.89999389648438,210.97900390625,210.78700256347656,210.7899932861328,0,0.0,0.0
2026-04-02 13:45:00+01:00,210.79100036621094,210.93800354003906,210.78599548339844,210.89500427246094,0,0.0,0.0
2026-04-02 14:00:00+01:00,210.89500427246094,210.93499755859375,210.75,210.7790069580078,0,0.0,0.0
2026-04-02 14:15:00+01:00,210.78599548339844,210.8679962158203,210.75100708007812,210.79600524902344,0,0.0,0.0
2026-04-02 14:30:00+01:00,210.79200744628906,210.90499877929688,210.7729949951172,210.80499267578125,0,0.0,0.0
2026-04-02 14:45:00+01:00,210.81500244140625,210.947998046875,210.68299865722656,210.7740020751953,0,0.0,0.0
2026-04-02 15:00:00+01:00,210.77200317382812,210.80799865722656,210.6300048828125,210.6820068359375,0,0.0,0.0
2026-04-02 15:15:00+01:00,210.68699645996094,210.73500061035156,210.5749969482422,210.58200073242188,0,0.0,0.0
2026-04-02 15:30:00+01:00,210.58399963378906,210.98899841308594,210.57400512695312,210.75,0,0.0,0.0
2026-04-02 15:45:00+01:00,210.75599670410156,211.0489959716797,210.625,211.00900268554688,0,0.0,0.0
2026-04-02 16:00:00+01:00,211.01499938964844,211.06300354003906,210.8979949951172,210.96499633789062,0,0.0,0.0
2026-04-02 16:15:00+01:00,210.96499633789062,211.00900268554688,210.75100708007812,210.8560028076172,0,0.0,0.0
2026-04-02 16:30:00+01:00,210.8560028076172,210.95799255371094,210.82000732421875,210.8679962158203,0,0.0,0.0
2026-04-02 16:45:00+01:00,210.86700439453125,210.9709930419922,210.83399963378906,210.9040069580078,0,0.0,0.0
2026-04-02 17:00:00+01:00,210.90499877929688,210.97500610351562,210.8000030517578,210.86300659179688,0,0.0,0.0
2026-04-02 17:15:00+01:00,210.85699462890625,210.9290008544922,210.76499938964844,210.8560028076172,0,0.0,0.0
2026-04-02 17:30:00+01:00,210.8489990234375,210.96600341796875,210.82000732421875,210.9239959716797,0,0.0,0.0
2026-04-02 17:45:00+01:00,210.91600036621094,211.0749969482422,210.91099548339844,211.01300048828125,0,0.0,0.0
2026-04-02 18:00:00+01:00,211.01100158691406,211.18499755859375,210.9969940185547,211.09100341796875,0,0.0,0.0
2026-04-02 18:15:00+01:00,211.09500122070312,211.2030029296875,211.05099487304688,211.0989990234375,0,0.0,0.0
2026-04-02 18:30:00+01:00,211.10299682617188,211.1320037841797,211.00799560546875,211.0279998779297,0,0.0,0.0
2026-04-02 18:45:00+01:00,211.02999877929688,211.08399963378906,210.968994140625,211.01199340820312,0,0.0,0.0
2026-04-02 19:00:00+01:00,211.01400756835938,211.15699768066406,211.01400756835938,211.08799743652344,0,0.0,0.0
2026-04-02 19:15:00+01:00,211.08799743652344,211.1529998779297,211.04299926757812,211.0540008544922,0,0.0,0.0
2026-04-02 19:30:00+01:00,211.0540008544922,211.16200256347656,211.0330047607422,211.10400390625,0,0.0,0.0
2026-04-02 19:45:00+01:00,211.10400390625,211.14300537109375,211.01199340820312,211.05099487304688,0,0.0,0.0
2026-04-02 20:00:00+01:00,211.0489959716797,211.0970001220703,210.97999572753906,211.01499938964844,0,0.0,0.0
2026-04-02 20:15:00+01:00,211.01499938964844,211.1009979248047,210.99600219726562,211.0240020751953,0,0.0,0.0
2026-04-02 20:30:00+01:00,211.0290069580078,211.08599853515625,210.99400329589844,211.01499938964844,0,0.0,0.0
2026-04-02 20:45:00+01:00,211.01300048828125,211.14199829101562,210.99200439453125,211.07899475097656,0,0.0,0.0
2026-04-02 21:00:00+01:00,211.08299255371094,211.11500549316406,211.03599548339844,211.06199645996094,0,0.0,0.0
2026-04-02 21:15:00+01:00,211.0679931640625,211.1060028076172,211.0070037841797,211.01499938964844,0,0.0,0.0
2026-04-02 21:30:00+01:00,211.0240020751953,211.0989990234375,210.99400329589844,211.0540008544922,0,0.0,0.0
2026-04-02 21:45:00+01:00,211.031005859375,211.09500122070312,210.94500732421875,211.03599548339844,0,0.0,0.0
2026-04-02 22:00:00+01:00,211.03900146484375,211.1439971923828,210.8730010986328,210.93299865722656,0,0.0,0.0
2026-04-02 22:15:00+01:00,210.88499450683594,211.04400634765625,210.75999450683594,210.88099670410156,0,0.0,0.0
2026-04-02 22:30:00+01:00,210.88600158691406,211.05099487304688,210.8509979248047,210.94000244140625,0,0.0,0.0
2026-04-02 22:45:00+01:00,210.93800354003906,211.08799743652344,210.84800720214844,210.93899536132812,0,0.0,0.0
2026-04-02 23:00:00+01:00,210.8699951171875,211.05099487304688,210.8699951171875,210.98699951171875,0,0.0,0.0
2026-04-02 23:15:00+01:00,210.9550018310547,211.04100036621094,210.93299865722656,210.95199584960938,0,0.0,0.0
2026-04-02 23:30:00+01:00,210.95199584960938,211.0,210.89700317382812,210.93099975585938,0,0.0,0.0
2026-04-02 23:45:00+01:00,210.9340057373047,211.02000427246094,210.92999267578125,210.9709930419922,0,0.0,0.0
2026-04-03 00:00:00+01:00,210.95599365234375,210.9980010986328,210.93699645996094,210.96099853515625,0,0.0,0.0
2026-04-03 00:15:00+01:00,210.95399475097656,211.01400756835938,210.93800354003906,210.98399353027344,0,0.0,0.0
2026-04-03 00:30:00+01:00,210.98699951171875,211.01699829101562,210.9429931640625,210.98399353027344,0,0.0,0.0
2026-04-03 00:45:00+01:00,210.98500061035156,211.02699279785156,210.95799255371094,210.97799682617188,0,0.0,0.0
2026-04-03 01:00:00+01:00,210.9770050048828,211.06900024414062,210.94400024414062,210.96800231933594,0,0.0,0.0
2026-04-03 01:15:00+01:00,210.95199584960938,211.0959930419922,210.9010009765625,211.06399536132812,0,0.0,0.0
2026-04-03 01:30:00+01:00,211.0749969482422,211.15199279785156,211.03399658203125,211.09300231933594,0,0.0,0.0
2026-04-03 01:45:00+01:00,211.093994140625,211.20199584960938,211.04800415039062,211.197998046875,0,0.0,0.0
2026-04-03 02:00:00+01:00,211.19000244140625,211.21800231933594,211.11300659179688,211.13600158691406,0,0.0,0.0
2026-04-03 02:15:00+01:00,211.13600158691406,211.19200134277344,211.1230010986328,211.14999389648438,0,0.0,0.0
2026-04-03 02:30:00+01:00,211.14999389648438,211.18600463867188,211.07000732421875,211.10699462890625,0,0.0,0.0
2026-04-03 02:45:00+01:00,211.10699462890625,211.17300415039062,211.0989990234375,211.13800048828125,0,0.0,0.0
2026-04-03 03:00:00+01:00,211.1439971923828,211.20399475097656,211.1199951171875,211.16400146484375,0,0.0,0.0
2026-04-03 03:15:00+01:00,211.15699768066406,211.20399475097656,211.08599853515625,211.0970001220703,0,0.0,0.0
2026-04-03 03:30:00+01:00,211.0970001220703,211.1649932861328,211.09100341796875,211.11300659179688,0,0.0,0.0
2026-04-03 03:45:00+01:00,211.12399291992188,211.2030029296875,211.10400390625,211.16700744628906,0,0.0,0.0
2026-04-03 04:00:00+01:00,211.16700744628906,211.22999572753906,211.13900756835938,211.19200134277344,0,0.0,0.0
2026-04-03 04:15:00+01:00,211.1929931640625,211.22300720214844,211.13900756835938,211.14500427246094,0,0.0,0.0
2026-04-03 04:30:00+01:00,211.14199829101562,211.19400024414062,211.11900329589844,211.14100646972656,0,0.0,0.0
2026-04-03 04:45:00+01:00,211.13900756835938,211.1719970703125,211.0709991455078,211.08999633789062,0,0.0,0.0
2026-04-03 05:00:00+01:00,211.08700561523438,211.11900329589844,211.02200317382812,211.04800415039062,0,0.0,0.0
2026-04-03 05:15:00+01:00,211.04800415039062,211.11500549316406,211.0330047607422,211.0749969482422,0,0.0,0.0
2026-04-03 05:30:00+01:00,211.07000732421875,211.1009979248047,210.9980010986328,211.01100158691406,0,0.0,0.0
2026-04-03 05:45:00+01:00,211.0030059814453,211.13499450683594,210.99600219726562,211.10299682617188,0,0.0,0.0
2026-04-03 06:00:00+01:00,211.0970001220703,211.13099670410156,211.07200622558594,211.09500122070312,0,0.0,0.0
2026-04-03 06:15:00+01:00,211.08900451660156,211.10499572753906,211.03500366210938,211.0760040283203,0,0.0,0.0
2026-04-03 06:30:00+01:00,211.0760040283203,211.16000366210938,211.0540008544922,211.14700317382812,0,0.0,0.0
2026-04-03 06:45:00+01:00,211.14700317382812,211.281005859375,211.14500427246094,211.25100708007812,0,0.0,0.0
2026-04-03 07:00:00+01:00,211.24600219726562,211.26800537109375,211.16900634765625,211.21099853515625,0,0.0,0.0
2026-04-03 07:15:00+01:00,211.21099853515625,211.27999877929688,211.19500732421875,211.25999450683594,0,0.0,0.0
2026-04-03 07:30:00+01:00,211.25999450683594,211.281005859375,211.17100524902344,211.2239990234375,0,0.0,0.0
2026-04-03 07:45:00+01:00,211.21600341796875,211.26400756835938,211.177001953125,211.2270050048828,0,0.0,0.0
2026-04-03 08:00:00+01:00,211.2259979248047,211.2790069580078,211.2050018310547,211.2100067138672,0,0.0,0.0
2026-04-03 08:15:00+01:00,211.20799255371094,211.27999877929688,211.19500732421875,211.24400329589844,0,0.0,0.0
2026-04-03 08:30:00+01:00,211.24600219726562,211.30999755859375,211.23899841308594,211.27200317382812,0,0.0,0.0
2026-04-03 08:45:00+01:00,211.27000427246094,211.29600524902344,211.2270050048828,211.24099731445312,0,0.0,0.0
2026-04-03 09:00:00+01:00,211.24099731445312,211.30099487304688,211.1909942626953,211.1929931640625,0,0.0,0.0
2026-04-03 09:15:00+01:00,211.1929931640625,211.26499938964844,211.16799926757812,211.24400329589844,0,0.0,0.0
2026-04-03 09:30:00+01:00,211.23800659179688,211.2949981689453,211.23199462890625,211.24099731445312,0,0.0,0.0
2026-04-03 09:45:00+01:00,211.24099731445312,211.29600524902344,211.21099853515625,211.26499938964844,0,0.0,0.0
2026-04-03 10:00:00+01:00,211.26499938964844,211.2830047607422,211.1999969482422,211.2220001220703,0,0.0,0.0
2026-04-03 10:15:00+01:00,211.218994140625,211.2830047607422,211.218994140625,211.23699951171875,0,0.0,0.0
2026-04-03 10:30:00+01:00,211.24099731445312,211.2689971923828,211.17799377441406,211.1790008544922,0,0.0,0.0
2026-04-03 10:45:00+01:00,211.17799377441406,211.22300720214844,211.16099548339844,211.19900512695312,0,0.0,0.0
2026-04-03 11:00:00+01:00,211.18699645996094,211.23699951171875,211.16299438476562,211.177001953125,0,0.0,0.0
2026-04-03 11:15:00+01:00,211.177001953125,211.2030029296875,211.15499877929688,211.16200256347656,0,0.0,0.0
2026-04-03 11:30:00+01:00,211.16200256347656,211.18099975585938,211.12100219726562,211.13499450683594,0,0.0,0.0
2026-04-03 11:45:00+01:00,211.13099670410156,211.21600341796875,211.13099670410156,211.17599487304688,0,0.0,0.0
2026-04-03 12:00:00+01:00,211.1699981689453,211.2169952392578,211.13699340820312,211.16400146484375,0,0.0,0.0
2026-04-03 12:15:00+01:00,211.1540069580078,211.23199462890625,211.12899780273438,211.13400268554688,0,0.0,0.0
2026-04-03 12:30:00+01:00,211.13499450683594,211.20700073242188,211.12600708007812,211.1540069580078,0,0.0,0.0
2026-04-03 12:45:00+01:00,211.1529998779297,211.19000244140625,211.1269989013672,211.16099548339844,0,0.0,0.0
2026-04-03 13:00:00+01:00,211.16000366210938,211.1999969482422,211.0970001220703,211.12100219726562,0,0.0,0.0
2026-04-03 13:15:00+01:00,211.12100219726562,211.17300415039062,211.02000427246094,211.093994140625,0,0.0,0.0
2026-04-03 13:30:00+01:00,211.072998046875,211.13999938964844,210.69500732421875,210.8979949951172,0,0.0,0.0
2026-04-03 13:45:00+01:00,210.8979949951172,210.98500061035156,210.8489990234375,210.86900329589844,0,0.0,0.0
2026-04-03 14:00:00+01:00,210.8730010986328,210.97300720214844,210.78399658203125,210.88600158691406,0,0.0,0.0
2026-04-03 14:15:00+01:00,210.88499450683594,210.9080047607422,210.76499938964844,210.781005859375,0,0.0,0.0
2026-04-03 14:30:00+01:00,210.78399658203125,210.81199645996094,210.7010040283203,210.7220001220703,0,0.0,0.0
2026-04-03 14:45:00+01:00,210.7220001220703,210.85800170898438,210.6840057373047,210.80299377441406,0,0.0,0.0
2026-04-03 15:00:00+01:00,210.80299377441406,210.81900024414062,210.70599365234375,210.71200561523438,0,0.0,0.0
2026-04-03 15:15:00+01:00,210.71200561523438,210.76800537109375,210.7010040283203,210.7100067138672,0,0.0,0.0
2026-04-03 15:30:00+01:00,210.71200561523438,210.75,210.67599487304688,210.6929931640625,0,0.0,0.0
2026-04-03 15:45:00+01:00,210.6929931640625,210.74899291992188,210.6820068359375,210.68699645996094,0,0.0,0.0
2026-04-03 16:00:00+01:00,210.68499755859375,210.73399353027344,210.6230010986328,210.65499877929688,0,0.0,0.0
2026-04-03 16:15:00+01:00,210.65499877929688,210.89500427246094,210.59100341796875,210.62600708007812,0,0.0,0.0
2026-04-03 16:30:00+01:00,210.60699462890625,210.72799682617188,210.6009979248047,210.66900634765625,0,0.0,0.0
2026-04-03 16:45:00+01:00,210.66900634765625,210.7429962158203,210.5749969482422,210.71600341796875,0,0.0,0.0
2026-04-03 17:00:00+01:00,210.7220001220703,210.72799682617188,210.58999633789062,210.59500122070312,0,0.0,0.0
2026-04-03 17:15:00+01:00,210.63400268554688,210.6820068359375,210.572998046875,210.62399291992188,0,0.0,0.0
2026-04-03 17:30:00+01:00,210.60000610351562,210.72000122070312,210.5709991455078,210.58999633789062,0,0.0,0.0
2026-04-03 17:45:00+01:00,210.61199951171875,210.73300170898438,210.58999633789062,210.64300537109375,0,0.0,0.0
2026-04-03 18:00:00+01:00,210.61399841308594,210.7209930419922,210.6009979248047,210.61900329589844,0,0.0,0.0
2026-04-03 18:15:00+01:00,210.6280059814453,210.69000244140625,210.58700561523438,210.6320037841797,0,0.0,0.0
2026-04-03 18:30:00+01:00,210.61500549316406,210.6999969482422,210.57400512695312,210.60899353027344,0,0.0,0.0
2026-04-03 18:45:00+01:00,210.60800170898438,210.69000244140625,210.57699584960938,210.61599731445312,0,0.0,0.0
2026-04-03 19:00:00+01:00,210.61700439453125,210.68600463867188,210.572998046875,210.58700561523438,0,0.0,0.0
2026-04-03 19:15:00+01:00,210.5850067138672,210.67799377441406,210.5570068359375,210.56300354003906,0,0.0,0.0
2026-04-03 19:30:00+01:00,210.5800018310547,210.6479949951172,210.53399658203125,210.55099487304688,0,0.0,0.0
2026-04-03 19:45:00+01:00,210.56900024414062,210.6280059814453,210.48699951171875,210.552001953125,0,0.0,0.0
2026-04-03 20:00:00+01:00,210.5279998779297,210.6439971923828,210.5050048828125,210.5469970703125,0,0.0,0.0
2026-04-03 20:15:00+01:00,210.55499267578125,210.6490020751953,210.5050048828125,210.5469970703125,0,0.0,0.0
2026-04-03 20:30:00+01:00,210.5469970703125,210.66700744628906,210.5469970703125,210.5709991455078,0,0.0,0.0
2026-04-03 20:45:00+01:00,210.58099365234375,210.65499877929688,210.5290069580078,210.5290069580078,0,0.0,0.0
2026-04-03 21:00:00+01:00,210.55099487304688,210.8090057373047,210.37100219726562,210.56100463867188,0,0.0,0.0
2026-04-03 21:15:00+01:00,210.51400756835938,210.6439971923828,210.41700744628906,210.52999877929688,0,0.0,0.0
2026-04-03 21:30:00+01:00,210.60299682617188,210.64700317382812,210.34500122070312,210.55099487304688,0,0.0,0.0
2026-04-03 21:45:00+01:00,210.5800018310547,210.7550048828125,210.47799682617188,210.66400146484375,0,0.0,0.0
2026-04-03 22:00:00+01:00,210.6580047607422,210.6580047607422,210.6580047607422,210.6580047607422,0,0.0,0.0
2026-04-03 22:15:00+01:00,210.6580047607422,210.6580047607422,210.6580047607422,210.6580047607422,0,0.0,0.0
2026-04-06 00:00:00+01:00,210.61399841308594,210.63299560546875,210.53799438476562,210.61900329589844,0,0.0,0.0
2026-04-06 00:15:00+01:00,210.6219940185547,210.75100708007812,210.61000061035156,210.72900390625,0,0.0,0.0
2026-04-06 00:30:00+01:00,210.7209930419922,210.73199462890625,210.6540069580078,210.66099548339844,0,0.0,0.0
2026-04-06 00:45:00+01:00,210.66000366210938,210.71299743652344,210.61500549316406,210.66900634765625,0,0.0,0.0
2026-04-06 01:00:00+01:00,210.6719970703125,210.79200744628906,210.66200256347656,210.77699279785156,0,0.0,0.0
2026-04-06 01:15:00+01:00,210.77099609375,210.8159942626953,210.7480010986328,210.78399658203125,0,0.0,0.0
2026-04-06 01:30:00+01:00,210.78399658203125,210.81700134277344,210.76300048828125,210.77099609375,0,0.0,0.0
2026-04-06 01:45:00+01:00,210.77099609375,210.83700561523438,210.68899536132812,210.81500244140625,0,0.0,0.0
2026-04-06 02:00:00+01:00,210.8070068359375,210.81399536132812,210.58599853515625,210.60499572753906,0,0.0,0.0
2026-04-06 02:15:00+01:00,210.60499572753906,210.7030029296875,210.60499572753906,210.6739959716797,0,0.0,0.0
2026-04-06 02:30:00+01:00,210.66799926757812,210.67799377441406,210.6199951171875,210.6540069580078,0,0.0,0.0
2026-04-06 02:45:00+01:00,210.6490020751953,210.6790008544922,210.6269989013672,210.6739959716797,0,0.0,0.0
2026-04-06 03:00:00+01:00,210.66799926757812,210.822998046875,210.64300537109375,210.8000030517578,0,0.0,0.0
2026-04-06 03:15:00+01:00,210.79100036621094,210.88699340820312,210.75599670410156,210.85000610351562,0,0.0,0.0
2026-04-06 03:30:00+01:00,210.8489990234375,210.8730010986328,210.8260040283203,210.85499572753906,0,0.0,0.0
2026-04-06 03:45:00+01:00,210.85499572753906,210.8730010986328,210.7689971923828,210.7760009765625,0,0.0,0.0
2026-04-06 04:00:00+01:00,210.7760009765625,210.80499267578125,210.72799682617188,210.77099609375,0,0.0,0.0
2026-04-06 04:15:00+01:00,210.7570037841797,210.80999755859375,210.68699645996094,210.7989959716797,0,0.0,0.0
2026-04-06 04:30:00+01:00,210.79200744628906,210.83200073242188,210.77200317382812,210.81199645996094,0,0.0,0.0
2026-04-06 04:45:00+01:00,210.8090057373047,210.8419952392578,210.7760009765625,210.80999755859375,0,0.0,0.0
2026-04-06 05:00:00+01:00,210.80999755859375,210.83099365234375,210.75799560546875,210.80099487304688,0,0.0,0.0
2026-04-06 05:15:00+01:00,210.78900146484375,210.81100463867188,210.7480010986328,210.79800415039062,0,0.0,0.0
2026-04-06 05:30:00+01:00,210.79800415039062,210.82400512695312,210.7790069580078,210.7989959716797,0,0.0,0.0
2026-04-06 05:45:00+01:00,210.7899932861328,210.84100341796875,210.78500366210938,210.8249969482422,0,0.0,0.0
2026-04-06 06:00:00+01:00,210.82699584960938,210.9010009765625,210.80999755859375,210.8939971923828,0,0.0,0.0
2026-04-06 06:15:00+01:00,210.89100646972656,210.9429931640625,210.88400268554688,210.88999938964844,0,0.0,0.0
2026-04-06 06:30:00+01:00,210.88900756835938,210.92599487304688,210.87399291992188,210.8979949951172,0,0.0,0.0
2026-04-06 06:45:00+01:00,210.88800048828125,210.91700744628906,210.85699462890625,210.87899780273438,0,0.0,0.0
2026-04-06 07:00:00+01:00,210.87899780273438,210.92799377441406,210.83399963378906,210.91200256347656,0,0.0,0.0
2026-04-06 07:15:00+01:00,210.90499877929688,210.91400146484375,210.8179931640625,210.8470001220703,0,0.0,0.0
2026-04-06 07:30:00+01:00,210.83900451660156,210.9409942626953,210.81399536132812,210.92799377441406,0,0.0,0.0
2026-04-06 07:45:00+01:00,210.92799377441406,211.06100463867188,210.9029998779297,210.9770050048828,0,0.0,0.0
2026-04-06 08:00:00+01:00,210.97000122070312,211.0189971923828,210.8990020751953,210.98199462890625,0,0.0,0.0
2026-04-06 08:15:00+01:00,210.9810028076172,211.08299255371094,210.9669952392578,211.06700134277344,0,0.0,0.0
2026-04-06 08:30:00+01:00,211.06700134277344,211.22000122070312,211.06100463867188,211.19500732421875,0,0.0,0.0
2026-04-06 08:45:00+01:00,211.19900512695312,211.39199829101562,211.18299865722656,211.2310028076172,0,0.0,0.0
2026-04-06 09:00:00+01:00,211.22900390625,211.3179931640625,211.15899658203125,211.17599487304688,0,0.0,0.0
2026-04-06 09:15:00+01:00,211.1750030517578,211.2209930419922,211.13800048828125,211.18899536132812,0,0.0,0.0
2026-04-06 09:30:00+01:00,211.18499755859375,211.22300720214844,211.15499877929688,211.18600463867188,0,0.0,0.0
2026-04-06 09:45:00+01:00,211.17999267578125,211.21499633789062,211.1529998779297,211.1649932861328,0,0.0,0.0
2026-04-06 10:00:00+01:00,211.16600036621094,211.28500366210938,211.16600036621094,211.22999572753906,0,0.0,0.0
2026-04-06 10:15:00+01:00,211.22500610351562,211.28599548339844,211.20399475097656,211.26699829101562,0,0.0,0.0
2026-04-06 10:30:00+01:00,211.26800537109375,211.27699279785156,211.18600463867188,211.20700073242188,0,0.0,0.0
2026-04-06 10:45:00+01:00,211.20700073242188,211.24600219726562,211.14599609375,211.1699981689453,0,0.0,0.0
2026-04-06 11:00:00+01:00,211.1649932861328,211.29299926757812,211.15699768066406,211.28199768066406,0,0.0,0.0
2026-04-06 11:15:00+01:00,211.2729949951172,211.28500366210938,211.20899963378906,211.23199462890625,0,0.0,0.0
2026-04-06 11:30:00+01:00,211.2270050048828,211.26499938964844,211.21200561523438,211.25399780273438,0,0.0,0.0
2026-04-06 11:45:00+01:00,211.24099731445312,211.27699279785156,211.1529998779297,211.18099975585938,0,0.0,0.0
2026-04-06 12:00:00+01:00,211.18699645996094,211.21099853515625,211.13499450683594,211.14599609375,0,0.0,0.0
2026-04-06 12:15:00+01:00,211.14500427246094,211.20899963378906,211.1230010986328,211.1929931640625,0,0.0,0.0
2026-04-06 12:30:00+01:00,211.19500732421875,211.27699279785156,211.18099975585938,211.25599670410156,0,0.0,0.0
2026-04-06 12:45:00+01:00,211.25599670410156,211.29200744628906,211.19200134277344,211.19500732421875,0,0.0,0.0
2026-04-06 13:00:00+01:00,211.2010040283203,211.218994140625,211.16000366210938,211.1699981689453,0,0.0,0.0
2026-04-06 13:15:00+01:00,211.17100524902344,211.1959991455078,211.13499450683594,211.18499755859375,0,0.0,0.0
2026-04-06 13:30:00+01:00,211.1739959716797,211.22799682617188,211.16400146484375,211.21299743652344,0,0.0,0.0
2026-04-06 13:45:00+01:00,211.20599365234375,211.25399780273438,211.0970001220703,211.13499450683594,0,0.0,0.0
2026-04-06 14:00:00+01:00,211.13900756835938,211.2830047607422,211.0989990234375,211.25100708007812,0,0.0,0.0
2026-04-06 14:15:00+01:00,211.24400329589844,211.34800720214844,211.21099853515625,211.3280029296875,0,0.0,0.0
2026-04-06 14:30:00+01:00,211.322998046875,211.41099548339844,211.2779998779297,211.38699340820312,0,0.0,0.0
2026-04-06 14:45:00+01:00,211.38699340820312,211.46400451660156,211.35800170898438,211.43600463867188,0,0.0,0.0
2026-04-06 15:00:00+01:00,211.43600463867188,211.48699951171875,211.28399658203125,211.36900329589844,0,0.0,0.0
2026-04-06 15:15:00+01:00,211.36700439453125,211.49899291992188,211.3249969482422,211.48199462890625,0,0.0,0.0
2026-04-06 15:30:00+01:00,211.48800659179688,211.53799438476562,211.3300018310547,211.4409942626953,0,0.0,0.0
2026-04-06 15:45:00+01:00,211.4409942626953,211.52699279785156,211.33299255371094,211.42599487304688,0,0.0,0.0
2026-04-06 16:00:00+01:00,211.4149932861328,211.447998046875,211.3419952392578,211.36199951171875,0,0.0,0.0
2026-04-06 16:15:00+01:00,211.36399841308594,211.3679962158203,211.2830047607422,211.29100036621094,0,0.0,0.0
2026-04-06 16:30:00+01:00,211.27699279785156,211.31199645996094,211.23300170898438,211.27000427246094,0,0.0,0.0
2026-04-06 16:45:00+01:00,211.26600646972656,211.36700439453125,211.24400329589844,211.343994140625,0,0.0,0.0
2026-04-06 17:00:00+01:00,211.33399963378906,211.38900756835938,211.3090057373047,211.36099243164062,0,0.0,0.0
2026-04-06 17:15:00+01:00,211.36599731445312,211.4010009765625,211.28700256347656,211.35000610351562,0,0.0,0.0
2026-04-06 17:30:00+01:00,211.33900451660156,211.35000610351562,211.28199768066406,211.29800415039062,0,0.0,0.0
2026-04-06 17:45:00+01:00,211.2899932861328,211.3509979248047,211.28799438476562,211.3179931640625,0,0.0,0.0
2026-04-06 18:00:00+01:00,211.3179931640625,211.33799743652344,211.22999572753906,211.24200439453125,0,0.0,0.0
2026-04-06 18:15:00+01:00,211.24899291992188,211.3730010986328,211.19200134277344,211.3520050048828,0,0.0,0.0
2026-04-06 18:30:00+01:00,211.35400390625,211.39500427246094,211.32699584960938,211.38299560546875,0,0.0,0.0
2026-04-06 18:45:00+01:00,211.3780059814453,211.38699340820312,211.302001953125,211.31100463867188,0,0.0,0.0
2026-04-06 19:00:00+01:00,211.3159942626953,211.3699951171875,211.25799560546875,211.33999633789062,0,0.0,0.0
2026-04-06 19:15:00+01:00,211.3509979248047,211.4029998779297,211.32699584960938,211.3800048828125,0,0.0,0.0
2026-04-06 19:30:00+01:00,211.3800048828125,211.3979949951172,211.31900024414062,211.3209991455078,0,0.0,0.0
2026-04-06 19:45:00+01:00,211.32699584960938,211.39500427246094,211.30499267578125,211.375,0,0.0,0.0
2026-04-06 20:00:00+01:00,211.37600708007812,211.4080047607422,211.34800720214844,211.3699951171875,0,0.0,0.0
2026-04-06 20:15:00+01:00,211.36900329589844,211.3979949951172,211.35800170898438,211.37399291992188,0,0.0,0.0
2026-04-06 20:30:00+01:00,211.3769989013672,211.39500427246094,211.35800170898438,211.38900756835938,0,0.0,0.0
2026-04-06 20:45:00+01:00,211.38999938964844,211.3939971923828,211.30299377441406,211.33700561523438,0,0.0,0.0
2026-04-06 21:00:00+01:00,211.33299255371094,211.3730010986328,211.3179931640625,211.34300231933594,0,0.0,0.0
2026-04-06 21:15:00+01:00,211.33599853515625,211.38400268554688,211.33200073242188,211.375,0,0.0,0.0
2026-04-06 21:30:00+01:00,211.3679962158203,211.38400268554688,211.3419952392578,211.35000610351562,0,0.0,0.0
2026-04-06 21:45:00+01:00,211.35000610351562,211.37600708007812,211.27099609375,211.29100036621094,0,0.0,0.0
2026-04-06 22:00:00+01:00,211.2779998779297,211.4759979248047,211.22900390625,211.42100524902344,0,0.0,0.0
2026-04-06 22:15:00+01:00,211.38299560546875,211.4530029296875,211.2760009765625,211.35699462890625,0,0.0,0.0
2026-04-06 22:30:00+01:00,211.29800415039062,211.40499877929688,211.2449951171875,211.25900268554688,0,0.0,0.0
2026-04-06 22:45:00+01:00,211.25900268554688,211.4010009765625,211.22000122070312,211.26800537109375,0,0.0,0.0
2026-04-06 23:30:00+01:00,211.2989959716797,211.37600708007812,211.29100036621094,211.30299377441406,0,0.0,0.0
2026-04-06 23:45:00+01:00,211.30299377441406,211.36199951171875,211.27999877929688,211.29299926757812,0,0.0,0.0
2026-04-07 00:00:00+01:00,211.2899932861328,211.33200073242188,211.26600646972656,211.30499267578125,0,0.0,0.0
2026-04-07 00:15:00+01:00,211.2949981689453,211.36700439453125,211.27999877929688,211.29200744628906,0,0.0,0.0
2026-04-07 00:30:00+01:00,211.2830047607422,211.36599731445312,211.26499938964844,211.2760009765625,0,0.0,0.0
2026-04-07 00:45:00+01:00,211.2760009765625,211.38800048828125,211.25399780273438,211.3260040283203,0,0.0,0.0
2026-04-07 01:00:00+01:00,211.322998046875,211.4459991455078,211.3040008544922,211.41099548339844,0,0.0,0.0
2026-04-07 01:15:00+01:00,211.40899658203125,211.43499755859375,211.3679962158203,211.41400146484375,0,0.0,0.0
2026-04-07 01:30:00+01:00,211.41099548339844,211.5,211.39500427246094,211.42999267578125,0,0.0,0.0
2026-04-07 01:45:00+01:00,211.42300415039062,211.5019989013672,211.40199279785156,211.468994140625,0,0.0,0.0
2026-04-07 02:00:00+01:00,211.46099853515625,211.51400756835938,211.39500427246094,211.40499877929688,0,0.0,0.0
2026-04-07 02:15:00+01:00,211.39999389648438,211.46200561523438,211.38900756835938,211.3979949951172,0,0.0,0.0
2026-04-07 02:30:00+01:00,211.4010009765625,211.43099975585938,211.3350067138672,211.3719940185547,0,0.0,0.0
2026-04-07 02:45:00+01:00,211.375,211.41299438476562,211.32200622558594,211.35499572753906,0,0.0,0.0
2026-04-07 03:00:00+01:00,211.3489990234375,211.37899780273438,211.2760009765625,211.29400634765625,0,0.0,0.0
2026-04-07 03:15:00+01:00,211.2830047607422,211.31399536132812,211.2220001220703,211.2550048828125,0,0.0,0.0
2026-04-07 03:30:00+01:00,211.2480010986328,211.33999633789062,211.23800659179688,211.2830047607422,0,0.0,0.0
2026-04-07 03:45:00+01:00,211.28199768066406,211.3520050048828,211.2740020751953,211.3000030517578,0,0.0,0.0
2026-04-07 04:00:00+01:00,211.3000030517578,211.3419952392578,211.29100036621094,211.3209991455078,0,0.0,0.0
2026-04-07 04:15:00+01:00,211.3209991455078,211.39300537109375,211.29600524902344,211.32400512695312,0,0.0,0.0
2026-04-07 04:30:00+01:00,211.3209991455078,211.4459991455078,211.3179931640625,211.36000061035156,0,0.0,0.0
2026-04-07 04:45:00+01:00,211.3560028076172,211.44000244140625,211.34800720214844,211.375,0,0.0,0.0
2026-04-07 05:00:00+01:00,211.3730010986328,211.43800354003906,211.34300231933594,211.34800720214844,0,0.0,0.0
2026-04-07 05:15:00+01:00,211.35000610351562,211.4199981689453,211.3350067138672,211.3470001220703,0,0.0,0.0
2026-04-07 05:30:00+01:00,211.3470001220703,211.41900634765625,211.30999755859375,211.3520050048828,0,0.0,0.0
2026-04-07 05:45:00+01:00,211.35000610351562,211.46800231933594,211.3459930419922,211.36700439453125,0,0.0,0.0
2026-04-07 06:00:00+01:00,211.36300659179688,211.40699768066406,211.3419952392578,211.35699462890625,0,0.0,0.0
2026-04-07 06:15:00+01:00,211.35699462890625,211.468994140625,211.3509979248047,211.35800170898438,0,0.0,0.0
2026-04-07 06:30:00+01:00,211.35699462890625,211.44000244140625,211.25399780273438,211.26699829101562,0,0.0,0.0
2026-04-07 06:45:00+01:00,211.25399780273438,211.41799926757812,211.23399353027344,211.37399291992188,0,0.0,0.0
2026-04-07 07:00:00+01:00,211.37399291992188,211.41600036621094,211.32699584960938,211.3699951171875,0,0.0,0.0
2026-04-07 07:15:00+01:00,211.3699951171875,211.5850067138672,211.36300659179688,211.54400634765625,0,0.0,0.0
2026-04-07 07:30:00+01:00,211.54100036621094,211.6790008544922,211.5070037841797,211.5489959716797,0,0.0,0.0
2026-04-07 07:45:00+01:00,211.54600524902344,211.68899536132812,211.54400634765625,211.6490020751953,0,0.0,0.0
2026-04-07 08:00:00+01:00,211.6439971923828,211.6750030517578,211.54100036621094,211.57200622558594,0,0.0,0.0
2026-04-07 08:15:00+01:00,211.57200622558594,211.60800170898438,211.51800537109375,211.51800537109375,0,0.0,0.0
2026-04-07 08:30:00+01:00,211.5279998779297,211.5399932861328,211.40499877929688,211.48800659179688,0,0.0,0.0
2026-04-07 08:45:00+01:00,211.48500061035156,211.56100463867188,211.45700073242188,211.5500030517578,0,0.0,0.0
2026-04-07 09:00:00+01:00,211.552001953125,211.77999877929688,211.51699829101562,211.625,0,0.0,0.0
2026-04-07 09:15:00+01:00,211.625,211.6820068359375,211.54400634765625,211.6230010986328,0,0.0,0.0
2026-04-07 09:30:00+01:00,211.61199951171875,211.81100463867188,211.593994140625,211.7790069580078,0,0.0,0.0
2026-04-07 09:45:00+01:00,211.76800537109375,211.88800048828125,211.73500061035156,211.85000610351562,0,0.0,0.0
2026-04-07 10:00:00+01:00,211.843994140625,211.85400390625,211.76400756835938,211.80499267578125,0,0.0,0.0
2026-04-07 10:15:00+01:00,211.80499267578125,211.8509979248047,211.77099609375,211.82899475097656,0,0.0,0.0
2026-04-07 10:30:00+01:00,211.82899475097656,211.843994140625,211.7429962158203,211.7550048828125,0,0.0,0.0
2026-04-07 10:45:00+01:00,211.75100708007812,211.79299926757812,211.7209930419922,211.75599670410156,0,0.0,0.0
2026-04-07 11:00:00+01:00,211.76400756835938,211.7899932861328,211.54400634765625,211.68499755859375,0,0.0,0.0
2026-04-07 11:15:00+01:00,211.68699645996094,211.73399353027344,211.46200561523438,211.6540069580078,0,0.0,0.0
2026-04-07 11:30:00+01:00,211.65199279785156,211.66400146484375,211.45599365234375,211.54299926757812,0,0.0,0.0
2026-04-07 11:45:00+01:00,211.54299926757812,211.61099243164062,211.48599243164062,211.5970001220703,0,0.0,0.0
2026-04-07 12:00:00+01:00,211.60000610351562,211.65499877929688,211.5540008544922,211.65199279785156,0,0.0,0.0
2026-04-07 12:15:00+01:00,211.64700317382812,211.6909942626953,211.6020050048828,211.625,0,0.0,0.0
2026-04-07 12:30:00+01:00,211.62100219726562,211.70399475097656,211.57000732421875,211.69000244140625,0,0.0,0.0
2026-04-07 12:45:00+01:00,211.69400024414062,211.71600341796875,211.6439971923828,211.70199584960938,0,0.0,0.0
2026-04-07 13:00:00+01:00,211.70399475097656,211.7689971923828,211.62399291992188,211.69900512695312,0,0.0,0.0
2026-04-07 13:15:00+01:00,211.70899963378906,211.82899475097656,211.6959991455078,211.7480010986328,0,0.0,0.0
2026-04-07 13:30:00+01:00,211.75599670410156,211.843994140625,211.7429962158203,211.80099487304688,0,0.0,0.0
2026-04-07 13:45:00+01:00,211.7969970703125,211.86300659179688,211.6739959716797,211.7050018310547,0,0.0,0.0
2026-04-07 14:00:00+01:00,211.71499633789062,211.75100708007812,211.66200256347656,211.70399475097656,0,0.0,0.0
2026-04-07 14:15:00+01:00,211.70399475097656,211.73300170898438,211.59100341796875,211.63800048828125,0,0.0,0.0
2026-04-07 14:30:00+01:00,211.63800048828125,211.74099731445312,211.5590057373047,211.72900390625,0,0.0,0.0
2026-04-07 14:45:00+01:00,211.73500061035156,211.83799743652344,211.68800354003906,211.71099853515625,0,0.0,0.0
2026-04-07 15:00:00+01:00,211.71299743652344,211.77000427246094,211.66600036621094,211.74400329589844,0,0.0,0.0
2026-04-07 15:15:00+01:00,211.7480010986328,211.89300537109375,211.7209930419922,211.86399841308594,0,0.0,0.0
2026-04-07 15:30:00+01:00,211.86399841308594,211.9739990234375,211.81199645996094,211.95799255371094,0,0.0,0.0
2026-04-07 15:45:00+01:00,211.9530029296875,211.99000549316406,211.8070068359375,211.87899780273438,0,0.0,0.0
2026-04-07 16:00:00+01:00,211.8820037841797,211.93699645996094,211.82699584960938,211.8820037841797,0,0.0,0.0
2026-04-07 16:15:00+01:00,211.88099670410156,211.94200134277344,211.82699584960938,211.86000061035156,0,0.0,0.0
2026-04-07 16:30:00+01:00,211.85899353027344,211.88699340820312,211.78799438476562,211.7989959716797,0,0.0,0.0
2026-04-07 16:45:00+01:00,211.7969970703125,211.81300354003906,211.68499755859375,211.69200134277344,0,0.0,0.0
2026-04-07 17:00:00+01:00,211.6929931640625,211.77000427246094,211.67100524902344,211.7530059814453,0,0.0,0.0
2026-04-07 17:15:00+01:00,211.7530059814453,211.8699951171875,211.74600219726562,211.8179931640625,0,0.0,0.0
2026-04-07 17:30:00+01:00,211.8179931640625,211.86700439453125,211.7989959716797,211.8179931640625,0,0.0,0.0
2026-04-07 17:45:00+01:00,211.8249969482422,211.8769989013672,211.79400634765625,211.87100219726562,0,0.0,0.0
2026-04-07 18:00:00+01:00,211.87100219726562,211.9320068359375,211.84500122070312,211.9149932861328,0,0.0,0.0
2026-04-07 18:15:00+01:00,211.9149932861328,211.927001953125,211.8730010986328,211.88800048828125,0,0.0,0.0
2026-04-07 18:30:00+01:00,211.88699340820312,211.94400024414062,211.84800720214844,211.9080047607422,0,0.0,0.0
2026-04-07 18:45:00+01:00,211.91799926757812,211.9459991455078,211.8800048828125,211.90899658203125,0,0.0,0.0
2026-04-07 19:00:00+01:00,211.90899658203125,211.92999267578125,211.8780059814453,211.89199829101562,0,0.0,0.0
2026-04-07 19:15:00+01:00,211.88999938964844,211.93099975585938,211.85499572753906,211.92100524902344,0,0.0,0.0
2026-04-07 19:30:00+01:00,211.92100524902344,211.9290008544922,211.8820037841797,211.90699768066406,0,0.0,0.0
2026-04-07 19:45:00+01:00,211.90699768066406,211.93600463867188,211.87600708007812,211.92599487304688,0,0.0,0.0
2026-04-07 20:00:00+01:00,211.92300415039062,211.96499633789062,211.88999938964844,211.9040069580078,0,0.0,0.0
2026-04-07 20:15:00+01:00,211.9029998779297,211.99099731445312,211.89599609375,211.9770050048828,0,0.0,0.0
2026-04-07 20:30:00+01:00,211.97900390625,212.01400756835938,211.9600067138672,211.99000549316406,0,0.0,0.0
2026-04-07 20:45:00+01:00,211.99200439453125,212.12399291992188,211.9810028076172,212.04100036621094,0,0.0,0.0
2026-04-07 21:00:00+01:00,212.04200744628906,212.13499450683594,212.0070037841797,212.1199951171875,0,0.0,0.0
2026-04-07 21:15:00+01:00,212.11000061035156,212.1790008544922,212.07899475097656,212.16799926757812,0,0.0,0.0
2026-04-07 21:30:00+01:00,212.1479949951172,212.2100067138672,212.09500122070312,212.1580047607422,0,0.0,0.0
2026-04-07 21:45:00+01:00,212.13699340820312,212.302001953125,212.00599670410156,212.00599670410156,0,0.0,0.0
2026-04-07 22:00:00+01:00,212.02099609375,212.16799926757812,211.93899536132812,212.05299377441406,0,0.0,0.0
2026-04-07 22:15:00+01:00,212.06300354003906,212.23300170898438,212.01300048828125,212.11000061035156,0,0.0,0.0
2026-04-07 22:30:00+01:00,212.11599731445312,212.3179931640625,212.0659942626953,212.20799255371094,0,0.0,0.0
2026-04-07 22:45:00+01:00,212.2100067138672,212.27099609375,212.0800018310547,212.16299438476562,0,0.0,0.0
2026-04-07 23:00:00+01:00,212.16299438476562,212.4029998779297,212.093994140625,212.27000427246094,0,0.0,0.0
2026-04-07 23:15:00+01:00,212.30599975585938,212.36099243164062,212.24099731445312,212.30999755859375,0,0.0,0.0
2026-04-07 23:30:00+01:00,212.29600524902344,212.58299255371094,212.09800720214844,212.5,0,0.0,0.0
2026-04-07 23:45:00+01:00,212.49899291992188,212.58099365234375,212.36500549316406,212.41200256347656,0,0.0,0.0
2026-04-08 00:00:00+01:00,212.5070037841797,212.54600524902344,212.36700439453125,212.4720001220703,0,0.0,0.0
2026-04-08 00:15:00+01:00,212.4709930419922,212.69400024414062,212.44200134277344,212.48399353027344,0,0.0,0.0
2026-04-08 00:30:00+01:00,212.48300170898438,212.6320037841797,212.4149932861328,212.5989990234375,0,0.0,0.0
2026-04-08 00:45:00+01:00,212.5970001220703,212.78799438476562,212.55999755859375,212.68600463867188,0,0.0,0.0
2026-04-08 01:00:00+01:00,212.68899536132812,212.7030029296875,212.43899536132812,212.468994140625,0,0.0,0.0
2026-04-08 01:15:00+01:00,212.4669952392578,212.48899841308594,212.35499572753906,212.41900634765625,0,0.0,0.0
2026-04-08 01:30:00+01:00,212.41600036621094,212.43099975585938,212.21800231933594,212.3280029296875,0,0.0,0.0
2026-04-08 01:45:00+01:00,212.33599853515625,212.5279998779297,212.2689971923828,212.44200134277344,0,0.0,0.0
2026-04-08 02:00:00+01:00,212.43699645996094,212.6490020751953,212.39999389648438,212.56300354003906,0,0.0,0.0
2026-04-08 02:15:00+01:00,212.5659942626953,212.59500122070312,212.46600341796875,212.51400756835938,0,0.0,0.0
2026-04-08 02:30:00+01:00,212.5070037841797,212.51400756835938,212.33999633789062,212.4010009765625,0,0.0,0.0
2026-04-08 02:45:00+01:00,212.40899658203125,212.4340057373047,212.31100463867188,212.32899475097656,0,0.0,0.0
2026-04-08 03:00:00+01:00,212.33700561523438,212.39199829101562,212.22799682617188,212.28700256347656,0,0.0,0.0
2026-04-08 03:15:00+01:00,212.28900146484375,212.42799377441406,212.1909942626953,212.38900756835938,0,0.0,0.0
2026-04-08 03:30:00+01:00,212.39300537109375,212.44900512695312,212.33599853515625,212.33700561523438,0,0.0,0.0
2026-04-08 03:45:00+01:00,212.3419952392578,212.4239959716797,212.3000030517578,212.3040008544922,0,0.0,0.0
2026-04-08 04:00:00+01:00,212.30299377441406,212.33299255371094,212.20700073242188,212.2530059814453,0,0.0,0.0
2026-04-08 04:15:00+01:00,212.25,212.28799438476562,212.16200256347656,212.1750030517578,0,0.0,0.0
2026-04-08 04:30:00+01:00,212.17799377441406,212.25100708007812,212.1529998779297,212.15899658203125,0,0.0,0.0
2026-04-08 04:45:00+01:00,212.15899658203125,212.302001953125,212.12899780273438,212.28900146484375,0,0.0,0.0
2026-04-08 05:00:00+01:00,212.28700256347656,212.3800048828125,212.26199340820312,212.37600708007812,0,0.0,0.0
2026-04-08 05:15:00+01:00,212.37100219726562,212.46200561523438,212.3679962158203,212.43699645996094,0,0.0,0.0
2026-04-08 05:30:00+01:00,212.43099975585938,212.53599548339844,212.41799926757812,212.50599670410156,0,0.0,0.0
2026-04-08 05:45:00+01:00,212.5050048828125,212.51600646972656,212.43099975585938,212.4340057373047,0,0.0,0.0
2026-04-08 06:00:00+01:00,212.44400024414062,212.54200744628906,212.40699768066406,212.48800659179688,0,0.0,0.0
2026-04-08 06:15:00+01:00,212.49000549316406,212.60499572753906,212.46200561523438,212.59100341796875,0,0.0,0.0
2026-04-08 06:30:00+01:00,212.5989990234375,212.75,212.56100463867188,212.7010040283203,0,0.0,0.0
2026-04-08 06:45:00+01:00,212.69700622558594,212.76100158691406,212.5449981689453,212.61700439453125,0,0.0,0.0
2026-04-08 07:00:00+01:00,212.6060028076172,212.66000366210938,212.47799682617188,212.48500061035156,0,0.0,0.0
2026-04-08 07:15:00+01:00,212.48500061035156,212.5449981689453,212.4250030517578,212.4980010986328,0,0.0,0.0
2026-04-08 07:30:00+01:00,212.49600219726562,212.51699829101562,212.30799865722656,212.4040069580078,0,0.0,0.0
2026-04-08 07:45:00+01:00,212.39599609375,212.48899841308594,212.2949981689453,212.4530029296875,0,0.0,0.0
2026-04-08 08:00:00+01:00,212.4600067138672,212.5330047607422,212.32200622558594,212.41900634765625,0,0.0,0.0
2026-04-08 08:15:00+01:00,212.4149932861328,212.42999267578125,212.33099365234375,212.36700439453125,0,0.0,0.0
2026-04-08 08:30:00+01:00,212.36399841308594,212.45899963378906,212.30799865722656,212.3939971923828,0,0.0,0.0
2026-04-08 08:45:00+01:00,212.39500427246094,212.43299865722656,212.32400512695312,212.38900756835938,0,0.0,0.0
2026-04-08 09:00:00+01:00,212.38699340820312,212.41099548339844,212.26100158691406,212.35699462890625,0,0.0,0.0
2026-04-08 09:15:00+01:00,212.35899353027344,212.51400756835938,212.34800720214844,212.48599243164062,0,0.0,0.0
2026-04-08 09:30:00+01:00,212.4969940185547,212.67599487304688,212.45199584960938,212.51699829101562,0,0.0,0.0
2026-04-08 09:45:00+01:00,212.51699829101562,212.6580047607422,212.4980010986328,212.64700317382812,0,0.0,0.0
2026-04-08 10:00:00+01:00,212.64700317382812,212.71200561523438,212.53399658203125,212.70799255371094,0,0.0,0.0
2026-04-08 10:15:00+01:00,212.70399475097656,212.79800415039062,212.6840057373047,212.71600341796875,0,0.0,0.0
2026-04-08 10:30:00+01:00,212.71299743652344,212.76499938964844,212.64199829101562,212.68600463867188,0,0.0,0.0
2026-04-08 10:45:00+01:00,212.6820068359375,212.79800415039062,212.67999267578125,212.76199340820312,0,0.0,0.0
2026-04-08 11:00:00+01:00,212.75799560546875,212.87399291992188,212.75100708007812,212.86000061035156,0,0.0,0.0
2026-04-08 11:15:00+01:00,212.85400390625,212.8679962158203,212.80999755859375,212.83999633789062,0,0.0,0.0
2026-04-08 11:30:00+01:00,212.83599853515625,212.89700317382812,212.8300018310547,212.86199951171875,0,0.0,0.0
2026-04-08 11:45:00+01:00,212.85899353027344,212.97900390625,212.83599853515625,212.94700622558594,0,0.0,0.0
2026-04-08 12:00:00+01:00,212.9459991455078,213.13800048828125,212.92100524902344,213.1280059814453,0,0.0,0.0
2026-04-08 12:15:00+01:00,213.1269989013672,213.15199279785156,213.05099487304688,213.1020050048828,0,0.0,0.0
2026-04-08 12:30:00+01:00,213.10299682617188,213.11000061035156,213.01300048828125,213.0590057373047,0,0.0,0.0
2026-04-08 12:45:00+01:00,213.05999755859375,213.13800048828125,213.04400634765625,213.1009979248047,0,0.0,0.0
2026-04-08 13:00:00+01:00,213.0970001220703,213.13099670410156,212.92799377441406,212.9929962158203,0,0.0,0.0
2026-04-08 13:15:00+01:00,212.9980010986328,213.11000061035156,212.9029998779297,213.07400512695312,0,0.0,0.0
2026-04-08 13:30:00+01:00,213.07699584960938,213.08200073242188,212.9720001220703,212.9949951171875,0,0.0,0.0
2026-04-08 13:45:00+01:00,212.9949951171875,213.06399536132812,212.87899780273438,212.88600158691406,0,0.0,0.0
2026-04-08 14:00:00+01:00,212.88099670410156,212.9969940185547,212.7220001220703,212.93499755859375,0,0.0,0.0
2026-04-08 14:15:00+01:00,212.92999267578125,212.96600341796875,212.82699584960938,212.8509979248047,0,0.0,0.0
2026-04-08 14:30:00+01:00,212.8459930419922,212.89199829101562,212.71499633789062,212.75599670410156,0,0.0,0.0
2026-04-08 14:45:00+01:00,212.75900268554688,212.91099548339844,212.73500061035156,212.83999633789062,0,0.0,0.0
2026-04-08 15:00:00+01:00,212.83799743652344,212.98500061035156,212.8090057373047,212.81399536132812,0,0.0,0.0
2026-04-08 15:15:00+01:00,212.81399536132812,212.9510040283203,212.79800415039062,212.94700622558594,0,0.0,0.0
2026-04-08 15:30:00+01:00,212.94400024414062,212.96099853515625,212.7779998779297,212.78900146484375,0,0.0,0.0
2026-04-08 15:45:00+01:00,212.78599548339844,212.9340057373047,212.6649932861328,212.86300659179688,0,0.0,0.0
2026-04-08 16:00:00+01:00,212.86099243164062,212.8679962158203,212.73599243164062,212.83099365234375,0,0.0,0.0
2026-04-08 16:15:00+01:00,212.83099365234375,212.9250030517578,212.8040008544922,212.8280029296875,0,0.0,0.0
2026-04-08 16:30:00+01:00,212.82899475097656,212.92999267578125,212.75399780273438,212.781005859375,0,0.0,0.0
2026-04-08 16:45:00+01:00,212.7830047607422,212.85899353027344,212.69200134277344,212.84100341796875,0,0.0,0.0
2026-04-08 17:00:00+01:00,212.843994140625,212.85699462890625,212.63699340820312,212.67599487304688,0,0.0,0.0
2026-04-08 17:15:00+01:00,212.67300415039062,212.72000122070312,212.6439971923828,212.66900634765625,0,0.0,0.0
2026-04-08 17:30:00+01:00,212.66900634765625,212.72999572753906,212.6219940185547,212.70899963378906,0,0.0,0.0
2026-04-08 17:45:00+01:00,212.71400451660156,212.72900390625,212.6269989013672,212.67100524902344,0,0.0,0.0
2026-04-08 18:00:00+01:00,212.66700744628906,212.69500732421875,212.63600158691406,212.6790008544922,0,0.0,0.0
2026-04-08 18:15:00+01:00,212.6790008544922,212.6959991455078,212.6009979248047,212.62399291992188,0,0.0,0.0
2026-04-08 18:30:00+01:00,212.6199951171875,212.64500427246094,212.5399932861328,212.6300048828125,0,0.0,0.0
2026-04-08 18:45:00+01:00,212.62899780273438,212.6510009765625,212.54400634765625,212.6230010986328,0,0.0,0.0
2026-04-08 19:00:00+01:00,212.62399291992188,212.6750030517578,212.53399658203125,212.61700439453125,0,0.0,0.0
2026-04-08 19:15:00+01:00,212.60899353027344,212.63600158691406,212.51600646972656,212.55499267578125,0,0.0,0.0
2026-04-08 19:30:00+01:00,212.55499267578125,212.60499572753906,212.4929962158203,212.5229949951172,0,0.0,0.0
2026-04-08 19:45:00+01:00,212.5330047607422,212.53599548339844,212.4409942626953,212.4810028076172,0,0.0,0.0
2026-04-08 20:00:00+01:00,212.48199462890625,212.53199768066406,212.4239959716797,212.52999877929688,0,0.0,0.0
2026-04-08 20:15:00+01:00,212.52099609375,212.58200073242188,212.4669952392578,212.55999755859375,0,0.0,0.0
2026-04-08 20:30:00+01:00,212.55999755859375,212.60299682617188,212.5189971923828,212.54100036621094,0,0.0,0.0
2026-04-08 20:45:00+01:00,212.53500366210938,212.5749969482422,212.5019989013672,212.54200744628906,0,0.0,0.0
2026-04-08 21:00:00+01:00,212.54600524902344,212.5800018310547,212.51300048828125,212.552001953125,0,0.0,0.0
2026-04-08 21:15:00+01:00,212.5469970703125,212.5749969482422,212.49600219726562,212.5070037841797,0,0.0,0.0
2026-04-08 21:30:00+01:00,212.49600219726562,212.51499938964844,212.44000244140625,212.4600067138672,0,0.0,0.0
2026-04-08 21:45:00+01:00,212.45599365234375,212.5189971923828,212.27699279785156,212.36000061035156,0,0.0,0.0
2026-04-08 22:00:00+01:00,212.33099365234375,212.51600646972656,212.28799438476562,212.3000030517578,0,0.0,0.0
2026-04-08 22:15:00+01:00,212.32400512695312,212.62100219726562,212.28199768066406,212.31199645996094,0,0.0,0.0
2026-04-08 22:30:00+01:00,212.3209991455078,212.53199768066406,212.30299377441406,212.4980010986328,0,0.0,0.0
2026-04-08 22:45:00+01:00,212.4980010986328,212.531005859375,212.31300354003906,212.4029998779297,0,0.0,0.0
2026-04-08 23:00:00+01:00,212.4010009765625,212.48199462890625,212.3159942626953,212.43600463867188,0,0.0,0.0
2026-04-08 23:15:00+01:00,212.42999267578125,212.447998046875,212.35899353027344,212.38800048828125,0,0.0,0.0
2026-04-08 23:30:00+01:00,212.40899658203125,212.46299743652344,212.38800048828125,212.4239959716797,0,0.0,0.0
2026-04-08 23:45:00+01:00,212.4239959716797,212.46600341796875,212.41900634765625,212.44400024414062,0,0.0,0.0
2026-04-09 00:00:00+01:00,212.43699645996094,212.48199462890625,212.42100524902344,212.45700073242188,0,0.0,0.0
2026-04-09 00:15:00+01:00,212.4530029296875,212.50399780273438,212.44000244140625,212.49400329589844,0,0.0,0.0
2026-04-09 00:30:00+01:00,212.48699951171875,212.54600524902344,212.48699951171875,212.51600646972656,0,0.0,0.0
2026-04-09 00:45:00+01:00,212.51699829101562,212.5260009765625,212.4550018310547,212.4720001220703,0,0.0,0.0
2026-04-09 01:00:00+01:00,212.468994140625,212.51699829101562,212.41700744628906,212.46600341796875,0,0.0,0.0
2026-04-09 01:15:00+01:00,212.4510040283203,212.5279998779297,212.43800354003906,212.52000427246094,0,0.0,0.0
2026-04-09 01:30:00+01:00,212.51499938964844,212.625,212.51100158691406,212.59800720214844,0,0.0,0.0
2026-04-09 01:45:00+01:00,212.58999633789062,212.72999572753906,212.5679931640625,212.71400451660156,0,0.0,0.0
2026-04-09 02:00:00+01:00,212.71400451660156,212.73300170898438,212.64500427246094,212.6719970703125,0,0.0,0.0
2026-04-09 02:15:00+01:00,212.66000366210938,212.7100067138672,212.64599609375,212.66299438476562,0,0.0,0.0
2026-04-09 02:30:00+01:00,212.66799926757812,212.68299865722656,212.60800170898438,212.65899658203125,0,0.0,0.0
2026-04-09 02:45:00+01:00,212.65699768066406,212.70899963378906,212.64599609375,212.68699645996094,0,0.0,0.0
2026-04-09 03:00:00+01:00,212.68600463867188,212.70599365234375,212.64700317382812,212.66200256347656,0,0.0,0.0
2026-04-09 03:15:00+01:00,212.66299438476562,212.76499938964844,212.64599609375,212.74000549316406,0,0.0,0.0
2026-04-09 03:30:00+01:00,212.73800659179688,212.76400756835938,212.656005859375,212.67300415039062,0,0.0,0.0
2026-04-09 03:45:00+01:00,212.67100524902344,212.6790008544922,212.60499572753906,212.61000061035156,0,0.0,0.0
2026-04-09 04:00:00+01:00,212.60499572753906,212.66700744628906,212.60000610351562,212.61199951171875,0,0.0,0.0
2026-04-09 04:15:00+01:00,212.61199951171875,212.62899780273438,212.5590057373047,212.5780029296875,0,0.0,0.0
2026-04-09 04:30:00+01:00,212.57899475097656,212.6269989013672,212.56500244140625,212.6020050048828,0,0.0,0.0
2026-04-09 04:45:00+01:00,212.60000610351562,212.67999267578125,212.58399963378906,212.64500427246094,0,0.0,0.0
2026-04-09 05:00:00+01:00,212.64500427246094,212.75599670410156,212.5989990234375,212.7429962158203,0,0.0,0.0
2026-04-09 05:15:00+01:00,212.74200439453125,212.7429962158203,212.62100219726562,212.63499450683594,0,0.0,0.0
2026-04-09 05:30:00+01:00,212.63099670410156,212.7270050048828,212.62399291992188,212.69400024414062,0,0.0,0.0
2026-04-09 05:45:00+01:00,212.6909942626953,212.7239990234375,212.66900634765625,212.68800354003906,0,0.0,0.0
2026-04-09 06:00:00+01:00,212.68099975585938,212.7239990234375,212.65699768066406,212.6699981689453,0,0.0,0.0
2026-04-09 06:15:00+01:00,212.66799926757812,212.68899536132812,212.64700317382812,212.6649932861328,0,0.0,0.0
2026-04-09 06:30:00+01:00,212.6649932861328,212.73300170898438,212.6580047607422,212.70599365234375,0,0.0,0.0
2026-04-09 06:45:00+01:00,212.7100067138672,212.7480010986328,212.67100524902344,212.68800354003906,0,0.0,0.0
2026-04-09 07:00:00+01:00,212.6999969482422,212.74899291992188,212.6820068359375,212.71600341796875,0,0.0,0.0
2026-04-09 07:15:00+01:00,212.7169952392578,212.7220001220703,212.64500427246094,212.69500732421875,0,0.0,0.0
2026-04-09 07:30:00+01:00,212.68499755859375,212.74899291992188,212.6300048828125,212.70700073242188,0,0.0,0.0
2026-04-09 07:45:00+01:00,212.7050018310547,212.7519989013672,212.64999389648438,212.68499755859375,0,0.0,0.0
2026-04-09 08:00:00+01:00,212.68099975585938,212.83999633789062,212.67999267578125,212.7969970703125,0,0.0,0.0
2026-04-09 08:15:00+01:00,212.7969970703125,212.8040008544922,212.66000366210938,212.69700622558594,0,0.0,0.0
2026-04-09 08:30:00+01:00,212.69700622558594,212.8509979248047,212.6909942626953,212.7949981689453,0,0.0,0.0
2026-04-09 08:45:00+01:00,212.79299926757812,212.91299438476562,212.7530059814453,212.90699768066406,0,0.0,0.0
2026-04-09 09:00:00+01:00,212.906005859375,212.9199981689453,212.8070068359375,212.9149932861328,0,0.0,0.0
2026-04-09 09:15:00+01:00,212.9080047607422,213.02200317382812,212.9010009765625,212.9929962158203,0,0.0,0.0
2026-04-09 09:30:00+01:00,212.9929962158203,213.09800720214844,212.98699951171875,213.0540008544922,0,0.0,0.0
2026-04-09 09:45:00+01:00,213.05299377441406,213.1510009765625,212.95700073242188,213.11000061035156,0,0.0,0.0
2026-04-09 10:00:00+01:00,213.11099243164062,213.19000244140625,213.08900451660156,213.156005859375,0,0.0,0.0
2026-04-09 10:15:00+01:00,213.15899658203125,213.2220001220703,213.11000061035156,213.1479949951172,0,0.0,0.0
2026-04-09 10:30:00+01:00,213.14500427246094,213.2030029296875,213.10299682617188,213.1739959716797,0,0.0,0.0
2026-04-09 10:45:00+01:00,213.17799377441406,213.19400024414062,213.06199645996094,213.09100341796875,0,0.0,0.0
2026-04-09 11:00:00+01:00,213.08299255371094,213.177001953125,213.0709991455078,213.125,0,0.0,0.0
2026-04-09 11:15:00+01:00,213.125,213.1739959716797,213.08799743652344,213.1649932861328,0,0.0,0.0
2026-04-09 11:30:00+01:00,213.1649932861328,213.2270050048828,213.16000366210938,213.17999267578125,0,0.0,0.0
2026-04-09 11:45:00+01:00,213.17999267578125,213.22000122070312,213.1179962158203,213.1179962158203,0,0.0,0.0
2026-04-09 12:00:00+01:00,213.1179962158203,213.21499633789062,213.08700561523438,213.1529998779297,0,0.0,0.0
2026-04-09 12:15:00+01:00,213.14999389648438,213.20799255371094,213.11599731445312,213.2050018310547,0,0.0,0.0
2026-04-09 12:30:00+01:00,213.20700073242188,213.30999755859375,213.17999267578125,213.29299926757812,0,0.0,0.0
2026-04-09 12:45:00+01:00,213.28599548339844,213.39500427246094,213.26800537109375,213.3730010986328,0,0.0,0.0
2026-04-09 13:00:00+01:00,213.36300659179688,213.37899780273438,213.27499389648438,213.33999633789062,0,0.0,0.0
2026-04-09 13:15:00+01:00,213.33700561523438,213.38099670410156,213.23699951171875,213.32400512695312,0,0.0,0.0
2026-04-09 13:30:00+01:00,213.32400512695312,213.39599609375,213.28199768066406,213.33900451660156,0,0.0,0.0
2026-04-09 13:45:00+01:00,213.33900451660156,213.39599609375,213.281005859375,213.31399536132812,0,0.0,0.0
2026-04-09 14:00:00+01:00,213.3090057373047,213.3679962158203,213.23599243164062,213.25,0,0.0,0.0
2026-04-09 14:15:00+01:00,213.2530059814453,213.41799926757812,213.2480010986328,213.38499450683594,0,0.0,0.0
2026-04-09 14:30:00+01:00,213.38600158691406,213.45799255371094,213.36199951171875,213.375,0,0.0,0.0
2026-04-09 14:45:00+01:00,213.38999938964844,213.51400756835938,213.34300231933594,213.50100708007812,0,0.0,0.0
2026-04-09 15:00:00+01:00,213.5019989013672,213.5489959716797,213.42300415039062,213.4709930419922,0,0.0,0.0
2026-04-09 15:15:00+01:00,213.468994140625,213.59500122070312,213.45399475097656,213.59500122070312,0,0.0,0.0
2026-04-09 15:30:00+01:00,213.59100341796875,213.61099243164062,213.4409942626953,213.4499969482422,0,0.0,0.0
2026-04-09 15:45:00+01:00,213.4510040283203,213.5989990234375,213.44000244140625,213.54600524902344,0,0.0,0.0
2026-04-09 16:00:00+01:00,213.54200744628906,213.56700134277344,213.47500610351562,213.55499267578125,0,0.0,0.0
2026-04-09 16:15:00+01:00,213.5570068359375,213.74400329589844,213.54299926757812,213.63800048828125,0,0.0,0.0
2026-04-09 16:30:00+01:00,213.62600708007812,213.78599548339844,213.5019989013672,213.5189971923828,0,0.0,0.0
2026-04-09 16:45:00+01:00,213.53399658203125,213.6060028076172,213.4929962158203,213.552001953125,0,0.0,0.0
2026-04-09 17:00:00+01:00,213.53900146484375,213.552001953125,213.3979949951172,213.45899963378906,0,0.0,0.0
2026-04-09 17:15:00+01:00,213.4550018310547,213.5070037841797,213.4029998779297,213.45399475097656,0,0.0,0.0
2026-04-09 17:30:00+01:00,213.44500732421875,213.50599670410156,213.39599609375,213.41600036621094,0,0.0,0.0
2026-04-09 17:45:00+01:00,213.41600036621094,213.46299743652344,213.3780059814453,213.4409942626953,0,0.0,0.0
2026-04-09 18:00:00+01:00,213.44500732421875,213.5659942626953,213.43800354003906,213.55599975585938,0,0.0,0.0
2026-04-09 18:15:00+01:00,213.56500244140625,213.57200622558594,213.4459991455078,213.46499633789062,0,0.0,0.0
2026-04-09 18:30:00+01:00,213.46200561523438,213.58700561523438,213.46200561523438,213.55999755859375,0,0.0,0.0
2026-04-09 18:45:00+01:00,213.5659942626953,213.60499572753906,213.5469970703125,213.55599975585938,0,0.0,0.0
2026-04-09 19:00:00+01:00,213.552001953125,213.58099365234375,213.4770050048828,213.48399353027344,0,0.0,0.0
2026-04-09 19:15:00+01:00,213.48800659179688,213.52200317382812,213.4600067138672,213.50399780273438,0,0.0,0.0
2026-04-09 19:30:00+01:00,213.4949951171875,213.60800170898438,213.49400329589844,213.59500122070312,0,0.0,0.0
2026-04-09 19:45:00+01:00,213.593994140625,213.6020050048828,213.54600524902344,213.593994140625,0,0.0,0.0
2026-04-09 20:00:00+01:00,213.59500122070312,213.66200256347656,213.57400512695312,213.65199279785156,0,0.0,0.0
2026-04-09 20:15:00+01:00,213.6510009765625,213.7729949951172,213.625,213.73399353027344,0,0.0,0.0
2026-04-09 20:30:00+01:00,213.73500061035156,213.8489990234375,213.6909942626953,213.82200622558594,0,0.0,0.0
2026-04-09 20:45:00+01:00,213.8209991455078,213.83200073242188,213.70199584960938,213.74000549316406,0,0.0,0.0
2026-04-09 21:00:00+01:00,213.7429962158203,213.78799438476562,213.7169952392578,213.72500610351562,0,0.0,0.0
2026-04-09 21:15:00+01:00,213.7209930419922,213.7310028076172,213.62399291992188,213.68099975585938,0,0.0,0.0
2026-04-09 21:30:00+01:00,213.68099975585938,213.68800354003906,213.61900329589844,213.6280059814453,0,0.0,0.0
2026-04-09 21:45:00+01:00,213.62399291992188,213.64199829101562,213.47999572753906,213.47999572753906,0,0.0,0.0
2026-04-09 22:00:00+01:00,213.4810028076172,213.60000610351562,213.43899536132812,213.48899841308594,0,0.0,0.0
2026-04-09 22:15:00+01:00,213.4929962158203,213.64199829101562,213.46400451660156,213.53599548339844,0,0.0,0.0
2026-04-09 22:30:00+01:00,213.53500366210938,213.65199279785156,213.47799682617188,213.531005859375,0,0.0,0.0
2026-04-09 22:45:00+01:00,213.50799560546875,213.60800170898438,213.44000244140625,213.49099731445312,0,0.0,0.0
2026-04-09 23:00:00+01:00,213.48699951171875,213.61900329589844,213.45399475097656,213.56300354003906,0,0.0,0.0
2026-04-09 23:15:00+01:00,213.5500030517578,213.64700317382812,213.5500030517578,213.60699462890625,0,0.0,0.0
2026-04-09 23:30:00+01:00,213.5570068359375,213.63900756835938,213.53599548339844,213.5469970703125,0,0.0,0.0
2026-04-09 23:45:00+01:00,213.57000732421875,213.60299682617188,213.5330047607422,213.58299255371094,0,0.0,0.0
2026-04-10 00:00:00+01:00,213.58599853515625,213.63099670410156,213.56300354003906,213.61700439453125,0,0.0,0.0
2026-04-10 00:15:00+01:00,213.60899353027344,213.6649932861328,213.5989990234375,213.63900756835938,0,0.0,0.0
2026-04-10 00:30:00+01:00,213.64199829101562,213.70799255371094,213.63099670410156,213.6840057373047,0,0.0,0.0
2026-04-10 00:45:00+01:00,213.68499755859375,213.70700073242188,213.6269989013672,213.64599609375,0,0.0,0.0
2026-04-10 01:00:00+01:00,213.64199829101562,213.69000244140625,213.6199951171875,213.6750030517578,0,0.0,0.0
2026-04-10 01:15:00+01:00,213.66200256347656,213.718994140625,213.65699768066406,213.7050018310547,0,0.0,0.0
2026-04-10 01:30:00+01:00,213.6959991455078,213.75,213.6739959716797,213.71800231933594,0,0.0,0.0
2026-04-10 01:45:00+01:00,213.70899963378906,213.7310028076172,213.6320037841797,213.6929931640625,0,0.0,0.0
2026-04-10 02:00:00+01:00,213.6929931640625,213.7429962158203,213.64300537109375,213.6490020751953,0,0.0,0.0
2026-04-10 02:15:00+01:00,213.6479949951172,213.68899536132812,213.6009979248047,213.6020050048828,0,0.0,0.0
2026-04-10 02:30:00+01:00,213.61199951171875,213.65499877929688,213.58099365234375,213.6490020751953,0,0.0,0.0
2026-04-10 02:45:00+01:00,213.6439971923828,213.66099548339844,213.5500030517578,213.55799865722656,0,0.0,0.0
2026-04-10 03:00:00+01:00,213.5570068359375,213.63999938964844,213.53599548339844,213.6199951171875,0,0.0,0.0
2026-04-10 03:15:00+01:00,213.6199951171875,213.677001953125,213.5989990234375,213.61300659179688,0,0.0,0.0
2026-04-10 03:30:00+01:00,213.61199951171875,213.66200256347656,213.60400390625,213.63900756835938,0,0.0,0.0
2026-04-10 03:45:00+01:00,213.63400268554688,213.6719970703125,213.60299682617188,213.66000366210938,0,0.0,0.0
2026-04-10 04:00:00+01:00,213.6529998779297,213.68099975585938,213.61900329589844,213.6280059814453,0,0.0,0.0
2026-04-10 04:15:00+01:00,213.6300048828125,213.68099975585938,213.62100219726562,213.66099548339844,0,0.0,0.0
2026-04-10 04:30:00+01:00,213.6649932861328,213.6820068359375,213.61599731445312,213.6320037841797,0,0.0,0.0
2026-04-10 04:45:00+01:00,213.63299560546875,213.68099975585938,213.6230010986328,213.63499450683594,0,0.0,0.0
2026-04-10 05:00:00+01:00,213.63400268554688,213.67100524902344,213.6219940185547,213.64500427246094,0,0.0,0.0
2026-04-10 05:15:00+01:00,213.64599609375,213.66099548339844,213.6269989013672,213.64199829101562,0,0.0,0.0
2026-04-10 05:30:00+01:00,213.63800048828125,213.70599365234375,213.63299560546875,213.6820068359375,0,0.0,0.0
2026-04-10 05:45:00+01:00,213.68600463867188,213.69000244140625,213.63600158691406,213.64599609375,0,0.0,0.0
2026-04-10 06:00:00+01:00,213.64599609375,213.69000244140625,213.61900329589844,213.62600708007812,0,0.0,0.0
2026-04-10 06:15:00+01:00,213.62600708007812,213.6739959716797,213.60800170898438,213.6529998779297,0,0.0,0.0
2026-04-10 06:30:00+01:00,213.64599609375,213.70599365234375,213.63400268554688,213.6790008544922,0,0.0,0.0
2026-04-10 06:45:00+01:00,213.6790008544922,213.70599365234375,213.6540069580078,213.697998046875,0,0.0,0.0
2026-04-10 07:00:00+01:00,213.69900512695312,213.77099609375,213.66099548339844,213.75,0,0.0,0.0
2026-04-10 07:15:00+01:00,213.7449951171875,213.781005859375,213.70799255371094,213.75,0,0.0,0.0
2026-04-10 07:30:00+01:00,213.75,213.781005859375,213.6959991455078,213.70599365234375,0,0.0,0.0
2026-04-10 07:45:00+01:00,213.70799255371094,213.7570037841797,213.6750030517578,213.697998046875,0,0.0,0.0
2026-04-10 08:00:00+01:00,213.6959991455078,213.84300231933594,213.6840057373047,213.75799560546875,0,0.0,0.0
2026-04-10 08:15:00+01:00,213.75599670410156,213.80099487304688,213.72300720214844,213.78599548339844,0,0.0,0.0
2026-04-10 08:30:00+01:00,213.7790069580078,213.83900451660156,213.7480010986328,213.781005859375,0,0.0,0.0
2026-04-10 08:45:00+01:00,213.781005859375,213.84500122070312,213.677001953125,213.6999969482422,0,0.0,0.0
2026-04-10 09:00:00+01:00,213.7010040283203,213.77099609375,213.6820068359375,213.7469940185547,0,0.0,0.0
2026-04-10 09:15:00+01:00,213.75100708007812,213.78599548339844,213.71499633789062,213.75999450683594,0,0.0,0.0
2026-04-10 09:30:00+01:00,213.76300048828125,213.81700134277344,213.7570037841797,213.78599548339844,0,0.0,0.0
2026-04-10 09:45:00+01:00,213.78500366210938,213.822998046875,213.7239990234375,213.81500244140625,0,0.0,0.0
2026-04-10 10:00:00+01:00,213.80999755859375,213.83399963378906,213.73199462890625,213.74200439453125,0,0.0,0.0
2026-04-10 10:15:00+01:00,213.74200439453125,213.9239959716797,213.73500061035156,213.86099243164062,0,0.0,0.0
2026-04-10 10:30:00+01:00,213.86099243164062,213.9530029296875,213.85000610351562,213.9510040283203,0,0.0,0.0
2026-04-10 10:45:00+01:00,213.94900512695312,214.07400512695312,213.9219970703125,213.98399353027344,0,0.0,0.0
2026-04-10 11:00:00+01:00,213.98800659179688,214.052001953125,213.98199462890625,213.9980010986328,0,0.0,0.0
2026-04-10 11:15:00+01:00,213.9969940185547,214.0760040283203,213.99000549316406,214.03900146484375,0,0.0,0.0
2026-04-10 11:30:00+01:00,214.03500366210938,214.0500030517578,213.9759979248047,213.98699951171875,0,0.0,0.0
2026-04-10 11:45:00+01:00,213.99200439453125,214.00100708007812,213.89999389648438,213.90899658203125,0,0.0,0.0
2026-04-10 12:00:00+01:00,213.90199279785156,214.00599670410156,213.89100646972656,213.99200439453125,0,0.0,0.0
2026-04-10 12:15:00+01:00,213.98800659179688,214.01100158691406,213.93499755859375,213.9600067138672,0,0.0,0.0
2026-04-10 12:30:00+01:00,213.96499633789062,214.02699279785156,213.95799255371094,213.98500061035156,0,0.0,0.0
2026-04-10 12:45:00+01:00,213.98500061035156,214.0229949951172,213.97000122070312,213.9929962158203,0,0.0,0.0
2026-04-10 13:00:00+01:00,213.9949951171875,214.0449981689453,213.9810028076172,214.0240020751953,0,0.0,0.0
2026-04-10 13:15:00+01:00,214.02499389648438,214.0970001220703,213.99400329589844,214.02000427246094,0,0.0,0.0
2026-04-10 13:30:00+01:00,214.0399932861328,214.14199829101562,213.9600067138672,214.12899780273438,0,0.0,0.0
2026-04-10 13:45:00+01:00,214.12399291992188,214.20199584960938,214.0989990234375,214.18600463867188,0,0.0,0.0
2026-04-10 14:00:00+01:00,214.1909942626953,214.2779998779297,214.1649932861328,214.20799255371094,0,0.0,0.0
2026-04-10 14:15:00+01:00,214.2169952392578,214.4029998779297,214.1959991455078,214.38600158691406,0,0.0,0.0
2026-04-10 14:30:00+01:00,214.38600158691406,214.40899658203125,214.24000549316406,214.2530059814453,0,0.0,0.0
2026-04-10 14:45:00+01:00,214.26499938964844,214.3300018310547,214.2050018310547,214.25,0,0.0,0.0
2026-04-10 15:00:00+01:00,214.26499938964844,214.40899658203125,214.19000244140625,214.40699768066406,0,0.0,0.0
2026-04-10 15:15:00+01:00,214.41000366210938,214.45599365234375,214.3509979248047,214.40899658203125,0,0.0,0.0
2026-04-10 15:30:00+01:00,214.41799926757812,214.45700073242188,214.23199462890625,214.25,0,0.0,0.0
2026-04-10 15:45:00+01:00,214.2530059814453,214.31900024414062,214.1320037841797,214.19900512695312,0,0.0,0.0
2026-04-10 16:00:00+01:00,214.2030029296875,214.2969970703125,214.0970001220703,214.27699279785156,0,0.0,0.0
2026-04-10 16:15:00+01:00,214.27699279785156,214.3939971923828,214.2760009765625,214.35400390625,0,0.0,0.0
2026-04-10 16:30:00+01:00,214.3509979248047,214.3800048828125,214.28399658203125,214.3249969482422,0,0.0,0.0
2026-04-10 16:45:00+01:00,214.31900024414062,214.34800720214844,214.26800537109375,214.27699279785156,0,0.0,0.0
2026-04-10 17:00:00+01:00,214.2790069580078,214.36099243164062,214.25900268554688,214.34800720214844,0,0.0,0.0
2026-04-10 17:15:00+01:00,214.3489990234375,214.39999389648438,214.322998046875,214.33599853515625,0,0.0,0.0
2026-04-10 17:30:00+01:00,214.33900451660156,214.38900756835938,214.27200317382812,214.3000030517578,0,0.0,0.0
2026-04-10 17:45:00+01:00,214.2989959716797,214.33299255371094,214.23699951171875,214.3090057373047,0,0.0,0.0
2026-04-10 18:00:00+01:00,214.30599975585938,214.3939971923828,214.29400634765625,214.35899353027344,0,0.0,0.0
2026-04-10 18:15:00+01:00,214.35800170898438,214.3719940185547,214.3209991455078,214.35299682617188,0,0.0,0.0
2026-04-10 18:30:00+01:00,214.35299682617188,214.40899658203125,214.3209991455078,214.40199279785156,0,0.0,0.0
2026-04-10 18:45:00+01:00,214.40699768066406,214.4320068359375,214.322998046875,214.36599731445312,0,0.0,0.0
2026-04-10 19:00:00+01:00,214.3719940185547,214.43499755859375,214.3419952392578,214.3979949951172,0,0.0,0.0
2026-04-10 19:15:00+01:00,214.3939971923828,214.48399353027344,214.39100646972656,214.47300720214844,0,0.0,0.0
2026-04-10 19:30:00+01:00,214.4709930419922,214.53599548339844,214.45700073242188,214.48300170898438,0,0.0,0.0
2026-04-10 19:45:00+01:00,214.4810028076172,214.54400634765625,214.45199584960938,214.5399932861328,0,0.0,0.0
2026-04-10 20:00:00+01:00,214.5399932861328,214.56500244140625,214.50900268554688,214.52999877929688,0,0.0,0.0
2026-04-10 20:15:00+01:00,214.5290069580078,214.56199645996094,214.51800537109375,214.53199768066406,0,0.0,0.0
2026-04-10 20:30:00+01:00,214.52499389648438,214.54200744628906,214.4969940185547,214.5240020751953,0,0.0,0.0
2026-04-10 20:45:00+01:00,214.51499938964844,214.5780029296875,214.49899291992188,214.55299377441406,0,0.0,0.0
2026-04-10 21:00:00+01:00,214.5500030517578,214.5760040283203,214.52099609375,214.5570068359375,0,0.0,0.0
2026-04-10 21:15:00+01:00,214.5659942626953,214.58099365234375,214.50799560546875,214.51600646972656,0,0.0,0.0
2026-04-10 21:30:00+01:00,214.51600646972656,214.5330047607422,214.4739990234375,214.4969940185547,0,0.0,0.0
2026-04-10 21:45:00+01:00,214.49000549316406,214.54200744628906,214.2760009765625,214.37600708007812,0,0.0,0.0
2026-04-10 22:00:00+01:00,214.406005859375,214.406005859375,214.406005859375,214.406005859375,0,0.0,0.0
2026-04-10 22:15:00+01:00,214.406005859375,214.406005859375,214.406005859375,214.406005859375,0,0.0,0.0
2026-04-13 00:00:00+01:00,214.04299926757812,214.07400512695312,213.96800231933594,214.0050048828125,0,0.0,0.0
2026-04-13 00:15:00+01:00,213.99200439453125,214.0070037841797,213.86300659179688,213.88099670410156,0,0.0,0.0
2026-04-13 00:30:00+01:00,213.8820037841797,213.89300537109375,213.781005859375,213.7830047607422,0,0.0,0.0
2026-04-13 00:45:00+01:00,213.78399658203125,213.9029998779297,213.75399780273438,213.8679962158203,0,0.0,0.0
2026-04-13 01:00:00+01:00,213.86900329589844,213.96600341796875,213.80299377441406,213.9459991455078,0,0.0,0.0
2026-04-13 01:15:00+01:00,213.9459991455078,214.02499389648438,213.93800354003906,213.9739990234375,0,0.0,0.0
2026-04-13 01:30:00+01:00,213.9759979248047,214.08200073242188,213.97500610351562,214.06900024414062,0,0.0,0.0
2026-04-13 01:45:00+01:00,214.0679931640625,214.16900634765625,213.98500061035156,214.02499389648438,0,0.0,0.0
2026-04-13 02:00:00+01:00,214.03500366210938,214.10299682617188,214.0229949951172,214.0800018310547,0,0.0,0.0
2026-04-13 02:15:00+01:00,214.0800018310547,214.1300048828125,214.0679931640625,214.10699462890625,0,0.0,0.0
2026-04-13 02:30:00+01:00,214.1060028076172,214.12100219726562,214.03399658203125,214.0489959716797,0,0.0,0.0
2026-04-13 02:45:00+01:00,214.04200744628906,214.09100341796875,213.99000549316406,214.02499389648438,0,0.0,0.0
2026-04-13 03:00:00+01:00,214.0240020751953,214.04400634765625,213.96800231933594,214.01199340820312,0,0.0,0.0
2026-04-13 03:15:00+01:00,214.01199340820312,214.0679931640625,214.00100708007812,214.0590057373047,0,0.0,0.0
2026-04-13 03:30:00+01:00,214.052001953125,214.10899353027344,214.052001953125,214.1020050048828,0,0.0,0.0
2026-04-13 03:45:00+01:00,214.09800720214844,214.11399841308594,214.04299926757812,214.07400512695312,0,0.0,0.0
2026-04-13 04:00:00+01:00,214.0760040283203,214.10400390625,214.03599548339844,214.0540008544922,0,0.0,0.0
2026-04-13 04:15:00+01:00,214.05599975585938,214.07400512695312,214.04400634765625,214.06199645996094,0,0.0,0.0
2026-04-13 04:30:00+01:00,214.0590057373047,214.08099365234375,214.03599548339844,214.0749969482422,0,0.0,0.0
2026-04-13 04:45:00+01:00,214.0760040283203,214.08399963378906,214.0229949951172,214.03799438476562,0,0.0,0.0
2026-04-13 05:00:00+01:00,214.03399658203125,214.11700439453125,214.01400756835938,214.07699584960938,0,0.0,0.0
2026-04-13 05:15:00+01:00,214.07699584960938,214.13600158691406,214.0760040283203,214.12399291992188,0,0.0,0.0
2026-04-13 05:30:00+01:00,214.1230010986328,214.1580047607422,214.09800720214844,214.11000061035156,0,0.0,0.0
2026-04-13 05:45:00+01:00,214.10699462890625,214.125,214.07899475097656,214.1020050048828,0,0.0,0.0
2026-04-13 06:00:00+01:00,214.1020050048828,214.1280059814453,214.06500244140625,214.07200622558594,0,0.0,0.0
2026-04-13 06:15:00+01:00,214.0679931640625,214.1320037841797,214.06100463867188,214.12899780273438,0,0.0,0.0
2026-04-13 06:30:00+01:00,214.1280059814453,214.13400268554688,214.03399658203125,214.0489959716797,0,0.0,0.0
2026-04-13 06:45:00+01:00,214.0489959716797,214.07000732421875,214.01800537109375,214.05999755859375,0,0.0,0.0
2026-04-13 07:00:00+01:00,214.05999755859375,214.11399841308594,213.99899291992188,214.06300354003906,0,0.0,0.0
2026-04-13 07:15:00+01:00,214.05599975585938,214.15199279785156,214.03599548339844,214.13600158691406,0,0.0,0.0
2026-04-13 07:30:00+01:00,214.13600158691406,214.19000244140625,214.072998046875,214.07899475097656,0,0.0,0.0
2026-04-13 07:45:00+01:00,214.07699584960938,214.14999389648438,214.0570068359375,214.14999389648438,0,0.0,0.0
2026-04-13 08:00:00+01:00,214.14199829101562,214.2740020751953,214.12899780273438,214.25900268554688,0,0.0,0.0
2026-04-13 08:15:00+01:00,214.26499938964844,214.33200073242188,214.22999572753906,214.31300354003906,0,0.0,0.0
2026-04-13 08:30:00+01:00,214.3179931640625,214.3820037841797,214.2949981689453,214.38099670410156,0,0.0,0.0
2026-04-13 08:45:00+01:00,214.37600708007812,214.427001953125,214.31700134277344,214.37100219726562,0,0.0,0.0
2026-04-13 09:00:00+01:00,214.3730010986328,214.38699340820312,214.30799865722656,214.3459930419922,0,0.0,0.0
2026-04-13 09:15:00+01:00,214.3459930419922,214.39100646972656,214.30499267578125,214.37899780273438,0,0.0,0.0
2026-04-13 09:30:00+01:00,214.37600708007812,214.4510040283203,214.33299255371094,214.37399291992188,0,0.0,0.0
2026-04-13 09:45:00+01:00,214.37399291992188,214.46099853515625,214.35699462890625,214.4499969482422,0,0.0,0.0
2026-04-13 10:00:00+01:00,214.44900512695312,214.51800537109375,214.41799926757812,214.42999267578125,0,0.0,0.0
2026-04-13 10:15:00+01:00,214.4320068359375,214.5,214.41400146484375,214.49400329589844,0,0.0,0.0
2026-04-13 10:30:00+01:00,214.48500061035156,214.53199768066406,214.43600463867188,214.48300170898438,0,0.0,0.0
2026-04-13 10:45:00+01:00,214.47900390625,214.5279998779297,214.45599365234375,214.50399780273438,0,0.0,0.0
2026-04-13 11:00:00+01:00,214.5,214.51600646972656,214.43299865722656,214.468994140625,0,0.0,0.0
2026-04-13 11:15:00+01:00,214.468994140625,214.47500610351562,214.38499450683594,214.4080047607422,0,0.0,0.0
2026-04-13 11:30:00+01:00,214.40199279785156,214.46800231933594,214.3939971923828,214.46499633789062,0,0.0,0.0
2026-04-13 11:45:00+01:00,214.45799255371094,214.5449981689453,214.45399475097656,214.531005859375,0,0.0,0.0
2026-04-13 12:00:00+01:00,214.53599548339844,214.60899353027344,214.51800537109375,214.6020050048828,0,0.0,0.0
2026-04-13 12:15:00+01:00,214.59800720214844,214.64100646972656,214.5800018310547,214.63699340820312,0,0.0,0.0
2026-04-13 12:30:00+01:00,214.63900756835938,214.69500732421875,214.58599853515625,214.6199951171875,0,0.0,0.0
2026-04-13 12:45:00+01:00,214.6230010986328,214.63900756835938,214.42799377441406,214.48199462890625,0,0.0,0.0
2026-04-13 13:00:00+01:00,214.48199462890625,214.53700256347656,214.43899536132812,214.5229949951172,0,0.0,0.0
2026-04-13 13:15:00+01:00,214.5240020751953,214.57000732421875,214.4949951171875,214.54200744628906,0,0.0,0.0
2026-04-13 13:30:00+01:00,214.54299926757812,214.5780029296875,214.4709930419922,214.53599548339844,0,0.0,0.0
2026-04-13 13:45:00+01:00,214.53399658203125,214.66200256347656,214.52999877929688,214.6219940185547,0,0.0,0.0
2026-04-13 14:00:00+01:00,214.6230010986328,214.72799682617188,214.60899353027344,214.71499633789062,0,0.0,0.0
2026-04-13 14:15:00+01:00,214.71600341796875,214.8300018310547,214.69700622558594,214.8070068359375,0,0.0,0.0
2026-04-13 14:30:00+01:00,214.80599975585938,214.87600708007812,214.7830047607422,214.83399963378906,0,0.0,0.0
2026-04-13 14:45:00+01:00,214.83399963378906,214.88099670410156,214.61599731445312,214.6179962158203,0,0.0,0.0
2026-04-13 15:00:00+01:00,214.6219940185547,214.73500061035156,214.55799865722656,214.7220001220703,0,0.0,0.0
2026-04-13 15:15:00+01:00,214.70399475097656,214.8679962158203,214.70399475097656,214.83599853515625,0,0.0,0.0
2026-04-13 15:30:00+01:00,214.83599853515625,214.8520050048828,214.7729949951172,214.80099487304688,0,0.0,0.0
2026-04-13 15:45:00+01:00,214.7949981689453,214.82400512695312,214.7239990234375,214.78799438476562,0,0.0,0.0
2026-04-13 16:00:00+01:00,214.78700256347656,214.88499450683594,214.73300170898438,214.8679962158203,0,0.0,0.0
2026-04-13 16:15:00+01:00,214.86599731445312,214.9340057373047,214.83200073242188,214.86900329589844,0,0.0,0.0
2026-04-13 16:30:00+01:00,214.85899353027344,214.9720001220703,214.82400512695312,214.94700622558594,0,0.0,0.0
2026-04-13 16:45:00+01:00,214.947998046875,214.98300170898438,214.91000366210938,214.97300720214844,0,0.0,0.0
2026-04-13 17:00:00+01:00,214.9810028076172,215.01100158691406,214.9250030517578,215.0030059814453,0,0.0,0.0
2026-04-13 17:15:00+01:00,215.0019989013672,215.02000427246094,214.95799255371094,215.00399780273438,0,0.0,0.0
2026-04-13 17:30:00+01:00,215.0050048828125,215.02999877929688,214.93499755859375,214.98800659179688,0,0.0,0.0
2026-04-13 17:45:00+01:00,214.98899841308594,215.0030059814453,214.89700317382812,214.9409942626953,0,0.0,0.0
2026-04-13 18:00:00+01:00,214.93499755859375,214.9530029296875,214.87600708007812,214.89999389648438,0,0.0,0.0
2026-04-13 18:15:00+01:00,214.8939971923828,214.95899963378906,214.88299560546875,214.94900512695312,0,0.0,0.0
2026-04-13 18:30:00+01:00,214.947998046875,215.02999877929688,214.94200134277344,215.00999450683594,0,0.0,0.0
2026-04-13 18:45:00+01:00,215.01400756835938,215.0469970703125,214.98500061035156,215.02000427246094,0,0.0,0.0
2026-04-13 19:00:00+01:00,215.01499938964844,215.03700256347656,214.92999267578125,214.94500732421875,0,0.0,0.0
2026-04-13 19:15:00+01:00,214.94700622558594,214.9709930419922,214.9239959716797,214.96200561523438,0,0.0,0.0
2026-04-13 19:30:00+01:00,214.9669952392578,215.11300659179688,214.96099853515625,215.0959930419922,0,0.0,0.0
2026-04-13 19:45:00+01:00,215.08299255371094,215.23300170898438,215.06500244140625,215.21099853515625,0,0.0,0.0
2026-04-13 20:00:00+01:00,215.20399475097656,215.21200561523438,215.1009979248047,215.1790008544922,0,0.0,0.0
2026-04-13 20:15:00+01:00,215.1790008544922,215.19900512695312,215.1490020751953,215.17300415039062,0,0.0,0.0
2026-04-13 20:30:00+01:00,215.16099548339844,215.19400024414062,215.15499877929688,215.18099975585938,0,0.0,0.0
2026-04-13 20:45:00+01:00,215.1739959716797,215.26300048828125,215.1580047607422,215.23699951171875,0,0.0,0.0
2026-04-13 21:00:00+01:00,215.24600219726562,215.33200073242188,215.24000549316406,215.29400634765625,0,0.0,0.0
2026-04-13 21:15:00+01:00,215.3040008544922,215.33999633789062,215.27699279785156,215.3209991455078,0,0.0,0.0
2026-04-13 21:30:00+01:00,215.3209991455078,215.322998046875,215.28199768066406,215.31300354003906,0,0.0,0.0
2026-04-13 21:45:00+01:00,215.30299377441406,215.3679962158203,215.2570037841797,215.3040008544922,0,0.0,0.0
2026-04-13 22:00:00+01:00,215.29100036621094,215.3070068359375,215.0959930419922,215.1840057373047,0,0.0,0.0
2026-04-13 22:15:00+01:00,215.16299438476562,215.2550048828125,215.03900146484375,215.13099670410156,0,0.0,0.0
2026-04-13 22:30:00+01:00,215.10499572753906,215.22999572753906,215.0780029296875,215.1739959716797,0,0.0,0.0
2026-04-13 22:45:00+01:00,215.16400146484375,215.24400329589844,215.0970001220703,215.11599731445312,0,0.0,0.0
2026-04-13 23:00:00+01:00,215.12100219726562,215.35800170898438,215.11900329589844,215.2689971923828,0,0.0,0.0
2026-04-13 23:15:00+01:00,215.30999755859375,215.33099365234375,215.24899291992188,215.31700134277344,0,0.0,0.0
2026-04-13 23:30:00+01:00,215.29100036621094,215.35299682617188,215.29100036621094,215.3209991455078,0,0.0,0.0
2026-04-13 23:45:00+01:00,215.30499267578125,215.32699584960938,215.2740020751953,215.31399536132812,0,0.0,0.0
2026-04-14 00:00:00+01:00,215.3159942626953,215.3260040283203,215.2480010986328,215.2949981689453,0,0.0,0.0
2026-04-14 00:15:00+01:00,215.2949981689453,215.3070068359375,215.16900634765625,215.1929931640625,0,0.0,0.0
2026-04-14 00:30:00+01:00,215.19400024414062,215.2050018310547,215.16700744628906,215.1820068359375,0,0.0,0.0
2026-04-14 00:45:00+01:00,215.1820068359375,215.20399475097656,215.13999938964844,215.18600463867188,0,0.0,0.0
2026-04-14 01:00:00+01:00,215.18899536132812,215.2530059814453,215.1179962158203,215.125,0,0.0,0.0
2026-04-14 01:15:00+01:00,215.1280059814453,215.17799377441406,215.08599853515625,215.1699981689453,0,0.0,0.0
2026-04-14 01:30:00+01:00,215.17100524902344,215.19500732421875,215.11300659179688,215.14599609375,0,0.0,0.0
2026-04-14 01:45:00+01:00,215.14599609375,215.16099548339844,215.04400634765625,215.0970001220703,0,0.0,0.0
2026-04-14 02:00:00+01:00,215.0989990234375,215.16000366210938,215.05099487304688,215.05599975585938,0,0.0,0.0
2026-04-14 02:15:00+01:00,215.05499267578125,215.07400512695312,214.91400146484375,214.91700744628906,0,0.0,0.0
2026-04-14 02:30:00+01:00,214.91799926757812,214.95799255371094,214.9010009765625,214.94400024414062,0,0.0,0.0
2026-04-14 02:45:00+01:00,214.9510040283203,215.04800415039062,214.92599487304688,215.0189971923828,0,0.0,0.0
2026-04-14 03:00:00+01:00,215.02099609375,215.07699584960938,215.00900268554688,215.03500366210938,0,0.0,0.0
2026-04-14 03:15:00+01:00,215.03500366210938,215.0800018310547,215.02000427246094,215.06900024414062,0,0.0,0.0
2026-04-14 03:30:00+01:00,215.06500244140625,215.07000732421875,215.01499938964844,215.02099609375,0,0.0,0.0
2026-04-14 03:45:00+01:00,215.02099609375,215.03900146484375,214.9239959716797,214.97799682617188,0,0.0,0.0
2026-04-14 04:00:00+01:00,214.9709930419922,214.98300170898438,214.906005859375,214.95399475097656,0,0.0,0.0
2026-04-14 04:15:00+01:00,214.9530029296875,214.98300170898438,214.94700622558594,214.9739990234375,0,0.0,0.0
2026-04-14 04:30:00+01:00,214.97300720214844,215.0240020751953,214.96099853515625,215.00599670410156,0,0.0,0.0
2026-04-14 04:45:00+01:00,215.0050048828125,215.04100036621094,214.9980010986328,215.03399658203125,0,0.0,0.0
2026-04-14 05:00:00+01:00,215.03199768066406,215.0659942626953,215.01100158691406,215.0229949951172,0,0.0,0.0
2026-04-14 05:15:00+01:00,215.0229949951172,215.04400634765625,214.9969940185547,215.02999877929688,0,0.0,0.0
2026-04-14 05:30:00+01:00,215.02999877929688,215.072998046875,214.99200439453125,214.99400329589844,0,0.0,0.0
2026-04-14 05:45:00+01:00,215.00100708007812,215.0290069580078,214.94200134277344,214.98599243164062,0,0.0,0.0
2026-04-14 06:00:00+01:00,214.98599243164062,215.0070037841797,214.91200256347656,214.95199584960938,0,0.0,0.0
2026-04-14 06:15:00+01:00,214.95199584960938,214.99899291992188,214.94400024414062,214.97500610351562,0,0.0,0.0
2026-04-14 06:30:00+01:00,214.98300170898438,215.04800415039062,214.97500610351562,215.0399932861328,0,0.0,0.0
2026-04-14 06:45:00+01:00,215.03700256347656,215.1230010986328,215.00599670410156,215.08900451660156,0,0.0,0.0
2026-04-14 07:00:00+01:00,215.08200073242188,215.23699951171875,215.08200073242188,215.1580047607422,0,0.0,0.0
2026-04-14 07:15:00+01:00,215.14999389648438,215.2469940185547,215.14199829101562,215.2010040283203,0,0.0,0.0
2026-04-14 07:30:00+01:00,215.1959991455078,215.25399780273438,215.16600036621094,215.23199462890625,0,0.0,0.0
2026-04-14 07:45:00+01:00,215.23899841308594,215.322998046875,215.19000244140625,215.20799255371094,0,0.0,0.0
2026-04-14 08:00:00+01:00,215.21499633789062,215.26300048828125,215.1490020751953,215.1929931640625,0,0.0,0.0
2026-04-14 08:15:00+01:00,215.1929931640625,215.2689971923828,215.16000366210938,215.25100708007812,0,0.0,0.0
2026-04-14 08:30:00+01:00,215.25399780273438,215.28500366210938,215.15899658203125,215.19900512695312,0,0.0,0.0
2026-04-14 08:45:00+01:00,215.19900512695312,215.28199768066406,215.177001953125,215.24200439453125,0,0.0,0.0
2026-04-14 09:00:00+01:00,215.24000549316406,215.2729949951172,215.1909942626953,215.23699951171875,0,0.0,0.0
2026-04-14 09:15:00+01:00,215.22999572753906,215.3520050048828,215.22000122070312,215.3040008544922,0,0.0,0.0
2026-04-14 09:30:00+01:00,215.30799865722656,215.37399291992188,215.302001953125,215.3280029296875,0,0.0,0.0
2026-04-14 09:45:00+01:00,215.33999633789062,215.3509979248047,215.20799255371094,215.3280029296875,0,0.0,0.0
2026-04-14 10:00:00+01:00,215.32899475097656,215.47799682617188,215.22300720214844,215.22500610351562,0,0.0,0.0
2026-04-14 10:15:00+01:00,215.22500610351562,215.2760009765625,215.08799743652344,215.1320037841797,0,0.0,0.0
2026-04-14 10:30:00+01:00,215.1320037841797,215.27699279785156,215.11099243164062,215.24400329589844,0,0.0,0.0
2026-04-14 10:45:00+01:00,215.24400329589844,215.30599975585938,215.21299743652344,215.28599548339844,0,0.0,0.0
2026-04-14 11:00:00+01:00,215.281005859375,215.31700134277344,215.22300720214844,215.23599243164062,0,0.0,0.0
2026-04-14 11:15:00+01:00,215.23500061035156,215.26699829101562,215.1719970703125,215.22300720214844,0,0.0,0.0
2026-04-14 11:30:00+01:00,215.22300720214844,215.2830047607422,215.19500732421875,215.26199340820312,0,0.0,0.0
2026-04-14 11:45:00+01:00,215.25900268554688,215.406005859375,215.24600219726562,215.3509979248047,0,0.0,0.0
2026-04-14 12:00:00+01:00,215.3560028076172,215.45799255371094,215.33999633789062,215.43699645996094,0,0.0,0.0
2026-04-14 12:15:00+01:00,215.43699645996094,215.51100158691406,215.38900756835938,215.49099731445312,0,0.0,0.0
2026-04-14 12:30:00+01:00,215.48599243164062,215.52099609375,215.41700744628906,215.50799560546875,0,0.0,0.0
2026-04-14 12:45:00+01:00,215.51100158691406,215.54400634765625,215.4250030517578,215.47799682617188,0,0.0,0.0
2026-04-14 13:00:00+01:00,215.47999572753906,215.593994140625,215.4510040283203,215.57699584960938,0,0.0,0.0
2026-04-14 13:15:00+01:00,215.58399963378906,215.6929931640625,215.56900024414062,215.5989990234375,0,0.0,0.0
2026-04-14 13:30:00+01:00,215.6510009765625,215.6840057373047,215.55499267578125,215.6320037841797,0,0.0,0.0
2026-04-14 13:45:00+01:00,215.6230010986328,215.6750030517578,215.6060028076172,215.63499450683594,0,0.0,0.0
2026-04-14 14:00:00+01:00,215.63900756835938,215.64999389648438,215.5500030517578,215.55799865722656,0,0.0,0.0
2026-04-14 14:15:00+01:00,215.55299377441406,215.6300048828125,215.5229949951172,215.572998046875,0,0.0,0.0
2026-04-14 14:30:00+01:00,215.57400512695312,215.69500732421875,215.57000732421875,215.63600158691406,0,0.0,0.0
2026-04-14 14:45:00+01:00,215.63600158691406,215.78199768066406,215.61099243164062,215.76699829101562,0,0.0,0.0
2026-04-14 15:00:00+01:00,215.77000427246094,215.77699279785156,215.46400451660156,215.4969940185547,0,0.0,0.0
2026-04-14 15:15:00+01:00,215.49600219726562,215.56199645996094,215.4770050048828,215.49000549316406,0,0.0,0.0
2026-04-14 15:30:00+01:00,215.49000549316406,215.5760040283203,215.45700073242188,215.56900024414062,0,0.0,0.0
2026-04-14 15:45:00+01:00,215.56199645996094,215.69000244140625,215.52200317382812,215.68299865722656,0,0.0,0.0
2026-04-14 16:00:00+01:00,215.68299865722656,215.71299743652344,215.5469970703125,215.55999755859375,0,0.0,0.0
2026-04-14 16:15:00+01:00,215.55999755859375,215.60400390625,215.4709930419922,215.47999572753906,0,0.0,0.0
2026-04-14 16:30:00+01:00,215.4810028076172,215.5240020751953,215.4320068359375,215.48599243164062,0,0.0,0.0
2026-04-14 16:45:00+01:00,215.48599243164062,215.56500244140625,215.4600067138672,215.5019989013672,0,0.0,0.0
2026-04-14 17:00:00+01:00,215.49400329589844,215.5240020751953,215.42999267578125,215.4499969482422,0,0.0,0.0
2026-04-14 17:15:00+01:00,215.45399475097656,215.51400756835938,215.44500732421875,215.4739990234375,0,0.0,0.0
2026-04-14 17:30:00+01:00,215.4709930419922,215.4969940185547,215.44700622558594,215.4669952392578,0,0.0,0.0
2026-04-14 17:45:00+01:00,215.46600341796875,215.5019989013672,215.4499969482422,215.4969940185547,0,0.0,0.0
2026-04-14 18:00:00+01:00,215.48300170898438,215.53599548339844,215.4600067138672,215.4720001220703,0,0.0,0.0
2026-04-14 18:15:00+01:00,215.4759979248047,215.5019989013672,215.43099975585938,215.44900512695312,0,0.0,0.0
2026-04-14 18:30:00+01:00,215.44700622558594,215.45399475097656,215.3780059814453,215.39599609375,0,0.0,0.0
2026-04-14 18:45:00+01:00,215.3939971923828,215.43099975585938,215.38499450683594,215.40499877929688,0,0.0,0.0
2026-04-14 19:00:00+01:00,215.40199279785156,215.40899658203125,215.32899475097656,215.36099243164062,0,0.0,0.0
2026-04-14 19:15:00+01:00,215.36199951171875,215.4080047607422,215.33900451660156,215.3979949951172,0,0.0,0.0
2026-04-14 19:30:00+01:00,215.4029998779297,215.43800354003906,215.38600158691406,215.3979949951172,0,0.0,0.0
2026-04-14 19:45:00+01:00,215.39700317382812,215.4239959716797,215.36500549316406,215.39599609375,0,0.0,0.0
2026-04-14 20:00:00+01:00,215.4029998779297,215.46400451660156,215.38499450683594,215.4429931640625,0,0.0,0.0
2026-04-14 20:15:00+01:00,215.4429931640625,215.51400756835938,215.43800354003906,215.49400329589844,0,0.0,0.0
2026-04-14 20:30:00+01:00,215.49600219726562,215.52999877929688,215.46499633789062,215.5,0,0.0,0.0
2026-04-14 20:45:00+01:00,215.4969940185547,215.5019989013672,215.43899536132812,215.46299743652344,0,0.0,0.0
2026-04-14 21:00:00+01:00,215.44700622558594,215.52499389648438,215.4459991455078,215.4969940185547,0,0.0,0.0
2026-04-14 21:15:00+01:00,215.48899841308594,215.5050048828125,215.4550018310547,215.4759979248047,0,0.0,0.0
2026-04-14 21:30:00+01:00,215.48599243164062,215.4929962158203,215.4550018310547,215.4739990234375,0,0.0,0.0
2026-04-14 21:45:00+01:00,215.4739990234375,215.51100158691406,215.33099365234375,215.37100219726562,0,0.0,0.0
2026-04-14 22:00:00+01:00,215.32699584960938,215.49400329589844,215.32699584960938,215.4219970703125,0,0.0,0.0
2026-04-14 22:15:00+01:00,215.4199981689453,215.4709930419922,215.32400512695312,215.3509979248047,0,0.0,0.0
2026-04-14 22:30:00+01:00,215.34100341796875,215.47300720214844,215.3070068359375,215.37899780273438,0,0.0,0.0
2026-04-14 22:45:00+01:00,215.36900329589844,215.47900390625,215.32200622558594,215.35400390625,0,0.0,0.0
2026-04-14 23:00:00+01:00,215.38400268554688,215.63699340820312,215.33700561523438,215.4340057373047,0,0.0,0.0
2026-04-14 23:15:00+01:00,215.44400024414062,215.48199462890625,215.3699951171875,215.41200256347656,0,0.0,0.0
2026-04-14 23:30:00+01:00,215.4459991455078,215.4759979248047,215.41200256347656,215.44000244140625,0,0.0,0.0
2026-04-14 23:45:00+01:00,215.46099853515625,215.50599670410156,215.43699645996094,215.47999572753906,0,0.0,0.0
2026-04-15 00:00:00+01:00,215.48399353027344,215.56900024414062,215.4810028076172,215.56300354003906,0,0.0,0.0
2026-04-15 00:15:00+01:00,215.5500030517578,215.58599853515625,215.51300048828125,215.58099365234375,0,0.0,0.0
2026-04-15 00:30:00+01:00,215.58099365234375,215.6269989013672,215.53700256347656,215.59800720214844,0,0.0,0.0
2026-04-15 00:45:00+01:00,215.59800720214844,215.63299560546875,215.5500030517578,215.56300354003906,0,0.0,0.0
2026-04-15 01:00:00+01:00,215.56300354003906,215.58999633789062,215.4720001220703,215.58399963378906,0,0.0,0.0
2026-04-15 01:15:00+01:00,215.58299255371094,215.60299682617188,215.5500030517578,215.57400512695312,0,0.0,0.0
2026-04-15 01:30:00+01:00,215.56900024414062,215.57699584960938,215.4709930419922,215.5050048828125,0,0.0,0.0
2026-04-15 01:45:00+01:00,215.50599670410156,215.60000610351562,215.46400451660156,215.56100463867188,0,0.0,0.0
2026-04-15 02:00:00+01:00,215.56199645996094,215.72300720214844,215.55299377441406,215.69000244140625,0,0.0,0.0
2026-04-15 02:15:00+01:00,215.68699645996094,215.73599243164062,215.59100341796875,215.61399841308594,0,0.0,0.0
2026-04-15 02:30:00+01:00,215.61199951171875,215.70599365234375,215.60299682617188,215.67999267578125,0,0.0,0.0
2026-04-15 02:45:00+01:00,215.67599487304688,215.7030029296875,215.60899353027344,215.6179962158203,0,0.0,0.0
2026-04-15 03:00:00+01:00,215.6179962158203,215.67999267578125,215.5749969482422,215.5989990234375,0,0.0,0.0
2026-04-15 03:15:00+01:00,215.59300231933594,215.63099670410156,215.5540008544922,215.58900451660156,0,0.0,0.0
2026-04-15 03:30:00+01:00,215.58999633789062,215.71499633789062,215.56399536132812,215.6959991455078,0,0.0,0.0
2026-04-15 03:45:00+01:00,215.69900512695312,215.71400451660156,215.63099670410156,215.64100646972656,0,0.0,0.0
2026-04-15 04:00:00+01:00,215.64100646972656,215.6540069580078,215.5989990234375,215.61700439453125,0,0.0,0.0
2026-04-15 04:15:00+01:00,215.61599731445312,215.6580047607422,215.60499572753906,215.62399291992188,0,0.0,0.0
2026-04-15 04:30:00+01:00,215.625,215.66299438476562,215.60800170898438,215.61300659179688,0,0.0,0.0
2026-04-15 04:45:00+01:00,215.61599731445312,215.71200561523438,215.6020050048828,215.66600036621094,0,0.0,0.0
2026-04-15 05:00:00+01:00,215.6649932861328,215.6909942626953,215.64700317382812,215.65699768066406,0,0.0,0.0
2026-04-15 05:15:00+01:00,215.65699768066406,215.6699981689453,215.63499450683594,215.65899658203125,0,0.0,0.0
2026-04-15 05:30:00+01:00,215.6529998779297,215.67999267578125,215.64999389648438,215.6719970703125,0,0.0,0.0
2026-04-15 05:45:00+01:00,215.67300415039062,215.71499633789062,215.66299438476562,215.69200134277344,0,0.0,0.0
2026-04-15 06:00:00+01:00,215.6959991455078,215.75799560546875,215.6790008544922,215.74000549316406,0,0.0,0.0
2026-04-15 06:15:00+01:00,215.74000549316406,215.7830047607422,215.67799377441406,215.67799377441406,0,0.0,0.0
2026-04-15 06:30:00+01:00,215.67799377441406,215.68600463867188,215.5800018310547,215.67100524902344,0,0.0,0.0
2026-04-15 06:45:00+01:00,215.66700744628906,215.70399475097656,215.5800018310547,215.6320037841797,0,0.0,0.0
2026-04-15 07:00:00+01:00,215.6269989013672,215.68499755859375,215.51499938964844,215.6020050048828,0,0.0,0.0
2026-04-15 07:15:00+01:00,215.60699462890625,215.64700317382812,215.55999755859375,215.62399291992188,0,0.0,0.0
2026-04-15 07:30:00+01:00,215.6230010986328,215.66700744628906,215.60299682617188,215.61300659179688,0,0.0,0.0
2026-04-15 07:45:00+01:00,215.61300659179688,215.66099548339844,215.50900268554688,215.62399291992188,0,0.0,0.0
2026-04-15 08:00:00+01:00,215.6219940185547,215.69400024414062,215.5679931640625,215.58399963378906,0,0.0,0.0
2026-04-15 08:15:00+01:00,215.58299255371094,215.6060028076172,215.46499633789062,215.55299377441406,0,0.0,0.0
2026-04-15 08:30:00+01:00,215.552001953125,215.5749969482422,215.48199462890625,215.55799865722656,0,0.0,0.0
2026-04-15 08:45:00+01:00,215.55099487304688,215.59800720214844,215.46800231933594,215.50399780273438,0,0.0,0.0
2026-04-15 09:00:00+01:00,215.5030059814453,215.50599670410156,215.25799560546875,215.32699584960938,0,0.0,0.0
2026-04-15 09:15:00+01:00,215.322998046875,215.3350067138672,215.1820068359375,215.31700134277344,0,0.0,0.0
2026-04-15 09:30:00+01:00,215.3159942626953,215.3780059814453,215.2530059814453,215.26199340820312,0,0.0,0.0
2026-04-15 09:45:00+01:00,215.25900268554688,215.3820037841797,215.24899291992188,215.3520050048828,0,0.0,0.0
2026-04-15 10:00:00+01:00,215.35000610351562,215.41299438476562,215.2830047607422,215.33700561523438,0,0.0,0.0
2026-04-15 10:15:00+01:00,215.33900451660156,215.35000610351562,215.24200439453125,215.2989959716797,0,0.0,0.0
2026-04-15 10:30:00+01:00,215.29100036621094,215.38099670410156,215.28500366210938,215.30299377441406,0,0.0,0.0
2026-04-15 10:45:00+01:00,215.31199645996094,215.42799377441406,215.28199768066406,215.40699768066406,0,0.0,0.0
2026-04-15 11:00:00+01:00,215.40699768066406,215.41200256347656,215.28900146484375,215.3800048828125,0,0.0,0.0
2026-04-15 11:15:00+01:00,215.37899780273438,215.44400024414062,215.35699462890625,215.3979949951172,0,0.0,0.0
2026-04-15 11:30:00+01:00,215.3979949951172,215.4239959716797,215.36199951171875,215.40199279785156,0,0.0,0.0
2026-04-15 11:45:00+01:00,215.40199279785156,215.48199462890625,215.36399841308594,215.36399841308594,0,0.0,0.0
2026-04-15 12:00:00+01:00,215.36500549316406,215.41900634765625,215.33200073242188,215.39999389648438,0,0.0,0.0
2026-04-15 12:15:00+01:00,215.39999389648438,215.41600036621094,215.30499267578125,215.33999633789062,0,0.0,0.0
2026-04-15 12:30:00+01:00,215.33799743652344,215.41900634765625,215.3159942626953,215.3979949951172,0,0.0,0.0
2026-04-15 12:45:00+01:00,215.39700317382812,215.5749969482422,215.39599609375,215.54800415039062,0,0.0,0.0
2026-04-15 13:00:00+01:00,215.54299926757812,215.61000061035156,215.52699279785156,215.6060028076172,0,0.0,0.0
2026-04-15 13:15:00+01:00,215.60699462890625,215.67300415039062,215.5989990234375,215.61599731445312,0,0.0,0.0
2026-04-15 13:30:00+01:00,215.61399841308594,215.6540069580078,215.5800018310547,215.58299255371094,0,0.0,0.0
2026-04-15 13:45:00+01:00,215.58299255371094,215.6790008544922,215.5399932861328,215.66299438476562,0,0.0,0.0
2026-04-15 14:00:00+01:00,215.65899658203125,215.72900390625,215.60699462890625,215.6750030517578,0,0.0,0.0
2026-04-15 14:15:00+01:00,215.6739959716797,215.74899291992188,215.6490020751953,215.66799926757812,0,0.0,0.0
2026-04-15 14:30:00+01:00,215.6649932861328,215.68800354003906,215.6230010986328,215.62899780273438,0,0.0,0.0
2026-04-15 14:45:00+01:00,215.6280059814453,215.6719970703125,215.56700134277344,215.5850067138672,0,0.0,0.0
2026-04-15 15:00:00+01:00,215.58999633789062,215.7239990234375,215.5540008544922,215.70899963378906,0,0.0,0.0
2026-04-15 15:15:00+01:00,215.70799255371094,215.81199645996094,215.69500732421875,215.76600646972656,0,0.0,0.0
2026-04-15 15:30:00+01:00,215.76499938964844,215.7969970703125,215.73699951171875,215.7790069580078,0,0.0,0.0
2026-04-15 15:45:00+01:00,215.7779998779297,215.82200622558594,215.697998046875,215.7169952392578,0,0.0,0.0
2026-04-15 16:00:00+01:00,215.7169952392578,215.79800415039062,215.66799926757812,215.78900146484375,0,0.0,0.0
2026-04-15 16:15:00+01:00,215.78900146484375,215.8000030517578,215.697998046875,215.7209930419922,0,0.0,0.0
2026-04-15 16:30:00+01:00,215.71400451660156,215.77699279785156,215.67999267578125,215.74400329589844,0,0.0,0.0
2026-04-15 16:45:00+01:00,215.75100708007812,215.7779998779297,215.656005859375,215.7519989013672,0,0.0,0.0
2026-04-15 17:00:00+01:00,215.74099731445312,215.82699584960938,215.72300720214844,215.72900390625,0,0.0,0.0
2026-04-15 17:15:00+01:00,215.72900390625,215.74400329589844,215.4720001220703,215.50900268554688,0,0.0,0.0
2026-04-15 17:30:00+01:00,215.50900268554688,215.60699462890625,215.49400329589844,215.5959930419922,0,0.0,0.0
2026-04-15 17:45:00+01:00,215.59500122070312,215.66000366210938,215.57000732421875,215.64599609375,0,0.0,0.0
2026-04-15 18:00:00+01:00,215.64300537109375,215.73500061035156,215.63299560546875,215.68099975585938,0,0.0,0.0
2026-04-15 18:15:00+01:00,215.68099975585938,215.76499938964844,215.68099975585938,215.7469940185547,0,0.0,0.0
2026-04-15 18:30:00+01:00,215.74200439453125,215.8260040283203,215.71600341796875,215.78399658203125,0,0.0,0.0
2026-04-15 18:45:00+01:00,215.77099609375,215.9029998779297,215.77099609375,215.89300537109375,0,0.0,0.0
2026-04-15 19:00:00+01:00,215.88800048828125,215.90199279785156,215.8300018310547,215.8520050048828,0,0.0,0.0
2026-04-15 19:15:00+01:00,215.85499572753906,215.89100646972656,215.83599853515625,215.85699462890625,0,0.0,0.0
2026-04-15 19:30:00+01:00,215.85800170898438,215.87600708007812,215.79299926757812,215.8280029296875,0,0.0,0.0
2026-04-15 19:45:00+01:00,215.82899475097656,215.8780059814453,215.8159942626953,215.85800170898438,0,0.0,0.0
2026-04-15 20:00:00+01:00,215.8509979248047,215.875,215.74899291992188,215.75900268554688,0,0.0,0.0
2026-04-15 20:15:00+01:00,215.75900268554688,215.7949981689453,215.7429962158203,215.7729949951172,0,0.0,0.0
2026-04-15 20:30:00+01:00,215.7729949951172,215.78799438476562,215.73199462890625,215.75399780273438,0,0.0,0.0
2026-04-15 20:45:00+01:00,215.7530059814453,215.75799560546875,215.71400451660156,215.72999572753906,0,0.0,0.0
2026-04-15 21:00:00+01:00,215.72999572753906,215.74000549316406,215.6699981689453,215.6790008544922,0,0.0,0.0
2026-04-15 21:15:00+01:00,215.6790008544922,215.6820068359375,215.5850067138672,215.61000061035156,0,0.0,0.0
2026-04-15 21:30:00+01:00,215.6009979248047,215.6280059814453,215.54299926757812,215.6009979248047,0,0.0,0.0
2026-04-15 21:45:00+01:00,215.5970001220703,215.64199829101562,215.49400329589844,215.63600158691406,0,0.0,0.0
2026-04-15 22:00:00+01:00,215.50999450683594,215.70199584960938,215.50999450683594,215.55799865722656,0,0.0,0.0
2026-04-15 22:15:00+01:00,215.5590057373047,215.70700073242188,215.51100158691406,215.5449981689453,0,0.0,0.0
2026-04-15 22:30:00+01:00,215.5489959716797,215.60899353027344,215.36700439453125,215.52999877929688,0,0.0,0.0
2026-04-15 22:45:00+01:00,215.531005859375,215.58900451660156,215.4550018310547,215.46800231933594,0,0.0,0.0
2026-04-15 23:00:00+01:00,215.49200439453125,215.55299377441406,215.39999389648438,215.50999450683594,0,0.0,0.0
2026-04-15 23:15:00+01:00,215.47500610351562,215.5449981689453,215.46299743652344,215.51699829101562,0,0.0,0.0
2026-04-15 23:30:00+01:00,215.48800659179688,215.5540008544922,215.48699951171875,215.53399658203125,0,0.0,0.0
2026-04-15 23:45:00+01:00,215.53399658203125,215.5500030517578,215.4770050048828,215.53500366210938,0,0.0,0.0
2026-04-16 00:00:00+01:00,215.53900146484375,215.54299926757812,215.4550018310547,215.51199340820312,0,0.0,0.0
2026-04-16 00:15:00+01:00,215.51199340820312,215.5469970703125,215.4720001220703,215.5279998779297,0,0.0,0.0
2026-04-16 00:30:00+01:00,215.51400756835938,215.58700561523438,215.51300048828125,215.56700134277344,0,0.0,0.0
2026-04-16 00:45:00+01:00,215.5489959716797,215.57200622558594,215.5279998779297,215.5500030517578,0,0.0,0.0
2026-04-16 01:00:00+01:00,215.54400634765625,215.57000732421875,215.42799377441406,215.45799255371094,0,0.0,0.0
2026-04-16 01:15:00+01:00,215.46499633789062,215.5189971923828,215.4429931640625,215.4770050048828,0,0.0,0.0
2026-04-16 01:30:00+01:00,215.4759979248047,215.5030059814453,215.43899536132812,215.4550018310547,0,0.0,0.0
2026-04-16 01:45:00+01:00,215.45599365234375,215.49000549316406,215.40199279785156,215.4499969482422,0,0.0,0.0
2026-04-16 02:00:00+01:00,215.4510040283203,215.46099853515625,215.39500427246094,215.42100524902344,0,0.0,0.0
2026-04-16 02:15:00+01:00,215.42300415039062,215.4409942626953,215.3730010986328,215.41900634765625,0,0.0,0.0
2026-04-16 02:30:00+01:00,215.41799926757812,215.45799255371094,215.35899353027344,215.44900512695312,0,0.0,0.0
2026-04-16 02:45:00+01:00,215.44900512695312,215.45700073242188,215.3520050048828,215.3979949951172,0,0.0,0.0
2026-04-16 03:00:00+01:00,215.39500427246094,215.47300720214844,215.39100646972656,215.4499969482422,0,0.0,0.0
2026-04-16 03:15:00+01:00,215.4459991455078,215.52000427246094,215.43299865722656,215.49600219726562,0,0.0,0.0
2026-04-16 03:30:00+01:00,215.4949951171875,215.5709991455078,215.43699645996094,215.5570068359375,0,0.0,0.0
2026-04-16 03:45:00+01:00,215.5570068359375,215.57000732421875,215.34100341796875,215.34800720214844,0,0.0,0.0
2026-04-16 04:00:00+01:00,215.35699462890625,215.35899353027344,215.11099243164062,215.23800659179688,0,0.0,0.0
2026-04-16 04:15:00+01:00,215.2550048828125,215.36399841308594,215.20199584960938,215.3209991455078,0,0.0,0.0
2026-04-16 04:30:00+01:00,215.33099365234375,215.4709930419922,215.3000030517578,215.44700622558594,0,0.0,0.0
2026-04-16 04:45:00+01:00,215.44400024414062,215.50100708007812,215.39500427246094,215.49400329589844,0,0.0,0.0
2026-04-16 05:00:00+01:00,215.49200439453125,215.54100036621094,215.44200134277344,215.5,0,0.0,0.0
2026-04-16 05:15:00+01:00,215.49400329589844,215.55499267578125,215.468994140625,215.48599243164062,0,0.0,0.0
2026-04-16 05:30:00+01:00,215.47999572753906,215.52200317382812,215.44500732421875,215.4969940185547,0,0.0,0.0
2026-04-16 05:45:00+01:00,215.4980010986328,215.50399780273438,215.4459991455078,215.4739990234375,0,0.0,0.0
2026-04-16 06:00:00+01:00,215.47000122070312,215.48899841308594,215.41400146484375,215.4409942626953,0,0.0,0.0
2026-04-16 06:15:00+01:00,215.4409942626953,215.47500610351562,215.3459930419922,215.4600067138672,0,0.0,0.0
2026-04-16 06:30:00+01:00,215.46099853515625,215.54400634765625,215.4510040283203,215.50900268554688,0,0.0,0.0
2026-04-16 06:45:00+01:00,215.51199340820312,215.5679931640625,215.47500610351562,215.5570068359375,0,0.0,0.0
2026-04-16 07:00:00+01:00,215.5570068359375,215.718994140625,215.55599975585938,215.70599365234375,0,0.0,0.0
2026-04-16 07:15:00+01:00,215.70399475097656,215.7169952392578,215.572998046875,215.61099243164062,0,0.0,0.0
2026-04-16 07:30:00+01:00,215.60899353027344,215.63699340820312,215.51300048828125,215.5330047607422,0,0.0,0.0
2026-04-16 07:45:00+01:00,215.5330047607422,215.57200622558594,215.48300170898438,215.56700134277344,0,0.0,0.0
2026-04-16 08:00:00+01:00,215.57000732421875,215.63099670410156,215.5019989013672,215.52099609375,0,0.0,0.0
2026-04-16 08:15:00+01:00,215.5229949951172,215.5590057373047,215.46400451660156,215.49099731445312,0,0.0,0.0
2026-04-16 08:30:00+01:00,215.49200439453125,215.49200439453125,215.40699768066406,215.43600463867188,0,0.0,0.0
2026-04-16 08:45:00+01:00,215.43600463867188,215.4770050048828,215.3769989013672,215.3939971923828,0,0.0,0.0
2026-04-16 09:00:00+01:00,215.38999938964844,215.4969940185547,215.37899780273438,215.45199584960938,0,0.0,0.0
2026-04-16 09:15:00+01:00,215.45599365234375,215.5240020751953,215.43800354003906,215.52200317382812,0,0.0,0.0
2026-04-16 09:30:00+01:00,215.52200317382812,215.55799865722656,215.48300170898438,215.51499938964844,0,0.0,0.0
2026-04-16 09:45:00+01:00,215.5,215.54100036621094,215.38299560546875,215.40699768066406,0,0.0,0.0
2026-04-16 10:00:00+01:00,215.4250030517578,215.46400451660156,215.4010009765625,215.41299438476562,0,0.0,0.0
2026-04-16 10:15:00+01:00,215.40699768066406,215.41600036621094,215.2989959716797,215.30499267578125,0,0.0,0.0
2026-04-16 10:30:00+01:00,215.30499267578125,215.34500122070312,215.2689971923828,215.2790069580078,0,0.0,0.0
2026-04-16 10:45:00+01:00,215.27499389648438,215.3699951171875,215.2550048828125,215.31399536132812,0,0.0,0.0
2026-04-16 11:00:00+01:00,215.2969970703125,215.3260040283203,215.23500061035156,215.3070068359375,0,0.0,0.0
2026-04-16 11:15:00+01:00,215.3070068359375,215.33599853515625,215.2480010986328,215.3260040283203,0,0.0,0.0
2026-04-16 11:30:00+01:00,215.32400512695312,215.37600708007812,215.29400634765625,215.35000610351562,0,0.0,0.0
2026-04-16 11:45:00+01:00,215.3520050048828,215.3979949951172,215.3179931640625,215.36900329589844,0,0.0,0.0
2026-04-16 12:00:00+01:00,215.3679962158203,215.4149932861328,215.31900024414062,215.3520050048828,0,0.0,0.0
2026-04-16 12:15:00+01:00,215.3520050048828,215.38699340820312,215.2830047607422,215.3159942626953,0,0.0,0.0
2026-04-16 12:30:00+01:00,215.3159942626953,215.35299682617188,215.28199768066406,215.31399536132812,0,0.0,0.0
2026-04-16 12:45:00+01:00,215.322998046875,215.3820037841797,215.29600524902344,215.33200073242188,0,0.0,0.0
2026-04-16 13:00:00+01:00,215.33099365234375,215.38699340820312,215.2519989013672,215.36199951171875,0,0.0,0.0
2026-04-16 13:15:00+01:00,215.36900329589844,215.4459991455078,215.33799743652344,215.38600158691406,0,0.0,0.0
2026-04-16 13:30:00+01:00,215.41799926757812,215.50100708007812,215.32400512695312,215.5,0,0.0,0.0
2026-04-16 13:45:00+01:00,215.4929962158203,215.55799865722656,215.48300170898438,215.54100036621094,0,0.0,0.0
2026-04-16 14:00:00+01:00,215.5399932861328,215.56500244140625,215.45799255371094,215.48800659179688,0,0.0,0.0
2026-04-16 14:15:00+01:00,215.49099731445312,215.5050048828125,215.39700317382812,215.44900512695312,0,0.0,0.0
2026-04-16 14:30:00+01:00,215.45199584960938,215.57699584960938,215.43699645996094,215.5189971923828,0,0.0,0.0
2026-04-16 14:45:00+01:00,215.51199340820312,215.6439971923828,215.47500610351562,215.60299682617188,0,0.0,0.0
2026-04-16 15:00:00+01:00,215.60400390625,215.62100219726562,215.51199340820312,215.54299926757812,0,0.0,0.0
2026-04-16 15:15:00+01:00,215.54100036621094,215.54800415039062,215.1719970703125,215.19900512695312,0,0.0,0.0
2026-04-16 15:30:00+01:00,215.20899963378906,215.34100341796875,215.17999267578125,215.3000030517578,0,0.0,0.0
2026-04-16 15:45:00+01:00,215.30499267578125,215.36300659179688,215.156005859375,215.3459930419922,0,0.0,0.0
2026-04-16 16:00:00+01:00,215.34300231933594,215.45399475097656,215.28199768066406,215.4010009765625,0,0.0,0.0
2026-04-16 16:15:00+01:00,215.3979949951172,215.43299865722656,215.32000732421875,215.3280029296875,0,0.0,0.0
2026-04-16 16:30:00+01:00,215.31900024414062,215.4149932861328,215.3000030517578,215.37100219726562,0,0.0,0.0
2026-04-16 16:45:00+01:00,215.3679962158203,215.39999389648438,215.30799865722656,215.35299682617188,0,0.0,0.0
2026-04-16 17:00:00+01:00,215.3509979248047,215.37399291992188,215.3179931640625,215.3560028076172,0,0.0,0.0
2026-04-16 17:15:00+01:00,215.3560028076172,215.40899658203125,215.33999633789062,215.36700439453125,0,0.0,0.0
2026-04-16 17:30:00+01:00,215.36300659179688,215.4080047607422,215.3260040283203,215.3489990234375,0,0.0,0.0
2026-04-16 17:45:00+01:00,215.3489990234375,215.375,215.29800415039062,215.34100341796875,0,0.0,0.0
2026-04-16 18:00:00+01:00,215.34300231933594,215.3979949951172,215.33200073242188,215.36099243164062,0,0.0,0.0
2026-04-16 18:15:00+01:00,215.3560028076172,215.45799255371094,215.35299682617188,215.41400146484375,0,0.0,0.0
2026-04-16 18:30:00+01:00,215.41200256347656,215.44000244140625,215.39100646972656,215.40899658203125,0,0.0,0.0
2026-04-16 18:45:00+01:00,215.41099548339844,215.43800354003906,215.343994140625,215.38499450683594,0,0.0,0.0
2026-04-16 19:00:00+01:00,215.38499450683594,215.41900634765625,215.33700561523438,215.36099243164062,0,0.0,0.0
2026-04-16 19:15:00+01:00,215.36700439453125,215.41900634765625,215.35000610351562,215.37600708007812,0,0.0,0.0
2026-04-16 19:30:00+01:00,215.36199951171875,215.45599365234375,215.36199951171875,215.42599487304688,0,0.0,0.0
2026-04-16 19:45:00+01:00,215.4239959716797,215.46299743652344,215.41700744628906,215.43699645996094,0,0.0,0.0
2026-04-16 20:00:00+01:00,215.43600463867188,215.45599365234375,215.4010009765625,215.4199981689453,0,0.0,0.0
2026-04-16 20:15:00+01:00,215.42100524902344,215.42599487304688,215.3280029296875,215.33299255371094,0,0.0,0.0
2026-04-16 20:30:00+01:00,215.33099365234375,215.34500122070312,215.29100036621094,215.31700134277344,0,0.0,0.0
2026-04-16 20:45:00+01:00,215.31700134277344,215.3509979248047,215.27099609375,215.3470001220703,0,0.0,0.0
2026-04-16 21:00:00+01:00,215.343994140625,215.36099243164062,215.302001953125,215.32899475097656,0,0.0,0.0
2026-04-16 21:15:00+01:00,215.3209991455078,215.33799743652344,215.25100708007812,215.26499938964844,0,0.0,0.0
2026-04-16 21:30:00+01:00,215.26199340820312,215.33700561523438,215.2519989013672,215.3159942626953,0,0.0,0.0
2026-04-16 21:45:00+01:00,215.3159942626953,215.3260040283203,215.21099853515625,215.2740020751953,0,0.0,0.0
2026-04-16 22:00:00+01:00,215.2209930419922,215.4459991455078,215.21200561523438,215.22999572753906,0,0.0,0.0
2026-04-16 22:15:00+01:00,215.2239990234375,215.36399841308594,215.12600708007812,215.1999969482422,0,0.0,0.0
2026-04-16 22:30:00+01:00,215.1750030517578,215.28500366210938,215.12399291992188,215.2050018310547,0,0.0,0.0
2026-04-16 22:45:00+01:00,215.2100067138672,215.3489990234375,215.1790008544922,215.1999969482422,0,0.0,0.0
2026-04-16 23:00:00+01:00,215.20199584960938,215.2779998779297,215.11399841308594,215.2519989013672,0,0.0,0.0
2026-04-16 23:15:00+01:00,215.2530059814453,215.2760009765625,215.197998046875,215.23599243164062,0,0.0,0.0
2026-04-16 23:30:00+01:00,215.26699829101562,215.3470001220703,215.23599243164062,215.28700256347656,0,0.0,0.0
2026-04-16 23:45:00+01:00,215.31399536132812,215.33200073242188,215.25399780273438,215.31199645996094,0,0.0,0.0
2026-04-17 00:00:00+01:00,215.27499389648438,215.3509979248047,215.2740020751953,215.30499267578125,0,0.0,0.0
2026-04-17 00:15:00+01:00,215.29600524902344,215.3260040283203,215.27200317382812,215.302001953125,0,0.0,0.0
2026-04-17 00:30:00+01:00,215.3000030517578,215.35800170898438,215.28599548339844,215.31399536132812,0,0.0,0.0
2026-04-17 00:45:00+01:00,215.31500244140625,215.35699462890625,215.2779998779297,215.32699584960938,0,0.0,0.0
2026-04-17 01:00:00+01:00,215.31900024414062,215.33299255371094,215.24400329589844,215.27499389648438,0,0.0,0.0
2026-04-17 01:15:00+01:00,215.27000427246094,215.3520050048828,215.2570037841797,215.33599853515625,0,0.0,0.0
2026-04-17 01:30:00+01:00,215.33599853515625,215.3780059814453,215.3260040283203,215.36199951171875,0,0.0,0.0
2026-04-17 01:45:00+01:00,215.36199951171875,215.4759979248047,215.3520050048828,215.42100524902344,0,0.0,0.0
2026-04-17 02:00:00+01:00,215.4199981689453,215.4929962158203,215.31100463867188,215.3419952392578,0,0.0,0.0
2026-04-17 02:15:00+01:00,215.34500122070312,215.3979949951172,215.34100341796875,215.3470001220703,0,0.0,0.0
2026-04-17 02:30:00+01:00,215.3470001220703,215.40499877929688,215.33299255371094,215.38800048828125,0,0.0,0.0
2026-04-17 02:45:00+01:00,215.38800048828125,215.4409942626953,215.36000061035156,215.39300537109375,0,0.0,0.0
2026-04-17 03:00:00+01:00,215.39599609375,215.48399353027344,215.38699340820312,215.46800231933594,0,0.0,0.0
2026-04-17 03:15:00+01:00,215.4669952392578,215.4949951171875,215.42100524902344,215.4340057373047,0,0.0,0.0
2026-04-17 03:30:00+01:00,215.4320068359375,215.47500610351562,215.42999267578125,215.43499755859375,0,0.0,0.0
2026-04-17 03:45:00+01:00,215.4340057373047,215.4949951171875,215.42799377441406,215.4600067138672,0,0.0,0.0
2026-04-17 04:00:00+01:00,215.45599365234375,215.5,215.44700622558594,215.46600341796875,0,0.0,0.0
2026-04-17 04:15:00+01:00,215.46400451660156,215.4929962158203,215.4250030517578,215.48800659179688,0,0.0,0.0
2026-04-17 04:30:00+01:00,215.48500061035156,215.54600524902344,215.48300170898438,215.52200317382812,0,0.0,0.0
2026-04-17 04:45:00+01:00,215.52699279785156,215.58999633789062,215.51499938964844,215.57400512695312,0,0.0,0.0
2026-04-17 05:00:00+01:00,215.57400512695312,215.58799743652344,215.552001953125,215.5760040283203,0,0.0,0.0
2026-04-17 05:15:00+01:00,215.5800018310547,215.62100219726562,215.5260009765625,215.6009979248047,0,0.0,0.0
2026-04-17 05:30:00+01:00,215.6009979248047,215.63699340820312,215.57899475097656,215.62399291992188,0,0.0,0.0
2026-04-17 05:45:00+01:00,215.6230010986328,215.65499877929688,215.60899353027344,215.6320037841797,0,0.0,0.0
2026-04-17 06:00:00+01:00,215.63299560546875,215.69000244140625,215.58999633789062,215.6510009765625,0,0.0,0.0
2026-04-17 06:15:00+01:00,215.64700317382812,215.68600463867188,215.60899353027344,215.625,0,0.0,0.0
2026-04-17 06:30:00+01:00,215.63299560546875,215.64199829101562,215.5590057373047,215.61099243164062,0,0.0,0.0
2026-04-17 06:45:00+01:00,215.61000061035156,215.63400268554688,215.58099365234375,215.5919952392578,0,0.0,0.0
2026-04-17 07:00:00+01:00,215.59500122070312,215.5989990234375,215.39700317382812,215.42999267578125,0,0.0,0.0
2026-04-17 07:15:00+01:00,215.43699645996094,215.51199340820312,215.37399291992188,215.4429931640625,0,0.0,0.0
2026-04-17 07:30:00+01:00,215.44400024414062,215.45799255371094,215.31700134277344,215.3560028076172,0,0.0,0.0
2026-04-17 07:45:00+01:00,215.3560028076172,215.36199951171875,215.24200439453125,215.2689971923828,0,0.0,0.0
2026-04-17 08:00:00+01:00,215.2729949951172,215.3509979248047,215.23500061035156,215.3040008544922,0,0.0,0.0
2026-04-17 08:15:00+01:00,215.3040008544922,215.39300537109375,215.24200439453125,215.3719940185547,0,0.0,0.0
2026-04-17 08:30:00+01:00,215.36399841308594,215.4550018310547,215.35499572753906,215.44700622558594,0,0.0,0.0
2026-04-17 08:45:00+01:00,215.4409942626953,215.5,215.41299438476562,215.41900634765625,0,0.0,0.0
2026-04-17 09:00:00+01:00,215.41600036621094,215.43600463867188,215.24200439453125,215.25799560546875,0,0.0,0.0
2026-04-17 09:15:00+01:00,215.25799560546875,215.36700439453125,215.22799682617188,215.3350067138672,0,0.0,0.0
2026-04-17 09:30:00+01:00,215.33599853515625,215.38099670410156,215.28799438476562,215.3679962158203,0,0.0,0.0
2026-04-17 09:45:00+01:00,215.375,215.40699768066406,215.31100463867188,215.322998046875,0,0.0,0.0
2026-04-17 10:00:00+01:00,215.32899475097656,215.3939971923828,215.3040008544922,215.36300659179688,0,0.0,0.0
2026-04-17 10:15:00+01:00,215.35400390625,215.45399475097656,215.33799743652344,215.4199981689453,0,0.0,0.0
2026-04-17 10:30:00+01:00,215.41600036621094,215.42300415039062,215.2259979248047,215.26600646972656,0,0.0,0.0
2026-04-17 10:45:00+01:00,215.26699829101562,215.2740020751953,215.13800048828125,215.19700622558594,0,0.0,0.0
2026-04-17 11:00:00+01:00,215.19900512695312,215.25799560546875,215.18800354003906,215.23399353027344,0,0.0,0.0
2026-04-17 11:15:00+01:00,215.23199462890625,215.30799865722656,215.21600341796875,215.2830047607422,0,0.0,0.0
2026-04-17 11:30:00+01:00,215.28599548339844,215.30099487304688,215.18099975585938,215.22799682617188,0,0.0,0.0
2026-04-17 11:45:00+01:00,215.22300720214844,215.26300048828125,215.17300415039062,215.23599243164062,0,0.0,0.0
2026-04-17 12:00:00+01:00,215.22799682617188,215.26300048828125,215.19000244140625,215.23599243164062,0,0.0,0.0
2026-04-17 12:15:00+01:00,215.24099731445312,215.33799743652344,215.22500610351562,215.30999755859375,0,0.0,0.0
2026-04-17 12:30:00+01:00,215.31199645996094,215.4429931640625,215.29200744628906,215.43099975585938,0,0.0,0.0
2026-04-17 12:45:00+01:00,215.4340057373047,215.45799255371094,215.3280029296875,215.343994140625,0,0.0,0.0
2026-04-17 13:00:00+01:00,215.34500122070312,215.3699951171875,215.28799438476562,215.3509979248047,0,0.0,0.0
2026-04-17 13:15:00+01:00,215.35000610351562,215.38099670410156,215.2689971923828,215.3470001220703,0,0.0,0.0
2026-04-17 13:30:00+01:00,215.3459930419922,215.38900756835938,215.2550048828125,215.281005859375,0,0.0,0.0
2026-04-17 13:45:00+01:00,215.27499389648438,215.3699951171875,215.14199829101562,215.16700744628906,0,0.0,0.0
2026-04-17 14:00:00+01:00,215.1649932861328,215.197998046875,214.9980010986328,215.08399963378906,0,0.0,0.0
2026-04-17 14:15:00+01:00,215.08700561523438,215.16400146484375,214.97999572753906,215.13800048828125,0,0.0,0.0
2026-04-17 14:30:00+01:00,215.14300537109375,215.1490020751953,214.62899780273438,214.75399780273438,0,0.0,0.0
2026-04-17 14:45:00+01:00,214.75,214.84300231933594,214.6490020751953,214.71299743652344,0,0.0,0.0
2026-04-17 15:00:00+01:00,214.71200561523438,214.73699951171875,214.44900512695312,214.48399353027344,0,0.0,0.0
2026-04-17 15:15:00+01:00,214.48399353027344,214.53399658203125,214.30799865722656,214.46499633789062,0,0.0,0.0
2026-04-17 15:30:00+01:00,214.468994140625,214.48699951171875,214.05599975585938,214.0679931640625,0,0.0,0.0
2026-04-17 15:45:00+01:00,214.0659942626953,214.2239990234375,213.9929962158203,214.1909942626953,0,0.0,0.0
2026-04-17 16:00:00+01:00,214.18899536132812,214.22500610351562,214.0970001220703,214.18899536132812,0,0.0,0.0
2026-04-17 16:15:00+01:00,214.19000244140625,214.31900024414062,214.1199951171875,214.2969970703125,0,0.0,0.0
2026-04-17 16:30:00+01:00,214.30799865722656,214.3560028076172,214.18099975585938,214.34800720214844,0,0.0,0.0
2026-04-17 16:45:00+01:00,214.3419952392578,214.4340057373047,214.23899841308594,214.29100036621094,0,0.0,0.0
2026-04-17 17:00:00+01:00,214.29100036621094,214.34800720214844,214.20700073242188,214.23599243164062,0,0.0,0.0
2026-04-17 17:15:00+01:00,214.23800659179688,214.26199340820312,214.12600708007812,214.19200134277344,0,0.0,0.0
2026-04-17 17:30:00+01:00,214.1929931640625,214.2100067138672,214.09500122070312,214.17100524902344,0,0.0,0.0
2026-04-17 17:45:00+01:00,214.16900634765625,214.22999572753906,214.1490020751953,214.2010040283203,0,0.0,0.0
2026-04-17 18:00:00+01:00,214.19700622558594,214.3209991455078,214.18699645996094,214.29600524902344,0,0.0,0.0
2026-04-17 18:15:00+01:00,214.29600524902344,214.32000732421875,214.23800659179688,214.3090057373047,0,0.0,0.0
2026-04-17 18:30:00+01:00,214.3070068359375,214.3800048828125,214.27699279785156,214.32699584960938,0,0.0,0.0
2026-04-17 18:45:00+01:00,214.33099365234375,214.36300659179688,214.26600646972656,214.3300018310547,0,0.0,0.0
2026-04-17 19:00:00+01:00,214.33200073242188,214.4040069580078,214.3070068359375,214.35800170898438,0,0.0,0.0
2026-04-17 19:15:00+01:00,214.3560028076172,214.38600158691406,214.3159942626953,214.3679962158203,0,0.0,0.0
2026-04-17 19:30:00+01:00,214.37100219726562,214.4340057373047,214.33700561523438,214.406005859375,0,0.0,0.0
2026-04-17 19:45:00+01:00,214.41000366210938,214.4709930419922,214.39100646972656,214.44200134277344,0,0.0,0.0
2026-04-17 20:00:00+01:00,214.44000244140625,214.48800659179688,214.36900329589844,214.43800354003906,0,0.0,0.0
2026-04-17 20:15:00+01:00,214.43899536132812,214.44900512695312,214.3699951171875,214.41299438476562,0,0.0,0.0
2026-04-17 20:30:00+01:00,214.41299438476562,214.46200561523438,214.35699462890625,214.427001953125,0,0.0,0.0
2026-04-17 20:45:00+01:00,214.427001953125,214.4409942626953,214.32400512695312,214.36000061035156,0,0.0,0.0
2026-04-17 21:00:00+01:00,214.35899353027344,214.43099975585938,214.3300018310547,214.3979949951172,0,0.0,0.0
2026-04-17 21:15:00+01:00,214.38900756835938,214.4239959716797,214.3419952392578,214.3560028076172,0,0.0,0.0
2026-04-17 21:30:00+01:00,214.36599731445312,214.43699645996094,214.34800720214844,214.406005859375,0,0.0,0.0
2026-04-17 21:45:00+01:00,214.39300537109375,214.45599365234375,214.31700134277344,214.37399291992188,0,0.0,0.0
2026-04-17 22:00:00+01:00,214.41099548339844,214.41099548339844,214.41099548339844,214.41099548339844,0,0.0,0.0
2026-04-17 22:15:00+01:00,214.41099548339844,214.41099548339844,214.41099548339844,214.41099548339844,0,0.0,0.0
2026-04-20 00:00:00+01:00,214.447998046875,214.52200317382812,214.4219970703125,214.45899963378906,0,0.0,0.0
2026-04-20 00:15:00+01:00,214.45399475097656,214.56500244140625,214.41000366210938,214.55099487304688,0,0.0,0.0
2026-04-20 00:30:00+01:00,214.5469970703125,214.61300659179688,214.49400329589844,214.52200317382812,0,0.0,0.0
2026-04-20 00:45:00+01:00,214.5290069580078,214.61199951171875,214.49600219726562,214.572998046875,0,0.0,0.0
2026-04-20 01:00:00+01:00,214.5749969482422,214.71099853515625,214.54100036621094,214.64999389648438,0,0.0,0.0
2026-04-20 01:15:00+01:00,214.6510009765625,214.7220001220703,214.61700439453125,214.63999938964844,0,0.0,0.0
2026-04-20 01:30:00+01:00,214.64199829101562,214.65499877929688,214.53599548339844,214.57000732421875,0,0.0,0.0
2026-04-20 01:45:00+01:00,214.56700134277344,214.58599853515625,214.41600036621094,214.5679931640625,0,0.0,0.0
2026-04-20 02:00:00+01:00,214.5679931640625,214.59500122070312,214.45199584960938,214.47900390625,0,0.0,0.0
2026-04-20 02:15:00+01:00,214.46800231933594,214.4969940185547,214.4199981689453,214.48199462890625,0,0.0,0.0
2026-04-20 02:30:00+01:00,214.48899841308594,214.50100708007812,214.40499877929688,214.46600341796875,0,0.0,0.0
2026-04-20 02:45:00+01:00,214.46299743652344,214.49200439453125,214.41700744628906,214.42300415039062,0,0.0,0.0
2026-04-20 03:00:00+01:00,214.4199981689453,214.47900390625,214.41799926757812,214.4720001220703,0,0.0,0.0
2026-04-20 03:15:00+01:00,214.46600341796875,214.5,214.45199584960938,214.48500061035156,0,0.0,0.0
2026-04-20 03:30:00+01:00,214.4810028076172,214.49899291992188,214.4199981689453,214.4429931640625,0,0.0,0.0
2026-04-20 03:45:00+01:00,214.44200134277344,214.5449981689453,214.44200134277344,214.51199340820312,0,0.0,0.0
2026-04-20 04:00:00+01:00,214.51499938964844,214.56700134277344,214.50100708007812,214.54800415039062,0,0.0,0.0
2026-04-20 04:15:00+01:00,214.54800415039062,214.55299377441406,214.4969940185547,214.5030059814453,0,0.0,0.0
2026-04-20 04:30:00+01:00,214.5019989013672,214.56100463867188,214.45799255371094,214.55499267578125,0,0.0,0.0
2026-04-20 04:45:00+01:00,214.55799865722656,214.5959930419922,214.53799438476562,214.5780029296875,0,0.0,0.0
2026-04-20 05:00:00+01:00,214.57699584960938,214.58799743652344,214.54100036621094,214.5590057373047,0,0.0,0.0
2026-04-20 05:15:00+01:00,214.55599975585938,214.57899475097656,214.5229949951172,214.56199645996094,0,0.0,0.0
2026-04-20 05:30:00+01:00,214.57000732421875,214.61700439453125,214.5500030517578,214.60800170898438,0,0.0,0.0
2026-04-20 05:45:00+01:00,214.61300659179688,214.6510009765625,214.5749969482422,214.58200073242188,0,0.0,0.0
2026-04-20 06:00:00+01:00,214.58200073242188,214.6199951171875,214.52099609375,214.55599975585938,0,0.0,0.0
2026-04-20 06:15:00+01:00,214.5469970703125,214.56700134277344,214.49600219726562,214.51600646972656,0,0.0,0.0
2026-04-20 06:30:00+01:00,214.51499938964844,214.53199768066406,214.4290008544922,214.43699645996094,0,0.0,0.0
2026-04-20 06:45:00+01:00,214.4340057373047,214.4759979248047,214.41900634765625,214.4429931640625,0,0.0,0.0
2026-04-20 07:00:00+01:00,214.43600463867188,214.45700073242188,214.3459930419922,214.3769989013672,0,0.0,0.0
2026-04-20 10:30:00+01:00,214.56300354003906,214.59800720214844,214.53599548339844,214.58599853515625,0,0.0,0.0
2026-04-20 10:45:00+01:00,214.58599853515625,214.86700439453125,214.5780029296875,214.83700561523438,0,0.0,0.0
2026-04-20 11:00:00+01:00,214.82899475097656,214.84100341796875,214.70899963378906,214.7760009765625,0,0.0,0.0
2026-04-20 11:15:00+01:00,214.77999877929688,214.78900146484375,214.7010040283203,214.72799682617188,0,0.0,0.0
2026-04-20 11:30:00+01:00,214.72900390625,214.79100036621094,214.71499633789062,214.76800537109375,0,0.0,0.0
2026-04-20 11:45:00+01:00,214.76300048828125,214.85699462890625,214.7570037841797,214.80099487304688,0,0.0,0.0
2026-04-20 12:00:00+01:00,214.7969970703125,214.87399291992188,214.7899932861328,214.84300231933594,0,0.0,0.0
2026-04-20 12:15:00+01:00,214.84800720214844,214.86300659179688,214.8000030517578,214.84100341796875,0,0.0,0.0
2026-04-20 12:30:00+01:00,214.84100341796875,214.8419952392578,214.7689971923828,214.8000030517578,0,0.0,0.0
2026-04-20 12:45:00+01:00,214.80299377441406,214.81399536132812,214.71800231933594,214.72900390625,0,0.0,0.0
2026-04-20 13:00:00+01:00,214.72900390625,214.73899841308594,214.6540069580078,214.71600341796875,0,0.0,0.0
2026-04-20 13:15:00+01:00,214.71600341796875,214.72900390625,214.65499877929688,214.65899658203125,0,0.0,0.0
2026-04-20 13:30:00+01:00,214.65899658203125,214.7429962158203,214.63499450683594,214.7310028076172,0,0.0,0.0
2026-04-20 13:45:00+01:00,214.72900390625,214.76800537109375,214.6999969482422,214.73599243164062,0,0.0,0.0
2026-04-20 14:00:00+01:00,214.73599243164062,214.80999755859375,214.64300537109375,214.6719970703125,0,0.0,0.0
2026-04-20 14:15:00+01:00,214.66799926757812,214.72000122070312,214.5449981689453,214.57899475097656,0,0.0,0.0
2026-04-20 14:30:00+01:00,214.57699584960938,214.63999938964844,214.52999877929688,214.61000061035156,0,0.0,0.0
2026-04-20 14:45:00+01:00,214.61000061035156,214.68699645996094,214.59300231933594,214.67100524902344,0,0.0,0.0
2026-04-20 15:00:00+01:00,214.67100524902344,214.75100708007812,214.6269989013672,214.7429962158203,0,0.0,0.0
2026-04-20 15:15:00+01:00,214.74600219726562,214.75100708007812,214.68899536132812,214.69900512695312,0,0.0,0.0
2026-04-20 15:30:00+01:00,214.69900512695312,214.6999969482422,214.58200073242188,214.59300231933594,0,0.0,0.0
2026-04-20 15:45:00+01:00,214.593994140625,214.7519989013672,214.56399536132812,214.63900756835938,0,0.0,0.0
2026-04-20 16:00:00+01:00,214.6490020751953,214.7259979248047,214.58700561523438,214.70700073242188,0,0.0,0.0
2026-04-20 16:15:00+01:00,214.7030029296875,214.7570037841797,214.64599609375,214.66799926757812,0,0.0,0.0
2026-04-20 16:30:00+01:00,214.66299438476562,214.77099609375,214.64199829101562,214.7429962158203,0,0.0,0.0
2026-04-20 16:45:00+01:00,214.7429962158203,214.85499572753906,214.71800231933594,214.83599853515625,0,0.0,0.0
2026-04-20 17:00:00+01:00,214.83299255371094,214.91200256347656,214.82699584960938,214.83900451660156,0,0.0,0.0
2026-04-20 17:15:00+01:00,214.83900451660156,214.86900329589844,214.7429962158203,214.7830047607422,0,0.0,0.0
2026-04-20 17:30:00+01:00,214.77699279785156,214.86500549316406,214.7689971923828,214.84500122070312,0,0.0,0.0
2026-04-20 17:45:00+01:00,214.84800720214844,214.86000061035156,214.75799560546875,214.781005859375,0,0.0,0.0
2026-04-20 18:00:00+01:00,214.77999877929688,214.85499572753906,214.77200317382812,214.83799743652344,0,0.0,0.0
2026-04-20 18:15:00+01:00,214.83799743652344,214.85899353027344,214.8159942626953,214.8300018310547,0,0.0,0.0
2026-04-20 18:30:00+01:00,214.8300018310547,214.85800170898438,214.8090057373047,214.83700561523438,0,0.0,0.0
