Datetime,Open,High,Low,Close,Volume
2022-04-26 16:00:00,1.91604,1.91954,1.91259,1.91365,17668
2022-04-26 20:00:00,1.91359,1.91638,1.91214,1.91578,7459
2022-04-27 00:00:00,1.91536,1.91636,1.91225,1.91557,6443
2022-04-27 04:00:00,1.91557,1.91746,1.91054,1.91241,15298
2022-04-27 08:00:00,1.91242,1.91576,1.9081,1.90845,18251
2022-04-27 12:00:00,1.90845,1.91691,1.90801,1.91335,17105
2022-04-27 16:00:00,1.91325,1.91987,1.91264,1.91639,21827
2022-04-27 20:00:00,1.91639,1.91812,1.91264,1.91748,8371
2022-04-28 00:00:00,1.91444,1.92051,1.91444,1.91899,5115
2022-04-28 04:00:00,1.91899,1.9285,1.91827,1.92657,15331
2022-04-28 08:00:00,1.92657,1.93201,1.9206,1.92447,19437
2022-04-28 12:00:00,1.92446,1.9272,1.92134,1.92541,18144
2022-04-28 16:00:00,1.92551,1.92618,1.91781,1.91829,18097
2022-04-28 20:00:00,1.91829,1.92195,1.91669,1.91928,7293
2022-04-29 00:00:00,1.91836,1.92188,1.91655,1.92083,4338
2022-04-29 04:00:00,1.92083,1.92176,1.91799,1.9185,12593
2022-04-29 08:00:00,1.91851,1.92609,1.91591,1.92449,16615
2022-04-29 12:00:00,1.92449,1.92606,1.92005,1.92069,15392
2022-04-29 16:00:00,1.9207,1.94712,1.92026,1.94669,19404
2022-04-29 20:00:00,1.94679,1.94968,1.94538,1.94628,8808
2022-05-02 00:00:00,1.94231,1.94876,1.94231,1.94769,7649
2022-05-02 04:00:00,1.94769,1.95559,1.94733,1.95255,10119
2022-05-02 08:00:00,1.95254,1.95555,1.94857,1.95118,15932
2022-05-02 12:00:00,1.9512,1.95308,1.94708,1.95203,13665
2022-05-02 16:00:00,1.95204,1.95263,1.94264,1.946,19886
2022-05-02 20:00:00,1.946,1.94642,1.93979,1.94109,9357
2022-05-03 00:00:00,1.93987,1.94329,1.93542,1.93587,5815
2022-05-03 04:00:00,1.93587,1.9451,1.93537,1.94439,11874
2022-05-03 08:00:00,1.94442,1.95407,1.94401,1.95263,16281
2022-05-03 12:00:00,1.95263,1.95263,1.9437,1.94692,14414
2022-05-03 16:00:00,1.94692,1.94796,1.9418,1.942,14917
2022-05-03 20:00:00,1.942,1.9428,1.93989,1.94149,8294
2022-05-04 00:00:00,1.93902,1.94359,1.9385,1.94145,5859
2022-05-04 04:00:00,1.94141,1.94153,1.93528,1.93999,7795
2022-05-04 08:00:00,1.93999,1.9451,1.93783,1.93998,11942
2022-05-04 12:00:00,1.93995,1.94164,1.93602,1.9406,10275
2022-05-04 16:00:00,1.9406,1.94262,1.9351,1.93642,14759
2022-05-04 20:00:00,1.9364,1.938,1.92453,1.93099,21718
2022-05-05 00:00:00,1.92758,1.9329,1.92534,1.92737,10156
2022-05-05 04:00:00,1.92739,1.92822,1.9189,1.91899,12030
2022-05-05 08:00:00,1.91899,1.92742,1.91897,1.92535,14668
2022-05-05 12:00:00,1.92535,1.93163,1.90361,1.91086,18781
2022-05-05 16:00:00,1.91082,1.9276,1.9106,1.9255,21394
2022-05-05 20:00:00,1.92546,1.92829,1.92171,1.92289,12319
2022-05-06 00:00:00,1.9203,1.92559,1.9202,1.92213,7609
2022-05-06 04:00:00,1.92214,1.9276,1.92112,1.92439,17668
2022-05-06 08:00:00,1.92439,1.92659,1.91903,1.92342,19333
2022-05-06 12:00:00,1.92341,1.9254,1.91369,1.92122,20346
2022-05-06 16:00:00,1.92122,1.92397,1.91637,1.92044,25054
2022-05-06 20:00:00,1.92044,1.926,1.92003,1.92429,11796
2022-05-09 00:00:00,1.92708,1.93162,1.92242,1.93118,10190
2022-05-09 04:00:00,1.93118,1.93808,1.93033,1.93591,17030
2022-05-09 08:00:00,1.9359,1.93929,1.93125,1.93459,19740
2022-05-09 12:00:00,1.93459,1.94709,1.934,1.94531,19694
2022-05-09 16:00:00,1.94531,1.94557,1.93849,1.94399,20300
2022-05-09 20:00:00,1.94399,1.9508,1.94387,1.95058,14677
2022-05-10 00:00:00,1.9486,1.96187,1.9473,1.95995,10497
2022-05-10 04:00:00,1.95999,1.96187,1.95059,1.95225,19302
2022-05-10 08:00:00,1.95227,1.95295,1.94761,1.94933,20514
2022-05-10 12:00:00,1.94932,1.95659,1.94646,1.95006,17544
2022-05-10 16:00:00,1.95,1.96113,1.94919,1.95943,22938
2022-05-10 20:00:00,1.95944,1.96061,1.9544,1.95738,11186
2022-05-11 00:00:00,1.95774,1.95968,1.9528,1.95699,8441
2022-05-11 04:00:00,1.95699,1.95958,1.95286,1.95502,16249
2022-05-11 08:00:00,1.95502,1.95739,1.94893,1.95146,18353
2022-05-11 12:00:00,1.95146,1.95519,1.94342,1.95499,20412
2022-05-11 16:00:00,1.95499,1.95499,1.94149,1.94779,25770
2022-05-11 20:00:00,1.94789,1.94969,1.94439,1.94578,11331
2022-05-12 00:00:00,1.94504,1.9493,1.94371,1.94544,12079
2022-05-12 04:00:00,1.94544,1.95424,1.94388,1.95377,23264
2022-05-12 08:00:00,1.95377,1.95579,1.94989,1.95195,23798
2022-05-12 12:00:00,1.95198,1.95899,1.95052,1.95609,21163
2022-05-12 16:00:00,1.95609,1.95929,1.9513,1.9529,22366
2022-05-12 20:00:00,1.95292,1.95909,1.95273,1.95668,12140
2022-05-13 00:00:00,1.957,1.95839,1.95337,1.95546,10098
2022-05-13 04:00:00,1.95546,1.95666,1.95294,1.95361,22968
2022-05-13 08:00:00,1.9536,1.95729,1.95225,1.95397,18730
2022-05-13 12:00:00,1.95397,1.95685,1.95111,1.95681,15053
2022-05-13 16:00:00,1.95681,1.95715,1.9485,1.95375,20717
2022-05-13 20:00:00,1.95375,1.95514,1.94774,1.94928,10615
2022-05-16 00:00:00,1.95137,1.95264,1.94817,1.9513,11067
2022-05-16 04:00:00,1.95128,1.96481,1.951,1.96091,23776
2022-05-16 08:00:00,1.96091,1.96256,1.94909,1.95042,22644
2022-05-16 12:00:00,1.95043,1.95531,1.94734,1.9482,18258
2022-05-16 16:00:00,1.9482,1.95405,1.94687,1.9534,24842
2022-05-16 20:00:00,1.9534,1.9537,1.94796,1.95219,11895
2022-05-17 00:00:00,1.9535,1.95392,1.95035,1.95362,7943
2022-05-17 04:00:00,1.95362,1.95414,1.94835,1.94923,13026
2022-05-17 08:00:00,1.94924,1.9616,1.9472,1.95937,15050
2022-05-17 12:00:00,1.9594,1.96378,1.95589,1.962,18804
2022-05-17 16:00:00,1.96199,1.9674,1.9599,1.96393,18920
2022-05-17 20:00:00,1.96393,1.9665,1.96134,1.96372,12061
2022-05-18 00:00:00,1.96486,1.9662,1.96122,1.96233,8871
2022-05-18 04:00:00,1.9623,1.96589,1.96154,1.96489,15279
2022-05-18 08:00:00,1.96479,1.96498,1.9487,1.94891,15484
2022-05-18 12:00:00,1.94891,1.95593,1.94871,1.95367,13198
2022-05-18 16:00:00,1.95367,1.96231,1.9521,1.9551,20021
2022-05-18 20:00:00,1.9551,1.96099,1.9547,1.9606,12793
2022-05-19 00:00:00,1.95824,1.96269,1.95818,1.96128,13659
2022-05-19 04:00:00,1.96124,1.96133,1.95202,1.95319,14153
2022-05-19 08:00:00,1.95319,1.95895,1.9508,1.95652,20963
2022-05-19 12:00:00,1.95654,1.95687,1.94765,1.9491,19976
2022-05-19 16:00:00,1.9491,1.95545,1.94755,1.9533,24968
2022-05-19 20:00:00,1.9533,1.95557,1.9513,1.95359,16403
2022-05-20 00:00:00,1.95306,1.95499,1.95118,1.95469,7789
2022-05-20 04:00:00,1.95459,1.95514,1.94978,1.95005,15008
2022-05-20 08:00:00,1.95006,1.95176,1.94687,1.9482,16957
2022-05-20 12:00:00,1.9482,1.94983,1.94632,1.94885,13120
2022-05-20 16:00:00,1.94885,1.95626,1.94762,1.95542,20118
2022-05-20 20:00:00,1.95542,1.9563,1.94733,1.94967,12725
2022-05-23 00:00:00,1.94897,1.95222,1.94149,1.9423,8281
2022-05-23 04:00:00,1.9423,1.94441,1.94003,1.94343,15394
2022-05-23 08:00:00,1.94343,1.94472,1.94022,1.94309,22345
2022-05-23 12:00:00,1.94309,1.94444,1.93823,1.94233,20070
2022-05-23 16:00:00,1.94235,1.94659,1.94092,1.94475,23506
2022-05-23 20:00:00,1.94475,1.94732,1.94125,1.94598,11564
2022-05-24 00:00:00,1.9449,1.95185,1.94414,1.95142,5944
2022-05-24 04:00:00,1.95146,1.95302,1.95056,1.95268,14629
2022-05-24 08:00:00,1.95268,1.95569,1.93809,1.94315,18727
2022-05-24 12:00:00,1.94315,1.94579,1.93829,1.93916,15906
2022-05-24 16:00:00,1.93905,1.94729,1.93806,1.94409,20295
2022-05-24 20:00:00,1.94409,1.94549,1.93855,1.94008,11342
2022-05-25 00:00:00,1.93664,1.94591,1.93664,1.94428,6201
2022-05-25 04:00:00,1.94428,1.94857,1.92488,1.92668,16032
2022-05-25 08:00:00,1.92668,1.93748,1.92628,1.93539,18961
2022-05-25 12:00:00,1.93539,1.94042,1.93155,1.93925,17271
2022-05-25 16:00:00,1.93923,1.94279,1.93619,1.94161,17883
2022-05-25 20:00:00,1.94169,1.9437,1.93989,1.94134,14516
2022-05-26 00:00:00,1.94164,1.94272,1.9398,1.93995,6652
2022-05-26 04:00:00,1.93994,1.94651,1.93992,1.94605,14581
2022-05-26 08:00:00,1.94602,1.94688,1.94049,1.94203,16879
2022-05-26 12:00:00,1.94203,1.94922,1.94079,1.94504,16195
2022-05-26 16:00:00,1.94504,1.94806,1.94104,1.94499,17889
2022-05-26 20:00:00,1.94499,1.9472,1.94409,1.94548,7424
2022-05-27 00:00:00,1.94378,1.94911,1.94028,1.94848,7103
2022-05-27 04:00:00,1.94848,1.94891,1.93948,1.94022,14941
2022-05-27 08:00:00,1.94022,1.94188,1.93298,1.93413,17290
2022-05-27 12:00:00,1.93413,1.93723,1.931,1.93503,17759
2022-05-27 16:00:00,1.93501,1.93579,1.92899,1.93207,17579
2022-05-27 20:00:00,1.93207,1.93269,1.93111,1.9324,6576
2022-05-30 00:00:00,1.93242,1.93561,1.92851,1.93044,7762
2022-05-30 04:00:00,1.93044,1.93268,1.92947,1.93081,14780
2022-05-30 08:00:00,1.93079,1.93224,1.92846,1.93011,17874
2022-05-30 12:00:00,1.93011,1.93373,1.92853,1.93273,17202
2022-05-30 16:00:00,1.93269,1.93388,1.92799,1.92983,14779
2022-05-30 20:00:00,1.92982,1.93064,1.92846,1.92846,5771
2022-05-31 00:00:00,1.93018,1.93204,1.92686,1.92988,8894
2022-05-31 04:00:00,1.92988,1.9347,1.92834,1.92856,16140
2022-05-31 08:00:00,1.92855,1.93348,1.9259,1.93314,18181
2022-05-31 12:00:00,1.9331,1.93794,1.93137,1.93705,17771
2022-05-31 16:00:00,1.93701,1.93814,1.93371,1.93585,25918
2022-05-31 20:00:00,1.93583,1.9375,1.93321,1.93389,10229
2022-06-01 00:00:00,1.93373,1.93606,1.93167,1.93289,5648
2022-06-01 04:00:00,1.93289,1.94193,1.93156,1.93819,14610
2022-06-01 08:00:00,1.93819,1.94045,1.93363,1.9344,17466
2022-06-01 12:00:00,1.9344,1.93701,1.92644,1.9272,14740
2022-06-01 16:00:00,1.9272,1.9303,1.92022,1.9261,22917
2022-06-01 20:00:00,1.92602,1.92719,1.92114,1.92519,14613
2022-06-02 00:00:00,1.9253,1.92688,1.92348,1.92589,7265
2022-06-02 04:00:00,1.9259,1.92923,1.9258,1.92671,13081
2022-06-02 08:00:00,1.92669,1.93032,1.92604,1.9285,16661
2022-06-02 12:00:00,1.92852,1.93015,1.92302,1.92381,17021
2022-06-02 16:00:00,1.92383,1.92543,1.91564,1.919,21918
2022-06-02 20:00:00,1.919,1.91954,1.91606,1.91679,10211
2022-06-03 00:00:00,1.9169,1.91836,1.91415,1.91669,6103
2022-06-03 04:00:00,1.91669,1.91971,1.91659,1.91807,12153
2022-06-03 08:00:00,1.91806,1.91894,1.91653,1.91843,12619
2022-06-03 12:00:00,1.91843,1.92404,1.9184,1.92262,16111
2022-06-03 16:00:00,1.92255,1.92415,1.9194,1.92055,23156
2022-06-03 20:00:00,1.92055,1.92123,1.91816,1.91919,13940
2022-06-06 00:00:00,1.91834,1.9203,1.91674,1.91897,8437
2022-06-06 04:00:00,1.91897,1.9223,1.91837,1.9212,13208
2022-06-06 08:00:00,1.92122,1.92534,1.92009,1.92357,15294
2022-06-06 12:00:00,1.92357,1.92581,1.92179,1.9233,11443
2022-06-06 16:00:00,1.9233,1.9318,1.92064,1.93031,16421
2022-06-06 20:00:00,1.9303,1.93289,1.92932,1.93059,6699
2022-06-07 00:00:00,1.92932,1.93369,1.928,1.93302,8205
2022-06-07 04:00:00,1.93304,1.93563,1.92718,1.93267,17182
2022-06-07 08:00:00,1.93254,1.9405,1.9288,1.93635,20302
2022-06-07 12:00:00,1.93635,1.94388,1.93563,1.94256,15500
2022-06-07 16:00:00,1.9427,1.9468,1.93852,1.9443,22296
2022-06-07 20:00:00,1.94433,1.94473,1.93826,1.93989,8681
2022-06-08 00:00:00,1.9389,1.9428,1.9382,1.94128,5971
2022-06-08 04:00:00,1.94128,1.94579,1.94039,1.94501,15525
2022-06-08 08:00:00,1.94499,1.94783,1.94358,1.94432,17558
2022-06-08 12:00:00,1.94429,1.9456,1.94173,1.94282,17322
2022-06-08 16:00:00,1.9428,1.9434,1.9382,1.9427,18424
2022-06-08 20:00:00,1.94267,1.94573,1.94216,1.94429,9800
2022-06-09 00:00:00,1.9448,1.94787,1.94328,1.94597,8439
2022-06-09 04:00:00,1.94596,1.94751,1.94139,1.94209,14407
2022-06-09 08:00:00,1.94209,1.94379,1.93898,1.9407,15638
2022-06-09 12:00:00,1.94072,1.94881,1.94026,1.94714,21394
2022-06-09 16:00:00,1.94714,1.96017,1.9467,1.95421,23122
2022-06-09 20:00:00,1.9542,1.95799,1.95308,1.95749,11362
2022-06-10 00:00:00,1.95406,1.9585,1.95406,1.95463,7099
2022-06-10 04:00:00,1.95463,1.95503,1.95106,1.953,12629
2022-06-10 08:00:00,1.953,1.95308,1.93943,1.94238,20122
2022-06-10 12:00:00,1.94238,1.94606,1.9369,1.9421,19414
2022-06-10 16:00:00,1.94202,1.94473,1.93548,1.93715,24729
2022-06-10 20:00:00,1.9372,1.93884,1.93389,1.93738,12099
2022-06-13 00:00:00,1.93994,1.94066,1.93543,1.93775,11433
2022-06-13 04:00:00,1.93775,1.9404,1.93695,1.93918,17767
2022-06-13 08:00:00,1.93921,1.9397,1.93069,1.9359,22625
2022-06-13 12:00:00,1.9359,1.93963,1.93399,1.93596,27732
2022-06-13 16:00:00,1.93591,1.9423,1.93363,1.94169,28951
2022-06-13 20:00:00,1.94159,1.94179,1.93692,1.93778,18050
2022-06-14 00:00:00,1.93928,1.93947,1.93307,1.93616,9556
2022-06-14 04:00:00,1.93611,1.94206,1.93562,1.93961,22859
2022-06-14 08:00:00,1.93958,1.94552,1.93442,1.94076,23260
2022-06-14 12:00:00,1.94076,1.94218,1.93108,1.93419,23813
2022-06-14 16:00:00,1.93414,1.93671,1.92805,1.93169,25198
2022-06-14 20:00:00,1.93169,1.93279,1.92574,1.92978,13862
2022-06-15 00:00:00,1.92934,1.93238,1.92715,1.93068,11634
2022-06-15 04:00:00,1.93068,1.93108,1.92789,1.92868,16466
2022-06-15 08:00:00,1.92868,1.938,1.92742,1.93734,23121
2022-06-15 12:00:00,1.93734,1.93855,1.93043,1.93077,21312
2022-06-15 16:00:00,1.9308,1.93399,1.92876,1.93361,18575
2022-06-15 20:00:00,1.93364,1.93779,1.93088,1.93658,21700
2022-06-16 00:00:00,1.93344,1.94185,1.93103,1.93558,16344
2022-06-16 04:00:00,1.93558,1.93558,1.93011,1.93049,17941
2022-06-16 08:00:00,1.9305,1.93642,1.92933,1.93394,24509
2022-06-16 12:00:00,1.93394,1.94789,1.92505,1.94471,29544
2022-06-16 16:00:00,1.94471,1.95115,1.94118,1.94289,34978
2022-06-16 20:00:00,1.94289,1.94343,1.93498,1.94158,22561
2022-06-17 00:00:00,1.94075,1.9435,1.93933,1.94253,13156
2022-06-17 04:00:00,1.94256,1.9433,1.93824,1.93972,23268
2022-06-17 08:00:00,1.93963,1.94779,1.93689,1.94475,25604
2022-06-17 12:00:00,1.94475,1.94625,1.93776,1.9402,22438
2022-06-17 16:00:00,1.9402,1.94379,1.93491,1.93694,25348
2022-06-17 20:00:00,1.93689,1.93825,1.93414,1.93424,11788
2022-06-20 00:00:00,1.93816,1.94036,1.93051,1.93419,10578
2022-06-20 04:00:00,1.93419,1.93691,1.93248,1.93341,17351
2022-06-20 08:00:00,1.93332,1.93474,1.92581,1.92928,21270
2022-06-20 12:00:00,1.92931,1.93114,1.92439,1.93107,22742
2022-06-20 16:00:00,1.93109,1.9339,1.92811,1.93358,16373
2022-06-20 20:00:00,1.93355,1.9356,1.9293,1.93374,4564
2022-06-21 00:00:00,1.93045,1.93691,1.93039,1.93612,9232
2022-06-21 04:00:00,1.93612,1.93766,1.93413,1.93679,14753
2022-06-21 08:00:00,1.93679,1.93879,1.93211,1.9348,16678
2022-06-21 12:00:00,1.9348,1.94061,1.934,1.93897,15223
2022-06-21 16:00:00,1.93897,1.9393,1.93257,1.9356,18790
2022-06-21 20:00:00,1.9356,1.93912,1.9352,1.93849,8177
2022-06-22 00:00:00,1.93495,1.94509,1.93465,1.94427,8022
2022-06-22 04:00:00,1.94425,1.95287,1.9441,1.95143,13225
2022-06-22 08:00:00,1.95152,1.95593,1.9437,1.95536,18701
2022-06-22 12:00:00,1.95536,1.9631,1.95417,1.9568,19847
2022-06-22 16:00:00,1.95673,1.95888,1.9503,1.95111,25885
2022-06-22 20:00:00,1.9511,1.95246,1.949,1.94989,11841
2022-06-23 00:00:00,1.95054,1.9544,1.94874,1.95426,7275
2022-06-23 04:00:00,1.95426,1.95855,1.9536,1.95619,15017
2022-06-23 08:00:00,1.95616,1.95748,1.9454,1.95085,19915
2022-06-23 12:00:00,1.95085,1.95245,1.9466,1.94772,19176
2022-06-23 16:00:00,1.94772,1.9512,1.94693,1.9509,27114
2022-06-23 20:00:00,1.9509,1.95429,1.9494,1.95188,12322
2022-06-24 00:00:00,1.9515,1.9543,1.94673,1.94775,10477
2022-06-24 04:00:00,1.94775,1.95296,1.94691,1.94827,12495
2022-06-24 08:00:00,1.94819,1.95,1.94647,1.94855,16930
2022-06-24 12:00:00,1.94855,1.95302,1.94785,1.951,15568
2022-06-24 16:00:00,1.951,1.9531,1.94094,1.9411,19196
2022-06-24 20:00:00,1.941,1.94399,1.94051,1.94389,7699
2022-06-27 00:00:00,1.94148,1.94828,1.94,1.94661,10267
2022-06-27 04:00:00,1.94661,1.94828,1.94451,1.94554,14093
2022-06-27 08:00:00,1.94554,1.95252,1.94262,1.94767,19097
2022-06-27 12:00:00,1.94767,1.94992,1.94375,1.94543,20710
2022-06-27 16:00:00,1.94543,1.9493,1.94348,1.94833,24491
2022-06-27 20:00:00,1.94833,1.9505,1.94619,1.94668,13022
2022-06-28 00:00:00,1.94554,1.94937,1.9433,1.9474,7302
2022-06-28 04:00:00,1.9474,1.95058,1.94625,1.94891,16733
2022-06-28 08:00:00,1.94891,1.9523,1.94579,1.94909,19856
2022-06-28 12:00:00,1.94905,1.95139,1.94757,1.94819,18176
2022-06-28 16:00:00,1.94819,1.95269,1.94618,1.94924,20450
2022-06-28 20:00:00,1.94924,1.95312,1.9485,1.95299,10287
2022-06-29 00:00:00,1.95332,1.9547,1.95118,1.95402,9858
2022-06-29 04:00:00,1.95402,1.95472,1.94952,1.94952,14252
2022-06-29 08:00:00,1.94949,1.95798,1.94949,1.95638,23055
2022-06-29 12:00:00,1.95638,1.95945,1.9486,1.95209,23268
2022-06-29 16:00:00,1.95209,1.95432,1.94619,1.95009,25532
2022-06-29 20:00:00,1.95009,1.95119,1.94727,1.94818,9209
2022-06-30 00:00:00,1.94968,1.95233,1.94644,1.95149,7605
2022-06-30 04:00:00,1.95142,1.95383,1.94886,1.94978,15151
2022-06-30 08:00:00,1.94978,1.95581,1.94768,1.94827,23429
2022-06-30 12:00:00,1.94827,1.95139,1.9451,1.94723,18635
2022-06-30 16:00:00,1.94723,1.95598,1.94436,1.9479,25472
2022-06-30 20:00:00,1.9479,1.95109,1.9471,1.94998,13688
2022-07-01 00:00:00,1.94958,1.95207,1.94656,1.95024,8420
2022-07-01 04:00:00,1.95025,1.96299,1.94909,1.96237,17509
2022-07-01 08:00:00,1.9624,1.96353,1.95639,1.95863,21562
2022-07-01 12:00:00,1.95853,1.96125,1.95042,1.95125,22921
2022-07-01 16:00:00,1.95125,1.95206,1.93978,1.94715,26726
2022-07-01 20:00:00,1.94709,1.95023,1.94295,1.94779,10838
2022-07-04 00:00:00,1.95356,1.95356,1.9476,1.94824,10868
2022-07-04 04:00:00,1.94827,1.95182,1.9476,1.94824,18349
2022-07-04 08:00:00,1.94824,1.94824,1.94126,1.94565,20081
2022-07-04 12:00:00,1.94563,1.94833,1.9395,1.94781,20934
2022-07-04 16:00:00,1.94781,1.95296,1.9468,1.94839,19171
2022-07-04 20:00:00,1.94839,1.95144,1.94742,1.94869,7356
2022-07-05 00:00:00,1.9503,1.95122,1.94556,1.94645,10548
2022-07-05 04:00:00,1.94642,1.95285,1.94511,1.94879,18148
2022-07-05 08:00:00,1.94892,1.95818,1.94654,1.95555,25141
2022-07-05 12:00:00,1.95555,1.95622,1.9469,1.94758,25361
2022-07-05 16:00:00,1.94764,1.95174,1.93779,1.94265,27609
2022-07-05 20:00:00,1.94267,1.9434,1.93645,1.93789,16973
2022-07-06 00:00:00,1.93275,1.9389,1.93248,1.93791,11303
2022-07-06 04:00:00,1.93791,1.94054,1.936,1.93811,21240
2022-07-06 08:00:00,1.93811,1.93951,1.93499,1.93653,29701
2022-07-06 12:00:00,1.93647,1.93709,1.9228,1.92525,29147
2022-07-06 16:00:00,1.92514,1.94185,1.92466,1.94021,32854
2022-07-06 20:00:00,1.94021,1.9414,1.93747,1.93877,22799
2022-07-07 00:00:00,1.93954,1.93985,1.93641,1.93813,10849
2022-07-07 04:00:00,1.93815,1.93843,1.93174,1.9322,20807
2022-07-07 08:00:00,1.9323,1.9389,1.9311,1.93605,25438
2022-07-07 12:00:00,1.936,1.94337,1.9341,1.93955,26485
2022-07-07 16:00:00,1.93956,1.94555,1.9375,1.94529,28609
2022-07-07 20:00:00,1.94534,1.94782,1.9432,1.94639,12938
2022-07-08 00:00:00,1.94464,1.9485,1.94376,1.94606,8864
2022-07-08 04:00:00,1.94607,1.94979,1.94574,1.94679,19971
2022-07-08 08:00:00,1.94679,1.94744,1.93804,1.93951,24859
2022-07-08 12:00:00,1.93951,1.95233,1.93905,1.95105,25776
2022-07-08 16:00:00,1.951,1.95156,1.93782,1.9459,28679
2022-07-08 20:00:00,1.9459,1.94636,1.94321,1.94435,9251
2022-07-11 00:00:00,1.94306,1.9462,1.94093,1.94389,10854
2022-07-11 04:00:00,1.94386,1.94451,1.94099,1.94235,18518
2022-07-11 08:00:00,1.94239,1.94397,1.9392,1.94071,20710
2022-07-11 12:00:00,1.94072,1.95059,1.94057,1.95051,20302
2022-07-11 16:00:00,1.95052,1.95059,1.93795,1.94149,28209
2022-07-11 20:00:00,1.94152,1.94656,1.94119,1.94508,16962
2022-07-12 00:00:00,1.94694,1.94694,1.94332,1.94463,10236
2022-07-12 04:00:00,1.94466,1.94563,1.94167,1.94296,21525
2022-07-12 08:00:00,1.94298,1.94372,1.93503,1.93796,26146
2022-07-12 12:00:00,1.93796,1.93999,1.9322,1.9339,24075
2022-07-12 16:00:00,1.93382,1.94005,1.93366,1.93963,26047
2022-07-12 20:00:00,1.93959,1.9412,1.93894,1.93998,13179
2022-07-13 00:00:00,1.93654,1.94178,1.9356,1.94067,9355
2022-07-13 04:00:00,1.94067,1.946,1.93457,1.94121,18805
2022-07-13 08:00:00,1.94121,1.94763,1.93607,1.93762,23781
2022-07-13 12:00:00,1.93759,1.94846,1.93565,1.94309,24670
2022-07-13 16:00:00,1.94319,1.9457,1.93517,1.93792,34187
2022-07-13 20:00:00,1.93789,1.94075,1.93696,1.93926,18952
2022-07-14 00:00:00,1.94028,1.94248,1.93762,1.94131,12687
2022-07-14 04:00:00,1.94127,1.94181,1.93507,1.93557,20530
2022-07-14 08:00:00,1.93557,1.94381,1.93367,1.9431,26124
2022-07-14 12:00:00,1.94309,1.94517,1.94075,1.94144,27838
2022-07-14 16:00:00,1.94137,1.94361,1.92932,1.93074,32698
2022-07-14 20:00:00,1.93059,1.9324,1.92842,1.93068,18842
2022-07-15 00:00:00,1.9275,1.93247,1.92648,1.93156,10286
2022-07-15 04:00:00,1.93156,1.93209,1.92781,1.92958,19513
2022-07-15 08:00:00,1.92956,1.93285,1.92646,1.92925,23970
2022-07-15 12:00:00,1.92919,1.93062,1.92221,1.9229,24389
2022-07-15 16:00:00,1.92291,1.92629,1.92149,1.92492,24535
2022-07-15 20:00:00,1.92499,1.92805,1.92368,1.92658,7218
2022-07-18 00:00:00,1.92694,1.92925,1.91991,1.92072,7900
2022-07-18 04:00:00,1.92072,1.92874,1.91899,1.92818,16476
2022-07-18 08:00:00,1.92818,1.9367,1.92799,1.93426,22823
2022-07-18 12:00:00,1.93424,1.94254,1.93406,1.9399,22591
2022-07-18 16:00:00,1.93989,1.94649,1.93988,1.94134,25272
2022-07-18 20:00:00,1.94135,1.9426,1.93968,1.94199,15776
2022-07-19 00:00:00,1.94093,1.9437,1.94032,1.94209,8153
2022-07-19 04:00:00,1.94209,1.94277,1.93391,1.9359,15546
2022-07-19 08:00:00,1.9359,1.9396,1.92784,1.9301,22773
2022-07-19 12:00:00,1.9301,1.93049,1.92682,1.9285,22805
2022-07-19 16:00:00,1.9284,1.93174,1.92723,1.92741,18883
2022-07-19 20:00:00,1.9274,1.92872,1.92545,1.92746,7945
2022-07-20 00:00:00,1.92276,1.92806,1.9219,1.9247,7819
2022-07-20 04:00:00,1.9247,1.92704,1.91811,1.91823,12189
2022-07-20 08:00:00,1.91823,1.92385,1.91822,1.92307,17149
2022-07-20 12:00:00,1.92307,1.92382,1.9137,1.91723,18348
2022-07-20 16:00:00,1.91723,1.92395,1.91603,1.9229,18113
2022-07-20 20:00:00,1.9229,1.9239,1.92135,1.92269,9908
2022-07-21 00:00:00,1.91789,1.92392,1.91789,1.92281,6863
2022-07-21 04:00:00,1.92281,1.9261,1.92246,1.92248,11253
2022-07-21 08:00:00,1.92247,1.9285,1.92225,1.92671,19681
2022-07-21 12:00:00,1.92671,1.93089,1.9236,1.92535,20389
2022-07-21 16:00:00,1.92534,1.92568,1.9185,1.92331,25325
2022-07-21 20:00:00,1.9233,1.92511,1.91809,1.91889,9921
2022-07-22 00:00:00,1.91584,1.92126,1.9158,1.92068,7838
2022-07-22 04:00:00,1.92065,1.92416,1.91994,1.92402,11598
2022-07-22 08:00:00,1.92402,1.9249,1.9128,1.91798,18501
2022-07-22 12:00:00,1.91798,1.91857,1.9067,1.91003,20902
2022-07-22 16:00:00,1.91003,1.91798,1.90765,1.91679,22174
2022-07-22 20:00:00,1.91678,1.92208,1.91516,1.92009,11649
2022-07-25 00:00:00,1.91766,1.92489,1.91546,1.92387,6859
2022-07-25 04:00:00,1.92387,1.92507,1.92119,1.92178,14033
2022-07-25 08:00:00,1.9218,1.9233,1.91895,1.9232,19346
2022-07-25 12:00:00,1.92312,1.92649,1.91847,1.92647,25770
2022-07-25 16:00:00,1.92647,1.92739,1.92214,1.9234,24053
2022-07-25 20:00:00,1.92341,1.92404,1.92203,1.92325,9774
2022-07-26 00:00:00,1.91984,1.92699,1.91984,1.92687,6156
2022-07-26 04:00:00,1.92687,1.92819,1.92387,1.92596,8867
2022-07-26 08:00:00,1.92599,1.92702,1.92234,1.92508,15353
2022-07-26 12:00:00,1.92508,1.92728,1.91959,1.92529,17919
2022-07-26 16:00:00,1.92532,1.93034,1.92289,1.92831,18304
2022-07-26 20:00:00,1.92832,1.93197,1.92812,1.9303,7337
2022-07-27 00:00:00,1.92604,1.93046,1.9231,1.92908,5837
2022-07-27 04:00:00,1.92912,1.93485,1.92796,1.93321,8947
2022-07-27 08:00:00,1.93321,1.93649,1.93235,1.93535,16823
2022-07-27 12:00:00,1.93536,1.93852,1.93357,1.93703,16570
2022-07-27 16:00:00,1.93705,1.94298,1.93604,1.94221,15026
2022-07-27 20:00:00,1.94225,1.94482,1.93939,1.94009,17586
2022-07-28 00:00:00,1.94026,1.94402,1.93756,1.9413,6358
2022-07-28 04:00:00,1.9412,1.9438,1.93798,1.93976,11119
2022-07-28 08:00:00,1.93983,1.94061,1.93554,1.93737,16507
2022-07-28 12:00:00,1.93731,1.93731,1.93071,1.93138,19059
2022-07-28 16:00:00,1.93141,1.93579,1.93085,1.93482,21424
2022-07-28 20:00:00,1.93482,1.93599,1.93313,1.9351,7487
2022-07-29 00:00:00,1.937,1.937,1.93159,1.93455,6931
2022-07-29 04:00:00,1.93455,1.93564,1.92939,1.93239,11923
2022-07-29 08:00:00,1.9323,1.93652,1.92929,1.93103,19035
2022-07-29 12:00:00,1.93097,1.93946,1.92998,1.93791,21108
2022-07-29 16:00:00,1.93789,1.94296,1.93499,1.94034,23389
2022-07-29 20:00:00,1.94035,1.94056,1.93389,1.93598,6734
2022-08-01 00:00:00,1.93574,1.93846,1.93436,1.93569,7286
2022-08-01 04:00:00,1.93569,1.9381,1.93412,1.93416,9328
2022-08-01 08:00:00,1.93416,1.93725,1.93034,1.93399,18355
2022-08-01 12:00:00,1.93404,1.93593,1.92859,1.93369,23148
2022-08-01 16:00:00,1.93371,1.93704,1.93154,1.93483,29089
2022-08-01 20:00:00,1.93484,1.93693,1.93416,1.93479,13003
2022-08-02 00:00:00,1.93436,1.93771,1.9308,1.93704,6531
2022-08-02 04:00:00,1.93704,1.94013,1.93238,1.93982,15972
2022-08-02 08:00:00,1.93982,1.94278,1.93922,1.94182,22956
2022-08-02 12:00:00,1.94181,1.9452,1.93888,1.94449,18580
2022-08-02 16:00:00,1.9445,1.94591,1.9408,1.94211,23092
2022-08-02 20:00:00,1.9422,1.94533,1.94155,1.94429,10011
2022-08-03 00:00:00,1.946,1.95393,1.94207,1.95316,11746
2022-08-03 04:00:00,1.95316,1.95316,1.94621,1.9475,11855
2022-08-03 08:00:00,1.9475,1.95147,1.94209,1.946,17158
2022-08-03 12:00:00,1.946,1.95115,1.94425,1.94556,17099
2022-08-03 16:00:00,1.94559,1.94729,1.94014,1.94099,19629
2022-08-03 20:00:00,1.94099,1.94213,1.9347,1.93611,8932
2022-08-04 00:00:00,1.9346,1.93722,1.93286,1.93496,6555
2022-08-04 04:00:00,1.93496,1.93511,1.93025,1.9316,8417
2022-08-04 08:00:00,1.9316,1.93221,1.92871,1.9303,14280
2022-08-04 12:00:00,1.9303,1.93434,1.9151,1.92419,21215
2022-08-04 16:00:00,1.92425,1.9301,1.92395,1.92887,19774
2022-08-04 20:00:00,1.92884,1.93124,1.92795,1.92948,6855
2022-08-05 00:00:00,1.9263,1.93149,1.9263,1.93042,6678
2022-08-05 04:00:00,1.93043,1.93243,1.92767,1.92869,9570
2022-08-05 08:00:00,1.92868,1.9323,1.92722,1.92878,15605
2022-08-05 12:00:00,1.92878,1.93477,1.92701,1.93201,16130
2022-08-05 16:00:00,1.93195,1.93442,1.9284,1.93252,22519
2022-08-05 20:00:00,1.93251,1.9352,1.9324,1.93319,9266
2022-08-08 00:00:00,1.92744,1.93431,1.92744,1.93371,8456
2022-08-08 04:00:00,1.93371,1.9354,1.92911,1.93415,12091
2022-08-08 08:00:00,1.93415,1.93681,1.92972,1.93029,17734
2022-08-08 12:00:00,1.93029,1.93085,1.92281,1.92551,15202
2022-08-08 16:00:00,1.92552,1.9271,1.92154,1.92213,21076
2022-08-08 20:00:00,1.92212,1.9231,1.9212,1.92144,14066
2022-08-09 00:00:00,1.92026,1.92327,1.9187,1.92291,7836
2022-08-09 04:00:00,1.9229,1.92458,1.92148,1.92384,11665
2022-08-09 08:00:00,1.92383,1.92712,1.9229,1.92646,18661
2022-08-09 12:00:00,1.92644,1.92907,1.92346,1.92624,19229
2022-08-09 16:00:00,1.92626,1.93002,1.92232,1.92429,16130
2022-08-09 20:00:00,1.92429,1.9247,1.91969,1.92059,6415
2022-08-10 00:00:00,1.9183,1.92325,1.91727,1.92199,4870
2022-08-10 04:00:00,1.922,1.922,1.91901,1.92101,9926
2022-08-10 08:00:00,1.92101,1.9219,1.9169,1.9169,16152
2022-08-10 12:00:00,1.9169,1.92549,1.91158,1.91456,17687
2022-08-10 16:00:00,1.91451,1.91622,1.90438,1.90557,25021
2022-08-10 20:00:00,1.9056,1.90898,1.90307,1.90722,10997
2022-08-11 00:00:00,1.90757,1.90824,1.90453,1.90612,6891
2022-08-11 04:00:00,1.90612,1.90872,1.90582,1.90851,13789
2022-08-11 08:00:00,1.90852,1.90871,1.90217,1.90428,18627
2022-08-11 12:00:00,1.90428,1.90601,1.89506,1.8969,23034
2022-08-11 16:00:00,1.89689,1.89847,1.8934,1.8969,20254
2022-08-11 20:00:00,1.89691,1.89861,1.89571,1.89715,9596
2022-08-12 00:00:00,1.89467,1.89719,1.89324,1.8947,6896
2022-08-12 04:00:00,1.8947,1.89614,1.88596,1.88641,10363
2022-08-12 08:00:00,1.88652,1.89029,1.88627,1.88913,16373
2022-08-12 12:00:00,1.88908,1.88914,1.8814,1.88154,19503
2022-08-12 16:00:00,1.8816,1.88495,1.87968,1.88126,20792
2022-08-12 20:00:00,1.88126,1.88268,1.8789,1.87979,8304
2022-08-15 00:00:00,1.87888,1.88264,1.8781,1.88258,7176
2022-08-15 04:00:00,1.88258,1.88752,1.87986,1.88707,13159
2022-08-15 08:00:00,1.88707,1.89519,1.88701,1.8947,18837
2022-08-15 12:00:00,1.89473,1.90069,1.8939,1.90066,23986
2022-08-15 16:00:00,1.90068,1.90163,1.89249,1.89579,20627
2022-08-15 20:00:00,1.8958,1.89589,1.89304,1.89368,11016
2022-08-16 00:00:00,1.89136,1.89638,1.89126,1.89517,5802
2022-08-16 04:00:00,1.89518,1.89622,1.8926,1.89557,13452
2022-08-16 08:00:00,1.89556,1.90099,1.89346,1.89934,17824
2022-08-16 12:00:00,1.89938,1.9065,1.89916,1.90594,20323
2022-08-16 16:00:00,1.90593,1.91054,1.90271,1.90659,18839
2022-08-16 20:00:00,1.90658,1.90754,1.90479,1.90648,6481
2022-08-17 00:00:00,1.90228,1.90962,1.90228,1.90883,8747
2022-08-17 04:00:00,1.90883,1.91295,1.89768,1.90542,14389
2022-08-17 08:00:00,1.90542,1.91849,1.90492,1.91762,19359
2022-08-17 12:00:00,1.91762,1.922,1.91561,1.91857,20037
2022-08-17 16:00:00,1.91857,1.92375,1.91727,1.91908,19147
2022-08-17 20:00:00,1.91918,1.92094,1.91576,1.91798,12726
2022-08-18 00:00:00,1.91345,1.92086,1.91345,1.91909,7510
2022-08-18 04:00:00,1.91917,1.92105,1.91731,1.91746,12925
2022-08-18 08:00:00,1.91755,1.92439,1.91679,1.92199,21388
2022-08-18 12:00:00,1.92197,1.92233,1.91188,1.91276,18844
2022-08-18 16:00:00,1.91275,1.91505,1.90877,1.90983,17603
2022-08-18 20:00:00,1.90983,1.91046,1.9057,1.90658,8855
2022-08-19 00:00:00,1.9031,1.91232,1.90305,1.91023,8028
2022-08-19 04:00:00,1.91023,1.91234,1.9074,1.90862,12133
2022-08-19 08:00:00,1.90862,1.91312,1.90719,1.91021,19380
2022-08-19 12:00:00,1.91019,1.91066,1.90399,1.90623,19424
2022-08-19 16:00:00,1.90626,1.91449,1.90626,1.91399,17237
2022-08-19 20:00:00,1.91401,1.91716,1.91323,1.91578,7707
2022-08-22 00:00:00,1.91167,1.91608,1.90994,1.91027,7877
2022-08-22 04:00:00,1.91037,1.91311,1.90682,1.90784,10687
2022-08-22 08:00:00,1.90782,1.90903,1.90195,1.9048,18963
2022-08-22 12:00:00,1.90479,1.90769,1.90161,1.90679,21289
2022-08-22 16:00:00,1.9068,1.9104,1.90552,1.90923,20908
2022-08-22 20:00:00,1.90923,1.90932,1.90551,1.90704,6991
2022-08-23 00:00:00,1.90697,1.90723,1.9024,1.90505,7587
2022-08-23 04:00:00,1.90505,1.90508,1.90043,1.90248,13621
2022-08-23 08:00:00,1.90249,1.9052,1.8982,1.90383,20314
2022-08-23 12:00:00,1.9038,1.90662,1.90172,1.9049,18208
2022-08-23 16:00:00,1.90488,1.90695,1.90027,1.903,23798
2022-08-23 20:00:00,1.903,1.90481,1.90197,1.90389,8445
2022-08-24 00:00:00,1.89972,1.90751,1.89931,1.90684,7334
2022-08-24 04:00:00,1.90684,1.91032,1.90562,1.90868,12031
2022-08-24 08:00:00,1.90862,1.91042,1.90631,1.9065,16441
2022-08-24 12:00:00,1.90649,1.90814,1.90257,1.9067,21115
2022-08-24 16:00:00,1.9067,1.90879,1.90508,1.90665,22033
2022-08-24 20:00:00,1.9066,1.90771,1.90529,1.90529,7416
2022-08-25 00:00:00,1.9047,1.90854,1.9032,1.90688,9079
2022-08-25 04:00:00,1.90692,1.90701,1.89975,1.90234,12642
2022-08-25 08:00:00,1.90232,1.90396,1.89542,1.89569,20004
2022-08-25 12:00:00,1.89574,1.89972,1.89501,1.8985,18030
2022-08-25 16:00:00,1.89849,1.90268,1.89705,1.90087,18002
2022-08-25 20:00:00,1.90087,1.90181,1.89973,1.90099,6632
2022-08-26 00:00:00,1.89607,1.90455,1.89607,1.90412,6341
2022-08-26 04:00:00,1.90412,1.90735,1.90341,1.90562,8985
2022-08-26 08:00:00,1.90564,1.90595,1.9014,1.90384,15434
2022-08-26 12:00:00,1.90384,1.90664,1.9027,1.90541,16039
2022-08-26 16:00:00,1.9054,1.91412,1.9038,1.9117,25699
2022-08-26 20:00:00,1.9117,1.9148,1.9114,1.91284,8201
2022-08-29 00:00:00,1.91366,1.91443,1.9106,1.91159,8857
2022-08-29 04:00:00,1.91159,1.91212,1.90349,1.90909,13502
2022-08-29 08:00:00,1.90909,1.91236,1.90816,1.90953,21263
2022-08-29 12:00:00,1.90953,1.91433,1.90565,1.90636,23442
2022-08-29 16:00:00,1.90635,1.90717,1.90119,1.90187,29576
2022-08-29 20:00:00,1.90187,1.90299,1.9013,1.90158,15383
2022-08-30 00:00:00,1.89905,1.90508,1.89875,1.90422,6619
2022-08-30 04:00:00,1.9043,1.90638,1.90059,1.90526,11418
2022-08-30 08:00:00,1.90529,1.90644,1.8961,1.89623,19368
2022-08-30 12:00:00,1.89613,1.90055,1.89492,1.8995,22346
2022-08-30 16:00:00,1.89937,1.90205,1.89616,1.89898,24708
2022-08-30 20:00:00,1.89887,1.90141,1.89757,1.90128,10157
2022-08-31 00:00:00,1.89996,1.90196,1.89977,1.90044,5894
2022-08-31 04:00:00,1.90042,1.90302,1.9,1.90146,12678
2022-08-31 08:00:00,1.90146,1.90208,1.89565,1.89935,22085
2022-08-31 12:00:00,1.89935,1.90191,1.89534,1.89661,22967
2022-08-31 16:00:00,1.89661,1.89964,1.89275,1.89666,23991
2022-08-31 20:00:00,1.89666,1.89989,1.89512,1.89851,10832
2022-09-01 00:00:00,1.89906,1.89966,1.89355,1.8988,9992
2022-09-01 04:00:00,1.8988,1.9045,1.89774,1.90265,12535
2022-09-01 08:00:00,1.90267,1.90289,1.89842,1.89989,22852
2022-09-01 12:00:00,1.89988,1.90029,1.89283,1.89563,22308
2022-09-01 16:00:00,1.89565,1.90276,1.89329,1.90164,25168
2022-09-01 20:00:00,1.90164,1.90223,1.89828,1.89888,9471
2022-09-02 00:00:00,1.89826,1.90037,1.89639,1.90037,7214
2022-09-02 04:00:00,1.9004,1.90714,1.89999,1.90683,14584
2022-09-02 08:00:00,1.90683,1.90717,1.89785,1.89821,18094
2022-09-02 12:00:00,1.89825,1.90054,1.88992,1.89018,18767
2022-09-02 16:00:00,1.89022,1.89123,1.88548,1.88832,24142
2022-09-02 20:00:00,1.88827,1.88842,1.88046,1.88279,15066
2022-09-05 00:00:00,1.88206,1.88886,1.88206,1.88508,10408
2022-09-05 04:00:00,1.88508,1.88689,1.88204,1.88215,15683
2022-09-05 08:00:00,1.88212,1.88829,1.88012,1.88789,24507
2022-09-05 12:00:00,1.88789,1.89036,1.88492,1.88513,20986
2022-09-05 16:00:00,1.88513,1.89064,1.88513,1.88946,11882
2022-09-05 20:00:00,1.88946,1.89069,1.88892,1.89017,2443
2022-09-06 00:00:00,1.88873,1.89514,1.88706,1.89159,8841
2022-09-06 04:00:00,1.89159,1.89839,1.89104,1.89779,15036
2022-09-06 08:00:00,1.89779,1.90556,1.8964,1.90489,23328
2022-09-06 12:00:00,1.90489,1.90979,1.90049,1.90253,20935
2022-09-06 16:00:00,1.90252,1.90907,1.89989,1.90781,27942
2022-09-06 20:00:00,1.90781,1.90889,1.90639,1.90724,11232
2022-09-07 00:00:00,1.90603,1.91029,1.90332,1.90805,8320
2022-09-07 04:00:00,1.90809,1.91205,1.907,1.90963,16954
2022-09-07 08:00:00,1.90964,1.91226,1.9053,1.90575,22118
2022-09-07 12:00:00,1.90575,1.9066,1.89632,1.90114,23550
2022-09-07 16:00:00,1.90115,1.90427,1.89577,1.90089,22021
2022-09-07 20:00:00,1.90085,1.90169,1.89689,1.89898,9799
2022-09-08 00:00:00,1.89576,1.90156,1.89446,1.90151,6880
2022-09-08 04:00:00,1.90151,1.9045,1.90019,1.90183,13201
2022-09-08 08:00:00,1.90183,1.90277,1.89541,1.90219,20586
2022-09-08 12:00:00,1.9022,1.90742,1.9007,1.90241,22275
2022-09-08 16:00:00,1.90238,1.90339,1.89785,1.90115,25897
2022-09-08 20:00:00,1.90115,1.90159,1.8975,1.89958,10227
2022-09-09 00:00:00,1.8983,1.89996,1.89621,1.8975,6339
2022-09-09 04:00:00,1.8975,1.89938,1.89567,1.89673,12211
2022-09-09 08:00:00,1.89671,1.90012,1.89189,1.89197,20001
2022-09-09 12:00:00,1.89178,1.89607,1.8905,1.89323,18763
2022-09-09 16:00:00,1.89322,1.89848,1.8924,1.89738,19620
2022-09-09 20:00:00,1.89738,1.89943,1.89649,1.89788,8088
2022-09-12 00:00:00,1.91006,1.91094,1.89696,1.90047,7241
2022-09-12 04:00:00,1.90046,1.90337,1.89901,1.90219,11018
2022-09-12 08:00:00,1.9022,1.90275,1.89942,1.90116,20547
2022-09-12 12:00:00,1.90116,1.90283,1.89912,1.90224,21823
2022-09-12 16:00:00,1.90223,1.90376,1.8994,1.90188,25215
2022-09-12 20:00:00,1.90184,1.90469,1.90053,1.90337,12875
2022-09-13 00:00:00,1.90327,1.90389,1.9006,1.90201,6553
2022-09-13 04:00:00,1.90201,1.9074,1.90147,1.9063,8056
2022-09-13 08:00:00,1.90628,1.91162,1.90581,1.90761,16344
2022-09-13 12:00:00,1.90763,1.9132,1.9035,1.91171,20292
2022-09-13 16:00:00,1.91176,1.91911,1.91003,1.9173,24104
2022-09-13 20:00:00,1.9172,1.92057,1.91472,1.9156,12679
2022-09-14 00:00:00,1.91617,1.91749,1.91335,1.9146,8650
2022-09-14 04:00:00,1.9146,1.92041,1.91412,1.91878,14951
2022-09-14 08:00:00,1.91881,1.92451,1.91684,1.92449,22462
2022-09-14 12:00:00,1.92447,1.93029,1.92393,1.92778,20673
2022-09-14 16:00:00,1.92778,1.92864,1.92182,1.9222,18971
2022-09-14 20:00:00,1.92217,1.92373,1.92146,1.92199,8913
2022-09-15 00:00:00,1.92107,1.9232,1.9159,1.9194,6144
2022-09-15 04:00:00,1.9194,1.92091,1.91731,1.91827,10663
2022-09-15 08:00:00,1.9183,1.92179,1.9167,1.91812,14130
2022-09-15 12:00:00,1.91812,1.92254,1.91542,1.91643,16167
2022-09-15 16:00:00,1.91643,1.9227,1.91424,1.91954,18994
2022-09-15 20:00:00,1.9195,1.92232,1.91884,1.92169,8975
2022-09-16 00:00:00,1.91967,1.9241,1.91932,1.9228,6818
2022-09-16 04:00:00,1.9228,1.92433,1.91589,1.91622,10708
2022-09-16 08:00:00,1.91621,1.91901,1.90842,1.91029,17625
2022-09-16 12:00:00,1.91037,1.91456,1.9093,1.91321,17288
2022-09-16 16:00:00,1.9132,1.91537,1.90648,1.90828,20048
2022-09-16 20:00:00,1.90828,1.90886,1.90522,1.90612,9688
2022-09-19 00:00:00,1.90391,1.90909,1.90316,1.9078,7335
2022-09-19 04:00:00,1.9078,1.91067,1.90709,1.90832,11756
2022-09-19 08:00:00,1.90832,1.91391,1.90818,1.91066,14773
2022-09-19 12:00:00,1.91067,1.91489,1.90989,1.91397,18403
2022-09-19 16:00:00,1.91402,1.92163,1.91343,1.91843,23151
2022-09-19 20:00:00,1.91842,1.91988,1.91761,1.91848,15703
2022-09-20 00:00:00,1.91396,1.92232,1.91396,1.92172,8578
2022-09-20 04:00:00,1.92168,1.92458,1.92056,1.92414,11262
2022-09-20 08:00:00,1.92414,1.93263,1.92362,1.9322,16428
2022-09-20 12:00:00,1.9322,1.93768,1.93103,1.93605,16687
2022-09-20 16:00:00,1.93604,1.93604,1.92875,1.92994,18113
2022-09-20 20:00:00,1.92989,1.93098,1.92754,1.93048,10183
2022-09-21 00:00:00,1.92779,1.92996,1.92591,1.92828,8105
2022-09-21 04:00:00,1.92828,1.93234,1.92752,1.9306,12836
2022-09-21 08:00:00,1.9306,1.9323,1.92293,1.92497,21291
2022-09-21 12:00:00,1.92496,1.92981,1.92381,1.92782,15183
2022-09-21 16:00:00,1.92786,1.93024,1.92439,1.92635,16894
2022-09-21 20:00:00,1.92639,1.92938,1.91889,1.92522,22734
2022-09-22 00:00:00,1.92376,1.93205,1.91975,1.9315,9591
2022-09-22 04:00:00,1.93159,1.93159,1.92809,1.92862,19582
2022-09-22 08:00:00,1.92862,1.93487,1.92641,1.92856,25624
2022-09-22 12:00:00,1.92856,1.93851,1.92356,1.92873,28312
2022-09-22 16:00:00,1.92851,1.93081,1.92579,1.92684,26302
2022-09-22 20:00:00,1.92684,1.92766,1.92457,1.92508,13086
2022-09-23 00:00:00,1.9224,1.92668,1.92239,1.92475,7181
2022-09-23 04:00:00,1.92477,1.92829,1.92384,1.9281,12170
2022-09-23 08:00:00,1.92814,1.9282,1.91878,1.92599,20342
2022-09-23 12:00:00,1.92589,1.93169,1.90629,1.9084,30473
2022-09-23 16:00:00,1.90838,1.91069,1.8885,1.89179,27331
2022-09-23 20:00:00,1.89175,1.89379,1.88691,1.88738,15343
2022-09-26 00:00:00,1.87784,1.8872,1.82252,1.82392,13606
2022-09-26 04:00:00,1.82462,1.84901,1.81455,1.84361,28384
2022-09-26 08:00:00,1.84351,1.8781,1.84284,1.87452,29997
2022-09-26 12:00:00,1.87446,1.9067,1.86807,1.8997,27813
2022-09-26 16:00:00,1.8997,1.90324,1.87568,1.89354,33120
2022-09-26 20:00:00,1.89354,1.8985,1.89074,1.89679,16563
2022-09-27 00:00:00,1.89328,1.90257,1.88939,1.8936,14742
2022-09-27 04:00:00,1.8936,1.90034,1.89343,1.89564,21965
2022-09-27 08:00:00,1.89566,1.89991,1.88659,1.89566,26961
2022-09-27 12:00:00,1.89564,1.89957,1.89141,1.898,23137
2022-09-27 16:00:00,1.898,1.90695,1.8937,1.89583,29033
2022-09-27 20:00:00,1.89582,1.90537,1.8942,1.90472,17325
2022-09-28 00:00:00,1.90237,1.90768,1.9012,1.90189,10139
2022-09-28 04:00:00,1.90183,1.9136,1.90056,1.90625,23185
2022-09-28 08:00:00,1.90603,1.91568,1.90531,1.9099,27308
2022-09-28 12:00:00,1.90991,1.92498,1.8783,1.89007,30864
2022-09-28 16:00:00,1.89007,1.90523,1.87996,1.90294,31415
2022-09-28 20:00:00,1.90297,1.90517,1.8987,1.90019,14593
2022-09-29 00:00:00,1.89746,1.90034,1.89305,1.89488,11350
2022-09-29 04:00:00,1.89486,1.90164,1.8936,1.89871,19667
2022-09-29 08:00:00,1.8988,1.90906,1.89573,1.90552,27872
2022-09-29 12:00:00,1.90537,1.92003,1.90207,1.92003,27372
2022-09-29 16:00:00,1.92002,1.94359,1.91977,1.9407,30177
2022-09-29 20:00:00,1.9407,1.94481,1.93545,1.94119,13113
2022-09-30 00:00:00,1.94087,1.94989,1.93877,1.9463,13776
2022-09-30 04:00:00,1.94631,1.95109,1.93803,1.94435,21301
2022-09-30 08:00:00,1.94441,1.9623,1.94108,1.95841,25959
2022-09-30 12:00:00,1.95861,1.9591,1.94242,1.94971,27156
2022-09-30 16:00:00,1.94972,1.97512,1.94722,1.97491,31327
2022-09-30 20:00:00,1.97493,1.99631,1.97401,1.99269,18338
2022-10-03 00:00:00,1.99136,1.9966,1.97737,1.97837,12420
2022-10-03 04:00:00,1.97834,1.98191,1.96982,1.9703,21566
2022-10-03 08:00:00,1.97034,1.9927,1.97028,1.98181,28700
2022-10-03 12:00:00,1.98182,1.98432,1.97466,1.97572,21252
2022-10-03 16:00:00,1.97579,1.97939,1.96972,1.97411,30156
2022-10-03 20:00:00,1.97411,1.98059,1.97209,1.97908,15402
2022-10-04 00:00:00,1.97726,1.98345,1.975,1.98263,10605
2022-10-04 04:00:00,1.98263,1.98789,1.97873,1.98723,18530
2022-10-04 08:00:00,1.98719,1.98922,1.97499,1.98409,27059
2022-10-04 12:00:00,1.98409,1.99792,1.98191,1.99382,25439
2022-10-04 16:00:00,1.99382,2.00289,1.98462,2.00219,26474
2022-10-04 20:00:00,2.00219,2.00533,1.99829,2.00244,15439
2022-10-05 00:00:00,2.00116,2.0048,1.99378,1.99547,11290
2022-10-05 04:00:00,1.99547,1.99588,1.97396,1.99349,23965
2022-10-05 08:00:00,1.99349,1.99512,1.98399,1.9913,23622
2022-10-05 12:00:00,1.9913,1.99437,1.98512,1.98613,20959
2022-10-05 16:00:00,1.98615,1.98773,1.97398,1.97922,26183
2022-10-05 20:00:00,1.97917,1.97972,1.97091,1.97457,13498
2022-10-06 00:00:00,1.97216,1.97366,1.96214,1.96758,11819
2022-10-06 04:00:00,1.96763,1.96881,1.9567,1.95909,18925
2022-10-06 08:00:00,1.95909,1.97282,1.95526,1.97159,24652
2022-10-06 12:00:00,1.97159,1.9764,1.96839,1.97418,23384
2022-10-06 16:00:00,1.974,1.98036,1.96468,1.97029,28622
2022-10-06 20:00:00,1.97019,1.97619,1.96978,1.9721,14195
2022-10-07 00:00:00,1.97034,1.97289,1.96557,1.96933,10243
2022-10-07 04:00:00,1.96933,1.97541,1.96757,1.97429,17583
2022-10-07 08:00:00,1.97429,1.98294,1.97182,1.97965,22435
2022-10-07 12:00:00,1.97962,1.98428,1.97603,1.97856,21004
2022-10-07 16:00:00,1.97858,1.98178,1.96989,1.97564,30501
2022-10-07 20:00:00,1.97564,1.97929,1.97286,1.97788,13530
2022-10-10 00:00:00,1.97295,1.97923,1.97234,1.97453,10547
2022-10-10 04:00:00,1.97453,1.9791,1.97213,1.97908,16078
2022-10-10 08:00:00,1.97908,1.98442,1.97525,1.9785,21244
2022-10-10 12:00:00,1.9785,1.9826,1.97521,1.97777,18573
2022-10-10 16:00:00,1.97777,1.98997,1.97696,1.98643,24430
2022-10-10 20:00:00,1.98642,1.99042,1.98505,1.98619,10386
2022-10-11 00:00:00,1.98306,1.9909,1.9811,1.98721,8914
2022-10-11 04:00:00,1.98721,1.99217,1.98536,1.98802,20201
2022-10-11 08:00:00,1.98802,1.9892,1.97906,1.9826,25943
2022-10-11 12:00:00,1.9826,1.98621,1.97365,1.97654,23226
2022-10-11 16:00:00,1.97651,1.9839,1.97459,1.97762,29139
2022-10-11 20:00:00,1.9776,1.98032,1.96193,1.96439,19890
2022-10-12 00:00:00,1.96061,1.96703,1.9593,1.9651,10717
2022-10-12 04:00:00,1.9651,1.97494,1.96069,1.96601,20959
2022-10-12 08:00:00,1.96592,1.9738,1.95763,1.97299,26701
2022-10-12 12:00:00,1.9729,1.98213,1.9714,1.976,22729
2022-10-12 16:00:00,1.976,1.9807,1.9701,1.9751,26556
2022-10-12 20:00:00,1.9751,1.98072,1.97404,1.97789,12513
2022-10-13 00:00:00,1.97767,1.98002,1.97517,1.9778,9374
2022-10-13 04:00:00,1.9778,1.9795,1.9743,1.97526,11987
2022-10-13 08:00:00,1.97517,1.97751,1.97323,1.97587,17073
2022-10-13 12:00:00,1.9759,2.0246,1.97545,2.02377,25361
2022-10-13 16:00:00,2.02375,2.02668,2.01246,2.0135,34583
2022-10-13 20:00:00,2.0132,2.0145,2.00423,2.00692,16289
2022-10-14 00:00:00,2.00585,2.011,1.99907,2.00006,9373
2022-10-14 04:00:00,2.00002,2.0017,1.9973,1.99956,21098
2022-10-14 08:00:00,1.99962,2.00357,1.99123,2.00131,24641
2022-10-14 12:00:00,2.00125,2.0077,1.98687,1.9918,24222
2022-10-14 16:00:00,1.9918,2.01704,1.99107,2.0074,31364
2022-10-14 20:00:00,2.0072,2.01155,2.00458,2.00744,12740
2022-10-17 00:00:00,2.0147,2.02046,2.0098,2.01912,12678
2022-10-17 04:00:00,2.01899,2.01902,2.01027,2.01159,19448
2022-10-17 08:00:00,2.01171,2.02069,2.0096,2.01409,23733
2022-10-17 12:00:00,2.01411,2.01899,2.0113,2.01419,20972
2022-10-17 16:00:00,2.01413,2.03172,2.01217,2.02179,25849
2022-10-17 20:00:00,2.02179,2.02219,2.01419,2.01575,11158
2022-10-18 00:00:00,2.0145,2.01556,2.00021,2.00384,11356
2022-10-18 04:00:00,2.00384,2.00818,1.9979,1.99867,18726
2022-10-18 08:00:00,1.99847,2.00018,1.99039,1.99374,25222
2022-10-18 12:00:00,1.99374,1.99651,1.98108,1.98243,24297
2022-10-18 16:00:00,1.98244,2.00037,1.98179,1.99286,27225
2022-10-18 20:00:00,1.99288,1.99575,1.98925,1.99072,14187
2022-10-19 00:00:00,1.99117,1.99276,1.98675,1.99081,9832
2022-10-19 04:00:00,1.99085,1.99225,1.98689,1.98912,20958
2022-10-19 08:00:00,1.98918,1.99179,1.98075,1.98132,26385
2022-10-19 12:00:00,1.98141,1.98529,1.97609,1.98491,22826
2022-10-19 16:00:00,1.98481,1.98869,1.97706,1.97879,25991
2022-10-19 20:00:00,1.97876,1.98089,1.97758,1.97758,12775
2022-10-20 00:00:00,1.97439,1.98135,1.97439,1.98017,9593
2022-10-20 04:00:00,1.98013,1.99074,1.97981,1.98725,21141
2022-10-20 08:00:00,1.98724,1.98802,1.97567,1.97576,25834
2022-10-20 12:00:00,1.97576,1.98095,1.96512,1.97978,24890
2022-10-20 16:00:00,1.9798,1.98011,1.9695,1.97389,27159
2022-10-20 20:00:00,1.97385,1.97959,1.97279,1.97828,14992
2022-10-21 00:00:00,1.97485,1.98142,1.9746,1.97875,9766
2022-10-21 04:00:00,1.97874,1.98096,1.97722,1.97932,19057
2022-10-21 08:00:00,1.9793,1.98106,1.97072,1.97165,23757
2022-10-21 12:00:00,1.97165,1.97801,1.96641,1.97478,23245
2022-10-21 16:00:00,1.97474,1.97496,1.956,1.96096,37847
2022-10-21 20:00:00,1.96103,1.96369,1.95808,1.96058,16114
2022-10-24 00:00:00,1.97036,1.9715,1.96324,1.9666,21825
2022-10-24 04:00:00,1.9666,1.9771,1.9666,1.97475,27038
2022-10-24 08:00:00,1.97481,1.99002,1.97396,1.98647,27862
2022-10-24 12:00:00,1.98641,1.99759,1.98154,1.99704,26482
2022-10-24 16:00:00,1.99704,1.99751,1.98069,1.98419,30829
2022-10-24 20:00:00,1.98426,1.98744,1.98035,1.98079,10384
2022-10-25 00:00:00,1.979,1.98354,1.97546,1.98173,14107
2022-10-25 04:00:00,1.98173,1.9856,1.9753,1.9781,23517
2022-10-25 08:00:00,1.97811,1.98878,1.97303,1.98824,24302
2022-10-25 12:00:00,1.98824,1.99707,1.98589,1.993,20583
2022-10-25 16:00:00,1.99316,1.9978,1.9877,1.99519,28468
2022-10-25 20:00:00,1.99507,1.99543,1.99076,1.99259,12309
2022-10-26 00:00:00,1.9943,1.99771,1.99147,1.99575,13641
2022-10-26 04:00:00,1.99575,1.99635,1.99072,1.99257,22896
2022-10-26 08:00:00,1.99264,1.99706,1.98571,1.99575,28661
2022-10-26 12:00:00,1.99575,1.99841,1.9897,1.99454,25604
2022-10-26 16:00:00,1.99458,1.99654,1.9872,1.9923,29741
2022-10-26 20:00:00,1.9923,1.996,1.98992,1.99269,12430
2022-10-27 00:00:00,1.99275,1.99603,1.98784,1.9928,17039
2022-10-27 04:00:00,1.9928,1.9935,1.98218,1.98302,20231
2022-10-27 08:00:00,1.98304,1.9891,1.9809,1.98876,25136
2022-10-27 12:00:00,1.98876,1.99816,1.9869,1.9879,25078
2022-10-27 16:00:00,1.98785,1.99161,1.97688,1.98158,31839
2022-10-27 20:00:00,1.98158,1.985,1.97615,1.98389,13323
2022-10-28 00:00:00,1.98257,1.98684,1.98078,1.98543,10734
2022-10-28 04:00:00,1.98548,1.98577,1.97172,1.97349,21764
2022-10-28 08:00:00,1.97356,1.98674,1.97317,1.98594,26777
2022-10-28 12:00:00,1.98589,1.9938,1.98578,1.98941,24099
2022-10-28 16:00:00,1.98941,2.00088,1.98614,1.9974,26330
2022-10-28 20:00:00,1.9974,2.00091,1.99275,1.99572,9271
2022-10-31 00:00:00,1.99453,2.00046,1.99244,1.99869,9951
2022-10-31 04:00:00,1.99859,1.99937,1.99112,1.99171,18741
2022-10-31 08:00:00,1.99169,1.9939,1.98597,1.99023,21299
2022-10-31 12:00:00,1.99023,1.99269,1.98536,1.98619,19399
2022-10-31 16:00:00,1.98619,1.99117,1.97429,1.97637,24017
2022-10-31 20:00:00,1.97633,1.97706,1.97079,1.97238,12257
2022-11-01 00:00:00,1.9702,1.97514,1.96741,1.97119,7903
2022-11-01 04:00:00,1.97109,1.97212,1.9632,1.96503,21343
2022-11-01 08:00:00,1.96502,1.96821,1.96129,1.96421,25911
2022-11-01 12:00:00,1.96416,1.96589,1.95711,1.96059,19173
2022-11-01 16:00:00,1.9606,1.9716,1.95975,1.96129,28320
2022-11-01 20:00:00,1.96129,1.9675,1.96044,1.96478,11336
2022-11-02 00:00:00,1.96456,1.96899,1.9612,1.96818,13568
2022-11-02 04:00:00,1.96823,1.9691,1.96125,1.96302,21933
2022-11-02 08:00:00,1.96303,1.96335,1.95489,1.95869,19918
2022-11-02 12:00:00,1.95869,1.95903,1.95124,1.95644,18777
2022-11-02 16:00:00,1.95644,1.9586,1.95406,1.9549,21976
2022-11-02 20:00:00,1.9549,1.9614,1.94582,1.95688,22524
2022-11-03 00:00:00,1.95606,1.9617,1.9525,1.95814,10048
2022-11-03 04:00:00,1.95817,1.95934,1.95471,1.95701,22116
2022-11-03 08:00:00,1.95697,1.96087,1.94686,1.94826,23680
2022-11-03 12:00:00,1.94826,1.95859,1.94178,1.94326,24912
2022-11-03 16:00:00,1.94326,1.9448,1.93322,1.93463,26078
2022-11-03 20:00:00,1.93466,1.93639,1.92933,1.93188,10879
2022-11-04 00:00:00,1.93063,1.94156,1.92705,1.93815,9593
2022-11-04 04:00:00,1.93817,1.93824,1.92999,1.93083,23618
2022-11-04 08:00:00,1.93084,1.93232,1.92502,1.92764,23020
2022-11-04 12:00:00,1.92764,1.92964,1.91531,1.91589,22777
2022-11-04 16:00:00,1.91589,1.91955,1.91281,1.91464,31425
2022-11-04 20:00:00,1.91466,1.91929,1.91319,1.91778,13431
2022-11-07 00:00:00,1.92417,1.92639,1.91862,1.92398,15639
2022-11-07 04:00:00,1.92405,1.9253,1.92057,1.92258,20130
2022-11-07 08:00:00,1.92254,1.93518,1.92065,1.93339,23304
2022-11-07 12:00:00,1.93339,1.93835,1.93081,1.93324,20355
2022-11-07 16:00:00,1.93321,1.94249,1.93061,1.94189,24663
2022-11-07 20:00:00,1.94199,1.94419,1.93726,1.93783,8876
2022-11-08 00:00:00,1.93806,1.94084,1.9346,1.9405,12967
2022-11-08 04:00:00,1.94053,1.94227,1.93647,1.94147,15220
2022-11-08 08:00:00,1.94143,1.943,1.93309,1.93565,22795
2022-11-08 12:00:00,1.93562,1.93649,1.92799,1.93044,18908
2022-11-08 16:00:00,1.93046,1.93686,1.92818,1.93519,24731
2022-11-08 20:00:00,1.93519,1.93835,1.93406,1.93668,14371
2022-11-09 00:00:00,1.9378,1.94199,1.93565,1.94199,15854
2022-11-09 04:00:00,1.942,1.94375,1.93779,1.94237,22598
2022-11-09 08:00:00,1.94237,1.94501,1.93514,1.93814,27661
2022-11-09 12:00:00,1.93824,1.94286,1.93424,1.93569,24140
2022-11-09 16:00:00,1.93568,1.93614,1.92569,1.92958,25885
2022-11-09 20:00:00,1.92824,1.93142,1.92708,1.92978,13615
2022-11-10 00:00:00,1.9282,1.93704,1.92805,1.93686,14569
2022-11-10 04:00:00,1.93686,1.94284,1.93644,1.94069,23408
2022-11-10 08:00:00,1.9407,1.94475,1.93787,1.93975,24325
2022-11-10 12:00:00,1.93974,1.94999,1.93479,1.94839,21691
2022-11-10 16:00:00,1.94839,1.95171,1.93985,1.94499,28966
2022-11-10 20:00:00,1.94499,1.94639,1.94109,1.94338,14056
2022-11-11 00:00:00,1.94406,1.9464,1.93808,1.94505,18434
2022-11-11 04:00:00,1.94499,1.94557,1.93899,1.93922,23970
2022-11-11 08:00:00,1.93919,1.94629,1.93864,1.94229,25209
2022-11-11 12:00:00,1.94229,1.94749,1.93785,1.93795,23035
2022-11-11 16:00:00,1.93801,1.93801,1.92663,1.92989,23237
2022-11-11 20:00:00,1.92991,1.93669,1.92951,1.93509,8952
2022-11-14 00:00:00,1.93482,1.93983,1.92878,1.93321,17693
2022-11-14 04:00:00,1.93312,1.93402,1.9291,1.93236,19668
2022-11-14 08:00:00,1.93236,1.93991,1.92889,1.93989,24361
2022-11-14 12:00:00,1.93989,1.94134,1.92972,1.9307,19799
2022-11-14 16:00:00,1.93072,1.93101,1.92029,1.9261,23198
2022-11-14 20:00:00,1.92519,1.92978,1.92467,1.92869,10710
2022-11-15 00:00:00,1.92737,1.93047,1.92496,1.9275,12209
2022-11-15 04:00:00,1.9275,1.92794,1.92318,1.9249,15248
2022-11-15 08:00:00,1.92481,1.92703,1.91949,1.92187,22372
2022-11-15 12:00:00,1.9218,1.94243,1.921,1.94205,23919
2022-11-15 16:00:00,1.94213,1.94466,1.92332,1.92544,26675
2022-11-15 20:00:00,1.92528,1.92769,1.9215,1.92749,20651
2022-11-16 00:00:00,1.92585,1.93128,1.9232,1.92708,17874
2022-11-16 04:00:00,1.92707,1.93068,1.92539,1.92613,24972
2022-11-16 08:00:00,1.92622,1.92981,1.92127,1.92267,22926
2022-11-16 12:00:00,1.92266,1.9321,1.9225,1.92725,21013
2022-11-16 16:00:00,1.92728,1.93635,1.91862,1.9339,25227
2022-11-16 20:00:00,1.93341,1.9387,1.93311,1.93719,12526
2022-11-17 00:00:00,1.9323,1.94101,1.9323,1.9373,14646
2022-11-17 04:00:00,1.9373,1.94103,1.9356,1.93912,22697
2022-11-17 08:00:00,1.93916,1.94172,1.93705,1.9413,22899
2022-11-17 12:00:00,1.9413,1.94702,1.93707,1.93779,21845
2022-11-17 16:00:00,1.93782,1.94202,1.93376,1.9349,22059
2022-11-17 20:00:00,1.93551,1.93671,1.93274,1.93601,10871
2022-11-18 00:00:00,1.93477,1.93826,1.93076,1.93089,13298
2022-11-18 04:00:00,1.93089,1.93458,1.93023,1.93078,21360
2022-11-18 08:00:00,1.93076,1.93355,1.92684,1.93229,22601
2022-11-18 12:00:00,1.9322,1.93295,1.9218,1.9288,18582
2022-11-18 16:00:00,1.9288,1.93585,1.92805,1.9318,20971
2022-11-18 20:00:00,1.93177,1.93532,1.92891,1.9307,10595
2022-11-21 00:00:00,1.92755,1.93208,1.92612,1.93124,13847
2022-11-21 04:00:00,1.93124,1.93216,1.92844,1.9299,19851
2022-11-21 08:00:00,1.92993,1.93312,1.92844,1.93276,22510
2022-11-21 12:00:00,1.93267,1.93294,1.92816,1.93058,16382
2022-11-21 16:00:00,1.93058,1.93558,1.9296,1.93509,19353
2022-11-21 20:00:00,1.93414,1.93914,1.93408,1.93758,9919
2022-11-22 00:00:00,1.93746,1.93975,1.93434,1.93647,9272
2022-11-22 04:00:00,1.93647,1.93799,1.93489,1.93639,13950
2022-11-22 08:00:00,1.93644,1.93651,1.92645,1.92909,20624
2022-11-22 12:00:00,1.92909,1.93514,1.92649,1.93319,15654
2022-11-22 16:00:00,1.93329,1.93537,1.93048,1.9336,16275
2022-11-22 20:00:00,1.93319,1.93414,1.9308,1.93138,6789
2022-11-23 00:00:00,1.93056,1.93654,1.92083,1.92528,15351
2022-11-23 04:00:00,1.92529,1.93009,1.92357,1.92678,16789
2022-11-23 08:00:00,1.92686,1.93026,1.92051,1.92922,20224
2022-11-23 12:00:00,1.92922,1.93842,1.92699,1.9355,17101
2022-11-23 16:00:00,1.93563,1.93828,1.9288,1.93339,21325
2022-11-23 20:00:00,1.93295,1.93439,1.92887,1.93001,14066
2022-11-24 00:00:00,1.93029,1.93358,1.92867,1.9319,14624
2022-11-24 04:00:00,1.93183,1.93561,1.93036,1.93349,17698
2022-11-24 08:00:00,1.93353,1.93656,1.92965,1.93376,22911
2022-11-24 12:00:00,1.93371,1.93738,1.93059,1.93196,19495
2022-11-24 16:00:00,1.93197,1.93739,1.93116,1.93347,13567
2022-11-24 20:00:00,1.9321,1.93383,1.93185,1.93297,3105
2022-11-25 00:00:00,1.93146,1.93689,1.93,1.93488,10331
2022-11-25 04:00:00,1.93489,1.93498,1.93169,1.93381,13473
2022-11-25 08:00:00,1.93383,1.93973,1.93228,1.93767,19203
2022-11-25 12:00:00,1.93768,1.94178,1.93692,1.93922,17513
2022-11-25 16:00:00,1.93929,1.93991,1.93456,1.9389,17593
2022-11-25 20:00:00,1.93849,1.93873,1.92969,1.93134,12838
2022-11-28 00:00:00,1.9367,1.94358,1.93441,1.9418,16705
2022-11-28 04:00:00,1.9418,1.94349,1.93843,1.94339,16026
2022-11-28 08:00:00,1.94339,1.94513,1.9395,1.94091,24116
2022-11-28 12:00:00,1.94093,1.94553,1.93719,1.94198,18502
2022-11-28 16:00:00,1.94194,1.94244,1.93691,1.93891,22161
2022-11-28 20:00:00,1.93872,1.94059,1.93719,1.93766,10207
2022-11-29 00:00:00,1.93705,1.94106,1.93636,1.93787,16869
2022-11-29 04:00:00,1.93787,1.93842,1.93038,1.93309,16903
2022-11-29 08:00:00,1.93305,1.93403,1.92429,1.92451,25708
2022-11-29 12:00:00,1.92465,1.93075,1.92114,1.92871,21404
2022-11-29 16:00:00,1.92869,1.93571,1.92465,1.93046,22779
2022-11-29 20:00:00,1.93127,1.93127,1.92614,1.92655,9770
2022-11-30 00:00:00,1.92626,1.92983,1.92535,1.92774,15740
2022-11-30 04:00:00,1.92774,1.92926,1.92425,1.92522,16281
2022-11-30 08:00:00,1.92524,1.92616,1.91812,1.92599,18973
2022-11-30 12:00:00,1.92596,1.92798,1.92088,1.92695,18460
2022-11-30 16:00:00,1.92684,1.92786,1.91349,1.91509,24864
2022-11-30 20:00:00,1.91586,1.9166,1.91039,1.91398,21779
2022-12-01 00:00:00,1.911,1.91589,1.911,1.91224,19030
2022-12-01 04:00:00,1.91245,1.91281,1.90935,1.91026,20522
2022-12-01 08:00:00,1.91026,1.91701,1.90937,1.91533,25067
2022-12-01 12:00:00,1.91529,1.91927,1.9117,1.91862,21999
2022-12-01 16:00:00,1.91866,1.92738,1.91459,1.92274,29343
2022-12-01 20:00:00,1.92267,1.92531,1.91984,1.9227,12221
2022-12-02 00:00:00,1.9246,1.92551,1.92099,1.9212,11595
2022-12-02 04:00:00,1.92117,1.92233,1.91467,1.91541,15674
2022-12-02 08:00:00,1.91541,1.92133,1.91295,1.91558,22056
2022-12-02 12:00:00,1.91568,1.91978,1.91362,1.91715,19617
2022-12-02 16:00:00,1.91726,1.92167,1.9162,1.91879,28724
2022-12-02 20:00:00,1.91906,1.91953,1.9134,1.91656,11882
2022-12-05 00:00:00,1.91905,1.92248,1.91643,1.91668,13612
2022-12-05 04:00:00,1.91668,1.91934,1.91492,1.91791,10906
2022-12-05 08:00:00,1.91791,1.9204,1.91416,1.91733,17911
2022-12-05 12:00:00,1.91736,1.91956,1.91181,1.917,17804
2022-12-05 16:00:00,1.91702,1.93034,1.9167,1.92791,22655
2022-12-05 20:00:00,1.92713,1.93104,1.92707,1.93016,9456
2022-12-06 00:00:00,1.9264,1.9305,1.924,1.92517,11657
2022-12-06 04:00:00,1.92517,1.92794,1.92107,1.92742,14929
2022-12-06 08:00:00,1.9275,1.934,1.92442,1.92666,21159
2022-12-06 12:00:00,1.92666,1.92818,1.9233,1.92515,18831
2022-12-06 16:00:00,1.925,1.93512,1.92257,1.92648,22524
2022-12-06 20:00:00,1.92546,1.92671,1.91946,1.92017,9509
2022-12-07 00:00:00,1.91936,1.92125,1.91494,1.91938,9509
2022-12-07 04:00:00,1.91938,1.91995,1.91628,1.91744,12437
2022-12-07 08:00:00,1.9174,1.92139,1.91584,1.91861,22404
2022-12-07 12:00:00,1.91862,1.92462,1.91646,1.91777,19772
2022-12-07 16:00:00,1.91778,1.91998,1.91187,1.91933,24244
2022-12-07 20:00:00,1.91834,1.92265,1.91707,1.92111,10648
2022-12-08 00:00:00,1.91831,1.92557,1.91831,1.92173,10108
2022-12-08 04:00:00,1.92173,1.92173,1.91719,1.91833,12474
2022-12-08 08:00:00,1.91837,1.91945,1.91481,1.91742,16249
2022-12-08 12:00:00,1.91739,1.91928,1.91487,1.91766,15817
2022-12-08 16:00:00,1.91768,1.92086,1.91594,1.92043,20315
2022-12-08 20:00:00,1.91933,1.92152,1.91618,1.91678,8301
2022-12-09 00:00:00,1.916,1.92041,1.9139,1.91553,13435
2022-12-09 04:00:00,1.91553,1.91885,1.91376,1.91591,17972
2022-12-09 08:00:00,1.91591,1.92214,1.91541,1.92166,20829
2022-12-09 12:00:00,1.92164,1.92235,1.91398,1.91855,16504
2022-12-09 16:00:00,1.91855,1.92078,1.91296,1.91376,21236
2022-12-09 20:00:00,1.91389,1.91468,1.90726,1.9118,8113
2022-12-12 00:00:00,1.91188,1.91634,1.9085,1.91296,12654
2022-12-12 04:00:00,1.91296,1.91372,1.91137,1.9134,11270
2022-12-12 08:00:00,1.91339,1.91738,1.90989,1.91207,16578
2022-12-12 12:00:00,1.9121,1.92302,1.91152,1.9214,12467
2022-12-12 16:00:00,1.92141,1.92795,1.91936,1.92541,18387
2022-12-12 20:00:00,1.92522,1.92656,1.91901,1.92139,9458
2022-12-13 00:00:00,1.92084,1.92232,1.91828,1.9202,11070
2022-12-13 04:00:00,1.9202,1.92261,1.91832,1.92063,12162
2022-12-13 08:00:00,1.92061,1.9229,1.91442,1.92005,17895
2022-12-13 12:00:00,1.92005,1.92439,1.90828,1.91416,17888
2022-12-13 16:00:00,1.91416,1.9157,1.90687,1.91303,28529
2022-12-13 20:00:00,1.9129,1.91454,1.9102,1.91259,15194
2022-12-14 00:00:00,1.91147,1.91803,1.91119,1.91607,12350
2022-12-14 04:00:00,1.91607,1.91854,1.91535,1.9174,9963
2022-12-14 08:00:00,1.9174,1.92154,1.9158,1.92089,18682
2022-12-14 12:00:00,1.92092,1.92526,1.91431,1.91966,17447
2022-12-14 16:00:00,1.91966,1.9269,1.91869,1.92673,18901
2022-12-14 20:00:00,1.9267,1.9299,1.92076,1.922,18588
2022-12-15 00:00:00,1.92407,1.92637,1.9187,1.92323,9617
2022-12-15 04:00:00,1.92316,1.92476,1.92062,1.92395,13968
2022-12-15 08:00:00,1.92395,1.93528,1.92376,1.93397,18452
2022-12-15 12:00:00,1.93401,1.93902,1.92474,1.92934,20052
2022-12-15 16:00:00,1.92934,1.93289,1.91857,1.92291,26537
2022-12-15 20:00:00,1.92234,1.92493,1.91843,1.92049,10679
2022-12-16 00:00:00,1.91608,1.92266,1.91608,1.92127,13085
2022-12-16 04:00:00,1.92128,1.9226,1.91631,1.91919,10679
2022-12-16 08:00:00,1.91919,1.92018,1.90998,1.91269,18677
2022-12-16 12:00:00,1.91269,1.9188,1.91144,1.91303,18391
2022-12-16 16:00:00,1.91298,1.91662,1.90615,1.90915,23790
2022-12-16 20:00:00,1.90903,1.90937,1.90248,1.90289,10992
2022-12-19 00:00:00,1.90191,1.90857,1.90076,1.90836,11960
2022-12-19 04:00:00,1.90836,1.91048,1.90527,1.90916,11526
2022-12-19 08:00:00,1.90917,1.91192,1.90744,1.90983,17323
2022-12-19 12:00:00,1.90966,1.91339,1.90723,1.91047,17677
2022-12-19 16:00:00,1.91049,1.91435,1.90779,1.90854,18687
2022-12-19 20:00:00,1.90809,1.9092,1.90664,1.90818,8405
2022-12-20 00:00:00,1.90635,1.91707,1.90635,1.91542,11941
2022-12-20 04:00:00,1.91542,1.92143,1.91069,1.91805,24072
2022-12-20 08:00:00,1.91807,1.92079,1.90882,1.91075,26415
2022-12-20 12:00:00,1.91075,1.92229,1.91015,1.9215,20008
2022-12-20 16:00:00,1.92147,1.92389,1.91373,1.91933,23900
2022-12-20 20:00:00,1.91959,1.92086,1.9166,1.91968,8976
2022-12-21 00:00:00,1.91746,1.92598,1.91716,1.92536,14762
2022-12-21 04:00:00,1.9254,1.93212,1.92215,1.92872,14931
2022-12-21 08:00:00,1.92872,1.93218,1.92629,1.92826,16438
2022-12-21 12:00:00,1.92826,1.92964,1.91985,1.92447,18307
2022-12-21 16:00:00,1.92447,1.92714,1.91768,1.91994,22427
2022-12-21 20:00:00,1.91999,1.92197,1.91622,1.91908,8962
2022-12-22 00:00:00,1.91656,1.9231,1.91486,1.92001,10499
2022-12-22 04:00:00,1.91995,1.92222,1.91668,1.92008,13002
2022-12-22 08:00:00,1.92006,1.92272,1.91393,1.91842,16124
2022-12-22 12:00:00,1.91842,1.92422,1.91319,1.92251,17175
2022-12-22 16:00:00,1.9225,1.92668,1.91849,1.92549,19941
2022-12-22 20:00:00,1.92559,1.92814,1.9233,1.92648,10139
2022-12-23 00:00:00,1.92475,1.92884,1.92314,1.92491,16750
2022-12-23 04:00:00,1.92491,1.9254,1.91715,1.91741,12905
2022-12-23 08:00:00,1.91739,1.9229,1.9142,1.91913,16518
2022-12-23 12:00:00,1.91917,1.92154,1.91511,1.9172,15362
2022-12-23 16:00:00,1.91726,1.92101,1.91462,1.91567,23581
2022-12-23 20:00:00,1.9159,1.91726,1.91337,1.91683,10475
2022-12-27 00:00:00,1.91307,1.9233,1.91202,1.92067,14973
2022-12-27 04:00:00,1.92067,1.92358,1.91854,1.91883,10927
2022-12-27 08:00:00,1.91883,1.9196,1.90984,1.9113,12290
2022-12-27 12:00:00,1.9113,1.91764,1.9077,1.91489,14004
2022-12-27 16:00:00,1.91483,1.91564,1.90997,1.91555,16312
2022-12-27 20:00:00,1.91457,1.91758,1.91323,1.9169,7386
2022-12-28 00:00:00,1.91273,1.91904,1.90715,1.9164,10125
2022-12-28 04:00:00,1.9164,1.92035,1.91153,1.9149,15206
2022-12-28 08:00:00,1.9149,1.91584,1.90586,1.90888,16298
2022-12-28 12:00:00,1.90887,1.9099,1.90265,1.90891,15091
2022-12-28 16:00:00,1.90893,1.91273,1.90109,1.90753,20165
2022-12-28 20:00:00,1.90653,1.90728,1.90227,1.90469,7115
2022-12-29 00:00:00,1.90383,1.90612,1.90146,1.90154,10237
2022-12-29 04:00:00,1.90157,1.90399,1.89681,1.89852,11698
2022-12-29 08:00:00,1.89848,1.91214,1.89542,1.90947,14601
2022-12-29 12:00:00,1.90947,1.91066,1.9031,1.90421,13825
2022-12-29 16:00:00,1.90421,1.90475,1.89603,1.8995,19461
2022-12-29 20:00:00,1.8992,1.9012,1.89708,1.89875,7675
2022-12-30 00:00:00,1.89807,1.90598,1.89676,1.90517,9994
2022-12-30 04:00:00,1.90516,1.9068,1.90081,1.90378,10571
2022-12-30 08:00:00,1.90386,1.90736,1.89871,1.89901,13464
2022-12-30 12:00:00,1.89901,1.90401,1.89368,1.89771,13000
2022-12-30 16:00:00,1.89771,1.90648,1.89691,1.90376,20423
2022-12-30 20:00:00,1.90337,1.90675,1.90115,1.90173,12022
2023-01-02 00:00:00,1.8986,1.90986,1.8986,1.9051,2789
2023-01-02 04:00:00,1.9051,1.91099,1.90382,1.9058,3905
2023-01-02 08:00:00,1.90581,1.90768,1.90182,1.90343,8267
2023-01-02 12:00:00,1.90342,1.90531,1.903,1.90417,1170
2023-01-02 16:00:00,1.90417,1.9075,1.89918,1.9058,1624
2023-01-02 20:00:00,1.90217,1.9051,1.89927,1.90025,3300
2023-01-03 00:00:00,1.90641,1.91171,1.90238,1.91135,14283
2023-01-03 04:00:00,1.91135,1.91237,1.89821,1.90754,16468
2023-01-03 08:00:00,1.90752,1.91854,1.90651,1.90841,23676
2023-01-03 12:00:00,1.90847,1.92419,1.90846,1.91803,18333
2023-01-03 16:00:00,1.918,1.9245,1.91439,1.9161,23398
2023-01-03 20:00:00,1.91534,1.92024,1.91432,1.91459,10195
2023-01-04 00:00:00,1.9095,1.91832,1.9095,1.91202,12890
2023-01-04 04:00:00,1.91199,1.91534,1.90965,1.91048,13598
2023-01-04 08:00:00,1.91039,1.91105,1.89959,1.90587,21276
2023-01-04 12:00:00,1.90586,1.90951,1.90157,1.90225,17544
2023-01-04 16:00:00,1.90225,1.91479,1.8996,1.91357,23050
2023-01-04 20:00:00,1.91379,1.91827,1.91356,1.91529,14517
2023-01-05 00:00:00,1.91381,1.91897,1.90925,1.91379,11916
2023-01-05 04:00:00,1.91378,1.92146,1.9136,1.91535,12059
2023-01-05 08:00:00,1.9153,1.91642,1.9087,1.91541,17575
2023-01-05 12:00:00,1.91536,1.9162,1.90383,1.91057,18064
2023-01-05 16:00:00,1.91057,1.9143,1.90822,1.91333,22660
2023-01-05 20:00:00,1.91229,1.91411,1.90837,1.91249,10228
2023-01-06 00:00:00,1.91077,1.91402,1.90815,1.91247,24157
2023-01-06 04:00:00,1.91249,1.91327,1.90748,1.91084,13918
2023-01-06 08:00:00,1.91088,1.91561,1.90784,1.9089,20847
2023-01-06 12:00:00,1.90882,1.91395,1.90471,1.9052,20832
2023-01-06 16:00:00,1.9052,1.91019,1.90244,1.90624,27082
2023-01-06 20:00:00,1.90629,1.90654,1.9014,1.90529,9263
2023-01-09 00:00:00,1.90686,1.90737,1.8997,1.90019,12772
2023-01-09 04:00:00,1.90019,1.90207,1.8976,1.89873,14726
2023-01-09 08:00:00,1.89873,1.90549,1.89673,1.90238,22812
2023-01-09 12:00:00,1.9024,1.90346,1.89867,1.90157,18608
2023-01-09 16:00:00,1.90158,1.90944,1.90158,1.90843,22596
2023-01-09 20:00:00,1.90889,1.91296,1.90841,1.91258,12001
2023-01-10 00:00:00,1.91105,1.91434,1.90796,1.90833,10498
2023-01-10 04:00:00,1.9083,1.9118,1.90582,1.90854,16568
2023-01-10 08:00:00,1.90854,1.91066,1.90569,1.90891,20894
2023-01-10 12:00:00,1.90891,1.91195,1.90559,1.90989,16512
2023-01-10 16:00:00,1.90989,1.91259,1.90448,1.90942,24588
2023-01-10 20:00:00,1.90939,1.91208,1.90685,1.90721,8357
2023-01-11 00:00:00,1.90616,1.90856,1.90257,1.90767,9751
2023-01-11 04:00:00,1.90767,1.90919,1.90518,1.90709,12888
2023-01-11 08:00:00,1.90709,1.91057,1.90439,1.90467,17024
2023-01-11 12:00:00,1.90467,1.91136,1.90414,1.90508,14623
2023-01-11 16:00:00,1.90507,1.914,1.90489,1.90902,19607
2023-01-11 20:00:00,1.90939,1.91041,1.90601,1.90818,11946
2023-01-12 00:00:00,1.90716,1.9103,1.90492,1.90861,12362
2023-01-12 04:00:00,1.90861,1.91043,1.90661,1.90991,14402
2023-01-12 08:00:00,1.90991,1.91509,1.90844,1.91405,17589
2023-01-12 12:00:00,1.91405,1.91806,1.90651,1.90767,20058
2023-01-12 16:00:00,1.90759,1.91432,1.90579,1.91045,31144
2023-01-12 20:00:00,1.91036,1.91149,1.90718,1.90962,14048
2023-01-13 00:00:00,1.90844,1.91625,1.90788,1.91236,15160
2023-01-13 04:00:00,1.91238,1.9152,1.91143,1.91401,15559
2023-01-13 08:00:00,1.914,1.91469,1.90851,1.91222,21584
2023-01-13 12:00:00,1.91222,1.91911,1.91055,1.91799,18659
2023-01-13 16:00:00,1.91795,1.92118,1.91418,1.91549,22885
2023-01-13 20:00:00,1.91554,1.91729,1.91491,1.91578,9597
2023-01-16 00:00:00,1.91254,1.91732,1.91127,1.91291,12071
2023-01-16 04:00:00,1.91291,1.91507,1.9101,1.91417,17439
2023-01-16 08:00:00,1.91424,1.91556,1.90806,1.90815,17110
2023-01-16 12:00:00,1.90815,1.91156,1.90546,1.9102,11994
2023-01-16 16:00:00,1.9102,1.91179,1.90849,1.90871,10561
2023-01-16 20:00:00,1.90811,1.91173,1.90808,1.91079,4258
2023-01-17 00:00:00,1.90997,1.91197,1.907,1.9076,13507
2023-01-17 04:00:00,1.90763,1.91016,1.903,1.90648,15517
2023-01-17 08:00:00,1.90648,1.91005,1.90406,1.90895,18367
2023-01-17 12:00:00,1.90891,1.91713,1.90861,1.91452,19989
2023-01-17 16:00:00,1.91451,1.91631,1.90672,1.90863,27079
2023-01-17 20:00:00,1.90719,1.91139,1.90676,1.91129,10482
2023-01-18 00:00:00,1.91077,1.91197,1.9042,1.9045,11059
2023-01-18 04:00:00,1.9045,1.90706,1.90168,1.90336,22831
2023-01-18 08:00:00,1.90339,1.9084,1.90019,1.905,24182
2023-01-18 12:00:00,1.90502,1.9108,1.90424,1.90496,20612
2023-01-18 16:00:00,1.90497,1.91804,1.90378,1.91745,26809
2023-01-18 20:00:00,1.91667,1.91971,1.9149,1.91529,10938
2023-01-19 00:00:00,1.91682,1.921,1.91329,1.91985,12130
2023-01-19 04:00:00,1.91985,1.92318,1.91762,1.92232,13803
2023-01-19 08:00:00,1.92231,1.93338,1.92153,1.9316,19619
2023-01-19 12:00:00,1.93162,1.93752,1.9299,1.9317,20967
2023-01-19 16:00:00,1.9317,1.94014,1.92925,1.93704,24105
2023-01-19 20:00:00,1.93645,1.94048,1.93434,1.93739,10404
2023-01-20 00:00:00,1.93507,1.93823,1.93242,1.93254,11778
2023-01-20 04:00:00,1.93252,1.93317,1.92891,1.9293,10790
2023-01-20 08:00:00,1.9293,1.93027,1.91961,1.92346,17301
2023-01-20 12:00:00,1.92349,1.92686,1.92169,1.92585,18035
2023-01-20 16:00:00,1.92578,1.92643,1.915,1.91712,21077
2023-01-20 20:00:00,1.91712,1.9176,1.91462,1.91546,9907
2023-01-23 00:00:00,1.91587,1.91776,1.9109,1.91462,10761
2023-01-23 04:00:00,1.91462,1.92054,1.91438,1.91747,11244
2023-01-23 08:00:00,1.91746,1.91973,1.91029,1.91044,17110
2023-01-23 12:00:00,1.91036,1.91384,1.90399,1.91277,16478
2023-01-23 16:00:00,1.91277,1.9161,1.9061,1.90956,21061
2023-01-23 20:00:00,1.90949,1.9102,1.90575,1.90708,10000
2023-01-24 00:00:00,1.90615,1.9093,1.90527,1.90699,9248
2023-01-24 04:00:00,1.90699,1.9076,1.90261,1.90324,8951
2023-01-24 08:00:00,1.90329,1.90871,1.89847,1.90119,16971
2023-01-24 12:00:00,1.90109,1.90182,1.89336,1.89626,15980
2023-01-24 16:00:00,1.8962,1.89776,1.89129,1.89399,21214
2023-01-24 20:00:00,1.89419,1.8986,1.89059,1.89668,8079
2023-01-25 00:00:00,1.89471,1.90409,1.89357,1.9016,11751
2023-01-25 04:00:00,1.9016,1.90179,1.89731,1.90046,12992
2023-01-25 08:00:00,1.90037,1.90173,1.89734,1.89978,16197
2023-01-25 12:00:00,1.89978,1.90839,1.89786,1.90703,14727
2023-01-25 16:00:00,1.90704,1.91519,1.90622,1.91485,22183
2023-01-25 20:00:00,1.91498,1.91498,1.91105,1.91357,8685
2023-01-26 00:00:00,1.91216,1.91599,1.91094,1.91378,7961
2023-01-26 04:00:00,1.91379,1.91422,1.90834,1.91053,12296
2023-01-26 08:00:00,1.91053,1.9129,1.90843,1.91206,17197
2023-01-26 12:00:00,1.91206,1.91304,1.90829,1.90947,15636
2023-01-26 16:00:00,1.90945,1.914,1.90608,1.91278,24928
2023-01-26 20:00:00,1.91239,1.91391,1.91163,1.91208,8629
2023-01-27 00:00:00,1.91196,1.91375,1.90696,1.90732,8773
2023-01-27 04:00:00,1.90732,1.90942,1.90463,1.90622,9252
2023-01-27 08:00:00,1.9062,1.90863,1.90454,1.90714,14544
2023-01-27 12:00:00,1.90714,1.90912,1.90507,1.90723,15530
2023-01-27 16:00:00,1.90722,1.91116,1.90659,1.90962,22642
2023-01-27 20:00:00,1.90934,1.91075,1.90819,1.90928,6624
2023-01-30 00:00:00,1.90774,1.91072,1.90505,1.90523,11140
2023-01-30 04:00:00,1.90532,1.91109,1.90519,1.90948,18023
2023-01-30 08:00:00,1.90948,1.91248,1.90791,1.90934,16696
2023-01-30 12:00:00,1.90934,1.91219,1.90614,1.90754,14905
2023-01-30 16:00:00,1.90754,1.90972,1.9065,1.90745,18531
2023-01-30 20:00:00,1.9069,1.90977,1.9065,1.90929,7663
2023-01-31 00:00:00,1.90867,1.9118,1.90728,1.90983,11432
2023-01-31 04:00:00,1.90985,1.9165,1.90969,1.91325,14272
2023-01-31 08:00:00,1.91327,1.91779,1.9093,1.91719,17728
2023-01-31 12:00:00,1.91718,1.92003,1.90746,1.90888,16642
2023-01-31 16:00:00,1.90884,1.91074,1.90104,1.90945,23937
2023-01-31 20:00:00,1.9092,1.91458,1.90534,1.91259,7635
2023-02-01 00:00:00,1.91269,1.91657,1.91002,1.91343,8965
2023-02-01 04:00:00,1.91344,1.91766,1.91147,1.9141,8926
2023-02-01 08:00:00,1.9141,1.91433,1.90965,1.91299,14451
2023-02-01 12:00:00,1.91298,1.91562,1.90981,1.91204,13868
2023-02-01 16:00:00,1.91204,1.91595,1.91016,1.9114,19764
2023-02-01 20:00:00,1.91153,1.9133,1.90132,1.90199,22291
2023-02-02 00:00:00,1.90176,1.90378,1.89706,1.89762,13278
2023-02-02 04:00:00,1.89761,1.89849,1.89544,1.89708,13550
2023-02-02 08:00:00,1.89705,1.89869,1.89172,1.89304,17078
2023-02-02 12:00:00,1.89304,1.89861,1.88395,1.88802,23202
2023-02-02 16:00:00,1.8881,1.89543,1.8858,1.88844,27427
2023-02-02 20:00:00,1.88837,1.8906,1.88704,1.88739,13652
2023-02-03 00:00:00,1.88741,1.88946,1.88449,1.88686,8976
2023-02-03 04:00:00,1.88683,1.8889,1.88503,1.88572,12979
2023-02-03 08:00:00,1.88566,1.89273,1.88343,1.89226,17585
2023-02-03 12:00:00,1.89229,1.89746,1.889,1.89618,19669
2023-02-03 16:00:00,1.89614,1.90316,1.89452,1.9023,28483
2023-02-03 20:00:00,1.90228,1.90577,1.90205,1.90469,11998
2023-02-06 00:00:00,1.90571,1.90774,1.90261,1.90463,13543
2023-02-06 04:00:00,1.90464,1.9071,1.90413,1.9051,16790
2023-02-06 08:00:00,1.90507,1.9108,1.90498,1.90776,15932
2023-02-06 12:00:00,1.90775,1.91444,1.90722,1.91315,16633
2023-02-06 16:00:00,1.91317,1.91821,1.91074,1.9113,19756
2023-02-06 20:00:00,1.91129,1.91244,1.90596,1.90649,9000
2023-02-07 00:00:00,1.90577,1.90768,1.90435,1.90584,9079
2023-02-07 04:00:00,1.9058,1.90702,1.90042,1.9051,14356
2023-02-07 08:00:00,1.90508,1.90602,1.89703,1.89703,17250
2023-02-07 12:00:00,1.89703,1.90422,1.8964,1.90323,16660
2023-02-07 16:00:00,1.90325,1.90922,1.90011,1.90207,21999
2023-02-07 20:00:00,1.90124,1.9081,1.9007,1.90419,18512
2023-02-08 00:00:00,1.90388,1.909,1.90207,1.9072,10009
2023-02-08 04:00:00,1.90733,1.90822,1.90413,1.90659,9312
2023-02-08 08:00:00,1.90658,1.90924,1.9041,1.90804,18164
2023-02-08 12:00:00,1.90804,1.91208,1.90743,1.91093,14641
2023-02-08 16:00:00,1.91098,1.9165,1.91046,1.91402,20651
2023-02-08 20:00:00,1.91403,1.91544,1.9125,1.91419,11666
2023-02-09 00:00:00,1.91387,1.91394,1.90889,1.90988,7746
2023-02-09 04:00:00,1.90988,1.91027,1.90375,1.90463,10075
2023-02-09 08:00:00,1.90461,1.90806,1.90104,1.90742,15541
2023-02-09 12:00:00,1.90742,1.91106,1.90577,1.90845,14336
2023-02-09 16:00:00,1.90836,1.91592,1.90836,1.91401,19502
2023-02-09 20:00:00,1.91366,1.9168,1.91339,1.91543,10795
2023-02-10 00:00:00,1.91414,1.91694,1.91347,1.91587,10292
2023-02-10 04:00:00,1.91587,1.91889,1.91411,1.9159,10164
2023-02-10 08:00:00,1.9159,1.91647,1.91088,1.91226,19850
2023-02-10 12:00:00,1.91226,1.917,1.91071,1.91206,16337
2023-02-10 16:00:00,1.91206,1.91495,1.91102,1.91141,20343
2023-02-10 20:00:00,1.91147,1.91287,1.90996,1.91092,8152
2023-02-13 00:00:00,1.90815,1.9136,1.90746,1.91177,9609
2023-02-13 04:00:00,1.91177,1.9124,1.90811,1.9088,14271
2023-02-13 08:00:00,1.9088,1.90903,1.89949,1.902,14993
2023-02-13 12:00:00,1.902,1.90888,1.90073,1.90757,11669
2023-02-13 16:00:00,1.90758,1.90917,1.90542,1.90817,14252
2023-02-13 20:00:00,1.90814,1.90928,1.90776,1.90902,6503
2023-02-14 00:00:00,1.908,1.9112,1.90547,1.91086,7786
2023-02-14 04:00:00,1.91086,1.91774,1.91082,1.91486,8517
2023-02-14 08:00:00,1.91493,1.92274,1.91433,1.92243,13508
2023-02-14 12:00:00,1.92243,1.92874,1.91789,1.92283,17224
2023-02-14 16:00:00,1.92279,1.92739,1.91949,1.92139,30383
2023-02-14 20:00:00,1.92123,1.92178,1.91882,1.92158,11652
2023-02-15 00:00:00,1.92066,1.92462,1.91816,1.92263,6869
2023-02-15 04:00:00,1.92263,1.92945,1.92239,1.92784,9192
2023-02-15 08:00:00,1.92784,1.93037,1.92142,1.92354,16001
2023-02-15 12:00:00,1.92343,1.92429,1.91599,1.91671,15747
2023-02-15 16:00:00,1.91669,1.91909,1.91458,1.91559,20759
2023-02-15 20:00:00,1.91589,1.91624,1.91171,1.91558,9391
2023-02-16 00:00:00,1.91376,1.92145,1.91296,1.91524,9150
2023-02-16 04:00:00,1.91524,1.91556,1.90974,1.91161,9808
2023-02-16 08:00:00,1.91161,1.91539,1.91053,1.91529,16732
2023-02-16 12:00:00,1.91529,1.91895,1.91307,1.91409,16103
2023-02-16 16:00:00,1.91409,1.92069,1.91379,1.91429,21292
2023-02-16 20:00:00,1.91459,1.91725,1.91358,1.91584,11800
2023-02-17 00:00:00,1.91612,1.91921,1.9125,1.91852,8792
2023-02-17 04:00:00,1.91852,1.92204,1.91829,1.92165,11442
2023-02-17 08:00:00,1.92165,1.92644,1.91895,1.9259,18308
2023-02-17 12:00:00,1.92587,1.92715,1.92337,1.92654,16083
2023-02-17 16:00:00,1.92658,1.92799,1.92496,1.92725,20826
2023-02-17 20:00:00,1.92732,1.929,1.92658,1.92798,7715
2023-02-20 00:00:00,1.9266,1.92976,1.92544,1.92819,7908
2023-02-20 04:00:00,1.9282,1.92894,1.92476,1.9274,9865
2023-02-20 08:00:00,1.92739,1.93243,1.92706,1.93038,14294
2023-02-20 12:00:00,1.93038,1.93064,1.92248,1.92533,11093
2023-02-20 16:00:00,1.92533,1.92566,1.92169,1.9244,8071
2023-02-20 20:00:00,1.9244,1.9257,1.92403,1.92539,2436
2023-02-21 00:00:00,1.92408,1.92653,1.92217,1.9235,10289
2023-02-21 04:00:00,1.9235,1.92719,1.92174,1.92701,10781
2023-02-21 08:00:00,1.92701,1.93782,1.92462,1.93746,20025
2023-02-21 12:00:00,1.93754,1.94418,1.93473,1.94294,18359
2023-02-21 16:00:00,1.94294,1.95089,1.93805,1.9502,23436
2023-02-21 20:00:00,1.94966,1.95091,1.94802,1.94919,8060
2023-02-22 00:00:00,1.94558,1.95238,1.94189,1.94743,10183
2023-02-22 04:00:00,1.94743,1.94824,1.94318,1.94386,10289
2023-02-22 08:00:00,1.94387,1.94531,1.94075,1.94207,16949
2023-02-22 12:00:00,1.94203,1.94299,1.93777,1.94006,16747
2023-02-22 16:00:00,1.94019,1.9412,1.93426,1.93659,19468
2023-02-22 20:00:00,1.9365,1.93824,1.93472,1.93689,11041
2023-02-23 00:00:00,1.93663,1.93716,1.93079,1.9314,7595
2023-02-23 04:00:00,1.9314,1.93289,1.92927,1.9328,9045
2023-02-23 08:00:00,1.9328,1.934,1.92867,1.93045,15921
2023-02-23 12:00:00,1.93045,1.9365,1.92837,1.93504,15938
2023-02-23 16:00:00,1.93494,1.93645,1.9315,1.9332,19392
2023-02-23 20:00:00,1.9334,1.93433,1.92824,1.92917,8533
2023-02-24 00:00:00,1.92833,1.93019,1.92596,1.92638,13261
2023-02-24 04:00:00,1.92637,1.92911,1.9259,1.9282,10469
2023-02-24 08:00:00,1.9282,1.93678,1.92772,1.9345,14433
2023-02-24 12:00:00,1.9345,1.94032,1.93024,1.93763,18076
2023-02-24 16:00:00,1.93766,1.94206,1.93589,1.93874,22405
2023-02-24 20:00:00,1.93841,1.93921,1.93389,1.9361,7682
2023-02-27 00:00:00,1.93798,1.94065,1.93471,1.93772,9127
2023-02-27 04:00:00,1.9378,1.94651,1.93774,1.94641,9347
2023-02-27 08:00:00,1.94635,1.94717,1.94072,1.94637,16875
2023-02-27 12:00:00,1.94637,1.95205,1.94526,1.95081,13794
2023-02-27 16:00:00,1.95087,1.95575,1.94959,1.95509,18365
2023-02-27 20:00:00,1.95501,1.956,1.95306,1.95588,6974
2023-02-28 00:00:00,1.95573,1.95876,1.95158,1.95606,7442
2023-02-28 04:00:00,1.95608,1.95913,1.95449,1.95769,8398
2023-02-28 08:00:00,1.95769,1.96761,1.95705,1.96494,15454
2023-02-28 12:00:00,1.96494,1.96644,1.96236,1.96362,13312
2023-02-28 16:00:00,1.96363,1.96601,1.9483,1.95059,20049
2023-02-28 20:00:00,1.95037,1.9507,1.94273,1.94371,8036
2023-03-01 00:00:00,1.94366,1.94887,1.94124,1.94375,12972
2023-03-01 04:00:00,1.94375,1.94462,1.93426,1.93745,8886
2023-03-01 08:00:00,1.93745,1.93776,1.92834,1.92915,16893
2023-03-01 12:00:00,1.92915,1.93036,1.92084,1.92192,17533
2023-03-01 16:00:00,1.92192,1.92618,1.91768,1.91985,21314
2023-03-01 20:00:00,1.91973,1.92281,1.9193,1.92198,8126
2023-03-02 00:00:00,1.91978,1.92821,1.91971,1.9263,8034
2023-03-02 04:00:00,1.9263,1.92803,1.92481,1.92516,9673
2023-03-02 08:00:00,1.92512,1.92803,1.92218,1.924,16731
2023-03-02 12:00:00,1.92396,1.92582,1.92063,1.92342,18245
2023-03-02 16:00:00,1.92346,1.92441,1.91804,1.92364,18573
2023-03-02 20:00:00,1.92369,1.92403,1.91987,1.92117,8634
2023-03-03 00:00:00,1.92056,1.92284,1.91688,1.9197,7432
2023-03-03 04:00:00,1.91978,1.92361,1.91928,1.92205,7723
2023-03-03 08:00:00,1.92211,1.92373,1.92072,1.92236,13673
2023-03-03 12:00:00,1.92245,1.93087,1.92186,1.929,13153
2023-03-03 16:00:00,1.929,1.9335,1.92844,1.93239,18652
2023-03-03 20:00:00,1.93228,1.93587,1.9321,1.93538,6691
2023-03-06 00:00:00,1.93286,1.93788,1.93168,1.93634,8648
2023-03-06 04:00:00,1.93627,1.93811,1.93514,1.93756,7771
2023-03-06 08:00:00,1.93761,1.94521,1.93533,1.94348,14789
2023-03-06 12:00:00,1.94351,1.94425,1.9384,1.94001,12514
2023-03-06 16:00:00,1.94001,1.94614,1.93874,1.94513,15573
2023-03-06 20:00:00,1.9448,1.94507,1.94014,1.94074,6036
2023-03-07 00:00:00,1.94017,1.94235,1.939,1.94135,5267
2023-03-07 04:00:00,1.94135,1.94287,1.93738,1.94041,10395
2023-03-07 08:00:00,1.9404,1.94236,1.9362,1.93889,15332
2023-03-07 12:00:00,1.93887,1.93896,1.93478,1.93567,13717
2023-03-07 16:00:00,1.93567,1.93832,1.93255,1.935,26341
2023-03-07 20:00:00,1.93516,1.93746,1.93374,1.93639,9241
2023-03-08 00:00:00,1.93608,1.93747,1.93275,1.93637,6966
2023-03-08 04:00:00,1.93637,1.94092,1.93539,1.93866,10913
2023-03-08 08:00:00,1.93866,1.93871,1.93152,1.93379,14253
2023-03-08 12:00:00,1.93379,1.9362,1.93191,1.933,12463
2023-03-08 16:00:00,1.933,1.93789,1.93025,1.93742,21546
2023-03-08 20:00:00,1.9375,1.94097,1.93736,1.93938,6867
2023-03-09 00:00:00,1.93858,1.94005,1.92977,1.93965,7370
2023-03-09 04:00:00,1.93965,1.94014,1.93456,1.93574,5681
2023-03-09 08:00:00,1.93574,1.93971,1.93516,1.93779,11300
2023-03-09 12:00:00,1.93779,1.94022,1.937,1.9384,13804
2023-03-09 16:00:00,1.93845,1.94579,1.93751,1.94505,17914
2023-03-09 20:00:00,1.9451,1.95464,1.94456,1.95419,10597
2023-03-10 00:00:00,1.95473,1.95613,1.9509,1.95235,9405
2023-03-10 04:00:00,1.95237,1.95499,1.95188,1.95454,12268
2023-03-10 08:00:00,1.95453,1.96342,1.95362,1.96195,16702
2023-03-10 12:00:00,1.962,1.96309,1.95426,1.95853,19213
2023-03-10 16:00:00,1.95853,1.96606,1.957,1.95915,32675
2023-03-10 20:00:00,1.95911,1.96372,1.9589,1.96079,16365
2023-03-13 00:00:00,1.96725,1.96743,1.95748,1.96364,13946
2023-03-13 04:00:00,1.96368,1.96387,1.95527,1.95533,20716
2023-03-13 08:00:00,1.95532,1.9601,1.95194,1.95225,21622
2023-03-13 12:00:00,1.95227,1.95781,1.94771,1.9495,33164
2023-03-13 16:00:00,1.94949,1.9516,1.94204,1.95066,33376
2023-03-13 20:00:00,1.95065,1.95962,1.94968,1.95858,17098
2023-03-14 00:00:00,1.95768,1.96049,1.95365,1.95752,7387
2023-03-14 04:00:00,1.95752,1.95885,1.95589,1.95718,13254
2023-03-14 08:00:00,1.95711,1.95725,1.94987,1.956,22049
2023-03-14 12:00:00,1.956,1.96097,1.95157,1.95389,25430
2023-03-14 16:00:00,1.95389,1.95583,1.9492,1.95248,26587
2023-03-14 20:00:00,1.95248,1.9553,1.94878,1.94898,15266
2023-03-15 00:00:00,1.94916,1.95184,1.94713,1.95158,8670
2023-03-15 04:00:00,1.95162,1.95516,1.94389,1.95425,12910
2023-03-15 08:00:00,1.95427,1.95877,1.95313,1.95617,20356
2023-03-15 12:00:00,1.9562,1.95721,1.94358,1.94814,31947
2023-03-15 16:00:00,1.94805,1.95066,1.94323,1.9448,30518
2023-03-15 20:00:00,1.94479,1.95111,1.94432,1.94788,20021
2023-03-16 00:00:00,1.94776,1.96209,1.94516,1.95499,9944
2023-03-16 04:00:00,1.95499,1.9629,1.95376,1.96,18547
2023-03-16 08:00:00,1.95997,1.96195,1.95534,1.95759,17150
2023-03-16 12:00:00,1.9576,1.95912,1.95077,1.95333,19125
2023-03-16 16:00:00,1.95337,1.96419,1.95195,1.961,29404
2023-03-16 20:00:00,1.961,1.96583,1.95408,1.95428,13575
2023-03-17 00:00:00,1.95138,1.95636,1.95109,1.9534,7663
2023-03-17 04:00:00,1.95349,1.95349,1.94579,1.94613,13171
2023-03-17 08:00:00,1.94618,1.94926,1.94281,1.94464,14973
2023-03-17 12:00:00,1.94464,1.94679,1.94031,1.94317,15778
2023-03-17 16:00:00,1.94313,1.9465,1.9411,1.94608,20247
2023-03-17 20:00:00,1.94608,1.94613,1.94133,1.94204,12844
2023-03-20 00:00:00,1.93934,1.94432,1.93854,1.94295,13626
2023-03-20 04:00:00,1.94293,1.94896,1.94293,1.9485,16822
2023-03-20 08:00:00,1.9485,1.95373,1.94711,1.95363,21989
2023-03-20 12:00:00,1.95365,1.95903,1.95337,1.95715,21856
2023-03-20 16:00:00,1.95715,1.9645,1.953,1.96289,20394
2023-03-20 20:00:00,1.96285,1.96589,1.96205,1.96579,7792
2023-03-21 00:00:00,1.96519,1.96814,1.96025,1.9671,8490
2023-03-21 04:00:00,1.9671,1.97348,1.9666,1.97229,9613
2023-03-21 08:00:00,1.97226,1.97731,1.97042,1.97702,13556
2023-03-21 12:00:00,1.97703,1.9814,1.97568,1.978,15548
2023-03-21 16:00:00,1.9781,1.97945,1.97324,1.97435,15615
2023-03-21 20:00:00,1.97435,1.97713,1.97183,1.97229,7963
2023-03-22 00:00:00,1.97179,1.9794,1.97075,1.97571,5384
2023-03-22 04:00:00,1.97572,1.97588,1.97139,1.97259,12315
2023-03-22 08:00:00,1.97259,1.9772,1.96793,1.97585,12462
2023-03-22 12:00:00,1.97584,1.97725,1.97393,1.9754,11823
2023-03-22 16:00:00,1.9754,1.97565,1.96587,1.96977,12539
2023-03-22 20:00:00,1.96977,1.9725,1.96211,1.97159,21331
2023-03-23 00:00:00,1.97067,1.97198,1.96803,1.9689,9842
2023-03-23 04:00:00,1.9689,1.96937,1.96122,1.96145,12762
2023-03-23 08:00:00,1.96143,1.96307,1.9576,1.9612,16753
2023-03-23 12:00:00,1.9612,1.96447,1.95783,1.9612,16967
2023-03-23 16:00:00,1.9612,1.96489,1.95873,1.96178,17249
2023-03-23 20:00:00,1.96176,1.96623,1.96041,1.96591,14318
2023-03-24 00:00:00,1.96568,1.96778,1.96297,1.96719,7686
2023-03-24 04:00:00,1.96719,1.97028,1.96548,1.9694,12537
2023-03-24 08:00:00,1.96939,1.97126,1.96694,1.96839,16755
2023-03-24 12:00:00,1.96839,1.97094,1.9654,1.96865,21593
2023-03-24 16:00:00,1.96865,1.97266,1.96759,1.96916,20992
2023-03-24 20:00:00,1.96916,1.97332,1.9689,1.97152,8092
2023-03-27 00:00:00,1.96922,1.97402,1.96918,1.97246,6797
2023-03-27 04:00:00,1.97243,1.97451,1.9711,1.97297,8700
2023-03-27 08:00:00,1.97297,1.97719,1.97003,1.97662,13315
2023-03-27 12:00:00,1.97658,1.98319,1.97592,1.98034,12765
2023-03-27 16:00:00,1.98029,1.98563,1.97911,1.98312,13122
2023-03-27 20:00:00,1.98306,1.9851,1.98176,1.98283,6551
2023-03-28 00:00:00,1.98194,1.98329,1.9796,1.98148,5472
2023-03-28 04:00:00,1.98146,1.9816,1.97532,1.97703,9290
2023-03-28 08:00:00,1.97704,1.97885,1.97535,1.97705,11994
2023-03-28 12:00:00,1.97705,1.97917,1.97314,1.9748,10496
2023-03-28 16:00:00,1.97479,1.97693,1.97332,1.9756,12941
2023-03-28 20:00:00,1.97564,1.97693,1.97298,1.97329,5347
2023-03-29 00:00:00,1.97385,1.9762,1.96895,1.97141,5386
2023-03-29 04:00:00,1.97145,1.97169,1.96572,1.96928,9014
2023-03-29 08:00:00,1.96928,1.97795,1.9692,1.97733,12956
2023-03-29 12:00:00,1.97733,1.98175,1.9761,1.98005,13786
2023-03-29 16:00:00,1.98,1.98093,1.97588,1.9781,15387
2023-03-29 20:00:00,1.9781,1.98029,1.97707,1.97838,6672
2023-03-30 00:00:00,1.97611,1.98069,1.97466,1.98038,4926
2023-03-30 04:00:00,1.98038,1.98203,1.97949,1.98006,10556
2023-03-30 08:00:00,1.98006,1.98033,1.97549,1.97857,14993
2023-03-30 12:00:00,1.97863,1.98367,1.978,1.98349,12510
2023-03-30 16:00:00,1.98353,1.98365,1.97672,1.97956,14093
2023-03-30 20:00:00,1.97955,1.98099,1.97695,1.97798,5388
2023-03-31 00:00:00,1.97746,1.97859,1.97277,1.97602,5454
2023-03-31 04:00:00,1.97602,1.97706,1.97121,1.97263,11152
2023-03-31 08:00:00,1.97263,1.97914,1.96941,1.97534,14473
2023-03-31 12:00:00,1.97531,1.97962,1.97181,1.97863,12782
2023-03-31 16:00:00,1.97869,1.97982,1.97055,1.97072,15384
2023-03-31 20:00:00,1.97072,1.97438,1.96827,1.97068,6516
2023-04-03 00:00:00,1.9678,1.97759,1.96764,1.97759,7470
2023-04-03 04:00:00,1.97759,1.97763,1.97325,1.97429,11826
2023-04-03 08:00:00,1.97429,1.97802,1.97388,1.97767,12510
2023-04-03 12:00:00,1.97774,1.97784,1.96791,1.97136,13001
2023-04-03 16:00:00,1.97138,1.97621,1.96881,1.97129,16254
2023-04-03 20:00:00,1.97129,1.97369,1.97083,1.97168,5772
2023-04-04 00:00:00,1.97011,1.97269,1.96842,1.96966,5636
2023-04-04 04:00:00,1.96966,1.97097,1.96678,1.96907,9015
2023-04-04 08:00:00,1.96909,1.9838,1.96748,1.98291,14001
2023-04-04 12:00:00,1.98291,1.98764,1.98259,1.98657,13045
2023-04-04 16:00:00,1.98659,1.98769,1.98149,1.98216,17013
2023-04-04 20:00:00,1.98216,1.98469,1.98019,1.98078,5139
2023-04-05 00:00:00,1.98062,1.9816,1.97754,1.97922,4736
2023-04-05 04:00:00,1.97927,1.98069,1.95761,1.96585,10302
2023-04-05 08:00:00,1.96585,1.97755,1.9653,1.97708,12825
2023-04-05 12:00:00,1.97708,1.98196,1.97411,1.97529,13971
2023-04-05 16:00:00,1.97529,1.97678,1.96939,1.97335,17799
2023-04-05 20:00:00,1.97335,1.97434,1.97167,1.97218,4598
2023-04-06 00:00:00,1.97102,1.97451,1.96966,1.97357,3713
2023-04-06 04:00:00,1.97356,1.97811,1.97347,1.97781,6565
2023-04-06 08:00:00,1.97781,1.9859,1.97771,1.98397,12780
2023-04-06 12:00:00,1.98397,1.98903,1.98231,1.98733,10788
2023-04-06 16:00:00,1.98737,1.9929,1.98651,1.99217,12938
2023-04-06 20:00:00,1.99217,1.99269,1.99006,1.99158,4776
2023-04-07 00:00:00,1.99158,1.99274,1.98934,1.98999,5320
2023-04-07 04:00:00,1.98999,1.99023,1.98755,1.98935,5673
2023-04-07 08:00:00,1.98935,1.99023,1.98519,1.98599,4752
2023-04-07 12:00:00,1.98603,1.99606,1.98187,1.98607,7807
2023-04-07 16:00:00,1.98607,1.98861,1.98199,1.98739,8101
2023-04-07 20:00:00,1.98739,1.98779,1.9815,1.9815,7504
2023-04-10 00:00:00,1.98584,1.98938,1.98366,1.98885,5379
2023-04-10 04:00:00,1.98885,1.99142,1.98828,1.99127,6116
2023-04-10 08:00:00,1.99127,1.99234,1.98797,1.9899,7803
2023-04-10 12:00:00,1.9899,1.99385,1.98902,1.99215,10053
2023-04-10 16:00:00,1.99224,1.99462,1.99099,1.99335,10816
2023-04-10 20:00:00,1.99335,1.99384,1.98999,1.99059,4080
2023-04-11 00:00:00,1.98584,1.99118,1.98537,1.99045,4581
2023-04-11 04:00:00,1.99045,1.99501,1.99031,1.99221,9128
2023-04-11 08:00:00,1.99224,1.99936,1.99129,1.9987,12412
2023-04-11 12:00:00,1.9987,2.00413,1.99839,2.0032,11278
2023-04-11 16:00:00,2.00318,2.00632,2.00198,2.00568,11008
2023-04-11 20:00:00,2.0057,2.0088,2.00523,2.00639,4458
2023-04-12 00:00:00,2.00619,2.00774,2.00487,2.00595,4283
2023-04-12 04:00:00,2.00595,2.00966,2.00465,2.00487,6556
2023-04-12 08:00:00,2.00486,2.00932,2.00479,2.0063,10067
2023-04-12 12:00:00,2.00627,2.00769,1.99713,1.99887,13258
2023-04-12 16:00:00,1.99887,2.00848,1.99667,2.00809,18121
2023-04-12 20:00:00,2.00809,2.01043,2.00709,2.00859,7818
2023-04-13 00:00:00,2.00867,2.01271,2.0035,2.01146,4920
2023-04-13 04:00:00,2.01149,2.01293,2.00848,2.00905,9253
2023-04-13 08:00:00,2.00907,2.01222,2.00441,2.00745,11139
2023-04-13 12:00:00,2.00754,2.00754,1.9952,1.99683,12451
2023-04-13 16:00:00,1.9969,1.9969,1.98501,1.9851,14388
2023-04-13 20:00:00,1.98507,1.98892,1.98433,1.98882,5223
2023-04-14 00:00:00,1.98857,1.9889,1.9835,1.98606,4934
2023-04-14 04:00:00,1.98606,1.98879,1.98525,1.98719,7796
2023-04-14 08:00:00,1.98722,1.98875,1.98436,1.98831,11460
2023-04-14 12:00:00,1.98832,1.99061,1.98406,1.9899,13641
2023-04-14 16:00:00,1.98991,2.00241,1.98938,2.00159,19023
2023-04-14 20:00:00,2.00159,2.00183,1.99789,1.99889,6127
2023-04-17 00:00:00,1.99824,2.0009,1.99619,1.99975,5085
2023-04-17 04:00:00,1.99978,2.00304,1.99925,2.00302,8087
2023-04-17 08:00:00,2.00302,2.00361,1.99705,1.99801,11337
2023-04-17 12:00:00,1.99801,2.00899,1.99774,2.00809,12441
2023-04-17 16:00:00,2.00819,2.00955,2.00115,2.00236,14380
2023-04-17 20:00:00,2.00231,2.00404,2.00063,2.00206,4306
2023-04-18 00:00:00,2.0001,2.00223,1.99915,1.99944,3433
2023-04-18 04:00:00,1.99944,2.00291,1.99937,2.00172,7918
2023-04-18 08:00:00,2.00172,2.00405,1.99951,2.00249,11870
2023-04-18 12:00:00,2.00252,2.00259,1.9982,2.00122,11411
2023-04-18 16:00:00,2.00121,2.00287,1.99937,2.00267,13436
2023-04-18 20:00:00,2.00266,2.00354,2.00097,2.00108,4491
2023-04-19 00:00:00,2.0006,2.00209,1.99869,2.00069,3190
2023-04-19 04:00:00,2.0007,2.00287,1.9995,2.00122,6032
2023-04-19 08:00:00,2.00115,2.01184,2.00039,2.01016,14331
2023-04-19 12:00:00,2.01016,2.01167,2.00074,2.00446,13122
2023-04-19 16:00:00,2.00444,2.00572,2.00152,2.0042,10691
2023-04-19 20:00:00,2.00424,2.00662,2.00389,2.00638,4658
2023-04-20 00:00:00,2.00546,2.01841,2.00273,2.01678,5557
2023-04-20 04:00:00,2.01678,2.02058,2.01542,2.01873,7450
2023-04-20 08:00:00,2.01873,2.01898,2.01399,2.01701,11504
2023-04-20 12:00:00,2.01701,2.01749,2.01089,2.01205,11737
2023-04-20 16:00:00,2.01208,2.0141,2.00902,2.01135,12471
2023-04-20 20:00:00,2.01136,2.01646,2.01011,2.01438,5065
2023-04-21 00:00:00,2.01476,2.01666,2.01223,2.01571,3424
2023-04-21 04:00:00,2.01571,2.0211,2.01537,2.01962,6361
2023-04-21 08:00:00,2.0196,2.02348,2.01826,2.02107,11864
2023-04-21 12:00:00,2.02106,2.02304,2.0178,2.02049,10604
2023-04-21 16:00:00,2.02053,2.02633,2.01592,2.02527,15058
2023-04-21 20:00:00,2.02524,2.02852,2.02302,2.02638,5132
2023-04-24 00:00:00,2.02302,2.02823,2.02295,2.02599,19376
2023-04-24 04:00:00,2.02596,2.0283,2.02506,2.0266,8038
2023-04-24 08:00:00,2.0266,2.02829,2.0227,2.02567,10693
2023-04-24 12:00:00,2.02567,2.02768,2.02275,2.02583,10567
2023-04-24 16:00:00,2.02582,2.02904,2.02368,2.02712,11756
2023-04-24 20:00:00,2.02706,2.02761,2.02372,2.02455,4466
2023-04-25 00:00:00,2.02345,2.02538,2.02306,2.02435,3567
2023-04-25 04:00:00,2.02437,2.02489,2.02124,2.02315,7438
2023-04-25 08:00:00,2.0231,2.02576,2.01869,2.02285,13136
2023-04-25 12:00:00,2.02284,2.0229,2.01572,2.01577,10938
2023-04-25 16:00:00,2.01579,2.01934,2.01481,2.01868,12770
2023-04-25 20:00:00,2.01868,2.02277,2.01839,2.02189,6861
2023-04-26 00:00:00,2.02143,2.02147,2.01747,2.01931,4712
2023-04-26 04:00:00,2.01932,2.02577,2.01859,2.02536,9454
2023-04-26 08:00:00,2.02536,2.0361,2.02528,2.03591,13304
2023-04-26 12:00:00,2.03596,2.03755,2.03215,2.03499,14299
2023-04-26 16:00:00,2.03499,2.03921,2.03356,2.03579,16625
2023-04-26 20:00:00,2.03579,2.0393,2.03498,2.03829,6159
2023-04-27 00:00:00,2.03637,2.03908,2.03374,2.03602,4593
2023-04-27 04:00:00,2.03606,2.0367,2.03058,2.03061,8243
2023-04-27 08:00:00,2.03061,2.03157,2.02665,2.02715,13193
2023-04-27 12:00:00,2.02715,2.02929,2.02547,2.02862,13883
2023-04-27 16:00:00,2.02857,2.03545,2.02833,2.0323,16469
2023-04-27 20:00:00,2.03228,2.03517,2.03128,2.03239,5838
2023-04-28 00:00:00,2.03111,2.03359,2.02961,2.03208,4493
2023-04-28 04:00:00,2.03207,2.0329,2.02862,2.03163,10012
2023-04-28 08:00:00,2.03163,2.03679,2.02975,2.03231,16148
2023-04-28 12:00:00,2.03228,2.03359,2.02664,2.03064,14803
2023-04-28 16:00:00,2.03063,2.03643,2.02952,2.03254,20058
2023-04-28 20:00:00,2.03254,2.03496,2.03038,2.03269,6137
2023-05-01 00:00:00,2.03119,2.03552,2.02907,2.03435,5677
2023-05-01 04:00:00,2.03435,2.03463,2.03032,2.03084,5425
2023-05-01 08:00:00,2.03087,2.03091,2.02629,2.02699,8146
2023-05-01 12:00:00,2.02693,2.03034,2.0249,2.02518,7874
2023-05-01 16:00:00,2.02511,2.02739,2.02368,2.02539,13104
2023-05-01 20:00:00,2.02541,2.02677,2.02442,2.02592,5907
2023-05-02 00:00:00,2.02508,2.02588,2.02085,2.02494,4317
2023-05-02 04:00:00,2.02491,2.02537,2.01759,2.02147,8987
2023-05-02 08:00:00,2.02146,2.02148,2.01293,2.01355,13910
2023-05-02 12:00:00,2.01355,2.01454,2.00629,2.00979,12542
2023-05-02 16:00:00,2.00975,2.01149,2.00567,2.00935,17693
2023-05-02 20:00:00,2.00935,2.0099,2.00791,2.00818,5653
2023-05-03 00:00:00,2.00698,2.00894,2.00244,2.0046,5279
2023-05-03 04:00:00,2.0046,2.00488,1.99828,2.00327,6252
2023-05-03 08:00:00,2.0034,2.01002,2.003,2.00836,9784
2023-05-03 12:00:00,2.00836,2.01126,2.00417,2.0091,11669
2023-05-03 16:00:00,2.0091,2.01318,2.00791,2.01054,13330
2023-05-03 20:00:00,2.01054,2.01719,2.01015,2.01678,16699
2023-05-04 00:00:00,2.01496,2.02503,2.01254,2.02163,6809
2023-05-04 04:00:00,2.02163,2.02163,2.013,2.01316,9078
2023-05-04 08:00:00,2.01316,2.01749,2.01231,2.01465,14158
2023-05-04 12:00:00,2.01464,2.01603,2.00403,2.0055,16489
2023-05-04 16:00:00,2.0055,2.00906,1.99995,2.00062,22256
2023-05-04 20:00:00,2.00062,2.00382,1.99916,2.00148,7973
2023-05-05 00:00:00,2.00116,2.00217,1.99879,1.99955,3734
2023-05-05 04:00:00,1.99953,1.99978,1.99564,1.9981,6858
2023-05-05 08:00:00,1.9981,2.00441,1.99664,2.00257,10505
2023-05-05 12:00:00,2.00257,2.0056,2.00032,2.00421,11752
2023-05-05 16:00:00,2.0042,2.00919,2.00175,2.00636,16017
2023-05-05 20:00:00,2.00636,2.00829,2.00456,2.00628,5338
2023-05-08 00:00:00,2.00485,2.00711,2.0036,2.00544,4835
2023-05-08 04:00:00,2.00544,2.007,2.00369,2.00377,7569
2023-05-08 08:00:00,2.00377,2.00452,1.99675,1.99857,7767
2023-05-08 12:00:00,1.99857,1.99881,1.99175,1.9918,7192
2023-05-08 16:00:00,1.9918,1.99187,1.98756,1.98989,9531
2023-05-08 20:00:00,1.9899,1.9915,1.987,1.98869,4595
2023-05-09 00:00:00,1.98837,1.99063,1.98694,1.98931,4759
2023-05-09 04:00:00,1.98933,1.99253,1.98852,1.98942,6366
2023-05-09 08:00:00,1.98942,1.99585,1.98863,1.99154,10799
2023-05-09 12:00:00,1.99154,1.99356,1.98905,1.99071,8890
2023-05-09 16:00:00,1.9907,1.99646,1.98986,1.99403,11158
2023-05-09 20:00:00,1.99401,1.99441,1.99178,1.99182,5080
2023-05-10 00:00:00,1.99167,1.99283,1.99037,1.99273,4001
2023-05-10 04:00:00,1.99278,1.99344,1.98937,1.9904,5441
2023-05-10 08:00:00,1.9904,1.99485,1.98937,1.99385,9859
2023-05-10 12:00:00,1.99387,1.99387,1.98627,1.98655,11604
2023-05-10 16:00:00,1.98646,1.98869,1.98412,1.9852,15640
2023-05-10 20:00:00,1.98517,1.9881,1.98247,1.98299,6311
2023-05-11 00:00:00,1.98247,1.98377,1.98022,1.98129,3897
2023-05-11 04:00:00,1.98129,1.98288,1.97918,1.98004,6988
2023-05-11 08:00:00,1.98005,1.98624,1.97924,1.98363,12442
2023-05-11 12:00:00,1.98358,1.98836,1.98091,1.98288,15399
2023-05-11 16:00:00,1.98288,1.98824,1.98094,1.98561,14616
2023-05-11 20:00:00,1.98557,1.98756,1.98511,1.98649,4367
2023-05-12 00:00:00,1.98617,1.98821,1.98115,1.9881,3457
2023-05-12 04:00:00,1.98811,2.00136,1.98761,1.99965,7351
2023-05-12 08:00:00,1.99965,2.00774,1.9992,2.00731,10896
2023-05-12 12:00:00,2.00729,2.01239,2.00618,2.00793,9676
2023-05-12 16:00:00,2.00792,2.01583,2.00653,2.01082,13583
2023-05-12 20:00:00,2.0108,2.01296,2.00929,2.01049,4705
2023-05-15 00:00:00,2.00975,2.01186,2.00729,2.00956,3743
2023-05-15 04:00:00,2.00958,2.01067,2.00605,2.00632,5974
2023-05-15 08:00:00,2.00638,2.00797,2.00337,2.00783,9202
2023-05-15 12:00:00,2.00783,2.01254,2.00691,2.01098,8884
2023-05-15 16:00:00,2.01096,2.01488,2.00985,2.01057,9770
2023-05-15 20:00:00,2.01057,2.01067,2.00664,2.00728,3763
2023-05-16 00:00:00,2.00661,2.00777,2.00242,2.00327,2985
2023-05-16 04:00:00,2.00327,2.00605,2.00275,2.00373,5590
2023-05-16 08:00:00,2.00371,2.00698,2.00029,2.00377,10741
2023-05-16 12:00:00,2.00374,2.00735,2.00258,2.00371,9269
2023-05-16 16:00:00,2.00371,2.00535,2.00203,2.00453,13826
2023-05-16 20:00:00,2.00452,2.00536,2.00304,2.00348,4759
2023-05-17 00:00:00,2.00408,2.00456,1.99813,2.00174,3551
2023-05-17 04:00:00,2.00174,2.00217,1.99765,1.99893,6902
2023-05-17 08:00:00,1.99893,2.00067,1.99168,1.99212,10421
2023-05-17 12:00:00,1.99212,1.99332,1.98915,1.99174,9349
2023-05-17 16:00:00,1.99175,1.99935,1.98996,1.9961,11888
2023-05-17 20:00:00,1.9961,1.99863,1.99499,1.99848,5302
2023-05-18 00:00:00,1.99751,2.00086,1.99156,1.99601,3725
2023-05-18 04:00:00,1.99601,2.00039,1.99259,1.99277,7034
2023-05-18 08:00:00,1.99275,1.99595,1.98951,1.99325,10376
2023-05-18 12:00:00,1.99321,1.99703,1.99065,1.99665,9973
2023-05-18 16:00:00,1.99665,2.00113,1.99627,1.99662,12483
2023-05-18 20:00:00,1.9966,1.99702,1.99255,1.99288,5160
2023-05-19 00:00:00,1.99266,1.99276,1.98791,1.98914,4211
2023-05-19 04:00:00,1.98915,1.99004,1.98611,1.98711,7114
2023-05-19 08:00:00,1.98711,1.98776,1.9776,1.97873,10371
2023-05-19 12:00:00,1.97873,1.98249,1.977,1.98157,10873
2023-05-19 16:00:00,1.98151,1.98399,1.97703,1.98128,16260
2023-05-19 20:00:00,1.98126,1.9837,1.97953,1.98312,6555
2023-05-22 00:00:00,1.98388,1.98653,1.98097,1.98339,4076
2023-05-22 04:00:00,1.98338,1.98682,1.98108,1.98198,8238
2023-05-22 08:00:00,1.98198,1.98391,1.97832,1.98094,12153
2023-05-22 12:00:00,1.98089,1.98497,1.9791,1.98351,10536
2023-05-22 16:00:00,1.98351,1.98369,1.97771,1.97772,13609
2023-05-22 20:00:00,1.97768,1.97951,1.9775,1.97779,5604
2023-05-23 00:00:00,1.9779,1.9785,1.97463,1.97544,4590
2023-05-23 04:00:00,1.97542,1.97984,1.97542,1.9785,6556
2023-05-23 08:00:00,1.97844,1.98184,1.97682,1.97929,12447
2023-05-23 12:00:00,1.97928,1.9864,1.97798,1.98509,11773
2023-05-23 16:00:00,1.98502,1.98812,1.98405,1.98535,15061
2023-05-23 20:00:00,1.98534,1.98813,1.98506,1.98659,5555
2023-05-24 00:00:00,1.98627,1.9881,1.98345,1.9877,3035
2023-05-24 04:00:00,1.9877,2.01653,1.98602,2.01616,9195
2023-05-24 08:00:00,2.01601,2.02954,2.01534,2.0231,15407
2023-05-24 12:00:00,2.0231,2.02533,2.01834,2.02406,13035
2023-05-24 16:00:00,2.02402,2.02835,2.02134,2.02643,15247
2023-05-24 20:00:00,2.02644,2.02861,2.02269,2.02279,8451
2023-05-25 00:00:00,2.02257,2.02863,2.02066,2.02807,4359
2023-05-25 04:00:00,2.02797,2.02952,2.02394,2.02873,7280
2023-05-25 08:00:00,2.02873,2.03283,2.02595,2.03249,11880
2023-05-25 12:00:00,2.03249,2.03772,2.03239,2.03484,12098
2023-05-25 16:00:00,2.03495,2.03996,2.03394,2.03629,16450
2023-05-25 20:00:00,2.03629,2.03644,2.03194,2.03219,6229
2023-05-26 00:00:00,2.03227,2.03585,2.03051,2.03331,5224
2023-05-26 04:00:00,2.03331,2.03408,2.02924,2.03136,6712
2023-05-26 08:00:00,2.03139,2.03684,2.02984,2.03414,11458
2023-05-26 12:00:00,2.03411,2.03814,2.03086,2.03706,11652
2023-05-26 16:00:00,2.03703,2.04325,2.03635,2.04179,16662
2023-05-26 20:00:00,2.04179,2.0437,2.04069,2.04148,5082
2023-05-29 00:00:00,2.03766,2.04192,2.0358,2.03738,4284
2023-05-29 04:00:00,2.03738,2.04237,2.03597,2.03879,4878
2023-05-29 08:00:00,2.03881,2.03991,2.03532,2.03689,7507
2023-05-29 12:00:00,2.0369,2.03909,2.03509,2.03754,4907
2023-05-29 16:00:00,2.03754,2.04126,2.03724,2.04075,3304
2023-05-29 20:00:00,2.04076,2.04134,2.03941,2.04008,1435
2023-05-30 00:00:00,2.03971,2.04339,2.03584,2.04167,4074
2023-05-30 04:00:00,2.04167,2.04736,2.04039,2.04539,7451
2023-05-30 08:00:00,2.04538,2.0472,2.04111,2.04535,13001
2023-05-30 12:00:00,2.04535,2.05459,2.04511,2.05205,12043
2023-05-30 16:00:00,2.05202,2.05742,2.05006,2.05198,12676
2023-05-30 20:00:00,2.05199,2.05351,2.04981,2.05339,5501
2023-05-31 00:00:00,2.05262,2.05601,2.05107,2.05537,3143
2023-05-31 04:00:00,2.0554,2.06548,2.05342,2.06513,8051
2023-05-31 08:00:00,2.06513,2.06585,2.05797,2.06009,13387
2023-05-31 12:00:00,2.0602,2.06154,2.05692,2.06112,9197
2023-05-31 16:00:00,2.06112,2.06945,2.06097,2.06682,17746
2023-05-31 20:00:00,2.06686,2.0693,2.06442,2.06608,8729
2023-06-01 00:00:00,2.06506,2.07029,2.06466,2.0697,3927
2023-06-01 04:00:00,2.06971,2.07207,2.06701,2.06958,8380
2023-06-01 08:00:00,2.06958,2.0731,2.06722,2.06967,11579
2023-06-01 12:00:00,2.06954,2.07372,2.06855,2.07126,11790
2023-06-01 16:00:00,2.07132,2.0734,2.06249,2.06505,15712
2023-06-01 20:00:00,2.06505,2.06578,2.06298,2.06308,4624
2023-06-02 00:00:00,2.06156,2.06714,2.06055,2.06595,3873
2023-06-02 04:00:00,2.06595,2.06652,2.05331,2.05748,7509
2023-06-02 08:00:00,2.05745,2.05801,2.05158,2.05228,10357
2023-06-02 12:00:00,2.05228,2.05774,2.05225,2.05579,11353
2023-06-02 16:00:00,2.0559,2.05944,2.0523,2.05236,14643
2023-06-02 20:00:00,2.05236,2.05578,2.05234,2.05474,5338
2023-06-05 00:00:00,2.0506,2.05579,2.04964,2.05329,4037
2023-06-05 04:00:00,2.05321,2.05589,2.05058,2.05114,6108
2023-06-05 08:00:00,2.05114,2.05209,2.04804,2.04932,10108
2023-06-05 12:00:00,2.04932,2.05,2.04268,2.04329,8213
2023-06-05 16:00:00,2.04331,2.04671,2.04121,2.04586,13404
2023-06-05 20:00:00,2.04582,2.04865,2.0452,2.04808,5353
2023-06-06 00:00:00,2.04932,2.04932,2.04533,2.04703,2727
2023-06-06 04:00:00,2.04704,2.0492,2.04002,2.04604,7236
2023-06-06 08:00:00,2.04604,2.04637,2.04092,2.04217,13332
2023-06-06 12:00:00,2.04224,2.04629,2.0393,2.04514,9644
2023-06-06 16:00:00,2.04514,2.0506,2.04137,2.04608,11820
2023-06-06 20:00:00,2.04608,2.04675,2.04345,2.04378,4771
2023-06-07 00:00:00,2.04366,2.0453,2.04085,2.04295,3062
2023-06-07 04:00:00,2.04302,2.04582,2.04155,2.04389,6299
2023-06-07 08:00:00,2.04389,2.0472,2.0433,2.0461,9029
2023-06-07 12:00:00,2.04618,2.05455,2.04549,2.05448,10057
2023-06-07 16:00:00,2.05453,2.05977,2.04942,2.05874,15903
2023-06-07 20:00:00,2.05874,2.06066,2.05822,2.06008,6067
2023-06-08 00:00:00,2.05996,2.06175,2.05616,2.05716,3239
2023-06-08 04:00:00,2.05718,2.06001,2.05599,2.05901,6255
2023-06-08 08:00:00,2.05901,2.05978,2.05064,2.05355,10797
2023-06-08 12:00:00,2.05355,2.05679,2.04891,2.05277,11067
2023-06-08 16:00:00,2.05275,2.06021,2.05261,2.05982,14359
2023-06-08 20:00:00,2.05981,2.06136,2.05855,2.06074,5082
2023-06-09 00:00:00,2.06026,2.06087,2.05722,2.06046,2873
2023-06-09 04:00:00,2.06046,2.06176,2.05946,2.06074,5432
2023-06-09 08:00:00,2.06074,2.06145,2.05544,2.05763,9498
2023-06-09 12:00:00,2.05769,2.05929,2.05099,2.05109,10418
2023-06-09 16:00:00,2.05109,2.05386,2.04841,2.05304,12506
2023-06-09 20:00:00,2.05304,2.05328,2.05148,2.05188,3743
2023-06-12 00:00:00,2.052,2.05442,2.04981,2.05442,3552
2023-06-12 04:00:00,2.05438,2.05604,2.05274,2.05462,4528
2023-06-12 08:00:00,2.05462,2.05556,2.04812,2.04827,8304
2023-06-12 12:00:00,2.04827,2.04975,2.04574,2.04597,9222
2023-06-12 16:00:00,2.04598,2.049,2.04096,2.0446,12159
2023-06-12 20:00:00,2.0446,2.0446,2.0425,2.04359,5008
2023-06-13 00:00:00,2.04277,2.04565,2.04154,2.04546,3331
2023-06-13 04:00:00,2.04538,2.05063,2.04315,2.04447,6652
2023-06-13 08:00:00,2.04445,2.05113,2.04161,2.04444,12063
2023-06-13 12:00:00,2.04444,2.04951,2.04082,2.04187,11852
2023-06-13 16:00:00,2.04196,2.05172,2.03925,2.04951,16646
2023-06-13 20:00:00,2.0495,2.05215,2.04827,2.05049,6042
2023-06-14 00:00:00,2.0504,2.05057,2.04598,2.04902,3493
2023-06-14 04:00:00,2.04901,2.05052,2.04541,2.05036,5500
2023-06-14 08:00:00,2.05036,2.05243,2.04681,2.04833,8531
2023-06-14 12:00:00,2.04831,2.05047,2.04172,2.04396,9162
2023-06-14 16:00:00,2.04393,2.0449,2.0358,2.03746,10368
2023-06-14 20:00:00,2.03765,2.04808,2.03439,2.03989,17624
2023-06-15 00:00:00,2.0382,2.04595,2.03645,2.04435,4188
2023-06-15 04:00:00,2.04435,2.05136,2.04351,2.04468,8259
2023-06-15 08:00:00,2.04468,2.05048,2.04072,2.05019,10623
2023-06-15 12:00:00,2.05019,2.055,2.04619,2.05212,11757
2023-06-15 16:00:00,2.05199,2.052,2.04447,2.05012,14258
2023-06-15 20:00:00,2.05012,2.05068,2.04722,2.0502,5970
2023-06-16 00:00:00,2.0499,2.05189,2.04617,2.04831,3517
2023-06-16 04:00:00,2.04831,2.05175,2.0471,2.05105,6770
2023-06-16 08:00:00,2.05102,2.05512,2.04874,2.05118,10994
2023-06-16 12:00:00,2.05118,2.05978,2.04963,2.05791,9901
2023-06-16 16:00:00,2.05791,2.06417,2.05625,2.0611,15670
2023-06-16 20:00:00,2.06106,2.06187,2.0547,2.05589,6226
2023-06-19 00:00:00,2.05517,2.06267,2.05437,2.06246,5292
2023-06-19 04:00:00,2.06245,2.06495,2.05987,2.06252,7297
2023-06-19 08:00:00,2.06252,2.06287,2.05633,2.05831,10260
2023-06-19 12:00:00,2.05831,2.06889,2.05777,2.06491,8260
2023-06-19 16:00:00,2.06491,2.06613,2.0596,2.05999,7506
2023-06-19 20:00:00,2.05995,2.06308,2.05984,2.06278,3469
2023-06-20 00:00:00,2.05973,2.06442,2.0567,2.06404,4811
2023-06-20 04:00:00,2.06409,2.07059,2.06338,2.06992,9095
2023-06-20 08:00:00,2.06992,2.07302,2.06402,2.06592,13558
2023-06-20 12:00:00,2.06592,2.06902,2.06214,2.06835,11007
2023-06-20 16:00:00,2.06836,2.07304,2.06733,2.0708,15864
2023-06-20 20:00:00,2.0708,2.0714,2.06886,2.06938,6818
2023-06-21 00:00:00,2.06936,2.07047,2.06362,2.06949,3963
2023-06-21 04:00:00,2.06946,2.06956,2.06363,2.06429,9934
2023-06-21 08:00:00,2.06432,2.07495,2.06211,2.06436,15655
2023-06-21 12:00:00,2.06436,2.06569,2.05634,2.06299,13951
2023-06-21 16:00:00,2.06302,2.06368,2.0554,2.05691,18549
2023-06-21 20:00:00,2.05691,2.05825,2.0557,2.05798,8152
2023-06-22 00:00:00,2.05836,2.05836,2.0538,2.05659,3977
2023-06-22 04:00:00,2.05659,2.06105,2.05288,2.06105,7156
2023-06-22 08:00:00,2.06115,2.06177,2.05472,2.05803,12885
2023-06-22 12:00:00,2.05803,2.06468,2.04979,2.05628,15873
2023-06-22 16:00:00,2.05623,2.06163,2.05597,2.05989,16449
2023-06-22 20:00:00,2.05989,2.06437,2.05985,2.06333,6020
2023-06-23 00:00:00,2.06297,2.06346,2.05878,2.05959,4765
2023-06-23 04:00:00,2.05954,2.06939,2.05947,2.06865,10395
2023-06-23 08:00:00,2.06869,2.07205,2.0652,2.07171,15028
2023-06-23 12:00:00,2.07175,2.07998,2.07043,2.07395,12501
2023-06-23 16:00:00,2.07393,2.07496,2.06559,2.06776,16928
2023-06-23 20:00:00,2.06777,2.0703,2.0676,2.06912,6491
2023-06-26 00:00:00,2.06688,2.07057,2.06648,2.06768,5618
2023-06-26 04:00:00,2.06767,2.06842,2.06211,2.06382,8380
2023-06-26 08:00:00,2.0638,2.07171,2.06372,2.06671,13195
2023-06-26 12:00:00,2.06692,2.06787,2.05677,2.06008,11066
2023-06-26 16:00:00,2.0599,2.06445,2.05931,2.06137,12890
2023-06-26 20:00:00,2.06137,2.06258,2.0594,2.06219,4564
2023-06-27 00:00:00,2.06145,2.06373,2.05992,2.06314,4360
2023-06-27 04:00:00,2.06314,2.06366,2.05601,2.05741,10015
2023-06-27 08:00:00,2.05741,2.06261,2.05542,2.06214,12281
2023-06-27 12:00:00,2.06212,2.06404,2.05821,2.0604,12224
2023-06-27 16:00:00,2.0604,2.06802,2.05787,2.06618,16451
2023-06-27 20:00:00,2.06618,2.0686,2.06443,2.06849,5918
2023-06-28 00:00:00,2.068,2.07246,2.06538,2.07163,4109
2023-06-28 04:00:00,2.07163,2.08173,2.07103,2.08016,9711
2023-06-28 08:00:00,2.08016,2.09007,2.0797,2.08712,11681
2023-06-28 12:00:00,2.08712,2.08743,2.07918,2.08216,11819
2023-06-28 16:00:00,2.08216,2.08238,2.0721,2.07808,16548
2023-06-28 20:00:00,2.07808,2.08104,2.07746,2.07999,5340
2023-06-29 00:00:00,2.07957,2.08209,2.07823,2.07935,3782
2023-06-29 04:00:00,2.07929,2.0801,2.07416,2.07612,9634
2023-06-29 08:00:00,2.07612,2.0805,2.0752,2.0799,11362
2023-06-29 12:00:00,2.0798,2.08208,2.07408,2.07727,11538
2023-06-29 16:00:00,2.07733,2.08309,2.07521,2.08019,17308
2023-06-29 20:00:00,2.08019,2.08165,2.07633,2.07729,5688
2023-06-30 00:00:00,2.07739,2.08157,2.07413,2.07933,3451
2023-06-30 04:00:00,2.07933,2.0795,2.07195,2.0723,9077
2023-06-30 08:00:00,2.0723,2.07825,2.07076,2.07515,11458
2023-06-30 12:00:00,2.07515,2.0813,2.07368,2.07736,12546
2023-06-30 16:00:00,2.07751,2.07879,2.07106,2.0711,17011
2023-06-30 20:00:00,2.07116,2.07195,2.06706,2.06779,5820
2023-07-03 00:00:00,2.06844,2.07135,2.06662,2.07068,4619
2023-07-03 04:00:00,2.07067,2.07107,2.06311,2.06382,8025
2023-07-03 08:00:00,2.06383,2.06769,2.06079,2.06153,12330
2023-07-03 12:00:00,2.06161,2.06589,2.06106,2.06432,11167
2023-07-03 16:00:00,2.06438,2.06575,2.0594,2.06507,14131
2023-07-03 20:00:00,2.06508,2.06519,2.06185,2.06228,2645
2023-07-04 00:00:00,2.06216,2.06332,2.05924,2.06133,2629
2023-07-04 04:00:00,2.06133,2.06599,2.05941,2.06457,7459
2023-07-04 08:00:00,2.0646,2.06507,2.05418,2.05562,8945
2023-07-04 12:00:00,2.05563,2.05609,2.05094,2.05513,7662
2023-07-04 16:00:00,2.05509,2.05568,2.04934,2.05316,6450
2023-07-04 20:00:00,2.05305,2.05376,2.05219,2.05333,2057
2023-07-05 00:00:00,2.05243,2.05378,2.04915,2.05049,3297
2023-07-05 04:00:00,2.05041,2.05289,2.04973,2.05081,6955
2023-07-05 08:00:00,2.05081,2.05479,2.04958,2.05348,11811
2023-07-05 12:00:00,2.05351,2.0557,2.04939,2.05365,10170
2023-07-05 16:00:00,2.05361,2.05584,2.05124,2.05489,12877
2023-07-05 20:00:00,2.05481,2.05605,2.05279,2.05578,6123
2023-07-06 00:00:00,2.05596,2.05769,2.05246,2.05393,3199
2023-07-06 04:00:00,2.05393,2.05902,2.0504,2.05472,9908
2023-07-06 08:00:00,2.05471,2.05532,2.04492,2.05168,12733
2023-07-06 12:00:00,2.05168,2.06613,2.05052,2.06544,15370
2023-07-06 16:00:00,2.06544,2.06918,2.06293,2.06861,19249
2023-07-06 20:00:00,2.06853,2.06974,2.06785,2.06878,6014
2023-07-07 00:00:00,2.06868,2.06916,2.06569,2.06729,3175
2023-07-07 04:00:00,2.06729,2.06741,2.06334,2.06413,6297
2023-07-07 08:00:00,2.06403,2.06879,2.05969,2.05972,12172
2023-07-07 12:00:00,2.0597,2.07139,2.05954,2.07104,13742
2023-07-07 16:00:00,2.07109,2.07214,2.06284,2.06584,19386
2023-07-07 20:00:00,2.06584,2.06771,2.06527,2.06713,6183
2023-07-10 00:00:00,2.0645,2.06986,2.06388,2.06861,4493
2023-07-10 04:00:00,2.06861,2.0725,2.06474,2.07214,8275
2023-07-10 08:00:00,2.07214,2.0738,2.06952,2.07156,10134
2023-07-10 12:00:00,2.07156,2.07249,2.065,2.06727,10136
2023-07-10 16:00:00,2.06727,2.07036,2.06424,2.06804,13716
2023-07-10 20:00:00,2.06805,2.07124,2.06625,2.07079,5029
2023-07-11 00:00:00,2.07062,2.07335,2.06759,2.06981,3654
2023-07-11 04:00:00,2.06981,2.073,2.06794,2.07225,8526
2023-07-11 08:00:00,2.07229,2.08402,2.07229,2.08327,14224
2023-07-11 12:00:00,2.08322,2.08977,2.08263,2.08777,12490
2023-07-11 16:00:00,2.08765,2.09188,2.08551,2.08797,13132
2023-07-11 20:00:00,2.08795,2.08854,2.08575,2.08589,5556
2023-07-12 00:00:00,2.08547,2.0883,2.0813,2.08241,4918
2023-07-12 04:00:00,2.08245,2.08936,2.07824,2.0817,10575
2023-07-12 08:00:00,2.0817,2.08821,2.08159,2.08623,10781
2023-07-12 12:00:00,2.08634,2.08975,2.07656,2.07917,14073
2023-07-12 16:00:00,2.07919,2.07929,2.0617,2.06251,19525
2023-07-12 20:00:00,2.06251,2.06473,2.05951,2.06249,6975
2023-07-13 00:00:00,2.06216,2.06445,2.05812,2.05982,4075
2023-07-13 04:00:00,2.05982,2.06079,2.05328,2.05428,9910
2023-07-13 08:00:00,2.05428,2.05524,2.04833,2.05222,14521
2023-07-13 12:00:00,2.05222,2.05841,2.0494,2.055,13590
2023-07-13 16:00:00,2.05505,2.05617,2.0494,2.05463,15306
2023-07-13 20:00:00,2.05458,2.05541,2.05234,2.05452,6176
2023-07-14 00:00:00,2.05377,2.05504,2.05122,2.05418,5555
2023-07-14 04:00:00,2.05418,2.05462,2.04858,2.05072,9298
2023-07-14 08:00:00,2.05071,2.05836,2.05021,2.05831,12298
2023-07-14 12:00:00,2.0583,2.06,2.05403,2.05472,11581
2023-07-14 16:00:00,2.05472,2.05803,2.05383,2.05638,18300
2023-07-14 20:00:00,2.05645,2.0574,2.05407,2.05447,5655
2023-07-17 00:00:00,2.0558,2.06005,2.0535,2.05988,4552
2023-07-17 04:00:00,2.05991,2.06235,2.05778,2.06035,7762
2023-07-17 08:00:00,2.06035,2.06602,2.05953,2.06389,10499
2023-07-17 12:00:00,2.06389,2.06769,2.06271,2.06469,11454
2023-07-17 16:00:00,2.06472,2.06959,2.06375,2.06412,12302
2023-07-17 20:00:00,2.06412,2.06813,2.06287,2.06668,4533
2023-07-18 00:00:00,2.06613,2.06818,2.06496,2.06785,3687
2023-07-18 04:00:00,2.06786,2.06812,2.06411,2.0663,10366
2023-07-18 08:00:00,2.06633,2.07806,2.0652,2.07794,13252
2023-07-18 12:00:00,2.07793,2.08769,2.07788,2.08645,13613
2023-07-18 16:00:00,2.08644,2.08935,2.07333,2.07699,17956
2023-07-18 20:00:00,2.07699,2.07839,2.07586,2.07798,4994
2023-07-19 00:00:00,2.07766,2.07816,2.06445,2.07154,5524
2023-07-19 04:00:00,2.07154,2.0803,2.07132,2.07898,9372
2023-07-19 08:00:00,2.07898,2.08276,2.06617,2.07085,16554
2023-07-19 12:00:00,2.07085,2.07459,2.06374,2.06609,13327
2023-07-19 16:00:00,2.06609,2.06789,2.06135,2.06496,16734
2023-07-19 20:00:00,2.06491,2.0672,2.06461,2.06588,6401
2023-07-20 00:00:00,2.06513,2.06757,2.06234,2.06551,4181
2023-07-20 04:00:00,2.06545,2.06567,2.05298,2.05328,10802
2023-07-20 08:00:00,2.05328,2.05846,2.05255,2.05609,11803
2023-07-20 12:00:00,2.05609,2.05815,2.04932,2.05758,13241
2023-07-20 16:00:00,2.05753,2.06791,2.05658,2.06691,16309
2023-07-20 20:00:00,2.06689,2.06694,2.06368,2.06373,5417
2023-07-21 00:00:00,2.06369,2.06853,2.06186,2.06822,3952
2023-07-21 04:00:00,2.06822,2.07066,2.06739,2.06935,9013
2023-07-21 08:00:00,2.06935,2.07714,2.06649,2.0768,14250
2023-07-21 12:00:00,2.0768,2.07776,2.07099,2.07369,13041
2023-07-21 16:00:00,2.07365,2.08173,2.07349,2.08091,13077
2023-07-21 20:00:00,2.08091,2.08538,2.08031,2.08338,4632
2023-07-24 00:00:00,2.07944,2.08476,2.07916,2.0838,3493
2023-07-24 04:00:00,2.0838,2.08861,2.0832,2.08474,8786
2023-07-24 08:00:00,2.08473,2.08652,2.06845,2.06976,13944
2023-07-24 12:00:00,2.06973,2.0743,2.06757,2.06997,12089
2023-07-24 16:00:00,2.06999,2.07272,2.06431,2.06836,16371
2023-07-24 20:00:00,2.06836,2.07006,2.06616,2.06649,5652
2023-07-25 00:00:00,2.06613,2.06958,2.06247,2.06893,4231
2023-07-25 04:00:00,2.06894,2.06928,2.0635,2.0664,9291
2023-07-25 08:00:00,2.0664,2.07216,2.06492,2.06649,12977
2023-07-25 12:00:00,2.06649,2.071,2.06021,2.0614,8640
2023-07-25 16:00:00,2.0614,2.07162,2.06123,2.07138,13294
2023-07-25 20:00:00,2.07132,2.07407,2.06942,2.07359,5698
2023-07-26 00:00:00,2.07248,2.0748,2.06987,2.0732,4285
2023-07-26 04:00:00,2.07319,2.08239,2.07249,2.07326,8751
2023-07-26 08:00:00,2.07326,2.07578,2.06974,2.07549,11764
2023-07-26 12:00:00,2.07549,2.08043,2.07365,2.07984,9381
2023-07-26 16:00:00,2.0798,2.08336,2.07869,2.08171,12354
2023-07-26 20:00:00,2.08171,2.08376,2.07725,2.08376,16794
2023-07-27 00:00:00,2.08294,2.08439,2.07696,2.07723,4268
2023-07-27 04:00:00,2.07723,2.0782,2.06801,2.07205,8918
2023-07-27 08:00:00,2.07218,2.07799,2.07115,2.07697,13196
2023-07-27 12:00:00,2.07697,2.07866,2.06645,2.0672,14538
2023-07-27 16:00:00,2.0672,2.0745,2.06541,2.06982,19722
2023-07-27 20:00:00,2.06984,2.07344,2.06705,2.06919,11085
2023-07-28 00:00:00,2.0693,2.07172,2.06554,2.07166,4469
2023-07-28 04:00:00,2.07166,2.07959,2.07,2.07717,15443
2023-07-28 08:00:00,2.07719,2.08977,2.07319,2.08791,18144
2023-07-28 12:00:00,2.08792,2.09016,2.08302,2.08958,13058
2023-07-28 16:00:00,2.08971,2.09201,2.0851,2.08825,15769
2023-07-28 20:00:00,2.08829,2.09003,2.0835,2.08619,5826
2023-07-31 00:00:00,2.08588,2.08847,2.08333,2.08557,4554
2023-07-31 04:00:00,2.08554,2.08556,2.07506,2.07547,9977
2023-07-31 08:00:00,2.07549,2.07869,2.0723,2.07503,11829
2023-07-31 12:00:00,2.07503,2.07713,2.07058,2.07265,9953
2023-07-31 16:00:00,2.07265,2.07282,2.06567,2.06687,13216
2023-07-31 20:00:00,2.06687,2.06846,2.06479,2.06718,4470
2023-08-01 00:00:00,2.06637,2.06851,2.06255,2.06678,3522
2023-08-01 04:00:00,2.06678,2.07434,2.0656,2.07182,8513
2023-08-01 08:00:00,2.07185,2.0833,2.06941,2.08219,10655
2023-08-01 12:00:00,2.08219,2.08262,2.0753,2.07901,10662
2023-08-01 16:00:00,2.07905,2.08073,2.07398,2.0799,13832
2023-08-01 20:00:00,2.0799,2.08053,2.07682,2.07738,4152
2023-08-02 00:00:00,2.07726,2.08602,2.06996,2.08425,6453
2023-08-02 04:00:00,2.08428,2.09354,2.08312,2.09316,8357
2023-08-02 08:00:00,2.09316,2.09591,2.09073,2.09181,11894
2023-08-02 12:00:00,2.09185,2.09207,2.08578,2.08809,11877
2023-08-02 16:00:00,2.08808,2.09108,2.08336,2.09008,14082
2023-08-02 20:00:00,2.09,2.09242,2.08966,2.09018,5042
2023-08-03 00:00:00,2.08999,2.09265,2.08638,2.09037,3906
2023-08-03 04:00:00,2.09037,2.09602,2.08917,2.09226,9421
2023-08-03 08:00:00,2.09226,2.09262,2.08844,2.08877,14409
2023-08-03 12:00:00,2.08883,2.08883,2.07905,2.08515,16136
2023-08-03 16:00:00,2.08517,2.09153,2.0844,2.08854,15999
2023-08-03 20:00:00,2.08854,2.09432,2.08818,2.09108,4948
2023-08-04 00:00:00,2.09006,2.09168,2.08745,2.0884,4992
2023-08-04 04:00:00,2.08846,2.09172,2.08656,2.08991,8930
2023-08-04 08:00:00,2.08991,2.09065,2.08503,2.08935,9791
2023-08-04 12:00:00,2.08932,2.09183,2.08534,2.08898,11613
2023-08-04 16:00:00,2.08893,2.08954,2.08406,2.08566,15965
2023-08-04 20:00:00,2.08566,2.0927,2.0856,2.09038,6789
2023-08-07 00:00:00,2.0899,2.09162,2.08798,2.08849,4651
2023-08-07 04:00:00,2.08856,2.08895,2.0844,2.08678,6151
2023-08-07 08:00:00,2.08678,2.09066,2.08423,2.08922,8692
2023-08-07 12:00:00,2.08922,2.09096,2.08623,2.08991,8452
2023-08-07 16:00:00,2.08997,2.09568,2.08875,2.09365,10330
2023-08-07 20:00:00,2.09365,2.09489,2.09246,2.09368,4633
2023-08-08 00:00:00,2.09356,2.09476,2.09096,2.09245,3652
2023-08-08 04:00:00,2.09244,2.10028,2.09238,2.09922,9426
2023-08-08 08:00:00,2.09922,2.10567,2.09806,2.10265,11241
2023-08-08 12:00:00,2.10265,2.10587,2.09899,2.10047,10612
2023-08-08 16:00:00,2.10047,2.10565,2.10014,2.1049,11942
2023-08-08 20:00:00,2.10492,2.10509,2.10091,2.10128,4804
2023-08-09 00:00:00,2.10113,2.10589,2.09856,2.10562,4032
2023-08-09 04:00:00,2.10562,2.10623,2.09531,2.10031,9297
2023-08-09 08:00:00,2.10033,2.10179,2.09587,2.09783,9540
2023-08-09 12:00:00,2.09783,2.10269,2.09717,2.10173,8370
2023-08-09 16:00:00,2.10175,2.10497,2.09998,2.10186,12198
2023-08-09 20:00:00,2.10186,2.10193,2.09859,2.10128,5162
2023-08-10 00:00:00,2.10148,2.10177,2.09785,2.09909,2664
2023-08-10 04:00:00,2.09909,2.10068,2.09495,2.09831,6377
2023-08-10 08:00:00,2.09831,2.10323,2.09599,2.1018,8962
2023-08-10 12:00:00,2.10188,2.10463,2.09468,2.09719,11369
2023-08-10 16:00:00,2.09718,2.10169,2.09569,2.09989,18185
2023-08-10 20:00:00,2.09989,2.10498,2.09959,2.10488,9933
2023-08-11 00:00:00,2.10434,2.10899,2.10078,2.1079,3396
2023-08-11 04:00:00,2.10784,2.11193,2.10615,2.11153,6386
2023-08-11 08:00:00,2.11153,2.11585,2.11018,2.1136,10582
2023-08-11 12:00:00,2.11359,2.11939,2.11251,2.11902,11223
2023-08-11 16:00:00,2.11907,2.1232,2.11597,2.12209,15991
2023-08-11 20:00:00,2.12209,2.12287,2.1205,2.12138,5483
2023-08-14 00:00:00,2.11872,2.12342,2.11794,2.12326,5381
2023-08-14 04:00:00,2.12327,2.12764,2.12327,2.1254,8516
2023-08-14 08:00:00,2.1254,2.1269,2.11907,2.12312,11087
2023-08-14 12:00:00,2.12312,2.12516,2.12035,2.12181,10318
2023-08-14 16:00:00,2.12184,2.1239,2.11723,2.12234,14405
2023-08-14 20:00:00,2.12234,2.12442,2.12165,2.12279,5168
2023-08-15 00:00:00,2.11948,2.12507,2.11824,2.12436,3369
2023-08-15 04:00:00,2.1243,2.12652,2.1175,2.1199,8309
2023-08-15 08:00:00,2.11992,2.13139,2.11873,2.13054,11696
2023-08-15 12:00:00,2.13054,2.13195,2.12447,2.12976,13351
2023-08-15 16:00:00,2.12977,2.13395,2.1273,2.13245,17305
2023-08-15 20:00:00,2.13245,2.13492,2.1308,2.13469,6091
2023-08-16 00:00:00,2.13383,2.13754,2.13149,2.13728,4003
2023-08-16 04:00:00,2.13728,2.13913,2.1284,2.12928,9457
2023-08-16 08:00:00,2.12928,2.13192,2.12582,2.13092,11183
2023-08-16 12:00:00,2.13087,2.1392,2.13078,2.13885,8603
2023-08-16 16:00:00,2.1389,2.14381,2.13492,2.14229,13623
2023-08-16 20:00:00,2.14229,2.14485,2.14098,2.14409,9997
2023-08-17 00:00:00,2.14318,2.15022,2.14082,2.14988,4590
2023-08-17 04:00:00,2.14986,2.1532,2.1467,2.14958,8605
2023-08-17 08:00:00,2.14962,2.15238,2.14379,2.14417,10389
2023-08-17 12:00:00,2.14417,2.14618,2.14023,2.14473,11891
2023-08-17 16:00:00,2.14472,2.1504,2.14384,2.14916,14411
2023-08-17 20:00:00,2.1491,2.15149,2.14724,2.15129,7528
2023-08-18 00:00:00,2.15107,2.1519,2.14823,2.14958,4796
2023-08-18 04:00:00,2.14932,2.15249,2.14675,2.15158,7476
2023-08-18 08:00:00,2.15158,2.15217,2.14259,2.14719,10313
2023-08-18 12:00:00,2.14719,2.149,2.14488,2.14823,9940
2023-08-18 16:00:00,2.14823,2.14905,2.14355,2.14482,12465
2023-08-18 20:00:00,2.14484,2.15019,2.1443,2.15009,5797
2023-08-21 00:00:00,2.144,2.15203,2.14389,2.1517,4351
2023-08-21 04:00:00,2.15178,2.15518,2.15107,2.15234,7229
2023-08-21 08:00:00,2.15234,2.15559,2.15025,2.15148,9032
2023-08-21 12:00:00,2.15145,2.15614,2.14777,2.15399,9171
2023-08-21 16:00:00,2.15399,2.15859,2.153,2.15575,11593
2023-08-21 20:00:00,2.15569,2.15612,2.15128,2.1521,5347
2023-08-22 00:00:00,2.15101,2.15327,2.1484,2.15243,3054
2023-08-22 04:00:00,2.15243,2.15399,2.14993,2.15233,6936
2023-08-22 08:00:00,2.15236,2.15346,2.14508,2.14618,9321
2023-08-22 12:00:00,2.14618,2.1465,2.1405,2.14493,9457
2023-08-22 16:00:00,2.14493,2.14705,2.14053,2.14206,12530
2023-08-22 20:00:00,2.14206,2.14319,2.14097,2.14118,4747
2023-08-23 00:00:00,2.14116,2.14365,2.13732,2.1403,2932
2023-08-23 04:00:00,2.1403,2.14396,2.13579,2.14327,5531
2023-08-23 08:00:00,2.14328,2.14604,2.13191,2.13219,12079
2023-08-23 12:00:00,2.13219,2.13239,2.12689,2.12947,11174
2023-08-23 16:00:00,2.12949,2.13113,2.12316,2.12698,14989
2023-08-23 20:00:00,2.12698,2.13034,2.12656,2.12808,5465
2023-08-24 00:00:00,2.12569,2.13078,2.12485,2.13015,4533
2023-08-24 04:00:00,2.13015,2.13226,2.12869,2.12936,7200
2023-08-24 08:00:00,2.12936,2.13558,2.12896,2.13379,9931
2023-08-24 12:00:00,2.13379,2.13511,2.13129,2.1327,10109
2023-08-24 16:00:00,2.13269,2.1344,2.129,2.13075,13675
2023-08-24 20:00:00,2.13073,2.13096,2.12615,2.12668,4290
2023-08-25 00:00:00,2.12676,2.12797,2.1231,2.12586,3282
2023-08-25 04:00:00,2.12589,2.12891,2.12368,2.1288,6386
2023-08-25 08:00:00,2.1288,2.13143,2.1273,2.12904,8875
2023-08-25 12:00:00,2.12918,2.13267,2.12854,2.13058,7841
2023-08-25 16:00:00,2.13058,2.13401,2.12709,2.13036,20717
2023-08-25 20:00:00,2.13032,2.13145,2.12771,2.13038,6737
2023-08-28 00:00:00,2.12909,2.13092,2.12832,2.12925,3997
2023-08-28 04:00:00,2.12924,2.13013,2.12629,2.12943,5798
2023-08-28 08:00:00,2.12943,2.13302,2.12812,2.13071,7659
2023-08-28 12:00:00,2.13071,2.13283,2.12845,2.13001,6113
2023-08-28 16:00:00,2.13001,2.13187,2.12887,2.13031,10246
2023-08-28 20:00:00,2.1303,2.13302,2.13011,2.13196,4676
2023-08-29 00:00:00,2.13135,2.13619,2.12744,2.13619,3670
2023-08-29 04:00:00,2.13619,2.13623,2.13022,2.13163,5610
2023-08-29 08:00:00,2.13162,2.13236,2.12763,2.13085,8524
2023-08-29 12:00:00,2.13085,2.13414,2.12603,2.13389,9992
2023-08-29 16:00:00,2.1339,2.13442,2.1191,2.12157,17526
2023-08-29 20:00:00,2.12157,2.12167,2.11587,2.11749,7166
2023-08-30 00:00:00,2.11707,2.11872,2.1143,2.11769,3633
2023-08-30 04:00:00,2.11778,2.12413,2.1177,2.1207,6811
2023-08-30 08:00:00,2.12069,2.12668,2.11843,2.1259,10907
2023-08-30 12:00:00,2.12593,2.12678,2.1196,2.11992,12418
2023-08-30 16:00:00,2.11992,2.13073,2.11973,2.12976,15011
2023-08-30 20:00:00,2.1298,2.13604,2.12905,2.13589,5666
2023-08-31 00:00:00,2.13577,2.13925,2.13062,2.13562,4103
2023-08-31 04:00:00,2.13562,2.13562,2.1303,2.13512,5423
2023-08-31 08:00:00,2.13512,2.13576,2.13101,2.13322,9159
2023-08-31 12:00:00,2.13319,2.13462,2.12564,2.12646,12335
2023-08-31 16:00:00,2.12644,2.1346,2.12584,2.128,16022
2023-08-31 20:00:00,2.12797,2.12826,2.12358,2.12388,5317
2023-09-01 00:00:00,2.12373,2.12481,2.1195,2.12379,4214
2023-09-01 04:00:00,2.12379,2.12705,2.1179,2.12393,6983
2023-09-01 08:00:00,2.12398,2.12759,2.1235,2.12714,8830
2023-09-01 12:00:00,2.1271,2.12757,2.11305,2.11466,11563
2023-09-01 16:00:00,2.11463,2.12233,2.1144,2.11879,20474
2023-09-01 20:00:00,2.11867,2.11993,2.11389,2.11389,5128
2023-09-04 00:00:00,2.11622,2.1199,2.11559,2.1186,3155
2023-09-04 04:00:00,2.11862,2.12,2.11461,2.11968,6114
2023-09-04 08:00:00,2.11971,2.12544,2.11658,2.12526,7480
2023-09-04 12:00:00,2.12526,2.12671,2.12266,2.12498,5811
2023-09-04 16:00:00,2.12499,2.12737,2.12476,2.1263,5082
2023-09-04 20:00:00,2.12634,2.12721,2.12568,2.12609,1381
2023-09-05 00:00:00,2.12182,2.12812,2.12182,2.12738,2538
2023-09-05 04:00:00,2.12738,2.13409,2.12703,2.13386,6715
2023-09-05 08:00:00,2.13386,2.14116,2.1321,2.13297,12265
2023-09-05 12:00:00,2.13297,2.14082,2.13251,2.13746,10731
2023-09-05 16:00:00,2.13745,2.13936,2.1345,2.13725,15201
2023-09-05 20:00:00,2.13722,2.13806,2.1348,2.13544,5139
2023-09-06 00:00:00,2.13454,2.13877,2.13285,2.13857,3076
2023-09-06 04:00:00,2.13857,2.14138,2.13476,2.13518,6623
2023-09-06 08:00:00,2.13516,2.13745,2.13099,2.13228,10712
2023-09-06 12:00:00,2.13227,2.1338,2.1284,2.13186,8524
2023-09-06 16:00:00,2.13184,2.13408,2.12393,2.13032,16005
2023-09-06 20:00:00,2.13032,2.13165,2.12899,2.12949,5012
2023-09-07 00:00:00,2.12832,2.13086,2.1241,2.12988,3092
2023-09-07 04:00:00,2.12985,2.13158,2.12827,2.1289,5584
2023-09-07 08:00:00,2.1289,2.1289,2.11658,2.11924,10288
2023-09-07 12:00:00,2.11924,2.12044,2.1153,2.11565,9767
2023-09-07 16:00:00,2.11581,2.12328,2.11465,2.12153,12404
2023-09-07 20:00:00,2.12153,2.12257,2.1193,2.12209,4917
2023-09-08 00:00:00,2.12162,2.12287,2.11691,2.12032,3442
2023-09-08 04:00:00,2.12043,2.1223,2.1177,2.11917,6212
2023-09-08 08:00:00,2.11915,2.11915,2.1136,2.11442,8752
2023-09-08 12:00:00,2.11447,2.11521,2.11003,2.11299,9393
2023-09-08 16:00:00,2.11305,2.1171,2.11293,2.11613,11737
2023-09-08 20:00:00,2.11613,2.1181,2.11491,2.11748,4868
2023-09-11 00:00:00,2.115,2.11878,2.11347,2.11583,5025
2023-09-11 04:00:00,2.1158,2.11668,2.11006,2.11093,7558
2023-09-11 08:00:00,2.11091,2.11542,2.11011,2.11365,9755
2023-09-11 12:00:00,2.11363,2.11725,2.11257,2.11519,8159
2023-09-11 16:00:00,2.11519,2.11703,2.11319,2.11465,13019
2023-09-11 20:00:00,2.11465,2.11481,2.11261,2.11309,8736
2023-09-12 00:00:00,2.1125,2.11642,2.11085,2.11639,5068
2023-09-12 04:00:00,2.11639,2.11672,2.11326,2.11669,9787
2023-09-12 08:00:00,2.11665,2.1213,2.10883,2.11111,12734
2023-09-12 12:00:00,2.11113,2.11515,2.11007,2.11422,12307
2023-09-12 16:00:00,2.11417,2.11627,2.11225,2.115,11519
2023-09-12 20:00:00,2.11498,2.11723,2.11342,2.1162,9216
2023-09-13 00:00:00,2.11536,2.1172,2.11174,2.11442,5160
2023-09-13 04:00:00,2.11438,2.12014,2.11396,2.11847,10200
2023-09-13 08:00:00,2.11852,2.11856,2.1097,2.11186,15590
2023-09-13 12:00:00,2.11175,2.11621,2.11098,2.11275,14823
2023-09-13 16:00:00,2.11271,2.11414,2.10946,2.11045,16936
2023-09-13 20:00:00,2.11045,2.11409,2.10999,2.11032,7031
2023-09-14 00:00:00,2.10966,2.11093,2.10521,2.10613,5400
2023-09-14 04:00:00,2.10613,2.10971,2.10235,2.10828,10195
2023-09-14 08:00:00,2.10828,2.11007,2.10411,2.1079,10379
2023-09-14 12:00:00,2.1079,2.10895,2.10049,2.1018,14522
2023-09-14 16:00:00,2.10182,2.10253,2.09487,2.09591,17792
2023-09-14 20:00:00,2.09591,2.10094,2.09589,2.09893,12944
2023-09-15 00:00:00,2.09777,2.10094,2.095,2.0991,4636
2023-09-15 04:00:00,2.09912,2.0996,2.09366,2.09391,10899
2023-09-15 08:00:00,2.09393,2.10357,2.09334,2.1035,11985
2023-09-15 12:00:00,2.10365,2.10397,2.09629,2.09958,13464
2023-09-15 16:00:00,2.09957,2.1033,2.09729,2.10005,17263
2023-09-15 20:00:00,2.10005,2.1012,2.09804,2.09888,10908
2023-09-18 00:00:00,2.09541,2.10083,2.09498,2.09638,3894
2023-09-18 04:00:00,2.09638,2.09881,2.09468,2.09578,9541
2023-09-18 08:00:00,2.0958,2.09763,2.09439,2.09547,12893
2023-09-18 12:00:00,2.0955,2.10029,2.09546,2.09832,10252
2023-09-18 16:00:00,2.09832,2.09957,2.09452,2.09515,14433
2023-09-18 20:00:00,2.09515,2.0953,2.09256,2.09315,6896
2023-09-19 00:00:00,2.09237,2.09408,2.08992,2.09237,4254
2023-09-19 04:00:00,2.09238,2.09334,2.08999,2.09025,8658
2023-09-19 08:00:00,2.09025,2.09312,2.0842,2.08546,13127
2023-09-19 12:00:00,2.08547,2.08978,2.08502,2.08752,12599
2023-09-19 16:00:00,2.08755,2.09055,2.08654,2.08963,16363
2023-09-19 20:00:00,2.08968,2.0904,2.0871,2.08732,8041
2023-09-20 00:00:00,2.08697,2.08794,2.08135,2.08537,4733
2023-09-20 04:00:00,2.08534,2.08743,2.08381,2.08649,9214
2023-09-20 08:00:00,2.08654,2.08703,2.07727,2.08102,14755
2023-09-20 12:00:00,2.08103,2.08213,2.07167,2.07586,10649
2023-09-20 16:00:00,2.07587,2.07771,2.0727,2.07501,13311
2023-09-20 20:00:00,2.07494,2.08286,2.07411,2.08179,18460
2023-09-21 00:00:00,2.08143,2.08381,2.07214,2.08274,7473
2023-09-21 04:00:00,2.08278,2.08669,2.08074,2.0864,8015
2023-09-21 08:00:00,2.08623,2.08712,2.07799,2.08076,13652
2023-09-21 12:00:00,2.08076,2.08136,2.06781,2.07573,17546
2023-09-21 16:00:00,2.07583,2.07659,2.07127,2.07333,17427
2023-09-21 20:00:00,2.07331,2.0736,2.07064,2.07259,7200
2023-09-22 00:00:00,2.07108,2.07433,2.06961,2.07298,5116
2023-09-22 04:00:00,2.07301,2.07394,2.06824,2.06907,12179
2023-09-22 08:00:00,2.06904,2.06964,2.05527,2.05752,16330
2023-09-22 12:00:00,2.05752,2.05789,2.04894,2.04943,11166
2023-09-22 16:00:00,2.04942,2.05402,2.04854,2.05148,16768
2023-09-22 20:00:00,2.05151,2.0538,2.05136,2.05259,7313
2023-09-25 00:00:00,2.05207,2.05598,2.05075,2.05475,8075
2023-09-25 04:00:00,2.05475,2.05828,2.05344,2.05727,8326
2023-09-25 08:00:00,2.05727,2.05868,2.05351,2.05419,12880
2023-09-25 12:00:00,2.05417,2.05469,2.04723,2.04767,12866
2023-09-25 16:00:00,2.04767,2.04929,2.04435,2.04753,15483
2023-09-25 20:00:00,2.04753,2.04874,2.04603,2.04622,10047
2023-09-26 00:00:00,2.04616,2.04739,2.0451,2.04616,4812
2023-09-26 04:00:00,2.04616,2.04667,2.04323,2.04653,10643
2023-09-26 08:00:00,2.04657,2.05006,2.04318,2.04437,14703
2023-09-26 12:00:00,2.04437,2.04599,2.0421,2.04236,13554
2023-09-26 16:00:00,2.04236,2.04556,2.04009,2.04396,15019
2023-09-26 20:00:00,2.04396,2.04602,2.0431,2.04478,8939
2023-09-27 00:00:00,2.04417,2.04526,2.04049,2.04255,4445
2023-09-27 04:00:00,2.04255,2.04973,2.03997,2.04854,10693
2023-09-27 08:00:00,2.04858,2.05024,2.04447,2.0447,12116
2023-09-27 12:00:00,2.04467,2.05056,2.04436,2.04762,12989
2023-09-27 16:00:00,2.04762,2.04974,2.04215,2.04862,18365
2023-09-27 20:00:00,2.04869,2.0529,2.04821,2.04878,12967
2023-09-28 00:00:00,2.04686,2.05172,2.04315,2.04797,6219
2023-09-28 04:00:00,2.04788,2.04824,2.0414,2.04374,11354
2023-09-28 08:00:00,2.04374,2.04902,2.0408,2.04749,13654
2023-09-28 12:00:00,2.04749,2.05221,2.04509,2.05076,16276
2023-09-28 16:00:00,2.0508,2.05158,2.04448,2.04521,21218
2023-09-28 20:00:00,2.04521,2.04754,2.04399,2.04658,12256
2023-09-29 00:00:00,2.04395,2.04695,2.04133,2.04503,3774
2023-09-29 04:00:00,2.04503,2.04542,2.03511,2.03573,10359
2023-09-29 08:00:00,2.03573,2.03715,2.02738,2.0293,13256
2023-09-29 12:00:00,2.02921,2.03393,2.02745,2.03128,14436
2023-09-29 16:00:00,2.03129,2.03341,2.02742,2.03275,20179
2023-09-29 20:00:00,2.03277,2.0363,2.0326,2.03423,11816
2023-10-02 00:00:00,2.03022,2.03508,2.02815,2.03416,5864
2023-10-02 04:00:00,2.03419,2.03539,2.03333,2.03511,11734
2023-10-02 08:00:00,2.03512,2.03792,2.03271,2.0375,14946
2023-10-02 12:00:00,2.03754,2.0383,2.03405,2.03645,14396
2023-10-02 16:00:00,2.03649,2.038,2.03445,2.03623,21400
2023-10-02 20:00:00,2.03621,2.03798,2.03199,2.03224,16074
2023-10-03 00:00:00,2.03156,2.03581,2.02879,2.03517,5398
2023-10-03 04:00:00,2.0352,2.04233,2.03515,2.04126,9966
2023-10-03 08:00:00,2.04126,2.04671,2.04068,2.04441,13731
2023-10-03 12:00:00,2.04441,2.04906,2.04416,2.0471,15771
2023-10-03 16:00:00,2.04712,2.04929,2.04378,2.04638,25237
2023-10-03 20:00:00,2.04645,2.049,2.04347,2.04359,10538
2023-10-04 00:00:00,2.04287,2.04564,2.0397,2.03978,4582
2023-10-04 04:00:00,2.03978,2.05493,2.03957,2.04691,11287
2023-10-04 08:00:00,2.04692,2.05301,2.04592,2.0527,13701
2023-10-04 12:00:00,2.05269,2.05709,2.05183,2.05652,15084
2023-10-04 16:00:00,2.05653,2.05828,2.05175,2.05351,20034
2023-10-04 20:00:00,2.05351,2.05507,2.05212,2.05223,12718
2023-10-05 00:00:00,2.05056,2.05328,2.04741,2.04794,5105
2023-10-05 04:00:00,2.04794,2.04972,2.0432,2.0433,9017
2023-10-05 08:00:00,2.04332,2.04867,2.04273,2.04653,13302
2023-10-05 12:00:00,2.04653,2.04748,2.04141,2.04211,17892
2023-10-05 16:00:00,2.04209,2.04711,2.04062,2.0442,21025
2023-10-05 20:00:00,2.04427,2.04471,2.04269,2.04349,10548
2023-10-06 00:00:00,2.04347,2.04423,2.04045,2.04178,4175
2023-10-06 04:00:00,2.0418,2.04398,2.04034,2.04374,9251
2023-10-06 08:00:00,2.04374,2.04692,2.04288,2.04567,12626
2023-10-06 12:00:00,2.04567,2.04856,2.04245,2.04286,14557
2023-10-06 16:00:00,2.04288,2.04759,2.04171,2.04471,26129
2023-10-06 20:00:00,2.04474,2.04492,2.04053,2.04269,7394
2023-10-09 00:00:00,2.04427,2.04751,2.04106,2.04192,7418
2023-10-09 04:00:00,2.04192,2.04433,2.03981,2.0439,9430
2023-10-09 08:00:00,2.0439,2.04522,2.03661,2.03853,16888
2023-10-09 12:00:00,2.03853,2.03987,2.03497,2.0358,11979
2023-10-09 16:00:00,2.0358,2.03744,2.03234,2.03252,14813
2023-10-09 20:00:00,2.0325,2.0338,2.02992,2.03148,7276
2023-10-10 00:00:00,2.03118,2.03332,2.02929,2.03128,5886
2023-10-10 04:00:00,2.03127,2.03306,2.02803,2.03215,9324
2023-10-10 08:00:00,2.03215,2.03846,2.03103,2.03785,15589
2023-10-10 12:00:00,2.03789,2.04056,2.03622,2.03759,16898
2023-10-10 16:00:00,2.03759,2.03869,2.03121,2.03439,17095
2023-10-10 20:00:00,2.03441,2.03551,2.03115,2.03172,9002
2023-10-11 00:00:00,2.03122,2.03448,2.02881,2.03337,4598
2023-10-11 04:00:00,2.03337,2.04068,2.03307,2.04006,6919
2023-10-11 08:00:00,2.04006,2.04096,2.03627,2.03896,12313
2023-10-11 12:00:00,2.03896,2.04487,2.03784,2.04312,14701
2023-10-11 16:00:00,2.04308,2.04599,2.04154,2.04262,19869
2023-10-11 20:00:00,2.04262,2.04552,2.04174,2.0448,8573
2023-10-12 00:00:00,2.0451,2.04696,2.04096,2.04564,3797
2023-10-12 04:00:00,2.04564,2.04966,2.04431,2.04736,7335
2023-10-12 08:00:00,2.04736,2.05125,2.04731,2.04827,12066
2023-10-12 12:00:00,2.04827,2.05377,2.04808,2.05035,13325
2023-10-12 16:00:00,2.05036,2.05752,2.05034,2.05557,19211
2023-10-12 20:00:00,2.05552,2.05602,2.05124,2.05439,11594
2023-10-13 00:00:00,2.05352,2.05765,2.0493,2.05606,4598
2023-10-13 04:00:00,2.05606,2.06355,2.05574,2.06309,9398
2023-10-13 08:00:00,2.06309,2.06594,2.05991,2.06475,13912
2023-10-13 12:00:00,2.06481,2.06602,2.05795,2.05917,15264
2023-10-13 16:00:00,2.05917,2.06139,2.05816,2.05976,17655
2023-10-13 20:00:00,2.0598,2.06243,2.05761,2.06219,8175
2023-10-16 00:00:00,2.04902,2.0595,2.04806,2.05709,6189
2023-10-16 04:00:00,2.05702,2.05712,2.05049,2.05278,8759
2023-10-16 08:00:00,2.05278,2.05677,2.05151,2.0542,14068
2023-10-16 12:00:00,2.0542,2.05683,2.05158,2.05515,14150
2023-10-16 16:00:00,2.05512,2.06057,2.05468,2.05928,17630
2023-10-16 20:00:00,2.05928,2.06202,2.05877,2.06089,9860
2023-10-17 00:00:00,2.05937,2.07068,2.05805,2.06673,7393
2023-10-17 04:00:00,2.06673,2.06805,2.06371,2.06645,8235
2023-10-17 08:00:00,2.06645,2.06774,2.06259,2.06577,13201
2023-10-17 12:00:00,2.0658,2.06817,2.06337,2.06574,16708
2023-10-17 16:00:00,2.06573,2.06737,2.06404,2.06606,20507
2023-10-17 20:00:00,2.06606,2.06721,2.06494,2.06579,10382
2023-10-18 00:00:00,2.06501,2.06797,2.06479,2.06632,3931
2023-10-18 04:00:00,2.06632,2.06714,2.06017,2.06238,11866
2023-10-18 08:00:00,2.06238,2.0676,2.05948,2.06681,14183
2023-10-18 12:00:00,2.06681,2.07196,2.06582,2.06952,14190
2023-10-18 16:00:00,2.0695,2.07487,2.06803,2.07472,21174
2023-10-18 20:00:00,2.07472,2.07497,2.07133,2.0732,16894
2023-10-19 00:00:00,2.07297,2.07747,2.07047,2.07627,5678
2023-10-19 04:00:00,2.07631,2.08156,2.07477,2.08107,9177
2023-10-19 08:00:00,2.08107,2.08462,2.07902,2.08005,13221
2023-10-19 12:00:00,2.08009,2.08234,2.07809,2.0812,14193
2023-10-19 16:00:00,2.08124,2.08282,2.07648,2.0779,26577
2023-10-19 20:00:00,2.07791,2.07882,2.07436,2.07619,18396
2023-10-20 00:00:00,2.07587,2.08029,2.07422,2.07915,4869
2023-10-20 04:00:00,2.07919,2.083,2.07904,2.08108,7349
2023-10-20 08:00:00,2.08108,2.08143,2.07643,2.07843,13690
2023-10-20 12:00:00,2.07843,2.08511,2.0774,2.0846,11555
2023-10-20 16:00:00,2.08461,2.0868,2.08171,2.08449,18605
2023-10-20 20:00:00,2.08449,2.08861,2.08437,2.08659,11955
2023-10-23 00:00:00,2.08535,2.08875,2.08284,2.08865,4653
2023-10-23 04:00:00,2.08865,2.08927,2.08549,2.08676,9631
2023-10-23 08:00:00,2.08676,2.09213,2.08421,2.09113,13165
2023-10-23 12:00:00,2.09113,2.09195,2.08857,2.09012,13218
2023-10-23 16:00:00,2.09005,2.09435,2.08777,2.09052,17926
2023-10-23 20:00:00,2.0905,2.09513,2.09002,2.09488,10812
2023-10-24 00:00:00,2.09432,2.0956,2.0914,2.09351,6116
2023-10-24 04:00:00,2.09346,2.0953,2.09196,2.0941,9389
2023-10-24 08:00:00,2.0941,2.09636,2.08901,2.09342,13843
2023-10-24 12:00:00,2.09338,2.09359,2.08599,2.08642,10524
2023-10-24 16:00:00,2.08643,2.08875,2.08272,2.08409,18725
2023-10-24 20:00:00,2.08409,2.0842,2.08018,2.08068,7958
2023-10-25 00:00:00,2.07964,2.08188,2.07574,2.07606,6249
2023-10-25 04:00:00,2.07603,2.081,2.07344,2.07953,6232
2023-10-25 08:00:00,2.07953,2.08176,2.07647,2.07824,11500
2023-10-25 12:00:00,2.07824,2.08483,2.07727,2.08443,13013
2023-10-25 16:00:00,2.08439,2.0879,2.08307,2.08517,19048
2023-10-25 20:00:00,2.08517,2.08753,2.08501,2.08743,11874
2023-10-26 00:00:00,2.08711,2.09152,2.083,2.09068,5790
2023-10-26 04:00:00,2.09068,2.09238,2.08867,2.08966,8861
2023-10-26 08:00:00,2.0897,2.0897,2.0807,2.08093,12526
2023-10-26 12:00:00,2.08093,2.08619,2.08032,2.08361,12501
2023-10-26 16:00:00,2.08374,2.08503,2.08067,2.08344,18442
2023-10-26 20:00:00,2.08345,2.08481,2.08154,2.08346,13096
2023-10-27 00:00:00,2.08278,2.08452,2.08091,2.08211,5271
2023-10-27 04:00:00,2.0821,2.08461,2.08082,2.08413,9944
2023-10-27 08:00:00,2.08416,2.08574,2.07908,2.08149,12104
2023-10-27 12:00:00,2.08148,2.08339,2.07912,2.08077,11637
2023-10-27 16:00:00,2.0808,2.08663,2.07954,2.08572,19706
2023-10-27 20:00:00,2.08572,2.08689,2.08383,2.08573,12106
2023-10-30 00:00:00,2.08558,2.08654,2.08151,2.08187,6597
2023-10-30 04:00:00,2.08189,2.08201,2.07855,2.07867,8028
2023-10-30 08:00:00,2.07869,2.08038,2.07481,2.07848,11874
2023-10-30 12:00:00,2.07852,2.08171,2.0777,2.08115,11167
2023-10-30 16:00:00,2.08122,2.08356,2.079,2.08338,15999
2023-10-30 20:00:00,2.08336,2.08436,2.08166,2.08214,10693
2023-10-31 00:00:00,2.08165,2.08427,2.08014,2.08282,5317
2023-10-31 04:00:00,2.08282,2.08465,2.07951,2.08375,10558
2023-10-31 08:00:00,2.08375,2.08416,2.07885,2.07954,11166
2023-10-31 12:00:00,2.07954,2.08537,2.07836,2.08517,12816
2023-10-31 16:00:00,2.08517,2.08889,2.0843,2.08826,20510
2023-10-31 20:00:00,2.08823,2.08851,2.0847,2.08515,9482
2023-11-01 00:00:00,2.08582,2.09742,2.07844,2.09284,6129
2023-11-01 04:00:00,2.09289,2.09643,2.09005,2.09025,7662
2023-11-01 08:00:00,2.09025,2.09103,2.08677,2.08703,8389
2023-11-01 12:00:00,2.08698,2.08736,2.07845,2.07891,14050
2023-11-01 16:00:00,2.07891,2.08122,2.07464,2.08059,21349
2023-11-01 20:00:00,2.0805,2.08103,2.07321,2.07824,19012
2023-11-02 00:00:00,2.07832,2.07955,2.06929,2.06929,6394
2023-11-02 04:00:00,2.06934,2.07056,2.0677,2.07012,9769
2023-11-02 08:00:00,2.07012,2.07211,2.06586,2.06605,9911
2023-11-02 12:00:00,2.06596,2.07144,2.0623,2.06462,14255
2023-11-02 16:00:00,2.06463,2.0708,2.06437,2.0708,19775
2023-11-02 20:00:00,2.07081,2.07124,2.06864,2.06887,9992
2023-11-03 00:00:00,2.06795,2.07079,2.06659,2.0701,5723
2023-11-03 04:00:00,2.0701,2.07058,2.06783,2.06804,6283
2023-11-03 08:00:00,2.06801,2.0684,2.06276,2.06348,7877
2023-11-03 12:00:00,2.06348,2.06562,2.05647,2.06169,15149
2023-11-03 16:00:00,2.06165,2.06678,2.05904,2.06504,24174
2023-11-03 20:00:00,2.06503,2.06856,2.06287,2.06334,10469
2023-11-06 00:00:00,2.06227,2.06683,2.06191,2.06555,8679
2023-11-06 04:00:00,2.06555,2.06681,2.06365,2.06369,9633
2023-11-06 08:00:00,2.06369,2.07196,2.06343,2.07112,12158
2023-11-06 12:00:00,2.07108,2.07822,2.07099,2.07396,13172
2023-11-06 16:00:00,2.07386,2.076,2.06987,2.07003,13758
2023-11-06 20:00:00,2.06966,2.0713,2.06828,2.06949,9743
2023-11-07 00:00:00,2.06898,2.07402,2.06505,2.07312,5893
2023-11-07 04:00:00,2.07315,2.0789,2.06776,2.07855,9531
2023-11-07 08:00:00,2.07855,2.08172,2.07778,2.07872,9100
2023-11-07 12:00:00,2.07871,2.07947,2.07507,2.07758,10486
2023-11-07 16:00:00,2.07758,2.07863,2.07142,2.07221,15241
2023-11-07 20:00:00,2.07225,2.07278,2.07029,2.07212,10188
2023-11-08 00:00:00,2.07207,2.07295,2.07035,2.0721,7168
2023-11-08 04:00:00,2.07208,2.07284,2.0669,2.0691,8867
2023-11-08 08:00:00,2.0691,2.07037,2.06509,2.06809,11367
2023-11-08 12:00:00,2.06807,2.07117,2.06653,2.06977,12366
2023-11-08 16:00:00,2.06977,2.07614,2.06895,2.07606,15396
2023-11-08 20:00:00,2.07566,2.07927,2.0756,2.07789,11887
2023-11-09 00:00:00,2.07752,2.07914,2.0737,2.07555,7218
2023-11-09 04:00:00,2.07552,2.07609,2.07158,2.07229,5774
2023-11-09 08:00:00,2.07229,2.07522,2.06917,2.07329,12518
2023-11-09 12:00:00,2.07328,2.07348,2.06619,2.06739,12396
2023-11-09 16:00:00,2.06736,2.06736,2.06335,2.06505,15110
2023-11-09 20:00:00,2.06495,2.07389,2.06481,2.07367,16435
2023-11-10 00:00:00,2.07347,2.07532,2.07011,2.0729,7784
2023-11-10 04:00:00,2.07289,2.07519,2.07281,2.07421,5392
2023-11-10 08:00:00,2.07421,2.07559,2.07105,2.07368,10888
2023-11-10 12:00:00,2.07365,2.07525,2.07155,2.07202,13923
2023-11-10 16:00:00,2.07202,2.07543,2.07108,2.07464,15002
2023-11-10 20:00:00,2.07464,2.07603,2.07403,2.0749,6631
2023-11-13 00:00:00,2.07118,2.07683,2.0703,2.07661,5998
2023-11-13 04:00:00,2.07661,2.07734,2.07438,2.07507,6574
2023-11-13 08:00:00,2.07509,2.08057,2.07484,2.08013,9966
2023-11-13 12:00:00,2.08011,2.08408,2.07914,2.08363,8766
2023-11-13 16:00:00,2.08364,2.08466,2.08145,2.08401,12225
2023-11-13 20:00:00,2.08347,2.08947,2.08272,2.08918,7311
2023-11-14 00:00:00,2.0886,2.08953,2.08198,2.08805,6787
2023-11-14 04:00:00,2.08805,2.09161,2.0871,2.09129,5162
2023-11-14 08:00:00,2.09129,2.09488,2.08965,2.09267,9311
2023-11-14 12:00:00,2.09267,2.09645,2.0835,2.08726,12553
2023-11-14 16:00:00,2.08727,2.08885,2.08307,2.08519,21240
2023-11-14 20:00:00,2.08522,2.08594,2.07857,2.08008,8474
2023-11-15 00:00:00,2.07966,2.08129,2.07763,2.07838,7298
2023-11-15 04:00:00,2.07817,2.0784,2.07266,2.07294,6849
2023-11-15 08:00:00,2.07294,2.07346,2.06291,2.06432,14910
2023-11-15 12:00:00,2.06432,2.0666,2.06018,2.06484,14029
2023-11-15 16:00:00,2.06481,2.06693,2.05879,2.06021,17418
2023-11-15 20:00:00,2.06006,2.06217,2.05971,2.06138,7351
2023-11-16 00:00:00,2.06126,2.07403,2.05655,2.07068,7976
2023-11-16 04:00:00,2.07068,2.07573,2.07033,2.0713,7914
2023-11-16 08:00:00,2.07129,2.07191,2.06552,2.06726,10164
2023-11-16 12:00:00,2.06721,2.07399,2.06671,2.06935,12129
2023-11-16 16:00:00,2.0694,2.07875,2.06915,2.0758,17882
2023-11-16 20:00:00,2.0758,2.08059,2.0737,2.07908,6396
2023-11-17 00:00:00,2.07869,2.0846,2.07435,2.0841,5700
2023-11-17 04:00:00,2.0841,2.0856,2.08151,2.0828,4886
2023-11-17 08:00:00,2.0828,2.08496,2.0734,2.078,11710
2023-11-17 12:00:00,2.07793,2.0794,2.07301,2.07932,13422
2023-11-17 16:00:00,2.07935,2.08225,2.07751,2.08017,13687
2023-11-17 20:00:00,2.0802,2.08123,2.07861,2.0797,4334
2023-11-20 00:00:00,2.0739,2.07965,2.0728,2.0746,6797
2023-11-20 04:00:00,2.0746,2.07539,2.0695,2.07084,9209
2023-11-20 08:00:00,2.07084,2.072,2.0672,2.07075,11237
2023-11-20 12:00:00,2.07077,2.07209,2.06748,2.07186,10246
2023-11-20 16:00:00,2.07186,2.07852,2.07073,2.0752,12347
2023-11-20 20:00:00,2.07512,2.07538,2.0707,2.0715,6729
2023-11-21 00:00:00,2.0711,2.07172,2.06699,2.06706,7422
2023-11-21 04:00:00,2.06697,2.06936,2.06378,2.0669,9261
2023-11-21 08:00:00,2.06683,2.06888,2.0593,2.06734,13208
2023-11-21 12:00:00,2.06731,2.06831,2.06226,2.06748,10822
2023-11-21 16:00:00,2.06751,2.07252,2.06238,2.07245,15610
2023-11-21 20:00:00,2.07314,2.07377,2.07122,2.0727,8404
2023-11-22 00:00:00,2.0716,2.07284,2.06927,2.07244,6478
2023-11-22 04:00:00,2.07245,2.0762,2.0712,2.07593,5991
2023-11-22 08:00:00,2.07591,2.08011,2.07562,2.07825,11879
2023-11-22 12:00:00,2.07825,2.07854,2.074,2.07717,13894
2023-11-22 16:00:00,2.07713,2.07729,2.07208,2.07368,17032
2023-11-22 20:00:00,2.0737,2.0756,2.07341,2.0746,5473
2023-11-23 00:00:00,2.0731,2.07538,2.06817,2.06848,4910
2023-11-23 04:00:00,2.0686,2.06863,2.0647,2.06494,5538
2023-11-23 08:00:00,2.06494,2.07645,2.06303,2.0763,10891
2023-11-23 12:00:00,2.0763,2.07684,2.0739,2.07418,7970
2023-11-23 16:00:00,2.07418,2.0755,2.07201,2.07247,6681
2023-11-23 20:00:00,2.07247,2.07376,2.0708,2.0717,1431
2023-11-24 00:00:00,2.0709,2.07269,2.0696,2.07002,4628
2023-11-24 04:00:00,2.07,2.07198,2.06931,2.07046,4486
2023-11-24 08:00:00,2.07046,2.0731,2.06836,2.07261,7549
2023-11-24 12:00:00,2.07261,2.0736,2.06935,2.0724,8289
2023-11-24 16:00:00,2.07249,2.07384,2.0707,2.07253,10356
2023-11-24 20:00:00,2.07248,2.07391,2.0668,2.0691,6182
2023-11-27 00:00:00,2.0713,2.07365,2.06893,2.07057,5682
2023-11-27 04:00:00,2.07057,2.07886,2.07033,2.07844,7390
2023-11-27 08:00:00,2.0785,2.07925,2.07034,2.07443,9914
2023-11-27 12:00:00,2.0744,2.07499,2.06958,2.07226,10743
2023-11-27 16:00:00,2.07226,2.07498,2.06915,2.07097,14512
2023-11-27 20:00:00,2.07093,2.07169,2.06819,2.0706,6663
2023-11-28 00:00:00,2.0705,2.0723,2.0674,2.06875,6117
2023-11-28 04:00:00,2.06875,2.07113,2.06731,2.07048,6372
2023-11-28 08:00:00,2.07048,2.0756,2.0689,2.07263,9813
2023-11-28 12:00:00,2.07266,2.07437,2.06864,2.07141,10388
2023-11-28 16:00:00,2.07142,2.07225,2.06559,2.07016,21645
2023-11-28 20:00:00,2.07011,2.07144,2.0684,2.0685,8730
2023-11-29 00:00:00,2.0686,2.07124,2.05045,2.05367,9275
2023-11-29 04:00:00,2.05367,2.0558,2.04964,2.05292,7765
2023-11-29 08:00:00,2.0529,2.0626,2.0528,2.06078,13347
2023-11-29 12:00:00,2.06078,2.06435,2.05991,2.06369,13295
2023-11-29 16:00:00,2.06368,2.06436,2.05833,2.0633,17884
2023-11-29 20:00:00,2.0633,2.06488,2.06199,2.0621,6985
2023-11-30 00:00:00,2.0584,2.06282,2.05692,2.05806,6070
2023-11-30 04:00:00,2.05808,2.05912,2.05464,2.05884,6630
2023-11-30 08:00:00,2.05884,2.05961,2.05418,2.05526,12408
2023-11-30 12:00:00,2.0552,2.05864,2.05369,2.05492,15356
2023-11-30 16:00:00,2.0549,2.05925,2.04742,2.05085,25254
2023-11-30 20:00:00,2.05075,2.05164,2.04873,2.051,8261
2023-12-01 00:00:00,2.0498,2.05247,2.0432,2.04388,6377
2023-12-01 04:00:00,2.04388,2.05169,2.04377,2.05074,7224
2023-12-01 08:00:00,2.05068,2.05494,2.0484,2.04923,10925
2023-12-01 12:00:00,2.0492,2.0511,2.04833,2.05039,11323
2023-12-01 16:00:00,2.05038,2.05115,2.04417,2.04737,25633
2023-12-01 20:00:00,2.04743,2.05085,2.04678,2.04706,8863
2023-12-04 00:00:00,2.04687,2.04969,2.039,2.0441,11390
2023-12-04 04:00:00,2.0441,2.04684,2.04202,2.04655,7467
2023-12-04 08:00:00,2.04654,2.05173,2.04594,2.04749,13217
2023-12-04 12:00:00,2.04752,2.04809,2.04432,2.04545,12734
2023-12-04 16:00:00,2.04541,2.04807,2.04314,2.04625,20257
2023-12-04 20:00:00,2.04625,2.04954,2.046,2.04905,6498
2023-12-05 00:00:00,2.0445,2.05152,2.0438,2.04984,6598
2023-12-05 04:00:00,2.04987,2.05716,2.04924,2.05372,7782
2023-12-05 08:00:00,2.05372,2.05483,2.0488,2.0539,13963
2023-12-05 12:00:00,2.054,2.05893,2.0538,2.05869,14006
2023-12-05 16:00:00,2.05865,2.05924,2.05121,2.05221,23323
2023-12-05 20:00:00,2.05213,2.05567,2.05121,2.0549,7009
2023-12-06 00:00:00,2.054,2.05463,2.04444,2.0445,6639
2023-12-06 04:00:00,2.04448,2.0458,2.0435,2.0448,6763
2023-12-06 08:00:00,2.04484,2.05038,2.04104,2.04978,11646
2023-12-06 12:00:00,2.04971,2.05093,2.04305,2.04332,13121
2023-12-06 16:00:00,2.04332,2.04581,2.04093,2.04455,16848
2023-12-06 20:00:00,2.04451,2.04681,2.04197,2.04567,6433
2023-12-07 00:00:00,2.045,2.04789,2.03707,2.04711,5389
2023-12-07 04:00:00,2.04715,2.05261,2.04587,2.04983,7296
2023-12-07 08:00:00,2.04984,2.05143,2.04595,2.04637,13588
2023-12-07 12:00:00,2.04627,2.04927,2.04354,2.04406,15517
2023-12-07 16:00:00,2.044,2.04602,2.03597,2.03838,20507
2023-12-07 20:00:00,2.0385,2.0412,2.03804,2.0412,8182
2023-12-08 00:00:00,2.03737,2.04336,2.03677,2.04131,8623
2023-12-08 04:00:00,2.04127,2.04442,2.03903,2.0427,8421
2023-12-08 08:00:00,2.0428,2.04433,2.04074,2.04285,12915
2023-12-08 12:00:00,2.04285,2.04768,2.03989,2.0465,15723
2023-12-08 16:00:00,2.0465,2.05039,2.04213,2.04863,22021
2023-12-08 20:00:00,2.04861,2.05027,2.04804,2.0493,7335
2023-12-11 00:00:00,2.04885,2.05315,2.04441,2.05252,7602
2023-12-11 04:00:00,2.05251,2.053,2.04946,2.05126,7327
2023-12-11 08:00:00,2.05124,2.05524,2.05003,2.05418,11779
2023-12-11 12:00:00,2.05417,2.05781,2.05282,2.05496,10341
2023-12-11 16:00:00,2.05483,2.05483,2.05031,2.051,14188
2023-12-11 20:00:00,2.0509,2.0514,2.04884,2.0502,5805
2023-12-12 00:00:00,2.0502,2.05185,2.0468,2.04821,4662
2023-12-12 04:00:00,2.04823,2.04886,2.04217,2.04231,5022
2023-12-12 08:00:00,2.04218,2.04574,2.03956,2.04234,9338
2023-12-12 12:00:00,2.04241,2.05103,2.04184,2.04895,13111
2023-12-12 16:00:00,2.0489,2.05077,2.04648,2.04925,17435
2023-12-12 20:00:00,2.04802,2.05052,2.0479,2.048,6537
2023-12-13 00:00:00,2.0477,2.05315,2.0456,2.0526,5385
2023-12-13 04:00:00,2.0526,2.05938,2.0525,2.05896,6223
2023-12-13 08:00:00,2.059,2.06033,2.05324,2.05438,10006
2023-12-13 12:00:00,2.05438,2.05535,2.0499,2.04992,10831
2023-12-13 16:00:00,2.04987,2.04987,2.04288,2.04322,13215
2023-12-13 20:00:00,2.0432,2.04599,2.03209,2.0439,21906
2023-12-14 00:00:00,2.0429,2.04434,2.03074,2.0334,10300
2023-12-14 04:00:00,2.0334,2.0336,2.02434,2.02531,11924
2023-12-14 08:00:00,2.02526,2.0416,2.02459,2.03738,16900
2023-12-14 12:00:00,2.0374,2.05157,2.0363,2.0507,20187
2023-12-14 16:00:00,2.0507,2.0572,2.04755,2.0546,25349
2023-12-14 20:00:00,2.05464,2.0571,2.05377,2.0566,9698
2023-12-15 00:00:00,2.0572,2.0582,2.0508,2.0577,7490
2023-12-15 04:00:00,2.0576,2.05801,2.05137,2.05787,8034
2023-12-15 08:00:00,2.05787,2.05988,2.04882,2.05269,13828
2023-12-15 12:00:00,2.05271,2.05603,2.04885,2.05486,14225
2023-12-15 16:00:00,2.05486,2.05516,2.0388,2.04464,19969
2023-12-15 20:00:00,2.04468,2.04504,2.03955,2.04015,9955
2023-12-18 00:00:00,2.04194,2.04801,2.03481,2.03801,7427
2023-12-18 04:00:00,2.03801,2.0393,2.03407,2.03516,6546
2023-12-18 08:00:00,2.03511,2.03517,2.02781,2.02805,10579
2023-12-18 12:00:00,2.02808,2.0342,2.02803,2.03213,11632
2023-12-18 16:00:00,2.03214,2.03829,2.03191,2.03752,13956
2023-12-18 20:00:00,2.03752,2.03801,2.03482,2.03563,6480
2023-12-19 00:00:00,2.0314,2.03654,2.0307,2.0346,5260
2023-12-19 04:00:00,2.03458,2.03533,2.03029,2.03192,8321
2023-12-19 08:00:00,2.03192,2.03628,2.03061,2.0354,11608
2023-12-19 12:00:00,2.03537,2.04001,2.0347,2.03843,11678
2023-12-19 16:00:00,2.03844,2.03953,2.03142,2.03212,14199
2023-12-19 20:00:00,2.03195,2.03226,2.02935,2.0298,6112
2023-12-20 00:00:00,2.0292,2.03256,2.02644,2.03021,5679
2023-12-20 04:00:00,2.03021,2.03256,2.02559,2.02628,5829
2023-12-20 08:00:00,2.02629,2.027,2.01155,2.01611,10760
2023-12-20 12:00:00,2.01613,2.0163,2.01053,2.01168,10198
2023-12-20 16:00:00,2.01167,2.0178,2.01157,2.01635,13735
2023-12-20 20:00:00,2.0163,2.02336,2.01461,2.023,10952
2023-12-21 00:00:00,2.0213,2.02301,2.01932,2.02075,6362
2023-12-21 04:00:00,2.0207,2.02393,2.02007,2.02334,5805
2023-12-21 08:00:00,2.02334,2.02629,2.01817,2.02035,9490
2023-12-21 12:00:00,2.02037,2.0245,2.01576,2.01802,13373
2023-12-21 16:00:00,2.01796,2.02049,2.01115,2.0175,20865
2023-12-21 20:00:00,2.01757,2.02016,2.0155,2.0159,8876
2023-12-22 00:00:00,2.01456,2.0173,2.01278,2.01666,6418
2023-12-22 04:00:00,2.01666,2.02028,2.01628,2.02005,6872
2023-12-22 08:00:00,2.02005,2.0242,2.0177,2.0182,10106
2023-12-22 12:00:00,2.01815,2.02247,2.01475,2.01848,12527
2023-12-22 16:00:00,2.01855,2.0209,2.01447,2.01772,17920
2023-12-22 20:00:00,2.01772,2.01907,2.01557,2.0163,7046
2023-12-26 00:00:00,2.01047,2.0165,2.0079,2.01104,3515
2023-12-26 04:00:00,2.01104,2.0111,2.00865,2.00882,3750
2023-12-26 08:00:00,2.00879,2.01428,2.00872,2.01213,5587
2023-12-26 12:00:00,2.01213,2.0123,2.00902,2.01001,6866
2023-12-26 16:00:00,2.01,2.01338,2.00974,2.0109,8668
2023-12-26 20:00:00,2.0108,2.01138,2.00901,2.01078,5968
2023-12-27 00:00:00,2.0091,2.0125,2.0082,2.01062,2644
2023-12-27 04:00:00,2.01064,2.01158,2.00893,2.01036,2914
2023-12-27 08:00:00,2.01036,2.01194,2.00753,2.01051,2777
2023-12-27 12:00:00,2.0105,2.0171,2.0093,2.0171,2286
2023-12-27 16:00:00,2.01698,2.01879,2.01397,2.01753,6272
2023-12-27 20:00:00,2.01763,2.02021,2.01582,2.0186,7030
2023-12-28 00:00:00,2.0175,2.01875,2.01252,2.01261,4982
2023-12-28 04:00:00,2.01261,2.01973,2.0108,2.01848,5790
2023-12-28 08:00:00,2.01848,2.02346,2.01641,2.02183,9156
2023-12-28 12:00:00,2.02183,2.02189,2.01082,2.0129,10603
2023-12-28 16:00:00,2.01294,2.0143,2.00571,2.0066,14246
2023-12-28 20:00:00,2.0066,2.01175,2.0057,2.01008,4525
2023-12-29 00:00:00,2.0102,2.0112,2.00626,2.00655,5173
2023-12-29 04:00:00,2.00665,2.0087,2.00567,2.00858,5198
2023-12-29 08:00:00,2.00861,2.01313,2.00731,2.01296,9050
2023-12-29 12:00:00,2.013,2.0184,2.01252,2.017,11268
2023-12-29 16:00:00,2.01702,2.01707,2.00889,2.01197,15374
2023-12-29 20:00:00,2.01192,2.01742,2.0116,2.0144,7923
2024-01-02 00:00:00,2.01525,2.01827,2.00938,2.01775,5488
2024-01-02 04:00:00,2.01775,2.02016,2.0158,2.01652,6124
2024-01-02 08:00:00,2.01652,2.02348,2.01466,2.01512,12011
2024-01-02 12:00:00,2.01516,2.01763,2.01085,2.0144,13428
2024-01-02 16:00:00,2.01443,2.01854,2.01111,2.0183,19570
2024-01-02 20:00:00,2.0183,2.01998,2.018,2.0188,7421
2024-01-03 00:00:00,2.015,2.02199,2.01225,2.0187,5107
2024-01-03 04:00:00,2.0187,2.01946,2.01405,2.01427,5840
2024-01-03 08:00:00,2.01427,2.02094,2.01393,2.01881,11332
2024-01-03 12:00:00,2.01878,2.0295,2.01759,2.0295,13093
2024-01-03 16:00:00,2.02947,2.02959,2.02295,2.02808,22332
2024-01-03 20:00:00,2.0281,2.03104,2.02605,2.0274,13978
2024-01-04 00:00:00,2.0241,2.0309,2.024,2.02858,5995
2024-01-04 04:00:00,2.02856,2.02875,2.02133,2.02257,6903
2024-01-04 08:00:00,2.02254,2.03185,2.01846,2.03141,14584
2024-01-04 12:00:00,2.03128,2.03414,2.02999,2.03256,13586
2024-01-04 16:00:00,2.03255,2.03827,2.03214,2.03722,18800
2024-01-04 20:00:00,2.03715,2.03754,2.03365,2.03383,6865
2024-01-05 00:00:00,2.0334,2.0363,2.0324,2.03459,6050
2024-01-05 04:00:00,2.03461,2.0367,2.03322,2.03414,6605
2024-01-05 08:00:00,2.03411,2.03815,2.03256,2.03561,12218
2024-01-05 12:00:00,2.03568,2.04083,2.03417,2.03612,15545
2024-01-05 16:00:00,2.03614,2.04003,2.03238,2.03682,25670
2024-01-05 20:00:00,2.03681,2.03783,2.03552,2.0367,9302
2024-01-08 00:00:00,2.0375,2.0375,2.03255,2.03412,5385
2024-01-08 04:00:00,2.03412,2.03795,2.03406,2.03686,6146
2024-01-08 08:00:00,2.03687,2.04166,2.03501,2.0366,11925
2024-01-08 12:00:00,2.0366,2.04551,2.0365,2.04453,11284
2024-01-08 16:00:00,2.04451,2.04549,2.04059,2.04243,15444
2024-01-08 20:00:00,2.0424,2.04362,2.0384,2.0395,6179
2024-01-09 00:00:00,2.03879,2.04063,2.0336,2.03874,6126
2024-01-09 04:00:00,2.03874,2.04193,2.03638,2.04175,6336
2024-01-09 08:00:00,2.04176,2.04294,2.03545,2.03811,10308
2024-01-09 12:00:00,2.03808,2.03971,2.03678,2.03691,10482
2024-01-09 16:00:00,2.03689,2.03945,2.03625,2.03839,15927
2024-01-09 20:00:00,2.03834,2.03948,2.03525,2.037,8787
2024-01-10 00:00:00,2.0358,2.03931,2.0315,2.03666,5952
2024-01-10 04:00:00,2.03666,2.03699,2.03332,2.03551,6840
2024-01-10 08:00:00,2.03545,2.03791,2.03379,2.0372,11403
2024-01-10 12:00:00,2.0372,2.04478,2.03689,2.04336,10147
2024-01-10 16:00:00,2.04334,2.04638,2.04224,2.04456,13587
2024-01-10 20:00:00,2.04456,2.04834,2.04384,2.046,7772
2024-01-11 00:00:00,2.0445,2.04665,2.04359,2.0447,5199
2024-01-11 04:00:00,2.0447,2.04587,2.0411,2.04182,6031
2024-01-11 08:00:00,2.04182,2.04355,2.03868,2.0393,9582
2024-01-11 12:00:00,2.0393,2.04877,2.03779,2.04745,15217
2024-01-11 16:00:00,2.04738,2.04853,2.0445,2.0472,30634
2024-01-11 20:00:00,2.04722,2.04949,2.0445,2.0473,12925
2024-01-12 00:00:00,2.0458,2.0489,2.04208,2.04391,7459
2024-01-12 04:00:00,2.0439,2.04691,2.04207,2.04691,8044
2024-01-12 08:00:00,2.04694,2.04721,2.04218,2.04254,11741
2024-01-12 12:00:00,2.0425,2.04353,2.03684,2.03884,14008
2024-01-12 16:00:00,2.03883,2.04112,2.03536,2.04035,21631
2024-01-12 20:00:00,2.04036,2.04305,2.03991,2.0426,8285
2024-01-15 00:00:00,2.04065,2.04565,2.03789,2.0439,7306
2024-01-15 04:00:00,2.0439,2.0482,2.04381,2.04816,5942
2024-01-15 08:00:00,2.04816,2.05752,2.04799,2.0568,10837
2024-01-15 12:00:00,2.0567,2.05715,2.05318,2.05483,10641
2024-01-15 16:00:00,2.05472,2.05605,2.05186,2.0522,8114
2024-01-15 20:00:00,2.0521,2.05492,2.05176,2.05176,1487
2024-01-16 00:00:00,2.05241,2.05893,2.04855,2.05492,8865
2024-01-16 04:00:00,2.05492,2.05793,2.05473,2.05666,8837
2024-01-16 08:00:00,2.05652,2.05662,2.05097,2.052,14947
2024-01-16 12:00:00,2.05201,2.05648,2.05093,2.05459,15940
2024-01-16 16:00:00,2.05465,2.0609,2.05399,2.0583,24283
2024-01-16 20:00:00,2.0583,2.06057,2.05766,2.05824,7835
2024-01-17 00:00:00,2.05631,2.05991,2.05395,2.05514,5948
2024-01-17 04:00:00,2.05498,2.05922,2.05483,2.05899,10713
2024-01-17 08:00:00,2.05903,2.07298,2.0582,2.07235,17091
2024-01-17 12:00:00,2.07241,2.07362,2.07057,2.07218,14344
2024-01-17 16:00:00,2.0722,2.07813,2.07208,2.07651,21045
2024-01-17 20:00:00,2.07639,2.07818,2.07216,2.07216,10463
2024-01-18 00:00:00,2.07131,2.07568,2.06887,2.06944,8864
2024-01-18 04:00:00,2.06944,2.07438,2.06856,2.07386,9524
2024-01-18 08:00:00,2.07384,2.07812,2.0705,2.0705,12906
2024-01-18 12:00:00,2.0705,2.07693,2.07026,2.07535,14177
2024-01-18 16:00:00,2.0753,2.07922,2.07405,2.07859,20719
2024-01-18 20:00:00,2.07491,2.07948,2.07491,2.07708,9879
2024-01-19 00:00:00,2.0784,2.07928,2.07434,2.07828,6535
2024-01-19 04:00:00,2.07843,2.08455,2.07809,2.08401,6151
2024-01-19 08:00:00,2.08405,2.08498,2.07218,2.07258,12938
2024-01-19 12:00:00,2.07258,2.07594,2.07016,2.07494,15444
2024-01-19 16:00:00,2.07494,2.0794,2.07454,2.07676,17904
2024-01-19 20:00:00,2.07681,2.07865,2.07625,2.07653,7056
2024-01-22 00:00:00,2.07269,2.07776,2.07057,2.07418,7748
2024-01-22 04:00:00,2.07418,2.0818,2.07399,2.08157,9102
2024-01-22 08:00:00,2.08154,2.084,2.07797,2.07988,12263
2024-01-22 12:00:00,2.07983,2.08204,2.07666,2.08089,12948
2024-01-22 16:00:00,2.08089,2.08738,2.07921,2.08541,15556
2024-01-22 20:00:00,2.0854,2.09309,2.0854,2.09104,10517
2024-01-23 00:00:00,2.09101,2.09436,2.08345,2.09005,6594
2024-01-23 04:00:00,2.09005,2.0914,2.08538,2.08647,10736
2024-01-23 08:00:00,2.08643,2.09059,2.08348,2.09001,13763
2024-01-23 12:00:00,2.09001,2.09103,2.08412,2.08535,10241
2024-01-23 16:00:00,2.08538,2.08682,2.08305,2.08535,14208
2024-01-23 20:00:00,2.08512,2.08654,2.07682,2.07821,7106
2024-01-24 00:00:00,2.0756,2.08235,2.0753,2.07964,8705
2024-01-24 04:00:00,2.07964,2.08413,2.07964,2.08117,6635
2024-01-24 08:00:00,2.08117,2.08203,2.0739,2.08058,12326
2024-01-24 12:00:00,2.08059,2.08144,2.07625,2.0775,11841
2024-01-24 16:00:00,2.07751,2.08216,2.07668,2.07897,19381
2024-01-24 20:00:00,2.0773,2.08268,2.0773,2.0814,12554
2024-01-25 00:00:00,2.08167,2.083,2.0755,2.08032,9307
2024-01-25 04:00:00,2.08022,2.08188,2.07918,2.08156,10631
2024-01-25 08:00:00,2.08156,2.08277,2.07702,2.07792,11900
2024-01-25 12:00:00,2.07794,2.08179,2.07594,2.07708,15388
2024-01-25 16:00:00,2.07709,2.07825,2.07473,2.07523,21883
2024-01-25 20:00:00,2.07461,2.08037,2.07457,2.07931,8990
2024-01-26 00:00:00,2.07881,2.08215,2.07527,2.08123,5873
2024-01-26 04:00:00,2.08123,2.08201,2.07941,2.08017,7613
2024-01-26 08:00:00,2.08017,2.08513,2.07942,2.0833,11794
2024-01-26 12:00:00,2.0833,2.08682,2.08291,2.08517,12447
2024-01-26 16:00:00,2.08514,2.08711,2.08326,2.08456,15562
2024-01-26 20:00:00,2.08453,2.0853,2.08393,2.08428,5168
2024-01-29 00:00:00,2.08001,2.08546,2.07899,2.08041,6394
2024-01-29 04:00:00,2.08041,2.08435,2.08041,2.08299,8186
2024-01-29 08:00:00,2.08296,2.08382,2.07666,2.07741,10928
2024-01-29 12:00:00,2.07741,2.07805,2.07491,2.07637,10306
2024-01-29 16:00:00,2.07637,2.07792,2.07321,2.07722,12874
2024-01-29 20:00:00,2.07707,2.07751,2.06916,2.07238,8245
2024-01-30 00:00:00,2.07074,2.07311,2.0696,2.07176,7370
2024-01-30 04:00:00,2.07178,2.07219,2.06658,2.06875,7054
2024-01-30 08:00:00,2.06878,2.0702,2.06423,2.06743,11377
2024-01-30 12:00:00,2.06743,2.07117,2.06684,2.07057,11988
2024-01-30 16:00:00,2.07058,2.07229,2.06501,2.071,17520
2024-01-30 20:00:00,2.07062,2.07149,2.06875,2.06948,7507
2024-01-31 00:00:00,2.06926,2.07212,2.06592,2.07127,7901
2024-01-31 04:00:00,2.07127,2.07409,2.07123,2.07367,7372
2024-01-31 08:00:00,2.07367,2.07453,2.06629,2.06811,10468
2024-01-31 12:00:00,2.0682,2.0731,2.068,2.06926,12381
2024-01-31 16:00:00,2.06926,2.07262,2.06362,2.07112,21032
2024-01-31 20:00:00,2.07071,2.07459,2.066,2.07388,23794
2024-02-01 00:00:00,2.06962,2.07524,2.06895,2.07022,8470
2024-02-01 04:00:00,2.07022,2.07414,2.06753,2.07336,8495
2024-02-01 08:00:00,2.07336,2.07779,2.07183,2.07679,12767
2024-02-01 12:00:00,2.07668,2.08255,2.07407,2.07753,13554
2024-02-01 16:00:00,2.07753,2.07754,2.07208,2.07581,22104
2024-02-01 20:00:00,2.07541,2.07761,2.07378,2.07398,8641
2024-02-02 00:00:00,2.07396,2.07485,2.07244,2.07244,5663
2024-02-02 04:00:00,2.07241,2.07336,2.07101,2.07255,5949
2024-02-02 08:00:00,2.07255,2.07586,2.07198,2.07306,9978
2024-02-02 12:00:00,2.07306,2.0806,2.07036,2.07915,13161
2024-02-02 16:00:00,2.07915,2.08521,2.07781,2.08098,20446
2024-02-02 20:00:00,2.08098,2.08318,2.08008,2.08278,7212
2024-02-05 00:00:00,2.07949,2.08492,2.07578,2.08033,11027
2024-02-05 04:00:00,2.08027,2.0804,2.07484,2.07583,10407
2024-02-05 08:00:00,2.07583,2.08016,2.07441,2.07806,13268
2024-02-05 12:00:00,2.07798,2.07829,2.07269,2.07349,13886
2024-02-05 16:00:00,2.07337,2.07525,2.07003,2.07013,17385
2024-02-05 20:00:00,2.07011,2.07171,2.06931,2.07018,6695
2024-02-06 00:00:00,2.0667,2.07153,2.0666,2.06825,6865
2024-02-06 04:00:00,2.06825,2.06957,2.06575,2.06779,10084
2024-02-06 08:00:00,2.06778,2.07364,2.06666,2.07162,11855
2024-02-06 12:00:00,2.07158,2.07611,2.07093,2.0756,10378
2024-02-06 16:00:00,2.07562,2.07651,2.07151,2.07202,17846
2024-02-06 20:00:00,2.0717,2.0736,2.06525,2.06584,13489
2024-02-07 00:00:00,2.06556,2.06816,2.06349,2.06412,6901
2024-02-07 04:00:00,2.06411,2.06625,2.06269,2.06553,7842
2024-02-07 08:00:00,2.06551,2.06961,2.06385,2.06939,11008
2024-02-07 12:00:00,2.06939,2.07065,2.06471,2.06486,9121
2024-02-07 16:00:00,2.06485,2.06815,2.06333,2.06729,16441
2024-02-07 20:00:00,2.06719,2.06856,2.06485,2.06578,7988
2024-02-08 00:00:00,2.06526,2.06759,2.06136,2.06485,6286
2024-02-08 04:00:00,2.06485,2.06743,2.0637,2.06679,6573
2024-02-08 08:00:00,2.0668,2.07019,2.06614,2.06757,10812
2024-02-08 12:00:00,2.06753,2.06976,2.06719,2.06789,13379
2024-02-08 16:00:00,2.06785,2.07254,2.06642,2.07074,14032
2024-02-08 20:00:00,2.06789,2.07145,2.06789,2.06922,7873
2024-02-09 00:00:00,2.06752,2.07012,2.05955,2.06039,7820
2024-02-09 04:00:00,2.06039,2.06209,2.05851,2.06159,5992
2024-02-09 08:00:00,2.06157,2.06249,2.05039,2.05279,11421
2024-02-09 12:00:00,2.05283,2.05514,2.05118,2.05438,13805
2024-02-09 16:00:00,2.05435,2.05809,2.05416,2.05562,14457
2024-02-09 20:00:00,2.05562,2.05619,2.05234,2.05341,4180
2024-02-12 00:00:00,2.05276,2.05963,2.05073,2.05934,6784
2024-02-12 04:00:00,2.05942,2.06174,2.05761,2.06035,6377
2024-02-12 08:00:00,2.06038,2.06263,2.05896,2.06122,11352
2024-02-12 12:00:00,2.06127,2.06227,2.0563,2.05876,10128
2024-02-12 16:00:00,2.05874,2.06094,2.05732,2.05859,11106
2024-02-12 20:00:00,2.0586,2.06076,2.05849,2.05999,8567
2024-02-13 00:00:00,2.05908,2.062,2.05857,2.06006,4617
2024-02-13 04:00:00,2.05995,2.0688,2.0596,2.06646,6522
2024-02-13 08:00:00,2.06649,2.07397,2.06548,2.07361,11629
2024-02-13 12:00:00,2.07361,2.07834,2.06893,2.07749,14117
2024-02-13 16:00:00,2.07746,2.08171,2.0747,2.08013,20061
2024-02-13 20:00:00,2.07961,2.08047,2.07632,2.07759,9362
2024-02-14 00:00:00,2.07422,2.08107,2.073,2.07829,7793
2024-02-14 04:00:00,2.07829,2.07846,2.07355,2.07375,5847
2024-02-14 08:00:00,2.07372,2.0741,2.06213,2.06259,14715
2024-02-14 12:00:00,2.06259,2.06752,2.06242,2.06716,11909
2024-02-14 16:00:00,2.06716,2.06754,2.0619,2.0641,15697
2024-02-14 20:00:00,2.06357,2.06545,2.06282,2.06468,7947
2024-02-15 00:00:00,2.06377,2.06631,2.05847,2.06498,5517
2024-02-15 04:00:00,2.06493,2.06583,2.06352,2.06537,6277
2024-02-15 08:00:00,2.06537,2.06593,2.06011,2.06277,10408
2024-02-15 12:00:00,2.06283,2.06288,2.05212,2.055,13872
2024-02-15 16:00:00,2.055,2.06226,2.05408,2.06202,18328
2024-02-15 20:00:00,2.0619,2.06364,2.05966,2.06339,10611
2024-02-16 00:00:00,2.06287,2.066,2.05927,2.0644,6071
2024-02-16 04:00:00,2.0644,2.06641,2.06249,2.0643,5713
2024-02-16 08:00:00,2.0643,2.06689,2.05884,2.0601,10193
2024-02-16 12:00:00,2.06013,2.06292,2.05919,2.06102,11152
2024-02-16 16:00:00,2.06104,2.0619,2.05653,2.0573,15207
2024-02-16 20:00:00,2.0573,2.05838,2.05581,2.05715,7211
2024-02-19 00:00:00,2.05638,2.05753,2.05461,2.05631,7843
2024-02-19 04:00:00,2.05631,2.05669,2.05406,2.05499,5640
2024-02-19 08:00:00,2.05499,2.05529,2.05074,2.05257,9177
2024-02-19 12:00:00,2.05255,2.05511,2.04919,2.04958,11001
2024-02-19 16:00:00,2.04958,2.05054,2.04828,2.04879,8373
2024-02-19 20:00:00,2.04811,2.04978,2.04775,2.04798,1970
2024-02-20 00:00:00,2.04696,2.05189,2.04501,2.05052,7619
2024-02-20 04:00:00,2.05057,2.05262,2.04936,2.04982,5886
2024-02-20 08:00:00,2.04982,2.05158,2.04415,2.04429,12363
2024-02-20 12:00:00,2.04429,2.04615,2.03974,2.04349,14099
2024-02-20 16:00:00,2.04339,2.05013,2.0431,2.04672,16720
2024-02-20 20:00:00,2.04669,2.04763,2.0449,2.04752,9761
2024-02-21 00:00:00,2.04726,2.0481,2.04407,2.0442,5954
2024-02-21 04:00:00,2.04423,2.04439,2.03857,2.04053,6413
2024-02-21 08:00:00,2.04054,2.04129,2.03745,2.03945,10420
2024-02-21 12:00:00,2.03946,2.04313,2.03824,2.04195,9028
2024-02-21 16:00:00,2.04195,2.04575,2.0405,2.04499,13323
2024-02-21 20:00:00,2.04461,2.04682,2.04393,2.04488,10655
2024-02-22 00:00:00,2.04476,2.04576,2.04012,2.04283,7396
2024-02-22 04:00:00,2.0429,2.04508,2.04004,2.04092,6652
2024-02-22 08:00:00,2.04087,2.04634,2.03751,2.04219,13595
2024-02-22 12:00:00,2.04219,2.04421,2.04106,2.04202,12180
2024-02-22 16:00:00,2.04199,2.04499,2.03853,2.04329,17585
2024-02-22 20:00:00,2.04311,2.0437,2.04079,2.04358,7990
2024-02-23 00:00:00,2.04346,2.04492,2.0416,2.04326,7302
2024-02-23 04:00:00,2.04328,2.04425,2.04044,2.04222,5184
2024-02-23 08:00:00,2.04222,2.04773,2.04078,2.0469,9772
2024-02-23 12:00:00,2.04692,2.04848,2.04363,2.04689,11236
2024-02-23 16:00:00,2.04689,2.04858,2.04489,2.04596,13206
2024-02-23 20:00:00,2.04596,2.04669,2.04321,2.04438,11117
2024-02-26 00:00:00,2.04251,2.05436,2.04231,2.05299,6634
2024-02-26 04:00:00,2.05299,2.05403,2.05125,2.0539,7885
2024-02-26 08:00:00,2.0539,2.05647,2.05182,2.05482,10573
2024-02-26 12:00:00,2.05482,2.0555,2.05277,2.05366,12551
2024-02-26 16:00:00,2.05366,2.0567,2.05316,2.05355,13479
2024-02-26 20:00:00,2.05329,2.0552,2.05304,2.05499,7230
2024-02-27 00:00:00,2.05427,2.05937,2.0518,2.0579,6233
2024-02-27 04:00:00,2.05794,2.06087,2.05653,2.05712,6715
2024-02-27 08:00:00,2.05712,2.05774,2.05531,2.0576,11065
2024-02-27 12:00:00,2.0576,2.05945,2.05369,2.05626,12563
2024-02-27 16:00:00,2.0563,2.05745,2.05377,2.05563,15975
2024-02-27 20:00:00,2.05561,2.05617,2.05421,2.05567,7355
2024-02-28 00:00:00,2.05517,2.07156,2.05175,2.07011,7674
2024-02-28 04:00:00,2.07023,2.07545,2.07008,2.07054,9955
2024-02-28 08:00:00,2.07054,2.0746,2.06913,2.0719,12284
2024-02-28 12:00:00,2.0719,2.07539,2.07104,2.07416,14641
2024-02-28 16:00:00,2.0742,2.08069,2.07363,2.07844,23159
2024-02-28 20:00:00,2.07837,2.07861,2.07558,2.07612,11355
2024-02-29 00:00:00,2.07512,2.07867,2.07254,2.07617,10904
2024-02-29 04:00:00,2.07617,2.07648,2.07368,2.07552,12362
2024-02-29 08:00:00,2.07552,2.08033,2.07478,2.08004,21135
2024-02-29 12:00:00,2.08008,2.08285,2.07521,2.07581,22607
2024-02-29 16:00:00,2.07584,2.07818,2.07369,2.07472,26749
2024-02-29 20:00:00,2.0748,2.07488,2.07271,2.07378,15126
2024-03-01 00:00:00,2.07092,2.07596,2.07054,2.07285,11006
2024-03-01 04:00:00,2.07284,2.07394,2.07173,2.07304,11672
2024-03-01 08:00:00,2.07306,2.0767,2.072,2.07325,18968
2024-03-01 12:00:00,2.07325,2.0761,2.0706,2.0751,21419
2024-03-01 16:00:00,2.07507,2.0752,2.06746,2.07294,26686
2024-03-01 20:00:00,2.0729,2.07464,2.07089,2.07174,13835
2024-03-04 00:00:00,2.06904,2.07663,2.06897,2.07629,8492
2024-03-04 04:00:00,2.0763,2.07739,2.07506,2.07687,6848
2024-03-04 08:00:00,2.07687,2.0801,2.07512,2.07636,12466
2024-03-04 12:00:00,2.07636,2.0807,2.07557,2.07968,13757
2024-03-04 16:00:00,2.07968,2.08292,2.07857,2.0827,16743
2024-03-04 20:00:00,2.08251,2.08362,2.08154,2.08223,6636
2024-03-05 00:00:00,2.08083,2.08353,2.0777,2.08262,7293
2024-03-05 04:00:00,2.08262,2.08526,2.08197,2.08526,8508
2024-03-05 08:00:00,2.08526,2.08863,2.08469,2.08811,13390
2024-03-05 12:00:00,2.08802,2.08804,2.0843,2.08584,17142
2024-03-05 16:00:00,2.08584,2.08847,2.08405,2.08673,25377
2024-03-05 20:00:00,2.08665,2.0885,2.08581,2.08714,14570
2024-03-06 00:00:00,2.08312,2.09137,2.08226,2.08853,10797
2024-03-06 04:00:00,2.08854,2.08857,2.08377,2.08454,11898
2024-03-06 08:00:00,2.08457,2.08742,2.08331,2.08602,18473
2024-03-06 12:00:00,2.08601,2.08685,2.08007,2.0809,21236
2024-03-06 16:00:00,2.08085,2.08144,2.0767,2.07801,27120
2024-03-06 20:00:00,2.07798,2.07899,2.07639,2.07705,18103
2024-03-07 00:00:00,2.07683,2.07854,2.0739,2.07588,12764
2024-03-07 04:00:00,2.07583,2.07712,2.07122,2.07338,16131
2024-03-07 08:00:00,2.0734,2.07362,2.06885,2.07136,23084
2024-03-07 12:00:00,2.07137,2.07191,2.06641,2.06812,21338
2024-03-07 16:00:00,2.06823,2.07407,2.06809,2.07272,26615
2024-03-07 20:00:00,2.07265,2.07514,2.0725,2.07433,14096
2024-03-08 00:00:00,2.07248,2.07855,2.07248,2.07688,10569
2024-03-08 04:00:00,2.07686,2.07767,2.07392,2.07398,14151
2024-03-08 08:00:00,2.07394,2.07529,2.07139,2.07404,18809
2024-03-08 12:00:00,2.07403,2.07772,2.07274,2.07555,22933
2024-03-08 16:00:00,2.07556,2.08235,2.07483,2.08023,32066
2024-03-08 20:00:00,2.08035,2.08199,2.07991,2.08149,14623
2024-03-11 00:00:00,2.07854,2.08233,2.07692,2.08142,8203
2024-03-11 04:00:00,2.08142,2.08271,2.07995,2.08174,11806
2024-03-11 08:00:00,2.08174,2.08299,2.07914,2.08063,17661
2024-03-11 12:00:00,2.08063,2.08123,2.07744,2.07906,15718
2024-03-11 16:00:00,2.07907,2.08127,2.07523,2.07543,33982
2024-03-11 20:00:00,2.0754,2.07772,2.07512,2.07661,18974
2024-03-12 00:00:00,2.07646,2.07882,2.07336,2.07827,11604
2024-03-12 04:00:00,2.07823,2.07946,2.07594,2.07725,17546
2024-03-12 08:00:00,2.07726,2.0785,2.0724,2.07461,24874
2024-03-12 12:00:00,2.07461,2.07883,2.06993,2.0724,29933
2024-03-12 16:00:00,2.07239,2.08109,2.07233,2.07909,43139
2024-03-12 20:00:00,2.0791,2.08044,2.07866,2.07998,16462
2024-03-13 00:00:00,2.07969,2.08181,2.07732,2.08108,10109
2024-03-13 04:00:00,2.08114,2.08171,2.07527,2.07571,14129
2024-03-13 08:00:00,2.07571,2.07731,2.07328,2.07644,23258
2024-03-13 12:00:00,2.07647,2.08078,2.0763,2.07983,24398
2024-03-13 16:00:00,2.07984,2.08005,2.07638,2.07733,33250
2024-03-13 20:00:00,2.07734,2.07931,2.07617,2.07819,20371
2024-03-14 00:00:00,2.07829,2.07918,2.07488,2.07563,12964
2024-03-14 04:00:00,2.07562,2.07795,2.07285,2.07652,15253
2024-03-14 08:00:00,2.0765,2.08003,2.07605,2.07916,22106
2024-03-14 12:00:00,2.07916,2.0797,2.07418,2.0775,28764
2024-03-14 16:00:00,2.07753,2.07985,2.07575,2.07788,46733
2024-03-14 20:00:00,2.07788,2.08217,2.07783,2.08001,18766
2024-03-15 00:00:00,2.08009,2.08568,2.07809,2.08566,12348
2024-03-15 04:00:00,2.08566,2.08889,2.08504,2.08742,16883
2024-03-15 08:00:00,2.08738,2.09206,2.08623,2.09095,22508
2024-03-15 12:00:00,2.09095,2.0933,2.08988,2.09101,26806
2024-03-15 16:00:00,2.09106,2.09278,2.08908,2.09241,34673
2024-03-15 20:00:00,2.09248,2.09348,2.09153,2.09284,15080
2024-03-18 00:00:00,2.08834,2.09307,2.08808,2.09222,8650
2024-03-18 04:00:00,2.09225,2.09316,2.08811,2.0892,15443
2024-03-18 08:00:00,2.08922,2.09207,2.08877,2.08967,16822
2024-03-18 12:00:00,2.08967,2.09148,2.08886,2.09097,20850
2024-03-18 16:00:00,2.09097,2.09328,2.08942,2.09289,28328
2024-03-18 20:00:00,2.09289,2.09407,2.09133,2.09163,12905
2024-03-19 00:00:00,2.09141,2.09506,2.0871,2.09401,10517
2024-03-19 04:00:00,2.09402,2.09792,2.09239,2.09776,24171
2024-03-19 08:00:00,2.0978,2.10139,2.09746,2.09811,29622
2024-03-19 12:00:00,2.09808,2.10112,2.09658,2.09837,27501
2024-03-19 16:00:00,2.09836,2.10267,2.09814,2.10243,25033
2024-03-19 20:00:00,2.10243,2.10334,2.1009,2.10188,16658
2024-03-20 00:00:00,2.10178,2.10556,2.09902,2.10308,12252
2024-03-20 04:00:00,2.10307,2.10578,2.10018,2.10561,15883
2024-03-20 08:00:00,2.1056,2.10575,2.10113,2.10428,22694
2024-03-20 12:00:00,2.1043,2.10656,2.10318,2.10493,22822
2024-03-20 16:00:00,2.1049,2.10684,2.10415,2.10597,24867
2024-03-20 20:00:00,2.10599,2.10768,2.09864,2.10254,46352
2024-03-21 00:00:00,2.10233,2.10824,2.09959,2.1012,17889
2024-03-21 04:00:00,2.10124,2.10187,2.09753,2.09856,22013
2024-03-21 08:00:00,2.09855,2.09998,2.09443,2.09749,30268
2024-03-21 12:00:00,2.09749,2.10051,2.0937,2.09666,35235
2024-03-21 16:00:00,2.09667,2.09856,2.09321,2.09528,40926
2024-03-21 20:00:00,2.09532,2.0962,2.09319,2.0941,17030
2024-03-22 00:00:00,2.09428,2.09542,2.09204,2.09488,11493
2024-03-22 04:00:00,2.09486,2.10319,2.09398,2.10273,25762
2024-03-22 08:00:00,2.10275,2.10309,2.09519,2.09645,29217
2024-03-22 12:00:00,2.09643,2.09984,2.09453,2.09957,27231
2024-03-22 16:00:00,2.09957,2.10209,2.0976,2.10062,29595
2024-03-22 20:00:00,2.10066,2.10285,2.09955,2.10188,12026
2024-03-25 00:00:00,2.09768,2.10384,2.09724,2.10144,12443
2024-03-25 04:00:00,2.10145,2.10248,2.09812,2.10172,21170
2024-03-25 08:00:00,2.10173,2.10446,2.09961,2.10028,21494
2024-03-25 12:00:00,2.10025,2.10621,2.09971,2.10549,21205
2024-03-25 16:00:00,2.10547,2.10689,2.10346,2.10555,23321
2024-03-25 20:00:00,2.10552,2.10622,2.10408,2.10475,12946
2024-03-26 00:00:00,2.1048,2.10707,2.10253,2.10459,9107
2024-03-26 04:00:00,2.10461,2.10561,2.10247,2.10503,17555
2024-03-26 08:00:00,2.10505,2.10548,2.10195,2.10218,19734
2024-03-26 12:00:00,2.10217,2.10225,2.09929,2.10022,24349
2024-03-26 16:00:00,2.10026,2.10295,2.09946,2.10215,26842
2024-03-26 20:00:00,2.10211,2.10391,2.10113,2.10286,13198
2024-03-27 00:00:00,2.10289,2.10405,2.10137,2.10376,8953
2024-03-27 04:00:00,2.10376,2.10643,2.10269,2.10309,18053
2024-03-27 08:00:00,2.10309,2.10459,2.10192,2.10421,19442
2024-03-27 12:00:00,2.10426,2.10518,2.10162,2.1044,25724
2024-03-27 16:00:00,2.10437,2.10558,2.1008,2.10542,24358
2024-03-27 20:00:00,2.10542,2.10618,2.10482,2.10496,13386
2024-03-28 00:00:00,2.10489,2.10888,2.10131,2.10757,11283
2024-03-28 04:00:00,2.10761,2.10868,2.10385,2.10791,15942
2024-03-28 08:00:00,2.10793,2.11377,2.10695,2.11366,18765
2024-03-28 12:00:00,2.1137,2.11747,2.11172,2.11615,25885
2024-03-28 16:00:00,2.11621,2.11673,2.1109,2.11206,31030
2024-03-28 20:00:00,2.11205,2.11364,2.11075,2.11338,11329
2024-03-29 00:00:00,2.11326,2.11359,2.11135,2.11278,8133
2024-03-29 04:00:00,2.11278,2.1155,2.11191,2.1134,6665
2024-03-29 08:00:00,2.11339,2.11514,2.1125,2.11407,5250
2024-03-29 12:00:00,2.11396,2.11401,2.10622,2.11114,3044
2024-03-29 16:00:00,2.11114,2.11342,2.10985,2.11111,4450
2024-03-29 20:00:00,2.11107,2.11127,2.10731,2.10835,2115
2024-04-01 00:00:00,2.10928,2.1129,2.1082,2.10921,12116
2024-04-01 04:00:00,2.10921,2.11259,2.10853,2.11161,12705
2024-04-01 08:00:00,2.11165,2.11328,2.10896,2.10969,12163
2024-04-01 12:00:00,2.10969,2.11331,2.10935,2.1124,13884
2024-04-01 16:00:00,2.11238,2.11399,2.11024,2.1109,26550
2024-04-01 20:00:00,2.11091,2.11106,2.10791,2.10808,13275
2024-04-02 00:00:00,2.10802,2.10966,2.10616,2.10885,10771
2024-04-02 04:00:00,2.10885,2.11002,2.10671,2.10948,14811
2024-04-02 08:00:00,2.10957,2.11138,2.10781,2.10919,25228
2024-04-02 12:00:00,2.10917,2.11095,2.10813,2.10843,23115
2024-04-02 16:00:00,2.10843,2.10938,2.10503,2.10858,32901
2024-04-02 20:00:00,2.10857,2.10894,2.10559,2.106,13533
2024-04-03 00:00:00,2.10545,2.1096,2.10283,2.10957,9064
2024-04-03 04:00:00,2.1096,2.11162,2.10483,2.10607,14392
2024-04-03 08:00:00,2.10607,2.10955,2.10416,2.10825,18791
2024-04-03 12:00:00,2.10828,2.10955,2.10599,2.10702,24564
2024-04-03 16:00:00,2.10702,2.10927,2.10453,2.10613,38106
2024-04-03 20:00:00,2.10614,2.10695,2.10202,2.10537,14406
2024-04-04 00:00:00,2.10534,2.10591,2.10029,2.10044,10289
2024-04-04 04:00:00,2.10044,2.10148,2.09864,2.09906,12715
2024-04-04 08:00:00,2.09903,2.09923,2.09583,2.09743,21528
2024-04-04 12:00:00,2.09738,2.09957,2.09457,2.09672,19952
2024-04-04 16:00:00,2.09671,2.09931,2.09578,2.09643,22101
2024-04-04 20:00:00,2.09641,2.09954,2.0947,2.09778,25293
2024-04-05 00:00:00,2.09779,2.09898,2.09456,2.09748,15675
2024-04-05 04:00:00,2.09752,2.10172,2.09662,2.10135,19456
2024-04-05 08:00:00,2.10135,2.10161,2.09695,2.09953,21768
2024-04-05 12:00:00,2.09952,2.10203,2.0958,2.10041,27958
2024-04-05 16:00:00,2.10039,2.10111,2.09814,2.10043,41544
2024-04-05 20:00:00,2.10049,2.10226,2.10015,2.10187,16838
2024-04-08 00:00:00,2.09996,2.10314,2.09749,2.10081,14146
2024-04-08 04:00:00,2.10079,2.10347,2.09958,2.10028,24296
2024-04-08 08:00:00,2.10027,2.1014,2.09882,2.09936,23948
2024-04-08 12:00:00,2.0994,2.09979,2.09544,2.09643,23567
2024-04-08 16:00:00,2.09643,2.09877,2.09442,2.09789,29803
2024-04-08 20:00:00,2.09787,2.0986,2.09698,2.09791,14463
2024-04-09 00:00:00,2.09789,2.09828,2.09421,2.09477,8790
2024-04-09 04:00:00,2.09476,2.09694,2.09275,2.09469,17030
2024-04-09 08:00:00,2.0947,2.09704,2.09418,2.09514,19405
2024-04-09 12:00:00,2.09516,2.09575,2.09238,2.09317,22562
2024-04-09 16:00:00,2.09317,2.09435,2.09022,2.09298,32820
2024-04-09 20:00:00,2.09299,2.09374,2.0907,2.09195,18140
2024-04-10 00:00:00,2.09194,2.09263,2.08896,2.09095,9840
2024-04-10 04:00:00,2.09096,2.09432,2.08571,2.08729,17624
2024-04-10 08:00:00,2.08735,2.09068,2.08602,2.08989,20515
2024-04-10 12:00:00,2.08988,2.09872,2.08764,2.09628,29729
2024-04-10 16:00:00,2.09627,2.09984,2.095,2.09774,53184
2024-04-10 20:00:00,2.09773,2.09933,2.09674,2.09876,30941
2024-04-11 00:00:00,2.09858,2.09892,2.09469,2.09819,14057
2024-04-11 04:00:00,2.09819,2.09843,2.0958,2.09608,16988
2024-04-11 08:00:00,2.09612,2.09884,2.09385,2.09619,26575
2024-04-11 12:00:00,2.09621,2.09789,2.09188,2.09191,33135
2024-04-11 16:00:00,2.09192,2.09652,2.09021,2.09454,46582
2024-04-11 20:00:00,2.09459,2.09494,2.09255,2.09302,23454
2024-04-12 00:00:00,2.0929,2.09318,2.08996,2.09101,9696
2024-04-12 04:00:00,2.09102,2.09224,2.08914,2.09151,18074
2024-04-12 08:00:00,2.0915,2.09549,2.09123,2.09341,26652
2024-04-12 12:00:00,2.09343,2.09506,2.09086,2.09217,29266
2024-04-12 16:00:00,2.09221,2.09629,2.09191,2.09604,46368
2024-04-12 20:00:00,2.09611,2.09781,2.09601,2.09695,23100
2024-04-15 00:00:00,2.09294,2.09823,2.09156,2.09807,16941
2024-04-15 04:00:00,2.09803,2.09889,2.09319,2.095,23100
2024-04-15 08:00:00,2.095,2.10218,2.09469,2.10105,28752
2024-04-15 12:00:00,2.10104,2.10304,2.09925,2.10247,29135
2024-04-15 16:00:00,2.10248,2.10648,2.102,2.10464,42316
2024-04-15 20:00:00,2.10464,2.10964,2.10446,2.10806,26225
2024-04-16 00:00:00,2.10782,2.11132,2.10504,2.11078,13711
2024-04-16 04:00:00,2.11071,2.11508,2.1097,2.11217,23798
2024-04-16 08:00:00,2.11217,2.11295,2.10767,2.11211,30448
2024-04-16 12:00:00,2.11214,2.11785,2.1121,2.11704,27185
2024-04-16 16:00:00,2.11696,2.12042,2.1119,2.1123,42901
2024-04-16 20:00:00,2.1123,2.11399,2.11112,2.1131,36085
2024-04-17 00:00:00,2.11157,2.11954,2.10615,2.10678,14716
2024-04-17 04:00:00,2.10677,2.10849,2.10414,2.10579,21753
2024-04-17 08:00:00,2.1058,2.11128,2.10537,2.11059,30949
2024-04-17 12:00:00,2.1106,2.11197,2.10721,2.10857,24246
2024-04-17 16:00:00,2.10855,2.11045,2.10629,2.10643,41528
2024-04-17 20:00:00,2.10641,2.10653,2.10309,2.10491,31428
2024-04-18 00:00:00,2.10471,2.10744,2.10196,2.10571,10656
2024-04-18 04:00:00,2.1057,2.10637,2.10295,2.10619,18945
2024-04-18 08:00:00,2.10622,2.10745,2.10269,2.1034,24838
2024-04-18 12:00:00,2.10341,2.10524,2.10222,2.10311,24312
2024-04-18 16:00:00,2.10311,2.10744,2.10232,2.10647,38540
2024-04-18 20:00:00,2.10659,2.10845,2.10607,2.10695,22578
2024-04-19 00:00:00,2.10664,2.10821,2.10352,2.10798,11751
2024-04-19 04:00:00,2.10798,2.11711,2.10767,2.11083,49151
2024-04-19 08:00:00,2.11083,2.11244,2.10945,2.11177,35312
2024-04-19 12:00:00,2.11178,2.11479,2.11087,2.11181,26470
2024-04-19 16:00:00,2.11186,2.11378,2.10231,2.1029,39012
2024-04-19 20:00:00,2.10292,2.1031,2.0995,2.10061,22766
2024-04-22 00:00:00,2.10032,2.10106,2.09434,2.09484,12053
2024-04-22 04:00:00,2.09484,2.09536,2.08998,2.09524,17374
2024-04-22 08:00:00,2.09521,2.09633,2.09121,2.0934,22911
2024-04-22 12:00:00,2.09345,2.09374,2.08384,2.08402,25313
2024-04-22 16:00:00,2.08399,2.08919,2.08375,2.08839,28588
2024-04-22 20:00:00,2.08839,2.08849,2.08606,2.08609,15245
2024-04-23 00:00:00,2.0862,2.08742,2.08322,2.0848,7087
2024-04-23 04:00:00,2.08485,2.08761,2.08419,2.08731,18376
2024-04-23 08:00:00,2.0873,2.095,2.08555,2.094,28283
2024-04-23 12:00:00,2.09399,2.09777,2.08945,2.09465,25273
2024-04-23 16:00:00,2.09468,2.09653,2.0919,2.09538,38956
2024-04-23 20:00:00,2.09539,2.09914,2.09502,2.09858,17959
2024-04-24 00:00:00,2.09817,2.09883,2.0945,2.09636,10435
2024-04-24 04:00:00,2.09635,2.09813,2.09344,2.09471,17135
2024-04-24 08:00:00,2.09473,2.09625,2.09262,2.09277,20738
2024-04-24 12:00:00,2.09278,2.09906,2.09237,2.09877,22502
2024-04-24 16:00:00,2.09879,2.09978,2.09617,2.0996,33000
2024-04-24 20:00:00,2.09958,2.10069,2.09808,2.09961,18183
2024-04-25 00:00:00,2.09921,2.09978,2.09669,2.09831,9160
2024-04-25 04:00:00,2.09832,2.09966,2.09667,2.09791,16941
2024-04-25 08:00:00,2.09793,2.10048,2.09776,2.0998,22926
2024-04-25 12:00:00,2.09979,2.10441,2.0975,2.10429,29331
2024-04-25 16:00:00,2.10424,2.10563,2.10237,2.10507,43822
2024-04-25 20:00:00,2.10507,2.1058,2.10206,2.10336,24151
2024-04-26 00:00:00,2.10314,2.10322,2.09612,2.09694,9813
2024-04-26 04:00:00,2.09693,2.09924,2.09531,2.09868,19812
2024-04-26 08:00:00,2.0987,2.10158,2.09609,2.10128,30204
2024-04-26 12:00:00,2.10127,2.10425,2.10046,2.10064,29170
2024-04-26 16:00:00,2.10063,2.10205,2.09679,2.10178,37973
2024-04-26 20:00:00,2.10179,2.10401,2.10125,2.10304,14793
2024-04-29 00:00:00,2.09596,2.10506,2.09558,2.10347,11047
2024-04-29 04:00:00,2.10346,2.10358,2.09589,2.09937,28114
2024-04-29 08:00:00,2.09937,2.10111,2.09758,2.09894,37703
2024-04-29 12:00:00,2.09896,2.10118,2.09637,2.10011,25011
2024-04-29 16:00:00,2.10012,2.10267,2.09839,2.10104,30496
2024-04-29 20:00:00,2.10103,2.10181,2.0997,2.10109,17078
2024-04-30 00:00:00,2.10128,2.10432,2.0978,2.10336,10012
2024-04-30 04:00:00,2.10337,2.10913,2.10208,2.10883,15072
2024-04-30 08:00:00,2.10883,2.11258,2.10859,2.10979,22127
2024-04-30 12:00:00,2.10984,2.11561,2.10778,2.11544,27309
2024-04-30 16:00:00,2.11546,2.1191,2.11492,2.11802,39194
2024-04-30 20:00:00,2.11802,2.12207,2.11723,2.12178,18106
2024-05-01 00:00:00,2.12167,2.12593,2.1165,2.12178,11510
2024-05-01 04:00:00,2.12178,2.12234,2.11859,2.11957,9871
2024-05-01 08:00:00,2.11967,2.12235,2.1178,2.12175,15175
2024-05-01 12:00:00,2.12176,2.12185,2.11633,2.11713,19420
2024-05-01 16:00:00,2.11713,2.11858,2.11391,2.1163,28885
2024-05-01 20:00:00,2.11636,2.118,2.11074,2.11265,52749
2024-05-02 00:00:00,2.11267,2.11593,2.10948,2.11578,15396
2024-05-02 04:00:00,2.11576,2.1169,2.11362,2.11464,17856
2024-05-02 08:00:00,2.11462,2.11477,2.10799,2.10986,29249
2024-05-02 12:00:00,2.10988,2.11287,2.10826,2.11068,28598
2024-05-02 16:00:00,2.11069,2.11069,2.10307,2.10364,42692
2024-05-02 20:00:00,2.10364,2.10428,2.10079,2.10219,21201
2024-05-03 00:00:00,2.10216,2.10397,2.09942,2.10122,10719
2024-05-03 04:00:00,2.10126,2.104,2.09976,2.10234,16934
2024-05-03 08:00:00,2.10237,2.10329,2.09942,2.09997,23135
2024-05-03 12:00:00,2.09998,2.1011,2.08709,2.08779,31438
2024-05-03 16:00:00,2.08777,2.08869,2.08239,2.08622,53547
2024-05-03 20:00:00,2.08627,2.08791,2.08505,2.08737,16127
2024-05-06 00:00:00,2.08302,2.09033,2.08274,2.08989,10823
2024-05-06 04:00:00,2.08986,2.09228,2.08792,2.09061,17521
2024-05-06 08:00:00,2.0906,2.09114,2.08835,2.09018,21440
2024-05-06 12:00:00,2.09017,2.09094,2.08716,2.08894,19495
2024-05-06 16:00:00,2.08893,2.09253,2.08866,2.08989,23382
2024-05-06 20:00:00,2.08988,2.09061,2.08892,2.08987,15363
2024-05-07 00:00:00,2.08903,2.09146,2.08652,2.08698,9555
2024-05-07 04:00:00,2.087,2.09053,2.08627,2.08863,17042
2024-05-07 08:00:00,2.08859,2.09007,2.08617,2.08655,22400
2024-05-07 12:00:00,2.08661,2.08917,2.08569,2.08683,20217
2024-05-07 16:00:00,2.08687,2.08877,2.0843,2.08504,24907
2024-05-07 20:00:00,2.08502,2.08537,2.0835,2.08368,14899
2024-05-08 00:00:00,2.08381,2.08541,2.0801,2.08466,9694
2024-05-08 04:00:00,2.08469,2.08698,2.08321,2.08381,18992
2024-05-08 08:00:00,2.08381,2.08536,2.08238,2.08521,19993
2024-05-08 12:00:00,2.08521,2.08682,2.08377,2.08432,21053
2024-05-08 16:00:00,2.0843,2.08435,2.08112,2.08308,24408
2024-05-08 20:00:00,2.0831,2.08362,2.08107,2.08132,11980
2024-05-09 00:00:00,2.08123,2.08397,2.07821,2.08365,9020
2024-05-09 04:00:00,2.08353,2.0836,2.07962,2.08093,17236
2024-05-09 08:00:00,2.08093,2.08257,2.07891,2.08025,19169
2024-05-09 12:00:00,2.08024,2.08252,2.07466,2.07835,31783
2024-05-09 16:00:00,2.07831,2.08001,2.07649,2.07793,29548
2024-05-09 20:00:00,2.07794,2.0785,2.07493,2.07515,14978
2024-05-10 00:00:00,2.07503,2.07674,2.07298,2.07657,9193
2024-05-10 04:00:00,2.07655,2.0807,2.07572,2.07789,16116
2024-05-10 08:00:00,2.07789,2.08317,2.07695,2.08303,24975
2024-05-10 12:00:00,2.08305,2.08346,2.08029,2.08118,24284
2024-05-10 16:00:00,2.08118,2.08244,2.07735,2.08218,33989
2024-05-10 20:00:00,2.08217,2.08246,2.08015,2.08046,12688
2024-05-13 00:00:00,2.07816,2.08264,2.07682,2.0815,11421
2024-05-13 04:00:00,2.08152,2.08713,2.08087,2.08507,24908
2024-05-13 08:00:00,2.08505,2.08696,2.08307,2.08463,31791
2024-05-13 12:00:00,2.08464,2.08594,2.08298,2.08351,24366
2024-05-13 16:00:00,2.08349,2.08805,2.08232,2.08772,32837
2024-05-13 20:00:00,2.08771,2.08802,2.08567,2.08701,18688
2024-05-14 00:00:00,2.08704,2.0878,2.08448,2.0871,11100
2024-05-14 04:00:00,2.0871,2.08892,2.08663,2.0871,22933
2024-05-14 08:00:00,2.08709,2.08792,2.07729,2.07961,27778
2024-05-14 12:00:00,2.07963,2.08918,2.07885,2.08431,31925
2024-05-14 16:00:00,2.08431,2.08651,2.08363,2.08557,42500
2024-05-14 20:00:00,2.08554,2.08593,2.08347,2.08414,16683
2024-05-15 00:00:00,2.08408,2.08474,2.08064,2.08278,9508
2024-05-15 04:00:00,2.08278,2.08323,2.07842,2.07905,17074
2024-05-15 08:00:00,2.07902,2.0802,2.07681,2.08004,24903
2024-05-15 12:00:00,2.08008,2.08314,2.07528,2.07843,35600
2024-05-15 16:00:00,2.07844,2.08282,2.07241,2.07243,48517
2024-05-15 20:00:00,2.07245,2.07254,2.07069,2.07196,20751
2024-05-16 00:00:00,2.07175,2.07298,2.06739,2.06868,12502
2024-05-16 04:00:00,2.06869,2.07376,2.0686,2.07178,25162
2024-05-16 08:00:00,2.0718,2.07501,2.07138,2.07339,26920
2024-05-16 12:00:00,2.07341,2.07513,2.07148,2.07314,28991
2024-05-16 16:00:00,2.07308,2.07492,2.06997,2.07079,32415
2024-05-16 20:00:00,2.07083,2.07147,2.06931,2.06956,17703
2024-05-17 00:00:00,2.06917,2.07029,2.06712,2.07028,10512
2024-05-17 04:00:00,2.07028,2.07242,2.0693,2.07066,19906
2024-05-17 08:00:00,2.07067,2.07215,2.06819,2.07128,24820
2024-05-17 12:00:00,2.07132,2.07317,2.07086,2.07117,22201
2024-05-17 16:00:00,2.07115,2.07293,2.0694,2.07094,33280
2024-05-17 20:00:00,2.07094,2.07205,2.0695,2.07025,14213
2024-05-20 00:00:00,2.06747,2.07311,2.06711,2.07301,10727
2024-05-20 04:00:00,2.073,2.07473,2.07171,2.07284,23051
2024-05-20 08:00:00,2.0728,2.07642,2.07034,2.07617,26644
2024-05-20 12:00:00,2.07616,2.08271,2.07413,2.08073,26107
2024-05-20 16:00:00,2.08077,2.08085,2.07688,2.08055,32313
2024-05-20 20:00:00,2.08057,2.08119,2.07946,2.08071,15595
2024-05-21 00:00:00,2.08098,2.08134,2.07804,2.08079,8738
2024-05-21 04:00:00,2.08077,2.08535,2.0806,2.08329,22172
2024-05-21 08:00:00,2.08329,2.08493,2.08195,2.08259,23936
2024-05-21 12:00:00,2.08262,2.08509,2.08207,2.08317,25292
2024-05-21 16:00:00,2.08314,2.08644,2.08181,2.08522,40616
2024-05-21 20:00:00,2.08521,2.08637,2.08446,2.08615,16347
2024-05-22 00:00:00,2.08625,2.08625,2.08296,2.08425,10414
2024-05-22 04:00:00,2.08425,2.08517,2.06766,2.07747,25300
2024-05-22 08:00:00,2.07747,2.08573,2.07373,2.08162,31056
2024-05-22 12:00:00,2.08161,2.08265,2.07811,2.08187,30499
2024-05-22 16:00:00,2.08195,2.08653,2.08143,2.08622,37432
2024-05-22 20:00:00,2.08621,2.08964,2.08572,2.08584,30736
2024-05-23 00:00:00,2.08571,2.08692,2.08238,2.08378,11410
2024-05-23 04:00:00,2.08377,2.08438,2.07906,2.07951,20836
2024-05-23 08:00:00,2.07948,2.08427,2.0791,2.08018,31137
2024-05-23 12:00:00,2.08017,2.08027,2.07587,2.0777,30390
2024-05-23 16:00:00,2.0777,2.08321,2.07666,2.08152,50808
2024-05-23 20:00:00,2.0815,2.08321,2.08098,2.08195,29544
2024-05-24 00:00:00,2.08182,2.08388,2.07882,2.08301,10791
2024-05-24 04:00:00,2.08303,2.08477,2.08098,2.0813,19990
2024-05-24 08:00:00,2.08128,2.08393,2.07853,2.08077,27166
2024-05-24 12:00:00,2.08078,2.08244,2.08027,2.0816,27389
2024-05-24 16:00:00,2.08158,2.08324,2.08021,2.08117,38998
2024-05-24 20:00:00,2.08117,2.08183,2.07938,2.08062,14609
2024-05-27 00:00:00,2.08088,2.081,2.07902,2.08038,9608
2024-05-27 04:00:00,2.0804,2.08044,2.07797,2.07855,15138
2024-05-27 08:00:00,2.07862,2.07974,2.07669,2.0768,17715
2024-05-27 12:00:00,2.07675,2.07741,2.07463,2.07533,20310
2024-05-27 16:00:00,2.07532,2.07775,2.07472,2.07668,20530
2024-05-27 20:00:00,2.07669,2.07709,2.07526,2.07612,7599
2024-05-28 00:00:00,2.07462,2.07665,2.07358,2.07437,10236
2024-05-28 04:00:00,2.07435,2.0751,2.07274,2.07399,20553
2024-05-28 08:00:00,2.07401,2.07494,2.07175,2.07261,24650
2024-05-28 12:00:00,2.07261,2.07554,2.07147,2.07407,25558
2024-05-28 16:00:00,2.07417,2.07806,2.07395,2.07707,39212
2024-05-28 20:00:00,2.07711,2.0786,2.07687,2.07794,26731
2024-05-29 00:00:00,2.0775,2.07924,2.07432,2.07896,13781
2024-05-29 04:00:00,2.07895,2.08029,2.07511,2.07997,24258
2024-05-29 08:00:00,2.08005,2.08147,2.07772,2.07805,31962
2024-05-29 12:00:00,2.07806,2.08149,2.07775,2.07882,31150
2024-05-29 16:00:00,2.07879,2.08038,2.07652,2.07859,44303
2024-05-29 20:00:00,2.0786,2.07906,2.07551,2.07674,22868
2024-05-30 00:00:00,2.07672,2.0792,2.07508,2.07864,13257
2024-05-30 04:00:00,2.07863,2.08058,2.07737,2.0796,24501
2024-05-30 08:00:00,2.07968,2.08334,2.07968,2.08123,34152
2024-05-30 12:00:00,2.08122,2.08403,2.0784,2.07996,33068
2024-05-30 16:00:00,2.07993,2.08082,2.07792,2.07906,40343
2024-05-30 20:00:00,2.07905,2.08254,2.07876,2.08205,20917
2024-05-31 00:00:00,2.07939,2.08242,2.07836,2.07849,12503
2024-05-31 04:00:00,2.07853,2.07914,2.0754,2.0772,25287
2024-05-31 08:00:00,2.0772,2.07732,2.07396,2.0745,29354
2024-05-31 12:00:00,2.07451,2.0764,2.07049,2.07066,33260
2024-05-31 16:00:00,2.07066,2.07615,2.06987,2.07462,49150
2024-05-31 20:00:00,2.07464,2.07479,2.07273,2.07382,22364
2024-06-03 00:00:00,2.07394,2.07426,2.07089,2.0723,10215
2024-06-03 04:00:00,2.0723,2.07394,2.07035,2.07291,14530
2024-06-03 08:00:00,2.07291,2.07575,2.06821,2.06859,17071
2024-06-03 12:00:00,2.06859,2.0704,2.06551,2.06639,33864
2024-06-03 16:00:00,2.06639,2.06966,2.06447,2.0691,49620
2024-06-03 20:00:00,2.06911,2.07156,2.06767,2.06804,27792
2024-06-04 00:00:00,2.06802,2.07002,2.06647,2.06974,12474
2024-06-04 04:00:00,2.06975,2.07236,2.06821,2.06892,20867
2024-06-04 08:00:00,2.06889,2.07144,2.06806,2.07047,36427
2024-06-04 12:00:00,2.07048,2.07206,2.06751,2.06808,41172
2024-06-04 16:00:00,2.0681,2.07199,2.06758,2.07123,51863
2024-06-04 20:00:00,2.07124,2.07197,2.06625,2.06719,27529
2024-06-05 00:00:00,2.06722,2.06902,2.06426,2.06669,11361
2024-06-05 04:00:00,2.06659,2.06801,2.06389,2.06443,20196
2024-06-05 08:00:00,2.06443,2.06725,2.06142,2.0652,26796
2024-06-05 12:00:00,2.06516,2.06731,2.0649,2.06708,26143
2024-06-05 16:00:00,2.06709,2.06848,2.06419,2.06614,42606
2024-06-05 20:00:00,2.06613,2.06652,2.06439,2.06477,17635
2024-06-06 00:00:00,2.06446,2.0651,2.06194,2.06286,9419
2024-06-06 04:00:00,2.0629,2.06566,2.06075,2.06511,18368
2024-06-06 08:00:00,2.06507,2.06875,2.06477,2.06699,22301
2024-06-06 12:00:00,2.06699,2.06794,2.06498,2.06767,27712
2024-06-06 16:00:00,2.06768,2.0678,2.06223,2.06234,35444
2024-06-06 20:00:00,2.06236,2.06324,2.06146,2.06285,17947
2024-06-07 00:00:00,2.06332,2.06538,2.06156,2.06419,9431
2024-06-07 04:00:00,2.06417,2.06663,2.06171,2.0634,19975
2024-06-07 08:00:00,2.06343,2.06726,2.06236,2.06509,26233
2024-06-07 12:00:00,2.0651,2.07572,2.06262,2.07491,33230
2024-06-07 16:00:00,2.07488,2.08391,2.07265,2.08176,46220
2024-06-07 20:00:00,2.08174,2.08468,2.08134,2.0842,18934
2024-06-10 00:00:00,2.0831,2.08577,2.08067,2.08509,14115
2024-06-10 04:00:00,2.08509,2.086,2.08159,2.08187,16281
2024-06-10 08:00:00,2.08187,2.0834,2.07993,2.08082,28495
2024-06-10 12:00:00,2.08084,2.08233,2.07737,2.0816,29775
2024-06-10 16:00:00,2.08158,2.08207,2.07835,2.07954,27334
2024-06-10 20:00:00,2.07955,2.08073,2.07718,2.07719,19045
2024-06-11 00:00:00,2.07717,2.07747,2.07474,2.07682,9974
2024-06-11 04:00:00,2.07685,2.08135,2.07667,2.08047,17561
2024-06-11 08:00:00,2.08046,2.08063,2.07482,2.07726,22004
2024-06-11 12:00:00,2.07725,2.08165,2.07693,2.07885,27819
2024-06-11 16:00:00,2.07886,2.07917,2.07395,2.07462,30536
2024-06-11 20:00:00,2.07458,2.07469,2.07258,2.0733,16550
2024-06-12 00:00:00,2.07333,2.0755,2.07074,2.0747,6971
2024-06-12 04:00:00,2.07465,2.07516,2.0724,2.07385,14309
2024-06-12 08:00:00,2.07386,2.07731,2.07226,2.07665,24858
2024-06-12 12:00:00,2.07666,2.07768,2.06696,2.06979,31576
2024-06-12 16:00:00,2.0698,2.071,2.06344,2.0665,44270
2024-06-12 20:00:00,2.0665,2.07195,2.06289,2.06891,45418
2024-06-13 00:00:00,2.06891,2.07023,2.06636,2.06979,10484
2024-06-13 04:00:00,2.06978,2.07257,2.06906,2.07173,18205
2024-06-13 08:00:00,2.07172,2.0727,2.0701,2.07122,23408
2024-06-13 12:00:00,2.07122,2.07138,2.06353,2.0684,30240
2024-06-13 16:00:00,2.06841,2.0723,2.06695,2.0679,41906
2024-06-13 20:00:00,2.06791,2.06986,2.06654,2.06903,20948
2024-06-14 00:00:00,2.06889,2.07394,2.06577,2.07383,11138
2024-06-14 04:00:00,2.07385,2.07402,2.07101,2.07273,21452
2024-06-14 08:00:00,2.07271,2.07579,2.07194,2.07379,33233
2024-06-14 12:00:00,2.07379,2.07471,2.0679,2.07018,43877
2024-06-14 16:00:00,2.07019,2.07075,2.06465,2.06567,41213
2024-06-14 20:00:00,2.06569,2.06806,2.0651,2.06526,17656
2024-06-17 00:00:00,2.06622,2.06882,2.06334,2.06874,13555
2024-06-17 04:00:00,2.06872,2.07094,2.06832,2.07064,18096
2024-06-17 08:00:00,2.07062,2.07335,2.06972,2.07046,29527
2024-06-17 12:00:00,2.07044,2.07475,2.06833,2.07318,26128
2024-06-17 16:00:00,2.07319,2.07491,2.07165,2.07367,28730
2024-06-17 20:00:00,2.07366,2.07367,2.0715,2.07208,15294
2024-06-18 00:00:00,2.07161,2.07299,2.07026,2.07133,10408
2024-06-18 04:00:00,2.07135,2.07642,2.07072,2.07526,19694
2024-06-18 08:00:00,2.07531,2.07917,2.07221,2.07679,30768
2024-06-18 12:00:00,2.07678,2.07992,2.0738,2.07548,32002
2024-06-18 16:00:00,2.07552,2.07665,2.06556,2.0673,36900
2024-06-18 20:00:00,2.06728,2.06924,2.06682,2.06812,19563
2024-06-19 00:00:00,2.06819,2.06991,2.06528,2.06927,10089
2024-06-19 04:00:00,2.06928,2.07236,2.06905,2.07207,13530
2024-06-19 08:00:00,2.07207,2.07532,2.0696,2.0741,25005
2024-06-19 12:00:00,2.07413,2.07608,2.07303,2.07334,22067
2024-06-19 16:00:00,2.07331,2.07536,2.07304,2.07472,16738
2024-06-19 20:00:00,2.07473,2.07525,2.07396,2.074,4944
2024-06-20 00:00:00,2.07334,2.07517,2.06883,2.0737,10986
2024-06-20 04:00:00,2.07371,2.07513,2.07209,2.07271,15473
2024-06-20 08:00:00,2.0727,2.07378,2.07095,2.07242,24238
2024-06-20 12:00:00,2.07241,2.07356,2.06812,2.06968,31278
2024-06-20 16:00:00,2.06971,2.07156,2.06803,2.07034,34612
2024-06-20 20:00:00,2.07032,2.07058,2.06762,2.06799,22281
2024-06-21 00:00:00,2.06801,2.06935,2.06528,2.06923,10203
2024-06-21 04:00:00,2.06922,2.06922,2.06673,2.06686,14555
2024-06-21 08:00:00,2.06695,2.06912,2.06118,2.06502,28001
2024-06-21 12:00:00,2.06507,2.0664,2.06112,2.06345,27371
2024-06-21 16:00:00,2.06343,2.0675,2.06175,2.06553,36859
2024-06-21 20:00:00,2.0655,2.06746,2.06502,2.06564,14680
2024-06-24 00:00:00,2.06382,2.06862,2.06382,2.06792,11261
2024-06-24 04:00:00,2.06792,2.06929,2.06716,2.06869,17976
2024-06-24 08:00:00,2.06871,2.06918,2.06544,2.06548,22008
2024-06-24 12:00:00,2.06547,2.07088,2.06533,2.06886,29840
2024-06-24 16:00:00,2.06888,2.07127,2.06779,2.07044,30610
2024-06-24 20:00:00,2.07043,2.07134,2.06989,2.07109,19391
2024-06-25 00:00:00,2.06994,2.0731,2.06777,2.07255,11604
2024-06-25 04:00:00,2.07255,2.07412,2.07127,2.07325,16637
2024-06-25 08:00:00,2.07324,2.07363,2.06969,2.07287,21843
2024-06-25 12:00:00,2.0729,2.0734,2.07036,2.07245,24760
2024-06-25 16:00:00,2.07245,2.07597,2.07133,2.07494,32670
2024-06-25 20:00:00,2.07493,2.07554,2.07235,2.07238,14993
2024-06-26 00:00:00,2.07215,2.07429,2.06945,2.07348,10033
2024-06-26 04:00:00,2.0735,2.07569,2.07096,2.07527,20999
2024-06-26 08:00:00,2.07528,2.07531,2.07199,2.07486,25783
2024-06-26 12:00:00,2.07483,2.07802,2.07314,2.07696,29534
2024-06-26 16:00:00,2.07698,2.07901,2.07343,2.07681,38711
2024-06-26 20:00:00,2.07679,2.07756,2.07415,2.07505,19055
2024-06-27 00:00:00,2.07488,2.07849,2.07195,2.07797,11681
2024-06-27 04:00:00,2.07796,2.07804,2.07507,2.0757,16755
2024-06-27 08:00:00,2.07572,2.07631,2.07248,2.0727,25305
2024-06-27 12:00:00,2.07267,2.075,2.072,2.07236,29667
2024-06-27 16:00:00,2.07237,2.07853,2.07221,2.07753,35814
2024-06-27 20:00:00,2.07754,2.07852,2.07688,2.07798,17233
2024-06-28 00:00:00,2.07778,2.07928,2.07372,2.0792,11123
2024-06-28 04:00:00,2.07921,2.08368,2.07881,2.08316,22679
2024-06-28 08:00:00,2.08317,2.08597,2.08075,2.08149,24458
2024-06-28 12:00:00,2.08149,2.08189,2.07371,2.07643,30332
2024-06-28 16:00:00,2.07645,2.07645,2.07143,2.07401,46555
2024-06-28 20:00:00,2.07397,2.07627,2.07229,2.07553,20644
2024-07-01 00:00:00,2.07136,2.07596,2.07136,2.07462,14775
2024-07-01 04:00:00,2.0746,2.07602,2.07442,2.0757,16869
2024-07-01 08:00:00,2.0757,2.07953,2.07516,2.07616,29939
2024-07-01 12:00:00,2.07615,2.08204,2.07601,2.08088,28233
2024-07-01 16:00:00,2.08085,2.08394,2.07802,2.08286,40835
2024-07-01 20:00:00,2.08287,2.08302,2.08074,2.08198,15196
2024-07-02 00:00:00,2.08195,2.08723,2.07814,2.08719,9261
2024-07-02 04:00:00,2.08723,2.08897,2.08555,2.08656,16246
2024-07-02 08:00:00,2.08652,2.08806,2.08451,2.08492,27891
2024-07-02 12:00:00,2.08494,2.08948,2.08488,2.08843,25121
2024-07-02 16:00:00,2.08853,2.08951,2.08558,2.08674,39819
2024-07-02 20:00:00,2.08667,2.08722,2.0856,2.08687,15343
2024-07-03 00:00:00,2.08686,2.08706,2.08511,2.08618,8547
2024-07-03 04:00:00,2.08617,2.08763,2.08538,2.08755,14487
2024-07-03 08:00:00,2.0876,2.08936,2.08633,2.0892,22111
2024-07-03 12:00:00,2.0892,2.09399,2.08914,2.09183,25276
2024-07-03 16:00:00,2.09181,2.09239,2.08434,2.08663,40287
2024-07-03 20:00:00,2.08663,2.08821,2.08653,2.08763,12135
2024-07-04 00:00:00,2.08603,2.08861,2.08513,2.08533,8269
2024-07-04 04:00:00,2.08534,2.08703,2.08432,2.0861,13544
2024-07-04 08:00:00,2.08604,2.08651,2.08417,2.08518,21950
2024-07-04 12:00:00,2.08519,2.08604,2.08314,2.08383,20122
2024-07-04 16:00:00,2.08384,2.08693,2.08357,2.08511,16331
2024-07-04 20:00:00,2.08513,2.0863,2.08505,2.08561,2985
2024-07-05 00:00:00,2.08323,2.08677,2.083,2.08648,9860
2024-07-05 04:00:00,2.08647,2.08678,2.08502,2.08674,16314
2024-07-05 08:00:00,2.08671,2.08913,2.08633,2.08787,22133
2024-07-05 12:00:00,2.08783,2.09013,2.08465,2.08875,27674
2024-07-05 16:00:00,2.08873,2.09156,2.08587,2.08613,46155
2024-07-05 20:00:00,2.08614,2.08686,2.08416,2.08512,13803
2024-07-08 00:00:00,2.08358,2.08679,2.08156,2.08668,13124
2024-07-08 04:00:00,2.08671,2.08696,2.08289,2.0844,15506
2024-07-08 08:00:00,2.08441,2.0899,2.0844,2.0897,27956
2024-07-08 12:00:00,2.08969,2.09231,2.08784,2.09064,25145
2024-07-08 16:00:00,2.09066,2.09225,2.09011,2.09045,27443
2024-07-08 20:00:00,2.09043,2.09178,2.0894,2.09063,12798
2024-07-09 00:00:00,2.09049,2.09161,2.08816,2.09145,8496
2024-07-09 04:00:00,2.09147,2.09309,2.08955,2.09078,16338
2024-07-09 08:00:00,2.09079,2.09401,2.09027,2.09387,20913
2024-07-09 12:00:00,2.09388,2.09582,2.09195,2.09274,21632
2024-07-09 16:00:00,2.09273,2.09341,2.08796,2.08813,36440
2024-07-09 20:00:00,2.08814,2.08836,2.08703,2.08738,15838
2024-07-10 00:00:00,2.08733,2.08774,2.08398,2.0872,8533
2024-07-10 04:00:00,2.08718,2.10433,2.08602,2.10023,21093
2024-07-10 08:00:00,2.1002,2.10876,2.0985,2.10798,23592
2024-07-10 12:00:00,2.10796,2.11025,2.10578,2.10687,24218
2024-07-10 16:00:00,2.10688,2.11211,2.10579,2.1119,29817
2024-07-10 20:00:00,2.11188,2.11356,2.11101,2.11252,14359
2024-07-11 00:00:00,2.11239,2.11352,2.11032,2.11103,7692
2024-07-11 04:00:00,2.11108,2.11282,2.10865,2.10916,11821
2024-07-11 08:00:00,2.10921,2.11419,2.10869,2.11333,21770
2024-07-11 12:00:00,2.11332,2.11661,2.10854,2.11135,31410
2024-07-11 16:00:00,2.11134,2.116,2.11057,2.11517,53292
2024-07-11 20:00:00,2.11514,2.11912,2.11468,2.11847,24571
2024-07-12 00:00:00,2.11836,2.12336,2.11319,2.12259,19741
2024-07-12 04:00:00,2.12259,2.12413,2.11538,2.11609,21417
2024-07-12 08:00:00,2.11609,2.11953,2.11568,2.11888,26525
2024-07-12 12:00:00,2.1189,2.12203,2.11781,2.12129,31463
2024-07-12 16:00:00,2.12124,2.12257,2.11787,2.12241,41377
2024-07-12 20:00:00,2.12246,2.12331,2.12111,2.12244,13823
2024-07-15 00:00:00,2.1204,2.12838,2.12034,2.12652,15602
2024-07-15 04:00:00,2.1265,2.12841,2.12564,2.12712,15744
2024-07-15 08:00:00,2.12713,2.13111,2.1265,2.12941,25163
2024-07-15 12:00:00,2.12944,2.13296,2.12842,2.13167,26657
2024-07-15 16:00:00,2.13167,2.13267,2.12921,2.13091,35549
2024-07-15 20:00:00,2.13091,2.13545,2.13081,2.13463,21909
2024-07-16 00:00:00,2.13457,2.13824,2.12988,2.13782,10077
2024-07-16 04:00:00,2.13782,2.14174,2.13683,2.14122,17468
2024-07-16 08:00:00,2.14124,2.14235,2.13814,2.13973,24916
2024-07-16 12:00:00,2.13972,2.14174,2.1358,2.14042,31667
2024-07-16 16:00:00,2.14042,2.14505,2.14013,2.14477,34770
2024-07-16 20:00:00,2.14478,2.14479,2.14353,2.14419,17689
2024-07-17 00:00:00,2.14426,2.14931,2.13343,2.13453,15786
2024-07-17 04:00:00,2.13455,2.13862,2.13299,2.13742,13478
2024-07-17 08:00:00,2.1374,2.14208,2.13669,2.13888,36868
2024-07-17 12:00:00,2.13888,2.14332,2.13838,2.14145,30441
2024-07-17 16:00:00,2.14144,2.14425,2.14038,2.14153,40943
2024-07-17 20:00:00,2.14155,2.14275,2.13836,2.13852,19724
2024-07-18 00:00:00,2.13853,2.14186,2.13641,2.14098,15021
2024-07-18 04:00:00,2.14097,2.14398,2.13787,2.14143,21199
2024-07-18 08:00:00,2.1414,2.14221,2.13758,2.13899,31074
2024-07-18 12:00:00,2.13903,2.1406,2.13682,2.13739,27148
2024-07-18 16:00:00,2.1374,2.13995,2.13637,2.13916,41288
2024-07-18 20:00:00,2.13914,2.14156,2.1385,2.14106,21533
2024-07-19 00:00:00,2.14118,2.14529,2.1373,2.14521,12765
2024-07-19 04:00:00,2.1452,2.1485,2.14454,2.14826,19775
2024-07-19 08:00:00,2.14831,2.14836,2.14203,2.14346,31411
2024-07-19 12:00:00,2.14341,2.14643,2.14239,2.14629,26268
2024-07-19 16:00:00,2.14628,2.14825,2.14519,2.14782,35505
2024-07-19 20:00:00,2.14787,2.14973,2.1471,2.14864,19267
2024-07-22 00:00:00,2.1451,2.15001,2.14336,2.14948,15295
2024-07-22 04:00:00,2.14947,2.15553,2.14768,2.15529,17230
2024-07-22 08:00:00,2.15529,2.15588,2.15203,2.15435,30741
2024-07-22 12:00:00,2.15435,2.15837,2.15355,2.15768,26900
2024-07-22 16:00:00,2.15772,2.16234,2.15745,2.16228,32627
2024-07-22 20:00:00,2.16226,2.16316,2.16105,2.16313,16048
2024-07-23 00:00:00,2.16266,2.16637,2.16039,2.16621,11019
2024-07-23 04:00:00,2.16622,2.16704,2.16381,2.16699,16280
2024-07-23 08:00:00,2.16699,2.16744,2.16442,2.16695,25788
2024-07-23 12:00:00,2.16695,2.16728,2.16163,2.165,27665
2024-07-23 16:00:00,2.16503,2.16905,2.16481,2.16845,29342
2024-07-23 20:00:00,2.16844,2.16864,2.1664,2.167,15886
2024-07-24 00:00:00,2.16659,2.17062,2.16312,2.16938,10260
2024-07-24 04:00:00,2.16933,2.17894,2.16847,2.17759,19721
2024-07-24 08:00:00,2.17759,2.17769,2.17181,2.17621,29291
2024-07-24 12:00:00,2.17623,2.17659,2.17337,2.17377,26673
2024-07-24 16:00:00,2.17376,2.17668,2.17112,2.17472,37702
2024-07-24 20:00:00,2.17476,2.17804,2.17387,2.17621,21125
2024-07-25 00:00:00,2.17604,2.18019,2.1714,2.1786,16872
2024-07-25 04:00:00,2.1786,2.17955,2.17575,2.17952,23531
2024-07-25 08:00:00,2.1795,2.18158,2.17669,2.17948,36139
2024-07-25 12:00:00,2.17946,2.18603,2.17889,2.18465,37659
2024-07-25 16:00:00,2.18466,2.18476,2.18048,2.18162,48466
2024-07-25 20:00:00,2.18158,2.1841,2.18122,2.18257,25464
2024-07-26 00:00:00,2.18249,2.18416,2.179,2.1837,12367
2024-07-26 04:00:00,2.18367,2.18577,2.18173,2.18426,16541
2024-07-26 08:00:00,2.18425,2.18435,2.17933,2.17955,25341
2024-07-26 12:00:00,2.17953,2.18531,2.17945,2.18261,26871
2024-07-26 16:00:00,2.18261,2.18321,2.17863,2.18254,34659
2024-07-26 20:00:00,2.1825,2.18646,2.18222,2.185,16979
2024-07-29 00:00:00,2.18044,2.18603,2.18044,2.18466,14382
2024-07-29 04:00:00,2.18469,2.18766,2.18321,2.18743,19210
2024-07-29 08:00:00,2.18745,2.18745,2.17912,2.17958,27901
2024-07-29 12:00:00,2.17956,2.18784,2.17849,2.18766,27109
2024-07-29 16:00:00,2.18766,2.19082,2.1869,2.18808,32822
2024-07-29 20:00:00,2.18808,2.1895,2.18805,2.18859,18565
2024-07-30 00:00:00,2.18859,2.1887,2.18582,2.18697,10488
2024-07-30 04:00:00,2.18702,2.1892,2.18119,2.18239,15208
2024-07-30 08:00:00,2.18238,2.18259,2.17817,2.18117,25679
2024-07-30 12:00:00,2.1812,2.18276,2.17916,2.17916,21386
2024-07-30 16:00:00,2.17914,2.17996,2.17361,2.17503,39145
2024-07-30 20:00:00,2.17501,2.17583,2.17343,2.17423,23432
2024-07-31 00:00:00,2.17338,2.17549,2.17164,2.1747,15738
2024-07-31 04:00:00,2.17471,2.18002,2.16741,2.17452,30482
2024-07-31 08:00:00,2.1745,2.17683,2.1652,2.16874,38443
2024-07-31 12:00:00,2.16876,2.17091,2.16479,2.1654,31602
2024-07-31 16:00:00,2.16538,2.16544,2.15766,2.15948,42465
2024-07-31 20:00:00,2.15949,2.16177,2.1557,2.16013,41011
2024-08-01 00:00:00,2.16024,2.16095,2.15648,2.15721,9648
2024-08-01 04:00:00,2.15725,2.16131,2.1564,2.15836,16550
2024-08-01 08:00:00,2.15834,2.16013,2.14858,2.15158,32126
2024-08-01 12:00:00,2.15161,2.15293,2.14576,2.15033,35930
2024-08-01 16:00:00,2.15035,2.15035,2.14004,2.14122,47658
2024-08-01 20:00:00,2.14124,2.14282,2.13996,2.14096,26860
2024-08-02 00:00:00,2.14075,2.14523,2.13858,2.1429,20104
2024-08-02 04:00:00,2.1429,2.14319,2.13681,2.13779,23400
2024-08-02 08:00:00,2.13779,2.14231,2.13519,2.14196,38827
2024-08-02 12:00:00,2.14194,2.14569,2.13532,2.14455,38322
2024-08-02 16:00:00,2.14451,2.147,2.14236,2.14447,62037
2024-08-02 20:00:00,2.14441,2.14966,2.14441,2.14905,26789
2024-08-05 00:00:00,2.14794,2.15365,2.14584,2.1481,30890
2024-08-05 04:00:00,2.14812,2.15689,2.14761,2.15378,47123
2024-08-05 08:00:00,2.15375,2.17505,2.15155,2.15381,79786
2024-08-05 12:00:00,2.15381,2.15525,2.146,2.14932,58007
2024-08-05 16:00:00,2.14933,2.15472,2.1418,2.15424,83702
2024-08-05 20:00:00,2.15422,2.1543,2.14995,2.15098,40789
2024-08-06 00:00:00,2.15007,2.15178,2.13847,2.14278,30934
2024-08-06 04:00:00,2.14267,2.15704,2.1413,2.15408,41209
2024-08-06 08:00:00,2.15409,2.15638,2.14648,2.14692,54132
2024-08-06 12:00:00,2.14695,2.14768,2.13959,2.14407,49673
2024-08-06 16:00:00,2.1441,2.14445,2.13171,2.13228,56502
2024-08-06 20:00:00,2.13228,2.13262,2.12992,2.13152,32793
2024-08-07 00:00:00,2.1316,2.13229,2.11679,2.11798,25273
2024-08-07 04:00:00,2.11795,2.11891,2.11199,2.11453,44055
2024-08-07 08:00:00,2.11452,2.11723,2.10992,2.11149,44409
2024-08-07 12:00:00,2.11143,2.11591,2.11037,2.11326,35088
2024-08-07 16:00:00,2.11325,2.1164,2.1116,2.11454,42209
2024-08-07 20:00:00,2.11455,2.11794,2.11438,2.11724,34063
2024-08-08 00:00:00,2.11709,2.11957,2.11421,2.11514,18354
2024-08-08 04:00:00,2.11513,2.11896,2.11225,2.11546,29839
2024-08-08 08:00:00,2.11547,2.11952,2.11444,2.11748,37609
2024-08-08 12:00:00,2.11746,2.1196,2.11404,2.11906,40996
2024-08-08 16:00:00,2.11907,2.1246,2.11779,2.12455,55996
2024-08-08 20:00:00,2.12453,2.12466,2.11943,2.11983,26464
2024-08-09 00:00:00,2.11869,2.12296,2.11578,2.12126,16343
2024-08-09 04:00:00,2.12125,2.12163,2.11407,2.11581,26774
2024-08-09 08:00:00,2.11581,2.12076,2.11332,2.11833,38322
2024-08-09 12:00:00,2.11829,2.12123,2.11648,2.11943,32364
2024-08-09 16:00:00,2.11946,2.12461,2.11781,2.12365,40937
2024-08-09 20:00:00,2.12367,2.1281,2.12326,2.12608,21226
2024-08-12 00:00:00,2.12368,2.12867,2.12195,2.12332,13505
2024-08-12 04:00:00,2.12321,2.12412,2.12095,2.12245,18104
2024-08-12 08:00:00,2.12246,2.12477,2.11688,2.11743,27126
2024-08-12 12:00:00,2.11743,2.11989,2.11464,2.11953,24128
2024-08-12 16:00:00,2.11951,2.12322,2.11793,2.12115,40944
2024-08-12 20:00:00,2.12114,2.12223,2.11974,2.12099,25569
2024-08-13 00:00:00,2.11784,2.12151,2.11784,2.11943,14735
2024-08-13 04:00:00,2.11943,2.12103,2.11642,2.11741,18964
2024-08-13 08:00:00,2.11742,2.12346,2.11701,2.1192,29125
2024-08-13 12:00:00,2.11919,2.12018,2.11515,2.11585,33023
2024-08-13 16:00:00,2.11584,2.11865,2.11401,2.1163,42487
2024-08-13 20:00:00,2.11629,2.11852,2.11584,2.11647,28407
2024-08-14 00:00:00,2.11622,2.11836,2.11442,2.11558,14494
2024-08-14 04:00:00,2.11566,2.14173,2.11537,2.14049,30239
2024-08-14 08:00:00,2.1403,2.14243,2.12967,2.13594,31228
2024-08-14 12:00:00,2.13593,2.13747,2.1316,2.13634,28859
2024-08-14 16:00:00,2.13629,2.13864,2.13192,2.13542,39842
2024-08-14 20:00:00,2.13542,2.13949,2.13457,2.13856,20616
2024-08-15 00:00:00,2.13832,2.14022,2.13506,2.13944,12508
2024-08-15 04:00:00,2.13945,2.14286,2.13609,2.13823,22678
2024-08-15 08:00:00,2.13825,2.14167,2.13733,2.14087,25354
2024-08-15 12:00:00,2.14086,2.14245,2.13799,2.14108,28994
2024-08-15 16:00:00,2.14107,2.1432,2.1383,2.1416,42609
2024-08-15 20:00:00,2.14162,2.14773,2.1411,2.14769,23262
2024-08-16 00:00:00,2.1448,2.15063,2.14416,2.1477,11175
2024-08-16 04:00:00,2.14768,2.14884,2.14014,2.14023,15476
2024-08-16 08:00:00,2.14024,2.14255,2.13721,2.14078,23571
2024-08-16 12:00:00,2.14082,2.14394,2.13979,2.14097,22157
2024-08-16 16:00:00,2.14096,2.14204,2.13788,2.13875,32114
2024-08-16 20:00:00,2.13875,2.14015,2.13741,2.13783,16261
2024-08-19 00:00:00,2.1365,2.13963,2.13544,2.13744,12726
2024-08-19 04:00:00,2.1374,2.13764,2.12851,2.13023,20283
2024-08-19 08:00:00,2.13019,2.13745,2.1291,2.1364,33450
2024-08-19 12:00:00,2.13641,2.13694,2.13077,2.13227,26113
2024-08-19 16:00:00,2.13226,2.13311,2.12891,2.13013,34190
2024-08-19 20:00:00,2.13014,2.13066,2.12345,2.12438,21892
2024-08-20 00:00:00,2.12355,2.12564,2.12179,2.12222,11349
2024-08-20 04:00:00,2.12207,2.12403,2.11997,2.12123,23714
2024-08-20 08:00:00,2.12123,2.12144,2.11853,2.11865,30622
2024-08-20 12:00:00,2.11869,2.122,2.1163,2.12004,30732
2024-08-20 16:00:00,2.12002,2.12149,2.1174,2.1195,44895
2024-08-20 20:00:00,2.11949,2.12029,2.11573,2.11784,22897
2024-08-21 00:00:00,2.117,2.11813,2.11434,2.11497,13636
2024-08-21 04:00:00,2.11499,2.1216,2.11499,2.12058,19042
2024-08-21 08:00:00,2.12058,2.12207,2.11816,2.11987,28822
2024-08-21 12:00:00,2.11984,2.12379,2.11951,2.1225,24064
2024-08-21 16:00:00,2.12252,2.1269,2.12076,2.12617,51236
2024-08-21 20:00:00,2.12619,2.12686,2.12278,2.12611,24813
2024-08-22 00:00:00,2.1235,2.12698,2.12146,2.12678,9632
2024-08-22 04:00:00,2.12676,2.12933,2.12644,2.12695,13537
2024-08-22 08:00:00,2.12694,2.12858,2.1231,2.12842,23642
2024-08-22 12:00:00,2.12845,2.13278,2.12788,2.13024,27266
2024-08-22 16:00:00,2.13027,2.13562,2.13027,2.13184,39145
2024-08-22 20:00:00,2.13184,2.13305,2.13104,2.13194,20408
2024-08-23 00:00:00,2.13062,2.13321,2.12984,2.13127,10035
2024-08-23 04:00:00,2.13127,2.13153,2.12887,2.13032,14492
2024-08-23 08:00:00,2.1303,2.13388,2.12897,2.13385,20704
2024-08-23 12:00:00,2.13385,2.13392,2.12954,2.12984,21938
2024-08-23 16:00:00,2.12979,2.13109,2.1219,2.12249,55590
2024-08-23 20:00:00,2.12248,2.12283,2.11832,2.11954,24392
2024-08-26 00:00:00,2.11866,2.12316,2.11791,2.1218,13108
2024-08-26 04:00:00,2.12179,2.12492,2.12086,2.12406,14367
2024-08-26 08:00:00,2.12407,2.12709,2.12339,2.12613,20484
2024-08-26 12:00:00,2.12614,2.1283,2.12429,2.12731,22343
2024-08-26 16:00:00,2.12729,2.1274,2.12391,2.12415,33484
2024-08-26 20:00:00,2.12417,2.1253,2.12339,2.12518,16021
2024-08-27 00:00:00,2.12338,2.12769,2.12266,2.12704,10253
2024-08-27 04:00:00,2.12703,2.12797,2.12082,2.12121,13569
2024-08-27 08:00:00,2.12122,2.12567,2.11943,2.12556,23474
2024-08-27 12:00:00,2.12552,2.12793,2.12044,2.12232,26691
2024-08-27 16:00:00,2.12232,2.12544,2.12074,2.12214,35961
2024-08-27 20:00:00,2.12211,2.12282,2.11982,2.12062,18591
2024-08-28 00:00:00,2.12224,2.12438,2.11806,2.12231,10596
2024-08-28 04:00:00,2.12232,2.12482,2.11871,2.11974,17999
2024-08-28 08:00:00,2.11973,2.12385,2.11807,2.11867,26541
2024-08-28 12:00:00,2.11868,2.11942,2.11537,2.11857,28004
2024-08-28 16:00:00,2.11856,2.1188,2.11348,2.1146,39921
2024-08-28 20:00:00,2.11456,2.11516,2.11144,2.11213,21480
2024-08-29 00:00:00,2.11226,2.11298,2.1075,2.10938,10046
2024-08-29 04:00:00,2.10941,2.10941,2.09807,2.09975,17115
2024-08-29 08:00:00,2.09974,2.10515,2.09873,2.10184,31160
2024-08-29 12:00:00,2.10184,2.10329,2.09911,2.10309,32662
2024-08-29 16:00:00,2.10309,2.10533,2.10213,2.10435,42487
2024-08-29 20:00:00,2.10432,2.10472,2.10196,2.10412,22668
2024-08-30 00:00:00,2.10395,2.10496,2.09712,2.09967,9645
2024-08-30 04:00:00,2.09973,2.10316,2.09889,2.10244,14537
2024-08-30 08:00:00,2.10246,2.10733,2.10197,2.10519,22725
2024-08-30 12:00:00,2.10517,2.10664,2.10305,2.10512,27469
2024-08-30 16:00:00,2.10508,2.10546,2.09982,2.1036,50395
2024-08-30 20:00:00,2.10361,2.10373,2.0991,2.10062,21438
2024-09-02 00:00:00,2.10246,2.10246,2.09931,2.10185,8488
2024-09-02 04:00:00,2.10178,2.10651,2.10093,2.10578,14186
2024-09-02 08:00:00,2.10576,2.10997,2.1045,2.10741,20916
2024-09-02 12:00:00,2.10742,2.11082,2.10715,2.1099,17782
2024-09-02 16:00:00,2.10991,2.11216,2.10904,2.10989,17117
2024-09-02 20:00:00,2.11,2.11005,2.10786,2.10931,4210
2024-09-03 00:00:00,2.10637,2.11198,2.10494,2.11065,9270
2024-09-03 04:00:00,2.11068,2.12211,2.10998,2.12004,22520
2024-09-03 08:00:00,2.12005,2.12068,2.11646,2.11814,29434
2024-09-03 12:00:00,2.11818,2.12202,2.11799,2.11936,27325
2024-09-03 16:00:00,2.11935,2.11948,2.11351,2.11731,44851
2024-09-03 20:00:00,2.11732,2.11997,2.11605,2.11943,22098
2024-09-04 00:00:00,2.11941,2.12353,2.11638,2.12353,12637
2024-09-04 04:00:00,2.12353,2.1242,2.12033,2.12094,16645
2024-09-04 08:00:00,2.12091,2.12358,2.1188,2.12349,26271
2024-09-04 12:00:00,2.12351,2.12368,2.11811,2.11985,23091
2024-09-04 16:00:00,2.1199,2.12111,2.11661,2.12036,43543
2024-09-04 20:00:00,2.12035,2.12199,2.11986,2.1207,23784
2024-09-05 00:00:00,2.12031,2.12689,2.11853,2.12514,12370
2024-09-05 04:00:00,2.12515,2.12604,2.11956,2.12009,14154
2024-09-05 08:00:00,2.12007,2.12337,2.11764,2.12276,23347
2024-09-05 12:00:00,2.12275,2.12314,2.11666,2.11678,26667
2024-09-05 16:00:00,2.11673,2.1213,2.11617,2.11884,40725
2024-09-05 20:00:00,2.11886,2.11897,2.11692,2.11745,21648
2024-09-06 00:00:00,2.11703,2.11811,2.11595,2.1178,6289
2024-09-06 04:00:00,2.11783,2.12064,2.11748,2.11938,11028
2024-09-06 08:00:00,2.1194,2.12167,2.11395,2.11438,23111
2024-09-06 12:00:00,2.11437,2.12135,2.11244,2.11831,31873
2024-09-06 16:00:00,2.11832,2.12998,2.11799,2.12853,69459
2024-09-06 20:00:00,2.12855,2.12912,2.12629,2.12652,29370
2024-09-09 00:00:00,2.12242,2.12888,2.11884,2.12726,11822
2024-09-09 04:00:00,2.12715,2.12772,2.12299,2.12691,14860
2024-09-09 08:00:00,2.12689,2.13359,2.12679,2.13307,25886
2024-09-09 12:00:00,2.13309,2.13484,2.13183,2.13244,23917
2024-09-09 16:00:00,2.13245,2.13271,2.12702,2.12774,33148
2024-09-09 20:00:00,2.12774,2.13001,2.12659,2.12714,22042
2024-09-10 00:00:00,2.12745,2.13015,2.123,2.13008,8022
2024-09-10 04:00:00,2.13008,2.13022,2.12622,2.12669,10446
2024-09-10 08:00:00,2.12668,2.12985,2.12422,2.12762,22764
2024-09-10 12:00:00,2.12765,2.12799,2.12324,2.12382,23860
2024-09-10 16:00:00,2.12383,2.12638,2.12153,2.12486,38397
2024-09-10 20:00:00,2.1249,2.12705,2.12405,2.12686,25494
2024-09-11 00:00:00,2.12631,2.12881,2.1233,2.12836,8673
2024-09-11 04:00:00,2.12834,2.13376,2.1275,2.13322,17683
2024-09-11 08:00:00,2.13324,2.13402,2.12577,2.12863,26675
2024-09-11 12:00:00,2.12862,2.13405,2.12696,2.13175,33055
2024-09-11 16:00:00,2.13175,2.13222,2.12643,2.1287,51295
2024-09-11 20:00:00,2.12866,2.12914,2.12467,2.12519,28640
2024-09-12 00:00:00,2.12528,2.1267,2.12382,2.1257,8808
2024-09-12 04:00:00,2.1257,2.12659,2.12086,2.12125,13088
2024-09-12 08:00:00,2.1212,2.12811,2.11954,2.12768,22363
2024-09-12 12:00:00,2.12768,2.12911,2.12386,2.12562,28899
2024-09-12 16:00:00,2.12563,2.12802,2.12496,2.12558,43102
2024-09-12 20:00:00,2.12551,2.12555,2.1217,2.12256,34689
2024-09-13 00:00:00,2.12261,2.12558,2.12094,2.1231,9688
2024-09-13 04:00:00,2.12306,2.12755,2.12264,2.12633,17623
2024-09-13 08:00:00,2.12633,2.128,2.1238,2.12581,23099
2024-09-13 12:00:00,2.1258,2.12921,2.12353,2.12897,28585
2024-09-13 16:00:00,2.12898,2.13309,2.12772,2.13052,35602
2024-09-13 20:00:00,2.13053,2.13217,2.12972,2.13071,19965
2024-09-16 00:00:00,2.1288,2.13255,2.12752,2.13235,9123
2024-09-16 04:00:00,2.13233,2.13526,2.12893,2.12988,14514
2024-09-16 08:00:00,2.1299,2.13169,2.12949,2.13052,22731
2024-09-16 12:00:00,2.13055,2.13393,2.12967,2.13261,27416
2024-09-16 16:00:00,2.13257,2.13519,2.13169,2.13324,33602
2024-09-16 20:00:00,2.13324,2.1351,2.13073,2.13084,19668
2024-09-17 00:00:00,2.13081,2.13507,2.12588,2.13501,8336
2024-09-17 04:00:00,2.13498,2.13507,2.13146,2.13329,12176
2024-09-17 08:00:00,2.13329,2.13502,2.12909,2.13091,20117
2024-09-17 12:00:00,2.13092,2.13612,2.1292,2.13562,28736
2024-09-17 16:00:00,2.13561,2.13594,2.12762,2.12816,40741
2024-09-17 20:00:00,2.12812,2.1286,2.12658,2.12788,28280
2024-09-18 00:00:00,2.1278,2.12793,2.12362,2.12402,8994
2024-09-18 04:00:00,2.12404,2.12426,2.12106,2.12398,14364
2024-09-18 08:00:00,2.12396,2.12524,2.12178,2.12384,25303
2024-09-18 12:00:00,2.12377,2.12514,2.12129,2.12475,26034
2024-09-18 16:00:00,2.12475,2.12896,2.12437,2.12663,34674
2024-09-18 20:00:00,2.12663,2.13039,2.11893,2.128,77283
2024-09-19 00:00:00,2.1279,2.12934,2.1236,2.12897,17021
2024-09-19 04:00:00,2.12896,2.13016,2.11919,2.12542,28546
2024-09-19 08:00:00,2.12543,2.12948,2.11725,2.11978,35621
2024-09-19 12:00:00,2.11979,2.12727,2.11625,2.12546,41732
2024-09-19 16:00:00,2.12546,2.12852,2.12284,2.12729,49068
2024-09-19 20:00:00,2.12728,2.12951,2.12473,2.12914,30434
2024-09-20 00:00:00,2.12894,2.13162,2.12539,2.12974,10823
2024-09-20 04:00:00,2.12975,2.13248,2.1279,2.12968,18492
2024-09-20 08:00:00,2.12963,2.1338,2.12924,2.13243,35306
2024-09-20 12:00:00,2.13245,2.1362,2.13129,2.13386,27165
2024-09-20 16:00:00,2.1339,2.13714,2.13259,2.13285,49643
2024-09-20 20:00:00,2.13286,2.13604,2.13269,2.13533,32899
2024-09-23 00:00:00,2.13484,2.1361,2.13299,2.13468,9588
2024-09-23 04:00:00,2.13467,2.1363,2.13158,2.13202,14712
2024-09-23 08:00:00,2.13203,2.13321,2.12637,2.12803,32852
2024-09-23 12:00:00,2.12804,2.12902,2.12587,2.12874,30083
2024-09-23 16:00:00,2.12873,2.13128,2.1256,2.12862,43497
2024-09-23 20:00:00,2.12863,2.1304,2.12565,2.13,23293
2024-09-24 00:00:00,2.12957,2.13176,2.12648,2.13039,9409
2024-09-24 04:00:00,2.13039,2.13247,2.12736,2.12838,23069
2024-09-24 08:00:00,2.12838,2.13362,2.1274,2.133,35502
2024-09-24 12:00:00,2.133,2.13323,2.12389,2.12438,28736
2024-09-24 16:00:00,2.12439,2.1244,2.11487,2.11584,41744
2024-09-24 20:00:00,2.1159,2.11699,2.11471,2.11563,22782
2024-09-25 00:00:00,2.11539,2.11678,2.11251,2.11255,9848
2024-09-25 04:00:00,2.11257,2.11913,2.11203,2.11855,18464
2024-09-25 08:00:00,2.11857,2.11947,2.11598,2.11719,29923
2024-09-25 12:00:00,2.11716,2.12222,2.11617,2.12206,29954
2024-09-25 16:00:00,2.12211,2.12661,2.12063,2.12639,46306
2024-09-25 20:00:00,2.1264,2.12748,2.12241,2.12724,34115
2024-09-26 00:00:00,2.12731,2.1288,2.12066,2.12815,11846
2024-09-26 04:00:00,2.12816,2.13082,2.12643,2.12929,18799
2024-09-26 08:00:00,2.12939,2.12965,2.1229,2.12502,31305
2024-09-26 12:00:00,2.12507,2.12567,2.11784,2.11797,36137
2024-09-26 16:00:00,2.11797,2.12335,2.11692,2.1219,55825
2024-09-26 20:00:00,2.12195,2.12231,2.11919,2.11993,30362
2024-09-27 00:00:00,2.11961,2.12098,2.11669,2.11996,12533
2024-09-27 04:00:00,2.12,2.12454,2.11883,2.123,21437
2024-09-27 08:00:00,2.12299,2.1248,2.11915,2.11976,40975
2024-09-27 12:00:00,2.11975,2.1206,2.11133,2.11257,34800
2024-09-27 16:00:00,2.11255,2.11475,2.10581,2.1087,48461
2024-09-27 20:00:00,2.10871,2.11019,2.10666,2.10879,32830
2024-09-30 00:00:00,2.10805,2.10943,2.10245,2.10328,11128
2024-09-30 04:00:00,2.10328,2.10489,2.10019,2.10122,21727
2024-09-30 08:00:00,2.10118,2.11148,2.10022,2.11019,30884
2024-09-30 12:00:00,2.11019,2.11261,2.10655,2.10721,26554
2024-09-30 16:00:00,2.10718,2.10884,2.10248,2.10277,46016
2024-09-30 20:00:00,2.1028,2.1073,2.10151,2.10648,33417
2024-10-01 00:00:00,2.10637,2.10983,2.1041,2.1086,12082
2024-10-01 04:00:00,2.10863,2.11622,2.10838,2.11289,18728
2024-10-01 08:00:00,2.11288,2.11475,2.10959,2.11173,33050
2024-10-01 12:00:00,2.11174,2.11198,2.10707,2.11088,32316
2024-10-01 16:00:00,2.11087,2.11499,2.1093,2.11127,60658
2024-10-01 20:00:00,2.11129,2.1149,2.10837,2.1148,41370
2024-10-02 00:00:00,2.11517,2.11596,2.11048,2.11132,10509
2024-10-02 04:00:00,2.1112,2.11125,2.10442,2.10664,21666
2024-10-02 08:00:00,2.10664,2.11559,2.10625,2.11556,32765
2024-10-02 12:00:00,2.11555,2.11615,2.11178,2.11426,31469
2024-10-02 16:00:00,2.11427,2.11753,2.11326,2.11736,44532
2024-10-02 20:00:00,2.11737,2.1189,2.11654,2.11825,24438
2024-10-03 00:00:00,2.11826,2.12339,2.11238,2.12325,12906
2024-10-03 04:00:00,2.12328,2.12512,2.12026,2.1232,22437
2024-10-03 08:00:00,2.12325,2.12325,2.10531,2.10766,43467
2024-10-03 12:00:00,2.10764,2.11009,2.10502,2.10839,37928
2024-10-03 16:00:00,2.1083,2.11065,2.10372,2.11027,55174
2024-10-03 20:00:00,2.11025,2.11302,2.10975,2.11226,26956
2024-10-04 00:00:00,2.11231,2.11405,2.11002,2.11316,9929
2024-10-04 04:00:00,2.11317,2.11464,2.11182,2.11403,20883
2024-10-04 08:00:00,2.11403,2.12278,2.11339,2.12114,29372
2024-10-04 12:00:00,2.12109,2.12901,2.11821,2.12528,33521
2024-10-04 16:00:00,2.12524,2.13122,2.12272,2.13042,53446
2024-10-04 20:00:00,2.13035,2.13133,2.12864,2.1301,26414
2024-10-07 00:00:00,2.12122,2.1312,2.12122,2.12965,14914
2024-10-07 04:00:00,2.12964,2.13093,2.12802,2.12854,22530
2024-10-07 08:00:00,2.12854,2.13313,2.12804,2.1309,33308
2024-10-07 12:00:00,2.13087,2.13106,2.12611,2.12829,34675
2024-10-07 16:00:00,2.12829,2.13791,2.12769,2.13691,43042
2024-10-07 20:00:00,2.13694,2.13832,2.13512,2.1358,26031
2024-10-08 00:00:00,2.13571,2.13696,2.13107,2.13249,12625
2024-10-08 04:00:00,2.13255,2.14248,2.13179,2.13684,33516
2024-10-08 08:00:00,2.13686,2.13991,2.13526,2.13915,36919
2024-10-08 12:00:00,2.13915,2.14276,2.13832,2.13996,28039
2024-10-08 16:00:00,2.1399,2.14326,2.13719,2.13809,38041
2024-10-08 20:00:00,2.13807,2.13952,2.13469,2.13486,28411
2024-10-09 00:00:00,2.13463,2.13817,2.12886,2.1353,9444
2024-10-09 04:00:00,2.13469,2.15375,2.13469,2.1504,32518
2024-10-09 08:00:00,2.15042,2.15139,2.14359,2.15025,39409
2024-10-09 12:00:00,2.15025,2.15793,2.14813,2.15697,25096
2024-10-09 16:00:00,2.15698,2.15919,2.15343,2.15614,33763
2024-10-09 20:00:00,2.15616,2.1586,2.1548,2.15547,19372
2024-10-10 00:00:00,2.15523,2.15643,2.15169,2.15386,11366
2024-10-10 04:00:00,2.1539,2.15404,2.14595,2.14598,25207
2024-10-10 08:00:00,2.14598,2.15339,2.14572,2.15188,27186
2024-10-10 12:00:00,2.15178,2.1542,2.14605,2.14838,33142
2024-10-10 16:00:00,2.14843,2.14921,2.14361,2.1467,52592
2024-10-10 20:00:00,2.14669,2.14748,2.14258,2.14272,22856
2024-10-11 00:00:00,2.14273,2.14335,2.13969,2.14276,11848
2024-10-11 04:00:00,2.14278,2.14312,2.13772,2.1383,15302
2024-10-11 08:00:00,2.13829,2.14458,2.13765,2.14399,21236
2024-10-11 12:00:00,2.14391,2.14629,2.14225,2.14505,25259
2024-10-11 16:00:00,2.14505,2.14633,2.13729,2.13806,32778
2024-10-11 20:00:00,2.13805,2.13932,2.1365,2.1389,11406
2024-10-14 00:00:00,2.14126,2.14364,2.1376,2.14087,11797
2024-10-14 04:00:00,2.14083,2.14423,2.14002,2.14335,23148
2024-10-14 08:00:00,2.14332,2.14619,2.14179,2.14573,23512
2024-10-14 12:00:00,2.14567,2.14817,2.14399,2.14571,22268
2024-10-14 16:00:00,2.14572,2.14682,2.13995,2.14351,31369
2024-10-14 20:00:00,2.14351,2.14483,2.14203,2.14217,16048
2024-10-15 00:00:00,2.14211,2.14655,2.14038,2.14496,8532
2024-10-15 04:00:00,2.14498,2.14706,2.1436,2.14492,20088
2024-10-15 08:00:00,2.14494,2.15123,2.14442,2.14736,31656
2024-10-15 12:00:00,2.14737,2.15036,2.14544,2.14624,26837
2024-10-15 16:00:00,2.14624,2.15162,2.14512,2.1491,38831
2024-10-15 20:00:00,2.14912,2.1505,2.14586,2.14879,18046
2024-10-16 00:00:00,2.14886,2.16224,2.1439,2.15958,15114
2024-10-16 04:00:00,2.1596,2.15995,2.15267,2.1565,22459
2024-10-16 08:00:00,2.15655,2.15727,2.14011,2.14265,36290
2024-10-16 12:00:00,2.1426,2.14662,2.14144,2.14503,26943
2024-10-16 16:00:00,2.14503,2.1476,2.14367,2.14608,33140
2024-10-16 20:00:00,2.1461,2.14632,2.14225,2.14436,14826
2024-10-17 00:00:00,2.14427,2.14524,2.14129,2.1413,11973
2024-10-17 04:00:00,2.14128,2.14348,2.13951,2.1423,23351
2024-10-17 08:00:00,2.1423,2.14768,2.14033,2.14421,26874
2024-10-17 12:00:00,2.14423,2.14894,2.14213,2.1453,30398
2024-10-17 16:00:00,2.1453,2.14749,2.14174,2.14635,46282
2024-10-17 20:00:00,2.14633,2.14802,2.14548,2.14695,17118
2024-10-18 00:00:00,2.14676,2.14935,2.1447,2.14807,9804
2024-10-18 04:00:00,2.14806,2.14896,2.14479,2.14879,22589
2024-10-18 08:00:00,2.1488,2.15551,2.14765,2.14854,29188
2024-10-18 12:00:00,2.1486,2.14907,2.14666,2.1483,24337
2024-10-18 16:00:00,2.14831,2.14996,2.14672,2.14757,29393
2024-10-18 20:00:00,2.14756,2.15056,2.14737,2.14879,17976
2024-10-21 00:00:00,2.14692,2.15008,2.14586,2.14718,11486
2024-10-21 04:00:00,2.14721,2.14785,2.14502,2.14739,22620
2024-10-21 08:00:00,2.14739,2.15231,2.14679,2.14972,25130
2024-10-21 12:00:00,2.14973,2.15227,2.14789,2.14963,24096
2024-10-21 16:00:00,2.14965,2.15353,2.14921,2.15219,31222
2024-10-21 20:00:00,2.15219,2.15318,2.1513,2.1528,18371
2024-10-22 00:00:00,2.15286,2.15637,2.14706,2.15394,10523
2024-10-22 04:00:00,2.15394,2.15423,2.14592,2.14631,23993
2024-10-22 08:00:00,2.1463,2.1495,2.14475,2.14675,26244
2024-10-22 12:00:00,2.14673,2.14782,2.13993,2.14011,25415
2024-10-22 16:00:00,2.14015,2.14713,2.13795,2.14548,35083
2024-10-22 20:00:00,2.14548,2.14909,2.14432,2.14835,17505
2024-10-23 00:00:00,2.14824,2.15115,2.1418,2.1506,10150
2024-10-23 04:00:00,2.15059,2.15195,2.14608,2.15111,23018
2024-10-23 08:00:00,2.1511,2.15414,2.14933,2.15409,24417
2024-10-23 12:00:00,2.15407,2.15742,2.15332,2.15506,23247
2024-10-23 16:00:00,2.15507,2.15713,2.1535,2.15444,32098
2024-10-23 20:00:00,2.15447,2.15516,2.15144,2.15149,19507
2024-10-24 00:00:00,2.15159,2.15204,2.14726,2.15019,10796
2024-10-24 04:00:00,2.15021,2.15068,2.1487,2.14925,19845
2024-10-24 08:00:00,2.14926,2.15367,2.14736,2.15027,29811
2024-10-24 12:00:00,2.15027,2.15472,2.14967,2.15373,27390
2024-10-24 16:00:00,2.15371,2.15896,2.15364,2.15649,35247
2024-10-24 20:00:00,2.15649,2.15755,2.15541,2.15719,18663
2024-10-25 00:00:00,2.15691,2.16069,2.1525,2.15987,9543
2024-10-25 04:00:00,2.15987,2.16464,2.15821,2.16344,19262
2024-10-25 08:00:00,2.16345,2.16399,2.15889,2.16312,24488
2024-10-25 12:00:00,2.16314,2.16381,2.16123,2.16123,19688
2024-10-25 16:00:00,2.16122,2.16841,2.16034,2.16804,29836
2024-10-25 20:00:00,2.16809,2.16958,2.16796,2.16834,22085
2024-10-28 00:00:00,2.1667,2.16944,2.16333,2.16882,13482
2024-10-28 04:00:00,2.16883,2.17265,2.16792,2.17047,20548
2024-10-28 08:00:00,2.17047,2.17265,2.1695,2.17142,22030
2024-10-28 12:00:00,2.17135,2.17176,2.16781,2.16837,23150
2024-10-28 16:00:00,2.16837,2.17201,2.16549,2.17114,28136
2024-10-28 20:00:00,2.17113,2.17174,2.16838,2.16859,16740
2024-10-29 00:00:00,2.16883,2.17088,2.16626,2.17013,8340
2024-10-29 04:00:00,2.17015,2.17176,2.16803,2.17048,21604
2024-10-29 08:00:00,2.17051,2.17367,2.16877,2.1717,23272
2024-10-29 12:00:00,2.1717,2.17845,2.17017,2.17734,24971
2024-10-29 16:00:00,2.17735,2.18203,2.17459,2.18129,43827
2024-10-29 20:00:00,2.18137,2.18165,2.17834,2.17866,21064
2024-10-30 00:00:00,2.17865,2.18396,2.17692,2.17931,11284
2024-10-30 04:00:00,2.17932,2.18423,2.17728,2.18171,20522
2024-10-30 08:00:00,2.18173,2.18269,2.16948,2.17023,25064
2024-10-30 12:00:00,2.17024,2.17202,2.16521,2.16715,35737
2024-10-30 16:00:00,2.16717,2.17904,2.16664,2.17263,47167
2024-10-30 20:00:00,2.17256,2.17283,2.16777,2.16988,23025
2024-10-31 00:00:00,2.16973,2.17107,2.16826,2.17051,11665
2024-10-31 04:00:00,2.1705,2.17064,2.16533,2.16775,21713
2024-10-31 08:00:00,2.16784,2.17323,2.16642,2.17221,25561
2024-10-31 12:00:00,2.17222,2.17623,2.16984,2.17104,30606
2024-10-31 16:00:00,2.17104,2.17762,2.15908,2.15921,56433
2024-10-31 20:00:00,2.1592,2.15944,2.15629,2.15817,27367
2024-11-01 00:00:00,2.15801,2.16152,2.15531,2.16049,10260
2024-11-01 04:00:00,2.16048,2.1613,2.15543,2.15591,20391
2024-11-01 08:00:00,2.15593,2.16262,2.15562,2.16107,22644
2024-11-01 12:00:00,2.16094,2.16601,2.16073,2.16191,28409
2024-11-01 16:00:00,2.16193,2.16881,2.16173,2.16734,46041
2024-11-01 20:00:00,2.16733,2.16889,2.16623,2.16661,24443
2024-11-04 00:00:00,2.15952,2.16665,2.15827,2.16376,20588
2024-11-04 04:00:00,2.16377,2.1648,2.16042,2.16383,23759
2024-11-04 08:00:00,2.16382,2.16811,2.16358,2.16573,29160
2024-11-04 12:00:00,2.16578,2.169,2.16325,2.16521,26878
2024-11-04 16:00:00,2.16526,2.16728,2.16335,2.1663,40660
2024-11-04 20:00:00,2.16618,2.16989,2.16579,2.16911,19701
2024-11-05 00:00:00,2.16902,2.17039,2.16334,2.16765,12410
2024-11-05 04:00:00,2.16764,2.1698,2.16522,2.16585,19759
2024-11-05 08:00:00,2.16604,2.16681,2.16244,2.16416,20111
2024-11-05 12:00:00,2.16417,2.16589,2.16303,2.16461,20894
2024-11-05 16:00:00,2.16463,2.17248,2.16336,2.17217,36826
2024-11-05 20:00:00,2.17223,2.17375,2.1674,2.17097,19151
2024-11-06 00:00:00,2.17104,2.17467,2.16528,2.17103,42133
2024-11-06 04:00:00,2.17104,2.1779,2.16605,2.17094,75743
2024-11-06 08:00:00,2.17092,2.17424,2.16103,2.16124,66137
2024-11-06 12:00:00,2.1612,2.16618,2.15953,2.16546,54124
2024-11-06 16:00:00,2.16545,2.17127,2.16066,2.16933,59031
2024-11-06 20:00:00,2.16905,2.17034,2.16581,2.16838,28958
2024-11-07 00:00:00,2.16822,2.17194,2.16454,2.16645,17013
2024-11-07 04:00:00,2.16645,2.1665,2.15773,2.16002,21437
2024-11-07 08:00:00,2.1599,2.16131,2.1529,2.15416,34086
2024-11-07 12:00:00,2.15416,2.161,2.15352,2.15555,40909
2024-11-07 16:00:00,2.15557,2.15786,2.15345,2.15583,45505
2024-11-07 20:00:00,2.15576,2.15668,2.15253,2.15518,40103
2024-11-08 00:00:00,2.15531,2.15704,2.15187,2.15669,14046
2024-11-08 04:00:00,2.15669,2.16044,2.15621,2.15869,19954
2024-11-08 08:00:00,2.1587,2.1607,2.15615,2.15702,36607
2024-11-08 12:00:00,2.15701,2.16463,2.15624,2.16444,31606
2024-11-08 16:00:00,2.16444,2.16701,2.16041,2.16369,45776
2024-11-08 20:00:00,2.16374,2.1677,2.16345,2.16375,20745
2024-11-11 00:00:00,2.16104,2.16651,2.15824,2.16476,16492
2024-11-11 04:00:00,2.16477,2.16539,2.16011,2.16257,17031
2024-11-11 08:00:00,2.16256,2.16396,2.16033,2.16067,28487
2024-11-11 12:00:00,2.16066,2.16142,2.15788,2.16001,27181
2024-11-11 16:00:00,2.16001,2.16109,2.15818,2.15899,29348
2024-11-11 20:00:00,2.15896,2.15949,2.15746,2.15768,12991
2024-11-12 00:00:00,2.15751,2.15835,2.15456,2.15609,14690
2024-11-12 04:00:00,2.15609,2.15763,2.15441,2.15574,25427
2024-11-12 08:00:00,2.15577,2.15768,2.15028,2.15652,36577
2024-11-12 12:00:00,2.15651,2.15782,2.15298,2.15351,32983
2024-11-12 16:00:00,2.15351,2.15509,2.14977,2.15329,44916
2024-11-12 20:00:00,2.15331,2.15345,2.14888,2.15076,21580
2024-11-13 00:00:00,2.15085,2.15287,2.14796,2.14964,16325
2024-11-13 04:00:00,2.14965,2.15138,2.14877,2.14966,19177
2024-11-13 08:00:00,2.14967,2.15152,2.14842,2.14931,28229
2024-11-13 12:00:00,2.1493,2.15117,2.14489,2.14823,33753
2024-11-13 16:00:00,2.14821,2.16116,2.14766,2.16049,56928
2024-11-13 20:00:00,2.16005,2.16238,2.15781,2.16107,22609
2024-11-14 00:00:00,2.16102,2.16318,2.15706,2.1622,16228
2024-11-14 04:00:00,2.1622,2.16546,2.16106,2.16461,21267
2024-11-14 08:00:00,2.16459,2.1653,2.1594,2.1607,31700
2024-11-14 12:00:00,2.16074,2.16154,2.15719,2.15911,39538
2024-11-14 16:00:00,2.15916,2.16437,2.15867,2.16156,47887
2024-11-14 20:00:00,2.16165,2.16592,2.16067,2.16513,32654
2024-11-15 00:00:00,2.16509,2.16723,2.15814,2.165,17693
2024-11-15 04:00:00,2.16501,2.16529,2.16174,2.16338,21154
2024-11-15 08:00:00,2.16337,2.16422,2.15498,2.15523,32250
2024-11-15 12:00:00,2.15523,2.16133,2.15492,2.15725,34175
2024-11-15 16:00:00,2.15724,2.16046,2.15186,2.1524,53465
2024-11-15 20:00:00,2.15244,2.15347,2.15031,2.15142,27916
2024-11-18 00:00:00,2.1484,2.15493,2.14822,2.15391,20668
2024-11-18 04:00:00,2.15393,2.15706,2.15332,2.15519,20132
2024-11-18 08:00:00,2.15521,2.16056,2.15493,2.15946,29924
2024-11-18 12:00:00,2.15947,2.16264,2.15751,2.15801,28606
2024-11-18 16:00:00,2.15799,2.15831,2.15093,2.15142,35170
2024-11-18 20:00:00,2.15135,2.15224,2.15031,2.15111,19112
2024-11-19 00:00:00,2.15093,2.15511,2.1486,2.1516,13928
2024-11-19 04:00:00,2.15162,2.1534,2.14993,2.1514,18743
2024-11-19 08:00:00,2.15126,2.1518,2.14495,2.14788,40128
2024-11-19 12:00:00,2.14789,2.14879,2.14251,2.14331,37649
2024-11-19 16:00:00,2.14332,2.14733,2.14314,2.1467,44173
2024-11-19 20:00:00,2.14673,2.14709,2.14434,2.14492,18635
2024-11-20 00:00:00,2.14487,2.14736,2.1422,2.14543,12834
2024-11-20 04:00:00,2.14544,2.14897,2.14523,2.14843,14593
2024-11-20 08:00:00,2.14841,2.15541,2.14786,2.15253,30878
2024-11-20 12:00:00,2.15257,2.15574,2.15173,2.15553,28906
2024-11-20 16:00:00,2.15556,2.15746,2.15168,2.15439,38341
2024-11-20 20:00:00,2.1544,2.15514,2.15256,2.15282,18498
2024-11-21 00:00:00,2.15228,2.15328,2.15045,2.15202,12434
2024-11-21 04:00:00,2.15204,2.15499,2.15157,2.15482,15596
2024-11-21 08:00:00,2.1548,2.15752,2.15035,2.15466,35874
2024-11-21 12:00:00,2.15467,2.15492,2.14971,2.15164,32329
2024-11-21 16:00:00,2.15159,2.15237,2.14797,2.14822,49515
2024-11-21 20:00:00,2.14807,2.14944,2.14751,2.14844,20016
2024-11-22 00:00:00,2.14822,2.15302,2.14594,2.15294,15408
2024-11-22 04:00:00,2.15294,2.1587,2.1527,2.15577,21091
2024-11-22 08:00:00,2.15568,2.15601,2.1422,2.14496,45925
2024-11-22 12:00:00,2.1449,2.14651,2.14091,2.14315,40315
2024-11-22 16:00:00,2.14317,2.15075,2.14317,2.14882,45521
2024-11-22 20:00:00,2.14883,2.14971,2.1471,2.14738,19652
2024-11-25 00:00:00,2.14853,2.14953,2.14514,2.14828,22588
2024-11-25 04:00:00,2.14828,2.15328,2.14779,2.15191,19630
2024-11-25 08:00:00,2.15185,2.15246,2.14875,2.149,35587
2024-11-25 12:00:00,2.14903,2.15037,2.14777,2.14987,34186
2024-11-25 16:00:00,2.14985,2.15072,2.14618,2.14933,43606
2024-11-25 20:00:00,2.14936,2.15013,2.14895,2.14987,7908
2024-11-26 00:00:00,2.1498,2.16074,2.14804,2.15284,18565
2024-11-26 04:00:00,2.15284,2.15317,2.14753,2.14828,20086
2024-11-26 08:00:00,2.14829,2.1519,2.14704,2.15157,34888
2024-11-26 12:00:00,2.15158,2.15347,2.14839,2.15286,35365
2024-11-26 16:00:00,2.15287,2.15732,2.15185,2.1538,46327
2024-11-26 20:00:00,2.15382,2.15557,2.15262,2.15416,25239
2024-11-27 00:00:00,2.15424,2.15735,2.13787,2.14038,20335
2024-11-27 04:00:00,2.14039,2.15077,2.13934,2.14284,20601
2024-11-27 08:00:00,2.14282,2.14338,2.13624,2.13939,35462
2024-11-27 12:00:00,2.1394,2.14629,2.13877,2.14431,34070
2024-11-27 16:00:00,2.14432,2.14965,2.14028,2.147,49258
2024-11-27 20:00:00,2.14709,2.15114,2.14608,2.15077,19020
2024-11-28 00:00:00,2.15086,2.152,2.14683,2.14715,16163
2024-11-28 04:00:00,2.14717,2.15067,2.14701,2.14909,19129
2024-11-28 08:00:00,2.14906,2.1506,2.14709,2.14792,30419
2024-11-28 12:00:00,2.14793,2.15268,2.14756,2.15058,22048
2024-11-28 16:00:00,2.15057,2.15543,2.14994,2.15344,18796
2024-11-28 20:00:00,2.15344,2.15427,2.15313,2.15418,3778
2024-11-29 00:00:00,2.15367,2.15559,2.15042,2.15148,19331
2024-11-29 04:00:00,2.15155,2.1544,2.14878,2.14971,20596
2024-11-29 08:00:00,2.14969,2.15226,2.14612,2.14623,30846
2024-11-29 12:00:00,2.14622,2.14928,2.14387,2.14398,30259
2024-11-29 16:00:00,2.14398,2.15015,2.14186,2.14835,40417
2024-11-29 20:00:00,2.14829,2.15132,2.14718,2.14862,27674
2024-12-02 00:00:00,2.1506,2.15335,2.14933,2.15079,23607
2024-12-02 04:00:00,2.15078,2.15353,2.15044,2.15171,25138
2024-12-02 08:00:00,2.15197,2.15229,2.14804,2.15135,38908
2024-12-02 12:00:00,2.15134,2.15698,2.15032,2.15693,36540
2024-12-02 16:00:00,2.15692,2.15776,2.14949,2.15155,47987
2024-12-02 20:00:00,2.15145,2.15211,2.14879,2.14888,24723
2024-12-03 00:00:00,2.14718,2.15323,2.14682,2.15314,15055
2024-12-03 04:00:00,2.15315,2.15571,2.15093,2.1517,18090
2024-12-03 08:00:00,2.15169,2.15299,2.14938,2.15015,30983
2024-12-03 12:00:00,2.15017,2.15225,2.14867,2.15073,27526
2024-12-03 16:00:00,2.15073,2.15654,2.14959,2.15549,43330
2024-12-03 20:00:00,2.15544,2.15675,2.1541,2.15471,19685
2024-12-04 00:00:00,2.15451,2.16026,2.1511,2.15983,14121
2024-12-04 04:00:00,2.15984,2.16971,2.159,2.16633,23870
2024-12-04 08:00:00,2.16622,2.17068,2.16199,2.16961,34118
2024-12-04 12:00:00,2.16961,2.17309,2.16906,2.17087,31801
2024-12-04 16:00:00,2.17089,2.17162,2.16664,2.16768,43050
2024-12-04 20:00:00,2.16777,2.17135,2.1659,2.17068,21994
2024-12-05 00:00:00,2.17082,2.17197,2.16471,2.1651,12345
2024-12-05 04:00:00,2.16509,2.16655,2.1635,2.16493,15880
2024-12-05 08:00:00,2.16497,2.16939,2.16493,2.16925,24363
2024-12-05 12:00:00,2.16921,2.17428,2.16869,2.17367,30713
2024-12-05 16:00:00,2.17376,2.17426,2.17034,2.1707,38208
2024-12-05 20:00:00,2.17072,2.17217,2.16632,2.16787,18680
2024-12-06 00:00:00,2.16772,2.17319,2.16465,2.17307,15009
2024-12-06 04:00:00,2.17307,2.17635,2.17041,2.17483,16976
2024-12-06 08:00:00,2.17481,2.18295,2.1748,2.18034,23792
2024-12-06 12:00:00,2.18033,2.18643,2.17927,2.17975,31147
2024-12-06 16:00:00,2.17974,2.1861,2.1788,2.18447,49884
2024-12-06 20:00:00,2.18444,2.18588,2.18361,2.18503,16435
2024-12-09 00:00:00,2.1801,2.18684,2.17894,2.18397,14615
2024-12-09 04:00:00,2.18399,2.19123,2.18279,2.18978,17338
2024-12-09 08:00:00,2.18979,2.19168,2.17726,2.17888,30713
2024-12-09 12:00:00,2.17889,2.17973,2.17341,2.17352,27036
2024-12-09 16:00:00,2.1735,2.17622,2.17233,2.17357,32490
2024-12-09 20:00:00,2.17356,2.17458,2.17276,2.17389,15722
2024-12-10 00:00:00,2.17395,2.18196,2.17125,2.18015,13828
2024-12-10 04:00:00,2.18019,2.1885,2.17884,2.18593,23715
2024-12-10 08:00:00,2.18592,2.19121,2.18569,2.19094,26724
2024-12-10 12:00:00,2.19092,2.19249,2.18858,2.1918,27052
2024-12-10 16:00:00,2.19179,2.20077,2.19144,2.19937,34147
2024-12-10 20:00:00,2.19943,2.20258,2.19821,2.20209,16319
2024-12-11 00:00:00,2.20189,2.20369,2.1981,2.20301,13350
2024-12-11 04:00:00,2.20303,2.20564,2.20017,2.20369,16270
2024-12-11 08:00:00,2.20373,2.2097,2.20326,2.20582,33420
2024-12-11 12:00:00,2.2058,2.20685,2.20191,2.20442,34862
2024-12-11 16:00:00,2.20438,2.20568,2.20146,2.20331,42793
2024-12-11 20:00:00,2.20329,2.20444,2.20121,2.20412,19754
2024-12-12 00:00:00,2.20391,2.20591,2.19835,2.199,15844
2024-12-12 04:00:00,2.19899,2.20043,2.19747,2.19817,15155
2024-12-12 08:00:00,2.19819,2.19968,2.19607,2.19638,27230
2024-12-12 12:00:00,2.19642,2.19912,2.19475,2.19554,34267
2024-12-12 16:00:00,2.19552,2.19729,2.19333,2.19647,50376
2024-12-12 20:00:00,2.19642,2.19835,2.19589,2.19686,22041
2024-12-13 00:00:00,2.19608,2.19946,2.19376,2.19732,16058
2024-12-13 04:00:00,2.19736,2.1992,2.19507,2.19642,15561
2024-12-13 08:00:00,2.19641,2.19883,2.18934,2.19308,28448
2024-12-13 12:00:00,2.19309,2.19483,2.1911,2.1928,27977
2024-12-13 16:00:00,2.19282,2.19427,2.18905,2.1921,33687
2024-12-13 20:00:00,2.19211,2.19281,2.18926,2.18966,15141
2024-12-16 00:00:00,2.18834,2.19041,2.1858,2.18834,15245
2024-12-16 04:00:00,2.18868,2.18885,2.18477,2.18594,14320
2024-12-16 08:00:00,2.18598,2.19197,2.18442,2.19066,23617
2024-12-16 12:00:00,2.19066,2.19486,2.19006,2.19339,22850
2024-12-16 16:00:00,2.1934,2.19748,2.19205,2.19403,35352
2024-12-16 20:00:00,2.1942,2.19596,2.19329,2.19331,13786
2024-12-17 00:00:00,2.19304,2.19748,2.19092,2.19577,12618
2024-12-17 04:00:00,2.19576,2.19886,2.19522,2.19881,14872
2024-12-17 08:00:00,2.19881,2.20506,2.19808,2.20298,26790
2024-12-17 12:00:00,2.20292,2.20619,2.20109,2.20328,27946
2024-12-17 16:00:00,2.20327,2.20935,2.20044,2.20801,34709
2024-12-17 20:00:00,2.208,2.20979,2.20738,2.20937,15099
2024-12-18 00:00:00,2.20837,2.21136,2.20214,2.21092,10740
2024-12-18 04:00:00,2.21096,2.21568,2.20926,2.21281,14091
2024-12-18 08:00:00,2.21283,2.21687,2.20899,2.21628,24036
2024-12-18 12:00:00,2.21628,2.22066,2.213,2.21307,26135
2024-12-18 16:00:00,2.21306,2.2213,2.21174,2.22121,30576
2024-12-18 20:00:00,2.22119,2.23697,2.21992,2.23592,54716
2024-12-19 00:00:00,2.23582,2.24254,2.2321,2.23841,26039
2024-12-19 04:00:00,2.23843,2.23987,2.23489,2.23745,22204
2024-12-19 08:00:00,2.23747,2.24068,2.23366,2.23762,37762
2024-12-19 12:00:00,2.23762,2.23762,2.22458,2.22744,38341
2024-12-19 16:00:00,2.22742,2.22789,2.21607,2.21761,49787
2024-12-19 20:00:00,2.21764,2.22054,2.21723,2.2201,24459
2024-12-20 00:00:00,2.22016,2.22467,2.21761,2.21852,15704
2024-12-20 04:00:00,2.21856,2.22053,2.21672,2.21991,17536
2024-12-20 08:00:00,2.21991,2.22015,2.21466,2.21835,33505
2024-12-20 12:00:00,2.21835,2.22712,2.21805,2.22619,31338
2024-12-20 16:00:00,2.22623,2.22725,2.21942,2.22547,47860
2024-12-20 20:00:00,2.22548,2.22593,2.22124,2.22231,21331
2024-12-23 00:00:00,2.2181,2.22839,2.21728,2.22461,14390
2024-12-23 04:00:00,2.22457,2.22569,2.22241,2.22255,12495
2024-12-23 08:00:00,2.22259,2.22479,2.22058,2.22166,20326
2024-12-23 12:00:00,2.22168,2.22248,2.21833,2.22242,22880
2024-12-23 16:00:00,2.22238,2.2236,2.21578,2.21728,32484
2024-12-23 20:00:00,2.21714,2.21951,2.21656,2.21894,18814
2024-12-24 00:00:00,2.21813,2.22207,2.21576,2.22094,10446
2024-12-24 04:00:00,2.2209,2.2234,2.21961,2.22015,12323
2024-12-24 08:00:00,2.22016,2.22272,2.21759,2.22228,15147
2024-12-24 12:00:00,2.2223,2.22732,2.22103,2.22516,18717
2024-12-24 16:00:00,2.22518,2.22692,2.21993,2.22106,25553
2024-12-24 20:00:00,2.22111,2.22285,2.21345,2.21345,6657
2024-12-26 00:00:00,2.21782,2.22308,2.21692,2.21882,15215
2024-12-26 04:00:00,2.21882,2.22176,2.21672,2.22134,12853
2024-12-26 08:00:00,2.2214,2.22389,2.21973,2.22343,14167
2024-12-26 12:00:00,2.22343,2.22392,2.22105,2.2238,15808
2024-12-26 16:00:00,2.22383,2.22648,2.22204,2.22487,26524
2024-12-26 20:00:00,2.22472,2.22832,2.22383,2.22715,18316
2024-12-27 00:00:00,2.22472,2.22887,2.21966,2.22765,12280
2024-12-27 04:00:00,2.22763,2.23064,2.22613,2.22811,12978
2024-12-27 08:00:00,2.22813,2.22818,2.22207,2.22283,18841
2024-12-27 12:00:00,2.22283,2.23046,2.22256,2.22954,22720
2024-12-27 16:00:00,2.22959,2.23521,2.22899,2.23248,34801
2024-12-27 20:00:00,2.23253,2.23305,2.23025,2.23116,17450
2024-12-30 00:00:00,2.23062,2.23336,2.22835,2.22952,7499
2024-12-30 04:00:00,2.22951,2.22953,2.22276,2.22448,9576
2024-12-30 08:00:00,2.22449,2.22531,2.22012,2.22444,17465
2024-12-30 12:00:00,2.22446,2.22806,2.22394,2.22552,22357
2024-12-30 16:00:00,2.2255,2.22624,2.21857,2.22296,40299
2024-12-30 20:00:00,2.2229,2.22562,2.22218,2.22547,17106
2024-12-31 00:00:00,2.22237,2.22601,2.22089,2.22581,9653
2024-12-31 04:00:00,2.22581,2.23029,2.22576,2.22939,9881
2024-12-31 08:00:00,2.22943,2.23237,2.22812,2.23011,19084
2024-12-31 12:00:00,2.23014,2.23618,2.22954,2.23323,24597
2024-12-31 16:00:00,2.23323,2.23926,2.23313,2.23812,41119
2024-12-31 20:00:00,2.23814,2.23835,2.2347,2.23647,17424
2025-01-02 00:00:00,2.23626,2.23664,2.2294,2.22957,14055
2025-01-02 04:00:00,2.22957,2.23288,2.2289,2.23202,9772
2025-01-02 08:00:00,2.232,2.234,2.22115,2.22146,22117
2025-01-02 12:00:00,2.22145,2.2231,2.20946,2.21058,33548
2025-01-02 16:00:00,2.21054,2.21234,2.20597,2.2115,46517
2025-01-02 20:00:00,2.2115,2.21384,2.21108,2.21261,19689
2025-01-03 00:00:00,2.2109,2.21372,2.20883,2.21147,12298
2025-01-03 04:00:00,2.21153,2.21221,2.20915,2.2107,10759
2025-01-03 08:00:00,2.21069,2.21585,2.21002,2.21481,24295
2025-01-03 12:00:00,2.21483,2.21502,2.21175,2.21253,22168
2025-01-03 16:00:00,2.21254,2.21626,2.21055,2.21471,33954
2025-01-03 20:00:00,2.2147,2.21639,2.2121,2.21263,14592
2025-01-06 00:00:00,2.21028,2.21408,2.20726,2.21298,16442
2025-01-06 04:00:00,2.21299,2.21443,2.21072,2.21117,14748
2025-01-06 08:00:00,2.21118,2.21525,2.21104,2.21354,24680
2025-01-06 12:00:00,2.21354,2.21498,2.20564,2.20865,46494
2025-01-06 16:00:00,2.20863,2.22008,2.20674,2.21924,48673
2025-01-06 20:00:00,2.21928,2.22069,2.21827,2.2186,16621
2025-01-07 00:00:00,2.21738,2.21976,2.21501,2.21696,14121
2025-01-07 04:00:00,2.21699,2.21724,2.21184,2.21229,14013
2025-01-07 08:00:00,2.21228,2.21461,2.2064,2.20933,27120
2025-01-07 12:00:00,2.20931,2.21167,2.20772,2.21164,27457
2025-01-07 16:00:00,2.21162,2.21552,2.20828,2.21381,48190
2025-01-07 20:00:00,2.21347,2.21586,2.21332,2.21422,17484
2025-01-08 00:00:00,2.21416,2.21801,2.2108,2.21658,12326
2025-01-08 04:00:00,2.21656,2.21759,2.21451,2.2147,11889
2025-01-08 08:00:00,2.21469,2.21638,2.21218,2.21548,26767
2025-01-08 12:00:00,2.21535,2.21774,2.20258,2.20628,46912
2025-01-08 16:00:00,2.20631,2.207,2.20032,2.20322,40419
2025-01-08 20:00:00,2.20304,2.20577,2.20237,2.20386,21217
2025-01-09 00:00:00,2.20337,2.20811,2.20005,2.20802,12493
2025-01-09 04:00:00,2.208,2.20809,2.20175,2.20216,13904
2025-01-09 08:00:00,2.20218,2.20305,2.19451,2.19731,39178
2025-01-09 12:00:00,2.19732,2.20068,2.1927,2.19813,33680
2025-01-09 16:00:00,2.19814,2.20099,2.19673,2.1976,26595
2025-01-09 20:00:00,2.19754,2.19882,2.1965,2.19773,9802
2025-01-10 00:00:00,2.19702,2.19961,2.19592,2.19662,12934
2025-01-10 04:00:00,2.19664,2.20001,2.19638,2.19661,14462
2025-01-10 08:00:00,2.19665,2.20612,2.19665,2.20572,24276
2025-01-10 12:00:00,2.20574,2.20603,2.19832,2.20153,33637
2025-01-10 16:00:00,2.20152,2.20229,2.19611,2.19677,62823
2025-01-10 20:00:00,2.19685,2.19828,2.19539,2.19726,23838
2025-01-13 00:00:00,2.1945,2.19751,2.18891,2.19004,16319
2025-01-13 04:00:00,2.19002,2.19018,2.18258,2.18712,18494
2025-01-13 08:00:00,2.18717,2.18967,2.18277,2.18373,36013
2025-01-13 12:00:00,2.18367,2.18778,2.18066,2.18515,36071
2025-01-13 16:00:00,2.18514,2.19077,2.18463,2.18988,40748
2025-01-13 20:00:00,2.18989,2.19095,2.18511,2.18536,19145
2025-01-14 00:00:00,2.18437,2.18693,2.17592,2.17678,21412
2025-01-14 04:00:00,2.17677,2.1798,2.17597,2.17713,16410
2025-01-14 08:00:00,2.17715,2.17785,2.17012,2.17043,33787
2025-01-14 12:00:00,2.17042,2.17685,2.16853,2.17364,33133
2025-01-14 16:00:00,2.17363,2.17986,2.17195,2.17929,46587
2025-01-14 20:00:00,2.17918,2.18119,2.17859,2.17945,17442
2025-01-15 00:00:00,2.17799,2.18001,2.17691,2.17725,10511
2025-01-15 04:00:00,2.17728,2.17942,2.17609,2.17934,12756
2025-01-15 08:00:00,2.17934,2.18058,2.17122,2.17449,31263
2025-01-15 12:00:00,2.17448,2.18259,2.17366,2.17785,30819
2025-01-15 16:00:00,2.17786,2.18158,2.17501,2.17621,50346
2025-01-15 20:00:00,2.17583,2.17996,2.17574,2.17954,14948
2025-01-16 00:00:00,2.17792,2.17983,2.17321,2.17581,15987
2025-01-16 04:00:00,2.17581,2.18048,2.17524,2.17988,16390
2025-01-16 08:00:00,2.17988,2.18089,2.17514,2.17665,28429
2025-01-16 12:00:00,2.17664,2.18293,2.17643,2.18128,31229
2025-01-16 16:00:00,2.1813,2.18198,2.17678,2.1799,52437
2025-01-16 20:00:00,2.17983,2.18293,2.17947,2.18226,18895
2025-01-17 00:00:00,2.18234,2.184,2.17944,2.18022,9979
2025-01-17 04:00:00,2.1802,2.18588,2.17917,2.1844,13694
2025-01-17 08:00:00,2.18441,2.18628,2.17522,2.1787,28220
2025-01-17 12:00:00,2.17868,2.18518,2.17821,2.18492,27601
2025-01-17 16:00:00,2.18491,2.18613,2.17501,2.17704,45088
2025-01-17 20:00:00,2.17703,2.17962,2.17635,2.17839,17605
2025-01-20 00:00:00,2.1762,2.17951,2.17376,2.17644,13405
2025-01-20 04:00:00,2.17643,2.17805,2.17371,2.17798,13168
2025-01-20 08:00:00,2.178,2.17907,2.17237,2.17432,26386
2025-01-20 12:00:00,2.17433,2.17816,2.16988,2.173,31036
2025-01-20 16:00:00,2.173,2.17559,2.16878,2.17182,47509
2025-01-20 20:00:00,2.17183,2.17399,2.17121,2.17324,21009
2025-01-21 00:00:00,2.1712,2.17964,2.16926,2.17662,37163
2025-01-21 04:00:00,2.17662,2.17662,2.17188,2.17625,24587
2025-01-21 08:00:00,2.17624,2.17711,2.17279,2.17492,31755
2025-01-21 12:00:00,2.1749,2.17759,2.17461,2.17739,34392
2025-01-21 16:00:00,2.17739,2.17801,2.17395,2.17576,46217
2025-01-21 20:00:00,2.17575,2.17698,2.17426,2.175,18487
2025-01-22 00:00:00,2.1729,2.18121,2.17262,2.18088,22519
2025-01-22 04:00:00,2.18085,2.18282,2.17916,2.18026,13823
2025-01-22 08:00:00,2.18027,2.18203,2.17433,2.17662,33348
2025-01-22 12:00:00,2.17668,2.17817,2.17489,2.17567,30419
2025-01-22 16:00:00,2.17569,2.17761,2.17279,2.17405,38750
2025-01-22 20:00:00,2.17397,2.17478,2.17316,2.17371,16376
2025-01-23 00:00:00,2.17223,2.1753,2.1709,2.17286,12648
2025-01-23 04:00:00,2.17286,2.17421,2.17016,2.17326,15702
2025-01-23 08:00:00,2.17326,2.17742,2.17216,2.17688,27076
2025-01-23 12:00:00,2.17689,2.17807,2.17453,2.17551,27405
2025-01-23 16:00:00,2.1755,2.17836,2.17342,2.17683,42293
2025-01-23 20:00:00,2.1768,2.17786,2.1762,2.17642,17852
2025-01-24 00:00:00,2.17598,2.1784,2.17274,2.1762,10083
2025-01-24 04:00:00,2.1762,2.17644,2.17073,2.17133,24905
2025-01-24 08:00:00,2.17133,2.17668,2.16801,2.17524,33802
2025-01-24 12:00:00,2.17524,2.17787,2.17354,2.17744,23725
2025-01-24 16:00:00,2.17742,2.18606,2.1761,2.18453,35999
2025-01-24 20:00:00,2.18453,2.18622,2.18411,2.18549,16741
2025-01-27 00:00:00,2.18496,2.19195,2.1847,2.19158,16729
2025-01-27 04:00:00,2.19158,2.19178,2.18784,2.18811,18856
2025-01-27 08:00:00,2.18811,2.19397,2.18769,2.19385,31627
2025-01-27 12:00:00,2.19384,2.19742,2.19203,2.19595,34743
2025-01-27 16:00:00,2.19595,2.19837,2.1934,2.19559,36578
2025-01-27 20:00:00,2.19559,2.19676,2.19394,2.19518,20120
2025-01-28 00:00:00,2.19468,2.20153,2.19316,2.20032,25441
2025-01-28 04:00:00,2.20031,2.20055,2.19633,2.19879,18727
2025-01-28 08:00:00,2.19879,2.19953,2.19555,2.19899,24864
2025-01-28 12:00:00,2.19903,2.19976,2.19696,2.19885,23284
2025-01-28 16:00:00,2.19887,2.19915,2.19414,2.19447,30364
2025-01-28 20:00:00,2.19447,2.19566,2.19325,2.1955,16579
2025-01-29 00:00:00,2.19501,2.19978,2.19326,2.19808,11028
2025-01-29 04:00:00,2.19808,2.2004,2.19713,2.19819,12690
2025-01-29 08:00:00,2.19819,2.20156,2.19771,2.19958,23016
2025-01-29 12:00:00,2.19958,2.20116,2.19782,2.19923,25789
2025-01-29 16:00:00,2.19923,2.20128,2.19743,2.20032,36892
2025-01-29 20:00:00,2.20032,2.20287,2.19744,2.19971,38776
2025-01-30 00:00:00,2.19895,2.20016,2.19718,2.19935,11928
2025-01-30 04:00:00,2.19935,2.20482,2.19872,2.2047,13858
2025-01-30 08:00:00,2.2047,2.2066,2.20096,2.20232,20466
2025-01-30 12:00:00,2.20228,2.20424,2.19793,2.20353,27128
2025-01-30 16:00:00,2.20351,2.20579,2.20167,2.20191,37457
2025-01-30 20:00:00,2.20195,2.20708,2.20148,2.20325,25120
2025-01-31 00:00:00,2.20273,2.20685,2.20193,2.20369,14537
2025-01-31 04:00:00,2.20369,2.20524,2.19957,2.20018,14183
2025-01-31 08:00:00,2.20018,2.20064,2.19376,2.19765,23201
2025-01-31 12:00:00,2.19769,2.20105,2.19705,2.19824,23776
2025-01-31 16:00:00,2.1983,2.19899,2.19349,2.19407,41878
2025-01-31 20:00:00,2.19407,2.19986,2.19403,2.19666,43752
2025-02-03 00:00:00,2.19774,2.21799,2.19774,2.21762,39924
2025-02-03 04:00:00,2.21762,2.22117,2.21216,2.21555,33758
2025-02-03 08:00:00,2.21555,2.21676,2.21004,2.21092,38506
2025-02-03 12:00:00,2.21092,2.21932,2.21062,2.21833,33487
2025-02-03 16:00:00,2.21833,2.22023,2.2142,2.21664,65758
2025-02-03 20:00:00,2.21656,2.21785,2.20743,2.21176,33111
2025-02-04 00:00:00,2.21126,2.21398,2.20672,2.21109,20224
2025-02-04 04:00:00,2.21109,2.21849,2.21058,2.21746,23320
2025-02-04 08:00:00,2.21746,2.21764,2.21348,2.21583,28621
2025-02-04 12:00:00,2.21583,2.21619,2.21179,2.21314,23697
2025-02-04 16:00:00,2.21316,2.21435,2.20704,2.2108,39022
2025-02-04 20:00:00,2.21083,2.21093,2.20751,2.20798,16759
2025-02-05 00:00:00,2.20778,2.20958,2.20544,2.20785,14195
2025-02-05 04:00:00,2.20785,2.20871,2.20285,2.20407,17399
2025-02-05 08:00:00,2.20407,2.20587,2.20033,2.20289,25672
2025-02-05 12:00:00,2.20289,2.20549,2.20158,2.20344,25394
2025-02-05 16:00:00,2.20344,2.20498,2.19457,2.19726,33868
2025-02-05 20:00:00,2.19726,2.19942,2.19692,2.19845,13708
2025-02-06 00:00:00,2.19829,2.20152,2.19608,2.19911,12689
2025-02-06 04:00:00,2.19909,2.20414,2.19879,2.20364,13918
2025-02-06 08:00:00,2.20364,2.20495,2.19573,2.19658,20755
2025-02-06 12:00:00,2.19658,2.19702,2.18421,2.18877,32701
2025-02-06 16:00:00,2.1888,2.1938,2.18827,2.19215,31707
2025-02-06 20:00:00,2.19219,2.19374,2.19058,2.19089,14766
2025-02-07 00:00:00,2.19042,2.19214,2.18626,2.18682,12378
2025-02-07 04:00:00,2.18682,2.18946,2.18526,2.1887,13914
2025-02-07 08:00:00,2.18868,2.19207,2.18859,2.19097,18424
2025-02-07 12:00:00,2.19097,2.19594,2.18972,2.19337,25677
2025-02-07 16:00:00,2.19337,2.19649,2.19252,2.19412,53805
2025-02-07 20:00:00,2.19412,2.19481,2.1887,2.18956,18245
2025-02-10 00:00:00,2.1928,2.19572,2.18898,2.19527,20235
2025-02-10 04:00:00,2.19527,2.19571,2.19149,2.19189,15656
2025-02-10 08:00:00,2.19189,2.19451,2.19112,2.19307,25035
2025-02-10 12:00:00,2.19307,2.19433,2.18953,2.19003,22113
2025-02-10 16:00:00,2.19003,2.19285,2.18779,2.19204,24790
2025-02-10 20:00:00,2.19204,2.19273,2.19094,2.19209,10268
2025-02-11 00:00:00,2.19217,2.19507,2.1887,2.19237,13007
2025-02-11 04:00:00,2.19237,2.19301,2.18896,2.18964,13680
2025-02-11 08:00:00,2.18964,2.19083,2.18329,2.18977,20462
2025-02-11 12:00:00,2.18977,2.19608,2.18851,2.19568,20600
2025-02-11 16:00:00,2.19561,2.19793,2.19322,2.19771,24514
2025-02-11 20:00:00,2.19775,2.20164,2.19709,2.20098,15255
2025-02-12 00:00:00,2.20099,2.20173,2.19692,2.19774,13599
2025-02-12 04:00:00,2.19774,2.20162,2.19612,2.20092,15989
2025-02-12 08:00:00,2.20092,2.20667,2.20058,2.20633,21805
2025-02-12 12:00:00,2.20633,2.2096,2.20218,2.2095,28190
2025-02-12 16:00:00,2.20956,2.21044,2.20348,2.20487,46686
2025-02-12 20:00:00,2.20483,2.20581,2.20374,2.20556,18753
2025-02-13 00:00:00,2.20516,2.2083,2.20193,2.20689,15524
2025-02-13 04:00:00,2.20689,2.2101,2.20656,2.20709,18960
2025-02-13 08:00:00,2.20709,2.21696,2.20701,2.21584,28358
2025-02-13 12:00:00,2.21584,2.21738,2.20842,2.21467,29935
2025-02-13 16:00:00,2.21463,2.21762,2.21291,2.21571,35940
2025-02-13 20:00:00,2.21577,2.2171,2.21238,2.21281,27324
2025-02-14 00:00:00,2.2131,2.21352,2.20924,2.20963,15428
2025-02-14 04:00:00,2.20963,2.21128,2.20598,2.20829,15245
2025-02-14 08:00:00,2.20831,2.20904,2.20481,2.20521,27348
2025-02-14 12:00:00,2.20521,2.2072,2.20303,2.20411,25187
2025-02-14 16:00:00,2.20411,2.20502,2.19775,2.19823,29809
2025-02-14 20:00:00,2.19823,2.19852,2.19334,2.19413,12469
2025-02-17 00:00:00,2.1973,2.19947,2.1906,2.19306,16780
2025-02-17 04:00:00,2.19306,2.196,2.19287,2.1946,19995
2025-02-17 08:00:00,2.1946,2.1981,2.19338,2.19563,23220
2025-02-17 12:00:00,2.19563,2.19804,2.19502,2.19571,18570
2025-02-17 16:00:00,2.19571,2.20021,2.19481,2.19926,14943
2025-02-17 20:00:00,2.19926,2.20282,2.19854,2.20088,6395
2025-02-18 00:00:00,2.20065,2.20696,2.19726,2.20614,12790
2025-02-18 04:00:00,2.20614,2.20856,2.20477,2.20683,19727
2025-02-18 08:00:00,2.20683,2.21008,2.2054,2.20787,25231
2025-02-18 12:00:00,2.20787,2.21133,2.20546,2.20993,23251
2025-02-18 16:00:00,2.20994,2.21279,2.20946,2.21063,25191
2025-02-18 20:00:00,2.21063,2.21133,2.20899,2.21114,12984
2025-02-19 00:00:00,2.21048,2.2212,2.2086,2.21504,18789
2025-02-19 04:00:00,2.21512,2.21877,2.20373,2.20537,20654
2025-02-19 08:00:00,2.20537,2.20638,2.20103,2.20181,23816
2025-02-19 12:00:00,2.20181,2.20417,2.20131,2.20333,23274
2025-02-19 16:00:00,2.20333,2.20589,2.20133,2.20558,28659
2025-02-19 20:00:00,2.20558,2.20737,2.20479,2.20585,15081
2025-02-20 00:00:00,2.20582,2.20948,2.20252,2.20873,17350
2025-02-20 04:00:00,2.20873,2.20954,2.20097,2.20142,22650
2025-02-20 08:00:00,2.20142,2.20298,2.1997,2.20177,25003
2025-02-20 12:00:00,2.20177,2.20335,2.19782,2.20017,27253
2025-02-20 16:00:00,2.20017,2.20036,2.19358,2.19574,33718
2025-02-20 20:00:00,2.19577,2.19853,2.19542,2.19836,14054
2025-02-21 00:00:00,2.19785,2.19871,2.19513,2.1975,17328
2025-02-21 04:00:00,2.1975,2.19812,2.19526,2.19791,23338
2025-02-21 08:00:00,2.19791,2.20125,2.19611,2.19729,28053
2025-02-21 12:00:00,2.19729,2.19793,2.19538,2.19695,21298
2025-02-21 16:00:00,2.19695,2.19985,2.19519,2.19966,32292
2025-02-21 20:00:00,2.19966,2.20218,2.19833,2.19839,20196
2025-02-24 00:00:00,2.19496,2.20526,2.19376,2.20437,24043
2025-02-24 04:00:00,2.20441,2.20468,2.19867,2.20153,24844
2025-02-24 08:00:00,2.20153,2.20194,2.19741,2.1996,31657
2025-02-24 12:00:00,2.19957,2.20116,2.19815,2.20008,25249
2025-02-24 16:00:00,2.20008,2.20142,2.19785,2.20086,35388
2025-02-24 20:00:00,2.20086,2.2028,2.19957,2.20186,18034
2025-02-25 00:00:00,2.20174,2.20513,2.20016,2.20402,15880
2025-02-25 04:00:00,2.20402,2.20474,2.20191,2.2025,21219
2025-02-25 08:00:00,2.20247,2.20925,2.20203,2.20898,31037
2025-02-25 12:00:00,2.209,2.21344,2.20873,2.2125,29139
2025-02-25 16:00:00,2.21252,2.21694,2.21152,2.21539,39052
2025-02-25 20:00:00,2.21541,2.21546,2.21162,2.2122,20041
2025-02-26 00:00:00,2.21029,2.21623,2.20914,2.21491,16454
2025-02-26 04:00:00,2.21491,2.21588,2.21289,2.21425,20420
2025-02-26 08:00:00,2.21425,2.21768,2.21283,2.21758,26360
2025-02-26 12:00:00,2.21758,2.22377,2.21607,2.22287,25858
2025-02-26 16:00:00,2.22287,2.22623,2.22203,2.2239,41126
2025-02-26 20:00:00,2.2239,2.22681,2.22241,2.22543,23668
2025-02-27 00:00:00,2.2241,2.22612,2.22197,2.22383,16836
2025-02-27 04:00:00,2.22383,2.23028,2.2234,2.2285,24404
2025-02-27 08:00:00,2.22849,2.23069,2.22637,2.22962,26723
2025-02-27 12:00:00,2.22962,2.23257,2.22861,2.2319,32136
2025-02-27 16:00:00,2.23191,2.2379,2.23116,2.2365,41803
2025-02-27 20:00:00,2.2365,2.23897,2.23541,2.23736,18998
2025-02-28 00:00:00,2.23708,2.24395,2.2348,2.24355,18792
2025-02-28 04:00:00,2.24355,2.24737,2.24289,2.247,22682
2025-02-28 08:00:00,2.247,2.24979,2.24552,2.24857,27077
2025-02-28 12:00:00,2.24857,2.25023,2.24712,2.24938,25348
2025-02-28 16:00:00,2.24938,2.25144,2.24565,2.24907,39921
2025-02-28 20:00:00,2.24907,2.24969,2.2447,2.24563,26523
2025-03-03 00:00:00,2.24502,2.25025,2.24124,2.24705,21895
2025-03-03 04:00:00,2.24705,2.25043,2.24674,2.24988,20544
2025-03-03 08:00:00,2.24988,2.25181,2.24623,2.25179,26745
2025-03-03 12:00:00,2.25179,2.26269,2.25163,2.25848,34248
2025-03-03 16:00:00,2.25848,2.25855,2.25421,2.25646,39850
2025-03-03 20:00:00,2.25646,2.26383,2.25545,2.26098,31506
2025-03-04 00:00:00,2.26083,2.26459,2.25898,2.26242,21787
2025-03-04 04:00:00,2.26244,2.26753,2.2621,2.26419,27761
2025-03-04 08:00:00,2.26419,2.26575,2.25951,2.2621,33114
2025-03-04 12:00:00,2.26208,2.26247,2.25843,2.25927,35804
2025-03-04 16:00:00,2.25925,2.26745,2.25905,2.26717,50995
2025-03-04 20:00:00,2.26725,2.26921,2.25812,2.2585,40852
2025-03-05 00:00:00,2.25798,2.26468,2.25385,2.26036,23518
2025-03-05 04:00:00,2.26034,2.26586,2.25975,2.26441,27372
2025-03-05 08:00:00,2.26439,2.26586,2.2579,2.25997,38447
2025-03-05 12:00:00,2.25998,2.2609,2.25139,2.25165,35749
2025-03-05 16:00:00,2.25165,2.25695,2.2491,2.25455,58219
2025-03-05 20:00:00,2.25459,2.25667,2.25018,2.25168,29438
2025-03-06 00:00:00,2.25117,2.2542,2.24751,2.24772,21906
2025-03-06 04:00:00,2.24772,2.25008,2.24627,2.24983,24417
2025-03-06 08:00:00,2.24983,2.25284,2.24526,2.24546,41974
2025-03-06 12:00:00,2.24546,2.24833,2.2423,2.24774,39078
2025-03-06 16:00:00,2.24778,2.24801,2.24114,2.24416,57047
2025-03-06 20:00:00,2.24412,2.24678,2.2435,2.24584,28949
2025-03-07 00:00:00,2.24406,2.24889,2.24295,2.2482,18511
2025-03-07 04:00:00,2.2482,2.25589,2.24797,2.25514,22680
2025-03-07 08:00:00,2.25514,2.25963,2.25423,2.25906,29932
2025-03-07 12:00:00,2.25906,2.262,2.25645,2.26092,37410
2025-03-07 16:00:00,2.26092,2.26614,2.25887,2.26526,54846
2025-03-07 20:00:00,2.26526,2.26565,2.26068,2.26089,25410
2025-03-10 00:00:00,2.25713,2.26637,2.25419,2.26321,19589
2025-03-10 04:00:00,2.26319,2.26349,2.25875,2.25913,21847
2025-03-10 08:00:00,2.25913,2.25934,2.24797,2.24836,30091
2025-03-10 12:00:00,2.24839,2.25486,2.24766,2.25406,36028
2025-03-10 16:00:00,2.25406,2.2559,2.25229,2.25432,41964
2025-03-10 20:00:00,2.25436,2.26033,2.25313,2.25963,26581
2025-03-11 00:00:00,2.25908,2.26433,2.25681,2.26402,15282
2025-03-11 04:00:00,2.26402,2.2671,2.2618,2.26402,29998
2025-03-11 08:00:00,2.26402,2.26923,2.26349,2.2665,34042
2025-03-11 12:00:00,2.2665,2.26929,2.26463,2.26843,29075
2025-03-11 16:00:00,2.26843,2.27018,2.26183,2.26649,47993
2025-03-11 20:00:00,2.26649,2.26849,2.26351,2.26517,28665
2025-03-12 00:00:00,2.26385,2.26667,2.26252,2.26598,12279
2025-03-12 04:00:00,2.26598,2.26796,2.26428,2.26549,20980
2025-03-12 08:00:00,2.26545,2.26702,2.26256,2.26331,25703
2025-03-12 12:00:00,2.26331,2.27228,2.26114,2.26782,32712
2025-03-12 16:00:00,2.2679,2.26827,2.2643,2.26575,41630
2025-03-12 20:00:00,2.26575,2.26576,2.26083,2.26215,22631
2025-03-13 00:00:00,2.25955,2.26224,2.25798,2.25961,10084
2025-03-13 04:00:00,2.25965,2.26301,2.25897,2.26272,18918
2025-03-13 08:00:00,2.26272,2.27057,2.26231,2.26934,26798
2025-03-13 12:00:00,2.26934,2.2753,2.2639,2.27387,32029
2025-03-13 16:00:00,2.27387,2.27494,2.26516,2.26795,37848
2025-03-13 20:00:00,2.26791,2.2733,2.26719,2.27325,20586
2025-03-14 00:00:00,2.27064,2.27361,2.2698,2.27047,10299
2025-03-14 04:00:00,2.27047,2.2706,2.26569,2.26656,23690
2025-03-14 08:00:00,2.26656,2.26748,2.2573,2.25766,25738
2025-03-14 12:00:00,2.2577,2.26279,2.25401,2.25514,33543
2025-03-14 16:00:00,2.25514,2.25555,2.2487,2.24941,33598
2025-03-14 20:00:00,2.24941,2.25056,2.24696,2.24851,15457
2025-03-17 00:00:00,2.24691,2.25007,2.24446,2.24801,12979
2025-03-17 04:00:00,2.24801,2.24856,2.24552,2.24619,16868
2025-03-17 08:00:00,2.24619,2.24714,2.24014,2.24149,20137
2025-03-17 12:00:00,2.24149,2.24349,2.2387,2.24148,23410
2025-03-17 16:00:00,2.24148,2.24152,2.23321,2.23359,27239
2025-03-17 20:00:00,2.23359,2.23392,2.23037,2.23154,14260
2025-03-18 00:00:00,2.23142,2.23302,2.22842,2.22938,9381
2025-03-18 04:00:00,2.22938,2.23211,2.22695,2.23036,14947
2025-03-18 08:00:00,2.23036,2.23156,2.22853,2.22958,17604
2025-03-18 12:00:00,2.22953,2.23361,2.22802,2.23141,22490
2025-03-18 16:00:00,2.23141,2.23616,2.22948,2.23567,30599
2025-03-18 20:00:00,2.23567,2.23618,2.23355,2.23366,16331
2025-03-19 00:00:00,2.23364,2.235,2.23192,2.2343,7824
2025-03-19 04:00:00,2.2343,2.2363,2.234,2.23561,12861
2025-03-19 08:00:00,2.23561,2.24217,2.23273,2.24207,24051
2025-03-19 12:00:00,2.24207,2.24353,2.2397,2.23992,22261
2025-03-19 16:00:00,2.23992,2.24388,2.23948,2.24281,23077
2025-03-19 20:00:00,2.24281,2.24419,2.23523,2.23572,32387
2025-03-20 00:00:00,2.2354,2.24254,2.22825,2.24164,12039
2025-03-20 04:00:00,2.24164,2.24777,2.24112,2.24465,16260
2025-03-20 08:00:00,2.24465,2.25322,2.24424,2.25202,20635
2025-03-20 12:00:00,2.25202,2.26305,2.25095,2.25771,29633
2025-03-20 16:00:00,2.25771,2.26132,2.25546,2.25688,28202
2025-03-20 20:00:00,2.25688,2.25724,2.24947,2.25161,12150
2025-03-21 00:00:00,2.25151,2.25303,2.24837,2.24961,9895
2025-03-21 04:00:00,2.24961,2.25246,2.24928,2.25078,14648
2025-03-21 08:00:00,2.25078,2.25095,2.24526,2.24682,20245
2025-03-21 12:00:00,2.24682,2.24887,2.24581,2.24749,20757
2025-03-21 16:00:00,2.24749,2.25496,2.24677,2.25243,31195
2025-03-21 20:00:00,2.25243,2.25444,2.24995,2.25177,14603
2025-03-24 00:00:00,2.24677,2.25145,2.24412,2.25055,12366
2025-03-24 04:00:00,2.25055,2.25823,2.25049,2.25712,18453
2025-03-24 08:00:00,2.25712,2.25984,2.25647,2.25928,22303
2025-03-24 12:00:00,2.25928,2.26177,2.25604,2.26058,22113
2025-03-24 16:00:00,2.26058,2.26124,2.2565,2.25856,32571
2025-03-24 20:00:00,2.25856,2.26036,2.25544,2.25582,16172
2025-03-25 00:00:00,2.25555,2.25849,2.25144,2.25764,8513
2025-03-25 04:00:00,2.25764,2.25926,2.2559,2.25842,15584
2025-03-25 08:00:00,2.2584,2.25966,2.25598,2.25933,18459
2025-03-25 12:00:00,2.25933,2.25999,2.2527,2.25429,23188
2025-03-25 16:00:00,2.25429,2.25845,2.253,2.25829,28152
2025-03-25 20:00:00,2.25829,2.25963,2.25761,2.25781,14494
2025-03-26 00:00:00,2.25757,2.26064,2.25289,2.26025,9698
2025-03-26 04:00:00,2.26025,2.26225,2.24971,2.25082,17313
2025-03-26 08:00:00,2.25082,2.25146,2.24005,2.2428,22324
2025-03-26 12:00:00,2.2428,2.24384,2.23971,2.24218,24865
2025-03-26 16:00:00,2.24216,2.24703,2.24045,2.24659,31165
2025-03-26 20:00:00,2.2466,2.25172,2.24645,2.2498,18780
2025-03-27 00:00:00,2.2496,2.25345,2.24375,2.2511,15995
2025-03-27 04:00:00,2.2511,2.25181,2.24798,2.2502,21748
2025-03-27 08:00:00,2.2502,2.25192,2.24786,2.24845,27459
2025-03-27 12:00:00,2.24845,2.25471,2.24728,2.25315,28525
2025-03-27 16:00:00,2.25315,2.25813,2.25283,2.25672,33438
2025-03-27 20:00:00,2.2567,2.25762,2.2556,2.25573,16170
2025-03-28 00:00:00,2.2557,2.2603,2.25234,2.26018,6336
2025-03-28 04:00:00,2.26018,2.26647,2.26013,2.26491,13830
2025-03-28 08:00:00,2.26491,2.26745,2.26269,2.26373,16474
2025-03-28 12:00:00,2.26373,2.26611,2.26057,2.26068,22020
2025-03-28 16:00:00,2.26068,2.26396,2.25886,2.26185,30391
2025-03-28 20:00:00,2.26185,2.26636,2.2603,2.26363,9948
2025-03-31 00:00:00,2.25955,2.27331,2.25955,2.27154,12628
2025-03-31 04:00:00,2.27154,2.27154,2.26785,2.27051,17411
2025-03-31 08:00:00,2.27051,2.27573,2.26628,2.27532,22692
2025-03-31 12:00:00,2.2753,2.28081,2.27289,2.28081,20828
2025-03-31 16:00:00,2.28081,2.28476,2.27477,2.27635,33414
2025-03-31 20:00:00,2.27633,2.27707,2.27426,2.2746,14458
2025-04-01 00:00:00,2.2748,2.28025,2.2727,2.27911,8744
2025-04-01 04:00:00,2.27911,2.28179,2.27448,2.27458,17580
2025-04-01 08:00:00,2.27458,2.27947,2.27432,2.27601,24827
2025-04-01 12:00:00,2.276,2.27721,2.26908,2.27008,26962
2025-04-01 16:00:00,2.27008,2.27147,2.26405,2.26894,35560
2025-04-01 20:00:00,2.26894,2.27033,2.26649,2.2669,15968
2025-04-02 00:00:00,2.2666,2.2669,2.26124,2.26278,9311
2025-04-02 04:00:00,2.26278,2.26343,2.25685,2.25779,15764
2025-04-02 08:00:00,2.25779,2.25876,2.2502,2.25089,18431
2025-04-02 12:00:00,2.25089,2.25643,2.25047,2.25256,19501
2025-04-02 16:00:00,2.25256,2.26249,2.25225,2.26167,26238
2025-04-02 20:00:00,2.26167,2.27272,2.25254,2.2629,21778
2025-04-03 00:00:00,2.26115,2.28367,2.25566,2.27445,25815
2025-04-03 04:00:00,2.27445,2.2805,2.27343,2.27838,25190
2025-04-03 08:00:00,2.27836,2.27838,2.26834,2.2707,36797
2025-04-03 12:00:00,2.2707,2.2716,2.25633,2.25677,42447
2025-04-03 16:00:00,2.25675,2.25849,2.24897,2.25524,48485
2025-04-03 20:00:00,2.25523,2.2622,2.25518,2.26082,23610
2025-04-04 00:00:00,2.2606,2.26342,2.25595,2.26221,15936
2025-04-04 04:00:00,2.26219,2.29172,2.26178,2.29112,27749
2025-04-04 08:00:00,2.29112,2.29123,2.28155,2.28155,35382
2025-04-04 12:00:00,2.28155,2.315,2.27873,2.30406,56910
2025-04-04 16:00:00,2.30402,2.3194,2.29874,2.31532,48745
2025-04-04 20:00:00,2.31532,2.31673,2.2992,2.3011,22494
2025-04-07 00:00:00,2.30035,2.33557,2.29725,2.32423,32904
2025-04-07 04:00:00,2.3242,2.32468,2.3079,2.31654,32966
2025-04-07 08:00:00,2.31654,2.32585,2.3058,2.31331,56100
2025-04-07 12:00:00,2.31326,2.31653,2.28715,2.28808,57716
2025-04-07 16:00:00,2.28808,2.31038,2.27291,2.31026,62439
2025-04-07 20:00:00,2.31026,2.31074,2.29286,2.2944,29667
2025-04-08 00:00:00,2.2945,2.30266,2.29119,2.30027,9659
2025-04-08 04:00:00,2.30043,2.3044,2.27966,2.28024,18793
2025-04-08 08:00:00,2.28028,2.28464,2.27247,2.27652,31381
2025-04-08 12:00:00,2.27652,2.28586,2.27483,2.27635,37592
2025-04-08 16:00:00,2.27635,2.29899,2.27217,2.2982,46830
2025-04-08 20:00:00,2.2982,2.31126,2.2963,2.3063,29911
2025-04-09 00:00:00,2.30346,2.32892,2.3003,2.31898,17970
2025-04-09 04:00:00,2.31898,2.32678,2.3087,2.31809,22718
2025-04-09 08:00:00,2.31803,2.3215,2.29938,2.30607,38393
2025-04-09 12:00:00,2.30607,2.31073,2.29411,2.2942,42746
2025-04-09 16:00:00,2.2942,2.30034,2.28247,2.29118,40239
2025-04-09 20:00:00,2.29118,2.29161,2.2608,2.2718,35200
2025-04-10 00:00:00,2.26945,2.27699,2.26447,2.27535,12583
2025-04-10 04:00:00,2.27535,2.2787,2.25695,2.25782,21486
2025-04-10 08:00:00,2.25782,2.27362,2.25254,2.26826,35953
2025-04-10 12:00:00,2.26827,2.27194,2.25355,2.26575,38257
2025-04-10 16:00:00,2.26573,2.26913,2.25213,2.26245,51997
2025-04-10 20:00:00,2.26245,2.26365,2.25342,2.2596,39905
2025-04-11 00:00:00,2.259,2.26532,2.25649,2.26159,20920
2025-04-11 04:00:00,2.26155,2.26191,2.24452,2.25769,31909
2025-04-11 08:00:00,2.25769,2.26148,2.24892,2.25592,41448
2025-04-11 12:00:00,2.25587,2.26083,2.25046,2.25446,36292
2025-04-11 16:00:00,2.25446,2.26137,2.2403,2.24992,40213
2025-04-11 20:00:00,2.24992,2.25284,2.24128,2.24285,14768
2025-04-14 00:00:00,2.249,2.249,2.23755,2.24124,16853
2025-04-14 04:00:00,2.24124,2.24715,2.23799,2.23837,19990
2025-04-14 08:00:00,2.23837,2.24446,2.23578,2.23835,21767
2025-04-14 12:00:00,2.23835,2.25005,2.23737,2.24872,23705
2025-04-14 16:00:00,2.24869,2.2507,2.23956,2.24518,34761
2025-04-14 20:00:00,2.24519,2.24521,2.2404,2.2439,17449
2025-04-15 00:00:00,2.2441,2.24702,2.23854,2.2387,9224
2025-04-15 04:00:00,2.23872,2.23898,2.22908,2.23052,12908
2025-04-15 08:00:00,2.23052,2.24104,2.23008,2.2399,20202
2025-04-15 12:00:00,2.2399,2.2413,2.22776,2.2287,21511
2025-04-15 16:00:00,2.2287,2.23785,2.22503,2.23672,30875
2025-04-15 20:00:00,2.23672,2.2436,2.23668,2.2424,13437
2025-04-16 00:00:00,2.2425,2.24874,2.23697,2.24681,10940
2025-04-16 04:00:00,2.24683,2.24802,2.24012,2.24021,13822
2025-04-16 08:00:00,2.24021,2.24641,2.2397,2.24431,23568
2025-04-16 12:00:00,2.24431,2.24629,2.24039,2.24571,21148
2025-04-16 16:00:00,2.24568,2.24717,2.23183,2.2329,22222
2025-04-16 20:00:00,2.2329,2.23639,2.22968,2.2309,20585
2025-04-17 00:00:00,2.2307,2.2325,2.22583,2.23112,10769
2025-04-17 04:00:00,2.23112,2.23605,2.23104,2.23513,12031
2025-04-17 08:00:00,2.23513,2.24229,2.23398,2.23416,14098
2025-04-17 12:00:00,2.23416,2.235,2.22242,2.22272,21269
2025-04-17 16:00:00,2.22274,2.22575,2.21888,2.22067,24729
2025-04-17 20:00:00,2.22067,2.22196,2.21898,2.2214,9755
2025-04-18 00:00:00,2.2209,2.2249,2.21741,2.2237,10225
2025-04-18 04:00:00,2.2237,2.2393,2.22347,2.23449,71115
2025-04-18 08:00:00,2.23449,2.2396,2.2307,2.23935,76673
2025-04-18 12:00:00,2.23935,2.23954,2.2339,2.23779,47595
2025-04-18 16:00:00,2.23777,2.23928,2.2366,2.23873,74284
2025-04-18 20:00:00,2.23866,2.23889,2.23459,2.2368,71712
2025-04-21 00:00:00,2.23725,2.2397,2.22829,2.23895,15131
2025-04-21 04:00:00,2.23895,2.24001,2.22886,2.2312,12600
2025-04-21 08:00:00,2.2312,2.23275,2.22696,2.22991,13776
2025-04-21 12:00:00,2.2299,2.23089,2.22632,2.22755,14542
2025-04-21 16:00:00,2.22755,2.23191,2.22662,2.22937,18062
2025-04-21 20:00:00,2.22937,2.23069,2.2252,2.22948,8473
2025-04-22 00:00:00,2.229,2.23428,2.2273,2.23288,10587
2025-04-22 04:00:00,2.23288,2.23288,2.22585,2.22607,15492
2025-04-22 08:00:00,2.22607,2.23177,2.22502,2.22941,24395
2025-04-22 12:00:00,2.22941,2.23224,2.22504,2.23149,19158
2025-04-22 16:00:00,2.2315,2.23405,2.22678,2.22858,26159
2025-04-22 20:00:00,2.22858,2.2351,2.22704,2.2349,15911
2025-04-23 00:00:00,2.2314,2.2331,2.2226,2.22377,23391
2025-04-23 04:00:00,2.22377,2.22954,2.22248,2.22455,17637
2025-04-23 08:00:00,2.22455,2.22695,2.2195,2.22464,20622
2025-04-23 12:00:00,2.22464,2.22541,2.21795,2.2184,19989
2025-04-23 16:00:00,2.21839,2.22795,2.21366,2.22498,35230
2025-04-23 20:00:00,2.22498,2.22965,2.2245,2.2291,16428
2025-04-24 00:00:00,2.2287,2.23223,2.22707,2.23135,9591
2025-04-24 04:00:00,2.23131,2.23431,2.22719,2.22855,13211
2025-04-24 08:00:00,2.22855,2.2328,2.22472,2.22622,20487
2025-04-24 12:00:00,2.22625,2.22828,2.22302,2.22655,18242
2025-04-24 16:00:00,2.22655,2.22804,2.22175,2.22369,24341
2025-04-24 20:00:00,2.22369,2.22544,2.22344,2.2238,9935
2025-04-25 00:00:00,2.224,2.22576,2.22048,2.223,6202
2025-04-25 04:00:00,2.223,2.22419,2.21903,2.22233,11811
2025-04-25 08:00:00,2.22233,2.2305,2.22183,2.23043,17410
2025-04-25 12:00:00,2.23043,2.23705,2.23012,2.23657,15286
2025-04-25 16:00:00,2.23657,2.2373,2.23058,2.23257,16189
2025-04-25 20:00:00,2.23257,2.23512,2.2302,2.2309,7314
2025-04-28 00:00:00,2.2312,2.23519,2.22745,2.2338,9331
2025-04-28 04:00:00,2.2338,2.23577,2.22997,2.23121,9280
2025-04-28 08:00:00,2.23121,2.24543,2.23099,2.24444,16879
2025-04-28 12:00:00,2.24444,2.24554,2.24023,2.24316,16620
2025-04-28 16:00:00,2.24316,2.24759,2.2397,2.24706,24649
2025-04-28 20:00:00,2.24706,2.25016,2.247,2.248,11174
2025-04-29 00:00:00,2.2464,2.25315,2.2433,2.25179,7683
2025-04-29 04:00:00,2.25179,2.25425,2.24505,2.25117,15403
2025-04-29 08:00:00,2.25117,2.253,2.24454,2.24754,16830
2025-04-29 12:00:00,2.24756,2.25129,2.24613,2.25116,14342
2025-04-29 16:00:00,2.25112,2.26189,2.25082,2.25615,26710
2025-04-29 20:00:00,2.25618,2.26171,2.25378,2.2607,11025
2025-04-30 00:00:00,2.2596,2.26103,2.25438,2.26039,8984
2025-04-30 04:00:00,2.26043,2.26113,2.25547,2.25657,15874
2025-04-30 08:00:00,2.25657,2.26146,2.25215,2.25827,19576
2025-04-30 12:00:00,2.25827,2.26197,2.25348,2.25894,22885
2025-04-30 16:00:00,2.2589,2.2603,2.24769,2.25014,33795
2025-04-30 20:00:00,2.25014,2.25045,2.24304,2.24614,15534
2025-05-01 00:00:00,2.24447,2.24557,2.24038,2.24042,9487
2025-05-01 04:00:00,2.24042,2.24279,2.23705,2.23736,14573
2025-05-01 08:00:00,2.23735,2.24877,2.23656,2.2477,19871
2025-05-01 12:00:00,2.2477,2.25222,2.24637,2.25028,19659
2025-05-01 16:00:00,2.25026,2.25316,2.24752,2.24974,25744
2025-05-01 20:00:00,2.24974,2.24974,2.24644,2.24789,11309
2025-05-02 00:00:00,2.2461,2.24954,2.24116,2.24141,10622
2025-05-02 04:00:00,2.24141,2.24676,2.24077,2.24329,19394
2025-05-02 08:00:00,2.24329,2.24777,2.23931,2.24322,21067
2025-05-02 12:00:00,2.24322,2.24384,2.23048,2.23351,25268
2025-05-02 16:00:00,2.23355,2.23421,2.22709,2.23182,32691
2025-05-02 20:00:00,2.23182,2.23462,2.2299,2.231,14051
2025-05-05 00:00:00,2.22644,2.23241,2.22204,2.23098,11225
2025-05-05 04:00:00,2.23098,2.23098,2.22175,2.22525,17592
2025-05-05 08:00:00,2.22525,2.22757,2.21962,2.22471,21568
2025-05-05 12:00:00,2.22473,2.22576,2.22217,2.22489,20721
2025-05-05 16:00:00,2.22489,2.228,2.22315,2.22563,24926
2025-05-05 20:00:00,2.22565,2.22935,2.22536,2.2281,10764
2025-05-06 00:00:00,2.2274,2.23212,2.2247,2.23074,7001
2025-05-06 04:00:00,2.23074,2.23108,2.22308,2.22379,17586
2025-05-06 08:00:00,2.22379,2.22748,2.22236,2.22706,22278
2025-05-06 12:00:00,2.22706,2.23779,2.22699,2.23697,21883
2025-05-06 16:00:00,2.23697,2.23821,2.22449,2.22628,26120
2025-05-06 20:00:00,2.22628,2.22843,2.22413,2.22518,14382
2025-05-07 00:00:00,2.22416,2.22573,2.218,2.21933,17412
2025-05-07 04:00:00,2.21933,2.22756,2.21809,2.2236,21188
2025-05-07 08:00:00,2.2236,2.22678,2.22273,2.22515,21133
2025-05-07 12:00:00,2.22515,2.23405,2.22462,2.234,18090
2025-05-07 16:00:00,2.234,2.23585,2.23068,2.23387,22939
2025-05-07 20:00:00,2.23387,2.23916,2.23137,2.23711,24718
2025-05-08 00:00:00,2.2371,2.23855,2.23028,2.23505,8766
2025-05-08 04:00:00,2.23505,2.23831,2.2334,2.23414,17801
2025-05-08 08:00:00,2.23414,2.24317,2.23268,2.24077,26601
2025-05-08 12:00:00,2.24077,2.25154,2.23411,2.24675,25788
2025-05-08 16:00:00,2.24675,2.24836,2.24179,2.24306,31938
2025-05-08 20:00:00,2.24306,2.24542,2.2421,2.2425,15571
2025-05-09 00:00:00,2.2426,2.24699,2.2416,2.24688,9151
2025-05-09 04:00:00,2.24688,2.2506,2.24394,2.24421,19326
2025-05-09 08:00:00,2.24421,2.25048,2.24364,2.24918,18870
2025-05-09 12:00:00,2.24918,2.25535,2.24899,2.25234,17534
2025-05-09 16:00:00,2.25234,2.25238,2.24699,2.25058,23177
2025-05-09 20:00:00,2.25058,2.25161,2.24792,2.2501,9985
2025-05-12 00:00:00,2.23584,2.24768,2.23584,2.24406,11867
2025-05-12 04:00:00,2.244,2.24444,2.23925,2.24185,19060
2025-05-12 08:00:00,2.24185,2.24581,2.23664,2.24015,34461
2025-05-12 12:00:00,2.24015,2.24555,2.23879,2.24527,27687
2025-05-12 16:00:00,2.24527,2.253,2.24229,2.25083,28286
2025-05-12 20:00:00,2.25083,2.25194,2.24856,2.2503,14291
2025-05-13 00:00:00,2.2501,2.25191,2.24732,2.25156,8875
2025-05-13 04:00:00,2.25156,2.25367,2.2411,2.24154,18249
2025-05-13 08:00:00,2.24154,2.24409,2.23829,2.24289,23883
2025-05-13 12:00:00,2.24288,2.24417,2.23913,2.23971,20631
2025-05-13 16:00:00,2.23971,2.24081,2.23446,2.23925,29609
2025-05-13 20:00:00,2.23925,2.2414,2.23835,2.24041,11327
2025-05-14 00:00:00,2.2402,2.24174,2.2385,2.23992,10202
2025-05-14 04:00:00,2.23992,2.24157,2.23679,2.23935,18707
2025-05-14 08:00:00,2.23935,2.2429,2.23621,2.23944,25027
2025-05-14 12:00:00,2.23944,2.24462,2.23713,2.24217,24858
2025-05-14 16:00:00,2.24217,2.25012,2.24195,2.24885,31090
2025-05-14 20:00:00,2.24885,2.24979,2.24681,2.2475,14567
2025-05-15 00:00:00,2.24673,2.25143,2.24284,2.24984,9568
2025-05-15 04:00:00,2.24984,2.25294,2.24492,2.25273,19253
2025-05-15 08:00:00,2.25273,2.25601,2.24957,2.2557,23265
2025-05-15 12:00:00,2.25568,2.26456,2.25516,2.26183,20143
2025-05-15 16:00:00,2.26179,2.26594,2.26086,2.26302,27697
2025-05-15 20:00:00,2.26303,2.2653,2.2627,2.26336,11506
2025-05-16 00:00:00,2.2628,2.26944,2.2615,2.26908,8782
2025-05-16 04:00:00,2.26908,2.2695,2.25395,2.25561,15311
2025-05-16 08:00:00,2.25561,2.25678,2.25023,2.25183,19936
2025-05-16 12:00:00,2.25183,2.25456,2.25009,2.25276,18836
2025-05-16 16:00:00,2.25275,2.2598,2.2527,2.25851,25338
2025-05-16 20:00:00,2.25851,2.25928,2.25753,2.25753,11636
2025-05-19 00:00:00,2.25278,2.2614,2.2522,2.25916,10806
2025-05-19 04:00:00,2.25916,2.2598,2.25519,2.25949,17941
2025-05-19 08:00:00,2.25949,2.26842,2.25779,2.26584,24746
2025-05-19 12:00:00,2.26584,2.26716,2.26176,2.26397,25475
2025-05-19 16:00:00,2.26397,2.26401,2.25284,2.25436,27017
2025-05-19 20:00:00,2.25436,2.25577,2.2522,2.2524,12781
2025-05-20 00:00:00,2.2524,2.25506,2.2501,2.25502,9460
2025-05-20 04:00:00,2.25502,2.25977,2.25481,2.25758,20579
2025-05-20 08:00:00,2.25758,2.26146,2.25541,2.25939,26419
2025-05-20 12:00:00,2.25935,2.26335,2.25825,2.26053,20870
2025-05-20 16:00:00,2.26056,2.26418,2.25913,2.25955,27436
2025-05-20 20:00:00,2.25953,2.2627,2.25922,2.2601,13663
2025-05-21 00:00:00,2.2599,2.26189,2.2568,2.25778,9462
2025-05-21 04:00:00,2.25779,2.26082,2.25669,2.25744,19292
2025-05-21 08:00:00,2.25744,2.26357,2.25609,2.26009,26469
2025-05-21 12:00:00,2.26009,2.26245,2.25591,2.25912,25657
2025-05-21 16:00:00,2.25908,2.26103,2.25357,2.25483,28040
2025-05-21 20:00:00,2.25483,2.26111,2.25422,2.2592,19533
2025-05-22 00:00:00,2.2593,2.26413,2.25504,2.26237,12380
2025-05-22 04:00:00,2.26237,2.26745,2.26101,2.26372,18626
2025-05-22 08:00:00,2.26372,2.2669,2.26176,2.26414,24967
2025-05-22 12:00:00,2.26414,2.2732,2.2641,2.26996,24571
2025-05-22 16:00:00,2.26996,2.27614,2.26978,2.27325,28769
2025-05-22 20:00:00,2.27325,2.27582,2.2722,2.2746,14997
2025-05-23 00:00:00,2.2748,2.27651,2.27122,2.27475,8049
2025-05-23 04:00:00,2.27475,2.27543,2.27139,2.27356,13561
2025-05-23 08:00:00,2.27356,2.27434,2.2671,2.26937,19326
2025-05-23 12:00:00,2.26937,2.26967,2.2623,2.2676,29439
2025-05-23 16:00:00,2.2676,2.26995,2.2586,2.26032,27764
2025-05-23 20:00:00,2.26032,2.2616,2.25936,2.2611,12517
2025-05-26 00:00:00,2.25658,2.26183,2.25658,2.26182,14150
2025-05-26 04:00:00,2.26182,2.26202,2.25277,2.2552,21410
2025-05-26 08:00:00,2.2552,2.25717,2.25267,2.25394,20163
2025-05-26 12:00:00,2.25391,2.25597,2.25372,2.25528,14192
2025-05-26 16:00:00,2.25528,2.25941,2.25381,2.25931,12229
2025-05-26 20:00:00,2.25931,2.26092,2.25889,2.2602,5746
2025-05-27 00:00:00,2.2599,2.264,2.2574,2.26229,9961
2025-05-27 04:00:00,2.26229,2.26734,2.26182,2.26717,15617
2025-05-27 08:00:00,2.26717,2.2725,2.26305,2.27166,27534
2025-05-27 12:00:00,2.27166,2.27706,2.26997,2.27235,20839
2025-05-27 16:00:00,2.27233,2.27681,2.27038,2.27096,26632
2025-05-27 20:00:00,2.27096,2.27246,2.26979,2.2708,12073
2025-05-28 00:00:00,2.26955,2.27422,2.26154,2.27317,7854
2025-05-28 04:00:00,2.27317,2.27742,2.25547,2.26497,23987
2025-05-28 08:00:00,2.26497,2.26614,2.25876,2.26095,23001
2025-05-28 12:00:00,2.26093,2.26417,2.25818,2.26151,19998
2025-05-28 16:00:00,2.26151,2.2649,2.26005,2.26207,29596
2025-05-28 20:00:00,2.26207,2.26222,2.25641,2.25707,14705
2025-05-29 00:00:00,2.25612,2.25764,2.25184,2.25539,21103
2025-05-29 04:00:00,2.25539,2.26735,2.25534,2.26172,22951
2025-05-29 08:00:00,2.26172,2.26453,2.25601,2.25837,23489
2025-05-29 12:00:00,2.25837,2.25912,2.25426,2.25466,24809
2025-05-29 16:00:00,2.25466,2.26038,2.2537,2.25574,30154
2025-05-29 20:00:00,2.25574,2.26138,2.25554,2.26018,14548
2025-05-30 00:00:00,2.2596,2.26042,2.251,2.25586,13546
2025-05-30 04:00:00,2.25586,2.26054,2.25509,2.25637,19373
2025-05-30 08:00:00,2.25637,2.26325,2.25315,2.26265,21780
2025-05-30 12:00:00,2.26265,2.2641,2.26054,2.26377,23458
2025-05-30 16:00:00,2.26377,2.26425,2.25471,2.25765,32763
2025-05-30 20:00:00,2.25765,2.25785,2.25232,2.25405,14822
2025-06-02 00:00:00,2.25567,2.25632,2.24986,2.25055,11588
2025-06-02 04:00:00,2.25057,2.25071,2.24595,2.24988,18959
2025-06-02 08:00:00,2.24988,2.25373,2.24852,2.25168,23656
2025-06-02 12:00:00,2.25168,2.2519,2.24768,2.24999,23535
2025-06-02 16:00:00,2.25001,2.2517,2.24431,2.24491,29802
2025-06-02 20:00:00,2.24486,2.2456,2.2414,2.24338,13283
2025-06-03 00:00:00,2.24385,2.2449,2.23794,2.23858,9558
2025-06-03 04:00:00,2.23855,2.24958,2.23766,2.24846,21368
2025-06-03 08:00:00,2.24846,2.25816,2.24824,2.25297,24117
2025-06-03 12:00:00,2.25301,2.25376,2.24951,2.25276,21358
2025-06-03 16:00:00,2.25278,2.25521,2.25003,2.25334,28704
2025-06-03 20:00:00,2.25334,2.25403,2.25177,2.25374,12295
2025-06-04 00:00:00,2.25232,2.25522,2.25088,2.25368,9246
2025-06-04 04:00:00,2.25368,2.25496,2.25097,2.25333,19125
2025-06-04 08:00:00,2.25333,2.25492,2.25112,2.25166,21542
2025-06-04 12:00:00,2.25166,2.25254,2.24632,2.24855,21899
2025-06-04 16:00:00,2.24857,2.25196,2.247,2.24794,28449
2025-06-04 20:00:00,2.24794,2.249,2.24635,2.24873,12189
2025-06-05 00:00:00,2.24833,2.24889,2.2453,2.24654,9209
2025-06-05 04:00:00,2.24654,2.24747,2.24344,2.24587,18747
2025-06-05 08:00:00,2.24587,2.24883,2.24422,2.24608,19219
2025-06-05 12:00:00,2.24608,2.24619,2.24158,2.24266,24343
2025-06-05 16:00:00,2.24264,2.24858,2.23825,2.24808,36303
2025-06-05 20:00:00,2.24807,2.24859,2.24673,2.24812,16946
2025-06-06 00:00:00,2.2478,2.24917,2.24543,2.2468,9111
2025-06-06 04:00:00,2.2468,2.25133,2.24401,2.24434,14617
2025-06-06 08:00:00,2.24434,2.24697,2.24115,2.24666,18046
2025-06-06 12:00:00,2.24666,2.24819,2.24188,2.24676,22073
2025-06-06 16:00:00,2.24672,2.2507,2.24608,2.24939,34701
2025-06-06 20:00:00,2.24939,2.24945,2.24632,2.2475,13016
2025-06-09 00:00:00,2.24495,2.24962,2.24358,2.24854,8496
2025-06-09 04:00:00,2.24854,2.24861,2.2445,2.24531,14720
2025-06-09 08:00:00,2.24531,2.24629,2.23825,2.24045,17905
2025-06-09 12:00:00,2.24045,2.24224,2.23857,2.24085,20506
2025-06-09 16:00:00,2.24085,2.2421,2.23858,2.24016,23014
2025-06-09 20:00:00,2.24016,2.24073,2.23926,2.24037,9477
2025-06-10 00:00:00,2.23797,2.24138,2.2365,2.23901,10719
2025-06-10 04:00:00,2.23901,2.24342,2.23618,2.23785,19387
2025-06-10 08:00:00,2.23785,2.24276,2.23065,2.23139,28376
2025-06-10 12:00:00,2.23139,2.23373,2.2297,2.2336,20569
2025-06-10 16:00:00,2.2336,2.2372,2.233,2.23372,23872
2025-06-10 20:00:00,2.23371,2.23503,2.22993,2.23022,11874
2025-06-11 00:00:00,2.22905,2.23201,2.22698,2.23093,12562
2025-06-11 04:00:00,2.23093,2.23651,2.22988,2.23453,15597
2025-06-11 08:00:00,2.23453,2.23771,2.23271,2.23689,18828
2025-06-11 12:00:00,2.23689,2.24014,2.23291,2.2337,25474
2025-06-11 16:00:00,2.2337,2.24379,2.23337,2.24235,29707
2025-06-11 20:00:00,2.24235,2.24749,2.24093,2.24684,14706
2025-06-12 00:00:00,2.24392,2.25218,2.24352,2.25155,11985
2025-06-12 04:00:00,2.25155,2.25736,2.24831,2.25124,19267
2025-06-12 08:00:00,2.25124,2.25267,2.24488,2.2482,27912
2025-06-12 12:00:00,2.2482,2.25043,2.24256,2.24463,31334
2025-06-12 16:00:00,2.24464,2.24726,2.24015,2.24204,29910
2025-06-12 20:00:00,2.24202,2.24462,2.24156,2.24279,11652
2025-06-13 00:00:00,2.24247,2.25718,2.23908,2.25633,20393
2025-06-13 04:00:00,2.25633,2.25909,2.24454,2.25264,31702
2025-06-13 08:00:00,2.25264,2.2558,2.2495,2.2527,30628
2025-06-13 12:00:00,2.2527,2.25672,2.25181,2.25254,28064
2025-06-13 16:00:00,2.2526,2.25344,2.24725,2.25169,26634
2025-06-13 20:00:00,2.25169,2.25567,2.25084,2.25449,16910
2025-06-16 00:00:00,2.25529,2.25604,2.2488,2.24974,23545
2025-06-16 04:00:00,2.24978,2.2545,2.24926,2.25206,26224
2025-06-16 08:00:00,2.25207,2.25475,2.24834,2.24865,28038
2025-06-16 12:00:00,2.24865,2.24981,2.24153,2.24178,21469
2025-06-16 16:00:00,2.24178,2.24365,2.23663,2.23868,31797
2025-06-16 20:00:00,2.23868,2.24161,2.23774,2.23991,15165
2025-06-17 00:00:00,2.23821,2.24295,2.2366,2.24134,16862
2025-06-17 04:00:00,2.24134,2.24277,2.23617,2.23697,22098
2025-06-17 08:00:00,2.23697,2.23836,2.23206,2.23288,24695
2025-06-17 12:00:00,2.2329,2.23659,2.23121,2.23537,23075
2025-06-17 16:00:00,2.23537,2.23563,2.22903,2.23181,32327
2025-06-17 20:00:00,2.23181,2.2353,2.23118,2.23223,24008
2025-06-18 00:00:00,2.23042,2.23428,2.22658,2.23095,16774
2025-06-18 04:00:00,2.23095,2.23133,2.22773,2.22781,20580
2025-06-18 08:00:00,2.22781,2.23338,2.22695,2.23216,23743
2025-06-18 12:00:00,2.23217,2.23376,2.23033,2.23111,20803
2025-06-18 16:00:00,2.23111,2.23188,2.22645,2.22835,31980
2025-06-18 20:00:00,2.22835,2.22874,2.22278,2.22581,32513
2025-06-19 00:00:00,2.22454,2.22885,2.22176,2.22862,15054
2025-06-19 04:00:00,2.22862,2.23796,2.22858,2.2365,25141
2025-06-19 08:00:00,2.2365,2.24654,2.23648,2.24351,25501
2025-06-19 12:00:00,2.24351,2.25098,2.24196,2.25048,23128
2025-06-19 16:00:00,2.25048,2.25264,2.24612,2.25028,20187
2025-06-19 20:00:00,2.25028,2.25049,2.24672,2.24683,9973
2025-06-20 00:00:00,2.24392,2.24884,2.24392,2.24691,14080
2025-06-20 04:00:00,2.24691,2.25122,2.24618,2.24722,20883
2025-06-20 08:00:00,2.24722,2.25071,2.24444,2.25028,24481
2025-06-20 12:00:00,2.25028,2.25338,2.24826,2.25314,22363
2025-06-20 16:00:00,2.25316,2.25699,2.25265,2.25479,29844
2025-06-20 20:00:00,2.25479,2.25633,2.25072,2.25151,15957
2025-06-23 00:00:00,2.25125,2.25866,2.24373,2.25449,22043
2025-06-23 04:00:00,2.25449,2.2671,2.25299,2.26441,28103
2025-06-23 08:00:00,2.26441,2.26949,2.26421,2.26841,30833
2025-06-23 12:00:00,2.26841,2.2736,2.26742,2.27069,31037
2025-06-23 16:00:00,2.27069,2.27418,2.26754,2.27121,41127
2025-06-23 20:00:00,2.27114,2.27182,2.26195,2.2623,23542
2025-06-24 00:00:00,2.26115,2.26594,2.25802,2.2592,19571
2025-06-24 04:00:00,2.2592,2.26069,2.25495,2.25509,21557
2025-06-24 08:00:00,2.25509,2.2596,2.25189,2.25811,31642
2025-06-24 12:00:00,2.25808,2.25816,2.2543,2.25781,22649
2025-06-24 16:00:00,2.25781,2.26472,2.25745,2.26305,32894
2025-06-24 20:00:00,2.26305,2.26683,2.26292,2.26649,14376
2025-06-25 00:00:00,2.26605,2.26713,2.26152,2.26216,9264
2025-06-25 04:00:00,2.26216,2.26377,2.25496,2.2584,18923
2025-06-25 08:00:00,2.2584,2.26258,2.2584,2.26107,21840
2025-06-25 12:00:00,2.26108,2.26254,2.259,2.26091,20362
2025-06-25 16:00:00,2.26093,2.26381,2.25951,2.26295,24848
2025-06-25 20:00:00,2.26295,2.26415,2.26174,2.26234,15138
2025-06-26 00:00:00,2.26092,2.26325,2.25851,2.26309,13264
2025-06-26 04:00:00,2.26309,2.26862,2.26137,2.26463,21930
2025-06-26 08:00:00,2.26463,2.26953,2.26442,2.26572,29661
2025-06-26 12:00:00,2.26572,2.26832,2.26349,2.26519,27841
2025-06-26 16:00:00,2.26516,2.26782,2.26279,2.26669,35355
2025-06-26 20:00:00,2.26669,2.26696,2.26362,2.26612,15696
2025-06-27 00:00:00,2.26436,2.26725,2.26263,2.26303,11546
2025-06-27 04:00:00,2.26302,2.26538,2.2621,2.26463,18946
2025-06-27 08:00:00,2.26463,2.26571,2.26156,2.26338,23233
2025-06-27 12:00:00,2.26338,2.26715,2.26269,2.26371,24542
2025-06-27 16:00:00,2.26367,2.26647,2.26028,2.26079,30038
2025-06-27 20:00:00,2.26079,2.26686,2.26052,2.26302,19981
2025-06-30 00:00:00,2.26138,2.26445,2.26001,2.26138,14507
2025-06-30 04:00:00,2.26138,2.26257,2.25885,2.26032,19087
2025-06-30 08:00:00,2.26032,2.2605,2.25577,2.25728,24942
2025-06-30 12:00:00,2.25728,2.26148,2.25633,2.25975,20407
2025-06-30 16:00:00,2.25975,2.25976,2.25109,2.25186,31925
2025-06-30 20:00:00,2.25186,2.25262,2.25062,2.25235,15457
2025-07-01 00:00:00,2.25076,2.2554,2.24905,2.25507,9651
2025-07-01 04:00:00,2.25507,2.25891,2.25492,2.2552,17559
2025-07-01 08:00:00,2.2552,2.25578,2.25104,2.25236,23863
2025-07-01 12:00:00,2.25236,2.25368,2.24984,2.25251,24754
2025-07-01 16:00:00,2.25251,2.25637,2.24905,2.25596,32807
2025-07-01 20:00:00,2.25596,2.25642,2.25354,2.25392,14079
2025-07-02 00:00:00,2.25303,2.25437,2.25057,2.25179,9039
2025-07-02 04:00:00,2.25179,2.25514,2.25137,2.25214,16610
2025-07-02 08:00:00,2.25217,2.25714,2.25206,2.25459,21391
2025-07-02 12:00:00,2.25459,2.25917,2.24572,2.2474,29537
2025-07-02 16:00:00,2.2474,2.2474,2.23916,2.24253,31959
2025-07-02 20:00:00,2.24252,2.2427,2.23759,2.23888,14113
2025-07-03 00:00:00,2.23729,2.24304,2.23569,2.24117,11787
2025-07-03 04:00:00,2.24117,2.2464,2.24117,2.24523,15452
2025-07-03 08:00:00,2.24523,2.25005,2.24515,2.2484,20027
2025-07-03 12:00:00,2.2484,2.25521,2.24713,2.25362,26961
2025-07-03 16:00:00,2.25362,2.25543,2.248,2.24969,35881
2025-07-03 20:00:00,2.24969,2.25017,2.24832,2.24918,8203
2025-07-04 00:00:00,2.2466,2.24993,2.24588,2.24724,10310
2025-07-04 04:00:00,2.24724,2.25379,2.24692,2.25181,17121
2025-07-04 08:00:00,2.25181,2.25499,2.24957,2.25289,20734
2025-07-04 12:00:00,2.25289,2.25313,2.24995,2.2509,19021
2025-07-04 16:00:00,2.2509,2.25508,2.25062,2.25395,16098
2025-07-04 20:00:00,2.25395,2.25544,2.24962,2.25016,51496
2025-07-07 00:00:00,2.25019,2.25945,2.24874,2.25914,11560
2025-07-07 04:00:00,2.25914,2.26579,2.25719,2.2657,21861
2025-07-07 08:00:00,2.26571,2.26666,2.2635,2.26635,25125
2025-07-07 12:00:00,2.26635,2.27177,2.26542,2.27068,20885
2025-07-07 16:00:00,2.27068,2.27116,2.26602,2.26796,26706
2025-07-07 20:00:00,2.26796,2.26919,2.2664,2.26882,19192
2025-07-08 00:00:00,2.26828,2.26908,2.26405,2.26771,11344
2025-07-08 04:00:00,2.26771,2.26824,2.26038,2.26565,19019
2025-07-08 08:00:00,2.26567,2.26732,2.26067,2.2613,24401
2025-07-08 12:00:00,2.2613,2.26219,2.25618,2.25883,20550
2025-07-08 16:00:00,2.25881,2.26656,2.25753,2.26489,31979
2025-07-08 20:00:00,2.26488,2.26719,2.26298,2.26593,17933
2025-07-09 00:00:00,2.2641,2.2678,2.26133,2.26749,9643
2025-07-09 04:00:00,2.26749,2.26991,2.25932,2.26362,18750
2025-07-09 08:00:00,2.26362,2.26843,2.26218,2.26684,22829
2025-07-09 12:00:00,2.26684,2.27239,2.26493,2.26967,20567
2025-07-09 16:00:00,2.26967,2.27063,2.26425,2.26666,25500
2025-07-09 20:00:00,2.26666,2.26749,2.26302,2.26429,14373
2025-07-10 00:00:00,2.26325,2.26716,2.2594,2.26597,10619
2025-07-10 04:00:00,2.26597,2.26663,2.2639,2.26487,13461
2025-07-10 08:00:00,2.26487,2.26575,2.26131,2.26264,15930
2025-07-10 12:00:00,2.26264,2.26307,2.25421,2.25717,16802
2025-07-10 16:00:00,2.25717,2.25977,2.25155,2.25258,28020
2025-07-10 20:00:00,2.25258,2.25341,2.2492,2.25001,12987
2025-07-11 00:00:00,2.24875,2.25499,2.24708,2.25272,15513
2025-07-11 04:00:00,2.25272,2.25487,2.24786,2.25364,20966
2025-07-11 08:00:00,2.25364,2.25536,2.24746,2.25154,22658
2025-07-11 12:00:00,2.25154,2.25326,2.24382,2.24566,23053
2025-07-11 16:00:00,2.24562,2.25019,2.24435,2.24835,28241
2025-07-11 20:00:00,2.24835,2.24932,2.2431,2.24397,14765
2025-07-14 00:00:00,2.2452,2.24877,2.24209,2.24699,13175
2025-07-14 04:00:00,2.24699,2.2546,2.24653,2.25303,19644
2025-07-14 08:00:00,2.25303,2.25353,2.24785,2.25017,21613
2025-07-14 12:00:00,2.25015,2.25245,2.24909,2.25217,17592
2025-07-14 16:00:00,2.25217,2.25327,2.24689,2.24926,25812
2025-07-14 20:00:00,2.24926,2.24933,2.24671,2.24768,11104
2025-07-15 00:00:00,2.24772,2.24902,2.24426,2.2474,10039
2025-07-15 04:00:00,2.2474,2.24795,2.24496,2.24738,14227
2025-07-15 08:00:00,2.24738,2.24788,2.24189,2.24261,17925
2025-07-15 12:00:00,2.24261,2.24447,2.23788,2.24163,21496
2025-07-15 16:00:00,2.24165,2.25381,2.24018,2.2529,35930
2025-07-15 20:00:00,2.2529,2.25291,2.25009,2.25117,13570
2025-07-16 00:00:00,2.24981,2.25185,2.24533,2.24667,8109
2025-07-16 04:00:00,2.24667,2.25227,2.24619,2.25153,14481
2025-07-16 08:00:00,2.25153,2.25469,2.25048,2.25342,20038
2025-07-16 12:00:00,2.25342,2.25632,2.25015,2.25494,21374
2025-07-16 16:00:00,2.25494,2.26171,2.25433,2.2581,50416
2025-07-16 20:00:00,2.2581,2.25836,2.25595,2.25609,17849
2025-07-17 00:00:00,2.25583,2.25936,2.25218,2.25803,11104
2025-07-17 04:00:00,2.25803,2.26403,2.25563,2.25958,17994
2025-07-17 08:00:00,2.25958,2.2657,2.25771,2.26329,24648
2025-07-17 12:00:00,2.2633,2.26674,2.26191,2.26471,21001
2025-07-17 16:00:00,2.26471,2.26641,2.26148,2.26198,25692
2025-07-17 20:00:00,2.26198,2.26325,2.26085,2.26179,12326
2025-07-18 00:00:00,2.26108,2.26244,2.25578,2.2562,9402
2025-07-18 04:00:00,2.2562,2.25659,2.25318,2.2547,14174
2025-07-18 08:00:00,2.2547,2.2561,2.25238,2.25252,17973
2025-07-18 12:00:00,2.25252,2.25298,2.25045,2.25062,17790
2025-07-18 16:00:00,2.25062,2.25122,2.24776,2.24928,28292
2025-07-18 20:00:00,2.24928,2.25066,2.24654,2.24825,12845
2025-07-21 00:00:00,2.24523,2.25744,2.24337,2.2553,13385
2025-07-21 04:00:00,2.2553,2.2579,2.25395,2.25455,16318
2025-07-21 08:00:00,2.25455,2.25793,2.25216,2.25573,20832
2025-07-21 12:00:00,2.25573,2.25965,2.25545,2.2577,19388
2025-07-21 16:00:00,2.2577,2.2592,2.25625,2.25692,24930
2025-07-21 20:00:00,2.25692,2.26045,2.25679,2.2603,11951
2025-07-22 00:00:00,2.25999,2.26265,2.25578,2.26214,9492
2025-07-22 04:00:00,2.26214,2.26288,2.2602,2.26169,13560
2025-07-22 08:00:00,2.26169,2.26906,2.26154,2.26898,19582
2025-07-22 12:00:00,2.26898,2.2693,2.25994,2.26012,18265
2025-07-22 16:00:00,2.26012,2.26059,2.25248,2.25442,31328
2025-07-22 20:00:00,2.25446,2.25549,2.25362,2.2548,13399
2025-07-23 00:00:00,2.25314,2.25687,2.2513,2.2522,13207
2025-07-23 04:00:00,2.2522,2.25377,2.24808,2.24866,20788
2025-07-23 08:00:00,2.24866,2.24902,2.24369,2.24497,21744
2025-07-23 12:00:00,2.24497,2.24516,2.2392,2.24469,19114
2025-07-23 16:00:00,2.24469,2.24955,2.24084,2.24945,29915
2025-07-23 20:00:00,2.24945,2.24981,2.24565,2.24571,17033
2025-07-24 00:00:00,2.24581,2.24759,2.24306,2.24551,10758
2025-07-24 04:00:00,2.24551,2.24603,2.2418,2.24294,21029
2025-07-24 08:00:00,2.24294,2.24444,2.23611,2.23634,22070
2025-07-24 12:00:00,2.23638,2.24081,2.23633,2.23974,20056
2025-07-24 16:00:00,2.23974,2.24217,2.2364,2.23726,32443
2025-07-24 20:00:00,2.23726,2.24104,2.23698,2.24008,15527
2025-07-25 00:00:00,2.23951,2.24082,2.23461,2.23809,11062
2025-07-25 04:00:00,2.23809,2.242,2.23758,2.24093,19423
2025-07-25 08:00:00,2.24093,2.24193,2.23764,2.23991,24889
2025-07-25 12:00:00,2.23991,2.24128,2.23525,2.23725,19436
2025-07-25 16:00:00,2.23725,2.2376,2.23278,2.23303,29733
2025-07-25 20:00:00,2.23303,2.23444,2.23009,2.2318,11810
2025-07-28 00:00:00,2.2301,2.23307,2.22979,2.23053,14139
2025-07-28 04:00:00,2.23053,2.23601,2.22953,2.23531,20653
2025-07-28 08:00:00,2.23531,2.24666,2.23441,2.24585,26953
2025-07-28 12:00:00,2.24585,2.24663,2.24241,2.24513,27364
2025-07-28 16:00:00,2.24514,2.24641,2.24009,2.24037,29042
2025-07-28 20:00:00,2.24037,2.24044,2.23588,2.23652,14050
2025-07-29 00:00:00,2.23599,2.23911,2.23336,2.23806,9257
2025-07-29 04:00:00,2.23806,2.23814,2.23475,2.23647,18022
2025-07-29 08:00:00,2.23647,2.24199,2.23517,2.23871,25737
2025-07-29 12:00:00,2.23871,2.2438,2.23839,2.23939,24374
2025-07-29 16:00:00,2.23939,2.24215,2.2367,2.24075,32663
2025-07-29 20:00:00,2.24075,2.243,2.23942,2.24146,16167
2025-07-30 00:00:00,2.24054,2.24331,2.23753,2.23993,9593
2025-07-30 04:00:00,2.23993,2.24169,2.23808,2.23956,20380
2025-07-30 08:00:00,2.23956,2.24471,2.23798,2.24365,21406
2025-07-30 12:00:00,2.24365,2.25029,2.24326,2.24568,26807
2025-07-30 16:00:00,2.24568,2.24717,2.24425,2.24526,29751
2025-07-30 20:00:00,2.24524,2.2481,2.24089,2.24524,34853
2025-07-31 00:00:00,2.24473,2.24541,2.24089,2.24371,10636
2025-07-31 04:00:00,2.24369,2.24599,2.23903,2.23913,22172
2025-07-31 08:00:00,2.23917,2.24126,2.23626,2.2406,26538
2025-07-31 12:00:00,2.24059,2.24224,2.23844,2.23985,25517
2025-07-31 16:00:00,2.23985,2.24571,2.23759,2.24269,33890
2025-07-31 20:00:00,2.24269,2.24316,2.24117,2.24177,18769
2025-08-01 00:00:00,2.24024,2.24442,2.2364,2.24271,13995
2025-08-01 04:00:00,2.24271,2.24555,2.24203,2.24421,21035
2025-08-01 08:00:00,2.24421,2.24965,2.24383,2.24415,22721
2025-08-01 12:00:00,2.24415,2.24863,2.23986,2.24371,32904
2025-08-01 16:00:00,2.24363,2.2493,2.24239,2.2432,55001
2025-08-01 20:00:00,2.2432,2.24516,2.24124,2.24224,27018
2025-08-04 00:00:00,2.24597,2.24764,2.24129,2.24353,17817
2025-08-04 04:00:00,2.24355,2.24584,2.24138,2.24484,25322
2025-08-04 08:00:00,2.24484,2.24786,2.24441,2.246,29822
2025-08-04 12:00:00,2.246,2.24922,2.24467,2.24663,28903
2025-08-04 16:00:00,2.24663,2.25072,2.24423,2.24975,34713
2025-08-04 20:00:00,2.24975,2.25047,2.24853,2.24866,17706
2025-08-05 00:00:00,2.24775,2.24928,2.24515,2.24886,13512
2025-08-05 04:00:00,2.24886,2.25371,2.2481,2.25213,20416
2025-08-05 08:00:00,2.25213,2.25579,2.25122,2.25579,26549
2025-08-05 12:00:00,2.25577,2.25641,2.25238,2.25413,26851
2025-08-05 16:00:00,2.25413,2.25685,2.25122,2.25569,37227
2025-08-05 20:00:00,2.25569,2.25634,2.2528,2.25327,16842
2025-08-06 00:00:00,2.25184,2.25632,2.24896,2.25025,12152
2025-08-06 04:00:00,2.25025,2.25164,2.24612,2.24673,17907
2025-08-06 08:00:00,2.24673,2.24892,2.24394,2.2442,23041
2025-08-06 12:00:00,2.2442,2.24673,2.24344,2.24451,24756
2025-08-06 16:00:00,2.24447,2.25103,2.24435,2.25046,32263
2025-08-06 20:00:00,2.25046,2.25259,2.24953,2.25257,16931
2025-08-07 00:00:00,2.24969,2.25407,2.24865,2.25161,13371
2025-08-07 04:00:00,2.25161,2.25163,2.24609,2.24699,18696
2025-08-07 08:00:00,2.24699,2.249,2.24209,2.24409,24498
2025-08-07 12:00:00,2.24409,2.2568,2.2437,2.2537,30546
2025-08-07 16:00:00,2.2537,2.26023,2.25133,2.25907,33941
2025-08-07 20:00:00,2.25907,2.25965,2.25447,2.25493,21952
2025-08-08 00:00:00,2.25433,2.25575,2.25146,2.25528,14709
2025-08-08 04:00:00,2.25528,2.25673,2.25272,2.25474,17288
2025-08-08 08:00:00,2.25473,2.2575,2.25169,2.25695,22771
2025-08-08 12:00:00,2.257,2.25908,2.25478,2.25507,24820
2025-08-08 16:00:00,2.25507,2.25966,2.25267,2.25947,26356
2025-08-08 20:00:00,2.25947,2.26124,2.2572,2.25818,15116
2025-08-11 00:00:00,2.25483,2.26057,2.25329,2.26036,9042
2025-08-11 04:00:00,2.26036,2.26261,2.25856,2.26253,17090
2025-08-11 08:00:00,2.26253,2.26595,2.26207,2.26457,21369
2025-08-11 12:00:00,2.26455,2.26592,2.26244,2.26352,23223
2025-08-11 16:00:00,2.26352,2.264,2.25982,2.26216,26790
2025-08-11 20:00:00,2.26216,2.26288,2.26123,2.2615,14689
2025-08-12 00:00:00,2.2611,2.26269,2.25859,2.26013,10230
2025-08-12 04:00:00,2.26013,2.26431,2.25936,2.26288,16749
2025-08-12 08:00:00,2.26288,2.27443,2.26206,2.27413,28311
2025-08-12 12:00:00,2.27413,2.27509,2.26909,2.27135,29358
2025-08-12 16:00:00,2.27136,2.27477,2.26636,2.26905,43455
2025-08-12 20:00:00,2.26906,2.26964,2.26593,2.2668,15698
2025-08-13 00:00:00,2.2643,2.26844,2.26362,2.26842,10422
2025-08-13 04:00:00,2.26842,2.27047,2.26526,2.26672,15514
2025-08-13 08:00:00,2.26672,2.26834,2.26132,2.26544,22943
2025-08-13 12:00:00,2.26544,2.26947,2.26375,2.26847,22758
2025-08-13 16:00:00,2.26847,2.27147,2.26793,2.27143,26172
2025-08-13 20:00:00,2.27143,2.27267,2.27119,2.27169,13340
2025-08-14 00:00:00,2.26938,2.27289,2.26701,2.27028,9703
2025-08-14 04:00:00,2.27028,2.27271,2.26808,2.27116,20276
2025-08-14 08:00:00,2.27116,2.28186,2.27102,2.28168,26457
2025-08-14 12:00:00,2.28165,2.2853,2.28002,2.28506,28353
2025-08-14 16:00:00,2.28506,2.28871,2.285,2.28696,33478
2025-08-14 20:00:00,2.28696,2.28832,2.28574,2.28595,14453
2025-08-15 00:00:00,2.28572,2.28661,2.28156,2.2858,8279
2025-08-15 04:00:00,2.2858,2.29114,2.28486,2.28805,15750
2025-08-15 08:00:00,2.28805,2.28918,2.28522,2.28524,18621
2025-08-15 12:00:00,2.28524,2.28918,2.28493,2.28689,20653
2025-08-15 16:00:00,2.28689,2.28843,2.28469,2.28728,28191
2025-08-15 20:00:00,2.2873,2.28882,2.28718,2.28769,12800
2025-08-18 00:00:00,2.28583,2.28859,2.28433,2.28482,8937
2025-08-18 04:00:00,2.28486,2.28554,2.28306,2.28351,14892
2025-08-18 08:00:00,2.28351,2.28441,2.27961,2.2804,22870
2025-08-18 12:00:00,2.28034,2.28346,2.27956,2.28321,21951
2025-08-18 16:00:00,2.28321,2.28685,2.28141,2.28183,24995
2025-08-18 20:00:00,2.28183,2.28254,2.279,2.27999,12769
2025-08-19 00:00:00,2.2799,2.28315,2.27737,2.27801,10882
2025-08-19 04:00:00,2.27801,2.28019,2.27685,2.27919,19082
2025-08-19 08:00:00,2.27917,2.28534,2.27871,2.28446,22838
2025-08-19 12:00:00,2.28446,2.28448,2.28031,2.28133,20853
2025-08-19 16:00:00,2.28133,2.28755,2.28077,2.28638,24564
2025-08-19 20:00:00,2.28638,2.2896,2.28549,2.2892,12471
2025-08-20 00:00:00,2.2886,2.28926,2.28421,2.28745,12202
2025-08-20 04:00:00,2.28745,2.31457,2.28672,2.31211,24363
2025-08-20 08:00:00,2.31211,2.32159,2.31023,2.31595,25455
2025-08-20 12:00:00,2.31595,2.31832,2.30999,2.3111,20817
2025-08-20 16:00:00,2.3111,2.31571,2.30846,2.30929,26767
2025-08-20 20:00:00,2.30933,2.31086,2.30687,2.30996,15102
2025-08-21 00:00:00,2.31053,2.31259,2.3064,2.31161,10950
2025-08-21 04:00:00,2.31161,2.31286,2.30769,2.3123,15368
2025-08-21 08:00:00,2.31233,2.31374,2.30828,2.31193,21725
2025-08-21 12:00:00,2.31193,2.31299,2.30895,2.31009,23004
2025-08-21 16:00:00,2.31008,2.31045,2.30497,2.30675,33151
2025-08-21 20:00:00,2.30681,2.30694,2.30431,2.30485,13382
2025-08-22 00:00:00,2.30436,2.30823,2.30103,2.30778,9537
2025-08-22 04:00:00,2.30778,2.30841,2.30422,2.30662,17724
2025-08-22 08:00:00,2.30662,2.3092,2.30615,2.30729,19854
2025-08-22 12:00:00,2.30729,2.31137,2.30706,2.30882,20206
2025-08-22 16:00:00,2.30882,2.31017,2.30223,2.30528,44744
2025-08-22 20:00:00,2.30528,2.30608,2.3029,2.30345,16626
2025-08-25 00:00:00,2.30063,2.30627,2.29996,2.30147,12170
2025-08-25 04:00:00,2.30147,2.306,2.30094,2.30365,14715
2025-08-25 08:00:00,2.30365,2.3037,2.2998,2.30153,19737
2025-08-25 12:00:00,2.30153,2.30358,2.30042,2.30275,17944
2025-08-25 16:00:00,2.30275,2.30311,2.29709,2.30041,25370
2025-08-25 20:00:00,2.30041,2.30187,2.2993,2.29941,18688
2025-08-26 00:00:00,2.29921,2.30308,2.29345,2.3023,18784
2025-08-26 04:00:00,2.3023,2.30794,2.30167,2.30385,22761
2025-08-26 08:00:00,2.30387,2.3059,2.30116,2.30553,28599
2025-08-26 12:00:00,2.30541,2.30555,2.30189,2.3022,24369
2025-08-26 16:00:00,2.30221,2.30429,2.29861,2.2988,26659
2025-08-26 20:00:00,2.2988,2.30067,2.29801,2.29928,13666
2025-08-27 00:00:00,2.29885,2.30329,2.29719,2.30107,10374
2025-08-27 04:00:00,2.30107,2.30262,2.29919,2.30112,17463
2025-08-27 08:00:00,2.30112,2.30682,2.3003,2.30647,21771
2025-08-27 12:00:00,2.30647,2.30762,2.30497,2.30729,21403
2025-08-27 16:00:00,2.30729,2.30861,2.30213,2.30256,25748
2025-08-27 20:00:00,2.30254,2.30416,2.30147,2.30386,15684
2025-08-28 00:00:00,2.30339,2.30607,2.30085,2.30471,10805
2025-08-28 04:00:00,2.30471,2.30681,2.30313,2.3045,16192
2025-08-28 08:00:00,2.3045,2.3061,2.30034,2.30102,21739
2025-08-28 12:00:00,2.30102,2.30318,2.29869,2.29899,23249
2025-08-28 16:00:00,2.29899,2.30202,2.29535,2.29651,26472
2025-08-28 20:00:00,2.29651,2.29687,2.29494,2.29599,13059
2025-08-29 00:00:00,2.29584,2.29717,2.29415,2.29419,9984
2025-08-29 04:00:00,2.29419,2.29466,2.29063,2.29152,16446
2025-08-29 08:00:00,2.29154,2.29277,2.28586,2.28662,20378
2025-08-29 12:00:00,2.28662,2.28798,2.28505,2.28616,21322
2025-08-29 16:00:00,2.28616,2.29144,2.28418,2.28879,29539
2025-08-29 20:00:00,2.28879,2.29107,2.28836,2.28882,13217
2025-09-01 00:00:00,2.28785,2.29145,2.28731,2.28866,9323
2025-09-01 04:00:00,2.28867,2.29125,2.28637,2.29098,20542
2025-09-01 08:00:00,2.29096,2.29608,2.28845,2.28879,21961
2025-09-01 12:00:00,2.28879,2.29347,2.28762,2.29347,19295
2025-09-01 16:00:00,2.29347,2.29668,2.29339,2.29471,16175
2025-09-01 20:00:00,2.29471,2.29585,2.29385,2.29409,6656
2025-09-02 00:00:00,2.29331,2.29552,2.29131,2.29317,10459
2025-09-02 04:00:00,2.29317,2.29969,2.29309,2.29884,18722
2025-09-02 08:00:00,2.29884,2.29912,2.28658,2.2899,34846
2025-09-02 12:00:00,2.28992,2.29025,2.2835,2.286,34871
2025-09-02 16:00:00,2.28601,2.28706,2.28191,2.28331,34932
2025-09-02 20:00:00,2.28325,2.28416,2.28165,2.28328,15805
2025-09-03 00:00:00,2.28097,2.28498,2.28062,2.28371,9915
2025-09-03 04:00:00,2.28371,2.28375,2.28021,2.28084,18546
2025-09-03 08:00:00,2.28086,2.28725,2.28038,2.2869,27339
2025-09-03 12:00:00,2.28685,2.28922,2.28512,2.28786,24530
2025-09-03 16:00:00,2.28788,2.28914,2.28473,2.28735,32546
2025-09-03 20:00:00,2.28735,2.28818,2.28614,2.28688,16181
2025-09-04 00:00:00,2.28661,2.28793,2.28409,2.28479,12108
2025-09-04 04:00:00,2.28477,2.28794,2.28299,2.28785,18891
2025-09-04 08:00:00,2.28785,2.29344,2.2878,2.29249,20478
2025-09-04 12:00:00,2.2925,2.29678,2.2916,2.29516,24350
2025-09-04 16:00:00,2.29512,2.30264,2.29302,2.29966,29656
2025-09-04 20:00:00,2.29966,2.30017,2.29756,2.29783,12315
2025-09-05 00:00:00,2.29679,2.29852,2.29489,2.29625,9946
2025-09-05 04:00:00,2.29625,2.2966,2.29358,2.29544,15706
2025-09-05 08:00:00,2.29544,2.29584,2.29071,2.2919,19000
2025-09-05 12:00:00,2.29188,2.29487,2.28646,2.29119,28045
2025-09-05 16:00:00,2.29119,2.2942,2.28867,2.2921,43034
2025-09-05 20:00:00,2.2921,2.29414,2.28907,2.28931,18826
2025-09-08 00:00:00,2.29029,2.29267,2.28715,2.29099,14398
2025-09-08 04:00:00,2.29099,2.29168,2.28663,2.28695,21800
2025-09-08 08:00:00,2.28692,2.28725,2.27982,2.28102,24077
2025-09-08 12:00:00,2.28104,2.28246,2.27866,2.27988,20477
2025-09-08 16:00:00,2.27988,2.28189,2.27898,2.28163,25489
2025-09-08 20:00:00,2.28163,2.28255,2.27982,2.27987,14080
2025-09-09 00:00:00,2.27999,2.28154,2.27795,2.28071,10873
2025-09-09 04:00:00,2.28071,2.2831,2.28071,2.28137,16190
2025-09-09 08:00:00,2.28137,2.2828,2.27987,2.28089,25267
2025-09-09 12:00:00,2.28089,2.28146,2.27809,2.28109,20352
2025-09-09 16:00:00,2.28111,2.28305,2.27805,2.28234,31724
2025-09-09 20:00:00,2.28233,2.28332,2.28157,2.28222,15132
2025-09-10 00:00:00,2.28113,2.28311,2.27656,2.28141,12236
2025-09-10 04:00:00,2.28141,2.28286,2.27606,2.27639,19346
2025-09-10 08:00:00,2.27639,2.27909,2.27525,2.27771,23337
2025-09-10 12:00:00,2.27765,2.28009,2.27416,2.27629,26204
2025-09-10 16:00:00,2.27622,2.27805,2.27344,2.27614,28789
2025-09-10 20:00:00,2.27614,2.27795,2.27409,2.27775,14077
2025-09-11 00:00:00,2.27601,2.27891,2.27329,2.27867,10854
2025-09-11 04:00:00,2.27874,2.27971,2.27571,2.27827,15395
2025-09-11 08:00:00,2.27827,2.2807,2.27667,2.27968,22605
2025-09-11 12:00:00,2.2797,2.28218,2.27678,2.27883,30313
2025-09-11 16:00:00,2.27879,2.28011,2.27157,2.27337,35136
2025-09-11 20:00:00,2.27336,2.27426,2.26998,2.2703,16085
2025-09-12 00:00:00,2.27047,2.27439,2.26638,2.27091,11361
2025-09-12 04:00:00,2.27091,2.27177,2.26928,2.27129,17496
2025-09-12 08:00:00,2.27129,2.27434,2.27051,2.27389,22817
2025-09-12 12:00:00,2.27389,2.27784,2.2731,2.2777,23471
2025-09-12 16:00:00,2.27782,2.27915,2.27532,2.27813,27328
2025-09-12 20:00:00,2.27813,2.27864,2.27526,2.27533,15019
2025-09-15 00:00:00,2.27515,2.27757,2.27212,2.27642,12260
2025-09-15 04:00:00,2.27642,2.27678,2.27391,2.27496,19499
2025-09-15 08:00:00,2.27499,2.28103,2.2748,2.27896,25017
2025-09-15 12:00:00,2.27896,2.28539,2.27872,2.28209,23446
2025-09-15 16:00:00,2.28209,2.28296,2.27837,2.27981,27764
2025-09-15 20:00:00,2.27981,2.27996,2.27693,2.27717,15504
2025-09-16 00:00:00,2.27733,2.28168,2.27481,2.28118,10146
2025-09-16 04:00:00,2.28118,2.28489,2.28037,2.28356,19230
2025-09-16 08:00:00,2.28356,2.28468,2.2804,2.28359,24242
2025-09-16 12:00:00,2.28355,2.28515,2.2813,2.28442,23655
2025-09-16 16:00:00,2.28438,2.28699,2.28145,2.2818,25586
2025-09-16 20:00:00,2.2818,2.28226,2.2777,2.27847,13086
2025-09-17 00:00:00,2.27822,2.28175,2.27633,2.28099,9295
2025-09-17 04:00:00,2.28099,2.28311,2.28061,2.28177,10478
2025-09-17 08:00:00,2.28177,2.28495,2.28137,2.28365,13793
2025-09-17 12:00:00,2.28365,2.28569,2.28013,2.28103,14001
2025-09-17 16:00:00,2.28103,2.28957,2.28078,2.28912,17845
2025-09-17 20:00:00,2.28914,2.29073,2.28137,2.28429,43894
2025-09-18 00:00:00,2.28174,2.30128,2.28089,2.30125,13274
2025-09-18 04:00:00,2.30125,2.30335,2.29634,2.30144,16298
2025-09-18 08:00:00,2.30144,2.31491,2.30074,2.31451,21146
2025-09-18 12:00:00,2.31451,2.31502,2.30473,2.30723,27571
2025-09-18 16:00:00,2.30726,2.30789,2.3025,2.30412,39099
2025-09-18 20:00:00,2.30414,2.30519,2.30291,2.30361,15896
2025-09-19 00:00:00,2.30353,2.30419,2.29788,2.3024,14402
2025-09-19 04:00:00,2.3024,2.30788,2.30057,2.30699,24196
2025-09-19 08:00:00,2.30699,2.30852,2.2965,2.29703,31777
2025-09-19 12:00:00,2.29703,2.30051,2.29631,2.29904,24587
2025-09-19 16:00:00,2.29904,2.30386,2.29808,2.30114,32935
2025-09-19 20:00:00,2.30114,2.30136,2.29863,2.29884,15494
2025-09-22 00:00:00,2.29327,2.30228,2.29277,2.30222,14509
2025-09-22 04:00:00,2.30221,2.30335,2.29646,2.29722,22262
2025-09-22 08:00:00,2.29722,2.30627,2.29715,2.30342,26141
2025-09-22 12:00:00,2.30342,2.30505,2.30155,2.30412,24418
2025-09-22 16:00:00,2.3041,2.3067,2.30249,2.30382,27910
2025-09-22 20:00:00,2.30382,2.30382,2.30205,2.30232,11883
2025-09-23 00:00:00,2.30186,2.30559,2.29983,2.30559,14355
2025-09-23 04:00:00,2.30559,2.31018,2.30529,2.30975,19518
2025-09-23 08:00:00,2.30975,2.31164,2.30221,2.30347,30678
2025-09-23 12:00:00,2.30347,2.3076,2.30181,2.30676,26855
2025-09-23 16:00:00,2.30678,2.30937,2.30562,2.3079,34344
2025-09-23 20:00:00,2.30786,2.30954,2.3064,2.30828,20193
2025-09-24 00:00:00,2.30822,2.31027,2.30553,2.30803,14441
2025-09-24 04:00:00,2.30803,2.30933,2.30375,2.30534,18976
2025-09-24 08:00:00,2.30534,2.30781,2.30225,2.30615,22683
2025-09-24 12:00:00,2.30619,2.30801,2.30566,2.30687,23306
2025-09-24 16:00:00,2.30685,2.3145,2.30622,2.31352,30985
2025-09-24 20:00:00,2.31352,2.31514,2.31208,2.31277,14332
2025-09-25 00:00:00,2.31115,2.31413,2.30363,2.31386,14024
2025-09-25 04:00:00,2.31386,2.31594,2.30974,2.31151,16582
2025-09-25 08:00:00,2.31151,2.31391,2.3081,2.30829,24085
2025-09-25 12:00:00,2.30834,2.31209,2.3074,2.30957,27324
2025-09-25 16:00:00,2.30957,2.3179,2.30903,2.31124,42558
2025-09-25 20:00:00,2.31125,2.31436,2.31098,2.31314,19867
2025-09-26 00:00:00,2.31303,2.31602,2.30824,2.31473,14680
2025-09-26 04:00:00,2.31469,2.31624,2.31384,2.31458,16014
2025-09-26 08:00:00,2.31458,2.31913,2.31407,2.31833,22491
2025-09-26 12:00:00,2.31833,2.31985,2.31713,2.31967,25121
2025-09-26 16:00:00,2.31971,2.32444,2.3188,2.32141,37017
2025-09-26 20:00:00,2.32143,2.32283,2.31919,2.31928,13733
2025-09-29 00:00:00,2.31445,2.32306,2.31275,2.3229,11433
2025-09-29 04:00:00,2.3229,2.32523,2.31997,2.3204,17676
2025-09-29 08:00:00,2.3204,2.32298,2.31999,2.32005,24728
2025-09-29 12:00:00,2.32001,2.32487,2.31968,2.324,24876
2025-09-29 16:00:00,2.324,2.3258,2.31849,2.32287,31303
2025-09-29 20:00:00,2.32287,2.32538,2.32219,2.32456,12490
2025-09-30 00:00:00,2.32236,2.32553,2.31973,2.32283,11624
2025-09-30 04:00:00,2.32283,2.32357,2.31816,2.32027,18378
2025-09-30 08:00:00,2.32033,2.32264,2.31623,2.31803,28171
2025-09-30 12:00:00,2.31805,2.32113,2.31788,2.31915,21757
2025-09-30 16:00:00,2.31917,2.3203,2.31555,2.31997,33689
2025-09-30 20:00:00,2.31997,2.32071,2.31913,2.32021,15446
2025-10-01 00:00:00,2.32,2.32139,2.31427,2.32095,14964
2025-10-01 04:00:00,2.32095,2.32246,2.31993,2.32024,16854
2025-10-01 08:00:00,2.32024,2.32145,2.31495,2.31582,29245
2025-10-01 12:00:00,2.31582,2.32117,2.31564,2.31955,32508
2025-10-01 16:00:00,2.31961,2.32285,2.3171,2.31758,40444
2025-10-01 20:00:00,2.31761,2.31847,2.31621,2.31658,15022
2025-10-02 00:00:00,2.31634,2.31787,2.31438,2.31621,11031
2025-10-02 04:00:00,2.31621,2.31702,2.31081,2.31131,15387
2025-10-02 08:00:00,2.31131,2.31298,2.30854,2.31271,23672
2025-10-02 12:00:00,2.31267,2.31479,2.31137,2.31291,22919
2025-10-02 16:00:00,2.31292,2.31314,2.30811,2.30957,33439
2025-10-02 20:00:00,2.30961,2.31129,2.30941,2.30991,13542
2025-10-03 00:00:00,2.30855,2.31178,2.30657,2.30991,11051
2025-10-03 04:00:00,2.3099,2.31118,2.30795,2.31056,15552
2025-10-03 08:00:00,2.31056,2.31072,2.30659,2.30762,21872
2025-10-03 12:00:00,2.30768,2.30867,2.30421,2.30672,21561
2025-10-03 16:00:00,2.30672,2.31174,2.30666,2.31033,31537
2025-10-03 20:00:00,2.31033,2.31158,2.30897,2.30912,14796
2025-10-06 00:00:00,2.30685,2.3105,2.30519,2.30599,22643
2025-10-06 04:00:00,2.30599,2.3075,2.30411,2.30618,19857
2025-10-06 08:00:00,2.30619,2.30876,2.30354,2.30836,33369
2025-10-06 12:00:00,2.30832,2.31136,2.3042,2.3043,28667
2025-10-06 16:00:00,2.30426,2.30939,2.30397,2.3076,29481
2025-10-06 20:00:00,2.30758,2.30898,2.30735,2.30794,12717
2025-10-07 00:00:00,2.30698,2.31295,2.30571,2.3126,12103
2025-10-07 04:00:00,2.31262,2.31354,2.30847,2.31172,13793
2025-10-07 08:00:00,2.31172,2.31443,2.31128,2.31366,26421
2025-10-07 12:00:00,2.31364,2.31417,2.30706,2.30967,24787
2025-10-07 16:00:00,2.30969,2.31676,2.30778,2.31562,33195
2025-10-07 20:00:00,2.31562,2.3172,2.31423,2.31434,17329
2025-10-08 00:00:00,2.3131,2.31609,2.31288,2.31407,12637
2025-10-08 04:00:00,2.31417,2.33535,2.31357,2.33172,24389
2025-10-08 08:00:00,2.33172,2.33422,2.32782,2.32899,27971
2025-10-08 12:00:00,2.32899,2.32899,2.32016,2.32205,25688
2025-10-08 16:00:00,2.32205,2.32582,2.31618,2.31725,30503
2025-10-08 20:00:00,2.31723,2.31786,2.31487,2.31582,18659
2025-10-09 00:00:00,2.31573,2.31759,2.31319,2.31545,12721
2025-10-09 04:00:00,2.31545,2.31598,2.30957,2.31077,15043
2025-10-09 08:00:00,2.31077,2.31782,2.31024,2.31649,28106
2025-10-09 12:00:00,2.31653,2.3169,2.31208,2.31506,26961
2025-10-09 16:00:00,2.31508,2.3193,2.31359,2.31551,45846
2025-10-09 20:00:00,2.31567,2.31588,2.31414,2.31528,20129
2025-10-10 00:00:00,2.31351,2.3154,2.30737,2.31258,12064
2025-10-10 04:00:00,2.31254,2.31371,2.31101,2.31217,15369
2025-10-10 08:00:00,2.31217,2.31474,2.31074,2.31188,28897
2025-10-10 12:00:00,2.31186,2.31225,2.30695,2.30849,26372
2025-10-10 16:00:00,2.30849,2.33296,2.30777,2.33223,52805
2025-10-10 20:00:00,2.33223,2.33416,2.32996,2.33175,23108
2025-10-13 00:00:00,2.32227,2.33085,2.31901,2.32796,22184
2025-10-13 04:00:00,2.32796,2.32913,2.32456,2.3275,19893
2025-10-13 08:00:00,2.3275,2.32922,2.32356,2.32505,31707
2025-10-13 12:00:00,2.32505,2.33137,2.32429,2.3303,27608
2025-10-13 16:00:00,2.33034,2.33067,2.32439,2.32457,31636
2025-10-13 20:00:00,2.32457,2.32868,2.32423,2.32844,11679
2025-10-14 00:00:00,2.32835,2.33256,2.32409,2.33041,11440
2025-10-14 04:00:00,2.33043,2.34031,2.32993,2.33946,20476
2025-10-14 08:00:00,2.33947,2.34348,2.32888,2.3342,39114
2025-10-14 12:00:00,2.33422,2.33474,2.32771,2.3299,34224
2025-10-14 16:00:00,2.3299,2.33294,2.32639,2.32858,44196
2025-10-14 20:00:00,2.32858,2.33339,2.32854,2.33015,19833
2025-10-15 00:00:00,2.32869,2.3353,2.32617,2.3336,10854
2025-10-15 04:00:00,2.3336,2.33453,2.33049,2.33337,17587
2025-10-15 08:00:00,2.33337,2.33613,2.32996,2.33046,28350
2025-10-15 12:00:00,2.3305,2.33447,2.32944,2.33431,26712
2025-10-15 16:00:00,2.33433,2.34158,2.33151,2.34059,37315
2025-10-15 20:00:00,2.34057,2.3445,2.33985,2.34122,19252
2025-10-16 00:00:00,2.34088,2.34795,2.3366,2.3426,15485
2025-10-16 04:00:00,2.34258,2.34289,2.33529,2.33538,18683
2025-10-16 08:00:00,2.33537,2.34217,2.33374,2.34213,30159
2025-10-16 12:00:00,2.34212,2.34375,2.33908,2.34365,26103
2025-10-16 16:00:00,2.34365,2.34658,2.3399,2.34266,42961
2025-10-16 20:00:00,2.34266,2.34812,2.34222,2.34665,22160
2025-10-17 00:00:00,2.34647,2.34912,2.34212,2.34763,11100
2025-10-17 04:00:00,2.34763,2.35001,2.34503,2.34646,18201
2025-10-17 08:00:00,2.34646,2.35235,2.34579,2.3468,31182
2025-10-17 12:00:00,2.3468,2.34889,2.34008,2.34605,30306
2025-10-17 16:00:00,2.34592,2.34798,2.34079,2.34436,34609
2025-10-17 20:00:00,2.34436,2.34507,2.34057,2.34491,17179
2025-10-20 00:00:00,2.33909,2.34522,2.33838,2.34186,10501
2025-10-20 04:00:00,2.34186,2.34367,2.33939,2.34232,13411
2025-10-20 08:00:00,2.34228,2.34265,2.33828,2.33986,21781
2025-10-20 12:00:00,2.33985,2.34375,2.33937,2.34187,22597
2025-10-20 16:00:00,2.34187,2.34248,2.33257,2.3338,24077
2025-10-20 20:00:00,2.3338,2.33471,2.33168,2.33328,9807
2025-10-21 00:00:00,2.33313,2.33441,2.33013,2.33266,7884
2025-10-21 04:00:00,2.33266,2.33841,2.33238,2.33733,14812
2025-10-21 08:00:00,2.33733,2.34421,2.33697,2.34089,28491
2025-10-21 12:00:00,2.34089,2.34207,2.33561,2.33644,26535
2025-10-21 16:00:00,2.33642,2.33814,2.32839,2.32875,34714
2025-10-21 20:00:00,2.32875,2.32912,2.32694,2.32847,13268
2025-10-22 00:00:00,2.3282,2.32939,2.32631,2.32901,10396
2025-10-22 04:00:00,2.32901,2.32998,2.32541,2.32609,13059
2025-10-22 08:00:00,2.32609,2.3266,2.31403,2.31751,28807
2025-10-22 12:00:00,2.31751,2.32348,2.31668,2.32026,24627
2025-10-22 16:00:00,2.32026,2.32898,2.31935,2.32616,32196
2025-10-22 20:00:00,2.32616,2.32934,2.326,2.32711,15493
2025-10-23 00:00:00,2.32571,2.3281,2.32403,2.32474,9306
2025-10-23 04:00:00,2.32474,2.32915,2.32398,2.32757,11291
2025-10-23 08:00:00,2.32757,2.32861,2.32171,2.32366,18364
2025-10-23 12:00:00,2.32366,2.32381,2.32149,2.32274,17031
2025-10-23 16:00:00,2.3228,2.32315,2.31541,2.31616,24182
2025-10-23 20:00:00,2.31616,2.3171,2.31425,2.31631,9242
2025-10-24 00:00:00,2.31606,2.3169,2.31407,2.31575,11433
2025-10-24 04:00:00,2.31575,2.31822,2.31516,2.31746,14535
2025-10-24 08:00:00,2.31746,2.31991,2.31464,2.31906,23168
2025-10-24 12:00:00,2.31906,2.32087,2.30959,2.31748,25470
2025-10-24 16:00:00,2.31748,2.32003,2.31336,2.31369,32153
2025-10-24 20:00:00,2.31369,2.31653,2.31344,2.31422,10585
2025-10-27 00:00:00,2.30297,2.3137,2.30293,2.31257,13033
2025-10-27 04:00:00,2.31257,2.31459,2.31087,2.31309,14051
2025-10-27 08:00:00,2.31309,2.31502,2.31013,2.31393,19915
2025-10-27 12:00:00,2.31395,2.31684,2.31325,2.31561,21950
2025-10-27 16:00:00,2.31561,2.31613,2.31178,2.3129,23535
2025-10-27 20:00:00,2.3129,2.31382,2.30993,2.31111,11223
2025-10-28 00:00:00,2.31124,2.31147,2.30885,2.31102,10936
2025-10-28 04:00:00,2.31106,2.3135,2.31063,2.31133,16513
2025-10-28 08:00:00,2.31133,2.3154,2.3069,2.30906,21158
2025-10-28 12:00:00,2.30904,2.30926,2.30287,2.30359,22848
2025-10-28 16:00:00,2.30359,2.30432,2.29409,2.29587,28688
2025-10-28 20:00:00,2.29587,2.29693,2.29398,2.29499,11942
2025-10-29 00:00:00,2.29467,2.29814,2.29262,2.29629,11548
2025-10-29 04:00:00,2.29628,2.29828,2.29047,2.2924,15024
2025-10-29 08:00:00,2.2924,2.29255,2.28228,2.28705,21033
2025-10-29 12:00:00,2.28705,2.28805,2.28377,2.2843,22969
2025-10-29 16:00:00,2.28432,2.2855,2.28052,2.2819,27822
2025-10-29 20:00:00,2.2819,2.28964,2.27965,2.28881,40154
2025-10-30 00:00:00,2.28879,2.29066,2.28594,2.28631,11606
2025-10-30 04:00:00,2.28631,2.28878,2.28295,2.28402,23876
2025-10-30 08:00:00,2.28402,2.28823,2.28355,2.28778,27050
2025-10-30 12:00:00,2.28782,2.29314,2.28504,2.29252,25522
2025-10-30 16:00:00,2.2925,2.29378,2.28761,2.28983,31470
2025-10-30 20:00:00,2.28983,2.29125,2.28883,2.28976,12687
2025-10-31 00:00:00,2.28862,2.29253,2.28739,2.29193,9620
2025-10-31 04:00:00,2.29193,2.29608,2.29159,2.29485,13644
2025-10-31 08:00:00,2.29483,2.29963,2.29483,2.29662,17882
2025-10-31 12:00:00,2.29662,2.29754,2.29255,2.29301,20789
2025-10-31 16:00:00,2.29303,2.2966,2.28937,2.29494,29442
2025-10-31 20:00:00,2.29493,2.29723,2.29493,2.29561,11791
2025-11-03 00:00:00,2.29224,2.29882,2.29197,2.29834,14455
2025-11-03 04:00:00,2.29834,2.29881,2.29378,2.29428,11268
2025-11-03 08:00:00,2.29428,2.29694,2.29289,2.296,18059
2025-11-03 12:00:00,2.29606,2.29978,2.29552,2.29909,17285
2025-11-03 16:00:00,2.29909,2.30631,2.29815,2.30292,24568
2025-11-03 20:00:00,2.30288,2.30307,2.30066,2.30195,9373
2025-11-04 00:00:00,2.30199,2.30734,2.29923,2.30523,13616
2025-11-04 04:00:00,2.30523,2.31018,2.30365,2.30988,16052
2025-11-04 08:00:00,2.30988,2.31233,2.30279,2.30711,27525
2025-11-04 12:00:00,2.30711,2.30863,2.30594,2.30652,20235
2025-11-04 16:00:00,2.30652,2.30766,2.30183,2.30328,24050
2025-11-04 20:00:00,2.30328,2.31014,2.30163,2.30653,11688
2025-11-05 00:00:00,2.30635,2.31095,2.29727,2.30933,15635
2025-11-05 04:00:00,2.30935,2.30964,2.30138,2.30354,15109
2025-11-05 08:00:00,2.30356,2.30902,2.30256,2.30889,18470
2025-11-05 12:00:00,2.30889,2.31153,2.30675,2.30802,19600
2025-11-05 16:00:00,2.30804,2.30931,2.30279,2.30375,28106
2025-11-05 20:00:00,2.30375,2.30553,2.30245,2.30474,9669
2025-11-06 00:00:00,2.30453,2.30897,2.30274,2.30569,10596
2025-11-06 04:00:00,2.3057,2.3078,2.30438,2.30775,11575
2025-11-06 08:00:00,2.30775,2.31189,2.3068,2.31089,20345
2025-11-06 12:00:00,2.31089,2.31584,2.30809,2.31531,24874
2025-11-06 16:00:00,2.31531,2.33079,2.31506,2.32878,32250
2025-11-06 20:00:00,2.32879,2.33202,2.32824,2.33088,15849
2025-11-07 00:00:00,2.33033,2.33335,2.32652,2.33166,13899
2025-11-07 04:00:00,2.33166,2.33591,2.33139,2.33487,13825
2025-11-07 08:00:00,2.33487,2.34116,2.33088,2.33192,18517
2025-11-07 12:00:00,2.33191,2.33626,2.33121,2.33562,23148
2025-11-07 16:00:00,2.33562,2.34498,2.33487,2.34232,29360
2025-11-07 20:00:00,2.34232,2.34283,2.33643,2.33771,16740
2025-11-10 00:00:00,2.33339,2.33869,2.33221,2.33613,18218
2025-11-10 04:00:00,2.33613,2.33722,2.33311,2.33397,15852
2025-11-10 08:00:00,2.33397,2.33578,2.33144,2.33152,23157
2025-11-10 12:00:00,2.33154,2.33727,2.33062,2.33578,18805
2025-11-10 16:00:00,2.33578,2.33764,2.33313,2.33426,25359
2025-11-10 20:00:00,2.33426,2.3352,2.33314,2.33359,11430
2025-11-11 00:00:00,2.33265,2.33494,2.32943,2.33433,12318
2025-11-11 04:00:00,2.33433,2.33694,2.33212,2.33681,14473
2025-11-11 08:00:00,2.33681,2.33688,2.32421,2.32663,22527
2025-11-11 12:00:00,2.32663,2.32925,2.32456,2.32517,21497
2025-11-11 16:00:00,2.32517,2.33163,2.32338,2.32776,25098
2025-11-11 20:00:00,2.32779,2.32832,2.32505,2.32533,12840
2025-11-12 00:00:00,2.325,2.32683,2.32267,2.32292,10149
2025-11-12 04:00:00,2.32292,2.32562,2.32153,2.32321,12348
2025-11-12 08:00:00,2.32321,2.32667,2.3186,2.31936,20004
2025-11-12 12:00:00,2.31934,2.32236,2.31431,2.3153,21404
2025-11-12 16:00:00,2.3153,2.32033,2.31174,2.31967,26730
2025-11-12 20:00:00,2.31961,2.31981,2.31642,2.31729,12748
2025-11-13 00:00:00,2.3153,2.3227,2.31079,2.3199,16926
2025-11-13 04:00:00,2.3199,2.32371,2.3177,2.32338,15091
2025-11-13 08:00:00,2.32338,2.32778,2.31267,2.31808,25213
2025-11-13 12:00:00,2.31808,2.32611,2.31806,2.32484,25219
2025-11-13 16:00:00,2.3248,2.32945,2.32213,2.32903,33878
2025-11-13 20:00:00,2.32898,2.33475,2.32882,2.33276,19644
2025-11-14 00:00:00,2.33191,2.33535,2.31603,2.31619,16010
2025-11-14 04:00:00,2.31617,2.3172,2.31084,2.31164,17232
2025-11-14 08:00:00,2.31166,2.32427,2.31124,2.31786,28103
2025-11-14 12:00:00,2.31796,2.31965,2.31292,2.31784,26873
2025-11-14 16:00:00,2.31784,2.31841,2.30865,2.31605,34330
2025-11-14 20:00:00,2.31605,2.32014,2.31585,2.3182,16205
2025-11-17 00:00:00,2.31386,2.32387,2.31386,2.32281,12815
2025-11-17 04:00:00,2.32281,2.32326,2.31728,2.3176,11324
2025-11-17 08:00:00,2.3176,2.3229,2.31566,2.32178,20044
2025-11-17 12:00:00,2.32177,2.32776,2.32035,2.32583,23043
2025-11-17 16:00:00,2.32587,2.32796,2.32094,2.32316,27283
2025-11-17 20:00:00,2.32319,2.3282,2.32262,2.3246,17562
2025-11-18 00:00:00,2.3246,2.32727,2.32025,2.32444,13817
2025-11-18 04:00:00,2.32445,2.33204,2.32397,2.32789,19672
2025-11-18 08:00:00,2.32787,2.32863,2.32093,2.32144,25965
2025-11-18 12:00:00,2.32146,2.32332,2.31704,2.32013,24019
2025-11-18 16:00:00,2.32013,2.32914,2.31988,2.32073,36282
2025-11-18 20:00:00,2.32075,2.32444,2.31959,2.32309,18477
2025-11-19 00:00:00,2.3226,2.3299,2.32116,2.32908,13751
2025-11-19 04:00:00,2.3291,2.33454,2.32716,2.33285,17246
2025-11-19 08:00:00,2.33285,2.3334,2.32901,2.33021,22845
2025-11-19 12:00:00,2.33021,2.33353,2.32682,2.33293,23292
2025-11-19 16:00:00,2.33297,2.33593,2.33029,2.33563,33606
2025-11-19 20:00:00,2.33565,2.33587,2.32885,2.33006,22011
2025-11-20 00:00:00,2.32976,2.33046,2.32493,2.32805,13141
2025-11-20 04:00:00,2.32805,2.33036,2.32521,2.32915,15478
2025-11-20 08:00:00,2.32913,2.33288,2.32694,2.32913,21280
2025-11-20 12:00:00,2.32913,2.33019,2.3233,2.32756,26030
2025-11-20 16:00:00,2.32756,2.33801,2.32536,2.33645,43415
2025-11-20 20:00:00,2.33642,2.34136,2.33422,2.34112,21947
2025-11-21 00:00:00,2.34012,2.34186,2.33335,2.33814,17948
2025-11-21 04:00:00,2.33814,2.34108,2.33712,2.33898,18630
2025-11-21 08:00:00,2.33894,2.339,2.33341,2.33466,30629
2025-11-21 12:00:00,2.33468,2.33715,2.33265,2.33407,35719
2025-11-21 16:00:00,2.33407,2.34106,2.33398,2.33581,41751
2025-11-21 20:00:00,2.33581,2.33756,2.33318,2.33319,18735
2025-11-24 00:00:00,2.33219,2.33604,2.33178,2.33428,13709
2025-11-24 04:00:00,2.33434,2.33792,2.33253,2.33744,19808
2025-11-24 08:00:00,2.33744,2.33927,2.33347,2.33768,25547
2025-11-24 12:00:00,2.33768,2.33913,2.33277,2.33679,23255
2025-11-24 16:00:00,2.33683,2.33825,2.3327,2.33577,27777
2025-11-24 20:00:00,2.33574,2.33726,2.33478,2.33518,13063
2025-11-25 00:00:00,2.33524,2.3378,2.33279,2.33476,13848
2025-11-25 04:00:00,2.33476,2.34027,2.33464,2.33776,15796
2025-11-25 08:00:00,2.33776,2.34508,2.33748,2.34252,20181
2025-11-25 12:00:00,2.34251,2.34692,2.34115,2.34586,26098
2025-11-25 16:00:00,2.34585,2.35528,2.34553,2.34739,37039
2025-11-25 20:00:00,2.34737,2.34996,2.34106,2.34217,18963
2025-11-26 00:00:00,2.34143,2.34429,2.31968,2.32484,22874
2025-11-26 04:00:00,2.3249,2.32561,2.31577,2.31798,22277
2025-11-26 08:00:00,2.31798,2.3251,2.31738,2.32092,25395
2025-11-26 12:00:00,2.32092,2.32949,2.31635,2.32648,37019
2025-11-26 16:00:00,2.32637,2.32809,2.32055,2.32308,32373
2025-11-26 20:00:00,2.32308,2.32516,2.3219,2.32347,14545
2025-11-27 00:00:00,2.32254,2.3238,2.31719,2.31723,13900
2025-11-27 04:00:00,2.31723,2.3179,2.31321,2.31592,18674
2025-11-27 08:00:00,2.31584,2.31895,2.31053,2.31195,21067
2025-11-27 12:00:00,2.31195,2.31778,2.31163,2.31585,17451
2025-11-27 16:00:00,2.31584,2.31618,2.31027,2.31291,13611
2025-11-27 20:00:00,2.31291,2.31384,2.31054,2.31066,6856
2025-11-28 00:00:00,2.30841,2.31246,2.30761,2.31186,15817
2025-11-28 04:00:00,2.31182,2.31584,2.31107,2.31392,53856
2025-11-28 08:00:00,2.31395,2.31622,2.3113,2.31335,72582
2025-11-28 12:00:00,2.31331,2.31611,2.31101,2.31188,81103
2025-11-28 16:00:00,2.31188,2.31295,2.30423,2.3067,33866
2025-11-28 20:00:00,2.3067,2.30943,2.30571,2.30646,31847
2025-12-01 00:00:00,2.30687,2.31057,2.30506,2.30678,21780
2025-12-01 04:00:00,2.30682,2.30971,2.30627,2.30776,17742
2025-12-01 08:00:00,2.30776,2.30802,2.30316,2.30623,24923
2025-12-01 12:00:00,2.30623,2.30975,2.30532,2.30925,24777
2025-12-01 16:00:00,2.30926,2.31021,2.30453,2.30518,30067
2025-12-01 20:00:00,2.30513,2.30771,2.30458,2.306,12725
2025-12-02 00:00:00,2.30403,2.30907,2.30403,2.30717,8100
2025-12-02 04:00:00,2.30717,2.30933,2.30641,2.30674,8145
2025-12-02 08:00:00,2.30674,2.31127,2.30477,2.31044,17575
2025-12-02 12:00:00,2.3104,2.31047,2.30425,2.30443,19891
2025-12-02 16:00:00,2.30443,2.30482,2.29884,2.30354,27962
2025-12-02 20:00:00,2.30354,2.30475,2.3023,2.30245,11740
2025-12-03 00:00:00,2.30185,2.30502,2.29876,2.30166,9901
2025-12-03 04:00:00,2.30166,2.30177,2.29938,2.30025,9803
2025-12-03 08:00:00,2.30025,2.3134,2.30015,2.31248,19613
2025-12-03 12:00:00,2.31248,2.31566,2.30983,2.31399,19777
2025-12-03 16:00:00,2.31401,2.31885,2.3104,2.31157,29510
2025-12-03 20:00:00,2.31153,2.31253,2.31034,2.31206,11343
2025-12-04 00:00:00,2.3098,2.31336,2.30959,2.31276,8658
2025-12-04 04:00:00,2.31276,2.31373,2.30961,2.31103,11055
2025-12-04 08:00:00,2.31105,2.31275,2.3084,2.31164,18021
2025-12-04 12:00:00,2.31164,2.3159,2.31055,2.31441,21142
2025-12-04 16:00:00,2.31445,2.31787,2.31075,2.31129,25224
2025-12-04 20:00:00,2.31129,2.31363,2.31042,2.31219,12490
2025-12-05 00:00:00,2.31144,2.31367,2.30697,2.31128,15166
2025-12-05 04:00:00,2.31128,2.31322,2.31026,2.31267,9593
2025-12-05 08:00:00,2.31266,2.31322,2.3105,2.31106,16697
2025-12-05 12:00:00,2.31107,2.31213,2.30814,2.30962,17762
2025-12-05 16:00:00,2.30962,2.31129,2.30603,2.30798,28986
2025-12-05 20:00:00,2.30798,2.30958,2.30618,2.30679,13462
2025-12-08 00:00:00,2.30321,2.30961,2.30185,2.30394,17319
2025-12-08 04:00:00,2.30394,2.30677,2.30344,2.30507,11218
2025-12-08 08:00:00,2.30505,2.30774,2.30081,2.30233,21834
2025-12-08 12:00:00,2.30233,2.30591,2.30092,2.30302,20168
2025-12-08 16:00:00,2.30302,2.31122,2.30247,2.30609,29081
2025-12-08 20:00:00,2.3061,2.30889,2.30537,2.30636,11497
2025-12-09 00:00:00,2.30607,2.30942,2.30363,2.3085,10932
2025-12-09 04:00:00,2.3085,2.30876,2.30168,2.30368,16689
2025-12-09 08:00:00,2.30369,2.3089,2.30321,2.30387,21650
2025-12-09 12:00:00,2.30386,2.30533,2.30054,2.30136,23173
2025-12-09 16:00:00,2.30138,2.30333,2.29632,2.30117,31851
2025-12-09 20:00:00,2.30117,2.30256,2.29966,2.29992,14229
2025-12-10 00:00:00,2.29752,2.30602,2.29752,2.30591,11778
2025-12-10 04:00:00,2.30589,2.30859,2.30374,2.30378,13707
2025-12-10 08:00:00,2.30382,2.30454,2.30025,2.30078,19514
2025-12-10 12:00:00,2.30075,2.30567,2.29951,2.30545,20538
2025-12-10 16:00:00,2.30545,2.30677,2.30403,2.3059,26343
2025-12-10 20:00:00,2.3059,2.30624,2.29823,2.30023,37770
2025-12-11 00:00:00,2.29843,2.30313,2.29772,2.3005,15798
2025-12-11 04:00:00,2.30046,2.30735,2.29971,2.30588,18564
2025-12-11 08:00:00,2.30584,2.30808,2.3014,2.30328,23423
2025-12-11 12:00:00,2.30332,2.30513,2.30018,2.30268,24396
2025-12-11 16:00:00,2.30271,2.30949,2.30148,2.30681,32703
2025-12-11 20:00:00,2.30693,2.30696,2.30401,2.30429,15327
2025-12-12 00:00:00,2.30132,2.30588,2.30132,2.30406,14871
2025-12-12 04:00:00,2.30406,2.3058,2.3026,2.30391,13129
2025-12-12 08:00:00,2.30391,2.30501,2.2996,2.30133,22617
2025-12-12 12:00:00,2.30133,2.30358,2.3008,2.30152,19209
2025-12-12 16:00:00,2.30152,2.30619,2.29989,2.3042,34197
2025-12-12 20:00:00,2.3042,2.30446,2.30112,2.30126,17166
2025-12-15 00:00:00,2.30551,2.30625,2.29961,2.30259,13402
2025-12-15 04:00:00,2.30261,2.31652,2.30245,2.31168,17319
2025-12-15 08:00:00,2.31168,2.3142,2.30942,2.31383,20883
2025-12-15 12:00:00,2.31383,2.31425,2.30943,2.3115,18151
2025-12-15 16:00:00,2.31146,2.31179,2.30739,2.30954,31718
2025-12-15 20:00:00,2.3095,2.31318,2.30899,2.31295,13422
2025-12-16 00:00:00,2.3108,2.32042,2.31077,2.31878,16715
2025-12-16 04:00:00,2.31878,2.3191,2.31192,2.31276,19870
2025-12-16 08:00:00,2.3128,2.31883,2.31007,2.31868,21826
2025-12-16 12:00:00,2.31868,2.32372,2.31589,2.31784,27889
2025-12-16 16:00:00,2.31782,2.31934,2.31451,2.31879,40519
2025-12-16 20:00:00,2.31879,2.32147,2.31852,2.3202,22382
2025-12-17 00:00:00,2.31999,2.32409,2.31886,2.31927,13397
2025-12-17 04:00:00,2.31927,2.32355,2.31645,2.31716,19347
2025-12-17 08:00:00,2.31716,2.31851,2.30588,2.30919,26124
2025-12-17 12:00:00,2.30924,2.31247,2.3064,2.31103,22135
2025-12-17 16:00:00,2.31103,2.31884,2.30817,2.31729,34884
2025-12-17 20:00:00,2.31725,2.31775,2.31229,2.31626,17188
2025-12-18 00:00:00,2.31576,2.32035,2.3114,2.31841,13918
2025-12-18 04:00:00,2.31841,2.32206,2.31668,2.3192,15270
2025-12-18 08:00:00,2.31922,2.32115,2.31539,2.31606,20316
2025-12-18 12:00:00,2.31605,2.32553,2.31266,2.32321,28225
2025-12-18 16:00:00,2.32332,2.32434,2.31534,2.31777,40346
2025-12-18 20:00:00,2.31774,2.31922,2.31607,2.31677,17742
2025-12-19 00:00:00,2.3157,2.31885,2.31345,2.31827,13424
2025-12-19 04:00:00,2.31827,2.32271,2.31746,2.32255,17586
2025-12-19 08:00:00,2.32252,2.32851,2.3211,2.32778,24832
2025-12-19 12:00:00,2.32778,2.33042,2.32648,2.32745,22336
2025-12-19 16:00:00,2.32745,2.32798,2.32106,2.32262,29934
2025-12-19 20:00:00,2.32262,2.32438,2.32158,2.32246,14738
2025-12-22 00:00:00,2.32477,2.32705,2.3213,2.32444,33384
2025-12-22 04:00:00,2.32444,2.32492,2.32085,2.3224,12490
2025-12-22 08:00:00,2.3224,2.3229,2.31929,2.32142,18912
2025-12-22 12:00:00,2.32144,2.3236,2.31985,2.32125,21160
2025-12-22 16:00:00,2.32125,2.32356,2.31894,2.32356,25034
2025-12-22 20:00:00,2.32358,2.32401,2.32186,2.32277,13665
2025-12-23 00:00:00,2.32207,2.32458,2.32003,2.32074,12378
2025-12-23 04:00:00,2.32074,2.32165,2.31767,2.32076,15581
2025-12-23 08:00:00,2.32076,2.32152,2.31321,2.31335,22594
2025-12-23 12:00:00,2.31336,2.31562,2.31141,2.31528,24524
2025-12-23 16:00:00,2.31528,2.31834,2.31059,2.31112,41055
2025-12-23 20:00:00,2.31111,2.31467,2.31038,2.31374,20298
2025-12-24 00:00:00,2.31361,2.31537,2.30907,2.31303,22297
2025-12-24 04:00:00,2.31303,2.31438,2.31182,2.31304,22500
2025-12-24 08:00:00,2.31302,2.31447,2.31069,2.31285,31764
2025-12-24 12:00:00,2.31285,2.31463,2.31151,2.31369,20035
2025-12-24 16:00:00,2.31363,2.31515,2.31135,2.31348,25338
2025-12-24 20:00:00,2.31348,2.315,2.31263,2.31401,22568
2025-12-26 00:00:00,2.31458,2.31624,2.3109,2.3158,23841
2025-12-26 04:00:00,2.3158,2.31619,2.312,2.31272,16456
2025-12-26 08:00:00,2.31272,2.31786,2.31211,2.31739,22883
2025-12-26 12:00:00,2.31739,2.3193,2.31697,2.31761,21495
2025-12-26 16:00:00,2.31761,2.31781,2.31374,2.3148,29550
2025-12-26 20:00:00,2.3148,2.31642,2.31261,2.31352,15810
2025-12-29 00:00:00,2.31257,2.3184,2.31118,2.31743,16539
2025-12-29 04:00:00,2.31747,2.31829,2.31486,2.31818,14527
2025-12-29 08:00:00,2.31818,2.32472,2.31533,2.32281,26106
2025-12-29 12:00:00,2.32274,2.32916,2.32149,2.32731,26367
2025-12-29 16:00:00,2.32731,2.32839,2.32293,2.32392,35292
2025-12-29 20:00:00,2.3239,2.32845,2.323,2.32807,14401
2025-12-30 00:00:00,2.32735,2.32735,2.32278,2.32533,14128
2025-12-30 04:00:00,2.32533,2.32656,2.32298,2.32344,13144
2025-12-30 08:00:00,2.32344,2.32763,2.32228,2.32713,19512
2025-12-30 12:00:00,2.32713,2.32923,2.32638,2.32641,21177
2025-12-30 16:00:00,2.32641,2.3265,2.32043,2.32123,25498
2025-12-30 20:00:00,2.32123,2.32612,2.32076,2.32465,11505
2025-12-31 00:00:00,2.32467,2.32853,2.32323,2.32845,11507
2025-12-31 04:00:00,2.32845,2.3325,2.32752,2.3318,14145
2025-12-31 08:00:00,2.3318,2.33379,2.3278,2.33034,18458
2025-12-31 12:00:00,2.33034,2.33666,2.32908,2.33228,24450
2025-12-31 16:00:00,2.33235,2.3402,2.33091,2.3375,32433
2025-12-31 20:00:00,2.33752,2.34291,2.33721,2.34027,14277
2026-01-02 00:00:00,2.33631,2.3424,2.33408,2.33853,11173
2026-01-02 04:00:00,2.33853,2.34054,2.33759,2.33906,11438
2026-01-02 08:00:00,2.3391,2.33979,2.33153,2.33202,20732
2026-01-02 12:00:00,2.332,2.33461,2.32844,2.33409,20416
2026-01-02 16:00:00,2.33411,2.3396,2.33133,2.3343,30962
2026-01-02 20:00:00,2.3343,2.33516,2.33142,2.33166,16341
2026-01-05 00:00:00,2.33181,2.33815,2.33039,2.33469,19695
2026-01-05 04:00:00,2.33461,2.3365,2.33011,2.33345,18705
2026-01-05 08:00:00,2.33345,2.3382,2.33228,2.33793,23961
2026-01-05 12:00:00,2.33793,2.33997,2.33508,2.33696,27656
2026-01-05 16:00:00,2.33692,2.33905,2.3326,2.33864,35588
2026-01-05 20:00:00,2.33864,2.33983,2.33758,2.33906,14339
2026-01-06 00:00:00,2.33864,2.34164,2.33626,2.3377,14162
2026-01-06 04:00:00,2.3377,2.33893,2.33472,2.33627,17460
2026-01-06 08:00:00,2.33627,2.33976,2.33348,2.33715,25536
2026-01-06 12:00:00,2.33715,2.33836,2.33389,2.33558,23335
2026-01-06 16:00:00,2.33558,2.3392,2.33372,2.33596,31406
2026-01-06 20:00:00,2.33596,2.33637,2.33316,2.3338,13959
2026-01-07 00:00:00,2.33332,2.3366,2.32691,2.33354,16605
2026-01-07 04:00:00,2.33353,2.33729,2.33298,2.33661,16583
2026-01-07 08:00:00,2.33661,2.33763,2.33086,2.33166,21031
2026-01-07 12:00:00,2.33166,2.33257,2.32904,2.32984,23358
2026-01-07 16:00:00,2.32984,2.33395,2.32891,2.33055,32681
2026-01-07 20:00:00,2.33048,2.33281,2.32872,2.3308,14493
2026-01-08 00:00:00,2.3303,2.33368,2.32589,2.33209,9473
2026-01-08 04:00:00,2.33205,2.33608,2.33188,2.33536,15187
2026-01-08 08:00:00,2.33535,2.3404,2.33524,2.3392,23715
2026-01-08 12:00:00,2.33922,2.33963,2.33584,2.33631,21471
2026-01-08 16:00:00,2.33629,2.33865,2.33526,2.33685,31274
2026-01-08 20:00:00,2.33685,2.33779,2.33562,2.33647,13820
2026-01-09 00:00:00,2.33432,2.3399,2.33263,2.33807,11752
2026-01-09 04:00:00,2.33809,2.34034,2.3374,2.33935,15515
2026-01-09 08:00:00,2.33937,2.3436,2.33833,2.34097,22677
2026-01-09 12:00:00,2.34097,2.34487,2.33935,2.34257,29210
2026-01-09 16:00:00,2.34252,2.34558,2.33911,2.34039,41295
2026-01-09 20:00:00,2.34039,2.34065,2.33587,2.33681,11842
2026-01-12 00:00:00,2.33653,2.33909,2.33405,2.33718,17464
2026-01-12 04:00:00,2.33717,2.33779,2.33595,2.33664,15233
2026-01-12 08:00:00,2.33664,2.33933,2.33582,2.33771,23534
2026-01-12 12:00:00,2.33775,2.33933,2.33618,2.33803,22624
2026-01-12 16:00:00,2.33803,2.34009,2.33409,2.33454,27610
2026-01-12 20:00:00,2.33454,2.33519,2.33179,2.33268,10318
2026-01-13 00:00:00,2.33147,2.33351,2.33017,2.33222,13380
2026-01-13 04:00:00,2.33222,2.33316,2.33112,2.33205,16431
2026-01-13 08:00:00,2.33203,2.33716,2.33145,2.33607,20230
2026-01-13 12:00:00,2.33609,2.33824,2.33191,2.33715,25445
2026-01-13 16:00:00,2.33717,2.34136,2.33426,2.34007,35607
2026-01-13 20:00:00,2.34003,2.34129,2.33913,2.33923,13639
2026-01-14 00:00:00,2.33826,2.34198,2.33452,2.34086,11293
2026-01-14 04:00:00,2.34086,2.34111,2.33865,2.33955,13327
2026-01-14 08:00:00,2.33951,2.34209,2.33807,2.34127,20623
2026-01-14 12:00:00,2.34125,2.34379,2.33985,2.34129,20570
2026-01-14 16:00:00,2.34129,2.34201,2.33653,2.33923,30730
2026-01-14 20:00:00,2.33918,2.33931,2.3368,2.33922,15265
2026-01-15 00:00:00,2.33547,2.34166,2.33489,2.34107,14245
2026-01-15 04:00:00,2.34107,2.34281,2.34046,2.34152,13263
2026-01-15 08:00:00,2.34152,2.3426,2.33676,2.33694,19740
2026-01-15 12:00:00,2.33697,2.33717,2.33186,2.33377,19893
2026-01-15 16:00:00,2.33379,2.33529,2.32912,2.33078,27157
2026-01-15 20:00:00,2.33078,2.33175,2.3291,2.32997,14519
2026-01-16 00:00:00,2.329,2.3307,2.32536,2.32802,11250
2026-01-16 04:00:00,2.32807,2.32901,2.32458,2.3255,11763
2026-01-16 08:00:00,2.3255,2.32735,2.3234,2.32608,15689
2026-01-16 12:00:00,2.32604,2.32949,2.32427,2.3284,17970
2026-01-16 16:00:00,2.3284,2.3293,2.32569,2.3267,28418
2026-01-16 20:00:00,2.3267,2.32758,2.32413,2.32446,12475
2026-01-19 00:00:00,2.32208,2.32686,2.31975,2.32311,22158
2026-01-19 04:00:00,2.32311,2.32325,2.31866,2.31968,19871
2026-01-19 08:00:00,2.31968,2.32246,2.31901,2.32077,21792
2026-01-19 12:00:00,2.32077,2.32119,2.31705,2.31871,15593
2026-01-19 16:00:00,2.31868,2.32067,2.31627,2.31751,15957
2026-01-19 20:00:00,2.31751,2.31906,2.31346,2.31502,5778
2026-01-20 00:00:00,2.3132,2.31707,2.31115,2.31226,11543
2026-01-20 04:00:00,2.31226,2.31249,2.30405,2.30475,14340
2026-01-20 08:00:00,2.30475,2.31126,2.30312,2.30832,29751
2026-01-20 12:00:00,2.3083,2.31054,2.30296,2.30612,31332
2026-01-20 16:00:00,2.30612,2.30722,2.30065,2.30361,34884
2026-01-20 20:00:00,2.30353,2.30499,2.30261,2.30423,16830
2026-01-21 00:00:00,2.30331,2.30893,2.30195,2.30564,12685
2026-01-21 04:00:00,2.30564,2.30682,2.30142,2.30193,12364
2026-01-21 08:00:00,2.30193,2.30229,2.29456,2.29511,20492
2026-01-21 12:00:00,2.29513,2.2963,2.28852,2.2928,24420
2026-01-21 16:00:00,2.2928,2.29844,2.29087,2.29745,40874
2026-01-21 20:00:00,2.29743,2.29825,2.2951,2.29772,24030
2026-01-22 00:00:00,2.29672,2.30004,2.29463,2.29506,16194
2026-01-22 04:00:00,2.29502,2.29539,2.29127,2.29227,13559
2026-01-22 08:00:00,2.29227,2.29344,2.28738,2.29186,18484
2026-01-22 12:00:00,2.29186,2.29285,2.27698,2.28,27192
2026-01-22 16:00:00,2.28,2.28792,2.27923,2.28414,30261
2026-01-22 20:00:00,2.2833,2.28544,2.27643,2.27749,14405
2026-01-23 00:00:00,2.27603,2.2845,2.27508,2.28099,13475
2026-01-23 04:00:00,2.28099,2.28451,2.27924,2.28378,15178
2026-01-23 08:00:00,2.28378,2.29456,2.28145,2.29405,27210
2026-01-23 12:00:00,2.29405,2.29674,2.28682,2.29135,23031
2026-01-23 16:00:00,2.29135,2.29338,2.28856,2.29317,33616
2026-01-23 20:00:00,2.29317,2.29394,2.2919,2.2922,25246
2026-01-26 00:00:00,2.29501,2.29529,2.2882,2.29175,24555
2026-01-26 04:00:00,2.29175,2.29356,2.29014,2.29278,21056
2026-01-26 08:00:00,2.29278,2.29471,2.28803,2.28993,30149
2026-01-26 12:00:00,2.28995,2.29175,2.28753,2.29038,25524
2026-01-26 16:00:00,2.29034,2.2907,2.28405,2.28473,32966
2026-01-26 20:00:00,2.28469,2.29022,2.28416,2.28972,19973
2026-01-27 00:00:00,2.28892,2.29437,2.28743,2.29218,14347
2026-01-27 04:00:00,2.29218,2.29615,2.29053,2.29216,18087
2026-01-27 08:00:00,2.29216,2.29596,2.29146,2.2933,25027
2026-01-27 12:00:00,2.2933,2.29473,2.29076,2.29265,32389
2026-01-27 16:00:00,2.29263,2.29571,2.28694,2.29159,41586
2026-01-27 20:00:00,2.29151,2.29373,2.28878,2.29033,32095
2026-01-28 00:00:00,2.28877,2.29626,2.28639,2.29537,22537
2026-01-28 04:00:00,2.29537,2.29616,2.29076,2.29078,21354
2026-01-28 08:00:00,2.29076,2.29156,2.28546,2.28593,31444
2026-01-28 12:00:00,2.28591,2.28742,2.28244,2.28408,30852
2026-01-28 16:00:00,2.28412,2.28673,2.28082,2.28523,45437
2026-01-28 20:00:00,2.28523,2.28677,2.27772,2.2779,34661
2026-01-29 00:00:00,2.27677,2.28348,2.27515,2.28158,28727
2026-01-29 04:00:00,2.28158,2.28205,2.27152,2.27316,25543
2026-01-29 08:00:00,2.27316,2.27918,2.27251,2.27536,30184
2026-01-29 12:00:00,2.27534,2.27874,2.27109,2.272,31360
2026-01-29 16:00:00,2.27202,2.2833,2.2714,2.27691,63872
2026-01-29 20:00:00,2.27683,2.27712,2.27027,2.27122,27612
2026-01-30 00:00:00,2.27005,2.2756,2.26769,2.27481,25866
2026-01-30 04:00:00,2.2748,2.27807,2.27277,2.27446,33551
2026-01-30 08:00:00,2.27448,2.27702,2.27071,2.27511,38682
2026-01-30 12:00:00,2.27519,2.2753,2.26717,2.27039,37773
2026-01-30 16:00:00,2.27029,2.27278,2.26285,2.27226,54607
2026-01-30 20:00:00,2.27223,2.27693,2.26958,2.2711,36085
2026-02-02 00:00:00,2.27443,2.28012,2.27085,2.27165,39253
2026-02-02 04:00:00,2.27165,2.27839,2.27106,2.2771,38057
2026-02-02 08:00:00,2.2771,2.28154,2.27507,2.27598,40037
2026-02-02 12:00:00,2.27595,2.27816,2.27347,2.27372,38667
2026-02-02 16:00:00,2.27372,2.27515,2.27016,2.27495,56156
2026-02-02 20:00:00,2.27495,2.27805,2.27493,2.27795,24130
2026-02-03 00:00:00,2.27663,2.27902,2.27179,2.27329,17916
2026-02-03 04:00:00,2.27329,2.2764,2.26557,2.26879,25158
2026-02-03 08:00:00,2.26879,2.26947,2.25985,2.26501,35492
2026-02-03 12:00:00,2.26501,2.26661,2.2624,2.26286,32324
2026-02-03 16:00:00,2.26286,2.27012,2.26275,2.2661,46709
2026-02-03 20:00:00,2.2661,2.26715,2.25956,2.26533,27542
2026-02-04 00:00:00,2.264,2.26971,2.26148,2.26856,17637
2026-02-04 04:00:00,2.26856,2.27312,2.26769,2.27075,16817
2026-02-04 08:00:00,2.27075,2.27645,2.26819,2.2757,24602
2026-02-04 12:00:00,2.27568,2.27928,2.27359,2.27428,27772
2026-02-04 16:00:00,2.27424,2.27985,2.27235,2.27761,55174
2026-02-04 20:00:00,2.27755,2.27846,2.27341,2.27403,24457
2026-02-05 00:00:00,2.27238,2.27561,2.26771,2.27489,17567
2026-02-05 04:00:00,2.27486,2.28001,2.27428,2.27493,28886
2026-02-05 08:00:00,2.27495,2.27568,2.26431,2.26816,31525
2026-02-05 12:00:00,2.26814,2.2713,2.26162,2.26497,43992
2026-02-05 16:00:00,2.26494,2.26677,2.25976,2.26412,60630
2026-02-05 20:00:00,2.26408,2.2741,2.2638,2.27325,23890
2026-02-06 00:00:00,2.2723,2.279,2.27097,2.2737,22825
2026-02-06 04:00:00,2.27369,2.27389,2.26979,2.27015,21959
2026-02-06 08:00:00,2.27015,2.27158,2.2674,2.26776,29229
2026-02-06 12:00:00,2.26779,2.26919,2.26347,2.26379,23537
2026-02-06 16:00:00,2.26385,2.26491,2.25903,2.26081,36458
2026-02-06 20:00:00,2.26081,2.26308,2.25916,2.2608,16270
2026-02-09 00:00:00,2.25893,2.262,2.25443,2.26112,24188
2026-02-09 04:00:00,2.26112,2.26227,2.25946,2.26176,15482
2026-02-09 08:00:00,2.26176,2.26339,2.25683,2.26257,30659
2026-02-09 12:00:00,2.26257,2.26743,2.26059,2.26107,32082
2026-02-09 16:00:00,2.26107,2.26246,2.25422,2.25975,36120
2026-02-09 20:00:00,2.25975,2.26203,2.25789,2.26089,16352
2026-02-10 00:00:00,2.26057,2.26655,2.25899,2.26215,13978
2026-02-10 04:00:00,2.26215,2.26662,2.26167,2.26502,14920
2026-02-10 08:00:00,2.26505,2.26592,2.25972,2.2608,20805
2026-02-10 12:00:00,2.2608,2.26591,2.25962,2.26181,25548
2026-02-10 16:00:00,2.26173,2.26193,2.25694,2.25899,36343
2026-02-10 20:00:00,2.259,2.25948,2.25625,2.25682,18625
2026-02-11 00:00:00,2.25641,2.25802,2.25398,2.25564,14423
2026-02-11 04:00:00,2.25564,2.25612,2.25173,2.25515,14413
2026-02-11 08:00:00,2.25513,2.26023,2.25427,2.25833,20930
2026-02-11 12:00:00,2.25833,2.26116,2.25384,2.25396,34371
2026-02-11 16:00:00,2.25398,2.26068,2.25262,2.25405,53720
2026-02-11 20:00:00,2.25409,2.25448,2.2495,2.25287,22273
2026-02-12 00:00:00,2.25275,2.25604,2.24657,2.25118,13933
2026-02-12 04:00:00,2.25118,2.25354,2.24998,2.25204,16737
2026-02-12 08:00:00,2.25204,2.25362,2.24788,2.24799,26436
2026-02-12 12:00:00,2.24799,2.249,2.24553,2.24731,23469
2026-02-12 16:00:00,2.24731,2.25749,2.24714,2.25714,50033
2026-02-12 20:00:00,2.25714,2.25903,2.25596,2.25666,25029
2026-02-13 00:00:00,2.25661,2.25859,2.24963,2.25666,15047
2026-02-13 04:00:00,2.25666,2.25764,2.25518,2.2575,15061
2026-02-13 08:00:00,2.25752,2.26142,2.25506,2.25609,26711
2026-02-13 12:00:00,2.25603,2.26096,2.25581,2.25779,29807
2026-02-13 16:00:00,2.25777,2.26127,2.25601,2.25795,48802
2026-02-13 20:00:00,2.25795,2.26036,2.25686,2.25955,18867
2026-02-16 00:00:00,2.25939,2.26344,2.25621,2.25918,16634
2026-02-16 04:00:00,2.25918,2.26276,2.25887,2.25967,10988
2026-02-16 08:00:00,2.2597,2.2605,2.25795,2.25891,18586
2026-02-16 12:00:00,2.25892,2.25995,2.25669,2.25735,15111
2026-02-16 16:00:00,2.25735,2.26024,2.25669,2.25907,13070
2026-02-16 20:00:00,2.25903,2.25924,2.25799,2.25864,3422
2026-02-17 00:00:00,2.25828,2.26065,2.25685,2.26032,11903
2026-02-17 04:00:00,2.2603,2.26149,2.25474,2.25584,15183
2026-02-17 08:00:00,2.25584,2.25586,2.24791,2.2494,22473
2026-02-17 12:00:00,2.24937,2.24967,2.24285,2.24515,27470
2026-02-17 16:00:00,2.24515,2.24958,2.24257,2.24617,43109
2026-02-17 20:00:00,2.24617,2.24629,2.24134,2.24239,17086
2026-02-18 00:00:00,2.24144,2.2554,2.23865,2.25273,12151
2026-02-18 04:00:00,2.25269,2.26068,2.25226,2.26037,10868
2026-02-18 08:00:00,2.26037,2.26378,2.25657,2.25832,19511
2026-02-18 12:00:00,2.25832,2.26407,2.25775,2.26341,19361
2026-02-18 16:00:00,2.26341,2.26473,2.25827,2.25979,30198
2026-02-18 20:00:00,2.25978,2.26428,2.25853,2.26142,19623
2026-02-19 00:00:00,2.26057,2.26439,2.25867,2.25921,12613
2026-02-19 04:00:00,2.25921,2.26027,2.25712,2.25898,11115
2026-02-19 08:00:00,2.25901,2.26001,2.25602,2.26001,19678
2026-02-19 12:00:00,2.26001,2.2603,2.255,2.25722,24979
2026-02-19 16:00:00,2.2572,2.26001,2.25089,2.2541,42252
2026-02-19 20:00:00,2.25406,2.25541,2.25303,2.25386,18976
2026-02-20 00:00:00,2.25336,2.26128,2.25199,2.25938,13214
2026-02-20 04:00:00,2.25938,2.26306,2.25699,2.25829,14082
2026-02-20 08:00:00,2.25835,2.263,2.25693,2.26032,24454
2026-02-20 12:00:00,2.26032,2.26582,2.26001,2.26524,25452
2026-02-20 16:00:00,2.26524,2.2667,2.25725,2.25938,56236
2026-02-20 20:00:00,2.25942,2.26053,2.25431,2.25436,27144
2026-02-23 00:00:00,2.25555,2.25791,2.25324,2.25706,22651
2026-02-23 04:00:00,2.25706,2.26075,2.25666,2.25921,15448
2026-02-23 08:00:00,2.25921,2.26169,2.25745,2.25886,21812
2026-02-23 12:00:00,2.25886,2.26318,2.25873,2.26222,22987
2026-02-23 16:00:00,2.26226,2.26461,2.25987,2.26353,38628
2026-02-23 20:00:00,2.26353,2.26657,2.26276,2.26503,17453
2026-02-24 00:00:00,2.26485,2.26645,2.26093,2.26391,20348
2026-02-24 04:00:00,2.26389,2.26408,2.26077,2.26215,13965
2026-02-24 08:00:00,2.26215,2.26272,2.25941,2.26214,24652
2026-02-24 12:00:00,2.26214,2.26726,2.26158,2.26716,20689
2026-02-24 16:00:00,2.26714,2.26856,2.26321,2.26431,33108
2026-02-24 20:00:00,2.26434,2.26463,2.26025,2.26038,16424
2026-02-25 00:00:00,2.25964,2.26346,2.2592,2.26191,14946
2026-02-25 04:00:00,2.26193,2.26238,2.25937,2.2597,19527
2026-02-25 08:00:00,2.2597,2.26354,2.25742,2.2635,22750
2026-02-25 12:00:00,2.2635,2.26534,2.26211,2.26309,19881
2026-02-25 16:00:00,2.26311,2.26332,2.25936,2.26122,29211
2026-02-25 20:00:00,2.26122,2.26122,2.2582,2.25927,11660
2026-02-26 00:00:00,2.25869,2.26062,2.25752,2.25821,15682
2026-02-26 04:00:00,2.25821,2.25954,2.25551,2.25661,15080
2026-02-26 08:00:00,2.25664,2.2599,2.25633,2.25905,21688
2026-02-26 12:00:00,2.25905,2.26298,2.25837,2.26189,18403
2026-02-26 16:00:00,2.26189,2.26623,2.25674,2.25687,41342
2026-02-26 20:00:00,2.25685,2.25723,2.25306,2.25436,19011
2026-02-27 00:00:00,2.25352,2.25725,2.25019,2.25441,16048
2026-02-27 04:00:00,2.25441,2.25529,2.25072,2.25196,13215
2026-02-27 08:00:00,2.25196,2.25522,2.24799,2.2521,22911
2026-02-27 12:00:00,2.25212,2.25347,2.24706,2.24953,28181
2026-02-27 16:00:00,2.24951,2.25058,2.24008,2.24405,41109
2026-02-27 20:00:00,2.24405,2.24883,2.24401,2.24693,18446
2026-03-02 00:00:00,2.25304,2.25413,2.24489,2.2463,33816
2026-03-02 04:00:00,2.2463,2.25104,2.24429,2.2509,24254
2026-03-02 08:00:00,2.2509,2.25107,2.24273,2.24618,44530
2026-03-02 12:00:00,2.24618,2.25695,2.24428,2.25498,36436
2026-03-02 16:00:00,2.25498,2.26007,2.2538,2.25819,54010
2026-03-02 20:00:00,2.25819,2.2583,2.25348,2.25612,28873
2026-03-03 00:00:00,2.25379,2.25767,2.25067,2.25541,18619
2026-03-03 04:00:00,2.25538,2.2571,2.25276,2.25446,28579
2026-03-03 08:00:00,2.25446,2.25835,2.25104,2.25793,46268
2026-03-03 12:00:00,2.25793,2.26661,2.25625,2.25901,55971
2026-03-03 16:00:00,2.25901,2.27198,2.25787,2.26694,73820
2026-03-03 20:00:00,2.2669,2.26983,2.26248,2.26767,37766
2026-03-04 00:00:00,2.26637,2.27072,2.26086,2.26717,29432
2026-03-04 04:00:00,2.26719,2.26797,2.25832,2.25958,38657
2026-03-04 08:00:00,2.25962,2.26486,2.2587,2.26084,42128
2026-03-04 12:00:00,2.2608,2.26417,2.25774,2.26071,48043
2026-03-04 16:00:00,2.26071,2.26381,2.25114,2.25304,51936
2026-03-04 20:00:00,2.25291,2.25291,2.24927,2.25034,21043
2026-03-05 00:00:00,2.24972,2.25368,2.24865,2.25324,24121
2026-03-05 04:00:00,2.25324,2.25383,2.2474,2.25068,29381
2026-03-05 08:00:00,2.25068,2.25617,2.24818,2.25552,46712
2026-03-05 12:00:00,2.25551,2.25942,2.25316,2.25857,39542
2026-03-05 16:00:00,2.25857,2.26769,2.25606,2.26694,59634
2026-03-05 20:00:00,2.26694,2.26811,2.26365,2.26496,38209
2026-03-06 00:00:00,2.26449,2.26571,2.25608,2.2616,21335
2026-03-06 04:00:00,2.2616,2.26361,2.26027,2.2631,20978
2026-03-06 08:00:00,2.26306,2.26896,2.25997,2.26889,32337
2026-03-06 12:00:00,2.26889,2.27768,2.26647,2.27616,48247
2026-03-06 16:00:00,2.27616,2.27619,2.26866,2.27159,70312
2026-03-06 20:00:00,2.27159,2.27183,2.26687,2.26965,39502
2026-03-09 00:00:00,2.27233,2.27629,2.26796,2.27128,33225
2026-03-09 04:00:00,2.27128,2.27128,2.26316,2.26498,43645
2026-03-09 08:00:00,2.265,2.26614,2.26106,2.26218,55851
2026-03-09 12:00:00,2.2622,2.26418,2.25655,2.26324,54837
2026-03-09 16:00:00,2.26322,2.26632,2.25826,2.26054,62423
2026-03-09 20:00:00,2.26052,2.26736,2.26041,2.26487,41186
2026-03-10 00:00:00,2.26263,2.26722,2.26051,2.26703,22122
2026-03-10 04:00:00,2.26703,2.27206,2.26675,2.27133,32941
2026-03-10 08:00:00,2.27133,2.27304,2.26742,2.27173,32889
2026-03-10 12:00:00,2.27175,2.27193,2.26244,2.26367,44013
2026-03-10 16:00:00,2.26367,2.2673,2.25862,2.26168,49674
2026-03-10 20:00:00,2.2617,2.2641,2.25918,2.26278,46815
2026-03-11 00:00:00,2.26247,2.26604,2.26067,2.26574,16038
2026-03-11 04:00:00,2.26574,2.26784,2.26176,2.26254,19608
2026-03-11 08:00:00,2.26254,2.26634,2.26181,2.26504,31527
2026-03-11 12:00:00,2.26508,2.26778,2.26386,2.26553,40774
2026-03-11 16:00:00,2.26551,2.26879,2.26189,2.2669,55852
2026-03-11 20:00:00,2.26686,2.26935,2.26561,2.26774,23135
2026-03-12 00:00:00,2.2676,2.27092,2.26107,2.26613,16248
2026-03-12 04:00:00,2.26613,2.2677,2.26321,2.26504,21256
2026-03-12 08:00:00,2.26504,2.26897,2.26376,2.26693,26683
2026-03-12 12:00:00,2.26693,2.27049,2.26632,2.26987,31845
2026-03-12 16:00:00,2.26987,2.2788,2.26928,2.27817,61187
2026-03-12 20:00:00,2.27819,2.28059,2.27766,2.27933,30429
2026-03-13 00:00:00,2.27811,2.28291,2.27598,2.28267,13445
2026-03-13 04:00:00,2.28267,2.28671,2.28028,2.28663,17621
2026-03-13 08:00:00,2.28663,2.29117,2.27919,2.27923,30543
2026-03-13 12:00:00,2.27923,2.28128,2.27288,2.2743,41911
2026-03-13 16:00:00,2.2743,2.28322,2.27412,2.28319,57997
2026-03-13 20:00:00,2.2832,2.28922,2.28193,2.2882,27144
2026-03-16 00:00:00,2.28639,2.28953,2.27549,2.28528,19607
2026-03-16 04:00:00,2.28528,2.28613,2.28049,2.28257,21035
2026-03-16 08:00:00,2.28257,2.28366,2.27755,2.27806,25556
2026-03-16 12:00:00,2.27806,2.27878,2.2717,2.27316,32438
2026-03-16 16:00:00,2.27316,2.27646,2.27175,2.27629,40348
2026-03-16 20:00:00,2.27631,2.27631,2.27211,2.27227,27428
2026-03-17 00:00:00,2.27237,2.27632,2.27075,2.27561,10506
2026-03-17 04:00:00,2.27561,2.27867,2.27329,2.27861,17885
2026-03-17 08:00:00,2.27865,2.28585,2.27854,2.28312,28296
2026-03-17 12:00:00,2.28313,2.28382,2.27849,2.27855,29386
2026-03-17 16:00:00,2.27859,2.28106,2.27693,2.27798,43528
2026-03-17 20:00:00,2.27798,2.28072,2.277,2.27942,17515
2026-03-18 00:00:00,2.27932,2.28203,2.27743,2.27896,18987
2026-03-18 04:00:00,2.27898,2.28108,2.27741,2.27951,14195
2026-03-18 08:00:00,2.27951,2.28122,2.27731,2.27758,18627
2026-03-18 12:00:00,2.27756,2.28713,2.2774,2.28691,32361
2026-03-18 16:00:00,2.28693,2.28885,2.27925,2.28331,49238
2026-03-18 20:00:00,2.28331,2.28989,2.27957,2.28694,39028
2026-03-19 00:00:00,2.28665,2.29144,2.27495,2.28401,16445
2026-03-19 04:00:00,2.28397,2.28558,2.28042,2.28132,19887
2026-03-19 08:00:00,2.28132,2.28444,2.27944,2.28004,34197
2026-03-19 12:00:00,2.28001,2.29143,2.27929,2.29007,50379
2026-03-19 16:00:00,2.29005,2.29281,2.28616,2.2898,72514
2026-03-19 20:00:00,2.2898,2.29198,2.28466,2.28616,42903
2026-03-20 00:00:00,2.28604,2.28891,2.28108,2.28177,13400
2026-03-20 04:00:00,2.28177,2.28181,2.2778,2.27892,18145
2026-03-20 08:00:00,2.27888,2.28249,2.2782,2.28097,24853
2026-03-20 12:00:00,2.28097,2.28368,2.27968,2.28118,41211
2026-03-20 16:00:00,2.28121,2.28685,2.27771,2.28047,59869
2026-03-20 20:00:00,2.28043,2.29047,2.27981,2.28759,38793
2026-03-23 00:00:00,2.28413,2.2886,2.27841,2.28739,22764
2026-03-23 04:00:00,2.28739,2.29274,2.28581,2.29228,33058
2026-03-23 08:00:00,2.29232,2.29862,2.29196,2.29592,44608
2026-03-23 12:00:00,2.29592,2.30389,2.2895,2.29473,77756
2026-03-23 16:00:00,2.29473,2.29687,2.28597,2.29021,85371
2026-03-23 20:00:00,2.29018,2.29326,2.28669,2.29114,43181
2026-03-24 00:00:00,2.29115,2.29645,2.28302,2.29328,23509
2026-03-24 04:00:00,2.29326,2.29815,2.29228,2.29757,34516
2026-03-24 08:00:00,2.29753,2.30098,2.29345,2.29933,44370
2026-03-24 12:00:00,2.29931,2.30182,2.2964,2.2991,45159
2026-03-24 16:00:00,2.2991,2.30192,2.2975,2.30168,61213
2026-03-24 20:00:00,2.30168,2.30628,2.29464,2.29728,51865
2026-03-25 00:00:00,2.29723,2.30194,2.29243,2.29981,23222
2026-03-25 04:00:00,2.29981,2.30305,2.29861,2.30246,27452
2026-03-25 08:00:00,2.30246,2.30553,2.29999,2.30038,31337
2026-03-25 12:00:00,2.30036,2.306,2.29957,2.30242,35965
2026-03-25 16:00:00,2.3024,2.3024,2.29823,2.29984,29474
2026-03-25 20:00:00,2.29984,2.30183,2.29846,2.3018,25678
2026-03-26 00:00:00,2.30144,2.30435,2.297,2.30324,12339
2026-03-26 04:00:00,2.30324,2.30399,2.30101,2.3016,18136
2026-03-26 08:00:00,2.3016,2.30851,2.30135,2.3073,26020
2026-03-26 12:00:00,2.30727,2.30882,2.30593,2.30722,22707
2026-03-26 16:00:00,2.3072,2.31292,2.30639,2.31231,34505
2026-03-26 20:00:00,2.31227,2.31479,2.31058,2.3128,20635
2026-03-27 00:00:00,2.312,2.31656,2.30663,2.31619,12957
2026-03-27 04:00:00,2.31619,2.31757,2.31035,2.31048,15019
2026-03-27 08:00:00,2.31048,2.31248,2.30654,2.30864,20239
2026-03-27 12:00:00,2.30862,2.30949,2.30467,2.3084,24016
2026-03-27 16:00:00,2.30836,2.3129,2.3076,2.30796,34324
2026-03-27 20:00:00,2.30796,2.31178,2.30744,2.30792,20916
2026-03-30 00:00:00,2.30315,2.31365,2.30315,2.31195,17165
2026-03-30 04:00:00,2.31195,2.31456,2.30938,2.31311,19161
2026-03-30 08:00:00,2.31311,2.31376,2.30898,2.31266,20455
2026-03-30 12:00:00,2.31262,2.31529,2.31065,2.31112,21491
2026-03-30 16:00:00,2.31112,2.31258,2.30645,2.30693,30632
2026-03-30 20:00:00,2.30691,2.30813,2.30382,2.30388,17408
2026-03-31 00:00:00,2.30408,2.30693,2.30097,2.3068,14783
2026-03-31 04:00:00,2.3068,2.31191,2.30526,2.31184,20293
2026-03-31 08:00:00,2.31184,2.31418,2.30888,2.31206,20896
2026-03-31 12:00:00,2.31206,2.31566,2.30941,2.31277,24551
2026-03-31 16:00:00,2.31276,2.31458,2.3053,2.30655,37638
2026-03-31 20:00:00,2.30653,2.30966,2.30094,2.30115,28153
2026-04-01 00:00:00,2.30266,2.30326,2.30062,2.30207,6916
2026-04-01 04:00:00,2.30207,2.30929,2.30102,2.30795,16028
2026-04-01 08:00:00,2.30797,2.30969,2.30251,2.30534,26498
2026-04-01 12:00:00,2.30535,2.30964,2.30346,2.30908,24673
2026-04-01 16:00:00,2.3091,2.31281,2.30731,2.31058,33529
2026-04-01 20:00:00,2.31058,2.31521,2.31027,2.31241,19613
2026-04-02 00:00:00,2.31125,2.31515,2.30813,2.3129,11626
2026-04-02 04:00:00,2.3129,2.31866,2.31255,2.31802,29187
2026-04-02 08:00:00,2.31802,2.31848,2.31107,2.31152,22978
2026-04-02 12:00:00,2.31152,2.31486,2.30933,2.31368,21632
2026-04-02 16:00:00,2.31366,2.31387,2.30799,2.31196,35205
2026-04-02 20:00:00,2.31198,2.31484,2.31121,2.31325,16898
2026-04-03 00:00:00,2.31229,2.31512,2.30987,2.31498,5637
2026-04-03 04:00:00,2.31498,2.31751,2.31433,2.31719,4383
2026-04-03 08:00:00,2.31719,2.32013,2.31694,2.31989,5568
2026-04-03 12:00:00,2.31989,2.32012,2.31194,2.31671,9549
2026-04-03 16:00:00,2.31667,2.3202,2.31505,2.31795,13412
2026-04-03 20:00:00,2.31799,2.32055,2.30774,2.31584,6917
2026-04-06 00:00:00,2.31442,2.3206,2.31375,2.31763,10689
2026-04-06 04:00:00,2.3176,2.31886,2.31608,2.31658,14420
2026-04-06 08:00:00,2.31658,2.31781,2.31432,2.31466,17514
2026-04-06 12:00:00,2.31466,2.31621,2.31349,2.31521,17959
2026-04-06 16:00:00,2.31521,2.31811,2.31385,2.31573,26901
2026-04-06 20:00:00,2.31573,2.3171,2.31494,2.31697,16406
2026-04-07 00:00:00,2.31616,2.31912,2.30809,2.31899,9994
2026-04-07 04:00:00,2.31898,2.32217,2.31777,2.32045,16740
2026-04-07 08:00:00,2.32039,2.32344,2.31875,2.32218,22848
2026-04-07 12:00:00,2.32212,2.32457,2.32039,2.3238,27624
2026-04-07 16:00:00,2.3238,2.32518,2.32063,2.32167,32768
2026-04-07 20:00:00,2.32165,2.32381,2.31823,2.31829,23299
2026-04-08 00:00:00,2.31601,2.32467,2.30124,2.31308,29993
2026-04-08 04:00:00,2.31306,2.31474,2.29738,2.29996,26539
2026-04-08 08:00:00,2.29996,2.30839,2.29724,2.3083,29950
2026-04-08 12:00:00,2.30832,2.31032,2.30206,2.30233,25079
2026-04-08 16:00:00,2.30237,2.30592,2.29983,2.30022,34479
2026-04-08 20:00:00,2.30022,2.30334,2.29981,2.30033,21785
2026-04-09 00:00:00,2.29891,2.30191,2.2949,2.29914,10055
2026-04-09 04:00:00,2.29914,2.29934,2.2957,2.29702,15100
2026-04-09 08:00:00,2.29702,2.29937,2.29401,2.29928,20568
2026-04-09 12:00:00,2.29926,2.30023,2.29755,2.2988,19342
2026-04-09 16:00:00,2.29878,2.29913,2.2896,2.29161,29229
2026-04-09 20:00:00,2.29161,2.29446,2.29056,2.2924,16692
2026-04-10 00:00:00,2.29048,2.29589,2.28795,2.29474,8506
2026-04-10 04:00:00,2.29475,2.29623,2.29353,2.29548,8970
2026-04-10 08:00:00,2.29548,2.30006,2.29363,2.30002,14535
2026-04-10 12:00:00,2.3,2.30121,2.29704,2.29998,18653
2026-04-10 16:00:00,2.29998,2.30561,2.29648,2.30473,27020
2026-04-10 20:00:00,2.30473,2.30612,2.30339,2.30501,13441
2026-04-13 00:00:00,2.30583,2.31048,2.30179,2.30351,14970
2026-04-13 04:00:00,2.30351,2.30418,2.3004,2.30104,12363
2026-04-13 08:00:00,2.30104,2.30311,2.29853,2.30307,18053
2026-04-13 12:00:00,2.30307,2.30762,2.30274,2.30597,18632
2026-04-13 16:00:00,2.30597,2.30806,2.30018,2.30025,29328
2026-04-13 20:00:00,2.30029,2.30199,2.29905,2.30163,15371
2026-04-14 00:00:00,2.30079,2.30436,2.29734,2.30377,7488
2026-04-14 04:00:00,2.30373,2.30585,2.3022,2.30222,10024
2026-04-14 08:00:00,2.30222,2.3027,2.29581,2.29724,18629
2026-04-14 12:00:00,2.29724,2.30142,2.29553,2.29884,20328
2026-04-14 16:00:00,2.29882,2.29909,2.29472,2.29744,25946
2026-04-14 20:00:00,2.29739,2.2991,2.29622,2.29845,13429
2026-04-15 00:00:00,2.29602,2.30027,2.29394,2.3001,9895
2026-04-15 04:00:00,2.3001,2.30086,2.29792,2.29921,11068
2026-04-15 08:00:00,2.29921,2.29921,2.29554,2.29659,17566
2026-04-15 12:00:00,2.29659,2.29903,2.29567,2.29881,23496
2026-04-15 16:00:00,2.29885,2.30044,2.29521,2.29574,26364
2026-04-15 20:00:00,2.29574,2.29703,2.29286,2.29299,14080
2026-04-16 00:00:00,2.29107,2.29619,2.29013,2.29565,7439
2026-04-16 04:00:00,2.29565,2.29698,2.29391,2.29547,13389
2026-04-16 08:00:00,2.2955,2.29977,2.29404,2.2986,17622
2026-04-16 12:00:00,2.29862,2.30055,2.2969,2.29974,17382
2026-04-16 16:00:00,2.29974,2.30184,2.2942,2.29819,27778
2026-04-16 20:00:00,2.29823,2.29914,2.29583,2.29583,15458
2026-04-17 00:00:00,2.29437,2.29839,2.29173,2.29677,8283
2026-04-17 04:00:00,2.29679,2.29861,2.29599,2.29655,10472
2026-04-17 08:00:00,2.29655,2.29775,2.29501,2.29601,15282
2026-04-17 12:00:00,2.29607,2.29948,2.29384,2.29425,18876
2026-04-17 16:00:00,2.29418,2.29544,2.29151,2.29449,36269
2026-04-17 20:00:00,2.29447,2.29844,2.2943,2.2949,20301
2026-04-20 00:00:00,2.29843,2.30352,2.29579,2.29669,13897
2026-04-20 04:00:00,2.29669,2.29754,2.2955,2.29726,12653
2026-04-20 08:00:00,2.29726,2.3024,2.2967,2.29925,22478
2026-04-20 12:00:00,2.29924,2.30061,2.2965,2.29909,19772
2026-04-20 16:00:00,2.29909,2.29984,2.2964,2.29842,29349
2026-04-20 20:00:00,2.29842,2.29874,2.2966,2.29707,14045
2026-04-21 00:00:00,2.29701,2.29994,2.28686,2.28713,10242
2026-04-21 04:00:00,2.28713,2.29091,2.28484,2.28844,12231
2026-04-21 08:00:00,2.28845,2.28983,2.28559,2.28736,21237
2026-04-21 12:00:00,2.28736,2.28984,2.28626,2.28897,19574
2026-04-21 16:00:00,2.28898,2.29035,2.28515,2.29028,29894
2026-04-21 20:00:00,2.29028,2.29528,2.28896,2.29157,27970
2026-04-22 00:00:00,2.2897,2.29303,2.28565,2.28777,9810
2026-04-22 04:00:00,2.28777,2.28831,2.28638,2.28736,12274
2026-04-22 08:00:00,2.28735,2.28751,2.28382,2.2864,18390
2026-04-22 12:00:00,2.2864,2.28804,2.28537,2.28718,19033
2026-04-22 16:00:00,2.28718,2.28799,2.28356,2.28681,27528
2026-04-22 20:00:00,2.28681,2.28766,2.28588,2.28628,13147
2026-04-23 00:00:00,2.28553,2.28925,2.27969,2.28688,11489
2026-04-23 04:00:00,2.28688,2.29448,2.28661,2.29195,18459
2026-04-23 08:00:00,2.29195,2.29429,2.28899,2.29409,18348
2026-04-23 12:00:00,2.29409,2.29778,2.29385,2.29491,23389
2026-04-23 16:00:00,2.29487,2.29923,2.29445,2.29638,26718
2026-04-23 20:00:00,2.29638,2.30246,2.29588,2.30022,26247
2026-04-24 00:00:00,2.29938,2.30099,2.29171,2.29914,9882
2026-04-24 04:00:00,2.29916,2.30371,2.29785,2.30012,14583
2026-04-24 08:00:00,2.30012,2.30276,2.29977,2.30093,16329
2026-04-24 12:00:00,2.30091,2.30314,2.29663,2.30011,21841
2026-04-24 16:00:00,2.30018,2.30161,2.29803,2.29963,28722
2026-04-24 20:00:00,2.29967,2.30129,2.29903,2.30025,13397
