Datetime,Open,High,Low,Close,Volume
2022-04-26 16:00:00,1.26804,1.26977,1.26003,1.26114,21652
2022-04-26 20:00:00,1.26114,1.26142,1.25711,1.25749,10815
2022-04-27 00:00:00,1.25732,1.25874,1.25598,1.25809,4946
2022-04-27 04:00:00,1.25807,1.25917,1.25743,1.25848,9387
2022-04-27 08:00:00,1.25847,1.25976,1.25359,1.25381,16175
2022-04-27 12:00:00,1.25379,1.26019,1.25269,1.25419,15342
2022-04-27 16:00:00,1.25417,1.25788,1.25024,1.25674,19871
2022-04-27 20:00:00,1.25674,1.25691,1.25353,1.25455,10819
2022-04-28 00:00:00,1.25383,1.25468,1.25265,1.25323,5549
2022-04-28 04:00:00,1.2532,1.25454,1.25084,1.25158,11985
2022-04-28 08:00:00,1.25157,1.25699,1.24914,1.25361,19535
2022-04-28 12:00:00,1.2536,1.25398,1.24215,1.24304,18127
2022-04-28 16:00:00,1.24307,1.24698,1.24115,1.2464,22265
2022-04-28 20:00:00,1.24638,1.24738,1.2447,1.24536,9444
2022-04-29 00:00:00,1.24545,1.24873,1.24475,1.24848,4152
2022-04-29 04:00:00,1.24847,1.24973,1.24656,1.2494,8321
2022-04-29 08:00:00,1.24941,1.25752,1.24938,1.25528,14620
2022-04-29 12:00:00,1.2553,1.25858,1.25321,1.2546,14685
2022-04-29 16:00:00,1.25459,1.25784,1.253,1.25778,19978
2022-04-29 20:00:00,1.25778,1.26146,1.25692,1.25708,10282
2022-05-02 00:00:00,1.25787,1.25973,1.2567,1.25693,7409
2022-05-02 04:00:00,1.25694,1.25769,1.25464,1.25517,10110
2022-05-02 08:00:00,1.25516,1.25877,1.25397,1.25726,13409
2022-05-02 12:00:00,1.25725,1.25807,1.25348,1.25371,10759
2022-05-02 16:00:00,1.25372,1.25496,1.24934,1.24978,16966
2022-05-02 20:00:00,1.24979,1.25006,1.24729,1.24918,9165
2022-05-03 00:00:00,1.24883,1.25211,1.24847,1.25196,4284
2022-05-03 04:00:00,1.25196,1.25414,1.25092,1.25128,6856
2022-05-03 08:00:00,1.25132,1.25556,1.25052,1.25408,16587
2022-05-03 12:00:00,1.25406,1.2567,1.24927,1.25576,14501
2022-05-03 16:00:00,1.25574,1.25662,1.24872,1.24881,18580
2022-05-03 20:00:00,1.2488,1.25146,1.24704,1.2495,12004
2022-05-04 00:00:00,1.24972,1.25058,1.24877,1.24963,4994
2022-05-04 04:00:00,1.24962,1.25006,1.24819,1.24824,5247
2022-05-04 08:00:00,1.24823,1.25247,1.24669,1.25151,10992
2022-05-04 12:00:00,1.25152,1.25362,1.25021,1.25302,11216
2022-05-04 16:00:00,1.25301,1.25373,1.24673,1.24944,17391
2022-05-04 20:00:00,1.24944,1.2638,1.24513,1.26355,25925
2022-05-05 00:00:00,1.26273,1.26342,1.26007,1.26092,9878
2022-05-05 04:00:00,1.26093,1.26331,1.25417,1.25471,9378
2022-05-05 08:00:00,1.25472,1.25682,1.25173,1.25461,15501
2022-05-05 12:00:00,1.2546,1.25782,1.23612,1.23889,20125
2022-05-05 16:00:00,1.23893,1.24125,1.23262,1.23378,22597
2022-05-05 20:00:00,1.23379,1.23693,1.23252,1.23578,15957
2022-05-06 00:00:00,1.2361,1.23804,1.23555,1.2366,7029
2022-05-06 04:00:00,1.23661,1.2374,1.23333,1.23681,12617
2022-05-06 08:00:00,1.23681,1.23681,1.2276,1.234,22229
2022-05-06 12:00:00,1.23401,1.23797,1.23181,1.23229,20951
2022-05-06 16:00:00,1.23223,1.23698,1.23011,1.23571,31622
2022-05-06 20:00:00,1.23572,1.23623,1.23229,1.23361,15324
2022-05-09 00:00:00,1.23483,1.23484,1.23021,1.23038,6125
2022-05-09 04:00:00,1.23038,1.23125,1.22811,1.22835,10475
2022-05-09 08:00:00,1.22833,1.23077,1.2261,1.22704,17108
2022-05-09 12:00:00,1.22702,1.24059,1.22686,1.23896,19719
2022-05-09 16:00:00,1.23896,1.23906,1.23008,1.23479,24541
2022-05-09 20:00:00,1.23474,1.23553,1.23259,1.23294,16674
2022-05-10 00:00:00,1.23309,1.23421,1.23175,1.23306,7458
2022-05-10 04:00:00,1.23305,1.23721,1.23235,1.23656,12973
2022-05-10 08:00:00,1.23656,1.23756,1.23168,1.23375,17796
2022-05-10 12:00:00,1.23374,1.23588,1.23045,1.23189,17147
2022-05-10 16:00:00,1.23185,1.23413,1.22918,1.23097,28001
2022-05-10 20:00:00,1.23098,1.23307,1.23029,1.23159,16250
2022-05-11 00:00:00,1.23129,1.23263,1.23047,1.23171,4948
2022-05-11 04:00:00,1.23174,1.23401,1.2312,1.23357,9102
2022-05-11 08:00:00,1.23357,1.23733,1.23229,1.2373,14507
2022-05-11 12:00:00,1.23726,1.23898,1.22772,1.22875,19472
2022-05-11 16:00:00,1.22874,1.24,1.22826,1.22898,31055
2022-05-11 20:00:00,1.22896,1.22929,1.22374,1.2247,19191
2022-05-12 00:00:00,1.22529,1.22531,1.22249,1.22448,9100
2022-05-12 04:00:00,1.22448,1.22461,1.22069,1.22079,12575
2022-05-12 08:00:00,1.22079,1.22212,1.21796,1.21797,24468
2022-05-12 12:00:00,1.21796,1.22479,1.21653,1.22278,20946
2022-05-12 16:00:00,1.22277,1.22435,1.21875,1.21914,29002
2022-05-12 20:00:00,1.21915,1.21995,1.21733,1.21948,16524
2022-05-13 00:00:00,1.21995,1.22142,1.21928,1.22074,5277
2022-05-13 04:00:00,1.22073,1.22272,1.21929,1.22226,10459
2022-05-13 08:00:00,1.22227,1.22316,1.21993,1.22055,18255
2022-05-13 12:00:00,1.22056,1.22165,1.21745,1.21994,13464
2022-05-13 16:00:00,1.21994,1.22488,1.21554,1.22361,19712
2022-05-13 20:00:00,1.22363,1.22612,1.22201,1.22606,9083
2022-05-16 00:00:00,1.22352,1.22706,1.22336,1.22695,6966
2022-05-16 04:00:00,1.22695,1.22965,1.22329,1.22405,9999
2022-05-16 08:00:00,1.22404,1.2253,1.22175,1.22358,13016
2022-05-16 12:00:00,1.22359,1.22699,1.2219,1.22539,13310
2022-05-16 16:00:00,1.22539,1.22814,1.22362,1.22757,20106
2022-05-16 20:00:00,1.22757,1.23295,1.22738,1.232,9972
2022-05-17 00:00:00,1.2311,1.23371,1.2311,1.23294,4485
2022-05-17 04:00:00,1.23293,1.2347,1.23203,1.23426,7692
2022-05-17 08:00:00,1.23427,1.24832,1.2335,1.24759,14616
2022-05-17 12:00:00,1.24759,1.2499,1.24424,1.24882,19371
2022-05-17 16:00:00,1.24888,1.24894,1.24494,1.24806,18767
2022-05-17 20:00:00,1.24805,1.2494,1.24524,1.24928,17224
2022-05-18 00:00:00,1.24854,1.25008,1.24846,1.24885,7570
2022-05-18 04:00:00,1.24885,1.24931,1.24627,1.24722,8263
2022-05-18 08:00:00,1.24721,1.24954,1.2372,1.23742,14510
2022-05-18 12:00:00,1.2374,1.2436,1.2374,1.24193,13710
2022-05-18 16:00:00,1.24192,1.24261,1.2373,1.23828,19413
2022-05-18 20:00:00,1.23828,1.23838,1.23298,1.23418,12665
2022-05-19 00:00:00,1.23379,1.23647,1.23333,1.23524,9364
2022-05-19 04:00:00,1.23525,1.23951,1.23391,1.23864,11179
2022-05-19 08:00:00,1.23859,1.24074,1.23376,1.23917,18024
2022-05-19 12:00:00,1.23917,1.24378,1.23694,1.24291,20033
2022-05-19 16:00:00,1.24289,1.25247,1.24262,1.24984,28464
2022-05-19 20:00:00,1.24986,1.25121,1.24684,1.2471,17186
2022-05-20 00:00:00,1.24655,1.24774,1.24503,1.24634,6884
2022-05-20 04:00:00,1.24634,1.24695,1.24375,1.24543,10233
2022-05-20 08:00:00,1.24544,1.24966,1.2448,1.24868,16809
2022-05-20 12:00:00,1.24868,1.24906,1.24615,1.24784,14619
2022-05-20 16:00:00,1.24783,1.24995,1.24528,1.24719,22684
2022-05-20 20:00:00,1.2472,1.24969,1.24532,1.2494,14318
2022-05-23 00:00:00,1.24744,1.25298,1.24744,1.2526,5840
2022-05-23 04:00:00,1.25259,1.25531,1.2522,1.2546,8893
2022-05-23 08:00:00,1.25462,1.25752,1.25411,1.25716,17044
2022-05-23 12:00:00,1.25717,1.2601,1.25634,1.25673,15407
2022-05-23 16:00:00,1.25676,1.25936,1.25561,1.25683,19287
2022-05-23 20:00:00,1.25684,1.25885,1.25584,1.2587,8773
2022-05-24 00:00:00,1.25865,1.25878,1.25569,1.25585,4213
2022-05-24 04:00:00,1.25584,1.25695,1.25474,1.25604,6840
2022-05-24 08:00:00,1.25606,1.25984,1.24749,1.24865,16577
2022-05-24 12:00:00,1.24864,1.25225,1.24714,1.24919,15582
2022-05-24 16:00:00,1.24913,1.25548,1.24838,1.25353,23310
2022-05-24 20:00:00,1.25348,1.25435,1.25102,1.25346,12182
2022-05-25 00:00:00,1.2531,1.25489,1.25219,1.25279,5455
2022-05-25 04:00:00,1.25281,1.25427,1.25139,1.25378,9782
2022-05-25 08:00:00,1.25378,1.25597,1.252,1.25233,16002
2022-05-25 12:00:00,1.25232,1.25236,1.24809,1.25006,16007
2022-05-25 16:00:00,1.25006,1.25585,1.24932,1.25323,19361
2022-05-25 20:00:00,1.25324,1.25909,1.25247,1.25768,15061
2022-05-26 00:00:00,1.25681,1.26123,1.25672,1.26048,4720
2022-05-26 04:00:00,1.26047,1.26088,1.25646,1.25685,10500
2022-05-26 08:00:00,1.25685,1.25978,1.25518,1.2564,14345
2022-05-26 12:00:00,1.2564,1.26207,1.25579,1.25638,17421
2022-05-26 16:00:00,1.25636,1.25875,1.25529,1.2575,17493
2022-05-26 20:00:00,1.25754,1.26091,1.25683,1.26081,7873
2022-05-27 00:00:00,1.25876,1.26263,1.25876,1.26217,5200
2022-05-27 04:00:00,1.26218,1.26666,1.26155,1.26525,11094
2022-05-27 08:00:00,1.26523,1.26523,1.26077,1.26182,14393
2022-05-27 12:00:00,1.26184,1.26441,1.25859,1.26248,16852
2022-05-27 16:00:00,1.26249,1.26542,1.25968,1.26073,17728
2022-05-27 20:00:00,1.2607,1.26323,1.26027,1.26316,7416
2022-05-30 00:00:00,1.26174,1.26355,1.26143,1.26277,4491
2022-05-30 04:00:00,1.26277,1.26576,1.26212,1.26465,9499
2022-05-30 08:00:00,1.26466,1.2651,1.26165,1.26296,14554
2022-05-30 12:00:00,1.26296,1.26553,1.2625,1.26319,12474
2022-05-30 16:00:00,1.26319,1.26598,1.26312,1.26545,11681
2022-05-30 20:00:00,1.26545,1.26588,1.26503,1.26503,4834
2022-05-31 00:00:00,1.2653,1.26553,1.26101,1.26123,11909
2022-05-31 04:00:00,1.26121,1.26292,1.25989,1.26125,13217
2022-05-31 08:00:00,1.26124,1.26312,1.2591,1.26124,15433
2022-05-31 12:00:00,1.26123,1.26188,1.25602,1.25624,16958
2022-05-31 16:00:00,1.2562,1.26304,1.2562,1.26198,22605
2022-05-31 20:00:00,1.26194,1.26238,1.25984,1.2602,11664
2022-06-01 00:00:00,1.26029,1.26166,1.25986,1.26094,4394
2022-06-01 04:00:00,1.26091,1.26094,1.25755,1.25826,10773
2022-06-01 08:00:00,1.25826,1.2612,1.2575,1.25783,16368
2022-06-01 12:00:00,1.25782,1.2605,1.25594,1.25875,14172
2022-06-01 16:00:00,1.25877,1.25947,1.24583,1.24702,22337
2022-06-01 20:00:00,1.24695,1.25021,1.24695,1.24836,12882
2022-06-02 00:00:00,1.2484,1.24916,1.24743,1.24859,4522
2022-06-02 04:00:00,1.24854,1.24878,1.24711,1.24855,8226
2022-06-02 08:00:00,1.24854,1.25446,1.24694,1.25374,12466
2022-06-02 12:00:00,1.2537,1.25713,1.25353,1.25548,13261
2022-06-02 16:00:00,1.25551,1.25818,1.25248,1.25814,18947
2022-06-02 20:00:00,1.25812,1.25866,1.25644,1.25748,8947
2022-06-03 00:00:00,1.25782,1.25897,1.25712,1.25785,4264
2022-06-03 04:00:00,1.25788,1.25848,1.25687,1.25703,9119
2022-06-03 08:00:00,1.25703,1.25838,1.25591,1.25745,11141
2022-06-03 12:00:00,1.25746,1.25768,1.2521,1.25354,13960
2022-06-03 16:00:00,1.25354,1.25737,1.24918,1.25146,20234
2022-06-03 20:00:00,1.25141,1.25156,1.24853,1.24872,8993
2022-06-06 00:00:00,1.24935,1.25023,1.2481,1.24825,5135
2022-06-06 04:00:00,1.24824,1.25009,1.24767,1.24994,8988
2022-06-06 08:00:00,1.24995,1.25776,1.24907,1.25728,14976
2022-06-06 12:00:00,1.2573,1.25732,1.25412,1.25566,12109
2022-06-06 16:00:00,1.25565,1.2561,1.25252,1.25398,18416
2022-06-06 20:00:00,1.25398,1.25482,1.25262,1.25297,9644
2022-06-07 00:00:00,1.25318,1.25336,1.25129,1.25167,7248
2022-06-07 04:00:00,1.25165,1.2523,1.24886,1.24914,12909
2022-06-07 08:00:00,1.24918,1.25346,1.24303,1.24942,20916
2022-06-07 12:00:00,1.24944,1.25193,1.24862,1.24869,16148
2022-06-07 16:00:00,1.24863,1.25995,1.2482,1.2593,19233
2022-06-07 20:00:00,1.25931,1.25994,1.25723,1.25892,8098
2022-06-08 00:00:00,1.25894,1.25976,1.25738,1.25747,5220
2022-06-08 04:00:00,1.25744,1.2587,1.25564,1.25572,13977
2022-06-08 08:00:00,1.25571,1.2584,1.25185,1.2522,18571
2022-06-08 12:00:00,1.25219,1.25598,1.25132,1.25366,18116
2022-06-08 16:00:00,1.25368,1.25645,1.25312,1.25475,20043
2022-06-08 20:00:00,1.25475,1.25485,1.25347,1.25358,11238
2022-06-09 00:00:00,1.2538,1.25463,1.25284,1.25344,11291
2022-06-09 04:00:00,1.25346,1.25485,1.252,1.25289,12570
2022-06-09 08:00:00,1.25288,1.25328,1.2492,1.25259,17052
2022-06-09 12:00:00,1.25259,1.25488,1.25132,1.25316,23142
2022-06-09 16:00:00,1.25316,1.25587,1.25071,1.25149,26016
2022-06-09 20:00:00,1.25147,1.25228,1.2487,1.24956,11543
2022-06-10 00:00:00,1.2493,1.25085,1.24822,1.24995,5285
2022-06-10 04:00:00,1.24995,1.25016,1.24791,1.24962,10236
2022-06-10 08:00:00,1.24961,1.25179,1.24693,1.24823,18896
2022-06-10 12:00:00,1.24821,1.24843,1.23826,1.23834,22075
2022-06-10 16:00:00,1.23833,1.24144,1.23094,1.23113,28886
2022-06-10 20:00:00,1.23112,1.23228,1.2301,1.23132,15691
2022-06-13 00:00:00,1.23179,1.23214,1.22709,1.22756,11635
2022-06-13 04:00:00,1.22756,1.22917,1.22621,1.22859,15691
2022-06-13 08:00:00,1.2286,1.23007,1.22122,1.22195,23152
2022-06-13 12:00:00,1.22193,1.22227,1.21615,1.21949,24603
2022-06-13 16:00:00,1.21952,1.22005,1.21235,1.21735,27848
2022-06-13 20:00:00,1.21734,1.21867,1.21069,1.21323,21283
2022-06-14 00:00:00,1.21356,1.21612,1.2124,1.21555,9066
2022-06-14 04:00:00,1.21554,1.21962,1.21342,1.21765,19814
2022-06-14 08:00:00,1.21766,1.22079,1.21494,1.21523,24003
2022-06-14 12:00:00,1.21523,1.21593,1.20624,1.20768,25525
2022-06-14 16:00:00,1.20769,1.20838,1.19892,1.19948,29933
2022-06-14 20:00:00,1.19942,1.20312,1.19339,1.1997,18572
2022-06-15 00:00:00,1.19956,1.20192,1.19871,1.20189,11105
2022-06-15 04:00:00,1.20188,1.20413,1.19985,1.20017,14367
2022-06-15 08:00:00,1.20017,1.20896,1.1989,1.20885,25736
2022-06-15 12:00:00,1.20884,1.21253,1.20581,1.20635,25282
2022-06-15 16:00:00,1.20632,1.2097,1.2046,1.20644,22203
2022-06-15 20:00:00,1.20642,1.22049,1.20282,1.21731,28916
2022-06-16 00:00:00,1.21793,1.21898,1.21583,1.21784,9452
2022-06-16 04:00:00,1.21783,1.21861,1.21417,1.21468,14508
2022-06-16 08:00:00,1.21469,1.21552,1.20582,1.21282,25530
2022-06-16 12:00:00,1.21283,1.2247,1.2041,1.22215,32055
2022-06-16 16:00:00,1.22215,1.24068,1.22212,1.23804,35234
2022-06-16 20:00:00,1.23804,1.2398,1.23447,1.23518,24202
2022-06-17 00:00:00,1.23544,1.23652,1.23195,1.23246,11859
2022-06-17 04:00:00,1.23247,1.23314,1.22854,1.2306,19270
2022-06-17 08:00:00,1.2306,1.23431,1.22522,1.23156,24869
2022-06-17 12:00:00,1.23157,1.23353,1.22527,1.22671,23402
2022-06-17 16:00:00,1.22669,1.22682,1.21727,1.21887,29647
2022-06-17 20:00:00,1.21883,1.22329,1.21872,1.22155,14761
2022-06-20 00:00:00,1.22235,1.22318,1.2207,1.22227,10731
2022-06-20 04:00:00,1.22226,1.22534,1.21989,1.22353,21470
2022-06-20 08:00:00,1.22354,1.22532,1.22179,1.22462,25260
2022-06-20 12:00:00,1.22463,1.22803,1.22334,1.22625,19329
2022-06-20 16:00:00,1.22625,1.22625,1.22257,1.22543,18108
2022-06-20 20:00:00,1.22544,1.22594,1.2231,1.22476,3900
2022-06-21 00:00:00,1.22503,1.22715,1.2236,1.22697,8690
2022-06-21 04:00:00,1.22696,1.22834,1.2262,1.22648,14116
2022-06-21 08:00:00,1.22649,1.23239,1.22448,1.23091,21087
2022-06-21 12:00:00,1.23091,1.2318,1.22511,1.22665,22002
2022-06-21 16:00:00,1.22666,1.22945,1.22482,1.22717,24496
2022-06-21 20:00:00,1.22718,1.22818,1.22614,1.22791,11714
2022-06-22 00:00:00,1.22708,1.22806,1.22432,1.2246,7509
2022-06-22 04:00:00,1.2246,1.22597,1.22285,1.22337,14760
2022-06-22 08:00:00,1.22336,1.22434,1.21608,1.2218,25131
2022-06-22 12:00:00,1.22181,1.22722,1.22148,1.22535,24391
2022-06-22 16:00:00,1.2254,1.23146,1.22477,1.22654,32282
2022-06-22 20:00:00,1.22654,1.22879,1.2257,1.22621,14527
2022-06-23 00:00:00,1.22586,1.22668,1.22417,1.22601,7862
2022-06-23 04:00:00,1.22602,1.2264,1.22313,1.22553,19739
2022-06-23 08:00:00,1.22553,1.22637,1.21698,1.21994,26617
2022-06-23 12:00:00,1.21995,1.22584,1.21942,1.22444,24567
2022-06-23 16:00:00,1.22444,1.22946,1.22209,1.22283,34364
2022-06-23 20:00:00,1.22285,1.22724,1.22198,1.2261,16834
2022-06-24 00:00:00,1.2256,1.2271,1.22407,1.225,10556
2022-06-24 04:00:00,1.22501,1.2285,1.22456,1.22795,14132
2022-06-24 08:00:00,1.22792,1.22844,1.22427,1.22756,21503
2022-06-24 12:00:00,1.22753,1.23098,1.22617,1.22833,21042
2022-06-24 16:00:00,1.22835,1.23206,1.22649,1.22684,29363
2022-06-24 20:00:00,1.22687,1.22875,1.22499,1.22733,11611
2022-06-27 00:00:00,1.22712,1.22967,1.22568,1.22705,9799
2022-06-27 04:00:00,1.22705,1.22908,1.22667,1.2284,16531
2022-06-27 08:00:00,1.22841,1.23326,1.22644,1.23169,18705
2022-06-27 12:00:00,1.2317,1.23191,1.22378,1.22553,17517
2022-06-27 16:00:00,1.22555,1.23133,1.22554,1.2291,24489
2022-06-27 20:00:00,1.2291,1.22919,1.22624,1.22664,13706
2022-06-28 00:00:00,1.22646,1.228,1.2261,1.22717,6853
2022-06-28 04:00:00,1.22716,1.22836,1.2261,1.22673,15146
2022-06-28 08:00:00,1.22682,1.22914,1.22507,1.22841,21058
2022-06-28 12:00:00,1.22839,1.22849,1.2211,1.22132,20210
2022-06-28 16:00:00,1.22133,1.22256,1.21852,1.21935,25224
2022-06-28 20:00:00,1.21937,1.22001,1.21803,1.21836,15694
2022-06-29 00:00:00,1.21838,1.22032,1.21756,1.21922,12465
2022-06-29 04:00:00,1.21923,1.22129,1.2189,1.21974,14888
2022-06-29 08:00:00,1.21973,1.22117,1.21658,1.21747,22591
2022-06-29 12:00:00,1.21747,1.21901,1.21417,1.21536,23223
2022-06-29 16:00:00,1.21536,1.21772,1.21057,1.2122,31091
2022-06-29 20:00:00,1.21221,1.21378,1.21137,1.2121,13137
2022-06-30 00:00:00,1.21222,1.21323,1.21167,1.21264,7632
2022-06-30 04:00:00,1.21264,1.21415,1.21075,1.21309,14973
2022-06-30 08:00:00,1.2131,1.21657,1.21249,1.21425,24878
2022-06-30 12:00:00,1.21424,1.21427,1.2092,1.21226,19865
2022-06-30 16:00:00,1.21219,1.21881,1.21215,1.21774,26002
2022-06-30 20:00:00,1.21773,1.21885,1.21636,1.21787,14056
2022-07-01 00:00:00,1.21742,1.2178,1.21492,1.21539,7579
2022-07-01 04:00:00,1.21537,1.21571,1.2111,1.21193,16849
2022-07-01 08:00:00,1.21194,1.21389,1.20934,1.21008,19986
2022-07-01 12:00:00,1.21008,1.21173,1.20041,1.20073,20802
2022-07-01 16:00:00,1.20073,1.20633,1.1976,1.20458,26760
2022-07-01 20:00:00,1.20454,1.21073,1.20371,1.20914,11136
2022-07-04 00:00:00,1.21064,1.21226,1.20956,1.21062,9451
2022-07-04 04:00:00,1.21063,1.21086,1.20843,1.20929,15435
2022-07-04 08:00:00,1.2093,1.21269,1.20908,1.21219,17295
2022-07-04 12:00:00,1.21214,1.2165,1.21079,1.21533,15974
2022-07-04 16:00:00,1.21533,1.21607,1.20959,1.21109,15475
2022-07-04 20:00:00,1.21108,1.21131,1.20971,1.21019,3422
2022-07-05 00:00:00,1.21081,1.21188,1.20961,1.2111,11612
2022-07-05 04:00:00,1.21107,1.21226,1.20978,1.21128,15659
2022-07-05 08:00:00,1.21124,1.21253,1.20427,1.20438,23947
2022-07-05 12:00:00,1.20436,1.20566,1.19596,1.19692,24469
2022-07-05 16:00:00,1.19686,1.19723,1.18987,1.1924,27425
2022-07-05 20:00:00,1.19241,1.19593,1.19167,1.19552,15768
2022-07-06 00:00:00,1.19377,1.19652,1.19377,1.19652,9477
2022-07-06 04:00:00,1.19654,1.19717,1.19267,1.19353,17143
2022-07-06 08:00:00,1.19352,1.19893,1.1911,1.19601,26323
2022-07-06 12:00:00,1.19601,1.19631,1.18758,1.18971,27331
2022-07-06 16:00:00,1.1897,1.19405,1.18858,1.19093,33126
2022-07-06 20:00:00,1.19092,1.19453,1.19078,1.19211,19985
2022-07-07 00:00:00,1.19158,1.19304,1.19087,1.19258,10924
2022-07-07 04:00:00,1.1926,1.19535,1.19151,1.19479,18059
2022-07-07 08:00:00,1.19481,1.19945,1.19336,1.1969,23953
2022-07-07 12:00:00,1.19687,1.20233,1.1955,1.19639,26033
2022-07-07 16:00:00,1.19637,1.20141,1.19479,1.20079,27513
2022-07-07 20:00:00,1.20079,1.20297,1.19963,1.20234,10711
2022-07-08 00:00:00,1.20219,1.20518,1.20118,1.20498,6930
2022-07-08 04:00:00,1.20499,1.20558,1.19962,1.20144,19145
2022-07-08 08:00:00,1.20144,1.20147,1.19192,1.19348,23054
2022-07-08 12:00:00,1.19348,1.20299,1.19278,1.19866,26717
2022-07-08 16:00:00,1.19872,1.20481,1.19713,1.20188,29911
2022-07-08 20:00:00,1.20189,1.20357,1.20117,1.20317,11077
2022-07-11 00:00:00,1.20146,1.20371,1.20038,1.20088,9889
2022-07-11 04:00:00,1.2009,1.20097,1.19771,1.19881,15831
2022-07-11 08:00:00,1.19881,1.19897,1.19535,1.19663,19890
2022-07-11 12:00:00,1.19663,1.19773,1.19074,1.19227,20393
2022-07-11 16:00:00,1.19228,1.1923,1.18666,1.18832,25792
2022-07-11 20:00:00,1.18832,1.19098,1.18807,1.1891,13664
2022-07-12 00:00:00,1.18889,1.19099,1.18828,1.18931,13808
2022-07-12 04:00:00,1.1893,1.18939,1.18605,1.18644,18266
2022-07-12 08:00:00,1.18645,1.18734,1.18074,1.18297,22509
2022-07-12 12:00:00,1.18296,1.18817,1.18125,1.18591,23737
2022-07-12 16:00:00,1.18589,1.19158,1.18589,1.19106,25085
2022-07-12 20:00:00,1.19108,1.19128,1.18819,1.18882,12303
2022-07-13 00:00:00,1.18827,1.18893,1.18748,1.18797,7782
2022-07-13 04:00:00,1.18799,1.19192,1.18703,1.19015,17255
2022-07-13 08:00:00,1.19017,1.19366,1.18764,1.18903,22356
2022-07-13 12:00:00,1.18902,1.19474,1.18272,1.18561,22879
2022-07-13 16:00:00,1.18554,1.19675,1.18432,1.19214,32702
2022-07-13 20:00:00,1.19214,1.19328,1.18868,1.18897,17383
2022-07-14 00:00:00,1.18891,1.18936,1.18501,1.18576,10420
2022-07-14 04:00:00,1.1858,1.18842,1.18464,1.18605,16848
2022-07-14 08:00:00,1.18606,1.18752,1.18236,1.1842,23137
2022-07-14 12:00:00,1.18416,1.18769,1.1811,1.1812,26812
2022-07-14 16:00:00,1.18114,1.18427,1.176,1.17796,32604
2022-07-14 20:00:00,1.17797,1.18385,1.17778,1.18244,20058
2022-07-15 00:00:00,1.18196,1.18414,1.18174,1.18267,8346
2022-07-15 04:00:00,1.18269,1.18517,1.18257,1.18309,15066
2022-07-15 08:00:00,1.18309,1.18452,1.18045,1.18272,22392
2022-07-15 12:00:00,1.18266,1.18529,1.18071,1.18465,23446
2022-07-15 16:00:00,1.18469,1.18745,1.18138,1.18552,27725
2022-07-15 20:00:00,1.18552,1.18705,1.18489,1.18678,10443
2022-07-18 00:00:00,1.18643,1.18908,1.18604,1.18827,8679
2022-07-18 04:00:00,1.18826,1.19067,1.18811,1.18861,14483
2022-07-18 08:00:00,1.18861,1.19658,1.18781,1.19457,20607
2022-07-18 12:00:00,1.19456,1.19914,1.19417,1.19792,20594
2022-07-18 16:00:00,1.19792,1.20334,1.19695,1.19764,22246
2022-07-18 20:00:00,1.19764,1.19804,1.19462,1.19497,11930
2022-07-19 00:00:00,1.19471,1.19578,1.19328,1.19353,7868
2022-07-19 04:00:00,1.19353,1.19566,1.19249,1.19457,10868
2022-07-19 08:00:00,1.19459,1.20242,1.19435,1.2021,20110
2022-07-19 12:00:00,1.2021,1.204,1.19998,1.20117,20860
2022-07-19 16:00:00,1.20114,1.20454,1.20046,1.20074,19607
2022-07-19 20:00:00,1.20075,1.20108,1.19858,1.19974,7970
2022-07-20 00:00:00,1.1987,1.20174,1.19796,1.20163,6356
2022-07-20 04:00:00,1.20163,1.20374,1.20094,1.20294,8147
2022-07-20 08:00:00,1.20294,1.20345,1.19886,1.20044,17833
2022-07-20 12:00:00,1.2004,1.20321,1.19555,1.19834,20029
2022-07-20 16:00:00,1.19834,1.20063,1.196,1.19721,20292
2022-07-20 20:00:00,1.19717,1.19801,1.19532,1.19788,10960
2022-07-21 00:00:00,1.19626,1.19826,1.19608,1.19668,4903
2022-07-21 04:00:00,1.19668,1.2,1.1963,1.19986,9575
2022-07-21 08:00:00,1.19986,1.20035,1.19204,1.1939,17616
2022-07-21 12:00:00,1.1939,1.19928,1.19132,1.19845,22626
2022-07-21 16:00:00,1.19842,1.19917,1.189,1.19517,27969
2022-07-21 20:00:00,1.19515,1.20038,1.19512,1.19998,11960
2022-07-22 00:00:00,1.20026,1.20032,1.19798,1.1987,8760
2022-07-22 04:00:00,1.19867,1.19902,1.19556,1.19564,9347
2022-07-22 08:00:00,1.19564,1.19895,1.19164,1.19556,18217
2022-07-22 12:00:00,1.19556,1.1976,1.19265,1.19582,21192
2022-07-22 16:00:00,1.19584,1.20639,1.19521,1.20221,24938
2022-07-22 20:00:00,1.20218,1.20243,1.19708,1.20051,13740
2022-07-25 00:00:00,1.1992,1.201,1.19606,1.19633,7135
2022-07-25 04:00:00,1.19632,1.19959,1.19616,1.19825,12019
2022-07-25 08:00:00,1.19823,1.20296,1.19629,1.20274,17864
2022-07-25 12:00:00,1.20273,1.20825,1.20223,1.20705,18752
2022-07-25 16:00:00,1.20705,1.20864,1.20249,1.2051,19859
2022-07-25 20:00:00,1.2051,1.20596,1.2045,1.20461,8613
2022-07-26 00:00:00,1.20365,1.20635,1.20356,1.20593,5567
2022-07-26 04:00:00,1.20592,1.20903,1.20574,1.20629,9058
2022-07-26 08:00:00,1.2063,1.20709,1.20303,1.20338,14927
2022-07-26 12:00:00,1.20338,1.20346,1.19639,1.20025,19409
2022-07-26 16:00:00,1.20025,1.20538,1.19895,1.2025,21571
2022-07-26 20:00:00,1.20249,1.20422,1.20208,1.20263,9686
2022-07-27 00:00:00,1.20201,1.20533,1.20184,1.20444,5838
2022-07-27 04:00:00,1.20444,1.20593,1.20372,1.20593,8755
2022-07-27 08:00:00,1.20593,1.20745,1.20363,1.20597,15789
2022-07-27 12:00:00,1.20597,1.20877,1.20428,1.20469,15855
2022-07-27 16:00:00,1.20471,1.20586,1.20206,1.20385,18335
2022-07-27 20:00:00,1.20386,1.21863,1.20298,1.21552,20093
2022-07-28 00:00:00,1.2151,1.21705,1.21423,1.21485,7478
2022-07-28 04:00:00,1.21487,1.21866,1.21461,1.21593,12703
2022-07-28 08:00:00,1.21598,1.21914,1.21539,1.21873,17660
2022-07-28 12:00:00,1.21873,1.21873,1.21033,1.21393,23161
2022-07-28 16:00:00,1.21385,1.21661,1.21088,1.21302,26333
2022-07-28 20:00:00,1.21303,1.21831,1.21296,1.21774,8690
2022-07-29 00:00:00,1.21759,1.21786,1.21619,1.21739,7828
2022-07-29 04:00:00,1.21739,1.22039,1.21629,1.21878,11306
2022-07-29 08:00:00,1.2188,1.22455,1.21552,1.21699,21650
2022-07-29 12:00:00,1.21694,1.21868,1.21059,1.2115,22512
2022-07-29 16:00:00,1.21153,1.21867,1.20631,1.21684,26164
2022-07-29 20:00:00,1.21684,1.21888,1.21517,1.21803,7217
2022-08-01 00:00:00,1.2163,1.21881,1.2157,1.21729,7534
2022-08-01 04:00:00,1.21729,1.21982,1.2168,1.21821,9122
2022-08-01 08:00:00,1.21822,1.22306,1.21742,1.22304,13141
2022-08-01 12:00:00,1.22305,1.22615,1.22186,1.22475,17603
2022-08-01 16:00:00,1.22476,1.22932,1.2235,1.22769,23898
2022-08-01 20:00:00,1.22769,1.22771,1.22412,1.22537,11189
2022-08-02 00:00:00,1.22462,1.2279,1.22401,1.22695,7401
2022-08-02 04:00:00,1.22695,1.22766,1.22442,1.22489,16112
2022-08-02 08:00:00,1.22488,1.2256,1.2186,1.21916,22887
2022-08-02 12:00:00,1.21916,1.22276,1.21911,1.2221,18452
2022-08-02 16:00:00,1.22223,1.22411,1.21799,1.22141,25672
2022-08-02 20:00:00,1.2214,1.22142,1.21582,1.21619,12772
2022-08-03 00:00:00,1.21608,1.21727,1.21346,1.21467,11134
2022-08-03 04:00:00,1.21469,1.21941,1.21455,1.21797,12566
2022-08-03 08:00:00,1.21797,1.22076,1.21571,1.21783,17025
2022-08-03 12:00:00,1.21782,1.22056,1.21665,1.21746,17828
2022-08-03 16:00:00,1.21746,1.21804,1.20998,1.21426,24440
2022-08-03 20:00:00,1.21426,1.21553,1.21377,1.21468,9843
2022-08-04 00:00:00,1.21431,1.21599,1.21333,1.21589,5129
2022-08-04 04:00:00,1.21589,1.21678,1.21442,1.21555,8130
2022-08-04 08:00:00,1.21555,1.2176,1.21285,1.21651,14031
2022-08-04 12:00:00,1.2165,1.2217,1.20653,1.21127,22414
2022-08-04 16:00:00,1.21125,1.21609,1.20898,1.21458,23832
2022-08-04 20:00:00,1.21457,1.21757,1.21443,1.21583,8833
2022-08-05 00:00:00,1.21556,1.21636,1.21347,1.21378,5713
2022-08-05 04:00:00,1.21378,1.21465,1.21303,1.21406,7637
2022-08-05 08:00:00,1.21406,1.2169,1.21354,1.21443,12506
2022-08-05 12:00:00,1.21444,1.21488,1.20253,1.20267,17120
2022-08-05 16:00:00,1.20272,1.20839,1.20032,1.20775,27532
2022-08-05 20:00:00,1.20775,1.2094,1.20608,1.20704,12241
2022-08-08 00:00:00,1.20636,1.20673,1.20473,1.20563,5232
2022-08-08 04:00:00,1.20563,1.20801,1.20552,1.20768,6489
2022-08-08 08:00:00,1.20765,1.21229,1.20687,1.20853,14025
2022-08-08 12:00:00,1.20853,1.21222,1.20714,1.21209,15046
2022-08-08 16:00:00,1.21209,1.21378,1.20759,1.20771,16631
2022-08-08 20:00:00,1.20769,1.20931,1.20686,1.20771,11089
2022-08-09 00:00:00,1.20697,1.20888,1.20697,1.2078,6931
2022-08-09 04:00:00,1.2078,1.20854,1.20701,1.20844,5961
2022-08-09 08:00:00,1.20844,1.21222,1.20655,1.21183,11246
2022-08-09 12:00:00,1.21183,1.21302,1.20947,1.21071,15004
2022-08-09 16:00:00,1.21071,1.21286,1.20759,1.20826,18787
2022-08-09 20:00:00,1.20826,1.20866,1.20629,1.20749,7609
2022-08-10 00:00:00,1.20753,1.20859,1.20645,1.20684,3824
2022-08-10 04:00:00,1.20684,1.20845,1.20659,1.2083,6310
2022-08-10 08:00:00,1.2083,1.21056,1.20676,1.20948,11506
2022-08-10 12:00:00,1.20952,1.22508,1.2081,1.22188,18102
2022-08-10 16:00:00,1.22191,1.22765,1.21911,1.22477,26154
2022-08-10 20:00:00,1.22477,1.2261,1.22103,1.22138,11138
2022-08-11 00:00:00,1.22101,1.22206,1.22009,1.22085,6467
2022-08-11 04:00:00,1.22085,1.22093,1.21822,1.21906,7160
2022-08-11 08:00:00,1.21906,1.22456,1.21834,1.22421,15154
2022-08-11 12:00:00,1.22421,1.22444,1.21942,1.22353,19554
2022-08-11 16:00:00,1.22353,1.22492,1.21964,1.22239,22564
2022-08-11 20:00:00,1.22243,1.22267,1.21853,1.22,11193
2022-08-12 00:00:00,1.21995,1.22037,1.21773,1.21844,5111
2022-08-12 04:00:00,1.21843,1.21971,1.21785,1.21895,7337
2022-08-12 08:00:00,1.21894,1.22163,1.21677,1.21786,14200
2022-08-12 12:00:00,1.21785,1.21786,1.21085,1.21102,18632
2022-08-12 16:00:00,1.2111,1.21441,1.20998,1.2129,22823
2022-08-12 20:00:00,1.2129,1.21466,1.21289,1.2136,7230
2022-08-15 00:00:00,1.21234,1.21481,1.21234,1.21426,4447
2022-08-15 04:00:00,1.21426,1.21455,1.2108,1.21153,8566
2022-08-15 08:00:00,1.21153,1.21214,1.20688,1.20746,12950
2022-08-15 12:00:00,1.20746,1.21149,1.20502,1.2089,16976
2022-08-15 16:00:00,1.20892,1.21094,1.20686,1.20846,15616
2022-08-15 20:00:00,1.20847,1.20863,1.205,1.20539,6793
2022-08-16 00:00:00,1.20498,1.2059,1.20379,1.20397,7504
2022-08-16 04:00:00,1.20397,1.20606,1.20355,1.20517,6784
2022-08-16 08:00:00,1.20516,1.20583,1.20076,1.20368,14664
2022-08-16 12:00:00,1.20373,1.20576,1.2013,1.20551,16178
2022-08-16 16:00:00,1.2055,1.21179,1.20487,1.20812,18065
2022-08-16 20:00:00,1.20812,1.21046,1.20792,1.20972,8377
2022-08-17 00:00:00,1.20915,1.21083,1.20833,1.21077,9538
2022-08-17 04:00:00,1.21077,1.21223,1.20978,1.21191,8628
2022-08-17 08:00:00,1.2119,1.21423,1.20777,1.21037,15820
2022-08-17 12:00:00,1.21037,1.21145,1.2048,1.20625,18818
2022-08-17 16:00:00,1.20625,1.20956,1.20282,1.20396,20107
2022-08-17 20:00:00,1.20398,1.20879,1.20354,1.20486,15288
2022-08-18 00:00:00,1.20418,1.20605,1.20418,1.20513,8238
2022-08-18 04:00:00,1.20512,1.2059,1.20305,1.20398,10835
2022-08-18 08:00:00,1.20396,1.2058,1.19947,1.20475,18250
2022-08-18 12:00:00,1.20475,1.20796,1.20355,1.20491,19113
2022-08-18 16:00:00,1.2049,1.20533,1.19356,1.1937,21351
2022-08-18 20:00:00,1.1937,1.19439,1.19229,1.19318,11307
2022-08-19 00:00:00,1.19246,1.19359,1.19051,1.1906,10436
2022-08-19 04:00:00,1.1906,1.19262,1.18941,1.19019,8764
2022-08-19 08:00:00,1.19018,1.19257,1.18798,1.18954,16459
2022-08-19 12:00:00,1.18954,1.18965,1.18156,1.18478,19647
2022-08-19 16:00:00,1.18478,1.18575,1.17921,1.18253,18977
2022-08-19 20:00:00,1.18254,1.18343,1.18108,1.18296,8648
2022-08-22 00:00:00,1.18214,1.18301,1.18053,1.18073,6047
2022-08-22 04:00:00,1.18069,1.18367,1.18059,1.18303,8358
2022-08-22 08:00:00,1.18303,1.18362,1.17821,1.18125,17350
2022-08-22 12:00:00,1.18124,1.18226,1.17894,1.18181,17806
2022-08-22 16:00:00,1.18184,1.18259,1.17419,1.17749,19450
2022-08-22 20:00:00,1.17749,1.17758,1.17515,1.17651,7680
2022-08-23 00:00:00,1.17636,1.17822,1.17571,1.17744,6759
2022-08-23 04:00:00,1.17743,1.1785,1.17633,1.17634,8681
2022-08-23 08:00:00,1.17634,1.17788,1.17172,1.17774,18781
2022-08-23 12:00:00,1.17772,1.17826,1.17456,1.17648,19439
2022-08-23 16:00:00,1.17648,1.18779,1.17568,1.18483,27357
2022-08-23 20:00:00,1.18483,1.18502,1.18166,1.18309,10278
2022-08-24 00:00:00,1.18318,1.18378,1.18127,1.18132,7601
2022-08-24 04:00:00,1.18131,1.18279,1.17991,1.18248,9996
2022-08-24 08:00:00,1.18249,1.18337,1.18007,1.18224,15316
2022-08-24 12:00:00,1.18224,1.18263,1.17579,1.17724,19424
2022-08-24 16:00:00,1.17723,1.18255,1.17557,1.1785,24006
2022-08-24 20:00:00,1.1785,1.18019,1.17808,1.17919,8269
2022-08-25 00:00:00,1.17929,1.18152,1.17835,1.1812,8681
2022-08-25 04:00:00,1.1812,1.18425,1.18037,1.18344,11361
2022-08-25 08:00:00,1.18345,1.18644,1.18253,1.18439,17575
2022-08-25 12:00:00,1.18439,1.18569,1.1809,1.18201,18926
2022-08-25 16:00:00,1.18201,1.18499,1.17928,1.18205,21003
2022-08-25 20:00:00,1.18206,1.18389,1.18179,1.18349,9237
2022-08-26 00:00:00,1.18298,1.18372,1.18057,1.1814,6881
2022-08-26 04:00:00,1.1814,1.18316,1.18078,1.1809,7823
2022-08-26 08:00:00,1.18088,1.181,1.17751,1.18009,15201
2022-08-26 12:00:00,1.18009,1.18541,1.18007,1.18536,17671
2022-08-26 16:00:00,1.18533,1.1901,1.17459,1.17534,31142
2022-08-26 20:00:00,1.17533,1.17578,1.17334,1.17389,12837
2022-08-29 00:00:00,1.17255,1.17314,1.16753,1.16786,8763
2022-08-29 04:00:00,1.16786,1.1686,1.1652,1.16544,11875
2022-08-29 08:00:00,1.16544,1.16826,1.16484,1.16583,16683
2022-08-29 12:00:00,1.16583,1.17344,1.16567,1.17168,18797
2022-08-29 16:00:00,1.17168,1.17441,1.1686,1.17223,20459
2022-08-29 20:00:00,1.17223,1.17294,1.16985,1.17058,9222
2022-08-30 00:00:00,1.17059,1.17259,1.16997,1.17163,9637
2022-08-30 04:00:00,1.17161,1.17269,1.16873,1.17053,11914
2022-08-30 08:00:00,1.17052,1.17524,1.16981,1.1738,19745
2022-08-30 12:00:00,1.17379,1.17605,1.1688,1.16985,20798
2022-08-30 16:00:00,1.16985,1.17218,1.16214,1.1651,29908
2022-08-30 20:00:00,1.16511,1.167,1.16466,1.1654,14053
2022-08-31 00:00:00,1.1653,1.1675,1.16408,1.16669,6869
2022-08-31 04:00:00,1.16669,1.1692,1.16595,1.16842,10187
2022-08-31 08:00:00,1.16842,1.1694,1.16358,1.16415,20231
2022-08-31 12:00:00,1.16413,1.16508,1.16017,1.16376,23203
2022-08-31 16:00:00,1.16375,1.16536,1.15993,1.16253,28429
2022-08-31 20:00:00,1.16253,1.16304,1.16069,1.16226,13718
2022-09-01 00:00:00,1.16213,1.16222,1.1574,1.15834,10864
2022-09-01 04:00:00,1.15834,1.15906,1.15683,1.15776,10982
2022-09-01 08:00:00,1.15776,1.16168,1.15723,1.15973,21134
2022-09-01 12:00:00,1.15973,1.16076,1.15497,1.15643,21237
2022-09-01 16:00:00,1.15646,1.15787,1.14993,1.15337,26977
2022-09-01 20:00:00,1.15337,1.15554,1.15324,1.15441,11703
2022-09-02 00:00:00,1.15433,1.15597,1.15309,1.15505,6944
2022-09-02 04:00:00,1.15505,1.15559,1.15397,1.15502,9949
2022-09-02 08:00:00,1.15503,1.15696,1.15322,1.15553,15843
2022-09-02 12:00:00,1.15553,1.15885,1.15317,1.15395,20140
2022-09-02 16:00:00,1.15395,1.15887,1.15155,1.15239,27882
2022-09-02 20:00:00,1.1524,1.1524,1.1496,1.15128,15678
2022-09-05 00:00:00,1.14745,1.14946,1.1466,1.14795,10194
2022-09-05 04:00:00,1.14795,1.14931,1.14567,1.14646,12353
2022-09-05 08:00:00,1.14646,1.1494,1.14434,1.14903,21296
2022-09-05 12:00:00,1.14903,1.15187,1.14806,1.1491,17194
2022-09-05 16:00:00,1.1491,1.1521,1.1491,1.1515,13450
2022-09-05 20:00:00,1.15151,1.15219,1.15134,1.15219,3001
2022-09-06 00:00:00,1.15142,1.15915,1.15097,1.15902,9171
2022-09-06 04:00:00,1.15902,1.16001,1.15598,1.15627,13610
2022-09-06 08:00:00,1.15627,1.16095,1.1549,1.15739,23933
2022-09-06 12:00:00,1.15739,1.16086,1.15468,1.15472,22487
2022-09-06 16:00:00,1.15476,1.15513,1.14941,1.15305,31064
2022-09-06 20:00:00,1.15304,1.15332,1.15128,1.15202,14875
2022-09-07 00:00:00,1.15183,1.1522,1.14792,1.14802,8076
2022-09-07 04:00:00,1.14802,1.1486,1.14518,1.14782,17413
2022-09-07 08:00:00,1.14783,1.15234,1.14696,1.14963,19778
2022-09-07 12:00:00,1.14965,1.15025,1.1414,1.14315,24618
2022-09-07 16:00:00,1.14316,1.15003,1.14053,1.14949,26930
2022-09-07 20:00:00,1.14949,1.15396,1.14938,1.15364,13194
2022-09-08 00:00:00,1.15203,1.15414,1.15011,1.15065,8643
2022-09-08 04:00:00,1.15065,1.15163,1.1491,1.15048,13159
2022-09-08 08:00:00,1.15048,1.15218,1.14781,1.14959,22441
2022-09-08 12:00:00,1.14959,1.15604,1.14761,1.15026,24849
2022-09-08 16:00:00,1.15024,1.1516,1.14606,1.14816,33670
2022-09-08 20:00:00,1.14817,1.15169,1.14792,1.15025,15637
2022-09-09 00:00:00,1.15008,1.15522,1.14972,1.15431,9053
2022-09-09 04:00:00,1.15431,1.1596,1.15407,1.1588,14938
2022-09-09 08:00:00,1.15879,1.16479,1.15785,1.16296,21339
2022-09-09 12:00:00,1.16296,1.16307,1.15512,1.15756,22775
2022-09-09 16:00:00,1.15756,1.16021,1.15675,1.16013,24215
2022-09-09 20:00:00,1.16014,1.16014,1.15805,1.15886,8487
2022-09-12 00:00:00,1.16401,1.16407,1.16026,1.16114,8718
2022-09-12 04:00:00,1.16117,1.16288,1.16005,1.16048,9969
2022-09-12 08:00:00,1.16048,1.17,1.16046,1.16915,21996
2022-09-12 12:00:00,1.16915,1.17042,1.16633,1.16921,21751
2022-09-12 16:00:00,1.1692,1.17105,1.16636,1.17089,20620
2022-09-12 20:00:00,1.17089,1.1709,1.16755,1.16825,10350
2022-09-13 00:00:00,1.16811,1.17059,1.16732,1.1695,8049
2022-09-13 04:00:00,1.1695,1.1698,1.16789,1.16818,8429
2022-09-13 08:00:00,1.16818,1.17324,1.16797,1.1714,15576
2022-09-13 12:00:00,1.17142,1.17382,1.15532,1.15554,20936
2022-09-13 16:00:00,1.15554,1.15843,1.15151,1.15241,28563
2022-09-13 20:00:00,1.15241,1.1537,1.14924,1.14924,14395
2022-09-14 00:00:00,1.14909,1.15121,1.14817,1.15019,10558
2022-09-14 04:00:00,1.15019,1.15298,1.14875,1.15208,12744
2022-09-14 08:00:00,1.15208,1.15522,1.14798,1.15381,23874
2022-09-14 12:00:00,1.15374,1.15724,1.15325,1.15567,24284
2022-09-14 16:00:00,1.15567,1.15897,1.15392,1.15653,25968
2022-09-14 20:00:00,1.15652,1.15703,1.15264,1.15402,12222
2022-09-15 00:00:00,1.15422,1.15494,1.15276,1.15336,5640
2022-09-15 04:00:00,1.15335,1.15478,1.152,1.15247,9351
2022-09-15 08:00:00,1.15247,1.15382,1.15061,1.15279,15498
2022-09-15 12:00:00,1.1528,1.1528,1.14723,1.15091,20053
2022-09-15 16:00:00,1.15091,1.15176,1.14631,1.14807,24294
2022-09-15 20:00:00,1.14809,1.14988,1.14617,1.1466,11145
2022-09-16 00:00:00,1.14617,1.14785,1.14507,1.14706,7027
2022-09-16 04:00:00,1.14706,1.14802,1.14545,1.14651,9116
2022-09-16 08:00:00,1.14651,1.14651,1.13506,1.13703,20102
2022-09-16 12:00:00,1.13707,1.14135,1.13707,1.13783,20214
2022-09-16 16:00:00,1.13783,1.14466,1.13763,1.1397,26933
2022-09-16 20:00:00,1.1397,1.14265,1.13862,1.14228,12171
2022-09-19 00:00:00,1.14123,1.14424,1.14105,1.14245,6472
2022-09-19 04:00:00,1.14245,1.14282,1.13947,1.14015,7942
2022-09-19 08:00:00,1.14016,1.14049,1.13648,1.13658,12669
2022-09-19 12:00:00,1.13657,1.1391,1.13552,1.13714,14816
2022-09-19 16:00:00,1.13717,1.1421,1.13628,1.14178,15548
2022-09-19 20:00:00,1.14178,1.14408,1.14085,1.14338,6372
2022-09-20 00:00:00,1.14288,1.14608,1.1416,1.14314,7248
2022-09-20 04:00:00,1.14308,1.14368,1.14093,1.14277,8869
2022-09-20 08:00:00,1.14277,1.14607,1.14127,1.14324,15985
2022-09-20 12:00:00,1.14323,1.14556,1.1406,1.14179,19926
2022-09-20 16:00:00,1.14176,1.14261,1.1372,1.13835,21416
2022-09-20 20:00:00,1.13835,1.13877,1.13573,1.13811,12196
2022-09-21 00:00:00,1.13769,1.13848,1.13651,1.13721,9119
2022-09-21 04:00:00,1.13721,1.13829,1.13654,1.13681,10148
2022-09-21 08:00:00,1.13684,1.13828,1.13047,1.13296,22824
2022-09-21 12:00:00,1.13297,1.13498,1.13273,1.13428,15662
2022-09-21 16:00:00,1.13428,1.13504,1.13125,1.1314,19916
2022-09-21 20:00:00,1.1314,1.13571,1.12368,1.12663,26741
2022-09-22 00:00:00,1.12621,1.12804,1.12247,1.12277,9624
2022-09-22 04:00:00,1.12279,1.1254,1.12202,1.1243,15939
2022-09-22 08:00:00,1.12427,1.13544,1.1212,1.1326,25759
2022-09-22 12:00:00,1.1326,1.13643,1.12732,1.13357,27339
2022-09-22 16:00:00,1.1334,1.13355,1.12416,1.12641,25976
2022-09-22 20:00:00,1.12641,1.12718,1.12501,1.12527,11394
2022-09-23 00:00:00,1.12551,1.1274,1.12507,1.12647,6784
2022-09-23 04:00:00,1.12647,1.12689,1.12227,1.12317,11278
2022-09-23 08:00:00,1.12316,1.12448,1.11505,1.11751,18736
2022-09-23 12:00:00,1.11746,1.12096,1.10205,1.10611,29208
2022-09-23 16:00:00,1.10609,1.10965,1.08629,1.08966,29095
2022-09-23 20:00:00,1.08966,1.09042,1.08394,1.08481,17824
2022-09-26 00:00:00,1.07965,1.08459,1.03904,1.04017,17076
2022-09-26 04:00:00,1.04012,1.06031,1.03644,1.0534,31801
2022-09-26 08:00:00,1.05335,1.07892,1.05236,1.07542,31978
2022-09-26 12:00:00,1.07543,1.09306,1.06719,1.08801,31426
2022-09-26 16:00:00,1.08801,1.08912,1.06313,1.0681,35470
2022-09-26 20:00:00,1.06807,1.07207,1.06417,1.06855,21038
2022-09-27 00:00:00,1.06847,1.07888,1.06548,1.07702,14805
2022-09-27 04:00:00,1.07701,1.0793,1.07386,1.07694,18537
2022-09-27 08:00:00,1.07696,1.08378,1.07639,1.08068,24238
2022-09-27 12:00:00,1.08067,1.08255,1.07694,1.07712,24660
2022-09-27 16:00:00,1.07714,1.07951,1.06608,1.06756,32218
2022-09-27 20:00:00,1.06755,1.07363,1.06587,1.07328,17812
2022-09-28 00:00:00,1.07296,1.07392,1.0686,1.06924,11808
2022-09-28 04:00:00,1.06922,1.06993,1.06311,1.06504,22878
2022-09-28 08:00:00,1.06489,1.07124,1.06401,1.06893,29410
2022-09-28 12:00:00,1.06896,1.08395,1.05392,1.06722,34179
2022-09-28 16:00:00,1.06706,1.08758,1.06199,1.08605,33122
2022-09-28 20:00:00,1.08606,1.09165,1.08525,1.08888,15680
2022-09-29 00:00:00,1.08797,1.08876,1.08041,1.08058,14076
2022-09-29 04:00:00,1.08056,1.08266,1.07818,1.08071,16453
2022-09-29 08:00:00,1.08078,1.08167,1.07618,1.07976,26794
2022-09-29 12:00:00,1.07966,1.08974,1.07966,1.08786,29822
2022-09-29 16:00:00,1.08788,1.11087,1.08781,1.10592,31003
2022-09-29 20:00:00,1.10591,1.11186,1.10376,1.11161,14859
2022-09-30 00:00:00,1.11144,1.12035,1.11081,1.11573,15738
2022-09-30 04:00:00,1.11568,1.11745,1.107,1.11056,18192
2022-09-30 08:00:00,1.11057,1.12346,1.10929,1.12167,26739
2022-09-30 12:00:00,1.12172,1.12211,1.1025,1.10686,26669
2022-09-30 16:00:00,1.1069,1.11769,1.105,1.11293,32313
2022-09-30 20:00:00,1.11293,1.11803,1.11184,1.11614,16465
2022-10-03 00:00:00,1.11599,1.11941,1.11102,1.11275,10661
2022-10-03 04:00:00,1.11277,1.11629,1.10857,1.10933,15133
2022-10-03 08:00:00,1.10932,1.12812,1.10908,1.12101,26333
2022-10-03 12:00:00,1.12098,1.12394,1.11694,1.12169,17850
2022-10-03 16:00:00,1.12168,1.13346,1.11998,1.12757,29224
2022-10-03 20:00:00,1.12757,1.13265,1.1265,1.13206,12811
2022-10-04 00:00:00,1.13229,1.13437,1.13096,1.13306,9755
2022-10-04 04:00:00,1.13306,1.13365,1.12803,1.13207,17138
2022-10-04 08:00:00,1.13205,1.14292,1.13184,1.1379,26491
2022-10-04 12:00:00,1.13787,1.13934,1.1299,1.13854,27489
2022-10-04 16:00:00,1.13858,1.14897,1.13514,1.14544,27589
2022-10-04 20:00:00,1.14544,1.14822,1.14272,1.14753,16392
2022-10-05 00:00:00,1.14728,1.14872,1.1421,1.14392,9571
2022-10-05 04:00:00,1.1439,1.14645,1.14139,1.14325,18983
2022-10-05 08:00:00,1.14326,1.14954,1.138,1.14224,24032
2022-10-05 12:00:00,1.14223,1.14289,1.13047,1.13214,23006
2022-10-05 16:00:00,1.13215,1.1328,1.1227,1.12908,28519
2022-10-05 20:00:00,1.12907,1.13571,1.12894,1.13296,14429
2022-10-06 00:00:00,1.1325,1.13835,1.13034,1.13634,11850
2022-10-06 04:00:00,1.13631,1.13792,1.13324,1.13662,16932
2022-10-06 08:00:00,1.13661,1.1367,1.12788,1.12884,25485
2022-10-06 12:00:00,1.12884,1.13156,1.12415,1.12663,25743
2022-10-06 16:00:00,1.12659,1.12692,1.1113,1.1144,33097
2022-10-06 20:00:00,1.1144,1.1193,1.11414,1.11575,16953
2022-10-07 00:00:00,1.11589,1.11726,1.11346,1.11485,11318
2022-10-07 04:00:00,1.11485,1.11896,1.11392,1.11536,14911
2022-10-07 08:00:00,1.11542,1.12189,1.11154,1.11926,23804
2022-10-07 12:00:00,1.11928,1.12249,1.10915,1.11324,23341
2022-10-07 16:00:00,1.11321,1.11696,1.10906,1.10977,30415
2022-10-07 20:00:00,1.1098,1.1104,1.10553,1.10929,15323
2022-10-10 00:00:00,1.10786,1.10961,1.10579,1.10879,12318
2022-10-10 04:00:00,1.10878,1.11111,1.10691,1.10804,14357
2022-10-10 08:00:00,1.10805,1.11102,1.10271,1.10546,21173
2022-10-10 12:00:00,1.10547,1.10993,1.10419,1.10737,20131
2022-10-10 16:00:00,1.10742,1.10806,1.10246,1.10266,24669
2022-10-10 20:00:00,1.10265,1.10812,1.10196,1.10553,14268
2022-10-11 00:00:00,1.10546,1.10954,1.10495,1.10875,8689
2022-10-11 04:00:00,1.10873,1.10938,1.10176,1.10226,18069
2022-10-11 08:00:00,1.10226,1.1056,1.09976,1.1044,24089
2022-10-11 12:00:00,1.10449,1.11141,1.10312,1.10877,23612
2022-10-11 16:00:00,1.1088,1.11798,1.10435,1.11617,30308
2022-10-11 20:00:00,1.11626,1.11658,1.09523,1.0967,22911
2022-10-12 00:00:00,1.09637,1.09924,1.09497,1.097,11981
2022-10-12 04:00:00,1.0969,1.10572,1.09237,1.09955,20635
2022-10-12 08:00:00,1.09957,1.10616,1.09536,1.10358,27699
2022-10-12 12:00:00,1.10359,1.10985,1.10215,1.10468,25681
2022-10-12 16:00:00,1.10471,1.10997,1.10226,1.10626,27894
2022-10-12 20:00:00,1.10626,1.11336,1.10605,1.10994,17575
2022-10-13 00:00:00,1.1096,1.11202,1.10853,1.1112,7769
2022-10-13 04:00:00,1.1112,1.11145,1.10751,1.10889,11477
2022-10-13 08:00:00,1.10888,1.11036,1.10572,1.11033,17375
2022-10-13 12:00:00,1.11028,1.12994,1.10999,1.12164,28125
2022-10-13 16:00:00,1.12156,1.13806,1.11582,1.13292,40666
2022-10-13 20:00:00,1.13276,1.13526,1.13014,1.13209,20697
2022-10-14 00:00:00,1.13172,1.13346,1.12897,1.13071,9404
2022-10-14 04:00:00,1.13072,1.13666,1.13057,1.13212,19282
2022-10-14 08:00:00,1.1321,1.13346,1.12547,1.12747,25649
2022-10-14 12:00:00,1.12754,1.13105,1.11668,1.12614,29043
2022-10-14 16:00:00,1.12613,1.12879,1.11516,1.11617,35057
2022-10-14 20:00:00,1.11608,1.11857,1.11554,1.11788,16902
2022-10-17 00:00:00,1.12334,1.12522,1.12074,1.12247,13088
2022-10-17 04:00:00,1.12253,1.12421,1.12157,1.12255,16221
2022-10-17 08:00:00,1.12253,1.13052,1.12237,1.1267,25307
2022-10-17 12:00:00,1.12671,1.13521,1.12559,1.13384,23351
2022-10-17 16:00:00,1.13383,1.14397,1.13344,1.139,28251
2022-10-17 20:00:00,1.13902,1.14026,1.13439,1.13612,15766
2022-10-18 00:00:00,1.13509,1.13692,1.13484,1.13532,11871
2022-10-18 04:00:00,1.1353,1.14105,1.13311,1.13888,17024
2022-10-18 08:00:00,1.13889,1.1402,1.12866,1.12946,26470
2022-10-18 12:00:00,1.12945,1.13468,1.12554,1.1327,26298
2022-10-18 16:00:00,1.13271,1.1339,1.12799,1.13123,28898
2022-10-18 20:00:00,1.13122,1.13345,1.12798,1.13197,19266
2022-10-19 00:00:00,1.13116,1.13576,1.13089,1.13411,11023
2022-10-19 04:00:00,1.13409,1.13506,1.13175,1.13252,15820
2022-10-19 08:00:00,1.13247,1.13304,1.12457,1.12634,24324
2022-10-19 12:00:00,1.12627,1.12862,1.12216,1.12459,24808
2022-10-19 16:00:00,1.12455,1.12779,1.11887,1.11938,26421
2022-10-19 20:00:00,1.11939,1.12271,1.11852,1.12171,15213
2022-10-20 00:00:00,1.12141,1.12238,1.11974,1.12091,12282
2022-10-20 04:00:00,1.12088,1.12402,1.11911,1.12215,19009
2022-10-20 08:00:00,1.12209,1.12402,1.11801,1.11844,27530
2022-10-20 12:00:00,1.11845,1.13062,1.11712,1.1255,28849
2022-10-20 16:00:00,1.12554,1.13366,1.12426,1.12546,32504
2022-10-20 20:00:00,1.12544,1.12554,1.12027,1.12372,21942
2022-10-21 00:00:00,1.122,1.12374,1.11985,1.12062,9912
2022-10-21 04:00:00,1.12065,1.12199,1.11901,1.1196,18472
2022-10-21 08:00:00,1.1196,1.12224,1.11227,1.11299,24126
2022-10-21 12:00:00,1.11302,1.11539,1.1061,1.113,28349
2022-10-21 16:00:00,1.11295,1.12998,1.11166,1.126,43942
2022-10-21 20:00:00,1.12605,1.13148,1.12426,1.12946,20278
2022-10-24 00:00:00,1.13951,1.14085,1.13076,1.13278,21583
2022-10-24 04:00:00,1.13277,1.13532,1.12998,1.1347,19269
2022-10-24 08:00:00,1.13464,1.13824,1.13028,1.13257,28342
2022-10-24 12:00:00,1.13258,1.13486,1.12734,1.13246,27447
2022-10-24 16:00:00,1.13256,1.13442,1.12574,1.12754,32276
2022-10-24 20:00:00,1.12758,1.12967,1.12722,1.12794,12428
2022-10-25 00:00:00,1.12774,1.13254,1.12706,1.13185,11485
2022-10-25 04:00:00,1.13185,1.13242,1.12927,1.12993,19375
2022-10-25 08:00:00,1.12991,1.13326,1.1271,1.13201,23178
2022-10-25 12:00:00,1.13201,1.13645,1.13054,1.13637,21779
2022-10-25 16:00:00,1.13638,1.14994,1.13633,1.14697,30597
2022-10-25 20:00:00,1.14693,1.14889,1.146,1.14688,15280
2022-10-26 00:00:00,1.14656,1.14752,1.1432,1.14384,12441
2022-10-26 04:00:00,1.14382,1.14682,1.14303,1.14527,17342
2022-10-26 08:00:00,1.14525,1.16061,1.14449,1.15999,26720
2022-10-26 12:00:00,1.16,1.162,1.15455,1.15545,28097
2022-10-26 16:00:00,1.15546,1.16388,1.15444,1.16106,31922
2022-10-26 20:00:00,1.16104,1.16342,1.15974,1.163,17007
2022-10-27 00:00:00,1.16071,1.1645,1.16034,1.1625,16654
2022-10-27 04:00:00,1.1625,1.16398,1.16045,1.1623,18591
2022-10-27 08:00:00,1.1623,1.16362,1.15858,1.15901,25094
2022-10-27 12:00:00,1.15902,1.15958,1.15489,1.1578,28810
2022-10-27 16:00:00,1.15791,1.16345,1.15568,1.15734,35052
2022-10-27 20:00:00,1.15735,1.16017,1.1558,1.1561,16924
2022-10-28 00:00:00,1.15574,1.15741,1.15446,1.15524,11442
2022-10-28 04:00:00,1.15527,1.15946,1.15477,1.15719,22052
2022-10-28 08:00:00,1.1572,1.1573,1.15039,1.15273,27298
2022-10-28 12:00:00,1.15289,1.1575,1.15129,1.15389,24684
2022-10-28 16:00:00,1.15392,1.16,1.15339,1.15889,28739
2022-10-28 20:00:00,1.1589,1.16236,1.15833,1.1612,11580
2022-10-31 00:00:00,1.15714,1.16133,1.15684,1.16072,9816
2022-10-31 04:00:00,1.16072,1.16119,1.15857,1.15971,13719
2022-10-31 08:00:00,1.15971,1.16073,1.15424,1.15466,19149
2022-10-31 12:00:00,1.15466,1.15669,1.15021,1.15061,22450
2022-10-31 16:00:00,1.1506,1.15283,1.14758,1.14867,26828
2022-10-31 20:00:00,1.14863,1.14902,1.146,1.14657,13712
2022-11-01 00:00:00,1.14788,1.14938,1.14601,1.14806,7239
2022-11-01 04:00:00,1.14805,1.15157,1.14737,1.15058,17903
2022-11-01 08:00:00,1.15059,1.155,1.15015,1.1529,21537
2022-11-01 12:00:00,1.15294,1.15662,1.15128,1.15507,22223
2022-11-01 16:00:00,1.15508,1.15602,1.14371,1.14498,31040
2022-11-01 20:00:00,1.14496,1.14862,1.14408,1.14814,13665
2022-11-02 00:00:00,1.14775,1.1507,1.14746,1.15062,13313
2022-11-02 04:00:00,1.15062,1.1527,1.14965,1.15048,18557
2022-11-02 08:00:00,1.15048,1.15242,1.14846,1.15112,19151
2022-11-02 12:00:00,1.1511,1.15173,1.14846,1.15084,21455
2022-11-02 16:00:00,1.15085,1.15158,1.14495,1.14615,22545
2022-11-02 20:00:00,1.14615,1.15645,1.13878,1.13895,29154
2022-11-03 00:00:00,1.13891,1.14024,1.1375,1.13935,8948
2022-11-03 04:00:00,1.13934,1.14218,1.13906,1.14171,14563
2022-11-03 08:00:00,1.14171,1.14184,1.12511,1.12583,20961
2022-11-03 12:00:00,1.12583,1.12788,1.11617,1.11633,27865
2022-11-03 16:00:00,1.11632,1.12302,1.11566,1.11836,30625
2022-11-03 20:00:00,1.11836,1.11888,1.11515,1.11574,15176
2022-11-04 00:00:00,1.11543,1.11886,1.11495,1.11837,9801
2022-11-04 04:00:00,1.1184,1.12394,1.11764,1.12339,16914
2022-11-04 08:00:00,1.1234,1.12424,1.11912,1.12221,22701
2022-11-04 12:00:00,1.12223,1.12755,1.11467,1.12673,27088
2022-11-04 16:00:00,1.12672,1.13373,1.12326,1.1296,37169
2022-11-04 20:00:00,1.12961,1.13821,1.12936,1.13729,20327
2022-11-07 00:00:00,1.13045,1.13436,1.13033,1.1326,14324
2022-11-07 04:00:00,1.1326,1.13499,1.13182,1.13354,14457
2022-11-07 08:00:00,1.13348,1.14705,1.12902,1.14412,25488
2022-11-07 12:00:00,1.14413,1.14774,1.14264,1.147,24140
2022-11-07 16:00:00,1.14703,1.15183,1.1441,1.15176,26155
2022-11-07 20:00:00,1.15176,1.15416,1.15098,1.1513,11269
2022-11-08 00:00:00,1.15132,1.15365,1.15051,1.1515,10008
2022-11-08 04:00:00,1.1515,1.15186,1.148,1.14866,10829
2022-11-08 08:00:00,1.14864,1.14976,1.14439,1.14915,22091
2022-11-08 12:00:00,1.14915,1.14931,1.14297,1.14459,20509
2022-11-08 16:00:00,1.14456,1.15993,1.14446,1.1578,25557
2022-11-08 20:00:00,1.1578,1.15856,1.15128,1.15439,16045
2022-11-09 00:00:00,1.15361,1.15582,1.15228,1.15298,11871
2022-11-09 04:00:00,1.15304,1.15595,1.15302,1.15348,17427
2022-11-09 08:00:00,1.15357,1.15673,1.1437,1.14511,26265
2022-11-09 12:00:00,1.1452,1.14762,1.14053,1.14104,26587
2022-11-09 16:00:00,1.14103,1.14397,1.13556,1.1379,30191
2022-11-09 20:00:00,1.13792,1.13851,1.13338,1.13575,17835
2022-11-10 00:00:00,1.13569,1.13922,1.13499,1.1387,12010
2022-11-10 04:00:00,1.1387,1.14118,1.13726,1.14071,18030
2022-11-10 08:00:00,1.14075,1.14128,1.13632,1.13667,24479
2022-11-10 12:00:00,1.13666,1.16536,1.13659,1.16078,26709
2022-11-10 16:00:00,1.1609,1.16864,1.15937,1.16442,37436
2022-11-10 20:00:00,1.16458,1.17316,1.16435,1.17126,20703
2022-11-11 00:00:00,1.17154,1.17154,1.16471,1.16504,15764
2022-11-11 04:00:00,1.16503,1.17177,1.16501,1.17089,22756
2022-11-11 08:00:00,1.1709,1.17707,1.16921,1.17557,29191
2022-11-11 12:00:00,1.17558,1.17965,1.17194,1.17809,28232
2022-11-11 16:00:00,1.17809,1.18046,1.1709,1.17987,30158
2022-11-11 20:00:00,1.1799,1.18545,1.17958,1.18328,16039
2022-11-14 00:00:00,1.17917,1.18173,1.17662,1.17887,18132
2022-11-14 04:00:00,1.17886,1.17936,1.1743,1.17472,20050
2022-11-14 08:00:00,1.17482,1.18291,1.17478,1.18005,26715
2022-11-14 12:00:00,1.18006,1.18128,1.17394,1.17578,25141
2022-11-14 16:00:00,1.17582,1.17666,1.17102,1.17581,27275
2022-11-14 20:00:00,1.17584,1.18023,1.17502,1.17572,12827
2022-11-15 00:00:00,1.17498,1.17672,1.17406,1.17488,9938
2022-11-15 04:00:00,1.17488,1.17833,1.17439,1.17762,13983
2022-11-15 08:00:00,1.17757,1.18445,1.17701,1.18234,25386
2022-11-15 12:00:00,1.18247,1.20284,1.18207,1.19669,28004
2022-11-15 16:00:00,1.19674,1.19888,1.1856,1.18922,33432
2022-11-15 20:00:00,1.18926,1.18973,1.17909,1.18658,29809
2022-11-16 00:00:00,1.18542,1.18873,1.18329,1.1844,15342
2022-11-16 04:00:00,1.18442,1.18845,1.18313,1.18709,21700
2022-11-16 08:00:00,1.1871,1.19031,1.1837,1.18953,24787
2022-11-16 12:00:00,1.18954,1.1942,1.18598,1.18727,25470
2022-11-16 16:00:00,1.18731,1.19056,1.18321,1.1895,28090
2022-11-16 20:00:00,1.18952,1.19251,1.18692,1.19143,17802
2022-11-17 00:00:00,1.19122,1.19192,1.18832,1.18872,11561
2022-11-17 04:00:00,1.18872,1.19045,1.18662,1.18974,19754
2022-11-17 08:00:00,1.1897,1.19577,1.187,1.18864,24170
2022-11-17 12:00:00,1.18866,1.18889,1.17624,1.17649,28291
2022-11-17 16:00:00,1.17654,1.18441,1.17634,1.1837,27578
2022-11-17 20:00:00,1.18367,1.18682,1.18349,1.1864,14553
2022-11-18 00:00:00,1.18617,1.19012,1.18572,1.18862,12278
2022-11-18 04:00:00,1.1886,1.1931,1.18859,1.19035,16255
2022-11-18 08:00:00,1.19035,1.19508,1.18813,1.19275,23526
2022-11-18 12:00:00,1.19275,1.19413,1.18905,1.19062,20695
2022-11-18 16:00:00,1.19069,1.19377,1.18735,1.18792,24337
2022-11-18 20:00:00,1.18794,1.19006,1.18753,1.18814,14007
2022-11-21 00:00:00,1.18929,1.18967,1.1846,1.18567,12652
2022-11-21 04:00:00,1.18569,1.18569,1.18211,1.18327,17042
2022-11-21 08:00:00,1.18327,1.18401,1.17927,1.18052,23613
2022-11-21 12:00:00,1.18056,1.18306,1.17847,1.1809,23101
2022-11-21 16:00:00,1.18093,1.18275,1.17788,1.17934,24472
2022-11-21 20:00:00,1.17928,1.18244,1.17912,1.18231,14692
2022-11-22 00:00:00,1.18214,1.18592,1.18185,1.18531,12929
2022-11-22 04:00:00,1.18532,1.18638,1.18337,1.18444,15866
2022-11-22 08:00:00,1.18444,1.1884,1.18246,1.18602,23863
2022-11-22 12:00:00,1.18599,1.19029,1.18463,1.18766,19567
2022-11-22 16:00:00,1.18773,1.18912,1.18553,1.18819,22926
2022-11-22 20:00:00,1.18817,1.18937,1.18744,1.18846,13541
2022-11-23 00:00:00,1.18847,1.19094,1.18761,1.18848,10388
2022-11-23 04:00:00,1.18848,1.18938,1.18723,1.18861,10228
2022-11-23 08:00:00,1.18859,1.19364,1.18748,1.19192,19698
2022-11-23 12:00:00,1.19194,1.19818,1.1905,1.19707,20899
2022-11-23 16:00:00,1.19707,1.20808,1.1966,1.20295,26937
2022-11-23 20:00:00,1.20295,1.20721,1.20194,1.20539,19020
2022-11-24 00:00:00,1.2052,1.2092,1.20462,1.2088,16301
2022-11-24 04:00:00,1.20881,1.2113,1.20794,1.20932,15084
2022-11-24 08:00:00,1.2093,1.20974,1.20596,1.20935,20193
2022-11-24 12:00:00,1.20935,1.21324,1.20869,1.21176,20681
2022-11-24 16:00:00,1.21176,1.21534,1.21162,1.21236,16607
2022-11-24 20:00:00,1.21237,1.21238,1.21108,1.21133,7110
2022-11-25 00:00:00,1.21057,1.21178,1.20966,1.21008,8241
2022-11-25 04:00:00,1.21008,1.21277,1.20953,1.21004,14584
2022-11-25 08:00:00,1.21004,1.21249,1.20725,1.20802,20623
2022-11-25 12:00:00,1.20803,1.21203,1.2058,1.20788,19464
2022-11-25 16:00:00,1.20794,1.21113,1.20633,1.20946,19883
2022-11-25 20:00:00,1.20942,1.21051,1.20724,1.20911,21308
2022-11-28 00:00:00,1.2059,1.2075,1.20305,1.20378,14687
2022-11-28 04:00:00,1.20379,1.20598,1.20254,1.20492,15875
2022-11-28 08:00:00,1.20494,1.2118,1.20468,1.20876,24491
2022-11-28 12:00:00,1.20876,1.21099,1.20593,1.20755,23571
2022-11-28 16:00:00,1.20755,1.20758,1.2001,1.20012,26052
2022-11-28 20:00:00,1.20012,1.20077,1.19402,1.19518,15433
2022-11-29 00:00:00,1.19497,1.19922,1.19444,1.19894,16376
2022-11-29 04:00:00,1.19892,1.20226,1.19828,1.20115,17875
2022-11-29 08:00:00,1.20115,1.20643,1.19799,1.19862,25117
2022-11-29 12:00:00,1.19871,1.20352,1.19786,1.19874,25321
2022-11-29 16:00:00,1.19874,1.20177,1.19532,1.19713,27935
2022-11-29 20:00:00,1.19712,1.19767,1.1945,1.19527,15667
2022-11-30 00:00:00,1.19508,1.19906,1.19418,1.19814,11839
2022-11-30 04:00:00,1.19815,1.19933,1.19705,1.19795,14853
2022-11-30 08:00:00,1.19792,1.20159,1.19492,1.20149,19876
2022-11-30 12:00:00,1.20146,1.2029,1.19856,1.19868,20837
2022-11-30 16:00:00,1.19867,1.20243,1.19004,1.19426,27758
2022-11-30 20:00:00,1.19425,1.2087,1.19217,1.20568,27220
2022-12-01 00:00:00,1.20502,1.21049,1.20455,1.20834,13552
2022-12-01 04:00:00,1.20833,1.21076,1.20734,1.21023,16142
2022-12-01 08:00:00,1.21024,1.21511,1.20698,1.21503,22106
2022-12-01 12:00:00,1.215,1.22418,1.21349,1.22144,23020
2022-12-01 16:00:00,1.22144,1.23103,1.22094,1.22597,32126
2022-12-01 20:00:00,1.22595,1.22759,1.22346,1.22552,16758
2022-12-02 00:00:00,1.22512,1.22789,1.22312,1.2242,9610
2022-12-02 04:00:00,1.2242,1.22535,1.22244,1.22291,12718
2022-12-02 08:00:00,1.22292,1.22979,1.22271,1.22743,21114
2022-12-02 12:00:00,1.22748,1.2294,1.21344,1.21855,21297
2022-12-02 16:00:00,1.21849,1.23,1.2167,1.2277,29202
2022-12-02 20:00:00,1.22778,1.22985,1.22591,1.22914,13405
2022-12-05 00:00:00,1.22684,1.23348,1.22682,1.23237,11941
2022-12-05 04:00:00,1.23238,1.23444,1.23143,1.23345,14589
2022-12-05 08:00:00,1.23345,1.23345,1.22606,1.22838,22130
2022-12-05 12:00:00,1.22837,1.23202,1.22333,1.22625,23662
2022-12-05 16:00:00,1.22623,1.2275,1.21634,1.21822,28718
2022-12-05 20:00:00,1.21822,1.21986,1.21618,1.21946,17327
2022-12-06 00:00:00,1.21734,1.22238,1.21708,1.22079,10992
2022-12-06 04:00:00,1.22082,1.22189,1.21793,1.21928,16553
2022-12-06 08:00:00,1.21931,1.22228,1.21671,1.2178,20283
2022-12-06 12:00:00,1.21774,1.22411,1.2159,1.2201,21669
2022-12-06 16:00:00,1.22019,1.22694,1.21533,1.21755,27021
2022-12-06 20:00:00,1.21756,1.21818,1.21274,1.21331,14296
2022-12-07 00:00:00,1.21326,1.21465,1.21211,1.21437,10061
2022-12-07 04:00:00,1.21436,1.21498,1.21231,1.2129,18882
2022-12-07 08:00:00,1.2129,1.21565,1.21062,1.21297,22741
2022-12-07 12:00:00,1.21296,1.22255,1.21296,1.2217,22600
2022-12-07 16:00:00,1.22185,1.22305,1.21721,1.22241,28034
2022-12-07 20:00:00,1.2224,1.22344,1.22014,1.22094,15750
2022-12-08 00:00:00,1.21997,1.22137,1.21802,1.21843,10160
2022-12-08 04:00:00,1.21844,1.21962,1.21778,1.21879,15782
2022-12-08 08:00:00,1.21878,1.22147,1.21599,1.21717,20433
2022-12-08 12:00:00,1.21718,1.22336,1.21546,1.22124,19312
2022-12-08 16:00:00,1.22128,1.2247,1.21903,1.22332,23530
2022-12-08 20:00:00,1.22332,1.22474,1.22239,1.2236,16136
2022-12-09 00:00:00,1.22281,1.22721,1.22213,1.22686,13432
2022-12-09 04:00:00,1.22689,1.22766,1.22525,1.2259,17545
2022-12-09 08:00:00,1.22591,1.22699,1.22316,1.22473,21236
2022-12-09 12:00:00,1.2248,1.22974,1.22024,1.22697,22460
2022-12-09 16:00:00,1.22704,1.23224,1.22497,1.22867,26019
2022-12-09 20:00:00,1.22867,1.22877,1.2252,1.22634,12654
2022-12-12 00:00:00,1.22475,1.2262,1.22122,1.22223,12205
2022-12-12 04:00:00,1.22222,1.22381,1.22122,1.2227,13399
2022-12-12 08:00:00,1.2227,1.22777,1.2207,1.22742,20599
2022-12-12 12:00:00,1.22744,1.22986,1.22685,1.2293,17657
2022-12-12 16:00:00,1.2293,1.22988,1.22425,1.22823,21384
2022-12-12 20:00:00,1.2282,1.2285,1.22407,1.2265,14550
2022-12-13 00:00:00,1.2263,1.22789,1.22598,1.22759,10602
2022-12-13 04:00:00,1.2276,1.22907,1.22518,1.22812,13744
2022-12-13 08:00:00,1.22812,1.23035,1.22486,1.22741,19309
2022-12-13 12:00:00,1.22745,1.24384,1.22607,1.24108,23687
2022-12-13 16:00:00,1.24114,1.24439,1.23518,1.23667,33766
2022-12-13 20:00:00,1.23667,1.23814,1.23454,1.23651,21083
2022-12-14 00:00:00,1.23572,1.23738,1.23418,1.23515,13755
2022-12-14 04:00:00,1.23515,1.23599,1.2343,1.23548,14846
2022-12-14 08:00:00,1.23549,1.24033,1.23424,1.23933,22727
2022-12-14 12:00:00,1.23936,1.24044,1.23548,1.23715,21623
2022-12-14 16:00:00,1.23712,1.24236,1.23588,1.2419,23864
2022-12-14 20:00:00,1.2419,1.24463,1.23452,1.24274,28750
2022-12-15 00:00:00,1.24208,1.2428,1.23986,1.24003,11576
2022-12-15 04:00:00,1.24006,1.24036,1.23766,1.23926,15672
2022-12-15 08:00:00,1.23926,1.24024,1.22964,1.23393,22269
2022-12-15 12:00:00,1.23394,1.23556,1.2285,1.2317,25234
2022-12-15 16:00:00,1.23171,1.23562,1.21565,1.21585,34001
2022-12-15 20:00:00,1.216,1.2196,1.2158,1.21783,16691
2022-12-16 00:00:00,1.2177,1.2207,1.21718,1.22015,12716
2022-12-16 04:00:00,1.22016,1.22231,1.21998,1.22057,14543
2022-12-16 08:00:00,1.22057,1.22227,1.21198,1.21446,23160
2022-12-16 12:00:00,1.21447,1.22159,1.21395,1.21885,22661
2022-12-16 16:00:00,1.21886,1.22226,1.21452,1.21795,28613
2022-12-16 20:00:00,1.21795,1.21897,1.21428,1.21432,16435
2022-12-19 00:00:00,1.21488,1.21969,1.2141,1.21967,10271
2022-12-19 04:00:00,1.21966,1.2202,1.21673,1.21698,11105
2022-12-19 08:00:00,1.21697,1.22417,1.21692,1.22127,18722
2022-12-19 12:00:00,1.22118,1.22241,1.21558,1.21657,20118
2022-12-19 16:00:00,1.21659,1.21932,1.21209,1.21808,22241
2022-12-19 20:00:00,1.2181,1.21814,1.2139,1.21454,12326
2022-12-20 00:00:00,1.21469,1.21558,1.21385,1.21526,14155
2022-12-20 04:00:00,1.21527,1.22234,1.20855,1.21163,26638
2022-12-20 08:00:00,1.21161,1.21969,1.21143,1.21501,27740
2022-12-20 12:00:00,1.21493,1.21818,1.20978,1.21468,24011
2022-12-20 16:00:00,1.21471,1.21684,1.21223,1.21425,28239
2022-12-20 20:00:00,1.21425,1.21879,1.21334,1.21843,13900
2022-12-21 00:00:00,1.2175,1.21918,1.21632,1.21669,13408
2022-12-21 04:00:00,1.21668,1.21727,1.21608,1.21667,15617
2022-12-21 08:00:00,1.21668,1.21827,1.21284,1.21383,19113
2022-12-21 12:00:00,1.21382,1.2164,1.20858,1.21414,20177
2022-12-21 16:00:00,1.21412,1.21432,1.2055,1.20684,22926
2022-12-21 20:00:00,1.20678,1.20971,1.20594,1.20825,14144
2022-12-22 00:00:00,1.20759,1.21139,1.20716,1.2111,12398
2022-12-22 04:00:00,1.21106,1.21346,1.21082,1.21185,12712
2022-12-22 08:00:00,1.21185,1.21474,1.20876,1.20997,18878
2022-12-22 12:00:00,1.20997,1.2109,1.20222,1.20308,22650
2022-12-22 16:00:00,1.20308,1.2044,1.19924,1.20207,23040
2022-12-22 20:00:00,1.20207,1.20472,1.2001,1.20397,15998
2022-12-23 00:00:00,1.20259,1.2046,1.20184,1.20447,13542
2022-12-23 04:00:00,1.20447,1.20579,1.20347,1.2035,12422
2022-12-23 08:00:00,1.2035,1.20746,1.20288,1.20659,17408
2022-12-23 12:00:00,1.20659,1.20902,1.20233,1.20444,19048
2022-12-23 16:00:00,1.20444,1.2086,1.20282,1.2053,25592
2022-12-23 20:00:00,1.2053,1.20546,1.20281,1.20517,9222
2022-12-27 00:00:00,1.20516,1.21001,1.20494,1.20982,10572
2022-12-27 04:00:00,1.20982,1.21031,1.20791,1.20946,12401
2022-12-27 08:00:00,1.20945,1.21126,1.2052,1.20622,17040
2022-12-27 12:00:00,1.2062,1.20736,1.20204,1.20238,16602
2022-12-27 16:00:00,1.20235,1.20478,1.20023,1.20135,19318
2022-12-27 20:00:00,1.20136,1.20359,1.20114,1.20287,10648
2022-12-28 00:00:00,1.20261,1.20314,1.2008,1.20273,8600
2022-12-28 04:00:00,1.20275,1.20294,1.20021,1.20255,14415
2022-12-28 08:00:00,1.20255,1.20544,1.20177,1.20296,14998
2022-12-28 12:00:00,1.20296,1.21001,1.20265,1.20844,19265
2022-12-28 16:00:00,1.20844,1.21256,1.20223,1.20437,21593
2022-12-28 20:00:00,1.20441,1.20543,1.20164,1.20187,13282
2022-12-29 00:00:00,1.20141,1.20513,1.20112,1.20406,9077
2022-12-29 04:00:00,1.20405,1.20456,1.20276,1.20379,9489
2022-12-29 08:00:00,1.20379,1.20632,1.20145,1.20554,13335
2022-12-29 12:00:00,1.20553,1.20588,1.20194,1.20494,15492
2022-12-29 16:00:00,1.20494,1.20788,1.20227,1.20682,20493
2022-12-29 20:00:00,1.20683,1.2074,1.20519,1.20547,10405
2022-12-30 00:00:00,1.20512,1.20667,1.204,1.20597,8143
2022-12-30 04:00:00,1.20596,1.20596,1.20384,1.2044,10525
2022-12-30 08:00:00,1.20437,1.20748,1.20271,1.20318,13877
2022-12-30 12:00:00,1.20318,1.20655,1.20098,1.20519,17235
2022-12-30 16:00:00,1.2052,1.21076,1.20157,1.20986,26040
2022-12-30 20:00:00,1.20994,1.20994,1.20597,1.20808,16583
2023-01-02 00:00:00,1.20723,1.21054,1.2067,1.20884,1504
2023-01-02 04:00:00,1.20884,1.20896,1.20726,1.20743,1399
2023-01-02 08:00:00,1.20743,1.20762,1.20422,1.20459,7925
2023-01-02 12:00:00,1.20459,1.20542,1.20452,1.20507,2333
2023-01-02 16:00:00,1.20509,1.20528,1.20351,1.20457,4508
2023-01-02 20:00:00,1.20457,1.2049,1.20429,1.20457,596
2023-01-03 00:00:00,1.20454,1.20759,1.20349,1.20513,12236
2023-01-03 04:00:00,1.20512,1.20848,1.20494,1.20693,15560
2023-01-03 08:00:00,1.20693,1.20792,1.19002,1.1924,24236
2023-01-03 12:00:00,1.19243,1.20095,1.19048,1.19927,20876
2023-01-03 16:00:00,1.19927,1.20576,1.19528,1.19647,25323
2023-01-03 20:00:00,1.19648,1.19918,1.19623,1.19674,13678
2023-01-04 00:00:00,1.19684,1.19965,1.19577,1.19939,12278
2023-01-04 04:00:00,1.19937,1.2001,1.19786,1.19845,11396
2023-01-04 08:00:00,1.19842,1.20862,1.19711,1.20599,23577
2023-01-04 12:00:00,1.20598,1.20872,1.20291,1.20563,21711
2023-01-04 16:00:00,1.20559,1.20766,1.20138,1.20656,28039
2023-01-04 20:00:00,1.20655,1.20728,1.20408,1.20565,19254
2023-01-05 00:00:00,1.20525,1.20772,1.20482,1.20629,11658
2023-01-05 04:00:00,1.20629,1.2063,1.20311,1.20375,15367
2023-01-05 08:00:00,1.20376,1.20507,1.19998,1.20304,19107
2023-01-05 12:00:00,1.20306,1.20381,1.19172,1.19195,22412
2023-01-05 16:00:00,1.19191,1.19285,1.18736,1.1907,28132
2023-01-05 20:00:00,1.19072,1.19353,1.1897,1.19111,17382
2023-01-06 00:00:00,1.19048,1.1929,1.18964,1.19183,17466
2023-01-06 04:00:00,1.19184,1.19359,1.18988,1.19038,12795
2023-01-06 08:00:00,1.1904,1.19264,1.18537,1.18579,19675
2023-01-06 12:00:00,1.18581,1.19298,1.18411,1.19261,22053
2023-01-06 16:00:00,1.19261,1.20848,1.18787,1.20846,31724
2023-01-06 20:00:00,1.20846,1.20993,1.20704,1.2092,12678
2023-01-09 00:00:00,1.20836,1.21287,1.20832,1.21138,12288
2023-01-09 04:00:00,1.21138,1.21582,1.21122,1.21464,13776
2023-01-09 08:00:00,1.21464,1.21741,1.21256,1.21588,22946
2023-01-09 12:00:00,1.21592,1.21885,1.2112,1.21682,21343
2023-01-09 16:00:00,1.21682,1.22097,1.21605,1.21948,25303
2023-01-09 20:00:00,1.2195,1.22046,1.2176,1.2185,17622
2023-01-10 00:00:00,1.21786,1.21982,1.21637,1.21798,11003
2023-01-10 04:00:00,1.21798,1.21863,1.2157,1.21752,17306
2023-01-10 08:00:00,1.21753,1.2185,1.21396,1.2184,21579
2023-01-10 12:00:00,1.21841,1.21842,1.21098,1.21373,19433
2023-01-10 16:00:00,1.2138,1.21813,1.21349,1.21484,29434
2023-01-10 20:00:00,1.21481,1.21678,1.2142,1.21514,13011
2023-01-11 00:00:00,1.21522,1.21644,1.21416,1.21503,10123
2023-01-11 04:00:00,1.21499,1.21737,1.21459,1.21687,10967
2023-01-11 08:00:00,1.21687,1.21784,1.21261,1.21325,17792
2023-01-11 12:00:00,1.21324,1.2141,1.21035,1.2106,18303
2023-01-11 16:00:00,1.21061,1.21534,1.21004,1.21212,23275
2023-01-11 20:00:00,1.21212,1.21566,1.21142,1.21481,14815
2023-01-12 00:00:00,1.2139,1.21654,1.21383,1.21592,13338
2023-01-12 04:00:00,1.21593,1.21704,1.2153,1.21557,13201
2023-01-12 08:00:00,1.21556,1.21821,1.21335,1.21769,18362
2023-01-12 12:00:00,1.21771,1.2242,1.20853,1.22355,22860
2023-01-12 16:00:00,1.22361,1.22393,1.20888,1.22289,34797
2023-01-12 20:00:00,1.2229,1.22469,1.22056,1.22121,18117
2023-01-13 00:00:00,1.22065,1.22327,1.21998,1.22185,12747
2023-01-13 04:00:00,1.22185,1.22189,1.21759,1.21814,14546
2023-01-13 08:00:00,1.21818,1.22488,1.21807,1.22284,21364
2023-01-13 12:00:00,1.22284,1.2241,1.21587,1.21675,21545
2023-01-13 16:00:00,1.2168,1.22221,1.21505,1.22094,26009
2023-01-13 20:00:00,1.22094,1.22398,1.22038,1.22333,12801
2023-01-16 00:00:00,1.2217,1.22766,1.22152,1.22709,11126
2023-01-16 04:00:00,1.22711,1.22889,1.22552,1.22632,13765
2023-01-16 08:00:00,1.22635,1.22639,1.21713,1.22004,19051
2023-01-16 12:00:00,1.22003,1.22255,1.21804,1.21928,15159
2023-01-16 16:00:00,1.21931,1.22112,1.21891,1.21906,12970
2023-01-16 20:00:00,1.21905,1.21989,1.21828,1.21962,5237
2023-01-17 00:00:00,1.21909,1.22125,1.21783,1.21882,11072
2023-01-17 04:00:00,1.2188,1.22063,1.21722,1.22011,12843
2023-01-17 08:00:00,1.22012,1.22301,1.21689,1.22084,19863
2023-01-17 12:00:00,1.22083,1.22724,1.21919,1.2252,22154
2023-01-17 16:00:00,1.22521,1.23004,1.22462,1.22622,27063
2023-01-17 20:00:00,1.22621,1.22916,1.22584,1.22884,11601
2023-01-18 00:00:00,1.2282,1.2288,1.22682,1.22845,8781
2023-01-18 04:00:00,1.22845,1.22901,1.22544,1.22822,18358
2023-01-18 08:00:00,1.22823,1.23632,1.22816,1.23588,23187
2023-01-18 12:00:00,1.23589,1.24215,1.23375,1.2395,22738
2023-01-18 16:00:00,1.2395,1.24356,1.23308,1.23453,30204
2023-01-18 20:00:00,1.23462,1.23478,1.23274,1.23442,16070
2023-01-19 00:00:00,1.2342,1.23499,1.23181,1.23364,11192
2023-01-19 04:00:00,1.23364,1.23451,1.23196,1.23308,12157
2023-01-19 08:00:00,1.23308,1.23494,1.2313,1.23369,18778
2023-01-19 12:00:00,1.2337,1.23591,1.23149,1.23492,21562
2023-01-19 16:00:00,1.23487,1.23775,1.23361,1.23721,22917
2023-01-19 20:00:00,1.23724,1.23973,1.2366,1.23912,13993
2023-01-20 00:00:00,1.23893,1.23978,1.23766,1.23849,7362
2023-01-20 04:00:00,1.23848,1.23938,1.23648,1.23787,11405
2023-01-20 08:00:00,1.23789,1.23826,1.23384,1.23411,16979
2023-01-20 12:00:00,1.23408,1.2371,1.23351,1.23412,17900
2023-01-20 16:00:00,1.23411,1.23956,1.23363,1.23864,21204
2023-01-20 20:00:00,1.23864,1.24045,1.2373,1.2399,12292
2023-01-23 00:00:00,1.24004,1.24346,1.23974,1.24261,8310
2023-01-23 04:00:00,1.2426,1.24479,1.24136,1.24138,10117
2023-01-23 08:00:00,1.24137,1.24315,1.23942,1.24067,16273
2023-01-23 12:00:00,1.24067,1.24092,1.23352,1.23458,16404
2023-01-23 16:00:00,1.23458,1.23876,1.23234,1.23689,20540
2023-01-23 20:00:00,1.23688,1.23881,1.23559,1.23784,13400
2023-01-24 00:00:00,1.23766,1.23905,1.23714,1.23882,7422
2023-01-24 04:00:00,1.23882,1.23941,1.23748,1.23866,8432
2023-01-24 08:00:00,1.23865,1.24137,1.2308,1.23308,14682
2023-01-24 12:00:00,1.23309,1.23356,1.22815,1.22922,17098
2023-01-24 16:00:00,1.22921,1.23401,1.2263,1.23261,24373
2023-01-24 20:00:00,1.23262,1.23421,1.23226,1.23393,11234
2023-01-25 00:00:00,1.23262,1.2337,1.23119,1.2326,11382
2023-01-25 04:00:00,1.23261,1.2337,1.23161,1.23222,9225
2023-01-25 08:00:00,1.23222,1.23392,1.2304,1.23102,14605
2023-01-25 12:00:00,1.23102,1.23368,1.2283,1.23155,14883
2023-01-25 16:00:00,1.23154,1.23998,1.23103,1.23821,22631
2023-01-25 20:00:00,1.23823,1.24041,1.23808,1.2401,11453
2023-01-26 00:00:00,1.23972,1.24185,1.23901,1.24098,8254
2023-01-26 04:00:00,1.24097,1.24107,1.23892,1.24008,8201
2023-01-26 08:00:00,1.24006,1.24307,1.2374,1.23844,15281
2023-01-26 12:00:00,1.23845,1.24073,1.23605,1.23926,15431
2023-01-26 16:00:00,1.23925,1.24196,1.2345,1.2375,22911
2023-01-26 20:00:00,1.23751,1.2416,1.23743,1.24114,9828
2023-01-27 00:00:00,1.24066,1.2419,1.23957,1.24037,7352
2023-01-27 04:00:00,1.24037,1.24041,1.23771,1.23816,7112
2023-01-27 08:00:00,1.23816,1.23898,1.23594,1.23707,12335
2023-01-27 12:00:00,1.23707,1.23913,1.23555,1.23685,13947
2023-01-27 16:00:00,1.23684,1.23981,1.23454,1.23919,22290
2023-01-27 20:00:00,1.2392,1.23996,1.23815,1.23983,7991
2023-01-30 00:00:00,1.23838,1.24045,1.23781,1.23921,8462
2023-01-30 04:00:00,1.23923,1.24054,1.23833,1.23964,14089
2023-01-30 08:00:00,1.23964,1.23996,1.23683,1.23926,16801
2023-01-30 12:00:00,1.2393,1.24174,1.2373,1.23746,14592
2023-01-30 16:00:00,1.23747,1.23946,1.236,1.23628,18828
2023-01-30 20:00:00,1.23628,1.23638,1.23367,1.23505,11069
2023-01-31 00:00:00,1.23471,1.23713,1.23424,1.23666,8420
2023-01-31 04:00:00,1.23668,1.23668,1.2331,1.23385,9955
2023-01-31 08:00:00,1.23389,1.23627,1.2308,1.23254,14801
2023-01-31 12:00:00,1.23253,1.23293,1.22955,1.23217,16242
2023-01-31 16:00:00,1.23216,1.23281,1.2284,1.23259,21443
2023-01-31 20:00:00,1.23259,1.23375,1.2314,1.23182,8201
2023-02-01 00:00:00,1.23194,1.23244,1.23032,1.23103,6951
2023-02-01 04:00:00,1.23103,1.23194,1.23035,1.23147,6755
2023-02-01 08:00:00,1.23145,1.23282,1.23087,1.23168,13617
2023-02-01 12:00:00,1.23166,1.23443,1.23125,1.23395,13713
2023-02-01 16:00:00,1.23394,1.2347,1.22942,1.23024,19174
2023-02-01 20:00:00,1.23024,1.23936,1.2272,1.23724,25564
2023-02-02 00:00:00,1.23741,1.24021,1.23702,1.23779,9431
2023-02-02 04:00:00,1.2378,1.23958,1.23765,1.23904,9704
2023-02-02 08:00:00,1.23905,1.2397,1.23312,1.23445,16504
2023-02-02 12:00:00,1.23445,1.23913,1.22647,1.23011,23611
2023-02-02 16:00:00,1.23014,1.23262,1.22313,1.22439,26928
2023-02-02 20:00:00,1.22446,1.2255,1.22223,1.22236,17438
2023-02-03 00:00:00,1.22238,1.2229,1.22049,1.22179,8259
2023-02-03 04:00:00,1.22179,1.22197,1.22021,1.22136,9849
2023-02-03 08:00:00,1.22133,1.22522,1.2183,1.22462,16784
2023-02-03 12:00:00,1.22462,1.22656,1.21012,1.21277,18994
2023-02-03 16:00:00,1.21275,1.21477,1.20624,1.20746,29336
2023-02-03 20:00:00,1.20745,1.20758,1.20477,1.20532,12785
2023-02-06 00:00:00,1.20287,1.2057,1.20272,1.2042,10653
2023-02-06 04:00:00,1.20422,1.20678,1.20385,1.20678,12427
2023-02-06 08:00:00,1.20678,1.207,1.20345,1.20366,15255
2023-02-06 12:00:00,1.20366,1.20774,1.20215,1.20491,17736
2023-02-06 16:00:00,1.20488,1.20751,1.20056,1.20122,19976
2023-02-06 20:00:00,1.2012,1.2039,1.20082,1.20215,10257
2023-02-07 00:00:00,1.20155,1.20552,1.20142,1.20523,6847
2023-02-07 04:00:00,1.20524,1.2055,1.20351,1.20487,10522
2023-02-07 08:00:00,1.20485,1.20575,1.19866,1.20052,17424
2023-02-07 12:00:00,1.20052,1.20115,1.19611,1.19796,17172
2023-02-07 16:00:00,1.19795,1.20949,1.19676,1.20843,22664
2023-02-07 20:00:00,1.20842,1.20902,1.19872,1.20482,21206
2023-02-08 00:00:00,1.2046,1.20619,1.20347,1.20468,10090
2023-02-08 04:00:00,1.20469,1.20571,1.20404,1.20534,7663
2023-02-08 08:00:00,1.20534,1.21097,1.20384,1.21053,16179
2023-02-08 12:00:00,1.21054,1.21083,1.20753,1.20832,13732
2023-02-08 16:00:00,1.20832,1.20976,1.20546,1.20838,19678
2023-02-08 20:00:00,1.2084,1.2095,1.20599,1.20713,10914
2023-02-09 00:00:00,1.20701,1.20768,1.20566,1.20754,9287
2023-02-09 04:00:00,1.20753,1.20932,1.2074,1.20885,10409
2023-02-09 08:00:00,1.20884,1.21434,1.20857,1.21409,14751
2023-02-09 12:00:00,1.2141,1.21923,1.21309,1.21922,15590
2023-02-09 16:00:00,1.21922,1.2194,1.21309,1.21421,19432
2023-02-09 20:00:00,1.21418,1.21418,1.21111,1.21181,13937
2023-02-10 00:00:00,1.21174,1.21238,1.21002,1.21098,7905
2023-02-10 04:00:00,1.21098,1.21102,1.20895,1.21012,9229
2023-02-10 08:00:00,1.21012,1.21396,1.20898,1.20997,21988
2023-02-10 12:00:00,1.20996,1.21221,1.208,1.21122,17488
2023-02-10 16:00:00,1.21122,1.21305,1.20487,1.2049,19948
2023-02-10 20:00:00,1.20489,1.20634,1.20472,1.20544,9468
2023-02-13 00:00:00,1.20659,1.20659,1.20334,1.2048,7973
2023-02-13 04:00:00,1.20484,1.20527,1.20401,1.20451,10415
2023-02-13 08:00:00,1.20449,1.2067,1.20318,1.20381,13649
2023-02-13 12:00:00,1.20381,1.21152,1.20306,1.20876,14288
2023-02-13 16:00:00,1.20876,1.21448,1.20808,1.21355,18401
2023-02-13 20:00:00,1.21358,1.21519,1.21243,1.21398,9008
2023-02-14 00:00:00,1.21321,1.21527,1.21274,1.21406,9253
2023-02-14 04:00:00,1.21406,1.21515,1.21339,1.21465,9607
2023-02-14 08:00:00,1.21464,1.21882,1.21346,1.21882,15378
2023-02-14 12:00:00,1.21882,1.227,1.21514,1.22102,20403
2023-02-14 16:00:00,1.22104,1.22211,1.21169,1.21713,33666
2023-02-14 20:00:00,1.21712,1.21903,1.21544,1.21751,15582
2023-02-15 00:00:00,1.217,1.21816,1.21651,1.21662,6463
2023-02-15 04:00:00,1.21662,1.21671,1.21444,1.21497,9698
2023-02-15 08:00:00,1.21498,1.21558,1.20718,1.20963,19934
2023-02-15 12:00:00,1.20959,1.2101,1.20068,1.2014,19468
2023-02-15 16:00:00,1.2014,1.20345,1.19896,1.20048,24100
2023-02-15 20:00:00,1.2005,1.20381,1.19956,1.20339,11612
2023-02-16 00:00:00,1.20256,1.20445,1.20144,1.20395,11030
2023-02-16 04:00:00,1.20394,1.20532,1.20378,1.20458,11365
2023-02-16 08:00:00,1.20458,1.20742,1.20282,1.20555,17831
2023-02-16 12:00:00,1.20548,1.2069,1.19787,1.19878,18475
2023-02-16 16:00:00,1.19878,1.20273,1.19652,1.2017,24708
2023-02-16 20:00:00,1.20168,1.20274,1.19817,1.1988,15887
2023-02-17 00:00:00,1.19943,1.20001,1.19517,1.19538,10563
2023-02-17 04:00:00,1.19538,1.19585,1.19414,1.19481,10036
2023-02-17 08:00:00,1.1948,1.19588,1.19149,1.19425,17674
2023-02-17 12:00:00,1.19425,1.19741,1.19211,1.19704,18826
2023-02-17 16:00:00,1.19703,1.20371,1.19654,1.20199,25805
2023-02-17 20:00:00,1.20201,1.20495,1.2017,1.20406,11425
2023-02-20 00:00:00,1.2024,1.20382,1.20145,1.20188,13204
2023-02-20 04:00:00,1.20188,1.20452,1.20185,1.20422,11799
2023-02-20 08:00:00,1.20421,1.20568,1.20187,1.20218,17195
2023-02-20 12:00:00,1.20219,1.20415,1.20187,1.20378,14924
2023-02-20 16:00:00,1.20379,1.20431,1.20247,1.20359,10227
2023-02-20 20:00:00,1.20364,1.20423,1.20346,1.20407,4802
2023-02-21 00:00:00,1.20345,1.20443,1.20138,1.20261,9745
2023-02-21 04:00:00,1.20261,1.20368,1.20172,1.20304,9393
2023-02-21 08:00:00,1.20304,1.21137,1.19859,1.20915,21009
2023-02-21 12:00:00,1.20919,1.21296,1.20753,1.20994,20946
2023-02-21 16:00:00,1.20992,1.21476,1.20644,1.21276,25332
2023-02-21 20:00:00,1.2128,1.21284,1.20972,1.21111,12163
2023-02-22 00:00:00,1.21119,1.21354,1.21048,1.21208,10373
2023-02-22 04:00:00,1.21208,1.21251,1.20977,1.21063,8676
2023-02-22 08:00:00,1.21063,1.21286,1.20653,1.20775,17795
2023-02-22 12:00:00,1.20774,1.21202,1.20633,1.21049,19703
2023-02-22 16:00:00,1.21047,1.21136,1.20552,1.20738,22004
2023-02-22 20:00:00,1.20737,1.20827,1.20347,1.20454,17258
2023-02-23 00:00:00,1.20441,1.20607,1.20364,1.20574,6687
2023-02-23 04:00:00,1.20574,1.20681,1.2052,1.20605,9708
2023-02-23 08:00:00,1.20606,1.2075,1.20139,1.20306,18668
2023-02-23 12:00:00,1.20306,1.20616,1.20196,1.20345,18732
2023-02-23 16:00:00,1.20347,1.20694,1.19919,1.19988,25242
2023-02-23 20:00:00,1.19987,1.2032,1.1996,1.20156,11777
2023-02-24 00:00:00,1.20079,1.2033,1.2007,1.20163,14862
2023-02-24 04:00:00,1.20162,1.20312,1.20127,1.20229,11598
2023-02-24 08:00:00,1.20229,1.2042,1.20005,1.20239,15997
2023-02-24 12:00:00,1.20239,1.20304,1.19459,1.19648,20429
2023-02-24 16:00:00,1.19646,1.19665,1.19281,1.19456,26386
2023-02-24 20:00:00,1.19456,1.19544,1.19377,1.19394,12118
2023-02-27 00:00:00,1.19499,1.19631,1.19382,1.19629,8716
2023-02-27 04:00:00,1.19618,1.19643,1.19345,1.19379,12149
2023-02-27 08:00:00,1.19379,1.1985,1.19223,1.19737,18274
2023-02-27 12:00:00,1.19734,1.20243,1.19642,1.20191,17534
2023-02-27 16:00:00,1.20195,1.20604,1.20134,1.20595,20926
2023-02-27 20:00:00,1.20597,1.20661,1.2048,1.20626,11062
2023-02-28 00:00:00,1.20636,1.20682,1.20512,1.20529,8756
2023-02-28 04:00:00,1.2053,1.20629,1.20381,1.20401,9376
2023-02-28 08:00:00,1.20401,1.20977,1.20272,1.20743,17767
2023-02-28 12:00:00,1.20743,1.21283,1.20733,1.21229,17419
2023-02-28 16:00:00,1.21228,1.21436,1.20801,1.20999,22429
2023-02-28 20:00:00,1.20998,1.21023,1.20176,1.20226,10051
2023-03-01 00:00:00,1.20203,1.20422,1.20116,1.2034,16500
2023-03-01 04:00:00,1.2034,1.20471,1.20166,1.20407,9274
2023-03-01 08:00:00,1.20408,1.20889,1.20394,1.2068,18533
2023-03-01 12:00:00,1.2068,1.20752,1.20079,1.20087,20297
2023-03-01 16:00:00,1.2008,1.20452,1.1965,1.20228,26698
2023-03-01 20:00:00,1.20228,1.20276,1.19932,1.20268,10718
2023-03-02 00:00:00,1.20263,1.20366,1.19978,1.20094,8291
2023-03-02 04:00:00,1.20093,1.2017,1.19843,1.19881,11349
2023-03-02 08:00:00,1.19883,1.20096,1.19554,1.19732,18799
2023-03-02 12:00:00,1.19729,1.1988,1.19245,1.19287,20140
2023-03-02 16:00:00,1.19285,1.19628,1.19254,1.19336,22405
2023-03-02 20:00:00,1.19337,1.19578,1.1925,1.1948,12002
2023-03-03 00:00:00,1.19416,1.1975,1.19412,1.19627,7977
2023-03-03 04:00:00,1.19628,1.19766,1.19577,1.19649,8605
2023-03-03 08:00:00,1.19653,1.1999,1.19652,1.19854,15367
2023-03-03 12:00:00,1.19855,1.20188,1.19743,1.20082,15730
2023-03-03 16:00:00,1.2008,1.20174,1.19624,1.20099,22586
2023-03-03 20:00:00,1.20102,1.20487,1.20082,1.2043,9029
2023-03-06 00:00:00,1.20283,1.2039,1.20235,1.20353,7753
2023-03-06 04:00:00,1.20346,1.20483,1.2025,1.20358,10379
2023-03-06 08:00:00,1.20361,1.20458,1.20219,1.20281,15181
2023-03-06 12:00:00,1.20282,1.20313,1.19926,1.20109,16009
2023-03-06 16:00:00,1.20109,1.20487,1.19993,1.20408,18076
2023-03-06 20:00:00,1.20407,1.20409,1.20133,1.20262,8819
2023-03-07 00:00:00,1.20184,1.20425,1.20168,1.20381,6058
2023-03-07 04:00:00,1.20382,1.20477,1.20326,1.20364,11187
2023-03-07 08:00:00,1.20364,1.20651,1.20052,1.20119,16123
2023-03-07 12:00:00,1.20125,1.20164,1.19755,1.19808,15603
2023-03-07 16:00:00,1.19808,1.19865,1.18452,1.18495,30871
2023-03-07 20:00:00,1.18496,1.18588,1.18211,1.18264,12051
2023-03-08 00:00:00,1.1826,1.18358,1.18231,1.18285,7288
2023-03-08 04:00:00,1.18286,1.18319,1.18099,1.1821,10736
2023-03-08 08:00:00,1.18211,1.18421,1.18152,1.18327,14297
2023-03-08 12:00:00,1.18329,1.18486,1.18185,1.18234,13631
2023-03-08 16:00:00,1.18234,1.18592,1.18025,1.18312,22840
2023-03-08 20:00:00,1.18312,1.18498,1.18254,1.18439,8922
2023-03-09 00:00:00,1.18392,1.18548,1.18317,1.18371,8135
2023-03-09 04:00:00,1.18372,1.18655,1.18357,1.18543,7284
2023-03-09 08:00:00,1.18544,1.1889,1.18381,1.18694,12947
2023-03-09 12:00:00,1.18692,1.1911,1.18657,1.19099,16115
2023-03-09 16:00:00,1.19098,1.19364,1.19016,1.19249,18243
2023-03-09 20:00:00,1.19249,1.19388,1.19034,1.19234,14359
2023-03-10 00:00:00,1.19245,1.19333,1.19157,1.19247,8089
2023-03-10 04:00:00,1.19247,1.19319,1.19075,1.19237,12984
2023-03-10 08:00:00,1.19237,1.20092,1.19194,1.19878,19294
2023-03-10 12:00:00,1.1988,1.20448,1.19703,1.20185,22756
2023-03-10 16:00:00,1.20184,1.21136,1.20072,1.20596,35378
2023-03-10 20:00:00,1.20592,1.20653,1.2018,1.20315,18468
2023-03-13 00:00:00,1.20817,1.21038,1.20668,1.20734,15298
2023-03-13 04:00:00,1.20733,1.21413,1.20543,1.21162,20269
2023-03-13 08:00:00,1.21162,1.2124,1.20845,1.21,20747
2023-03-13 12:00:00,1.20998,1.21031,1.20463,1.20976,35893
2023-03-13 16:00:00,1.20975,1.21788,1.20814,1.21582,34587
2023-03-13 20:00:00,1.21581,1.21999,1.21472,1.21825,19552
2023-03-14 00:00:00,1.21814,1.21883,1.21543,1.2162,10273
2023-03-14 04:00:00,1.21619,1.21657,1.21444,1.21554,17044
2023-03-14 08:00:00,1.2155,1.21832,1.2141,1.21663,23939
2023-03-14 12:00:00,1.21663,1.22036,1.21378,1.2192,25141
2023-03-14 16:00:00,1.21916,1.22016,1.21358,1.21548,28541
2023-03-14 20:00:00,1.2155,1.21847,1.21526,1.21586,17821
2023-03-15 00:00:00,1.21567,1.21602,1.21467,1.21546,11021
2023-03-15 04:00:00,1.21545,1.21819,1.21505,1.21637,12804
2023-03-15 08:00:00,1.21633,1.21644,1.21382,1.21596,15443
2023-03-15 12:00:00,1.21597,1.21616,1.20421,1.20791,32341
2023-03-15 16:00:00,1.20783,1.20929,1.201,1.20121,34565
2023-03-15 20:00:00,1.2012,1.20853,1.2012,1.20545,24407
2023-03-16 00:00:00,1.2057,1.20812,1.20473,1.20759,10657
2023-03-16 04:00:00,1.2076,1.20819,1.20607,1.20788,16690
2023-03-16 08:00:00,1.20787,1.2113,1.20627,1.20778,19261
2023-03-16 12:00:00,1.20779,1.20831,1.20317,1.20585,21464
2023-03-16 16:00:00,1.20588,1.21204,1.20269,1.21095,34355
2023-03-16 20:00:00,1.21094,1.21278,1.21024,1.21106,16766
2023-03-17 00:00:00,1.21078,1.21145,1.20953,1.21118,8840
2023-03-17 04:00:00,1.21118,1.21486,1.21069,1.21481,12482
2023-03-17 08:00:00,1.21483,1.21765,1.21382,1.21392,17242
2023-03-17 12:00:00,1.21392,1.21473,1.21132,1.21341,19195
2023-03-17 16:00:00,1.21345,1.21796,1.21321,1.21764,24803
2023-03-17 20:00:00,1.21764,1.22008,1.21657,1.21772,14594
2023-03-20 00:00:00,1.22069,1.22069,1.2177,1.21927,10636
2023-03-20 04:00:00,1.21928,1.21956,1.21684,1.21807,16666
2023-03-20 08:00:00,1.21807,1.22145,1.21668,1.22136,21969
2023-03-20 12:00:00,1.22137,1.22414,1.21843,1.22303,19770
2023-03-20 16:00:00,1.22302,1.22753,1.22288,1.22691,19271
2023-03-20 20:00:00,1.22693,1.22848,1.22651,1.22789,10917
2023-03-21 00:00:00,1.22775,1.22827,1.22694,1.22738,8338
2023-03-21 04:00:00,1.22738,1.22767,1.22482,1.22536,6990
2023-03-21 08:00:00,1.22536,1.22624,1.22315,1.2233,12600
2023-03-21 12:00:00,1.22329,1.22589,1.22288,1.22516,12917
2023-03-21 16:00:00,1.22518,1.22549,1.21787,1.21899,16677
2023-03-21 20:00:00,1.21901,1.22209,1.21866,1.22173,8276
2023-03-22 00:00:00,1.22152,1.22276,1.22095,1.22203,6014
2023-03-22 04:00:00,1.22205,1.22367,1.22085,1.22307,10702
2023-03-22 08:00:00,1.22307,1.22853,1.22238,1.22751,12968
2023-03-22 12:00:00,1.22754,1.22973,1.22618,1.22699,12674
2023-03-22 16:00:00,1.22698,1.22719,1.22212,1.2242,12197
2023-03-22 20:00:00,1.22419,1.23348,1.22327,1.22683,24173
2023-03-23 00:00:00,1.22622,1.22924,1.22605,1.22913,8891
2023-03-23 04:00:00,1.22914,1.23246,1.22826,1.2322,11676
2023-03-23 08:00:00,1.23219,1.23432,1.23046,1.23206,16945
2023-03-23 12:00:00,1.23208,1.23375,1.22651,1.22753,17270
2023-03-23 16:00:00,1.22752,1.23304,1.22732,1.23218,17689
2023-03-23 20:00:00,1.23218,1.23218,1.22616,1.22868,18776
2023-03-24 00:00:00,1.22833,1.22923,1.22672,1.22822,7764
2023-03-24 04:00:00,1.22821,1.22865,1.22612,1.22851,11950
2023-03-24 08:00:00,1.22851,1.22884,1.22364,1.22394,15017
2023-03-24 12:00:00,1.22395,1.22552,1.21903,1.22133,21436
2023-03-24 16:00:00,1.22132,1.2232,1.21962,1.22194,20731
2023-03-24 20:00:00,1.22193,1.22342,1.22122,1.22295,8620
2023-03-27 00:00:00,1.22231,1.22501,1.22184,1.22309,7885
2023-03-27 04:00:00,1.22307,1.22511,1.22304,1.22379,10570
2023-03-27 08:00:00,1.22379,1.22659,1.22189,1.22626,15860
2023-03-27 12:00:00,1.22624,1.22731,1.2241,1.22433,13421
2023-03-27 16:00:00,1.22433,1.2293,1.22399,1.22827,15973
2023-03-27 20:00:00,1.22828,1.22932,1.22724,1.22877,7650
2023-03-28 00:00:00,1.22805,1.23152,1.22782,1.231,7504
2023-03-28 04:00:00,1.23101,1.23215,1.2307,1.23152,8853
2023-03-28 08:00:00,1.23152,1.23302,1.22892,1.2296,12816
2023-03-28 12:00:00,1.22958,1.23287,1.2281,1.23136,13011
2023-03-28 16:00:00,1.23135,1.23493,1.22996,1.23438,14850
2023-03-28 20:00:00,1.23444,1.23479,1.23292,1.23404,7197
2023-03-29 00:00:00,1.23414,1.23419,1.23279,1.23363,5201
2023-03-29 04:00:00,1.23371,1.2341,1.23205,1.2329,10037
2023-03-29 08:00:00,1.23298,1.23319,1.23048,1.2325,14008
2023-03-29 12:00:00,1.23252,1.23616,1.23179,1.23318,16469
2023-03-29 16:00:00,1.23318,1.23403,1.23026,1.23089,16933
2023-03-29 20:00:00,1.23088,1.2323,1.23048,1.23156,8379
2023-03-30 00:00:00,1.23129,1.23179,1.23013,1.23048,5653
2023-03-30 04:00:00,1.23048,1.23115,1.22936,1.23114,10382
2023-03-30 08:00:00,1.23114,1.23631,1.23084,1.23549,16276
2023-03-30 12:00:00,1.23554,1.23801,1.23285,1.2378,14661
2023-03-30 16:00:00,1.23781,1.23863,1.23573,1.23861,16531
2023-03-30 20:00:00,1.23863,1.23928,1.23764,1.23888,6847
2023-03-31 00:00:00,1.23835,1.23997,1.23811,1.23991,5275
2023-03-31 04:00:00,1.23991,1.24233,1.23896,1.23951,10241
2023-03-31 08:00:00,1.23947,1.23999,1.23535,1.23662,14470
2023-03-31 12:00:00,1.23664,1.23962,1.23599,1.2391,14240
2023-03-31 16:00:00,1.2391,1.23976,1.23411,1.23479,16368
2023-03-31 20:00:00,1.2348,1.23486,1.23241,1.2329,9906
2023-04-03 00:00:00,1.23275,1.2328,1.22819,1.23066,8391
2023-04-03 04:00:00,1.23065,1.23077,1.22759,1.2281,11631
2023-04-03 08:00:00,1.2281,1.23346,1.22744,1.23327,13036
2023-04-03 12:00:00,1.23325,1.23931,1.23315,1.23857,14218
2023-04-03 16:00:00,1.23859,1.24206,1.23779,1.23964,17841
2023-04-03 20:00:00,1.23964,1.24234,1.23875,1.24178,8136
2023-04-04 00:00:00,1.24081,1.24251,1.24052,1.24108,5349
2023-04-04 04:00:00,1.24109,1.24142,1.23987,1.24107,10133
2023-04-04 08:00:00,1.24106,1.24808,1.23949,1.24753,14432
2023-04-04 12:00:00,1.24753,1.25211,1.24661,1.24709,16111
2023-04-04 16:00:00,1.2471,1.25252,1.24705,1.24942,20359
2023-04-04 20:00:00,1.24943,1.25022,1.2489,1.25002,7173
2023-04-05 00:00:00,1.25014,1.25105,1.24834,1.24855,4548
2023-04-05 04:00:00,1.24858,1.25054,1.24836,1.24849,9445
2023-04-05 08:00:00,1.24851,1.25145,1.24699,1.24879,13489
2023-04-05 12:00:00,1.2488,1.24944,1.24556,1.24895,14392
2023-04-05 16:00:00,1.24895,1.25082,1.24326,1.24525,19272
2023-04-05 20:00:00,1.24525,1.24664,1.2447,1.24614,6925
2023-04-06 00:00:00,1.24619,1.24672,1.2448,1.24483,3674
2023-04-06 04:00:00,1.24483,1.24488,1.24373,1.2446,5163
2023-04-06 08:00:00,1.2446,1.2487,1.2442,1.24685,11469
2023-04-06 12:00:00,1.24682,1.24815,1.24278,1.24317,12628
2023-04-06 16:00:00,1.24316,1.24674,1.24124,1.24624,15088
2023-04-06 20:00:00,1.24622,1.24669,1.24374,1.24382,5606
2023-04-07 00:00:00,1.24399,1.24449,1.24331,1.24371,4851
2023-04-07 04:00:00,1.24373,1.24513,1.24364,1.24477,6581
2023-04-07 08:00:00,1.24477,1.24559,1.24289,1.24401,5078
2023-04-07 12:00:00,1.24399,1.24455,1.23891,1.24165,7776
2023-04-07 16:00:00,1.24164,1.24262,1.24,1.24188,9531
2023-04-07 20:00:00,1.2419,1.24334,1.24146,1.24163,3408
2023-04-10 00:00:00,1.24207,1.24341,1.24159,1.24167,4742
2023-04-10 04:00:00,1.24167,1.24218,1.24042,1.24056,7117
2023-04-10 08:00:00,1.24054,1.24341,1.23966,1.24286,7493
2023-04-10 12:00:00,1.24287,1.24428,1.23497,1.23516,11822
2023-04-10 16:00:00,1.23516,1.23798,1.23445,1.2375,11998
2023-04-10 20:00:00,1.23751,1.23853,1.23721,1.23824,6732
2023-04-11 00:00:00,1.23821,1.24039,1.23776,1.23986,4547
2023-04-11 04:00:00,1.23985,1.24134,1.23866,1.24035,9577
2023-04-11 08:00:00,1.24035,1.24456,1.24035,1.24352,13001
2023-04-11 12:00:00,1.24353,1.24566,1.24182,1.24316,14418
2023-04-11 16:00:00,1.24316,1.24407,1.24053,1.24088,13631
2023-04-11 20:00:00,1.24086,1.24292,1.24075,1.24255,6369
2023-04-12 00:00:00,1.2424,1.24318,1.24214,1.24296,4914
2023-04-12 04:00:00,1.24295,1.24403,1.24266,1.24375,7495
2023-04-12 08:00:00,1.24375,1.24461,1.24084,1.24184,11122
2023-04-12 12:00:00,1.24178,1.24701,1.23983,1.24462,13587
2023-04-12 16:00:00,1.24463,1.24845,1.24384,1.24842,18966
2023-04-12 20:00:00,1.24842,1.24952,1.2478,1.24836,9453
2023-04-13 00:00:00,1.24846,1.24954,1.24754,1.24927,4463
2023-04-13 04:00:00,1.24926,1.24964,1.24848,1.24894,8715
2023-04-13 08:00:00,1.24896,1.25208,1.24782,1.25206,13033
2023-04-13 12:00:00,1.25207,1.25353,1.25008,1.25316,13909
2023-04-13 16:00:00,1.25318,1.25375,1.25006,1.2529,16065
2023-04-13 20:00:00,1.25292,1.25355,1.25208,1.25231,7361
2023-04-14 00:00:00,1.25226,1.25287,1.25152,1.25206,4789
2023-04-14 04:00:00,1.25206,1.25468,1.25203,1.25404,8234
2023-04-14 08:00:00,1.25406,1.25421,1.25023,1.25041,11508
2023-04-14 12:00:00,1.25036,1.25245,1.24638,1.24861,14518
2023-04-14 16:00:00,1.24852,1.24917,1.23992,1.24052,20242
2023-04-14 20:00:00,1.2405,1.24188,1.24025,1.24138,7935
2023-04-17 00:00:00,1.24054,1.24196,1.23909,1.23912,4911
2023-04-17 04:00:00,1.23915,1.24124,1.23832,1.24122,8186
2023-04-17 08:00:00,1.24122,1.24286,1.23741,1.23772,12004
2023-04-17 12:00:00,1.23772,1.24383,1.23743,1.24099,14461
2023-04-17 16:00:00,1.24098,1.2416,1.23533,1.23561,17699
2023-04-17 20:00:00,1.23562,1.23788,1.23559,1.2377,4943
2023-04-18 00:00:00,1.23713,1.23788,1.23688,1.23732,3454
2023-04-18 04:00:00,1.23732,1.23878,1.23675,1.23841,7715
2023-04-18 08:00:00,1.23841,1.24433,1.23812,1.24383,12758
2023-04-18 12:00:00,1.24384,1.24499,1.24259,1.24293,12974
2023-04-18 16:00:00,1.24293,1.24429,1.24124,1.24289,14801
2023-04-18 20:00:00,1.2429,1.24321,1.24234,1.24247,5745
2023-04-19 00:00:00,1.24243,1.24323,1.24202,1.24316,3631
2023-04-19 04:00:00,1.24314,1.24346,1.24094,1.24186,6373
2023-04-19 08:00:00,1.24183,1.24723,1.24022,1.24358,15746
2023-04-19 12:00:00,1.24359,1.24492,1.23923,1.24403,14951
2023-04-19 16:00:00,1.24407,1.24745,1.24342,1.24521,14351
2023-04-19 20:00:00,1.24521,1.24547,1.24352,1.24395,6645
2023-04-20 00:00:00,1.24374,1.2441,1.24249,1.24271,5466
2023-04-20 04:00:00,1.24269,1.24353,1.24205,1.24296,7345
2023-04-20 08:00:00,1.24296,1.24523,1.24155,1.24435,12932
2023-04-20 12:00:00,1.24435,1.24607,1.24047,1.24543,13816
2023-04-20 16:00:00,1.24538,1.24676,1.24412,1.24487,14213
2023-04-20 20:00:00,1.24493,1.24527,1.24296,1.24432,7292
2023-04-21 00:00:00,1.2443,1.24435,1.24296,1.24415,4018
2023-04-21 04:00:00,1.24415,1.24466,1.24308,1.24326,7201
2023-04-21 08:00:00,1.24324,1.24336,1.23782,1.24003,12764
2023-04-21 12:00:00,1.24003,1.24138,1.23772,1.24138,11897
2023-04-21 16:00:00,1.24131,1.24315,1.23669,1.24303,17505
2023-04-21 20:00:00,1.24299,1.24482,1.24227,1.24418,6592
2023-04-24 00:00:00,1.24359,1.24521,1.24342,1.24483,13453
2023-04-24 04:00:00,1.24483,1.24502,1.24311,1.24351,7242
2023-04-24 08:00:00,1.24353,1.24531,1.24106,1.24518,11874
2023-04-24 12:00:00,1.24518,1.24592,1.24264,1.24538,12213
2023-04-24 16:00:00,1.24536,1.24698,1.24328,1.24673,13144
2023-04-24 20:00:00,1.24675,1.24862,1.24654,1.24861,4490
2023-04-25 00:00:00,1.24845,1.25073,1.24737,1.24974,3256
2023-04-25 04:00:00,1.2497,1.25067,1.24806,1.2482,6818
2023-04-25 08:00:00,1.24819,1.24914,1.24557,1.24742,13772
2023-04-25 12:00:00,1.24741,1.24795,1.24202,1.24245,12200
2023-04-25 16:00:00,1.24248,1.24273,1.23867,1.23993,14959
2023-04-25 20:00:00,1.23994,1.24141,1.23951,1.24102,8016
2023-04-26 00:00:00,1.24063,1.2418,1.2404,1.24115,5267
2023-04-26 04:00:00,1.24114,1.24254,1.24026,1.24246,9224
2023-04-26 08:00:00,1.24246,1.24788,1.24214,1.24788,13851
2023-04-26 12:00:00,1.24788,1.2491,1.24595,1.24729,17185
2023-04-26 16:00:00,1.24726,1.25156,1.24595,1.24677,18301
2023-04-26 20:00:00,1.24675,1.24749,1.24537,1.24676,7269
2023-04-27 00:00:00,1.24631,1.24737,1.24603,1.24709,3684
2023-04-27 04:00:00,1.2471,1.24778,1.24629,1.2475,9751
2023-04-27 08:00:00,1.24746,1.24884,1.24566,1.24724,14223
2023-04-27 12:00:00,1.24725,1.24975,1.2436,1.24484,14921
2023-04-27 16:00:00,1.24488,1.2494,1.24411,1.24657,17800
2023-04-27 20:00:00,1.24658,1.24997,1.24618,1.24978,7739
2023-04-28 00:00:00,1.24947,1.25,1.24831,1.24963,5484
2023-04-28 04:00:00,1.24963,1.25042,1.24779,1.24825,12601
2023-04-28 08:00:00,1.24824,1.24936,1.24501,1.24555,17186
2023-04-28 12:00:00,1.24555,1.24908,1.24466,1.24872,15336
2023-04-28 16:00:00,1.24876,1.25842,1.24853,1.25747,20774
2023-04-28 20:00:00,1.25746,1.25755,1.25577,1.25662,8000
2023-05-01 00:00:00,1.2555,1.25703,1.25506,1.25587,5166
2023-05-01 04:00:00,1.25591,1.25694,1.2554,1.25579,6964
2023-05-01 08:00:00,1.25578,1.25579,1.25183,1.25185,9496
2023-05-01 12:00:00,1.25181,1.25575,1.25146,1.25556,10288
2023-05-01 16:00:00,1.25556,1.25599,1.24806,1.24931,16219
2023-05-01 20:00:00,1.24932,1.24961,1.24839,1.24954,8586
2023-05-02 00:00:00,1.24944,1.24972,1.2484,1.24926,4494
2023-05-02 04:00:00,1.24926,1.25123,1.24921,1.24962,9344
2023-05-02 08:00:00,1.24961,1.25121,1.24636,1.24709,14935
2023-05-02 12:00:00,1.24711,1.24846,1.24535,1.24587,13850
2023-05-02 16:00:00,1.24589,1.24896,1.24353,1.24784,20267
2023-05-02 20:00:00,1.24784,1.2479,1.24661,1.24675,6195
2023-05-03 00:00:00,1.24648,1.2484,1.246,1.24821,4581
2023-05-03 04:00:00,1.24818,1.24937,1.24767,1.24876,7768
2023-05-03 08:00:00,1.2488,1.25338,1.24815,1.25209,10784
2023-05-03 12:00:00,1.25208,1.25285,1.24839,1.24972,13359
2023-05-03 16:00:00,1.24974,1.25551,1.24949,1.25513,15125
2023-05-03 20:00:00,1.25513,1.25902,1.2538,1.25655,18959
2023-05-04 00:00:00,1.25553,1.25922,1.25485,1.25771,7885
2023-05-04 04:00:00,1.25771,1.25907,1.25724,1.25829,8862
2023-05-04 08:00:00,1.25829,1.25936,1.25562,1.25581,14960
2023-05-04 12:00:00,1.25582,1.2586,1.2549,1.25519,18411
2023-05-04 16:00:00,1.25518,1.2599,1.25481,1.25955,24080
2023-05-04 20:00:00,1.25955,1.25978,1.25698,1.25724,8923
2023-05-05 00:00:00,1.25704,1.25878,1.25684,1.25846,4139
2023-05-05 04:00:00,1.2585,1.26143,1.25825,1.26069,8045
2023-05-05 08:00:00,1.2607,1.26344,1.25972,1.2608,11233
2023-05-05 12:00:00,1.2608,1.26178,1.25583,1.25693,12956
2023-05-05 16:00:00,1.25692,1.26524,1.25686,1.26473,18062
2023-05-05 20:00:00,1.26476,1.26476,1.2628,1.26309,7367
2023-05-08 00:00:00,1.26262,1.26371,1.26252,1.26344,4865
2023-05-08 04:00:00,1.26345,1.26539,1.26265,1.26519,6754
2023-05-08 08:00:00,1.26519,1.26576,1.26316,1.26375,8865
2023-05-08 12:00:00,1.26375,1.26689,1.26316,1.26468,9506
2023-05-08 16:00:00,1.26469,1.2655,1.26266,1.26391,11153
2023-05-08 20:00:00,1.26397,1.26444,1.2613,1.26188,6180
2023-05-09 00:00:00,1.2615,1.26206,1.2604,1.26093,5113
2023-05-09 04:00:00,1.26093,1.26185,1.26052,1.2613,5664
2023-05-09 08:00:00,1.26128,1.26397,1.25968,1.26088,12460
2023-05-09 12:00:00,1.26086,1.26251,1.2585,1.25861,11390
2023-05-09 16:00:00,1.25863,1.26232,1.25782,1.26115,13451
2023-05-09 20:00:00,1.26113,1.26292,1.26098,1.26208,6641
2023-05-10 00:00:00,1.26189,1.26319,1.26159,1.26283,3567
2023-05-10 04:00:00,1.26286,1.26347,1.26208,1.26216,5728
2023-05-10 08:00:00,1.26215,1.26446,1.26113,1.26223,10122
2023-05-10 12:00:00,1.26221,1.268,1.26024,1.26734,12208
2023-05-10 16:00:00,1.26736,1.26775,1.26075,1.26202,16087
2023-05-10 20:00:00,1.26202,1.26312,1.26064,1.26247,7804
2023-05-11 00:00:00,1.26243,1.26372,1.2617,1.26369,3909
2023-05-11 04:00:00,1.26371,1.26409,1.26135,1.26177,7411
2023-05-11 08:00:00,1.26177,1.2625,1.25655,1.25833,13724
2023-05-11 12:00:00,1.25835,1.26152,1.2568,1.25858,17162
2023-05-11 16:00:00,1.25857,1.25857,1.24965,1.25129,17118
2023-05-11 20:00:00,1.25128,1.25168,1.25051,1.25121,6332
2023-05-12 00:00:00,1.25104,1.25179,1.2507,1.25179,3483
2023-05-12 04:00:00,1.25177,1.25268,1.25085,1.25249,6943
2023-05-12 08:00:00,1.25248,1.25406,1.25061,1.25323,12019
2023-05-12 12:00:00,1.25324,1.25408,1.24919,1.25056,11245
2023-05-12 16:00:00,1.25055,1.25199,1.24488,1.24516,14674
2023-05-12 20:00:00,1.24516,1.24592,1.24447,1.2448,5939
2023-05-15 00:00:00,1.24526,1.24541,1.2443,1.24505,3559
2023-05-15 04:00:00,1.24513,1.24662,1.24505,1.24631,6498
2023-05-15 08:00:00,1.2463,1.24914,1.24621,1.24886,8801
2023-05-15 12:00:00,1.24887,1.2521,1.24766,1.25076,10821
2023-05-15 16:00:00,1.25071,1.25335,1.25036,1.25334,11348
2023-05-15 20:00:00,1.25334,1.25348,1.25249,1.2528,4374
2023-05-16 00:00:00,1.25276,1.25318,1.25173,1.25303,2688
2023-05-16 04:00:00,1.25304,1.25324,1.25148,1.25271,6323
2023-05-16 08:00:00,1.25267,1.2533,1.24654,1.25222,12176
2023-05-16 12:00:00,1.2522,1.25466,1.2495,1.25133,11410
2023-05-16 16:00:00,1.25133,1.25362,1.24768,1.24854,16635
2023-05-16 20:00:00,1.2486,1.24905,1.24773,1.24852,5766
2023-05-17 00:00:00,1.2489,1.24902,1.24796,1.24863,3549
2023-05-17 04:00:00,1.24862,1.24938,1.2477,1.24785,6707
2023-05-17 08:00:00,1.24785,1.24797,1.24217,1.24275,12251
2023-05-17 12:00:00,1.24268,1.24777,1.24224,1.24698,11276
2023-05-17 16:00:00,1.24697,1.25077,1.24442,1.25045,15047
2023-05-17 20:00:00,1.25047,1.25105,1.24832,1.24868,7471
2023-05-18 00:00:00,1.24863,1.24907,1.24784,1.24844,3434
2023-05-18 04:00:00,1.24843,1.24929,1.24726,1.24741,6667
2023-05-18 08:00:00,1.24743,1.24766,1.24321,1.24377,11127
2023-05-18 12:00:00,1.24376,1.24493,1.24145,1.24247,11935
2023-05-18 16:00:00,1.24246,1.24378,1.23949,1.23962,15024
2023-05-18 20:00:00,1.23959,1.24126,1.23917,1.24082,6531
2023-05-19 00:00:00,1.2408,1.24168,1.24021,1.24135,4135
2023-05-19 04:00:00,1.24134,1.24144,1.23924,1.23966,7896
2023-05-19 08:00:00,1.23965,1.24276,1.23954,1.24087,11795
2023-05-19 12:00:00,1.24089,1.24682,1.24088,1.24485,13038
2023-05-19 16:00:00,1.24476,1.24838,1.24217,1.24667,19631
2023-05-19 20:00:00,1.24668,1.24708,1.2436,1.24463,7274
2023-05-22 00:00:00,1.24356,1.24678,1.24355,1.24666,3965
2023-05-22 04:00:00,1.24667,1.24723,1.24558,1.24571,7539
2023-05-22 08:00:00,1.24572,1.24578,1.24137,1.24416,12044
2023-05-22 12:00:00,1.24413,1.2471,1.24409,1.246,12546
2023-05-22 16:00:00,1.24599,1.246,1.24145,1.24206,14923
2023-05-22 20:00:00,1.24204,1.24438,1.24198,1.24368,6365
2023-05-23 00:00:00,1.24366,1.24465,1.24309,1.24394,4642
2023-05-23 04:00:00,1.2439,1.24394,1.24255,1.24362,7482
2023-05-23 08:00:00,1.24361,1.24373,1.23848,1.24094,14122
2023-05-23 12:00:00,1.24093,1.24134,1.2373,1.2379,12733
2023-05-23 16:00:00,1.23792,1.24344,1.23771,1.24154,16424
2023-05-23 20:00:00,1.24156,1.24241,1.24089,1.24145,7324
2023-05-24 00:00:00,1.24106,1.24291,1.24104,1.24254,3201
2023-05-24 04:00:00,1.24254,1.24369,1.24151,1.24346,6815
2023-05-24 08:00:00,1.24346,1.24695,1.24026,1.24225,16171
2023-05-24 12:00:00,1.24225,1.24284,1.2364,1.24026,14603
2023-05-24 16:00:00,1.24027,1.24152,1.23578,1.23712,17729
2023-05-24 20:00:00,1.23712,1.23776,1.23581,1.23646,9554
2023-05-25 00:00:00,1.23644,1.23711,1.23548,1.23641,4876
2023-05-25 04:00:00,1.23633,1.23673,1.2332,1.23412,7396
2023-05-25 08:00:00,1.23411,1.23803,1.23331,1.23678,12678
2023-05-25 12:00:00,1.23677,1.23868,1.23386,1.2341,13851
2023-05-25 16:00:00,1.2341,1.23612,1.2309,1.2309,16607
2023-05-25 20:00:00,1.2309,1.23332,1.23081,1.23218,7839
2023-05-26 00:00:00,1.23215,1.23252,1.23109,1.23225,4741
2023-05-26 04:00:00,1.23227,1.23368,1.2322,1.23358,7273
2023-05-26 08:00:00,1.23363,1.23692,1.23315,1.23534,12026
2023-05-26 12:00:00,1.23532,1.23954,1.23458,1.23715,13183
2023-05-26 16:00:00,1.23712,1.23818,1.23209,1.23434,16421
2023-05-26 20:00:00,1.23434,1.23568,1.23433,1.23457,6512
2023-05-29 00:00:00,1.23362,1.23522,1.23334,1.23467,4274
2023-05-29 04:00:00,1.23466,1.23579,1.23437,1.23557,6071
2023-05-29 08:00:00,1.23556,1.2372,1.23354,1.23469,7455
2023-05-29 12:00:00,1.23468,1.2353,1.23363,1.23466,6286
2023-05-29 16:00:00,1.23466,1.23623,1.23425,1.23599,3921
2023-05-29 20:00:00,1.23599,1.23619,1.23539,1.23542,1658
2023-05-30 00:00:00,1.23497,1.23636,1.23438,1.23608,4606
2023-05-30 04:00:00,1.2361,1.23793,1.2343,1.23571,8247
2023-05-30 08:00:00,1.23572,1.23785,1.23271,1.23763,13298
2023-05-30 12:00:00,1.23764,1.24466,1.23684,1.24232,14593
2023-05-30 16:00:00,1.24233,1.24399,1.23932,1.2398,14256
2023-05-30 20:00:00,1.23983,1.2413,1.2383,1.24121,6989
2023-05-31 00:00:00,1.24101,1.2426,1.24039,1.24222,3657
2023-05-31 04:00:00,1.2422,1.24228,1.2382,1.23924,8133
2023-05-31 08:00:00,1.23924,1.23995,1.2348,1.23523,13287
2023-05-31 12:00:00,1.23526,1.23753,1.23498,1.2364,10452
2023-05-31 16:00:00,1.23639,1.24142,1.23571,1.23864,19562
2023-05-31 20:00:00,1.23866,1.2444,1.23812,1.24409,10510
2023-06-01 00:00:00,1.24395,1.24496,1.24304,1.2439,4581
2023-06-01 04:00:00,1.2439,1.24433,1.24278,1.24326,8330
2023-06-01 08:00:00,1.24325,1.24413,1.24012,1.24309,12420
2023-06-01 12:00:00,1.24309,1.24867,1.24258,1.24843,14446
2023-06-01 16:00:00,1.24843,1.25399,1.24742,1.25328,17030
2023-06-01 20:00:00,1.25328,1.25356,1.25216,1.25261,6488
2023-06-02 00:00:00,1.2524,1.25314,1.25198,1.25252,3228
2023-06-02 04:00:00,1.25252,1.25448,1.25231,1.25294,6238
2023-06-02 08:00:00,1.25295,1.25436,1.25219,1.25363,11046
2023-06-02 12:00:00,1.25362,1.25417,1.24927,1.25137,12837
2023-06-02 16:00:00,1.25141,1.25354,1.24494,1.24496,16557
2023-06-02 20:00:00,1.24497,1.24584,1.24415,1.24506,6751
2023-06-05 00:00:00,1.24489,1.24496,1.24261,1.24315,5509
2023-06-05 04:00:00,1.24319,1.24399,1.24271,1.24329,7785
2023-06-05 08:00:00,1.24329,1.24379,1.23881,1.24079,11733
2023-06-05 12:00:00,1.2408,1.24094,1.23684,1.2376,9749
2023-06-05 16:00:00,1.23761,1.24436,1.23736,1.24355,15942
2023-06-05 20:00:00,1.24355,1.24376,1.24272,1.24332,6836
2023-06-06 00:00:00,1.24283,1.24373,1.2425,1.24348,3317
2023-06-06 04:00:00,1.24349,1.24513,1.24325,1.24501,7642
2023-06-06 08:00:00,1.24502,1.24592,1.24192,1.24212,13429
2023-06-06 12:00:00,1.24214,1.24242,1.23918,1.24009,11109
2023-06-06 16:00:00,1.24007,1.24289,1.23948,1.2427,12691
2023-06-06 20:00:00,1.24271,1.24313,1.24185,1.24234,5642
2023-06-07 00:00:00,1.24223,1.24383,1.24201,1.24316,3428
2023-06-07 04:00:00,1.24316,1.24334,1.24174,1.24233,6207
2023-06-07 08:00:00,1.24233,1.24398,1.23952,1.24394,9762
2023-06-07 12:00:00,1.24401,1.24721,1.24309,1.24644,11025
2023-06-07 16:00:00,1.24644,1.25,1.2432,1.24338,16160
2023-06-07 20:00:00,1.2434,1.24467,1.24271,1.24382,7375
2023-06-08 00:00:00,1.24351,1.2451,1.24309,1.24493,3815
2023-06-08 04:00:00,1.24494,1.24545,1.24423,1.24536,6860
2023-06-08 08:00:00,1.24536,1.2479,1.24416,1.24779,10558
2023-06-08 12:00:00,1.2478,1.24976,1.24535,1.24832,12725
2023-06-08 16:00:00,1.2483,1.2558,1.24808,1.25542,16078
2023-06-08 20:00:00,1.25539,1.2561,1.25478,1.25601,6872
2023-06-09 00:00:00,1.25579,1.25635,1.25528,1.25548,3816
2023-06-09 04:00:00,1.25549,1.25572,1.2545,1.25455,6671
2023-06-09 08:00:00,1.25455,1.25681,1.25341,1.25421,10034
2023-06-09 12:00:00,1.25425,1.25785,1.25362,1.25685,11847
2023-06-09 16:00:00,1.25683,1.25905,1.25627,1.25821,13711
2023-06-09 20:00:00,1.2582,1.25832,1.25722,1.25795,4171
2023-06-12 00:00:00,1.25586,1.25819,1.25582,1.25762,2729
2023-06-12 04:00:00,1.25757,1.25767,1.2565,1.257,4689
2023-06-12 08:00:00,1.25695,1.25967,1.25691,1.25912,9155
2023-06-12 12:00:00,1.25912,1.25997,1.25511,1.25513,10401
2023-06-12 16:00:00,1.25514,1.25557,1.24869,1.24945,13229
2023-06-12 20:00:00,1.24947,1.25137,1.24926,1.25121,6463
2023-06-13 00:00:00,1.25097,1.25209,1.25076,1.25176,3877
2023-06-13 04:00:00,1.25176,1.25353,1.25143,1.25316,6722
2023-06-13 08:00:00,1.25317,1.25769,1.2528,1.25656,13155
2023-06-13 12:00:00,1.25656,1.26057,1.25561,1.25946,13212
2023-06-13 16:00:00,1.25945,1.2625,1.25724,1.2623,17959
2023-06-13 20:00:00,1.26225,1.26244,1.2593,1.26114,7317
2023-06-14 00:00:00,1.26118,1.26122,1.26013,1.26087,4138
2023-06-14 04:00:00,1.26087,1.26172,1.26053,1.26122,6483
2023-06-14 08:00:00,1.26122,1.26378,1.26008,1.26345,11228
2023-06-14 12:00:00,1.26343,1.26786,1.26323,1.26748,10570
2023-06-14 16:00:00,1.26745,1.26991,1.26712,1.26949,11050
2023-06-14 20:00:00,1.26953,1.26953,1.26267,1.26619,19124
2023-06-15 00:00:00,1.26614,1.26742,1.26557,1.26592,3243
2023-06-15 04:00:00,1.26592,1.26597,1.26295,1.26375,8141
2023-06-15 08:00:00,1.26376,1.26726,1.26315,1.26609,12135
2023-06-15 12:00:00,1.2661,1.26698,1.26401,1.26684,13014
2023-06-15 16:00:00,1.26675,1.27763,1.2663,1.27743,14956
2023-06-15 20:00:00,1.27742,1.27857,1.27676,1.27847,6702
2023-06-16 00:00:00,1.27812,1.27931,1.27759,1.27815,4020
2023-06-16 04:00:00,1.27816,1.27885,1.27681,1.27795,6885
2023-06-16 08:00:00,1.27793,1.28182,1.27776,1.27962,12674
2023-06-16 12:00:00,1.2796,1.28482,1.27839,1.28156,11416
2023-06-16 16:00:00,1.28156,1.28475,1.28035,1.28274,17570
2023-06-16 20:00:00,1.28272,1.28356,1.28199,1.28228,9461
2023-06-19 00:00:00,1.28125,1.28371,1.28125,1.28209,3873
2023-06-19 04:00:00,1.2821,1.28253,1.28104,1.28134,6606
2023-06-19 08:00:00,1.28133,1.28306,1.28082,1.28178,10987
2023-06-19 12:00:00,1.28175,1.28201,1.28027,1.28088,10742
2023-06-19 16:00:00,1.28088,1.28129,1.27705,1.27737,8604
2023-06-19 20:00:00,1.27737,1.27934,1.27732,1.2793,2415
2023-06-20 00:00:00,1.27894,1.28065,1.27789,1.28018,5547
2023-06-20 04:00:00,1.28017,1.2805,1.27782,1.27788,10182
2023-06-20 08:00:00,1.27786,1.28066,1.27625,1.27838,14312
2023-06-20 12:00:00,1.27838,1.27879,1.27261,1.27395,13982
2023-06-20 16:00:00,1.27396,1.27568,1.27136,1.27554,18325
2023-06-20 20:00:00,1.27554,1.2769,1.27473,1.27646,7724
2023-06-21 00:00:00,1.2763,1.27665,1.27496,1.2759,4435
2023-06-21 04:00:00,1.27591,1.27681,1.27542,1.2765,8722
2023-06-21 08:00:00,1.2765,1.28023,1.27153,1.27203,16830
2023-06-21 12:00:00,1.27202,1.27352,1.26912,1.27309,15427
2023-06-21 16:00:00,1.27305,1.27607,1.27021,1.27563,19458
2023-06-21 20:00:00,1.27562,1.27855,1.27532,1.27674,9429
2023-06-22 00:00:00,1.2765,1.27738,1.27622,1.27688,5127
2023-06-22 04:00:00,1.27686,1.27738,1.27579,1.27588,7284
2023-06-22 08:00:00,1.27588,1.27879,1.27392,1.27757,14832
2023-06-22 12:00:00,1.27757,1.28418,1.27376,1.27491,17774
2023-06-22 16:00:00,1.27487,1.2764,1.27277,1.27329,18128
2023-06-22 20:00:00,1.27329,1.27484,1.27259,1.27478,8555
2023-06-23 00:00:00,1.27475,1.27497,1.27362,1.27468,5211
2023-06-23 04:00:00,1.27468,1.27486,1.26966,1.27078,9433
2023-06-23 08:00:00,1.27079,1.27305,1.26852,1.27013,16460
2023-06-23 12:00:00,1.27013,1.27366,1.26907,1.27116,14723
2023-06-23 16:00:00,1.2712,1.2728,1.26888,1.26986,17062
2023-06-23 20:00:00,1.26988,1.2722,1.26988,1.27159,7659
2023-06-26 00:00:00,1.27072,1.27354,1.27039,1.27336,6502
2023-06-26 04:00:00,1.27336,1.27388,1.27269,1.27324,7493
2023-06-26 08:00:00,1.27322,1.27486,1.27104,1.27372,13384
2023-06-26 12:00:00,1.2737,1.27448,1.2688,1.27168,12678
2023-06-26 16:00:00,1.27107,1.27278,1.26947,1.27219,13636
2023-06-26 20:00:00,1.27219,1.2726,1.27099,1.27109,5808
2023-06-27 00:00:00,1.27089,1.27158,1.2703,1.2705,5192
2023-06-27 04:00:00,1.27052,1.27369,1.27045,1.27292,9045
2023-06-27 08:00:00,1.27292,1.27581,1.27261,1.27373,12359
2023-06-27 12:00:00,1.27371,1.27443,1.27119,1.27374,13215
2023-06-27 16:00:00,1.27364,1.27593,1.27333,1.27497,16834
2023-06-27 20:00:00,1.27497,1.27575,1.27432,1.2748,8294
2023-06-28 00:00:00,1.27484,1.27522,1.2742,1.27438,5614
2023-06-28 04:00:00,1.2744,1.27462,1.27239,1.27256,9331
2023-06-28 08:00:00,1.27257,1.27371,1.2702,1.27112,12002
2023-06-28 12:00:00,1.27112,1.27149,1.26325,1.26403,14150
2023-06-28 16:00:00,1.26403,1.26503,1.26065,1.26482,17451
2023-06-28 20:00:00,1.26482,1.26535,1.26349,1.26353,6700
2023-06-29 00:00:00,1.26349,1.26458,1.26255,1.26345,4052
2023-06-29 04:00:00,1.26345,1.2647,1.26172,1.26203,8609
2023-06-29 08:00:00,1.26203,1.26535,1.26148,1.26461,12842
2023-06-29 12:00:00,1.26462,1.26668,1.26001,1.26063,12373
2023-06-29 16:00:00,1.26065,1.26314,1.25909,1.26233,17105
2023-06-29 20:00:00,1.26233,1.26245,1.26087,1.26121,6459
2023-06-30 00:00:00,1.26128,1.26197,1.26076,1.2617,4073
2023-06-30 04:00:00,1.26172,1.26258,1.26104,1.26233,8123
2023-06-30 08:00:00,1.26235,1.26506,1.25991,1.26147,11796
2023-06-30 12:00:00,1.26142,1.26909,1.26106,1.26847,12909
2023-06-30 16:00:00,1.2684,1.27276,1.26815,1.2716,18121
2023-06-30 20:00:00,1.27161,1.27222,1.26919,1.26979,6890
2023-07-03 00:00:00,1.26899,1.27035,1.26875,1.26902,3564
2023-07-03 04:00:00,1.26902,1.27073,1.26882,1.27054,8516
2023-07-03 08:00:00,1.27054,1.27054,1.26585,1.26707,11983
2023-07-03 12:00:00,1.26706,1.26954,1.26617,1.26939,11586
2023-07-03 16:00:00,1.26941,1.27232,1.26739,1.26976,14518
2023-07-03 20:00:00,1.26976,1.27006,1.26808,1.26907,3758
2023-07-04 00:00:00,1.26922,1.27003,1.26824,1.26974,2612
2023-07-04 04:00:00,1.26974,1.27018,1.26848,1.26865,6405
2023-07-04 08:00:00,1.26865,1.27111,1.26835,1.26952,9049
2023-07-04 12:00:00,1.26963,1.27395,1.26936,1.27365,7671
2023-07-04 16:00:00,1.27361,1.27372,1.27169,1.27185,7237
2023-07-04 20:00:00,1.27188,1.27241,1.27122,1.2713,3378
2023-07-05 00:00:00,1.27105,1.27212,1.27081,1.27138,3113
2023-07-05 04:00:00,1.27137,1.27163,1.27001,1.27057,6352
2023-07-05 08:00:00,1.27056,1.27223,1.26954,1.27123,11293
2023-07-05 12:00:00,1.27123,1.27264,1.26881,1.27151,11060
2023-07-05 16:00:00,1.27151,1.27355,1.27014,1.27075,13715
2023-07-05 20:00:00,1.27075,1.27123,1.26918,1.2704,6741
2023-07-06 00:00:00,1.27032,1.27075,1.26925,1.26974,3606
2023-07-06 04:00:00,1.26974,1.2712,1.26897,1.27038,9092
2023-07-06 08:00:00,1.27038,1.27311,1.26986,1.27108,13883
2023-07-06 12:00:00,1.27108,1.27812,1.2706,1.27463,16935
2023-07-06 16:00:00,1.27466,1.276,1.26738,1.27274,19270
2023-07-06 20:00:00,1.27275,1.27439,1.27242,1.27392,6354
2023-07-07 00:00:00,1.27395,1.2745,1.2729,1.27319,3163
2023-07-07 04:00:00,1.2732,1.27447,1.27273,1.27403,6178
2023-07-07 08:00:00,1.27405,1.27499,1.27258,1.27346,11517
2023-07-07 12:00:00,1.27346,1.2808,1.27334,1.27806,14970
2023-07-07 16:00:00,1.27801,1.28496,1.27539,1.28494,19277
2023-07-07 20:00:00,1.28493,1.28493,1.28301,1.28398,6876
2023-07-10 00:00:00,1.28315,1.28413,1.28217,1.28253,4331
2023-07-10 04:00:00,1.28254,1.28343,1.28089,1.28101,10020
2023-07-10 08:00:00,1.281,1.28255,1.27983,1.28183,10910
2023-07-10 12:00:00,1.28182,1.28244,1.27506,1.27538,11260
2023-07-10 16:00:00,1.27538,1.28466,1.27538,1.28461,13521
2023-07-10 20:00:00,1.2846,1.28684,1.2843,1.28607,6092
2023-07-11 00:00:00,1.28606,1.28693,1.2851,1.28689,3412
2023-07-11 04:00:00,1.28688,1.28836,1.28645,1.28785,7766
2023-07-11 08:00:00,1.28788,1.29133,1.28673,1.28857,13822
2023-07-11 12:00:00,1.28864,1.29347,1.28846,1.28968,12558
2023-07-11 16:00:00,1.28966,1.29223,1.28861,1.29222,12989
2023-07-11 20:00:00,1.29223,1.29337,1.29148,1.29316,6347
2023-07-12 00:00:00,1.29324,1.29531,1.29271,1.29468,4445
2023-07-12 04:00:00,1.29465,1.29693,1.29454,1.29662,9440
2023-07-12 08:00:00,1.29662,1.29668,1.2932,1.29321,10203
2023-07-12 12:00:00,1.29322,1.29756,1.2904,1.29479,13638
2023-07-12 16:00:00,1.2948,1.30006,1.29464,1.29963,19820
2023-07-12 20:00:00,1.29963,1.29966,1.29765,1.29884,7904
2023-07-13 00:00:00,1.29874,1.30001,1.29804,1.29914,4604
2023-07-13 04:00:00,1.29914,1.30188,1.29886,1.30061,10030
2023-07-13 08:00:00,1.3006,1.30614,1.29839,1.30425,15388
2023-07-13 12:00:00,1.30425,1.30833,1.3036,1.30832,14496
2023-07-13 16:00:00,1.30832,1.31161,1.30786,1.31136,15539
2023-07-13 20:00:00,1.31135,1.3141,1.3109,1.31352,7423
2023-07-14 00:00:00,1.31336,1.31388,1.31168,1.31202,6013
2023-07-14 04:00:00,1.31203,1.31421,1.31191,1.3131,8983
2023-07-14 08:00:00,1.31309,1.31325,1.3093,1.31206,11717
2023-07-14 12:00:00,1.31206,1.31421,1.31004,1.31132,13056
2023-07-14 16:00:00,1.3113,1.31303,1.30936,1.31128,18137
2023-07-14 20:00:00,1.31136,1.31147,1.30896,1.30923,7814
2023-07-17 00:00:00,1.3092,1.3098,1.30786,1.3093,4649
2023-07-17 04:00:00,1.30931,1.30966,1.30816,1.3088,8255
2023-07-17 08:00:00,1.3088,1.31092,1.30649,1.30937,11985
2023-07-17 12:00:00,1.30937,1.31069,1.30536,1.30676,13014
2023-07-17 16:00:00,1.30677,1.30926,1.30509,1.30752,12569
2023-07-17 20:00:00,1.30752,1.30873,1.30705,1.30731,5761
2023-07-18 00:00:00,1.30727,1.30826,1.30678,1.30783,4271
2023-07-18 04:00:00,1.30782,1.31,1.30741,1.30946,10212
2023-07-18 08:00:00,1.30946,1.31068,1.30719,1.30787,13444
2023-07-18 12:00:00,1.30788,1.31256,1.30723,1.30888,14976
2023-07-18 16:00:00,1.3089,1.30987,1.3028,1.30347,17880
2023-07-18 20:00:00,1.30347,1.30496,1.30298,1.30345,7166
2023-07-19 00:00:00,1.30353,1.3041,1.30302,1.3036,4588
2023-07-19 04:00:00,1.30362,1.30387,1.30127,1.30164,9081
2023-07-19 08:00:00,1.30164,1.30348,1.2923,1.29327,18645
2023-07-19 12:00:00,1.29327,1.29568,1.28972,1.29159,15452
2023-07-19 16:00:00,1.2916,1.29202,1.28675,1.29086,18281
2023-07-19 20:00:00,1.29086,1.29404,1.2906,1.29397,7146
2023-07-20 00:00:00,1.29357,1.29477,1.29264,1.29466,4439
2023-07-20 04:00:00,1.29466,1.29648,1.29411,1.2944,9744
2023-07-20 08:00:00,1.2944,1.2945,1.29053,1.29241,11858
2023-07-20 12:00:00,1.2924,1.2924,1.2855,1.28712,13462
2023-07-20 16:00:00,1.28712,1.2883,1.28396,1.2853,15767
2023-07-20 20:00:00,1.28533,1.28691,1.28511,1.28675,6187
2023-07-21 00:00:00,1.28665,1.28776,1.28615,1.28763,3944
2023-07-21 04:00:00,1.28764,1.2886,1.28665,1.28796,8014
2023-07-21 08:00:00,1.28796,1.29041,1.28403,1.28582,14140
2023-07-21 12:00:00,1.28583,1.28698,1.28161,1.28303,13554
2023-07-21 16:00:00,1.28298,1.28616,1.2829,1.28587,13148
2023-07-21 20:00:00,1.28586,1.28662,1.28484,1.28518,5681
2023-07-24 00:00:00,1.28455,1.28669,1.28434,1.28642,5061
2023-07-24 04:00:00,1.28642,1.28701,1.28492,1.28641,8527
2023-07-24 08:00:00,1.28642,1.28839,1.2807,1.2816,16054
2023-07-24 12:00:00,1.2816,1.28592,1.28154,1.28368,13146
2023-07-24 16:00:00,1.28367,1.2844,1.27978,1.2832,17034
2023-07-24 20:00:00,1.2832,1.28409,1.28151,1.28238,6700
2023-07-25 00:00:00,1.28257,1.28368,1.28095,1.28156,5318
2023-07-25 04:00:00,1.28156,1.28432,1.28153,1.28301,9463
2023-07-25 08:00:00,1.28301,1.28646,1.28289,1.2851,13478
2023-07-25 12:00:00,1.2851,1.2854,1.282,1.28348,10988
2023-07-25 16:00:00,1.28352,1.28796,1.28125,1.28779,13470
2023-07-25 20:00:00,1.28774,1.29045,1.28711,1.29025,8253
2023-07-26 00:00:00,1.29022,1.29037,1.28823,1.28844,4273
2023-07-26 04:00:00,1.28843,1.28924,1.28753,1.2888,8241
2023-07-26 08:00:00,1.28879,1.29123,1.28813,1.29102,12934
2023-07-26 12:00:00,1.29102,1.29248,1.28947,1.29084,11580
2023-07-26 16:00:00,1.29084,1.29367,1.29033,1.29151,13154
2023-07-26 20:00:00,1.29144,1.29603,1.28953,1.29419,18033
2023-07-27 00:00:00,1.29381,1.29446,1.29241,1.29407,4643
2023-07-27 04:00:00,1.29406,1.2977,1.29406,1.29622,9891
2023-07-27 08:00:00,1.29621,1.29956,1.29389,1.29923,14317
2023-07-27 12:00:00,1.29924,1.29954,1.28815,1.28956,16028
2023-07-27 16:00:00,1.28957,1.2903,1.28256,1.28407,21477
2023-07-27 20:00:00,1.28414,1.28524,1.27818,1.27953,13370
2023-07-28 00:00:00,1.27932,1.27999,1.27872,1.27909,5823
2023-07-28 04:00:00,1.27909,1.28076,1.27628,1.27794,14820
2023-07-28 08:00:00,1.27793,1.28156,1.2772,1.28052,19027
2023-07-28 12:00:00,1.28052,1.2887,1.28014,1.28694,13747
2023-07-28 16:00:00,1.28692,1.28843,1.28377,1.28724,16441
2023-07-28 20:00:00,1.28724,1.28724,1.28457,1.28466,8241
2023-07-31 00:00:00,1.28399,1.28599,1.28399,1.28578,6050
2023-07-31 04:00:00,1.28576,1.28595,1.2844,1.28484,9411
2023-07-31 08:00:00,1.28484,1.28676,1.28353,1.28512,14543
2023-07-31 12:00:00,1.28514,1.28728,1.28453,1.28537,11135
2023-07-31 16:00:00,1.28538,1.28704,1.28283,1.2858,14221
2023-07-31 20:00:00,1.28582,1.28672,1.28315,1.28347,6494
2023-08-01 00:00:00,1.28346,1.28415,1.28275,1.28291,3786
2023-08-01 04:00:00,1.28291,1.2836,1.28152,1.28315,9521
2023-08-01 08:00:00,1.28314,1.28386,1.28128,1.28256,12804
2023-08-01 12:00:00,1.28256,1.2833,1.27561,1.27651,12931
2023-08-01 16:00:00,1.27652,1.27947,1.27412,1.27606,15095
2023-08-01 20:00:00,1.27606,1.27807,1.2749,1.27761,5382
2023-08-02 00:00:00,1.2777,1.28049,1.27661,1.27808,7853
2023-08-02 04:00:00,1.27808,1.2795,1.2763,1.27776,11390
2023-08-02 08:00:00,1.27777,1.27986,1.27603,1.27872,14255
2023-08-02 12:00:00,1.2787,1.27923,1.27229,1.27236,14717
2023-08-02 16:00:00,1.27236,1.27302,1.26804,1.27257,16951
2023-08-02 20:00:00,1.27257,1.27387,1.27087,1.27102,7329
2023-08-03 00:00:00,1.27106,1.27222,1.27028,1.27136,4268
2023-08-03 04:00:00,1.27136,1.27283,1.26995,1.27001,8251
2023-08-03 08:00:00,1.27002,1.2709,1.26726,1.26757,15496
2023-08-03 12:00:00,1.26757,1.26927,1.26204,1.26727,18760
2023-08-03 16:00:00,1.26726,1.27243,1.265,1.27191,16521
2023-08-03 20:00:00,1.2719,1.27195,1.26969,1.27086,7279
2023-08-04 00:00:00,1.27081,1.27253,1.26983,1.27252,4370
2023-08-04 04:00:00,1.27253,1.2741,1.27242,1.27278,10757
2023-08-04 08:00:00,1.27278,1.27345,1.26942,1.26995,11210
2023-08-04 12:00:00,1.26992,1.27547,1.26836,1.27454,13824
2023-08-04 16:00:00,1.2745,1.27835,1.27426,1.27815,17973
2023-08-04 20:00:00,1.27814,1.2792,1.27408,1.27501,8559
2023-08-07 00:00:00,1.27476,1.27608,1.27398,1.27585,6634
2023-08-07 04:00:00,1.27585,1.27586,1.27319,1.27347,8128
2023-08-07 08:00:00,1.27347,1.27447,1.27128,1.2728,11263
2023-08-07 12:00:00,1.27277,1.27721,1.27169,1.27718,10751
2023-08-07 16:00:00,1.27722,1.2787,1.27545,1.27747,11846
2023-08-07 20:00:00,1.27747,1.27892,1.27678,1.27839,4944
2023-08-08 00:00:00,1.27832,1.27854,1.27714,1.27736,4288
2023-08-08 04:00:00,1.27735,1.27736,1.27512,1.2762,8495
2023-08-08 08:00:00,1.27621,1.27723,1.2738,1.27528,12916
2023-08-08 12:00:00,1.27528,1.27545,1.26842,1.26976,13478
2023-08-08 16:00:00,1.26974,1.27431,1.26869,1.27329,13909
2023-08-08 20:00:00,1.27328,1.27514,1.2731,1.27483,6670
2023-08-09 00:00:00,1.27467,1.275,1.27328,1.27409,4761
2023-08-09 04:00:00,1.27409,1.27595,1.27394,1.27571,7701
2023-08-09 08:00:00,1.27572,1.27822,1.27487,1.27542,11032
2023-08-09 12:00:00,1.27542,1.27553,1.2712,1.27295,10887
2023-08-09 16:00:00,1.27294,1.27514,1.2712,1.2723,12732
2023-08-09 20:00:00,1.27231,1.27378,1.27169,1.27173,6361
2023-08-10 00:00:00,1.27185,1.27207,1.27104,1.27132,3712
2023-08-10 04:00:00,1.27131,1.27234,1.27075,1.27121,6973
2023-08-10 08:00:00,1.27123,1.27696,1.27119,1.27566,10585
2023-08-10 12:00:00,1.27566,1.28186,1.27539,1.27814,12387
2023-08-10 16:00:00,1.27809,1.27857,1.27054,1.27154,19514
2023-08-10 20:00:00,1.27153,1.27167,1.26696,1.26749,11984
2023-08-11 00:00:00,1.26737,1.26816,1.26657,1.26814,3828
2023-08-11 04:00:00,1.26816,1.26907,1.26778,1.26819,6198
2023-08-11 08:00:00,1.26819,1.2723,1.26795,1.27059,12570
2023-08-11 12:00:00,1.27059,1.27386,1.26818,1.2686,14000
2023-08-11 16:00:00,1.26858,1.27286,1.26818,1.26909,16641
2023-08-11 20:00:00,1.26908,1.27026,1.26855,1.26978,6704
2023-08-14 00:00:00,1.26913,1.27011,1.26794,1.26824,6000
2023-08-14 04:00:00,1.26823,1.26864,1.26664,1.26715,9825
2023-08-14 08:00:00,1.26715,1.27077,1.26699,1.26978,13152
2023-08-14 12:00:00,1.26979,1.27149,1.26452,1.26568,12421
2023-08-14 16:00:00,1.26568,1.27065,1.26166,1.26969,16356
2023-08-14 20:00:00,1.26969,1.27016,1.26731,1.26867,6951
2023-08-15 00:00:00,1.26748,1.2689,1.26748,1.26836,3643
2023-08-15 04:00:00,1.26838,1.26934,1.2675,1.2685,8467
2023-08-15 08:00:00,1.26851,1.27202,1.2679,1.2712,13245
2023-08-15 12:00:00,1.27119,1.27298,1.2681,1.27158,15784
2023-08-15 16:00:00,1.2716,1.27525,1.27078,1.27237,19474
2023-08-15 20:00:00,1.27237,1.27254,1.26943,1.27037,8187
2023-08-16 00:00:00,1.27032,1.27037,1.26922,1.26961,4163
2023-08-16 04:00:00,1.26961,1.27072,1.26868,1.27071,10282
2023-08-16 08:00:00,1.27071,1.27662,1.26993,1.2758,12123
2023-08-16 12:00:00,1.27578,1.27665,1.27211,1.27211,10252
2023-08-16 16:00:00,1.27213,1.27606,1.27183,1.27331,14027
2023-08-16 20:00:00,1.27331,1.275,1.27114,1.27318,10983
2023-08-17 00:00:00,1.27295,1.27328,1.27159,1.27208,4620
2023-08-17 04:00:00,1.27209,1.27233,1.27114,1.27232,9801
2023-08-17 08:00:00,1.27232,1.27437,1.27094,1.27123,12209
2023-08-17 12:00:00,1.2712,1.27836,1.27029,1.27708,15907
2023-08-17 16:00:00,1.27706,1.27874,1.27374,1.276,17095
2023-08-17 20:00:00,1.276,1.27606,1.27271,1.27472,9567
2023-08-18 00:00:00,1.27456,1.2759,1.27399,1.27519,4833
2023-08-18 04:00:00,1.27518,1.27662,1.27425,1.2745,10566
2023-08-18 08:00:00,1.2745,1.27521,1.27072,1.27188,13004
2023-08-18 12:00:00,1.2719,1.27422,1.26892,1.27108,12959
2023-08-18 16:00:00,1.27108,1.27492,1.27077,1.2745,15006
2023-08-18 20:00:00,1.2745,1.27562,1.27276,1.27315,6488
2023-08-21 00:00:00,1.2727,1.27505,1.27244,1.27464,5020
2023-08-21 04:00:00,1.27463,1.27463,1.27299,1.27385,10444
2023-08-21 08:00:00,1.27386,1.27453,1.27105,1.27209,12801
2023-08-21 12:00:00,1.27209,1.27648,1.27204,1.27517,11629
2023-08-21 16:00:00,1.27518,1.27573,1.27226,1.27568,15091
2023-08-21 20:00:00,1.27568,1.27668,1.27509,1.27569,7025
2023-08-22 00:00:00,1.27539,1.27655,1.27462,1.2763,4572
2023-08-22 04:00:00,1.2763,1.27775,1.27576,1.27696,9649
2023-08-22 08:00:00,1.277,1.28003,1.27691,1.27817,11162
2023-08-22 12:00:00,1.27817,1.27919,1.27414,1.27424,11430
2023-08-22 16:00:00,1.27422,1.27533,1.27186,1.27352,14617
2023-08-22 20:00:00,1.27352,1.27434,1.2728,1.27316,4652
2023-08-23 00:00:00,1.27321,1.27412,1.27235,1.27343,3693
2023-08-23 04:00:00,1.27343,1.27508,1.27333,1.27508,7395
2023-08-23 08:00:00,1.27508,1.27646,1.26715,1.26785,14968
2023-08-23 12:00:00,1.26787,1.26798,1.26145,1.26308,14850
2023-08-23 16:00:00,1.26308,1.27259,1.26307,1.2721,16287
2023-08-23 20:00:00,1.2721,1.27329,1.27085,1.27243,6719
2023-08-24 00:00:00,1.27206,1.27284,1.27099,1.27193,5421
2023-08-24 04:00:00,1.27193,1.27217,1.27058,1.272,9377
2023-08-24 08:00:00,1.27202,1.2728,1.26915,1.26986,10927
2023-08-24 12:00:00,1.26986,1.27036,1.26265,1.26359,12476
2023-08-24 16:00:00,1.2636,1.26628,1.2621,1.26235,14964
2023-08-24 20:00:00,1.26232,1.26242,1.25912,1.2601,5228
2023-08-25 00:00:00,1.25985,1.26044,1.25858,1.25901,4840
2023-08-25 04:00:00,1.25901,1.25912,1.25598,1.25646,8259
2023-08-25 08:00:00,1.25646,1.25922,1.25607,1.25865,10921
2023-08-25 12:00:00,1.25862,1.26236,1.25816,1.26199,9554
2023-08-25 16:00:00,1.26199,1.26541,1.25479,1.25816,21074
2023-08-25 20:00:00,1.25818,1.26013,1.2575,1.25773,7704
2023-08-28 00:00:00,1.2578,1.25993,1.25688,1.25941,5474
2023-08-28 04:00:00,1.25941,1.26043,1.25925,1.25997,7637
2023-08-28 08:00:00,1.25997,1.26108,1.25689,1.25763,8752
2023-08-28 12:00:00,1.25763,1.25947,1.25654,1.25943,9205
2023-08-28 16:00:00,1.25932,1.25997,1.25727,1.25951,12644
2023-08-28 20:00:00,1.2595,1.26077,1.25926,1.26026,6713
2023-08-29 00:00:00,1.26013,1.26189,1.25927,1.2614,4066
2023-08-29 04:00:00,1.2614,1.26324,1.26136,1.26229,7155
2023-08-29 08:00:00,1.26229,1.26358,1.26055,1.26118,11483
2023-08-29 12:00:00,1.26116,1.26172,1.25627,1.2574,13237
2023-08-29 16:00:00,1.25735,1.26339,1.2563,1.26205,19545
2023-08-29 20:00:00,1.26207,1.26551,1.26205,1.26435,9038
2023-08-30 00:00:00,1.26427,1.26502,1.26326,1.26407,4223
2023-08-30 04:00:00,1.26406,1.26424,1.26221,1.26227,7059
2023-08-30 08:00:00,1.26228,1.26477,1.26188,1.26381,12488
2023-08-30 12:00:00,1.26381,1.2721,1.26356,1.27137,14854
2023-08-30 16:00:00,1.27132,1.27461,1.27022,1.27163,16984
2023-08-30 20:00:00,1.27163,1.27292,1.27067,1.27211,7574
2023-08-31 00:00:00,1.27207,1.2723,1.27092,1.27202,5180
2023-08-31 04:00:00,1.27203,1.27346,1.27191,1.27234,5817
2023-08-31 08:00:00,1.27234,1.27244,1.26945,1.26954,11520
2023-08-31 12:00:00,1.2695,1.26973,1.26636,1.26852,14986
2023-08-31 16:00:00,1.2685,1.26875,1.26527,1.2663,16963
2023-08-31 20:00:00,1.26636,1.26744,1.26607,1.26725,7266
2023-09-01 00:00:00,1.2673,1.2676,1.26584,1.26631,3585
2023-09-01 04:00:00,1.26631,1.26833,1.26591,1.26685,7547
2023-09-01 08:00:00,1.26685,1.26897,1.264,1.26751,10557
2023-09-01 12:00:00,1.26749,1.27129,1.2669,1.26921,12969
2023-09-01 16:00:00,1.26927,1.2703,1.25772,1.25888,21427
2023-09-01 20:00:00,1.25887,1.25991,1.25848,1.25869,6005
2023-09-04 00:00:00,1.2586,1.25987,1.25844,1.25958,3110
2023-09-04 04:00:00,1.25958,1.26077,1.25886,1.26074,6565
2023-09-04 08:00:00,1.26076,1.2634,1.26056,1.26324,8639
2023-09-04 12:00:00,1.26324,1.26428,1.26216,1.26255,7470
2023-09-04 16:00:00,1.26257,1.26394,1.26152,1.26288,6346
2023-09-04 20:00:00,1.26288,1.26331,1.26271,1.26286,2416
2023-09-05 00:00:00,1.26183,1.26307,1.26165,1.26297,2768
2023-09-05 04:00:00,1.26301,1.26321,1.26125,1.26262,6901
2023-09-05 08:00:00,1.26262,1.26282,1.25279,1.25349,13670
2023-09-05 12:00:00,1.25347,1.25786,1.25334,1.25756,12922
2023-09-05 16:00:00,1.25762,1.25871,1.25471,1.25769,17354
2023-09-05 20:00:00,1.25769,1.25804,1.25585,1.25659,6275
2023-09-06 00:00:00,1.25634,1.2573,1.25535,1.25574,2634
2023-09-06 04:00:00,1.25574,1.25744,1.25496,1.25744,6599
2023-09-06 08:00:00,1.2575,1.2588,1.25466,1.25598,12746
2023-09-06 12:00:00,1.25598,1.25673,1.2541,1.25549,12780
2023-09-06 16:00:00,1.25548,1.25589,1.24817,1.2502,18309
2023-09-06 20:00:00,1.2502,1.25111,1.24997,1.25064,5925
2023-09-07 00:00:00,1.25034,1.25066,1.24925,1.2496,3623
2023-09-07 04:00:00,1.24959,1.25063,1.24911,1.24977,6834
2023-09-07 08:00:00,1.24979,1.25083,1.24577,1.2478,13216
2023-09-07 12:00:00,1.24782,1.24878,1.24458,1.24622,12723
2023-09-07 16:00:00,1.24622,1.24899,1.24475,1.24751,14561
2023-09-07 20:00:00,1.24748,1.24872,1.24676,1.2471,6842
2023-09-08 00:00:00,1.24716,1.24933,1.24645,1.24911,3979
2023-09-08 04:00:00,1.24911,1.25015,1.24738,1.24902,6889
2023-09-08 08:00:00,1.24904,1.251,1.24784,1.24867,11104
2023-09-08 12:00:00,1.24859,1.24984,1.24669,1.24798,12176
2023-09-08 16:00:00,1.24798,1.25143,1.24593,1.24621,14312
2023-09-08 20:00:00,1.2462,1.24702,1.24512,1.24619,7346
2023-09-11 00:00:00,1.24923,1.24941,1.24628,1.24868,5906
2023-09-11 04:00:00,1.24868,1.252,1.24824,1.25186,7639
2023-09-11 08:00:00,1.25187,1.25304,1.25101,1.25196,11009
2023-09-11 12:00:00,1.25196,1.25372,1.25009,1.25272,11137
2023-09-11 16:00:00,1.25272,1.2548,1.25208,1.25218,13943
2023-09-11 20:00:00,1.25217,1.2522,1.25075,1.25086,6631
2023-09-12 00:00:00,1.25089,1.2514,1.25035,1.2506,3331
2023-09-12 04:00:00,1.25059,1.25229,1.25009,1.25108,7040
2023-09-12 08:00:00,1.25102,1.25299,1.24629,1.2467,12212
2023-09-12 12:00:00,1.24671,1.24838,1.24596,1.24682,10635
2023-09-12 16:00:00,1.24676,1.24918,1.24611,1.24779,11519
2023-09-12 20:00:00,1.24782,1.24987,1.24759,1.24927,7288
2023-09-13 00:00:00,1.24863,1.25006,1.2479,1.24939,3877
2023-09-13 04:00:00,1.2494,1.25021,1.24808,1.24943,7827
2023-09-13 08:00:00,1.24952,1.2498,1.24414,1.24774,13130
2023-09-13 12:00:00,1.24773,1.24992,1.24343,1.24859,14866
2023-09-13 16:00:00,1.24856,1.25119,1.24718,1.24952,17156
2023-09-13 20:00:00,1.24951,1.25063,1.2481,1.249,6525
2023-09-14 00:00:00,1.24871,1.25035,1.24799,1.25021,3523
2023-09-14 04:00:00,1.25021,1.25042,1.24854,1.2501,6326
2023-09-14 08:00:00,1.25012,1.25062,1.24794,1.24867,8912
2023-09-14 12:00:00,1.24866,1.24866,1.24149,1.24394,15308
2023-09-14 16:00:00,1.24398,1.24605,1.2401,1.24145,18778
2023-09-14 20:00:00,1.24142,1.24173,1.23963,1.24098,7081
2023-09-15 00:00:00,1.24083,1.24114,1.23994,1.24114,3257
2023-09-15 04:00:00,1.24114,1.243,1.24014,1.24286,7344
2023-09-15 08:00:00,1.24286,1.24459,1.24161,1.24396,10609
2023-09-15 12:00:00,1.24397,1.24403,1.23902,1.23906,10218
2023-09-15 16:00:00,1.23907,1.24254,1.2385,1.23994,16485
2023-09-15 20:00:00,1.23994,1.23995,1.23787,1.23833,6729
2023-09-18 00:00:00,1.23762,1.24022,1.2374,1.23999,3142
2023-09-18 04:00:00,1.23999,1.24041,1.23864,1.2396,6031
2023-09-18 08:00:00,1.23961,1.24048,1.23702,1.23806,8192
2023-09-18 12:00:00,1.23806,1.24105,1.23774,1.2381,7876
2023-09-18 16:00:00,1.2381,1.2405,1.2373,1.23952,10793
2023-09-18 20:00:00,1.23952,1.23993,1.23746,1.23852,4783
2023-09-19 00:00:00,1.23798,1.23915,1.23774,1.23821,3012
2023-09-19 04:00:00,1.2382,1.23835,1.23752,1.23784,3881
2023-09-19 08:00:00,1.23784,1.23927,1.23699,1.23761,8224
2023-09-19 12:00:00,1.23761,1.24247,1.23713,1.24054,10103
2023-09-19 16:00:00,1.24054,1.2407,1.23823,1.2387,12315
2023-09-19 20:00:00,1.2387,1.23968,1.23861,1.23915,6114
2023-09-20 00:00:00,1.23916,1.2397,1.23826,1.239,2707
2023-09-20 04:00:00,1.239,1.23936,1.23825,1.23884,6245
2023-09-20 08:00:00,1.23886,1.23957,1.23339,1.23688,11646
2023-09-20 12:00:00,1.23688,1.23805,1.23576,1.23766,8162
2023-09-20 16:00:00,1.23766,1.24216,1.23756,1.2417,11896
2023-09-20 20:00:00,1.2417,1.2417,1.2332,1.23442,15789
2023-09-21 00:00:00,1.23411,1.23464,1.23106,1.23134,4656
2023-09-21 04:00:00,1.23135,1.23252,1.23044,1.23201,5355
2023-09-21 08:00:00,1.23204,1.23316,1.22949,1.23043,10316
2023-09-21 12:00:00,1.23043,1.2308,1.22316,1.22674,14171
2023-09-21 16:00:00,1.22675,1.23068,1.22576,1.22967,14042
2023-09-21 20:00:00,1.22967,1.23076,1.22882,1.22944,6303
2023-09-22 00:00:00,1.22946,1.2296,1.22813,1.22863,3122
2023-09-22 04:00:00,1.22862,1.22863,1.22728,1.22845,6684
2023-09-22 08:00:00,1.22845,1.22884,1.22368,1.22529,13174
2023-09-22 12:00:00,1.22531,1.2267,1.2233,1.22571,9856
2023-09-22 16:00:00,1.22571,1.22848,1.22504,1.22517,12565
2023-09-22 20:00:00,1.22516,1.22591,1.22305,1.22359,5446
2023-09-25 00:00:00,1.22472,1.22494,1.22341,1.22488,6502
2023-09-25 04:00:00,1.22487,1.22495,1.22366,1.22418,5501
2023-09-25 08:00:00,1.22418,1.22502,1.2218,1.22202,9386
2023-09-25 12:00:00,1.22202,1.22434,1.22125,1.2217,9729
2023-09-25 16:00:00,1.2217,1.22206,1.21936,1.22115,13207
2023-09-25 20:00:00,1.22116,1.2222,1.22054,1.22101,5766
2023-09-26 00:00:00,1.22116,1.22155,1.2201,1.22057,3383
2023-09-26 04:00:00,1.22057,1.22089,1.21935,1.22053,6999
2023-09-26 08:00:00,1.22053,1.22072,1.21672,1.21847,11512
2023-09-26 12:00:00,1.21846,1.21942,1.21699,1.21911,10704
2023-09-26 16:00:00,1.21911,1.2192,1.21592,1.21711,13089
2023-09-26 20:00:00,1.2171,1.2176,1.21522,1.21565,5425
2023-09-27 00:00:00,1.21588,1.21604,1.21409,1.21425,3156
2023-09-27 04:00:00,1.21425,1.21574,1.21399,1.21469,6040
2023-09-27 08:00:00,1.21467,1.21642,1.2136,1.21496,9207
2023-09-27 12:00:00,1.21494,1.2156,1.2131,1.21448,10904
2023-09-27 16:00:00,1.21442,1.21591,1.21168,1.21244,14300
2023-09-27 20:00:00,1.21244,1.21531,1.21103,1.2135,9933
2023-09-28 00:00:00,1.21343,1.21445,1.21261,1.21441,4480
2023-09-28 04:00:00,1.21441,1.21452,1.213,1.21406,6915
2023-09-28 08:00:00,1.21406,1.21744,1.212,1.21714,11230
2023-09-28 12:00:00,1.21715,1.22234,1.21709,1.21778,12568
2023-09-28 16:00:00,1.21776,1.22244,1.21753,1.21995,17145
2023-09-28 20:00:00,1.21996,1.22052,1.21879,1.22036,8670
2023-09-29 00:00:00,1.21981,1.22109,1.21914,1.22014,2460
2023-09-29 04:00:00,1.22014,1.22283,1.21992,1.22222,5347
2023-09-29 08:00:00,1.22222,1.22544,1.22197,1.22352,11129
2023-09-29 12:00:00,1.22351,1.22717,1.22316,1.22596,12382
2023-09-29 16:00:00,1.22593,1.2263,1.21804,1.22055,17606
2023-09-29 20:00:00,1.22051,1.22079,1.2186,1.22029,9007
2023-10-02 00:00:00,1.21791,1.22061,1.21791,1.21882,4216
2023-10-02 04:00:00,1.21882,1.21955,1.21862,1.21867,5471
2023-10-02 08:00:00,1.21863,1.222,1.21756,1.21873,9965
2023-10-02 12:00:00,1.21871,1.21879,1.21482,1.21513,10340
2023-10-02 16:00:00,1.21511,1.21522,1.21077,1.21079,16633
2023-10-02 20:00:00,1.21079,1.21272,1.20861,1.20866,8569
2023-10-03 00:00:00,1.20871,1.2093,1.20777,1.20862,4180
2023-10-03 04:00:00,1.20862,1.20878,1.20611,1.20641,6392
2023-10-03 08:00:00,1.20641,1.20968,1.20613,1.20874,9563
2023-10-03 12:00:00,1.20874,1.20888,1.20524,1.20738,11284
2023-10-03 16:00:00,1.20742,1.21016,1.20531,1.2075,21262
2023-10-03 20:00:00,1.2075,1.20915,1.20693,1.20767,8862
2023-10-04 00:00:00,1.20684,1.20842,1.20682,1.20803,3467
2023-10-04 04:00:00,1.208,1.2082,1.20603,1.20818,5732
2023-10-04 08:00:00,1.20819,1.21158,1.20373,1.21138,10253
2023-10-04 12:00:00,1.21139,1.21769,1.21129,1.21698,13346
2023-10-04 16:00:00,1.21699,1.21737,1.21066,1.21518,16859
2023-10-04 20:00:00,1.21513,1.21567,1.21304,1.21353,8204
2023-10-05 00:00:00,1.21342,1.21514,1.21312,1.21498,3382
2023-10-05 04:00:00,1.21495,1.21632,1.21491,1.21562,6208
2023-10-05 08:00:00,1.21559,1.2162,1.21159,1.21223,9364
2023-10-05 12:00:00,1.21224,1.21562,1.21075,1.21309,12152
2023-10-05 16:00:00,1.21309,1.21877,1.2126,1.21796,16502
2023-10-05 20:00:00,1.21797,1.2196,1.21698,1.21925,7328
2023-10-06 00:00:00,1.2191,1.21934,1.21808,1.21811,3106
2023-10-06 04:00:00,1.2181,1.2189,1.21762,1.2177,5206
2023-10-06 08:00:00,1.21769,1.22068,1.21642,1.21987,9606
2023-10-06 12:00:00,1.21988,1.22199,1.2106,1.21227,13805
2023-10-06 16:00:00,1.21228,1.22613,1.21169,1.22341,23157
2023-10-06 20:00:00,1.22341,1.22553,1.22308,1.22376,7206
2023-10-09 00:00:00,1.22011,1.22245,1.21946,1.22226,5714
2023-10-09 04:00:00,1.22226,1.22237,1.21919,1.21937,6214
2023-10-09 08:00:00,1.21942,1.2217,1.21638,1.21779,11768
2023-10-09 12:00:00,1.2178,1.21909,1.21628,1.21837,9857
2023-10-09 16:00:00,1.21837,1.22205,1.21836,1.21974,11972
2023-10-09 20:00:00,1.21976,1.22442,1.21974,1.22372,6827
2023-10-10 00:00:00,1.22364,1.2255,1.22303,1.22473,4704
2023-10-10 04:00:00,1.22475,1.22567,1.22244,1.22265,5741
2023-10-10 08:00:00,1.22265,1.22756,1.22116,1.22708,12884
2023-10-10 12:00:00,1.22711,1.22758,1.22349,1.22496,13798
2023-10-10 16:00:00,1.22488,1.22916,1.22384,1.2291,15419
2023-10-10 20:00:00,1.2291,1.22915,1.22637,1.22854,7902
2023-10-11 00:00:00,1.22859,1.23037,1.22711,1.22985,3484
2023-10-11 04:00:00,1.22985,1.23012,1.22872,1.22926,5523
2023-10-11 08:00:00,1.22926,1.23039,1.22696,1.22806,12320
2023-10-11 12:00:00,1.22806,1.23157,1.22678,1.23124,14406
2023-10-11 16:00:00,1.23125,1.23374,1.22886,1.22966,17370
2023-10-11 20:00:00,1.22964,1.23144,1.22751,1.23127,9356
2023-10-12 00:00:00,1.23131,1.23196,1.22991,1.23131,3434
2023-10-12 04:00:00,1.2313,1.23229,1.23107,1.23191,5353
2023-10-12 08:00:00,1.23191,1.23316,1.22927,1.2296,10924
2023-10-12 12:00:00,1.22963,1.23146,1.22516,1.22625,12507
2023-10-12 16:00:00,1.22626,1.22702,1.21988,1.22012,16867
2023-10-12 20:00:00,1.22007,1.22022,1.21718,1.21749,9811
2023-10-13 00:00:00,1.21725,1.21895,1.21712,1.21876,3235
2023-10-13 04:00:00,1.21875,1.2208,1.21863,1.22031,5093
2023-10-13 08:00:00,1.22032,1.22251,1.2185,1.22138,10753
2023-10-13 12:00:00,1.22138,1.22142,1.21598,1.21888,14565
2023-10-13 16:00:00,1.21886,1.21939,1.21314,1.21366,15956
2023-10-13 20:00:00,1.2137,1.21418,1.21227,1.21386,7472
2023-10-16 00:00:00,1.21302,1.21575,1.21253,1.21469,4379
2023-10-16 04:00:00,1.21469,1.21618,1.21469,1.21602,4478
2023-10-16 08:00:00,1.21602,1.21782,1.21517,1.21596,11048
2023-10-16 12:00:00,1.21586,1.21845,1.21428,1.21764,12090
2023-10-16 16:00:00,1.21764,1.22052,1.21534,1.21999,13542
2023-10-16 20:00:00,1.21999,1.22195,1.21987,1.2217,6402
2023-10-17 00:00:00,1.22049,1.22164,1.22024,1.22095,3416
2023-10-17 04:00:00,1.22095,1.22096,1.21931,1.21968,5326
2023-10-17 08:00:00,1.21972,1.22008,1.21498,1.2155,11304
2023-10-17 12:00:00,1.2155,1.21912,1.21332,1.2141,14753
2023-10-17 16:00:00,1.21407,1.22122,1.21368,1.21918,17601
2023-10-17 20:00:00,1.21917,1.21934,1.21711,1.21829,7977
2023-10-18 00:00:00,1.21813,1.2184,1.21583,1.21628,3734
2023-10-18 04:00:00,1.21628,1.2184,1.21589,1.21806,6830
2023-10-18 08:00:00,1.21806,1.22111,1.21777,1.21996,12142
2023-10-18 12:00:00,1.21996,1.22105,1.21715,1.21765,13506
2023-10-18 16:00:00,1.21766,1.21866,1.21378,1.2153,17423
2023-10-18 20:00:00,1.2153,1.21765,1.21372,1.21407,10936
2023-10-19 00:00:00,1.21397,1.21465,1.21365,1.21416,3891
2023-10-19 04:00:00,1.21418,1.21452,1.2124,1.21257,6976
2023-10-19 08:00:00,1.21257,1.21451,1.21022,1.21068,11979
2023-10-19 12:00:00,1.21068,1.21448,1.20899,1.21415,12810
2023-10-19 16:00:00,1.2142,1.2192,1.21256,1.21744,22186
2023-10-19 20:00:00,1.21744,1.21831,1.21382,1.21429,15831
2023-10-20 00:00:00,1.21431,1.21453,1.21225,1.21259,4388
2023-10-20 04:00:00,1.21258,1.21448,1.2118,1.21343,6950
2023-10-20 08:00:00,1.21344,1.21384,1.20933,1.2124,13563
2023-10-20 12:00:00,1.2124,1.21496,1.21137,1.21408,12557
2023-10-20 16:00:00,1.21404,1.21612,1.21314,1.21543,16143
2023-10-20 20:00:00,1.21543,1.21705,1.21494,1.21638,10137
2023-10-23 00:00:00,1.21502,1.21665,1.2148,1.21623,4106
2023-10-23 04:00:00,1.21623,1.21623,1.21442,1.21494,5421
2023-10-23 08:00:00,1.21494,1.2185,1.21456,1.2162,11046
2023-10-23 12:00:00,1.21619,1.21827,1.21434,1.21644,12310
2023-10-23 16:00:00,1.21643,1.2237,1.21504,1.22338,15510
2023-10-23 20:00:00,1.22338,1.22588,1.22278,1.22468,8225
2023-10-24 00:00:00,1.22455,1.2257,1.22352,1.22552,3753
2023-10-24 04:00:00,1.22552,1.2274,1.22486,1.22653,8050
2023-10-24 08:00:00,1.22654,1.22888,1.22434,1.22638,12591
2023-10-24 12:00:00,1.22632,1.22634,1.21977,1.22034,12228
2023-10-24 16:00:00,1.22034,1.22072,1.21534,1.21585,16090
2023-10-24 20:00:00,1.21582,1.21678,1.21558,1.21606,7709
2023-10-25 00:00:00,1.21593,1.2169,1.21562,1.21662,4344
2023-10-25 04:00:00,1.21662,1.21754,1.21638,1.21751,5933
2023-10-25 08:00:00,1.21751,1.21761,1.21335,1.21384,10138
2023-10-25 12:00:00,1.21382,1.21388,1.21138,1.21306,10011
2023-10-25 16:00:00,1.21306,1.21561,1.21221,1.21274,16040
2023-10-25 20:00:00,1.21274,1.21304,1.21062,1.21113,9100
2023-10-26 00:00:00,1.21104,1.2112,1.20878,1.20906,4362
2023-10-26 04:00:00,1.20906,1.20994,1.20769,1.20798,6938
2023-10-26 08:00:00,1.20798,1.20962,1.20695,1.20794,10635
2023-10-26 12:00:00,1.20794,1.21245,1.20744,1.21245,12127
2023-10-26 16:00:00,1.21254,1.21334,1.20979,1.21045,17256
2023-10-26 20:00:00,1.21045,1.21396,1.21042,1.21273,9636
2023-10-27 00:00:00,1.21283,1.21392,1.21193,1.21274,3533
2023-10-27 04:00:00,1.21272,1.21393,1.21224,1.21378,5451
2023-10-27 08:00:00,1.21378,1.21416,1.21118,1.2128,9931
2023-10-27 12:00:00,1.2128,1.21475,1.21055,1.21311,11250
2023-10-27 16:00:00,1.2131,1.21626,1.21242,1.21318,16779
2023-10-27 20:00:00,1.21316,1.2132,1.21106,1.21165,11516
2023-10-30 00:00:00,1.21269,1.21269,1.21065,1.21105,4403
2023-10-30 04:00:00,1.21104,1.21218,1.21068,1.21163,5482
2023-10-30 08:00:00,1.21162,1.21334,1.20902,1.21048,8476
2023-10-30 12:00:00,1.21048,1.21449,1.21048,1.21428,10759
2023-10-30 16:00:00,1.21432,1.2165,1.21202,1.21494,15470
2023-10-30 20:00:00,1.21496,1.21748,1.2142,1.21692,6719
2023-10-31 00:00:00,1.21655,1.21691,1.21571,1.216,3502
2023-10-31 04:00:00,1.216,1.21608,1.2137,1.21406,7808
2023-10-31 08:00:00,1.21404,1.2174,1.21389,1.21722,9483
2023-10-31 12:00:00,1.21724,1.22007,1.2156,1.21592,12198
2023-10-31 16:00:00,1.21585,1.21594,1.21196,1.21341,17495
2023-10-31 20:00:00,1.21341,1.21556,1.21333,1.21472,8322
2023-11-01 00:00:00,1.21537,1.21546,1.21344,1.21393,4024
2023-11-01 04:00:00,1.21393,1.21486,1.21342,1.21378,6794
2023-11-01 08:00:00,1.21378,1.21614,1.21318,1.21443,8681
2023-11-01 12:00:00,1.21442,1.21545,1.21197,1.21222,13111
2023-11-01 16:00:00,1.21216,1.21646,1.20959,1.21218,19357
2023-11-01 20:00:00,1.21217,1.21568,1.20975,1.21518,17224
2023-11-02 00:00:00,1.21499,1.2194,1.21339,1.21938,5466
2023-11-02 04:00:00,1.21942,1.21966,1.21779,1.21782,6498
2023-11-02 08:00:00,1.21782,1.21856,1.21556,1.2164,9522
2023-11-02 12:00:00,1.21639,1.22258,1.21575,1.22153,15174
2023-11-02 16:00:00,1.22155,1.22256,1.21676,1.21794,17632
2023-11-02 20:00:00,1.21794,1.22096,1.21778,1.2204,8481
2023-11-03 00:00:00,1.22013,1.22063,1.2185,1.21894,3693
2023-11-03 04:00:00,1.21891,1.22046,1.21848,1.22006,6184
2023-11-03 08:00:00,1.22006,1.22138,1.21861,1.2194,8086
2023-11-03 12:00:00,1.2194,1.23176,1.21908,1.23131,14090
2023-11-03 16:00:00,1.2313,1.23867,1.22981,1.23826,21621
2023-11-03 20:00:00,1.23825,1.23898,1.23721,1.23792,8892
2023-11-06 00:00:00,1.23623,1.23774,1.236,1.23694,5135
2023-11-06 04:00:00,1.23694,1.23817,1.23691,1.23784,5463
2023-11-06 08:00:00,1.23784,1.24239,1.23768,1.23985,10553
2023-11-06 12:00:00,1.23986,1.24286,1.2383,1.2385,11011
2023-11-06 16:00:00,1.23851,1.24011,1.23702,1.23714,11970
2023-11-06 20:00:00,1.23712,1.23728,1.23382,1.23441,7291
2023-11-07 00:00:00,1.23442,1.23473,1.23343,1.23386,4536
2023-11-07 04:00:00,1.23386,1.23416,1.23268,1.23339,6529
2023-11-07 08:00:00,1.23339,1.23371,1.23018,1.23037,10316
2023-11-07 12:00:00,1.23037,1.23128,1.22756,1.23007,11463
2023-11-07 16:00:00,1.23008,1.2312,1.22625,1.2272,13579
2023-11-07 20:00:00,1.2272,1.2307,1.22696,1.22992,7943
2023-11-08 00:00:00,1.22998,1.23017,1.22782,1.22852,4959
2023-11-08 04:00:00,1.22854,1.22963,1.22742,1.22754,6361
2023-11-08 08:00:00,1.22754,1.22787,1.22419,1.22483,10814
2023-11-08 12:00:00,1.22484,1.22688,1.2243,1.22644,10393
2023-11-08 16:00:00,1.22642,1.23012,1.2262,1.22924,14744
2023-11-08 20:00:00,1.22924,1.23017,1.22814,1.2285,9765
2023-11-09 00:00:00,1.22815,1.22926,1.22748,1.22882,5197
2023-11-09 04:00:00,1.22882,1.2294,1.2278,1.22783,5674
2023-11-09 08:00:00,1.22782,1.23089,1.22698,1.23002,11233
2023-11-09 12:00:00,1.22999,1.2305,1.22522,1.2272,12215
2023-11-09 16:00:00,1.22723,1.22953,1.22642,1.22666,15541
2023-11-09 20:00:00,1.22667,1.22688,1.22128,1.22227,16626
2023-11-10 00:00:00,1.22211,1.22283,1.22118,1.22244,5067
2023-11-10 04:00:00,1.22242,1.22292,1.22194,1.22264,5109
2023-11-10 08:00:00,1.22265,1.2238,1.22065,1.22173,11131
2023-11-10 12:00:00,1.22172,1.22304,1.22003,1.22242,11858
2023-11-10 16:00:00,1.22242,1.2225,1.21873,1.2217,14842
2023-11-10 20:00:00,1.2217,1.22314,1.22128,1.22262,7113
2023-11-13 00:00:00,1.22053,1.22358,1.22053,1.22355,4160
2023-11-13 04:00:00,1.22356,1.2236,1.22232,1.22302,4515
2023-11-13 08:00:00,1.22302,1.22534,1.22282,1.22436,8842
2023-11-13 12:00:00,1.22436,1.22555,1.22354,1.22465,8795
2023-11-13 16:00:00,1.22467,1.22771,1.22296,1.22683,12048
2023-11-13 20:00:00,1.22684,1.22802,1.22618,1.22782,6003
2023-11-14 00:00:00,1.22783,1.22808,1.22642,1.22732,4315
2023-11-14 04:00:00,1.22732,1.22762,1.22655,1.2269,3743
2023-11-14 08:00:00,1.22689,1.23032,1.22683,1.2302,9372
2023-11-14 12:00:00,1.23023,1.24072,1.22733,1.24013,12238
2023-11-14 16:00:00,1.2401,1.24929,1.24007,1.24926,19623
2023-11-14 20:00:00,1.24926,1.2506,1.24838,1.24981,6107
2023-11-15 00:00:00,1.24976,1.24996,1.24792,1.24846,4980
2023-11-15 04:00:00,1.24847,1.24977,1.24803,1.24888,5260
2023-11-15 08:00:00,1.2489,1.24939,1.24535,1.24628,11807
2023-11-15 12:00:00,1.24628,1.24797,1.24255,1.24426,12747
2023-11-15 16:00:00,1.24426,1.24541,1.24038,1.24229,16575
2023-11-15 20:00:00,1.24229,1.2423,1.24068,1.24163,7542
2023-11-16 00:00:00,1.24161,1.24243,1.24004,1.24036,4379
2023-11-16 04:00:00,1.24036,1.24043,1.23802,1.2395,4979
2023-11-16 08:00:00,1.2395,1.24136,1.23764,1.2401,10154
2023-11-16 12:00:00,1.24006,1.24414,1.2382,1.24412,11561
2023-11-16 16:00:00,1.24413,1.2456,1.24109,1.24254,16394
2023-11-16 20:00:00,1.24254,1.24315,1.24059,1.24144,6373
2023-11-17 00:00:00,1.24132,1.24224,1.23997,1.24132,3835
2023-11-17 04:00:00,1.24132,1.24164,1.2404,1.24142,5264
2023-11-17 08:00:00,1.24144,1.24186,1.2374,1.24099,11958
2023-11-17 12:00:00,1.24098,1.24401,1.24082,1.24214,12507
2023-11-17 16:00:00,1.24214,1.24374,1.24051,1.24358,15773
2023-11-17 20:00:00,1.24358,1.2465,1.24333,1.24622,6884
2023-11-20 00:00:00,1.24432,1.24696,1.24395,1.24684,5834
2023-11-20 04:00:00,1.24684,1.24957,1.24667,1.24804,7551
2023-11-20 08:00:00,1.24806,1.25102,1.24713,1.25102,12179
2023-11-20 12:00:00,1.25102,1.25102,1.24614,1.24733,10235
2023-11-20 16:00:00,1.24734,1.25177,1.24622,1.25006,12088
2023-11-20 20:00:00,1.25006,1.25174,1.24984,1.2505,7314
2023-11-21 00:00:00,1.25042,1.2525,1.24956,1.25173,5767
2023-11-21 04:00:00,1.25164,1.254,1.25127,1.25264,7427
2023-11-21 08:00:00,1.25265,1.2541,1.25199,1.2531,11897
2023-11-21 12:00:00,1.25311,1.25594,1.25272,1.25396,10732
2023-11-21 16:00:00,1.25398,1.25543,1.25268,1.25469,14719
2023-11-21 20:00:00,1.25469,1.25472,1.25174,1.25381,8312
2023-11-22 00:00:00,1.25365,1.25497,1.25248,1.25355,5228
2023-11-22 04:00:00,1.25356,1.2544,1.2524,1.25256,5217
2023-11-22 08:00:00,1.25258,1.25372,1.25069,1.25294,11535
2023-11-22 12:00:00,1.25294,1.25488,1.25094,1.25151,14320
2023-11-22 16:00:00,1.25157,1.25165,1.24493,1.24791,16208
2023-11-22 20:00:00,1.24788,1.24971,1.24784,1.24941,7056
2023-11-23 00:00:00,1.24913,1.2497,1.2483,1.24961,3994
2023-11-23 04:00:00,1.24961,1.2513,1.24954,1.25118,5212
2023-11-23 08:00:00,1.25118,1.25617,1.25014,1.25583,11877
2023-11-23 12:00:00,1.25582,1.2563,1.25329,1.25373,9265
2023-11-23 16:00:00,1.25373,1.25435,1.25252,1.25316,7086
2023-11-23 20:00:00,1.25316,1.25383,1.25308,1.25335,1865
2023-11-24 00:00:00,1.25309,1.2545,1.25244,1.25327,4410
2023-11-24 04:00:00,1.25328,1.2546,1.25246,1.25456,4774
2023-11-24 08:00:00,1.25456,1.2566,1.25264,1.25496,9553
2023-11-24 12:00:00,1.25495,1.258,1.25462,1.25774,9792
2023-11-24 16:00:00,1.25774,1.26154,1.25758,1.26076,11087
2023-11-24 20:00:00,1.26074,1.26122,1.25977,1.26027,7421
2023-11-27 00:00:00,1.25985,1.26102,1.25913,1.26035,4809
2023-11-27 04:00:00,1.26035,1.26128,1.25911,1.26108,6011
2023-11-27 08:00:00,1.26108,1.26272,1.2604,1.26084,10341
2023-11-27 12:00:00,1.26086,1.26441,1.26021,1.26253,10968
2023-11-27 16:00:00,1.26254,1.26288,1.26008,1.26035,13915
2023-11-27 20:00:00,1.26035,1.26339,1.26017,1.26273,6311
2023-11-28 00:00:00,1.26255,1.26421,1.26199,1.26344,4988
2023-11-28 04:00:00,1.26344,1.26415,1.26218,1.26255,5635
2023-11-28 08:00:00,1.26255,1.26332,1.26067,1.26285,10606
2023-11-28 12:00:00,1.26291,1.26484,1.26082,1.26424,10847
2023-11-28 16:00:00,1.26424,1.2715,1.26356,1.26924,19620
2023-11-28 20:00:00,1.26923,1.27016,1.2673,1.26962,9108
2023-11-29 00:00:00,1.26925,1.27334,1.26885,1.27188,7108
2023-11-29 04:00:00,1.27187,1.27228,1.27061,1.27132,7370
2023-11-29 08:00:00,1.27131,1.27219,1.2674,1.26806,12527
2023-11-29 12:00:00,1.26804,1.27089,1.26741,1.26862,14001
2023-11-29 16:00:00,1.26861,1.2711,1.26648,1.26977,15811
2023-11-29 20:00:00,1.26978,1.27275,1.26904,1.26941,7679
2023-11-30 00:00:00,1.2694,1.27052,1.26874,1.26929,5294
2023-11-30 04:00:00,1.26928,1.2706,1.26908,1.26988,6262
2023-11-30 08:00:00,1.26988,1.27108,1.26483,1.2649,12410
2023-11-30 12:00:00,1.26486,1.26792,1.26227,1.2625,13916
2023-11-30 16:00:00,1.26254,1.26641,1.26033,1.262,21091
2023-11-30 20:00:00,1.262,1.26374,1.26122,1.26234,9004
2023-12-01 00:00:00,1.26211,1.26554,1.26111,1.2653,6894
2023-12-01 04:00:00,1.2653,1.26564,1.26332,1.26443,6299
2023-12-01 08:00:00,1.26442,1.26749,1.26291,1.26679,10895
2023-12-01 12:00:00,1.26679,1.26682,1.26274,1.26297,11417
2023-12-01 16:00:00,1.26294,1.26962,1.26138,1.26947,21990
2023-12-01 20:00:00,1.26948,1.27161,1.26922,1.27119,9401
2023-12-04 00:00:00,1.26848,1.27246,1.26675,1.26768,9428
2023-12-04 04:00:00,1.26768,1.2687,1.26718,1.26777,7378
2023-12-04 08:00:00,1.26777,1.26855,1.26567,1.26743,13374
2023-12-04 12:00:00,1.26744,1.26876,1.2653,1.26568,13346
2023-12-04 16:00:00,1.26568,1.26574,1.26039,1.26223,18643
2023-12-04 20:00:00,1.26224,1.26346,1.26054,1.2632,8022
2023-12-05 00:00:00,1.26286,1.26447,1.26241,1.26364,6032
2023-12-05 04:00:00,1.26364,1.26415,1.2628,1.26392,6257
2023-12-05 08:00:00,1.26392,1.26396,1.26063,1.26316,13925
2023-12-05 12:00:00,1.26313,1.26455,1.26166,1.26362,12846
2023-12-05 16:00:00,1.26362,1.26518,1.25824,1.25952,20371
2023-12-05 20:00:00,1.25953,1.25968,1.25775,1.25951,7380
2023-12-06 00:00:00,1.25899,1.26086,1.25851,1.26026,5501
2023-12-06 04:00:00,1.26026,1.26138,1.26,1.26112,5766
2023-12-06 08:00:00,1.26112,1.26115,1.25912,1.26,10910
2023-12-06 12:00:00,1.26,1.26096,1.25818,1.25988,14290
2023-12-06 16:00:00,1.25988,1.26048,1.25766,1.2581,15428
2023-12-06 20:00:00,1.25806,1.25836,1.25519,1.25594,6745
2023-12-07 00:00:00,1.25583,1.2565,1.25534,1.25594,5245
2023-12-07 04:00:00,1.25594,1.25621,1.25446,1.25502,6438
2023-12-07 08:00:00,1.25502,1.25894,1.25465,1.25864,13469
2023-12-07 12:00:00,1.25864,1.2594,1.25491,1.25834,15347
2023-12-07 16:00:00,1.25836,1.26128,1.25456,1.2603,18978
2023-12-07 20:00:00,1.2603,1.2603,1.25834,1.2593,8729
2023-12-08 00:00:00,1.25875,1.26016,1.25741,1.25904,7873
2023-12-08 04:00:00,1.25906,1.25984,1.25865,1.25877,8515
2023-12-08 08:00:00,1.25877,1.25899,1.25546,1.25572,12896
2023-12-08 12:00:00,1.25572,1.2587,1.25117,1.25456,14646
2023-12-08 16:00:00,1.25458,1.25623,1.25024,1.25456,19478
2023-12-08 20:00:00,1.25456,1.25559,1.25425,1.25459,8093
2023-12-11 00:00:00,1.25266,1.25584,1.25239,1.25458,6961
2023-12-11 04:00:00,1.25458,1.2547,1.25348,1.2542,6695
2023-12-11 08:00:00,1.25419,1.25607,1.2535,1.25538,10517
2023-12-11 12:00:00,1.25539,1.25908,1.25538,1.2581,10242
2023-12-11 16:00:00,1.25812,1.2582,1.254,1.25402,12420
2023-12-11 20:00:00,1.25402,1.25676,1.25382,1.25556,6228
2023-12-12 00:00:00,1.25536,1.25696,1.25471,1.2565,4389
2023-12-12 04:00:00,1.2565,1.25839,1.25633,1.25758,5818
2023-12-12 08:00:00,1.25758,1.25844,1.25428,1.25654,10401
2023-12-12 12:00:00,1.25655,1.26152,1.25396,1.25434,12999
2023-12-12 16:00:00,1.2543,1.25716,1.25141,1.25452,16132
2023-12-12 20:00:00,1.25452,1.25718,1.2543,1.25622,7410
2023-12-13 00:00:00,1.25624,1.25714,1.25398,1.25592,5062
2023-12-13 04:00:00,1.25592,1.25606,1.25483,1.25572,5539
2023-12-13 08:00:00,1.25572,1.25586,1.25174,1.25264,10468
2023-12-13 12:00:00,1.25261,1.25483,1.25094,1.25394,10586
2023-12-13 16:00:00,1.25397,1.25476,1.25054,1.2508,12567
2023-12-13 20:00:00,1.25079,1.26347,1.25002,1.26186,20374
2023-12-14 00:00:00,1.26143,1.2642,1.26119,1.26406,7879
2023-12-14 04:00:00,1.26409,1.26528,1.26294,1.26356,11294
2023-12-14 08:00:00,1.26359,1.26711,1.26122,1.26676,16662
2023-12-14 12:00:00,1.26674,1.27328,1.26521,1.27273,19441
2023-12-14 16:00:00,1.27268,1.27942,1.27027,1.27842,21603
2023-12-14 20:00:00,1.2784,1.27842,1.27482,1.27651,9563
2023-12-15 00:00:00,1.27656,1.27719,1.27472,1.27548,6224
2023-12-15 04:00:00,1.27548,1.27742,1.27548,1.27592,9181
2023-12-15 08:00:00,1.2759,1.2776,1.274,1.27746,13986
2023-12-15 12:00:00,1.27747,1.27903,1.26991,1.2711,14541
2023-12-15 16:00:00,1.27107,1.273,1.2685,1.27052,18015
2023-12-15 20:00:00,1.27052,1.27053,1.26686,1.26702,10603
2023-12-18 00:00:00,1.26815,1.2684,1.26572,1.26816,6868
2023-12-18 04:00:00,1.26816,1.26998,1.26815,1.26934,8194
2023-12-18 08:00:00,1.26934,1.27042,1.26656,1.2667,11142
2023-12-18 12:00:00,1.26672,1.26788,1.26459,1.2667,12542
2023-12-18 16:00:00,1.26672,1.26706,1.2629,1.2653,13859
2023-12-18 20:00:00,1.2653,1.26532,1.26338,1.26466,7698
2023-12-19 00:00:00,1.26437,1.26632,1.26295,1.26529,5021
2023-12-19 04:00:00,1.26528,1.26646,1.26501,1.26582,8106
2023-12-19 08:00:00,1.26581,1.27015,1.26513,1.26992,12124
2023-12-19 12:00:00,1.26991,1.27465,1.26935,1.27432,12158
2023-12-19 16:00:00,1.27432,1.2762,1.27257,1.27356,15111
2023-12-19 20:00:00,1.27356,1.27388,1.27161,1.27319,8214
2023-12-20 00:00:00,1.27308,1.27342,1.27161,1.27196,5489
2023-12-20 04:00:00,1.27196,1.27257,1.27176,1.27222,5874
2023-12-20 08:00:00,1.27221,1.27222,1.26476,1.26784,13503
2023-12-20 12:00:00,1.26785,1.26795,1.26299,1.26612,12314
2023-12-20 16:00:00,1.26614,1.26826,1.26527,1.26703,14046
2023-12-20 20:00:00,1.26703,1.2674,1.26252,1.26391,11611
2023-12-21 00:00:00,1.26364,1.26533,1.26242,1.26422,5604
2023-12-21 04:00:00,1.26423,1.26514,1.26305,1.265,7041
2023-12-21 08:00:00,1.26499,1.26499,1.26123,1.26314,10356
2023-12-21 12:00:00,1.26314,1.26961,1.26218,1.26812,13130
2023-12-21 16:00:00,1.26814,1.26908,1.26432,1.26644,21506
2023-12-21 20:00:00,1.26644,1.26928,1.26588,1.26902,10783
2023-12-22 00:00:00,1.26882,1.26925,1.26707,1.26812,6471
2023-12-22 04:00:00,1.26812,1.26918,1.26802,1.2686,8148
2023-12-22 08:00:00,1.26858,1.27138,1.26806,1.26868,11856
2023-12-22 12:00:00,1.26864,1.27438,1.26864,1.27352,15316
2023-12-22 16:00:00,1.27351,1.27444,1.26982,1.27093,18504
2023-12-22 20:00:00,1.27091,1.27103,1.26902,1.26972,10577
2023-12-26 00:00:00,1.26888,1.2712,1.26845,1.27062,3555
2023-12-26 04:00:00,1.27062,1.27132,1.27022,1.27058,4657
2023-12-26 08:00:00,1.27056,1.27082,1.26866,1.26912,7452
2023-12-26 12:00:00,1.26912,1.27121,1.26846,1.27042,9844
2023-12-26 16:00:00,1.27042,1.27201,1.27016,1.27066,10657
2023-12-26 20:00:00,1.27068,1.27304,1.27052,1.27239,7834
2023-12-27 00:00:00,1.2713,1.27304,1.27118,1.2725,4796
2023-12-27 04:00:00,1.27251,1.27327,1.272,1.27323,5461
2023-12-27 08:00:00,1.27323,1.27354,1.26986,1.27204,8825
2023-12-27 12:00:00,1.27204,1.27592,1.27104,1.27546,8963
2023-12-27 16:00:00,1.27548,1.28025,1.27441,1.27897,13196
2023-12-27 20:00:00,1.27896,1.28019,1.27835,1.27986,9027
2023-12-28 00:00:00,1.2798,1.28138,1.27892,1.28129,4511
2023-12-28 04:00:00,1.28129,1.28165,1.28015,1.28092,6107
2023-12-28 08:00:00,1.28092,1.28277,1.2791,1.27944,11319
2023-12-28 12:00:00,1.27944,1.28054,1.27382,1.27417,11947
2023-12-28 16:00:00,1.27415,1.27752,1.27286,1.27393,14819
2023-12-28 20:00:00,1.27394,1.27398,1.27124,1.27304,8119
2023-12-29 00:00:00,1.27262,1.27471,1.27207,1.27369,5628
2023-12-29 04:00:00,1.27368,1.27637,1.27326,1.27628,6025
2023-12-29 08:00:00,1.27628,1.27728,1.27004,1.27058,9895
2023-12-29 12:00:00,1.27057,1.27494,1.27042,1.27208,12120
2023-12-29 16:00:00,1.27208,1.27671,1.27009,1.27626,17455
2023-12-29 20:00:00,1.27626,1.27626,1.27267,1.27306,9931
2024-01-02 00:00:00,1.27205,1.27355,1.27173,1.2721,5322
2024-01-02 04:00:00,1.2721,1.27414,1.271,1.2737,6882
2024-01-02 08:00:00,1.2737,1.27602,1.27174,1.27176,13265
2024-01-02 12:00:00,1.27176,1.27188,1.26217,1.263,16548
2024-01-02 16:00:00,1.26291,1.26448,1.26108,1.2633,18457
2024-01-02 20:00:00,1.2633,1.2635,1.2616,1.2619,8328
2024-01-03 00:00:00,1.26144,1.2634,1.2611,1.26291,4983
2024-01-03 04:00:00,1.2629,1.26418,1.26265,1.26309,7127
2024-01-03 08:00:00,1.26308,1.26528,1.26246,1.26282,12590
2024-01-03 12:00:00,1.2628,1.26432,1.26184,1.263,13510
2024-01-03 16:00:00,1.263,1.26565,1.26163,1.26452,20876
2024-01-03 20:00:00,1.2645,1.26766,1.26308,1.26639,15360
2024-01-04 00:00:00,1.26618,1.2674,1.26572,1.26624,6469
2024-01-04 04:00:00,1.26623,1.26762,1.26572,1.26654,7757
2024-01-04 08:00:00,1.26653,1.27245,1.26652,1.27204,14706
2024-01-04 12:00:00,1.27203,1.273,1.26705,1.26733,13800
2024-01-04 16:00:00,1.2673,1.27109,1.26648,1.26835,17099
2024-01-04 20:00:00,1.26834,1.26876,1.26741,1.26825,7090
2024-01-05 00:00:00,1.26801,1.26957,1.26751,1.26936,5985
2024-01-05 04:00:00,1.26936,1.26966,1.26741,1.26744,8073
2024-01-05 08:00:00,1.26744,1.26892,1.26574,1.26596,12550
2024-01-05 12:00:00,1.26601,1.26714,1.26114,1.2658,14461
2024-01-05 16:00:00,1.2658,1.27712,1.26551,1.27237,25481
2024-01-05 20:00:00,1.27237,1.27395,1.27103,1.27175,11789
2024-01-08 00:00:00,1.2698,1.27302,1.2698,1.27211,5056
2024-01-08 04:00:00,1.27211,1.27211,1.26983,1.27039,6919
2024-01-08 08:00:00,1.27039,1.27202,1.26736,1.26952,13437
2024-01-08 12:00:00,1.26958,1.27212,1.26934,1.2712,13663
2024-01-08 16:00:00,1.2712,1.27672,1.27094,1.2755,17531
2024-01-08 20:00:00,1.2755,1.27606,1.27401,1.27479,8493
2024-01-09 00:00:00,1.27403,1.2761,1.27367,1.27606,6617
2024-01-09 04:00:00,1.27606,1.27652,1.27378,1.27438,7237
2024-01-09 08:00:00,1.27438,1.2751,1.27244,1.27345,11886
2024-01-09 12:00:00,1.27345,1.27386,1.27073,1.27255,14095
2024-01-09 16:00:00,1.27255,1.27316,1.26896,1.27106,17141
2024-01-09 20:00:00,1.27106,1.27176,1.2692,1.27096,9905
2024-01-10 00:00:00,1.27089,1.27181,1.26983,1.2711,5551
2024-01-10 04:00:00,1.27111,1.2713,1.26973,1.27018,6617
2024-01-10 08:00:00,1.27018,1.27288,1.26863,1.27258,12673
2024-01-10 12:00:00,1.27257,1.27364,1.27181,1.27244,11711
2024-01-10 16:00:00,1.27244,1.27408,1.27134,1.27338,14854
2024-01-10 20:00:00,1.27338,1.27442,1.27278,1.2742,9584
2024-01-11 00:00:00,1.27261,1.27618,1.27178,1.27606,5227
2024-01-11 04:00:00,1.27606,1.27712,1.27582,1.27635,8164
2024-01-11 08:00:00,1.27636,1.27742,1.27387,1.27398,11261
2024-01-11 12:00:00,1.27396,1.27708,1.27029,1.27109,16748
2024-01-11 16:00:00,1.27111,1.27541,1.26903,1.27207,31172
2024-01-11 20:00:00,1.27207,1.27666,1.27192,1.27624,16026
2024-01-12 00:00:00,1.27482,1.27817,1.27415,1.27803,7725
2024-01-12 04:00:00,1.27804,1.27848,1.27685,1.27729,8676
2024-01-12 08:00:00,1.2773,1.27795,1.27498,1.27526,12875
2024-01-12 12:00:00,1.27526,1.27684,1.27196,1.27554,16668
2024-01-12 16:00:00,1.27554,1.27858,1.27325,1.27396,23835
2024-01-12 20:00:00,1.27396,1.27566,1.27355,1.27503,10443
2024-01-15 00:00:00,1.27252,1.27504,1.27187,1.2742,7058
2024-01-15 04:00:00,1.27422,1.27654,1.27422,1.27528,7570
2024-01-15 08:00:00,1.27528,1.27603,1.27187,1.27261,12849
2024-01-15 12:00:00,1.27262,1.27395,1.2713,1.27278,13550
2024-01-15 16:00:00,1.27282,1.27385,1.2713,1.27294,10148
2024-01-15 20:00:00,1.27294,1.27319,1.27236,1.27255,1868
2024-01-16 00:00:00,1.2726,1.27287,1.26793,1.26952,8012
2024-01-16 04:00:00,1.26951,1.26952,1.26767,1.26807,8740
2024-01-16 08:00:00,1.26804,1.2687,1.26353,1.26408,17353
2024-01-16 12:00:00,1.26403,1.26727,1.26205,1.26425,17974
2024-01-16 16:00:00,1.26423,1.26794,1.26246,1.26249,27877
2024-01-16 20:00:00,1.26249,1.26406,1.26194,1.26356,10474
2024-01-17 00:00:00,1.26279,1.26434,1.26214,1.26357,6394
2024-01-17 04:00:00,1.26357,1.2644,1.26061,1.26101,8930
2024-01-17 08:00:00,1.26101,1.26837,1.25966,1.26808,19711
2024-01-17 12:00:00,1.26803,1.26964,1.26422,1.26508,17609
2024-01-17 16:00:00,1.26508,1.26823,1.26387,1.26785,22834
2024-01-17 20:00:00,1.26785,1.26869,1.26626,1.2676,11889
2024-01-18 00:00:00,1.2672,1.26919,1.26602,1.26893,7850
2024-01-18 04:00:00,1.26894,1.26957,1.2678,1.26871,10235
2024-01-18 08:00:00,1.26872,1.27041,1.26739,1.2674,14845
2024-01-18 12:00:00,1.2674,1.26958,1.26505,1.26525,15807
2024-01-18 16:00:00,1.26524,1.2692,1.26484,1.26813,22289
2024-01-18 20:00:00,1.26814,1.27082,1.26769,1.27058,10553
2024-01-19 00:00:00,1.27043,1.27124,1.27003,1.27074,5765
2024-01-19 04:00:00,1.27072,1.27148,1.26964,1.26991,6257
2024-01-19 08:00:00,1.26988,1.27011,1.26657,1.2684,13886
2024-01-19 12:00:00,1.2684,1.26908,1.26701,1.26743,13845
2024-01-19 16:00:00,1.26743,1.26885,1.26613,1.26881,19249
2024-01-19 20:00:00,1.26884,1.27051,1.26824,1.27013,8405
2024-01-22 00:00:00,1.26776,1.27132,1.26776,1.27092,6170
2024-01-22 04:00:00,1.27092,1.27193,1.27072,1.2719,6556
2024-01-22 08:00:00,1.27191,1.27247,1.2687,1.27048,12581
2024-01-22 12:00:00,1.27046,1.27319,1.26984,1.2727,11861
2024-01-22 16:00:00,1.2727,1.2733,1.27089,1.27213,13302
2024-01-22 20:00:00,1.27214,1.27217,1.2698,1.27088,8353
2024-01-23 00:00:00,1.27004,1.27216,1.26991,1.27208,4489
2024-01-23 04:00:00,1.27208,1.27388,1.27155,1.27374,9685
2024-01-23 08:00:00,1.27374,1.27472,1.27203,1.27284,13369
2024-01-23 12:00:00,1.27284,1.27289,1.27001,1.27083,11770
2024-01-23 16:00:00,1.27081,1.27081,1.26494,1.26578,15025
2024-01-23 20:00:00,1.26578,1.26918,1.2657,1.26864,7036
2024-01-24 00:00:00,1.26701,1.26979,1.26701,1.26926,6487
2024-01-24 04:00:00,1.26926,1.27044,1.26859,1.27023,5966
2024-01-24 08:00:00,1.27024,1.27734,1.26999,1.27647,14094
2024-01-24 12:00:00,1.27647,1.27712,1.27283,1.27669,13729
2024-01-24 16:00:00,1.27668,1.2775,1.27341,1.27482,18865
2024-01-24 20:00:00,1.27481,1.27506,1.27137,1.27245,10244
2024-01-25 00:00:00,1.2716,1.27262,1.27037,1.2712,6084
2024-01-25 04:00:00,1.2712,1.27175,1.27074,1.27106,6418
2024-01-25 08:00:00,1.27106,1.27371,1.27089,1.27265,11648
2024-01-25 12:00:00,1.27266,1.27428,1.26979,1.27364,14122
2024-01-25 16:00:00,1.27365,1.27365,1.26817,1.26905,21022
2024-01-25 20:00:00,1.26905,1.27118,1.26862,1.27078,9657
2024-01-26 00:00:00,1.26972,1.27122,1.26951,1.27088,5363
2024-01-26 04:00:00,1.27087,1.27162,1.27022,1.2706,4592
2024-01-26 08:00:00,1.27061,1.27218,1.26757,1.27145,12468
2024-01-26 12:00:00,1.27145,1.27586,1.27145,1.27489,13626
2024-01-26 16:00:00,1.27486,1.27547,1.27064,1.27134,15581
2024-01-26 20:00:00,1.2713,1.27152,1.2699,1.27027,7468
2024-01-29 00:00:00,1.26957,1.27061,1.26906,1.27004,7781
2024-01-29 04:00:00,1.27004,1.27079,1.2695,1.27021,6265
2024-01-29 08:00:00,1.27021,1.2719,1.26986,1.27037,10858
2024-01-29 12:00:00,1.27037,1.27131,1.26833,1.26935,11879
2024-01-29 16:00:00,1.26936,1.2696,1.26622,1.26833,13102
2024-01-29 20:00:00,1.26834,1.27175,1.26767,1.27093,8918
2024-01-30 00:00:00,1.27031,1.27212,1.269,1.27108,5041
2024-01-30 04:00:00,1.27108,1.27138,1.27039,1.27058,5617
2024-01-30 08:00:00,1.27059,1.27089,1.26714,1.2681,12627
2024-01-30 12:00:00,1.2681,1.26839,1.26628,1.26749,11288
2024-01-30 16:00:00,1.26751,1.26891,1.26403,1.26809,17705
2024-01-30 20:00:00,1.26809,1.27002,1.26737,1.26999,7709
2024-01-31 00:00:00,1.26947,1.27007,1.26778,1.26846,6218
2024-01-31 04:00:00,1.26844,1.26845,1.2673,1.26777,6329
2024-01-31 08:00:00,1.26778,1.26973,1.26669,1.26698,12236
2024-01-31 12:00:00,1.26699,1.27126,1.26673,1.27055,14555
2024-01-31 16:00:00,1.27055,1.27508,1.27005,1.27184,22988
2024-01-31 20:00:00,1.27184,1.27393,1.26582,1.26863,25931
2024-02-01 00:00:00,1.2663,1.26881,1.2663,1.26797,7485
2024-02-01 04:00:00,1.26795,1.26981,1.26679,1.26679,8033
2024-02-01 08:00:00,1.2668,1.26742,1.26424,1.26559,14929
2024-02-01 12:00:00,1.26559,1.26858,1.26253,1.26591,17791
2024-02-01 16:00:00,1.26591,1.27398,1.26409,1.27364,25340
2024-02-01 20:00:00,1.27364,1.27558,1.27283,1.27437,12202
2024-02-02 00:00:00,1.27392,1.27549,1.27315,1.27459,5285
2024-02-02 04:00:00,1.27462,1.27547,1.27433,1.27496,5802
2024-02-02 08:00:00,1.27496,1.27676,1.27424,1.27575,11803
2024-02-02 12:00:00,1.27576,1.27723,1.26687,1.26717,14956
2024-02-02 16:00:00,1.26714,1.26736,1.26142,1.26186,24258
2024-02-02 20:00:00,1.26185,1.2644,1.26158,1.26333,11393
2024-02-05 00:00:00,1.26228,1.26326,1.25989,1.26114,9500
2024-02-05 04:00:00,1.2611,1.26137,1.25992,1.26114,9375
2024-02-05 08:00:00,1.26114,1.26296,1.26004,1.26012,13385
2024-02-05 12:00:00,1.26008,1.26034,1.25499,1.25526,12573
2024-02-05 16:00:00,1.25527,1.2562,1.25185,1.25358,15897
2024-02-05 20:00:00,1.25359,1.2544,1.25263,1.25353,8236
2024-02-06 00:00:00,1.25275,1.25483,1.25256,1.25468,4725
2024-02-06 04:00:00,1.25468,1.25569,1.25395,1.25525,8315
2024-02-06 08:00:00,1.25525,1.25654,1.25403,1.25424,12012
2024-02-06 12:00:00,1.25421,1.25721,1.25365,1.2564,13553
2024-02-06 16:00:00,1.25639,1.25998,1.25583,1.25953,17907
2024-02-06 20:00:00,1.25953,1.26031,1.25874,1.25976,9816
2024-02-07 00:00:00,1.25922,1.2613,1.25854,1.26107,5693
2024-02-07 04:00:00,1.26107,1.26122,1.25983,1.26057,7676
2024-02-07 08:00:00,1.26057,1.26375,1.25993,1.26332,12006
2024-02-07 12:00:00,1.26332,1.26399,1.26205,1.26254,10592
2024-02-07 16:00:00,1.26254,1.26418,1.26166,1.26233,17794
2024-02-07 20:00:00,1.26231,1.26343,1.26202,1.26279,8533
2024-02-08 00:00:00,1.26193,1.26363,1.26126,1.26335,5587
2024-02-08 04:00:00,1.26334,1.26388,1.2627,1.26305,6838
2024-02-08 08:00:00,1.2631,1.26368,1.26129,1.26306,12228
2024-02-08 12:00:00,1.26306,1.26345,1.25718,1.25811,13363
2024-02-08 16:00:00,1.25811,1.26229,1.25784,1.26174,15075
2024-02-08 20:00:00,1.26173,1.26296,1.26117,1.26166,8618
2024-02-09 00:00:00,1.26164,1.26216,1.26076,1.26188,4097
2024-02-09 04:00:00,1.26188,1.26226,1.26116,1.26146,5347
2024-02-09 08:00:00,1.26148,1.26349,1.26065,1.2611,10945
2024-02-09 12:00:00,1.26107,1.26354,1.25993,1.26205,14381
2024-02-09 16:00:00,1.26201,1.26429,1.26161,1.263,15851
2024-02-09 20:00:00,1.26299,1.26377,1.26252,1.26306,5470
2024-02-12 00:00:00,1.26188,1.26441,1.26169,1.26361,4848
2024-02-12 04:00:00,1.26362,1.26381,1.26268,1.26296,3373
2024-02-12 08:00:00,1.26296,1.26548,1.26179,1.26214,10452
2024-02-12 12:00:00,1.26215,1.26258,1.26062,1.26096,9737
2024-02-12 16:00:00,1.26096,1.26399,1.26095,1.26396,11183
2024-02-12 20:00:00,1.26397,1.26405,1.26213,1.26275,6853
2024-02-13 00:00:00,1.2622,1.26286,1.26186,1.26209,3976
2024-02-13 04:00:00,1.26209,1.26209,1.26091,1.2615,3921
2024-02-13 08:00:00,1.2615,1.26559,1.26147,1.26547,11466
2024-02-13 12:00:00,1.26546,1.26864,1.259,1.2593,15266
2024-02-13 16:00:00,1.2593,1.26084,1.25758,1.26,20116
2024-02-13 20:00:00,1.26002,1.26033,1.25733,1.25926,8676
2024-02-14 00:00:00,1.25827,1.25993,1.25781,1.25971,6299
2024-02-14 04:00:00,1.25972,1.26053,1.25926,1.26029,7071
2024-02-14 08:00:00,1.2603,1.26112,1.25359,1.25394,14795
2024-02-14 12:00:00,1.25394,1.25681,1.25355,1.25574,12919
2024-02-14 16:00:00,1.25574,1.25655,1.25398,1.25645,15632
2024-02-14 20:00:00,1.25646,1.25706,1.25571,1.2566,7850
2024-02-15 00:00:00,1.2557,1.25737,1.25467,1.25627,4923
2024-02-15 04:00:00,1.25626,1.25696,1.25588,1.25652,4592
2024-02-15 08:00:00,1.25649,1.25735,1.25421,1.25544,11313
2024-02-15 12:00:00,1.25543,1.25766,1.25419,1.25699,12839
2024-02-15 16:00:00,1.25693,1.25967,1.2561,1.25865,17016
2024-02-15 20:00:00,1.25865,1.26022,1.25844,1.26,8184
2024-02-16 00:00:00,1.25874,1.26051,1.258,1.25883,5214
2024-02-16 04:00:00,1.25884,1.25887,1.25774,1.25825,5997
2024-02-16 08:00:00,1.25826,1.26056,1.25747,1.25858,12119
2024-02-16 12:00:00,1.25859,1.2601,1.25508,1.25669,12515
2024-02-16 16:00:00,1.25672,1.26085,1.25535,1.26078,16945
2024-02-16 20:00:00,1.26078,1.26245,1.25976,1.26004,8333
2024-02-19 00:00:00,1.25956,1.26273,1.25954,1.26142,6598
2024-02-19 04:00:00,1.26142,1.26215,1.26116,1.26191,6820
2024-02-19 08:00:00,1.26191,1.26296,1.26073,1.26146,10494
2024-02-19 12:00:00,1.26148,1.26217,1.25981,1.25995,9988
2024-02-19 16:00:00,1.25995,1.26004,1.25836,1.25913,6640
2024-02-19 20:00:00,1.25912,1.26008,1.25899,1.25962,1879
2024-02-20 00:00:00,1.25841,1.25971,1.25812,1.25844,6953
2024-02-20 04:00:00,1.25845,1.25891,1.25793,1.2582,6227
2024-02-20 08:00:00,1.25817,1.26068,1.25807,1.26033,12089
2024-02-20 12:00:00,1.26032,1.2646,1.25872,1.2643,15211
2024-02-20 16:00:00,1.26432,1.26686,1.26295,1.26352,16571
2024-02-20 20:00:00,1.26352,1.26352,1.26168,1.26221,8110
2024-02-21 00:00:00,1.26163,1.26281,1.26161,1.26278,5972
2024-02-21 04:00:00,1.26277,1.26375,1.26277,1.26337,6984
2024-02-21 08:00:00,1.26337,1.2635,1.26026,1.2612,12809
2024-02-21 12:00:00,1.26119,1.26306,1.26083,1.2624,12544
2024-02-21 16:00:00,1.26239,1.26346,1.26054,1.26159,14351
2024-02-21 20:00:00,1.26159,1.26419,1.26059,1.26378,13868
2024-02-22 00:00:00,1.26325,1.26469,1.26278,1.26396,5074
2024-02-22 04:00:00,1.26396,1.26487,1.26313,1.26452,6185
2024-02-22 08:00:00,1.26452,1.27097,1.26449,1.26761,15453
2024-02-22 12:00:00,1.26759,1.26901,1.26263,1.26284,14312
2024-02-22 16:00:00,1.26282,1.266,1.26116,1.26567,18952
2024-02-22 20:00:00,1.26567,1.26648,1.26446,1.26608,8587
2024-02-23 00:00:00,1.26549,1.26665,1.26484,1.26626,6071
2024-02-23 04:00:00,1.26629,1.26661,1.26576,1.26618,7076
2024-02-23 08:00:00,1.26617,1.26771,1.2649,1.26562,12998
2024-02-23 12:00:00,1.26563,1.27015,1.26562,1.26937,14666
2024-02-23 16:00:00,1.26937,1.27003,1.26656,1.26782,16694
2024-02-23 20:00:00,1.26783,1.2686,1.26666,1.26713,8370
2024-02-26 00:00:00,1.26719,1.2676,1.2661,1.2662,5639
2024-02-26 04:00:00,1.26621,1.26703,1.26568,1.26668,5452
2024-02-26 08:00:00,1.26668,1.26813,1.2663,1.26795,11419
2024-02-26 12:00:00,1.26796,1.26997,1.26735,1.26971,11729
2024-02-26 16:00:00,1.26972,1.26986,1.26721,1.26766,13500
2024-02-26 20:00:00,1.26765,1.26884,1.2671,1.26855,6415
2024-02-27 00:00:00,1.26744,1.26867,1.26714,1.2679,5125
2024-02-27 04:00:00,1.2679,1.26872,1.26743,1.26804,8527
2024-02-27 08:00:00,1.26807,1.2697,1.26782,1.26893,12182
2024-02-27 12:00:00,1.26893,1.26952,1.26714,1.2682,13053
2024-02-27 16:00:00,1.2682,1.26952,1.26604,1.26857,15600
2024-02-27 20:00:00,1.26856,1.26942,1.2678,1.26859,8858
2024-02-28 00:00:00,1.26849,1.26868,1.26726,1.26766,5232
2024-02-28 04:00:00,1.26765,1.26781,1.26575,1.26596,5875
2024-02-28 08:00:00,1.26595,1.26626,1.26236,1.26251,11725
2024-02-28 12:00:00,1.26251,1.2658,1.26218,1.26438,15196
2024-02-28 16:00:00,1.26438,1.26737,1.26363,1.26599,16554
2024-02-28 20:00:00,1.26599,1.26639,1.26513,1.26611,7581
2024-02-29 00:00:00,1.26503,1.26669,1.26442,1.26591,6151
2024-02-29 04:00:00,1.26591,1.26712,1.26584,1.26666,9029
2024-02-29 08:00:00,1.26666,1.26746,1.26526,1.26665,16215
2024-02-29 12:00:00,1.26665,1.26746,1.26351,1.26524,18660
2024-02-29 16:00:00,1.26524,1.2682,1.26151,1.26175,20192
2024-02-29 20:00:00,1.26175,1.26277,1.26127,1.26243,9797
2024-03-01 00:00:00,1.26127,1.26347,1.26095,1.26343,5961
2024-03-01 04:00:00,1.26344,1.26357,1.26246,1.26264,6479
2024-03-01 08:00:00,1.26264,1.26417,1.26253,1.26305,12878
2024-03-01 12:00:00,1.26308,1.26472,1.26176,1.26304,16464
2024-03-01 16:00:00,1.26304,1.26598,1.25999,1.26561,21594
2024-03-01 20:00:00,1.2656,1.2664,1.26486,1.26534,9613
2024-03-04 00:00:00,1.26523,1.26665,1.26436,1.26598,6152
2024-03-04 04:00:00,1.26598,1.26668,1.26561,1.26625,4973
2024-03-04 08:00:00,1.26625,1.268,1.26611,1.26777,15922
2024-03-04 12:00:00,1.26777,1.26838,1.2666,1.26775,14009
2024-03-04 16:00:00,1.26776,1.27065,1.26728,1.26964,15712
2024-03-04 20:00:00,1.26964,1.26978,1.26857,1.26914,6879
2024-03-05 00:00:00,1.26861,1.26949,1.26855,1.26903,5109
2024-03-05 04:00:00,1.26903,1.26911,1.26813,1.26834,6201
2024-03-05 08:00:00,1.26834,1.26885,1.26713,1.26857,13885
2024-03-05 12:00:00,1.26857,1.26927,1.26745,1.26913,13463
2024-03-05 16:00:00,1.26915,1.2735,1.26868,1.27113,20012
2024-03-05 20:00:00,1.27112,1.27114,1.2696,1.27052,10152
2024-03-06 00:00:00,1.2698,1.2708,1.26903,1.26929,5786
2024-03-06 04:00:00,1.26929,1.27068,1.26918,1.27037,6035
2024-03-06 08:00:00,1.27038,1.27315,1.27028,1.27308,12852
2024-03-06 12:00:00,1.27308,1.27308,1.27055,1.27242,14671
2024-03-06 16:00:00,1.27241,1.27615,1.27172,1.27443,19884
2024-03-06 20:00:00,1.27446,1.27537,1.27254,1.27317,13270
2024-03-07 00:00:00,1.2729,1.27399,1.27218,1.27302,7294
2024-03-07 04:00:00,1.27302,1.27406,1.27233,1.27337,8465
2024-03-07 08:00:00,1.27335,1.27514,1.27294,1.27502,14178
2024-03-07 12:00:00,1.275,1.27626,1.27449,1.27521,15495
2024-03-07 16:00:00,1.27522,1.27984,1.27491,1.27922,19726
2024-03-07 20:00:00,1.27922,1.28111,1.2792,1.28082,9510
2024-03-08 00:00:00,1.28025,1.282,1.28015,1.28093,5610
2024-03-08 04:00:00,1.28093,1.28125,1.28043,1.28099,6574
2024-03-08 08:00:00,1.28099,1.28295,1.28011,1.28278,13233
2024-03-08 12:00:00,1.28278,1.28939,1.28232,1.2864,17427
2024-03-08 16:00:00,1.28639,1.28865,1.28434,1.28491,26061
2024-03-08 20:00:00,1.28491,1.28588,1.28401,1.28581,11607
2024-03-11 00:00:00,1.28527,1.28607,1.28463,1.28564,7195
2024-03-11 04:00:00,1.28564,1.2862,1.28456,1.28513,8656
2024-03-11 08:00:00,1.28513,1.28581,1.28317,1.28366,15765
2024-03-11 12:00:00,1.28366,1.28539,1.28245,1.28245,17913
2024-03-11 16:00:00,1.28243,1.28301,1.27952,1.28069,22477
2024-03-11 20:00:00,1.28069,1.28137,1.27998,1.28133,13889
2024-03-12 00:00:00,1.28,1.28221,1.27965,1.28166,6124
2024-03-12 04:00:00,1.28166,1.28228,1.28139,1.28194,9605
2024-03-12 08:00:00,1.28194,1.28237,1.27764,1.27862,15691
2024-03-12 12:00:00,1.27862,1.28082,1.2755,1.27716,19943
2024-03-12 16:00:00,1.27717,1.27894,1.27461,1.27783,29487
2024-03-12 20:00:00,1.27785,1.27952,1.27707,1.27935,11695
2024-03-13 00:00:00,1.27823,1.27983,1.27823,1.27943,5216
2024-03-13 04:00:00,1.27943,1.27992,1.27898,1.27906,8513
2024-03-13 08:00:00,1.27906,1.28008,1.27758,1.27929,15532
2024-03-13 12:00:00,1.2793,1.28092,1.27746,1.28002,17595
2024-03-13 16:00:00,1.28002,1.28062,1.27872,1.27973,22514
2024-03-13 20:00:00,1.27973,1.28114,1.27906,1.27969,12633
2024-03-14 00:00:00,1.2793,1.28046,1.27846,1.27999,5958
2024-03-14 04:00:00,1.27999,1.28046,1.27869,1.27918,7922
2024-03-14 08:00:00,1.27918,1.28169,1.27885,1.28073,13073
2024-03-14 12:00:00,1.28072,1.2823,1.27821,1.27953,18545
2024-03-14 16:00:00,1.27953,1.27967,1.27307,1.27487,29463
2024-03-14 20:00:00,1.27487,1.27577,1.27429,1.2753,13127
2024-03-15 00:00:00,1.27496,1.27548,1.27342,1.27366,6946
2024-03-15 04:00:00,1.27366,1.27424,1.27301,1.27388,9846
2024-03-15 08:00:00,1.27389,1.27456,1.27331,1.27385,13649
2024-03-15 12:00:00,1.27385,1.27588,1.27367,1.27484,17799
2024-03-15 16:00:00,1.27484,1.27576,1.27297,1.27304,23022
2024-03-15 20:00:00,1.27304,1.27409,1.27253,1.27348,10480
2024-03-18 00:00:00,1.27243,1.27377,1.27204,1.27314,4505
2024-03-18 04:00:00,1.27314,1.27382,1.27263,1.27316,6325
2024-03-18 08:00:00,1.27316,1.27469,1.2729,1.27454,9224
2024-03-18 12:00:00,1.27454,1.27468,1.27275,1.27357,12873
2024-03-18 16:00:00,1.27357,1.27382,1.27192,1.27262,17956
2024-03-18 20:00:00,1.27263,1.27318,1.27181,1.27286,8219
2024-03-19 00:00:00,1.27267,1.27294,1.27194,1.27201,5263
2024-03-19 04:00:00,1.27201,1.27288,1.27127,1.27178,13879
2024-03-19 08:00:00,1.27178,1.27191,1.26841,1.26897,17520
2024-03-19 12:00:00,1.26897,1.27089,1.26678,1.26994,18382
2024-03-19 16:00:00,1.26994,1.27262,1.26941,1.27256,15556
2024-03-19 20:00:00,1.27255,1.27329,1.27188,1.27213,9769
2024-03-20 00:00:00,1.2717,1.27227,1.27106,1.27174,5112
2024-03-20 04:00:00,1.27174,1.2725,1.27141,1.27191,7512
2024-03-20 08:00:00,1.2719,1.273,1.2696,1.27036,12818
2024-03-20 12:00:00,1.27036,1.27045,1.26844,1.26938,14001
2024-03-20 16:00:00,1.26938,1.27193,1.26867,1.27182,15077
2024-03-20 20:00:00,1.27182,1.27872,1.27129,1.27865,28762
2024-03-21 00:00:00,1.27806,1.27983,1.27806,1.27945,8493
2024-03-21 04:00:00,1.27945,1.28027,1.27895,1.27896,11919
2024-03-21 08:00:00,1.27897,1.28036,1.27622,1.27654,18266
2024-03-21 12:00:00,1.27654,1.2785,1.27255,1.27355,22459
2024-03-21 16:00:00,1.27355,1.27364,1.26585,1.26647,26118
2024-03-21 20:00:00,1.26647,1.26708,1.26506,1.26575,10246
2024-03-22 00:00:00,1.26542,1.26749,1.26523,1.26735,5082
2024-03-22 04:00:00,1.26734,1.26753,1.26346,1.2642,13033
2024-03-22 08:00:00,1.2642,1.26456,1.2585,1.25976,16479
2024-03-22 12:00:00,1.25978,1.2621,1.25753,1.26198,17436
2024-03-22 16:00:00,1.26198,1.26241,1.25937,1.2595,20760
2024-03-22 20:00:00,1.2595,1.26009,1.25858,1.26003,8398
2024-03-25 00:00:00,1.25907,1.26019,1.25899,1.25949,6898
2024-03-25 04:00:00,1.25949,1.26174,1.25949,1.26057,10554
2024-03-25 08:00:00,1.26057,1.2617,1.25952,1.26085,11679
2024-03-25 12:00:00,1.26085,1.26469,1.25998,1.26385,13277
2024-03-25 16:00:00,1.26385,1.26525,1.26366,1.2639,14545
2024-03-25 20:00:00,1.26389,1.26423,1.2635,1.26363,7037
2024-03-26 00:00:00,1.26333,1.26432,1.26332,1.26423,5564
2024-03-26 04:00:00,1.26423,1.26474,1.26362,1.2642,8983
2024-03-26 08:00:00,1.2642,1.26591,1.26404,1.26495,9437
2024-03-26 12:00:00,1.26494,1.2668,1.26381,1.26399,15306
2024-03-26 16:00:00,1.26399,1.26495,1.26221,1.26296,18138
2024-03-26 20:00:00,1.26296,1.26357,1.26231,1.26277,7558
2024-03-27 00:00:00,1.2623,1.26304,1.26182,1.26218,5330
2024-03-27 04:00:00,1.26217,1.2623,1.2609,1.26177,10479
2024-03-27 08:00:00,1.26177,1.2632,1.26128,1.26219,13903
2024-03-27 12:00:00,1.2622,1.26387,1.26079,1.26168,16803
2024-03-27 16:00:00,1.26168,1.26334,1.26055,1.2631,16403
2024-03-27 20:00:00,1.2631,1.26411,1.26246,1.26403,9200
2024-03-28 00:00:00,1.26403,1.26403,1.26111,1.2626,5573
2024-03-28 04:00:00,1.26259,1.26349,1.26206,1.26311,8117
2024-03-28 08:00:00,1.26311,1.26373,1.26033,1.26065,9883
2024-03-28 12:00:00,1.26063,1.26428,1.25859,1.26407,15505
2024-03-28 16:00:00,1.26408,1.26545,1.26215,1.26345,21685
2024-03-28 20:00:00,1.26345,1.26374,1.26156,1.26234,9949
2024-03-29 00:00:00,1.26181,1.26289,1.26162,1.26255,5921
2024-03-29 04:00:00,1.26255,1.26309,1.26151,1.26221,5187
2024-03-29 08:00:00,1.26221,1.26257,1.2616,1.26255,4534
2024-03-29 12:00:00,1.26255,1.26361,1.26092,1.26318,5156
2024-03-29 16:00:00,1.26318,1.26445,1.26281,1.26286,3878
2024-03-29 20:00:00,1.26286,1.26287,1.26142,1.26217,2043
2024-04-01 00:00:00,1.25715,1.26421,1.25715,1.26351,8115
2024-04-01 04:00:00,1.26351,1.26391,1.26257,1.26297,9803
2024-04-01 08:00:00,1.26297,1.26319,1.26164,1.26224,10107
2024-04-01 12:00:00,1.26224,1.26244,1.26028,1.26123,10546
2024-04-01 16:00:00,1.26123,1.26136,1.25397,1.25453,18137
2024-04-01 20:00:00,1.25453,1.25513,1.25422,1.25509,9563
2024-04-02 00:00:00,1.25482,1.25546,1.25414,1.25471,6287
2024-04-02 04:00:00,1.25471,1.25495,1.25407,1.25446,7048
2024-04-02 08:00:00,1.25446,1.25648,1.25396,1.25622,13580
2024-04-02 12:00:00,1.25622,1.25766,1.25545,1.25568,14717
2024-04-02 16:00:00,1.25568,1.25778,1.25524,1.25716,19867
2024-04-02 20:00:00,1.25716,1.25786,1.25665,1.25773,6569
2024-04-03 00:00:00,1.25708,1.25813,1.25698,1.25728,4776
2024-04-03 04:00:00,1.25728,1.25831,1.25673,1.25786,7105
2024-04-03 08:00:00,1.25787,1.25827,1.25627,1.25771,11342
2024-04-03 12:00:00,1.25772,1.25885,1.25675,1.25728,15029
2024-04-03 16:00:00,1.2573,1.26511,1.25675,1.26458,24994
2024-04-03 20:00:00,1.26459,1.26559,1.26401,1.26519,9319
2024-04-04 00:00:00,1.26452,1.26564,1.26446,1.26526,5643
2024-04-04 04:00:00,1.26526,1.26555,1.26469,1.26525,6137
2024-04-04 08:00:00,1.26525,1.26698,1.26509,1.26635,12812
2024-04-04 12:00:00,1.26634,1.26697,1.26478,1.26687,13203
2024-04-04 16:00:00,1.26687,1.26836,1.26617,1.26659,15032
2024-04-04 20:00:00,1.26659,1.26701,1.26354,1.26425,15255
2024-04-05 00:00:00,1.26329,1.26486,1.26292,1.26472,6073
2024-04-05 04:00:00,1.26472,1.26475,1.26214,1.26256,10222
2024-04-05 08:00:00,1.26256,1.26405,1.26143,1.26369,12128
2024-04-05 12:00:00,1.2637,1.26451,1.25826,1.25949,16927
2024-04-05 16:00:00,1.25949,1.26356,1.25744,1.2635,24959
2024-04-05 20:00:00,1.26349,1.26408,1.26315,1.2637,11234
2024-04-08 00:00:00,1.26217,1.26342,1.26148,1.26166,5290
2024-04-08 04:00:00,1.26165,1.26397,1.26161,1.26294,11702
2024-04-08 08:00:00,1.26294,1.26348,1.26186,1.26219,13698
2024-04-08 12:00:00,1.26219,1.26364,1.26136,1.26264,12378
2024-04-08 16:00:00,1.26264,1.26561,1.26264,1.26486,18084
2024-04-08 20:00:00,1.26486,1.26641,1.26472,1.26548,8506
2024-04-09 00:00:00,1.26547,1.26598,1.26394,1.2654,4158
2024-04-09 04:00:00,1.2654,1.26618,1.26525,1.26568,11083
2024-04-09 08:00:00,1.26568,1.26644,1.26489,1.26606,10691
2024-04-09 12:00:00,1.26606,1.27036,1.26571,1.26968,13690
2024-04-09 16:00:00,1.26968,1.27095,1.26668,1.26698,20280
2024-04-09 20:00:00,1.26698,1.26799,1.26631,1.2677,10292
2024-04-10 00:00:00,1.2666,1.26778,1.26616,1.26751,3888
2024-04-10 04:00:00,1.26751,1.26789,1.26691,1.26774,7555
2024-04-10 08:00:00,1.26774,1.26948,1.26731,1.26945,9686
2024-04-10 12:00:00,1.26945,1.27082,1.25952,1.26118,17033
2024-04-10 16:00:00,1.26118,1.26124,1.25203,1.2534,32502
2024-04-10 20:00:00,1.25341,1.25542,1.25219,1.254,19754
2024-04-11 00:00:00,1.25207,1.25418,1.25207,1.25374,7326
2024-04-11 04:00:00,1.25375,1.25497,1.25362,1.25474,9647
2024-04-11 08:00:00,1.25474,1.25698,1.25328,1.25506,16106
2024-04-11 12:00:00,1.25506,1.25725,1.25303,1.25672,20505
2024-04-11 16:00:00,1.25671,1.25788,1.25109,1.2537,29081
2024-04-11 20:00:00,1.2537,1.25641,1.25332,1.25531,12277
2024-04-12 00:00:00,1.25477,1.25572,1.25477,1.25554,4391
2024-04-12 04:00:00,1.25554,1.25589,1.2537,1.25378,7494
2024-04-12 08:00:00,1.25378,1.25444,1.25057,1.2508,15562
2024-04-12 12:00:00,1.2508,1.25117,1.24513,1.24544,19300
2024-04-12 16:00:00,1.24545,1.24663,1.24268,1.24491,31512
2024-04-12 20:00:00,1.24491,1.24624,1.24428,1.24492,15235
2024-04-15 00:00:00,1.24351,1.2463,1.24299,1.24523,10947
2024-04-15 04:00:00,1.24523,1.2465,1.2441,1.24607,16540
2024-04-15 08:00:00,1.24607,1.24876,1.24582,1.24819,18470
2024-04-15 12:00:00,1.24819,1.24987,1.2451,1.24794,18994
2024-04-15 16:00:00,1.24795,1.24964,1.24451,1.24574,26576
2024-04-15 20:00:00,1.24575,1.24625,1.2436,1.24449,15960
2024-04-16 00:00:00,1.24251,1.24494,1.24251,1.24376,6101
2024-04-16 04:00:00,1.24376,1.24391,1.24205,1.24331,12844
2024-04-16 08:00:00,1.24331,1.24488,1.24087,1.24368,17289
2024-04-16 12:00:00,1.24368,1.2472,1.24367,1.24606,18346
2024-04-16 16:00:00,1.24606,1.24676,1.24273,1.24356,28420
2024-04-16 20:00:00,1.24356,1.24511,1.24056,1.24265,23165
2024-04-17 00:00:00,1.24158,1.24329,1.24158,1.24294,6493
2024-04-17 04:00:00,1.24294,1.244,1.24251,1.24295,9785
2024-04-17 08:00:00,1.24295,1.24818,1.24172,1.24716,19754
2024-04-17 12:00:00,1.24715,1.24769,1.2446,1.24506,16495
2024-04-17 16:00:00,1.24506,1.24694,1.24243,1.24289,27053
2024-04-17 20:00:00,1.2429,1.24655,1.24268,1.24546,18721
2024-04-18 00:00:00,1.24415,1.24584,1.24414,1.24532,5843
2024-04-18 04:00:00,1.24532,1.24715,1.24493,1.24707,9963
2024-04-18 08:00:00,1.24707,1.24847,1.24625,1.24741,14093
2024-04-18 12:00:00,1.24743,1.24821,1.24474,1.24589,16234
2024-04-18 16:00:00,1.24589,1.24685,1.24365,1.24487,25168
2024-04-18 20:00:00,1.24487,1.24502,1.24337,1.24365,15075
2024-04-19 00:00:00,1.24258,1.24388,1.24258,1.24276,6276
2024-04-19 04:00:00,1.24276,1.24297,1.2389,1.24198,28980
2024-04-19 08:00:00,1.24198,1.24518,1.24035,1.24404,22951
2024-04-19 12:00:00,1.24404,1.24638,1.24296,1.24487,18464
2024-04-19 16:00:00,1.24487,1.24683,1.23726,1.239,25428
2024-04-19 20:00:00,1.239,1.23935,1.23669,1.23692,14955
2024-04-22 00:00:00,1.23728,1.2385,1.23648,1.23727,7057
2024-04-22 04:00:00,1.23727,1.23924,1.23726,1.23863,9502
2024-04-22 08:00:00,1.23863,1.23874,1.2351,1.23658,14902
2024-04-22 12:00:00,1.23658,1.23674,1.23092,1.23113,17495
2024-04-22 16:00:00,1.23113,1.23471,1.22997,1.23471,17391
2024-04-22 20:00:00,1.23471,1.23618,1.23453,1.23499,9617
2024-04-23 00:00:00,1.23282,1.2356,1.23282,1.23546,3926
2024-04-23 04:00:00,1.23546,1.23589,1.23477,1.23516,10571
2024-04-23 08:00:00,1.23515,1.23886,1.23319,1.23702,16931
2024-04-23 12:00:00,1.23702,1.24066,1.23458,1.23915,16554
2024-04-23 16:00:00,1.23915,1.24586,1.23812,1.24449,24781
2024-04-23 20:00:00,1.24449,1.24585,1.24446,1.245,10272
2024-04-24 00:00:00,1.24321,1.24602,1.24321,1.24585,4553
2024-04-24 04:00:00,1.24585,1.24649,1.2453,1.2455,7957
2024-04-24 08:00:00,1.2455,1.24572,1.24227,1.24263,12460
2024-04-24 12:00:00,1.24264,1.24478,1.24253,1.24419,14413
2024-04-24 16:00:00,1.24419,1.24554,1.24266,1.24465,21256
2024-04-24 20:00:00,1.24465,1.24701,1.24459,1.24638,11292
2024-04-25 00:00:00,1.2461,1.24648,1.24396,1.2462,3984
2024-04-25 04:00:00,1.2462,1.24686,1.24545,1.24673,9683
2024-04-25 08:00:00,1.24673,1.25232,1.24665,1.25214,14380
2024-04-25 12:00:00,1.25214,1.25264,1.24668,1.24782,18330
2024-04-25 16:00:00,1.24784,1.25173,1.2457,1.25148,30241
2024-04-25 20:00:00,1.25149,1.25229,1.25039,1.2513,14674
2024-04-26 00:00:00,1.25084,1.25132,1.25,1.25049,5533
2024-04-26 04:00:00,1.25049,1.25086,1.24941,1.25009,9790
2024-04-26 08:00:00,1.25009,1.25411,1.2497,1.25272,17921
2024-04-26 12:00:00,1.25272,1.2541,1.2497,1.25083,19810
2024-04-26 16:00:00,1.25083,1.25182,1.24493,1.24875,24998
2024-04-26 20:00:00,1.24875,1.25041,1.24855,1.24922,8927
2024-04-29 00:00:00,1.2476,1.25171,1.24736,1.25155,6479
2024-04-29 04:00:00,1.25155,1.25485,1.25125,1.25423,15977
2024-04-29 08:00:00,1.25423,1.25477,1.25123,1.25186,22476
2024-04-29 12:00:00,1.25186,1.25439,1.25075,1.253,15749
2024-04-29 16:00:00,1.25299,1.25696,1.25147,1.2563,20304
2024-04-29 20:00:00,1.25634,1.25696,1.25519,1.25614,10698
2024-04-30 00:00:00,1.25625,1.25642,1.25515,1.25552,5311
2024-04-30 04:00:00,1.25552,1.25583,1.25423,1.25456,8248
2024-04-30 08:00:00,1.25456,1.25464,1.25243,1.25396,14162
2024-04-30 12:00:00,1.25395,1.25549,1.25026,1.25187,19637
2024-04-30 16:00:00,1.25187,1.25404,1.25014,1.25073,29088
2024-04-30 20:00:00,1.25074,1.25121,1.249,1.24912,12981
2024-05-01 00:00:00,1.24917,1.24962,1.24815,1.24858,6448
2024-05-01 04:00:00,1.24858,1.24894,1.24722,1.24774,5016
2024-05-01 08:00:00,1.24774,1.24981,1.24664,1.24979,10953
2024-05-01 12:00:00,1.24979,1.24982,1.24763,1.24878,13907
2024-05-01 16:00:00,1.24878,1.24996,1.24772,1.2481,20486
2024-05-01 20:00:00,1.2481,1.25503,1.24787,1.25292,34564
2024-05-02 00:00:00,1.25261,1.25403,1.25122,1.25276,9056
2024-05-02 04:00:00,1.25275,1.25397,1.25204,1.25342,10220
2024-05-02 08:00:00,1.25343,1.25446,1.25119,1.2521,19726
2024-05-02 12:00:00,1.25209,1.25329,1.25052,1.25151,19454
2024-05-02 16:00:00,1.25151,1.25219,1.24719,1.25164,28428
2024-05-02 20:00:00,1.25163,1.2539,1.25142,1.25347,13415
2024-05-03 00:00:00,1.25338,1.25454,1.2522,1.25439,6278
2024-05-03 04:00:00,1.25439,1.25571,1.25423,1.25477,10296
2024-05-03 08:00:00,1.25478,1.2563,1.25393,1.25595,14669
2024-05-03 12:00:00,1.25595,1.26347,1.25515,1.26063,20355
2024-05-03 16:00:00,1.26063,1.26105,1.25295,1.25428,36002
2024-05-03 20:00:00,1.25429,1.25549,1.25395,1.25473,10403
2024-05-06 00:00:00,1.25365,1.25534,1.25345,1.25509,6647
2024-05-06 04:00:00,1.25509,1.2557,1.25435,1.25436,11212
2024-05-06 08:00:00,1.25437,1.2582,1.25422,1.25812,13705
2024-05-06 12:00:00,1.25812,1.25945,1.25722,1.25912,12869
2024-05-06 16:00:00,1.25912,1.25919,1.25583,1.25637,14566
2024-05-06 20:00:00,1.25637,1.25694,1.2558,1.2562,8832
2024-05-07 00:00:00,1.2559,1.25694,1.25545,1.25686,5930
2024-05-07 04:00:00,1.25686,1.25709,1.25492,1.25532,10620
2024-05-07 08:00:00,1.25532,1.25563,1.2532,1.25398,14804
2024-05-07 12:00:00,1.25398,1.25548,1.25296,1.25537,13682
2024-05-07 16:00:00,1.25536,1.2565,1.25257,1.25267,17032
2024-05-07 20:00:00,1.25267,1.25273,1.2501,1.25079,9917
2024-05-08 00:00:00,1.2508,1.25122,1.24951,1.24957,5707
2024-05-08 04:00:00,1.24959,1.24973,1.24841,1.2487,10490
2024-05-08 08:00:00,1.2487,1.24931,1.24678,1.24753,12904
2024-05-08 12:00:00,1.24753,1.2501,1.2474,1.24799,13363
2024-05-08 16:00:00,1.24799,1.25049,1.24731,1.24978,15683
2024-05-08 20:00:00,1.24979,1.25018,1.24928,1.24973,7194
2024-05-09 00:00:00,1.24973,1.25007,1.24858,1.24901,4753
2024-05-09 04:00:00,1.24901,1.25019,1.24881,1.24919,8378
2024-05-09 08:00:00,1.24919,1.24933,1.24703,1.24732,10538
2024-05-09 12:00:00,1.24732,1.25116,1.24459,1.25026,21343
2024-05-09 16:00:00,1.25026,1.25226,1.24882,1.25143,19631
2024-05-09 20:00:00,1.25143,1.25268,1.25117,1.25235,8607
2024-05-10 00:00:00,1.25232,1.25298,1.25116,1.25201,5109
2024-05-10 04:00:00,1.25201,1.25248,1.25122,1.25153,7356
2024-05-10 08:00:00,1.25153,1.25416,1.25147,1.25324,15538
2024-05-10 12:00:00,1.25327,1.25362,1.25161,1.25222,14365
2024-05-10 16:00:00,1.25222,1.25375,1.25027,1.25346,17960
2024-05-10 20:00:00,1.25346,1.25358,1.25228,1.25234,6972
2024-05-13 00:00:00,1.25135,1.25276,1.25084,1.25214,5219
2024-05-13 04:00:00,1.25215,1.25289,1.25175,1.25247,10353
2024-05-13 08:00:00,1.25247,1.25357,1.25179,1.25331,14093
2024-05-13 12:00:00,1.25331,1.25575,1.2526,1.25559,12026
2024-05-13 16:00:00,1.25559,1.25689,1.25468,1.25613,15074
2024-05-13 20:00:00,1.25613,1.25637,1.2553,1.2559,8397
2024-05-14 00:00:00,1.25587,1.25624,1.25533,1.25575,5461
2024-05-14 04:00:00,1.25575,1.25599,1.2553,1.25542,10378
2024-05-14 08:00:00,1.25542,1.25636,1.25095,1.25285,14083
2024-05-14 12:00:00,1.25286,1.25649,1.25199,1.25533,16982
2024-05-14 16:00:00,1.25532,1.2593,1.2549,1.25853,19860
2024-05-14 20:00:00,1.25853,1.25926,1.25814,1.25918,7262
2024-05-15 00:00:00,1.25889,1.2591,1.25826,1.25884,4438
2024-05-15 04:00:00,1.25884,1.25996,1.25876,1.25934,6858
2024-05-15 08:00:00,1.25933,1.2614,1.25869,1.26125,12052
2024-05-15 12:00:00,1.26125,1.26702,1.26032,1.26451,18551
2024-05-15 16:00:00,1.26451,1.26772,1.2614,1.26744,24292
2024-05-15 20:00:00,1.26744,1.26864,1.26719,1.26863,8507
2024-05-16 00:00:00,1.26852,1.27009,1.26739,1.26994,6251
2024-05-16 04:00:00,1.26994,1.26995,1.26833,1.26877,10990
2024-05-16 08:00:00,1.26877,1.26887,1.26693,1.26746,13015
2024-05-16 12:00:00,1.26746,1.26756,1.26524,1.26546,13982
2024-05-16 16:00:00,1.26546,1.26802,1.26434,1.26732,16509
2024-05-16 20:00:00,1.26733,1.2677,1.26674,1.26705,7464
2024-05-17 00:00:00,1.26689,1.26726,1.26614,1.26648,4921
2024-05-17 04:00:00,1.26648,1.26654,1.26524,1.26553,8539
2024-05-17 08:00:00,1.26553,1.26699,1.2645,1.26493,11430
2024-05-17 12:00:00,1.26492,1.26617,1.26455,1.26598,10947
2024-05-17 16:00:00,1.26598,1.27089,1.26598,1.27012,16072
2024-05-17 20:00:00,1.27012,1.27119,1.26999,1.27006,7464
2024-05-20 00:00:00,1.2682,1.27085,1.2682,1.27051,4971
2024-05-20 04:00:00,1.27051,1.27111,1.27004,1.27081,8486
2024-05-20 08:00:00,1.2708,1.27093,1.26894,1.27051,10685
2024-05-20 12:00:00,1.27051,1.27059,1.26925,1.26964,11790
2024-05-20 16:00:00,1.26963,1.27185,1.26959,1.2718,13017
2024-05-20 20:00:00,1.2718,1.27257,1.27044,1.27052,6560
2024-05-21 00:00:00,1.27058,1.27117,1.2695,1.27094,3236
2024-05-21 04:00:00,1.27094,1.27121,1.26973,1.27102,9501
2024-05-21 08:00:00,1.27102,1.27207,1.2704,1.27109,12793
2024-05-21 12:00:00,1.27109,1.27239,1.27061,1.27078,11328
2024-05-21 16:00:00,1.27078,1.27269,1.26863,1.27076,19186
2024-05-21 20:00:00,1.27076,1.2716,1.27019,1.27088,7350
2024-05-22 00:00:00,1.27083,1.27164,1.2703,1.27135,3814
2024-05-22 04:00:00,1.27135,1.2723,1.27091,1.27099,8619
2024-05-22 08:00:00,1.27099,1.27615,1.27081,1.27286,15189
2024-05-22 12:00:00,1.27286,1.27342,1.27003,1.27266,14697
2024-05-22 16:00:00,1.27265,1.27479,1.27212,1.2744,17032
2024-05-22 20:00:00,1.2744,1.27505,1.27104,1.27169,13372
2024-05-23 00:00:00,1.27165,1.27244,1.27105,1.27201,5687
2024-05-23 04:00:00,1.27201,1.2732,1.2717,1.27259,8101
2024-05-23 08:00:00,1.27259,1.27388,1.27162,1.27208,15493
2024-05-23 12:00:00,1.27208,1.27447,1.27051,1.27322,15337
2024-05-23 16:00:00,1.27322,1.27467,1.27026,1.27125,24623
2024-05-23 20:00:00,1.27125,1.27126,1.26855,1.26985,15309
2024-05-24 00:00:00,1.26969,1.26996,1.26876,1.26945,6276
2024-05-24 04:00:00,1.26945,1.2698,1.26874,1.26919,7652
2024-05-24 08:00:00,1.26919,1.27073,1.26753,1.27046,14841
2024-05-24 12:00:00,1.27049,1.27252,1.27033,1.27207,14835
2024-05-24 16:00:00,1.27207,1.2751,1.27175,1.2734,20548
2024-05-24 20:00:00,1.2734,1.27462,1.27322,1.27367,7949
2024-05-27 00:00:00,1.27317,1.27433,1.27288,1.27385,4239
2024-05-27 04:00:00,1.27385,1.27435,1.2738,1.27425,5314
2024-05-27 08:00:00,1.27425,1.27474,1.27341,1.27419,8706
2024-05-27 12:00:00,1.27419,1.27586,1.27418,1.27569,10463
2024-05-27 16:00:00,1.27569,1.27778,1.27548,1.27697,9792
2024-05-27 20:00:00,1.27697,1.27719,1.27675,1.27683,3807
2024-05-28 00:00:00,1.2768,1.27763,1.27642,1.27713,5470
2024-05-28 04:00:00,1.27713,1.27834,1.27705,1.27749,11143
2024-05-28 08:00:00,1.2775,1.27813,1.27626,1.27689,12238
2024-05-28 12:00:00,1.27689,1.27946,1.27639,1.27922,13156
2024-05-28 16:00:00,1.27923,1.28008,1.27709,1.27765,19120
2024-05-28 20:00:00,1.27765,1.27781,1.27542,1.27615,12388
2024-05-29 00:00:00,1.27613,1.27643,1.27522,1.27541,6403
2024-05-29 04:00:00,1.27541,1.27597,1.27466,1.27521,9385
2024-05-29 08:00:00,1.27521,1.27719,1.27488,1.27559,17212
2024-05-29 12:00:00,1.27559,1.27649,1.27357,1.27446,16606
2024-05-29 16:00:00,1.27447,1.27461,1.27051,1.2717,22574
2024-05-29 20:00:00,1.2717,1.27173,1.2699,1.27001,11304
2024-05-30 00:00:00,1.26986,1.27065,1.26905,1.26938,7604
2024-05-30 04:00:00,1.26938,1.27031,1.26901,1.26954,11090
2024-05-30 08:00:00,1.26954,1.27151,1.2681,1.27123,17104
2024-05-30 12:00:00,1.27124,1.27281,1.27033,1.27246,16821
2024-05-30 16:00:00,1.27245,1.27472,1.27179,1.27414,21094
2024-05-30 20:00:00,1.27414,1.27441,1.27263,1.27319,8762
2024-05-31 00:00:00,1.2731,1.27338,1.2725,1.27304,6910
2024-05-31 04:00:00,1.27305,1.27323,1.27153,1.27213,10768
2024-05-31 08:00:00,1.27213,1.27237,1.27003,1.27097,15328
2024-05-31 12:00:00,1.27097,1.27509,1.27073,1.27466,19519
2024-05-31 16:00:00,1.27466,1.27662,1.27177,1.27298,27050
2024-05-31 20:00:00,1.27298,1.27469,1.27245,1.27426,10831
2024-06-03 00:00:00,1.27314,1.27559,1.27256,1.27538,6909
2024-06-03 04:00:00,1.27538,1.2756,1.2738,1.27433,9859
2024-06-03 08:00:00,1.27433,1.27437,1.27042,1.27048,17840
2024-06-03 12:00:00,1.27048,1.2736,1.26946,1.27312,18550
2024-06-03 16:00:00,1.27312,1.27943,1.273,1.27791,23651
2024-06-03 20:00:00,1.27791,1.28087,1.27755,1.28074,10737
2024-06-04 00:00:00,1.28072,1.28176,1.27987,1.28121,6110
2024-06-04 04:00:00,1.28121,1.28129,1.28039,1.28096,7249
2024-06-04 08:00:00,1.28096,1.28128,1.27739,1.27766,18658
2024-06-04 12:00:00,1.27767,1.27789,1.27429,1.2765,22653
2024-06-04 16:00:00,1.2765,1.27919,1.27589,1.27867,26490
2024-06-04 20:00:00,1.27866,1.27973,1.27673,1.27693,12594
2024-06-05 00:00:00,1.27699,1.27775,1.27598,1.27755,6054
2024-06-05 04:00:00,1.27755,1.2781,1.27701,1.2774,8404
2024-06-05 08:00:00,1.2774,1.27829,1.27647,1.2775,13995
2024-06-05 12:00:00,1.27749,1.27947,1.27668,1.27925,14636
2024-06-05 16:00:00,1.27925,1.27954,1.27554,1.27779,24141
2024-06-05 20:00:00,1.27779,1.27945,1.27748,1.2787,8697
2024-06-06 00:00:00,1.27861,1.28035,1.27794,1.28023,4545
2024-06-06 04:00:00,1.28023,1.28092,1.27945,1.27954,8208
2024-06-06 08:00:00,1.27954,1.28004,1.27757,1.27871,12623
2024-06-06 12:00:00,1.27872,1.27916,1.27663,1.27787,16383
2024-06-06 16:00:00,1.27787,1.27893,1.27626,1.27786,20498
2024-06-06 20:00:00,1.27786,1.27959,1.2778,1.27909,10364
2024-06-07 00:00:00,1.27883,1.27945,1.27836,1.27883,5091
2024-06-07 04:00:00,1.27883,1.27921,1.27836,1.27907,9664
2024-06-07 08:00:00,1.27907,1.28024,1.27819,1.27887,16258
2024-06-07 12:00:00,1.27887,1.28119,1.2725,1.2738,19433
2024-06-07 16:00:00,1.2738,1.2741,1.2716,1.27245,27150
2024-06-07 20:00:00,1.27241,1.27273,1.2718,1.2721,10187
2024-06-10 00:00:00,1.27277,1.27308,1.27097,1.27244,7072
2024-06-10 04:00:00,1.27244,1.27267,1.27106,1.27164,8365
2024-06-10 08:00:00,1.27164,1.2725,1.27058,1.27078,16193
2024-06-10 12:00:00,1.27078,1.27297,1.26881,1.27127,16684
2024-06-10 16:00:00,1.27127,1.27374,1.2704,1.27289,16240
2024-06-10 20:00:00,1.27289,1.27373,1.27244,1.27306,10604
2024-06-11 00:00:00,1.27301,1.27338,1.27185,1.27281,6399
2024-06-11 04:00:00,1.27281,1.27393,1.27247,1.27349,9553
2024-06-11 08:00:00,1.27349,1.27404,1.27138,1.27247,13849
2024-06-11 12:00:00,1.27248,1.27495,1.2723,1.27444,18976
2024-06-11 16:00:00,1.27444,1.2748,1.27059,1.27291,19135
2024-06-11 20:00:00,1.27291,1.27518,1.2727,1.27391,8526
2024-06-12 00:00:00,1.27398,1.27418,1.27308,1.27338,3457
2024-06-12 04:00:00,1.27338,1.27452,1.27331,1.27394,6505
2024-06-12 08:00:00,1.27394,1.27601,1.2737,1.27577,14370
2024-06-12 12:00:00,1.27577,1.28582,1.27489,1.28531,19483
2024-06-12 16:00:00,1.28531,1.28606,1.28259,1.28461,25414
2024-06-12 20:00:00,1.28461,1.28489,1.27913,1.27977,26899
2024-06-13 00:00:00,1.27975,1.28011,1.27904,1.27954,6473
2024-06-13 04:00:00,1.27954,1.27994,1.27802,1.27805,9725
2024-06-13 08:00:00,1.27805,1.27992,1.27726,1.27987,13165
2024-06-13 12:00:00,1.27986,1.28077,1.27618,1.27847,18292
2024-06-13 16:00:00,1.27848,1.27932,1.27384,1.27456,26028
2024-06-13 20:00:00,1.27455,1.27664,1.27453,1.27632,9827
2024-06-14 00:00:00,1.27622,1.27622,1.27505,1.27509,4463
2024-06-14 04:00:00,1.27509,1.27636,1.27491,1.27494,9097
2024-06-14 08:00:00,1.27494,1.27531,1.27201,1.27219,21350
2024-06-14 12:00:00,1.2722,1.2723,1.26702,1.26905,29128
2024-06-14 16:00:00,1.26904,1.26961,1.2657,1.26866,23616
2024-06-14 20:00:00,1.26866,1.26929,1.26787,1.2687,9572
2024-06-17 00:00:00,1.26841,1.26886,1.26728,1.26843,6229
2024-06-17 04:00:00,1.26843,1.26869,1.26767,1.26836,8154
2024-06-17 08:00:00,1.26836,1.26844,1.26612,1.26745,15310
2024-06-17 12:00:00,1.26744,1.2678,1.26591,1.26671,13832
2024-06-17 16:00:00,1.26672,1.26983,1.26643,1.26964,15645
2024-06-17 20:00:00,1.26964,1.27098,1.26954,1.27042,7422
2024-06-18 00:00:00,1.27044,1.27152,1.26942,1.27099,4359
2024-06-18 04:00:00,1.27099,1.27113,1.26932,1.26943,8473
2024-06-18 08:00:00,1.26942,1.2702,1.2673,1.26802,20383
2024-06-18 12:00:00,1.26801,1.26942,1.26692,1.26914,21418
2024-06-18 16:00:00,1.26913,1.27211,1.26856,1.27024,20759
2024-06-18 20:00:00,1.27024,1.27105,1.26984,1.27082,11662
2024-06-19 00:00:00,1.27083,1.27122,1.26973,1.27041,5436
2024-06-19 04:00:00,1.27041,1.27137,1.27034,1.27061,7223
2024-06-19 08:00:00,1.27061,1.27329,1.27002,1.27326,16172
2024-06-19 12:00:00,1.27326,1.27401,1.27156,1.27198,13889
2024-06-19 16:00:00,1.27198,1.27341,1.27169,1.27208,9793
2024-06-19 20:00:00,1.27207,1.2722,1.27142,1.27183,2142
2024-06-20 00:00:00,1.27159,1.2724,1.27093,1.27157,5475
2024-06-20 04:00:00,1.27157,1.27192,1.27101,1.27137,5909
2024-06-20 08:00:00,1.27137,1.27152,1.26959,1.26971,13084
2024-06-20 12:00:00,1.26971,1.27077,1.26752,1.26779,19297
2024-06-20 16:00:00,1.26781,1.26879,1.26595,1.26637,20083
2024-06-20 20:00:00,1.26636,1.26826,1.26547,1.26567,12445
2024-06-21 00:00:00,1.26567,1.26618,1.26514,1.26562,5871
2024-06-21 04:00:00,1.26562,1.26653,1.26549,1.26622,5688
2024-06-21 08:00:00,1.26622,1.26743,1.26303,1.26544,15331
2024-06-21 12:00:00,1.26544,1.2661,1.26313,1.26489,14695
2024-06-21 16:00:00,1.26488,1.26513,1.26222,1.2639,20489
2024-06-21 20:00:00,1.26391,1.26516,1.26357,1.26386,7210
2024-06-24 00:00:00,1.26385,1.26453,1.26328,1.26405,5946
2024-06-24 04:00:00,1.26405,1.26452,1.26329,1.26452,10310
2024-06-24 08:00:00,1.26452,1.26661,1.26447,1.26577,15646
2024-06-24 12:00:00,1.26577,1.26719,1.26571,1.26653,16546
2024-06-24 16:00:00,1.26655,1.2698,1.26654,1.26798,17930
2024-06-24 20:00:00,1.26798,1.26939,1.26731,1.26862,9525
2024-06-25 00:00:00,1.26816,1.26894,1.26796,1.26867,7137
2024-06-25 04:00:00,1.26867,1.26968,1.26836,1.26945,9382
2024-06-25 08:00:00,1.26945,1.27023,1.2683,1.27011,13802
2024-06-25 12:00:00,1.27011,1.27025,1.26753,1.268,15835
2024-06-25 16:00:00,1.268,1.26877,1.26704,1.26788,20449
2024-06-25 20:00:00,1.26787,1.26961,1.26771,1.2686,8361
2024-06-26 00:00:00,1.26844,1.26883,1.26772,1.2685,5969
2024-06-26 04:00:00,1.2685,1.26936,1.2684,1.26858,10241
2024-06-26 08:00:00,1.26858,1.26883,1.2662,1.2666,15221
2024-06-26 12:00:00,1.26658,1.26742,1.26398,1.2645,18996
2024-06-26 16:00:00,1.2645,1.26513,1.26182,1.26261,23876
2024-06-26 20:00:00,1.26261,1.26382,1.26157,1.26218,11038
2024-06-27 00:00:00,1.26214,1.26254,1.2613,1.26148,7682
2024-06-27 04:00:00,1.26148,1.26364,1.26145,1.26363,7753
2024-06-27 08:00:00,1.26363,1.26475,1.26266,1.26352,14472
2024-06-27 12:00:00,1.26352,1.26613,1.26345,1.26553,18113
2024-06-27 16:00:00,1.26553,1.26708,1.26438,1.26511,21821
2024-06-27 20:00:00,1.26512,1.26537,1.26378,1.26399,9774
2024-06-28 00:00:00,1.26391,1.26467,1.26287,1.26291,6018
2024-06-28 04:00:00,1.26291,1.26383,1.2622,1.26233,11485
2024-06-28 08:00:00,1.26233,1.26499,1.26228,1.26356,15193
2024-06-28 12:00:00,1.26356,1.26634,1.26312,1.26506,18009
2024-06-28 16:00:00,1.26504,1.26518,1.26197,1.26422,28335
2024-06-28 20:00:00,1.26422,1.26545,1.26311,1.26438,11424
2024-07-01 00:00:00,1.26476,1.26566,1.26309,1.26529,6928
2024-07-01 04:00:00,1.26528,1.26659,1.26503,1.26572,8423
2024-07-01 08:00:00,1.26572,1.26896,1.26567,1.2674,17904
2024-07-01 12:00:00,1.2674,1.26804,1.26582,1.26655,16572
2024-07-01 16:00:00,1.26655,1.27093,1.26365,1.26483,22695
2024-07-01 20:00:00,1.26483,1.26518,1.26336,1.26499,8487
2024-07-02 00:00:00,1.26498,1.26526,1.2639,1.26412,4735
2024-07-02 04:00:00,1.26412,1.26423,1.26321,1.26331,7367
2024-07-02 08:00:00,1.26331,1.26397,1.26157,1.26292,15222
2024-07-02 12:00:00,1.26291,1.26692,1.26272,1.26646,15350
2024-07-02 16:00:00,1.26646,1.26855,1.26617,1.26686,22510
2024-07-02 20:00:00,1.26685,1.2688,1.26671,1.26852,9893
2024-07-03 00:00:00,1.26848,1.26933,1.26752,1.26887,4279
2024-07-03 04:00:00,1.26887,1.26887,1.26817,1.26868,5484
2024-07-03 08:00:00,1.26868,1.27017,1.26783,1.26957,12188
2024-07-03 12:00:00,1.26957,1.27226,1.2692,1.27189,14416
2024-07-03 16:00:00,1.27188,1.27773,1.27185,1.27542,22033
2024-07-03 20:00:00,1.27541,1.27541,1.27339,1.27424,6876
2024-07-04 00:00:00,1.27408,1.27515,1.2737,1.27507,3415
2024-07-04 04:00:00,1.27507,1.27537,1.27412,1.27436,5386
2024-07-04 08:00:00,1.27436,1.27628,1.27411,1.27557,13045
2024-07-04 12:00:00,1.27556,1.27637,1.27472,1.27494,12156
2024-07-04 16:00:00,1.27494,1.27677,1.27472,1.27613,9487
2024-07-04 20:00:00,1.27613,1.27631,1.27578,1.27584,1398
2024-07-05 00:00:00,1.27584,1.27674,1.27538,1.27644,6292
2024-07-05 04:00:00,1.27644,1.27727,1.27617,1.27704,9388
2024-07-05 08:00:00,1.27704,1.27815,1.27633,1.27796,11069
2024-07-05 12:00:00,1.27795,1.28113,1.27639,1.28031,15874
2024-07-05 16:00:00,1.28031,1.28143,1.27872,1.27985,24208
2024-07-05 20:00:00,1.27985,1.28172,1.27981,1.28147,6590
2024-07-08 00:00:00,1.27953,1.28159,1.27872,1.28051,6793
2024-07-08 04:00:00,1.28051,1.2819,1.28028,1.28144,6534
2024-07-08 08:00:00,1.28145,1.28215,1.28,1.28193,15553
2024-07-08 12:00:00,1.28193,1.28401,1.28133,1.28384,14494
2024-07-08 16:00:00,1.28384,1.28458,1.282,1.28214,13774
2024-07-08 20:00:00,1.28214,1.28226,1.28058,1.28065,6287
2024-07-09 00:00:00,1.28054,1.28167,1.2801,1.28083,3927
2024-07-09 04:00:00,1.28083,1.28093,1.27987,1.28083,7895
2024-07-09 08:00:00,1.28083,1.28125,1.27962,1.28057,10888
2024-07-09 12:00:00,1.28057,1.28252,1.27937,1.28064,14635
2024-07-09 16:00:00,1.28064,1.28215,1.27779,1.27834,21472
2024-07-09 20:00:00,1.27834,1.27907,1.27817,1.27864,8017
2024-07-10 00:00:00,1.27858,1.27919,1.27788,1.27861,4907
2024-07-10 04:00:00,1.2786,1.27948,1.27845,1.27944,10158
2024-07-10 08:00:00,1.27944,1.28022,1.27888,1.27969,11402
2024-07-10 12:00:00,1.27969,1.28128,1.27968,1.28085,12888
2024-07-10 16:00:00,1.28085,1.28469,1.28064,1.28463,15222
2024-07-10 20:00:00,1.28463,1.28488,1.28347,1.2848,7341
2024-07-11 00:00:00,1.28479,1.28585,1.28465,1.28551,4285
2024-07-11 04:00:00,1.28551,1.28641,1.28495,1.28577,6968
2024-07-11 08:00:00,1.28577,1.28755,1.28554,1.28754,11468
2024-07-11 12:00:00,1.28754,1.29495,1.28691,1.29322,16957
2024-07-11 16:00:00,1.29319,1.29487,1.29041,1.29109,27566
2024-07-11 20:00:00,1.29109,1.2915,1.2899,1.29137,11185
2024-07-12 00:00:00,1.29143,1.29243,1.29033,1.29093,8732
2024-07-12 04:00:00,1.29093,1.29127,1.29022,1.29113,10970
2024-07-12 08:00:00,1.29113,1.29461,1.29028,1.29461,14955
2024-07-12 12:00:00,1.29461,1.29688,1.29304,1.29654,19124
2024-07-12 16:00:00,1.29654,1.29909,1.2958,1.29873,23108
2024-07-12 20:00:00,1.29873,1.29905,1.29808,1.29882,7382
2024-07-15 00:00:00,1.29626,1.29804,1.29621,1.29662,8337
2024-07-15 04:00:00,1.29662,1.29752,1.2962,1.29752,7216
2024-07-15 08:00:00,1.29752,1.29897,1.29637,1.29891,14764
2024-07-15 12:00:00,1.29891,1.29912,1.29675,1.29772,17340
2024-07-15 16:00:00,1.29772,1.29949,1.29678,1.29775,21246
2024-07-15 20:00:00,1.29775,1.29775,1.29621,1.29677,13372
2024-07-16 00:00:00,1.2967,1.29709,1.29614,1.29651,5990
2024-07-16 04:00:00,1.29651,1.29669,1.29616,1.29633,9005
2024-07-16 08:00:00,1.29633,1.29729,1.29515,1.29635,14010
2024-07-16 12:00:00,1.29634,1.298,1.29382,1.2947,18872
2024-07-16 16:00:00,1.2947,1.29585,1.29411,1.29546,18644
2024-07-16 20:00:00,1.29546,1.29771,1.29532,1.2973,8681
2024-07-17 00:00:00,1.29736,1.29783,1.29609,1.29696,6291
2024-07-17 04:00:00,1.29696,1.29787,1.29667,1.29684,7290
2024-07-17 08:00:00,1.29684,1.30307,1.29662,1.30287,20160
2024-07-17 12:00:00,1.30287,1.30446,1.30223,1.30324,18523
2024-07-17 16:00:00,1.30324,1.30364,1.29991,1.30041,22622
2024-07-17 20:00:00,1.30041,1.30121,1.30007,1.30081,12190
2024-07-18 00:00:00,1.30084,1.3011,1.30022,1.30037,7915
2024-07-18 04:00:00,1.30037,1.30074,1.29993,1.30018,10150
2024-07-18 08:00:00,1.30018,1.3013,1.29831,1.29861,18080
2024-07-18 12:00:00,1.29861,1.29966,1.29745,1.29816,15302
2024-07-18 16:00:00,1.29816,1.29852,1.29685,1.2972,24088
2024-07-18 20:00:00,1.2972,1.29724,1.29404,1.2943,14960
2024-07-19 00:00:00,1.29415,1.29516,1.29386,1.29448,7033
2024-07-19 04:00:00,1.29448,1.29469,1.29342,1.29387,9328
2024-07-19 08:00:00,1.29387,1.29418,1.29146,1.29173,16829
2024-07-19 12:00:00,1.29174,1.2929,1.29012,1.29203,16927
2024-07-19 16:00:00,1.29203,1.29266,1.2912,1.29144,19476
2024-07-19 20:00:00,1.29144,1.29186,1.29067,1.29122,10026
2024-07-22 00:00:00,1.2916,1.29396,1.2906,1.29287,10298
2024-07-22 04:00:00,1.29287,1.293,1.29123,1.2918,9966
2024-07-22 08:00:00,1.29179,1.29324,1.291,1.29277,15925
2024-07-22 12:00:00,1.29278,1.29425,1.29139,1.29166,17711
2024-07-22 16:00:00,1.29166,1.29198,1.29055,1.2918,18913
2024-07-22 20:00:00,1.2918,1.29336,1.2918,1.29336,10264
2024-07-23 00:00:00,1.29323,1.29351,1.29249,1.29285,7744
2024-07-23 04:00:00,1.29285,1.29339,1.29247,1.29281,8285
2024-07-23 08:00:00,1.29281,1.29288,1.29095,1.29235,16097
2024-07-23 12:00:00,1.29235,1.29258,1.28879,1.29058,18024
2024-07-23 16:00:00,1.29058,1.29178,1.29045,1.29102,18351
2024-07-23 20:00:00,1.29102,1.29133,1.29004,1.29069,9123
2024-07-24 00:00:00,1.2907,1.29088,1.28958,1.28971,6071
2024-07-24 04:00:00,1.28971,1.29,1.28841,1.28875,10172
2024-07-24 08:00:00,1.28875,1.29018,1.28775,1.28968,17330
2024-07-24 12:00:00,1.28968,1.293,1.28887,1.29284,18394
2024-07-24 16:00:00,1.29284,1.29375,1.29147,1.29262,21589
2024-07-24 20:00:00,1.29262,1.29275,1.28996,1.29065,12513
2024-07-25 00:00:00,1.29062,1.29092,1.28921,1.28961,11030
2024-07-25 04:00:00,1.28961,1.28986,1.28862,1.2889,13057
2024-07-25 08:00:00,1.2889,1.29136,1.28744,1.2886,22542
2024-07-25 12:00:00,1.2886,1.28942,1.28597,1.2875,21698
2024-07-25 16:00:00,1.2875,1.28921,1.28634,1.28831,28985
2024-07-25 20:00:00,1.28832,1.289,1.28495,1.28496,13921
2024-07-26 00:00:00,1.28504,1.28609,1.28479,1.2857,8123
2024-07-26 04:00:00,1.28569,1.2866,1.2854,1.28639,10911
2024-07-26 08:00:00,1.28639,1.28731,1.28571,1.28658,15899
2024-07-26 12:00:00,1.28658,1.28741,1.28552,1.28668,14867
2024-07-26 16:00:00,1.28667,1.28754,1.28499,1.28744,19383
2024-07-26 20:00:00,1.28744,1.28781,1.28643,1.2865,9694
2024-07-29 00:00:00,1.28556,1.28883,1.2855,1.28849,9457
2024-07-29 04:00:00,1.2885,1.28881,1.2874,1.28751,11913
2024-07-29 08:00:00,1.28751,1.28781,1.28083,1.28131,15877
2024-07-29 12:00:00,1.28131,1.28468,1.2807,1.28383,16118
2024-07-29 16:00:00,1.28383,1.28599,1.28234,1.28544,18465
2024-07-29 20:00:00,1.28544,1.28679,1.2854,1.2861,10046
2024-07-30 00:00:00,1.28616,1.28663,1.28512,1.28539,7306
2024-07-30 04:00:00,1.28539,1.28595,1.28453,1.2858,11317
2024-07-30 08:00:00,1.2858,1.28642,1.28437,1.28593,15357
2024-07-30 12:00:00,1.28594,1.28646,1.28288,1.2829,14289
2024-07-30 16:00:00,1.2829,1.28442,1.28201,1.28338,22044
2024-07-30 20:00:00,1.28338,1.28393,1.28271,1.28356,12458
2024-07-31 00:00:00,1.28352,1.28428,1.28268,1.28408,9914
2024-07-31 04:00:00,1.28408,1.28529,1.28354,1.28459,15409
2024-07-31 08:00:00,1.28459,1.28473,1.28212,1.28301,19820
2024-07-31 12:00:00,1.283,1.28541,1.28211,1.28479,20118
2024-07-31 16:00:00,1.28478,1.28543,1.28224,1.28365,23583
2024-07-31 20:00:00,1.28365,1.28644,1.28213,1.28554,22670
2024-08-01 00:00:00,1.28541,1.2863,1.28484,1.28536,10812
2024-08-01 04:00:00,1.28536,1.28609,1.28481,1.28505,12840
2024-08-01 08:00:00,1.28505,1.28536,1.27765,1.27792,20986
2024-08-01 12:00:00,1.27793,1.28237,1.2753,1.28104,22559
2024-08-01 16:00:00,1.28104,1.28396,1.27518,1.27542,27097
2024-08-01 20:00:00,1.27543,1.27584,1.2727,1.27386,16061
2024-08-02 00:00:00,1.27371,1.2743,1.27208,1.27237,12598
2024-08-02 04:00:00,1.27237,1.27296,1.2713,1.2725,13450
2024-08-02 08:00:00,1.2725,1.27398,1.27073,1.27355,21426
2024-08-02 12:00:00,1.27355,1.28086,1.27332,1.28025,21993
2024-08-02 16:00:00,1.28023,1.28405,1.27839,1.27888,35846
2024-08-02 20:00:00,1.27888,1.28128,1.27885,1.28049,14454
2024-08-05 00:00:00,1.28007,1.28153,1.278,1.2784,15741
2024-08-05 04:00:00,1.27841,1.28052,1.27782,1.28008,22888
2024-08-05 08:00:00,1.28009,1.28171,1.27102,1.27625,46300
2024-08-05 12:00:00,1.27624,1.27779,1.27273,1.27523,33636
2024-08-05 16:00:00,1.27524,1.27962,1.27484,1.27665,49706
2024-08-05 20:00:00,1.27664,1.2779,1.27443,1.27762,23968
2024-08-06 00:00:00,1.27733,1.28029,1.27625,1.28028,17930
2024-08-06 04:00:00,1.28028,1.28032,1.27722,1.2773,22275
2024-08-06 08:00:00,1.2773,1.27787,1.27299,1.27325,32685
2024-08-06 12:00:00,1.27324,1.27324,1.26727,1.26794,28481
2024-08-06 16:00:00,1.26793,1.27265,1.26787,1.2705,33412
2024-08-06 20:00:00,1.2705,1.27097,1.26848,1.26917,17747
2024-08-07 00:00:00,1.26908,1.27035,1.26809,1.27026,11407
2024-08-07 04:00:00,1.27027,1.27183,1.26934,1.27045,20244
2024-08-07 08:00:00,1.27045,1.27164,1.26875,1.2702,24493
2024-08-07 12:00:00,1.2702,1.2736,1.26974,1.27227,20613
2024-08-07 16:00:00,1.27227,1.2726,1.27047,1.27076,24922
2024-08-07 20:00:00,1.27076,1.27098,1.26834,1.26924,18845
2024-08-08 00:00:00,1.26908,1.2694,1.26784,1.26812,10492
2024-08-08 04:00:00,1.26812,1.27026,1.2681,1.26956,14272
2024-08-08 08:00:00,1.26957,1.27138,1.26902,1.27005,24086
2024-08-08 12:00:00,1.27005,1.27044,1.26651,1.26757,25645
2024-08-08 16:00:00,1.26757,1.27437,1.26757,1.27425,31289
2024-08-08 20:00:00,1.27425,1.27524,1.27346,1.27484,14145
2024-08-09 00:00:00,1.27434,1.27493,1.27381,1.27408,8792
2024-08-09 04:00:00,1.27408,1.27605,1.27407,1.27498,11386
2024-08-09 08:00:00,1.27498,1.27723,1.27478,1.27653,18548
2024-08-09 12:00:00,1.27652,1.27684,1.27263,1.27372,18967
2024-08-09 16:00:00,1.27372,1.27739,1.27315,1.2758,22932
2024-08-09 20:00:00,1.2758,1.27701,1.2754,1.27579,11764
2024-08-12 00:00:00,1.27624,1.27624,1.27469,1.27569,6308
2024-08-12 04:00:00,1.27569,1.27636,1.27562,1.27632,8921
2024-08-12 08:00:00,1.27632,1.27823,1.276,1.2764,16603
2024-08-12 12:00:00,1.27638,1.27756,1.27529,1.27639,15741
2024-08-12 16:00:00,1.27639,1.27941,1.27572,1.27581,25200
2024-08-12 20:00:00,1.27581,1.27713,1.27556,1.27652,13415
2024-08-13 00:00:00,1.27612,1.27709,1.27594,1.27665,5926
2024-08-13 04:00:00,1.27665,1.27792,1.27644,1.27789,10724
2024-08-13 08:00:00,1.27789,1.28131,1.27763,1.2798,18757
2024-08-13 12:00:00,1.2798,1.28129,1.27795,1.28074,21566
2024-08-13 16:00:00,1.28073,1.28472,1.27999,1.28452,20756
2024-08-13 20:00:00,1.28452,1.28731,1.28438,1.28629,13755
2024-08-14 00:00:00,1.28594,1.28677,1.28522,1.28633,6031
2024-08-14 04:00:00,1.28635,1.28685,1.28541,1.28588,9655
2024-08-14 08:00:00,1.28588,1.28626,1.28164,1.28413,18434
2024-08-14 12:00:00,1.28413,1.286,1.28267,1.28401,19628
2024-08-14 16:00:00,1.28397,1.2864,1.28333,1.28381,23195
2024-08-14 20:00:00,1.2838,1.2838,1.28211,1.28254,12987
2024-08-15 00:00:00,1.28257,1.28319,1.28215,1.28273,5108
2024-08-15 04:00:00,1.28273,1.28408,1.28197,1.28401,8758
2024-08-15 08:00:00,1.28401,1.28582,1.28382,1.28438,14319
2024-08-15 12:00:00,1.28438,1.28697,1.28102,1.28179,16017
2024-08-15 16:00:00,1.28179,1.28718,1.27987,1.28517,25224
2024-08-15 20:00:00,1.28517,1.28646,1.28483,1.28533,12264
2024-08-16 00:00:00,1.28505,1.28638,1.28486,1.28627,6790
2024-08-16 04:00:00,1.28627,1.28753,1.28604,1.28729,7201
2024-08-16 08:00:00,1.28729,1.28914,1.28705,1.28855,12822
2024-08-16 12:00:00,1.28855,1.2914,1.28849,1.28974,11084
2024-08-16 16:00:00,1.28974,1.29217,1.28817,1.29209,15234
2024-08-16 20:00:00,1.29208,1.2946,1.29208,1.2945,9256
2024-08-19 00:00:00,1.29346,1.29533,1.29304,1.29452,6126
2024-08-19 04:00:00,1.29452,1.29603,1.29438,1.29534,8150
2024-08-19 08:00:00,1.29534,1.29758,1.29527,1.29719,18097
2024-08-19 12:00:00,1.29719,1.29724,1.29426,1.29508,15960
2024-08-19 16:00:00,1.29508,1.29974,1.29406,1.29818,18468
2024-08-19 20:00:00,1.29818,1.29963,1.29791,1.29907,10910
2024-08-20 00:00:00,1.29869,1.2994,1.298,1.2986,5107
2024-08-20 04:00:00,1.2986,1.29932,1.2977,1.29798,9422
2024-08-20 08:00:00,1.29797,1.30131,1.29744,1.30009,17192
2024-08-20 12:00:00,1.30008,1.30299,1.29917,1.30272,16674
2024-08-20 16:00:00,1.30271,1.30525,1.30128,1.30252,22461
2024-08-20 20:00:00,1.30252,1.30362,1.30178,1.30337,11529
2024-08-21 00:00:00,1.30332,1.30385,1.30252,1.30346,6856
2024-08-21 04:00:00,1.30346,1.30362,1.30229,1.30266,9117
2024-08-21 08:00:00,1.30265,1.30315,1.30111,1.30132,18183
2024-08-21 12:00:00,1.30132,1.30483,1.30127,1.30451,15075
2024-08-21 16:00:00,1.30451,1.30914,1.30346,1.30893,30371
2024-08-21 20:00:00,1.30893,1.31196,1.30847,1.30909,14984
2024-08-22 00:00:00,1.30839,1.30969,1.30839,1.30901,6260
2024-08-22 04:00:00,1.30902,1.30915,1.30816,1.30839,8702
2024-08-22 08:00:00,1.30839,1.31289,1.30813,1.31139,15957
2024-08-22 12:00:00,1.31139,1.31279,1.30956,1.31187,18885
2024-08-22 16:00:00,1.31188,1.31294,1.30816,1.30863,24278
2024-08-22 20:00:00,1.30863,1.30948,1.30768,1.30917,14606
2024-08-23 00:00:00,1.30865,1.31014,1.30815,1.30986,5722
2024-08-23 04:00:00,1.30986,1.31097,1.30968,1.31096,8542
2024-08-23 08:00:00,1.31096,1.31314,1.31071,1.31313,14537
2024-08-23 12:00:00,1.31312,1.31367,1.31109,1.31197,15963
2024-08-23 16:00:00,1.31193,1.32303,1.31086,1.31909,33704
2024-08-23 20:00:00,1.31909,1.32211,1.31892,1.32164,15398
2024-08-26 00:00:00,1.3199,1.32199,1.3199,1.32147,7922
2024-08-26 04:00:00,1.32146,1.32224,1.3199,1.32009,8301
2024-08-26 08:00:00,1.32009,1.32101,1.319,1.31979,14638
2024-08-26 12:00:00,1.31979,1.32057,1.31801,1.32016,15797
2024-08-26 16:00:00,1.32015,1.32096,1.31806,1.31987,21825
2024-08-26 20:00:00,1.31987,1.32074,1.31819,1.3187,11809
2024-08-27 00:00:00,1.31854,1.31931,1.31801,1.31817,5802
2024-08-27 04:00:00,1.31817,1.31953,1.31813,1.31931,8033
2024-08-27 08:00:00,1.31931,1.32233,1.31915,1.32178,17292
2024-08-27 12:00:00,1.32178,1.32469,1.32038,1.3213,19435
2024-08-27 16:00:00,1.3213,1.32425,1.32128,1.32328,22941
2024-08-27 20:00:00,1.32329,1.32665,1.3232,1.32609,12798
2024-08-28 00:00:00,1.32593,1.32622,1.32482,1.32597,5785
2024-08-28 04:00:00,1.32597,1.32607,1.32403,1.32416,8511
2024-08-28 08:00:00,1.32417,1.32443,1.32172,1.32301,17637
2024-08-28 12:00:00,1.32302,1.32397,1.31991,1.32103,19753
2024-08-28 16:00:00,1.32103,1.32308,1.31742,1.31857,25437
2024-08-28 20:00:00,1.31857,1.31914,1.31677,1.31904,13466
2024-08-29 00:00:00,1.31903,1.32081,1.31874,1.32064,5368
2024-08-29 04:00:00,1.32064,1.32124,1.3197,1.32122,7743
2024-08-29 08:00:00,1.32122,1.3227,1.31684,1.31884,19762
2024-08-29 12:00:00,1.31884,1.32025,1.31538,1.3161,20896
2024-08-29 16:00:00,1.3161,1.31906,1.31456,1.31828,27235
2024-08-29 20:00:00,1.31827,1.31895,1.31635,1.31682,14499
2024-08-30 00:00:00,1.31659,1.31714,1.31556,1.3168,6099
2024-08-30 04:00:00,1.3168,1.31715,1.31603,1.31644,8106
2024-08-30 08:00:00,1.31644,1.32,1.31643,1.31832,14571
2024-08-30 12:00:00,1.3183,1.31895,1.31436,1.31553,17932
2024-08-30 16:00:00,1.31553,1.31643,1.31098,1.31192,29894
2024-08-30 20:00:00,1.31192,1.31365,1.31124,1.31297,12970
2024-09-02 00:00:00,1.31286,1.3138,1.31197,1.31338,4686
2024-09-02 04:00:00,1.31338,1.31375,1.31202,1.31258,6540
2024-09-02 08:00:00,1.31258,1.31461,1.31227,1.31349,13913
2024-09-02 12:00:00,1.31349,1.31479,1.31274,1.31427,12677
2024-09-02 16:00:00,1.31428,1.31551,1.31359,1.31419,10382
2024-09-02 20:00:00,1.31419,1.31477,1.31418,1.31462,1523
2024-09-03 00:00:00,1.3141,1.31496,1.31341,1.31372,6594
2024-09-03 04:00:00,1.31372,1.31471,1.3123,1.31249,10251
2024-09-03 08:00:00,1.31249,1.31399,1.31089,1.31224,17638
2024-09-03 12:00:00,1.31224,1.31394,1.31098,1.31307,18957
2024-09-03 16:00:00,1.31306,1.31464,1.30886,1.31034,27130
2024-09-03 20:00:00,1.31033,1.31168,1.30877,1.31148,12252
2024-09-04 00:00:00,1.31128,1.31154,1.3102,1.31042,7033
2024-09-04 04:00:00,1.31042,1.31187,1.31016,1.31176,9282
2024-09-04 08:00:00,1.31176,1.31278,1.31011,1.31209,17473
2024-09-04 12:00:00,1.31209,1.31271,1.31066,1.31235,16633
2024-09-04 16:00:00,1.31236,1.31754,1.31212,1.31506,24428
2024-09-04 20:00:00,1.31504,1.31531,1.31274,1.3148,13323
2024-09-05 00:00:00,1.31449,1.31492,1.31365,1.31437,8980
2024-09-05 04:00:00,1.31437,1.31565,1.31437,1.31476,7699
2024-09-05 08:00:00,1.31476,1.31716,1.31371,1.31695,14052
2024-09-05 12:00:00,1.31695,1.31801,1.31536,1.31612,18683
2024-09-05 16:00:00,1.31612,1.31787,1.31513,1.31734,23848
2024-09-05 20:00:00,1.31734,1.31855,1.31643,1.31803,13572
2024-09-06 00:00:00,1.31774,1.31817,1.31717,1.31784,5076
2024-09-06 04:00:00,1.31784,1.31799,1.3173,1.31787,7757
2024-09-06 08:00:00,1.31787,1.31932,1.31662,1.31676,15611
2024-09-06 12:00:00,1.31675,1.32388,1.31494,1.32101,21062
2024-09-06 16:00:00,1.32101,1.32169,1.31101,1.31204,43801
2024-09-06 20:00:00,1.31203,1.31394,1.31132,1.31312,18150
2024-09-09 00:00:00,1.31167,1.31415,1.31122,1.31303,6854
2024-09-09 04:00:00,1.31303,1.31434,1.31195,1.31196,8136
2024-09-09 08:00:00,1.31196,1.31199,1.30828,1.30883,14672
2024-09-09 12:00:00,1.30883,1.31001,1.30731,1.30834,14806
2024-09-09 16:00:00,1.30834,1.31009,1.30678,1.30973,18593
2024-09-09 20:00:00,1.30973,1.31022,1.307,1.30727,13008
2024-09-10 00:00:00,1.30736,1.30769,1.3058,1.30628,5792
2024-09-10 04:00:00,1.30628,1.30775,1.30618,1.3077,5568
2024-09-10 08:00:00,1.3077,1.31077,1.30735,1.30855,15908
2024-09-10 12:00:00,1.30855,1.31048,1.30687,1.30704,17491
2024-09-10 16:00:00,1.30704,1.30758,1.30496,1.30685,21493
2024-09-10 20:00:00,1.30685,1.30869,1.30661,1.30792,14196
2024-09-11 00:00:00,1.30798,1.30847,1.30675,1.30722,6230
2024-09-11 04:00:00,1.30722,1.31025,1.30704,1.31022,9672
2024-09-11 08:00:00,1.31022,1.31112,1.30777,1.30831,16924
2024-09-11 12:00:00,1.30831,1.30982,1.30469,1.30617,20872
2024-09-11 16:00:00,1.30617,1.30733,1.3002,1.30367,30911
2024-09-11 20:00:00,1.30367,1.30502,1.30356,1.30431,15902
2024-09-12 00:00:00,1.30426,1.30461,1.30341,1.30345,4699
2024-09-12 04:00:00,1.30345,1.3049,1.30322,1.30488,7841
2024-09-12 08:00:00,1.30487,1.30567,1.30327,1.30474,14248
2024-09-12 12:00:00,1.30474,1.30623,1.30377,1.3054,18707
2024-09-12 16:00:00,1.3054,1.3095,1.30503,1.30921,25051
2024-09-12 20:00:00,1.30921,1.31271,1.30857,1.31256,19384
2024-09-13 00:00:00,1.31237,1.3146,1.31193,1.31453,4844
2024-09-13 04:00:00,1.31453,1.3151,1.31377,1.31474,10482
2024-09-13 08:00:00,1.31473,1.31497,1.31245,1.31435,15313
2024-09-13 12:00:00,1.31435,1.31523,1.3115,1.31375,20014
2024-09-13 16:00:00,1.31375,1.31579,1.31233,1.31312,24232
2024-09-13 20:00:00,1.31312,1.31345,1.3118,1.3123,11323
2024-09-16 00:00:00,1.31212,1.31435,1.31182,1.31414,5026
2024-09-16 04:00:00,1.31414,1.31634,1.31384,1.31533,8237
2024-09-16 08:00:00,1.31532,1.31931,1.31528,1.31882,14534
2024-09-16 12:00:00,1.31884,1.32093,1.31829,1.31984,17210
2024-09-16 16:00:00,1.31983,1.32143,1.31914,1.32073,20699
2024-09-16 20:00:00,1.32073,1.32183,1.31975,1.32153,11505
2024-09-17 00:00:00,1.32158,1.32172,1.32003,1.3202,5156
2024-09-17 04:00:00,1.3202,1.32119,1.32003,1.32032,8837
2024-09-17 08:00:00,1.32032,1.32298,1.31987,1.32282,14163
2024-09-17 12:00:00,1.32281,1.32291,1.31996,1.32106,18910
2024-09-17 16:00:00,1.32107,1.32131,1.31524,1.3158,25378
2024-09-17 20:00:00,1.3158,1.31694,1.31462,1.31593,16711
2024-09-18 00:00:00,1.31606,1.31713,1.31508,1.31688,5304
2024-09-18 04:00:00,1.31688,1.31724,1.31581,1.31591,7383
2024-09-18 08:00:00,1.31591,1.3212,1.31565,1.32058,16029
2024-09-18 12:00:00,1.32058,1.32276,1.32048,1.32184,15364
2024-09-18 16:00:00,1.32185,1.32541,1.31953,1.32106,20101
2024-09-18 20:00:00,1.32106,1.32979,1.31754,1.32123,48273
2024-09-19 00:00:00,1.32134,1.32182,1.31686,1.31712,11387
2024-09-19 04:00:00,1.31712,1.32139,1.31537,1.32092,15486
2024-09-19 08:00:00,1.32092,1.32651,1.32086,1.32635,22541
2024-09-19 12:00:00,1.32636,1.33142,1.324,1.32401,27541
2024-09-19 16:00:00,1.32402,1.32895,1.32199,1.32814,29436
2024-09-19 20:00:00,1.32815,1.32894,1.32739,1.32845,18753
2024-09-20 00:00:00,1.32828,1.32842,1.32719,1.32777,6703
2024-09-20 04:00:00,1.32777,1.33017,1.32746,1.3293,10683
2024-09-20 08:00:00,1.3293,1.33404,1.32871,1.3301,22768
2024-09-20 12:00:00,1.3301,1.33233,1.3281,1.33208,17482
2024-09-20 16:00:00,1.33208,1.33318,1.32685,1.33264,28831
2024-09-20 20:00:00,1.33264,1.33275,1.33067,1.33205,17902
2024-09-23 00:00:00,1.3311,1.33231,1.33055,1.3311,5526
2024-09-23 04:00:00,1.3311,1.332,1.33072,1.33164,6881
2024-09-23 08:00:00,1.33164,1.33204,1.32485,1.32717,21216
2024-09-23 12:00:00,1.32717,1.33295,1.32714,1.33275,19160
2024-09-23 16:00:00,1.33274,1.33594,1.33128,1.33434,26072
2024-09-23 20:00:00,1.33435,1.33544,1.33373,1.33479,14339
2024-09-24 00:00:00,1.33464,1.33543,1.33363,1.33445,6096
2024-09-24 04:00:00,1.33446,1.33583,1.33403,1.33581,12423
2024-09-24 08:00:00,1.33581,1.33813,1.33319,1.33772,22164
2024-09-24 12:00:00,1.33772,1.33898,1.33591,1.3387,18380
2024-09-24 16:00:00,1.33871,1.3399,1.33678,1.33905,25864
2024-09-24 20:00:00,1.33905,1.34158,1.3388,1.3413,14082
2024-09-25 00:00:00,1.34124,1.34298,1.3407,1.34236,6158
2024-09-25 04:00:00,1.34236,1.34249,1.34107,1.34176,10681
2024-09-25 08:00:00,1.34176,1.34186,1.33757,1.33794,20619
2024-09-25 12:00:00,1.33794,1.33964,1.33641,1.33957,20849
2024-09-25 16:00:00,1.33956,1.34127,1.33277,1.33328,27706
2024-09-25 20:00:00,1.33328,1.3333,1.33126,1.33226,19601
2024-09-26 00:00:00,1.33217,1.33288,1.33127,1.33279,6217
2024-09-26 04:00:00,1.33279,1.33428,1.33211,1.33396,8427
2024-09-26 08:00:00,1.33396,1.3358,1.33344,1.33512,19254
2024-09-26 12:00:00,1.33512,1.33892,1.33494,1.33724,23527
2024-09-26 16:00:00,1.33724,1.34343,1.33511,1.34097,32639
2024-09-26 20:00:00,1.34097,1.34256,1.34087,1.34152,20251
2024-09-27 00:00:00,1.34149,1.3416,1.33976,1.33986,6542
2024-09-27 04:00:00,1.33986,1.34017,1.33805,1.33855,11172
2024-09-27 08:00:00,1.33855,1.33968,1.336,1.33741,23243
2024-09-27 12:00:00,1.33741,1.34265,1.33706,1.34246,21453
2024-09-27 16:00:00,1.34246,1.34277,1.33799,1.33834,28418
2024-09-27 20:00:00,1.33834,1.33885,1.33695,1.33712,17824
2024-09-30 00:00:00,1.33686,1.33847,1.3366,1.33827,5849
2024-09-30 04:00:00,1.33828,1.33897,1.33738,1.33882,10458
2024-09-30 08:00:00,1.33882,1.34233,1.33744,1.34181,19618
2024-09-30 12:00:00,1.34181,1.34182,1.33814,1.33866,16472
2024-09-30 16:00:00,1.33866,1.34172,1.33601,1.34022,28170
2024-09-30 20:00:00,1.34022,1.34084,1.33501,1.33761,22634
2024-10-01 00:00:00,1.33742,1.33825,1.33626,1.33752,9258
2024-10-01 04:00:00,1.33752,1.33894,1.33685,1.33807,13742
2024-10-01 08:00:00,1.33807,1.33851,1.33262,1.33316,23098
2024-10-01 12:00:00,1.33317,1.33389,1.33111,1.33185,22186
2024-10-01 16:00:00,1.33185,1.33276,1.32459,1.32547,35059
2024-10-01 20:00:00,1.32549,1.32904,1.32373,1.32845,25106
2024-10-02 00:00:00,1.32855,1.32863,1.32722,1.32769,6002
2024-10-02 04:00:00,1.32769,1.3296,1.32679,1.32697,12234
2024-10-02 08:00:00,1.32697,1.33056,1.32607,1.32969,20160
2024-10-02 12:00:00,1.32968,1.32977,1.32734,1.32736,20309
2024-10-02 16:00:00,1.32743,1.32834,1.32459,1.32712,25992
2024-10-02 20:00:00,1.32712,1.32753,1.32584,1.32666,15709
2024-10-03 00:00:00,1.32666,1.32724,1.32538,1.32616,9499
2024-10-03 04:00:00,1.32616,1.32632,1.32434,1.32442,14888
2024-10-03 08:00:00,1.32442,1.32463,1.31056,1.31165,29056
2024-10-03 12:00:00,1.31165,1.31287,1.30929,1.31139,24436
2024-10-03 16:00:00,1.31139,1.31318,1.30922,1.31254,33220
2024-10-03 20:00:00,1.31254,1.3132,1.31125,1.31231,16508
2024-10-04 00:00:00,1.31237,1.31341,1.3115,1.31309,5996
2024-10-04 04:00:00,1.3131,1.3136,1.31234,1.31275,13081
2024-10-04 08:00:00,1.31276,1.31675,1.31269,1.31566,19903
2024-10-04 12:00:00,1.31566,1.3175,1.30755,1.3079,24187
2024-10-04 16:00:00,1.3079,1.31194,1.30698,1.31153,33406
2024-10-04 20:00:00,1.31153,1.31296,1.31145,1.31198,16607
2024-10-07 00:00:00,1.31171,1.31282,1.30788,1.31224,9509
2024-10-07 04:00:00,1.31224,1.31346,1.31172,1.31173,10873
2024-10-07 08:00:00,1.31169,1.31228,1.30865,1.30888,19820
2024-10-07 12:00:00,1.30888,1.30899,1.30594,1.3079,21071
2024-10-07 16:00:00,1.30786,1.30942,1.30687,1.30898,23461
2024-10-07 20:00:00,1.30897,1.30967,1.30691,1.30825,13240
2024-10-08 00:00:00,1.30826,1.31004,1.30738,1.31003,6025
2024-10-08 04:00:00,1.31003,1.31038,1.30848,1.309,15876
2024-10-08 08:00:00,1.309,1.31042,1.30643,1.30998,19408
2024-10-08 12:00:00,1.30997,1.31135,1.30902,1.3101,16121
2024-10-08 16:00:00,1.3101,1.31123,1.3081,1.30883,20190
2024-10-08 20:00:00,1.30883,1.31052,1.30761,1.31049,15363
2024-10-09 00:00:00,1.31022,1.31047,1.30906,1.31001,4376
2024-10-09 04:00:00,1.31001,1.31024,1.30815,1.30842,14397
2024-10-09 08:00:00,1.30842,1.31018,1.30559,1.30777,20810
2024-10-09 12:00:00,1.30777,1.30957,1.30764,1.30828,14040
2024-10-09 16:00:00,1.30828,1.3089,1.30657,1.30684,18172
2024-10-09 20:00:00,1.30684,1.30761,1.306,1.30722,10568
2024-10-10 00:00:00,1.30695,1.30727,1.30625,1.30689,5912
2024-10-10 04:00:00,1.30689,1.30781,1.30671,1.30724,12785
2024-10-10 08:00:00,1.30724,1.3089,1.30677,1.30742,14595
2024-10-10 12:00:00,1.30742,1.30939,1.3023,1.3076,19467
2024-10-10 16:00:00,1.3076,1.3085,1.30253,1.30353,28603
2024-10-10 20:00:00,1.30353,1.30645,1.3022,1.30587,13113
2024-10-11 00:00:00,1.30577,1.3064,1.3047,1.3064,6827
2024-10-11 04:00:00,1.3064,1.30669,1.30485,1.30496,6933
2024-10-11 08:00:00,1.30496,1.30812,1.30418,1.30735,12023
2024-10-11 12:00:00,1.30735,1.30818,1.30519,1.30651,14132
2024-10-11 16:00:00,1.30651,1.30832,1.3057,1.30724,17813
2024-10-11 20:00:00,1.30724,1.30782,1.3063,1.30692,7697
2024-10-14 00:00:00,1.30566,1.30668,1.30408,1.30512,5644
2024-10-14 04:00:00,1.30512,1.30628,1.30425,1.30591,10158
2024-10-14 08:00:00,1.30591,1.3072,1.30561,1.30668,12231
2024-10-14 12:00:00,1.30665,1.30678,1.3031,1.30345,12878
2024-10-14 16:00:00,1.30342,1.30602,1.30302,1.30518,16333
2024-10-14 20:00:00,1.30518,1.30616,1.30416,1.30597,9062
2024-10-15 00:00:00,1.30587,1.30677,1.30491,1.30659,4885
2024-10-15 04:00:00,1.30659,1.30692,1.30478,1.30502,8938
2024-10-15 08:00:00,1.30502,1.30866,1.30355,1.30765,16998
2024-10-15 12:00:00,1.30765,1.30969,1.30686,1.30884,13924
2024-10-15 16:00:00,1.30884,1.31029,1.30686,1.30696,20875
2024-10-15 20:00:00,1.30696,1.30748,1.30607,1.30741,10449
2024-10-16 00:00:00,1.30731,1.30741,1.30599,1.30647,6260
2024-10-16 04:00:00,1.30647,1.30774,1.30636,1.30741,9171
2024-10-16 08:00:00,1.30741,1.30767,1.29826,1.30037,21367
2024-10-16 12:00:00,1.30038,1.30379,1.30009,1.30151,14887
2024-10-16 16:00:00,1.30151,1.30313,1.2995,1.30043,16911
2024-10-16 20:00:00,1.30044,1.30056,1.2977,1.29891,8702
2024-10-17 00:00:00,1.29892,1.29972,1.29814,1.29877,6657
2024-10-17 04:00:00,1.29876,1.30014,1.29805,1.29839,10799
2024-10-17 08:00:00,1.29839,1.29963,1.2974,1.29779,13118
2024-10-17 12:00:00,1.29781,1.30232,1.29761,1.30089,16708
2024-10-17 16:00:00,1.30089,1.30189,1.29798,1.30106,25182
2024-10-17 20:00:00,1.30106,1.30154,1.30047,1.30107,10063
2024-10-18 00:00:00,1.30105,1.30196,1.3,1.3014,5042
2024-10-18 04:00:00,1.3014,1.30266,1.30139,1.30219,9724
2024-10-18 08:00:00,1.30219,1.30713,1.30203,1.30414,15951
2024-10-18 12:00:00,1.30414,1.30549,1.30343,1.30491,13943
2024-10-18 16:00:00,1.30491,1.30669,1.30201,1.30443,16196
2024-10-18 20:00:00,1.30442,1.30504,1.30383,1.30493,10372
2024-10-21 00:00:00,1.30415,1.30582,1.30402,1.30432,6359
2024-10-21 04:00:00,1.30432,1.3053,1.30387,1.30405,9265
2024-10-21 08:00:00,1.30405,1.30449,1.30121,1.30265,12235
2024-10-21 12:00:00,1.30265,1.30337,1.30134,1.30294,12503
2024-10-21 16:00:00,1.30294,1.3032,1.29786,1.2987,15003
2024-10-21 20:00:00,1.2987,1.29916,1.2977,1.2984,8888
2024-10-22 00:00:00,1.29845,1.29879,1.29766,1.29808,5872
2024-10-22 04:00:00,1.29808,1.3,1.29805,1.29998,11068
2024-10-22 08:00:00,1.29998,1.30154,1.29866,1.29892,13303
2024-10-22 12:00:00,1.29892,1.29923,1.29559,1.29561,14390
2024-10-22 16:00:00,1.29561,1.29832,1.29446,1.29748,17798
2024-10-22 20:00:00,1.29747,1.29858,1.29731,1.29849,9148
2024-10-23 00:00:00,1.29833,1.29892,1.29686,1.29768,5275
2024-10-23 04:00:00,1.29768,1.29917,1.29714,1.29888,11018
2024-10-23 08:00:00,1.29888,1.29951,1.29622,1.29843,12909
2024-10-23 12:00:00,1.29842,1.29873,1.29456,1.29531,13289
2024-10-23 16:00:00,1.29531,1.29619,1.29226,1.29285,16899
2024-10-23 20:00:00,1.29286,1.29341,1.29075,1.29205,11132
2024-10-24 00:00:00,1.29213,1.29272,1.29093,1.2926,5910
2024-10-24 04:00:00,1.2926,1.29307,1.29181,1.29307,11174
2024-10-24 08:00:00,1.29307,1.29727,1.29259,1.29613,16316
2024-10-24 12:00:00,1.29613,1.29825,1.29548,1.29743,15346
2024-10-24 16:00:00,1.29743,1.29882,1.29481,1.29596,18820
2024-10-24 20:00:00,1.29595,1.29779,1.29589,1.29771,10502
2024-10-25 00:00:00,1.29731,1.29765,1.2959,1.29687,5843
2024-10-25 04:00:00,1.29687,1.29731,1.29601,1.29645,7946
2024-10-25 08:00:00,1.29645,1.29799,1.2956,1.29757,12965
2024-10-25 12:00:00,1.29757,1.29967,1.29744,1.29923,10504
2024-10-25 16:00:00,1.29923,1.29987,1.29718,1.29766,15750
2024-10-25 20:00:00,1.29766,1.29775,1.29585,1.29614,11309
2024-10-28 00:00:00,1.29708,1.29708,1.29494,1.29533,7629
2024-10-28 04:00:00,1.29533,1.29592,1.29418,1.29467,10075
2024-10-28 08:00:00,1.29467,1.29782,1.29399,1.2976,11774
2024-10-28 12:00:00,1.2976,1.29973,1.29662,1.2988,13039
2024-10-28 16:00:00,1.29881,1.30015,1.29783,1.29797,16074
2024-10-28 20:00:00,1.29797,1.29827,1.29679,1.29697,10079
2024-10-29 00:00:00,1.29721,1.29772,1.2965,1.29726,4423
2024-10-29 04:00:00,1.29726,1.2975,1.29582,1.29616,10705
2024-10-29 08:00:00,1.29616,1.29899,1.29607,1.29842,12668
2024-10-29 12:00:00,1.29842,1.29927,1.29695,1.29776,14057
2024-10-29 16:00:00,1.29777,1.30118,1.29673,1.29993,24036
2024-10-29 20:00:00,1.29993,1.30148,1.29927,1.30143,11404
2024-10-30 00:00:00,1.30145,1.30171,1.30037,1.30133,6144
2024-10-30 04:00:00,1.30133,1.30203,1.29964,1.29986,10339
2024-10-30 08:00:00,1.29986,1.30249,1.2996,1.30177,13118
2024-10-30 12:00:00,1.30178,1.3027,1.29371,1.29494,20058
2024-10-30 16:00:00,1.29494,1.30434,1.29467,1.29986,27399
2024-10-30 20:00:00,1.29987,1.30001,1.29597,1.29623,14945
2024-10-31 00:00:00,1.29613,1.29672,1.29492,1.29495,6896
2024-10-31 04:00:00,1.29495,1.29593,1.29428,1.29502,9635
2024-10-31 08:00:00,1.29502,1.29994,1.2948,1.29802,13965
2024-10-31 12:00:00,1.29802,1.29998,1.29582,1.29782,18651
2024-10-31 16:00:00,1.29782,1.29981,1.28438,1.28639,32492
2024-10-31 20:00:00,1.2864,1.28997,1.28556,1.28992,15692
2024-11-01 00:00:00,1.28985,1.29032,1.28891,1.28952,4932
2024-11-01 04:00:00,1.28952,1.29025,1.28889,1.28979,10202
2024-11-01 08:00:00,1.28979,1.29183,1.28846,1.29041,12185
2024-11-01 12:00:00,1.29044,1.29672,1.29042,1.29537,17185
2024-11-01 16:00:00,1.29538,1.29805,1.29439,1.29566,25642
2024-11-01 20:00:00,1.29565,1.29578,1.29161,1.29195,13435
2024-11-04 00:00:00,1.2966,1.29794,1.29496,1.29752,10757
2024-11-04 04:00:00,1.29752,1.2999,1.2972,1.29927,11759
2024-11-04 08:00:00,1.29927,1.29964,1.29454,1.29717,16000
2024-11-04 12:00:00,1.29717,1.29829,1.29516,1.29698,16020
2024-11-04 16:00:00,1.29699,1.29934,1.29343,1.29564,22379
2024-11-04 20:00:00,1.29564,1.29616,1.29419,1.29563,12085
2024-11-05 00:00:00,1.29566,1.29593,1.29477,1.29557,6463
2024-11-05 04:00:00,1.29557,1.29637,1.2953,1.296,7658
2024-11-05 08:00:00,1.296,1.29847,1.29578,1.29821,10463
2024-11-05 12:00:00,1.29821,1.29944,1.29789,1.29828,12108
2024-11-05 16:00:00,1.29829,1.30347,1.29811,1.30334,24517
2024-11-05 20:00:00,1.30335,1.30424,1.30162,1.30416,11388
2024-11-06 00:00:00,1.30412,1.3048,1.2949,1.29669,30798
2024-11-06 04:00:00,1.29668,1.29697,1.28631,1.28886,54556
2024-11-06 08:00:00,1.28886,1.29238,1.28465,1.29011,49198
2024-11-06 12:00:00,1.29009,1.29095,1.2841,1.28646,40218
2024-11-06 16:00:00,1.28646,1.29088,1.28342,1.28898,43598
2024-11-06 20:00:00,1.28898,1.29196,1.28789,1.2879,20641
2024-11-07 00:00:00,1.28788,1.2892,1.28717,1.28894,9138
2024-11-07 04:00:00,1.28895,1.29344,1.28889,1.29308,10274
2024-11-07 08:00:00,1.29307,1.29474,1.29072,1.29075,23752
2024-11-07 12:00:00,1.29075,1.2975,1.28973,1.29721,29933
2024-11-07 16:00:00,1.29721,1.30093,1.29643,1.29899,31230
2024-11-07 20:00:00,1.299,1.29917,1.29483,1.29871,30661
2024-11-08 00:00:00,1.29855,1.2989,1.29645,1.29733,8339
2024-11-08 04:00:00,1.29733,1.29766,1.29619,1.29698,10955
2024-11-08 08:00:00,1.29698,1.29744,1.29354,1.29601,25054
2024-11-08 12:00:00,1.29602,1.29766,1.29278,1.29414,21128
2024-11-08 16:00:00,1.29414,1.29483,1.28835,1.28972,31508
2024-11-08 20:00:00,1.28972,1.29253,1.28962,1.29196,13940
2024-11-11 00:00:00,1.2908,1.29258,1.28891,1.29181,9639
2024-11-11 04:00:00,1.2918,1.29234,1.29011,1.29153,8449
2024-11-11 08:00:00,1.29152,1.29223,1.28831,1.29004,19119
2024-11-11 12:00:00,1.29002,1.29069,1.2856,1.28668,19300
2024-11-11 16:00:00,1.28669,1.2878,1.28577,1.28642,20118
2024-11-11 20:00:00,1.28641,1.28702,1.28571,1.28693,8127
2024-11-12 00:00:00,1.2868,1.28735,1.28577,1.28613,8276
2024-11-12 04:00:00,1.28613,1.28613,1.28303,1.2833,14364
2024-11-12 08:00:00,1.28329,1.28329,1.27923,1.28237,25756
2024-11-12 12:00:00,1.28239,1.28316,1.28046,1.281,22547
2024-11-12 16:00:00,1.28101,1.28111,1.27191,1.27334,30952
2024-11-12 20:00:00,1.27334,1.2751,1.27325,1.27472,14082
2024-11-13 00:00:00,1.27476,1.27535,1.2731,1.27502,9515
2024-11-13 04:00:00,1.27502,1.27547,1.27374,1.27433,10501
2024-11-13 08:00:00,1.27433,1.27557,1.27298,1.27513,18359
2024-11-13 12:00:00,1.27513,1.27694,1.27365,1.27544,24212
2024-11-13 16:00:00,1.27543,1.27568,1.26864,1.27101,42869
2024-11-13 20:00:00,1.27102,1.27203,1.26999,1.2708,15358
2024-11-14 00:00:00,1.27075,1.27113,1.2692,1.2694,9034
2024-11-14 04:00:00,1.26941,1.26942,1.2673,1.26874,11521
2024-11-14 08:00:00,1.26873,1.26954,1.26553,1.26569,20190
2024-11-14 12:00:00,1.26569,1.26798,1.26299,1.26571,28983
2024-11-14 16:00:00,1.26571,1.27201,1.26558,1.27034,34702
2024-11-14 20:00:00,1.27036,1.27049,1.26474,1.26663,23741
2024-11-15 00:00:00,1.26656,1.26722,1.26564,1.26652,10688
2024-11-15 04:00:00,1.26653,1.26824,1.26652,1.2675,12420
2024-11-15 08:00:00,1.2675,1.26906,1.26488,1.26523,21411
2024-11-15 12:00:00,1.26524,1.26971,1.26405,1.26502,24670
2024-11-15 16:00:00,1.26502,1.26545,1.26144,1.26271,39769
2024-11-15 20:00:00,1.26271,1.2632,1.25972,1.26184,19737
2024-11-18 00:00:00,1.26163,1.26424,1.26048,1.26354,13439
2024-11-18 04:00:00,1.26354,1.26403,1.26205,1.26301,11606
2024-11-18 08:00:00,1.263,1.26408,1.2613,1.26298,20481
2024-11-18 12:00:00,1.26297,1.26321,1.26137,1.26251,19353
2024-11-18 16:00:00,1.2625,1.26687,1.26186,1.26657,23677
2024-11-18 20:00:00,1.26656,1.26866,1.26645,1.26772,12474
2024-11-19 00:00:00,1.26776,1.26801,1.26657,1.26772,7767
2024-11-19 04:00:00,1.26772,1.26894,1.26672,1.26692,10153
2024-11-19 08:00:00,1.26693,1.26797,1.26133,1.26274,27859
2024-11-19 12:00:00,1.26274,1.26534,1.2625,1.26357,25545
2024-11-19 16:00:00,1.26356,1.26823,1.26275,1.26712,30400
2024-11-19 20:00:00,1.26711,1.26854,1.26616,1.26827,12275
2024-11-20 00:00:00,1.26817,1.26954,1.26717,1.26896,7645
2024-11-20 04:00:00,1.26897,1.26936,1.26796,1.26838,8238
2024-11-20 08:00:00,1.26838,1.27147,1.26641,1.26693,21835
2024-11-20 12:00:00,1.26693,1.26754,1.26488,1.26738,20066
2024-11-20 16:00:00,1.26739,1.26749,1.26309,1.26542,27550
2024-11-20 20:00:00,1.26542,1.2655,1.26414,1.26528,12605
2024-11-21 00:00:00,1.26509,1.2659,1.2648,1.26549,6599
2024-11-21 04:00:00,1.2655,1.26603,1.26495,1.26501,8000
2024-11-21 08:00:00,1.26502,1.26579,1.26231,1.26323,23956
2024-11-21 12:00:00,1.26323,1.26577,1.26256,1.26475,21419
2024-11-21 16:00:00,1.26475,1.26527,1.25763,1.26001,35216
2024-11-21 20:00:00,1.26001,1.26054,1.25867,1.25892,13002
2024-11-22 00:00:00,1.25892,1.25942,1.25821,1.25881,9119
2024-11-22 04:00:00,1.25881,1.25942,1.25665,1.25687,11023
2024-11-22 08:00:00,1.25685,1.25817,1.24913,1.2512,34419
2024-11-22 12:00:00,1.2512,1.25405,1.24872,1.25203,28724
2024-11-22 16:00:00,1.25204,1.25378,1.25072,1.25302,32094
2024-11-22 20:00:00,1.25302,1.25353,1.25219,1.2533,13692
2024-11-25 00:00:00,1.2592,1.26049,1.2564,1.2594,13553
2024-11-25 04:00:00,1.25939,1.2607,1.25886,1.25946,11211
2024-11-25 08:00:00,1.25943,1.26051,1.25483,1.25737,23741
2024-11-25 12:00:00,1.25739,1.26135,1.25516,1.26114,23561
2024-11-25 16:00:00,1.26114,1.26132,1.25416,1.25545,31544
2024-11-25 20:00:00,1.25544,1.25786,1.25539,1.25682,14020
2024-11-26 00:00:00,1.25677,1.25733,1.2507,1.25267,23718
2024-11-26 04:00:00,1.25268,1.25627,1.25243,1.25482,15458
2024-11-26 08:00:00,1.25483,1.25786,1.25378,1.25718,25570
2024-11-26 12:00:00,1.25715,1.26165,1.2571,1.25824,26311
2024-11-26 16:00:00,1.25825,1.25882,1.25312,1.25372,33196
2024-11-26 20:00:00,1.25372,1.25692,1.25248,1.25689,16953
2024-11-27 00:00:00,1.25688,1.25801,1.25665,1.25747,12136
2024-11-27 04:00:00,1.25747,1.25757,1.25665,1.25681,11061
2024-11-27 08:00:00,1.2568,1.26164,1.25671,1.2604,24845
2024-11-27 12:00:00,1.26041,1.26629,1.25978,1.26626,23363
2024-11-27 16:00:00,1.26626,1.26945,1.26332,1.26747,35254
2024-11-27 20:00:00,1.26746,1.26825,1.26697,1.26791,13093
2024-11-28 00:00:00,1.26787,1.26831,1.2665,1.26728,9889
2024-11-28 04:00:00,1.26729,1.26754,1.2659,1.26642,11804
2024-11-28 08:00:00,1.26641,1.26685,1.26451,1.2651,21909
2024-11-28 12:00:00,1.26511,1.26742,1.26475,1.26638,15257
2024-11-28 16:00:00,1.26639,1.269,1.2661,1.26875,13419
2024-11-28 20:00:00,1.26876,1.26911,1.26842,1.26863,1976
2024-11-29 00:00:00,1.26846,1.27117,1.26754,1.2702,10689
2024-11-29 04:00:00,1.2702,1.27169,1.27014,1.27066,12087
2024-11-29 08:00:00,1.27066,1.27497,1.26902,1.26929,22048
2024-11-29 12:00:00,1.26928,1.27029,1.26772,1.26853,21126
2024-11-29 16:00:00,1.26852,1.27245,1.26717,1.27242,28666
2024-11-29 20:00:00,1.27243,1.2746,1.27235,1.27328,21066
2024-12-02 00:00:00,1.27189,1.27339,1.26862,1.26907,15655
2024-12-02 04:00:00,1.26906,1.26947,1.26801,1.26863,14219
2024-12-02 08:00:00,1.26863,1.27088,1.26788,1.27034,27191
2024-12-02 12:00:00,1.27033,1.27226,1.26622,1.26848,26105
2024-12-02 16:00:00,1.26848,1.26923,1.26171,1.26443,35383
2024-12-02 20:00:00,1.26443,1.26707,1.26407,1.26539,16374
2024-12-03 00:00:00,1.26496,1.26602,1.26426,1.26464,9189
2024-12-03 04:00:00,1.26464,1.26503,1.26382,1.26473,11298
2024-12-03 08:00:00,1.26472,1.26971,1.26429,1.26774,21855
2024-12-03 12:00:00,1.26774,1.26833,1.26434,1.26696,19775
2024-12-03 16:00:00,1.26696,1.26925,1.26365,1.26916,31710
2024-12-03 20:00:00,1.26914,1.26997,1.26655,1.26725,13923
2024-12-04 00:00:00,1.26727,1.26782,1.26599,1.26672,7920
2024-12-04 04:00:00,1.26673,1.2695,1.26518,1.26909,13001
2024-12-04 08:00:00,1.26909,1.27017,1.26298,1.26763,25020
2024-12-04 12:00:00,1.26765,1.26858,1.26607,1.26704,23127
2024-12-04 16:00:00,1.26704,1.27214,1.26626,1.27165,32000
2024-12-04 20:00:00,1.27165,1.27196,1.26865,1.26999,15842
2024-12-05 00:00:00,1.27018,1.27079,1.26928,1.26966,6583
2024-12-05 04:00:00,1.26966,1.27168,1.26942,1.27144,9056
2024-12-05 08:00:00,1.27143,1.27404,1.27122,1.27218,15869
2024-12-05 12:00:00,1.27218,1.27518,1.27137,1.27514,21015
2024-12-05 16:00:00,1.27515,1.27709,1.27333,1.27465,26652
2024-12-05 20:00:00,1.27464,1.27612,1.27318,1.27605,11772
2024-12-06 00:00:00,1.27582,1.27617,1.27397,1.27441,8601
2024-12-06 04:00:00,1.27442,1.27539,1.27422,1.2745,8486
2024-12-06 08:00:00,1.27449,1.27741,1.2741,1.27593,15411
2024-12-06 12:00:00,1.27595,1.28111,1.27497,1.27947,21829
2024-12-06 16:00:00,1.27948,1.27987,1.27211,1.27276,37153
2024-12-06 20:00:00,1.27277,1.27429,1.27236,1.27416,10989
2024-12-09 00:00:00,1.27306,1.27505,1.27286,1.27389,8190
2024-12-09 04:00:00,1.27389,1.27438,1.27171,1.272,9499
2024-12-09 08:00:00,1.272,1.27789,1.272,1.27685,18730
2024-12-09 12:00:00,1.27686,1.27845,1.27511,1.27786,17950
2024-12-09 16:00:00,1.27786,1.27989,1.27636,1.27705,21803
2024-12-09 20:00:00,1.27705,1.27716,1.27431,1.2751,10863
2024-12-10 00:00:00,1.27501,1.27524,1.27391,1.27473,7688
2024-12-10 04:00:00,1.27474,1.27547,1.27354,1.27541,11568
2024-12-10 08:00:00,1.27541,1.27633,1.27367,1.27545,16815
2024-12-10 12:00:00,1.27544,1.27658,1.27438,1.27506,18582
2024-12-10 16:00:00,1.27506,1.27627,1.27239,1.27456,24118
2024-12-10 20:00:00,1.27458,1.2778,1.27445,1.27719,11293
2024-12-11 00:00:00,1.27673,1.278,1.27624,1.27783,7789
2024-12-11 04:00:00,1.27784,1.27817,1.27628,1.27658,8674
2024-12-11 08:00:00,1.27658,1.27718,1.27273,1.27297,21363
2024-12-11 12:00:00,1.27297,1.27815,1.27131,1.27703,24820
2024-12-11 16:00:00,1.27698,1.2776,1.27339,1.27433,31397
2024-12-11 20:00:00,1.27434,1.27575,1.27328,1.27505,13189
2024-12-12 00:00:00,1.27497,1.27717,1.2745,1.27683,9002
2024-12-12 04:00:00,1.27683,1.27707,1.27607,1.27644,8748
2024-12-12 08:00:00,1.27645,1.27879,1.27546,1.2759,18268
2024-12-12 12:00:00,1.27589,1.27644,1.27193,1.2729,23953
2024-12-12 16:00:00,1.2729,1.27367,1.2671,1.27032,37509
2024-12-12 20:00:00,1.27032,1.27039,1.26667,1.26735,15438
2024-12-13 00:00:00,1.26724,1.26793,1.26641,1.26661,9007
2024-12-13 04:00:00,1.26662,1.26695,1.2657,1.2664,8249
2024-12-13 08:00:00,1.26639,1.26652,1.26188,1.26398,18992
2024-12-13 12:00:00,1.264,1.26685,1.26335,1.26648,19171
2024-12-13 16:00:00,1.26649,1.26656,1.26082,1.26209,23682
2024-12-13 20:00:00,1.26209,1.26283,1.26132,1.26195,10640
2024-12-16 00:00:00,1.26112,1.26361,1.26081,1.26357,8269
2024-12-16 04:00:00,1.26354,1.26394,1.26285,1.26364,7256
2024-12-16 08:00:00,1.26363,1.26716,1.26294,1.26537,15901
2024-12-16 12:00:00,1.26538,1.26644,1.26417,1.26639,14413
2024-12-16 16:00:00,1.26638,1.26983,1.2635,1.26824,25305
2024-12-16 20:00:00,1.26825,1.26989,1.26776,1.2683,9694
2024-12-17 00:00:00,1.26818,1.26983,1.26754,1.26895,7111
2024-12-17 04:00:00,1.26895,1.26978,1.26724,1.26744,7519
2024-12-17 08:00:00,1.26744,1.27067,1.2666,1.26866,18590
2024-12-17 12:00:00,1.26867,1.27082,1.26707,1.27023,19028
2024-12-17 16:00:00,1.27023,1.27286,1.26843,1.27199,23944
2024-12-17 20:00:00,1.27197,1.27283,1.27028,1.27126,10444
2024-12-18 00:00:00,1.27088,1.2722,1.27012,1.27106,6330
2024-12-18 04:00:00,1.27107,1.27121,1.2695,1.27021,7642
2024-12-18 08:00:00,1.27021,1.27241,1.26797,1.26877,16314
2024-12-18 12:00:00,1.26877,1.27224,1.26868,1.26911,18796
2024-12-18 16:00:00,1.2691,1.27096,1.26835,1.2705,21419
2024-12-18 20:00:00,1.27051,1.27184,1.25622,1.25723,42900
2024-12-19 00:00:00,1.25731,1.25904,1.25632,1.25898,15604
2024-12-19 04:00:00,1.25899,1.25968,1.25813,1.25853,12757
2024-12-19 08:00:00,1.25852,1.26668,1.25831,1.2661,26904
2024-12-19 12:00:00,1.2661,1.2661,1.25838,1.25921,29094
2024-12-19 16:00:00,1.2592,1.26026,1.25078,1.25104,36121
2024-12-19 20:00:00,1.25103,1.25312,1.24951,1.25006,16903
2024-12-20 00:00:00,1.25008,1.2507,1.24864,1.24897,8927
2024-12-20 04:00:00,1.24897,1.24908,1.24753,1.24868,10088
2024-12-20 08:00:00,1.24868,1.25177,1.24776,1.25033,23719
2024-12-20 12:00:00,1.25032,1.25596,1.24955,1.25542,21681
2024-12-20 16:00:00,1.25543,1.26141,1.25376,1.26034,34335
2024-12-20 20:00:00,1.26034,1.26084,1.25652,1.25672,14314
2024-12-23 00:00:00,1.25607,1.25832,1.25556,1.25811,8515
2024-12-23 04:00:00,1.25811,1.25883,1.25759,1.25776,7145
2024-12-23 08:00:00,1.25776,1.25834,1.25555,1.25693,13598
2024-12-23 12:00:00,1.25692,1.25722,1.25124,1.25254,15553
2024-12-23 16:00:00,1.25255,1.25386,1.25099,1.25209,20946
2024-12-23 20:00:00,1.2521,1.2539,1.25209,1.25356,12346
2024-12-24 00:00:00,1.25306,1.25385,1.2525,1.25317,6004
2024-12-24 04:00:00,1.25318,1.25419,1.25277,1.25379,7198
2024-12-24 08:00:00,1.25379,1.25449,1.25282,1.25339,9346
2024-12-24 12:00:00,1.25338,1.2568,1.25264,1.25657,12933
2024-12-24 16:00:00,1.25657,1.25747,1.25187,1.25193,16558
2024-12-24 20:00:00,1.25193,1.25497,1.2519,1.2539,5108
2024-12-26 00:00:00,1.25488,1.2552,1.25334,1.25417,6227
2024-12-26 04:00:00,1.25417,1.25484,1.25379,1.25446,5800
2024-12-26 08:00:00,1.25446,1.25454,1.25219,1.25309,7622
2024-12-26 12:00:00,1.2531,1.25348,1.25143,1.25238,9528
2024-12-26 16:00:00,1.25237,1.25251,1.25011,1.2516,16310
2024-12-26 20:00:00,1.25157,1.25365,1.25157,1.25267,11869
2024-12-27 00:00:00,1.25183,1.25321,1.25158,1.25231,7223
2024-12-27 04:00:00,1.2523,1.25288,1.25183,1.25203,7499
2024-12-27 08:00:00,1.25203,1.25345,1.2505,1.25088,11337
2024-12-27 12:00:00,1.25087,1.25744,1.25087,1.25742,14853
2024-12-27 16:00:00,1.25743,1.25926,1.25534,1.25602,24790
2024-12-27 20:00:00,1.25603,1.25835,1.256,1.25721,11843
2024-12-30 00:00:00,1.25722,1.25879,1.25609,1.25804,4287
2024-12-30 04:00:00,1.25803,1.25853,1.25754,1.25818,5693
2024-12-30 08:00:00,1.25818,1.2589,1.25616,1.25773,11802
2024-12-30 12:00:00,1.25772,1.26071,1.2553,1.25541,15930
2024-12-30 16:00:00,1.25542,1.25682,1.25063,1.25445,28552
2024-12-30 20:00:00,1.25446,1.25589,1.25411,1.25515,11893
2024-12-31 00:00:00,1.25411,1.25598,1.25366,1.25583,5825
2024-12-31 04:00:00,1.25583,1.25601,1.25444,1.25509,4716
2024-12-31 08:00:00,1.25509,1.25692,1.25417,1.25546,12738
2024-12-31 12:00:00,1.25547,1.25548,1.25201,1.25292,17692
2024-12-31 16:00:00,1.25293,1.25545,1.25054,1.25193,29689
2024-12-31 20:00:00,1.25186,1.25275,1.25057,1.25119,11433
2025-01-02 00:00:00,1.25125,1.25225,1.25075,1.25201,8589
2025-01-02 04:00:00,1.25201,1.25405,1.25201,1.25326,5153
2025-01-02 08:00:00,1.25325,1.25344,1.24801,1.24824,15132
2025-01-02 12:00:00,1.24824,1.24921,1.23963,1.24042,24662
2025-01-02 16:00:00,1.24042,1.24115,1.23521,1.23722,33981
2025-01-02 20:00:00,1.23723,1.23852,1.23639,1.23805,13727
2025-01-03 00:00:00,1.23713,1.23902,1.23658,1.23853,6879
2025-01-03 04:00:00,1.23852,1.23975,1.23841,1.23954,5791
2025-01-03 08:00:00,1.23954,1.24168,1.23872,1.2406,15407
2025-01-03 12:00:00,1.2406,1.24166,1.23865,1.24014,15312
2025-01-03 16:00:00,1.24015,1.24294,1.23879,1.24185,24060
2025-01-03 20:00:00,1.24185,1.24341,1.24154,1.24219,9346
2025-01-06 00:00:00,1.2418,1.24388,1.24107,1.24351,9863
2025-01-06 04:00:00,1.24351,1.24441,1.24315,1.24362,7464
2025-01-06 08:00:00,1.24362,1.24918,1.24355,1.24755,16814
2025-01-06 12:00:00,1.24756,1.25511,1.24551,1.25342,34466
2025-01-06 16:00:00,1.25343,1.25373,1.24685,1.25181,35799
2025-01-06 20:00:00,1.2518,1.25236,1.25024,1.25199,10018
2025-01-07 00:00:00,1.25144,1.25235,1.25042,1.25193,8167
2025-01-07 04:00:00,1.25192,1.25425,1.25166,1.25378,7084
2025-01-07 08:00:00,1.25378,1.25759,1.25317,1.25633,18680
2025-01-07 12:00:00,1.25634,1.25689,1.2524,1.25421,18888
2025-01-07 16:00:00,1.25422,1.25442,1.24801,1.25002,36768
2025-01-07 20:00:00,1.25001,1.25038,1.2477,1.2477,11930
2025-01-08 00:00:00,1.24767,1.24854,1.24714,1.24852,6660
2025-01-08 04:00:00,1.24852,1.24892,1.2478,1.24882,6439
2025-01-08 08:00:00,1.24881,1.24942,1.24402,1.24504,18612
2025-01-08 12:00:00,1.24504,1.24523,1.23207,1.23562,36582
2025-01-08 16:00:00,1.23563,1.23687,1.23242,1.23459,28612
2025-01-08 20:00:00,1.23459,1.23771,1.23457,1.23631,14705
2025-01-09 00:00:00,1.23605,1.23662,1.23479,1.23592,6942
2025-01-09 04:00:00,1.23592,1.23654,1.23289,1.23316,8575
2025-01-09 08:00:00,1.23316,1.23321,1.22383,1.22818,29865
2025-01-09 12:00:00,1.22818,1.23232,1.22515,1.23006,24632
2025-01-09 16:00:00,1.23006,1.23169,1.22873,1.23013,19062
2025-01-09 20:00:00,1.23012,1.23152,1.22967,1.23071,6759
2025-01-10 00:00:00,1.23035,1.23108,1.2294,1.23037,7424
2025-01-10 04:00:00,1.23038,1.23078,1.22743,1.22759,8391
2025-01-10 08:00:00,1.2276,1.23083,1.22668,1.23023,16793
2025-01-10 12:00:00,1.23024,1.2322,1.21912,1.22316,25326
2025-01-10 16:00:00,1.22317,1.22628,1.21952,1.22219,49289
2025-01-10 20:00:00,1.22218,1.22231,1.2202,1.22064,16796
2025-01-13 00:00:00,1.22016,1.22103,1.21888,1.21912,9661
2025-01-13 04:00:00,1.21912,1.21933,1.21259,1.21472,11220
2025-01-13 08:00:00,1.2147,1.21713,1.21016,1.21066,27761
2025-01-13 12:00:00,1.21063,1.21536,1.20995,1.21418,27230
2025-01-13 16:00:00,1.21413,1.21746,1.21324,1.21739,30759
2025-01-13 20:00:00,1.2174,1.2204,1.21634,1.2203,13643
2025-01-14 00:00:00,1.21981,1.22504,1.21893,1.22114,14499
2025-01-14 04:00:00,1.22114,1.22178,1.21919,1.22026,10889
2025-01-14 08:00:00,1.22026,1.22459,1.21761,1.21781,25480
2025-01-14 12:00:00,1.21782,1.21931,1.21371,1.21533,25242
2025-01-14 16:00:00,1.21533,1.22127,1.21408,1.21855,35374
2025-01-14 20:00:00,1.21856,1.22167,1.21836,1.22155,12422
2025-01-15 00:00:00,1.22102,1.22145,1.21993,1.21998,6638
2025-01-15 04:00:00,1.21999,1.22078,1.21923,1.21995,7375
2025-01-15 08:00:00,1.21995,1.22411,1.21596,1.22184,23810
2025-01-15 12:00:00,1.22183,1.23062,1.22014,1.2298,23209
2025-01-15 16:00:00,1.22979,1.23057,1.21935,1.22149,36947
2025-01-15 20:00:00,1.22149,1.2245,1.22129,1.22434,10199
2025-01-16 00:00:00,1.22343,1.22481,1.22269,1.22287,11410
2025-01-16 04:00:00,1.22292,1.22338,1.22068,1.2209,9335
2025-01-16 08:00:00,1.22089,1.22266,1.21895,1.21976,20360
2025-01-16 12:00:00,1.21975,1.22126,1.21747,1.21973,23237
2025-01-16 16:00:00,1.21973,1.22604,1.21766,1.22367,40564
2025-01-16 20:00:00,1.22366,1.22463,1.22271,1.22378,13382
2025-01-17 00:00:00,1.22362,1.22404,1.22295,1.22327,5595
2025-01-17 04:00:00,1.22327,1.22442,1.22123,1.22173,7364
2025-01-17 08:00:00,1.22173,1.22178,1.21605,1.21961,20741
2025-01-17 12:00:00,1.21962,1.22169,1.21756,1.2182,19899
2025-01-17 16:00:00,1.2182,1.22279,1.21607,1.21731,33344
2025-01-17 20:00:00,1.21731,1.21867,1.21648,1.21695,11687
2025-01-20 00:00:00,1.21656,1.21949,1.21607,1.21923,8382
2025-01-20 04:00:00,1.21923,1.2215,1.21857,1.22104,7396
2025-01-20 08:00:00,1.22105,1.22218,1.21657,1.21779,19115
2025-01-20 12:00:00,1.2178,1.22991,1.2178,1.22988,23868
2025-01-20 16:00:00,1.22988,1.23266,1.2256,1.22824,36033
2025-01-20 20:00:00,1.22824,1.23445,1.22789,1.2327,13783
2025-01-21 00:00:00,1.23203,1.23451,1.22479,1.22752,26792
2025-01-21 04:00:00,1.22752,1.23116,1.22726,1.22762,15255
2025-01-21 08:00:00,1.22761,1.22864,1.22347,1.22486,22281
2025-01-21 12:00:00,1.22485,1.22812,1.22292,1.22787,24922
2025-01-21 16:00:00,1.22787,1.23355,1.22699,1.23259,33338
2025-01-21 20:00:00,1.23259,1.23601,1.23232,1.23537,12348
2025-01-22 00:00:00,1.23468,1.23539,1.23227,1.23325,13152
2025-01-22 04:00:00,1.23326,1.2348,1.23285,1.23436,7393
2025-01-22 08:00:00,1.23435,1.23651,1.23116,1.23644,23927
2025-01-22 12:00:00,1.23643,1.23762,1.23359,1.23454,21760
2025-01-22 16:00:00,1.23452,1.23484,1.23073,1.23217,27686
2025-01-22 20:00:00,1.23217,1.23312,1.23136,1.23159,10797
2025-01-23 00:00:00,1.23104,1.23236,1.23074,1.23105,7540
2025-01-23 04:00:00,1.23106,1.23213,1.23019,1.23117,8537
2025-01-23 08:00:00,1.23116,1.23213,1.22934,1.2317,18460
2025-01-23 12:00:00,1.23169,1.23308,1.23,1.2323,16281
2025-01-23 16:00:00,1.23231,1.23757,1.23001,1.23723,25507
2025-01-23 20:00:00,1.23723,1.23727,1.2347,1.23521,10921
2025-01-24 00:00:00,1.23513,1.23587,1.23467,1.23547,5188
2025-01-24 04:00:00,1.23547,1.24042,1.23544,1.23995,13270
2025-01-24 08:00:00,1.23996,1.24477,1.23766,1.24278,21062
2025-01-24 12:00:00,1.24278,1.24362,1.24005,1.24146,14115
2025-01-24 16:00:00,1.24145,1.25019,1.24093,1.24879,21208
2025-01-24 20:00:00,1.24879,1.24956,1.24778,1.24815,9925
2025-01-27 00:00:00,1.24664,1.24728,1.24478,1.2449,9043
2025-01-27 04:00:00,1.2449,1.24632,1.24423,1.2447,10188
2025-01-27 08:00:00,1.2447,1.24865,1.24259,1.24863,19365
2025-01-27 12:00:00,1.24861,1.25233,1.24858,1.25028,20384
2025-01-27 16:00:00,1.25028,1.25116,1.24672,1.24749,22612
2025-01-27 20:00:00,1.24749,1.25002,1.24697,1.24993,12950
2025-01-28 00:00:00,1.24951,1.24978,1.24367,1.24506,14279
2025-01-28 04:00:00,1.24506,1.24549,1.24345,1.24451,10832
2025-01-28 08:00:00,1.24451,1.24559,1.24263,1.24484,16190
2025-01-28 12:00:00,1.24484,1.2452,1.24145,1.24241,14314
2025-01-28 16:00:00,1.2424,1.24471,1.2422,1.24286,18513
2025-01-28 20:00:00,1.24287,1.24454,1.24222,1.24421,10312
2025-01-29 00:00:00,1.24399,1.24476,1.24351,1.2436,6171
2025-01-29 04:00:00,1.2436,1.24553,1.24345,1.2454,6959
2025-01-29 08:00:00,1.2454,1.24633,1.24159,1.24205,14939
2025-01-29 12:00:00,1.24206,1.24284,1.23932,1.23978,16467
2025-01-29 16:00:00,1.23977,1.24493,1.23965,1.24422,22859
2025-01-29 20:00:00,1.24422,1.24579,1.2412,1.24491,24767
2025-01-30 00:00:00,1.24462,1.24602,1.24337,1.24498,6851
2025-01-30 04:00:00,1.24498,1.24557,1.24419,1.24481,8269
2025-01-30 08:00:00,1.24481,1.24627,1.24319,1.24433,13275
2025-01-30 12:00:00,1.24433,1.24714,1.24247,1.24673,17298
2025-01-30 16:00:00,1.2467,1.24769,1.24353,1.24446,22980
2025-01-30 20:00:00,1.24447,1.24643,1.24077,1.24168,15245
2025-01-31 00:00:00,1.2413,1.24315,1.24071,1.24188,8244
2025-01-31 04:00:00,1.24192,1.24278,1.2414,1.24208,8041
2025-01-31 08:00:00,1.24208,1.24398,1.24009,1.24215,14479
2025-01-31 12:00:00,1.24215,1.24316,1.24058,1.24134,14580
2025-01-31 16:00:00,1.24137,1.24718,1.23877,1.2454,25350
2025-01-31 20:00:00,1.2454,1.24614,1.23861,1.23879,25605
2025-02-03 00:00:00,1.2282,1.23239,1.22648,1.22882,21775
2025-02-03 04:00:00,1.22882,1.22885,1.22496,1.22774,18382
2025-02-03 08:00:00,1.22774,1.23233,1.2273,1.22927,22480
2025-02-03 12:00:00,1.22927,1.23751,1.22921,1.23651,20210
2025-02-03 16:00:00,1.23651,1.24365,1.23359,1.23939,39096
2025-02-03 20:00:00,1.23939,1.24546,1.23818,1.24494,19764
2025-02-04 00:00:00,1.24497,1.24538,1.24093,1.24215,9469
2025-02-04 04:00:00,1.24214,1.24275,1.23793,1.23978,12717
2025-02-04 08:00:00,1.23978,1.2437,1.23934,1.24251,17750
2025-02-04 12:00:00,1.2425,1.24348,1.23961,1.24285,14999
2025-02-04 16:00:00,1.24286,1.24932,1.24284,1.24826,23559
2025-02-04 20:00:00,1.24825,1.24905,1.24747,1.24809,10895
2025-02-05 00:00:00,1.2478,1.24899,1.24703,1.24704,7816
2025-02-05 04:00:00,1.24704,1.24826,1.24633,1.24676,9945
2025-02-05 08:00:00,1.24676,1.25288,1.24659,1.25175,15722
2025-02-05 12:00:00,1.25175,1.255,1.25122,1.25149,15487
2025-02-05 16:00:00,1.25149,1.25371,1.25016,1.25091,20147
2025-02-05 20:00:00,1.25091,1.25141,1.2498,1.25039,8947
2025-02-06 00:00:00,1.25047,1.25098,1.24984,1.25078,7169
2025-02-06 04:00:00,1.25075,1.25089,1.2483,1.2484,7541
2025-02-06 08:00:00,1.2484,1.24913,1.24179,1.24255,12400
2025-02-06 12:00:00,1.24255,1.24316,1.23604,1.23836,20427
2025-02-06 16:00:00,1.23835,1.24454,1.23818,1.24417,18791
2025-02-06 20:00:00,1.24419,1.24557,1.2433,1.24345,9858
2025-02-07 00:00:00,1.24322,1.24432,1.24227,1.24316,6834
2025-02-07 04:00:00,1.24316,1.244,1.24199,1.24217,7535
2025-02-07 08:00:00,1.24216,1.24686,1.24193,1.24594,10715
2025-02-07 12:00:00,1.24594,1.24921,1.24203,1.24304,15244
2025-02-07 16:00:00,1.24304,1.24668,1.23759,1.24027,31789
2025-02-07 20:00:00,1.24027,1.24219,1.23977,1.24005,11474
2025-02-10 00:00:00,1.23663,1.24006,1.23648,1.23832,11662
2025-02-10 04:00:00,1.23832,1.24089,1.23802,1.24007,8396
2025-02-10 08:00:00,1.24007,1.24209,1.23911,1.24088,14187
2025-02-10 12:00:00,1.24089,1.24224,1.23795,1.23906,12531
2025-02-10 16:00:00,1.23906,1.23943,1.23713,1.23805,14325
2025-02-10 20:00:00,1.23805,1.23813,1.23631,1.23663,6659
2025-02-11 00:00:00,1.23665,1.23694,1.23539,1.23598,7317
2025-02-11 04:00:00,1.23598,1.23632,1.23452,1.23617,8224
2025-02-11 08:00:00,1.23617,1.23783,1.23326,1.23653,11262
2025-02-11 12:00:00,1.23655,1.23991,1.23561,1.23981,11883
2025-02-11 16:00:00,1.23981,1.24261,1.23967,1.24236,14519
2025-02-11 20:00:00,1.24236,1.24548,1.2421,1.24466,10041
2025-02-12 00:00:00,1.24455,1.24537,1.2433,1.24503,7601
2025-02-12 04:00:00,1.24503,1.24587,1.24409,1.24454,9441
2025-02-12 08:00:00,1.24454,1.24658,1.2435,1.24464,12118
2025-02-12 12:00:00,1.24464,1.24619,1.23754,1.2389,16640
2025-02-12 16:00:00,1.23891,1.24838,1.2378,1.24776,28034
2025-02-12 20:00:00,1.24777,1.2483,1.2435,1.24432,12225
2025-02-13 00:00:00,1.24433,1.24578,1.2436,1.24566,9090
2025-02-13 04:00:00,1.24566,1.24959,1.24522,1.24911,10793
2025-02-13 08:00:00,1.24911,1.25175,1.24718,1.24913,16584
2025-02-13 12:00:00,1.24913,1.25053,1.24527,1.24711,17215
2025-02-13 16:00:00,1.2471,1.25432,1.24616,1.25216,21675
2025-02-13 20:00:00,1.25218,1.2568,1.24771,1.25659,17425
2025-02-14 00:00:00,1.25653,1.25719,1.25487,1.25638,8696
2025-02-14 04:00:00,1.25638,1.25655,1.25499,1.25538,7950
2025-02-14 08:00:00,1.25539,1.25962,1.2552,1.25879,15407
2025-02-14 12:00:00,1.25878,1.26092,1.25721,1.26032,14718
2025-02-14 16:00:00,1.26032,1.26305,1.26009,1.26092,17490
2025-02-14 20:00:00,1.26093,1.26105,1.25838,1.25856,7684
2025-02-17 00:00:00,1.25698,1.26007,1.25698,1.25996,9297
2025-02-17 04:00:00,1.25995,1.25997,1.25833,1.25886,11298
2025-02-17 08:00:00,1.25886,1.26046,1.25836,1.25913,13544
2025-02-17 12:00:00,1.25913,1.2608,1.25879,1.25932,10355
2025-02-17 16:00:00,1.25932,1.26266,1.25853,1.26228,8604
2025-02-17 20:00:00,1.26228,1.26349,1.26189,1.26254,3557
2025-02-18 00:00:00,1.26241,1.26244,1.25998,1.26058,7333
2025-02-18 04:00:00,1.26058,1.26128,1.2593,1.25983,9937
2025-02-18 08:00:00,1.25983,1.26231,1.25929,1.26074,14562
2025-02-18 12:00:00,1.26074,1.26099,1.25824,1.25925,13389
2025-02-18 16:00:00,1.25926,1.26205,1.25892,1.26003,15336
2025-02-18 20:00:00,1.26002,1.26135,1.25928,1.26135,8309
2025-02-19 00:00:00,1.26122,1.26387,1.26052,1.26137,10483
2025-02-19 04:00:00,1.26137,1.26248,1.26087,1.26246,10854
2025-02-19 08:00:00,1.26246,1.26348,1.26033,1.26046,15171
2025-02-19 12:00:00,1.26045,1.26057,1.25753,1.25909,14592
2025-02-19 16:00:00,1.25909,1.26068,1.25631,1.25729,17527
2025-02-19 20:00:00,1.25729,1.25904,1.25666,1.25852,10072
2025-02-20 00:00:00,1.25856,1.25944,1.25762,1.25831,9392
2025-02-20 04:00:00,1.25831,1.25995,1.2581,1.25938,13308
2025-02-20 08:00:00,1.25938,1.2616,1.2589,1.26141,14661
2025-02-20 12:00:00,1.26141,1.2623,1.25971,1.26131,15101
2025-02-20 16:00:00,1.26131,1.26604,1.26057,1.26526,19979
2025-02-20 20:00:00,1.26525,1.26715,1.2649,1.2669,8680
2025-02-21 00:00:00,1.26684,1.26744,1.26537,1.26559,10360
2025-02-21 04:00:00,1.2656,1.26744,1.26558,1.26601,12849
2025-02-21 08:00:00,1.26601,1.26787,1.26422,1.26504,17085
2025-02-21 12:00:00,1.26504,1.26568,1.26369,1.2646,12424
2025-02-21 16:00:00,1.2646,1.26681,1.26302,1.26449,18761
2025-02-21 20:00:00,1.26449,1.26453,1.2625,1.26314,12104
2025-02-24 00:00:00,1.26244,1.268,1.26244,1.26783,12698
2025-02-24 04:00:00,1.26783,1.26908,1.26709,1.26745,13354
2025-02-24 08:00:00,1.26745,1.26746,1.26258,1.26382,18532
2025-02-24 12:00:00,1.2638,1.26508,1.26263,1.2645,13809
2025-02-24 16:00:00,1.2645,1.265,1.2612,1.26401,19619
2025-02-24 20:00:00,1.26401,1.26507,1.26182,1.26244,11093
2025-02-25 00:00:00,1.26239,1.26288,1.26158,1.26232,8748
2025-02-25 04:00:00,1.26232,1.26384,1.26213,1.26374,13079
2025-02-25 08:00:00,1.26374,1.2639,1.26059,1.2624,18223
2025-02-25 12:00:00,1.26241,1.26776,1.26154,1.26707,17137
2025-02-25 16:00:00,1.26708,1.26775,1.26405,1.26633,21486
2025-02-25 20:00:00,1.26634,1.26775,1.26598,1.26662,13082
2025-02-26 00:00:00,1.26627,1.26779,1.26595,1.26645,8767
2025-02-26 04:00:00,1.26645,1.2667,1.26354,1.26386,10492
2025-02-26 08:00:00,1.26386,1.26645,1.26358,1.26536,15341
2025-02-26 12:00:00,1.26536,1.26645,1.26397,1.26538,14425
2025-02-26 16:00:00,1.26539,1.27159,1.26517,1.26846,22999
2025-02-26 20:00:00,1.26846,1.26965,1.26697,1.26767,13841
2025-02-27 00:00:00,1.26726,1.26843,1.26608,1.26646,9087
2025-02-27 04:00:00,1.26646,1.26667,1.26502,1.26546,13946
2025-02-27 08:00:00,1.26546,1.26787,1.26539,1.26786,15560
2025-02-27 12:00:00,1.26786,1.26887,1.26286,1.26324,18029
2025-02-27 16:00:00,1.26325,1.26452,1.26089,1.26126,22435
2025-02-27 20:00:00,1.26126,1.26295,1.25978,1.26006,12160
2025-02-28 00:00:00,1.25996,1.26105,1.25938,1.25945,9842
2025-02-28 04:00:00,1.25945,1.2601,1.25805,1.2586,13055
2025-02-28 08:00:00,1.2586,1.26071,1.25729,1.25952,16262
2025-02-28 12:00:00,1.25952,1.26104,1.25836,1.26027,14259
2025-02-28 16:00:00,1.26027,1.26219,1.25807,1.259,22235
2025-02-28 20:00:00,1.259,1.2591,1.25593,1.2577,16516
2025-03-03 00:00:00,1.2581,1.26139,1.25594,1.26086,12758
2025-03-03 04:00:00,1.26086,1.26135,1.25967,1.26051,12325
2025-03-03 08:00:00,1.26051,1.263,1.25826,1.26286,16549
2025-03-03 12:00:00,1.26287,1.26889,1.26287,1.26797,20473
2025-03-03 16:00:00,1.26797,1.2718,1.26726,1.27165,22426
2025-03-03 20:00:00,1.27165,1.27245,1.26801,1.27011,18432
2025-03-04 00:00:00,1.27002,1.27099,1.26879,1.26973,12520
2025-03-04 04:00:00,1.26972,1.26997,1.26788,1.26957,15933
2025-03-04 08:00:00,1.26957,1.27413,1.26887,1.27249,19641
2025-03-04 12:00:00,1.27248,1.27539,1.27044,1.27222,19738
2025-03-04 16:00:00,1.27222,1.2746,1.26997,1.27437,27636
2025-03-04 20:00:00,1.27437,1.27997,1.27415,1.2795,23534
2025-03-05 00:00:00,1.27946,1.27972,1.27764,1.27771,13670
2025-03-05 04:00:00,1.27772,1.27972,1.27677,1.27959,16333
2025-03-05 08:00:00,1.27958,1.28544,1.27873,1.28359,23459
2025-03-05 12:00:00,1.28359,1.2843,1.28039,1.28226,20717
2025-03-05 16:00:00,1.28226,1.28812,1.28199,1.28795,30922
2025-03-05 20:00:00,1.28795,1.29009,1.2864,1.28957,17592
2025-03-06 00:00:00,1.28934,1.29081,1.28871,1.2905,12755
2025-03-06 04:00:00,1.2905,1.29087,1.28833,1.29025,14005
2025-03-06 08:00:00,1.29025,1.29239,1.28691,1.28766,24776
2025-03-06 12:00:00,1.28766,1.28977,1.28658,1.28973,22938
2025-03-06 16:00:00,1.28971,1.29186,1.28804,1.2888,31469
2025-03-06 20:00:00,1.28879,1.29032,1.28709,1.28815,16447
2025-03-07 00:00:00,1.28776,1.28899,1.28722,1.28839,9478
2025-03-07 04:00:00,1.28839,1.28928,1.2877,1.28847,13651
2025-03-07 08:00:00,1.28847,1.29448,1.288,1.29385,17690
2025-03-07 12:00:00,1.29385,1.29426,1.29026,1.29028,20755
2025-03-07 16:00:00,1.29027,1.29372,1.28945,1.29075,30041
2025-03-07 20:00:00,1.29074,1.29299,1.28966,1.29214,15355
2025-03-10 00:00:00,1.29165,1.29438,1.29026,1.29382,10992
2025-03-10 04:00:00,1.29381,1.29458,1.29073,1.29074,12111
2025-03-10 08:00:00,1.29074,1.29229,1.28741,1.28778,17441
2025-03-10 12:00:00,1.2878,1.29457,1.28745,1.29337,22382
2025-03-10 16:00:00,1.29337,1.29466,1.28855,1.28946,24460
2025-03-10 20:00:00,1.28946,1.28948,1.28616,1.28781,14532
2025-03-11 00:00:00,1.2875,1.28889,1.28726,1.28858,8526
2025-03-11 04:00:00,1.28858,1.2898,1.2876,1.28946,17260
2025-03-11 08:00:00,1.28946,1.29374,1.28732,1.293,19987
2025-03-11 12:00:00,1.293,1.29517,1.29191,1.29449,17952
2025-03-11 16:00:00,1.29449,1.29566,1.29179,1.29373,27387
2025-03-11 20:00:00,1.29373,1.29657,1.29338,1.29497,16313
2025-03-12 00:00:00,1.29458,1.29503,1.29314,1.29359,7396
2025-03-12 04:00:00,1.29359,1.29436,1.29193,1.29239,13011
2025-03-12 08:00:00,1.29238,1.29422,1.29134,1.29422,15837
2025-03-12 12:00:00,1.29422,1.29871,1.29296,1.2943,19723
2025-03-12 16:00:00,1.2943,1.29828,1.29246,1.29729,23162
2025-03-12 20:00:00,1.29729,1.29807,1.29597,1.29626,12017
2025-03-13 00:00:00,1.29582,1.29683,1.29544,1.29669,5525
2025-03-13 04:00:00,1.29671,1.29736,1.29543,1.29623,11111
2025-03-13 08:00:00,1.29623,1.29661,1.29414,1.29481,15582
2025-03-13 12:00:00,1.29481,1.29663,1.29269,1.29327,19003
2025-03-13 16:00:00,1.29327,1.29603,1.2921,1.29468,21763
2025-03-13 20:00:00,1.29468,1.29555,1.29365,1.29505,10779
2025-03-14 00:00:00,1.2944,1.29588,1.29416,1.2945,5407
2025-03-14 04:00:00,1.2945,1.29491,1.29358,1.29413,15393
2025-03-14 08:00:00,1.29413,1.29498,1.29173,1.29329,16619
2025-03-14 12:00:00,1.2933,1.29543,1.29203,1.29419,20151
2025-03-14 16:00:00,1.29421,1.29459,1.2911,1.29253,20643
2025-03-14 20:00:00,1.29253,1.29386,1.29244,1.29363,9421
2025-03-17 00:00:00,1.292,1.29359,1.29168,1.29296,7245
2025-03-17 04:00:00,1.29296,1.29451,1.29286,1.29353,9182
2025-03-17 08:00:00,1.29353,1.29463,1.29282,1.29423,11852
2025-03-17 12:00:00,1.29423,1.29775,1.29408,1.29718,14005
2025-03-17 16:00:00,1.29718,1.29951,1.29675,1.2991,14914
2025-03-17 20:00:00,1.2991,1.29988,1.29855,1.29901,8097
2025-03-18 00:00:00,1.29893,1.29918,1.29818,1.29834,5418
2025-03-18 04:00:00,1.29834,1.29871,1.29708,1.29775,9217
2025-03-18 08:00:00,1.29775,1.30049,1.29679,1.29972,11365
2025-03-18 12:00:00,1.29968,1.30038,1.29514,1.29698,14644
2025-03-18 16:00:00,1.29698,1.29992,1.29539,1.29991,19898
2025-03-18 20:00:00,1.29991,1.30098,1.29971,1.30012,9685
2025-03-19 00:00:00,1.30007,1.30041,1.29942,1.29962,4710
2025-03-19 04:00:00,1.29962,1.30031,1.29859,1.29875,7304
2025-03-19 08:00:00,1.29875,1.2991,1.29576,1.29737,14526
2025-03-19 12:00:00,1.29737,1.29825,1.29572,1.29664,13266
2025-03-19 16:00:00,1.29664,1.29762,1.2955,1.29741,13753
2025-03-19 20:00:00,1.29741,1.30112,1.29557,1.30031,19369
2025-03-20 00:00:00,1.30018,1.30151,1.29893,1.30093,6054
2025-03-20 04:00:00,1.30093,1.30134,1.30004,1.30021,8762
2025-03-20 08:00:00,1.30021,1.30021,1.29626,1.29721,11762
2025-03-20 12:00:00,1.2972,1.29797,1.29362,1.29513,17372
2025-03-20 16:00:00,1.29513,1.29739,1.2936,1.29653,17211
2025-03-20 20:00:00,1.29653,1.29704,1.29563,1.29664,7695
2025-03-21 00:00:00,1.29653,1.29706,1.29588,1.29642,5175
2025-03-21 04:00:00,1.29642,1.29685,1.29379,1.29399,8038
2025-03-21 08:00:00,1.29399,1.29454,1.29223,1.29405,12361
2025-03-21 12:00:00,1.29405,1.29555,1.29326,1.29368,13136
2025-03-21 16:00:00,1.29368,1.29394,1.28879,1.29208,18697
2025-03-21 20:00:00,1.29208,1.29296,1.29091,1.29119,8134
2025-03-24 00:00:00,1.28916,1.29345,1.28876,1.29338,7035
2025-03-24 04:00:00,1.29338,1.29351,1.29112,1.29169,10664
2025-03-24 08:00:00,1.29169,1.29577,1.29127,1.2953,13377
2025-03-24 12:00:00,1.2953,1.29743,1.29396,1.29437,14657
2025-03-24 16:00:00,1.29437,1.295,1.28955,1.29037,20201
2025-03-24 20:00:00,1.29037,1.293,1.29005,1.29225,8843
2025-03-25 00:00:00,1.29224,1.29245,1.29159,1.29172,4353
2025-03-25 04:00:00,1.29172,1.29287,1.29118,1.29237,8338
2025-03-25 08:00:00,1.29236,1.2928,1.29018,1.29126,11424
2025-03-25 12:00:00,1.29124,1.29609,1.29112,1.2955,14485
2025-03-25 16:00:00,1.29549,1.29608,1.29332,1.29571,16780
2025-03-25 20:00:00,1.29571,1.29668,1.29394,1.29445,8430
2025-03-26 00:00:00,1.29433,1.29495,1.29334,1.29335,5068
2025-03-26 04:00:00,1.29335,1.29463,1.29271,1.29349,8656
2025-03-26 08:00:00,1.29349,1.29432,1.28864,1.29069,13240
2025-03-26 12:00:00,1.2907,1.29133,1.28825,1.28931,14846
2025-03-26 16:00:00,1.28933,1.29094,1.28744,1.2896,16504
2025-03-26 20:00:00,1.2896,1.28975,1.28794,1.28881,8831
2025-03-27 00:00:00,1.2889,1.28907,1.28709,1.28893,5071
2025-03-27 04:00:00,1.28893,1.29256,1.28891,1.2921,7045
2025-03-27 08:00:00,1.2921,1.29292,1.29014,1.29234,12871
2025-03-27 12:00:00,1.29234,1.29666,1.29115,1.29448,13798
2025-03-27 16:00:00,1.29448,1.29921,1.29227,1.29568,19993
2025-03-27 20:00:00,1.29569,1.2967,1.29456,1.29489,7485
2025-03-28 00:00:00,1.29481,1.29539,1.29409,1.29482,3854
2025-03-28 04:00:00,1.29482,1.29529,1.29408,1.29414,5723
2025-03-28 08:00:00,1.29414,1.29683,1.29375,1.29464,10219
2025-03-28 12:00:00,1.29464,1.29567,1.29225,1.2944,12411
2025-03-28 16:00:00,1.2944,1.2968,1.29342,1.29436,18424
2025-03-28 20:00:00,1.29436,1.2948,1.29294,1.29421,7471
2025-03-31 00:00:00,1.29129,1.29595,1.29129,1.29594,6353
2025-03-31 04:00:00,1.29594,1.29717,1.2955,1.29569,8206
2025-03-31 08:00:00,1.29569,1.29727,1.29355,1.29444,13999
2025-03-31 12:00:00,1.29443,1.29595,1.2918,1.29326,11884
2025-03-31 16:00:00,1.29326,1.29412,1.28864,1.29072,20579
2025-03-31 20:00:00,1.29066,1.29242,1.29047,1.29164,7707
2025-04-01 00:00:00,1.29178,1.29272,1.29108,1.29262,3690
2025-04-01 04:00:00,1.29262,1.29407,1.29176,1.29373,7151
2025-04-01 08:00:00,1.29373,1.29377,1.29025,1.29259,12468
2025-04-01 12:00:00,1.29258,1.29382,1.28855,1.28899,16041
2025-04-01 16:00:00,1.28899,1.29297,1.28794,1.29265,19856
2025-04-01 20:00:00,1.29265,1.29328,1.29083,1.2923,8412
2025-04-02 00:00:00,1.29228,1.29329,1.29099,1.29106,5032
2025-04-02 04:00:00,1.29106,1.29303,1.29062,1.29184,6437
2025-04-02 08:00:00,1.29184,1.29245,1.29004,1.29206,9950
2025-04-02 12:00:00,1.29206,1.295,1.29198,1.29432,11963
2025-04-02 16:00:00,1.29432,1.29789,1.2934,1.29705,17411
2025-04-02 20:00:00,1.29705,1.30248,1.29536,1.30102,17425
2025-04-03 00:00:00,1.29975,1.30572,1.29725,1.30403,19051
2025-04-03 04:00:00,1.30403,1.30771,1.30371,1.30586,16126
2025-04-03 08:00:00,1.30585,1.31684,1.30578,1.31623,25306
2025-04-03 12:00:00,1.31623,1.32072,1.3138,1.31579,30705
2025-04-03 16:00:00,1.31578,1.31964,1.31042,1.3105,32222
2025-04-03 20:00:00,1.31047,1.31086,1.30799,1.31009,14991
2025-04-04 00:00:00,1.30992,1.31083,1.30834,1.31014,9628
2025-04-04 04:00:00,1.31013,1.31095,1.30806,1.30976,15201
2025-04-04 08:00:00,1.30976,1.31137,1.29753,1.29827,25979
2025-04-04 12:00:00,1.29827,1.30494,1.29625,1.30012,43913
2025-04-04 16:00:00,1.3001,1.30175,1.28881,1.28948,45948
2025-04-04 20:00:00,1.28949,1.29142,1.28532,1.28922,26439
2025-04-07 00:00:00,1.28118,1.29319,1.28118,1.29093,26761
2025-04-07 04:00:00,1.29093,1.2916,1.28498,1.29021,23209
2025-04-07 08:00:00,1.29021,1.29339,1.28655,1.2871,36744
2025-04-07 12:00:00,1.2871,1.28765,1.28036,1.28372,38018
2025-04-07 16:00:00,1.28372,1.28461,1.27103,1.27301,46562
2025-04-07 20:00:00,1.27302,1.27783,1.2708,1.2723,25716
2025-04-08 00:00:00,1.27153,1.27654,1.27148,1.2752,9741
2025-04-08 04:00:00,1.27519,1.27919,1.27514,1.27859,14877
2025-04-08 08:00:00,1.27859,1.27967,1.27456,1.27527,25402
2025-04-08 12:00:00,1.27527,1.2796,1.27247,1.27758,27097
2025-04-08 16:00:00,1.27758,1.27937,1.27437,1.27726,36815
2025-04-08 20:00:00,1.27725,1.2815,1.2755,1.2765,27406
2025-04-09 00:00:00,1.27653,1.28157,1.2751,1.28149,16956
2025-04-09 04:00:00,1.28149,1.28568,1.28132,1.28554,25558
2025-04-09 08:00:00,1.2855,1.28641,1.27864,1.28253,34480
2025-04-09 12:00:00,1.28253,1.28371,1.27705,1.28035,33114
2025-04-09 16:00:00,1.28035,1.28148,1.27516,1.27651,29559
2025-04-09 20:00:00,1.27651,1.28374,1.27432,1.28248,39655
2025-04-10 00:00:00,1.28242,1.28467,1.28007,1.2844,12190
2025-04-10 04:00:00,1.28441,1.28609,1.2822,1.28592,16726
2025-04-10 08:00:00,1.28592,1.28816,1.28449,1.28692,25301
2025-04-10 12:00:00,1.28692,1.29567,1.28611,1.29249,28148
2025-04-10 16:00:00,1.29251,1.29787,1.28921,1.29544,36092
2025-04-10 20:00:00,1.29544,1.2996,1.29315,1.29697,25338
2025-04-11 00:00:00,1.29614,1.30476,1.29614,1.30163,19521
2025-04-11 04:00:00,1.30163,1.30469,1.29943,1.30212,25870
2025-04-11 08:00:00,1.30212,1.31336,1.29848,1.31088,33794
2025-04-11 12:00:00,1.31087,1.31451,1.30563,1.31228,33406
2025-04-11 16:00:00,1.31228,1.31344,1.30304,1.30513,38210
2025-04-11 20:00:00,1.30514,1.30836,1.3044,1.30787,18526
2025-04-14 00:00:00,1.30942,1.31062,1.3063,1.30972,15066
2025-04-14 04:00:00,1.30972,1.31285,1.30954,1.31045,14558
2025-04-14 08:00:00,1.31045,1.31875,1.30963,1.31712,19803
2025-04-14 12:00:00,1.31713,1.32012,1.31412,1.31457,18422
2025-04-14 16:00:00,1.31458,1.31925,1.31228,1.31663,26915
2025-04-14 20:00:00,1.31664,1.31998,1.31663,1.319,12607
2025-04-15 00:00:00,1.31891,1.31966,1.31639,1.31735,6671
2025-04-15 04:00:00,1.31736,1.32178,1.31692,1.32116,7989
2025-04-15 08:00:00,1.32116,1.32386,1.31842,1.32298,16588
2025-04-15 12:00:00,1.32298,1.3252,1.32185,1.32237,16315
2025-04-15 16:00:00,1.32237,1.32464,1.32054,1.32124,23501
2025-04-15 20:00:00,1.32125,1.32347,1.32063,1.3231,11794
2025-04-16 00:00:00,1.32297,1.32541,1.32148,1.32465,7177
2025-04-16 04:00:00,1.32466,1.32668,1.32429,1.32644,9398
2025-04-16 08:00:00,1.32644,1.32912,1.3257,1.32888,19635
2025-04-16 12:00:00,1.32888,1.32922,1.32504,1.326,17377
2025-04-16 16:00:00,1.32598,1.32716,1.32265,1.32339,19243
2025-04-16 20:00:00,1.3234,1.32493,1.3212,1.32402,15809
2025-04-17 00:00:00,1.32398,1.32436,1.32111,1.3212,8578
2025-04-17 04:00:00,1.32121,1.32298,1.32028,1.32098,10241
2025-04-17 08:00:00,1.32098,1.32479,1.32037,1.32395,14401
2025-04-17 12:00:00,1.32395,1.32503,1.32187,1.32496,16713
2025-04-17 16:00:00,1.32495,1.32732,1.32275,1.32579,22092
2025-04-17 20:00:00,1.3258,1.32728,1.32469,1.32678,9398
2025-04-18 00:00:00,1.32648,1.32832,1.3245,1.32808,19931
2025-04-18 04:00:00,1.32806,1.32833,1.32639,1.32682,63468
2025-04-18 08:00:00,1.32685,1.32793,1.32578,1.3273,70196
2025-04-18 12:00:00,1.32722,1.32803,1.32656,1.32762,60020
2025-04-18 16:00:00,1.32758,1.32855,1.32711,1.32834,50604
2025-04-18 20:00:00,1.32832,1.32989,1.32791,1.32948,39298
2025-04-21 00:00:00,1.3272,1.3356,1.32681,1.33461,10792
2025-04-21 04:00:00,1.33461,1.33869,1.33427,1.3383,10310
2025-04-21 08:00:00,1.3383,1.34164,1.33723,1.34146,13894
2025-04-21 12:00:00,1.34146,1.34221,1.33795,1.34041,14260
2025-04-21 16:00:00,1.34041,1.34089,1.33753,1.33789,17302
2025-04-21 20:00:00,1.33789,1.33847,1.3363,1.33798,7622
2025-04-22 00:00:00,1.33775,1.33847,1.33616,1.33707,6723
2025-04-22 04:00:00,1.33707,1.34102,1.33707,1.34025,10088
2025-04-22 08:00:00,1.34025,1.34239,1.33688,1.33873,20255
2025-04-22 12:00:00,1.33873,1.33905,1.33551,1.33717,17152
2025-04-22 16:00:00,1.3372,1.33904,1.33428,1.33464,20444
2025-04-22 20:00:00,1.33464,1.33545,1.3326,1.33316,10431
2025-04-23 00:00:00,1.3328,1.33337,1.32336,1.33057,16833
2025-04-23 04:00:00,1.33056,1.33178,1.3287,1.33054,11327
2025-04-23 08:00:00,1.33054,1.33285,1.3278,1.33196,18354
2025-04-23 12:00:00,1.33197,1.33391,1.32908,1.33041,16141
2025-04-23 16:00:00,1.33041,1.33196,1.325,1.32609,29852
2025-04-23 20:00:00,1.32609,1.32773,1.32503,1.32538,11700
2025-04-24 00:00:00,1.32508,1.32792,1.32438,1.32769,5964
2025-04-24 04:00:00,1.32769,1.32868,1.32653,1.327,6875
2025-04-24 08:00:00,1.327,1.33097,1.32649,1.33016,13314
2025-04-24 12:00:00,1.33016,1.33209,1.32976,1.33016,14230
2025-04-24 16:00:00,1.33016,1.33326,1.32903,1.33288,17532
2025-04-24 20:00:00,1.33288,1.33489,1.33154,1.33384,7680
2025-04-25 00:00:00,1.33369,1.33397,1.33061,1.33071,5874
2025-04-25 04:00:00,1.33071,1.33179,1.32793,1.3287,9741
2025-04-25 08:00:00,1.3287,1.33138,1.32739,1.33022,14780
2025-04-25 12:00:00,1.33022,1.33262,1.32869,1.33229,10691
2025-04-25 16:00:00,1.33229,1.33322,1.32979,1.33194,14559
2025-04-25 20:00:00,1.33194,1.33324,1.33098,1.33099,7190
2025-04-28 00:00:00,1.32806,1.33115,1.32806,1.33002,5955
2025-04-28 04:00:00,1.33002,1.33156,1.328,1.33153,6115
2025-04-28 08:00:00,1.33153,1.33338,1.32882,1.33288,12157
2025-04-28 12:00:00,1.33289,1.33547,1.33289,1.33424,11945
2025-04-28 16:00:00,1.33424,1.34206,1.33411,1.3413,19054
2025-04-28 20:00:00,1.3413,1.3444,1.3411,1.34425,8357
2025-04-29 00:00:00,1.34319,1.34435,1.34204,1.34256,5245
2025-04-29 04:00:00,1.34256,1.34425,1.3394,1.33961,8678
2025-04-29 08:00:00,1.33961,1.34259,1.33961,1.34109,12224
2025-04-29 12:00:00,1.34109,1.34145,1.33803,1.34094,11145
2025-04-29 16:00:00,1.34094,1.34212,1.33884,1.34073,16755
2025-04-29 20:00:00,1.34072,1.34108,1.33932,1.34068,8132
2025-04-30 00:00:00,1.34036,1.34149,1.33974,1.34026,5530
2025-04-30 04:00:00,1.34025,1.34116,1.33824,1.33908,8094
2025-04-30 08:00:00,1.33908,1.34065,1.33631,1.33674,12327
2025-04-30 12:00:00,1.33673,1.33745,1.33434,1.3352,15446
2025-04-30 16:00:00,1.33518,1.33591,1.33091,1.33466,21277
2025-04-30 20:00:00,1.33466,1.33581,1.3319,1.33304,10796
2025-05-01 00:00:00,1.33258,1.33312,1.33178,1.33192,6331
2025-05-01 04:00:00,1.33192,1.33194,1.3293,1.32937,8248
2025-05-01 08:00:00,1.32937,1.33334,1.32748,1.3325,12746
2025-05-01 12:00:00,1.3325,1.33455,1.3312,1.33161,13099
2025-05-01 16:00:00,1.3316,1.33272,1.32619,1.3281,18190
2025-05-01 20:00:00,1.3281,1.32868,1.32604,1.32779,8573
2025-05-02 00:00:00,1.32728,1.329,1.32702,1.32791,6400
2025-05-02 04:00:00,1.32791,1.33137,1.32757,1.33081,10589
2025-05-02 08:00:00,1.33081,1.3322,1.32824,1.3292,13896
2025-05-02 12:00:00,1.32919,1.33157,1.32594,1.32908,17224
2025-05-02 16:00:00,1.32908,1.33308,1.32765,1.32837,22203
2025-05-02 20:00:00,1.32837,1.3294,1.32633,1.32709,9262
2025-05-05 00:00:00,1.32594,1.32762,1.32566,1.32714,6054
2025-05-05 04:00:00,1.32714,1.33008,1.32714,1.32954,9217
2025-05-05 08:00:00,1.32954,1.33068,1.32756,1.32819,12578
2025-05-05 12:00:00,1.32821,1.33356,1.32821,1.33308,12940
2025-05-05 16:00:00,1.33308,1.33365,1.32703,1.32739,15796
2025-05-05 20:00:00,1.3274,1.32996,1.32721,1.32966,7650
2025-05-06 00:00:00,1.32957,1.32981,1.32674,1.32695,4543
2025-05-06 04:00:00,1.32695,1.33055,1.32602,1.33025,10357
2025-05-06 08:00:00,1.33025,1.33339,1.32854,1.33152,14008
2025-05-06 12:00:00,1.33152,1.34028,1.33081,1.33965,14405
2025-05-06 16:00:00,1.33965,1.33974,1.33517,1.33581,16729
2025-05-06 20:00:00,1.33581,1.33867,1.33565,1.33685,9137
2025-05-07 00:00:00,1.33599,1.33782,1.33334,1.33519,10028
2025-05-07 04:00:00,1.33519,1.33623,1.33356,1.33424,11512
2025-05-07 08:00:00,1.33424,1.33674,1.33356,1.3336,13506
2025-05-07 12:00:00,1.33361,1.33682,1.33229,1.33667,11718
2025-05-07 16:00:00,1.33667,1.33771,1.33328,1.33481,14345
2025-05-07 20:00:00,1.33481,1.33533,1.32801,1.32909,17682
2025-05-08 00:00:00,1.32895,1.33071,1.32848,1.32958,5804
2025-05-08 04:00:00,1.32958,1.33563,1.32936,1.33322,11465
2025-05-08 08:00:00,1.33322,1.3333,1.32613,1.32664,18267
2025-05-08 12:00:00,1.32664,1.33423,1.32412,1.3324,16440
2025-05-08 16:00:00,1.3324,1.3345,1.32619,1.32659,20267
2025-05-08 20:00:00,1.32659,1.32675,1.32365,1.32448,10407
2025-05-09 00:00:00,1.32452,1.32518,1.32196,1.32399,5361
2025-05-09 04:00:00,1.32399,1.32423,1.32121,1.32365,10978
2025-05-09 08:00:00,1.32365,1.32712,1.32236,1.32703,11506
2025-05-09 12:00:00,1.32703,1.3287,1.3262,1.32854,11211
2025-05-09 16:00:00,1.32854,1.33227,1.3284,1.33071,13684
2025-05-09 20:00:00,1.33071,1.3319,1.32966,1.33006,6495
2025-05-12 00:00:00,1.32576,1.32953,1.3255,1.3289,7065
2025-05-12 04:00:00,1.3289,1.32944,1.32752,1.32862,11001
2025-05-12 08:00:00,1.32862,1.32993,1.31591,1.31944,21784
2025-05-12 12:00:00,1.31944,1.32044,1.314,1.31962,18532
2025-05-12 16:00:00,1.31962,1.32155,1.3177,1.3178,18435
2025-05-12 20:00:00,1.3178,1.31847,1.31623,1.31761,9324
2025-05-13 00:00:00,1.31746,1.31854,1.31668,1.31785,6472
2025-05-13 04:00:00,1.31785,1.32011,1.3175,1.32009,9863
2025-05-13 08:00:00,1.32012,1.32172,1.31896,1.32115,14256
2025-05-13 12:00:00,1.32117,1.32445,1.32022,1.32434,13483
2025-05-13 16:00:00,1.32434,1.32946,1.32214,1.32925,19028
2025-05-13 20:00:00,1.32925,1.33161,1.32876,1.33039,7937
2025-05-14 00:00:00,1.33035,1.33165,1.32992,1.33138,6164
2025-05-14 04:00:00,1.33138,1.332,1.32983,1.33044,10372
2025-05-14 08:00:00,1.33044,1.33589,1.3291,1.33472,17115
2025-05-14 12:00:00,1.33471,1.33604,1.33163,1.33251,16926
2025-05-14 16:00:00,1.33251,1.33294,1.3271,1.32825,21365
2025-05-14 20:00:00,1.32825,1.32884,1.32534,1.32597,10119
2025-05-15 00:00:00,1.32528,1.32754,1.32523,1.32726,6144
2025-05-15 04:00:00,1.32728,1.32868,1.32724,1.32745,10546
2025-05-15 08:00:00,1.32745,1.33051,1.32624,1.32897,15148
2025-05-15 12:00:00,1.32898,1.33092,1.32673,1.33055,14889
2025-05-15 16:00:00,1.33055,1.33199,1.32638,1.32889,19454
2025-05-15 20:00:00,1.3289,1.33088,1.32867,1.33041,9000
2025-05-16 00:00:00,1.33012,1.33179,1.32946,1.33144,6594
2025-05-16 04:00:00,1.33144,1.33195,1.33066,1.33186,8926
2025-05-16 08:00:00,1.33186,1.33328,1.33015,1.33047,12815
2025-05-16 12:00:00,1.33047,1.3309,1.32736,1.32834,12550
2025-05-16 16:00:00,1.32833,1.32993,1.32507,1.32687,18709
2025-05-16 20:00:00,1.32687,1.32868,1.32679,1.3283,9461
2025-05-19 00:00:00,1.3264,1.33139,1.32615,1.3313,7876
2025-05-19 04:00:00,1.3313,1.3314,1.32904,1.32991,10835
2025-05-19 08:00:00,1.32991,1.33728,1.32928,1.33677,16459
2025-05-19 12:00:00,1.33677,1.3404,1.3363,1.33712,16825
2025-05-19 16:00:00,1.33712,1.3376,1.33459,1.33548,17756
2025-05-19 20:00:00,1.33548,1.33645,1.33449,1.3361,8127
2025-05-20 00:00:00,1.33598,1.33625,1.33448,1.33562,6659
2025-05-20 04:00:00,1.33562,1.3374,1.33471,1.33639,11747
2025-05-20 08:00:00,1.33639,1.3395,1.33637,1.33737,16306
2025-05-20 12:00:00,1.33737,1.33842,1.33355,1.33402,13641
2025-05-20 16:00:00,1.33403,1.33743,1.33349,1.33715,18300
2025-05-20 20:00:00,1.33716,1.33939,1.33699,1.33932,9081
2025-05-21 00:00:00,1.33924,1.34119,1.33778,1.34088,6042
2025-05-21 04:00:00,1.34087,1.34356,1.33989,1.34305,11324
2025-05-21 08:00:00,1.34305,1.34691,1.33909,1.3399,18005
2025-05-21 12:00:00,1.3399,1.34382,1.33888,1.34225,17915
2025-05-21 16:00:00,1.34227,1.34517,1.34147,1.34469,18344
2025-05-21 20:00:00,1.34469,1.34526,1.34131,1.34192,13506
2025-05-22 00:00:00,1.34193,1.34317,1.34049,1.34248,8243
2025-05-22 04:00:00,1.34248,1.34411,1.34165,1.34292,11504
2025-05-22 08:00:00,1.34292,1.34407,1.34016,1.34024,16614
2025-05-22 12:00:00,1.34024,1.34265,1.33909,1.34131,16560
2025-05-22 16:00:00,1.34131,1.34366,1.34056,1.3418,19511
2025-05-22 20:00:00,1.3418,1.343,1.34037,1.34179,9326
2025-05-23 00:00:00,1.34185,1.34358,1.34081,1.34322,5869
2025-05-23 04:00:00,1.34322,1.34557,1.34299,1.34523,7938
2025-05-23 08:00:00,1.34523,1.34918,1.3444,1.34883,12396
2025-05-23 12:00:00,1.34883,1.35337,1.3474,1.3518,21060
2025-05-23 16:00:00,1.3518,1.35238,1.34808,1.35219,19261
2025-05-23 20:00:00,1.35219,1.35394,1.35213,1.35375,8483
2025-05-26 00:00:00,1.35209,1.35613,1.35209,1.35611,8503
2025-05-26 04:00:00,1.35611,1.35934,1.35537,1.35826,12085
2025-05-26 08:00:00,1.35826,1.35926,1.3558,1.35644,12402
2025-05-26 12:00:00,1.35646,1.35682,1.35513,1.35559,8114
2025-05-26 16:00:00,1.35559,1.35683,1.35527,1.35643,7211
2025-05-26 20:00:00,1.35643,1.35652,1.35577,1.35631,3220
2025-05-27 00:00:00,1.35589,1.35852,1.35526,1.35825,5764
2025-05-27 04:00:00,1.35825,1.35869,1.35539,1.35553,8494
2025-05-27 08:00:00,1.35553,1.35736,1.3522,1.35369,17706
2025-05-27 12:00:00,1.35368,1.35625,1.35336,1.3562,13246
2025-05-27 16:00:00,1.3562,1.3565,1.35004,1.35074,17223
2025-05-27 20:00:00,1.35074,1.35153,1.35021,1.3507,6796
2025-05-28 00:00:00,1.35024,1.35226,1.35008,1.35153,4463
2025-05-28 04:00:00,1.35153,1.35166,1.34709,1.34724,13578
2025-05-28 08:00:00,1.34724,1.35112,1.34611,1.35093,13953
2025-05-28 12:00:00,1.35093,1.35197,1.34659,1.34693,12035
2025-05-28 16:00:00,1.34693,1.34894,1.34501,1.34747,18148
2025-05-28 20:00:00,1.34747,1.34796,1.34622,1.34697,8436
2025-05-29 00:00:00,1.34652,1.3471,1.34156,1.34285,13444
2025-05-29 04:00:00,1.34284,1.34467,1.34189,1.34401,11341
2025-05-29 08:00:00,1.34401,1.3475,1.34265,1.34604,15088
2025-05-29 12:00:00,1.34604,1.35054,1.34581,1.35016,16368
2025-05-29 16:00:00,1.35016,1.35072,1.34765,1.3493,19328
2025-05-29 20:00:00,1.3493,1.35047,1.34871,1.34913,8252
2025-05-30 00:00:00,1.34866,1.35098,1.34828,1.34966,7219
2025-05-30 04:00:00,1.34966,1.35112,1.34684,1.34717,11205
2025-05-30 08:00:00,1.34717,1.34857,1.34552,1.3466,14044
2025-05-30 12:00:00,1.3466,1.34995,1.34627,1.34928,14694
2025-05-30 16:00:00,1.34928,1.34945,1.3448,1.34608,20965
2025-05-30 20:00:00,1.34608,1.34766,1.34548,1.3455,9888
2025-06-02 00:00:00,1.34628,1.34923,1.34479,1.34885,6222
2025-06-02 04:00:00,1.34885,1.35059,1.34734,1.34888,9417
2025-06-02 08:00:00,1.34888,1.35576,1.34881,1.35433,14817
2025-06-02 12:00:00,1.35433,1.35555,1.35272,1.35427,14398
2025-06-02 16:00:00,1.35428,1.35598,1.35186,1.35227,19623
2025-06-02 20:00:00,1.35225,1.35498,1.35173,1.35439,8455
2025-06-03 00:00:00,1.3543,1.35595,1.35318,1.35476,5245
2025-06-03 04:00:00,1.35476,1.35477,1.35149,1.35241,10977
2025-06-03 08:00:00,1.35241,1.35375,1.35054,1.35154,12765
2025-06-03 12:00:00,1.35156,1.35266,1.3492,1.35038,12806
2025-06-03 16:00:00,1.35039,1.35335,1.34963,1.35185,17870
2025-06-03 20:00:00,1.35185,1.35293,1.35138,1.35181,7729
2025-06-04 00:00:00,1.35147,1.35334,1.351,1.35269,5679
2025-06-04 04:00:00,1.35269,1.35448,1.35107,1.35122,10511
2025-06-04 08:00:00,1.35122,1.35456,1.3501,1.354,13290
2025-06-04 12:00:00,1.354,1.35442,1.35119,1.35432,13925
2025-06-04 16:00:00,1.35432,1.35801,1.35315,1.35714,18483
2025-06-04 20:00:00,1.35714,1.35738,1.35454,1.35529,7952
2025-06-05 00:00:00,1.35521,1.35599,1.35449,1.35599,4949
2025-06-05 04:00:00,1.35598,1.35659,1.35408,1.35474,9902
2025-06-05 08:00:00,1.35474,1.35743,1.35426,1.35674,11428
2025-06-05 12:00:00,1.35674,1.35946,1.35606,1.35789,14629
2025-06-05 16:00:00,1.35791,1.36168,1.35711,1.35863,23804
2025-06-05 20:00:00,1.35865,1.35896,1.35667,1.35698,10721
2025-06-06 00:00:00,1.3568,1.35847,1.35648,1.3579,5468
2025-06-06 04:00:00,1.3579,1.35838,1.35658,1.3575,8764
2025-06-06 08:00:00,1.35751,1.35751,1.35347,1.35383,11910
2025-06-06 12:00:00,1.35383,1.35642,1.35185,1.35366,14683
2025-06-06 16:00:00,1.35364,1.35482,1.35077,1.35194,22664
2025-06-06 20:00:00,1.35194,1.35346,1.35159,1.35261,9210
2025-06-09 00:00:00,1.35166,1.35399,1.35162,1.35312,3871
2025-06-09 04:00:00,1.35313,1.35655,1.35313,1.35544,7184
2025-06-09 08:00:00,1.35544,1.3578,1.35488,1.35735,9782
2025-06-09 12:00:00,1.35735,1.35815,1.3534,1.35365,11065
2025-06-09 16:00:00,1.35365,1.35645,1.35247,1.35587,13569
2025-06-09 20:00:00,1.35586,1.35658,1.35483,1.35502,6004
2025-06-10 00:00:00,1.3544,1.35644,1.35399,1.35547,6177
2025-06-10 04:00:00,1.35547,1.35605,1.35196,1.35381,10156
2025-06-10 08:00:00,1.35382,1.3546,1.34564,1.34878,16932
2025-06-10 12:00:00,1.34878,1.35128,1.34801,1.35072,12224
2025-06-10 16:00:00,1.35072,1.35368,1.34979,1.34985,14593
2025-06-10 20:00:00,1.34985,1.35084,1.34903,1.34978,7620
2025-06-11 00:00:00,1.3496,1.35102,1.34905,1.3492,7499
2025-06-11 04:00:00,1.3492,1.34958,1.34747,1.34828,8342
2025-06-11 08:00:00,1.34828,1.34963,1.34644,1.34945,11291
2025-06-11 12:00:00,1.34945,1.35499,1.34851,1.35188,14943
2025-06-11 16:00:00,1.35189,1.35581,1.3502,1.35498,18284
2025-06-11 20:00:00,1.35498,1.35674,1.35362,1.35474,9328
2025-06-12 00:00:00,1.3541,1.35885,1.35391,1.35834,6901
2025-06-12 04:00:00,1.35834,1.35935,1.35671,1.35826,10162
2025-06-12 08:00:00,1.35826,1.35901,1.35228,1.35662,16314
2025-06-12 12:00:00,1.35661,1.36194,1.35601,1.36105,19234
2025-06-12 16:00:00,1.36105,1.36235,1.35822,1.35916,19642
2025-06-12 20:00:00,1.35916,1.36152,1.3584,1.36126,7228
2025-06-13 00:00:00,1.36116,1.36327,1.3559,1.35704,11821
2025-06-13 04:00:00,1.35704,1.35716,1.35304,1.35343,16507
2025-06-13 08:00:00,1.35343,1.35704,1.35215,1.35593,17336
2025-06-13 12:00:00,1.35593,1.35629,1.35231,1.35342,16708
2025-06-13 16:00:00,1.35342,1.36031,1.35164,1.35948,16646
2025-06-13 20:00:00,1.35948,1.35948,1.35587,1.35736,11446
2025-06-16 00:00:00,1.35613,1.35614,1.35344,1.35501,9359
2025-06-16 04:00:00,1.35499,1.35584,1.35349,1.35471,11994
2025-06-16 08:00:00,1.35471,1.35929,1.35471,1.35791,15229
2025-06-16 12:00:00,1.35791,1.3591,1.35739,1.35826,12935
2025-06-16 16:00:00,1.35826,1.36224,1.35825,1.36084,17995
2025-06-16 20:00:00,1.36085,1.36109,1.35726,1.35764,9507
2025-06-17 00:00:00,1.35725,1.35835,1.35574,1.35672,9341
2025-06-17 04:00:00,1.35672,1.35794,1.35589,1.35734,11076
2025-06-17 08:00:00,1.35734,1.35789,1.35482,1.35482,14369
2025-06-17 12:00:00,1.35483,1.3574,1.35417,1.35478,14182
2025-06-17 16:00:00,1.35478,1.3565,1.34663,1.34716,19160
2025-06-17 20:00:00,1.34716,1.34746,1.34154,1.34282,15425
2025-06-18 00:00:00,1.34236,1.34383,1.34141,1.34314,8045
2025-06-18 04:00:00,1.34314,1.34471,1.34271,1.34436,9472
2025-06-18 08:00:00,1.34436,1.34766,1.34381,1.34527,14056
2025-06-18 12:00:00,1.34528,1.34685,1.34382,1.34472,12757
2025-06-18 16:00:00,1.34472,1.34757,1.34351,1.34569,18601
2025-06-18 20:00:00,1.34569,1.34764,1.34007,1.34205,20556
2025-06-19 00:00:00,1.34174,1.34276,1.3408,1.34154,8518
2025-06-19 04:00:00,1.34155,1.3416,1.33872,1.3411,11411
2025-06-19 08:00:00,1.3411,1.34285,1.33827,1.34274,14897
2025-06-19 12:00:00,1.34274,1.34495,1.34043,1.34411,14694
2025-06-19 16:00:00,1.34411,1.34458,1.34172,1.34252,11887
2025-06-19 20:00:00,1.34252,1.347,1.34246,1.34676,6464
2025-06-20 00:00:00,1.34584,1.34903,1.34512,1.34881,7297
2025-06-20 04:00:00,1.34881,1.35001,1.3477,1.34954,10516
2025-06-20 08:00:00,1.34954,1.35009,1.34624,1.34912,13942
2025-06-20 12:00:00,1.34912,1.35111,1.34854,1.35016,13769
2025-06-20 16:00:00,1.35017,1.3506,1.34536,1.34707,17906
2025-06-20 20:00:00,1.34707,1.34766,1.34401,1.34463,9736
2025-06-23 00:00:00,1.34005,1.34418,1.33947,1.34219,11263
2025-06-23 04:00:00,1.34219,1.34383,1.34033,1.34098,13233
2025-06-23 08:00:00,1.34098,1.34486,1.34097,1.34144,17438
2025-06-23 12:00:00,1.34144,1.34171,1.33704,1.3392,18388
2025-06-23 16:00:00,1.3392,1.35062,1.33872,1.34922,23115
2025-06-23 20:00:00,1.34923,1.35309,1.349,1.35238,13567
2025-06-24 00:00:00,1.35219,1.35551,1.35128,1.35486,10791
2025-06-24 04:00:00,1.35486,1.35729,1.35353,1.35652,11413
2025-06-24 08:00:00,1.35652,1.36035,1.35596,1.36004,18662
2025-06-24 12:00:00,1.36004,1.36264,1.35945,1.3601,13450
2025-06-24 16:00:00,1.3601,1.36483,1.3591,1.36253,19157
2025-06-24 20:00:00,1.36253,1.3639,1.36125,1.36146,8840
2025-06-25 00:00:00,1.36113,1.3623,1.36082,1.36173,5453
2025-06-25 04:00:00,1.36173,1.36292,1.36113,1.36163,10166
2025-06-25 08:00:00,1.36163,1.36336,1.36064,1.36215,13178
2025-06-25 12:00:00,1.36216,1.36221,1.35907,1.35968,12928
2025-06-25 16:00:00,1.35968,1.36435,1.35941,1.36405,14529
2025-06-25 20:00:00,1.36405,1.36714,1.36365,1.36636,9858
2025-06-26 00:00:00,1.36617,1.36954,1.36482,1.36896,6873
2025-06-26 04:00:00,1.36896,1.3725,1.36771,1.37009,11662
2025-06-26 08:00:00,1.37009,1.37648,1.36966,1.37497,17700
2025-06-26 12:00:00,1.37497,1.37536,1.36997,1.37184,16890
2025-06-26 16:00:00,1.37184,1.37708,1.3707,1.37549,20228
2025-06-26 20:00:00,1.37549,1.37632,1.37227,1.37274,9650
2025-06-27 00:00:00,1.37248,1.37357,1.37165,1.37306,7126
2025-06-27 04:00:00,1.37305,1.375,1.37227,1.37229,10565
2025-06-27 08:00:00,1.37229,1.37504,1.37202,1.37434,14354
2025-06-27 12:00:00,1.37436,1.37526,1.37199,1.37406,14930
2025-06-27 16:00:00,1.37406,1.3747,1.37032,1.37074,17212
2025-06-27 20:00:00,1.37074,1.3721,1.36829,1.37204,11939
2025-06-30 00:00:00,1.36938,1.37284,1.36938,1.3714,8153
2025-06-30 04:00:00,1.3714,1.37307,1.37113,1.37295,10309
2025-06-30 08:00:00,1.37295,1.37406,1.36931,1.36995,15130
2025-06-30 12:00:00,1.36995,1.37118,1.3685,1.36935,12053
2025-06-30 16:00:00,1.36935,1.3723,1.36742,1.37141,18461
2025-06-30 20:00:00,1.37141,1.37356,1.37036,1.37341,9380
2025-07-01 00:00:00,1.3729,1.37415,1.37163,1.37409,5658
2025-07-01 04:00:00,1.37409,1.37487,1.37241,1.3741,10244
2025-07-01 08:00:00,1.3741,1.37837,1.37321,1.3774,14782
2025-07-01 12:00:00,1.37739,1.37887,1.37407,1.37415,15921
2025-07-01 16:00:00,1.37414,1.37437,1.37036,1.37245,18997
2025-07-01 20:00:00,1.37245,1.37505,1.37213,1.3746,8919
2025-07-02 00:00:00,1.37417,1.37493,1.37369,1.37482,4681
2025-07-02 04:00:00,1.37482,1.37526,1.37322,1.37442,8693
2025-07-02 08:00:00,1.3744,1.37458,1.36943,1.36981,12912
2025-07-02 12:00:00,1.36979,1.3713,1.35888,1.36079,18555
2025-07-02 16:00:00,1.36079,1.36322,1.35629,1.36311,18834
2025-07-02 20:00:00,1.3631,1.36445,1.36269,1.36334,8568
2025-07-03 00:00:00,1.36315,1.36657,1.36315,1.36473,6838
2025-07-03 04:00:00,1.36473,1.36538,1.36235,1.36295,8271
2025-07-03 08:00:00,1.36295,1.36757,1.36251,1.36643,11889
2025-07-03 12:00:00,1.36643,1.36682,1.35858,1.36151,16033
2025-07-03 16:00:00,1.36151,1.36743,1.36116,1.36504,20402
2025-07-03 20:00:00,1.36504,1.3654,1.36393,1.36539,4882
2025-07-04 00:00:00,1.36538,1.36685,1.3643,1.36631,5624
2025-07-04 04:00:00,1.36631,1.36746,1.36451,1.36738,8927
2025-07-04 08:00:00,1.36738,1.36815,1.36567,1.36643,11798
2025-07-04 12:00:00,1.36642,1.36647,1.36351,1.36354,11051
2025-07-04 16:00:00,1.36354,1.36536,1.36353,1.36471,9243
2025-07-04 20:00:00,1.36471,1.36582,1.36388,1.36424,25671
2025-07-07 00:00:00,1.3644,1.36578,1.3644,1.36472,6026
2025-07-07 04:00:00,1.36472,1.36472,1.36158,1.36173,11327
2025-07-07 08:00:00,1.36173,1.36264,1.35793,1.35806,14466
2025-07-07 12:00:00,1.35806,1.36213,1.35753,1.36174,11905
2025-07-07 16:00:00,1.36174,1.36479,1.35942,1.35952,15314
2025-07-07 20:00:00,1.35952,1.36167,1.35893,1.36007,11525
2025-07-08 00:00:00,1.35988,1.36369,1.35943,1.36289,6726
2025-07-08 04:00:00,1.36289,1.36428,1.36178,1.36317,10588
2025-07-08 08:00:00,1.36316,1.36464,1.36097,1.36123,13315
2025-07-08 12:00:00,1.36123,1.36147,1.35632,1.35782,11891
2025-07-08 16:00:00,1.35781,1.3582,1.35257,1.35787,18520
2025-07-08 20:00:00,1.35786,1.35974,1.35773,1.35922,11133
2025-07-09 00:00:00,1.3588,1.35965,1.35608,1.35863,5379
2025-07-09 04:00:00,1.35863,1.3593,1.35645,1.35857,10244
2025-07-09 08:00:00,1.35857,1.36065,1.35791,1.36012,13073
2025-07-09 12:00:00,1.36011,1.3613,1.3574,1.36082,12840
2025-07-09 16:00:00,1.36082,1.36198,1.3579,1.35841,14201
2025-07-09 20:00:00,1.35841,1.36008,1.35808,1.35856,8493
2025-07-10 00:00:00,1.35842,1.36134,1.35756,1.36096,6104
2025-07-10 04:00:00,1.36096,1.36122,1.35998,1.36052,8111
2025-07-10 08:00:00,1.36052,1.36196,1.36023,1.36061,9373
2025-07-10 12:00:00,1.36061,1.36164,1.35571,1.35603,9959
2025-07-10 16:00:00,1.35603,1.35728,1.35331,1.35641,16616
2025-07-10 20:00:00,1.35641,1.35834,1.3561,1.35795,8135
2025-07-11 00:00:00,1.3576,1.35855,1.3545,1.3555,8767
2025-07-11 04:00:00,1.3555,1.35695,1.35489,1.35563,11095
2025-07-11 08:00:00,1.35563,1.35647,1.35286,1.35355,13302
2025-07-11 12:00:00,1.35355,1.35529,1.34962,1.35042,13874
2025-07-11 16:00:00,1.35042,1.35202,1.34813,1.35065,16772
2025-07-11 20:00:00,1.35065,1.35175,1.34845,1.3489,9101
2025-07-14 00:00:00,1.34811,1.35044,1.34783,1.34989,7947
2025-07-14 04:00:00,1.34989,1.35025,1.3472,1.34759,10395
2025-07-14 08:00:00,1.34759,1.34895,1.34516,1.34759,12631
2025-07-14 12:00:00,1.34758,1.34937,1.34704,1.34778,10463
2025-07-14 16:00:00,1.34778,1.34847,1.34271,1.34354,15839
2025-07-14 20:00:00,1.34354,1.34411,1.34244,1.34267,6783
2025-07-15 00:00:00,1.3426,1.34407,1.34215,1.34355,6004
2025-07-15 04:00:00,1.34355,1.34397,1.3427,1.34316,8031
2025-07-15 08:00:00,1.34316,1.34537,1.34278,1.34466,10553
2025-07-15 12:00:00,1.34465,1.34673,1.34318,1.3448,13049
2025-07-15 16:00:00,1.34481,1.34507,1.33803,1.33871,21674
2025-07-15 20:00:00,1.33871,1.33934,1.33789,1.33843,8050
2025-07-16 00:00:00,1.33789,1.3399,1.33781,1.33934,4530
2025-07-16 04:00:00,1.33934,1.34004,1.33825,1.33965,8511
2025-07-16 08:00:00,1.33965,1.34165,1.3389,1.33913,12673
2025-07-16 12:00:00,1.33914,1.34125,1.33833,1.33929,13604
2025-07-16 16:00:00,1.33929,1.34857,1.3365,1.3422,30713
2025-07-16 20:00:00,1.34218,1.34406,1.34049,1.34195,11571
2025-07-17 00:00:00,1.34173,1.34209,1.33956,1.33997,6825
2025-07-17 04:00:00,1.33997,1.34052,1.33842,1.33956,9322
2025-07-17 08:00:00,1.33956,1.34107,1.33741,1.34106,14638
2025-07-17 12:00:00,1.34107,1.34137,1.33803,1.34011,12921
2025-07-17 16:00:00,1.34011,1.34206,1.33929,1.34006,15667
2025-07-17 20:00:00,1.34006,1.342,1.33992,1.34176,7034
2025-07-18 00:00:00,1.34141,1.3438,1.34056,1.34319,5504
2025-07-18 04:00:00,1.34319,1.34407,1.34238,1.34239,6891
2025-07-18 08:00:00,1.34239,1.3443,1.34108,1.3437,10536
2025-07-18 12:00:00,1.3437,1.34726,1.3435,1.34579,10063
2025-07-18 16:00:00,1.34579,1.34752,1.3417,1.34189,16523
2025-07-18 20:00:00,1.34189,1.34216,1.34053,1.34059,8326
2025-07-21 00:00:00,1.34136,1.3425,1.34029,1.34039,6939
2025-07-21 04:00:00,1.34039,1.34194,1.34021,1.34184,8028
2025-07-21 08:00:00,1.34184,1.34661,1.34168,1.34522,11189
2025-07-21 12:00:00,1.34522,1.34837,1.34451,1.348,10683
2025-07-21 16:00:00,1.348,1.35107,1.34669,1.34945,14876
2025-07-21 20:00:00,1.34945,1.3496,1.34831,1.34915,7002
2025-07-22 00:00:00,1.34881,1.3492,1.34792,1.34833,5074
2025-07-22 04:00:00,1.34833,1.34878,1.34741,1.34767,7091
2025-07-22 08:00:00,1.34767,1.34923,1.34615,1.34899,11242
2025-07-22 12:00:00,1.34899,1.34998,1.34752,1.34811,10400
2025-07-22 16:00:00,1.34811,1.35328,1.34712,1.35299,18249
2025-07-22 20:00:00,1.35299,1.35337,1.35191,1.35335,8240
2025-07-23 00:00:00,1.35284,1.35347,1.35172,1.35269,7690
2025-07-23 04:00:00,1.35269,1.35352,1.35162,1.35276,11442
2025-07-23 08:00:00,1.35276,1.35488,1.35152,1.35418,12594
2025-07-23 12:00:00,1.35418,1.35488,1.35299,1.35455,10904
2025-07-23 16:00:00,1.35455,1.35759,1.35235,1.35617,18282
2025-07-23 20:00:00,1.35617,1.35839,1.35574,1.35797,10537
2025-07-24 00:00:00,1.358,1.35873,1.357,1.35741,5852
2025-07-24 04:00:00,1.35741,1.35889,1.35737,1.35796,10828
2025-07-24 08:00:00,1.35796,1.35819,1.35429,1.35439,12170
2025-07-24 12:00:00,1.35439,1.35541,1.35316,1.35354,11523
2025-07-24 16:00:00,1.35354,1.35628,1.35046,1.35112,20009
2025-07-24 20:00:00,1.35113,1.35281,1.35026,1.35068,9068
2025-07-25 00:00:00,1.35044,1.35122,1.3502,1.35075,7025
2025-07-25 04:00:00,1.35075,1.35126,1.34864,1.34913,11361
2025-07-25 08:00:00,1.34913,1.35047,1.34597,1.34629,14489
2025-07-25 12:00:00,1.34629,1.34645,1.34233,1.34335,11778
2025-07-25 16:00:00,1.34335,1.34436,1.34163,1.34211,18000
2025-07-25 20:00:00,1.3421,1.34383,1.34199,1.34313,7383
2025-07-28 00:00:00,1.34184,1.34491,1.34184,1.34435,8288
2025-07-28 04:00:00,1.34435,1.34529,1.34298,1.34363,11297
2025-07-28 08:00:00,1.34363,1.34368,1.34059,1.34211,15207
2025-07-28 12:00:00,1.34211,1.34383,1.34026,1.34379,15489
2025-07-28 16:00:00,1.34379,1.34401,1.33764,1.33789,16133
2025-07-28 20:00:00,1.33789,1.33806,1.33514,1.33542,8173
2025-07-29 00:00:00,1.33512,1.33617,1.33447,1.33454,5293
2025-07-29 04:00:00,1.33454,1.33586,1.33368,1.33498,10163
2025-07-29 08:00:00,1.33498,1.33538,1.33158,1.33417,15149
2025-07-29 12:00:00,1.33417,1.33619,1.33153,1.33153,14571
2025-07-29 16:00:00,1.33153,1.33477,1.33078,1.33388,19049
2025-07-29 20:00:00,1.33388,1.3364,1.33356,1.335,10251
2025-07-30 00:00:00,1.33482,1.33665,1.33362,1.33658,5894
2025-07-30 04:00:00,1.33658,1.33693,1.33496,1.33508,11425
2025-07-30 08:00:00,1.33508,1.33689,1.33416,1.33676,12072
2025-07-30 12:00:00,1.33676,1.33858,1.33072,1.33091,16069
2025-07-30 16:00:00,1.3309,1.33137,1.32699,1.32819,17301
2025-07-30 20:00:00,1.32818,1.33132,1.32276,1.32367,22077
2025-07-31 00:00:00,1.32338,1.32591,1.32276,1.32515,6093
2025-07-31 04:00:00,1.32514,1.32701,1.32418,1.32692,12812
2025-07-31 08:00:00,1.32692,1.32821,1.32397,1.32499,15124
2025-07-31 12:00:00,1.32499,1.32502,1.32087,1.32165,15620
2025-07-31 16:00:00,1.32165,1.32394,1.31857,1.3223,20098
2025-07-31 20:00:00,1.3223,1.32271,1.31991,1.32031,11643
2025-08-01 00:00:00,1.32027,1.32134,1.31941,1.32101,7892
2025-08-01 04:00:00,1.32101,1.32129,1.319,1.31992,11776
2025-08-01 08:00:00,1.31992,1.32132,1.316,1.31609,13343
2025-08-01 12:00:00,1.31609,1.33032,1.31414,1.32852,19574
2025-08-01 16:00:00,1.32846,1.33108,1.32421,1.32453,31745
2025-08-01 20:00:00,1.32453,1.32922,1.3216,1.32764,15371
2025-08-04 00:00:00,1.32781,1.32933,1.3258,1.32614,9812
2025-08-04 04:00:00,1.32615,1.32901,1.32536,1.32779,13142
2025-08-04 08:00:00,1.32779,1.32914,1.32646,1.32777,16876
2025-08-04 12:00:00,1.32778,1.3314,1.32707,1.32979,17102
2025-08-04 16:00:00,1.32979,1.33308,1.32777,1.32853,20328
2025-08-04 20:00:00,1.32853,1.3288,1.32726,1.32839,11197
2025-08-05 00:00:00,1.32815,1.3303,1.32737,1.3299,6753
2025-08-05 04:00:00,1.3299,1.32998,1.32755,1.32859,11285
2025-08-05 08:00:00,1.32859,1.32954,1.32595,1.32797,15096
2025-08-05 12:00:00,1.32798,1.32953,1.32664,1.32819,16517
2025-08-05 16:00:00,1.32819,1.33164,1.32685,1.33096,21592
2025-08-05 20:00:00,1.33096,1.33156,1.32889,1.33005,10415
2025-08-06 00:00:00,1.3296,1.3306,1.32876,1.33009,6068
2025-08-06 04:00:00,1.33009,1.33141,1.32948,1.33118,9315
2025-08-06 08:00:00,1.33118,1.33121,1.32811,1.3284,13760
2025-08-06 12:00:00,1.32841,1.33301,1.32834,1.33172,14587
2025-08-06 16:00:00,1.33172,1.33623,1.33129,1.33472,18930
2025-08-06 20:00:00,1.33472,1.33684,1.33453,1.33569,10185
2025-08-07 00:00:00,1.33506,1.33604,1.33463,1.33481,7199
2025-08-07 04:00:00,1.33481,1.33688,1.33458,1.33684,9810
2025-08-07 08:00:00,1.33684,1.33803,1.33633,1.33693,13598
2025-08-07 12:00:00,1.33693,1.34366,1.33649,1.34209,18932
2025-08-07 16:00:00,1.34209,1.34345,1.33906,1.34299,19176
2025-08-07 20:00:00,1.34299,1.34482,1.34037,1.34426,12910
2025-08-08 00:00:00,1.34406,1.34531,1.34348,1.34481,7581
2025-08-08 04:00:00,1.34481,1.34508,1.34342,1.34354,8830
2025-08-08 08:00:00,1.34354,1.34513,1.34244,1.34344,13292
2025-08-08 12:00:00,1.34347,1.34535,1.34179,1.3423,14944
2025-08-08 16:00:00,1.34231,1.34543,1.34231,1.34476,15113
2025-08-08 20:00:00,1.34476,1.34587,1.34431,1.34473,9285
2025-08-11 00:00:00,1.34358,1.34509,1.34292,1.34425,4936
2025-08-11 04:00:00,1.34426,1.34684,1.34407,1.34665,8401
2025-08-11 08:00:00,1.34665,1.34767,1.34481,1.34647,11506
2025-08-11 12:00:00,1.34643,1.34692,1.34122,1.34233,12812
2025-08-11 16:00:00,1.34233,1.34267,1.33991,1.34245,14921
2025-08-11 20:00:00,1.34245,1.34372,1.34173,1.34316,8480
2025-08-12 00:00:00,1.34312,1.34375,1.3419,1.34301,4926
2025-08-12 04:00:00,1.34301,1.34396,1.34242,1.34385,8606
2025-08-12 08:00:00,1.34385,1.34715,1.34205,1.34688,17189
2025-08-12 12:00:00,1.34688,1.35097,1.3446,1.34856,17496
2025-08-12 16:00:00,1.34856,1.35238,1.34633,1.35156,24431
2025-08-12 20:00:00,1.35156,1.3516,1.3488,1.34994,9334
2025-08-13 00:00:00,1.34975,1.35062,1.34917,1.35027,6302
2025-08-13 04:00:00,1.35027,1.35082,1.34927,1.35048,8301
2025-08-13 08:00:00,1.35048,1.35633,1.34997,1.35572,13955
2025-08-13 12:00:00,1.35572,1.35797,1.35562,1.35606,14349
2025-08-13 16:00:00,1.35606,1.3585,1.35538,1.35733,15297
2025-08-13 20:00:00,1.35733,1.35805,1.35631,1.35768,7761
2025-08-14 00:00:00,1.35738,1.35876,1.35645,1.3586,5174
2025-08-14 04:00:00,1.3586,1.35919,1.35706,1.35758,10106
2025-08-14 08:00:00,1.35758,1.35913,1.3563,1.35721,15641
2025-08-14 12:00:00,1.35721,1.35948,1.35462,1.35531,17123
2025-08-14 16:00:00,1.3553,1.3557,1.35209,1.35232,17993
2025-08-14 20:00:00,1.35232,1.35395,1.3523,1.35295,7991
2025-08-15 00:00:00,1.35281,1.35355,1.3522,1.35346,4010
2025-08-15 04:00:00,1.35346,1.35514,1.35308,1.35477,7972
2025-08-15 08:00:00,1.35477,1.35603,1.35426,1.35464,11420
2025-08-15 12:00:00,1.35464,1.35696,1.35453,1.35612,12489
2025-08-15 16:00:00,1.35612,1.3575,1.35539,1.35574,15446
2025-08-15 20:00:00,1.35575,1.35592,1.35501,1.35548,7224
2025-08-18 00:00:00,1.3545,1.3563,1.35445,1.35532,4783
2025-08-18 04:00:00,1.35532,1.35653,1.35489,1.3563,6956
2025-08-18 08:00:00,1.3563,1.35643,1.35311,1.35464,12803
2025-08-18 12:00:00,1.35463,1.35505,1.3535,1.35441,12308
2025-08-18 16:00:00,1.35441,1.35465,1.35069,1.35092,13585
2025-08-18 20:00:00,1.35091,1.35157,1.35018,1.3503,7625
2025-08-19 00:00:00,1.35026,1.35138,1.34978,1.35025,6103
2025-08-19 04:00:00,1.35025,1.35064,1.34868,1.35052,9846
2025-08-19 08:00:00,1.35051,1.35229,1.34967,1.352,12763
2025-08-19 12:00:00,1.352,1.35312,1.35035,1.35099,11641
2025-08-19 16:00:00,1.35099,1.35159,1.34855,1.34893,14116
2025-08-19 20:00:00,1.34893,1.34956,1.34778,1.34921,6801
2025-08-20 00:00:00,1.34899,1.3493,1.34749,1.348,6691
2025-08-20 04:00:00,1.348,1.34835,1.3462,1.34744,10414
2025-08-20 08:00:00,1.34744,1.35095,1.34719,1.35009,14829
2025-08-20 12:00:00,1.35009,1.35052,1.34717,1.34891,11773
2025-08-20 16:00:00,1.3489,1.34918,1.34477,1.34607,15348
2025-08-20 20:00:00,1.34607,1.34708,1.34481,1.34545,8613
2025-08-21 00:00:00,1.34559,1.34671,1.34484,1.3457,6326
2025-08-21 04:00:00,1.34569,1.34648,1.34481,1.34522,7478
2025-08-21 08:00:00,1.34523,1.34715,1.34356,1.34658,13010
2025-08-21 12:00:00,1.34658,1.34829,1.34419,1.34463,14473
2025-08-21 16:00:00,1.34462,1.34595,1.34057,1.34191,19094
2025-08-21 20:00:00,1.34192,1.34268,1.34116,1.3413,7529
2025-08-22 00:00:00,1.34105,1.34203,1.34039,1.34202,4717
2025-08-22 04:00:00,1.34202,1.34234,1.33931,1.3394,9258
2025-08-22 08:00:00,1.3394,1.34148,1.33906,1.34136,12088
2025-08-22 12:00:00,1.34137,1.34205,1.34071,1.34133,12230
2025-08-22 16:00:00,1.34133,1.35442,1.34124,1.35257,26540
2025-08-22 20:00:00,1.35257,1.35441,1.35173,1.35282,10286
2025-08-25 00:00:00,1.35095,1.35241,1.3495,1.34973,7322
2025-08-25 04:00:00,1.34973,1.35151,1.34898,1.35117,7174
2025-08-25 08:00:00,1.35117,1.35274,1.35021,1.35032,11565
2025-08-25 12:00:00,1.35032,1.35208,1.34837,1.35048,11311
2025-08-25 16:00:00,1.35048,1.3513,1.34848,1.34883,15637
2025-08-25 20:00:00,1.34883,1.34901,1.3446,1.34518,11041
2025-08-26 00:00:00,1.34524,1.34907,1.34466,1.3481,10699
2025-08-26 04:00:00,1.3481,1.34831,1.34501,1.34569,12910
2025-08-26 08:00:00,1.3457,1.34694,1.34348,1.34637,18068
2025-08-26 12:00:00,1.34636,1.34931,1.34613,1.34793,15546
2025-08-26 16:00:00,1.34789,1.34929,1.34702,1.34777,17115
2025-08-26 20:00:00,1.34778,1.34856,1.34682,1.34772,8163
2025-08-27 00:00:00,1.34776,1.3483,1.34688,1.34714,6304
2025-08-27 04:00:00,1.34715,1.34749,1.34469,1.34488,9565
2025-08-27 08:00:00,1.34488,1.34657,1.34303,1.34452,13271
2025-08-27 12:00:00,1.34452,1.34502,1.34166,1.34417,13411
2025-08-27 16:00:00,1.34416,1.34974,1.3436,1.34963,16031
2025-08-27 20:00:00,1.34962,1.35021,1.34905,1.34982,9355
2025-08-28 00:00:00,1.34952,1.35063,1.34858,1.35048,6017
2025-08-28 04:00:00,1.35048,1.35186,1.35011,1.35043,8230
2025-08-28 08:00:00,1.35044,1.35134,1.34829,1.3499,13146
2025-08-28 12:00:00,1.3499,1.35265,1.34978,1.35034,15462
2025-08-28 16:00:00,1.35034,1.35273,1.34892,1.35224,17227
2025-08-28 20:00:00,1.35224,1.35307,1.35072,1.35115,7925
2025-08-29 00:00:00,1.35116,1.35116,1.35029,1.35087,6810
2025-08-29 04:00:00,1.35088,1.35116,1.34942,1.35031,10505
2025-08-29 08:00:00,1.35032,1.35036,1.34697,1.34772,13526
2025-08-29 12:00:00,1.34773,1.3479,1.34464,1.34603,14039
2025-08-29 16:00:00,1.34603,1.35161,1.34468,1.3508,18834
2025-08-29 20:00:00,1.35081,1.35169,1.34992,1.35,7802
2025-09-01 00:00:00,1.34881,1.35193,1.34875,1.35184,5159
2025-09-01 04:00:00,1.35184,1.35292,1.35053,1.35183,10975
2025-09-01 08:00:00,1.35182,1.35407,1.35151,1.35353,13327
2025-09-01 12:00:00,1.35353,1.35374,1.35225,1.35331,12002
2025-09-01 16:00:00,1.35334,1.35499,1.3531,1.35423,10095
2025-09-01 20:00:00,1.35423,1.355,1.35399,1.35439,3271
2025-09-02 00:00:00,1.35429,1.35496,1.35344,1.35376,6167
2025-09-02 04:00:00,1.35376,1.35417,1.35232,1.35276,10764
2025-09-02 08:00:00,1.35275,1.35336,1.33756,1.34134,21567
2025-09-02 12:00:00,1.34135,1.3418,1.33403,1.33517,22249
2025-09-02 16:00:00,1.3352,1.34187,1.33424,1.33926,21323
2025-09-02 20:00:00,1.33926,1.33969,1.33751,1.3394,9128
2025-09-03 00:00:00,1.33884,1.33966,1.33721,1.33758,5824
2025-09-03 04:00:00,1.33758,1.33779,1.33607,1.33694,9868
2025-09-03 08:00:00,1.33691,1.34093,1.33333,1.34072,17371
2025-09-03 12:00:00,1.34072,1.34294,1.33951,1.34247,15718
2025-09-03 16:00:00,1.34247,1.3454,1.34105,1.34499,19797
2025-09-03 20:00:00,1.34501,1.34585,1.34346,1.34456,9480
2025-09-04 00:00:00,1.34435,1.34445,1.34308,1.34422,8014
2025-09-04 04:00:00,1.34422,1.345,1.34254,1.3427,9914
2025-09-04 08:00:00,1.3427,1.34569,1.34164,1.34543,12664
2025-09-04 12:00:00,1.34543,1.34592,1.34221,1.3441,15551
2025-09-04 16:00:00,1.34408,1.34469,1.34172,1.34216,17514
2025-09-04 20:00:00,1.34216,1.3437,1.34189,1.34352,6980
2025-09-05 00:00:00,1.34327,1.34503,1.34212,1.34493,6255
2025-09-05 04:00:00,1.34493,1.34572,1.34467,1.34502,9769
2025-09-05 08:00:00,1.34502,1.34721,1.34496,1.347,12096
2025-09-05 12:00:00,1.34701,1.35324,1.34575,1.35211,18124
2025-09-05 16:00:00,1.35211,1.35548,1.35049,1.3526,25871
2025-09-05 20:00:00,1.3526,1.35262,1.35008,1.35047,11198
2025-09-08 00:00:00,1.34955,1.34995,1.34824,1.34961,8685
2025-09-08 04:00:00,1.34961,1.35057,1.34868,1.34964,12877
2025-09-08 08:00:00,1.34964,1.35264,1.34957,1.35124,15705
2025-09-08 12:00:00,1.35125,1.3549,1.35022,1.3543,13736
2025-09-08 16:00:00,1.35433,1.35564,1.3528,1.35377,15647
2025-09-08 20:00:00,1.35377,1.3555,1.35274,1.3544,7925
2025-09-09 00:00:00,1.35444,1.35624,1.35405,1.35585,6873
2025-09-09 04:00:00,1.35585,1.35754,1.3553,1.35736,9191
2025-09-09 08:00:00,1.35736,1.35827,1.35578,1.35732,16377
2025-09-09 12:00:00,1.35733,1.35906,1.35458,1.35543,13668
2025-09-09 16:00:00,1.35543,1.35745,1.35231,1.35346,20233
2025-09-09 20:00:00,1.35345,1.35388,1.3518,1.35269,9266
2025-09-10 00:00:00,1.35255,1.35307,1.35163,1.35222,7363
2025-09-10 04:00:00,1.35222,1.35426,1.35147,1.35421,11292
2025-09-10 08:00:00,1.3542,1.35435,1.35131,1.35274,15228
2025-09-10 12:00:00,1.35275,1.35647,1.35235,1.35303,16634
2025-09-10 16:00:00,1.35304,1.35613,1.35256,1.35363,17577
2025-09-10 20:00:00,1.35363,1.3542,1.35215,1.35305,8175
2025-09-11 00:00:00,1.35276,1.354,1.35192,1.35275,5851
2025-09-11 04:00:00,1.35275,1.3534,1.35225,1.35271,8949
2025-09-11 08:00:00,1.3527,1.35272,1.35033,1.35145,13680
2025-09-11 12:00:00,1.35145,1.35491,1.34938,1.3545,19306
2025-09-11 16:00:00,1.35456,1.35792,1.35397,1.35777,21931
2025-09-11 20:00:00,1.35777,1.35829,1.35686,1.3572,9721
2025-09-12 00:00:00,1.35708,1.35806,1.35636,1.35726,6496
2025-09-12 04:00:00,1.35726,1.35735,1.35523,1.35565,9991
2025-09-12 08:00:00,1.35565,1.35749,1.35308,1.35338,15330
2025-09-12 12:00:00,1.35338,1.35628,1.35243,1.35433,16154
2025-09-12 16:00:00,1.35433,1.35697,1.35377,1.35602,18285
2025-09-12 20:00:00,1.35603,1.35709,1.35559,1.35569,9317
2025-09-15 00:00:00,1.35465,1.35617,1.35412,1.35559,6755
2025-09-15 04:00:00,1.35559,1.3571,1.35527,1.35673,10305
2025-09-15 08:00:00,1.35674,1.35992,1.3553,1.3582,15611
2025-09-15 12:00:00,1.3582,1.36199,1.35785,1.36148,16020
2025-09-15 16:00:00,1.36148,1.36177,1.35847,1.35989,17599
2025-09-15 20:00:00,1.35989,1.36113,1.35945,1.35977,9912
2025-09-16 00:00:00,1.35986,1.36057,1.35944,1.36017,5580
2025-09-16 04:00:00,1.36016,1.36248,1.35979,1.36156,10926
2025-09-16 08:00:00,1.36156,1.36431,1.36143,1.36267,15838
2025-09-16 12:00:00,1.36264,1.36497,1.36242,1.36407,15616
2025-09-16 16:00:00,1.36408,1.36719,1.36388,1.36579,16743
2025-09-16 20:00:00,1.36581,1.3668,1.36417,1.36449,8313
2025-09-17 00:00:00,1.36452,1.36591,1.36397,1.36452,4854
2025-09-17 04:00:00,1.36452,1.36481,1.36396,1.36419,6049
2025-09-17 08:00:00,1.3642,1.36523,1.36299,1.36401,9135
2025-09-17 12:00:00,1.36401,1.36564,1.36385,1.36541,9790
2025-09-17 16:00:00,1.36542,1.36696,1.36483,1.3665,11940
2025-09-17 20:00:00,1.36651,1.37265,1.36196,1.36229,27465
2025-09-18 00:00:00,1.36232,1.36355,1.36194,1.3627,6896
2025-09-18 04:00:00,1.36271,1.36307,1.3605,1.36067,8732
2025-09-18 08:00:00,1.36067,1.36484,1.35862,1.36395,13526
2025-09-18 12:00:00,1.36395,1.36606,1.35945,1.35945,18114
2025-09-18 16:00:00,1.35945,1.35957,1.35341,1.35527,25407
2025-09-18 20:00:00,1.35527,1.35632,1.35445,1.35524,10011
2025-09-19 00:00:00,1.35526,1.35568,1.35404,1.3549,8943
2025-09-19 04:00:00,1.35489,1.35595,1.35309,1.35444,14594
2025-09-19 08:00:00,1.35445,1.35514,1.34825,1.34995,20789
2025-09-19 12:00:00,1.34995,1.35105,1.34631,1.34685,16528
2025-09-19 16:00:00,1.34685,1.34982,1.34683,1.34827,21731
2025-09-19 20:00:00,1.34825,1.34853,1.34667,1.34704,9962
2025-09-22 00:00:00,1.34632,1.34736,1.34573,1.34676,7970
2025-09-22 04:00:00,1.34676,1.34745,1.34531,1.34607,12664
2025-09-22 08:00:00,1.34605,1.35034,1.34592,1.34958,16807
2025-09-22 12:00:00,1.34958,1.35161,1.34902,1.35082,16260
2025-09-22 16:00:00,1.35083,1.35204,1.34921,1.35083,17889
2025-09-22 20:00:00,1.35083,1.35195,1.3507,1.35119,6513
2025-09-23 00:00:00,1.35122,1.35206,1.3503,1.35206,9104
2025-09-23 04:00:00,1.35206,1.35274,1.3503,1.35075,11214
2025-09-23 08:00:00,1.3507,1.35279,1.3487,1.35037,20163
2025-09-23 12:00:00,1.35038,1.35294,1.34971,1.35246,17944
2025-09-23 16:00:00,1.35247,1.35366,1.3506,1.35209,22494
2025-09-23 20:00:00,1.35209,1.35271,1.35133,1.35245,12494
2025-09-24 00:00:00,1.35241,1.35286,1.35107,1.35148,8846
2025-09-24 04:00:00,1.35148,1.35164,1.35052,1.35089,11263
2025-09-24 08:00:00,1.35088,1.35122,1.34731,1.34839,14866
2025-09-24 12:00:00,1.34839,1.34877,1.34361,1.34459,15592
2025-09-24 16:00:00,1.34458,1.34575,1.34266,1.34428,19924
2025-09-24 20:00:00,1.34428,1.34558,1.34422,1.3447,8776
2025-09-25 00:00:00,1.34457,1.34578,1.34384,1.34566,8870
2025-09-25 04:00:00,1.34569,1.34647,1.34492,1.3463,9953
2025-09-25 08:00:00,1.3463,1.3467,1.34345,1.34528,15561
2025-09-25 12:00:00,1.34532,1.34595,1.33723,1.33838,18125
2025-09-25 16:00:00,1.33839,1.33944,1.3336,1.33392,27545
2025-09-25 20:00:00,1.33391,1.33468,1.33236,1.33418,12343
2025-09-26 00:00:00,1.33406,1.33461,1.33293,1.33454,8811
2025-09-26 04:00:00,1.33454,1.33556,1.33394,1.33543,9448
2025-09-26 08:00:00,1.33543,1.33708,1.33451,1.3365,14712
2025-09-26 12:00:00,1.3365,1.33769,1.33435,1.33769,16215
2025-09-26 16:00:00,1.33771,1.34131,1.33753,1.33983,23227
2025-09-26 20:00:00,1.33984,1.34116,1.3398,1.33997,8496
2025-09-29 00:00:00,1.33858,1.34253,1.33857,1.34241,6871
2025-09-29 04:00:00,1.3424,1.34416,1.34163,1.34375,10060
2025-09-29 08:00:00,1.34375,1.34502,1.34314,1.34355,15821
2025-09-29 12:00:00,1.34355,1.3457,1.34246,1.34516,16293
2025-09-29 16:00:00,1.34516,1.34522,1.34159,1.34309,19856
2025-09-29 20:00:00,1.34309,1.3439,1.34229,1.34306,7925
2025-09-30 00:00:00,1.34238,1.34378,1.34204,1.34249,6889
2025-09-30 04:00:00,1.34252,1.34389,1.34205,1.34384,10637
2025-09-30 08:00:00,1.34385,1.34521,1.34284,1.34458,17589
2025-09-30 12:00:00,1.34458,1.34521,1.34247,1.34423,14026
2025-09-30 16:00:00,1.34424,1.3467,1.34136,1.34589,21661
2025-09-30 20:00:00,1.34589,1.34639,1.34394,1.34439,9545
2025-10-01 00:00:00,1.34442,1.34523,1.34358,1.34407,8387
2025-10-01 04:00:00,1.34406,1.34641,1.34348,1.34633,9698
2025-10-01 08:00:00,1.34633,1.34803,1.34538,1.34675,18874
2025-10-01 12:00:00,1.34675,1.35219,1.34579,1.35125,21464
2025-10-01 16:00:00,1.35127,1.35275,1.34653,1.34742,25930
2025-10-01 20:00:00,1.34742,1.34893,1.34688,1.34762,9068
2025-10-02 00:00:00,1.34754,1.34833,1.34694,1.34696,6146
2025-10-02 04:00:00,1.34696,1.34876,1.34676,1.34755,9196
2025-10-02 08:00:00,1.34755,1.35104,1.34691,1.35047,15369
2025-10-02 12:00:00,1.35047,1.35079,1.34639,1.34658,15214
2025-10-02 16:00:00,1.34659,1.34687,1.34009,1.34392,21331
2025-10-02 20:00:00,1.34392,1.34521,1.34359,1.34384,8300
2025-10-03 00:00:00,1.34372,1.34551,1.34297,1.34447,6842
2025-10-03 04:00:00,1.34446,1.34507,1.3433,1.34351,8913
2025-10-03 08:00:00,1.34351,1.34672,1.34289,1.34579,14379
2025-10-03 12:00:00,1.3458,1.34599,1.34369,1.34584,13984
2025-10-03 16:00:00,1.34586,1.34848,1.34505,1.34776,20050
2025-10-03 20:00:00,1.34776,1.34866,1.3463,1.34781,9133
2025-10-06 00:00:00,1.3431,1.34492,1.3423,1.34401,14446
2025-10-06 04:00:00,1.34406,1.34582,1.34355,1.34468,11356
2025-10-06 08:00:00,1.34468,1.34644,1.34183,1.34359,22112
2025-10-06 12:00:00,1.34355,1.34405,1.34166,1.34376,19021
2025-10-06 16:00:00,1.34377,1.34843,1.34375,1.34753,18835
2025-10-06 20:00:00,1.34752,1.349,1.34752,1.34844,8010
2025-10-07 00:00:00,1.34849,1.34872,1.34759,1.34822,6545
2025-10-07 04:00:00,1.34822,1.34822,1.34676,1.34696,7825
2025-10-07 08:00:00,1.34698,1.34711,1.34296,1.34371,17322
2025-10-07 12:00:00,1.34371,1.34443,1.33921,1.34144,16780
2025-10-07 16:00:00,1.34145,1.34544,1.34098,1.34427,20513
2025-10-07 20:00:00,1.34427,1.3452,1.34159,1.34225,10497
2025-10-08 00:00:00,1.34186,1.34326,1.34118,1.3416,7428
2025-10-08 04:00:00,1.34159,1.34159,1.33902,1.33937,12603
2025-10-08 08:00:00,1.33937,1.34261,1.33841,1.34083,18103
2025-10-08 12:00:00,1.34084,1.34275,1.34003,1.34192,16354
2025-10-08 16:00:00,1.34192,1.34386,1.3372,1.33875,18938
2025-10-08 20:00:00,1.33875,1.34057,1.3371,1.34029,11658
2025-10-09 00:00:00,1.34024,1.34132,1.33934,1.34098,8019
2025-10-09 04:00:00,1.34097,1.34194,1.34063,1.34125,9374
2025-10-09 08:00:00,1.34125,1.3417,1.33427,1.33618,18330
2025-10-09 12:00:00,1.33619,1.33901,1.33585,1.33846,17971
2025-10-09 16:00:00,1.33848,1.33952,1.32911,1.32941,28813
2025-10-09 20:00:00,1.32941,1.33062,1.32797,1.33017,13283
2025-10-10 00:00:00,1.32997,1.33062,1.32928,1.33046,7414
2025-10-10 04:00:00,1.33046,1.3314,1.32997,1.33087,9596
2025-10-10 08:00:00,1.33088,1.33146,1.32793,1.33082,18789
2025-10-10 12:00:00,1.33081,1.33091,1.32617,1.32794,17150
2025-10-10 16:00:00,1.32794,1.33704,1.32685,1.33451,32505
2025-10-10 20:00:00,1.33452,1.33553,1.33318,1.33488,15183
2025-10-13 00:00:00,1.3344,1.33541,1.33229,1.33507,12784
2025-10-13 04:00:00,1.3351,1.33632,1.33451,1.33567,12035
2025-10-13 08:00:00,1.33567,1.33665,1.33151,1.33264,20099
2025-10-13 12:00:00,1.33263,1.33527,1.33245,1.33339,17860
2025-10-13 16:00:00,1.33339,1.33388,1.33193,1.33304,18953
2025-10-13 20:00:00,1.33304,1.33405,1.33265,1.3333,7755
2025-10-14 00:00:00,1.33317,1.33385,1.33252,1.33362,6691
2025-10-14 04:00:00,1.33364,1.33527,1.33354,1.33522,11993
2025-10-14 08:00:00,1.33523,1.33524,1.32522,1.3284,24856
2025-10-14 12:00:00,1.32841,1.32841,1.32486,1.32615,22125
2025-10-14 16:00:00,1.32615,1.33295,1.3261,1.33177,27626
2025-10-14 20:00:00,1.33174,1.33323,1.33122,1.33184,12768
2025-10-15 00:00:00,1.33152,1.3331,1.33146,1.33288,6322
2025-10-15 04:00:00,1.33288,1.33543,1.33257,1.33489,10546
2025-10-15 08:00:00,1.33493,1.33734,1.33415,1.33457,18453
2025-10-15 12:00:00,1.33455,1.33669,1.33361,1.33459,17239
2025-10-15 16:00:00,1.3346,1.34035,1.33351,1.33908,23544
2025-10-15 20:00:00,1.33908,1.34078,1.33705,1.34029,12684
2025-10-16 00:00:00,1.34003,1.34285,1.33876,1.34222,9117
2025-10-16 04:00:00,1.34221,1.34423,1.34127,1.34145,10700
2025-10-16 08:00:00,1.34144,1.3443,1.34043,1.34383,19867
2025-10-16 12:00:00,1.34382,1.3449,1.34216,1.34477,17355
2025-10-16 16:00:00,1.34478,1.34547,1.34117,1.34268,26574
2025-10-16 20:00:00,1.34268,1.3448,1.342,1.34353,13149
2025-10-17 00:00:00,1.34327,1.34524,1.34275,1.34472,7424
2025-10-17 04:00:00,1.34471,1.34539,1.34312,1.34522,10968
2025-10-17 08:00:00,1.34522,1.34717,1.34112,1.3424,19241
2025-10-17 12:00:00,1.3424,1.34433,1.34084,1.34123,17909
2025-10-17 16:00:00,1.34122,1.34311,1.33911,1.34172,20116
2025-10-17 20:00:00,1.34171,1.34392,1.34107,1.34241,10725
2025-10-20 00:00:00,1.34254,1.34349,1.34102,1.34343,5763
2025-10-20 04:00:00,1.34343,1.34433,1.34271,1.3436,7795
2025-10-20 08:00:00,1.34358,1.34413,1.34057,1.34279,13564
2025-10-20 12:00:00,1.34279,1.34388,1.34001,1.34259,14186
2025-10-20 16:00:00,1.3426,1.34276,1.34019,1.3416,14349
2025-10-20 20:00:00,1.34157,1.34164,1.34003,1.34036,6715
2025-10-21 00:00:00,1.3404,1.34163,1.3399,1.34144,4406
2025-10-21 04:00:00,1.34144,1.34144,1.33878,1.33924,8665
2025-10-21 08:00:00,1.33924,1.33974,1.33723,1.338,17566
2025-10-21 12:00:00,1.338,1.33947,1.33661,1.33868,17090
2025-10-21 16:00:00,1.33867,1.33983,1.33612,1.33735,21907
2025-10-21 20:00:00,1.33734,1.33771,1.33654,1.3369,8959
2025-10-22 00:00:00,1.33683,1.33746,1.33614,1.33713,6059
2025-10-22 04:00:00,1.33713,1.33803,1.3368,1.33794,7515
2025-10-22 08:00:00,1.33793,1.33872,1.33126,1.33208,18427
2025-10-22 12:00:00,1.33208,1.33404,1.33058,1.33239,15093
2025-10-22 16:00:00,1.33239,1.33766,1.33163,1.33711,19196
2025-10-22 20:00:00,1.33711,1.33723,1.33527,1.33555,9184
2025-10-23 00:00:00,1.33537,1.336,1.33395,1.33458,5520
2025-10-23 04:00:00,1.33459,1.33476,1.33298,1.33392,5949
2025-10-23 08:00:00,1.33392,1.33573,1.33383,1.33498,10836
2025-10-23 12:00:00,1.33498,1.33544,1.33265,1.33434,10317
2025-10-23 16:00:00,1.33434,1.33481,1.33112,1.33124,15039
2025-10-23 20:00:00,1.33125,1.33285,1.33079,1.33254,6221
2025-10-24 00:00:00,1.33249,1.33326,1.33185,1.33303,6157
2025-10-24 04:00:00,1.33303,1.33314,1.33178,1.33212,8446
2025-10-24 08:00:00,1.33212,1.33336,1.33005,1.33207,14557
2025-10-24 12:00:00,1.33206,1.33587,1.33003,1.33456,16195
2025-10-24 16:00:00,1.3346,1.33592,1.32876,1.32954,19930
2025-10-24 20:00:00,1.32954,1.33178,1.32953,1.33101,7532
2025-10-27 00:00:00,1.33162,1.33283,1.33129,1.33241,7621
2025-10-27 04:00:00,1.33241,1.3336,1.33132,1.33162,7645
2025-10-27 08:00:00,1.33163,1.33345,1.33105,1.33265,11555
2025-10-27 12:00:00,1.33266,1.33533,1.33231,1.33478,12955
2025-10-27 16:00:00,1.33478,1.33518,1.33178,1.33351,14364
2025-10-27 20:00:00,1.33351,1.3339,1.33248,1.33344,7495
2025-10-28 00:00:00,1.33351,1.33541,1.33332,1.33501,6598
2025-10-28 04:00:00,1.335,1.33672,1.33478,1.33667,9752
2025-10-28 08:00:00,1.33667,1.337,1.33014,1.33078,14126
2025-10-28 12:00:00,1.33075,1.33286,1.32788,1.32842,15511
2025-10-28 16:00:00,1.32842,1.32911,1.32475,1.32898,17926
2025-10-28 20:00:00,1.32898,1.32901,1.32684,1.32694,8039
2025-10-29 00:00:00,1.32686,1.32807,1.3268,1.32725,6505
2025-10-29 04:00:00,1.32725,1.32744,1.32495,1.32512,8823
2025-10-29 08:00:00,1.32512,1.32515,1.32086,1.32086,12557
2025-10-29 12:00:00,1.32085,1.32288,1.31971,1.32037,14386
2025-10-29 16:00:00,1.32038,1.32475,1.31945,1.32279,17695
2025-10-29 20:00:00,1.32276,1.32318,1.31405,1.31941,24667
2025-10-30 00:00:00,1.31937,1.32077,1.31804,1.32037,7199
2025-10-30 04:00:00,1.32036,1.32182,1.31968,1.32165,13348
2025-10-30 08:00:00,1.32165,1.32191,1.31849,1.32075,16209
2025-10-30 12:00:00,1.32075,1.32095,1.31357,1.31375,15816
2025-10-30 16:00:00,1.31372,1.31808,1.31165,1.31557,19137
2025-10-30 20:00:00,1.31559,1.31594,1.31395,1.31491,8401
2025-10-31 00:00:00,1.31443,1.31613,1.31424,1.31592,6409
2025-10-31 04:00:00,1.31592,1.31651,1.31502,1.31571,6799
2025-10-31 08:00:00,1.3157,1.31573,1.31251,1.31411,10703
2025-10-31 12:00:00,1.31411,1.31481,1.31047,1.31067,13104
2025-10-31 16:00:00,1.31068,1.3143,1.30971,1.31281,17815
2025-10-31 20:00:00,1.31282,1.31496,1.31233,1.31486,8292
2025-11-03 00:00:00,1.31258,1.31416,1.31257,1.3135,8142
2025-11-03 04:00:00,1.31351,1.31461,1.31332,1.31422,6301
2025-11-03 08:00:00,1.31422,1.31492,1.31175,1.31253,10527
2025-11-03 12:00:00,1.31254,1.31471,1.31207,1.31267,10540
2025-11-03 16:00:00,1.31267,1.31625,1.31083,1.3145,15077
2025-11-03 20:00:00,1.3145,1.31481,1.31348,1.31385,6390
2025-11-04 00:00:00,1.31391,1.31404,1.31188,1.31248,7269
2025-11-04 04:00:00,1.31248,1.31336,1.3118,1.31216,8106
2025-11-04 08:00:00,1.31217,1.31394,1.30592,1.30629,16175
2025-11-04 12:00:00,1.30629,1.30791,1.3053,1.30576,12222
2025-11-04 16:00:00,1.30575,1.30652,1.30261,1.30289,14753
2025-11-04 20:00:00,1.30288,1.30288,1.30102,1.30196,7133
2025-11-05 00:00:00,1.30204,1.30266,1.30103,1.30157,7440
2025-11-05 04:00:00,1.30158,1.30302,1.30139,1.30219,7842
2025-11-05 08:00:00,1.30219,1.30533,1.30198,1.30399,11072
2025-11-05 12:00:00,1.30397,1.30468,1.3012,1.30257,11583
2025-11-05 16:00:00,1.30256,1.30494,1.30136,1.3039,15987
2025-11-05 20:00:00,1.30389,1.30544,1.30381,1.30516,5766
2025-11-06 00:00:00,1.30496,1.30654,1.30414,1.30632,6020
2025-11-06 04:00:00,1.30632,1.3066,1.30573,1.30609,6162
2025-11-06 08:00:00,1.30608,1.30897,1.30531,1.30805,12155
2025-11-06 12:00:00,1.30806,1.31253,1.30595,1.31081,15794
2025-11-06 16:00:00,1.31081,1.3125,1.30807,1.31224,17811
2025-11-06 20:00:00,1.31225,1.31427,1.31203,1.31368,8732
2025-11-07 00:00:00,1.31343,1.31424,1.31229,1.31254,8314
2025-11-07 04:00:00,1.31254,1.31308,1.31155,1.31195,6861
2025-11-07 08:00:00,1.31196,1.31277,1.30948,1.30978,10760
2025-11-07 12:00:00,1.30977,1.31379,1.30962,1.31308,14057
2025-11-07 16:00:00,1.31309,1.31747,1.31278,1.31705,16331
2025-11-07 20:00:00,1.31705,1.31748,1.31521,1.31611,9578
2025-11-10 00:00:00,1.3145,1.31593,1.31365,1.31513,9867
2025-11-10 04:00:00,1.31513,1.31602,1.31426,1.31555,8493
2025-11-10 08:00:00,1.31555,1.31848,1.31391,1.31733,14368
2025-11-10 12:00:00,1.31734,1.31912,1.31521,1.31749,11885
2025-11-10 16:00:00,1.3175,1.31799,1.31457,1.31784,15139
2025-11-10 20:00:00,1.31786,1.3185,1.31731,1.3174,6521
2025-11-11 00:00:00,1.31731,1.31777,1.31577,1.31648,7785
2025-11-11 04:00:00,1.31648,1.31722,1.31612,1.31663,8845
2025-11-11 08:00:00,1.31663,1.31714,1.31168,1.31296,15247
2025-11-11 12:00:00,1.31295,1.31784,1.31211,1.31716,13725
2025-11-11 16:00:00,1.31716,1.31846,1.31587,1.31744,15138
2025-11-11 20:00:00,1.31743,1.31782,1.31473,1.3149,7811
2025-11-12 00:00:00,1.3149,1.316,1.31374,1.31389,5878
2025-11-12 04:00:00,1.31389,1.31441,1.31287,1.31338,7280
2025-11-12 08:00:00,1.31338,1.31555,1.31152,1.31163,12808
2025-11-12 12:00:00,1.31163,1.314,1.30957,1.31051,13898
2025-11-12 16:00:00,1.31051,1.31398,1.30845,1.3139,14936
2025-11-12 20:00:00,1.31391,1.31441,1.3124,1.31326,7205
2025-11-13 00:00:00,1.31325,1.31325,1.31107,1.31239,9291
2025-11-13 04:00:00,1.31239,1.31287,1.31151,1.31174,8508
2025-11-13 08:00:00,1.31172,1.31712,1.31006,1.31561,15989
2025-11-13 12:00:00,1.31561,1.31843,1.31433,1.3169,15635
2025-11-13 16:00:00,1.31691,1.32158,1.31657,1.32117,18427
2025-11-13 20:00:00,1.32117,1.32142,1.31846,1.31899,10611
2025-11-14 00:00:00,1.31868,1.31914,1.31359,1.31469,9609
2025-11-14 04:00:00,1.31469,1.31594,1.3139,1.31482,10024
2025-11-14 08:00:00,1.31483,1.32007,1.31081,1.31554,17762
2025-11-14 12:00:00,1.31555,1.31811,1.31224,1.31672,15800
2025-11-14 16:00:00,1.31673,1.31788,1.31252,1.31613,19203
2025-11-14 20:00:00,1.31613,1.3174,1.31499,1.31682,8988
2025-11-17 00:00:00,1.31475,1.3171,1.31475,1.31559,6944
2025-11-17 04:00:00,1.31559,1.3156,1.31417,1.31433,6435
2025-11-17 08:00:00,1.31433,1.31808,1.3136,1.31646,12239
2025-11-17 12:00:00,1.31647,1.31933,1.31493,1.3173,13874
2025-11-17 16:00:00,1.31729,1.31793,1.31613,1.31702,13949
2025-11-17 20:00:00,1.31703,1.31711,1.31451,1.31534,9480
2025-11-18 00:00:00,1.31532,1.3157,1.31455,1.31512,8210
2025-11-18 04:00:00,1.31513,1.31641,1.31451,1.31609,10584
2025-11-18 08:00:00,1.31608,1.31771,1.31482,1.31528,16302
2025-11-18 12:00:00,1.31531,1.31609,1.3134,1.31544,14683
2025-11-18 16:00:00,1.31543,1.31714,1.31354,1.31411,18504
2025-11-18 20:00:00,1.31412,1.31571,1.31397,1.31447,8823
2025-11-19 00:00:00,1.31424,1.3149,1.31317,1.31328,7452
2025-11-19 04:00:00,1.31329,1.31474,1.31291,1.31464,9197
2025-11-19 08:00:00,1.31464,1.31558,1.31177,1.31271,14604
2025-11-19 12:00:00,1.3127,1.31301,1.3093,1.31192,14760
2025-11-19 16:00:00,1.31192,1.31224,1.30571,1.30682,17942
2025-11-19 20:00:00,1.30682,1.30768,1.30437,1.30581,11605
2025-11-20 00:00:00,1.30572,1.30625,1.30453,1.30464,7397
2025-11-20 04:00:00,1.30464,1.30623,1.30381,1.30531,8114
2025-11-20 08:00:00,1.3053,1.30802,1.305,1.30794,13377
2025-11-20 12:00:00,1.30793,1.30998,1.3045,1.30959,15189
2025-11-20 16:00:00,1.30958,1.31241,1.3066,1.30681,22030
2025-11-20 20:00:00,1.30679,1.30876,1.3067,1.30721,9746
2025-11-21 00:00:00,1.30714,1.30876,1.30646,1.30821,10512
2025-11-21 04:00:00,1.30822,1.30964,1.30751,1.30894,11225
2025-11-21 08:00:00,1.30894,1.31029,1.30591,1.30615,18213
2025-11-21 12:00:00,1.30616,1.30953,1.30387,1.30843,19929
2025-11-21 16:00:00,1.30843,1.31075,1.30697,1.31007,21750
2025-11-21 20:00:00,1.31007,1.31087,1.30917,1.31005,9936
2025-11-24 00:00:00,1.30941,1.31,1.30857,1.30888,7891
2025-11-24 04:00:00,1.30889,1.31075,1.30889,1.31025,12291
2025-11-24 08:00:00,1.31024,1.3112,1.30881,1.30898,16110
2025-11-24 12:00:00,1.30898,1.31179,1.30882,1.31056,14008
2025-11-24 16:00:00,1.31055,1.31077,1.30808,1.31007,15024
2025-11-24 20:00:00,1.31007,1.31169,1.31,1.3104,7601
2025-11-25 00:00:00,1.31042,1.31161,1.3102,1.31078,8261
2025-11-25 04:00:00,1.31078,1.3116,1.30957,1.31018,8644
2025-11-25 08:00:00,1.31018,1.31383,1.30982,1.31352,12391
2025-11-25 12:00:00,1.31351,1.31597,1.31092,1.31538,15711
2025-11-25 16:00:00,1.31537,1.32042,1.3153,1.32009,20723
2025-11-25 20:00:00,1.3201,1.32144,1.31537,1.31644,11992
2025-11-26 00:00:00,1.31647,1.3188,1.3158,1.31787,12121
2025-11-26 04:00:00,1.31788,1.31974,1.31769,1.31916,10958
2025-11-26 08:00:00,1.31916,1.31981,1.31654,1.31742,15515
2025-11-26 12:00:00,1.31743,1.32248,1.31244,1.31927,23432
2025-11-26 16:00:00,1.31928,1.32382,1.31849,1.32261,19270
2025-11-26 20:00:00,1.32261,1.32438,1.32239,1.32428,8002
2025-11-27 00:00:00,1.32376,1.32608,1.32304,1.32571,7493
2025-11-27 04:00:00,1.32571,1.32685,1.32482,1.32589,10892
2025-11-27 08:00:00,1.32591,1.32643,1.32102,1.3214,12820
2025-11-27 12:00:00,1.32141,1.32491,1.32121,1.32433,10620
2025-11-27 16:00:00,1.32434,1.32552,1.32291,1.3238,7910
2025-11-27 20:00:00,1.3238,1.32404,1.32337,1.32389,3636
2025-11-28 00:00:00,1.32356,1.32446,1.32289,1.3233,9052
2025-11-28 04:00:00,1.3233,1.32446,1.32275,1.32327,21770
2025-11-28 08:00:00,1.32335,1.3234,1.32012,1.32083,33882
2025-11-28 12:00:00,1.32083,1.3228,1.32012,1.32255,41604
2025-11-28 16:00:00,1.32255,1.32546,1.32066,1.32371,20852
2025-11-28 20:00:00,1.3237,1.3247,1.32304,1.32364,9476
2025-12-01 00:00:00,1.32243,1.32486,1.32165,1.32378,11769
2025-12-01 04:00:00,1.32378,1.32401,1.32187,1.32213,11443
2025-12-01 08:00:00,1.32211,1.32365,1.32056,1.3233,17578
2025-12-01 12:00:00,1.3233,1.32753,1.32178,1.3266,17943
2025-12-01 16:00:00,1.3266,1.32662,1.32214,1.32247,20208
2025-12-01 20:00:00,1.32247,1.32279,1.32084,1.3212,7970
2025-12-02 00:00:00,1.32118,1.32151,1.3203,1.32121,4570
2025-12-02 04:00:00,1.32121,1.32218,1.32108,1.32145,5139
2025-12-02 08:00:00,1.32142,1.32208,1.3201,1.32106,13074
2025-12-02 12:00:00,1.32107,1.3212,1.31808,1.32068,14429
2025-12-02 16:00:00,1.32068,1.32134,1.31797,1.31941,17496
2025-12-02 20:00:00,1.31941,1.32154,1.31905,1.32119,7056
2025-12-03 00:00:00,1.32063,1.3227,1.3198,1.32266,5271
2025-12-03 04:00:00,1.32266,1.3238,1.32245,1.32367,5237
2025-12-03 08:00:00,1.32367,1.32848,1.32355,1.32789,13142
2025-12-03 12:00:00,1.32787,1.33151,1.3274,1.32993,13597
2025-12-03 16:00:00,1.32994,1.33477,1.32921,1.33427,18204
2025-12-03 20:00:00,1.33427,1.33534,1.33386,1.33525,6982
2025-12-04 00:00:00,1.33516,1.33518,1.33349,1.33401,5115
2025-12-04 04:00:00,1.33402,1.33404,1.33276,1.3338,6505
2025-12-04 08:00:00,1.33381,1.33591,1.33316,1.33459,11563
2025-12-04 12:00:00,1.33459,1.33637,1.33208,1.33424,14129
2025-12-04 16:00:00,1.33424,1.33852,1.33408,1.33432,16333
2025-12-04 20:00:00,1.33431,1.33514,1.33245,1.33265,7665
2025-12-05 00:00:00,1.33234,1.33333,1.33185,1.33332,6822
2025-12-05 04:00:00,1.33332,1.33456,1.3325,1.33452,5640
2025-12-05 08:00:00,1.33451,1.33624,1.33423,1.3346,11399
2025-12-05 12:00:00,1.33461,1.33557,1.33282,1.33508,11990
2025-12-05 16:00:00,1.33508,1.3362,1.33159,1.33308,17938
2025-12-05 20:00:00,1.33308,1.33408,1.3326,1.33299,7960
2025-12-08 00:00:00,1.3321,1.33382,1.33126,1.33369,8909
2025-12-08 04:00:00,1.33369,1.33423,1.33347,1.33372,6217
2025-12-08 08:00:00,1.33371,1.33469,1.33136,1.33172,13666
2025-12-08 12:00:00,1.33172,1.33294,1.3314,1.33197,12205
2025-12-08 16:00:00,1.33198,1.33383,1.33058,1.33237,18269
2025-12-08 20:00:00,1.33238,1.33309,1.33192,1.33213,7312
2025-12-09 00:00:00,1.33205,1.3333,1.33154,1.33328,6164
2025-12-09 04:00:00,1.33328,1.33371,1.33261,1.33334,8599
2025-12-09 08:00:00,1.33333,1.33562,1.33232,1.33469,13922
2025-12-09 12:00:00,1.33468,1.3349,1.33102,1.33145,14894
2025-12-09 16:00:00,1.33145,1.33205,1.32871,1.32976,19282
2025-12-09 20:00:00,1.32976,1.3307,1.3291,1.32977,8604
2025-12-10 00:00:00,1.32934,1.33047,1.32926,1.32987,5927
2025-12-10 04:00:00,1.32986,1.33099,1.32979,1.33072,7146
2025-12-10 08:00:00,1.33072,1.33272,1.33057,1.33133,13282
2025-12-10 12:00:00,1.33131,1.33318,1.33015,1.33304,13704
2025-12-10 16:00:00,1.33304,1.33476,1.3315,1.33457,16732
2025-12-10 20:00:00,1.33457,1.33888,1.33234,1.338,22885
2025-12-11 00:00:00,1.33811,1.3392,1.3371,1.33821,8362
2025-12-11 04:00:00,1.33821,1.33872,1.33615,1.33617,9700
2025-12-11 08:00:00,1.33617,1.33793,1.33546,1.3372,14560
2025-12-11 12:00:00,1.3372,1.34154,1.33679,1.34075,15759
2025-12-11 16:00:00,1.34076,1.34383,1.3407,1.34211,19901
2025-12-11 20:00:00,1.34211,1.34247,1.33825,1.33862,9077
2025-12-12 00:00:00,1.33837,1.33999,1.3381,1.33922,8433
2025-12-12 04:00:00,1.33921,1.3397,1.33884,1.33955,7585
2025-12-12 08:00:00,1.33955,1.3399,1.33734,1.3383,14403
2025-12-12 12:00:00,1.3383,1.33834,1.33647,1.33696,12157
2025-12-12 16:00:00,1.33696,1.33783,1.33422,1.33732,19665
2025-12-12 20:00:00,1.33731,1.33769,1.33566,1.33672,9552
2025-12-15 00:00:00,1.33712,1.33744,1.33543,1.33735,6395
2025-12-15 04:00:00,1.33734,1.33743,1.3355,1.33642,8201
2025-12-15 08:00:00,1.33642,1.33887,1.33576,1.33879,13585
2025-12-15 12:00:00,1.33879,1.33967,1.33746,1.33872,11388
2025-12-15 16:00:00,1.3387,1.34015,1.33656,1.33677,18564
2025-12-15 20:00:00,1.33677,1.33782,1.33595,1.33768,7761
2025-12-16 00:00:00,1.33732,1.33835,1.33616,1.33681,8965
2025-12-16 04:00:00,1.33681,1.33741,1.33609,1.33623,10463
2025-12-16 08:00:00,1.33623,1.34158,1.33553,1.34102,15072
2025-12-16 12:00:00,1.34102,1.3456,1.34066,1.34259,19469
2025-12-16 16:00:00,1.3426,1.34476,1.3404,1.3424,24477
2025-12-16 20:00:00,1.3424,1.3436,1.33992,1.34193,13490
2025-12-17 00:00:00,1.34172,1.34271,1.34172,1.34245,6569
2025-12-17 04:00:00,1.34245,1.34246,1.33799,1.33835,8990
2025-12-17 08:00:00,1.33835,1.339,1.33117,1.33257,17132
2025-12-17 12:00:00,1.33257,1.33591,1.33203,1.33562,15560
2025-12-17 16:00:00,1.33562,1.34066,1.33486,1.33873,21130
2025-12-17 20:00:00,1.33872,1.33949,1.33726,1.33746,9313
2025-12-18 00:00:00,1.33753,1.33791,1.33616,1.33646,6937
2025-12-18 04:00:00,1.33647,1.33739,1.33617,1.33696,7141
2025-12-18 08:00:00,1.33696,1.33754,1.33409,1.33487,12876
2025-12-18 12:00:00,1.33487,1.34427,1.33378,1.34278,19476
2025-12-18 16:00:00,1.34279,1.34464,1.33704,1.33809,24659
2025-12-18 20:00:00,1.33809,1.33906,1.33751,1.33816,10122
2025-12-19 00:00:00,1.3379,1.3387,1.33734,1.33823,6577
2025-12-19 04:00:00,1.33822,1.33861,1.33696,1.33757,9295
2025-12-19 08:00:00,1.33755,1.33876,1.33632,1.3382,16922
2025-12-19 12:00:00,1.3382,1.33868,1.33571,1.33724,15131
2025-12-19 16:00:00,1.33724,1.33869,1.33571,1.33772,18835
2025-12-19 20:00:00,1.33771,1.33942,1.33727,1.33737,8974
2025-12-22 00:00:00,1.3377,1.33983,1.33716,1.33961,18013
2025-12-22 04:00:00,1.33961,1.34018,1.33916,1.33973,5318
2025-12-22 08:00:00,1.33973,1.34247,1.33915,1.34244,11618
2025-12-22 12:00:00,1.34245,1.34442,1.34242,1.34378,14409
2025-12-22 16:00:00,1.34378,1.34776,1.34316,1.34709,15571
2025-12-22 20:00:00,1.34708,1.34709,1.34539,1.34621,8318
2025-12-23 00:00:00,1.34592,1.34835,1.34468,1.34771,6424
2025-12-23 04:00:00,1.34771,1.34939,1.34768,1.34888,7402
2025-12-23 08:00:00,1.34888,1.35186,1.348,1.35056,14177
2025-12-23 12:00:00,1.35057,1.35187,1.34944,1.34949,15665
2025-12-23 16:00:00,1.3495,1.35003,1.3471,1.34732,24345
2025-12-23 20:00:00,1.34732,1.35236,1.3472,1.35168,11731
2025-12-24 00:00:00,1.35135,1.35321,1.3493,1.3529,13015
2025-12-24 04:00:00,1.35293,1.35341,1.35096,1.35191,12847
2025-12-24 08:00:00,1.3519,1.35281,1.35027,1.35219,19925
2025-12-24 12:00:00,1.35219,1.3524,1.35011,1.35046,12669
2025-12-24 16:00:00,1.35043,1.3511,1.34919,1.34974,15431
2025-12-24 20:00:00,1.34974,1.3507,1.34947,1.35031,13440
2025-12-26 00:00:00,1.35221,1.35228,1.34953,1.35126,13992
2025-12-26 04:00:00,1.35125,1.3519,1.34866,1.34946,9963
2025-12-26 08:00:00,1.34946,1.35005,1.34774,1.34851,14814
2025-12-26 12:00:00,1.34851,1.35273,1.34836,1.35168,14233
2025-12-26 16:00:00,1.35169,1.35258,1.34813,1.34949,16798
2025-12-26 20:00:00,1.34949,1.35064,1.34901,1.34947,9442
2025-12-29 00:00:00,1.34835,1.3512,1.348,1.35093,9362
2025-12-29 04:00:00,1.35093,1.35102,1.34836,1.34912,7758
2025-12-29 08:00:00,1.34912,1.35078,1.34736,1.34905,16088
2025-12-29 12:00:00,1.34903,1.35108,1.34691,1.34938,17171
2025-12-29 16:00:00,1.34938,1.35128,1.34816,1.34858,21440
2025-12-29 20:00:00,1.34857,1.35155,1.34846,1.35131,8430
2025-12-30 00:00:00,1.35094,1.35104,1.34959,1.35089,7541
2025-12-30 04:00:00,1.35089,1.35172,1.34996,1.35149,6262
2025-12-30 08:00:00,1.35149,1.35217,1.35004,1.35145,12614
2025-12-30 12:00:00,1.35145,1.35307,1.34869,1.34879,14253
2025-12-30 16:00:00,1.34879,1.34882,1.34495,1.34697,16222
2025-12-30 20:00:00,1.34697,1.34749,1.34611,1.34678,6905
2025-12-31 00:00:00,1.34662,1.34677,1.34584,1.34611,5605
2025-12-31 04:00:00,1.34611,1.34655,1.34574,1.34607,7906
2025-12-31 08:00:00,1.34607,1.34655,1.3426,1.34372,11918
2025-12-31 12:00:00,1.34378,1.34767,1.34325,1.34542,17102
2025-12-31 16:00:00,1.34546,1.34604,1.34016,1.34521,20494
2025-12-31 20:00:00,1.34523,1.34837,1.3447,1.34729,8898
2026-01-02 00:00:00,1.34643,1.34878,1.34612,1.34876,5112
2026-01-02 04:00:00,1.34876,1.34912,1.34696,1.34712,5118
2026-01-02 08:00:00,1.34712,1.34715,1.34492,1.34549,13207
2026-01-02 12:00:00,1.3455,1.34597,1.34339,1.34577,13802
2026-01-02 16:00:00,1.34576,1.3502,1.34534,1.34629,18774
2026-01-02 20:00:00,1.34629,1.34669,1.34464,1.34587,9574
2026-01-05 00:00:00,1.34455,1.34565,1.34374,1.34402,10792
2026-01-05 04:00:00,1.34402,1.34429,1.34141,1.34279,9398
2026-01-05 08:00:00,1.34279,1.34433,1.34173,1.34427,14626
2026-01-05 12:00:00,1.34426,1.34743,1.34249,1.3453,17904
2026-01-05 16:00:00,1.34531,1.35392,1.34508,1.35326,21550
2026-01-05 20:00:00,1.35326,1.35484,1.3529,1.35419,8410
2026-01-06 00:00:00,1.35409,1.35462,1.35281,1.35461,7644
2026-01-06 04:00:00,1.35461,1.35622,1.35416,1.35497,8510
2026-01-06 08:00:00,1.35497,1.35678,1.35357,1.35357,15999
2026-01-06 12:00:00,1.35357,1.35399,1.35065,1.35238,14797
2026-01-06 16:00:00,1.35238,1.35348,1.34916,1.35103,19572
2026-01-06 20:00:00,1.35103,1.35121,1.34926,1.35017,8653
2026-01-07 00:00:00,1.34998,1.35099,1.34904,1.35059,6573
2026-01-07 04:00:00,1.35059,1.3517,1.35031,1.35085,8017
2026-01-07 08:00:00,1.35085,1.3517,1.34851,1.34948,13428
2026-01-07 12:00:00,1.34948,1.35054,1.34809,1.34945,15123
2026-01-07 16:00:00,1.34945,1.35014,1.34681,1.34732,20402
2026-01-07 20:00:00,1.34733,1.34738,1.34556,1.34566,8400
2026-01-08 00:00:00,1.34549,1.34615,1.34531,1.34558,5241
2026-01-08 04:00:00,1.34559,1.34656,1.34508,1.34581,7789
2026-01-08 08:00:00,1.3458,1.3462,1.34321,1.34383,13931
2026-01-08 12:00:00,1.34384,1.34506,1.34157,1.34233,13774
2026-01-08 16:00:00,1.34232,1.34469,1.34173,1.3436,18608
2026-01-08 20:00:00,1.3436,1.34449,1.34195,1.34399,8177
2026-01-09 00:00:00,1.34348,1.34411,1.34268,1.34281,6160
2026-01-09 04:00:00,1.34282,1.34381,1.34245,1.34301,7708
2026-01-09 08:00:00,1.34302,1.34345,1.34047,1.34103,14487
2026-01-09 12:00:00,1.34103,1.3451,1.33934,1.34354,19262
2026-01-09 16:00:00,1.34353,1.34434,1.33925,1.3403,25527
2026-01-09 20:00:00,1.34031,1.34145,1.33952,1.33977,7948
2026-01-12 00:00:00,1.33943,1.34411,1.33906,1.34272,10251
2026-01-12 04:00:00,1.34272,1.34364,1.34164,1.34339,7772
2026-01-12 08:00:00,1.34339,1.34692,1.34295,1.34536,15429
2026-01-12 12:00:00,1.34536,1.34859,1.3448,1.34816,14819
2026-01-12 16:00:00,1.34815,1.34834,1.34555,1.34643,16947
2026-01-12 20:00:00,1.34642,1.34697,1.34572,1.34641,6406
2026-01-13 00:00:00,1.34595,1.34769,1.34573,1.34703,7074
2026-01-13 04:00:00,1.34701,1.34785,1.34694,1.34723,7781
2026-01-13 08:00:00,1.34722,1.34854,1.34626,1.34806,12067
2026-01-13 12:00:00,1.34808,1.34947,1.34513,1.34751,15682
2026-01-13 16:00:00,1.3475,1.34772,1.3425,1.34337,20561
2026-01-13 20:00:00,1.34338,1.3441,1.34206,1.3421,8431
2026-01-14 00:00:00,1.3421,1.34285,1.34185,1.34228,5441
2026-01-14 04:00:00,1.34228,1.34478,1.34212,1.34354,6080
2026-01-14 08:00:00,1.34354,1.34586,1.34342,1.3457,12926
2026-01-14 12:00:00,1.3457,1.34587,1.34388,1.34447,12890
2026-01-14 16:00:00,1.34448,1.34643,1.34303,1.34319,17628
2026-01-14 20:00:00,1.34318,1.34467,1.34246,1.34467,8735
2026-01-15 00:00:00,1.34381,1.34447,1.34274,1.34355,7233
2026-01-15 04:00:00,1.34355,1.34355,1.34231,1.34268,7258
2026-01-15 08:00:00,1.34267,1.3445,1.34234,1.34365,12385
2026-01-15 12:00:00,1.34367,1.34385,1.33688,1.33728,12517
2026-01-15 16:00:00,1.33729,1.3394,1.33627,1.33876,16439
2026-01-15 20:00:00,1.33876,1.33938,1.33746,1.33816,7946
2026-01-16 00:00:00,1.33768,1.3384,1.33707,1.33797,6244
2026-01-16 04:00:00,1.33797,1.33913,1.33789,1.33832,6650
2026-01-16 08:00:00,1.33831,1.34051,1.33772,1.33969,10254
2026-01-16 12:00:00,1.33968,1.34132,1.33886,1.34037,11841
2026-01-16 16:00:00,1.34037,1.34051,1.33661,1.33788,17939
2026-01-16 20:00:00,1.33788,1.33872,1.33737,1.33756,7219
2026-01-19 00:00:00,1.33441,1.34088,1.33404,1.33919,12734
2026-01-19 04:00:00,1.33919,1.3406,1.33812,1.33951,10402
2026-01-19 08:00:00,1.33951,1.34156,1.33841,1.3406,13572
2026-01-19 12:00:00,1.3406,1.34168,1.34019,1.3414,9327
2026-01-19 16:00:00,1.34136,1.3435,1.34104,1.34312,9866
2026-01-19 20:00:00,1.34312,1.34337,1.34226,1.3425,2739
2026-01-20 00:00:00,1.34192,1.34267,1.3409,1.34239,5583
2026-01-20 04:00:00,1.34239,1.34499,1.34199,1.34416,7160
2026-01-20 08:00:00,1.34416,1.34916,1.34259,1.34751,19635
2026-01-20 12:00:00,1.34748,1.34852,1.34395,1.34526,20100
2026-01-20 16:00:00,1.34527,1.34772,1.34406,1.34564,21006
2026-01-20 20:00:00,1.34564,1.34577,1.34253,1.34419,9190
2026-01-21 00:00:00,1.3436,1.34567,1.3432,1.34521,6942
2026-01-21 04:00:00,1.34521,1.34547,1.34331,1.34376,7598
2026-01-21 08:00:00,1.34376,1.3449,1.34086,1.34104,13247
2026-01-21 12:00:00,1.34104,1.34441,1.34013,1.34418,16375
2026-01-21 16:00:00,1.34418,1.34592,1.34165,1.3428,23702
2026-01-21 20:00:00,1.34279,1.34324,1.34098,1.34301,13315
2026-01-22 00:00:00,1.34246,1.34318,1.34169,1.34303,9331
2026-01-22 04:00:00,1.34304,1.34394,1.34227,1.34291,7356
2026-01-22 08:00:00,1.3429,1.34465,1.34094,1.34441,12238
2026-01-22 12:00:00,1.34441,1.34529,1.34013,1.34231,18312
2026-01-22 16:00:00,1.34231,1.34991,1.34223,1.34925,18730
2026-01-22 20:00:00,1.34922,1.35071,1.34862,1.3501,7824
2026-01-23 00:00:00,1.3493,1.35087,1.34864,1.34978,7490
2026-01-23 04:00:00,1.34979,1.35007,1.34886,1.34986,8345
2026-01-23 08:00:00,1.34986,1.35346,1.34824,1.35299,17775
2026-01-23 12:00:00,1.35298,1.35366,1.35144,1.3525,14392
2026-01-23 16:00:00,1.3525,1.3623,1.35206,1.36084,20364
2026-01-23 20:00:00,1.36084,1.36457,1.35921,1.36419,15323
2026-01-26 00:00:00,1.36612,1.36819,1.36434,1.3661,14605
2026-01-26 04:00:00,1.36609,1.36796,1.36532,1.36669,12460
2026-01-26 08:00:00,1.36669,1.36771,1.36429,1.36719,19083
2026-01-26 12:00:00,1.36722,1.36756,1.36432,1.36617,16095
2026-01-26 16:00:00,1.36617,1.37131,1.36583,1.36879,19983
2026-01-26 20:00:00,1.3688,1.37015,1.36742,1.36776,10894
2026-01-27 00:00:00,1.36756,1.36825,1.36688,1.36798,8560
2026-01-27 04:00:00,1.36798,1.37008,1.36714,1.36783,10199
2026-01-27 08:00:00,1.36783,1.37001,1.3664,1.36991,15776
2026-01-27 12:00:00,1.36991,1.37486,1.3683,1.37351,21304
2026-01-27 16:00:00,1.3735,1.3791,1.37314,1.37874,25859
2026-01-27 20:00:00,1.37874,1.38692,1.37743,1.38473,19593
2026-01-28 00:00:00,1.3842,1.38476,1.37992,1.38003,11276
2026-01-28 04:00:00,1.38003,1.38104,1.3789,1.38052,11399
2026-01-28 08:00:00,1.38051,1.38313,1.3775,1.37872,19669
2026-01-28 12:00:00,1.37871,1.37999,1.37652,1.37701,19322
2026-01-28 16:00:00,1.37703,1.38012,1.37495,1.37893,27511
2026-01-28 20:00:00,1.37894,1.38109,1.37526,1.38065,20371
2026-01-29 00:00:00,1.38017,1.38351,1.37922,1.38032,16216
2026-01-29 04:00:00,1.38032,1.38441,1.37931,1.38379,13920
2026-01-29 08:00:00,1.38379,1.38476,1.38003,1.38034,19255
2026-01-29 12:00:00,1.38034,1.38181,1.37806,1.38061,19422
2026-01-29 16:00:00,1.38064,1.38341,1.37424,1.37985,35980
2026-01-29 20:00:00,1.37982,1.38132,1.37881,1.3809,15473
2026-01-30 00:00:00,1.3801,1.38145,1.37583,1.37611,13537
2026-01-30 04:00:00,1.3761,1.37676,1.37316,1.37559,17695
2026-01-30 08:00:00,1.3756,1.37833,1.37251,1.37338,23101
2026-01-30 12:00:00,1.37336,1.37879,1.37323,1.37443,21870
2026-01-30 16:00:00,1.37444,1.37578,1.37001,1.37088,31606
2026-01-30 20:00:00,1.37089,1.37185,1.36794,1.36841,20799
2026-02-02 00:00:00,1.36876,1.37059,1.36623,1.36934,19336
2026-02-02 04:00:00,1.36934,1.36999,1.36607,1.3672,18258
2026-02-02 08:00:00,1.3672,1.37109,1.36616,1.37092,21934
2026-02-02 12:00:00,1.3709,1.37153,1.36493,1.36517,21971
2026-02-02 16:00:00,1.36517,1.36771,1.3623,1.366,31187
2026-02-02 20:00:00,1.366,1.36683,1.36435,1.36681,13232
2026-02-03 00:00:00,1.36624,1.36862,1.36546,1.36862,9745
2026-02-03 04:00:00,1.36862,1.36942,1.36714,1.36895,12447
2026-02-03 08:00:00,1.36895,1.37064,1.36666,1.36669,20440
2026-02-03 12:00:00,1.3667,1.36897,1.36506,1.36702,19057
2026-02-03 16:00:00,1.36702,1.37072,1.36565,1.36957,25632
2026-02-03 20:00:00,1.36957,1.37023,1.36732,1.36977,14630
2026-02-04 00:00:00,1.36915,1.37101,1.3688,1.37065,9490
2026-02-04 04:00:00,1.37066,1.37196,1.36967,1.3715,9275
2026-02-04 08:00:00,1.3715,1.37332,1.3701,1.37089,14351
2026-02-04 12:00:00,1.37087,1.37291,1.36949,1.37131,17232
2026-02-04 16:00:00,1.37131,1.37175,1.36432,1.36463,30838
2026-02-04 20:00:00,1.36463,1.36636,1.36424,1.36521,14105
2026-02-05 00:00:00,1.36504,1.36631,1.36409,1.36481,9684
2026-02-05 04:00:00,1.36481,1.36486,1.36164,1.36199,14267
2026-02-05 08:00:00,1.362,1.36325,1.35567,1.35657,18512
2026-02-05 12:00:00,1.35658,1.36154,1.35404,1.35854,27014
2026-02-05 16:00:00,1.35851,1.35893,1.35176,1.35513,33687
2026-02-05 20:00:00,1.35513,1.35571,1.35245,1.35296,12340
2026-02-06 00:00:00,1.35248,1.35429,1.35086,1.35399,12227
2026-02-06 04:00:00,1.35402,1.35699,1.354,1.35697,11543
2026-02-06 08:00:00,1.35695,1.3582,1.35579,1.35769,17708
2026-02-06 12:00:00,1.35769,1.35963,1.35718,1.35887,13610
2026-02-06 16:00:00,1.35888,1.36234,1.35875,1.36183,19282
2026-02-06 20:00:00,1.36183,1.36231,1.36072,1.36092,8952
2026-02-09 00:00:00,1.35932,1.36206,1.35862,1.36012,12807
2026-02-09 04:00:00,1.36011,1.36171,1.35908,1.36143,7360
2026-02-09 08:00:00,1.36143,1.3629,1.35864,1.36008,19048
2026-02-09 12:00:00,1.36008,1.36701,1.35932,1.36508,20412
2026-02-09 16:00:00,1.36507,1.3691,1.36215,1.36718,21635
2026-02-09 20:00:00,1.36716,1.37003,1.36644,1.36949,9566
2026-02-10 00:00:00,1.36925,1.36968,1.36721,1.36845,7538
2026-02-10 04:00:00,1.36845,1.36963,1.36746,1.36783,8821
2026-02-10 08:00:00,1.36783,1.36843,1.36635,1.36682,13347
2026-02-10 12:00:00,1.36682,1.36928,1.36578,1.36813,16139
2026-02-10 16:00:00,1.36813,1.36967,1.36436,1.36536,21425
2026-02-10 20:00:00,1.36536,1.36574,1.36376,1.36414,10230
2026-02-11 00:00:00,1.36411,1.36514,1.36315,1.36442,8843
2026-02-11 04:00:00,1.36442,1.36702,1.36442,1.36697,8112
2026-02-11 08:00:00,1.36698,1.3699,1.36644,1.36957,13226
2026-02-11 12:00:00,1.36956,1.37124,1.36096,1.36417,21053
2026-02-11 16:00:00,1.36415,1.36702,1.36264,1.36578,30979
2026-02-11 20:00:00,1.36578,1.36589,1.36191,1.36279,13234
2026-02-12 00:00:00,1.36266,1.36401,1.36156,1.364,8370
2026-02-12 04:00:00,1.364,1.36421,1.36177,1.3622,10083
2026-02-12 08:00:00,1.3622,1.36539,1.36046,1.36492,16652
2026-02-12 12:00:00,1.36492,1.36521,1.36219,1.365,14693
2026-02-12 16:00:00,1.36501,1.36715,1.36161,1.36192,27984
2026-02-12 20:00:00,1.36192,1.36265,1.36049,1.3622,14700
2026-02-13 00:00:00,1.36222,1.36271,1.36121,1.3617,9046
2026-02-13 04:00:00,1.3617,1.36241,1.35995,1.36038,8635
2026-02-13 08:00:00,1.36039,1.36296,1.35904,1.36228,15731
2026-02-13 12:00:00,1.36229,1.3646,1.35988,1.36335,17569
2026-02-13 16:00:00,1.36332,1.36592,1.36069,1.36485,26110
2026-02-13 20:00:00,1.36486,1.36581,1.36413,1.36536,10580
2026-02-16 00:00:00,1.3639,1.36493,1.36347,1.36435,9773
2026-02-16 04:00:00,1.36435,1.36456,1.36354,1.36392,6182
2026-02-16 08:00:00,1.36392,1.36619,1.36356,1.36448,11180
2026-02-16 12:00:00,1.36446,1.36519,1.36287,1.36331,9316
2026-02-16 16:00:00,1.36331,1.36403,1.36259,1.36272,7618
2026-02-16 20:00:00,1.36272,1.36332,1.36246,1.36286,2087
2026-02-17 00:00:00,1.36257,1.3633,1.36137,1.36167,7176
2026-02-17 04:00:00,1.36166,1.36203,1.36035,1.36073,8319
2026-02-17 08:00:00,1.36073,1.3615,1.35523,1.35914,13587
2026-02-17 12:00:00,1.35912,1.3606,1.35244,1.35246,16606
2026-02-17 16:00:00,1.35246,1.35501,1.34958,1.35467,23376
2026-02-17 20:00:00,1.35467,1.35688,1.35412,1.35669,9399
2026-02-18 00:00:00,1.35626,1.35726,1.35482,1.35586,6656
2026-02-18 04:00:00,1.35586,1.35594,1.35498,1.35589,5751
2026-02-18 08:00:00,1.35589,1.35792,1.35536,1.35746,11126
2026-02-18 12:00:00,1.35746,1.35821,1.35519,1.3552,11319
2026-02-18 16:00:00,1.35522,1.35586,1.35125,1.35218,17306
2026-02-18 20:00:00,1.35217,1.35254,1.34909,1.34919,11805
2026-02-19 00:00:00,1.34901,1.35011,1.34884,1.34966,6778
2026-02-19 04:00:00,1.34965,1.34976,1.34806,1.34873,6025
2026-02-19 08:00:00,1.34873,1.35167,1.3485,1.35045,11031
2026-02-19 12:00:00,1.35045,1.35074,1.3449,1.34671,15230
2026-02-19 16:00:00,1.3467,1.34739,1.3434,1.34523,24017
2026-02-19 20:00:00,1.34524,1.3473,1.3447,1.34622,10339
2026-02-20 00:00:00,1.34625,1.34709,1.34416,1.34468,7600
2026-02-20 04:00:00,1.34468,1.34487,1.3435,1.34455,7491
2026-02-20 08:00:00,1.34456,1.34792,1.34362,1.34668,14942
2026-02-20 12:00:00,1.34668,1.34981,1.34619,1.34864,15742
2026-02-20 16:00:00,1.34862,1.3515,1.34607,1.34895,32044
2026-02-20 20:00:00,1.34895,1.35068,1.34783,1.34784,16116
2026-02-23 00:00:00,1.34882,1.35335,1.34782,1.35192,12267
2026-02-23 04:00:00,1.35191,1.35286,1.35102,1.35203,7894
2026-02-23 08:00:00,1.35203,1.35351,1.35057,1.35083,13180
2026-02-23 12:00:00,1.35082,1.35127,1.34756,1.3506,14432
2026-02-23 16:00:00,1.35059,1.35249,1.34846,1.34957,22522
2026-02-23 20:00:00,1.34957,1.35015,1.34856,1.34904,10176
2026-02-24 00:00:00,1.34914,1.34998,1.34777,1.34908,11738
2026-02-24 04:00:00,1.34907,1.35014,1.34792,1.34888,7863
2026-02-24 08:00:00,1.34889,1.35026,1.34699,1.34996,14750
2026-02-24 12:00:00,1.34996,1.35059,1.34765,1.3486,12741
2026-02-24 16:00:00,1.34859,1.35366,1.34798,1.35182,18922
2026-02-24 20:00:00,1.35182,1.352,1.34871,1.3488,9515
2026-02-25 00:00:00,1.3483,1.35067,1.3483,1.35028,8024
2026-02-25 04:00:00,1.35028,1.35251,1.35026,1.35217,11264
2026-02-25 08:00:00,1.35217,1.35337,1.35097,1.35179,13857
2026-02-25 12:00:00,1.35178,1.35353,1.34907,1.3508,12347
2026-02-25 16:00:00,1.35081,1.35659,1.35064,1.35557,17680
2026-02-25 20:00:00,1.35556,1.35603,1.35481,1.35591,6284
2026-02-26 00:00:00,1.3558,1.35737,1.35482,1.35735,9703
2026-02-26 04:00:00,1.35735,1.35751,1.35497,1.35607,8393
2026-02-26 08:00:00,1.35607,1.35624,1.35188,1.35275,13527
2026-02-26 12:00:00,1.35275,1.35566,1.35237,1.35366,11852
2026-02-26 16:00:00,1.35365,1.35539,1.34492,1.3451,23267
2026-02-26 20:00:00,1.34509,1.34932,1.34453,1.34826,10619
2026-02-27 00:00:00,1.34808,1.34939,1.34756,1.34767,9028
2026-02-27 04:00:00,1.34767,1.35013,1.34767,1.34898,7650
2026-02-27 08:00:00,1.34898,1.35079,1.34614,1.34845,14238
2026-02-27 12:00:00,1.34844,1.34865,1.34396,1.34444,17348
2026-02-27 16:00:00,1.34447,1.34767,1.34412,1.346,24253
2026-02-27 20:00:00,1.34601,1.34906,1.34599,1.34786,9886
2026-03-02 00:00:00,1.34122,1.34538,1.34007,1.34507,18503
2026-03-02 04:00:00,1.34507,1.34559,1.34145,1.3415,12718
2026-03-02 08:00:00,1.3415,1.34156,1.33143,1.33725,27672
2026-03-02 12:00:00,1.33725,1.34264,1.33722,1.33827,23132
2026-03-02 16:00:00,1.33821,1.34256,1.33598,1.34155,31346
2026-03-02 20:00:00,1.34156,1.3432,1.33862,1.34049,16291
2026-03-03 00:00:00,1.34039,1.34252,1.33946,1.34096,10413
2026-03-03 04:00:00,1.34094,1.34125,1.33608,1.33632,16064
2026-03-03 08:00:00,1.33633,1.33664,1.3281,1.32979,27361
2026-03-03 12:00:00,1.32976,1.33272,1.32626,1.33011,32306
2026-03-03 16:00:00,1.33011,1.33376,1.32531,1.33232,43165
2026-03-03 20:00:00,1.33233,1.337,1.33228,1.33552,22285
2026-03-04 00:00:00,1.33508,1.33636,1.33036,1.33256,15434
2026-03-04 04:00:00,1.33255,1.33415,1.33111,1.33178,18399
2026-03-04 08:00:00,1.33178,1.33763,1.33054,1.33607,24991
2026-03-04 12:00:00,1.33607,1.34032,1.33485,1.33627,28605
2026-03-04 16:00:00,1.33621,1.33847,1.33465,1.3361,30688
2026-03-04 20:00:00,1.3361,1.33806,1.33468,1.33705,12970
2026-03-05 00:00:00,1.33704,1.33871,1.33646,1.33672,14353
2026-03-05 04:00:00,1.33672,1.33716,1.33136,1.33142,16730
2026-03-05 08:00:00,1.33142,1.33768,1.33059,1.33548,28288
2026-03-05 12:00:00,1.33547,1.33737,1.33325,1.33455,23863
2026-03-05 16:00:00,1.33453,1.33602,1.32975,1.33297,33957
2026-03-05 20:00:00,1.33297,1.33655,1.3318,1.33562,23216
2026-03-06 00:00:00,1.33538,1.33715,1.33286,1.33652,12602
2026-03-06 04:00:00,1.33652,1.3373,1.33554,1.33562,11321
2026-03-06 08:00:00,1.33562,1.33793,1.33179,1.33239,19956
2026-03-06 12:00:00,1.33239,1.33861,1.33114,1.33386,28877
2026-03-06 16:00:00,1.33386,1.34096,1.33255,1.33869,41406
2026-03-06 20:00:00,1.3387,1.34083,1.33781,1.34081,23486
2026-03-09 00:00:00,1.33362,1.33692,1.32965,1.33,18326
2026-03-09 04:00:00,1.33,1.33104,1.32831,1.32978,23435
2026-03-09 08:00:00,1.32979,1.33511,1.32962,1.33189,32232
2026-03-09 12:00:00,1.3319,1.33636,1.33139,1.33525,31674
2026-03-09 16:00:00,1.33527,1.34087,1.3346,1.33908,35330
2026-03-09 20:00:00,1.33908,1.3446,1.33823,1.34414,25279
2026-03-10 00:00:00,1.34299,1.34477,1.34181,1.34352,12884
2026-03-10 04:00:00,1.34352,1.34392,1.34135,1.34248,18658
2026-03-10 08:00:00,1.34246,1.34832,1.34245,1.34592,19683
2026-03-10 12:00:00,1.34595,1.34688,1.34304,1.34415,26439
2026-03-10 16:00:00,1.34415,1.3473,1.34377,1.34627,29317
2026-03-10 20:00:00,1.34628,1.34809,1.3412,1.34162,27368
2026-03-11 00:00:00,1.34167,1.34374,1.34105,1.34307,9700
2026-03-11 04:00:00,1.34307,1.34575,1.34264,1.34543,10617
2026-03-11 08:00:00,1.34543,1.34567,1.34099,1.34268,19032
2026-03-11 12:00:00,1.34268,1.34495,1.33945,1.33992,25501
2026-03-11 16:00:00,1.33992,1.34431,1.33934,1.34101,32406
2026-03-11 20:00:00,1.34101,1.34223,1.33985,1.34123,13933
2026-03-12 00:00:00,1.34104,1.34129,1.33699,1.33827,9456
2026-03-12 04:00:00,1.33827,1.33972,1.33613,1.33627,11755
2026-03-12 08:00:00,1.33627,1.33977,1.33617,1.33788,16167
2026-03-12 12:00:00,1.33788,1.34096,1.3368,1.33782,18987
2026-03-12 16:00:00,1.33782,1.33916,1.33381,1.33481,36304
2026-03-12 20:00:00,1.33481,1.33615,1.334,1.33429,18623
2026-03-13 00:00:00,1.3342,1.33649,1.33335,1.33633,7934
2026-03-13 04:00:00,1.33633,1.33696,1.33296,1.33316,9431
2026-03-13 08:00:00,1.33316,1.33376,1.32554,1.32606,18878
2026-03-13 12:00:00,1.32607,1.32858,1.32456,1.32713,25671
2026-03-13 16:00:00,1.32712,1.32894,1.32304,1.32439,33789
2026-03-13 20:00:00,1.32439,1.32531,1.32184,1.32201,17203
2026-03-16 00:00:00,1.32496,1.32643,1.32196,1.32634,11195
2026-03-16 04:00:00,1.32634,1.32662,1.32472,1.32511,11736
2026-03-16 08:00:00,1.32511,1.32566,1.32303,1.32522,15501
2026-03-16 12:00:00,1.32521,1.32901,1.32413,1.32778,19347
2026-03-16 16:00:00,1.3278,1.33173,1.3278,1.33034,23556
2026-03-16 20:00:00,1.33036,1.33399,1.33001,1.33189,17057
2026-03-17 00:00:00,1.33189,1.33202,1.32998,1.33026,6103
2026-03-17 04:00:00,1.33026,1.33155,1.32955,1.33115,9684
2026-03-17 08:00:00,1.33115,1.33314,1.32735,1.33289,16885
2026-03-17 12:00:00,1.3329,1.33396,1.33117,1.33324,17963
2026-03-17 16:00:00,1.33323,1.33599,1.33323,1.33474,26315
2026-03-17 20:00:00,1.33474,1.33646,1.33446,1.33546,11337
2026-03-18 00:00:00,1.3354,1.33634,1.33482,1.33518,10543
2026-03-18 04:00:00,1.33517,1.33652,1.33503,1.33637,8011
2026-03-18 08:00:00,1.33637,1.33746,1.33413,1.33503,11340
2026-03-18 12:00:00,1.33502,1.33711,1.33126,1.33147,20477
2026-03-18 16:00:00,1.33148,1.33373,1.33028,1.33355,29137
2026-03-18 20:00:00,1.33354,1.33505,1.32523,1.32561,23970
2026-03-19 00:00:00,1.32549,1.32855,1.3251,1.32855,8094
2026-03-19 04:00:00,1.32855,1.32982,1.32685,1.32726,9708
2026-03-19 08:00:00,1.32726,1.32772,1.32459,1.32534,20794
2026-03-19 12:00:00,1.32533,1.33101,1.32533,1.32992,30921
2026-03-19 16:00:00,1.32992,1.33897,1.32812,1.33693,43117
2026-03-19 20:00:00,1.33694,1.34672,1.33688,1.34302,25764
2026-03-20 00:00:00,1.34294,1.34425,1.34146,1.3424,7637
2026-03-20 04:00:00,1.3424,1.34293,1.34019,1.34029,8436
2026-03-20 08:00:00,1.34029,1.34368,1.33981,1.34172,14892
2026-03-20 12:00:00,1.34173,1.34182,1.33634,1.3381,24572
2026-03-20 16:00:00,1.33811,1.33825,1.32988,1.3323,36116
2026-03-20 20:00:00,1.33235,1.33534,1.33161,1.3343,23293
2026-03-23 00:00:00,1.3304,1.33395,1.32975,1.33199,12594
2026-03-23 04:00:00,1.33198,1.33431,1.33131,1.3324,18204
2026-03-23 08:00:00,1.3324,1.33311,1.32815,1.33088,26824
2026-03-23 12:00:00,1.3309,1.34341,1.32569,1.34294,48027
2026-03-23 16:00:00,1.34302,1.34792,1.33777,1.34008,50335
2026-03-23 20:00:00,1.34009,1.34582,1.33945,1.34239,25529
2026-03-24 00:00:00,1.34256,1.34366,1.33937,1.34011,12949
2026-03-24 04:00:00,1.3401,1.34088,1.33863,1.3394,19018
2026-03-24 08:00:00,1.33941,1.34454,1.33854,1.33902,25957
2026-03-24 12:00:00,1.33905,1.3415,1.33792,1.33928,25958
2026-03-24 16:00:00,1.33928,1.34252,1.33651,1.33832,35858
2026-03-24 20:00:00,1.33832,1.34321,1.33522,1.34097,30413
2026-03-25 00:00:00,1.34077,1.3436,1.34008,1.34289,13714
2026-03-25 04:00:00,1.34288,1.3433,1.33914,1.33919,14532
2026-03-25 08:00:00,1.33918,1.34244,1.337,1.34076,19262
2026-03-25 12:00:00,1.34076,1.34272,1.33896,1.33937,21912
2026-03-25 16:00:00,1.33937,1.34009,1.33616,1.33787,17479
2026-03-25 20:00:00,1.33787,1.33924,1.33582,1.33647,15506
2026-03-26 00:00:00,1.3363,1.33677,1.33543,1.33591,7132
2026-03-26 04:00:00,1.33591,1.33678,1.33486,1.33655,9793
2026-03-26 08:00:00,1.33655,1.33673,1.33366,1.33529,16863
2026-03-26 12:00:00,1.33529,1.33616,1.33216,1.33306,17080
2026-03-26 16:00:00,1.33306,1.3378,1.33304,1.33372,27432
2026-03-26 20:00:00,1.33371,1.33685,1.33102,1.33285,15476
2026-03-27 00:00:00,1.33265,1.33405,1.33221,1.33337,9012
2026-03-27 04:00:00,1.33337,1.33469,1.33321,1.33429,9971
2026-03-27 08:00:00,1.33429,1.33474,1.33094,1.3314,14445
2026-03-27 12:00:00,1.33136,1.3318,1.3272,1.32819,17867
2026-03-27 16:00:00,1.32822,1.33325,1.3274,1.32766,26105
2026-03-27 20:00:00,1.32766,1.32884,1.326,1.32679,15646
2026-03-30 00:00:00,1.32566,1.32669,1.32325,1.32522,12703
2026-03-30 04:00:00,1.32522,1.32774,1.32454,1.32681,14281
2026-03-30 08:00:00,1.32681,1.32826,1.32326,1.32347,15150
2026-03-30 12:00:00,1.32349,1.32535,1.32206,1.3228,16510
2026-03-30 16:00:00,1.3228,1.32341,1.31738,1.31904,24458
2026-03-30 20:00:00,1.31904,1.31971,1.31741,1.3183,13359
2026-03-31 00:00:00,1.31843,1.32029,1.31592,1.32005,10652
2026-03-31 04:00:00,1.32005,1.32244,1.31961,1.3197,13666
2026-03-31 08:00:00,1.3197,1.32195,1.31911,1.32121,15649
2026-03-31 12:00:00,1.32121,1.32488,1.31919,1.32369,18601
2026-03-31 16:00:00,1.32372,1.32641,1.31722,1.32157,31598
2026-03-31 20:00:00,1.32158,1.3248,1.32158,1.32255,22414
2026-04-01 00:00:00,1.32307,1.32545,1.32293,1.32464,4656
2026-04-01 04:00:00,1.32464,1.32474,1.32196,1.32429,11505
2026-04-01 08:00:00,1.3243,1.33009,1.32417,1.32888,20430
2026-04-01 12:00:00,1.32888,1.33267,1.32775,1.33057,19906
2026-04-01 16:00:00,1.33058,1.3339,1.32931,1.33388,27121
2026-04-01 20:00:00,1.33388,1.33463,1.32928,1.3306,15322
2026-04-02 00:00:00,1.32995,1.33147,1.32918,1.33122,8421
2026-04-02 04:00:00,1.33122,1.33209,1.32296,1.3236,23155
2026-04-02 08:00:00,1.3236,1.3238,1.31961,1.32014,17435
2026-04-02 12:00:00,1.32014,1.32188,1.31816,1.32144,16653
2026-04-02 16:00:00,1.32148,1.32515,1.3202,1.32314,28041
2026-04-02 20:00:00,1.32313,1.32425,1.32207,1.32262,13248
2026-04-03 00:00:00,1.32205,1.32378,1.3213,1.32346,3818
2026-04-03 04:00:00,1.32346,1.32348,1.32218,1.32268,2877
2026-04-03 08:00:00,1.32268,1.32428,1.32223,1.32383,3978
2026-04-03 12:00:00,1.32383,1.32391,1.3206,1.32127,6617
2026-04-03 16:00:00,1.32127,1.32199,1.31941,1.31973,8583
2026-04-03 20:00:00,1.31975,1.32098,1.31863,1.31976,5927
2026-04-06 00:00:00,1.31887,1.31983,1.31781,1.31971,7962
2026-04-06 04:00:00,1.31972,1.32182,1.31907,1.32127,10148
2026-04-06 08:00:00,1.32127,1.32591,1.32094,1.32492,12599
2026-04-06 12:00:00,1.32496,1.32559,1.32327,1.32456,13313
2026-04-06 16:00:00,1.32456,1.32686,1.32238,1.32347,20423
2026-04-06 20:00:00,1.32347,1.32445,1.3218,1.32369,13065
2026-04-07 00:00:00,1.32333,1.32425,1.32296,1.32311,6276
2026-04-07 04:00:00,1.3231,1.32353,1.32115,1.32329,11483
2026-04-07 08:00:00,1.32328,1.32851,1.32188,1.32832,17885
2026-04-07 12:00:00,1.3283,1.32842,1.32365,1.32506,22197
2026-04-07 16:00:00,1.32506,1.32664,1.32358,1.32505,26331
2026-04-07 20:00:00,1.32505,1.33001,1.32474,1.32926,18553
2026-04-08 00:00:00,1.32859,1.34104,1.32842,1.3388,22932
2026-04-08 04:00:00,1.33879,1.34175,1.33862,1.3416,18878
2026-04-08 08:00:00,1.34164,1.3446,1.34065,1.34279,23132
2026-04-08 12:00:00,1.34279,1.34844,1.34202,1.34733,19726
2026-04-08 16:00:00,1.3473,1.34823,1.342,1.34246,28376
2026-04-08 20:00:00,1.34246,1.34282,1.33811,1.33941,17952
2026-04-09 00:00:00,1.33901,1.3403,1.33853,1.3391,7561
2026-04-09 04:00:00,1.3391,1.34064,1.33813,1.33993,10477
2026-04-09 08:00:00,1.33994,1.34075,1.33809,1.34037,15317
2026-04-09 12:00:00,1.34036,1.34303,1.33957,1.34161,14436
2026-04-09 16:00:00,1.3416,1.34559,1.34038,1.34447,22317
2026-04-09 20:00:00,1.34447,1.34585,1.34298,1.34355,13076
2026-04-10 00:00:00,1.3433,1.3437,1.3421,1.34252,6135
2026-04-10 04:00:00,1.34254,1.3432,1.34203,1.34215,5845
2026-04-10 08:00:00,1.34215,1.34286,1.34106,1.34208,10400
2026-04-10 12:00:00,1.34209,1.34681,1.34174,1.34584,13988
2026-04-10 16:00:00,1.34583,1.34792,1.34481,1.34562,20868
2026-04-10 20:00:00,1.34562,1.3472,1.34533,1.34605,10238
2026-04-13 00:00:00,1.33859,1.34067,1.3381,1.34024,10250
2026-04-13 04:00:00,1.34025,1.34094,1.33983,1.3405,8678
2026-04-13 08:00:00,1.3405,1.34341,1.34018,1.34279,13355
2026-04-13 12:00:00,1.34279,1.34428,1.34158,1.3436,14229
2026-04-13 16:00:00,1.34361,1.34824,1.34346,1.3474,22457
2026-04-13 20:00:00,1.3474,1.35087,1.34739,1.35053,11681
2026-04-14 00:00:00,1.35049,1.35166,1.3493,1.35147,4612
2026-04-14 04:00:00,1.35147,1.35216,1.35036,1.35192,6827
2026-04-14 08:00:00,1.35192,1.35393,1.3511,1.35377,13700
2026-04-14 12:00:00,1.35377,1.35896,1.35338,1.35869,14290
2026-04-14 16:00:00,1.3587,1.35889,1.35582,1.35676,20015
2026-04-14 20:00:00,1.35675,1.3573,1.35606,1.35645,10536
2026-04-15 00:00:00,1.35632,1.35794,1.35551,1.35734,6881
2026-04-15 04:00:00,1.35734,1.35776,1.35572,1.35675,7819
2026-04-15 08:00:00,1.35675,1.35784,1.35556,1.35642,13684
2026-04-15 12:00:00,1.35642,1.35699,1.35435,1.3555,18359
2026-04-15 16:00:00,1.3555,1.3579,1.35528,1.35734,19756
2026-04-15 20:00:00,1.35731,1.35767,1.3559,1.35603,10724
2026-04-16 00:00:00,1.35567,1.3575,1.35545,1.35738,4470
2026-04-16 04:00:00,1.35738,1.35947,1.35611,1.35766,9341
2026-04-16 08:00:00,1.35766,1.35815,1.35475,1.35503,13852
2026-04-16 12:00:00,1.35502,1.35536,1.35316,1.35467,13112
2026-04-16 16:00:00,1.35469,1.35547,1.35165,1.35286,21378
2026-04-16 20:00:00,1.35288,1.3535,1.35216,1.35259,11803
2026-04-17 00:00:00,1.35254,1.35367,1.3519,1.35207,5470
2026-04-17 04:00:00,1.35208,1.35275,1.35144,1.35224,7756
2026-04-17 08:00:00,1.35224,1.35341,1.35046,1.3531,12419
2026-04-17 12:00:00,1.35309,1.35858,1.35193,1.35834,14972
2026-04-17 16:00:00,1.35838,1.35993,1.35444,1.35538,29690
2026-04-17 20:00:00,1.35538,1.35549,1.35132,1.35165,15643
2026-04-20 00:00:00,1.34803,1.34961,1.34727,1.34954,9285
2026-04-20 04:00:00,1.34954,1.35086,1.34894,1.35052,8543
2026-04-20 08:00:00,1.35052,1.35189,1.34818,1.34976,18006
2026-04-20 12:00:00,1.34976,1.35278,1.34968,1.35162,15116
2026-04-20 16:00:00,1.35162,1.35444,1.35072,1.35382,22962
2026-04-20 20:00:00,1.35382,1.35439,1.35302,1.35324,11168
2026-04-21 00:00:00,1.35239,1.35393,1.35221,1.35243,5660
2026-04-21 04:00:00,1.35244,1.35293,1.35148,1.35151,7899
2026-04-21 08:00:00,1.35152,1.35302,1.34827,1.35035,17231
2026-04-21 12:00:00,1.35035,1.35237,1.34956,1.35148,14980
2026-04-21 16:00:00,1.35149,1.35397,1.34972,1.34978,22328
2026-04-21 20:00:00,1.34978,1.35257,1.34753,1.35079,21429
2026-04-22 00:00:00,1.35012,1.35204,1.34924,1.35098,6015
2026-04-22 04:00:00,1.35098,1.35149,1.35032,1.35074,8262
2026-04-22 08:00:00,1.35074,1.35342,1.35067,1.35287,13811
2026-04-22 12:00:00,1.35287,1.35355,1.34926,1.34942,14111
2026-04-22 16:00:00,1.34942,1.35244,1.34919,1.35046,20536
2026-04-22 20:00:00,1.35046,1.35167,1.34988,1.35027,9931
2026-04-23 00:00:00,1.34991,1.35102,1.3479,1.35087,7863
2026-04-23 04:00:00,1.35087,1.35103,1.34824,1.34905,12957
2026-04-23 08:00:00,1.34905,1.35075,1.34815,1.35047,13690
2026-04-23 12:00:00,1.35046,1.35129,1.34834,1.34876,17663
2026-04-23 16:00:00,1.34875,1.35182,1.34783,1.34918,19844
2026-04-23 20:00:00,1.34919,1.34935,1.34476,1.34659,20855
2026-04-24 00:00:00,1.3466,1.34713,1.34572,1.3468,6316
2026-04-24 04:00:00,1.3468,1.34731,1.34534,1.34629,10017
2026-04-24 08:00:00,1.3463,1.34844,1.346,1.34766,11937
2026-04-24 12:00:00,1.34766,1.35046,1.34743,1.35016,16700
2026-04-24 16:00:00,1.35019,1.35215,1.34864,1.35211,21467
2026-04-24 20:00:00,1.3521,1.35368,1.35173,1.35327,9468
