Datetime,Open,High,Low,Close,Volume
2022-01-03 14:00:00+00:00,115.1485,115.1925,115.13900000000001,115.191,0
2022-01-03 14:15:00+00:00,115.1905,115.27799999999999,115.1865,115.27449999999999,0
2022-01-03 14:30:00+00:00,115.2765,115.33099999999999,115.2705,115.311,0
2022-01-03 14:45:00+00:00,115.3115,115.33500000000001,115.247,115.30449999999999,0
2022-01-05 02:00:00+00:00,116.01400000000001,116.055,115.97749999999999,116.038,0
2022-01-05 02:15:00+00:00,116.039,116.059,116.0185,116.0185,0
2022-01-05 02:30:00+00:00,116.019,116.02600000000001,115.98349999999999,115.98349999999999,0
2022-01-05 02:45:00+00:00,115.983,115.9985,115.9565,115.98949999999999,0
2022-01-05 07:00:00+00:00,115.985,116.001,115.9145,115.9225,0
2022-01-05 07:15:00+00:00,115.9235,115.971,115.912,115.964,0
2022-01-05 07:30:00+00:00,115.964,116.001,115.955,115.9905,0
2022-01-05 07:45:00+00:00,115.99000000000001,116.045,115.98849999999999,116.03399999999999,0
2022-01-06 01:00:00+00:00,116.095,116.0985,115.993,116.0205,0
2022-01-06 01:15:00+00:00,116.021,116.03200000000001,115.9575,116.0035,0
2022-01-06 01:30:00+00:00,116.0025,116.0095,115.94,115.9485,0
2022-01-06 01:45:00+00:00,115.948,115.96600000000001,115.91,115.92699999999999,0
2022-01-07 03:00:00+00:00,115.87450000000001,115.9,115.8735,115.887,0
2022-01-07 03:15:00+00:00,115.88650000000001,115.8945,115.8595,115.882,0
2022-01-07 03:30:00+00:00,115.8825,115.89,115.8665,115.86850000000001,0
2022-01-07 03:45:00+00:00,115.87100000000001,115.878,115.86,115.869,0
2022-01-10 04:00:00+00:00,115.8015,115.8035,115.77000000000001,115.7915,0
2022-01-10 04:15:00+00:00,115.7925,115.813,115.79050000000001,115.8115,0
2022-01-10 04:30:00+00:00,115.8135,115.8135,115.77799999999999,115.7805,0
2022-01-10 04:45:00+00:00,115.7805,115.8135,115.77600000000001,115.80950000000001,0
2022-01-11 10:00:00+00:00,115.3765,115.399,115.3565,115.3965,0
2022-01-11 10:15:00+00:00,115.39349999999999,115.40100000000001,115.376,115.3955,0
2022-01-11 10:30:00+00:00,115.396,115.445,115.38749999999999,115.44149999999999,0
2022-01-11 10:45:00+00:00,115.443,115.46199999999999,115.4165,115.445,0
2022-01-11 17:00:00+00:00,115.39699999999999,115.45949999999999,115.38499999999999,115.45949999999999,0
2022-01-11 17:15:00+00:00,115.45949999999999,115.4805,115.4315,115.44550000000001,0
2022-01-11 17:30:00+00:00,115.445,115.46549999999999,115.43299999999999,115.46449999999999,0
2022-01-11 17:45:00+00:00,115.461,115.48349999999999,115.4485,115.457,0
2022-01-12 00:00:00+00:00,115.33449999999999,115.3515,115.3015,115.348,0
2022-01-12 00:15:00+00:00,115.348,115.35650000000001,115.31200000000001,115.3175,0
2022-01-12 00:30:00+00:00,115.31700000000001,115.328,115.3055,115.316,0
2022-01-12 00:45:00+00:00,115.315,115.338,115.25049999999999,115.25200000000001,0
2022-01-12 08:00:00+00:00,115.404,115.449,115.399,115.418,0
2022-01-12 08:15:00+00:00,115.4195,115.43549999999999,115.38749999999999,115.39099999999999,0
2022-01-12 08:30:00+00:00,115.39150000000001,115.4025,115.3775,115.37950000000001,0
2022-01-12 08:45:00+00:00,115.37899999999999,115.4065,115.3545,115.3565,0
2022-01-13 07:00:00+00:00,114.6225,114.6495,114.559,114.566,0
2022-01-13 07:15:00+00:00,114.5645,114.58500000000001,114.518,114.53399999999999,0
2022-01-13 07:30:00+00:00,114.5335,114.5435,114.451,114.465,0
2022-01-13 07:45:00+00:00,114.467,114.473,114.4105,114.4105,0
2022-01-17 00:00:00+00:00,114.312,114.426,114.2765,114.40700000000001,0
2022-01-17 00:15:00+00:00,114.4065,114.4065,114.35300000000001,114.3805,0
2022-01-17 00:30:00+00:00,114.37899999999999,114.40350000000001,114.36699999999999,114.388,0
2022-01-17 00:45:00+00:00,114.388,114.393,114.315,114.332,0
2022-01-17 15:00:00+00:00,114.54249999999999,114.57499999999999,114.5315,114.56049999999999,0
2022-01-17 15:15:00+00:00,114.561,114.5815,114.55850000000001,114.56,0
2022-01-17 15:30:00+00:00,114.56,114.59299999999999,114.54650000000001,114.59299999999999,0
2022-01-17 15:45:00+00:00,114.5925,114.6515,114.588,114.6115,0
2022-01-18 05:00:00+00:00,114.8555,114.897,114.8395,114.8555,0
2022-01-18 05:15:00+00:00,114.8555,114.8905,114.828,114.8425,0
2022-01-18 05:30:00+00:00,114.8425,114.8495,114.7565,114.79050000000001,0
2022-01-18 05:45:00+00:00,114.7895,114.8195,114.7565,114.817,0
2022-01-18 21:00:00+00:00,114.6225,114.6395,114.58699999999999,114.596,0
2022-01-18 21:15:00+00:00,114.59649999999999,114.6235,114.59299999999999,114.60050000000001,0
2022-01-18 21:30:00+00:00,114.60149999999999,114.613,114.592,114.6005,0
2022-01-18 21:45:00+00:00,114.6,114.611,114.56899999999999,114.606,0
2022-01-19 15:00:00+00:00,114.354,114.35650000000001,114.2415,114.2475,0
2022-01-19 15:15:00+00:00,114.25200000000001,114.29849999999999,114.22200000000001,114.28450000000001,0
2022-01-19 15:30:00+00:00,114.2815,114.387,114.273,114.36500000000001,0
2022-01-19 15:45:00+00:00,114.36449999999999,114.38499999999999,114.3185,114.348,0
2022-01-20 08:00:00+00:00,114.3955,114.398,114.3175,114.339,0
2022-01-20 08:15:00+00:00,114.34100000000001,114.356,114.292,114.34,0
2022-01-20 08:30:00+00:00,114.338,114.37950000000001,114.31549999999999,114.35849999999999,0
2022-01-20 08:45:00+00:00,114.356,114.37100000000001,114.28200000000001,114.2895,0
2022-01-20 23:00:00+00:00,114.11099999999999,114.1215,113.9235,113.9575,0
2022-01-20 23:15:00+00:00,113.957,113.9645,113.8605,113.936,0
2022-01-20 23:30:00+00:00,113.9365,114.0205,113.936,114.01400000000001,0
2022-01-20 23:45:00+00:00,114.0125,114.03450000000001,113.957,113.994,0
2022-01-21 18:00:00+00:00,113.644,113.72,113.643,113.707,0
2022-01-21 18:15:00+00:00,113.7055,113.70750000000001,113.6335,113.65450000000001,0
2022-01-21 18:30:00+00:00,113.6525,113.70599999999999,113.6345,113.6705,0
2022-01-21 18:45:00+00:00,113.67150000000001,113.697,113.6545,113.6805,0
2022-01-24 06:00:00+00:00,113.799,113.85249999999999,113.78999999999999,113.8415,0
2022-01-24 06:15:00+00:00,113.8415,113.8625,113.81700000000001,113.82,0
2022-01-24 06:30:00+00:00,113.82,113.838,113.77850000000001,113.80000000000001,0
2022-01-24 06:45:00+00:00,113.80000000000001,113.807,113.7735,113.792,0
2022-01-24 21:00:00+00:00,113.9825,113.987,113.959,113.9765,0
2022-01-24 21:15:00+00:00,113.9755,114.0,113.965,113.994,0
2022-01-24 21:30:00+00:00,113.995,113.9995,113.971,113.976,0
2022-01-24 21:45:00+00:00,113.974,113.993,113.95849999999999,113.961,0
2022-01-25 23:00:00+00:00,113.86,113.92150000000001,113.85300000000001,113.92099999999999,0
2022-01-25 23:15:00+00:00,113.92099999999999,113.92099999999999,113.881,113.90100000000001,0
2022-01-25 23:30:00+00:00,113.90100000000001,113.928,113.8875,113.917,0
2022-01-25 23:45:00+00:00,113.918,113.92,113.89500000000001,113.8955,0
2022-01-27 16:00:00+00:00,115.441,115.451,115.332,115.4125,0
2022-01-27 16:15:00+00:00,115.4125,115.4445,115.37,115.4435,0
2022-01-27 16:30:00+00:00,115.4435,115.4615,115.4185,115.4365,0
2022-01-27 16:45:00+00:00,115.437,115.49000000000001,115.4315,115.4805,0
2022-01-28 16:00:00+00:00,115.189,115.229,115.12450000000001,115.176,0
2022-01-28 16:15:00+00:00,115.176,115.21000000000001,115.149,115.16900000000001,0
2022-01-28 16:30:00+00:00,115.168,115.218,115.152,115.215,0
2022-01-28 16:45:00+00:00,115.21600000000001,115.229,115.188,115.20599999999999,0
2022-01-31 15:00:00+00:00,115.3905,115.42949999999999,115.342,115.36250000000001,0
2022-01-31 15:15:00+00:00,115.36250000000001,115.4085,115.313,115.31549999999999,0
2022-01-31 15:30:00+00:00,115.316,115.357,115.28,115.33699999999999,0
2022-01-31 15:45:00+00:00,115.33349999999999,115.44200000000001,115.193,115.2285,0
2022-02-01 07:00:00+00:00,115.043,115.0705,115.02250000000001,115.0575,0
2022-02-01 07:15:00+00:00,115.05799999999999,115.0625,115.001,115.0145,0
2022-02-01 07:30:00+00:00,115.011,115.013,114.95150000000001,114.98599999999999,0
2022-02-01 07:45:00+00:00,114.98599999999999,114.99199999999999,114.9225,114.943,0
2022-02-02 15:00:00+00:00,114.24350000000001,114.33349999999999,114.197,114.30449999999999,0
2022-02-02 15:15:00+00:00,114.304,114.338,114.256,114.298,0
2022-02-02 15:30:00+00:00,114.297,114.3485,114.28649999999999,114.342,0
2022-02-02 15:45:00+00:00,114.3425,114.40700000000001,114.32249999999999,114.37950000000001,0
2022-02-03 10:00:00+00:00,114.747,114.76050000000001,114.74000000000001,114.75399999999999,0
2022-02-03 10:15:00+00:00,114.75550000000001,114.785,114.75550000000001,114.769,0
2022-02-03 10:30:00+00:00,114.76849999999999,114.7885,114.76400000000001,114.76400000000001,0
2022-02-03 10:45:00+00:00,114.7645,114.77600000000001,114.7635,114.77449999999999,0
2022-02-03 17:00:00+00:00,114.8785,114.908,114.8785,114.89699999999999,0
2022-02-03 17:15:00+00:00,114.898,114.90450000000001,114.786,114.8395,0
2022-02-03 17:30:00+00:00,114.839,114.8895,114.833,114.88749999999999,0
2022-02-03 17:45:00+00:00,114.888,114.8965,114.84299999999999,114.8505,0
2022-02-04 00:00:00+00:00,114.95949999999999,115.03999999999999,114.95400000000001,115.033,0
2022-02-04 00:15:00+00:00,115.03399999999999,115.05199999999999,114.99799999999999,115.03200000000001,0
2022-02-04 00:30:00+00:00,115.03399999999999,115.04050000000001,114.9605,114.97049999999999,0
2022-02-04 00:45:00+00:00,114.96950000000001,115.0205,114.92750000000001,114.9635,0
2022-02-07 14:00:00+00:00,115.096,115.142,115.063,115.10249999999999,0
2022-02-07 14:15:00+00:00,115.101,115.14250000000001,115.1,115.11500000000001,0
2022-02-07 14:30:00+00:00,115.11500000000001,115.11949999999999,115.062,115.07749999999999,0
2022-02-07 14:45:00+00:00,115.07849999999999,115.102,115.049,115.0635,0
2022-02-08 06:00:00+00:00,115.461,115.49799999999999,115.45949999999999,115.4865,0
2022-02-08 06:15:00+00:00,115.487,115.527,115.481,115.52199999999999,0
2022-02-08 06:30:00+00:00,115.52250000000001,115.523,115.44200000000001,115.46600000000001,0
2022-02-08 06:45:00+00:00,115.4665,115.5055,115.4665,115.485,0
2022-02-08 13:00:00+00:00,115.375,115.434,115.375,115.42750000000001,0
2022-02-08 13:15:00+00:00,115.42699999999999,115.47800000000001,115.40700000000001,115.463,0
2022-02-08 13:30:00+00:00,115.464,115.46600000000001,115.429,115.4565,0
2022-02-08 13:45:00+00:00,115.4565,115.47149999999999,115.387,115.4245,0
2022-02-10 00:00:00+00:00,115.6,115.62,115.5735,115.584,0
2022-02-10 00:15:00+00:00,115.58349999999999,115.6235,115.58349999999999,115.606,0
2022-02-10 00:30:00+00:00,115.607,115.63550000000001,115.5935,115.622,0
2022-02-10 00:45:00+00:00,115.6225,115.6305,115.5535,115.57499999999999,0
2022-02-10 14:00:00+00:00,116.1695,116.303,116.1625,116.286,0
2022-02-10 14:15:00+00:00,116.2875,116.339,116.2285,116.282,0
2022-02-10 14:30:00+00:00,116.2835,116.324,116.1405,116.182,0
2022-02-10 14:45:00+00:00,116.18299999999999,116.22399999999999,116.13499999999999,116.172,0
2022-02-11 05:00:00+00:00,116.1325,116.1335,116.0985,116.1135,0
2022-02-11 05:15:00+00:00,116.112,116.1235,116.08949999999999,116.0975,0
2022-02-11 05:30:00+00:00,116.09649999999999,116.09649999999999,116.067,116.0805,0
2022-02-11 05:45:00+00:00,116.08,116.11449999999999,116.0745,116.083,0
2022-02-11 18:00:00+00:00,115.88650000000001,115.9255,115.878,115.92,0
2022-02-11 18:15:00+00:00,115.92,115.924,115.875,115.875,0
2022-02-11 18:30:00+00:00,115.875,115.875,115.543,115.5655,0
2022-02-11 18:45:00+00:00,115.5675,115.5855,115.281,115.3735,0
2022-02-14 05:00:00+00:00,115.5085,115.52250000000001,115.479,115.512,0
2022-02-14 05:15:00+00:00,115.5135,115.5235,115.4515,115.4635,0
2022-02-14 05:30:00+00:00,115.4645,115.4675,115.43350000000001,115.439,0
2022-02-14 05:45:00+00:00,115.4375,115.441,115.40700000000001,115.434,0
2022-02-14 15:00:00+00:00,115.5255,115.564,115.467,115.56,0
2022-02-14 15:15:00+00:00,115.561,115.64750000000001,115.549,115.6155,0
2022-02-14 15:30:00+00:00,115.61500000000001,115.62700000000001,115.561,115.6195,0
2022-02-14 15:45:00+00:00,115.62049999999999,115.637,115.55199999999999,115.586,0
2022-02-15 06:00:00+00:00,115.33,115.344,115.30850000000001,115.3305,0
2022-02-15 06:15:00+00:00,115.331,115.375,115.33099999999999,115.358,0
2022-02-15 06:30:00+00:00,115.35900000000001,115.35900000000001,115.2975,115.303,0
2022-02-15 06:45:00+00:00,115.303,115.309,115.2585,115.297,0
2022-02-15 17:00:00+00:00,115.6375,115.6745,115.6285,115.662,0
2022-02-15 17:15:00+00:00,115.662,115.70849999999999,115.65549999999999,115.7065,0
2022-02-15 17:30:00+00:00,115.70599999999999,115.72749999999999,115.6875,115.68950000000001,0
2022-02-15 17:45:00+00:00,115.691,115.6985,115.64949999999999,115.6705,0
2022-02-16 06:00:00+00:00,115.6935,115.708,115.6685,115.682,0
2022-02-16 06:15:00+00:00,115.68299999999999,115.6855,115.64150000000001,115.65100000000001,0
2022-02-16 06:30:00+00:00,115.6505,115.661,115.6375,115.661,0
2022-02-16 06:45:00+00:00,115.661,115.662,115.637,115.6405,0
2022-02-16 23:00:00+00:00,115.4675,115.4765,115.4205,115.427,0
2022-02-16 23:15:00+00:00,115.426,115.451,115.41300000000001,115.426,0
2022-02-16 23:30:00+00:00,115.4265,115.452,115.34,115.354,0
2022-02-16 23:45:00+00:00,115.35300000000001,115.4015,115.3505,115.394,0
2022-02-17 13:00:00+00:00,115.001,115.0805,114.958,115.07849999999999,0
2022-02-17 13:15:00+00:00,115.07900000000001,115.113,115.041,115.0595,0
2022-02-17 13:30:00+00:00,115.0605,115.066,114.86449999999999,114.86449999999999,0
2022-02-17 13:45:00+00:00,114.86500000000001,114.918,114.846,114.88499999999999,0
2022-02-18 02:00:00+00:00,115.14150000000001,115.2105,115.125,115.1875,0
2022-02-18 02:15:00+00:00,115.186,115.2265,115.18100000000001,115.2045,0
2022-02-18 02:30:00+00:00,115.204,115.221,115.19399999999999,115.20949999999999,0
2022-02-18 02:45:00+00:00,115.2085,115.22749999999999,115.185,115.201,0
2022-02-18 20:00:00+00:00,115.0805,115.095,115.06700000000001,115.06700000000001,0
2022-02-18 20:15:00+00:00,115.06700000000001,115.068,115.0245,115.03450000000001,0
2022-02-18 20:30:00+00:00,115.0335,115.089,115.0295,115.0855,0
2022-02-18 20:45:00+00:00,115.086,115.0975,115.07300000000001,115.0875,0
2022-02-21 09:00:00+00:00,114.9385,114.94149999999999,114.8515,114.85300000000001,0
2022-02-21 09:15:00+00:00,114.8515,114.9075,114.841,114.9075,0
2022-02-21 09:30:00+00:00,114.9075,114.91550000000001,114.87,114.886,0
2022-02-21 09:45:00+00:00,114.8865,114.8865,114.84450000000001,114.86449999999999,0
2022-02-22 02:00:00+00:00,114.717,114.719,114.6635,114.691,0
2022-02-22 02:15:00+00:00,114.6895,114.721,114.661,114.6675,0
2022-02-22 02:30:00+00:00,114.667,114.68350000000001,114.6275,114.64500000000001,0
2022-02-22 02:45:00+00:00,114.644,114.6765,114.6165,114.67099999999999,0
2022-02-22 16:00:00+00:00,115.05250000000001,115.08699999999999,114.99799999999999,115.007,0
2022-02-22 16:15:00+00:00,115.00649999999999,115.00800000000001,114.929,114.93450000000001,0
2022-02-22 16:30:00+00:00,114.93450000000001,114.9975,114.9315,114.982,0
2022-02-22 16:45:00+00:00,114.97999999999999,114.98750000000001,114.92750000000001,114.94200000000001,0
2022-02-23 05:00:00+00:00,115.042,115.057,115.0375,115.04650000000001,0
2022-02-23 05:15:00+00:00,115.0445,115.0615,115.03999999999999,115.0595,0
2022-02-23 05:30:00+00:00,115.0595,115.07249999999999,115.04599999999999,115.0505,0
2022-02-23 05:45:00+00:00,115.0505,115.054,115.0385,115.049,0
2022-02-23 10:00:00+00:00,115.073,115.08449999999999,115.0205,115.04750000000001,0
2022-02-23 10:15:00+00:00,115.04849999999999,115.055,115.023,115.04249999999999,0
2022-02-23 10:30:00+00:00,115.0425,115.06649999999999,115.035,115.0505,0
2022-02-23 10:45:00+00:00,115.05000000000001,115.0735,115.04650000000001,115.063,0
2022-02-24 01:00:00+00:00,114.9105,114.9855,114.884,114.961,0
2022-02-24 01:15:00+00:00,114.96,114.9915,114.929,114.93100000000001,0
2022-02-24 01:30:00+00:00,114.9305,114.989,114.928,114.988,0
2022-02-24 01:45:00+00:00,114.9885,115.1195,114.971,115.0815,0
2022-02-25 04:00:00+00:00,115.24549999999999,115.29050000000001,115.239,115.251,0
2022-02-25 04:15:00+00:00,115.25,115.2505,115.1545,115.1815,0
2022-02-25 04:30:00+00:00,115.1815,115.20849999999999,115.14699999999999,115.208,0
2022-02-25 04:45:00+00:00,115.20849999999999,115.2315,115.17500000000001,115.193,0
2022-02-27 23:00:00+00:00,115.5455,115.62950000000001,115.3825,115.618,0
2022-02-27 23:15:00+00:00,115.6175,115.7405,115.568,115.679,0
2022-02-27 23:30:00+00:00,115.6795,115.708,115.594,115.623,0
2022-02-27 23:45:00+00:00,115.625,115.6275,115.556,115.59049999999999,0
2022-02-28 16:00:00+00:00,115.16749999999999,115.2175,115.1385,115.19749999999999,0
2022-02-28 16:15:00+00:00,115.1945,115.3045,115.155,115.275,0
2022-02-28 16:30:00+00:00,115.2755,115.2835,115.208,115.21799999999999,0
2022-02-28 16:45:00+00:00,115.217,115.24199999999999,115.12,115.12100000000001,0
2022-02-28 23:00:00+00:00,115.0035,115.083,114.9925,115.04650000000001,0
2022-02-28 23:15:00+00:00,115.047,115.07,115.0355,115.04050000000001,0
2022-02-28 23:30:00+00:00,115.04050000000001,115.0775,115.02600000000001,115.069,0
2022-02-28 23:45:00+00:00,115.0675,115.08699999999999,115.057,115.08699999999999,0
2022-03-01 07:00:00+00:00,115.05600000000001,115.05600000000001,114.994,115.0125,0
2022-03-01 07:15:00+00:00,115.0135,115.053,115.0055,115.0485,0
2022-03-01 07:30:00+00:00,115.04750000000001,115.076,115.0155,115.07300000000001,0
2022-03-01 07:45:00+00:00,115.07300000000001,115.07300000000001,115.03450000000001,115.03550000000001,0
2022-03-01 16:00:00+00:00,114.80449999999999,114.9125,114.79650000000001,114.912,0
2022-03-01 16:15:00+00:00,114.91149999999999,114.9195,114.8615,114.90450000000001,0
2022-03-01 16:30:00+00:00,114.906,114.9245,114.792,114.851,0
2022-03-01 16:45:00+00:00,114.8505,114.91149999999999,114.84649999999999,114.892,0
2022-03-01 23:00:00+00:00,114.9065,114.914,114.862,114.873,0
2022-03-01 23:15:00+00:00,114.8735,114.8985,114.797,114.8335,0
2022-03-01 23:30:00+00:00,114.836,114.87950000000001,114.822,114.85650000000001,0
2022-03-01 23:45:00+00:00,114.857,114.8765,114.816,114.8415,0
2022-03-02 16:00:00+00:00,115.566,115.662,115.557,115.65549999999999,0
2022-03-02 16:15:00+00:00,115.65299999999999,115.6875,115.62100000000001,115.63499999999999,0
2022-03-02 16:30:00+00:00,115.634,115.666,115.53,115.5735,0
2022-03-02 16:45:00+00:00,115.5735,115.6055,115.55950000000001,115.602,0
2022-03-03 03:00:00+00:00,115.63300000000001,115.6465,115.62,115.6345,0
2022-03-03 03:15:00+00:00,115.6335,115.648,115.627,115.631,0
2022-03-03 03:30:00+00:00,115.631,115.66,115.62950000000001,115.656,0
2022-03-03 03:45:00+00:00,115.655,115.66149999999999,115.6265,115.6285,0
2022-03-03 12:00:00+00:00,115.7635,115.7635,115.702,115.704,0
2022-03-03 12:15:00+00:00,115.70349999999999,115.70400000000001,115.643,115.6505,0
2022-03-03 12:30:00+00:00,115.65299999999999,115.7175,115.6525,115.7065,0
2022-03-03 12:45:00+00:00,115.7065,115.7295,115.67750000000001,115.71600000000001,0
2022-03-07 00:00:00+00:00,114.95349999999999,114.95349999999999,114.8945,114.9245,0
2022-03-07 00:15:00+00:00,114.923,114.956,114.905,114.9435,0
2022-03-07 00:30:00+00:00,114.9425,114.944,114.905,114.92750000000001,0
2022-03-07 00:45:00+00:00,114.9265,115.063,114.9145,115.0355,0
2022-03-07 08:00:00+00:00,115.0115,115.055,114.987,115.03399999999999,0
2022-03-07 08:15:00+00:00,115.03399999999999,115.0505,114.934,114.95349999999999,0
2022-03-07 08:30:00+00:00,114.9545,114.9605,114.908,114.92349999999999,0
2022-03-07 08:45:00+00:00,114.924,114.9845,114.923,114.965,0
2022-03-07 14:00:00+00:00,115.297,115.3555,115.25999999999999,115.287,0
2022-03-07 14:15:00+00:00,115.286,115.28800000000001,115.207,115.22749999999999,0
2022-03-07 14:30:00+00:00,115.22749999999999,115.301,115.211,115.2505,0
2022-03-07 14:45:00+00:00,115.251,115.34299999999999,115.2505,115.328,0
2022-03-08 02:00:00+00:00,115.4805,115.4825,115.4075,115.4255,0
2022-03-08 02:15:00+00:00,115.426,115.4465,115.4235,115.4365,0
2022-03-08 02:30:00+00:00,115.436,115.43950000000001,115.354,115.398,0
2022-03-08 02:45:00+00:00,115.39750000000001,115.4125,115.359,115.382,0
2022-03-08 13:00:00+00:00,115.721,115.741,115.67099999999999,115.71000000000001,0
2022-03-08 13:15:00+00:00,115.7105,115.76599999999999,115.7075,115.75800000000001,0
2022-03-08 13:30:00+00:00,115.7565,115.791,115.73949999999999,115.75200000000001,0
2022-03-08 13:45:00+00:00,115.75200000000001,115.7535,115.689,115.69649999999999,0
2022-03-09 02:00:00+00:00,115.8895,115.90100000000001,115.8515,115.859,0
2022-03-09 02:15:00+00:00,115.85849999999999,115.87100000000001,115.8385,115.85900000000001,0
2022-03-09 02:30:00+00:00,115.85499999999999,115.8825,115.8515,115.8555,0
2022-03-09 02:45:00+00:00,115.856,115.865,115.8255,115.852,0
2022-03-09 13:00:00+00:00,115.844,115.86,115.81049999999999,115.81450000000001,0
2022-03-09 13:15:00+00:00,115.8135,115.83099999999999,115.72649999999999,115.75399999999999,0
2022-03-09 13:30:00+00:00,115.7535,115.826,115.7535,115.812,0
2022-03-09 13:45:00+00:00,115.812,115.8365,115.737,115.768,0
2022-03-10 06:00:00+00:00,116.0935,116.10149999999999,116.06700000000001,116.0795,0
2022-03-10 06:15:00+00:00,116.078,116.0815,116.008,116.02850000000001,0
2022-03-10 06:30:00+00:00,116.02850000000001,116.053,116.02850000000001,116.05199999999999,0
2022-03-10 06:45:00+00:00,116.051,116.05350000000001,116.02850000000001,116.02850000000001,0
2022-03-10 20:00:00+00:00,116.10249999999999,116.10249999999999,116.0535,116.06200000000001,0
2022-03-10 20:15:00+00:00,116.0625,116.072,116.04750000000001,116.06450000000001,0
2022-03-10 20:30:00+00:00,116.066,116.084,116.06,116.07149999999999,0
2022-03-10 20:45:00+00:00,116.0715,116.1285,116.06049999999999,116.116,0
2022-03-11 09:00:00+00:00,116.96000000000001,117.061,116.953,117.0265,0
2022-03-11 09:15:00+00:00,117.02600000000001,117.02600000000001,116.9145,116.97999999999999,0
2022-03-11 09:30:00+00:00,116.981,117.029,116.9795,117.015,0
2022-03-11 09:45:00+00:00,117.015,117.031,116.92150000000001,116.9505,0
2022-03-14 10:00:00+00:00,117.91550000000001,118.03399999999999,117.87899999999999,117.959,0
2022-03-14 10:15:00+00:00,117.959,118.0245,117.9075,117.995,0
2022-03-14 10:30:00+00:00,117.99549999999999,118.02199999999999,117.96000000000001,117.96600000000001,0
2022-03-14 10:45:00+00:00,117.9665,118.0625,117.9665,118.05000000000001,0
2022-03-15 03:00:00+00:00,118.307,118.326,118.2345,118.299,0
2022-03-15 03:15:00+00:00,118.301,118.3235,118.275,118.285,0
2022-03-15 03:30:00+00:00,118.28649999999999,118.37100000000001,118.28649999999999,118.369,0
2022-03-15 03:45:00+00:00,118.3695,118.37700000000001,118.326,118.336,0
2022-03-15 12:00:00+00:00,117.8955,117.896,117.815,117.85149999999999,0
2022-03-15 12:15:00+00:00,117.851,117.9315,117.851,117.921,0
2022-03-15 12:30:00+00:00,117.9225,117.92699999999999,117.78999999999999,117.845,0
2022-03-15 12:45:00+00:00,117.8435,117.987,117.80799999999999,117.979,0
2022-03-16 08:00:00+00:00,118.36949999999999,118.3735,118.336,118.33850000000001,0
2022-03-16 08:15:00+00:00,118.3375,118.36250000000001,118.261,118.329,0
2022-03-16 08:30:00+00:00,118.32650000000001,118.3595,118.292,118.33,0
2022-03-16 08:45:00+00:00,118.33,118.33349999999999,118.29650000000001,118.32,0
2022-03-17 01:00:00+00:00,118.8875,118.9165,118.743,118.84299999999999,0
2022-03-17 01:15:00+00:00,118.8425,118.869,118.782,118.783,0
2022-03-17 01:30:00+00:00,118.78649999999999,118.8,118.703,118.765,0
2022-03-17 01:45:00+00:00,118.76400000000001,118.7805,118.74000000000001,118.7485,0
2022-03-17 15:00:00+00:00,118.70150000000001,118.7065,118.6265,118.64349999999999,0
2022-03-17 15:15:00+00:00,118.64699999999999,118.66499999999999,118.608,118.63650000000001,0
2022-03-17 15:30:00+00:00,118.63550000000001,118.667,118.602,118.6155,0
2022-03-17 15:45:00+00:00,118.616,118.636,118.398,118.439,0
2022-03-18 09:00:00+00:00,118.868,118.9015,118.856,118.888,0
2022-03-18 09:15:00+00:00,118.888,118.936,118.87450000000001,118.9195,0
2022-03-18 09:30:00+00:00,118.92,118.965,118.9135,118.9555,0
2022-03-18 09:45:00+00:00,118.957,118.9605,118.89750000000001,118.929,0
2022-03-20 23:00:00+00:00,119.2815,119.2945,119.2375,119.2855,0
2022-03-20 23:15:00+00:00,119.28450000000001,119.29050000000001,119.267,119.282,0
2022-03-20 23:30:00+00:00,119.2835,119.2835,119.2405,119.247,0
2022-03-20 23:45:00+00:00,119.2465,119.2765,119.2465,119.2655,0
2022-03-21 17:00:00+00:00,119.26650000000001,119.3775,119.2655,119.3775,0
2022-03-21 17:15:00+00:00,119.37549999999999,119.467,119.3605,119.4105,0
2022-03-21 17:30:00+00:00,119.41,119.4285,119.38300000000001,119.4185,0
2022-03-21 17:45:00+00:00,119.4165,119.4195,119.3535,119.37049999999999,0
2022-03-22 06:00:00+00:00,120.326,120.449,120.313,120.43,0
2022-03-22 06:15:00+00:00,120.4305,120.43299999999999,120.357,120.3925,0
2022-03-22 06:30:00+00:00,120.394,120.43350000000001,120.367,120.4265,0
2022-03-22 06:45:00+00:00,120.431,120.48400000000001,120.425,120.473,0
2022-03-22 23:00:00+00:00,121.1935,121.22,121.0735,121.17750000000001,0
2022-03-22 23:15:00+00:00,121.18,121.208,121.1185,121.168,0
2022-03-22 23:30:00+00:00,121.1675,121.194,121.1195,121.183,0
2022-03-22 23:45:00+00:00,121.182,121.4145,121.1585,121.341,0
2022-03-23 12:00:00+00:00,120.79599999999999,120.88650000000001,120.71000000000001,120.72149999999999,0
2022-03-23 12:15:00+00:00,120.72149999999999,120.7775,120.5935,120.714,0
2022-03-23 12:30:00+00:00,120.7145,120.7345,120.6335,120.71000000000001,0
2022-03-23 12:45:00+00:00,120.7065,120.755,120.644,120.71799999999999,0
2022-03-24 02:00:00+00:00,121.225,121.2615,121.2085,121.21549999999999,0
2022-03-24 02:15:00+00:00,121.2145,121.23949999999999,121.163,121.237,0
2022-03-24 02:30:00+00:00,121.236,121.2435,121.204,121.2325,0
2022-03-24 02:45:00+00:00,121.232,121.265,121.1905,121.2125,0
2022-03-24 08:00:00+00:00,121.6315,121.68100000000001,121.49549999999999,121.523,0
2022-03-24 08:15:00+00:00,121.52250000000001,121.5575,121.4705,121.51400000000001,0
2022-03-24 08:30:00+00:00,121.51249999999999,121.5415,121.4695,121.52199999999999,0
2022-03-24 08:45:00+00:00,121.52250000000001,121.6265,121.50450000000001,121.6255,0
2022-03-24 17:00:00+00:00,122.37899999999999,122.38300000000001,122.2765,122.2885,0
2022-03-24 17:15:00+00:00,122.2875,122.351,122.27950000000001,122.344,0
2022-03-24 17:30:00+00:00,122.34299999999999,122.352,122.2875,122.312,0
2022-03-24 17:45:00+00:00,122.312,122.34299999999999,122.277,122.2995,0
2022-03-25 15:00:00+00:00,122.0185,122.059,121.969,122.0515,0
2022-03-25 15:15:00+00:00,122.05000000000001,122.0565,121.773,121.82,0
2022-03-25 15:30:00+00:00,121.821,121.8945,121.809,121.8625,0
2022-03-25 15:45:00+00:00,121.862,122.007,121.77850000000001,121.99449999999999,0
2022-03-28 03:00:00+00:00,122.90350000000001,122.948,122.856,122.885,0
2022-03-28 03:15:00+00:00,122.88550000000001,122.945,122.88550000000001,122.935,0
2022-03-28 03:30:00+00:00,122.9325,122.969,122.894,122.957,0
2022-03-28 03:45:00+00:00,122.958,123.16499999999999,122.958,123.08099999999999,0
2022-03-30 08:00:00+00:00,121.8805,121.8895,121.6745,121.7345,0
2022-03-30 08:15:00+00:00,121.733,121.809,121.72149999999999,121.79050000000001,0
2022-03-30 08:30:00+00:00,121.7895,121.8095,121.638,121.72,0
2022-03-30 08:45:00+00:00,121.72,121.748,121.524,121.6135,0
2022-03-30 22:00:00+00:00,121.8785,121.991,121.8485,121.966,0
2022-03-30 22:15:00+00:00,121.9665,121.9665,121.85749999999999,121.86250000000001,0
2022-03-30 22:30:00+00:00,121.863,121.9315,121.844,121.894,0
2022-03-30 22:45:00+00:00,121.8945,121.94149999999999,121.88,121.9115,0
2022-03-31 13:00:00+00:00,121.62100000000001,121.691,121.559,121.66900000000001,0
2022-03-31 13:15:00+00:00,121.6735,121.7635,121.627,121.7065,0
2022-03-31 13:30:00+00:00,121.7045,121.72749999999999,121.58099999999999,121.633,0
2022-03-31 13:45:00+00:00,121.6335,121.647,121.506,121.50800000000001,0
2022-04-01 03:00:00+00:00,122.6585,122.737,122.586,122.62700000000001,0
2022-04-01 03:15:00+00:00,122.6235,122.711,122.582,122.6175,0
2022-04-01 03:30:00+00:00,122.6185,122.724,122.607,122.654,0
2022-04-01 03:45:00+00:00,122.65350000000001,122.68549999999999,122.607,122.631,0
2022-04-03 21:00:00+00:00,122.63499999999999,122.655,122.61250000000001,122.629,0
2022-04-03 21:15:00+00:00,122.631,122.631,122.589,122.59450000000001,0
2022-04-03 21:30:00+00:00,122.59450000000001,122.6065,122.59100000000001,122.6065,0
2022-04-03 21:45:00+00:00,122.6075,122.6075,122.5275,122.55250000000001,0
2022-04-04 13:00:00+00:00,122.6365,122.71600000000001,122.624,122.6985,0
2022-04-04 13:15:00+00:00,122.6985,122.74,122.6705,122.713,0
2022-04-04 13:30:00+00:00,122.7145,122.78200000000001,122.69200000000001,122.717,0
2022-04-04 13:45:00+00:00,122.7165,122.759,122.67099999999999,122.755,0
2022-04-05 07:00:00+00:00,122.583,122.6865,122.574,122.662,0
2022-04-05 07:15:00+00:00,122.661,122.834,122.661,122.7885,0
2022-04-05 07:30:00+00:00,122.7885,122.919,122.76599999999999,122.889,0
2022-04-05 07:45:00+00:00,122.888,122.9975,122.876,122.90700000000001,0
2022-04-05 21:00:00+00:00,123.6,123.6175,123.549,123.57050000000001,0
2022-04-05 21:15:00+00:00,123.57050000000001,123.599,123.561,123.5865,0
2022-04-05 21:30:00+00:00,123.586,123.61,123.586,123.6015,0
2022-04-05 21:45:00+00:00,123.599,123.61850000000001,123.59,123.603,0
2022-04-06 15:00:00+00:00,123.767,123.8045,123.686,123.74600000000001,0
2022-04-06 15:15:00+00:00,123.747,123.82499999999999,123.7405,123.7755,0
2022-04-06 15:30:00+00:00,123.779,123.80950000000001,123.70349999999999,123.72200000000001,0
2022-04-06 15:45:00+00:00,123.723,123.74600000000001,123.6925,123.721,0
2022-04-07 05:00:00+00:00,123.687,123.7375,123.685,123.7185,0
2022-04-07 05:15:00+00:00,123.7185,123.729,123.647,123.6625,0
2022-04-07 05:30:00+00:00,123.6605,123.697,123.6465,123.67099999999999,0
2022-04-07 05:45:00+00:00,123.672,123.716,123.637,123.655,0
2022-04-07 18:00:00+00:00,123.964,123.987,123.958,123.98249999999999,0
2022-04-07 18:15:00+00:00,123.9845,123.9925,123.9605,123.9925,0
2022-04-07 18:30:00+00:00,123.99000000000001,123.99950000000001,123.97649999999999,123.99000000000001,0
2022-04-07 18:45:00+00:00,123.989,124.0025,123.9425,123.9615,0
2022-04-10 21:00:00+00:00,124.05,124.1575,124.05,124.1335,0
2022-04-10 21:15:00+00:00,124.128,124.229,124.1215,124.186,0
2022-04-10 21:30:00+00:00,124.18549999999999,124.22399999999999,124.16550000000001,124.22399999999999,0
2022-04-10 21:45:00+00:00,124.223,124.2535,124.22,124.231,0
2022-04-11 09:00:00+00:00,125.329,125.442,125.31649999999999,125.343,0
2022-04-11 09:15:00+00:00,125.341,125.4185,125.328,125.3955,0
2022-04-11 09:30:00+00:00,125.3955,125.4075,125.368,125.378,0
2022-04-11 09:45:00+00:00,125.37700000000001,125.4025,125.298,125.3395,0
2022-04-12 00:00:00+00:00,125.4845,125.551,125.1075,125.22149999999999,0
2022-04-12 00:15:00+00:00,125.219,125.3215,125.2165,125.318,0
2022-04-12 00:30:00+00:00,125.31899999999999,125.4755,125.31299999999999,125.422,0
2022-04-12 00:45:00+00:00,125.42150000000001,125.564,125.42150000000001,125.4725,0
2022-04-12 14:00:00+00:00,125.27850000000001,125.2805,125.152,125.166,0
2022-04-12 14:15:00+00:00,125.166,125.2775,125.15950000000001,125.2195,0
2022-04-12 14:30:00+00:00,125.2175,125.24549999999999,125.1705,125.19749999999999,0
2022-04-12 14:45:00+00:00,125.1985,125.2085,125.114,125.1735,0
2022-04-13 11:00:00+00:00,126.0455,126.0705,125.969,126.012,0
2022-04-13 11:15:00+00:00,126.01,126.01,125.68299999999999,125.755,0
2022-04-13 11:30:00+00:00,125.756,125.80000000000001,125.62,125.7245,0
2022-04-13 11:45:00+00:00,125.7255,125.85050000000001,125.7005,125.83449999999999,0
2022-04-14 01:00:00+00:00,125.50999999999999,125.5445,125.42699999999999,125.473,0
2022-04-14 01:15:00+00:00,125.47149999999999,125.479,125.36,125.412,0
2022-04-14 01:30:00+00:00,125.4125,125.4125,125.3375,125.3515,0
2022-04-14 01:45:00+00:00,125.352,125.37450000000001,125.2295,125.277,0
2022-04-14 14:00:00+00:00,125.94999999999999,125.98,125.822,125.8835,0
2022-04-14 14:15:00+00:00,125.882,125.88550000000001,125.72149999999999,125.735,0
2022-04-14 14:30:00+00:00,125.736,125.8735,125.731,125.80250000000001,0
2022-04-14 14:45:00+00:00,125.8035,125.943,125.7415,125.89150000000001,0
2022-04-15 07:00:00+00:00,126.578,126.60249999999999,126.493,126.5335,0
2022-04-15 07:15:00+00:00,126.5325,126.534,126.431,126.46549999999999,0
2022-04-15 07:30:00+00:00,126.46549999999999,126.515,126.44800000000001,126.4565,0
2022-04-15 07:45:00+00:00,126.4565,126.47149999999999,126.446,126.466,0
2022-04-19 04:00:00+00:00,127.92,127.931,127.8635,127.8815,0
2022-04-19 04:15:00+00:00,127.881,128.022,127.8395,127.937,0
2022-04-19 04:30:00+00:00,127.93549999999999,128.1605,127.8935,128.1115,0
2022-04-19 04:45:00+00:00,128.106,128.2365,128.062,128.14749999999998,0
2022-04-19 23:00:00+00:00,129.30349999999999,129.30349999999999,129.0925,129.22500000000002,0
2022-04-19 23:15:00+00:00,129.226,129.26799999999997,129.15499999999997,129.235,0
2022-04-19 23:30:00+00:00,129.2375,129.28750000000002,129.1985,129.2375,0
2022-04-19 23:45:00+00:00,129.2385,129.36,129.2055,129.33100000000002,0
2022-04-20 06:00:00+00:00,128.7015,128.738,128.6495,128.683,0
2022-04-20 06:15:00+00:00,128.6825,128.716,128.5815,128.69799999999998,0
2022-04-20 06:30:00+00:00,128.69799999999998,128.74200000000002,128.5965,128.62900000000002,0
2022-04-20 06:45:00+00:00,128.6295,128.74599999999998,128.603,128.666,0
2022-04-21 00:00:00+00:00,127.98349999999999,128.22199999999998,127.964,128.21300000000002,0
2022-04-21 00:15:00+00:00,128.2155,128.328,128.2155,128.284,0
2022-04-21 00:30:00+00:00,128.2835,128.4795,128.2835,128.4755,0
2022-04-21 00:45:00+00:00,128.47500000000002,128.47500000000002,128.1255,128.1565,0
2022-04-21 14:00:00+00:00,128.4355,128.44799999999998,128.3415,128.3985,0
2022-04-21 14:15:00+00:00,128.401,128.423,128.2815,128.339,0
2022-04-21 14:30:00+00:00,128.3405,128.40699999999998,128.322,128.406,0
2022-04-21 14:45:00+00:00,128.41,128.58100000000002,128.39249999999998,128.51999999999998,0
2022-04-22 08:00:00+00:00,128.0665,128.2,128.0645,128.111,0
2022-04-22 08:15:00+00:00,128.1105,128.24200000000002,128.06900000000002,128.2145,0
2022-04-22 08:30:00+00:00,128.2135,128.2975,128.163,128.27499999999998,0
2022-04-22 08:45:00+00:00,128.274,128.332,128.252,128.265,0
2022-04-22 20:00:00+00:00,128.54149999999998,128.5575,128.5025,128.506,0
2022-04-22 20:15:00+00:00,128.506,128.506,128.4685,128.489,0
2022-04-22 20:30:00+00:00,128.48950000000002,128.5525,128.4855,128.551,0
2022-04-22 20:45:00+00:00,128.5505,128.5725,128.4805,128.481,0
2022-04-24 21:00:00+00:00,128.584,128.58999999999997,128.5815,128.5815,0
2022-04-24 21:15:00+00:00,128.581,128.5815,128.523,128.56400000000002,0
2022-04-24 21:30:00+00:00,128.56400000000002,128.56400000000002,128.5145,128.522,0
2022-04-24 21:45:00+00:00,128.522,128.5385,128.4535,128.52300000000002,0
2022-04-25 04:00:00+00:00,128.36700000000002,128.4055,128.2785,128.3045,0
2022-04-25 04:15:00+00:00,128.30599999999998,128.3405,128.29199999999997,128.3405,0
2022-04-25 04:30:00+00:00,128.3395,128.4765,128.32799999999997,128.4715,0
2022-04-25 04:45:00+00:00,128.47199999999998,128.5505,128.454,128.5265,0
2022-04-25 11:00:00+00:00,128.1685,128.2515,128.1615,128.1905,0
2022-04-25 11:15:00+00:00,128.1905,128.5035,128.18200000000002,128.3305,0
2022-04-25 11:30:00+00:00,128.3305,128.3535,128.23899999999998,128.279,0
2022-04-25 11:45:00+00:00,128.2805,128.31650000000002,128.14600000000002,128.168,0
2022-04-25 14:00:00+00:00,127.662,127.7885,127.62899999999999,127.716,0
2022-04-25 14:15:00+00:00,127.71549999999999,127.95750000000001,127.6735,127.912,0
2022-04-25 14:30:00+00:00,127.918,128.003,127.881,127.9635,0
2022-04-25 14:45:00+00:00,127.963,128.015,127.838,127.8625,0
2022-04-25 17:00:00+00:00,127.693,127.8135,127.693,127.796,0
2022-04-25 17:15:00+00:00,127.79650000000001,127.865,127.774,127.85249999999999,0
2022-04-25 17:30:00+00:00,127.8485,127.864,127.7895,127.8035,0
2022-04-25 17:45:00+00:00,127.80250000000001,127.854,127.78649999999999,127.854,0
2022-04-26 09:00:00+00:00,127.8725,127.9325,127.749,127.8115,0
2022-04-26 09:15:00+00:00,127.811,127.8365,127.7525,127.7705,0
2022-04-26 09:30:00+00:00,127.7705,127.8075,127.6825,127.8035,0
2022-04-26 09:45:00+00:00,127.80250000000001,127.84,127.756,127.822,0
2022-04-27 01:00:00+00:00,127.5475,127.628,127.5065,127.523,0
2022-04-27 01:15:00+00:00,127.523,127.5975,127.5015,127.562,0
2022-04-27 01:30:00+00:00,127.5615,127.5995,127.4665,127.57849999999999,0
2022-04-27 01:45:00+00:00,127.577,127.59100000000001,127.476,127.47749999999999,0
2022-04-27 09:00:00+00:00,127.9635,127.9875,127.881,127.88149999999999,0
2022-04-27 09:15:00+00:00,127.882,127.95349999999999,127.834,127.84649999999999,0
2022-04-27 09:30:00+00:00,127.84899999999999,127.8695,127.8,127.838,0
2022-04-27 09:45:00+00:00,127.8385,127.926,127.8305,127.918,0
2022-04-28 01:00:00+00:00,128.82150000000001,128.8955,128.801,128.851,0
2022-04-28 01:15:00+00:00,128.853,128.856,128.6955,128.752,0
2022-04-28 01:30:00+00:00,128.75150000000002,128.8015,128.6935,128.776,0
2022-04-28 01:45:00+00:00,128.7755,128.7765,128.664,128.704,0
2022-04-28 17:00:00+00:00,130.96499999999997,131.05700000000002,130.9495,131.026,0
2022-04-28 17:15:00+00:00,131.0305,131.0345,130.95999999999998,131.0255,0
2022-04-28 17:30:00+00:00,131.027,131.1005,131.0085,131.0865,0
2022-04-28 17:45:00+00:00,131.0845,131.13400000000001,131.07299999999998,131.10750000000002,0
2022-04-29 08:00:00+00:00,130.0155,130.053,129.7705,129.88400000000001,0
2022-04-29 08:15:00+00:00,129.8845,129.9385,129.79899999999998,129.84199999999998,0
2022-04-29 08:30:00+00:00,129.84550000000002,129.9805,129.82,129.94549999999998,0
2022-04-29 08:45:00+00:00,129.9475,130.2055,129.9275,130.107,0
2022-05-02 11:00:00+00:00,129.88299999999998,129.9035,129.85199999999998,129.88799999999998,0
2022-05-02 11:15:00+00:00,129.8915,129.966,129.86200000000002,129.94299999999998,0
2022-05-02 11:30:00+00:00,129.9435,130.0065,129.93200000000002,129.96300000000002,0
2022-05-02 11:45:00+00:00,129.962,129.995,129.8485,129.8965,0
2022-05-03 04:00:00+00:00,129.9875,130.0025,129.9775,129.99450000000002,0
2022-05-03 04:15:00+00:00,129.99450000000002,130.0215,129.9805,130.0205,0
2022-05-03 04:30:00+00:00,130.0225,130.1125,129.9635,130.10700000000003,0
2022-05-03 04:45:00+00:00,130.1105,130.168,130.10500000000002,130.13400000000001,0
2022-05-04 01:00:00+00:00,130.14499999999998,130.17149999999998,130.13150000000002,130.1635,0
2022-05-04 01:15:00+00:00,130.1635,130.17000000000002,130.1165,130.1165,0
2022-05-04 01:30:00+00:00,130.1175,130.128,130.095,130.096,0
2022-05-04 01:45:00+00:00,130.09550000000002,130.136,130.075,130.1095,0
2022-05-04 18:00:00+00:00,130.006,130.1695,129.738,129.85250000000002,0
2022-05-04 18:15:00+00:00,129.8545,129.973,129.81599999999997,129.8235,0
2022-05-04 18:30:00+00:00,129.8255,130.38400000000001,129.70749999999998,129.773,0
2022-05-04 18:45:00+00:00,129.7765,129.81650000000002,128.624,128.77949999999998,0
2022-05-05 14:00:00+00:00,130.25099999999998,130.29399999999998,130.1735,130.188,0
2022-05-05 14:15:00+00:00,130.18900000000002,130.2125,130.1095,130.1645,0
2022-05-05 14:30:00+00:00,130.1645,130.2425,130.1085,130.1825,0
2022-05-05 14:45:00+00:00,130.1815,130.27499999999998,130.14600000000002,130.24200000000002,0
2022-05-06 05:00:00+00:00,130.5655,130.615,130.563,130.5785,0
2022-05-06 05:15:00+00:00,130.5785,130.66699999999997,130.5755,130.63600000000002,0
2022-05-06 05:30:00+00:00,130.6355,130.6985,130.627,130.6685,0
2022-05-06 05:45:00+00:00,130.6685,130.6955,130.6355,130.6895,0
2022-05-08 22:00:00+00:00,130.598,130.769,130.564,130.7615,0
2022-05-08 22:15:00+00:00,130.761,130.79000000000002,130.664,130.683,0
2022-05-08 22:30:00+00:00,130.68200000000002,130.7015,130.611,130.6875,0
2022-05-08 22:45:00+00:00,130.6915,130.73000000000002,130.6625,130.68349999999998,0
2022-05-09 20:00:00+00:00,130.2135,130.2585,130.21300000000002,130.2425,0
2022-05-09 20:15:00+00:00,130.2375,130.26749999999998,130.228,130.25099999999998,0
2022-05-09 20:30:00+00:00,130.25,130.2735,130.2425,130.2725,0
2022-05-09 20:45:00+00:00,130.27300000000002,130.35250000000002,130.27100000000002,130.3255,0
2022-05-10 11:00:00+00:00,130.08350000000002,130.1105,129.99599999999998,130.024,0
2022-05-10 11:15:00+00:00,130.024,130.0265,129.882,129.8935,0
2022-05-10 11:30:00+00:00,129.8935,130.002,129.8635,129.9745,0
2022-05-10 11:45:00+00:00,129.97500000000002,130.0895,129.9615,130.07600000000002,0
2022-05-11 04:00:00+00:00,130.39299999999997,130.4925,130.37599999999998,130.46800000000002,0
2022-05-11 04:15:00+00:00,130.4675,130.4745,130.3865,130.40300000000002,0
2022-05-11 04:30:00+00:00,130.401,130.402,130.334,130.372,0
2022-05-11 04:45:00+00:00,130.37099999999998,130.397,130.31400000000002,130.3415,0
2022-05-11 21:00:00+00:00,129.9685,129.9805,129.8775,129.971,0
2022-05-11 21:15:00+00:00,129.9715,129.9735,129.93349999999998,129.95850000000002,0
2022-05-11 21:30:00+00:00,129.9635,129.9685,129.957,129.96499999999997,0
2022-05-11 21:45:00+00:00,129.963,129.97,129.963,129.97,0
2022-05-12 14:00:00+00:00,127.951,128.255,127.76249999999999,128.1465,0
2022-05-12 14:15:00+00:00,128.14600000000002,128.2035,128.0285,128.1325,0
2022-05-12 14:30:00+00:00,128.1315,128.2295,128.04649999999998,128.196,0
2022-05-12 14:45:00+00:00,128.197,128.255,128.0845,128.1215,0
2022-05-12 22:00:00+00:00,128.4395,128.601,128.409,128.587,0
2022-05-12 22:15:00+00:00,128.586,128.58800000000002,128.494,128.506,0
2022-05-12 22:30:00+00:00,128.507,128.536,128.4455,128.5355,0
2022-05-12 22:45:00+00:00,128.535,128.5575,128.474,128.49599999999998,0
2022-05-13 15:00:00+00:00,129.3545,129.3615,129.253,129.269,0
2022-05-13 15:15:00+00:00,129.2685,129.284,129.17849999999999,129.23000000000002,0
2022-05-13 15:30:00+00:00,129.231,129.25799999999998,129.1985,129.2105,0
2022-05-13 15:45:00+00:00,129.2105,129.269,129.1575,129.2355,0
2022-05-16 05:00:00+00:00,129.017,129.0825,128.9665,128.9835,0
2022-05-16 05:15:00+00:00,128.9815,128.98200000000003,128.8655,128.8755,0
2022-05-16 05:30:00+00:00,128.8755,128.964,128.873,128.9455,0
2022-05-16 05:45:00+00:00,128.9455,129.026,128.92899999999997,128.9935,0
2022-05-17 06:00:00+00:00,129.3405,129.372,129.2375,129.2375,0
2022-05-17 06:15:00+00:00,129.238,129.3155,129.204,129.2405,0
2022-05-17 06:30:00+00:00,129.2405,129.32999999999998,129.24,129.32299999999998,0
2022-05-17 06:45:00+00:00,129.3225,129.35750000000002,129.2465,129.26749999999998,0
2022-05-18 08:00:00+00:00,129.3255,129.348,129.27100000000002,129.2875,0
2022-05-18 08:15:00+00:00,129.28699999999998,129.3025,129.20600000000002,129.2235,0
2022-05-18 08:30:00+00:00,129.2245,129.2315,129.1605,129.1945,0
2022-05-18 08:45:00+00:00,129.1955,129.247,129.19099999999997,129.223,0
2022-05-19 01:00:00+00:00,128.372,128.6265,128.372,128.563,0
2022-05-19 01:15:00+00:00,128.563,128.60250000000002,128.44400000000002,128.49099999999999,0
2022-05-19 01:30:00+00:00,128.49200000000002,128.512,128.415,128.471,0
2022-05-19 01:45:00+00:00,128.47,128.496,128.4435,128.4645,0
2022-05-19 10:00:00+00:00,127.6175,127.816,127.6175,127.6995,0
2022-05-19 10:15:00+00:00,127.698,127.771,127.6505,127.70949999999999,0
2022-05-19 10:30:00+00:00,127.70949999999999,127.717,127.5795,127.657,0
2022-05-19 10:45:00+00:00,127.6575,127.74000000000001,127.653,127.732,0
2022-05-19 16:00:00+00:00,127.6315,127.708,127.6125,127.673,0
2022-05-19 16:15:00+00:00,127.673,127.702,127.613,127.66,0
2022-05-19 16:30:00+00:00,127.6575,127.658,127.5335,127.5375,0
2022-05-19 16:45:00+00:00,127.5375,127.6015,127.512,127.6005,0
2022-05-20 13:00:00+00:00,127.787,127.8595,127.784,127.8205,0
2022-05-20 13:15:00+00:00,127.8205,128.055,127.8185,128.001,0
2022-05-20 13:30:00+00:00,128.001,128.101,127.8995,128.0145,0
2022-05-20 13:45:00+00:00,128.017,128.15949999999998,128.017,128.1285,0
2022-05-23 01:00:00+00:00,127.7125,127.7935,127.6665,127.7445,0
2022-05-23 01:15:00+00:00,127.747,127.775,127.62049999999999,127.661,0
2022-05-23 01:30:00+00:00,127.6605,127.68950000000001,127.46950000000001,127.549,0
2022-05-23 01:45:00+00:00,127.5505,127.564,127.32249999999999,127.3715,0
2022-05-23 19:00:00+00:00,127.89500000000001,127.92750000000001,127.8905,127.9145,0
2022-05-23 19:15:00+00:00,127.9165,127.944,127.9105,127.93549999999999,0
2022-05-23 19:30:00+00:00,127.936,127.936,127.842,127.8575,0
2022-05-23 19:45:00+00:00,127.85849999999999,127.9085,127.82849999999999,127.899,0
2022-05-24 13:00:00+00:00,127.2365,127.278,127.1045,127.188,0
2022-05-24 13:15:00+00:00,127.192,127.248,127.1625,127.2115,0
2022-05-24 13:30:00+00:00,127.2115,127.2115,126.6945,126.7535,0
2022-05-24 13:45:00+00:00,126.7515,126.79750000000001,126.4825,126.6985,0
2022-05-25 04:00:00+00:00,127.08449999999999,127.14,127.0775,127.0895,0
2022-05-25 04:15:00+00:00,127.09100000000001,127.09100000000001,126.95349999999999,126.9695,0
2022-05-25 04:30:00+00:00,126.9675,127.0015,126.965,126.994,0
2022-05-25 04:45:00+00:00,126.9925,126.99350000000001,126.9445,126.94999999999999,0
2022-05-25 20:00:00+00:00,127.3045,127.33699999999999,127.2935,127.2985,0
2022-05-25 20:15:00+00:00,127.2995,127.32,127.273,127.301,0
2022-05-25 20:30:00+00:00,127.2995,127.304,127.26400000000001,127.271,0
2022-05-25 20:45:00+00:00,127.27000000000001,127.31,127.2585,127.297,0
2022-05-26 12:00:00+00:00,127.0315,127.139,127.021,127.0885,0
2022-05-26 12:15:00+00:00,127.08449999999999,127.11699999999999,127.024,127.02950000000001,0
2022-05-26 12:30:00+00:00,127.035,127.1865,126.892,127.169,0
2022-05-26 12:45:00+00:00,127.1675,127.28399999999999,127.15899999999999,127.1795,0
2022-05-27 02:00:00+00:00,126.792,126.846,126.7515,126.7915,0
2022-05-27 02:15:00+00:00,126.7925,126.838,126.7525,126.775,0
2022-05-27 02:30:00+00:00,126.775,126.775,126.702,126.7045,0
2022-05-27 02:45:00+00:00,126.705,126.751,126.6785,126.692,0
2022-05-29 23:00:00+00:00,127.2005,127.24549999999999,127.1805,127.23949999999999,0
2022-05-29 23:15:00+00:00,127.24000000000001,127.24000000000001,127.21199999999999,127.231,0
2022-05-29 23:30:00+00:00,127.2315,127.34649999999999,127.2305,127.3015,0
2022-05-29 23:45:00+00:00,127.305,127.327,127.2675,127.2745,0
2022-05-30 15:00:00+00:00,127.628,127.6465,127.549,127.554,0
2022-05-30 15:15:00+00:00,127.5535,127.559,127.469,127.4845,0
2022-05-30 15:30:00+00:00,127.4845,127.519,127.4365,127.458,0
2022-05-30 15:45:00+00:00,127.4615,127.5505,127.4615,127.53999999999999,0
2022-05-31 07:00:00+00:00,128.0485,128.0485,127.9105,127.944,0
2022-05-31 07:15:00+00:00,127.945,127.945,127.717,127.775,0
2022-05-31 07:30:00+00:00,127.77449999999999,127.8015,127.6375,127.6935,0
2022-05-31 07:45:00+00:00,127.6935,127.762,127.6365,127.753,0
2022-06-01 00:00:00+00:00,128.7405,128.928,128.739,128.8765,0
2022-06-01 00:15:00+00:00,128.878,128.9115,128.81400000000002,128.8815,0
2022-06-01 00:30:00+00:00,128.882,128.937,128.832,128.852,0
2022-06-01 00:45:00+00:00,128.853,128.9575,128.827,128.9185,0
2022-06-01 16:00:00+00:00,130.1015,130.11200000000002,129.9575,129.9695,0
2022-06-01 16:15:00+00:00,129.9735,130.02949999999998,129.95299999999997,130.0095,0
2022-06-01 16:30:00+00:00,130.012,130.11900000000003,130.012,130.118,0
2022-06-01 16:45:00+00:00,130.1175,130.1355,130.086,130.13299999999998,0
2022-06-02 06:00:00+00:00,130.0305,130.0425,129.923,129.9625,0
2022-06-02 06:15:00+00:00,129.9645,129.9875,129.9135,129.925,0
2022-06-02 06:30:00+00:00,129.9245,129.9305,129.824,129.88049999999998,0
2022-06-02 06:45:00+00:00,129.88099999999997,129.926,129.841,129.849,0
2022-06-02 22:00:00+00:00,129.86599999999999,129.90449999999998,129.849,129.856,0
2022-06-02 22:15:00+00:00,129.857,129.8745,129.8425,129.872,0
2022-06-02 22:30:00+00:00,129.87349999999998,129.897,129.8465,129.8675,0
2022-06-02 22:45:00+00:00,129.86700000000002,129.89749999999998,129.8515,129.88299999999998,0
2022-06-03 15:00:00+00:00,130.70850000000002,130.753,130.7025,130.7255,0
2022-06-03 15:15:00+00:00,130.7265,130.7485,130.684,130.73250000000002,0
2022-06-03 15:30:00+00:00,130.732,130.8365,130.71699999999998,130.8125,0
2022-06-03 15:45:00+00:00,130.812,130.976,130.8085,130.9485,0
2022-06-06 04:00:00+00:00,130.495,130.62400000000002,130.4325,130.623,0
2022-06-06 04:15:00+00:00,130.623,130.6695,130.606,130.666,0
2022-06-06 04:30:00+00:00,130.66500000000002,130.66500000000002,130.615,130.6255,0
2022-06-06 04:45:00+00:00,130.6235,130.675,130.6205,130.6625,0
2022-06-06 10:00:00+00:00,130.709,130.757,130.702,130.712,0
2022-06-06 10:15:00+00:00,130.712,130.712,130.62599999999998,130.65300000000002,0
2022-06-06 10:30:00+00:00,130.6535,130.6815,130.61700000000002,130.635,0
2022-06-06 10:45:00+00:00,130.63600000000002,130.6485,130.619,130.64,0
2022-06-07 01:00:00+00:00,132.2265,132.4955,132.2265,132.46949999999998,0
2022-06-07 01:15:00+00:00,132.469,132.7535,132.4555,132.65800000000002,0
2022-06-07 01:30:00+00:00,132.6575,132.75799999999998,132.598,132.6005,0
2022-06-07 01:45:00+00:00,132.5995,132.65050000000002,132.5285,132.613,0
2022-06-07 16:00:00+00:00,132.5385,132.58300000000003,132.5115,132.57299999999998,0
2022-06-07 16:15:00+00:00,132.57299999999998,132.655,132.5685,132.60899999999998,0
2022-06-07 16:30:00+00:00,132.6095,132.61599999999999,132.56099999999998,132.59500000000003,0
2022-06-07 16:45:00+00:00,132.59500000000003,132.60000000000002,132.53699999999998,132.59199999999998,0
2022-06-08 17:00:00+00:00,134.0545,134.126,134.027,134.107,0
2022-06-08 17:15:00+00:00,134.10700000000003,134.1205,134.0015,134.003,0
2022-06-08 17:30:00+00:00,134.0035,134.031,133.954,134.02949999999998,0
2022-06-08 17:45:00+00:00,134.029,134.12,134.01749999999998,134.10199999999998,0
2022-06-09 10:00:00+00:00,133.4695,133.50799999999998,133.279,133.3315,0
2022-06-09 10:15:00+00:00,133.332,133.3885,133.281,133.3365,0
2022-06-09 10:30:00+00:00,133.337,133.36599999999999,133.1975,133.272,0
2022-06-09 10:45:00+00:00,133.2705,133.33300000000003,133.1855,133.312,0
2022-06-09 18:00:00+00:00,134.13099999999997,134.18599999999998,134.11,134.18099999999998,0
2022-06-09 18:15:00+00:00,134.1815,134.2315,134.1725,134.2285,0
2022-06-09 18:30:00+00:00,134.22699999999998,134.28300000000002,134.22699999999998,134.24900000000002,0
2022-06-09 18:45:00+00:00,134.2485,134.3085,134.2415,134.2845,0
2022-06-10 02:00:00+00:00,134.168,134.2215,134.0605,134.0895,0
2022-06-10 02:15:00+00:00,134.0895,134.125,133.9175,133.96550000000002,0
2022-06-10 02:30:00+00:00,133.9665,134.038,133.9665,133.982,0
2022-06-10 02:45:00+00:00,133.982,134.0865,133.9745,134.075,0
2022-06-10 13:00:00+00:00,133.959,133.9765,133.7595,133.9545,0
2022-06-10 13:15:00+00:00,133.9555,134.25150000000002,133.954,134.1045,0
2022-06-10 13:30:00+00:00,134.10750000000002,134.2625,134.0865,134.164,0
2022-06-10 13:45:00+00:00,134.16,134.293,134.156,134.24450000000002,0
2022-06-13 02:00:00+00:00,134.8935,134.91649999999998,134.7515,134.8495,0
2022-06-13 02:15:00+00:00,134.8495,134.863,134.7265,134.8465,0
2022-06-13 02:30:00+00:00,134.84550000000002,134.905,134.79500000000002,134.8775,0
2022-06-13 02:45:00+00:00,134.8765,134.87900000000002,134.7705,134.824,0
2022-06-14 02:00:00+00:00,134.3025,134.398,134.231,134.38299999999998,0
2022-06-14 02:15:00+00:00,134.38299999999998,134.44549999999998,134.34949999999998,134.40800000000002,0
2022-06-14 02:30:00+00:00,134.4095,134.4505,134.293,134.324,0
2022-06-14 02:45:00+00:00,134.3195,134.32150000000001,134.2075,134.2745,0
2022-06-14 04:00:00+00:00,134.5735,134.7625,134.5215,134.635,0
2022-06-14 04:15:00+00:00,134.63549999999998,134.6535,134.50799999999998,134.577,0
2022-06-14 04:30:00+00:00,134.577,134.64350000000002,134.53449999999998,134.5765,0
2022-06-14 04:45:00+00:00,134.5755,134.6155,134.49099999999999,134.6035,0
2022-06-14 17:00:00+00:00,134.98200000000003,135.01100000000002,134.82799999999997,134.82799999999997,0
2022-06-14 17:15:00+00:00,134.8295,134.8405,134.7455,134.8345,0
2022-06-14 17:30:00+00:00,134.834,134.8765,134.7985,134.8005,0
2022-06-14 17:45:00+00:00,134.8,134.94,134.7945,134.935,0
2022-06-15 06:00:00+00:00,134.8375,134.8635,134.64249999999998,134.79149999999998,0
2022-06-15 06:15:00+00:00,134.79149999999998,134.8295,134.58800000000002,134.664,0
2022-06-15 06:30:00+00:00,134.66500000000002,134.72199999999998,134.5225,134.637,0
2022-06-15 06:45:00+00:00,134.639,134.77800000000002,134.6295,134.6955,0
2022-06-15 14:00:00+00:00,134.5675,134.57150000000001,134.397,134.4765,0
2022-06-15 14:15:00+00:00,134.4765,134.54000000000002,134.42849999999999,134.49,0
2022-06-15 14:30:00+00:00,134.487,134.596,134.4245,134.5765,0
2022-06-15 14:45:00+00:00,134.5765,134.6015,134.5235,134.57299999999998,0
2022-06-16 00:00:00+00:00,134.05,134.111,133.948,134.00799999999998,0
2022-06-16 00:15:00+00:00,134.01049999999998,134.20800000000003,133.985,134.19,0
2022-06-16 00:30:00+00:00,134.19150000000002,134.22,134.0595,134.111,0
2022-06-16 00:45:00+00:00,134.112,134.2945,134.079,134.2465,0
2022-06-16 14:00:00+00:00,132.702,132.848,132.6185,132.81900000000002,0
2022-06-16 14:15:00+00:00,132.8185,132.90300000000002,132.6065,132.691,0
2022-06-16 14:30:00+00:00,132.6875,132.76600000000002,132.64299999999997,132.733,0
2022-06-16 14:45:00+00:00,132.73200000000003,132.804,132.55349999999999,132.56400000000002,0
2022-06-16 20:00:00+00:00,132.05200000000002,132.207,132.0305,132.1905,0
2022-06-16 20:15:00+00:00,132.1905,132.2115,132.14,132.18900000000002,0
2022-06-16 20:30:00+00:00,132.1875,132.1925,132.1105,132.156,0
2022-06-16 20:45:00+00:00,132.1565,132.25799999999998,132.14249999999998,132.2065,0
2022-06-17 06:00:00+00:00,134.0885,134.16,133.936,133.991,0
2022-06-17 06:15:00+00:00,133.98950000000002,134.084,133.93349999999998,134.043,0
2022-06-17 06:30:00+00:00,134.0425,134.35750000000002,133.79,134.047,0
2022-06-17 06:45:00+00:00,134.0475,134.4865,133.9915,134.349,0
2022-06-20 13:00:00+00:00,134.9445,135.14999999999998,134.9225,135.0805,0
2022-06-20 13:15:00+00:00,135.07999999999998,135.0805,134.8945,135.0485,0
2022-06-20 13:30:00+00:00,135.048,135.0685,134.9665,135.04700000000003,0
2022-06-20 13:45:00+00:00,135.0465,135.131,135.029,135.0855,0
2022-06-21 03:00:00+00:00,135.039,135.039,134.9715,135.0255,0
2022-06-21 03:15:00+00:00,135.0265,135.05599999999998,134.9905,135.03,0
2022-06-21 03:30:00+00:00,135.03,135.05,134.995,135.0265,0
2022-06-21 03:45:00+00:00,135.0265,135.04399999999998,134.978,134.988,0
2022-06-21 22:00:00+00:00,136.6685,136.71550000000002,136.56900000000002,136.572,0
2022-06-21 22:15:00+00:00,136.573,136.6155,136.5725,136.575,0
2022-06-21 22:30:00+00:00,136.576,136.576,136.3705,136.401,0
2022-06-21 22:45:00+00:00,136.40800000000002,136.5485,136.40800000000002,136.5165,0
2022-06-22 06:00:00+00:00,136.334,136.4185,136.2885,136.3495,0
2022-06-22 06:15:00+00:00,136.34699999999998,136.47699999999998,136.3295,136.4325,0
2022-06-22 06:30:00+00:00,136.43,136.6275,136.4085,136.5665,0
2022-06-22 06:45:00+00:00,136.5665,136.582,136.4535,136.49,0
2022-06-22 21:00:00+00:00,136.2565,136.2565,136.224,136.2255,0
2022-06-22 21:15:00+00:00,136.224,136.2295,136.071,136.14600000000002,0
2022-06-22 21:30:00+00:00,136.1415,136.1935,136.1395,136.15800000000002,0
2022-06-22 21:45:00+00:00,136.15800000000002,136.198,136.123,136.1615,0
2022-06-23 13:00:00+00:00,134.95600000000002,134.97500000000002,134.79149999999998,134.94400000000002,0
2022-06-23 13:15:00+00:00,134.945,134.995,134.7515,134.80599999999998,0
2022-06-23 13:30:00+00:00,134.8045,134.938,134.68900000000002,134.93200000000002,0
2022-06-23 13:45:00+00:00,134.93900000000002,134.93900000000002,134.265,134.3205,0
2022-06-24 06:00:00+00:00,134.6365,134.801,134.6325,134.7985,0
2022-06-24 06:15:00+00:00,134.7985,134.8395,134.72050000000002,134.8345,0
2022-06-24 06:30:00+00:00,134.8345,134.89249999999998,134.726,134.73200000000003,0
2022-06-24 06:45:00+00:00,134.73200000000003,134.75400000000002,134.5495,134.553,0
2022-06-27 11:00:00+00:00,135.23200000000003,135.337,135.2225,135.27800000000002,0
2022-06-27 11:15:00+00:00,135.277,135.361,135.2705,135.349,0
2022-06-27 11:30:00+00:00,135.3485,135.3625,135.30399999999997,135.31099999999998,0
2022-06-27 11:45:00+00:00,135.3125,135.4775,135.30849999999998,135.4385,0
2022-06-28 02:00:00+00:00,135.159,135.228,135.1485,135.2065,0
2022-06-28 02:15:00+00:00,135.207,135.2985,135.2065,135.245,0
2022-06-28 02:30:00+00:00,135.245,135.25400000000002,135.16199999999998,135.17950000000002,0
2022-06-28 02:45:00+00:00,135.1805,135.2705,135.161,135.25549999999998,0
2022-06-28 16:00:00+00:00,136.202,136.20999999999998,136.0485,136.136,0
2022-06-28 16:15:00+00:00,136.13400000000001,136.178,136.103,136.122,0
2022-06-28 16:30:00+00:00,136.122,136.1725,136.08499999999998,136.1695,0
2022-06-28 16:45:00+00:00,136.171,136.209,136.14749999999998,136.199,0
2022-06-29 14:00:00+00:00,136.9795,137.003,136.719,136.76600000000002,0
2022-06-29 14:15:00+00:00,136.767,136.914,136.7495,136.865,0
2022-06-29 14:30:00+00:00,136.865,136.923,136.77499999999998,136.829,0
2022-06-29 14:45:00+00:00,136.829,136.906,136.7635,136.8145,0
2022-06-30 17:00:00+00:00,135.671,135.699,135.6295,135.64999999999998,0
2022-06-30 17:15:00+00:00,135.6495,135.6495,135.5655,135.6325,0
2022-06-30 17:30:00+00:00,135.632,135.64999999999998,135.6005,135.6005,0
2022-06-30 17:45:00+00:00,135.601,135.671,135.58100000000002,135.66649999999998,0
2022-07-01 13:00:00+00:00,135.2785,135.3225,135.196,135.2935,0
2022-07-01 13:15:00+00:00,135.2945,135.55399999999997,135.2945,135.50799999999998,0
2022-07-01 13:30:00+00:00,135.50799999999998,135.54700000000003,135.3355,135.3675,0
2022-07-01 13:45:00+00:00,135.368,135.4435,135.32,135.441,0
2022-07-01 15:00:00+00:00,135.12400000000002,135.3295,135.0845,135.227,0
2022-07-01 15:15:00+00:00,135.22699999999998,135.325,135.1935,135.2135,0
2022-07-01 15:30:00+00:00,135.215,135.2275,135.0735,135.1225,0
2022-07-01 15:45:00+00:00,135.1245,135.1655,134.998,135.0895,0
2022-07-04 08:00:00+00:00,135.44549999999998,135.4575,135.339,135.351,0
2022-07-04 08:15:00+00:00,135.349,135.4075,135.298,135.298,0
2022-07-04 08:30:00+00:00,135.3,135.325,135.26299999999998,135.26299999999998,0
2022-07-04 08:45:00+00:00,135.2625,135.34550000000002,135.249,135.333,0
2022-07-05 16:00:00+00:00,135.694,135.7995,135.694,135.789,0
2022-07-05 16:15:00+00:00,135.78699999999998,135.8655,135.77800000000002,135.8655,0
2022-07-05 16:30:00+00:00,135.86450000000002,135.8665,135.8105,135.822,0
2022-07-05 16:45:00+00:00,135.8205,135.8255,135.73899999999998,135.74450000000002,0
2022-07-06 00:00:00+00:00,135.54399999999998,135.70850000000002,135.478,135.69799999999998,0
2022-07-06 00:15:00+00:00,135.69799999999998,135.7125,135.61,135.637,0
2022-07-06 00:30:00+00:00,135.6375,135.76,135.607,135.76,0
2022-07-06 00:45:00+00:00,135.76299999999998,135.767,135.6255,135.65699999999998,0
2022-07-06 23:00:00+00:00,135.88799999999998,136.096,135.88799999999998,136.07850000000002,0
2022-07-06 23:15:00+00:00,136.082,136.13299999999998,136.0075,136.02550000000002,0
2022-07-06 23:30:00+00:00,136.026,136.042,135.94299999999998,135.9845,0
2022-07-06 23:45:00+00:00,135.9875,136.02550000000002,135.942,135.9555,0
2022-07-07 07:00:00+00:00,135.8475,135.89499999999998,135.76999999999998,135.7835,0
2022-07-07 07:15:00+00:00,135.77800000000002,135.89249999999998,135.7425,135.8655,0
2022-07-07 07:30:00+00:00,135.86599999999999,136.08800000000002,135.861,136.022,0
2022-07-07 07:45:00+00:00,136.0235,136.1775,136.0205,136.1325,0
2022-07-07 14:00:00+00:00,135.748,135.77800000000002,135.67399999999998,135.747,0
2022-07-07 14:15:00+00:00,135.7465,135.797,135.691,135.709,0
2022-07-07 14:30:00+00:00,135.70850000000002,135.86950000000002,135.70850000000002,135.7995,0
2022-07-07 14:45:00+00:00,135.7995,135.96699999999998,135.7875,135.9485,0
2022-07-08 03:00:00+00:00,135.597,135.668,135.3315,135.61450000000002,0
2022-07-08 03:15:00+00:00,135.61450000000002,135.627,135.44,135.52100000000002,0
2022-07-08 03:30:00+00:00,135.52100000000002,135.79399999999998,135.52100000000002,135.6155,0
2022-07-08 03:45:00+00:00,135.613,135.65550000000002,135.51,135.596,0
2022-07-08 08:00:00+00:00,135.8355,135.872,135.743,135.757,0
2022-07-08 08:15:00+00:00,135.75900000000001,135.7965,135.7045,135.7045,0
2022-07-08 08:30:00+00:00,135.70299999999997,135.7405,135.6505,135.7005,0
2022-07-08 08:45:00+00:00,135.7005,135.825,135.51749999999998,135.7355,0
2022-07-08 14:00:00+00:00,136.26600000000002,136.267,135.934,135.96499999999997,0
2022-07-08 14:15:00+00:00,135.965,136.05399999999997,135.9065,135.9805,0
2022-07-08 14:30:00+00:00,135.9805,136.0275,135.86700000000002,135.8825,0
2022-07-08 14:45:00+00:00,135.886,136.0875,135.88299999999998,136.05599999999998,0
2022-07-08 18:00:00+00:00,136.1645,136.1645,136.1415,136.1625,0
2022-07-08 18:15:00+00:00,136.16199999999998,136.196,136.1515,136.16899999999998,0
2022-07-08 18:30:00+00:00,136.1695,136.19600000000003,136.168,136.196,0
2022-07-08 18:45:00+00:00,136.196,136.1995,136.15699999999998,136.1935,0
2022-07-11 04:00:00+00:00,137.01999999999998,137.0445,136.966,136.98000000000002,0
2022-07-11 04:15:00+00:00,136.9845,136.996,136.9445,136.957,0
2022-07-11 04:30:00+00:00,136.957,136.969,136.9185,136.9335,0
2022-07-11 04:45:00+00:00,136.93400000000003,136.9905,136.905,136.9905,0
2022-07-11 15:00:00+00:00,137.45100000000002,137.4805,137.3195,137.3565,0
2022-07-11 15:15:00+00:00,137.3565,137.38049999999998,137.28699999999998,137.3375,0
2022-07-11 15:30:00+00:00,137.3395,137.368,137.3065,137.313,0
2022-07-11 15:45:00+00:00,137.3095,137.38299999999998,137.2755,137.29000000000002,0
2022-07-12 07:00:00+00:00,137.3755,137.45,137.2175,137.321,0
2022-07-12 07:15:00+00:00,137.32,137.361,137.209,137.234,0
2022-07-12 07:30:00+00:00,137.236,137.31,137.1815,137.29399999999998,0
2022-07-12 07:45:00+00:00,137.296,137.365,137.2895,137.3445,0
2022-07-13 04:00:00+00:00,137.1285,137.1655,137.08800000000002,137.11599999999999,0
2022-07-13 04:15:00+00:00,137.1165,137.1205,137.053,137.0625,0
2022-07-13 04:30:00+00:00,137.0635,137.072,136.9955,137.0285,0
2022-07-13 04:45:00+00:00,137.02949999999998,137.058,137.003,137.048,0
2022-07-13 19:00:00+00:00,137.3285,137.34699999999998,137.30700000000002,137.322,0
2022-07-13 19:15:00+00:00,137.3185,137.344,137.3085,137.3135,0
2022-07-13 19:30:00+00:00,137.31650000000002,137.368,137.3105,137.3435,0
2022-07-13 19:45:00+00:00,137.341,137.364,137.2925,137.309,0
2022-07-14 02:00:00+00:00,137.913,138.052,137.90800000000002,138.052,0
2022-07-14 02:15:00+00:00,138.054,138.126,137.7685,137.94150000000002,0
2022-07-14 02:30:00+00:00,137.94150000000002,138.02499999999998,137.921,137.974,0
2022-07-14 02:45:00+00:00,137.973,138.087,137.9645,138.0195,0
2022-07-14 10:00:00+00:00,138.8475,138.872,138.7345,138.815,0
2022-07-14 10:15:00+00:00,138.8125,138.94150000000002,138.8055,138.941,0
2022-07-14 10:30:00+00:00,138.94,138.977,138.88,138.91649999999998,0
2022-07-14 10:45:00+00:00,138.91649999999998,139.086,138.8885,139.0655,0
2022-07-15 02:00:00+00:00,138.858,138.973,138.81650000000002,138.9495,0
2022-07-15 02:15:00+00:00,138.95,139.007,138.935,138.9785,0
2022-07-15 02:30:00+00:00,138.98000000000002,138.99200000000002,138.9055,138.9055,0
2022-07-15 02:45:00+00:00,138.906,138.92399999999998,138.803,138.9075,0
2022-07-15 09:00:00+00:00,138.813,138.8525,138.797,138.8025,0
2022-07-15 09:15:00+00:00,138.8025,138.8425,138.7485,138.808,0
2022-07-15 09:30:00+00:00,138.8085,138.8255,138.7735,138.7735,0
2022-07-15 09:45:00+00:00,138.77300000000002,138.82100000000003,138.664,138.78199999999998,0
2022-07-18 09:00:00+00:00,138.1105,138.21800000000002,138.1065,138.1995,0
2022-07-18 09:15:00+00:00,138.1995,138.27800000000002,138.19799999999998,138.2125,0
2022-07-18 09:30:00+00:00,138.207,138.28300000000002,138.20100000000002,138.216,0
2022-07-18 09:45:00+00:00,138.215,138.2295,138.16899999999998,138.22500000000002,0
2022-07-18 22:00:00+00:00,138.1395,138.149,138.11450000000002,138.13150000000002,0
2022-07-18 22:15:00+00:00,138.131,138.148,138.115,138.14249999999998,0
2022-07-18 22:30:00+00:00,138.14249999999998,138.2155,138.13549999999998,138.20350000000002,0
2022-07-18 22:45:00+00:00,138.20350000000002,138.252,138.1905,138.251,0
2022-07-19 07:00:00+00:00,137.805,137.937,137.7545,137.8315,0
2022-07-19 07:15:00+00:00,137.8315,138.012,137.82799999999997,137.999,0
2022-07-19 07:30:00+00:00,137.9955,138.02100000000002,137.803,137.825,0
2022-07-19 07:45:00+00:00,137.825,137.8495,137.7135,137.74,0
2022-07-19 20:00:00+00:00,138.228,138.2465,138.204,138.20999999999998,0
2022-07-19 20:15:00+00:00,138.20999999999998,138.2485,138.1895,138.203,0
2022-07-19 20:30:00+00:00,138.2025,138.2105,138.161,138.175,0
2022-07-19 20:45:00+00:00,138.1745,138.216,138.1745,138.1875,0
2022-07-20 19:00:00+00:00,138.257,138.25799999999998,138.2335,138.2575,0
2022-07-20 19:15:00+00:00,138.25799999999998,138.2945,138.257,138.267,0
2022-07-20 19:30:00+00:00,138.26749999999998,138.26799999999997,138.23700000000002,138.2545,0
2022-07-20 19:45:00+00:00,138.2545,138.2655,138.2105,138.21499999999997,0
2022-07-21 11:00:00+00:00,138.586,138.6815,138.5735,138.68099999999998,0
2022-07-21 11:15:00+00:00,138.6815,138.74599999999998,138.6625,138.663,0
2022-07-21 11:30:00+00:00,138.6585,138.731,138.64,138.7195,0
2022-07-21 11:45:00+00:00,138.72000000000003,138.755,138.6735,138.753,0
2022-07-22 02:00:00+00:00,137.44,137.5095,137.40449999999998,137.4665,0
2022-07-22 02:15:00+00:00,137.466,137.5915,137.458,137.502,0
2022-07-22 02:30:00+00:00,137.5045,137.59699999999998,137.4915,137.591,0
2022-07-22 02:45:00+00:00,137.58999999999997,137.5905,137.52949999999998,137.5595,0
2022-07-22 15:00:00+00:00,136.0825,136.1805,135.9765,136.175,0
2022-07-22 15:15:00+00:00,136.17399999999998,136.2505,136.074,136.13,0
2022-07-22 15:30:00+00:00,136.13,136.20600000000002,136.0745,136.1755,0
2022-07-22 15:45:00+00:00,136.1745,136.2235,136.1225,136.136,0
2022-07-25 01:00:00+00:00,136.5285,136.5555,136.373,136.449,0
2022-07-25 01:15:00+00:00,136.4485,136.5485,136.4255,136.498,0
2022-07-25 01:30:00+00:00,136.49849999999998,136.5,136.2875,136.32100000000003,0
2022-07-25 01:45:00+00:00,136.3205,136.3225,136.076,136.098,0
2022-07-25 12:00:00+00:00,136.615,136.7465,136.60000000000002,136.613,0
2022-07-25 12:15:00+00:00,136.6125,136.731,136.55700000000002,136.6915,0
2022-07-25 12:30:00+00:00,136.6945,136.70499999999998,136.62,136.6285,0
2022-07-25 12:45:00+00:00,136.6285,136.65300000000002,136.53199999999998,136.5465,0
2022-07-25 18:00:00+00:00,136.707,136.707,136.6645,136.6735,0
2022-07-25 18:15:00+00:00,136.67000000000002,136.67000000000002,136.58800000000002,136.6235,0
2022-07-25 18:30:00+00:00,136.6235,136.68599999999998,136.6165,136.666,0
2022-07-25 18:45:00+00:00,136.66649999999998,136.7305,136.664,136.7255,0
2022-07-26 02:00:00+00:00,136.3365,136.386,136.3285,136.349,0
2022-07-26 02:15:00+00:00,136.34699999999998,136.4085,136.3395,136.34449999999998,0
2022-07-26 02:30:00+00:00,136.3445,136.418,136.3255,136.41699999999997,0
2022-07-26 02:45:00+00:00,136.41899999999998,136.47050000000002,136.399,136.4635,0
2022-07-26 10:00:00+00:00,136.5885,136.7145,136.574,136.7095,0
2022-07-26 10:15:00+00:00,136.7095,136.84550000000002,136.6325,136.6445,0
2022-07-26 10:30:00+00:00,136.644,136.699,136.60399999999998,136.608,0
2022-07-26 10:45:00+00:00,136.61,136.6625,136.579,136.64999999999998,0
2022-07-26 18:00:00+00:00,136.68099999999998,136.6865,136.6455,136.65499999999997,0
2022-07-26 18:15:00+00:00,136.65499999999997,136.6685,136.6335,136.66199999999998,0
2022-07-26 18:30:00+00:00,136.659,136.7105,136.656,136.6845,0
2022-07-26 18:45:00+00:00,136.68599999999998,136.70100000000002,136.66699999999997,136.69,0
2022-07-27 11:00:00+00:00,136.7185,136.7215,136.64999999999998,136.695,0
2022-07-27 11:15:00+00:00,136.69299999999998,136.70800000000003,136.615,136.65449999999998,0
2022-07-27 11:30:00+00:00,136.65499999999997,136.7115,136.65499999999997,136.6955,0
2022-07-27 11:45:00+00:00,136.695,136.77800000000002,136.6725,136.77499999999998,0
2022-07-27 19:00:00+00:00,136.3985,136.58800000000002,136.3765,136.529,0
2022-07-27 19:15:00+00:00,136.53,136.637,136.4555,136.5245,0
2022-07-27 19:30:00+00:00,136.5245,136.61200000000002,136.4275,136.526,0
2022-07-27 19:45:00+00:00,136.5265,136.538,136.4235,136.5115,0
2022-07-29 05:00:00+00:00,133.3845,133.39100000000002,133.14600000000002,133.219,0
2022-07-29 05:15:00+00:00,133.22,133.22,132.7565,132.98700000000002,0
2022-07-29 05:30:00+00:00,132.99,133.103,132.87349999999998,132.935,0
2022-07-29 05:45:00+00:00,132.9345,133.05,132.8715,133.0355,0
2022-08-01 08:00:00+00:00,132.551,132.66699999999997,132.466,132.49,0
2022-08-01 08:15:00+00:00,132.4915,132.607,132.447,132.505,0
2022-08-01 08:30:00+00:00,132.5045,132.5135,132.3015,132.3305,0
2022-08-01 08:45:00+00:00,132.3295,132.4645,132.312,132.3465,0
2022-08-01 14:00:00+00:00,131.95850000000002,132.394,131.885,131.9375,0
2022-08-01 14:15:00+00:00,131.9385,132.1025,131.9055,131.965,0
2022-08-01 14:30:00+00:00,131.965,131.999,131.8665,131.935,0
2022-08-01 14:45:00+00:00,131.937,131.9385,131.72199999999998,131.809,0
2022-08-04 08:00:00+00:00,134.15699999999998,134.2385,134.108,134.15800000000002,0
2022-08-04 08:15:00+00:00,134.15800000000002,134.28,134.1325,134.24599999999998,0
2022-08-04 08:30:00+00:00,134.243,134.41449999999998,134.21800000000002,134.3495,0
2022-08-04 08:45:00+00:00,134.35000000000002,134.426,134.3,134.3025,0
2022-08-05 09:00:00+00:00,133.08350000000002,133.08350000000002,132.886,132.90800000000002,0
2022-08-05 09:15:00+00:00,132.9075,133.0045,132.8425,133.001,0
2022-08-05 09:30:00+00:00,133.001,133.17399999999998,133.001,133.14499999999998,0
2022-08-05 09:45:00+00:00,133.14499999999998,133.14499999999998,133.02249999999998,133.0595,0
2022-08-05 17:00:00+00:00,135.14249999999998,135.169,135.035,135.04399999999998,0
2022-08-05 17:15:00+00:00,135.0445,135.0735,134.8625,134.97,0
2022-08-05 17:30:00+00:00,134.97,135.1315,134.9495,135.128,0
2022-08-05 17:45:00+00:00,135.128,135.128,135.027,135.0475,0
2022-08-08 16:00:00+00:00,134.73200000000003,134.733,134.663,134.69650000000001,0
2022-08-08 16:15:00+00:00,134.6975,134.7475,134.6705,134.686,0
2022-08-08 16:30:00+00:00,134.687,134.6885,134.595,134.6415,0
2022-08-08 16:45:00+00:00,134.642,134.6615,134.6055,134.6265,0
2022-08-08 23:00:00+00:00,135.0075,135.0075,134.9105,134.938,0
2022-08-08 23:15:00+00:00,134.939,134.95,134.90449999999998,134.94650000000001,0
2022-08-08 23:30:00+00:00,134.94650000000001,134.9735,134.896,134.9,0
2022-08-08 23:45:00+00:00,134.90050000000002,134.912,134.8155,134.839,0
2022-08-09 07:00:00+00:00,134.918,134.935,134.8395,134.9065,0
2022-08-09 07:15:00+00:00,134.9065,134.93400000000003,134.84300000000002,134.93349999999998,0
2022-08-09 07:30:00+00:00,134.93349999999998,135.0075,134.9145,134.9915,0
2022-08-09 07:45:00+00:00,134.99099999999999,134.99599999999998,134.875,134.888,0
2022-08-09 15:00:00+00:00,134.9545,135.007,134.916,134.998,0
2022-08-09 15:15:00+00:00,134.9995,135.01,134.92700000000002,134.95600000000002,0
2022-08-09 15:30:00+00:00,134.95600000000002,135.04399999999998,134.9455,135.0115,0
2022-08-09 15:45:00+00:00,135.011,135.0185,134.9535,134.95499999999998,0
2022-08-09 23:00:00+00:00,135.108,135.1675,135.108,135.1485,0
2022-08-09 23:15:00+00:00,135.149,135.17149999999998,135.1275,135.14749999999998,0
2022-08-09 23:30:00+00:00,135.147,135.15249999999997,135.096,135.1275,0
2022-08-09 23:45:00+00:00,135.1275,135.20100000000002,135.1165,135.197,0
2022-08-11 04:00:00+00:00,133.1605,133.174,133.0265,133.0555,0
2022-08-11 04:15:00+00:00,133.055,133.155,133.055,133.136,0
2022-08-11 04:30:00+00:00,133.1345,133.196,133.121,133.17649999999998,0
2022-08-11 04:45:00+00:00,133.1745,133.196,133.10899999999998,133.13049999999998,0
2022-08-12 00:00:00+00:00,133.014,133.236,132.90300000000002,133.226,0
2022-08-12 00:15:00+00:00,133.2245,133.35250000000002,133.185,133.34750000000003,0
2022-08-12 00:30:00+00:00,133.349,133.445,133.3295,133.333,0
2022-08-12 00:45:00+00:00,133.336,133.4135,133.24849999999998,133.27550000000002,0
2022-08-12 02:00:00+00:00,133.3075,133.39800000000002,133.301,133.336,0
2022-08-12 02:15:00+00:00,133.33499999999998,133.3895,133.334,133.382,0
2022-08-12 02:30:00+00:00,133.382,133.495,133.37,133.4545,0
2022-08-12 02:45:00+00:00,133.4545,133.46300000000002,133.405,133.44400000000002,0
2022-08-12 14:00:00+00:00,133.48000000000002,133.876,133.48000000000002,133.618,0
2022-08-12 14:15:00+00:00,133.6175,133.76999999999998,133.55200000000002,133.7305,0
2022-08-12 14:30:00+00:00,133.731,133.7345,133.43599999999998,133.631,0
2022-08-12 14:45:00+00:00,133.63049999999998,133.7525,133.583,133.72050000000002,0
2022-08-15 14:00:00+00:00,132.743,132.939,132.7005,132.911,0
2022-08-15 14:15:00+00:00,132.911,132.986,132.85500000000002,132.899,0
2022-08-15 14:30:00+00:00,132.898,133.09449999999998,132.898,133.0685,0
2022-08-15 14:45:00+00:00,133.067,133.067,132.9805,132.9925,0
2022-08-15 17:00:00+00:00,133.139,133.199,133.139,133.19299999999998,0
2022-08-15 17:15:00+00:00,133.19150000000002,133.234,133.1875,133.234,0
2022-08-15 17:30:00+00:00,133.23399999999998,133.261,133.2,133.211,0
2022-08-15 17:45:00+00:00,133.211,133.2935,133.19650000000001,133.2935,0
2022-08-17 01:00:00+00:00,134.1325,134.1875,134.046,134.1295,0
2022-08-17 01:15:00+00:00,134.13049999999998,134.177,134.05349999999999,134.10750000000002,0
2022-08-17 01:30:00+00:00,134.108,134.2155,134.0815,134.1655,0
2022-08-17 01:45:00+00:00,134.166,134.20800000000003,134.0025,134.02550000000002,0
2022-08-17 20:00:00+00:00,135.0265,135.047,135.005,135.02100000000002,0
2022-08-17 20:15:00+00:00,135.0185,135.103,135.0165,135.09,0
2022-08-17 20:30:00+00:00,135.0885,135.1015,135.0615,135.101,0
2022-08-17 20:45:00+00:00,135.1005,135.1005,135.046,135.06150000000002,0
2022-08-22 03:00:00+00:00,137.3125,137.3655,137.223,137.25,0
2022-08-22 03:15:00+00:00,137.2515,137.2835,137.20100000000002,137.281,0
2022-08-22 03:30:00+00:00,137.2815,137.3135,137.262,137.29649999999998,0
2022-08-22 03:45:00+00:00,137.29649999999998,137.329,137.24,137.24349999999998,0
2022-08-22 10:00:00+00:00,136.77100000000002,136.869,136.765,136.8665,0
2022-08-22 10:15:00+00:00,136.86450000000002,136.99599999999998,136.833,136.92700000000002,0
2022-08-22 10:30:00+00:00,136.926,136.9685,136.8835,136.92000000000002,0
2022-08-22 10:45:00+00:00,136.92000000000002,137.065,136.901,137.037,0
2022-08-22 21:00:00+00:00,137.493,137.51350000000002,137.46,137.4635,0
2022-08-22 21:15:00+00:00,137.464,137.501,137.464,137.493,0
2022-08-22 21:30:00+00:00,137.495,137.5095,137.49149999999997,137.5075,0
2022-08-22 21:45:00+00:00,137.5095,137.5095,137.49450000000002,137.5075,0
2022-08-24 06:00:00+00:00,136.647,136.7335,136.643,136.6735,0
2022-08-24 06:15:00+00:00,136.6745,136.745,136.648,136.70299999999997,0
2022-08-24 06:30:00+00:00,136.7035,136.7815,136.68099999999998,136.7545,0
2022-08-24 06:45:00+00:00,136.75400000000002,136.79149999999998,136.6205,136.652,0
2022-08-25 03:00:00+00:00,136.8245,136.85899999999998,136.738,136.7465,0
2022-08-25 03:15:00+00:00,136.7465,136.8055,136.743,136.7695,0
2022-08-25 03:30:00+00:00,136.7715,136.837,136.7535,136.7765,0
2022-08-25 03:45:00+00:00,136.777,136.827,136.756,136.8185,0
2022-08-25 09:00:00+00:00,136.4765,136.497,136.38,136.4375,0
2022-08-25 09:15:00+00:00,136.43900000000002,136.43900000000002,136.32,136.414,0
2022-08-25 09:30:00+00:00,136.4145,136.5475,136.3985,136.4365,0
2022-08-25 09:45:00+00:00,136.43400000000003,136.462,136.3645,136.459,0
2022-08-25 17:00:00+00:00,136.6445,136.659,136.4685,136.49200000000002,0
2022-08-25 17:15:00+00:00,136.4925,136.5355,136.4715,136.51049999999998,0
2022-08-25 17:30:00+00:00,136.5115,136.514,136.4375,136.5035,0
2022-08-25 17:45:00+00:00,136.504,136.513,136.3995,136.459,0
2022-08-26 00:00:00+00:00,136.567,136.7255,136.494,136.7105,0
2022-08-26 00:15:00+00:00,136.7095,136.7095,136.643,136.6945,0
2022-08-26 00:30:00+00:00,136.6935,136.714,136.60399999999998,136.63049999999998,0
2022-08-26 00:45:00+00:00,136.63400000000001,136.7465,136.6245,136.6905,0
2022-08-26 08:00:00+00:00,137.0235,137.0475,136.9495,136.9715,0
2022-08-26 08:15:00+00:00,136.9715,137.0335,136.9475,136.9775,0
2022-08-26 08:30:00+00:00,136.976,137.0285,136.9685,136.9745,0
2022-08-26 08:45:00+00:00,136.974,136.981,136.8745,136.91699999999997,0
2022-08-28 22:00:00+00:00,137.6135,137.858,137.613,137.8505,0
2022-08-28 22:15:00+00:00,137.849,137.9035,137.84,137.89749999999998,0
2022-08-28 22:30:00+00:00,137.897,137.898,137.8295,137.8505,0
2022-08-28 22:45:00+00:00,137.8545,137.8845,137.8405,137.878,0
2022-08-29 04:00:00+00:00,138.5845,138.638,138.5515,138.6125,0
2022-08-29 04:15:00+00:00,138.61399999999998,138.6905,138.60899999999998,138.674,0
2022-08-29 04:30:00+00:00,138.6685,138.8735,138.6675,138.84,0
2022-08-29 04:45:00+00:00,138.841,138.8945,138.8245,138.86450000000002,0
2022-08-30 08:00:00+00:00,138.457,138.45800000000003,138.2855,138.3005,0
2022-08-30 08:15:00+00:00,138.3,138.309,138.136,138.17950000000002,0
2022-08-30 08:30:00+00:00,138.17849999999999,138.32049999999998,138.176,138.30399999999997,0
2022-08-30 08:45:00+00:00,138.30399999999997,138.3165,138.251,138.28300000000002,0
2022-08-31 03:00:00+00:00,138.52249999999998,138.55599999999998,138.46800000000002,138.54649999999998,0
2022-08-31 03:15:00+00:00,138.545,138.5855,138.5365,138.5675,0
2022-08-31 03:30:00+00:00,138.56900000000002,138.604,138.5625,138.59449999999998,0
2022-08-31 03:45:00+00:00,138.594,138.6255,138.548,138.597,0
2022-09-01 18:00:00+00:00,140.0165,140.0165,139.9345,139.9975,0
2022-09-01 18:15:00+00:00,139.9975,140.0395,139.984,140.014,0
2022-09-01 18:30:00+00:00,140.014,140.12599999999998,140.00799999999998,140.10500000000002,0
2022-09-01 18:45:00+00:00,140.10399999999998,140.23000000000002,140.094,140.2255,0
2022-09-02 05:00:00+00:00,140.3435,140.392,140.321,140.34,0
2022-09-02 05:15:00+00:00,140.34050000000002,140.3485,140.2735,140.305,0
2022-09-02 05:30:00+00:00,140.305,140.3595,140.291,140.353,0
2022-09-02 05:45:00+00:00,140.353,140.3825,140.325,140.334,0
2022-09-02 17:00:00+00:00,140.23250000000002,140.255,140.11700000000002,140.125,0
2022-09-02 17:15:00+00:00,140.124,140.1525,140.0615,140.131,0
2022-09-02 17:30:00+00:00,140.1315,140.1395,140.096,140.128,0
2022-09-02 17:45:00+00:00,140.13049999999998,140.13299999999998,140.09699999999998,140.11599999999999,0
2022-09-05 16:00:00+00:00,140.49,140.5195,140.4885,140.5165,0
2022-09-05 16:15:00+00:00,140.516,140.5275,140.497,140.527,0
2022-09-05 16:30:00+00:00,140.528,140.55349999999999,140.5245,140.5265,0
2022-09-05 16:45:00+00:00,140.5265,140.539,140.525,140.53,0
2022-09-06 08:00:00+00:00,141.5405,141.70999999999998,141.5145,141.68200000000002,0
2022-09-06 08:15:00+00:00,141.68200000000002,141.75799999999998,141.64600000000002,141.6985,0
2022-09-06 08:30:00+00:00,141.6985,141.8635,141.6985,141.812,0
2022-09-06 08:45:00+00:00,141.8115,141.82600000000002,141.6625,141.691,0
2022-09-07 01:00:00+00:00,143.10399999999998,143.2,143.046,143.10649999999998,0
2022-09-07 01:15:00+00:00,143.1055,143.20999999999998,143.084,143.18200000000002,0
2022-09-07 01:30:00+00:00,143.1805,143.318,143.1735,143.2855,0
2022-09-07 01:45:00+00:00,143.2865,143.28699999999998,143.1565,143.167,0
2022-09-07 20:00:00+00:00,143.722,143.817,143.721,143.7945,0
2022-09-07 20:15:00+00:00,143.7975,143.853,143.79000000000002,143.814,0
2022-09-07 20:30:00+00:00,143.8125,143.813,143.755,143.76049999999998,0
2022-09-07 20:45:00+00:00,143.76049999999998,143.77100000000002,143.74099999999999,143.74849999999998,0
2022-09-08 10:00:00+00:00,143.875,143.9115,143.8255,143.90300000000002,0
2022-09-08 10:15:00+00:00,143.9025,143.9185,143.7995,143.804,0
2022-09-08 10:30:00+00:00,143.803,143.828,143.64600000000002,143.70499999999998,0
2022-09-08 10:45:00+00:00,143.70600000000002,143.7715,143.60750000000002,143.6775,0
2022-09-09 00:00:00+00:00,143.87650000000002,143.962,143.757,143.764,0
2022-09-09 00:15:00+00:00,143.764,143.85500000000002,143.6695,143.721,0
2022-09-09 00:30:00+00:00,143.72199999999998,143.7535,143.626,143.735,0
2022-09-09 00:45:00+00:00,143.7355,143.8245,143.647,143.797,0
2022-09-09 13:00:00+00:00,142.351,142.45600000000002,142.26850000000002,142.314,0
2022-09-09 13:15:00+00:00,142.3145,142.5785,142.156,142.55,0
2022-09-09 13:30:00+00:00,142.549,142.724,142.4725,142.648,0
2022-09-09 13:45:00+00:00,142.648,142.7415,142.50400000000002,142.562,0
2022-09-12 01:00:00+00:00,142.8055,142.8185,142.56799999999998,142.56799999999998,0
2022-09-12 01:15:00+00:00,142.5675,142.596,142.33100000000002,142.3865,0
2022-09-12 01:30:00+00:00,142.3845,142.5085,142.3665,142.485,0
2022-09-12 01:45:00+00:00,142.4865,142.577,142.4555,142.5315,0
2022-09-12 22:00:00+00:00,142.815,142.815,142.7115,142.7125,0
2022-09-12 22:15:00+00:00,142.7135,142.7165,142.54649999999998,142.561,0
2022-09-12 22:30:00+00:00,142.559,142.7025,142.5405,142.6885,0
2022-09-12 22:45:00+00:00,142.685,142.77100000000002,142.676,142.73000000000002,0
2022-09-13 00:00:00+00:00,142.5845,142.7415,142.51749999999998,142.5735,0
2022-09-13 00:15:00+00:00,142.573,142.72050000000002,142.56799999999998,142.6975,0
2022-09-13 00:30:00+00:00,142.698,142.7295,142.5495,142.63400000000001,0
2022-09-13 00:45:00+00:00,142.6335,142.642,142.42899999999997,142.454,0
2022-09-13 09:00:00+00:00,142.253,142.329,142.18099999999998,142.312,0
2022-09-13 09:15:00+00:00,142.312,142.321,142.2115,142.21300000000002,0
2022-09-13 09:30:00+00:00,142.2145,142.2745,142.1695,142.247,0
2022-09-13 09:45:00+00:00,142.245,142.2765,142.209,142.2225,0
2022-09-14 02:00:00+00:00,144.532,144.5485,144.3675,144.3875,0
2022-09-14 02:15:00+00:00,144.3875,144.4855,144.375,144.484,0
2022-09-14 02:30:00+00:00,144.483,144.519,144.33749999999998,144.3475,0
2022-09-14 02:45:00+00:00,144.34949999999998,144.442,144.33550000000002,144.381,0
2022-09-14 18:00:00+00:00,143.136,143.1685,143.0845,143.096,0
2022-09-14 18:15:00+00:00,143.096,143.14999999999998,143.0915,143.1285,0
2022-09-14 18:30:00+00:00,143.1275,143.157,143.04899999999998,143.06400000000002,0
2022-09-14 18:45:00+00:00,143.065,143.131,143.064,143.12599999999998,0
2022-09-15 12:00:00+00:00,143.5115,143.5975,143.49,143.5455,0
2022-09-15 12:15:00+00:00,143.5455,143.6855,143.535,143.6345,0
2022-09-15 12:30:00+00:00,143.63150000000002,143.72500000000002,143.34,143.3905,0
2022-09-15 12:45:00+00:00,143.391,143.4715,143.15449999999998,143.3235,0
2022-09-16 04:00:00+00:00,143.3665,143.3895,143.32,143.385,0
2022-09-16 04:15:00+00:00,143.3825,143.39499999999998,143.3205,143.32999999999998,0
2022-09-16 04:30:00+00:00,143.334,143.339,143.237,143.2665,0
2022-09-16 04:45:00+00:00,143.2665,143.29,143.22,143.2825,0
2022-09-19 07:00:00+00:00,143.2955,143.378,143.239,143.37,0
2022-09-19 07:15:00+00:00,143.3715,143.457,143.314,143.4485,0
2022-09-19 07:30:00+00:00,143.44799999999998,143.47449999999998,143.4075,143.46699999999998,0
2022-09-19 07:45:00+00:00,143.4675,143.54500000000002,143.4525,143.5125,0
2022-09-20 02:00:00+00:00,143.2365,143.2995,143.18599999999998,143.204,0
2022-09-20 02:15:00+00:00,143.20350000000002,143.211,143.11700000000002,143.1285,0
2022-09-20 02:30:00+00:00,143.13049999999998,143.2485,143.1125,143.2055,0
2022-09-20 02:45:00+00:00,143.204,143.22750000000002,143.0725,143.0875,0
2022-09-20 23:00:00+00:00,143.65,143.6995,143.5405,143.582,0
2022-09-20 23:15:00+00:00,143.587,143.625,143.582,143.6015,0
2022-09-20 23:30:00+00:00,143.601,143.61,143.55450000000002,143.5625,0
2022-09-20 23:45:00+00:00,143.5635,143.62650000000002,143.5565,143.585,0
2022-09-21 17:00:00+00:00,144.39499999999998,144.39999999999998,144.368,144.37150000000003,0
2022-09-21 17:15:00+00:00,144.372,144.3955,144.336,144.35500000000002,0
2022-09-21 17:30:00+00:00,144.3515,144.36700000000002,144.212,144.215,0
2022-09-21 17:45:00+00:00,144.214,144.2435,144.06650000000002,144.24200000000002,0
2022-09-22 01:00:00+00:00,144.422,144.42849999999999,144.3025,144.33550000000002,0
2022-09-22 01:15:00+00:00,144.3375,144.415,144.29399999999998,144.304,0
2022-09-22 01:30:00+00:00,144.29899999999998,144.372,144.267,144.33350000000002,0
2022-09-22 01:45:00+00:00,144.33350000000002,144.4905,144.33100000000002,144.42950000000002,0
2022-09-25 22:00:00+00:00,143.494,143.5035,143.24599999999998,143.37,0
2022-09-25 22:15:00+00:00,143.369,143.394,143.274,143.338,0
2022-09-25 22:30:00+00:00,143.33999999999997,143.422,143.3245,143.411,0
2022-09-25 22:45:00+00:00,143.4115,143.4905,143.343,143.4905,0
2022-09-26 23:00:00+00:00,144.6155,144.6375,144.558,144.625,0
2022-09-26 23:15:00+00:00,144.6245,144.6255,144.553,144.5645,0
2022-09-26 23:30:00+00:00,144.565,144.59750000000003,144.495,144.586,0
2022-09-26 23:45:00+00:00,144.585,144.5965,144.445,144.471,0
2022-09-27 15:00:00+00:00,144.70100000000002,144.7655,144.66750000000002,144.7045,0
2022-09-27 15:15:00+00:00,144.70499999999998,144.8345,144.695,144.8305,0
2022-09-27 15:30:00+00:00,144.82999999999998,144.836,144.584,144.6405,0
2022-09-27 15:45:00+00:00,144.6395,144.732,144.572,144.7145,0
2022-09-28 00:00:00+00:00,144.7095,144.7185,144.60399999999998,144.6245,0
2022-09-28 00:15:00+00:00,144.625,144.7135,144.623,144.685,0
2022-09-28 00:30:00+00:00,144.68599999999998,144.7835,144.668,144.774,0
2022-09-28 00:45:00+00:00,144.773,144.8065,144.6935,144.7415,0
2022-09-28 21:00:00+00:00,144.1275,144.1275,144.07,144.09550000000002,0
2022-09-28 21:15:00+00:00,144.099,144.118,144.0885,144.112,0
2022-09-28 21:30:00+00:00,144.1155,144.1395,144.0915,144.1215,0
2022-09-28 21:45:00+00:00,144.122,144.1365,144.07999999999998,144.1005,0
2022-09-29 11:00:00+00:00,144.6735,144.6825,144.635,144.64,0
2022-09-29 11:15:00+00:00,144.642,144.6825,144.6025,144.6455,0
2022-09-29 11:30:00+00:00,144.642,144.6895,144.6045,144.642,0
2022-09-29 11:45:00+00:00,144.64249999999998,144.71550000000002,144.60750000000002,144.7025,0
2022-09-30 02:00:00+00:00,144.6925,144.7115,144.64499999999998,144.677,0
2022-09-30 02:15:00+00:00,144.6765,144.7745,144.6585,144.7015,0
2022-09-30 02:30:00+00:00,144.7015,144.7355,144.684,144.69299999999998,0
2022-09-30 02:45:00+00:00,144.6935,144.7265,144.659,144.67700000000002,0
2022-09-30 17:00:00+00:00,144.7155,144.7535,144.663,144.716,0
2022-09-30 17:15:00+00:00,144.716,144.747,144.70850000000002,144.716,0
2022-09-30 17:30:00+00:00,144.7165,144.7535,144.7035,144.7115,0
2022-09-30 17:45:00+00:00,144.7105,144.747,144.70499999999998,144.726,0
2022-10-03 03:00:00+00:00,144.804,144.8265,144.793,144.80849999999998,0
2022-10-03 03:15:00+00:00,144.80849999999998,144.8185,144.7865,144.80349999999999,0
2022-10-03 03:30:00+00:00,144.8065,144.83499999999998,144.79649999999998,144.8325,0
2022-10-03 03:45:00+00:00,144.8315,144.8665,144.82299999999998,144.84550000000002,0
2022-10-04 00:00:00+00:00,144.52749999999997,144.6255,144.411,144.60649999999998,0
2022-10-04 00:15:00+00:00,144.60649999999998,144.663,144.579,144.663,0
2022-10-04 00:30:00+00:00,144.661,144.7055,144.6515,144.698,0
2022-10-04 00:45:00+00:00,144.699,144.757,144.6725,144.69150000000002,0
2022-10-04 15:00:00+00:00,144.4635,144.4635,144.32600000000002,144.3785,0
2022-10-04 15:15:00+00:00,144.378,144.488,144.359,144.3945,0
2022-10-04 15:30:00+00:00,144.3955,144.452,144.363,144.3895,0
2022-10-04 15:45:00+00:00,144.3895,144.4665,144.2935,144.338,0
2022-10-05 08:00:00+00:00,144.4425,144.4525,144.356,144.40550000000002,0
2022-10-05 08:15:00+00:00,144.40550000000002,144.565,144.3965,144.446,0
2022-10-05 08:30:00+00:00,144.44650000000001,144.4745,144.3985,144.442,0
2022-10-05 08:45:00+00:00,144.44400000000002,144.44799999999998,144.273,144.369,0
2022-10-06 01:00:00+00:00,144.5965,144.627,144.56799999999998,144.59500000000003,0
2022-10-06 01:15:00+00:00,144.5965,144.6855,144.5905,144.67950000000002,0
2022-10-06 01:30:00+00:00,144.6805,144.68849999999998,144.612,144.68099999999998,0
2022-10-06 01:45:00+00:00,144.68099999999998,144.703,144.646,144.6705,0
2022-10-06 18:00:00+00:00,144.97,145.00900000000001,144.9545,144.978,0
2022-10-06 18:15:00+00:00,144.978,145.0195,144.9715,145.0125,0
2022-10-06 18:30:00+00:00,145.0125,145.0205,144.9805,145.017,0
2022-10-06 18:45:00+00:00,145.0155,145.078,145.0155,145.078,0
2022-10-06 19:00:00+00:00,145.0795,145.0815,145.046,145.0805,0
2022-10-06 19:15:00+00:00,145.07999999999998,145.0985,145.02800000000002,145.0375,0
2022-10-06 19:30:00+00:00,145.03750000000002,145.0845,145.03,145.043,0
2022-10-06 19:45:00+00:00,145.043,145.1385,145.026,145.123,0
2022-10-06 20:00:00+00:00,145.122,145.131,145.07799999999997,145.105,0
2022-10-06 20:15:00+00:00,145.10750000000002,145.1385,145.101,145.13049999999998,0
2022-10-06 20:30:00+00:00,145.1295,145.137,145.11950000000002,145.124,0
2022-10-06 20:45:00+00:00,145.1215,145.144,145.113,145.135,0
2022-10-06 22:00:00+00:00,145.09199999999998,145.125,144.9915,145.021,0
2022-10-06 22:15:00+00:00,145.02249999999998,145.0635,144.9995,145.007,0
2022-10-06 22:30:00+00:00,145.00799999999998,145.0525,145.00549999999998,145.02949999999998,0
2022-10-06 22:45:00+00:00,145.03,145.03449999999998,145.015,145.027,0
2022-10-06 23:00:00+00:00,145.027,145.029,144.9615,144.97050000000002,0
2022-10-06 23:15:00+00:00,144.96800000000002,144.97,144.90800000000002,144.952,0
2022-10-06 23:30:00+00:00,144.9525,145.02550000000002,144.94850000000002,145.012,0
2022-10-06 23:45:00+00:00,145.0145,145.1125,145.0115,145.0475,0
2022-10-07 00:00:00+00:00,145.049,145.0795,144.993,145.0075,0
2022-10-07 00:15:00+00:00,145.00799999999998,145.01850000000002,144.95,145.005,0
2022-10-07 00:30:00+00:00,145.005,145.0595,145.00150000000002,145.04649999999998,0
2022-10-07 00:45:00+00:00,145.0455,145.10750000000002,144.8505,144.94850000000002,0
2022-10-07 02:00:00+00:00,145.0145,145.0675,145.0125,145.02100000000002,0
2022-10-07 02:15:00+00:00,145.02100000000002,145.035,144.9765,144.995,0
2022-10-07 02:30:00+00:00,144.9935,145.01549999999997,144.905,144.9085,0
2022-10-07 02:45:00+00:00,144.9085,144.9755,144.9075,144.9395,0
2022-10-07 03:00:00+00:00,144.94150000000002,144.969,144.915,144.9615,0
2022-10-07 03:15:00+00:00,144.9595,145.0035,144.9425,144.996,0
2022-10-07 03:30:00+00:00,144.9955,144.99599999999998,144.947,144.9645,0
2022-10-07 03:45:00+00:00,144.966,144.97500000000002,144.935,144.9615,0
2022-10-07 06:00:00+00:00,144.985,145.027,144.976,145.015,0
2022-10-07 06:15:00+00:00,145.017,145.024,144.959,145.01749999999998,0
2022-10-07 06:30:00+00:00,145.0165,145.084,144.9865,145.0605,0
2022-10-07 06:45:00+00:00,145.05900000000003,145.08249999999998,145.013,145.0285,0
2022-10-07 07:00:00+00:00,145.02800000000002,145.0445,144.99099999999999,145.00900000000001,0
2022-10-07 07:15:00+00:00,145.011,145.014,144.9625,144.96699999999998,0
2022-10-07 07:30:00+00:00,144.9675,144.9745,144.894,144.926,0
2022-10-07 07:45:00+00:00,144.926,144.9395,144.84449999999998,144.9155,0
2022-10-07 08:00:00+00:00,144.916,144.916,144.8245,144.83100000000002,0
2022-10-07 08:15:00+00:00,144.83100000000002,144.84300000000002,144.72,144.84199999999998,0
2022-10-07 08:30:00+00:00,144.841,144.8465,144.8,144.828,0
2022-10-07 08:45:00+00:00,144.8265,144.8295,144.79149999999998,144.828,0
2022-10-07 15:00:00+00:00,145.1415,145.1845,145.1285,145.1755,0
2022-10-07 15:15:00+00:00,145.176,145.24599999999998,145.172,145.19799999999998,0
2022-10-07 15:30:00+00:00,145.197,145.2365,145.142,145.14499999999998,0
2022-10-07 15:45:00+00:00,145.1455,145.22199999999998,145.1455,145.1985,0
2022-10-10 04:00:00+00:00,145.441,145.4645,145.4135,145.43849999999998,0
2022-10-10 04:15:00+00:00,145.43849999999998,145.4795,145.433,145.46699999999998,0
2022-10-10 04:30:00+00:00,145.4685,145.471,145.44150000000002,145.44400000000002,0
2022-10-10 04:45:00+00:00,145.4435,145.45600000000002,145.429,145.4495,0
2022-10-10 14:00:00+00:00,145.5915,145.6015,145.56,145.583,0
2022-10-10 14:15:00+00:00,145.58249999999998,145.6485,145.574,145.636,0
2022-10-10 14:30:00+00:00,145.63549999999998,145.7425,145.4575,145.739,0
2022-10-10 14:45:00+00:00,145.73950000000002,145.7605,145.7055,145.719,0
2022-10-11 07:00:00+00:00,145.7045,145.7065,145.5995,145.6045,0
2022-10-11 07:15:00+00:00,145.60500000000002,145.63799999999998,145.5405,145.6155,0
2022-10-11 07:30:00+00:00,145.6155,145.63049999999998,145.563,145.5965,0
2022-10-11 07:45:00+00:00,145.5975,145.63799999999998,145.571,145.6265,0
2022-10-11 22:00:00+00:00,145.8065,145.84,145.675,145.8145,0
2022-10-11 22:15:00+00:00,145.8155,145.829,145.772,145.803,0
2022-10-11 22:30:00+00:00,145.8,145.837,145.79250000000002,145.8025,0
2022-10-11 22:45:00+00:00,145.80349999999999,145.834,145.80149999999998,145.824,0
2022-10-12 12:00:00+00:00,146.60199999999998,146.673,146.582,146.652,0
2022-10-12 12:15:00+00:00,146.6515,146.70499999999998,146.613,146.618,0
2022-10-12 12:30:00+00:00,146.618,146.8225,146.618,146.7285,0
2022-10-12 12:45:00+00:00,146.727,146.80599999999998,146.6945,146.736,0
2022-10-12 22:00:00+00:00,146.875,146.875,146.797,146.8145,0
2022-10-12 22:15:00+00:00,146.813,146.84550000000002,146.788,146.80349999999999,0
2022-10-12 22:30:00+00:00,146.801,146.82299999999998,146.7825,146.7835,0
2022-10-12 22:45:00+00:00,146.7825,146.79500000000002,146.7665,146.77800000000002,0
2022-10-13 05:00:00+00:00,146.837,146.845,146.815,146.829,0
2022-10-13 05:15:00+00:00,146.829,146.889,146.827,146.8765,0
2022-10-13 05:30:00+00:00,146.875,146.88299999999998,146.83100000000002,146.84199999999998,0
2022-10-13 05:45:00+00:00,146.841,146.904,146.8385,146.8975,0
2022-10-13 14:00:00+00:00,147.2385,147.322,147.1855,147.293,0
2022-10-13 14:15:00+00:00,147.29399999999998,147.50599999999997,147.2755,147.4475,0
2022-10-13 14:30:00+00:00,147.4475,147.45299999999997,147.30349999999999,147.36950000000002,0
2022-10-13 14:45:00+00:00,147.36950000000002,147.4075,147.238,147.3705,0
2022-10-17 21:00:00+00:00,149.0385,149.039,148.9805,149.0165,0
2022-10-17 21:15:00+00:00,149.0195,149.02249999999998,148.9885,149.0035,0
2022-10-17 21:30:00+00:00,149.005,149.008,148.99,148.99349999999998,0
2022-10-17 21:45:00+00:00,148.99,149.0445,148.9445,148.9865,0
2022-10-18 05:00:00+00:00,148.7895,148.829,148.7665,148.8095,0
2022-10-18 05:15:00+00:00,148.808,148.87599999999998,148.785,148.8705,0
2022-10-18 05:30:00+00:00,148.8705,148.886,148.838,148.8505,0
2022-10-18 05:45:00+00:00,148.8535,148.902,148.8305,148.892,0
2022-10-18 22:00:00+00:00,149.195,149.22199999999998,149.155,149.21249999999998,0
2022-10-18 22:15:00+00:00,149.20999999999998,149.22250000000003,149.201,149.2185,0
2022-10-18 22:30:00+00:00,149.216,149.226,149.1745,149.2055,0
2022-10-18 22:45:00+00:00,149.2045,149.226,149.155,149.1695,0
2022-10-20 13:00:00+00:00,149.9085,149.92700000000002,149.844,149.877,0
2022-10-20 13:15:00+00:00,149.876,149.89,149.82150000000001,149.872,0
2022-10-20 13:30:00+00:00,149.875,149.918,149.857,149.8855,0
2022-10-20 13:45:00+00:00,149.88600000000002,149.906,149.853,149.8945,0
2022-10-20 23:00:00+00:00,150.1245,150.1855,150.12,150.163,0
2022-10-20 23:15:00+00:00,150.1635,150.20299999999997,150.14100000000002,150.19400000000002,0
2022-10-20 23:30:00+00:00,150.19549999999998,150.219,150.175,150.18849999999998,0
2022-10-20 23:45:00+00:00,150.188,150.19549999999998,150.161,150.176,0
2022-10-21 07:00:00+00:00,150.42399999999998,150.466,150.40300000000002,150.446,0
2022-10-21 07:15:00+00:00,150.44799999999998,150.44799999999998,150.35700000000003,150.38400000000001,0
2022-10-21 07:30:00+00:00,150.38400000000001,150.44600000000003,150.36900000000003,150.425,0
2022-10-21 07:45:00+00:00,150.426,150.4865,150.423,150.47899999999998,0
2022-10-23 22:00:00+00:00,148.1245,149.043,148.0215,148.9875,0
2022-10-23 22:15:00+00:00,148.9875,148.9995,148.80599999999998,148.8765,0
2022-10-23 22:30:00+00:00,148.8795,148.9565,148.8065,148.887,0
2022-10-23 22:45:00+00:00,148.8845,149.445,148.745,149.2945,0
2022-10-24 22:00:00+00:00,149.04399999999998,149.10000000000002,148.946,148.969,0
2022-10-24 22:15:00+00:00,148.9685,148.977,148.827,148.868,0
2022-10-24 22:30:00+00:00,148.8635,148.94799999999998,148.852,148.901,0
2022-10-24 22:45:00+00:00,148.899,148.917,148.86149999999998,148.87900000000002,0
2022-10-25 12:00:00+00:00,148.9075,148.95,148.8985,148.90449999999998,0
2022-10-25 12:15:00+00:00,148.9015,148.9075,148.664,148.844,0
2022-10-25 12:30:00+00:00,148.84300000000002,148.8855,148.825,148.84550000000002,0
2022-10-25 12:45:00+00:00,148.846,148.86200000000002,148.74099999999999,148.77800000000002,0
2022-10-26 03:00:00+00:00,148.3225,148.332,148.277,148.28300000000002,0
2022-10-26 03:15:00+00:00,148.28300000000002,148.3115,148.18599999999998,148.2115,0
2022-10-26 03:30:00+00:00,148.2105,148.2875,148.20850000000002,148.216,0
2022-10-26 03:45:00+00:00,148.21550000000002,148.24099999999999,148.17200000000003,148.24099999999999,0
2022-10-26 15:00:00+00:00,146.635,146.64800000000002,146.4385,146.48399999999998,0
2022-10-26 15:15:00+00:00,146.4855,146.608,146.466,146.54149999999998,0
2022-10-26 15:30:00+00:00,146.5405,146.5625,146.38799999999998,146.50549999999998,0
2022-10-26 15:45:00+00:00,146.505,146.623,146.49599999999998,146.50599999999997,0
2022-10-27 06:00:00+00:00,145.252,145.413,145.13150000000002,145.3815,0
2022-10-27 06:15:00+00:00,145.3815,145.5695,145.373,145.56349999999998,0
2022-10-27 06:30:00+00:00,145.56400000000002,145.805,145.56,145.78300000000002,0
2022-10-27 06:45:00+00:00,145.7825,145.78300000000002,145.6265,145.683,0
2022-10-27 22:00:00+00:00,146.3015,146.333,146.182,146.19400000000002,0
2022-10-27 22:15:00+00:00,146.193,146.21,146.086,146.14600000000002,0
2022-10-27 22:30:00+00:00,146.14249999999998,146.1765,146.1055,146.1765,0
2022-10-27 22:45:00+00:00,146.176,146.20350000000002,146.115,146.13049999999998,0
2022-10-28 09:00:00+00:00,147.4365,147.6995,147.3765,147.69,0
2022-10-28 09:15:00+00:00,147.6895,147.745,147.63099999999997,147.7015,0
2022-10-28 09:30:00+00:00,147.7015,147.863,147.6905,147.832,0
2022-10-28 09:45:00+00:00,147.8325,147.8525,147.676,147.67700000000002,0
2022-10-31 08:00:00+00:00,148.01799999999997,148.1885,147.9855,148.187,0
2022-10-31 08:15:00+00:00,148.1865,148.261,148.1375,148.195,0
2022-10-31 08:30:00+00:00,148.1945,148.337,148.19099999999997,148.2955,0
2022-10-31 08:45:00+00:00,148.2945,148.325,148.238,148.26,0
2022-10-31 23:00:00+00:00,148.6815,148.6945,148.57,148.572,0
2022-10-31 23:15:00+00:00,148.571,148.632,148.5695,148.632,0
2022-10-31 23:30:00+00:00,148.6345,148.7395,148.63299999999998,148.725,0
2022-10-31 23:45:00+00:00,148.726,148.8065,148.7245,148.739,0
2022-11-01 17:00:00+00:00,148.1755,148.2405,148.1585,148.1795,0
2022-11-01 17:15:00+00:00,148.1805,148.27999999999997,148.1655,148.2745,0
2022-11-01 17:30:00+00:00,148.27300000000002,148.304,148.22899999999998,148.257,0
2022-11-01 17:45:00+00:00,148.257,148.34699999999998,148.22050000000002,148.231,0
2022-11-02 10:00:00+00:00,147.1385,147.197,147.0265,147.192,0
2022-11-02 10:15:00+00:00,147.187,147.187,147.0825,147.127,0
2022-11-02 10:30:00+00:00,147.12650000000002,147.1655,147.09550000000002,147.119,0
2022-11-02 10:45:00+00:00,147.1165,147.127,146.834,146.8605,0
2022-11-03 06:00:00+00:00,147.399,147.574,147.3845,147.551,0
2022-11-03 06:15:00+00:00,147.551,147.68650000000002,147.5355,147.6105,0
2022-11-03 06:30:00+00:00,147.611,147.6695,147.523,147.56,0
2022-11-03 06:45:00+00:00,147.5595,147.61700000000002,147.5395,147.57049999999998,0
2022-11-03 18:00:00+00:00,148.28050000000002,148.296,148.223,148.27999999999997,0
2022-11-03 18:15:00+00:00,148.28199999999998,148.312,148.25,148.26049999999998,0
2022-11-03 18:30:00+00:00,148.2615,148.26999999999998,148.168,148.2505,0
2022-11-03 18:45:00+00:00,148.25,148.25400000000002,148.185,148.244,0
2022-11-04 13:00:00+00:00,147.1955,147.2755,147.002,147.067,0
2022-11-04 13:15:00+00:00,147.0665,147.185,146.92399999999998,147.13600000000002,0
2022-11-04 13:30:00+00:00,147.13600000000002,147.3735,147.099,147.361,0
2022-11-04 13:45:00+00:00,147.36200000000002,147.39,147.12099999999998,147.1585,0
2022-11-07 11:00:00+00:00,146.6975,146.743,146.60199999999998,146.71699999999998,0
2022-11-07 11:15:00+00:00,146.7175,146.7485,146.60899999999998,146.637,0
2022-11-07 11:30:00+00:00,146.6375,146.6615,146.4875,146.49200000000002,0
2022-11-07 11:45:00+00:00,146.49450000000002,146.64999999999998,146.47899999999998,146.62599999999998,0
2022-11-08 04:00:00+00:00,146.65449999999998,146.65550000000002,146.60649999999998,146.61950000000002,0
2022-11-08 04:15:00+00:00,146.62,146.65300000000002,146.6135,146.6325,0
2022-11-08 04:30:00+00:00,146.63299999999998,146.675,146.6315,146.6495,0
2022-11-08 04:45:00+00:00,146.6475,146.72000000000003,146.6385,146.6935,0
2022-11-08 22:00:00+00:00,145.673,145.6875,145.62150000000003,145.63299999999998,0
2022-11-08 22:15:00+00:00,145.626,145.664,145.6255,145.64800000000002,0
2022-11-08 22:30:00+00:00,145.6475,145.676,145.6375,145.659,0
2022-11-08 22:45:00+00:00,145.66,145.699,145.65550000000002,145.665,0
2022-11-09 16:00:00+00:00,146.2985,146.2985,146.0285,146.09199999999998,0
2022-11-09 16:15:00+00:00,146.0935,146.095,145.9685,146.04000000000002,0
2022-11-09 16:30:00+00:00,146.04000000000002,146.1485,146.038,146.0565,0
2022-11-09 16:45:00+00:00,146.05200000000002,146.1605,146.04500000000002,146.1575,0
2022-11-10 05:00:00+00:00,146.191,146.1975,146.0805,146.083,0
2022-11-10 05:15:00+00:00,146.08350000000002,146.1365,146.083,146.10649999999998,0
2022-11-10 05:30:00+00:00,146.10649999999998,146.1735,146.10399999999998,146.1485,0
2022-11-10 05:45:00+00:00,146.1485,146.1505,146.10899999999998,146.1385,0
2022-11-10 19:00:00+00:00,142.0165,142.04899999999998,141.96499999999997,142.0045,0
2022-11-10 19:15:00+00:00,142.0045,142.0335,141.95600000000002,141.958,0
2022-11-10 19:30:00+00:00,141.959,141.9725,141.75900000000001,141.8105,0
2022-11-10 19:45:00+00:00,141.81099999999998,141.85750000000002,141.753,141.8175,0
2022-11-11 21:00:00+00:00,138.6725,138.734,138.63299999999998,138.67450000000002,0
2022-11-11 21:15:00+00:00,138.6755,138.676,138.6315,138.674,0
2022-11-11 21:30:00+00:00,138.67450000000002,138.7595,138.6725,138.74900000000002,0
2022-11-11 21:45:00+00:00,138.7495,138.8065,138.7195,138.798,0
2022-11-14 03:00:00+00:00,139.1175,139.1485,138.973,139.0215,0
2022-11-14 03:15:00+00:00,139.023,139.118,138.97449999999998,139.034,0
2022-11-14 03:30:00+00:00,139.0335,139.0525,138.9255,139.02,0
2022-11-14 03:45:00+00:00,139.01749999999998,139.1455,139.011,139.097,0
2022-11-15 08:00:00+00:00,139.339,139.56099999999998,139.2825,139.3735,0
2022-11-15 08:15:00+00:00,139.3725,139.6825,139.37,139.59199999999998,0
2022-11-15 08:30:00+00:00,139.591,139.7235,139.517,139.54500000000002,0
2022-11-15 08:45:00+00:00,139.54500000000002,139.5695,139.45,139.5065,0
2022-11-16 01:00:00+00:00,139.364,139.61849999999998,139.364,139.418,0
2022-11-16 01:15:00+00:00,139.4155,139.5385,139.34949999999998,139.5375,0
2022-11-16 01:30:00+00:00,139.5365,139.9195,139.536,139.7855,0
2022-11-16 01:45:00+00:00,139.7855,139.8825,139.664,139.7265,0
2022-11-16 18:00:00+00:00,139.41500000000002,139.458,139.292,139.45100000000002,0
2022-11-16 18:15:00+00:00,139.45,139.63049999999998,139.4395,139.60000000000002,0
2022-11-16 18:30:00+00:00,139.6005,139.68599999999998,139.598,139.6855,0
2022-11-16 18:45:00+00:00,139.68599999999998,139.7105,139.6335,139.6525,0
2022-11-17 01:00:00+00:00,139.464,139.5245,139.272,139.285,0
2022-11-17 01:15:00+00:00,139.285,139.502,139.284,139.502,0
2022-11-17 01:30:00+00:00,139.4965,139.523,139.3745,139.44650000000001,0
2022-11-17 01:45:00+00:00,139.44650000000001,139.602,139.4315,139.527,0
2022-11-17 10:00:00+00:00,139.628,139.825,139.56900000000002,139.7295,0
2022-11-17 10:15:00+00:00,139.72899999999998,139.767,139.6705,139.69099999999997,0
2022-11-17 10:30:00+00:00,139.692,139.8115,139.683,139.7625,0
2022-11-17 10:45:00+00:00,139.7655,139.971,139.76049999999998,139.9365,0
2022-11-18 04:00:00+00:00,139.71550000000002,139.8295,139.71550000000002,139.824,0
2022-11-18 04:15:00+00:00,139.8235,139.86900000000003,139.768,139.8435,0
2022-11-18 04:30:00+00:00,139.8425,139.938,139.827,139.914,0
2022-11-18 04:45:00+00:00,139.914,139.94549999999998,139.87,139.88299999999998,0
2022-11-18 20:00:00+00:00,140.382,140.38799999999998,140.29199999999997,140.32299999999998,0
2022-11-18 20:15:00+00:00,140.322,140.3425,140.29199999999997,140.31799999999998,0
2022-11-18 20:30:00+00:00,140.3195,140.372,140.31799999999998,140.35899999999998,0
2022-11-18 20:45:00+00:00,140.36,140.401,140.32299999999998,140.4005,0
2022-11-21 13:00:00+00:00,141.947,142.00549999999998,141.80399999999997,141.8285,0
2022-11-21 13:15:00+00:00,141.82799999999997,141.8305,141.678,141.757,0
2022-11-21 13:30:00+00:00,141.75599999999997,141.824,141.7215,141.72699999999998,0
2022-11-21 13:45:00+00:00,141.726,141.779,141.54899999999998,141.5975,0
2022-11-22 04:00:00+00:00,141.7765,141.7885,141.727,141.7375,0
2022-11-22 04:15:00+00:00,141.738,141.7415,141.675,141.685,0
2022-11-22 04:30:00+00:00,141.6855,141.7345,141.64600000000002,141.714,0
2022-11-22 04:45:00+00:00,141.7145,141.73000000000002,141.65699999999998,141.69299999999998,0
2022-11-22 17:00:00+00:00,141.3015,141.36,141.2865,141.34699999999998,0
2022-11-22 17:15:00+00:00,141.348,141.4225,141.3395,141.3945,0
2022-11-22 17:30:00+00:00,141.392,141.399,141.309,141.315,0
2022-11-22 17:45:00+00:00,141.315,141.3205,141.21800000000002,141.235,0
2022-11-22 20:00:00+00:00,141.19799999999998,141.25799999999998,141.19799999999998,141.2375,0
2022-11-22 20:15:00+00:00,141.23700000000002,141.248,141.1765,141.1975,0
2022-11-22 20:30:00+00:00,141.1975,141.20100000000002,141.1515,141.18900000000002,0
2022-11-22 20:45:00+00:00,141.1885,141.2195,141.176,141.2065,0
2022-11-23 09:00:00+00:00,141.3085,141.4005,141.29500000000002,141.356,0
2022-11-23 09:15:00+00:00,141.3565,141.4495,141.305,141.4435,0
2022-11-23 09:30:00+00:00,141.44400000000002,141.50900000000001,141.37400000000002,141.37400000000002,0
2022-11-23 09:45:00+00:00,141.375,141.385,141.2965,141.3485,0
2022-11-24 12:00:00+00:00,138.324,138.435,138.26299999999998,138.377,0
2022-11-24 12:15:00+00:00,138.3815,138.404,138.332,138.36599999999999,0
2022-11-24 12:30:00+00:00,138.3665,138.404,138.2515,138.2515,0
2022-11-24 12:45:00+00:00,138.2455,138.2455,138.0855,138.235,0
2022-11-25 09:00:00+00:00,138.8345,138.94400000000002,138.80599999999998,138.914,0
2022-11-25 09:15:00+00:00,138.91500000000002,139.149,138.91500000000002,139.103,0
2022-11-25 09:30:00+00:00,139.1025,139.44,139.059,139.382,0
2022-11-25 09:45:00+00:00,139.38400000000001,139.5285,139.356,139.394,0
2022-11-28 11:00:00+00:00,137.80349999999999,137.8845,137.75799999999998,137.767,0
2022-11-28 11:15:00+00:00,137.768,137.8845,137.7455,137.7635,0
2022-11-28 11:30:00+00:00,137.7645,138.0845,137.738,138.0555,0
2022-11-28 11:45:00+00:00,138.05700000000002,138.2615,138.05,138.1535,0
2022-11-29 02:00:00+00:00,138.76049999999998,138.8275,138.5915,138.626,0
2022-11-29 02:15:00+00:00,138.6285,138.7215,138.55450000000002,138.642,0
2022-11-29 02:30:00+00:00,138.642,138.724,138.6095,138.708,0
2022-11-29 02:45:00+00:00,138.70850000000002,138.86849999999998,138.64350000000002,138.86,0
2022-11-29 19:00:00+00:00,138.55599999999998,138.5575,138.48399999999998,138.497,0
2022-11-29 19:15:00+00:00,138.49599999999998,138.5755,138.459,138.5675,0
2022-11-29 19:30:00+00:00,138.567,138.65449999999998,138.56,138.64600000000002,0
2022-11-29 19:45:00+00:00,138.647,138.6865,138.63400000000001,138.6465,0
2022-11-30 06:00:00+00:00,138.476,138.5255,138.4135,138.4665,0
2022-11-30 06:15:00+00:00,138.466,138.4695,138.33100000000002,138.462,0
2022-11-30 06:30:00+00:00,138.44299999999998,138.5675,138.427,138.51549999999997,0
2022-11-30 06:45:00+00:00,138.517,138.6275,138.5145,138.591,0
2022-11-30 22:00:00+00:00,138.062,138.0685,138.0355,138.0445,0
2022-11-30 22:15:00+00:00,137.94150000000002,138.0765,137.94150000000002,138.0695,0
2022-11-30 22:30:00+00:00,138.07100000000003,138.12,138.0435,138.091,0
2022-11-30 22:45:00+00:00,138.0915,138.122,138.05849999999998,138.088,0
2022-12-01 15:00:00+00:00,135.894,135.94650000000001,135.52999999999997,135.903,0
2022-12-01 15:15:00+00:00,135.904,136.15449999999998,135.836,136.11149999999998,0
2022-12-01 15:30:00+00:00,136.11,136.27949999999998,135.9275,136.1865,0
2022-12-01 15:45:00+00:00,136.1855,136.2395,135.904,135.923,0
2022-12-02 08:00:00+00:00,134.6455,134.8055,134.594,134.6735,0
2022-12-02 08:15:00+00:00,134.6725,134.683,134.4055,134.41899999999998,0
2022-12-02 08:30:00+00:00,134.4185,134.4565,133.92849999999999,134.00549999999998,0
2022-12-02 08:45:00+00:00,134.00549999999998,134.02550000000002,133.6255,133.767,0
2022-12-05 09:00:00+00:00,135.2725,135.336,135.1925,135.2125,0
2022-12-05 09:15:00+00:00,135.211,135.2125,135.0895,135.204,0
2022-12-05 09:30:00+00:00,135.2045,135.4865,135.2035,135.2625,0
2022-12-05 09:45:00+00:00,135.2625,135.34300000000002,135.18099999999998,135.2375,0
2022-12-06 00:00:00+00:00,136.5815,136.631,136.51,136.5445,0
2022-12-06 00:15:00+00:00,136.54500000000002,136.56799999999998,136.326,136.355,0
2022-12-06 00:30:00+00:00,136.3535,136.476,136.29149999999998,136.47449999999998,0
2022-12-06 00:45:00+00:00,136.47449999999998,136.5165,136.38799999999998,136.5045,0
2022-12-06 08:00:00+00:00,136.9445,137.004,136.692,136.7875,0
2022-12-06 08:15:00+00:00,136.78750000000002,136.928,136.753,136.9105,0
2022-12-06 08:30:00+00:00,136.91,136.937,136.60000000000002,136.687,0
2022-12-06 08:45:00+00:00,136.6825,136.7265,136.539,136.64999999999998,0
2022-12-06 18:00:00+00:00,136.837,136.89100000000002,136.813,136.875,0
2022-12-06 18:15:00+00:00,136.87400000000002,136.982,136.87,136.957,0
2022-12-06 18:30:00+00:00,136.95499999999998,136.9795,136.899,136.938,0
2022-12-06 18:45:00+00:00,136.94,137.038,136.92899999999997,137.03500000000003,0
2022-12-07 19:00:00+00:00,136.36599999999999,136.38600000000002,136.32,136.32,0
2022-12-07 19:15:00+00:00,136.32,136.3295,136.25900000000001,136.281,0
2022-12-07 19:30:00+00:00,136.28199999999998,136.34,136.281,136.29500000000002,0
2022-12-07 19:45:00+00:00,136.29500000000002,136.344,136.27800000000002,136.298,0
2022-12-08 05:00:00+00:00,136.94650000000001,137.058,136.94299999999998,137.0485,0
2022-12-08 05:15:00+00:00,137.0485,137.17000000000002,137.0485,137.091,0
2022-12-08 05:30:00+00:00,137.0915,137.094,136.952,137.0465,0
2022-12-08 05:45:00+00:00,137.046,137.0965,137.001,137.09550000000002,0
2022-12-09 04:00:00+00:00,135.873,135.937,135.8425,135.90300000000002,0
2022-12-09 04:15:00+00:00,135.902,135.93900000000002,135.871,135.9235,0
2022-12-09 04:30:00+00:00,135.9265,135.961,135.90449999999998,135.946,0
2022-12-09 04:45:00+00:00,135.94400000000002,136.0475,135.9345,136.018,0
2022-12-09 12:00:00+00:00,135.8525,135.906,135.834,135.85750000000002,0
2022-12-09 12:15:00+00:00,135.8565,135.89600000000002,135.76049999999998,135.781,0
2022-12-09 12:30:00+00:00,135.779,135.8775,135.74599999999998,135.8535,0
2022-12-09 12:45:00+00:00,135.85500000000002,135.8835,135.79199999999997,135.80200000000002,0
2022-12-09 21:00:00+00:00,136.69400000000002,136.71499999999997,136.6645,136.684,0
2022-12-09 21:15:00+00:00,136.68599999999998,136.695,136.6565,136.66699999999997,0
2022-12-09 21:30:00+00:00,136.6655,136.6735,136.6005,136.6065,0
2022-12-09 21:45:00+00:00,136.60750000000002,136.611,136.546,136.5855,0
2022-12-13 00:00:00+00:00,137.5145,137.66649999999998,137.4895,137.66649999999998,0
2022-12-13 00:15:00+00:00,137.66649999999998,137.899,137.6245,137.8685,0
2022-12-13 00:30:00+00:00,137.8655,137.8655,137.64100000000002,137.647,0
2022-12-13 00:45:00+00:00,137.64600000000002,137.832,137.6185,137.781,0
2022-12-13 15:00:00+00:00,134.98700000000002,135.2125,134.9265,135.0785,0
2022-12-13 15:15:00+00:00,135.0795,135.309,135.0795,135.2965,0
2022-12-13 15:30:00+00:00,135.2955,135.3745,135.10199999999998,135.183,0
2022-12-13 15:45:00+00:00,135.17899999999997,135.36399999999998,135.10399999999998,135.1935,0
2022-12-14 08:00:00+00:00,135.4795,135.6055,135.4725,135.5275,0
2022-12-14 08:15:00+00:00,135.527,135.527,135.324,135.43900000000002,0
2022-12-14 08:30:00+00:00,135.4385,135.442,135.2965,135.33100000000002,0
2022-12-14 08:45:00+00:00,135.3315,135.37,135.212,135.308,0
2022-12-15 01:00:00+00:00,135.3485,135.4515,135.32999999999998,135.394,0
2022-12-15 01:15:00+00:00,135.395,135.42849999999999,135.28500000000003,135.3155,0
2022-12-15 01:30:00+00:00,135.316,135.423,135.29700000000003,135.4135,0
2022-12-15 01:45:00+00:00,135.4135,135.474,135.34699999999998,135.4435,0
2022-12-15 14:00:00+00:00,136.4115,136.4695,136.256,136.29399999999998,0
2022-12-15 14:15:00+00:00,136.29250000000002,136.5205,136.1795,136.5125,0
2022-12-15 14:30:00+00:00,136.51299999999998,136.66500000000002,136.4595,136.632,0
2022-12-15 14:45:00+00:00,136.6295,136.81799999999998,136.614,136.7815,0
2022-12-16 05:00:00+00:00,137.1635,137.3125,137.1585,137.284,0
2022-12-16 05:15:00+00:00,137.286,137.3315,137.24599999999998,137.32299999999998,0
2022-12-16 05:30:00+00:00,137.32299999999998,137.365,137.29399999999998,137.29399999999998,0
2022-12-16 05:45:00+00:00,137.29399999999998,137.3865,137.288,137.3525,0
2022-12-16 18:00:00+00:00,136.43099999999998,136.5115,136.36399999999998,136.3735,0
2022-12-16 18:15:00+00:00,136.375,136.406,136.35399999999998,136.39499999999998,0
2022-12-16 18:30:00+00:00,136.3935,136.402,136.29500000000002,136.349,0
2022-12-16 18:45:00+00:00,136.34699999999998,136.4195,136.34699999999998,136.4075,0
2022-12-19 08:00:00+00:00,135.8435,135.917,135.754,135.8905,0
2022-12-19 08:15:00+00:00,135.89100000000002,135.93349999999998,135.788,135.929,0
2022-12-19 08:30:00+00:00,135.9275,136.0455,135.8985,136.0455,0
2022-12-19 08:45:00+00:00,136.04500000000002,136.074,135.872,135.8775,0
2022-12-19 19:00:00+00:00,136.861,136.929,136.85500000000002,136.91649999999998,0
2022-12-19 19:15:00+00:00,136.91699999999997,136.9625,136.89100000000002,136.9445,0
2022-12-19 19:30:00+00:00,136.94400000000002,136.957,136.909,136.92399999999998,0
2022-12-19 19:45:00+00:00,136.925,136.99400000000003,136.904,136.97899999999998,0
2022-12-20 09:00:00+00:00,132.23250000000002,132.32850000000002,132.05700000000002,132.1325,0
2022-12-20 09:15:00+00:00,132.1335,132.226,131.9985,132.06799999999998,0
2022-12-20 09:30:00+00:00,132.066,132.26299999999998,132.00099999999998,132.13049999999998,0
2022-12-20 09:45:00+00:00,132.13049999999998,132.2495,132.054,132.0605,0
2022-12-21 08:00:00+00:00,131.786,131.83100000000002,131.66449999999998,131.7465,0
2022-12-21 08:15:00+00:00,131.749,131.881,131.6845,131.797,0
2022-12-21 08:30:00+00:00,131.7975,131.84199999999998,131.7415,131.77949999999998,0
2022-12-21 08:45:00+00:00,131.78,131.797,131.54899999999998,131.572,0
2022-12-22 01:00:00+00:00,132.06150000000002,132.14249999999998,131.8405,131.902,0
2022-12-22 01:15:00+00:00,131.902,131.9885,131.7965,131.9085,0
2022-12-22 01:30:00+00:00,131.909,131.94549999999998,131.8425,131.8755,0
2022-12-22 01:45:00+00:00,131.875,131.9255,131.84550000000002,131.897,0
2022-12-22 20:00:00+00:00,132.4125,132.4905,132.4105,132.4785,0
2022-12-22 20:15:00+00:00,132.478,132.4795,132.399,132.42399999999998,0
2022-12-22 20:30:00+00:00,132.424,132.45100000000002,132.402,132.4295,0
2022-12-22 20:45:00+00:00,132.42950000000002,132.438,132.2615,132.373,0
2022-12-23 12:00:00+00:00,132.71300000000002,132.75400000000002,132.6935,132.71699999999998,0
2022-12-23 12:15:00+00:00,132.716,132.73250000000002,132.673,132.723,0
2022-12-23 12:30:00+00:00,132.7245,132.7845,132.70850000000002,132.7475,0
2022-12-23 12:45:00+00:00,132.7485,132.75400000000002,132.679,132.6925,0
2022-12-25 23:00:00+00:00,132.8075,132.815,132.8025,132.8125,0
2022-12-25 23:15:00+00:00,132.8125,132.8125,132.757,132.7615,0
2022-12-25 23:30:00+00:00,132.75099999999998,132.8385,132.74599999999998,132.77499999999998,0
2022-12-25 23:45:00+00:00,132.77749999999997,132.80849999999998,132.7385,132.79500000000002,0
2022-12-26 17:00:00+00:00,132.9435,132.9485,132.90949999999998,132.914,0
2022-12-26 17:15:00+00:00,132.915,132.9235,132.9125,132.92149999999998,0
2022-12-26 17:30:00+00:00,132.919,132.921,132.9115,132.9185,0
2022-12-26 17:45:00+00:00,132.9185,132.922,132.886,132.9065,0
2022-12-26 18:00:00+00:00,132.9085,132.9085,132.89499999999998,132.90499999999997,0
2022-12-26 18:15:00+00:00,132.905,132.90550000000002,132.8985,132.9055,0
2022-12-26 18:30:00+00:00,132.90499999999997,132.90699999999998,132.901,132.90449999999998,0
2022-12-26 18:45:00+00:00,132.90550000000002,132.94549999999998,132.90550000000002,132.916,0
2022-12-27 08:00:00+00:00,132.87900000000002,133.0655,132.86200000000002,133.0185,0
2022-12-27 08:15:00+00:00,133.018,133.04199999999997,132.93349999999998,133.007,0
2022-12-27 08:30:00+00:00,133.005,133.20600000000002,132.997,133.139,0
2022-12-27 08:45:00+00:00,133.13799999999998,133.2035,133.042,133.0975,0
2022-12-29 02:00:00+00:00,133.735,133.75400000000002,133.61200000000002,133.6365,0
2022-12-29 02:15:00+00:00,133.6365,133.6735,133.563,133.565,0
2022-12-29 02:30:00+00:00,133.5655,133.614,133.4905,133.608,0
2022-12-29 02:45:00+00:00,133.60649999999998,133.727,133.60199999999998,133.715,0
2022-12-29 09:00:00+00:00,133.624,133.6435,133.589,133.624,0
2022-12-29 09:15:00+00:00,133.624,133.6775,133.601,133.66699999999997,0
2022-12-29 09:30:00+00:00,133.66750000000002,133.703,133.6365,133.64600000000002,0
2022-12-29 09:45:00+00:00,133.6465,133.65800000000002,133.59199999999998,133.6155,0
2022-12-29 17:00:00+00:00,133.1715,133.216,133.132,133.214,0
2022-12-29 17:15:00+00:00,133.2135,133.231,133.15499999999997,133.163,0
2022-12-29 17:30:00+00:00,133.1625,133.17849999999999,133.10750000000002,133.123,0
2022-12-29 17:45:00+00:00,133.1225,133.1465,132.99200000000002,133.036,0
2022-12-30 07:00:00+00:00,132.4565,132.50549999999998,132.4145,132.469,0
2022-12-30 07:15:00+00:00,132.46800000000002,132.551,132.4525,132.538,0
2022-12-30 07:30:00+00:00,132.5395,132.5635,132.392,132.392,0
2022-12-30 07:45:00+00:00,132.39299999999997,132.40449999999998,132.103,132.1365,0
2022-12-30 15:00:00+00:00,131.789,132.024,131.7855,131.93200000000002,0
2022-12-30 15:15:00+00:00,131.9315,132.2295,131.8875,132.2215,0
2022-12-30 15:30:00+00:00,132.221,132.336,131.99599999999998,132.106,0
2022-12-30 15:45:00+00:00,132.1035,132.239,131.898,131.9355,0
2023-01-01 22:00:00+00:00,130.96300000000002,130.9855,130.786,130.888,0
2023-01-01 22:15:00+00:00,130.889,130.889,130.83749999999998,130.83749999999998,0
2023-01-01 22:30:00+00:00,130.8405,130.889,130.835,130.8425,0
2023-01-01 22:45:00+00:00,130.84249999999997,130.8465,130.834,130.84199999999998,0
2023-01-02 11:00:00+00:00,130.79,130.8875,130.7865,130.83749999999998,0
2023-01-02 11:15:00+00:00,130.838,130.904,130.79500000000002,130.8185,0
2023-01-02 11:30:00+00:00,130.81900000000002,130.85,130.787,130.8195,0
2023-01-02 11:45:00+00:00,130.82,130.8205,130.76999999999998,130.778,0
2023-01-02 19:00:00+00:00,130.78750000000002,130.7905,130.78,130.786,0
2023-01-02 19:15:00+00:00,130.7865,130.79000000000002,130.785,130.7865,0
2023-01-02 19:30:00+00:00,130.78750000000002,130.7905,130.76299999999998,130.764,0
2023-01-02 19:45:00+00:00,130.76299999999998,130.768,130.74149999999997,130.74450000000002,0
2023-01-03 09:00:00+00:00,130.78199999999998,130.805,130.4885,130.4965,0
2023-01-03 09:15:00+00:00,130.4965,130.5145,130.3135,130.40449999999998,0
2023-01-03 09:30:00+00:00,130.4035,130.531,130.3125,130.457,0
2023-01-03 09:45:00+00:00,130.45850000000002,130.517,130.3275,130.41899999999998,0
2023-01-04 23:00:00+00:00,132.387,132.4635,132.343,132.3985,0
2023-01-04 23:15:00+00:00,132.3975,132.406,132.2425,132.25650000000002,0
2023-01-04 23:30:00+00:00,132.2575,132.263,132.06650000000002,132.14,0
2023-01-04 23:45:00+00:00,132.1385,132.25900000000001,132.123,132.254,0
2023-01-05 06:00:00+00:00,132.4875,132.4975,132.2465,132.3005,0
2023-01-05 06:15:00+00:00,132.30149999999998,132.391,132.285,132.364,0
2023-01-05 06:30:00+00:00,132.364,132.5765,132.326,132.51049999999998,0
2023-01-05 06:45:00+00:00,132.511,132.55,132.4085,132.44150000000002,0
2023-01-05 14:00:00+00:00,133.689,133.76999999999998,133.48399999999998,133.5265,0
2023-01-05 14:15:00+00:00,133.527,133.683,133.47,133.61900000000003,0
2023-01-05 14:30:00+00:00,133.6165,133.789,133.5555,133.704,0
2023-01-05 14:45:00+00:00,133.70600000000002,133.77800000000002,133.608,133.74450000000002,0
2023-01-06 06:00:00+00:00,134.16750000000002,134.202,133.9755,134.018,0
2023-01-06 06:15:00+00:00,134.018,134.13799999999998,133.9915,134.1255,0
2023-01-06 06:30:00+00:00,134.124,134.17149999999998,134.048,134.087,0
2023-01-06 06:45:00+00:00,134.084,134.10649999999998,134.00150000000002,134.027,0
2023-01-06 19:00:00+00:00,132.099,132.111,131.99599999999998,132.0915,0
2023-01-06 19:15:00+00:00,132.08999999999997,132.113,132.019,132.066,0
2023-01-06 19:30:00+00:00,132.0675,132.08499999999998,132.01749999999998,132.05599999999998,0
2023-01-06 19:45:00+00:00,132.0565,132.098,132.01799999999997,132.036,0
2023-01-09 05:00:00+00:00,131.70350000000002,131.86599999999999,131.6975,131.77249999999998,0
2023-01-09 05:15:00+00:00,131.77100000000002,131.79399999999998,131.6885,131.71,0
2023-01-09 05:30:00+00:00,131.711,131.86200000000002,131.711,131.768,0
2023-01-09 05:45:00+00:00,131.768,131.9155,131.744,131.8475,0
2023-01-09 08:00:00+00:00,132.232,132.264,132.0625,132.1555,0
2023-01-09 08:15:00+00:00,132.1565,132.274,132.04899999999998,132.14600000000002,0
2023-01-09 08:30:00+00:00,132.1465,132.17899999999997,132.06900000000002,132.07,0
2023-01-09 08:45:00+00:00,132.06900000000002,132.1655,131.9925,132.149,0
2023-01-09 10:00:00+00:00,132.4425,132.47899999999998,132.368,132.45600000000002,0
2023-01-09 10:15:00+00:00,132.45600000000002,132.477,132.387,132.4435,0
2023-01-09 10:30:00+00:00,132.44299999999998,132.627,132.4305,132.6025,0
2023-01-09 10:45:00+00:00,132.60399999999998,132.6565,132.546,132.6215,0
2023-01-09 15:00:00+00:00,131.882,131.99900000000002,131.863,131.94,0
2023-01-09 15:15:00+00:00,131.94099999999997,131.9995,131.836,131.982,0
2023-01-09 15:30:00+00:00,131.9815,132.06900000000002,131.925,131.966,0
2023-01-09 15:45:00+00:00,131.966,131.97899999999998,131.8405,131.94799999999998,0
2023-01-10 02:00:00+00:00,131.523,131.69150000000002,131.4915,131.628,0
2023-01-10 02:15:00+00:00,131.6275,131.796,131.512,131.7405,0
2023-01-10 02:30:00+00:00,131.74200000000002,131.8785,131.69650000000001,131.834,0
2023-01-10 02:45:00+00:00,131.83350000000002,131.8985,131.74099999999999,131.793,0
2023-01-10 18:00:00+00:00,132.2105,132.2375,132.1515,132.19650000000001,0
2023-01-10 18:15:00+00:00,132.19799999999998,132.305,132.1915,132.2835,0
2023-01-10 18:30:00+00:00,132.284,132.304,132.2065,132.27499999999998,0
2023-01-10 18:45:00+00:00,132.2755,132.305,132.24599999999998,132.264,0
2023-01-11 10:00:00+00:00,132.483,132.5,132.31400000000002,132.4175,0
2023-01-11 10:15:00+00:00,132.416,132.4565,132.368,132.4265,0
2023-01-11 10:30:00+00:00,132.42899999999997,132.53199999999998,132.382,132.517,0
2023-01-11 10:45:00+00:00,132.517,132.518,132.4525,132.498,0
2023-01-11 21:00:00+00:00,132.5315,132.55599999999998,132.44799999999998,132.4695,0
2023-01-11 21:15:00+00:00,132.469,132.485,132.42000000000002,132.46800000000002,0
2023-01-11 21:30:00+00:00,132.4695,132.50549999999998,132.449,132.50549999999998,0
2023-01-11 21:45:00+00:00,132.505,132.5205,132.462,132.4795,0
2023-01-12 12:00:00+00:00,130.8795,130.8815,130.7075,130.74,0
2023-01-12 12:15:00+00:00,130.74099999999999,130.76749999999998,130.6495,130.683,0
2023-01-12 12:30:00+00:00,130.683,130.72050000000002,130.632,130.699,0
2023-01-12 12:45:00+00:00,130.699,130.7365,130.6455,130.6865,0
2023-01-13 02:00:00+00:00,128.93599999999998,129.1335,128.926,129.1,0
2023-01-13 02:15:00+00:00,129.101,129.2885,129.1005,129.206,0
2023-01-13 02:30:00+00:00,129.206,129.22750000000002,129.1015,129.125,0
2023-01-13 02:45:00+00:00,129.1245,129.1805,129.0645,129.168,0
2023-01-13 14:00:00+00:00,128.23950000000002,128.3055,128.079,128.1655,0
2023-01-13 14:15:00+00:00,128.166,128.329,128.12,128.14749999999998,0
2023-01-13 14:30:00+00:00,128.148,128.1875,127.864,127.97,0
2023-01-13 14:45:00+00:00,127.9685,128.053,127.664,127.7045,0
2023-01-13 21:00:00+00:00,127.8885,127.918,127.861,127.878,0
2023-01-13 21:15:00+00:00,127.8785,127.89750000000001,127.783,127.78450000000001,0
2023-01-13 21:30:00+00:00,127.78450000000001,127.8945,127.78450000000001,127.8945,0
2023-01-13 21:45:00+00:00,127.8945,127.9005,127.8295,127.865,0
2023-01-16 16:00:00+00:00,128.536,128.5455,128.4525,128.4525,0
2023-01-16 16:15:00+00:00,128.4525,128.56,128.4375,128.554,0
2023-01-16 16:30:00+00:00,128.5565,128.66750000000002,128.523,128.65699999999998,0
2023-01-16 16:45:00+00:00,128.65699999999998,128.65699999999998,128.56349999999998,128.5845,0
2023-01-17 00:00:00+00:00,128.343,128.46800000000002,128.32,128.426,0
2023-01-17 00:15:00+00:00,128.4255,128.5635,128.423,128.5165,0
2023-01-17 00:30:00+00:00,128.5165,128.5355,128.429,128.5265,0
2023-01-17 00:45:00+00:00,128.5275,128.54500000000002,128.31799999999998,128.41,0
2023-01-17 08:00:00+00:00,128.7295,128.765,128.389,128.5405,0
2023-01-17 08:15:00+00:00,128.54149999999998,128.6125,128.49450000000002,128.59199999999998,0
2023-01-17 08:30:00+00:00,128.5915,128.6285,128.4195,128.45850000000002,0
2023-01-17 08:45:00+00:00,128.45850000000002,128.543,128.405,128.462,0
2023-01-18 08:00:00+00:00,130.259,130.315,130.12,130.1905,0
2023-01-18 08:15:00+00:00,130.19,130.2165,129.6085,129.8485,0
2023-01-18 08:30:00+00:00,129.848,129.938,129.704,129.8275,0
2023-01-18 08:45:00+00:00,129.82549999999998,129.82549999999998,129.61,129.66750000000002,0
2023-01-19 04:00:00+00:00,128.291,128.2955,128.08249999999998,128.106,0
2023-01-19 04:15:00+00:00,128.10649999999998,128.123,127.90450000000001,128.02100000000002,0
2023-01-19 04:30:00+00:00,128.0205,128.142,127.9465,128.1365,0
2023-01-19 04:45:00+00:00,128.1375,128.1455,128.017,128.02999999999997,0
2023-01-19 20:00:00+00:00,128.4495,128.478,128.3265,128.3285,0
2023-01-19 20:15:00+00:00,128.32799999999997,128.39,128.2995,128.3725,0
2023-01-19 20:30:00+00:00,128.3725,128.442,128.3725,128.4415,0
2023-01-19 20:45:00+00:00,128.442,128.446,128.39,128.435,0
2023-01-20 04:00:00+00:00,128.82049999999998,128.98700000000002,128.8195,128.9,0
2023-01-20 04:15:00+00:00,128.8965,128.99450000000002,128.86700000000002,128.99200000000002,0
2023-01-20 04:30:00+00:00,128.99099999999999,129.098,128.9085,128.988,0
2023-01-20 04:45:00+00:00,128.988,129.0775,128.9515,129.051,0
2023-01-20 10:00:00+00:00,129.469,129.7355,129.469,129.60399999999998,0
2023-01-20 10:15:00+00:00,129.6045,129.62849999999997,129.5185,129.5705,0
2023-01-20 10:30:00+00:00,129.5695,129.6605,129.17149999999998,129.6105,0
2023-01-20 10:45:00+00:00,129.613,129.6845,129.579,129.631,0
2023-01-20 18:00:00+00:00,129.738,129.79250000000002,129.48250000000002,129.5845,0
2023-01-20 18:15:00+00:00,129.586,129.68650000000002,129.5675,129.597,0
2023-01-20 18:30:00+00:00,129.596,129.649,129.53300000000002,129.6175,0
2023-01-20 18:45:00+00:00,129.61700000000002,129.6885,129.58350000000002,129.61,0
2023-01-22 22:00:00+00:00,129.493,129.628,129.478,129.563,0
2023-01-22 22:15:00+00:00,129.5625,129.628,129.5625,129.61700000000002,0
2023-01-22 22:30:00+00:00,129.6,129.61700000000002,129.5855,129.59550000000002,0
2023-01-22 22:45:00+00:00,129.601,129.64,129.58249999999998,129.6005,0
2023-01-24 05:00:00+00:00,130.289,130.348,130.245,130.251,0
2023-01-24 05:15:00+00:00,130.25,130.2635,130.183,130.183,0
2023-01-24 05:30:00+00:00,130.18400000000003,130.23000000000002,130.06900000000002,130.0915,0
2023-01-24 05:45:00+00:00,130.09199999999998,130.19600000000003,130.066,130.145,0
2023-01-24 22:00:00+00:00,130.1695,130.20100000000002,130.1605,130.19,0
2023-01-24 22:15:00+00:00,130.192,130.192,130.175,130.177,0
2023-01-24 22:30:00+00:00,130.177,130.2015,130.175,130.2,0
2023-01-24 22:45:00+00:00,130.1995,130.2055,130.159,130.1655,0
2023-01-25 22:00:00+00:00,129.5935,129.618,129.584,129.59050000000002,0
2023-01-25 22:15:00+00:00,129.59550000000002,129.59550000000002,129.562,129.587,0
2023-01-25 22:30:00+00:00,129.5855,129.5925,129.56,129.5725,0
2023-01-25 22:45:00+00:00,129.57,129.5725,129.4765,129.5015,0
2023-01-27 00:00:00+00:00,129.809,129.8875,129.75099999999998,129.83249999999998,0
2023-01-27 00:15:00+00:00,129.8345,129.873,129.715,129.857,0
2023-01-27 00:30:00+00:00,129.85750000000002,129.89,129.751,129.7905,0
2023-01-27 00:45:00+00:00,129.79149999999998,129.853,129.5005,129.63799999999998,0
2023-01-31 12:00:00+00:00,130.4395,130.49599999999998,130.418,130.442,0
2023-01-31 12:15:00+00:00,130.44400000000002,130.478,130.3855,130.43900000000002,0
2023-01-31 12:30:00+00:00,130.4385,130.45999999999998,130.399,130.406,0
2023-01-31 12:45:00+00:00,130.40699999999998,130.445,130.34300000000002,130.4355,0
2023-01-31 19:00:00+00:00,130.1385,130.1745,130.1265,130.14299999999997,0
2023-01-31 19:15:00+00:00,130.14249999999998,130.156,130.123,130.139,0
2023-01-31 19:30:00+00:00,130.139,130.139,130.06799999999998,130.1025,0
2023-01-31 19:45:00+00:00,130.099,130.20499999999998,130.079,130.1745,0
2023-02-01 13:00:00+00:00,129.849,129.861,129.7465,129.7465,0
2023-02-01 13:15:00+00:00,129.7385,129.74,129.4665,129.6005,0
2023-02-01 13:30:00+00:00,129.60000000000002,129.687,129.48250000000002,129.5615,0
2023-02-01 13:45:00+00:00,129.5625,129.5625,129.312,129.38,0
2023-02-01 21:00:00+00:00,128.82799999999997,128.9435,128.8175,128.929,0
2023-02-01 21:15:00+00:00,128.9295,129.078,128.9205,129.07,0
2023-02-01 21:30:00+00:00,129.06900000000002,129.07850000000002,128.93,128.9445,0
2023-02-01 21:45:00+00:00,128.9445,128.98000000000002,128.8755,128.959,0
2023-02-02 06:00:00+00:00,128.603,128.731,128.566,128.7245,0
2023-02-02 06:15:00+00:00,128.724,128.7275,128.63299999999998,128.668,0
2023-02-02 06:30:00+00:00,128.6675,128.7905,128.653,128.756,0
2023-02-02 06:45:00+00:00,128.757,128.757,128.6605,128.664,0
2023-02-02 14:00:00+00:00,128.422,128.4615,128.18,128.2825,0
2023-02-02 14:15:00+00:00,128.28300000000002,128.2935,128.10500000000002,128.163,0
2023-02-02 14:30:00+00:00,128.162,128.4135,128.0865,128.398,0
2023-02-02 14:45:00+00:00,128.401,128.76999999999998,128.3815,128.68349999999998,0
2023-02-03 05:00:00+00:00,128.53199999999998,128.63600000000002,128.52999999999997,128.59699999999998,0
2023-02-03 05:15:00+00:00,128.5965,128.6205,128.55349999999999,128.6085,0
2023-02-03 05:30:00+00:00,128.607,128.6085,128.506,128.603,0
2023-02-03 05:45:00+00:00,128.6035,128.654,128.55349999999999,128.6105,0
2023-02-03 14:00:00+00:00,129.9475,130.155,129.853,130.155,0
2023-02-03 14:15:00+00:00,130.156,130.411,130.149,130.34550000000002,0
2023-02-03 14:30:00+00:00,130.346,130.47750000000002,130.2065,130.25099999999998,0
2023-02-03 14:45:00+00:00,130.2495,130.372,130.0625,130.337,0
2023-02-06 12:00:00+00:00,132.0805,132.13799999999998,132.0435,132.08800000000002,0
2023-02-06 12:15:00+00:00,132.08999999999997,132.1185,132.0205,132.0355,0
2023-02-06 12:30:00+00:00,132.036,132.082,131.93900000000002,131.95999999999998,0
2023-02-06 12:45:00+00:00,131.9595,132.10000000000002,131.9265,132.099,0
2023-02-07 05:00:00+00:00,132.26600000000002,132.3445,132.263,132.3255,0
2023-02-07 05:15:00+00:00,132.32600000000002,132.32600000000002,132.25799999999998,132.30349999999999,0
2023-02-07 05:30:00+00:00,132.305,132.3115,132.265,132.29500000000002,0
2023-02-07 05:45:00+00:00,132.2955,132.3015,132.2105,132.25599999999997,0
2023-02-07 22:00:00+00:00,131.0695,131.131,131.058,131.058,0
2023-02-07 22:15:00+00:00,131.064,131.107,131.0555,131.091,0
2023-02-07 22:30:00+00:00,131.09050000000002,131.098,131.079,131.0805,0
2023-02-07 22:45:00+00:00,131.083,131.085,131.0595,131.0725,0
2023-02-08 05:00:00+00:00,131.151,131.23000000000002,131.151,131.2015,0
2023-02-08 05:15:00+00:00,131.2005,131.20850000000002,131.142,131.1585,0
2023-02-08 05:30:00+00:00,131.15800000000002,131.168,131.1215,131.122,0
2023-02-08 05:45:00+00:00,131.1215,131.1465,131.079,131.09550000000002,0
2023-02-08 13:00:00+00:00,131.07,131.18099999999998,131.034,131.163,0
2023-02-08 13:15:00+00:00,131.1615,131.3125,131.14499999999998,131.24599999999998,0
2023-02-08 13:30:00+00:00,131.2475,131.3305,131.219,131.21949999999998,0
2023-02-08 13:45:00+00:00,131.2195,131.281,131.185,131.25400000000002,0
2023-02-09 04:00:00+00:00,131.40550000000002,131.4115,131.3075,131.37099999999998,0
2023-02-09 04:15:00+00:00,131.3715,131.406,131.349,131.3985,0
2023-02-09 04:30:00+00:00,131.4025,131.4565,131.4025,131.422,0
2023-02-09 04:45:00+00:00,131.4205,131.459,131.414,131.425,0
2023-02-10 14:00:00+00:00,130.716,130.79899999999998,130.63299999999998,130.65949999999998,0
2023-02-10 14:15:00+00:00,130.661,130.8385,130.64999999999998,130.8,0
2023-02-10 14:30:00+00:00,130.801,130.98399999999998,130.75599999999997,130.947,0
2023-02-10 14:45:00+00:00,130.94799999999998,131.09699999999998,130.825,131.0095,0
2023-02-10 21:00:00+00:00,131.4155,131.4605,131.4015,131.414,0
2023-02-10 21:15:00+00:00,131.4135,131.4365,131.40499999999997,131.43,0
2023-02-10 21:30:00+00:00,131.4305,131.4385,131.3875,131.3875,0
2023-02-10 21:45:00+00:00,131.387,131.4885,131.3595,131.38049999999998,0
2023-02-13 03:00:00+00:00,131.7415,131.906,131.7415,131.876,0
2023-02-13 03:15:00+00:00,131.8755,131.94650000000001,131.83800000000002,131.9155,0
2023-02-13 03:30:00+00:00,131.91500000000002,131.9855,131.863,131.9855,0
2023-02-13 03:45:00+00:00,131.9845,132.143,131.977,132.02800000000002,0
2023-02-13 11:00:00+00:00,132.563,132.5915,132.507,132.512,0
2023-02-13 11:15:00+00:00,132.5115,132.5895,132.5115,132.57299999999998,0
2023-02-13 11:30:00+00:00,132.5725,132.64499999999998,132.5215,132.6375,0
2023-02-13 11:45:00+00:00,132.6385,132.691,132.60649999999998,132.685,0
2023-02-14 04:00:00+00:00,132.037,132.062,132.0085,132.05700000000002,0
2023-02-14 04:15:00+00:00,132.05599999999998,132.07100000000003,131.96800000000002,132.0265,0
2023-02-14 04:30:00+00:00,132.026,132.0335,131.985,132.0005,0
2023-02-14 04:45:00+00:00,132.0,132.0045,131.95749999999998,131.9675,0
2023-02-15 04:00:00+00:00,133.0425,133.1775,133.04000000000002,133.135,0
2023-02-15 04:15:00+00:00,133.1345,133.144,132.9975,133.014,0
2023-02-15 04:30:00+00:00,133.0155,133.1205,132.999,133.11900000000003,0
2023-02-15 04:45:00+00:00,133.12,133.128,133.0635,133.099,0
2023-02-15 11:00:00+00:00,133.382,133.3995,133.324,133.33499999999998,0
2023-02-15 11:15:00+00:00,133.3345,133.3825,133.317,133.363,0
2023-02-15 11:30:00+00:00,133.36200000000002,133.406,133.332,133.3855,0
2023-02-15 11:45:00+00:00,133.387,133.4845,133.378,133.44299999999998,0
2023-02-15 20:00:00+00:00,134.1745,134.1855,134.14,134.185,0
2023-02-15 20:15:00+00:00,134.1855,134.19400000000002,134.152,134.166,0
2023-02-15 20:30:00+00:00,134.1655,134.19400000000002,134.156,134.17399999999998,0
2023-02-15 20:45:00+00:00,134.1715,134.17899999999997,134.11,134.1125,0
2023-02-16 00:00:00+00:00,133.9085,133.92450000000002,133.77949999999998,133.8,0
2023-02-16 00:15:00+00:00,133.799,133.945,133.7805,133.9305,0
2023-02-16 00:30:00+00:00,133.9305,133.9835,133.841,133.96800000000002,0
2023-02-16 00:45:00+00:00,133.96699999999998,134.122,133.9615,134.1035,0
2023-02-16 08:00:00+00:00,133.777,133.882,133.696,133.7535,0
2023-02-16 08:15:00+00:00,133.75400000000002,133.75400000000002,133.606,133.64999999999998,0
2023-02-16 08:30:00+00:00,133.649,133.90699999999998,133.62400000000002,133.8585,0
2023-02-16 08:45:00+00:00,133.85899999999998,133.89499999999998,133.7755,133.8265,0
2023-02-17 17:00:00+00:00,134.221,134.226,134.086,134.096,0
2023-02-17 17:15:00+00:00,134.0965,134.197,134.07299999999998,134.139,0
2023-02-17 17:30:00+00:00,134.1385,134.19600000000003,134.13600000000002,134.167,0
2023-02-17 17:45:00+00:00,134.168,134.274,134.16000000000003,134.267,0
2023-02-20 19:00:00+00:00,134.2265,134.233,134.211,134.2115,0
2023-02-20 19:15:00+00:00,134.211,134.21300000000002,134.195,134.207,0
2023-02-20 19:30:00+00:00,134.209,134.212,134.209,134.211,0
2023-02-20 19:45:00+00:00,134.2115,134.232,134.202,134.231,0
2023-02-21 19:00:00+00:00,134.88799999999998,134.9425,134.8865,134.90699999999998,0
2023-02-21 19:15:00+00:00,134.9075,134.90800000000002,134.858,134.86900000000003,0
2023-02-21 19:30:00+00:00,134.868,134.905,134.858,134.89600000000002,0
2023-02-21 19:45:00+00:00,134.8965,134.9805,134.8855,134.969,0
2023-02-22 04:00:00+00:00,134.9035,134.933,134.894,134.928,0
2023-02-22 04:15:00+00:00,134.9275,134.9475,134.9055,134.917,0
2023-02-22 04:30:00+00:00,134.918,134.93099999999998,134.8755,134.8945,0
2023-02-22 04:45:00+00:00,134.8905,134.9225,134.8465,134.9055,0
2023-02-22 11:00:00+00:00,134.88799999999998,134.8905,134.7855,134.846,0
2023-02-22 11:15:00+00:00,134.84699999999998,134.84699999999998,134.786,134.815,0
2023-02-22 11:30:00+00:00,134.8125,134.8275,134.735,134.776,0
2023-02-22 11:45:00+00:00,134.7765,134.791,134.753,134.761,0
2023-02-22 18:00:00+00:00,134.7395,134.77800000000002,134.702,134.7275,0
2023-02-22 18:15:00+00:00,134.72699999999998,134.7425,134.675,134.73200000000003,0
2023-02-22 18:30:00+00:00,134.733,134.76749999999998,134.6845,134.7155,0
2023-02-22 18:45:00+00:00,134.71800000000002,134.76799999999997,134.714,134.727,0
2023-02-23 09:00:00+00:00,134.8975,134.9065,134.8595,134.8735,0
2023-02-23 09:15:00+00:00,134.874,134.9015,134.851,134.89600000000002,0
2023-02-23 09:30:00+00:00,134.89499999999998,134.897,134.798,134.82150000000001,0
2023-02-23 09:45:00+00:00,134.82100000000003,134.872,134.804,134.869,0
2023-02-24 01:00:00+00:00,134.3425,134.54950000000002,134.293,134.5385,0
2023-02-24 01:15:00+00:00,134.538,134.6375,134.3585,134.6285,0
2023-02-24 01:30:00+00:00,134.629,134.916,134.608,134.74200000000002,0
2023-02-24 01:45:00+00:00,134.7425,134.8305,134.6935,134.78050000000002,0
2023-02-24 13:00:00+00:00,135.66500000000002,135.8505,135.66500000000002,135.8115,0
2023-02-24 13:15:00+00:00,135.8125,135.8525,135.73250000000002,135.754,0
2023-02-24 13:30:00+00:00,135.751,135.99,135.1955,135.9015,0
2023-02-24 13:45:00+00:00,135.89999999999998,135.90449999999998,135.7365,135.88099999999997,0
2023-02-27 00:00:00+00:00,136.4265,136.55849999999998,136.28199999999998,136.297,0
2023-02-27 00:15:00+00:00,136.2975,136.353,136.2225,136.22750000000002,0
2023-02-27 00:30:00+00:00,136.226,136.2955,136.18599999999998,136.2815,0
2023-02-27 00:45:00+00:00,136.281,136.3485,136.15800000000002,136.274,0
2023-02-27 17:00:00+00:00,136.183,136.2945,136.167,136.2365,0
2023-02-27 17:15:00+00:00,136.236,136.279,136.2145,136.2565,0
2023-02-27 17:30:00+00:00,136.257,136.2775,136.22500000000002,136.2375,0
2023-02-27 17:45:00+00:00,136.23700000000002,136.27300000000002,136.18,136.18200000000002,0
2023-02-28 11:00:00+00:00,136.7305,136.774,136.68099999999998,136.69600000000003,0
2023-02-28 11:15:00+00:00,136.696,136.74,136.6885,136.7275,0
2023-02-28 11:30:00+00:00,136.728,136.7455,136.699,136.723,0
2023-02-28 11:45:00+00:00,136.7235,136.78500000000003,136.692,136.774,0
2023-03-01 03:00:00+00:00,136.40300000000002,136.425,136.3205,136.36950000000002,0
2023-03-01 03:15:00+00:00,136.37,136.382,136.3055,136.336,0
2023-03-01 03:30:00+00:00,136.3355,136.35750000000002,136.29399999999998,136.357,0
2023-03-01 03:45:00+00:00,136.35750000000002,136.373,136.34300000000002,136.37099999999998,0
2023-03-01 18:00:00+00:00,135.9415,136.0135,135.94099999999997,136.0025,0
2023-03-01 18:15:00+00:00,136.003,136.096,136.002,136.0925,0
2023-03-01 18:30:00+00:00,136.0935,136.1615,136.079,136.15800000000002,0
2023-03-01 18:45:00+00:00,136.159,136.166,136.10700000000003,136.1615,0
2023-03-02 08:00:00+00:00,136.7845,136.785,136.64999999999998,136.7375,0
2023-03-02 08:15:00+00:00,136.738,136.74099999999999,136.5355,136.57600000000002,0
2023-03-02 08:30:00+00:00,136.574,136.76799999999997,136.31400000000002,136.411,0
2023-03-02 08:45:00+00:00,136.4105,136.4375,136.2495,136.2885,0
2023-03-03 03:00:00+00:00,136.6725,136.70499999999998,136.611,136.62599999999998,0
2023-03-03 03:15:00+00:00,136.625,136.6375,136.5995,136.632,0
2023-03-03 03:30:00+00:00,136.63150000000002,136.6905,136.6285,136.6885,0
2023-03-03 03:45:00+00:00,136.688,136.7175,136.6715,136.679,0
2023-03-03 16:00:00+00:00,136.324,136.421,136.31099999999998,136.3295,0
2023-03-03 16:15:00+00:00,136.3305,136.3465,136.2355,136.2365,0
2023-03-03 16:30:00+00:00,136.2345,136.26,136.1765,136.17700000000002,0
2023-03-03 16:45:00+00:00,136.1775,136.1795,136.07,136.091,0
2023-03-06 14:00:00+00:00,135.875,135.89249999999998,135.81,135.8525,0
2023-03-06 14:15:00+00:00,135.85199999999998,135.8615,135.735,135.79899999999998,0
2023-03-06 14:30:00+00:00,135.7985,135.95800000000003,135.79700000000003,135.95299999999997,0
2023-03-06 14:45:00+00:00,135.9525,135.986,135.85399999999998,135.913,0
2023-03-08 15:00:00+00:00,136.82,137.1485,136.755,136.897,0
2023-03-08 15:15:00+00:00,136.8965,137.01,136.48000000000002,136.63049999999998,0
2023-03-08 15:30:00+00:00,136.62900000000002,136.7695,136.497,136.747,0
2023-03-08 15:45:00+00:00,136.7465,136.97699999999998,136.739,136.88600000000002,0
2023-03-09 11:00:00+00:00,136.1215,136.1585,136.0475,136.09500000000003,0
2023-03-09 11:15:00+00:00,136.09699999999998,136.18200000000002,136.022,136.086,0
2023-03-09 11:30:00+00:00,136.087,136.26749999999998,136.038,136.24,0
2023-03-09 11:45:00+00:00,136.24,136.289,136.159,136.27949999999998,0
2023-03-10 07:00:00+00:00,136.7545,136.7765,136.466,136.51749999999998,0
2023-03-10 07:15:00+00:00,136.518,136.635,136.49599999999998,136.50799999999998,0
2023-03-10 07:30:00+00:00,136.5085,136.584,136.309,136.40800000000002,0
2023-03-10 07:45:00+00:00,136.4085,136.4885,136.34199999999998,136.414,0
2023-03-10 15:00:00+00:00,134.834,134.85649999999998,134.3465,134.63,0
2023-03-10 15:15:00+00:00,134.63150000000002,134.7375,134.36900000000003,134.41199999999998,0
2023-03-10 15:30:00+00:00,134.4115,134.459,134.166,134.1745,0
2023-03-10 15:45:00+00:00,134.1735,134.49849999999998,134.1155,134.2985,0
2023-03-12 21:00:00+00:00,134.603,134.603,134.42450000000002,134.435,0
2023-03-12 21:15:00+00:00,134.436,134.44549999999998,134.311,134.3265,0
2023-03-12 21:30:00+00:00,134.3265,134.3625,134.088,134.10000000000002,0
2023-03-12 21:45:00+00:00,134.10000000000002,134.1275,133.9395,133.9435,0
2023-03-14 00:00:00+00:00,133.0885,133.332,133.0635,133.30450000000002,0
2023-03-14 00:15:00+00:00,133.30700000000002,133.322,133.1525,133.2035,0
2023-03-14 00:30:00+00:00,133.20499999999998,133.3625,133.179,133.19299999999998,0
2023-03-14 00:45:00+00:00,133.192,133.298,133.03,133.24099999999999,0
2023-03-14 13:00:00+00:00,134.0555,134.401,133.98149999999998,134.1975,0
2023-03-14 13:15:00+00:00,134.1985,134.502,134.1405,134.4785,0
2023-03-14 13:30:00+00:00,134.47899999999998,134.85500000000002,134.4395,134.84550000000002,0
2023-03-14 13:45:00+00:00,134.84050000000002,134.90300000000002,134.727,134.727,0
2023-03-15 08:00:00+00:00,134.8755,135.0185,134.845,134.9145,0
2023-03-15 08:15:00+00:00,134.914,135.1155,134.913,134.976,0
2023-03-15 08:30:00+00:00,134.978,134.9965,134.81799999999998,134.8585,0
2023-03-15 08:45:00+00:00,134.858,134.86950000000002,134.63299999999998,134.67000000000002,0
2023-03-16 01:00:00+00:00,133.3365,133.49599999999998,133.224,133.272,0
2023-03-16 01:15:00+00:00,133.2735,133.2865,133.079,133.286,0
2023-03-16 01:30:00+00:00,133.2855,133.35,133.206,133.293,0
2023-03-16 01:45:00+00:00,133.2935,133.2935,133.03449999999998,133.051,0
2023-03-16 11:00:00+00:00,132.85500000000002,132.868,132.726,132.7455,0
2023-03-16 11:15:00+00:00,132.747,132.812,132.6895,132.78050000000002,0
2023-03-16 11:30:00+00:00,132.781,132.83350000000002,132.69799999999998,132.71699999999998,0
2023-03-16 11:45:00+00:00,132.7165,132.76999999999998,132.60399999999998,132.6085,0
2023-03-20 20:00:00+00:00,131.426,131.47199999999998,131.41500000000002,131.445,0
2023-03-20 20:15:00+00:00,131.446,131.4665,131.40800000000002,131.418,0
2023-03-20 20:30:00+00:00,131.418,131.42200000000003,131.37,131.3785,0
2023-03-20 20:45:00+00:00,131.38,131.42149999999998,131.30450000000002,131.32150000000001,0
2023-03-21 22:00:00+00:00,132.45100000000002,132.483,132.3605,132.371,0
2023-03-21 22:15:00+00:00,132.3715,132.428,132.368,132.4,0
2023-03-21 22:30:00+00:00,132.3995,132.4135,132.36849999999998,132.38400000000001,0
2023-03-21 22:45:00+00:00,132.3845,132.40449999999998,132.3485,132.349,0
2023-03-22 22:00:00+00:00,131.375,131.434,131.2825,131.3765,0
2023-03-22 22:15:00+00:00,131.3775,131.4615,131.3365,131.376,0
2023-03-22 22:30:00+00:00,131.3755,131.39999999999998,131.326,131.392,0
2023-03-22 22:45:00+00:00,131.39249999999998,131.4965,131.38400000000001,131.471,0
2023-03-23 11:00:00+00:00,131.2745,131.438,131.2665,131.394,0
2023-03-23 11:15:00+00:00,131.3935,131.438,131.2575,131.3165,0
2023-03-23 11:30:00+00:00,131.31599999999997,131.3545,131.24900000000002,131.2925,0
2023-03-23 11:45:00+00:00,131.29500000000002,131.377,131.25900000000001,131.28300000000002,0
2023-03-24 10:00:00+00:00,129.76299999999998,129.8175,129.6405,129.675,0
2023-03-24 10:15:00+00:00,129.676,129.9805,129.66899999999998,129.8905,0
2023-03-24 10:30:00+00:00,129.8905,129.96699999999998,129.836,129.918,0
2023-03-24 10:45:00+00:00,129.9185,130.00900000000001,129.85399999999998,129.889,0
2023-03-27 05:00:00+00:00,130.707,130.7885,130.704,130.772,0
2023-03-27 05:15:00+00:00,130.7705,130.8605,130.7495,130.8025,0
2023-03-27 05:30:00+00:00,130.803,130.808,130.72500000000002,130.78699999999998,0
2023-03-27 05:45:00+00:00,130.7865,130.977,130.7865,130.9055,0
2023-03-27 11:00:00+00:00,131.469,131.5445,131.43,131.50799999999998,0
2023-03-27 11:15:00+00:00,131.5075,131.548,131.4385,131.515,0
2023-03-27 11:30:00+00:00,131.5155,131.5805,131.4255,131.46800000000002,0
2023-03-27 11:45:00+00:00,131.4675,131.49,131.357,131.4675,0
2023-03-28 00:00:00+00:00,131.241,131.24200000000002,131.051,131.09699999999998,0
2023-03-28 00:15:00+00:00,131.0975,131.1105,130.98000000000002,131.0025,0
2023-03-28 00:30:00+00:00,131.00099999999998,131.00900000000001,130.84300000000002,130.904,0
2023-03-28 00:45:00+00:00,130.90300000000002,130.9265,130.6245,130.79250000000002,0
2023-03-28 06:00:00+00:00,130.7,130.9305,130.7,130.9225,0
2023-03-28 06:15:00+00:00,130.9215,130.96300000000002,130.857,130.9625,0
2023-03-28 06:30:00+00:00,130.962,131.0525,130.945,130.9895,0
2023-03-28 06:45:00+00:00,130.989,131.0235,130.8445,130.8985,0
2023-03-30 01:00:00+00:00,132.648,132.7945,132.6275,132.749,0
2023-03-30 01:15:00+00:00,132.7495,132.796,132.667,132.77499999999998,0
2023-03-30 01:30:00+00:00,132.7735,132.8125,132.7295,132.76299999999998,0
2023-03-30 01:45:00+00:00,132.7645,132.7655,132.6335,132.672,0
2023-03-31 06:00:00+00:00,132.9765,132.9975,132.856,132.85750000000002,0
2023-03-31 06:15:00+00:00,132.85700000000003,132.925,132.82999999999998,132.90449999999998,0
2023-03-31 06:30:00+00:00,132.9055,133.11200000000002,132.899,133.0785,0
2023-03-31 06:45:00+00:00,133.078,133.2455,133.0435,133.18099999999998,0
2023-03-31 11:00:00+00:00,133.349,133.35000000000002,133.2365,133.2475,0
2023-03-31 11:15:00+00:00,133.2465,133.2635,133.106,133.113,0
2023-03-31 11:30:00+00:00,133.11,133.215,133.10500000000002,133.1285,0
2023-03-31 11:45:00+00:00,133.12599999999998,133.20100000000002,133.1225,133.1865,0
2023-04-03 17:00:00+00:00,132.45499999999998,132.57049999999998,132.45499999999998,132.53199999999998,0
2023-04-03 17:15:00+00:00,132.5315,132.5315,132.46949999999998,132.4815,0
2023-04-03 17:30:00+00:00,132.482,132.48700000000002,132.3655,132.38400000000001,0
2023-04-03 17:45:00+00:00,132.3835,132.4915,132.38,132.4635,0
2023-04-04 04:00:00+00:00,132.853,132.94600000000003,132.8485,132.865,0
2023-04-04 04:15:00+00:00,132.8645,132.8945,132.82799999999997,132.87349999999998,0
2023-04-04 04:30:00+00:00,132.8745,132.89499999999998,132.7065,132.7115,0
2023-04-04 04:45:00+00:00,132.7115,132.75400000000002,132.6685,132.74849999999998,0
2023-04-04 12:00:00+00:00,133.035,133.0805,132.914,132.947,0
2023-04-04 12:15:00+00:00,132.94650000000001,132.9975,132.82299999999998,132.87650000000002,0
2023-04-04 12:30:00+00:00,132.877,132.9325,132.809,132.8685,0
2023-04-04 12:45:00+00:00,132.86900000000003,132.974,132.784,132.906,0
2023-04-04 19:00:00+00:00,131.6255,131.6405,131.6035,131.62,0
2023-04-04 19:15:00+00:00,131.61950000000002,131.685,131.61599999999999,131.63,0
2023-04-04 19:30:00+00:00,131.63049999999998,131.6465,131.586,131.61200000000002,0
2023-04-04 19:45:00+00:00,131.611,131.668,131.61,131.6475,0
2023-04-05 05:00:00+00:00,131.6995,131.724,131.6825,131.702,0
2023-04-05 05:15:00+00:00,131.7015,131.74099999999999,131.68900000000002,131.71300000000002,0
2023-04-05 05:30:00+00:00,131.7125,131.7295,131.6245,131.62900000000002,0
2023-04-05 05:45:00+00:00,131.6295,131.637,131.5095,131.538,0
2023-04-05 20:00:00+00:00,131.31,131.4135,131.274,131.402,0
2023-04-05 20:15:00+00:00,131.4015,131.402,131.3395,131.352,0
2023-04-05 20:30:00+00:00,131.3475,131.3755,131.3405,131.37099999999998,0
2023-04-05 20:45:00+00:00,131.372,131.39600000000002,131.31,131.313,0
2023-04-06 10:00:00+00:00,131.32999999999998,131.4565,131.32299999999998,131.417,0
2023-04-06 10:15:00+00:00,131.418,131.575,131.3965,131.47699999999998,0
2023-04-06 10:30:00+00:00,131.4765,131.4815,131.38,131.399,0
2023-04-06 10:45:00+00:00,131.3995,131.4765,131.39249999999998,131.454,0
2023-04-07 02:00:00+00:00,131.62,131.6445,131.60500000000002,131.635,0
2023-04-07 02:15:00+00:00,131.6345,131.6725,131.625,131.6705,0
2023-04-07 02:30:00+00:00,131.67200000000003,131.711,131.6685,131.7035,0
2023-04-07 02:45:00+00:00,131.7025,131.7585,131.69650000000001,131.755,0
2023-04-09 21:00:00+00:00,132.1515,132.175,132.1515,132.16,0
2023-04-09 21:15:00+00:00,132.163,132.1635,132.15949999999998,132.1635,0
2023-04-09 21:30:00+00:00,132.161,132.16500000000002,132.1605,132.1635,0
2023-04-09 21:45:00+00:00,132.164,132.166,132.15699999999998,132.166,0
2023-04-10 13:00:00+00:00,133.3285,133.39249999999998,133.281,133.3245,0
2023-04-10 13:15:00+00:00,133.3245,133.36599999999999,133.2685,133.3225,0
2023-04-10 13:30:00+00:00,133.3225,133.4655,133.317,133.437,0
2023-04-10 13:45:00+00:00,133.4375,133.542,133.413,133.535,0
2023-04-11 00:00:00+00:00,133.47199999999998,133.474,133.297,133.315,0
2023-04-11 00:15:00+00:00,133.3155,133.32600000000002,133.24450000000002,133.25549999999998,0
2023-04-11 00:30:00+00:00,133.255,133.341,133.2525,133.321,0
2023-04-11 00:45:00+00:00,133.32,133.442,133.2855,133.40449999999998,0
2023-04-11 15:00:00+00:00,133.503,133.5975,133.503,133.5845,0
2023-04-11 15:15:00+00:00,133.5845,133.64499999999998,133.55700000000002,133.61,0
2023-04-11 15:30:00+00:00,133.60899999999998,133.6155,133.5515,133.601,0
2023-04-11 15:45:00+00:00,133.6005,133.668,133.5825,133.6395,0
2023-04-11 22:00:00+00:00,133.66500000000002,133.708,133.6505,133.65949999999998,0
2023-04-11 22:15:00+00:00,133.65949999999998,133.6925,133.6495,133.651,0
2023-04-11 22:30:00+00:00,133.6505,133.656,133.5795,133.6135,0
2023-04-11 22:45:00+00:00,133.6145,133.6255,133.6015,133.605,0
2023-04-13 05:00:00+00:00,133.276,133.276,133.19400000000002,133.228,0
2023-04-13 05:15:00+00:00,133.2285,133.291,133.22500000000002,133.249,0
2023-04-13 05:30:00+00:00,133.248,133.3155,133.23200000000003,133.293,0
2023-04-13 05:45:00+00:00,133.29149999999998,133.33300000000003,133.2635,133.2975,0
2023-04-13 11:00:00+00:00,133.23250000000002,133.2435,133.19299999999998,133.2105,0
2023-04-13 11:15:00+00:00,133.2105,133.212,133.1395,133.1595,0
2023-04-13 11:30:00+00:00,133.159,133.281,133.12400000000002,133.2645,0
2023-04-13 11:45:00+00:00,133.264,133.377,133.2295,133.3405,0
2023-04-14 04:00:00+00:00,132.40300000000002,132.4375,132.3785,132.3815,0
2023-04-14 04:15:00+00:00,132.38049999999998,132.389,132.29000000000002,132.29899999999998,0
2023-04-14 04:30:00+00:00,132.2995,132.40499999999997,132.2995,132.394,0
2023-04-14 04:45:00+00:00,132.3945,132.4885,132.3755,132.4775,0
2023-04-14 18:00:00+00:00,133.76299999999998,133.78699999999998,133.745,133.764,0
2023-04-14 18:15:00+00:00,133.7645,133.80900000000003,133.7525,133.79000000000002,0
2023-04-14 18:30:00+00:00,133.7905,133.8045,133.7715,133.7725,0
2023-04-14 18:45:00+00:00,133.773,133.8155,133.7455,133.7895,0
2023-04-17 08:00:00+00:00,134.05399999999997,134.0625,133.8615,133.872,0
2023-04-17 08:15:00+00:00,133.8705,133.9885,133.8425,133.9595,0
2023-04-17 08:30:00+00:00,133.961,133.9935,133.90499999999997,133.93200000000002,0
2023-04-17 08:45:00+00:00,133.9315,133.97899999999998,133.8405,133.973,0
2023-04-18 05:00:00+00:00,134.4425,134.4685,134.40300000000002,134.466,0
2023-04-18 05:15:00+00:00,134.4665,134.47699999999998,134.3775,134.3955,0
2023-04-18 05:30:00+00:00,134.39499999999998,134.4425,134.341,134.3915,0
2023-04-18 05:45:00+00:00,134.392,134.4195,134.3105,134.365,0
2023-04-18 14:00:00+00:00,134.1525,134.224,134.048,134.11200000000002,0
2023-04-18 14:15:00+00:00,134.1115,134.12900000000002,134.015,134.046,0
2023-04-18 14:30:00+00:00,134.0465,134.0505,133.94,134.031,0
2023-04-18 14:45:00+00:00,134.0305,134.0325,133.9135,133.9755,0
2023-04-19 19:00:00+00:00,134.7265,134.745,134.71800000000002,134.74400000000003,0
2023-04-19 19:15:00+00:00,134.74450000000002,134.77949999999998,134.7355,134.7725,0
2023-04-19 19:30:00+00:00,134.77300000000002,134.79500000000002,134.7575,134.7735,0
2023-04-19 19:45:00+00:00,134.776,134.8,134.7455,134.796,0
2023-04-20 19:00:00+00:00,134.336,134.3555,134.325,134.3515,0
2023-04-20 19:15:00+00:00,134.352,134.3555,134.3075,134.31900000000002,0
2023-04-20 19:30:00+00:00,134.32,134.346,134.312,134.3255,0
2023-04-20 19:45:00+00:00,134.3245,134.3255,134.26299999999998,134.27949999999998,0
2023-04-21 05:00:00+00:00,133.88,133.91500000000002,133.85700000000003,133.89499999999998,0
2023-04-21 05:15:00+00:00,133.8955,133.9095,133.8295,133.85000000000002,0
2023-04-21 05:30:00+00:00,133.8505,133.8965,133.84550000000002,133.8585,0
2023-04-21 05:45:00+00:00,133.8595,133.86700000000002,133.7805,133.8005,0
2023-04-21 13:00:00+00:00,133.6395,133.66500000000002,133.5765,133.63299999999998,0
2023-04-21 13:15:00+00:00,133.6325,133.67700000000002,133.589,133.6525,0
2023-04-21 13:30:00+00:00,133.6535,133.65699999999998,133.5505,133.6285,0
2023-04-21 13:45:00+00:00,133.632,134.3915,133.632,134.2995,0
2023-04-24 08:00:00+00:00,134.227,134.3315,134.185,134.2905,0
2023-04-24 08:15:00+00:00,134.291,134.41000000000003,134.265,134.381,0
2023-04-24 08:30:00+00:00,134.3795,134.4085,134.3355,134.3725,0
2023-04-24 08:45:00+00:00,134.373,134.3855,134.289,134.293,0
2023-04-24 18:00:00+00:00,134.35000000000002,134.3645,134.32299999999998,134.32999999999998,0
2023-04-24 18:15:00+00:00,134.3305,134.3405,134.2725,134.2745,0
2023-04-24 18:30:00+00:00,134.274,134.277,134.253,134.2535,0
2023-04-24 18:45:00+00:00,134.2545,134.264,134.227,134.2595,0
2023-04-25 02:00:00+00:00,134.2565,134.2625,134.2225,134.248,0
2023-04-25 02:15:00+00:00,134.2475,134.2585,134.1865,134.1935,0
2023-04-25 02:30:00+00:00,134.195,134.312,134.16500000000002,134.2815,0
2023-04-25 02:45:00+00:00,134.279,134.303,134.265,134.2925,0
2023-04-25 17:00:00+00:00,133.837,133.8705,133.7525,133.764,0
2023-04-25 17:15:00+00:00,133.7625,133.76600000000002,133.63099999999997,133.6515,0
2023-04-25 17:30:00+00:00,133.651,133.6975,133.6025,133.62,0
2023-04-25 17:45:00+00:00,133.61950000000002,133.628,133.56900000000002,133.5795,0
2023-04-26 19:00:00+00:00,133.5405,133.5995,133.47699999999998,133.56799999999998,0
2023-04-26 19:15:00+00:00,133.5685,133.57799999999997,133.50599999999997,133.5655,0
2023-04-26 19:30:00+00:00,133.56599999999997,133.6575,133.5595,133.6405,0
2023-04-26 19:45:00+00:00,133.64100000000002,133.699,133.63049999999998,133.63049999999998,0
2023-04-27 01:00:00+00:00,133.546,133.65449999999998,133.5385,133.62400000000002,0
2023-04-27 01:15:00+00:00,133.6235,133.6515,133.5135,133.5445,0
2023-04-27 01:30:00+00:00,133.54399999999998,133.54500000000002,133.4605,133.517,0
2023-04-27 01:45:00+00:00,133.51749999999998,133.5655,133.514,133.5525,0
2023-04-27 05:00:00+00:00,133.72750000000002,133.7495,133.672,133.684,0
2023-04-27 05:15:00+00:00,133.69,133.711,133.6455,133.648,0
2023-04-27 05:30:00+00:00,133.6465,133.6915,133.63049999999998,133.6615,0
2023-04-27 05:45:00+00:00,133.661,133.769,133.6605,133.67149999999998,0
2023-04-27 06:00:00+00:00,133.6695,133.7435,133.66,133.70600000000002,0
2023-04-27 06:15:00+00:00,133.7065,133.79399999999998,133.6935,133.779,0
2023-04-27 06:30:00+00:00,133.7785,133.85,133.7625,133.812,0
2023-04-27 06:45:00+00:00,133.8125,133.8495,133.73399999999998,133.74400000000003,0
2023-04-27 07:00:00+00:00,133.7455,133.791,133.696,133.7425,0
2023-04-27 07:15:00+00:00,133.743,133.7805,133.675,133.7115,0
2023-04-27 07:30:00+00:00,133.712,133.7455,133.619,133.7095,0
2023-04-27 07:45:00+00:00,133.70999999999998,133.8,133.70299999999997,133.78500000000003,0
2023-04-27 09:00:00+00:00,133.875,133.899,133.803,133.8245,0
2023-04-27 09:15:00+00:00,133.825,133.84699999999998,133.7745,133.7885,0
2023-04-27 09:30:00+00:00,133.788,133.8155,133.7535,133.81400000000002,0
2023-04-27 09:45:00+00:00,133.8135,133.8145,133.73250000000002,133.80599999999998,0
2023-04-27 13:00:00+00:00,133.9055,134.01,133.836,133.9815,0
2023-04-27 13:15:00+00:00,133.98200000000003,134.10700000000003,133.942,134.0675,0
2023-04-27 13:30:00+00:00,134.0765,134.198,133.957,134.16649999999998,0
2023-04-27 13:45:00+00:00,134.1675,134.1925,134.04399999999998,134.0985,0
2023-04-27 15:00:00+00:00,134.12400000000002,134.14249999999998,134.0115,134.019,0
2023-04-27 15:15:00+00:00,134.018,134.0215,133.94799999999998,133.95100000000002,0
2023-04-27 15:30:00+00:00,133.952,133.9935,133.92399999999998,133.98000000000002,0
2023-04-27 15:45:00+00:00,133.9805,134.05700000000002,133.9805,134.05599999999998,0
2023-04-27 16:00:00+00:00,134.055,134.055,133.9795,134.0145,0
2023-04-27 16:15:00+00:00,134.015,134.05900000000003,133.9815,134.024,0
2023-04-27 16:30:00+00:00,134.0235,134.06400000000002,134.007,134.026,0
2023-04-27 16:45:00+00:00,134.0255,134.0545,133.99450000000002,133.997,0
2023-04-28 01:00:00+00:00,134.0395,134.0765,134.00099999999998,134.03449999999998,0
2023-04-28 01:15:00+00:00,134.0335,134.04700000000003,133.98000000000002,134.0305,0
2023-04-28 01:30:00+00:00,134.03,134.0315,133.60750000000002,133.88150000000002,0
2023-04-28 01:45:00+00:00,133.88299999999998,134.2865,133.88,134.19799999999998,0
2023-04-28 07:00:00+00:00,135.637,135.844,135.6025,135.836,0
2023-04-28 07:15:00+00:00,135.8365,135.858,135.644,135.692,0
2023-04-28 07:30:00+00:00,135.69099999999997,135.777,135.6405,135.7375,0
2023-04-28 07:45:00+00:00,135.738,135.7905,135.65800000000002,135.72899999999998,0
2023-04-28 19:00:00+00:00,136.2565,136.2595,136.224,136.2355,0
2023-04-28 19:15:00+00:00,136.235,136.25400000000002,136.20499999999998,136.2155,0
2023-04-28 19:30:00+00:00,136.21499999999997,136.23000000000002,136.1485,136.1555,0
2023-04-28 19:45:00+00:00,136.1555,136.24450000000002,136.143,136.2415,0
2023-05-01 08:00:00+00:00,136.71800000000002,136.8235,136.70999999999998,136.781,0
2023-05-01 08:15:00+00:00,136.78199999999998,136.803,136.7465,136.7925,0
2023-05-01 08:30:00+00:00,136.7975,136.82100000000003,136.755,136.7765,0
2023-05-01 08:45:00+00:00,136.78199999999998,136.8265,136.73899999999998,136.7845,0
2023-05-01 13:00:00+00:00,136.75400000000002,136.808,136.707,136.78,0
2023-05-01 13:15:00+00:00,136.77949999999998,136.824,136.757,136.8105,0
2023-05-01 13:30:00+00:00,136.81099999999998,136.846,136.779,136.8175,0
2023-05-01 13:45:00+00:00,136.817,136.8495,136.78699999999998,136.829,0
2023-05-02 01:00:00+00:00,137.426,137.454,137.344,137.3655,0
2023-05-02 01:15:00+00:00,137.36599999999999,137.3965,137.325,137.3465,0
2023-05-02 01:30:00+00:00,137.34550000000002,137.378,137.30399999999997,137.345,0
2023-05-02 01:45:00+00:00,137.34550000000002,137.437,137.34050000000002,137.404,0
2023-05-02 16:00:00+00:00,136.4665,136.514,136.402,136.50549999999998,0
2023-05-02 16:15:00+00:00,136.50599999999997,136.54500000000002,136.4015,136.541,0
2023-05-02 16:30:00+00:00,136.54149999999998,136.5755,136.35399999999998,136.3845,0
2023-05-02 16:45:00+00:00,136.3835,136.4685,136.31650000000002,136.4535,0
2023-05-02 21:00:00+00:00,136.5485,136.577,136.51600000000002,136.5675,0
2023-05-02 21:15:00+00:00,136.56650000000002,136.5675,136.511,136.54500000000002,0
2023-05-02 21:30:00+00:00,136.54649999999998,136.58499999999998,136.5285,136.58249999999998,0
2023-05-02 21:45:00+00:00,136.58350000000002,136.62650000000002,136.54,136.5475,0
2023-05-03 08:00:00+00:00,135.797,135.803,135.594,135.60700000000003,0
2023-05-03 08:15:00+00:00,135.60750000000002,135.6115,135.527,135.60250000000002,0
2023-05-03 08:30:00+00:00,135.603,135.728,135.60250000000002,135.66899999999998,0
2023-05-03 08:45:00+00:00,135.6685,135.7255,135.6055,135.671,0
2023-05-03 20:00:00+00:00,135.0145,135.22500000000002,135.0145,135.19600000000003,0
2023-05-03 20:15:00+00:00,135.19650000000001,135.22050000000002,135.15499999999997,135.199,0
2023-05-03 20:30:00+00:00,135.199,135.2585,135.199,135.212,0
2023-05-03 20:45:00+00:00,135.2115,135.2135,134.68,134.68,0
2023-05-04 18:00:00+00:00,134.0345,134.108,134.0215,134.10700000000003,0
2023-05-04 18:15:00+00:00,134.108,134.20100000000002,134.0925,134.1185,0
2023-05-04 18:30:00+00:00,134.1135,134.204,134.0185,134.02949999999998,0
2023-05-04 18:45:00+00:00,134.0285,134.14299999999997,134.0165,134.1385,0
2023-05-05 08:00:00+00:00,134.05599999999998,134.087,133.9645,134.08350000000002,0
2023-05-05 08:15:00+00:00,134.08350000000002,134.0935,133.9735,134.029,0
2023-05-05 08:30:00+00:00,134.02949999999998,134.0945,133.985,134.08100000000002,0
2023-05-05 08:45:00+00:00,134.0805,134.19549999999998,134.07600000000002,134.15300000000002,0
2023-05-05 14:00:00+00:00,134.8425,134.874,134.75400000000002,134.76999999999998,0
2023-05-05 14:15:00+00:00,134.76999999999998,134.82999999999998,134.691,134.727,0
2023-05-05 14:30:00+00:00,134.7295,134.8095,134.72500000000002,134.77949999999998,0
2023-05-05 14:45:00+00:00,134.7785,134.905,134.7265,134.8595,0
2023-05-05 16:00:00+00:00,134.86200000000002,134.88600000000002,134.76749999999998,134.77499999999998,0
2023-05-05 16:15:00+00:00,134.774,134.80200000000002,134.762,134.79500000000002,0
2023-05-05 16:30:00+00:00,134.7945,134.84199999999998,134.75,134.7515,0
2023-05-05 16:45:00+00:00,134.7525,134.7575,134.6245,134.666,0
2023-05-05 20:00:00+00:00,134.86200000000002,134.882,134.83350000000002,134.85500000000002,0
2023-05-05 20:15:00+00:00,134.85399999999998,134.8645,134.8175,134.81799999999998,0
2023-05-05 20:30:00+00:00,134.8185,134.835,134.8065,134.824,0
2023-05-05 20:45:00+00:00,134.82350000000002,134.86599999999999,134.81349999999998,134.85000000000002,0
2023-05-07 22:00:00+00:00,134.85199999999998,134.9995,134.83350000000002,134.9595,0
2023-05-07 22:15:00+00:00,134.95999999999998,134.992,134.9185,134.992,0
2023-05-07 22:30:00+00:00,134.989,135.029,134.98149999999998,135.00549999999998,0
2023-05-07 22:45:00+00:00,135.0025,135.077,134.9855,135.06799999999998,0
2023-05-08 23:00:00+00:00,135.018,135.053,134.97,135.04149999999998,0
2023-05-08 23:15:00+00:00,135.04199999999997,135.11950000000002,135.04199999999997,135.084,0
2023-05-08 23:30:00+00:00,135.08350000000002,135.1015,135.065,135.099,0
2023-05-08 23:45:00+00:00,135.0995,135.1285,135.0545,135.089,0
2023-05-10 05:00:00+00:00,135.2355,135.26,135.199,135.2565,0
2023-05-10 05:15:00+00:00,135.25599999999997,135.3565,135.2505,135.34199999999998,0
2023-05-10 05:30:00+00:00,135.3425,135.37599999999998,135.3245,135.35500000000002,0
2023-05-10 05:45:00+00:00,135.35700000000003,135.3585,135.30349999999999,135.3385,0
2023-05-10 20:00:00+00:00,134.3515,134.35399999999998,134.291,134.329,0
2023-05-10 20:15:00+00:00,134.3285,134.353,134.3285,134.329,0
2023-05-10 20:30:00+00:00,134.329,134.353,134.32600000000002,134.336,0
2023-05-10 20:45:00+00:00,134.336,134.4055,134.33499999999998,134.36149999999998,0
2023-05-12 04:00:00+00:00,134.5475,134.567,134.5225,134.55349999999999,0
2023-05-12 04:15:00+00:00,134.554,134.563,134.539,134.5485,0
2023-05-12 04:30:00+00:00,134.5495,134.5625,134.5235,134.5375,0
2023-05-12 04:45:00+00:00,134.538,134.5845,134.5335,134.572,0
2023-05-15 03:00:00+00:00,135.975,135.988,135.965,135.98000000000002,0
2023-05-15 03:15:00+00:00,135.98000000000002,135.998,135.9735,135.981,0
2023-05-15 03:30:00+00:00,135.9805,136.04899999999998,135.9745,135.9865,0
2023-05-15 03:45:00+00:00,135.98700000000002,136.1495,135.9865,136.1335,0
2023-05-16 03:00:00+00:00,135.95100000000002,135.95600000000002,135.93599999999998,135.93900000000002,0
2023-05-16 03:15:00+00:00,135.9385,136.0185,135.938,136.003,0
2023-05-16 03:30:00+00:00,136.0025,136.0465,135.99,136.0225,0
2023-05-16 03:45:00+00:00,136.016,136.016,135.95999999999998,135.9665,0
2023-05-16 10:00:00+00:00,135.7665,135.81400000000002,135.7525,135.79199999999997,0
2023-05-16 10:15:00+00:00,135.7925,135.85500000000002,135.786,135.83800000000002,0
2023-05-16 10:30:00+00:00,135.8395,135.8405,135.75900000000001,135.7725,0
2023-05-16 10:45:00+00:00,135.773,135.81799999999998,135.75799999999998,135.816,0
2023-05-16 19:00:00+00:00,136.324,136.324,136.2695,136.2975,0
2023-05-16 19:15:00+00:00,136.29700000000003,136.3175,136.2875,136.29149999999998,0
2023-05-16 19:30:00+00:00,136.2905,136.337,136.2845,136.327,0
2023-05-16 19:45:00+00:00,136.328,136.34550000000002,136.2945,136.32600000000002,0
2023-05-17 11:00:00+00:00,136.993,137.041,136.9565,136.9805,0
2023-05-17 11:15:00+00:00,136.98149999999998,137.0075,136.9105,136.925,0
2023-05-17 11:30:00+00:00,136.9245,136.94400000000002,136.88,136.9185,0
2023-05-17 11:45:00+00:00,136.91899999999998,137.0605,136.918,137.00599999999997,0
2023-05-18 10:00:00+00:00,137.78300000000002,137.805,137.697,137.711,0
2023-05-18 10:15:00+00:00,137.7115,137.769,137.6985,137.74,0
2023-05-18 10:30:00+00:00,137.7395,137.797,137.72199999999998,137.7715,0
2023-05-18 10:45:00+00:00,137.77100000000002,137.7815,137.70800000000003,137.743,0
2023-05-19 12:00:00+00:00,138.4095,138.454,138.3545,138.377,0
2023-05-19 12:15:00+00:00,138.3765,138.38,138.276,138.29500000000002,0
2023-05-19 12:30:00+00:00,138.2955,138.434,138.197,138.4085,0
2023-05-19 12:45:00+00:00,138.40699999999998,138.579,138.37400000000002,138.55399999999997,0
2023-05-22 02:00:00+00:00,137.5375,137.60250000000002,137.5375,137.5935,0
2023-05-22 02:15:00+00:00,137.59300000000002,137.5935,137.5475,137.5665,0
2023-05-22 02:30:00+00:00,137.567,137.7175,137.56400000000002,137.71499999999997,0
2023-05-22 02:45:00+00:00,137.7155,137.7185,137.632,137.63299999999998,0
2023-05-22 20:00:00+00:00,138.584,138.63299999999998,138.55399999999997,138.5685,0
2023-05-22 20:15:00+00:00,138.56900000000002,138.598,138.54399999999998,138.58300000000003,0
2023-05-22 20:30:00+00:00,138.5825,138.5995,138.56900000000002,138.58499999999998,0
2023-05-22 20:45:00+00:00,138.5855,138.6035,138.5755,138.60000000000002,0
2023-05-23 04:00:00+00:00,138.6275,138.6285,138.493,138.55700000000002,0
2023-05-23 04:15:00+00:00,138.5565,138.587,138.529,138.577,0
2023-05-23 04:30:00+00:00,138.57600000000002,138.578,138.45850000000002,138.4905,0
2023-05-23 04:45:00+00:00,138.49,138.5025,138.353,138.416,0
2023-05-23 21:00:00+00:00,138.5875,138.597,138.5745,138.5805,0
2023-05-23 21:15:00+00:00,138.5865,138.5935,138.5655,138.574,0
2023-05-23 21:30:00+00:00,138.57350000000002,138.574,138.528,138.535,0
2023-05-23 21:45:00+00:00,138.53,138.553,138.5275,138.541,0
2023-05-24 06:00:00+00:00,138.291,138.45999999999998,138.257,138.4355,0
2023-05-24 06:15:00+00:00,138.436,138.4955,138.405,138.474,0
2023-05-24 06:30:00+00:00,138.4735,138.61700000000002,138.4595,138.5975,0
2023-05-24 06:45:00+00:00,138.6015,138.69549999999998,138.586,138.69400000000002,0
2023-05-24 23:00:00+00:00,139.2185,139.248,139.179,139.2185,0
2023-05-24 23:15:00+00:00,139.21949999999998,139.336,139.21949999999998,139.32600000000002,0
2023-05-24 23:30:00+00:00,139.327,139.39499999999998,139.321,139.345,0
2023-05-24 23:45:00+00:00,139.346,139.3675,139.2775,139.296,0
2023-05-25 21:00:00+00:00,140.053,140.079,140.046,140.05450000000002,0
2023-05-25 21:15:00+00:00,140.0595,140.065,140.024,140.0255,0
2023-05-25 21:30:00+00:00,140.0315,140.0385,140.0215,140.0385,0
2023-05-25 21:45:00+00:00,140.0435,140.083,140.041,140.0745,0
2023-05-26 04:00:00+00:00,139.837,139.839,139.7315,139.7705,0
2023-05-26 04:15:00+00:00,139.76999999999998,139.78199999999998,139.7185,139.7385,0
2023-05-26 04:30:00+00:00,139.738,139.762,139.7075,139.72899999999998,0
2023-05-26 04:45:00+00:00,139.728,139.7525,139.719,139.721,0
2023-05-26 10:00:00+00:00,139.661,139.747,139.623,139.72199999999998,0
2023-05-26 10:15:00+00:00,139.7225,139.733,139.6645,139.679,0
2023-05-26 10:30:00+00:00,139.67849999999999,139.7305,139.661,139.7175,0
2023-05-26 10:45:00+00:00,139.716,139.7275,139.6715,139.719,0
2023-05-26 19:00:00+00:00,140.6435,140.6435,140.59300000000002,140.63299999999998,0
2023-05-26 19:15:00+00:00,140.6325,140.6615,140.6215,140.661,0
2023-05-26 19:30:00+00:00,140.663,140.696,140.6355,140.6495,0
2023-05-26 19:45:00+00:00,140.649,140.659,140.5685,140.57150000000001,0
2023-05-28 23:00:00+00:00,140.76549999999997,140.81,140.743,140.76749999999998,0
2023-05-28 23:15:00+00:00,140.7705,140.78449999999998,140.7415,140.75099999999998,0
2023-05-28 23:30:00+00:00,140.7515,140.856,140.7395,140.85399999999998,0
2023-05-28 23:45:00+00:00,140.8515,140.892,140.8145,140.8865,0
2023-05-29 13:00:00+00:00,140.207,140.223,140.151,140.19099999999997,0
2023-05-29 13:15:00+00:00,140.1905,140.1925,140.1335,140.1575,0
2023-05-29 13:30:00+00:00,140.1565,140.2165,140.1145,140.2165,0
2023-05-29 13:45:00+00:00,140.216,140.2385,140.1885,140.233,0
2023-05-29 21:00:00+00:00,140.44650000000001,140.4605,140.4325,140.45850000000002,0
2023-05-29 21:15:00+00:00,140.458,140.474,140.4325,140.438,0
2023-05-29 21:30:00+00:00,140.4375,140.4645,140.4365,140.451,0
2023-05-29 21:45:00+00:00,140.45049999999998,140.4515,140.3645,140.392,0
2023-05-30 06:00:00+00:00,140.6765,140.7935,140.6535,140.7625,0
2023-05-30 06:15:00+00:00,140.76299999999998,140.9345,140.761,140.899,0
2023-05-30 06:30:00+00:00,140.8995,140.904,140.3425,140.4115,0
2023-05-30 06:45:00+00:00,140.41199999999998,140.4925,140.3525,140.385,0
2023-05-30 14:00:00+00:00,139.9375,140.1135,139.80849999999998,139.8675,0
2023-05-30 14:15:00+00:00,139.8625,139.976,139.7615,139.768,0
2023-05-30 14:30:00+00:00,139.7685,139.7775,139.5725,139.68200000000002,0
2023-05-30 14:45:00+00:00,139.6825,139.8135,139.66199999999998,139.785,0
2023-05-31 08:00:00+00:00,139.7465,139.781,139.6685,139.6885,0
2023-05-31 08:15:00+00:00,139.68900000000002,139.7925,139.65499999999997,139.79199999999997,0
2023-05-31 08:30:00+00:00,139.7905,139.875,139.774,139.801,0
2023-05-31 08:45:00+00:00,139.80200000000002,139.9675,139.798,139.954,0
2023-05-31 14:00:00+00:00,139.6365,140.3965,139.63549999999998,140.296,0
2023-05-31 14:15:00+00:00,140.29899999999998,140.31,139.96300000000002,140.04700000000003,0
2023-05-31 14:30:00+00:00,140.0455,140.04700000000003,139.57,139.70999999999998,0
2023-05-31 14:45:00+00:00,139.709,139.8565,139.6495,139.7235,0
2023-05-31 17:00:00+00:00,139.7285,139.74,139.6865,139.71300000000002,0
2023-05-31 17:15:00+00:00,139.7125,139.77800000000002,139.579,139.632,0
2023-05-31 17:30:00+00:00,139.6325,139.6375,139.402,139.4035,0
2023-05-31 17:45:00+00:00,139.404,139.4775,139.36399999999998,139.413,0
2023-06-05 02:00:00+00:00,140.1345,140.151,140.1065,140.123,0
2023-06-05 02:15:00+00:00,140.122,140.195,140.1165,140.178,0
2023-06-05 02:30:00+00:00,140.18,140.2405,140.178,140.20100000000002,0
2023-06-05 02:45:00+00:00,140.2,140.20100000000002,140.096,140.1155,0
2023-06-05 10:00:00+00:00,140.2665,140.3535,140.2465,140.32150000000001,0
2023-06-05 10:15:00+00:00,140.322,140.38049999999998,140.30200000000002,140.3685,0
2023-06-05 10:30:00+00:00,140.369,140.39,140.3135,140.316,0
2023-06-05 10:45:00+00:00,140.3155,140.3275,140.2505,140.279,0
2023-06-05 21:00:00+00:00,139.59,139.62099999999998,139.51600000000002,139.52999999999997,0
2023-06-05 21:15:00+00:00,139.529,139.5405,139.51749999999998,139.5215,0
2023-06-05 21:30:00+00:00,139.52249999999998,139.59699999999998,139.504,139.566,0
2023-06-05 21:45:00+00:00,139.565,139.565,139.541,139.55599999999998,0
2023-06-06 12:00:00+00:00,139.59550000000002,139.6235,139.5345,139.6155,0
2023-06-06 12:15:00+00:00,139.615,139.7135,139.59550000000002,139.6955,0
2023-06-06 12:30:00+00:00,139.695,139.8465,139.6855,139.829,0
2023-06-06 12:45:00+00:00,139.8295,139.8965,139.7435,139.7785,0
2023-06-08 05:00:00+00:00,139.7315,139.7705,139.66500000000002,139.7705,0
2023-06-08 05:15:00+00:00,139.76999999999998,139.798,139.748,139.769,0
2023-06-08 05:30:00+00:00,139.7695,139.81099999999998,139.7335,139.76,0
2023-06-08 05:45:00+00:00,139.7595,139.845,139.73700000000002,139.8315,0
2023-06-08 21:00:00+00:00,138.92849999999999,138.92849999999999,138.903,138.908,0
2023-06-08 21:15:00+00:00,138.906,138.9075,138.8995,138.902,0
2023-06-08 21:30:00+00:00,138.902,138.914,138.887,138.902,0
2023-06-08 21:45:00+00:00,138.90449999999998,138.909,138.8965,138.904,0
2023-06-09 12:00:00+00:00,139.386,139.4305,139.346,139.4075,0
2023-06-09 12:15:00+00:00,139.4075,139.4175,139.31099999999998,139.32150000000001,0
2023-06-09 12:30:00+00:00,139.32,139.32,139.031,139.175,0
2023-06-09 12:45:00+00:00,139.1735,139.3295,139.147,139.29649999999998,0
2023-06-12 00:00:00+00:00,139.3735,139.38049999999998,139.26799999999997,139.2775,0
2023-06-12 00:15:00+00:00,139.277,139.3855,139.2705,139.38049999999998,0
2023-06-12 00:30:00+00:00,139.38,139.39499999999998,139.2935,139.31400000000002,0
2023-06-12 00:45:00+00:00,139.3125,139.4075,139.3025,139.4075,0
2023-06-12 23:00:00+00:00,139.55849999999998,139.5615,139.4515,139.454,0
2023-06-12 23:15:00+00:00,139.4535,139.482,139.41899999999998,139.482,0
2023-06-12 23:30:00+00:00,139.48250000000002,139.4835,139.42849999999999,139.471,0
2023-06-12 23:45:00+00:00,139.47,139.47,139.4325,139.4595,0
2023-06-13 13:00:00+00:00,139.155,139.1975,139.0125,139.19600000000003,0
2023-06-13 13:15:00+00:00,139.195,139.352,139.168,139.288,0
2023-06-13 13:30:00+00:00,139.286,139.55700000000002,139.1985,139.5365,0
2023-06-13 13:45:00+00:00,139.54250000000002,139.76999999999998,139.54250000000002,139.75400000000002,0
2023-06-14 08:00:00+00:00,139.988,139.99,139.8955,139.9205,0
2023-06-14 08:15:00+00:00,139.91899999999998,139.93200000000002,139.88,139.8855,0
2023-06-14 08:30:00+00:00,139.88600000000002,139.9715,139.88400000000001,139.9475,0
2023-06-14 08:45:00+00:00,139.94600000000003,139.98399999999998,139.9215,139.9775,0
2023-06-14 15:00:00+00:00,139.40800000000002,139.47699999999998,139.406,139.426,0
2023-06-14 15:15:00+00:00,139.4245,139.42849999999999,139.33499999999998,139.3365,0
2023-06-14 15:30:00+00:00,139.337,139.3865,139.28300000000002,139.3095,0
2023-06-14 15:45:00+00:00,139.31,139.387,139.30200000000002,139.3385,0
2023-06-15 08:00:00+00:00,141.2735,141.35199999999998,141.2415,141.25400000000002,0
2023-06-15 08:15:00+00:00,141.2545,141.3055,141.2145,141.28699999999998,0
2023-06-15 08:30:00+00:00,141.2905,141.31799999999998,141.1835,141.1955,0
2023-06-15 08:45:00+00:00,141.19400000000002,141.28699999999998,141.139,141.26999999999998,0
2023-06-18 23:00:00+00:00,141.8605,141.949,141.857,141.94799999999998,0
2023-06-18 23:15:00+00:00,141.9505,141.957,141.8995,141.9015,0
2023-06-18 23:30:00+00:00,141.902,141.9395,141.8715,141.887,0
2023-06-18 23:45:00+00:00,141.8875,141.897,141.86399999999998,141.8655,0
2023-06-19 15:00:00+00:00,141.82799999999997,141.87,141.8195,141.85399999999998,0
2023-06-19 15:15:00+00:00,141.8545,141.85750000000002,141.8175,141.84550000000002,0
2023-06-19 15:30:00+00:00,141.846,141.899,141.825,141.8905,0
2023-06-19 15:45:00+00:00,141.89100000000002,141.9145,141.88400000000001,141.90449999999998,0
2023-06-19 22:00:00+00:00,141.933,141.9495,141.8465,141.8605,0
2023-06-19 22:15:00+00:00,141.863,141.93099999999998,141.8535,141.894,0
2023-06-19 22:30:00+00:00,141.89249999999998,141.93349999999998,141.87599999999998,141.91899999999998,0
2023-06-19 22:45:00+00:00,141.9195,141.933,141.89749999999998,141.928,0
2023-06-21 10:00:00+00:00,141.92700000000002,141.95,141.90800000000002,141.928,0
2023-06-21 10:15:00+00:00,141.92849999999999,141.9865,141.87900000000002,141.904,0
2023-06-21 10:30:00+00:00,141.897,141.897,141.797,141.8085,0
2023-06-21 10:45:00+00:00,141.80900000000003,141.8265,141.745,141.8135,0
2023-06-22 19:00:00+00:00,143.0645,143.078,143.03199999999998,143.0705,0
2023-06-22 19:15:00+00:00,143.07,143.13099999999997,143.06799999999998,143.1135,0
2023-06-22 19:30:00+00:00,143.113,143.1935,143.10899999999998,143.15449999999998,0
2023-06-22 19:45:00+00:00,143.1535,143.2275,143.15300000000002,143.15800000000002,0
2023-06-23 04:00:00+00:00,143.0665,143.1365,143.0665,143.10399999999998,0
2023-06-23 04:15:00+00:00,143.1045,143.1435,143.0115,143.012,0
2023-06-23 04:30:00+00:00,143.0125,143.0855,142.9835,143.04700000000003,0
2023-06-23 04:45:00+00:00,143.046,143.11200000000002,143.0265,143.084,0
2023-06-23 19:00:00+00:00,143.8,143.81099999999998,143.75549999999998,143.757,0
2023-06-23 19:15:00+00:00,143.7565,143.7905,143.7495,143.787,0
2023-06-23 19:30:00+00:00,143.7885,143.8,143.7715,143.77949999999998,0
2023-06-23 19:45:00+00:00,143.779,143.79149999999998,143.7405,143.7905,0
2023-06-26 08:00:00+00:00,143.18599999999998,143.2245,143.086,143.156,0
2023-06-26 08:15:00+00:00,143.156,143.1845,143.0695,143.0705,0
2023-06-26 08:30:00+00:00,143.07,143.167,143.014,143.08999999999997,0
2023-06-26 08:45:00+00:00,143.0895,143.154,143.0495,143.151,0
2023-06-27 10:00:00+00:00,143.8325,143.8495,143.788,143.83499999999998,0
2023-06-27 10:15:00+00:00,143.836,143.89100000000002,143.79899999999998,143.8145,0
2023-06-27 10:30:00+00:00,143.815,143.85649999999998,143.74,143.7475,0
2023-06-27 10:45:00+00:00,143.7485,143.761,143.659,143.7395,0
2023-06-27 17:00:00+00:00,143.976,144.0875,143.971,144.06799999999998,0
2023-06-27 17:15:00+00:00,144.0675,144.0675,143.98250000000002,143.986,0
2023-06-27 17:30:00+00:00,143.9865,144.0265,143.957,144.026,0
2023-06-27 17:45:00+00:00,144.027,144.0355,143.966,143.973,0
2023-06-27 18:00:00+00:00,143.9735,144.007,143.9625,143.9925,0
2023-06-27 18:15:00+00:00,143.99400000000003,144.0505,143.98899999999998,144.0335,0
2023-06-27 18:30:00+00:00,144.0325,144.0435,144.0035,144.02800000000002,0
2023-06-27 18:45:00+00:00,144.0275,144.051,144.017,144.039,0
2023-06-28 13:00:00+00:00,144.4005,144.4015,144.293,144.339,0
2023-06-28 13:15:00+00:00,144.3395,144.3525,144.25549999999998,144.278,0
2023-06-28 13:30:00+00:00,144.27800000000002,144.3995,144.1905,144.3745,0
2023-06-28 13:45:00+00:00,144.37400000000002,144.46800000000002,144.099,144.4035,0
2023-06-29 03:00:00+00:00,144.372,144.4355,144.3645,144.4225,0
2023-06-29 03:15:00+00:00,144.42000000000002,144.49400000000003,144.41199999999998,144.4835,0
2023-06-29 03:30:00+00:00,144.4845,144.4855,144.445,144.46499999999997,0
2023-06-29 03:45:00+00:00,144.46550000000002,144.473,144.4135,144.433,0
2023-06-29 20:00:00+00:00,144.8395,144.84050000000002,144.80599999999998,144.8145,0
2023-06-29 20:15:00+00:00,144.81400000000002,144.836,144.812,144.8265,0
2023-06-29 20:30:00+00:00,144.827,144.82799999999997,144.791,144.79500000000002,0
2023-06-29 20:45:00+00:00,144.796,144.8085,144.7715,144.7715,0
2023-06-30 12:00:00+00:00,144.72500000000002,144.74450000000002,144.5555,144.588,0
2023-06-30 12:15:00+00:00,144.5875,144.66750000000002,144.563,144.6235,0
2023-06-30 12:30:00+00:00,144.6245,144.63400000000001,144.3445,144.413,0
2023-06-30 12:45:00+00:00,144.4135,144.52100000000002,144.35199999999998,144.4605,0
2023-06-30 20:00:00+00:00,144.27800000000002,144.3135,144.2655,144.2965,0
2023-06-30 20:15:00+00:00,144.2965,144.3415,144.29149999999998,144.325,0
2023-06-30 20:30:00+00:00,144.3245,144.3515,144.321,144.349,0
2023-06-30 20:45:00+00:00,144.348,144.3535,144.288,144.288,0
2023-07-03 04:00:00+00:00,144.6175,144.6265,144.54000000000002,144.5675,0
2023-07-03 04:15:00+00:00,144.567,144.5695,144.503,144.5135,0
2023-07-03 04:30:00+00:00,144.5125,144.5255,144.4375,144.4655,0
2023-07-03 04:45:00+00:00,144.466,144.4765,144.421,144.441,0
2023-07-03 19:00:00+00:00,144.72,144.739,144.69299999999998,144.7175,0
2023-07-03 19:15:00+00:00,144.721,144.74200000000002,144.716,144.74099999999999,0
2023-07-03 19:30:00+00:00,144.7415,144.7415,144.709,144.709,0
2023-07-03 19:45:00+00:00,144.7105,144.7475,144.7075,144.74599999999998,0
2023-07-04 03:00:00+00:00,144.59199999999998,144.6185,144.574,144.615,0
2023-07-04 03:15:00+00:00,144.61399999999998,144.6175,144.58999999999997,144.607,0
2023-07-04 03:30:00+00:00,144.6065,144.6485,144.6055,144.64600000000002,0
2023-07-04 03:45:00+00:00,144.6455,144.664,144.61849999999998,144.6635,0
2023-07-04 21:00:00+00:00,144.481,144.481,144.4595,144.462,0
2023-07-04 21:15:00+00:00,144.466,144.4765,144.4645,144.4665,0
2023-07-04 21:30:00+00:00,144.466,144.473,144.45600000000002,144.458,0
2023-07-04 21:45:00+00:00,144.457,144.465,144.4555,144.45850000000002,0
2023-07-05 06:00:00+00:00,144.6515,144.7235,144.613,144.709,0
2023-07-05 06:15:00+00:00,144.708,144.7285,144.6585,144.7115,0
2023-07-05 06:30:00+00:00,144.711,144.711,144.6525,144.6755,0
2023-07-05 06:45:00+00:00,144.6775,144.69,144.59199999999998,144.659,0
2023-07-06 10:00:00+00:00,144.11200000000002,144.1125,144.029,144.02949999999998,0
2023-07-06 10:15:00+00:00,144.029,144.02949999999998,143.90499999999997,143.9175,0
2023-07-06 10:30:00+00:00,143.918,143.959,143.8095,143.84300000000002,0
2023-07-06 10:45:00+00:00,143.84300000000002,143.85750000000002,143.80599999999998,143.83499999999998,0
2023-07-06 15:00:00+00:00,144.28300000000002,144.344,144.10500000000002,144.137,0
2023-07-06 15:15:00+00:00,144.1375,144.2385,143.958,144.2015,0
2023-07-06 15:30:00+00:00,144.1995,144.2635,144.1155,144.24099999999999,0
2023-07-06 15:45:00+00:00,144.24200000000002,144.24200000000002,144.083,144.09550000000002,0
2023-07-07 09:00:00+00:00,142.9645,143.05900000000003,142.8745,142.9555,0
2023-07-07 09:15:00+00:00,142.957,143.0775,142.9415,143.0475,0
2023-07-07 09:30:00+00:00,143.0485,143.10399999999998,143.0065,143.098,0
2023-07-07 09:45:00+00:00,143.0975,143.13,143.0455,143.11,0
2023-07-09 23:00:00+00:00,142.196,142.24599999999998,142.1565,142.2335,0
2023-07-09 23:15:00+00:00,142.23399999999998,142.27300000000002,142.2055,142.2655,0
2023-07-09 23:30:00+00:00,142.265,142.2885,142.2175,142.2195,0
2023-07-09 23:45:00+00:00,142.22050000000002,142.247,142.19400000000002,142.2135,0
2023-07-10 23:00:00+00:00,141.31900000000002,141.3295,141.247,141.31799999999998,0
2023-07-10 23:15:00+00:00,141.316,141.316,141.2515,141.2615,0
2023-07-10 23:30:00+00:00,141.26100000000002,141.28300000000002,141.216,141.232,0
2023-07-10 23:45:00+00:00,141.2315,141.3385,141.23149999999998,141.3095,0
2023-07-11 06:00:00+00:00,140.86599999999999,140.94799999999998,140.8155,140.8585,0
2023-07-11 06:15:00+00:00,140.863,140.863,140.6875,140.7375,0
2023-07-11 06:30:00+00:00,140.738,140.8225,140.6715,140.724,0
2023-07-11 06:45:00+00:00,140.7255,140.7835,140.58999999999997,140.596,0
2023-07-11 14:00:00+00:00,140.83499999999998,140.95600000000002,140.7765,140.858,0
2023-07-11 14:15:00+00:00,140.8585,140.8775,140.74450000000002,140.7645,0
2023-07-11 14:30:00+00:00,140.7635,140.80599999999998,140.687,140.707,0
2023-07-11 14:45:00+00:00,140.70600000000002,140.7575,140.5935,140.60500000000002,0
2023-07-12 14:00:00+00:00,138.82299999999998,138.99400000000003,138.58300000000003,138.64100000000002,0
2023-07-12 14:15:00+00:00,138.6395,138.70800000000003,138.5125,138.707,0
2023-07-12 14:30:00+00:00,138.7065,138.7375,138.4565,138.4715,0
2023-07-12 14:45:00+00:00,138.47500000000002,138.559,138.38049999999998,138.435,0
2023-07-12 21:00:00+00:00,138.47899999999998,138.47899999999998,138.41,138.4445,0
2023-07-12 21:15:00+00:00,138.441,138.441,138.4075,138.4205,0
2023-07-12 21:30:00+00:00,138.42700000000002,138.4765,138.418,138.428,0
2023-07-12 21:45:00+00:00,138.42849999999999,138.457,138.426,138.43,0
2023-07-17 04:00:00+00:00,138.66500000000002,138.6735,138.63,138.6405,0
2023-07-17 04:15:00+00:00,138.64,138.651,138.6285,138.6415,0
2023-07-17 04:30:00+00:00,138.64100000000002,138.66500000000002,138.6095,138.6595,0
2023-07-17 04:45:00+00:00,138.659,138.6685,138.61399999999998,138.62599999999998,0
2023-07-18 05:00:00+00:00,138.462,138.49900000000002,138.394,138.40800000000002,0
2023-07-18 05:15:00+00:00,138.4065,138.4065,138.3185,138.322,0
2023-07-18 05:30:00+00:00,138.3225,138.4125,138.322,138.3875,0
2023-07-18 05:45:00+00:00,138.387,138.50099999999998,138.34300000000002,138.454,0
2023-07-18 19:00:00+00:00,138.837,139.00400000000002,138.8325,139.0025,0
2023-07-18 19:15:00+00:00,139.00400000000002,139.0225,138.97500000000002,138.9985,0
2023-07-18 19:30:00+00:00,138.997,139.00900000000001,138.96699999999998,138.9715,0
2023-07-18 19:45:00+00:00,138.97199999999998,138.9725,138.926,138.9345,0
2023-07-19 03:00:00+00:00,139.255,139.3025,139.2135,139.2145,0
2023-07-19 03:15:00+00:00,139.2135,139.2185,139.16649999999998,139.1915,0
2023-07-19 03:30:00+00:00,139.192,139.2465,139.1595,139.1625,0
2023-07-19 03:45:00+00:00,139.16199999999998,139.28300000000002,139.1615,139.28300000000002,0
2023-07-19 17:00:00+00:00,139.627,139.716,139.6215,139.7145,0
2023-07-19 17:15:00+00:00,139.7125,139.716,139.664,139.697,0
2023-07-19 17:30:00+00:00,139.6975,139.69799999999998,139.602,139.6085,0
2023-07-19 17:45:00+00:00,139.60750000000002,139.63049999999998,139.5735,139.58350000000002,0
2023-07-21 00:00:00+00:00,139.8465,139.89999999999998,139.751,139.8465,0
2023-07-21 00:15:00+00:00,139.847,139.9495,139.83249999999998,139.92950000000002,0
2023-07-21 00:30:00+00:00,139.93099999999998,139.98200000000003,139.83350000000002,139.88400000000001,0
2023-07-21 00:45:00+00:00,139.8845,140.0795,139.8525,139.983,0
2023-07-21 20:00:00+00:00,141.762,141.765,141.71949999999998,141.7345,0
2023-07-21 20:15:00+00:00,141.7355,141.7525,141.71300000000002,141.72750000000002,0
2023-07-21 20:30:00+00:00,141.727,141.80849999999998,141.723,141.7975,0
2023-07-21 20:45:00+00:00,141.7975,141.856,141.789,141.797,0
2023-07-24 00:00:00+00:00,141.75400000000002,141.8145,141.6215,141.6555,0
2023-07-24 00:15:00+00:00,141.6555,141.71800000000002,141.61900000000003,141.688,0
2023-07-24 00:30:00+00:00,141.68650000000002,141.6945,141.6035,141.667,0
2023-07-24 00:45:00+00:00,141.6685,141.7865,141.65300000000002,141.69799999999998,0
2023-07-24 15:00:00+00:00,141.15449999999998,141.281,141.11599999999999,141.269,0
2023-07-24 15:15:00+00:00,141.2695,141.3225,141.2425,141.2735,0
2023-07-24 15:30:00+00:00,141.272,141.2755,141.1735,141.26,0
2023-07-24 15:45:00+00:00,141.2595,141.2665,141.173,141.19299999999998,0
2023-07-25 16:00:00+00:00,140.9185,140.9495,140.856,140.8975,0
2023-07-25 16:15:00+00:00,140.898,140.957,140.85750000000002,140.9495,0
2023-07-25 16:30:00+00:00,140.9515,141.02100000000002,140.9495,140.98200000000003,0
2023-07-25 16:45:00+00:00,140.9835,141.0705,140.9805,141.0545,0
2023-07-26 00:00:00+00:00,140.913,141.0405,140.857,141.014,0
2023-07-26 00:15:00+00:00,141.01350000000002,141.051,140.9725,140.983,0
2023-07-26 00:30:00+00:00,140.9835,141.06650000000002,140.983,141.0465,0
2023-07-26 00:45:00+00:00,141.046,141.1045,140.973,141.09050000000002,0
2023-07-26 08:00:00+00:00,140.6575,140.70600000000002,140.464,140.5075,0
2023-07-26 08:15:00+00:00,140.507,140.5635,140.363,140.38150000000002,0
2023-07-26 08:30:00+00:00,140.38049999999998,140.392,140.272,140.3205,0
2023-07-26 08:45:00+00:00,140.32,140.41899999999998,140.284,140.34,0
2023-07-27 02:00:00+00:00,139.7775,139.7775,139.3835,139.4005,0
2023-07-27 02:15:00+00:00,139.40300000000002,139.6175,139.3915,139.6125,0
2023-07-27 02:30:00+00:00,139.61399999999998,139.6465,139.55900000000003,139.6355,0
2023-07-27 02:45:00+00:00,139.63299999999998,139.70999999999998,139.583,139.70850000000002,0
2023-07-27 09:00:00+00:00,139.965,139.9685,139.8905,139.9315,0
2023-07-27 09:15:00+00:00,139.93200000000002,140.1435,139.9215,140.127,0
2023-07-27 09:30:00+00:00,140.127,140.185,140.11399999999998,140.12099999999998,0
2023-07-27 09:45:00+00:00,140.11900000000003,140.1435,140.048,140.05599999999998,0
2023-07-27 17:00:00+00:00,141.083,141.099,139.426,139.761,0
2023-07-27 17:15:00+00:00,139.7615,140.0185,139.6515,139.699,0
2023-07-27 17:30:00+00:00,139.6985,139.85399999999998,139.2055,139.418,0
2023-07-27 17:45:00+00:00,139.41750000000002,139.562,139.336,139.4675,0
2023-07-28 20:00:00+00:00,141.09199999999998,141.1325,141.0455,141.111,0
2023-07-28 20:15:00+00:00,141.11,141.1345,141.082,141.13099999999997,0
2023-07-28 20:30:00+00:00,141.1315,141.18200000000002,141.128,141.1775,0
2023-07-28 20:45:00+00:00,141.1765,141.1885,141.1415,141.1695,0
2023-07-31 02:00:00+00:00,141.55349999999999,141.5925,141.4365,141.45850000000002,0
2023-07-31 02:15:00+00:00,141.458,141.559,141.445,141.52800000000002,0
2023-07-31 02:30:00+00:00,141.5285,141.59199999999998,141.5085,141.57600000000002,0
2023-07-31 02:45:00+00:00,141.5755,141.753,141.5755,141.727,0
2023-07-31 11:00:00+00:00,142.2485,142.2955,142.1945,142.21499999999997,0
2023-07-31 11:15:00+00:00,142.214,142.247,142.1055,142.22500000000002,0
2023-07-31 11:30:00+00:00,142.224,142.2255,142.118,142.192,0
2023-07-31 11:45:00+00:00,142.191,142.256,142.09449999999998,142.19799999999998,0
2023-08-02 08:00:00+00:00,142.642,142.64249999999998,142.4435,142.5205,0
2023-08-02 08:15:00+00:00,142.519,142.5215,142.2745,142.29700000000003,0
2023-08-02 08:30:00+00:00,142.2965,142.4395,142.293,142.4275,0
2023-08-02 08:45:00+00:00,142.42849999999999,142.4375,142.23399999999998,142.3425,0
2023-08-03 10:00:00+00:00,142.918,143.05849999999998,142.9125,143.0355,0
2023-08-03 10:15:00+00:00,143.036,143.0515,142.88049999999998,142.91500000000002,0
2023-08-03 10:30:00+00:00,142.9155,143.0045,142.889,142.993,0
2023-08-03 10:45:00+00:00,142.994,143.02999999999997,142.861,142.91649999999998,0
2023-08-03 17:00:00+00:00,142.5145,142.61599999999999,142.506,142.6135,0
2023-08-03 17:15:00+00:00,142.61399999999998,142.709,142.5925,142.7,0
2023-08-03 17:30:00+00:00,142.702,142.7095,142.6205,142.628,0
2023-08-03 17:45:00+00:00,142.6265,142.67849999999999,142.5975,142.64499999999998,0
2023-08-04 02:00:00+00:00,142.639,142.65550000000002,142.5545,142.60199999999998,0
2023-08-04 02:15:00+00:00,142.6035,142.71699999999998,142.56599999999997,142.60199999999998,0
2023-08-04 02:30:00+00:00,142.6015,142.6315,142.3475,142.3485,0
2023-08-04 02:45:00+00:00,142.3465,142.4965,142.3165,142.4805,0
2023-08-04 18:00:00+00:00,141.8365,141.8615,141.825,141.8585,0
2023-08-04 18:15:00+00:00,141.858,141.863,141.825,141.846,0
2023-08-04 18:30:00+00:00,141.8465,141.86200000000002,141.837,141.8605,0
2023-08-04 18:45:00+00:00,141.8595,141.865,141.813,141.852,0
2023-08-07 08:00:00+00:00,142.1215,142.202,142.1125,142.2015,0
2023-08-07 08:15:00+00:00,142.202,142.34,142.2015,142.3195,0
2023-08-07 08:30:00+00:00,142.31900000000002,142.32999999999998,142.2245,142.2245,0
2023-08-07 08:45:00+00:00,142.221,142.4085,142.2055,142.305,0
2023-08-08 05:00:00+00:00,143.23000000000002,143.25549999999998,143.1515,143.1555,0
2023-08-08 05:15:00+00:00,143.155,143.2835,143.13850000000002,143.26799999999997,0
2023-08-08 05:30:00+00:00,143.269,143.336,143.269,143.334,0
2023-08-08 05:45:00+00:00,143.332,143.3425,143.25549999999998,143.3135,0
2023-08-08 13:00:00+00:00,143.15300000000002,143.245,143.07600000000002,143.089,0
2023-08-08 13:15:00+00:00,143.0895,143.21800000000002,143.0445,143.1525,0
2023-08-08 13:30:00+00:00,143.1535,143.1615,143.043,143.0605,0
2023-08-08 13:45:00+00:00,143.0615,143.106,142.9655,143.09550000000002,0
2023-08-08 21:00:00+00:00,143.381,143.4025,143.298,143.33800000000002,0
2023-08-08 21:15:00+00:00,143.337,143.34699999999998,143.3245,143.325,0
2023-08-08 21:30:00+00:00,143.328,143.332,143.3175,143.31799999999998,0
2023-08-08 21:45:00+00:00,143.31900000000002,143.3865,143.3125,143.354,0
2023-08-09 05:00:00+00:00,143.2065,143.207,143.127,143.172,0
2023-08-09 05:15:00+00:00,143.171,143.176,143.09300000000002,143.1205,0
2023-08-09 05:30:00+00:00,143.1205,143.1705,143.1165,143.14600000000002,0
2023-08-09 05:45:00+00:00,143.14499999999998,143.1655,143.06,143.0645,0
2023-08-09 12:00:00+00:00,143.44299999999998,143.4655,143.38,143.4655,0
2023-08-09 12:15:00+00:00,143.465,143.506,143.37599999999998,143.5035,0
2023-08-09 12:30:00+00:00,143.503,143.5355,143.401,143.473,0
2023-08-09 12:45:00+00:00,143.47199999999998,143.4835,143.361,143.3965,0
2023-08-09 19:00:00+00:00,143.68900000000002,143.71300000000002,143.65449999999998,143.7115,0
2023-08-09 19:15:00+00:00,143.711,143.75,143.6875,143.697,0
2023-08-09 19:30:00+00:00,143.69650000000001,143.6985,143.6505,143.678,0
2023-08-09 19:45:00+00:00,143.67849999999999,143.7155,143.63299999999998,143.709,0
2023-08-10 05:00:00+00:00,144.03699999999998,144.079,144.0245,144.038,0
2023-08-10 05:15:00+00:00,144.0385,144.0385,143.9315,143.9695,0
2023-08-10 05:30:00+00:00,143.9685,144.05900000000003,143.9525,144.02499999999998,0
2023-08-10 05:45:00+00:00,144.0255,144.02800000000002,143.973,143.9925,0
2023-08-10 23:00:00+00:00,144.83100000000002,144.8405,144.769,144.798,0
2023-08-10 23:15:00+00:00,144.7985,144.825,144.786,144.8,0
2023-08-10 23:30:00+00:00,144.7995,144.8315,144.79899999999998,144.8025,0
2023-08-10 23:45:00+00:00,144.80200000000002,144.874,144.80200000000002,144.8555,0
2023-08-11 07:00:00+00:00,144.7575,144.76,144.6565,144.6725,0
2023-08-11 07:15:00+00:00,144.6715,144.69299999999998,144.579,144.6045,0
2023-08-11 07:30:00+00:00,144.6035,144.65300000000002,144.6005,144.61700000000002,0
2023-08-11 07:45:00+00:00,144.61599999999999,144.63799999999998,144.555,144.6245,0
2023-08-14 05:00:00+00:00,144.9105,144.9385,144.8965,144.926,0
2023-08-14 05:15:00+00:00,144.9255,144.9765,144.91000000000003,144.916,0
2023-08-14 05:30:00+00:00,144.9155,144.93400000000003,144.89499999999998,144.9035,0
2023-08-14 05:45:00+00:00,144.904,144.9275,144.827,144.8345,0
2023-08-14 13:00:00+00:00,145.35000000000002,145.4355,145.30349999999999,145.3995,0
2023-08-14 13:15:00+00:00,145.3995,145.45100000000002,145.38049999999998,145.4335,0
2023-08-14 13:30:00+00:00,145.4345,145.51749999999998,145.39249999999998,145.47899999999998,0
2023-08-14 13:45:00+00:00,145.4785,145.5805,145.4645,145.5315,0
2023-08-16 15:00:00+00:00,145.8055,145.84699999999998,145.7615,145.7705,0
2023-08-16 15:15:00+00:00,145.77100000000002,145.784,145.7175,145.7695,0
2023-08-16 15:30:00+00:00,145.76999999999998,145.84300000000002,145.7645,145.84199999999998,0
2023-08-16 15:45:00+00:00,145.8425,145.878,145.7945,145.81900000000002,0
2023-08-17 05:00:00+00:00,146.413,146.43,146.3795,146.39100000000002,0
2023-08-17 05:15:00+00:00,146.394,146.41199999999998,146.3765,146.3995,0
2023-08-17 05:30:00+00:00,146.399,146.429,146.38799999999998,146.4005,0
2023-08-17 05:45:00+00:00,146.3995,146.4075,146.291,146.3125,0
2023-08-17 15:00:00+00:00,146.012,146.05349999999999,145.9545,145.95850000000002,0
2023-08-17 15:15:00+00:00,145.9605,146.0685,145.9245,146.0625,0
2023-08-17 15:30:00+00:00,146.063,146.11700000000002,146.0605,146.1145,0
2023-08-17 15:45:00+00:00,146.115,146.2005,146.089,146.1675,0
2023-08-17 22:00:00+00:00,145.8275,145.8465,145.81799999999998,145.8225,0
2023-08-17 22:15:00+00:00,145.8235,145.8315,145.7945,145.82049999999998,0
2023-08-17 22:30:00+00:00,145.82049999999998,145.821,145.743,145.7475,0
2023-08-17 22:45:00+00:00,145.744,145.744,145.69,145.714,0
2023-08-18 13:00:00+00:00,145.642,145.7395,145.457,145.457,0
2023-08-18 13:15:00+00:00,145.45600000000002,145.4785,145.3825,145.42399999999998,0
2023-08-18 13:30:00+00:00,145.4235,145.5345,145.3545,145.3615,0
2023-08-18 13:45:00+00:00,145.361,145.4075,145.2895,145.3395,0
2023-08-22 06:00:00+00:00,146.08350000000002,146.10750000000002,145.923,145.9525,0
2023-08-22 06:15:00+00:00,145.952,145.9905,145.8775,145.9115,0
2023-08-22 06:30:00+00:00,145.911,145.9655,145.878,145.91899999999998,0
2023-08-22 06:45:00+00:00,145.91899999999998,145.93599999999998,145.8835,145.909,0
2023-08-23 05:00:00+00:00,145.6415,145.684,145.6255,145.6485,0
2023-08-23 05:15:00+00:00,145.64999999999998,145.673,145.6185,145.6185,0
2023-08-23 05:30:00+00:00,145.618,145.635,145.5675,145.579,0
2023-08-23 05:45:00+00:00,145.5795,145.719,145.57600000000002,145.6745,0
2023-08-24 19:00:00+00:00,145.86200000000002,145.87099999999998,145.8275,145.8605,0
2023-08-24 19:15:00+00:00,145.86200000000002,145.8675,145.8145,145.825,0
2023-08-24 19:30:00+00:00,145.82600000000002,145.87,145.81400000000002,145.86200000000002,0
2023-08-24 19:45:00+00:00,145.861,145.86200000000002,145.813,145.8515,0
2023-08-25 03:00:00+00:00,146.0115,146.0455,145.978,145.9875,0
2023-08-25 03:15:00+00:00,145.988,145.998,145.91199999999998,145.98250000000002,0
2023-08-25 03:30:00+00:00,145.982,146.06599999999997,145.981,146.05349999999999,0
2023-08-25 03:45:00+00:00,146.054,146.0985,146.0315,146.094,0
2023-08-25 11:00:00+00:00,145.9295,146.00900000000001,145.9265,145.9725,0
2023-08-25 11:15:00+00:00,145.97199999999998,146.00799999999998,145.93200000000002,145.97050000000002,0
2023-08-25 11:30:00+00:00,145.9715,146.0275,145.97050000000002,146.014,0
2023-08-25 11:45:00+00:00,146.0145,146.0355,145.9685,145.997,0
2023-08-25 19:00:00+00:00,146.33350000000002,146.3765,146.3125,146.31900000000002,0
2023-08-25 19:15:00+00:00,146.3195,146.3885,146.31,146.363,0
2023-08-25 19:30:00+00:00,146.3625,146.3685,146.3395,146.368,0
2023-08-25 19:45:00+00:00,146.3675,146.39999999999998,146.35899999999998,146.3775,0
2023-08-28 00:00:00+00:00,146.5495,146.5885,146.457,146.5335,0
2023-08-28 00:15:00+00:00,146.534,146.5565,146.461,146.493,0
2023-08-28 00:30:00+00:00,146.4925,146.517,146.45,146.4685,0
2023-08-28 00:45:00+00:00,146.47050000000002,146.5315,146.4485,146.512,0
2023-08-28 21:00:00+00:00,146.539,146.5435,146.526,146.5355,0
2023-08-28 21:15:00+00:00,146.535,146.539,146.53050000000002,146.531,0
2023-08-28 21:30:00+00:00,146.53449999999998,146.541,146.52100000000002,146.533,0
2023-08-28 21:45:00+00:00,146.5365,146.5565,146.5225,146.53699999999998,0
2023-08-29 09:00:00+00:00,146.514,146.534,146.51,146.5195,0
2023-08-29 09:15:00+00:00,146.51999999999998,146.57299999999998,146.5185,146.5645,0
2023-08-29 09:30:00+00:00,146.565,146.577,146.5425,146.57299999999998,0
2023-08-29 09:45:00+00:00,146.5735,146.5755,146.49599999999998,146.54500000000002,0
2023-08-29 20:00:00+00:00,145.817,145.82150000000001,145.781,145.786,0
2023-08-29 20:15:00+00:00,145.78500000000003,145.7965,145.756,145.7755,0
2023-08-29 20:30:00+00:00,145.776,145.86,145.7715,145.8505,0
2023-08-29 20:45:00+00:00,145.85000000000002,145.88850000000002,145.84699999999998,145.8775,0
2023-08-30 04:00:00+00:00,146.161,146.2095,146.1385,146.2045,0
2023-08-30 04:15:00+00:00,146.20499999999998,146.2195,146.17899999999997,146.19299999999998,0
2023-08-30 04:30:00+00:00,146.18650000000002,146.1975,146.161,146.1845,0
2023-08-30 04:45:00+00:00,146.184,146.2465,146.184,146.2255,0
2023-08-30 22:00:00+00:00,146.18900000000002,146.1915,146.14600000000002,146.1535,0
2023-08-30 22:15:00+00:00,146.155,146.156,146.119,146.1225,0
2023-08-30 22:30:00+00:00,146.12,146.123,146.0625,146.0855,0
2023-08-30 22:45:00+00:00,146.089,146.1155,146.089,146.11450000000002,0
2023-08-31 05:00:00+00:00,145.8845,146.041,145.882,146.029,0
2023-08-31 05:15:00+00:00,146.027,146.0445,145.95850000000002,146.0045,0
2023-08-31 05:30:00+00:00,146.00400000000002,146.0075,145.9275,145.94799999999998,0
2023-08-31 05:45:00+00:00,145.9485,145.95749999999998,145.8945,145.9175,0
2023-09-04 19:00:00+00:00,146.4895,146.495,146.4895,146.49099999999999,0
2023-09-04 19:15:00+00:00,146.4885,146.4915,146.481,146.4855,0
2023-09-04 19:30:00+00:00,146.4865,146.495,146.4805,146.493,0
2023-09-04 19:45:00+00:00,146.4935,146.495,146.4865,146.49,0
2023-09-05 02:00:00+00:00,146.6265,146.6595,146.611,146.6535,0
2023-09-05 02:15:00+00:00,146.65300000000002,146.67700000000002,146.635,146.6765,0
2023-09-05 02:30:00+00:00,146.6775,146.72699999999998,146.6675,146.7025,0
2023-09-05 02:45:00+00:00,146.703,146.723,146.6715,146.7215,0
2023-09-05 08:00:00+00:00,146.9135,146.969,146.83999999999997,146.8645,0
2023-09-05 08:15:00+00:00,146.8625,146.95100000000002,146.844,146.9355,0
2023-09-05 08:30:00+00:00,146.935,146.9765,146.8985,146.97500000000002,0
2023-09-05 08:45:00+00:00,146.9745,147.03699999999998,146.957,147.0085,0
2023-09-06 00:00:00+00:00,147.45850000000002,147.59550000000002,147.4495,147.5705,0
2023-09-06 00:15:00+00:00,147.5735,147.60000000000002,147.5395,147.5815,0
2023-09-06 00:30:00+00:00,147.58100000000002,147.70999999999998,147.5785,147.703,0
2023-09-06 00:45:00+00:00,147.7025,147.8185,147.6985,147.77499999999998,0
2023-09-06 03:00:00+00:00,147.5275,147.558,147.4725,147.486,0
2023-09-06 03:15:00+00:00,147.4805,147.554,147.43400000000003,147.53,0
2023-09-06 03:30:00+00:00,147.52949999999998,147.5825,147.5035,147.5485,0
2023-09-06 03:45:00+00:00,147.54899999999998,147.599,147.548,147.567,0
2023-09-06 14:00:00+00:00,147.1685,147.67849999999999,147.1685,147.4615,0
2023-09-06 14:15:00+00:00,147.4605,147.6175,147.4125,147.5765,0
2023-09-06 14:30:00+00:00,147.5775,147.66500000000002,147.53300000000002,147.6485,0
2023-09-06 14:45:00+00:00,147.6495,147.695,147.59300000000002,147.603,0
2023-09-06 20:00:00+00:00,147.6865,147.6885,147.64249999999998,147.6575,0
2023-09-06 20:15:00+00:00,147.65800000000002,147.6645,147.637,147.64249999999998,0
2023-09-06 20:30:00+00:00,147.64350000000002,147.70100000000002,147.64350000000002,147.666,0
2023-09-06 20:45:00+00:00,147.6655,147.7145,147.6515,147.66199999999998,0
2023-09-07 01:00:00+00:00,147.7625,147.80700000000002,147.67700000000002,147.739,0
2023-09-07 01:15:00+00:00,147.7385,147.7425,147.6455,147.6715,0
2023-09-07 01:30:00+00:00,147.67200000000003,147.73399999999998,147.59199999999998,147.60700000000003,0
2023-09-07 01:45:00+00:00,147.6065,147.6345,147.542,147.63400000000001,0
2023-09-07 19:00:00+00:00,147.1805,147.207,147.163,147.20600000000002,0
2023-09-07 19:15:00+00:00,147.2065,147.25,147.197,147.233,0
2023-09-07 19:30:00+00:00,147.2335,147.252,147.22,147.238,0
2023-09-07 19:45:00+00:00,147.2385,147.2495,147.1865,147.2295,0
2023-09-08 17:00:00+00:00,147.76749999999998,147.77800000000002,147.7435,147.74450000000002,0
2023-09-08 17:15:00+00:00,147.7435,147.76600000000002,147.73000000000002,147.7575,0
2023-09-08 17:30:00+00:00,147.757,147.75799999999998,147.73000000000002,147.736,0
2023-09-08 17:45:00+00:00,147.73700000000002,147.7475,147.7015,147.7355,0
2023-09-11 00:00:00+00:00,147.13099999999997,147.1485,146.889,146.9875,0
2023-09-11 00:15:00+00:00,146.99450000000002,147.0505,146.904,146.923,0
2023-09-11 00:30:00+00:00,146.92399999999998,146.97199999999998,146.8235,146.925,0
2023-09-11 00:45:00+00:00,146.9255,146.9865,146.8315,146.9565,0
2023-09-11 16:00:00+00:00,146.47000000000003,146.4725,146.363,146.3635,0
2023-09-11 16:15:00+00:00,146.3625,146.3995,146.334,146.3755,0
2023-09-11 16:30:00+00:00,146.3795,146.5245,146.373,146.5135,0
2023-09-11 16:45:00+00:00,146.514,146.52499999999998,146.464,146.4735,0
2023-09-13 15:00:00+00:00,147.503,147.5495,147.45850000000002,147.4685,0
2023-09-13 15:15:00+00:00,147.4675,147.4675,147.397,147.4195,0
2023-09-13 15:30:00+00:00,147.41899999999998,147.514,147.4115,147.50099999999998,0
2023-09-13 15:45:00+00:00,147.502,147.50650000000002,147.43900000000002,147.4625,0
2023-09-15 01:00:00+00:00,147.4595,147.4815,147.42200000000003,147.47699999999998,0
2023-09-15 01:15:00+00:00,147.4775,147.4815,147.4025,147.4135,0
2023-09-15 01:30:00+00:00,147.414,147.4455,147.356,147.37,0
2023-09-15 01:45:00+00:00,147.3685,147.39999999999998,147.3655,147.3745,0
2023-09-18 14:00:00+00:00,147.7565,147.7695,147.7,147.72199999999998,0
2023-09-18 14:15:00+00:00,147.7215,147.728,147.66649999999998,147.69799999999998,0
2023-09-18 14:30:00+00:00,147.699,147.7135,147.6275,147.628,0
2023-09-18 14:45:00+00:00,147.62900000000002,147.68099999999998,147.6275,147.6725,0
2023-09-20 00:00:00+00:00,147.7595,147.7985,147.7125,147.7855,0
2023-09-20 00:15:00+00:00,147.786,147.8025,147.74900000000002,147.776,0
2023-09-20 00:30:00+00:00,147.7765,147.8095,147.7535,147.8015,0
2023-09-20 00:45:00+00:00,147.8005,147.8195,147.7395,147.7415,0
2023-09-20 15:00:00+00:00,147.6955,147.7225,147.6365,147.6575,0
2023-09-20 15:15:00+00:00,147.65699999999998,147.6705,147.63299999999998,147.6375,0
2023-09-20 15:30:00+00:00,147.637,147.72500000000002,147.62400000000002,147.7035,0
2023-09-20 15:45:00+00:00,147.703,147.74400000000003,147.6885,147.7365,0
2023-09-21 09:00:00+00:00,148.1885,148.2595,148.1815,148.22500000000002,0
2023-09-21 09:15:00+00:00,148.2245,148.231,148.1755,148.2055,0
2023-09-21 09:30:00+00:00,148.204,148.2175,148.164,148.1815,0
2023-09-21 09:45:00+00:00,148.18099999999998,148.19400000000002,148.1125,148.1355,0
2023-09-22 01:00:00+00:00,147.615,147.66,147.60500000000002,147.6465,0
2023-09-22 01:15:00+00:00,147.64600000000002,147.66199999999998,147.6155,147.6325,0
2023-09-22 01:30:00+00:00,147.63299999999998,147.757,147.6105,147.75549999999998,0
2023-09-22 01:45:00+00:00,147.75400000000002,147.7945,147.745,147.7685,0
2023-09-22 18:00:00+00:00,148.3235,148.32600000000002,148.30399999999997,148.3225,0
2023-09-22 18:15:00+00:00,148.32299999999998,148.353,148.32,148.3385,0
2023-09-22 18:30:00+00:00,148.33800000000002,148.387,148.337,148.3755,0
2023-09-22 18:45:00+00:00,148.3745,148.392,148.362,148.389,0
2023-09-24 22:00:00+00:00,148.3165,148.38850000000002,148.2975,148.3195,0
2023-09-24 22:15:00+00:00,148.3195,148.3375,148.252,148.265,0
2023-09-24 22:30:00+00:00,148.264,148.353,148.25650000000002,148.35,0
2023-09-24 22:45:00+00:00,148.34949999999998,148.3955,148.3425,148.3845,0
2023-09-25 07:00:00+00:00,148.438,148.4555,148.38299999999998,148.423,0
2023-09-25 07:15:00+00:00,148.4235,148.44150000000002,148.40449999999998,148.4255,0
2023-09-25 07:30:00+00:00,148.425,148.4335,148.37400000000002,148.392,0
2023-09-25 07:45:00+00:00,148.39,148.4575,148.3745,148.4385,0
2023-09-26 00:00:00+00:00,148.824,148.8245,148.752,148.753,0
2023-09-26 00:15:00+00:00,148.7525,148.7745,148.7055,148.726,0
2023-09-26 00:30:00+00:00,148.72500000000002,148.768,148.72050000000002,148.7615,0
2023-09-26 00:45:00+00:00,148.7625,148.909,148.7595,148.8825,0
2023-09-26 16:00:00+00:00,148.906,148.964,148.9055,148.94799999999998,0
2023-09-26 16:15:00+00:00,148.9475,148.9515,148.899,148.92700000000002,0
2023-09-26 16:30:00+00:00,148.929,148.9365,148.873,148.9055,0
2023-09-26 16:45:00+00:00,148.906,148.94650000000001,148.89,148.9265,0
2023-09-26 23:00:00+00:00,149.058,149.067,149.048,149.05599999999998,0
2023-09-26 23:15:00+00:00,149.0565,149.08249999999998,149.054,149.06099999999998,0
2023-09-26 23:30:00+00:00,149.0605,149.0655,149.0215,149.0235,0
2023-09-26 23:45:00+00:00,149.024,149.059,148.997,149.0555,0
2023-09-27 15:00:00+00:00,149.497,149.4985,149.3755,149.43200000000002,0
2023-09-27 15:15:00+00:00,149.4325,149.474,149.397,149.41000000000003,0
2023-09-27 15:30:00+00:00,149.4095,149.4485,149.387,149.4385,0
2023-09-27 15:45:00+00:00,149.4395,149.5005,149.416,149.4875,0
2023-09-28 14:00:00+00:00,149.3005,149.33300000000003,149.14600000000002,149.178,0
2023-09-28 14:15:00+00:00,149.177,149.2895,149.1755,149.27499999999998,0
2023-09-28 14:30:00+00:00,149.2735,149.3625,149.25099999999998,149.2525,0
2023-09-28 14:45:00+00:00,149.2525,149.386,149.216,149.3845,0
2023-09-28 22:00:00+00:00,149.2855,149.2885,149.2105,149.21949999999998,0
2023-09-28 22:15:00+00:00,149.219,149.23200000000003,149.202,149.232,0
2023-09-28 22:30:00+00:00,149.231,149.253,149.2285,149.231,0
2023-09-28 22:45:00+00:00,149.23149999999998,149.2705,149.23149999999998,149.264,0
2023-09-29 07:00:00+00:00,148.878,148.90800000000002,148.6835,148.7225,0
2023-09-29 07:15:00+00:00,148.72199999999998,148.75549999999998,148.6435,148.68099999999998,0
2023-09-29 07:30:00+00:00,148.6815,148.7005,148.52949999999998,148.6905,0
2023-09-29 07:45:00+00:00,148.688,148.79399999999998,148.684,148.77100000000002,0
2023-09-29 14:00:00+00:00,149.2455,149.38099999999997,149.19400000000002,149.373,0
2023-09-29 14:15:00+00:00,149.372,149.3955,149.2975,149.346,0
2023-09-29 14:30:00+00:00,149.34550000000002,149.3665,149.253,149.2975,0
2023-09-29 14:45:00+00:00,149.2985,149.30700000000002,149.135,149.2095,0
2023-10-01 21:00:00+00:00,149.60649999999998,149.631,149.53,149.5485,0
2023-10-01 21:15:00+00:00,149.53699999999998,149.55599999999998,149.516,149.5365,0
2023-10-01 21:30:00+00:00,149.5315,149.5635,149.522,149.5625,0
2023-10-01 21:45:00+00:00,149.56099999999998,149.56099999999998,149.502,149.50900000000001,0
2023-10-02 13:00:00+00:00,149.8065,149.82299999999998,149.7855,149.796,0
2023-10-02 13:15:00+00:00,149.7965,149.82,149.7855,149.8065,0
2023-10-02 13:30:00+00:00,149.80700000000002,149.8275,149.7695,149.787,0
2023-10-02 13:45:00+00:00,149.797,149.858,149.797,149.8345,0
2023-10-02 20:00:00+00:00,149.79899999999998,149.856,149.79899999999998,149.8415,0
2023-10-02 20:15:00+00:00,149.84199999999998,149.8605,149.832,149.8605,0
2023-10-02 20:30:00+00:00,149.86,149.875,149.85899999999998,149.87099999999998,0
2023-10-02 20:45:00+00:00,149.8725,149.8725,149.849,149.853,0
2023-10-03 12:00:00+00:00,149.97500000000002,149.98000000000002,149.952,149.95499999999998,0
2023-10-03 12:15:00+00:00,149.9545,149.9575,149.886,149.9315,0
2023-10-03 12:30:00+00:00,149.93200000000002,149.9695,149.913,149.942,0
2023-10-03 12:45:00+00:00,149.9425,149.9625,149.91199999999998,149.92200000000003,0
2023-10-04 13:00:00+00:00,148.875,148.9615,148.85000000000002,148.86200000000002,0
2023-10-04 13:15:00+00:00,148.8625,148.99,148.8515,148.93,0
2023-10-04 13:30:00+00:00,148.93200000000002,148.9365,148.8435,148.905,0
2023-10-04 13:45:00+00:00,148.904,148.973,148.8605,148.94400000000002,0
2023-10-04 23:00:00+00:00,148.999,149.00150000000002,148.94400000000002,148.9675,0
2023-10-04 23:15:00+00:00,148.9685,148.9755,148.9215,148.9265,0
2023-10-04 23:30:00+00:00,148.9255,148.9855,148.92000000000002,148.95600000000002,0
2023-10-04 23:45:00+00:00,148.9565,148.98250000000002,148.947,148.98250000000002,0
2023-10-05 02:00:00+00:00,148.308,148.40300000000002,148.2895,148.372,0
2023-10-05 02:15:00+00:00,148.37099999999998,148.4565,148.3705,148.45,0
2023-10-05 02:30:00+00:00,148.45100000000002,148.52800000000002,148.45100000000002,148.50099999999998,0
2023-10-05 02:45:00+00:00,148.4955,148.498,148.4455,148.47000000000003,0
2023-10-06 02:00:00+00:00,148.5165,148.52499999999998,148.49099999999999,148.5075,0
2023-10-06 02:15:00+00:00,148.51,148.536,148.4985,148.5265,0
2023-10-06 02:30:00+00:00,148.526,148.66000000000003,148.5255,148.6215,0
2023-10-06 02:45:00+00:00,148.622,148.64299999999997,148.5945,148.6155,0
2023-10-10 04:00:00+00:00,148.618,148.68200000000002,148.6145,148.66899999999998,0
2023-10-10 04:15:00+00:00,148.67000000000002,148.74450000000002,148.66899999999998,148.744,0
2023-10-10 04:30:00+00:00,148.7435,148.756,148.70850000000002,148.711,0
2023-10-10 04:45:00+00:00,148.70999999999998,148.76100000000002,148.70999999999998,148.7415,0
2023-10-10 12:00:00+00:00,149.06900000000002,149.086,149.0115,149.04500000000002,0
2023-10-10 12:15:00+00:00,149.0455,149.096,149.043,149.06099999999998,0
2023-10-10 12:30:00+00:00,149.0625,149.06400000000002,148.95850000000002,148.9755,0
2023-10-10 12:45:00+00:00,148.9735,149.003,148.89499999999998,148.9295,0
2023-10-12 16:00:00+00:00,149.7175,149.7175,149.6615,149.703,0
2023-10-12 16:15:00+00:00,149.7025,149.75099999999998,149.6905,149.7105,0
2023-10-12 16:30:00+00:00,149.70999999999998,149.7525,149.6985,149.74200000000002,0
2023-10-12 16:45:00+00:00,149.7425,149.7855,149.721,149.738,0
2023-10-13 00:00:00+00:00,149.7885,149.79000000000002,149.73399999999998,149.7855,0
2023-10-13 00:15:00+00:00,149.78500000000003,149.79000000000002,149.745,149.7665,0
2023-10-13 00:30:00+00:00,149.76600000000002,149.7985,149.75400000000002,149.7665,0
2023-10-13 00:45:00+00:00,149.76749999999998,149.8295,149.74450000000002,149.75400000000002,0
2023-10-13 03:00:00+00:00,149.8015,149.80200000000002,149.7465,149.7785,0
2023-10-13 03:15:00+00:00,149.779,149.7905,149.7615,149.7665,0
2023-10-13 03:30:00+00:00,149.767,149.7955,149.7625,149.7865,0
2023-10-13 03:45:00+00:00,149.7855,149.79000000000002,149.76299999999998,149.7655,0
2023-10-13 05:00:00+00:00,149.6485,149.6595,149.601,149.6045,0
2023-10-13 05:15:00+00:00,149.60399999999998,149.63400000000001,149.574,149.6155,0
2023-10-13 05:30:00+00:00,149.6145,149.663,149.608,149.6465,0
2023-10-13 05:45:00+00:00,149.64600000000002,149.7395,149.6145,149.71300000000002,0
2023-10-13 09:00:00+00:00,149.704,149.779,149.7035,149.74400000000003,0
2023-10-13 09:15:00+00:00,149.745,149.74599999999998,149.7,149.728,0
2023-10-13 09:30:00+00:00,149.727,149.74200000000002,149.6995,149.709,0
2023-10-13 09:45:00+00:00,149.7095,149.71699999999998,149.6435,149.6435,0
2023-10-13 10:00:00+00:00,149.644,149.6445,149.563,149.61599999999999,0
2023-10-13 10:15:00+00:00,149.6155,149.6615,149.5915,149.6045,0
2023-10-13 10:30:00+00:00,149.60500000000002,149.63799999999998,149.589,149.60750000000002,0
2023-10-13 10:45:00+00:00,149.60700000000003,149.6315,149.5845,149.625,0
2023-10-13 11:00:00+00:00,149.6255,149.6325,149.5735,149.5865,0
2023-10-13 11:15:00+00:00,149.5875,149.63,149.5595,149.611,0
2023-10-13 11:30:00+00:00,149.611,149.6355,149.5645,149.632,0
2023-10-13 11:45:00+00:00,149.6315,149.6375,149.565,149.613,0
2023-10-16 02:00:00+00:00,149.4695,149.48000000000002,149.45499999999998,149.469,0
2023-10-16 02:15:00+00:00,149.4695,149.47050000000002,149.4445,149.458,0
2023-10-16 02:30:00+00:00,149.4575,149.45800000000003,149.429,149.4535,0
2023-10-16 02:45:00+00:00,149.45299999999997,149.4775,149.44299999999998,149.4445,0
2023-10-17 05:00:00+00:00,149.5505,149.5725,149.5485,149.5595,0
2023-10-17 05:15:00+00:00,149.55900000000003,149.594,149.55700000000002,149.58800000000002,0
2023-10-17 05:30:00+00:00,149.5875,149.6045,149.57999999999998,149.5975,0
2023-10-17 05:45:00+00:00,149.598,149.613,149.5825,149.60899999999998,0
2023-10-17 20:00:00+00:00,149.77800000000002,149.7965,149.769,149.787,0
2023-10-17 20:15:00+00:00,149.7865,149.822,149.7715,149.822,0
2023-10-17 20:30:00+00:00,149.821,149.848,149.8205,149.8315,0
2023-10-17 20:45:00+00:00,149.83100000000002,149.83499999999998,149.78750000000002,149.815,0
2023-10-18 11:00:00+00:00,149.702,149.712,149.6795,149.702,0
2023-10-18 11:15:00+00:00,149.7015,149.7065,149.6805,149.6925,0
2023-10-18 11:30:00+00:00,149.69299999999998,149.69299999999998,149.65699999999998,149.6765,0
2023-10-18 11:45:00+00:00,149.67700000000002,149.6975,149.6285,149.6815,0
2023-10-20 06:00:00+00:00,149.8535,149.8755,149.84199999999998,149.8715,0
2023-10-20 06:15:00+00:00,149.873,149.92000000000002,149.86200000000002,149.9185,0
2023-10-20 06:30:00+00:00,149.9195,149.9545,149.913,149.9395,0
2023-10-20 06:45:00+00:00,149.94,149.95299999999997,149.89,149.89800000000002,0
2023-10-20 14:00:00+00:00,149.9205,149.93200000000002,149.8835,149.93200000000002,0
2023-10-20 14:15:00+00:00,149.9325,149.9435,149.9105,149.9335,0
2023-10-20 14:30:00+00:00,149.9325,149.942,149.88400000000001,149.9085,0
2023-10-20 14:45:00+00:00,149.909,149.91500000000002,149.85899999999998,149.8985,0
2023-10-23 01:00:00+00:00,149.86,149.88600000000002,149.848,149.8605,0
2023-10-23 01:15:00+00:00,149.86,149.877,149.851,149.8725,0
2023-10-23 01:30:00+00:00,149.872,149.873,149.85399999999998,149.865,0
2023-10-23 01:45:00+00:00,149.865,149.88,149.863,149.8785,0
2023-10-23 10:00:00+00:00,149.986,149.99099999999999,149.8685,149.98399999999998,0
2023-10-23 10:15:00+00:00,149.9835,149.9885,149.962,149.98250000000002,0
2023-10-23 10:30:00+00:00,149.9835,149.9865,149.9675,149.9735,0
2023-10-23 10:45:00+00:00,149.973,149.9785,149.95999999999998,149.97199999999998,0
2023-10-23 18:00:00+00:00,149.7055,149.728,149.688,149.6905,0
2023-10-23 18:15:00+00:00,149.691,149.691,149.6455,149.6475,0
2023-10-23 18:30:00+00:00,149.643,149.6515,149.6225,149.635,0
2023-10-23 18:45:00+00:00,149.6355,149.64499999999998,149.5605,149.5635,0
2023-10-24 20:00:00+00:00,149.8895,149.904,149.86700000000002,149.89600000000002,0
2023-10-24 20:15:00+00:00,149.8965,149.897,149.865,149.8725,0
2023-10-24 20:30:00+00:00,149.872,149.921,149.872,149.89350000000002,0
2023-10-24 20:45:00+00:00,149.894,149.91649999999998,149.875,149.9125,0
2023-10-25 13:00:00+00:00,149.921,149.923,149.88049999999998,149.90800000000002,0
2023-10-25 13:15:00+00:00,149.90699999999998,149.9355,149.9035,149.925,0
2023-10-25 13:30:00+00:00,149.92399999999998,149.9445,149.914,149.9345,0
2023-10-25 13:45:00+00:00,149.934,149.94,149.892,149.9,0
2023-10-25 20:00:00+00:00,150.05700000000002,150.08100000000002,150.053,150.0765,0
2023-10-25 20:15:00+00:00,150.0755,150.16750000000002,150.075,150.161,0
2023-10-25 20:30:00+00:00,150.16199999999998,150.31900000000002,150.148,150.2645,0
2023-10-25 20:45:00+00:00,150.2655,150.2815,150.19650000000001,150.231,0
2023-10-26 04:00:00+00:00,150.4205,150.4325,150.3895,150.39600000000002,0
2023-10-26 04:15:00+00:00,150.3965,150.41199999999998,150.3845,150.3985,0
2023-10-26 04:30:00+00:00,150.399,150.4095,150.38400000000001,150.3845,0
2023-10-26 04:45:00+00:00,150.385,150.4375,150.38,150.4325,0
2023-10-26 11:00:00+00:00,150.27100000000002,150.3135,150.27100000000002,150.312,0
2023-10-26 11:15:00+00:00,150.3105,150.3765,150.289,150.3645,0
2023-10-26 11:30:00+00:00,150.365,150.4125,150.3645,150.393,0
2023-10-26 11:45:00+00:00,150.39249999999998,150.447,150.39100000000002,150.4315,0
2023-10-27 20:00:00+00:00,149.559,149.6065,149.5195,149.5935,0
2023-10-27 20:15:00+00:00,149.59550000000002,149.644,149.5925,149.6115,0
2023-10-27 20:30:00+00:00,149.60750000000002,149.6765,149.60750000000002,149.67000000000002,0
2023-10-27 20:45:00+00:00,149.66649999999998,149.7435,149.628,149.64249999999998,0
2023-10-30 11:00:00+00:00,149.68900000000002,149.7595,149.6885,149.74200000000002,0
2023-10-30 11:15:00+00:00,149.7425,149.7585,149.73250000000002,149.7345,0
2023-10-30 11:30:00+00:00,149.73399999999998,149.78199999999998,149.69650000000001,149.7655,0
2023-10-30 11:45:00+00:00,149.7645,149.7665,149.72050000000002,149.7545,0
2023-10-30 17:00:00+00:00,149.01799999999997,149.0875,148.99,149.06799999999998,0
2023-10-30 17:15:00+00:00,149.0685,149.075,149.00400000000002,149.007,0
2023-10-30 17:30:00+00:00,149.0075,149.02800000000002,148.9725,148.986,0
2023-10-30 17:45:00+00:00,148.9855,149.053,148.9665,149.0405,0
2023-10-30 22:00:00+00:00,149.067,149.07,149.0275,149.0565,0
2023-10-30 22:15:00+00:00,149.0595,149.1205,149.055,149.115,0
2023-10-30 22:30:00+00:00,149.1145,149.125,149.106,149.1105,0
2023-10-30 22:45:00+00:00,149.111,149.131,149.091,149.123,0
2023-10-30 23:00:00+00:00,149.1235,149.1525,149.121,149.14100000000002,0
2023-10-30 23:15:00+00:00,149.1405,149.15449999999998,149.12099999999998,149.1325,0
2023-10-30 23:30:00+00:00,149.132,149.1625,149.1215,149.1295,0
2023-10-30 23:45:00+00:00,149.1265,149.1335,149.08300000000003,149.10000000000002,0
2023-10-31 06:00:00+00:00,150.2285,150.26600000000002,150.20350000000002,150.2525,0
2023-10-31 06:15:00+00:00,150.2515,150.2535,150.1385,150.195,0
2023-10-31 06:30:00+00:00,150.195,150.316,150.1945,150.24099999999999,0
2023-10-31 06:45:00+00:00,150.2405,150.29649999999998,150.171,150.204,0
2023-10-31 11:00:00+00:00,150.6855,150.7075,150.639,150.663,0
2023-10-31 11:15:00+00:00,150.6625,150.708,150.6525,150.707,0
2023-10-31 11:30:00+00:00,150.7075,150.7265,150.678,150.7175,0
2023-10-31 11:45:00+00:00,150.7155,150.777,150.67700000000002,150.738,0
2023-11-01 02:00:00+00:00,151.34449999999998,151.3485,151.235,151.2435,0
2023-11-01 02:15:00+00:00,151.24400000000003,151.25799999999998,151.2095,151.245,0
2023-11-01 02:30:00+00:00,151.2455,151.291,151.2425,151.245,0
2023-11-01 02:45:00+00:00,151.24450000000002,151.2565,151.16699999999997,151.22199999999998,0
2023-11-02 10:00:00+00:00,150.2975,150.361,150.289,150.35500000000002,0
2023-11-02 10:15:00+00:00,150.35500000000002,150.3975,150.3445,150.358,0
2023-11-02 10:30:00+00:00,150.358,150.3895,150.33499999999998,150.3485,0
2023-11-02 10:45:00+00:00,150.349,150.4025,150.348,150.36200000000002,0
2023-11-03 15:00:00+00:00,149.4815,149.518,149.4125,149.4385,0
2023-11-03 15:15:00+00:00,149.43349999999998,149.4615,149.392,149.399,0
2023-11-03 15:30:00+00:00,149.3985,149.44,149.3225,149.423,0
2023-11-03 15:45:00+00:00,149.4235,149.4365,149.3175,149.3675,0
2023-11-06 21:00:00+00:00,149.9975,150.03,149.997,150.02949999999998,0
2023-11-06 21:15:00+00:00,150.02800000000002,150.062,150.02100000000002,150.0525,0
2023-11-06 21:30:00+00:00,150.05200000000002,150.06099999999998,150.047,150.05700000000002,0
2023-11-06 21:45:00+00:00,150.05700000000002,150.08300000000003,150.04500000000002,150.07150000000001,0
2023-11-07 11:00:00+00:00,150.347,150.414,150.3165,150.39999999999998,0
2023-11-07 11:15:00+00:00,150.4005,150.4335,150.394,150.417,0
2023-11-07 11:30:00+00:00,150.41649999999998,150.454,150.397,150.4305,0
2023-11-07 11:45:00+00:00,150.428,150.428,150.37400000000002,150.406,0
2023-11-07 20:00:00+00:00,150.441,150.4785,150.4325,150.442,0
2023-11-07 20:15:00+00:00,150.4415,150.442,150.4065,150.40699999999998,0
2023-11-07 20:30:00+00:00,150.4075,150.422,150.40300000000002,150.41649999999998,0
2023-11-07 20:45:00+00:00,150.41699999999997,150.447,150.409,150.445,0
2023-11-08 08:00:00+00:00,150.68349999999998,150.6895,150.5975,150.66199999999998,0
2023-11-08 08:15:00+00:00,150.661,150.7125,150.64999999999998,150.66500000000002,0
2023-11-08 08:30:00+00:00,150.6645,150.687,150.6385,150.6505,0
2023-11-08 08:45:00+00:00,150.6465,150.7275,150.6285,150.7075,0
2023-11-08 19:00:00+00:00,150.957,150.976,150.957,150.966,0
2023-11-08 19:15:00+00:00,150.9665,150.9755,150.954,150.9755,0
2023-11-08 19:30:00+00:00,150.9785,151.015,150.96800000000002,151.0085,0
2023-11-08 19:45:00+00:00,151.00900000000001,151.0545,151.0025,151.03500000000003,0
2023-11-09 06:00:00+00:00,151.036,151.0925,151.017,151.0605,0
2023-11-09 06:15:00+00:00,151.059,151.07299999999998,151.00549999999998,151.017,0
2023-11-09 06:30:00+00:00,151.018,151.01999999999998,150.882,150.8975,0
2023-11-09 06:45:00+00:00,150.897,150.909,150.7705,150.848,0
2023-11-09 08:00:00+00:00,150.9155,150.94799999999998,150.881,150.9475,0
2023-11-09 08:15:00+00:00,150.9495,151.055,150.94799999999998,151.039,0
2023-11-09 08:30:00+00:00,151.038,151.0485,150.886,150.973,0
2023-11-09 08:45:00+00:00,150.9735,151.0345,150.9525,151.01749999999998,0
2023-11-09 11:00:00+00:00,151.12400000000002,151.1455,151.108,151.132,0
2023-11-09 11:15:00+00:00,151.1325,151.185,151.118,151.1755,0
2023-11-09 11:30:00+00:00,151.175,151.185,151.1515,151.15449999999998,0
2023-11-09 11:45:00+00:00,151.1565,151.176,151.1395,151.1395,0
2023-11-09 19:00:00+00:00,151.1535,151.31900000000002,151.135,151.2975,0
2023-11-09 19:15:00+00:00,151.296,151.3505,151.28699999999998,151.3395,0
2023-11-09 19:30:00+00:00,151.34,151.3885,151.3175,151.368,0
2023-11-09 19:45:00+00:00,151.3675,151.3675,151.3015,151.32600000000002,0
2023-11-10 07:00:00+00:00,151.38099999999997,151.452,151.38099999999997,151.4275,0
2023-11-10 07:15:00+00:00,151.42700000000002,151.4365,151.40499999999997,151.4225,0
2023-11-10 07:30:00+00:00,151.422,151.453,151.361,151.361,0
2023-11-10 07:45:00+00:00,151.3615,151.3835,151.3265,151.375,0
2023-11-10 17:00:00+00:00,151.55200000000002,151.555,151.5205,151.555,0
2023-11-10 17:15:00+00:00,151.5545,151.589,151.5545,151.5705,0
2023-11-10 17:30:00+00:00,151.571,151.58100000000002,151.541,151.559,0
2023-11-10 17:45:00+00:00,151.558,151.57,151.54399999999998,151.559,0
2023-11-13 06:00:00+00:00,151.7755,151.801,151.76600000000002,151.796,0
2023-11-13 06:15:00+00:00,151.7955,151.796,151.746,151.746,0
2023-11-13 06:30:00+00:00,151.7485,151.7975,151.7485,151.78699999999998,0
2023-11-13 06:45:00+00:00,151.7875,151.79899999999998,151.7275,151.7485,0
2023-11-13 16:00:00+00:00,151.6905,151.69150000000002,151.5805,151.5925,0
2023-11-13 16:15:00+00:00,151.5915,151.636,151.54500000000002,151.5785,0
2023-11-13 16:30:00+00:00,151.58100000000002,151.598,151.4965,151.523,0
2023-11-13 16:45:00+00:00,151.5225,151.5735,151.507,151.57,0
2023-11-14 07:00:00+00:00,151.6985,151.70100000000002,151.636,151.656,0
2023-11-14 07:15:00+00:00,151.655,151.6625,151.627,151.63099999999997,0
2023-11-14 07:30:00+00:00,151.63150000000002,151.643,151.59199999999998,151.5935,0
2023-11-14 07:45:00+00:00,151.594,151.6335,151.5745,151.6325,0
2023-11-15 00:00:00+00:00,150.4865,150.6705,150.4435,150.6455,0
2023-11-15 00:15:00+00:00,150.64499999999998,150.654,150.5615,150.6325,0
2023-11-15 00:30:00+00:00,150.63299999999998,150.75799999999998,150.6175,150.75799999999998,0
2023-11-15 00:45:00+00:00,150.762,150.7935,150.54000000000002,150.62,0
2023-11-15 08:00:00+00:00,150.69,150.699,150.6025,150.6885,0
2023-11-15 08:15:00+00:00,150.6905,150.70499999999998,150.58499999999998,150.6135,0
2023-11-15 08:30:00+00:00,150.613,150.62400000000002,150.54399999999998,150.548,0
2023-11-15 08:45:00+00:00,150.5475,150.5695,150.46300000000002,150.488,0
2023-11-15 12:00:00+00:00,150.274,150.3305,150.269,150.32600000000002,0
2023-11-15 12:15:00+00:00,150.328,150.4545,150.315,150.4315,0
2023-11-15 12:30:00+00:00,150.43099999999998,150.481,150.416,150.457,0
2023-11-15 12:45:00+00:00,150.4575,150.459,150.3815,150.392,0
2023-11-16 07:00:00+00:00,151.341,151.397,151.3405,151.39,0
2023-11-16 07:15:00+00:00,151.389,151.4115,151.3755,151.39999999999998,0
2023-11-16 07:30:00+00:00,151.39999999999998,151.42899999999997,151.352,151.3535,0
2023-11-16 07:45:00+00:00,151.3545,151.3865,151.33100000000002,151.377,0
2023-11-16 17:00:00+00:00,150.594,150.65550000000002,150.565,150.567,0
2023-11-16 17:15:00+00:00,150.57299999999998,150.606,150.55599999999998,150.5805,0
2023-11-16 17:30:00+00:00,150.5795,150.59,150.546,150.5465,0
2023-11-16 17:45:00+00:00,150.547,150.55700000000002,150.497,150.51049999999998,0
2023-11-17 08:00:00+00:00,150.44400000000002,150.4555,150.34550000000002,150.3555,0
2023-11-17 08:15:00+00:00,150.356,150.42200000000003,150.2665,150.272,0
2023-11-17 08:30:00+00:00,150.2725,150.2985,150.00599999999997,150.08999999999997,0
2023-11-17 08:45:00+00:00,150.0895,150.12400000000002,149.7525,149.78699999999998,0
2023-11-17 12:00:00+00:00,149.507,149.554,149.40449999999998,149.4515,0
2023-11-17 12:15:00+00:00,149.45100000000002,149.562,149.427,149.4395,0
2023-11-17 12:30:00+00:00,149.43900000000002,149.4405,149.277,149.2835,0
2023-11-17 12:45:00+00:00,149.284,149.3735,149.2025,149.37099999999998,0
2023-11-17 18:00:00+00:00,149.7,149.75,149.69650000000001,149.7315,0
2023-11-17 18:15:00+00:00,149.731,149.731,149.6705,149.69,0
2023-11-17 18:30:00+00:00,149.6865,149.688,149.635,149.6365,0
2023-11-17 18:45:00+00:00,149.636,149.66899999999998,149.599,149.61,0
2023-11-20 15:00:00+00:00,148.4245,148.49200000000002,148.4125,148.44099999999997,0
2023-11-20 15:15:00+00:00,148.4415,148.5465,148.41750000000002,148.4715,0
2023-11-20 15:30:00+00:00,148.47050000000002,148.47050000000002,148.35500000000002,148.399,0
2023-11-20 15:45:00+00:00,148.40449999999998,148.4075,148.25799999999998,148.373,0
2023-11-20 23:00:00+00:00,148.3385,148.341,148.2235,148.27550000000002,0
2023-11-20 23:15:00+00:00,148.276,148.2955,148.2645,148.273,0
2023-11-20 23:30:00+00:00,148.2745,148.308,148.2545,148.308,0
2023-11-20 23:45:00+00:00,148.3075,148.38600000000002,148.30599999999998,148.38600000000002,0
2023-11-21 06:00:00+00:00,147.7815,147.83499999999998,147.6855,147.8325,0
2023-11-21 06:15:00+00:00,147.832,147.832,147.75099999999998,147.7525,0
2023-11-21 06:30:00+00:00,147.75400000000002,147.77499999999998,147.63600000000002,147.67000000000002,0
2023-11-21 06:45:00+00:00,147.6705,147.707,147.6115,147.6775,0
2023-11-21 22:00:00+00:00,148.3955,148.4035,148.3375,148.346,0
2023-11-21 22:15:00+00:00,148.3465,148.3515,148.28750000000002,148.316,0
2023-11-21 22:30:00+00:00,148.3155,148.31799999999998,148.2855,148.3025,0
2023-11-21 22:45:00+00:00,148.30349999999999,148.3125,148.2415,148.254,0
2023-11-22 14:00:00+00:00,149.2365,149.37,149.2,149.35700000000003,0
2023-11-22 14:15:00+00:00,149.35750000000002,149.47050000000002,149.334,149.38299999999998,0
2023-11-22 14:30:00+00:00,149.38099999999997,149.392,149.248,149.2575,0
2023-11-22 14:45:00+00:00,149.2565,149.3615,149.2045,149.3585,0
2023-11-23 17:00:00+00:00,149.5885,149.59,149.55399999999997,149.55700000000002,0
2023-11-23 17:15:00+00:00,149.5575,149.59199999999998,149.555,149.57999999999998,0
2023-11-23 17:30:00+00:00,149.5855,149.639,149.5855,149.6375,0
2023-11-23 17:45:00+00:00,149.63549999999998,149.64299999999997,149.622,149.622,0
2023-11-24 00:00:00+00:00,149.6395,149.7145,149.62400000000002,149.6585,0
2023-11-24 00:15:00+00:00,149.65800000000002,149.66500000000002,149.61,149.6225,0
2023-11-24 00:30:00+00:00,149.6215,149.635,149.53449999999998,149.55349999999999,0
2023-11-24 00:45:00+00:00,149.55399999999997,149.56799999999998,149.4105,149.4915,0
2023-11-24 08:00:00+00:00,149.42849999999999,149.54399999999998,149.373,149.536,0
2023-11-24 08:15:00+00:00,149.534,149.6005,149.5025,149.5275,0
2023-11-24 08:30:00+00:00,149.5315,149.6035,149.515,149.53500000000003,0
2023-11-24 08:45:00+00:00,149.534,149.54700000000003,149.4965,149.534,0
2023-11-24 15:00:00+00:00,149.51600000000002,149.5365,149.4615,149.505,0
2023-11-24 15:15:00+00:00,149.50400000000002,149.56,149.494,149.5375,0
2023-11-24 15:30:00+00:00,149.538,149.5615,149.4735,149.4765,0
2023-11-24 15:45:00+00:00,149.476,149.53500000000003,149.4625,149.50099999999998,0
2023-11-27 05:00:00+00:00,149.00900000000001,149.07600000000002,148.98000000000002,148.9865,0
2023-11-27 05:15:00+00:00,148.9885,149.06099999999998,148.98250000000002,149.0385,0
2023-11-27 05:30:00+00:00,149.039,149.1085,149.01799999999997,149.0775,0
2023-11-27 05:45:00+00:00,149.0765,149.156,149.02949999999998,149.1345,0
2023-11-28 11:00:00+00:00,148.6105,148.6415,148.58100000000002,148.60750000000002,0
2023-11-28 11:15:00+00:00,148.61,148.6265,148.6015,148.619,0
2023-11-28 11:30:00+00:00,148.6185,148.6255,148.50400000000002,148.512,0
2023-11-28 11:45:00+00:00,148.5125,148.59699999999998,148.405,148.5895,0
2023-11-28 19:00:00+00:00,147.5805,147.58100000000002,147.4495,147.45999999999998,0
2023-11-28 19:15:00+00:00,147.4605,147.524,147.4325,147.50099999999998,0
2023-11-28 19:30:00+00:00,147.5,147.5385,147.41500000000002,147.44799999999998,0
2023-11-28 19:45:00+00:00,147.449,147.4495,147.3915,147.4255,0
2023-11-29 09:00:00+00:00,147.273,147.35750000000002,147.1805,147.356,0
2023-11-29 09:15:00+00:00,147.3565,147.4775,147.34550000000002,147.4675,0
2023-11-29 09:30:00+00:00,147.46699999999998,147.65499999999997,147.4665,147.5825,0
2023-11-29 09:45:00+00:00,147.583,147.5875,147.5065,147.5685,0
2023-11-30 00:00:00+00:00,147.06,147.1905,147.0315,147.10750000000002,0
2023-11-30 00:15:00+00:00,147.1065,147.1235,146.969,147.05200000000002,0
2023-11-30 00:30:00+00:00,147.05,147.074,146.9075,147.046,0
2023-11-30 00:45:00+00:00,147.0465,147.0645,146.88549999999998,146.9765,0
2023-11-30 18:00:00+00:00,148.211,148.2245,148.0935,148.10750000000002,0
2023-11-30 18:15:00+00:00,148.107,148.12099999999998,148.04399999999998,148.0475,0
2023-11-30 18:30:00+00:00,148.0485,148.1765,148.0485,148.176,0
2023-11-30 18:45:00+00:00,148.1765,148.2695,148.17399999999998,148.2225,0
2023-12-01 04:00:00+00:00,148.12400000000002,148.1585,148.0875,148.1025,0
2023-12-01 04:15:00+00:00,148.103,148.12599999999998,148.0385,148.0445,0
2023-12-01 04:30:00+00:00,148.04500000000002,148.05900000000003,147.9995,148.02800000000002,0
2023-12-01 04:45:00+00:00,148.031,148.087,148.02800000000002,148.08100000000002,0
2023-12-01 20:00:00+00:00,146.857,146.897,146.8225,146.8235,0
2023-12-01 20:15:00+00:00,146.8225,146.8465,146.7905,146.83100000000002,0
2023-12-01 20:30:00+00:00,146.8315,146.859,146.812,146.841,0
2023-12-01 20:45:00+00:00,146.841,146.9015,146.83800000000002,146.8755,0
2023-12-03 23:00:00+00:00,146.6775,146.7255,146.3225,146.447,0
2023-12-03 23:15:00+00:00,146.44650000000001,146.4715,146.23250000000002,146.31400000000002,0
2023-12-03 23:30:00+00:00,146.3145,146.4975,146.2725,146.49099999999999,0
2023-12-03 23:45:00+00:00,146.49349999999998,146.4955,146.323,146.364,0
2023-12-04 15:00:00+00:00,146.76299999999998,146.76299999999998,146.471,146.6445,0
2023-12-04 15:15:00+00:00,146.644,146.9375,146.57299999999998,146.9095,0
2023-12-04 15:30:00+00:00,146.91000000000003,147.16500000000002,146.882,147.0645,0
2023-12-04 15:45:00+00:00,147.06400000000002,147.139,147.03699999999998,147.1065,0
2023-12-05 14:00:00+00:00,146.7955,146.99200000000002,146.788,146.9905,0
2023-12-05 14:15:00+00:00,146.9905,147.0345,146.949,147.0225,0
2023-12-05 14:30:00+00:00,147.023,147.0725,146.9215,147.00650000000002,0
2023-12-05 14:45:00+00:00,147.00900000000001,147.23899999999998,146.998,147.18099999999998,0
2023-12-06 14:00:00+00:00,147.0795,147.277,147.0775,147.268,0
2023-12-06 14:15:00+00:00,147.26749999999998,147.336,147.1755,147.2035,0
2023-12-06 14:30:00+00:00,147.2045,147.24599999999998,147.12900000000002,147.204,0
2023-12-06 14:45:00+00:00,147.2035,147.29399999999998,147.13,147.19299999999998,0
2023-12-06 23:00:00+00:00,147.2335,147.28300000000002,147.208,147.2825,0
2023-12-06 23:15:00+00:00,147.2815,147.2975,147.2545,147.25799999999998,0
2023-12-06 23:30:00+00:00,147.2585,147.301,147.2475,147.2595,0
2023-12-06 23:45:00+00:00,147.26,147.2655,147.14499999999998,147.1845,0
2023-12-07 20:00:00+00:00,143.4565,143.5525,143.4365,143.4955,0
2023-12-07 20:15:00+00:00,143.49599999999998,143.56,143.47500000000002,143.5435,0
2023-12-07 20:30:00+00:00,143.5455,143.6485,143.5285,143.5995,0
2023-12-07 20:45:00+00:00,143.599,143.7275,143.589,143.724,0
2023-12-11 03:00:00+00:00,145.4115,145.4325,145.3005,145.348,0
2023-12-11 03:15:00+00:00,145.3535,145.394,145.327,145.3665,0
2023-12-11 03:30:00+00:00,145.36700000000002,145.399,145.312,145.38799999999998,0
2023-12-11 03:45:00+00:00,145.3875,145.43,145.373,145.4235,0
2023-12-11 22:00:00+00:00,146.16899999999998,146.1745,146.118,146.13600000000002,0
2023-12-11 22:15:00+00:00,146.1355,146.164,146.1275,146.152,0
2023-12-11 22:30:00+00:00,146.151,146.1825,146.122,146.14499999999998,0
2023-12-11 22:45:00+00:00,146.14350000000002,146.186,146.14249999999998,146.1525,0
2023-12-13 08:00:00+00:00,145.81400000000002,145.8715,145.7435,145.827,0
2023-12-13 08:15:00+00:00,145.8305,145.94799999999998,145.7735,145.9155,0
2023-12-13 08:30:00+00:00,145.9145,145.9545,145.882,145.88299999999998,0
2023-12-13 08:45:00+00:00,145.8825,145.897,145.81400000000002,145.849,0
2023-12-13 16:00:00+00:00,145.1565,145.2275,145.1235,145.1525,0
2023-12-13 16:15:00+00:00,145.154,145.191,145.096,145.185,0
2023-12-13 16:30:00+00:00,145.1855,145.25549999999998,145.1575,145.1635,0
2023-12-13 16:45:00+00:00,145.163,145.2055,145.125,145.1795,0
2023-12-14 20:00:00+00:00,141.921,141.97899999999998,141.8815,141.9325,0
2023-12-14 20:15:00+00:00,141.9305,141.93400000000003,141.77800000000002,141.85,0
2023-12-14 20:30:00+00:00,141.8485,141.8495,141.769,141.791,0
2023-12-14 20:45:00+00:00,141.79199999999997,141.83350000000002,141.773,141.802,0
2023-12-15 03:00:00+00:00,142.0505,142.13049999999998,142.029,142.08499999999998,0
2023-12-15 03:15:00+00:00,142.0845,142.1045,141.974,142.0365,0
2023-12-15 03:30:00+00:00,142.03449999999998,142.07150000000001,141.946,142.0135,0
2023-12-15 03:45:00+00:00,142.0155,142.0205,141.7925,141.8965,0
2023-12-18 07:00:00+00:00,142.2835,142.29000000000002,142.1985,142.22699999999998,0
2023-12-18 07:15:00+00:00,142.22699999999998,142.2975,142.1905,142.27800000000002,0
2023-12-18 07:30:00+00:00,142.2785,142.368,142.2785,142.298,0
2023-12-18 07:45:00+00:00,142.29649999999998,142.41649999999998,142.2875,142.385,0
2023-12-18 15:00:00+00:00,142.9665,143.0865,142.9135,143.0345,0
2023-12-18 15:15:00+00:00,143.0335,143.06,142.91500000000002,142.957,0
2023-12-18 15:30:00+00:00,142.9565,143.03199999999998,142.9545,143.0065,0
2023-12-18 15:45:00+00:00,143.007,143.159,142.9925,143.11700000000002,0
2023-12-19 18:00:00+00:00,143.8355,143.858,143.78,143.826,0
2023-12-19 18:15:00+00:00,143.82299999999998,143.889,143.8155,143.869,0
2023-12-19 18:30:00+00:00,143.86700000000002,143.882,143.8015,143.8485,0
2023-12-19 18:45:00+00:00,143.851,143.9005,143.80900000000003,143.84699999999998,0
2023-12-20 04:00:00+00:00,143.695,143.724,143.5775,143.5805,0
2023-12-20 04:15:00+00:00,143.5795,143.643,143.46800000000002,143.5155,0
2023-12-20 04:30:00+00:00,143.51600000000002,143.56400000000002,143.4235,143.46550000000002,0
2023-12-20 04:45:00+00:00,143.466,143.49599999999998,143.3685,143.4715,0
2023-12-20 12:00:00+00:00,143.3705,143.54000000000002,143.3705,143.51999999999998,0
2023-12-20 12:15:00+00:00,143.5205,143.57150000000001,143.4485,143.5595,0
2023-12-20 12:30:00+00:00,143.558,143.635,143.5475,143.6315,0
2023-12-20 12:45:00+00:00,143.632,143.6395,143.503,143.57,0
2023-12-21 15:00:00+00:00,142.28699999999998,142.60399999999998,142.263,142.4735,0
2023-12-21 15:15:00+00:00,142.473,142.5105,142.3175,142.3565,0
2023-12-21 15:30:00+00:00,142.357,142.37900000000002,142.2575,142.29500000000002,0
2023-12-21 15:45:00+00:00,142.29399999999998,142.301,142.13299999999998,142.16649999999998,0
2023-12-22 00:00:00+00:00,142.072,142.1585,141.9095,142.10500000000002,0
2023-12-22 00:15:00+00:00,142.1055,142.1685,142.0405,142.0635,0
2023-12-22 00:30:00+00:00,142.06400000000002,142.06400000000002,141.8675,142.0315,0
2023-12-22 00:45:00+00:00,142.0325,142.245,141.9625,142.195,0
2023-12-22 08:00:00+00:00,142.235,142.37400000000002,142.20600000000002,142.358,0
2023-12-22 08:15:00+00:00,142.35750000000002,142.375,142.277,142.368,0
2023-12-22 08:30:00+00:00,142.3665,142.3735,142.231,142.2565,0
2023-12-22 08:45:00+00:00,142.25799999999998,142.2595,142.19299999999998,142.22000000000003,0
2023-12-25 01:00:00+00:00,142.2645,142.3,142.233,142.2475,0
2023-12-25 01:15:00+00:00,142.257,142.3175,142.2475,142.2855,0
2023-12-25 01:30:00+00:00,142.285,142.3105,142.285,142.2955,0
2023-12-25 01:45:00+00:00,142.297,142.31099999999998,142.2775,142.31099999999998,0
2023-12-26 00:00:00+00:00,142.24450000000002,142.35500000000002,142.237,142.265,0
2023-12-26 00:15:00+00:00,142.269,142.3275,142.26600000000002,142.2715,0
2023-12-26 00:30:00+00:00,142.2695,142.2785,142.19099999999997,142.19549999999998,0
2023-12-26 00:45:00+00:00,142.195,142.303,142.094,142.2815,0
2023-12-26 11:00:00+00:00,142.346,142.3995,142.346,142.397,0
2023-12-26 11:15:00+00:00,142.39800000000002,142.40949999999998,142.356,142.3775,0
2023-12-26 11:30:00+00:00,142.377,142.39600000000002,142.35,142.35950000000003,0
2023-12-26 11:45:00+00:00,142.35899999999998,142.397,142.341,142.37900000000002,0
2023-12-27 02:00:00+00:00,142.615,142.7135,142.6135,142.704,0
2023-12-27 02:15:00+00:00,142.7045,142.73200000000003,142.554,142.5645,0
2023-12-27 02:30:00+00:00,142.5645,142.56900000000002,142.4675,142.4715,0
2023-12-27 02:45:00+00:00,142.47199999999998,142.50400000000002,142.43900000000002,142.4895,0
2023-12-28 04:00:00+00:00,141.3115,141.3265,141.236,141.2735,0
2023-12-28 04:15:00+00:00,141.274,141.322,141.25099999999998,141.291,0
2023-12-28 04:30:00+00:00,141.29149999999998,141.3025,141.1175,141.19400000000002,0
2023-12-28 04:45:00+00:00,141.1935,141.21800000000002,141.154,141.20600000000002,0
2023-12-28 12:00:00+00:00,140.8185,140.8535,140.7945,140.8315,0
2023-12-28 12:15:00+00:00,140.83100000000002,140.9405,140.80450000000002,140.8665,0
2023-12-28 12:30:00+00:00,140.8655,140.882,140.7765,140.812,0
2023-12-28 12:45:00+00:00,140.81,140.97050000000002,140.808,140.91750000000002,0
2023-12-28 20:00:00+00:00,141.4595,141.462,141.3995,141.43349999999998,0
2023-12-28 20:15:00+00:00,141.434,141.44850000000002,141.29250000000002,141.3485,0
2023-12-28 20:30:00+00:00,141.34949999999998,141.3655,141.338,141.3565,0
2023-12-28 20:45:00+00:00,141.356,141.404,141.35,141.36950000000002,0
2023-12-29 04:00:00+00:00,141.4865,141.4905,141.394,141.4635,0
2023-12-29 04:15:00+00:00,141.4625,141.4695,141.398,141.43599999999998,0
2023-12-29 04:30:00+00:00,141.4375,141.448,141.3845,141.43200000000002,0
2023-12-29 04:45:00+00:00,141.4315,141.4635,141.413,141.4605,0
2024-01-02 12:00:00+00:00,141.8275,141.8795,141.79399999999998,141.878,0
2024-01-02 12:15:00+00:00,141.877,142.0765,141.877,142.065,0
2024-01-02 12:30:00+00:00,142.06099999999998,142.20299999999997,142.0515,142.17149999999998,0
2024-01-02 12:45:00+00:00,142.17649999999998,142.21800000000002,142.11200000000002,142.11599999999999,0
2024-01-03 23:00:00+00:00,143.14299999999997,143.147,143.05200000000002,143.054,0
2024-01-03 23:15:00+00:00,143.05450000000002,143.1385,143.04000000000002,143.062,0
2024-01-03 23:30:00+00:00,143.0615,143.10399999999998,143.0525,143.0915,0
2024-01-03 23:45:00+00:00,143.09199999999998,143.09199999999998,142.952,142.999,0
2024-01-05 09:00:00+00:00,145.082,145.1725,145.022,145.053,0
2024-01-05 09:15:00+00:00,145.0525,145.11950000000002,145.038,145.07,0
2024-01-05 09:30:00+00:00,145.0705,145.1875,145.0045,145.14600000000002,0
2024-01-05 09:45:00+00:00,145.144,145.204,145.0945,145.18599999999998,0
2024-01-08 10:00:00+00:00,144.2345,144.3205,144.2025,144.2625,0
2024-01-08 10:15:00+00:00,144.262,144.3845,144.2255,144.3655,0
2024-01-08 10:30:00+00:00,144.365,144.4985,144.31799999999998,144.4525,0
2024-01-08 10:45:00+00:00,144.4515,144.469,144.3785,144.4015,0
2024-01-09 08:00:00+00:00,144.067,144.2875,144.0235,144.262,0
2024-01-09 08:15:00+00:00,144.2615,144.317,144.1985,144.2,0
2024-01-09 08:30:00+00:00,144.1995,144.20100000000002,144.01749999999998,144.0585,0
2024-01-09 08:45:00+00:00,144.06,144.09699999999998,143.9595,144.03300000000002,0
2024-01-09 22:00:00+00:00,144.4745,144.48250000000002,144.465,144.4675,0
2024-01-09 22:15:00+00:00,144.46800000000002,144.47050000000002,144.43200000000002,144.43849999999998,0
2024-01-09 22:30:00+00:00,144.435,144.4525,144.42950000000002,144.44400000000002,0
2024-01-09 22:45:00+00:00,144.4445,144.447,144.41649999999998,144.428,0
2024-01-10 06:00:00+00:00,144.78300000000002,144.8785,144.735,144.87099999999998,0
2024-01-10 06:15:00+00:00,144.8715,144.941,144.82799999999997,144.85199999999998,0
2024-01-10 06:30:00+00:00,144.851,144.961,144.8245,144.923,0
2024-01-10 06:45:00+00:00,144.92399999999998,145.13400000000001,144.918,145.0685,0
2024-01-10 09:00:00+00:00,144.98899999999998,145.038,144.89,144.8915,0
2024-01-10 09:15:00+00:00,144.89100000000002,144.971,144.886,144.95600000000002,0
2024-01-10 09:30:00+00:00,144.9565,144.97699999999998,144.8855,144.92899999999997,0
2024-01-10 09:45:00+00:00,144.9295,144.935,144.82999999999998,144.91899999999998,0
2024-01-10 13:00:00+00:00,145.277,145.33499999999998,145.1905,145.1955,0
2024-01-10 13:15:00+00:00,145.195,145.233,145.1495,145.17700000000002,0
2024-01-10 13:30:00+00:00,145.1765,145.2425,145.16000000000003,145.24200000000002,0
2024-01-10 13:45:00+00:00,145.243,145.30599999999998,145.22050000000002,145.2975,0
2024-01-11 18:00:00+00:00,145.9555,145.9835,145.836,145.8935,0
2024-01-11 18:15:00+00:00,145.89299999999997,145.9635,145.872,145.96300000000002,0
2024-01-11 18:30:00+00:00,145.9625,146.0205,145.9035,145.9535,0
2024-01-11 18:45:00+00:00,145.954,145.965,145.77999999999997,145.80349999999999,0
2024-01-11 21:00:00+00:00,145.40699999999998,145.47899999999998,145.376,145.44650000000001,0
2024-01-11 21:15:00+00:00,145.44400000000002,145.44650000000001,145.2785,145.3255,0
2024-01-11 21:30:00+00:00,145.3265,145.3375,145.264,145.32600000000002,0
2024-01-11 21:45:00+00:00,145.3255,145.3485,145.28050000000002,145.284,0
2024-01-12 03:00:00+00:00,145.12599999999998,145.127,144.8465,144.9265,0
2024-01-12 03:15:00+00:00,144.9315,144.977,144.87400000000002,144.974,0
2024-01-12 03:30:00+00:00,144.977,144.9835,144.858,144.878,0
2024-01-12 03:45:00+00:00,144.8785,144.94,144.8515,144.9175,0
2024-01-15 03:00:00+00:00,144.969,145.05599999999998,144.95499999999998,145.036,0
2024-01-15 03:15:00+00:00,145.0365,145.1135,144.988,145.10750000000002,0
2024-01-15 03:30:00+00:00,145.1055,145.176,145.0885,145.096,0
2024-01-15 03:45:00+00:00,145.094,145.1455,145.09199999999998,145.1355,0
2024-01-15 10:00:00+00:00,145.666,145.78199999999998,145.66500000000002,145.7605,0
2024-01-15 10:15:00+00:00,145.7595,145.8255,145.7115,145.7225,0
2024-01-15 10:30:00+00:00,145.724,145.7305,145.66500000000002,145.71499999999997,0
2024-01-15 10:45:00+00:00,145.716,145.74599999999998,145.64999999999998,145.6745,0
2024-01-15 18:00:00+00:00,145.7835,145.797,145.781,145.7865,0
2024-01-15 18:15:00+00:00,145.78699999999998,145.80349999999999,145.786,145.798,0
2024-01-15 18:30:00+00:00,145.798,145.8,145.77999999999997,145.7885,0
2024-01-15 18:45:00+00:00,145.7885,145.7905,145.75799999999998,145.77499999999998,0
2024-01-16 01:00:00+00:00,145.849,146.111,145.803,145.92950000000002,0
2024-01-16 01:15:00+00:00,145.93,145.96800000000002,145.8365,145.8535,0
2024-01-16 01:30:00+00:00,145.85399999999998,145.8975,145.801,145.84,0
2024-01-16 01:45:00+00:00,145.839,145.9085,145.81799999999998,145.902,0
2024-01-16 10:00:00+00:00,146.5385,146.6175,146.52100000000002,146.5935,0
2024-01-16 10:15:00+00:00,146.59300000000002,146.6495,146.571,146.615,0
2024-01-16 10:30:00+00:00,146.6145,146.74400000000003,146.6145,146.716,0
2024-01-16 10:45:00+00:00,146.716,146.7515,146.6595,146.664,0
2024-01-17 07:00:00+00:00,147.7075,147.9425,147.692,147.9035,0
2024-01-17 07:15:00+00:00,147.9005,147.942,147.83499999999998,147.89249999999998,0
2024-01-17 07:30:00+00:00,147.893,147.94799999999998,147.8205,147.9185,0
2024-01-17 07:45:00+00:00,147.918,147.969,147.8465,147.873,0
2024-01-17 13:00:00+00:00,147.73700000000002,147.7595,147.675,147.70800000000003,0
2024-01-17 13:15:00+00:00,147.709,147.79399999999998,147.68900000000002,147.734,0
2024-01-17 13:30:00+00:00,147.7305,147.986,147.7305,147.9365,0
2024-01-17 13:45:00+00:00,147.937,147.98000000000002,147.84550000000002,147.93900000000002,0
2024-01-18 00:00:00+00:00,148.137,148.1815,148.0685,148.1415,0
2024-01-18 00:15:00+00:00,148.14249999999998,148.1945,148.1155,148.1585,0
2024-01-18 00:30:00+00:00,148.164,148.2535,148.149,148.233,0
2024-01-18 00:45:00+00:00,148.232,148.235,147.99599999999998,148.007,0
2024-01-18 22:00:00+00:00,148.161,148.1625,148.11700000000002,148.1335,0
2024-01-18 22:15:00+00:00,148.13400000000001,148.188,148.11849999999998,148.1405,0
2024-01-18 22:30:00+00:00,148.1395,148.1415,148.1175,148.12650000000002,0
2024-01-18 22:45:00+00:00,148.128,148.143,148.1205,148.132,0
2024-01-19 07:00:00+00:00,148.58800000000002,148.611,148.4015,148.428,0
2024-01-19 07:15:00+00:00,148.42899999999997,148.457,148.25400000000002,148.27800000000002,0
2024-01-19 07:30:00+00:00,148.281,148.3595,148.24099999999999,148.2455,0
2024-01-19 07:45:00+00:00,148.2465,148.3155,148.1955,148.2725,0
2024-01-22 00:00:00+00:00,148.1275,148.152,148.012,148.0885,0
2024-01-22 00:15:00+00:00,148.089,148.2335,148.084,148.204,0
2024-01-22 00:30:00+00:00,148.2035,148.20850000000002,148.0445,148.0485,0
2024-01-22 00:45:00+00:00,148.0475,148.1465,148.0325,148.091,0
2024-01-22 08:00:00+00:00,148.038,148.1365,148.0325,148.072,0
2024-01-22 08:15:00+00:00,148.0725,148.0965,148.0015,148.0495,0
2024-01-22 08:30:00+00:00,148.05200000000002,148.26299999999998,148.05,148.24099999999999,0
2024-01-22 08:45:00+00:00,148.2415,148.305,148.1995,148.24400000000003,0
2024-01-22 21:00:00+00:00,148.0465,148.10899999999998,148.0355,148.1025,0
2024-01-22 21:15:00+00:00,148.10199999999998,148.1065,148.0785,148.0865,0
2024-01-22 21:30:00+00:00,148.087,148.1375,148.087,148.10899999999998,0
2024-01-22 21:45:00+00:00,148.1095,148.151,148.0985,148.0985,0
2024-01-23 07:00:00+00:00,147.1285,147.33100000000002,147.0405,147.213,0
2024-01-23 07:15:00+00:00,147.216,147.473,147.18099999999998,147.4445,0
2024-01-23 07:30:00+00:00,147.447,147.7785,147.418,147.6755,0
2024-01-23 07:45:00+00:00,147.6765,147.677,147.426,147.588,0
2024-01-23 14:00:00+00:00,148.05599999999998,148.247,148.053,148.1295,0
2024-01-23 14:15:00+00:00,148.12900000000002,148.247,148.12900000000002,148.22500000000002,0
2024-01-23 14:30:00+00:00,148.22699999999998,148.34550000000002,148.184,148.2905,0
2024-01-23 14:45:00+00:00,148.291,148.3755,148.2865,148.336,0
2024-01-24 03:00:00+00:00,148.1055,148.148,148.0725,148.09550000000002,0
2024-01-24 03:15:00+00:00,148.09699999999998,148.128,148.0665,148.09500000000003,0
2024-01-24 03:30:00+00:00,148.09550000000002,148.1035,147.8835,147.89299999999997,0
2024-01-24 03:45:00+00:00,147.887,147.89499999999998,147.75400000000002,147.8065,0
2024-01-25 20:00:00+00:00,147.8405,147.8495,147.7745,147.786,0
2024-01-25 20:15:00+00:00,147.7865,147.822,147.76600000000002,147.76600000000002,0
2024-01-25 20:30:00+00:00,147.7655,147.7785,147.73250000000002,147.733,0
2024-01-25 20:45:00+00:00,147.7335,147.745,147.6975,147.724,0
2024-01-26 04:00:00+00:00,147.66649999999998,147.752,147.64999999999998,147.74099999999999,0
2024-01-26 04:15:00+00:00,147.74,147.7655,147.699,147.707,0
2024-01-26 04:30:00+00:00,147.70800000000003,147.796,147.696,147.78699999999998,0
2024-01-26 04:45:00+00:00,147.7865,147.8055,147.767,147.7945,0
2024-01-29 00:00:00+00:00,148.18099999999998,148.255,148.166,148.2525,0
2024-01-29 00:15:00+00:00,148.257,148.3115,148.197,148.2975,0
2024-01-29 00:30:00+00:00,148.2975,148.3365,148.2785,148.2945,0
2024-01-29 00:45:00+00:00,148.2935,148.2945,148.1925,148.2125,0
2024-01-29 20:00:00+00:00,147.6485,147.6485,147.39999999999998,147.4105,0
2024-01-29 20:15:00+00:00,147.409,147.4185,147.25400000000002,147.2935,0
2024-01-29 20:30:00+00:00,147.293,147.469,147.2615,147.42849999999999,0
2024-01-29 20:45:00+00:00,147.43200000000002,147.4935,147.39999999999998,147.4555,0
2024-01-30 03:00:00+00:00,147.44099999999997,147.4855,147.4095,147.42899999999997,0
2024-01-30 03:15:00+00:00,147.42849999999999,147.438,147.394,147.4185,0
2024-01-30 03:30:00+00:00,147.41699999999997,147.4365,147.3745,147.382,0
2024-01-30 03:45:00+00:00,147.385,147.399,147.373,147.39600000000002,0
2024-01-30 19:00:00+00:00,147.76799999999997,147.769,147.708,147.712,0
2024-01-30 19:15:00+00:00,147.7115,147.7115,147.6645,147.6675,0
2024-01-30 19:30:00+00:00,147.667,147.675,147.58300000000003,147.58300000000003,0
2024-01-30 19:45:00+00:00,147.58350000000002,147.6375,147.58300000000003,147.60500000000002,0
2024-01-31 12:00:00+00:00,147.84550000000002,147.84550000000002,147.761,147.777,0
2024-01-31 12:15:00+00:00,147.776,147.83350000000002,147.732,147.8305,0
2024-01-31 12:30:00+00:00,147.8315,147.8835,147.7985,147.841,0
2024-01-31 12:45:00+00:00,147.8405,147.84300000000002,147.768,147.8005,0
2024-01-31 20:00:00+00:00,146.386,147.227,146.3065,146.93900000000002,0
2024-01-31 20:15:00+00:00,146.94099999999997,147.27800000000002,146.852,147.253,0
2024-01-31 20:30:00+00:00,147.25400000000002,147.447,147.2375,147.3225,0
2024-01-31 20:45:00+00:00,147.31900000000002,147.36700000000002,147.1525,147.16,0
2024-02-01 13:00:00+00:00,146.9665,147.0545,146.8775,146.889,0
2024-02-01 13:15:00+00:00,146.8875,146.9595,146.8615,146.9015,0
2024-02-01 13:30:00+00:00,146.903,146.903,146.4605,146.5565,0
2024-02-01 13:45:00+00:00,146.5575,146.68200000000002,146.469,146.663,0
2024-02-01 21:00:00+00:00,146.3275,146.44650000000001,146.327,146.4315,0
2024-02-01 21:15:00+00:00,146.42950000000002,146.442,146.35399999999998,146.42849999999999,0
2024-02-01 21:30:00+00:00,146.42899999999997,146.45100000000002,146.4075,146.4175,0
2024-02-01 21:45:00+00:00,146.417,146.44,146.40699999999998,146.44,0
2024-02-02 14:00:00+00:00,147.9685,148.05599999999998,147.8665,147.8915,0
2024-02-02 14:15:00+00:00,147.892,147.949,147.80599999999998,147.88,0
2024-02-02 14:30:00+00:00,147.88,147.90300000000002,147.7065,147.772,0
2024-02-02 14:45:00+00:00,147.7725,147.9005,147.6845,147.8795,0
2024-02-05 04:00:00+00:00,148.40300000000002,148.4325,148.361,148.397,0
2024-02-05 04:15:00+00:00,148.3965,148.40800000000002,148.3585,148.36200000000002,0
2024-02-05 04:30:00+00:00,148.361,148.3995,148.3175,148.394,0
2024-02-05 04:45:00+00:00,148.3935,148.44400000000002,148.35899999999998,148.435,0
2024-02-05 06:00:00+00:00,148.336,148.3945,148.31,148.36900000000003,0
2024-02-05 06:15:00+00:00,148.3675,148.3855,148.277,148.29199999999997,0
2024-02-05 06:30:00+00:00,148.2925,148.40800000000002,148.2895,148.29500000000002,0
2024-02-05 06:45:00+00:00,148.293,148.339,148.2695,148.325,0
2024-02-05 12:00:00+00:00,148.43599999999998,148.503,148.43200000000002,148.45600000000002,0
2024-02-05 12:15:00+00:00,148.4555,148.49,148.433,148.447,0
2024-02-05 12:30:00+00:00,148.4475,148.5455,148.4385,148.54199999999997,0
2024-02-05 12:45:00+00:00,148.5405,148.6295,148.514,148.62900000000002,0
2024-02-06 02:00:00+00:00,148.5245,148.567,148.5085,148.5245,0
2024-02-06 02:15:00+00:00,148.52499999999998,148.591,148.5095,148.562,0
2024-02-06 02:30:00+00:00,148.5625,148.566,148.529,148.5435,0
2024-02-06 02:45:00+00:00,148.5465,148.586,148.5435,148.5795,0
2024-02-06 18:00:00+00:00,147.9205,147.988,147.8195,147.9235,0
2024-02-06 18:15:00+00:00,147.92399999999998,148.0395,147.8945,147.9925,0
2024-02-06 18:30:00+00:00,147.993,147.993,147.8725,147.87599999999998,0
2024-02-06 18:45:00+00:00,147.8755,147.9405,147.851,147.8685,0
2024-02-09 02:00:00+00:00,149.285,149.3345,149.273,149.3015,0
2024-02-09 02:15:00+00:00,149.30200000000002,149.30200000000002,149.25099999999998,149.291,0
2024-02-09 02:30:00+00:00,149.292,149.324,149.28199999999998,149.2945,0
2024-02-09 02:45:00+00:00,149.29399999999998,149.32049999999998,149.2805,149.30349999999999,0
2024-02-09 07:00:00+00:00,149.33499999999998,149.34300000000002,149.2655,149.3135,0
2024-02-09 07:15:00+00:00,149.31400000000002,149.33100000000002,149.2165,149.269,0
2024-02-09 07:30:00+00:00,149.26799999999997,149.339,149.2535,149.30399999999997,0
2024-02-09 07:45:00+00:00,149.30599999999998,149.4185,149.30399999999997,149.39999999999998,0
2024-02-09 13:00:00+00:00,149.4805,149.51749999999998,149.44099999999997,149.45999999999998,0
2024-02-09 13:15:00+00:00,149.4605,149.4955,149.4325,149.46,0
2024-02-09 13:30:00+00:00,149.4605,149.5325,149.011,149.29149999999998,0
2024-02-09 13:45:00+00:00,149.293,149.438,149.2665,149.3885,0
2024-02-12 12:00:00+00:00,149.0245,149.05599999999998,148.94650000000001,148.9755,0
2024-02-12 12:15:00+00:00,148.9755,148.9955,148.92899999999997,148.9625,0
2024-02-12 12:30:00+00:00,148.9635,149.0025,148.9475,148.99599999999998,0
2024-02-12 12:45:00+00:00,148.99599999999998,149.01299999999998,148.9525,148.97899999999998,0
2024-02-12 17:00:00+00:00,149.377,149.3855,149.3125,149.3135,0
2024-02-12 17:15:00+00:00,149.315,149.3345,149.29700000000003,149.31,0
2024-02-12 17:30:00+00:00,149.3105,149.31599999999997,149.25400000000002,149.2775,0
2024-02-12 17:45:00+00:00,149.277,149.291,149.25400000000002,149.2575,0
2024-02-13 03:00:00+00:00,149.46800000000002,149.529,149.454,149.466,0
2024-02-13 03:15:00+00:00,149.4665,149.502,149.464,149.4875,0
2024-02-13 03:30:00+00:00,149.488,149.498,149.4665,149.481,0
2024-02-13 03:45:00+00:00,149.4815,149.5325,149.4775,149.53199999999998,0
2024-02-13 08:00:00+00:00,149.5915,149.6765,149.55349999999999,149.6765,0
2024-02-13 08:15:00+00:00,149.67399999999998,149.695,149.6385,149.676,0
2024-02-13 08:30:00+00:00,149.675,149.675,149.6165,149.6515,0
2024-02-13 08:45:00+00:00,149.651,149.651,149.589,149.61599999999999,0
2024-02-13 19:00:00+00:00,150.7825,150.865,150.779,150.8295,0
2024-02-13 19:15:00+00:00,150.83100000000002,150.878,150.8105,150.86399999999998,0
2024-02-13 19:30:00+00:00,150.8645,150.86900000000003,150.82999999999998,150.82999999999998,0
2024-02-13 19:45:00+00:00,150.8295,150.88600000000002,150.815,150.873,0
2024-02-14 09:00:00+00:00,150.548,150.6065,150.54000000000002,150.599,0
2024-02-14 09:15:00+00:00,150.5975,150.611,150.52100000000002,150.5365,0
2024-02-14 09:30:00+00:00,150.536,150.618,150.5285,150.59199999999998,0
2024-02-14 09:45:00+00:00,150.59,150.64499999999998,150.56,150.6445,0
2024-02-14 17:00:00+00:00,150.5025,150.57999999999998,150.5005,150.5645,0
2024-02-14 17:15:00+00:00,150.565,150.596,150.5235,150.524,0
2024-02-14 17:30:00+00:00,150.52499999999998,150.531,150.4085,150.4275,0
2024-02-14 17:45:00+00:00,150.4275,150.4405,150.3725,150.435,0
2024-02-14 18:00:00+00:00,150.4355,150.4545,150.353,150.449,0
2024-02-14 18:15:00+00:00,150.4495,150.517,150.4345,150.505,0
2024-02-14 18:30:00+00:00,150.5035,150.5065,150.46699999999998,150.49450000000002,0
2024-02-14 18:45:00+00:00,150.495,150.49599999999998,150.4635,150.483,0
2024-02-15 16:00:00+00:00,150.055,150.2055,150.0485,150.2025,0
2024-02-15 16:15:00+00:00,150.2,150.23700000000002,150.1185,150.235,0
2024-02-15 16:30:00+00:00,150.2355,150.24599999999998,150.14299999999997,150.19,0
2024-02-15 16:45:00+00:00,150.1905,150.2475,150.185,150.197,0
2024-02-16 18:00:00+00:00,150.2255,150.2265,150.14299999999997,150.1865,0
2024-02-16 18:15:00+00:00,150.187,150.2355,150.1805,150.233,0
2024-02-16 18:30:00+00:00,150.233,150.24900000000002,150.167,150.185,0
2024-02-16 18:45:00+00:00,150.1845,150.1935,150.11700000000002,150.14499999999998,0
2024-02-18 23:00:00+00:00,150.15449999999998,150.168,150.03750000000002,150.09199999999998,0
2024-02-18 23:15:00+00:00,150.0925,150.11900000000003,150.07150000000001,150.107,0
2024-02-18 23:30:00+00:00,150.109,150.12849999999997,150.083,150.1005,0
2024-02-18 23:45:00+00:00,150.099,150.1515,150.0645,150.1515,0
2024-02-20 01:00:00+00:00,150.2725,150.346,150.2505,150.337,0
2024-02-20 01:15:00+00:00,150.336,150.3475,150.2405,150.243,0
2024-02-20 01:30:00+00:00,150.2435,150.276,150.1945,150.2715,0
2024-02-20 01:45:00+00:00,150.272,150.274,150.2225,150.274,0
2024-02-23 00:00:00+00:00,150.476,150.4805,150.4035,150.41199999999998,0
2024-02-23 00:15:00+00:00,150.4125,150.425,150.3955,150.41500000000002,0
2024-02-23 00:30:00+00:00,150.41500000000002,150.563,150.3965,150.48000000000002,0
2024-02-23 00:45:00+00:00,150.481,150.546,150.4205,150.44299999999998,0
2024-02-23 08:00:00+00:00,150.5585,150.60500000000002,150.529,150.5915,0
2024-02-23 08:15:00+00:00,150.59199999999998,150.643,150.5895,150.6405,0
2024-02-23 08:30:00+00:00,150.64,150.6745,150.622,150.65800000000002,0
2024-02-23 08:45:00+00:00,150.6585,150.675,150.6265,150.62900000000002,0
2024-02-23 15:00:00+00:00,150.357,150.477,150.348,150.4425,0
2024-02-23 15:15:00+00:00,150.442,150.53300000000002,150.425,150.497,0
2024-02-23 15:30:00+00:00,150.4965,150.5495,150.48000000000002,150.5445,0
2024-02-23 15:45:00+00:00,150.54399999999998,150.5565,150.50400000000002,150.531,0
2024-02-26 07:00:00+00:00,150.4185,150.441,150.3655,150.37,0
2024-02-26 07:15:00+00:00,150.3705,150.4185,150.3705,150.3985,0
2024-02-26 07:30:00+00:00,150.399,150.447,150.381,150.4375,0
2024-02-26 07:45:00+00:00,150.438,150.4555,150.394,150.4555,0
2024-02-26 16:00:00+00:00,150.75,150.8015,150.738,150.79500000000002,0
2024-02-26 16:15:00+00:00,150.79399999999998,150.80200000000002,150.76799999999997,150.7895,0
2024-02-26 16:30:00+00:00,150.7885,150.81900000000002,150.773,150.81099999999998,0
2024-02-26 16:45:00+00:00,150.8115,150.8155,150.7805,150.7945,0
2024-02-27 07:00:00+00:00,150.4905,150.5045,150.44650000000001,150.4495,0
2024-02-27 07:15:00+00:00,150.45,150.4645,150.3905,150.3915,0
2024-02-27 07:30:00+00:00,150.3905,150.4145,150.345,150.3825,0
2024-02-27 07:45:00+00:00,150.382,150.4005,150.3235,150.3545,0
2024-02-27 16:00:00+00:00,150.438,150.4545,150.37400000000002,150.411,0
2024-02-27 16:15:00+00:00,150.4115,150.4545,150.39249999999998,150.40800000000002,0
2024-02-27 16:30:00+00:00,150.4085,150.4915,150.4075,150.46699999999998,0
2024-02-27 16:45:00+00:00,150.4665,150.483,150.4185,150.466,0
2024-02-29 07:00:00+00:00,149.752,149.7565,149.6245,149.7515,0
2024-02-29 07:15:00+00:00,149.7505,149.7855,149.654,149.7245,0
2024-02-29 07:30:00+00:00,149.72500000000002,149.7885,149.68099999999998,149.78,0
2024-02-29 07:45:00+00:00,149.7805,149.80599999999998,149.6565,149.66500000000002,0
2024-02-29 23:00:00+00:00,149.9885,150.103,149.9605,150.095,0
2024-02-29 23:15:00+00:00,150.09449999999998,150.1825,150.086,150.112,0
2024-02-29 23:30:00+00:00,150.119,150.14600000000002,150.0985,150.1185,0
2024-02-29 23:45:00+00:00,150.11950000000002,150.13049999999998,150.04399999999998,150.0705,0
2024-03-04 02:00:00+00:00,150.13,150.18900000000002,150.113,150.11950000000002,0
2024-03-04 02:15:00+00:00,150.12,150.1755,150.101,150.15699999999998,0
2024-03-04 02:30:00+00:00,150.15699999999998,150.1865,150.14,150.16649999999998,0
2024-03-04 02:45:00+00:00,150.166,150.1775,150.1165,150.17700000000002,0
2024-03-04 07:00:00+00:00,150.3585,150.36700000000002,150.3195,150.35649999999998,0
2024-03-04 07:15:00+00:00,150.35750000000002,150.4015,150.35700000000003,150.3905,0
2024-03-04 07:30:00+00:00,150.389,150.39600000000002,150.3345,150.337,0
2024-03-04 07:45:00+00:00,150.3375,150.34550000000002,150.29899999999998,150.31,0
2024-03-05 10:00:00+00:00,150.416,150.4245,150.3935,150.4105,0
2024-03-05 10:15:00+00:00,150.4085,150.4195,150.3985,150.411,0
2024-03-05 10:30:00+00:00,150.4115,150.43099999999998,150.39,150.40800000000002,0
2024-03-05 10:45:00+00:00,150.4065,150.42200000000003,150.39,150.411,0
2024-03-05 15:00:00+00:00,150.1295,150.1295,149.7045,149.95100000000002,0
2024-03-05 15:15:00+00:00,149.9505,150.046,149.8735,149.9965,0
2024-03-05 15:30:00+00:00,149.9965,150.0275,149.88549999999998,149.88549999999998,0
2024-03-05 15:45:00+00:00,149.8845,150.022,149.8845,149.9845,0
2024-03-06 21:00:00+00:00,149.3535,149.399,149.3535,149.397,0
2024-03-06 21:15:00+00:00,149.3985,149.446,149.3915,149.4415,0
2024-03-06 21:30:00+00:00,149.4405,149.4495,149.422,149.43599999999998,0
2024-03-06 21:45:00+00:00,149.4355,149.437,149.36599999999999,149.36599999999999,0
2024-03-07 08:00:00+00:00,147.9415,148.085,147.913,148.0575,0
2024-03-07 08:15:00+00:00,148.05700000000002,148.101,147.86599999999999,147.8765,0
2024-03-07 08:30:00+00:00,147.877,147.925,147.8115,147.8665,0
2024-03-07 08:45:00+00:00,147.8675,147.95499999999998,147.8365,147.9315,0
2024-03-07 14:00:00+00:00,147.769,147.9555,147.733,147.8965,0
2024-03-07 14:15:00+00:00,147.8955,147.9455,147.8625,147.877,0
2024-03-07 14:30:00+00:00,147.876,148.149,147.8355,148.13600000000002,0
2024-03-07 14:45:00+00:00,148.1355,148.2245,148.0725,148.122,0
2024-03-08 16:00:00+00:00,147.0335,147.24099999999999,147.029,147.20749999999998,0
2024-03-08 16:15:00+00:00,147.2095,147.2575,147.161,147.24450000000002,0
2024-03-08 16:30:00+00:00,147.2455,147.2585,147.18,147.23899999999998,0
2024-03-08 16:45:00+00:00,147.2385,147.26,147.17149999999998,147.1775,0
2024-03-11 00:00:00+00:00,146.8005,146.93099999999998,146.77100000000002,146.8585,0
2024-03-11 00:15:00+00:00,146.859,146.864,146.7455,146.767,0
2024-03-11 00:30:00+00:00,146.76749999999998,146.861,146.7525,146.8065,0
2024-03-11 00:45:00+00:00,146.80599999999998,146.8365,146.6735,146.765,0
2024-03-12 11:00:00+00:00,147.3305,147.3935,147.31900000000002,147.3835,0
2024-03-12 11:15:00+00:00,147.38299999999998,147.4275,147.352,147.38,0
2024-03-12 11:30:00+00:00,147.38049999999998,147.4005,147.33100000000002,147.3655,0
2024-03-12 11:45:00+00:00,147.36599999999999,147.4615,147.3655,147.4375,0
2024-03-12 18:00:00+00:00,147.79399999999998,147.7985,147.7065,147.7235,0
2024-03-12 18:15:00+00:00,147.724,147.726,147.64600000000002,147.69099999999997,0
2024-03-12 18:30:00+00:00,147.692,147.692,147.644,147.6795,0
2024-03-12 18:45:00+00:00,147.6795,147.6995,147.672,147.69,0
2024-03-13 03:00:00+00:00,147.37599999999998,147.44299999999998,147.33800000000002,147.3395,0
2024-03-13 03:15:00+00:00,147.34050000000002,147.3515,147.2875,147.30700000000002,0
2024-03-13 03:30:00+00:00,147.3025,147.3535,147.286,147.35199999999998,0
2024-03-13 03:45:00+00:00,147.353,147.39249999999998,147.3505,147.38299999999998,0
2024-03-13 14:00:00+00:00,147.8905,147.97050000000002,147.87400000000002,147.9545,0
2024-03-13 14:15:00+00:00,147.954,147.9625,147.8645,147.9015,0
2024-03-13 14:30:00+00:00,147.90300000000002,147.92849999999999,147.812,147.82,0
2024-03-13 14:45:00+00:00,147.8195,147.89499999999998,147.8135,147.84199999999998,0
2024-03-13 22:00:00+00:00,147.63400000000001,147.6865,147.63400000000001,147.66899999999998,0
2024-03-13 22:15:00+00:00,147.671,147.68599999999998,147.656,147.6615,0
2024-03-13 22:30:00+00:00,147.66199999999998,147.67849999999999,147.6535,147.6735,0
2024-03-13 22:45:00+00:00,147.67399999999998,147.7215,147.672,147.7075,0
2024-03-14 05:00:00+00:00,147.916,147.9685,147.916,147.935,0
2024-03-14 05:15:00+00:00,147.9355,147.971,147.911,147.9115,0
2024-03-14 05:30:00+00:00,147.911,147.93400000000003,147.88099999999997,147.911,0
2024-03-14 05:45:00+00:00,147.9105,147.9545,147.899,147.9225,0
2024-03-15 17:00:00+00:00,149.094,149.094,149.01600000000002,149.03199999999998,0
2024-03-15 17:15:00+00:00,149.03300000000002,149.0845,149.0135,149.0725,0
2024-03-15 17:30:00+00:00,149.07299999999998,149.0995,149.0475,149.05200000000002,0
2024-03-15 17:45:00+00:00,149.0525,149.0605,149.01600000000002,149.0385,0
2024-03-18 01:00:00+00:00,149.2825,149.33100000000002,149.27499999999998,149.2765,0
2024-03-18 01:15:00+00:00,149.276,149.3275,149.25099999999998,149.327,0
2024-03-18 01:30:00+00:00,149.3265,149.3265,149.207,149.207,0
2024-03-18 01:45:00+00:00,149.20749999999998,149.2545,149.1685,149.192,0
2024-03-18 09:00:00+00:00,149.12599999999998,149.168,149.1065,149.1155,0
2024-03-18 09:15:00+00:00,149.11599999999999,149.238,149.10750000000002,149.221,0
2024-03-18 09:30:00+00:00,149.22050000000002,149.24599999999998,149.1905,149.2195,0
2024-03-18 09:45:00+00:00,149.22000000000003,149.2285,149.1825,149.2095,0
2024-03-18 16:00:00+00:00,149.13549999999998,149.2105,149.1325,149.188,0
2024-03-18 16:15:00+00:00,149.187,149.1975,149.1595,149.168,0
2024-03-18 16:30:00+00:00,149.1725,149.21300000000002,149.098,149.13299999999998,0
2024-03-18 16:45:00+00:00,149.1325,149.1705,149.12400000000002,149.14100000000002,0
2024-03-19 12:00:00+00:00,150.3885,150.45499999999998,150.34449999999998,150.454,0
2024-03-19 12:15:00+00:00,150.4545,150.6095,150.4535,150.555,0
2024-03-19 12:30:00+00:00,150.5545,150.55450000000002,150.41899999999998,150.4525,0
2024-03-19 12:45:00+00:00,150.452,150.5445,150.4205,150.493,0
2024-03-20 04:00:00+00:00,151.3175,151.44650000000001,151.3165,151.43200000000002,0
2024-03-20 04:15:00+00:00,151.4325,151.4485,151.4155,151.446,0
2024-03-20 04:30:00+00:00,151.4475,151.4885,151.42950000000002,151.46699999999998,0
2024-03-20 04:45:00+00:00,151.4665,151.54250000000002,151.3815,151.4885,0
2024-03-20 22:00:00+00:00,151.2095,151.216,151.12099999999998,151.132,0
2024-03-20 22:15:00+00:00,151.13299999999998,151.203,150.964,150.9725,0
2024-03-20 22:30:00+00:00,150.973,151.0385,150.8775,150.8835,0
2024-03-20 22:45:00+00:00,150.887,150.99099999999999,150.8495,150.8525,0
2024-03-22 00:00:00+00:00,151.63,151.65449999999998,151.47500000000002,151.49450000000002,0
2024-03-22 00:15:00+00:00,151.495,151.5135,151.459,151.4805,0
2024-03-22 00:30:00+00:00,151.48000000000002,151.5455,151.4445,151.519,0
2024-03-22 00:45:00+00:00,151.5185,151.58350000000002,151.458,151.531,0
2024-03-22 08:00:00+00:00,151.42149999999998,151.461,151.3665,151.38099999999997,0
2024-03-22 08:15:00+00:00,151.38,151.48250000000002,151.303,151.47500000000002,0
2024-03-22 08:30:00+00:00,151.47699999999998,151.5005,151.40300000000002,151.447,0
2024-03-22 08:45:00+00:00,151.447,151.5395,151.44600000000003,151.4795,0
2024-03-22 17:00:00+00:00,151.39,151.411,151.3615,151.3955,0
2024-03-22 17:15:00+00:00,151.3965,151.399,151.349,151.39800000000002,0
2024-03-22 17:30:00+00:00,151.3985,151.433,151.369,151.3845,0
2024-03-22 17:45:00+00:00,151.38400000000001,151.42849999999999,151.3825,151.421,0
2024-03-24 23:00:00+00:00,151.28699999999998,151.29000000000002,151.086,151.094,0
2024-03-24 23:15:00+00:00,151.0935,151.2355,151.0935,151.23250000000002,0
2024-03-24 23:30:00+00:00,151.2295,151.29149999999998,151.197,151.268,0
2024-03-24 23:45:00+00:00,151.26749999999998,151.3285,151.219,151.3145,0
2024-03-25 07:00:00+00:00,151.32,151.38799999999998,151.31799999999998,151.3525,0
2024-03-25 07:15:00+00:00,151.3515,151.3715,151.2685,151.277,0
2024-03-25 07:30:00+00:00,151.276,151.3315,151.1715,151.199,0
2024-03-25 07:45:00+00:00,151.1995,151.3255,151.1835,151.3235,0
2024-03-25 17:00:00+00:00,151.486,151.488,151.4305,151.4625,0
2024-03-25 17:15:00+00:00,151.461,151.50799999999998,151.44600000000003,151.4505,0
2024-03-25 17:30:00+00:00,151.4515,151.4815,151.449,151.4805,0
2024-03-25 17:45:00+00:00,151.4805,151.5095,151.47899999999998,151.5065,0
2024-03-26 10:00:00+00:00,151.26999999999998,151.305,151.2635,151.2845,0
2024-03-26 10:15:00+00:00,151.2845,151.3485,151.277,151.3115,0
2024-03-26 10:30:00+00:00,151.31099999999998,151.31099999999998,151.264,151.2925,0
2024-03-26 10:45:00+00:00,151.2925,151.296,151.2465,151.2765,0
2024-03-26 15:00:00+00:00,151.3855,151.4455,151.382,151.434,0
2024-03-26 15:15:00+00:00,151.433,151.4345,151.374,151.4125,0
2024-03-26 15:30:00+00:00,151.4125,151.47750000000002,151.4125,151.476,0
2024-03-26 15:45:00+00:00,151.4755,151.60500000000002,151.4635,151.58249999999998,0
2024-03-27 08:00:00+00:00,151.709,151.71800000000002,151.6455,151.714,0
2024-03-27 08:15:00+00:00,151.7135,151.78500000000003,151.69600000000003,151.7845,0
2024-03-27 08:30:00+00:00,151.784,151.837,151.753,151.832,0
2024-03-27 08:45:00+00:00,151.8315,151.84,151.7745,151.784,0
2024-03-27 18:00:00+00:00,151.39,151.405,151.36950000000002,151.377,0
2024-03-27 18:15:00+00:00,151.3765,151.39800000000002,151.375,151.3945,0
2024-03-27 18:30:00+00:00,151.39499999999998,151.39600000000002,151.3725,151.38549999999998,0
2024-03-27 18:45:00+00:00,151.3865,151.3865,151.346,151.364,0
2024-03-28 13:00:00+00:00,151.2155,151.2995,151.1625,151.2835,0
2024-03-28 13:15:00+00:00,151.2825,151.3465,151.272,151.301,0
2024-03-28 13:30:00+00:00,151.301,151.3435,151.2645,151.28300000000002,0
2024-03-28 13:45:00+00:00,151.2825,151.2825,151.199,151.2765,0
2024-03-29 01:00:00+00:00,151.321,151.38549999999998,151.321,151.3545,0
2024-03-29 01:15:00+00:00,151.35500000000002,151.405,151.31799999999998,151.4035,0
2024-03-29 01:30:00+00:00,151.40300000000002,151.4475,151.35500000000002,151.3735,0
2024-03-29 01:45:00+00:00,151.374,151.38299999999998,151.3425,151.34550000000002,0
2024-03-29 08:00:00+00:00,151.347,151.3485,151.3315,151.3375,0
2024-03-29 08:15:00+00:00,151.337,151.3665,151.337,151.3615,0
2024-03-29 08:30:00+00:00,151.361,151.3675,151.348,151.3585,0
2024-03-29 08:45:00+00:00,151.359,151.3655,151.342,151.3495,0
2024-04-01 05:00:00+00:00,151.3725,151.4115,151.3725,151.389,0
2024-04-01 05:15:00+00:00,151.3895,151.3995,151.373,151.39,0
2024-04-01 05:30:00+00:00,151.3895,151.4035,151.3635,151.3965,0
2024-04-01 05:45:00+00:00,151.39600000000002,151.397,151.3655,151.3835,0
2024-04-01 23:00:00+00:00,151.61,151.664,151.6045,151.651,0
2024-04-01 23:15:00+00:00,151.6515,151.6765,151.6255,151.6375,0
2024-04-01 23:30:00+00:00,151.6365,151.6485,151.607,151.615,0
2024-04-01 23:45:00+00:00,151.6155,151.627,151.5735,151.5975,0
2024-04-02 21:00:00+00:00,151.5565,151.5635,151.5395,151.5455,0
2024-04-02 21:15:00+00:00,151.5435,151.5605,151.539,151.547,0
2024-04-02 21:30:00+00:00,151.54649999999998,151.55900000000003,151.5435,151.555,0
2024-04-02 21:45:00+00:00,151.5555,151.575,151.555,151.575,0
2024-04-03 04:00:00+00:00,151.562,151.565,151.535,151.5485,0
2024-04-03 04:15:00+00:00,151.547,151.575,151.547,151.5725,0
2024-04-03 04:30:00+00:00,151.57299999999998,151.59300000000002,151.563,151.58300000000003,0
2024-04-03 04:45:00+00:00,151.584,151.595,151.5755,151.5935,0
2024-04-03 11:00:00+00:00,151.71300000000002,151.7335,151.702,151.72050000000002,0
2024-04-03 11:15:00+00:00,151.71800000000002,151.735,151.6835,151.7175,0
2024-04-03 11:30:00+00:00,151.716,151.7505,151.716,151.7425,0
2024-04-03 11:45:00+00:00,151.74200000000002,151.7855,151.7395,151.774,0
2024-04-03 17:00:00+00:00,151.651,151.6975,151.64800000000002,151.666,0
2024-04-03 17:15:00+00:00,151.6655,151.68599999999998,151.6315,151.671,0
2024-04-03 17:30:00+00:00,151.67149999999998,151.70100000000002,151.663,151.69650000000001,0
2024-04-03 17:45:00+00:00,151.69600000000003,151.697,151.67200000000003,151.68200000000002,0
2024-04-04 16:00:00+00:00,151.6635,151.67200000000003,151.6255,151.6345,0
2024-04-04 16:15:00+00:00,151.635,151.647,151.627,151.635,0
2024-04-04 16:30:00+00:00,151.6355,151.6725,151.6315,151.6575,0
2024-04-04 16:45:00+00:00,151.65499999999997,151.66199999999998,151.64249999999998,151.647,0
2024-04-05 16:00:00+00:00,151.59300000000002,151.598,151.5285,151.57,0
2024-04-05 16:15:00+00:00,151.5695,151.5945,151.5455,151.58100000000002,0
2024-04-05 16:30:00+00:00,151.5815,151.6185,151.57150000000001,151.59300000000002,0
2024-04-05 16:45:00+00:00,151.5935,151.608,151.5745,151.5815,0
2024-04-08 07:00:00+00:00,151.76100000000002,151.8295,151.7585,151.8205,0
2024-04-08 07:15:00+00:00,151.82100000000003,151.8415,151.81099999999998,151.841,0
2024-04-08 07:30:00+00:00,151.8425,151.85700000000003,151.822,151.846,0
2024-04-08 07:45:00+00:00,151.8465,151.8785,151.82600000000002,151.87099999999998,0
2024-04-08 23:00:00+00:00,151.808,151.849,151.808,151.8475,0
2024-04-08 23:15:00+00:00,151.8485,151.8555,151.8275,151.8315,0
2024-04-08 23:30:00+00:00,151.83100000000002,151.848,151.8265,151.83350000000002,0
2024-04-08 23:45:00+00:00,151.834,151.851,151.82100000000003,151.8355,0
2024-04-09 06:00:00+00:00,151.8945,151.8985,151.8755,151.89499999999998,0
2024-04-09 06:15:00+00:00,151.89600000000002,151.8965,151.877,151.877,0
2024-04-09 06:30:00+00:00,151.8775,151.894,151.8735,151.885,0
2024-04-09 06:45:00+00:00,151.8855,151.922,151.8845,151.916,0
2024-04-09 23:00:00+00:00,151.75349999999997,151.762,151.74200000000002,151.75400000000002,0
2024-04-09 23:15:00+00:00,151.755,151.77300000000002,151.753,151.77300000000002,0
2024-04-09 23:30:00+00:00,151.76999999999998,151.77800000000002,151.76299999999998,151.7645,0
2024-04-09 23:45:00+00:00,151.765,151.7895,151.75900000000001,151.78,0
2024-04-10 06:00:00+00:00,151.812,151.8165,151.7835,151.789,0
2024-04-10 06:15:00+00:00,151.7895,151.80599999999998,151.78300000000002,151.7985,0
2024-04-10 06:30:00+00:00,151.798,151.8075,151.781,151.7865,0
2024-04-10 06:45:00+00:00,151.786,151.789,151.77499999999998,151.7825,0
2024-04-10 15:00:00+00:00,152.7735,152.89,152.7465,152.8625,0
2024-04-10 15:15:00+00:00,152.86200000000002,152.8855,152.839,152.8735,0
2024-04-10 15:30:00+00:00,152.8745,152.94400000000002,152.8525,152.92849999999999,0
2024-04-10 15:45:00+00:00,152.928,152.938,152.9005,152.90449999999998,0
2024-04-11 06:00:00+00:00,152.971,153.0665,152.9615,153.06099999999998,0
2024-04-11 06:15:00+00:00,153.0615,153.096,153.0195,153.077,0
2024-04-11 06:30:00+00:00,153.0765,153.128,153.07,153.0705,0
2024-04-11 06:45:00+00:00,153.07,153.1885,153.0695,153.1645,0
2024-04-11 13:00:00+00:00,152.845,152.9755,152.8345,152.9005,0
2024-04-11 13:15:00+00:00,152.9015,152.993,152.877,152.9395,0
2024-04-11 13:30:00+00:00,152.9415,153.071,152.92000000000002,153.0375,0
2024-04-11 13:45:00+00:00,153.03699999999998,153.1445,153.01799999999997,153.1345,0
2024-04-11 22:00:00+00:00,153.219,153.2405,153.171,153.22050000000002,0
2024-04-11 22:15:00+00:00,153.21949999999998,153.22899999999998,153.1815,153.208,0
2024-04-11 22:30:00+00:00,153.2075,153.23700000000002,153.2075,153.221,0
2024-04-11 22:45:00+00:00,153.2215,153.232,153.2145,153.2285,0
2024-04-12 15:00:00+00:00,152.928,153.0725,152.904,153.036,0
2024-04-12 15:15:00+00:00,153.0365,153.089,153.003,153.0745,0
2024-04-12 15:30:00+00:00,153.07299999999998,153.14600000000002,153.06,153.09699999999998,0
2024-04-12 15:45:00+00:00,153.0965,153.15800000000002,153.09550000000002,153.1225,0
2024-04-15 11:00:00+00:00,153.92950000000002,153.94,153.889,153.9035,0
2024-04-15 11:15:00+00:00,153.904,153.92700000000002,153.86700000000002,153.9115,0
2024-04-15 11:30:00+00:00,153.912,153.914,153.86599999999999,153.86599999999999,0
2024-04-15 11:45:00+00:00,153.86450000000002,153.918,153.8635,153.9135,0
2024-04-16 13:00:00+00:00,154.64600000000002,154.7535,154.64600000000002,154.707,0
2024-04-16 13:15:00+00:00,154.708,154.769,154.7005,154.7305,0
2024-04-16 13:30:00+00:00,154.7315,154.763,153.9005,154.4245,0
2024-04-16 13:45:00+00:00,154.4255,154.58350000000002,154.356,154.5685,0
2024-04-17 11:00:00+00:00,154.63,154.641,154.59300000000002,154.614,0
2024-04-17 11:15:00+00:00,154.6155,154.66,154.60399999999998,154.64749999999998,0
2024-04-17 11:30:00+00:00,154.648,154.651,154.61700000000002,154.625,0
2024-04-17 11:45:00+00:00,154.621,154.6445,154.60700000000003,154.63150000000002,0
2024-04-17 21:00:00+00:00,154.38600000000002,154.38600000000002,154.33499999999998,154.338,0
2024-04-17 21:15:00+00:00,154.338,154.3385,154.3225,154.332,0
2024-04-17 21:30:00+00:00,154.3355,154.3465,154.32999999999998,154.3305,0
2024-04-17 21:45:00+00:00,154.33,154.338,154.33,154.3365,0
2024-04-18 04:00:00+00:00,154.2385,154.2995,154.2385,154.2955,0
2024-04-18 04:15:00+00:00,154.296,154.2975,154.24099999999999,154.297,0
2024-04-18 04:30:00+00:00,154.29649999999998,154.3115,154.2705,154.284,0
2024-04-18 04:45:00+00:00,154.2845,154.313,154.26999999999998,154.2955,0
2024-04-19 01:00:00+00:00,154.631,154.631,154.409,154.452,0
2024-04-19 01:15:00+00:00,154.4525,154.53199999999998,154.3775,154.38150000000002,0
2024-04-19 01:30:00+00:00,154.38299999999998,154.4115,153.97500000000002,154.0385,0
2024-04-19 01:45:00+00:00,154.039,154.2755,154.0125,154.23700000000002,0
2024-04-19 13:00:00+00:00,154.535,154.591,154.524,154.58800000000002,0
2024-04-19 13:15:00+00:00,154.5885,154.615,154.53500000000003,154.55349999999999,0
2024-04-19 13:30:00+00:00,154.5545,154.58350000000002,154.5375,154.563,0
2024-04-19 13:45:00+00:00,154.5605,154.6125,154.55,154.58100000000002,0
2024-04-22 05:00:00+00:00,154.716,154.7225,154.6795,154.704,0
2024-04-22 05:15:00+00:00,154.7045,154.72,154.6945,154.7115,0
2024-04-22 05:30:00+00:00,154.711,154.743,154.711,154.72750000000002,0
2024-04-22 05:45:00+00:00,154.7265,154.7265,154.6935,154.72500000000002,0
2024-04-22 21:00:00+00:00,154.8435,154.84550000000002,154.8275,154.829,0
2024-04-22 21:15:00+00:00,154.829,154.83800000000002,154.82600000000002,154.8295,0
2024-04-22 21:30:00+00:00,154.8305,154.835,154.821,154.8305,0
2024-04-22 21:45:00+00:00,154.82799999999997,154.8325,154.8125,154.813,0
2024-04-23 06:00:00+00:00,154.76850000000002,154.7735,154.74,154.7465,0
2024-04-23 06:15:00+00:00,154.747,154.76299999999998,154.7255,154.7605,0
2024-04-23 06:30:00+00:00,154.7605,154.78500000000003,154.7345,154.736,0
2024-04-23 06:45:00+00:00,154.7355,154.76299999999998,154.71699999999998,154.7605,0
2024-04-24 02:00:00+00:00,154.7985,154.811,154.7935,154.8055,0
2024-04-24 02:15:00+00:00,154.805,154.817,154.7925,154.80200000000002,0
2024-04-24 02:30:00+00:00,154.8015,154.81799999999998,154.79500000000002,154.80200000000002,0
2024-04-24 02:45:00+00:00,154.80349999999999,154.815,154.791,154.812,0
2024-04-24 07:00:00+00:00,154.9305,154.9715,154.7705,154.8765,0
2024-04-24 07:15:00+00:00,154.87599999999998,154.914,154.868,154.8975,0
2024-04-24 07:30:00+00:00,154.8985,154.9275,154.8495,154.875,0
2024-04-24 07:45:00+00:00,154.87400000000002,154.91649999999998,154.86950000000002,154.904,0
2024-04-24 14:00:00+00:00,154.9865,155.02499999999998,154.94400000000002,155.011,0
2024-04-24 14:15:00+00:00,155.01049999999998,155.01049999999998,154.958,154.9875,0
2024-04-24 14:30:00+00:00,154.98899999999998,155.10899999999998,154.98700000000002,155.0905,0
2024-04-24 14:45:00+00:00,155.091,155.0995,154.98399999999998,155.0035,0
2024-04-25 08:00:00+00:00,155.6295,155.668,155.62400000000002,155.655,0
2024-04-25 08:15:00+00:00,155.65550000000002,155.68099999999998,155.6405,155.6725,0
2024-04-25 08:30:00+00:00,155.6745,155.6845,155.63150000000002,155.6345,0
2024-04-25 08:45:00+00:00,155.638,155.69299999999998,155.61200000000002,155.6735,0
2024-04-25 16:00:00+00:00,155.5235,155.55900000000003,155.5065,155.5555,0
2024-04-25 16:15:00+00:00,155.555,155.611,155.5315,155.535,0
2024-04-25 16:30:00+00:00,155.5355,155.5515,155.5235,155.5345,0
2024-04-25 16:45:00+00:00,155.534,155.54000000000002,155.499,155.512,0
2024-04-29 07:00:00+00:00,157.0335,157.188,155.3,155.49900000000002,0
2024-04-29 07:15:00+00:00,155.4975,155.8515,155.1945,155.199,0
2024-04-29 07:30:00+00:00,155.199,155.339,154.529,155.30349999999999,0
2024-04-29 07:45:00+00:00,155.304,155.69,155.155,155.5675,0
2024-04-30 07:00:00+00:00,156.829,156.9505,156.79149999999998,156.9145,0
2024-04-30 07:15:00+00:00,156.91500000000002,156.92849999999999,156.47750000000002,156.8185,0
2024-04-30 07:30:00+00:00,156.81900000000002,156.9135,156.803,156.8365,0
2024-04-30 07:45:00+00:00,156.836,156.87099999999998,156.7835,156.86700000000002,0
2024-05-01 00:00:00+00:00,157.7485,157.7715,157.6875,157.7655,0
2024-05-01 00:15:00+00:00,157.765,157.83499999999998,157.75400000000002,157.825,0
2024-05-01 00:30:00+00:00,157.826,157.8305,157.74400000000003,157.828,0
2024-05-01 00:45:00+00:00,157.8255,157.85750000000002,157.702,157.747,0
2024-05-02 09:00:00+00:00,155.14749999999998,155.19799999999998,155.023,155.1885,0
2024-05-02 09:15:00+00:00,155.18900000000002,155.247,155.108,155.24599999999998,0
2024-05-02 09:30:00+00:00,155.24450000000002,155.2765,155.179,155.247,0
2024-05-02 09:45:00+00:00,155.24599999999998,155.31150000000002,155.2245,155.2655,0
2024-05-02 16:00:00+00:00,153.78300000000002,153.92849999999999,153.77499999999998,153.8075,0
2024-05-02 16:15:00+00:00,153.80700000000002,153.8505,153.501,153.52100000000002,0
2024-05-02 16:30:00+00:00,153.5205,153.6975,153.5065,153.60649999999998,0
2024-05-02 16:45:00+00:00,153.60750000000002,153.82999999999998,153.5555,153.7695,0
2024-05-02 23:00:00+00:00,153.27749999999997,153.3025,153.05349999999999,153.0765,0
2024-05-02 23:15:00+00:00,153.0775,153.236,152.9745,153.209,0
2024-05-02 23:30:00+00:00,153.2135,153.2375,152.9005,153.067,0
2024-05-02 23:45:00+00:00,153.065,153.15800000000002,152.88049999999998,153.13799999999998,0
2024-05-03 07:00:00+00:00,153.288,153.2885,153.1575,153.173,0
2024-05-03 07:15:00+00:00,153.175,153.26850000000002,153.1565,153.18900000000002,0
2024-05-03 07:30:00+00:00,153.18900000000002,153.26999999999998,153.1525,153.22199999999998,0
2024-05-03 07:45:00+00:00,153.21949999999998,153.304,153.188,153.3005,0
2024-05-03 16:00:00+00:00,152.85750000000002,152.89,152.7645,152.827,0
2024-05-03 16:15:00+00:00,152.8275,152.8545,152.7515,152.76049999999998,0
2024-05-03 16:30:00+00:00,152.761,152.81400000000002,152.7525,152.7925,0
2024-05-03 16:45:00+00:00,152.79250000000002,152.904,152.78199999999998,152.87599999999998,0
2024-05-05 21:00:00+00:00,152.9955,153.0,152.872,152.8905,0
2024-05-05 21:15:00+00:00,152.89,152.9225,152.839,152.84,0
2024-05-05 21:30:00+00:00,152.846,152.848,152.838,152.8465,0
2024-05-05 21:45:00+00:00,152.84699999999998,152.848,152.8045,152.821,0
2024-05-07 14:00:00+00:00,154.402,154.405,154.24,154.336,0
2024-05-07 14:15:00+00:00,154.33499999999998,154.398,154.3135,154.3655,0
2024-05-07 14:30:00+00:00,154.36700000000002,154.4405,154.29,154.3065,0
2024-05-07 14:45:00+00:00,154.308,154.4695,154.2985,154.4245,0
2024-05-08 08:00:00+00:00,155.32999999999998,155.377,155.329,155.3685,0
2024-05-08 08:15:00+00:00,155.368,155.4235,155.3465,155.4195,0
2024-05-08 08:30:00+00:00,155.42000000000002,155.45100000000002,155.2125,155.36700000000002,0
2024-05-08 08:45:00+00:00,155.3655,155.447,155.3395,155.433,0
2024-05-08 19:00:00+00:00,155.613,155.635,155.607,155.63049999999998,0
2024-05-08 19:15:00+00:00,155.63,155.65699999999998,155.63,155.644,0
2024-05-08 19:30:00+00:00,155.643,155.66000000000003,155.6335,155.6585,0
2024-05-08 19:45:00+00:00,155.65699999999998,155.6595,155.61950000000002,155.635,0
2024-05-09 08:00:00+00:00,155.839,155.875,155.8135,155.851,0
2024-05-09 08:15:00+00:00,155.8495,155.875,155.8245,155.8555,0
2024-05-09 08:30:00+00:00,155.8555,155.8645,155.839,155.8485,0
2024-05-09 08:45:00+00:00,155.847,155.86950000000002,155.801,155.8505,0
2024-05-09 14:00:00+00:00,155.6465,155.6655,155.57150000000001,155.6345,0
2024-05-09 14:15:00+00:00,155.63549999999998,155.64999999999998,155.433,155.559,0
2024-05-09 14:30:00+00:00,155.5615,155.5635,155.46800000000002,155.527,0
2024-05-09 14:45:00+00:00,155.5265,155.6335,155.52499999999998,155.5615,0
2024-05-10 07:00:00+00:00,155.6745,155.743,155.67399999999998,155.6765,0
2024-05-10 07:15:00+00:00,155.67700000000002,155.757,155.67700000000002,155.744,0
2024-05-10 07:30:00+00:00,155.7385,155.781,155.73000000000002,155.745,0
2024-05-10 07:45:00+00:00,155.74450000000002,155.757,155.6535,155.6885,0
2024-05-10 18:00:00+00:00,155.8435,155.882,155.8425,155.8775,0
2024-05-10 18:15:00+00:00,155.8795,155.8835,155.8545,155.8675,0
2024-05-10 18:30:00+00:00,155.86700000000002,155.88799999999998,155.86399999999998,155.8755,0
2024-05-10 18:45:00+00:00,155.875,155.8755,155.839,155.8515,0
2024-05-10 19:00:00+00:00,155.849,155.8495,155.77999999999997,155.8045,0
2024-05-10 19:15:00+00:00,155.80399999999997,155.81099999999998,155.788,155.7985,0
2024-05-10 19:30:00+00:00,155.79899999999998,155.8105,155.7985,155.80399999999997,0
2024-05-10 19:45:00+00:00,155.80349999999999,155.80399999999997,155.7655,155.7765,0
2024-05-10 20:00:00+00:00,155.7755,155.79700000000003,155.7755,155.79399999999998,0
2024-05-10 20:15:00+00:00,155.7945,155.80349999999999,155.74,155.7465,0
2024-05-10 20:30:00+00:00,155.7455,155.77300000000002,155.7395,155.7685,0
2024-05-10 20:45:00+00:00,155.7695,155.80599999999998,155.7565,155.78,0
2024-05-13 07:00:00+00:00,155.848,155.88,155.8025,155.8415,0
2024-05-13 07:15:00+00:00,155.837,155.8705,155.7805,155.8245,0
2024-05-13 07:30:00+00:00,155.8235,155.893,155.8055,155.8785,0
2024-05-13 07:45:00+00:00,155.878,155.897,155.85500000000002,155.8835,0
2024-05-13 14:00:00+00:00,155.8415,155.898,155.839,155.89499999999998,0
2024-05-13 14:15:00+00:00,155.89600000000002,155.89600000000002,155.8405,155.89,0
2024-05-13 14:30:00+00:00,155.89,155.9355,155.887,155.89350000000002,0
2024-05-13 14:45:00+00:00,155.89249999999998,155.9335,155.85199999999998,155.9195,0
2024-05-13 21:00:00+00:00,156.22199999999998,156.22199999999998,156.1515,156.1985,0
2024-05-13 21:15:00+00:00,156.199,156.235,156.19,156.227,0
2024-05-13 21:30:00+00:00,156.2255,156.2355,156.16500000000002,156.213,0
2024-05-13 21:45:00+00:00,156.215,156.234,156.2105,156.211,0
2024-05-14 11:00:00+00:00,156.4305,156.45850000000002,156.41,156.44400000000002,0
2024-05-14 11:15:00+00:00,156.4435,156.45850000000002,156.4395,156.45749999999998,0
2024-05-14 11:30:00+00:00,156.457,156.4635,156.43200000000002,156.4425,0
2024-05-14 11:45:00+00:00,156.44400000000002,156.45749999999998,156.43349999999998,156.4525,0
2024-05-14 18:00:00+00:00,156.5065,156.51049999999998,156.469,156.47000000000003,0
2024-05-14 18:15:00+00:00,156.4695,156.47199999999998,156.4435,156.44650000000001,0
2024-05-14 18:30:00+00:00,156.44600000000003,156.4475,156.406,156.40699999999998,0
2024-05-14 18:45:00+00:00,156.40800000000002,156.438,156.3855,156.437,0
2024-05-15 02:00:00+00:00,156.3885,156.446,156.38799999999998,156.4355,0
2024-05-15 02:15:00+00:00,156.434,156.47699999999998,156.4335,156.4625,0
2024-05-15 02:30:00+00:00,156.462,156.47750000000002,156.446,156.4595,0
2024-05-15 02:45:00+00:00,156.45999999999998,156.4795,156.4495,156.4615,0
2024-05-15 18:00:00+00:00,154.7465,154.962,154.733,154.959,0
2024-05-15 18:15:00+00:00,154.95999999999998,155.00099999999998,154.93200000000002,154.949,0
2024-05-15 18:30:00+00:00,154.947,155.0275,154.93,155.01600000000002,0
2024-05-15 18:45:00+00:00,155.0145,155.019,154.9035,154.90949999999998,0
2024-05-16 09:00:00+00:00,154.715,154.748,154.68200000000002,154.73700000000002,0
2024-05-16 09:15:00+00:00,154.735,154.786,154.7025,154.774,0
2024-05-16 09:30:00+00:00,154.7745,154.7855,154.69600000000003,154.697,0
2024-05-16 09:45:00+00:00,154.698,154.699,154.637,154.6765,0
2024-05-16 17:00:00+00:00,155.2655,155.2745,155.2145,155.2255,0
2024-05-16 17:15:00+00:00,155.2245,155.2595,155.21300000000002,155.228,0
2024-05-16 17:30:00+00:00,155.2285,155.2845,155.2165,155.26749999999998,0
2024-05-16 17:45:00+00:00,155.268,155.2995,155.2525,155.25400000000002,0
2024-05-17 00:00:00+00:00,155.399,155.445,155.3495,155.3865,0
2024-05-17 00:15:00+00:00,155.386,155.519,155.3795,155.5075,0
2024-05-17 00:30:00+00:00,155.507,155.59199999999998,155.45999999999998,155.46699999999998,0
2024-05-17 00:45:00+00:00,155.46699999999998,155.5035,155.38,155.4475,0
2024-05-17 17:00:00+00:00,155.6265,155.6525,155.5995,155.639,0
2024-05-17 17:15:00+00:00,155.6385,155.6515,155.58499999999998,155.587,0
2024-05-17 17:30:00+00:00,155.5865,155.678,155.586,155.66649999999998,0
2024-05-17 17:45:00+00:00,155.668,155.6895,155.648,155.66899999999998,0
2024-05-20 04:00:00+00:00,155.72500000000002,155.75150000000002,155.667,155.66899999999998,0
2024-05-20 04:15:00+00:00,155.668,155.72750000000002,155.668,155.69299999999998,0
2024-05-20 04:30:00+00:00,155.6925,155.786,155.6925,155.772,0
2024-05-20 04:45:00+00:00,155.76999999999998,155.7735,155.736,155.7715,0
2024-05-20 18:00:00+00:00,156.176,156.192,156.1715,156.188,0
2024-05-20 18:15:00+00:00,156.18599999999998,156.19400000000002,156.168,156.185,0
2024-05-20 18:30:00+00:00,156.1855,156.24200000000002,156.1855,156.24,0
2024-05-20 18:45:00+00:00,156.2405,156.2705,156.22199999999998,156.2695,0
2024-05-21 02:00:00+00:00,156.483,156.494,156.4345,156.4645,0
2024-05-21 02:15:00+00:00,156.46300000000002,156.48899999999998,156.45999999999998,156.485,0
2024-05-21 02:30:00+00:00,156.4845,156.49900000000002,156.44799999999998,156.4505,0
2024-05-21 02:45:00+00:00,156.45,156.452,156.3975,156.4355,0
2024-05-22 09:00:00+00:00,156.47899999999998,156.513,156.43599999999998,156.48250000000002,0
2024-05-22 09:15:00+00:00,156.483,156.5195,156.4475,156.494,0
2024-05-22 09:30:00+00:00,156.49349999999998,156.50799999999998,156.4435,156.4595,0
2024-05-22 09:45:00+00:00,156.459,156.4655,156.4155,156.43900000000002,0
2024-05-22 23:00:00+00:00,156.744,156.7645,156.731,156.755,0
2024-05-22 23:15:00+00:00,156.753,156.7535,156.685,156.7125,0
2024-05-22 23:30:00+00:00,156.71300000000002,156.7145,156.6645,156.6755,0
2024-05-22 23:45:00+00:00,156.6705,156.736,156.6595,156.735,0
2024-05-23 07:00:00+00:00,156.64800000000002,156.68900000000002,156.584,156.66000000000003,0
2024-05-23 07:15:00+00:00,156.6625,156.663,156.5605,156.6265,0
2024-05-23 07:30:00+00:00,156.626,156.707,156.59699999999998,156.7045,0
2024-05-23 07:45:00+00:00,156.703,156.779,156.688,156.76,0
2024-05-23 14:00:00+00:00,157.0915,157.19650000000001,156.5435,157.0155,0
2024-05-23 14:15:00+00:00,157.01749999999998,157.118,156.956,157.05700000000002,0
2024-05-23 14:30:00+00:00,157.0565,157.0965,157.038,157.06900000000002,0
2024-05-23 14:45:00+00:00,157.0675,157.0795,156.9335,156.99450000000002,0
2024-05-23 22:00:00+00:00,156.9745,156.9885,156.9345,156.96949999999998,0
2024-05-23 22:15:00+00:00,156.97,156.984,156.96,156.9735,0
2024-05-23 22:30:00+00:00,156.976,156.9985,156.9685,156.9965,0
2024-05-23 22:45:00+00:00,156.9955,157.014,156.977,157.0075,0
2024-05-24 05:00:00+00:00,157.0805,157.11849999999998,157.0675,157.0945,0
2024-05-24 05:15:00+00:00,157.09300000000002,157.09500000000003,157.0495,157.055,0
2024-05-24 05:30:00+00:00,157.0555,157.102,157.04399999999998,157.08100000000002,0
2024-05-24 05:45:00+00:00,157.08100000000002,157.10000000000002,157.067,157.08100000000002,0
2024-05-24 13:00:00+00:00,157.0765,157.10500000000002,157.05399999999997,157.096,0
2024-05-24 13:15:00+00:00,157.09550000000002,157.1295,157.091,157.0935,0
2024-05-24 13:30:00+00:00,157.09300000000002,157.1125,157.0635,157.0675,0
2024-05-24 13:45:00+00:00,157.06799999999998,157.086,157.031,157.0765,0
2024-05-27 02:00:00+00:00,156.8075,156.8075,156.739,156.7655,0
2024-05-27 02:15:00+00:00,156.7665,156.80700000000002,156.74349999999998,156.80200000000002,0
2024-05-27 02:30:00+00:00,156.8015,156.8025,156.74900000000002,156.76749999999998,0
2024-05-27 02:45:00+00:00,156.7665,156.7665,156.691,156.728,0
2024-05-27 10:00:00+00:00,156.89350000000002,156.894,156.84699999999998,156.86,0
2024-05-27 10:15:00+00:00,156.8585,156.886,156.848,156.885,0
2024-05-27 10:30:00+00:00,156.8845,156.886,156.8595,156.873,0
2024-05-27 10:45:00+00:00,156.87,156.8775,156.8585,156.86,0
2024-05-28 03:00:00+00:00,156.7535,156.7695,156.7265,156.74200000000002,0
2024-05-28 03:15:00+00:00,156.73899999999998,156.74349999999998,156.6245,156.66699999999997,0
2024-05-28 03:30:00+00:00,156.66899999999998,156.6865,156.63549999999998,156.685,0
2024-05-28 03:45:00+00:00,156.68400000000003,156.6855,156.6525,156.6585,0
2024-05-29 06:00:00+00:00,157.22500000000002,157.233,156.897,157.107,0
2024-05-29 06:15:00+00:00,157.115,157.137,157.04399999999998,157.102,0
2024-05-29 06:30:00+00:00,157.1025,157.148,157.0695,157.144,0
2024-05-29 06:45:00+00:00,157.14499999999998,157.163,157.0525,157.09699999999998,0
2024-05-30 13:00:00+00:00,156.6485,156.708,156.374,156.476,0
2024-05-30 13:15:00+00:00,156.47500000000002,156.6605,156.471,156.6455,0
2024-05-30 13:30:00+00:00,156.64499999999998,156.76799999999997,156.6095,156.713,0
2024-05-30 13:45:00+00:00,156.714,156.74599999999998,156.654,156.73149999999998,0
2024-05-31 14:00:00+00:00,156.69650000000001,156.7045,156.58350000000002,156.6385,0
2024-05-31 14:15:00+00:00,156.63799999999998,156.692,156.56,156.651,0
2024-05-31 14:30:00+00:00,156.64999999999998,156.8735,156.648,156.86700000000002,0
2024-05-31 14:45:00+00:00,156.8675,157.167,156.7865,157.1615,0
2024-05-31 16:00:00+00:00,157.19299999999998,157.2475,157.1895,157.207,0
2024-05-31 16:15:00+00:00,157.20999999999998,157.238,157.17899999999997,157.2295,0
2024-05-31 16:30:00+00:00,157.23000000000002,157.2355,157.1635,157.1645,0
2024-05-31 16:45:00+00:00,157.1655,157.1875,157.1505,157.18200000000002,0
2024-05-31 18:00:00+00:00,157.22050000000002,157.22050000000002,157.191,157.1975,0
2024-05-31 18:15:00+00:00,157.203,157.20749999999998,157.1755,157.19,0
2024-05-31 18:30:00+00:00,157.1895,157.2225,157.1735,157.2185,0
2024-05-31 18:45:00+00:00,157.21800000000002,157.2735,157.2065,157.26749999999998,0
2024-06-03 11:00:00+00:00,156.7425,156.74599999999998,156.6705,156.736,0
2024-06-03 11:15:00+00:00,156.7375,156.75549999999998,156.66,156.6645,0
2024-06-03 11:30:00+00:00,156.664,156.81900000000002,156.6385,156.8075,0
2024-06-03 11:45:00+00:00,156.812,156.8825,156.7645,156.8585,0
2024-06-05 05:00:00+00:00,155.5855,155.65449999999998,155.55349999999999,155.59500000000003,0
2024-06-05 05:15:00+00:00,155.5965,155.598,155.5365,155.5875,0
2024-06-05 05:30:00+00:00,155.587,155.709,155.5785,155.65699999999998,0
2024-06-05 05:45:00+00:00,155.6575,155.68099999999998,155.574,155.6455,0
2024-06-06 04:00:00+00:00,155.5705,155.663,155.5655,155.6565,0
2024-06-06 04:15:00+00:00,155.655,155.8345,155.6395,155.8225,0
2024-06-06 04:30:00+00:00,155.82299999999998,155.947,155.723,155.748,0
2024-06-06 04:45:00+00:00,155.7485,155.8195,155.7165,155.735,0
2024-06-06 18:00:00+00:00,155.762,155.788,155.736,155.76299999999998,0
2024-06-06 18:15:00+00:00,155.762,155.76600000000002,155.716,155.7165,0
2024-06-06 18:30:00+00:00,155.716,155.7165,155.664,155.6825,0
2024-06-06 18:45:00+00:00,155.6865,155.7,155.65300000000002,155.6765,0
2024-06-07 00:00:00+00:00,155.67849999999999,155.80349999999999,155.6695,155.801,0
2024-06-07 00:15:00+00:00,155.8,155.84550000000002,155.7295,155.8395,0
2024-06-07 00:30:00+00:00,155.839,155.8515,155.753,155.764,0
2024-06-07 00:45:00+00:00,155.7635,155.79399999999998,155.582,155.7765,0
2024-06-07 07:00:00+00:00,155.363,155.36599999999999,155.2055,155.25150000000002,0
2024-06-07 07:15:00+00:00,155.249,155.3555,155.23250000000002,155.23250000000002,0
2024-06-07 07:30:00+00:00,155.2305,155.3865,155.123,155.3505,0
2024-06-07 07:45:00+00:00,155.3495,155.4385,155.324,155.4195,0
2024-06-07 15:00:00+00:00,156.8715,156.889,156.69400000000002,156.7025,0
2024-06-07 15:15:00+00:00,156.702,156.7695,156.5525,156.5685,0
2024-06-07 15:30:00+00:00,156.5695,156.6765,156.4255,156.60750000000002,0
2024-06-07 15:45:00+00:00,156.60500000000002,156.6215,156.5395,156.5985,0
2024-06-10 01:00:00+00:00,156.837,156.9265,156.773,156.9195,0
2024-06-10 01:15:00+00:00,156.91899999999998,156.9445,156.8435,156.9365,0
2024-06-10 01:30:00+00:00,156.937,156.98200000000003,156.9075,156.941,0
2024-06-10 01:45:00+00:00,156.9415,156.97199999999998,156.8685,156.9055,0
2024-06-11 10:00:00+00:00,157.2455,157.2475,157.1535,157.1815,0
2024-06-11 10:15:00+00:00,157.18099999999998,157.2165,157.1605,157.213,0
2024-06-11 10:30:00+00:00,157.2115,157.2175,157.11599999999999,157.135,0
2024-06-11 10:45:00+00:00,157.13600000000002,157.144,157.0885,157.0965,0
2024-06-12 01:00:00+00:00,157.183,157.24450000000002,157.115,157.13299999999998,0
2024-06-12 01:15:00+00:00,157.1335,157.1655,157.1055,157.13549999999998,0
2024-06-12 01:30:00+00:00,157.1365,157.1375,157.046,157.126,0
2024-06-12 01:45:00+00:00,157.1265,157.1395,157.05200000000002,157.13799999999998,0
2024-06-12 08:00:00+00:00,157.2695,157.30200000000002,157.2565,157.2785,0
2024-06-12 08:15:00+00:00,157.279,157.30450000000002,157.27800000000002,157.303,0
2024-06-12 08:30:00+00:00,157.30349999999999,157.3175,157.29199999999997,157.3025,0
2024-06-12 08:45:00+00:00,157.302,157.30849999999998,157.2815,157.30399999999997,0
2024-06-12 15:00:00+00:00,155.77949999999998,155.87599999999998,155.738,155.85250000000002,0
2024-06-12 15:15:00+00:00,155.856,155.856,155.76049999999998,155.8245,0
2024-06-12 15:30:00+00:00,155.8265,155.8715,155.78300000000002,155.8075,0
2024-06-12 15:45:00+00:00,155.80700000000002,155.8865,155.80450000000002,155.88299999999998,0
2024-06-13 02:00:00+00:00,156.834,156.949,156.8285,156.94650000000001,0
2024-06-13 02:15:00+00:00,156.9475,156.98000000000002,156.846,156.8885,0
2024-06-13 02:30:00+00:00,156.88799999999998,156.954,156.8795,156.93599999999998,0
2024-06-13 02:45:00+00:00,156.937,157.017,156.921,156.9985,0
2024-06-13 16:00:00+00:00,156.7755,156.82999999999998,156.696,156.8275,0
2024-06-13 16:15:00+00:00,156.8265,156.8585,156.69299999999998,156.728,0
2024-06-13 16:30:00+00:00,156.7295,156.858,156.7295,156.85500000000002,0
2024-06-13 16:45:00+00:00,156.85399999999998,156.9185,156.8415,156.849,0
2024-06-14 11:00:00+00:00,156.961,157.14,156.9545,157.127,0
2024-06-14 11:15:00+00:00,157.12400000000002,157.25400000000002,157.12400000000002,157.2135,0
2024-06-14 11:30:00+00:00,157.213,157.3105,157.10000000000002,157.15449999999998,0
2024-06-14 11:45:00+00:00,157.1525,157.2,157.04399999999998,157.0655,0
2024-06-16 23:00:00+00:00,157.5195,157.5845,157.50799999999998,157.5805,0
2024-06-16 23:15:00+00:00,157.579,157.6645,157.5665,157.60649999999998,0
2024-06-16 23:30:00+00:00,157.6085,157.61900000000003,157.5635,157.56400000000002,0
2024-06-16 23:45:00+00:00,157.562,157.57049999999998,157.49450000000002,157.558,0
2024-06-17 16:00:00+00:00,157.81,157.8145,157.74450000000002,157.7575,0
2024-06-17 16:15:00+00:00,157.75799999999998,157.8025,157.7415,157.74900000000002,0
2024-06-17 16:30:00+00:00,157.7495,157.7885,157.7305,157.788,0
2024-06-17 16:45:00+00:00,157.7865,157.8005,157.7685,157.7875,0
2024-06-17 17:00:00+00:00,157.7885,157.7885,157.7405,157.76850000000002,0
2024-06-17 17:15:00+00:00,157.767,157.77949999999998,157.7375,157.7615,0
2024-06-17 17:30:00+00:00,157.76049999999998,157.79399999999998,157.7455,157.7485,0
2024-06-17 17:45:00+00:00,157.7495,157.7665,157.73250000000002,157.75,0
2024-06-19 15:00:00+00:00,157.9005,157.9265,157.89100000000002,157.925,0
2024-06-19 15:15:00+00:00,157.9235,157.93200000000002,157.9075,157.90949999999998,0
2024-06-19 15:30:00+00:00,157.9095,157.925,157.899,157.923,0
2024-06-19 15:45:00+00:00,157.9235,157.9455,157.92200000000003,157.9335,0
2024-06-20 07:00:00+00:00,158.1255,158.1635,158.1205,158.163,0
2024-06-20 07:15:00+00:00,158.1625,158.176,158.08350000000002,158.13049999999998,0
2024-06-20 07:30:00+00:00,158.13,158.269,158.05349999999999,158.2655,0
2024-06-20 07:45:00+00:00,158.264,158.281,158.1925,158.27499999999998,0
2024-06-20 15:00:00+00:00,158.72899999999998,158.7485,158.69799999999998,158.726,0
2024-06-20 15:15:00+00:00,158.72500000000002,158.72500000000002,158.672,158.68900000000002,0
2024-06-20 15:30:00+00:00,158.6885,158.70999999999998,158.67149999999998,158.709,0
2024-06-20 15:45:00+00:00,158.70749999999998,158.781,158.697,158.776,0
2024-06-21 06:00:00+00:00,158.9525,158.99900000000002,158.93900000000002,158.9625,0
2024-06-21 06:15:00+00:00,158.9645,158.99900000000002,158.9145,158.99450000000002,0
2024-06-21 06:30:00+00:00,158.9915,159.0,158.94,158.9665,0
2024-06-21 06:45:00+00:00,158.9685,159.0025,158.9555,158.96300000000002,0
2024-06-21 13:00:00+00:00,158.9295,159.0275,158.9235,159.015,0
2024-06-21 13:15:00+00:00,159.0155,159.0265,158.97050000000002,159.0045,0
2024-06-21 13:30:00+00:00,159.005,159.00799999999998,158.929,158.935,0
2024-06-21 13:45:00+00:00,158.9355,159.21300000000002,158.9355,159.1515,0
2024-06-24 04:00:00+00:00,159.70299999999997,159.72199999999998,159.699,159.714,0
2024-06-24 04:15:00+00:00,159.71499999999997,159.76549999999997,159.714,159.748,0
2024-06-24 04:30:00+00:00,159.7475,159.7645,159.68900000000002,159.69099999999997,0
2024-06-24 04:45:00+00:00,159.6905,159.757,159.6855,159.75400000000002,0
2024-06-24 22:00:00+00:00,159.612,159.622,159.5725,159.594,0
2024-06-24 22:15:00+00:00,159.595,159.633,159.584,159.60399999999998,0
2024-06-24 22:30:00+00:00,159.6035,159.61950000000002,159.56799999999998,159.59550000000002,0
2024-06-24 22:45:00+00:00,159.59699999999998,159.6485,159.5895,159.6455,0
2024-06-24 23:00:00+00:00,159.64600000000002,159.70350000000002,159.643,159.6815,0
2024-06-24 23:15:00+00:00,159.68200000000002,159.707,159.66899999999998,159.6745,0
2024-06-24 23:30:00+00:00,159.679,159.6885,159.64249999999998,159.64600000000002,0
2024-06-24 23:45:00+00:00,159.6465,159.7005,159.619,159.7005,0
2024-06-25 17:00:00+00:00,159.7465,159.7475,159.65449999999998,159.6895,0
2024-06-25 17:15:00+00:00,159.69,159.69549999999998,159.6775,159.67849999999999,0
2024-06-25 17:30:00+00:00,159.67950000000002,159.70350000000002,159.678,159.6825,0
2024-06-25 17:45:00+00:00,159.68400000000003,159.7335,159.6805,159.73250000000002,0
2024-06-26 01:00:00+00:00,159.71949999999998,159.75549999999998,159.6955,159.753,0
2024-06-26 01:15:00+00:00,159.7535,159.8065,159.752,159.78,0
2024-06-26 01:30:00+00:00,159.779,159.902,159.767,159.834,0
2024-06-26 01:45:00+00:00,159.832,159.83800000000002,159.76600000000002,159.7815,0
2024-06-26 08:00:00+00:00,159.8995,159.9065,159.8715,159.8825,0
2024-06-26 08:15:00+00:00,159.882,159.921,159.877,159.9185,0
2024-06-26 08:30:00+00:00,159.9205,159.9435,159.9185,159.924,0
2024-06-26 08:45:00+00:00,159.9255,159.97050000000002,159.9255,159.95850000000002,0
2024-06-26 23:00:00+00:00,160.699,160.709,160.6615,160.66500000000002,0
2024-06-26 23:15:00+00:00,160.664,160.66649999999998,160.5905,160.66500000000002,0
2024-06-26 23:30:00+00:00,160.6655,160.68900000000002,160.6415,160.656,0
2024-06-26 23:45:00+00:00,160.65699999999998,160.683,160.59699999999998,160.63049999999998,0
2024-06-27 09:00:00+00:00,160.555,160.572,160.5275,160.562,0
2024-06-27 09:15:00+00:00,160.5625,160.5635,160.4815,160.4975,0
2024-06-27 09:30:00+00:00,160.4975,160.529,160.493,160.51600000000002,0
2024-06-27 09:45:00+00:00,160.517,160.524,160.47899999999998,160.4905,0
2024-06-27 17:00:00+00:00,160.709,160.712,160.6685,160.6935,0
2024-06-27 17:15:00+00:00,160.69549999999998,160.6975,160.6735,160.6905,0
2024-06-27 17:30:00+00:00,160.6895,160.70350000000002,160.67849999999999,160.6895,0
2024-06-27 17:45:00+00:00,160.68900000000002,160.72899999999998,160.6875,160.7265,0
2024-06-28 17:00:00+00:00,160.8505,160.858,160.7765,160.781,0
2024-06-28 17:15:00+00:00,160.77999999999997,160.815,160.7595,160.812,0
2024-06-28 17:30:00+00:00,160.81099999999998,160.905,160.81099999999998,160.875,0
2024-06-28 17:45:00+00:00,160.87400000000002,160.87400000000002,160.79500000000002,160.7985,0
2024-07-01 07:00:00+00:00,160.90449999999998,160.9835,160.87,160.941,0
2024-07-01 07:15:00+00:00,160.9415,161.05599999999998,160.9355,161.054,0
2024-07-01 07:30:00+00:00,161.05450000000002,161.07600000000002,160.977,161.002,0
2024-07-01 07:45:00+00:00,161.0015,161.06,160.971,161.015,0
2024-07-01 21:00:00+00:00,161.46949999999998,161.5675,161.45749999999998,161.5675,0
2024-07-01 21:15:00+00:00,161.56650000000002,161.5675,161.485,161.499,0
2024-07-01 21:30:00+00:00,161.498,161.5035,161.4545,161.4625,0
2024-07-01 21:45:00+00:00,161.4635,161.5035,161.458,161.47050000000002,0
2024-07-02 05:00:00+00:00,161.678,161.6825,161.649,161.666,0
2024-07-02 05:15:00+00:00,161.6655,161.6685,161.6265,161.64600000000002,0
2024-07-02 05:30:00+00:00,161.644,161.6855,161.64,161.66750000000002,0
2024-07-02 05:45:00+00:00,161.668,161.728,161.6415,161.7095,0
2024-07-02 23:00:00+00:00,161.426,161.44799999999998,161.422,161.4335,0
2024-07-02 23:15:00+00:00,161.434,161.5135,161.426,161.51299999999998,0
2024-07-02 23:30:00+00:00,161.51299999999998,161.526,161.47050000000002,161.473,0
2024-07-02 23:45:00+00:00,161.4735,161.512,161.452,161.4915,0
2024-07-03 00:00:00+00:00,161.49200000000002,161.53,161.4445,161.505,0
2024-07-03 00:15:00+00:00,161.50549999999998,161.5325,161.4835,161.5185,0
2024-07-03 00:30:00+00:00,161.519,161.5625,161.51749999999998,161.5565,0
2024-07-03 00:45:00+00:00,161.55849999999998,161.5815,161.5235,161.5645,0
2024-07-03 03:00:00+00:00,161.6465,161.6495,161.622,161.6405,0
2024-07-03 03:15:00+00:00,161.644,161.6455,161.6315,161.635,0
2024-07-03 03:30:00+00:00,161.635,161.6565,161.63400000000001,161.63400000000001,0
2024-07-03 03:45:00+00:00,161.635,161.649,161.623,161.632,0
2024-07-03 07:00:00+00:00,161.81400000000002,161.902,161.7885,161.886,0
2024-07-03 07:15:00+00:00,161.887,161.89600000000002,161.8555,161.868,0
2024-07-03 07:30:00+00:00,161.864,161.88150000000002,161.808,161.839,0
2024-07-03 07:45:00+00:00,161.838,161.8775,161.72500000000002,161.769,0
2024-07-03 10:00:00+00:00,161.868,161.91199999999998,161.84699999999998,161.91199999999998,0
2024-07-03 10:15:00+00:00,161.913,161.94799999999998,161.9015,161.928,0
2024-07-03 10:30:00+00:00,161.9275,161.9505,161.9075,161.9125,0
2024-07-03 10:45:00+00:00,161.9135,161.9485,161.906,161.94,0
2024-07-04 01:00:00+00:00,161.4435,161.4435,161.1395,161.36450000000002,0
2024-07-04 01:15:00+00:00,161.36399999999998,161.4675,161.32850000000002,161.4135,0
2024-07-04 01:30:00+00:00,161.413,161.42149999999998,161.3365,161.3625,0
2024-07-04 01:45:00+00:00,161.3635,161.3995,161.32049999999998,161.371,0
2024-07-04 18:00:00+00:00,161.1565,161.226,161.156,161.2255,0
2024-07-04 18:15:00+00:00,161.226,161.2575,161.2245,161.247,0
2024-07-04 18:30:00+00:00,161.2465,161.248,161.245,161.2475,0
2024-07-04 18:45:00+00:00,161.248,161.24900000000002,161.2465,161.248,0
2024-07-05 09:00:00+00:00,160.7385,160.76999999999998,160.651,160.655,0
2024-07-05 09:15:00+00:00,160.65449999999998,160.696,160.61700000000002,160.6955,0
2024-07-05 09:30:00+00:00,160.69600000000003,160.739,160.67700000000002,160.692,0
2024-07-05 09:45:00+00:00,160.6925,160.7025,160.65699999999998,160.699,0
2024-07-08 17:00:00+00:00,160.7315,160.7465,160.71699999999998,160.7175,0
2024-07-08 17:15:00+00:00,160.7165,160.747,160.6925,160.74450000000002,0
2024-07-08 17:30:00+00:00,160.74400000000003,160.749,160.697,160.7065,0
2024-07-08 17:45:00+00:00,160.70600000000002,160.7295,160.69150000000002,160.72050000000002,0
2024-07-09 18:00:00+00:00,161.31799999999998,161.3295,161.2745,161.29149999999998,0
2024-07-09 18:15:00+00:00,161.2895,161.304,161.2665,161.304,0
2024-07-09 18:30:00+00:00,161.303,161.3395,161.303,161.32600000000002,0
2024-07-09 18:45:00+00:00,161.325,161.3255,161.29500000000002,161.3135,0
2024-07-10 20:00:00+00:00,161.736,161.75099999999998,161.7295,161.73700000000002,0
2024-07-10 20:15:00+00:00,161.7375,161.739,161.708,161.708,0
2024-07-10 20:30:00+00:00,161.70850000000002,161.715,161.6985,161.7015,0
2024-07-10 20:45:00+00:00,161.7005,161.74200000000002,161.6925,161.70049999999998,0
2024-07-11 04:00:00+00:00,161.639,161.642,161.623,161.6405,0
2024-07-11 04:15:00+00:00,161.64,161.6825,161.639,161.6685,0
2024-07-11 04:30:00+00:00,161.668,161.68200000000002,161.6625,161.666,0
2024-07-11 04:45:00+00:00,161.6655,161.6945,161.66500000000002,161.6875,0
2024-07-12 06:00:00+00:00,159.037,159.173,158.973,159.0445,0
2024-07-12 06:15:00+00:00,159.039,159.1605,158.95999999999998,159.1415,0
2024-07-12 06:30:00+00:00,159.1405,159.191,159.10500000000002,159.1845,0
2024-07-12 06:45:00+00:00,159.18400000000003,159.2165,159.0555,159.139,0
2024-07-12 13:00:00+00:00,158.8115,158.844,157.39600000000002,157.4,0
2024-07-12 13:15:00+00:00,157.401,158.156,157.3635,158.102,0
2024-07-12 13:30:00+00:00,158.1035,158.4135,157.88400000000001,158.29250000000002,0
2024-07-12 13:45:00+00:00,158.292,158.459,158.262,158.32,0
2024-07-17 10:00:00+00:00,156.416,156.4595,156.2285,156.365,0
2024-07-17 10:15:00+00:00,156.365,156.465,156.3385,156.414,0
2024-07-17 10:30:00+00:00,156.416,156.688,156.393,156.63049999999998,0
2024-07-17 10:45:00+00:00,156.632,156.738,156.548,156.738,0
2024-07-17 22:00:00+00:00,156.1655,156.247,156.1375,156.1445,0
2024-07-17 22:15:00+00:00,156.142,156.14350000000002,155.99349999999998,156.062,0
2024-07-17 22:30:00+00:00,156.061,156.1735,156.02749999999997,156.1725,0
2024-07-17 22:45:00+00:00,156.1745,156.2755,156.1625,156.1625,0
2024-07-18 01:00:00+00:00,155.74099999999999,155.89600000000002,155.723,155.83350000000002,0
2024-07-18 01:15:00+00:00,155.834,155.9685,155.8185,155.893,0
2024-07-18 01:30:00+00:00,155.89249999999998,156.1635,155.875,156.1385,0
2024-07-18 01:45:00+00:00,156.13799999999998,156.3025,156.0885,156.2575,0
2024-07-18 02:00:00+00:00,156.257,156.442,156.257,156.324,0
2024-07-18 02:15:00+00:00,156.32299999999998,156.3715,156.2605,156.2725,0
2024-07-18 02:30:00+00:00,156.2695,156.3225,156.19400000000002,156.308,0
2024-07-18 02:45:00+00:00,156.3065,156.393,156.30200000000002,156.3145,0
2024-07-18 14:00:00+00:00,156.59,156.73700000000002,156.5875,156.6615,0
2024-07-18 14:15:00+00:00,156.661,156.7695,156.6375,156.7255,0
2024-07-18 14:30:00+00:00,156.72750000000002,156.7585,156.5035,156.5335,0
2024-07-18 14:45:00+00:00,156.535,156.7755,156.50799999999998,156.7585,0
2024-07-22 05:00:00+00:00,157.4445,157.4445,157.2695,157.32100000000003,0
2024-07-22 05:15:00+00:00,157.3205,157.325,157.01299999999998,157.0895,0
2024-07-22 05:30:00+00:00,157.09,157.20100000000002,157.063,157.12900000000002,0
2024-07-22 05:45:00+00:00,157.12900000000002,157.156,157.039,157.039,0
2024-07-22 17:00:00+00:00,157.075,157.077,157.0355,157.077,0
2024-07-22 17:15:00+00:00,157.077,157.144,157.0765,157.0895,0
2024-07-22 17:30:00+00:00,157.089,157.11700000000002,157.0735,157.0895,0
2024-07-22 17:45:00+00:00,157.089,157.1535,157.084,157.1395,0
2024-07-23 15:00:00+00:00,155.983,156.091,155.98250000000002,156.0315,0
2024-07-23 15:15:00+00:00,156.029,156.05700000000002,156.0065,156.0285,0
2024-07-23 15:30:00+00:00,156.0275,156.0275,155.94650000000001,155.95749999999998,0
2024-07-23 15:45:00+00:00,155.9565,156.02999999999997,155.95350000000002,156.023,0
2024-07-24 04:00:00+00:00,155.0575,155.0575,154.7775,154.778,0
2024-07-24 04:15:00+00:00,154.7785,154.9495,154.761,154.85500000000002,0
2024-07-24 04:30:00+00:00,154.8545,154.856,154.6375,154.64249999999998,0
2024-07-24 04:45:00+00:00,154.6435,154.72,154.54399999999998,154.611,0
2024-07-24 20:00:00+00:00,154.0195,154.0195,153.9625,153.996,0
2024-07-24 20:15:00+00:00,153.9955,154.0035,153.971,153.99,0
2024-07-24 20:30:00+00:00,153.98950000000002,154.011,153.96499999999997,153.9775,0
2024-07-24 20:45:00+00:00,153.9725,153.9725,153.856,153.8895,0
2024-07-25 23:00:00+00:00,153.9035,153.90550000000002,153.5135,153.714,0
2024-07-25 23:15:00+00:00,153.712,153.786,153.381,153.471,0
2024-07-25 23:30:00+00:00,153.46949999999998,153.691,153.42849999999999,153.691,0
2024-07-25 23:45:00+00:00,153.6915,153.724,153.57150000000001,153.704,0
2024-07-29 13:00:00+00:00,153.8885,153.9545,153.7335,153.89100000000002,0
2024-07-29 13:15:00+00:00,153.8905,154.031,153.8855,153.973,0
2024-07-29 13:30:00+00:00,153.9715,154.1435,153.938,154.043,0
2024-07-29 13:45:00+00:00,154.04399999999998,154.2105,154.00599999999997,154.17700000000002,0
2024-07-30 04:00:00+00:00,154.0745,154.1535,154.071,154.111,0
2024-07-30 04:15:00+00:00,154.1115,154.1735,154.063,154.1695,0
2024-07-30 04:30:00+00:00,154.16899999999998,154.39749999999998,154.163,154.33499999999998,0
2024-07-30 04:45:00+00:00,154.3355,154.44650000000001,154.26999999999998,154.4405,0
2024-07-30 14:00:00+00:00,154.3485,154.65300000000002,154.348,154.5255,0
2024-07-30 14:15:00+00:00,154.528,154.636,154.528,154.6035,0
2024-07-30 14:30:00+00:00,154.60199999999998,154.613,154.429,154.57150000000001,0
2024-07-30 14:45:00+00:00,154.571,154.65499999999997,154.46800000000002,154.6025,0
2024-07-31 22:00:00+00:00,149.88400000000001,150.0095,149.804,149.871,0
2024-07-31 22:15:00+00:00,149.869,149.997,149.8675,149.938,0
2024-07-31 22:30:00+00:00,149.9375,150.08550000000002,149.933,150.0115,0
2024-07-31 22:45:00+00:00,150.011,150.195,149.9925,150.17399999999998,0
2024-08-02 07:00:00+00:00,148.85399999999998,148.9185,148.6245,148.75799999999998,0
2024-08-02 07:15:00+00:00,148.761,149.1175,148.7505,149.099,0
2024-08-02 07:30:00+00:00,149.0965,149.2065,148.913,149.0355,0
2024-08-02 07:45:00+00:00,149.036,149.2245,148.9085,149.2135,0
2024-08-02 18:00:00+00:00,146.839,146.86849999999998,146.7745,146.82,0
2024-08-02 18:15:00+00:00,146.8205,146.8985,146.7635,146.7735,0
2024-08-02 18:30:00+00:00,146.7725,146.796,146.67849999999999,146.682,0
2024-08-02 18:45:00+00:00,146.67950000000002,146.67950000000002,146.44,146.495,0
2024-08-07 02:00:00+00:00,146.736,146.9205,146.34050000000002,146.7225,0
2024-08-07 02:15:00+00:00,146.72050000000002,146.836,146.3585,146.7235,0
2024-08-07 02:30:00+00:00,146.723,146.7245,146.45600000000002,146.509,0
2024-08-07 02:45:00+00:00,146.511,146.953,146.452,146.84550000000002,0
2024-08-07 19:00:00+00:00,146.844,147.192,146.836,146.91750000000002,0
2024-08-07 19:15:00+00:00,146.917,146.978,146.827,146.88,0
2024-08-07 19:30:00+00:00,146.88150000000002,146.947,146.7905,146.8835,0
2024-08-07 19:45:00+00:00,146.8785,146.969,146.8155,146.8505,0
2024-08-08 03:00:00+00:00,146.598,146.61950000000002,146.34949999999998,146.4395,0
2024-08-08 03:15:00+00:00,146.44,146.637,146.37650000000002,146.526,0
2024-08-08 03:30:00+00:00,146.5235,146.613,146.4595,146.57299999999998,0
2024-08-08 03:45:00+00:00,146.578,146.7235,146.312,146.3825,0
2024-08-08 18:00:00+00:00,147.3655,147.438,147.3205,147.35,0
2024-08-08 18:15:00+00:00,147.3505,147.4075,147.29649999999998,147.3005,0
2024-08-08 18:30:00+00:00,147.3,147.33100000000002,147.24200000000002,147.29149999999998,0
2024-08-08 18:45:00+00:00,147.291,147.3255,147.2025,147.21499999999997,0
2024-08-09 10:00:00+00:00,147.2375,147.26850000000002,147.1175,147.17849999999999,0
2024-08-09 10:15:00+00:00,147.1805,147.239,147.14299999999997,147.20850000000002,0
2024-08-09 10:30:00+00:00,147.2095,147.21550000000002,147.12400000000002,147.1415,0
2024-08-09 10:45:00+00:00,147.14249999999998,147.17700000000002,147.041,147.143,0
2024-08-09 18:00:00+00:00,146.6975,146.72500000000002,146.66500000000002,146.68,0
2024-08-09 18:15:00+00:00,146.67899999999997,146.712,146.6555,146.687,0
2024-08-09 18:30:00+00:00,146.6875,146.6995,146.671,146.69799999999998,0
2024-08-09 18:45:00+00:00,146.697,146.697,146.596,146.61599999999999,0
2024-08-12 15:00:00+00:00,147.877,147.894,147.6685,147.7225,0
2024-08-12 15:15:00+00:00,147.722,147.74200000000002,147.2465,147.3785,0
2024-08-12 15:30:00+00:00,147.37599999999998,147.474,147.30399999999997,147.4195,0
2024-08-12 15:45:00+00:00,147.4185,147.56,147.34500000000003,147.5455,0
2024-08-13 01:00:00+00:00,147.26749999999998,147.39,147.26749999999998,147.316,0
2024-08-13 01:15:00+00:00,147.317,147.51749999999998,147.2785,147.426,0
2024-08-13 01:30:00+00:00,147.42450000000002,147.4475,147.3545,147.3755,0
2024-08-13 01:45:00+00:00,147.37900000000002,147.4445,147.308,147.325,0
2024-08-13 18:00:00+00:00,146.9025,146.90449999999998,146.7935,146.8015,0
2024-08-13 18:15:00+00:00,146.8005,146.8045,146.69799999999998,146.733,0
2024-08-13 18:30:00+00:00,146.73399999999998,146.7575,146.64800000000002,146.7505,0
2024-08-13 18:45:00+00:00,146.7545,146.77100000000002,146.66500000000002,146.67899999999997,0
2024-08-14 14:00:00+00:00,146.96300000000002,146.997,146.75400000000002,146.865,0
2024-08-14 14:15:00+00:00,146.86599999999999,147.0115,146.853,146.8645,0
2024-08-14 14:30:00+00:00,146.8635,146.9155,146.639,146.6925,0
2024-08-14 14:45:00+00:00,146.6945,146.81,146.5775,146.76549999999997,0
2024-08-15 17:00:00+00:00,149.0435,149.0485,148.959,149.0085,0
2024-08-15 17:15:00+00:00,149.00799999999998,149.08300000000003,149.0065,149.07600000000002,0
2024-08-15 17:30:00+00:00,149.075,149.187,149.06799999999998,149.17849999999999,0
2024-08-15 17:45:00+00:00,149.179,149.1795,149.094,149.096,0
2024-08-16 00:00:00+00:00,149.232,149.27100000000002,149.07600000000002,149.115,0
2024-08-16 00:15:00+00:00,149.1155,149.1255,149.00900000000001,149.0585,0
2024-08-16 00:30:00+00:00,149.0575,149.1125,148.925,148.99450000000002,0
2024-08-16 00:45:00+00:00,148.993,149.16250000000002,148.9105,149.1575,0
2024-08-16 07:00:00+00:00,149.0595,149.063,148.9725,149.0335,0
2024-08-16 07:15:00+00:00,149.03050000000002,149.0455,148.952,148.9845,0
2024-08-16 07:30:00+00:00,148.98399999999998,149.03199999999998,148.9115,148.9235,0
2024-08-16 07:45:00+00:00,148.92149999999998,149.03500000000003,148.8985,149.0165,0
2024-08-19 03:00:00+00:00,147.3485,147.3745,146.892,146.90499999999997,0
2024-08-19 03:15:00+00:00,146.9005,146.9565,146.73700000000002,146.925,0
2024-08-19 03:30:00+00:00,146.926,146.929,146.372,146.4475,0
2024-08-19 03:45:00+00:00,146.44600000000003,146.5795,146.3155,146.4615,0
2024-08-20 03:00:00+00:00,147.0035,147.04950000000002,146.90449999999998,146.94549999999998,0
2024-08-20 03:15:00+00:00,146.94549999999998,146.97899999999998,146.85399999999998,146.92950000000002,0
2024-08-20 03:30:00+00:00,146.92849999999999,146.952,146.843,146.938,0
2024-08-20 03:45:00+00:00,146.94299999999998,147.1655,146.93900000000002,147.07150000000001,0
2024-08-20 12:00:00+00:00,146.37599999999998,146.37599999999998,146.26749999999998,146.34449999999998,0
2024-08-20 12:15:00+00:00,146.344,146.39,146.25799999999998,146.34050000000002,0
2024-08-20 12:30:00+00:00,146.34050000000002,146.493,146.284,146.4205,0
2024-08-20 12:45:00+00:00,146.4195,146.4205,146.127,146.16899999999998,0
2024-08-20 21:00:00+00:00,145.258,145.276,145.21949999999998,145.226,0
2024-08-20 21:15:00+00:00,145.2265,145.2265,145.15449999999998,145.2135,0
2024-08-20 21:30:00+00:00,145.21949999999998,145.2305,145.096,145.19400000000002,0
2024-08-20 21:45:00+00:00,145.1935,145.1935,145.13299999999998,145.144,0
2024-08-22 02:00:00+00:00,145.61950000000002,145.6345,145.5395,145.5475,0
2024-08-22 02:15:00+00:00,145.546,145.611,145.4015,145.4545,0
2024-08-22 02:30:00+00:00,145.454,145.529,145.435,145.452,0
2024-08-22 02:45:00+00:00,145.452,145.462,145.3745,145.447,0
2024-08-23 11:00:00+00:00,146.02100000000002,146.075,145.94,146.0655,0
2024-08-23 11:15:00+00:00,146.066,146.09500000000003,146.0165,146.05599999999998,0
2024-08-23 11:30:00+00:00,146.053,146.1045,146.01999999999998,146.02300000000002,0
2024-08-23 11:45:00+00:00,146.02499999999998,146.03500000000003,145.94549999999998,146.034,0
2024-08-26 01:00:00+00:00,143.716,143.7685,143.449,143.53699999999998,0
2024-08-26 01:15:00+00:00,143.5375,143.6825,143.4565,143.6615,0
2024-08-26 01:30:00+00:00,143.662,143.872,143.6055,143.81799999999998,0
2024-08-26 01:45:00+00:00,143.815,143.8875,143.7025,143.74349999999998,0
2024-08-26 09:00:00+00:00,143.865,143.946,143.825,143.894,0
2024-08-26 09:15:00+00:00,143.89499999999998,143.9855,143.87,143.9225,0
2024-08-26 09:30:00+00:00,143.92000000000002,144.0035,143.8995,143.92899999999997,0
2024-08-26 09:45:00+00:00,143.92849999999999,143.9955,143.925,143.969,0
2024-08-26 17:00:00+00:00,144.462,144.4625,144.32150000000001,144.389,0
2024-08-26 17:15:00+00:00,144.3895,144.45999999999998,144.381,144.434,0
2024-08-26 17:30:00+00:00,144.4345,144.53,144.4235,144.5255,0
2024-08-26 17:45:00+00:00,144.527,144.558,144.515,144.5255,0
2024-08-27 01:00:00+00:00,144.8465,144.9505,144.752,144.9255,0
2024-08-27 01:15:00+00:00,144.9275,144.95350000000002,144.72199999999998,144.732,0
2024-08-27 01:30:00+00:00,144.73250000000002,144.7835,144.65449999999998,144.661,0
2024-08-27 01:45:00+00:00,144.6605,144.7115,144.60649999999998,144.6975,0
2024-08-27 21:00:00+00:00,143.96699999999998,144.017,143.96,144.0155,0
2024-08-27 21:15:00+00:00,144.0165,144.0335,143.926,143.9885,0
2024-08-27 21:30:00+00:00,143.9845,143.9885,143.9385,143.9405,0
2024-08-27 21:45:00+00:00,143.947,143.9875,143.9435,143.9435,0
2024-08-28 04:00:00+00:00,144.4125,144.483,144.41199999999998,144.4595,0
2024-08-28 04:15:00+00:00,144.459,144.4835,144.4035,144.4475,0
2024-08-28 04:30:00+00:00,144.4475,144.54000000000002,144.4405,144.4755,0
2024-08-28 04:45:00+00:00,144.473,144.4875,144.346,144.356,0
2024-08-28 16:00:00+00:00,144.4735,144.587,144.469,144.5275,0
2024-08-28 16:15:00+00:00,144.5265,144.63400000000001,144.495,144.61,0
2024-08-28 16:30:00+00:00,144.6105,144.7035,144.5975,144.69549999999998,0
2024-08-28 16:45:00+00:00,144.6945,144.76,144.663,144.7415,0
2024-08-28 19:00:00+00:00,144.654,144.72899999999998,144.652,144.7175,0
2024-08-28 19:15:00+00:00,144.7185,144.7295,144.6575,144.6985,0
2024-08-28 19:30:00+00:00,144.6985,144.74099999999999,144.68900000000002,144.732,0
2024-08-28 19:45:00+00:00,144.7315,144.7615,144.692,144.7035,0
2024-08-29 11:00:00+00:00,144.488,144.6025,144.4655,144.582,0
2024-08-29 11:15:00+00:00,144.58300000000003,144.589,144.4975,144.5365,0
2024-08-29 11:30:00+00:00,144.5375,144.666,144.502,144.625,0
2024-08-29 11:45:00+00:00,144.6245,144.702,144.567,144.59300000000002,0
2024-08-29 19:00:00+00:00,144.779,144.8765,144.7575,144.8125,0
2024-08-29 19:15:00+00:00,144.813,144.8585,144.80599999999998,144.846,0
2024-08-29 19:30:00+00:00,144.8465,144.9365,144.84449999999998,144.88799999999998,0
2024-08-29 19:45:00+00:00,144.889,144.92849999999999,144.8535,144.91750000000002,0
2024-08-30 09:00:00+00:00,145.1215,145.154,145.023,145.0485,0
2024-08-30 09:15:00+00:00,145.0475,145.10399999999998,145.03699999999998,145.09300000000002,0
2024-08-30 09:30:00+00:00,145.0925,145.1415,145.074,145.089,0
2024-08-30 09:45:00+00:00,145.0885,145.14249999999998,145.0765,145.13400000000001,0
2024-09-01 22:00:00+00:00,146.11599999999999,146.2905,146.11599999999999,146.2665,0
2024-09-01 22:15:00+00:00,146.26600000000002,146.329,146.238,146.32049999999998,0
2024-09-01 22:30:00+00:00,146.321,146.38,146.31099999999998,146.3755,0
2024-09-01 22:45:00+00:00,146.376,146.449,146.3745,146.448,0
2024-09-03 20:00:00+00:00,145.6325,145.716,145.625,145.6695,0
2024-09-03 20:15:00+00:00,145.66899999999998,145.6975,145.6295,145.63,0
2024-09-03 20:30:00+00:00,145.63049999999998,145.644,145.55450000000002,145.57600000000002,0
2024-09-03 20:45:00+00:00,145.5775,145.588,145.451,145.4735,0
2024-09-04 06:00:00+00:00,145.1675,145.3185,145.14249999999998,145.25,0
2024-09-04 06:15:00+00:00,145.252,145.3055,145.1655,145.27800000000002,0
2024-09-04 06:30:00+00:00,145.276,145.30599999999998,145.0725,145.08350000000002,0
2024-09-04 06:45:00+00:00,145.0825,145.126,144.85899999999998,144.8765,0
2024-09-04 13:00:00+00:00,145.073,145.15,145.03199999999998,145.062,0
2024-09-04 13:15:00+00:00,145.062,145.0655,144.865,144.875,0
2024-09-04 13:30:00+00:00,144.87599999999998,144.92950000000002,144.7975,144.827,0
2024-09-04 13:45:00+00:00,144.824,144.85899999999998,144.75099999999998,144.7865,0
2024-09-04 21:00:00+00:00,143.73950000000002,143.74,143.65550000000002,143.659,0
2024-09-04 21:15:00+00:00,143.65800000000002,143.667,143.60500000000002,143.64,0
2024-09-04 21:30:00+00:00,143.64049999999997,143.6605,143.633,143.65449999999998,0
2024-09-04 21:45:00+00:00,143.65699999999998,143.661,143.64249999999998,143.656,0
2024-09-05 05:00:00+00:00,143.57600000000002,143.60000000000002,143.3245,143.4595,0
2024-09-05 05:15:00+00:00,143.4595,143.5155,143.38400000000001,143.3985,0
2024-09-05 05:30:00+00:00,143.3995,143.539,143.3625,143.469,0
2024-09-05 05:45:00+00:00,143.47,143.4955,143.35750000000002,143.401,0
2024-09-05 22:00:00+00:00,143.42849999999999,143.4555,143.328,143.3755,0
2024-09-05 22:15:00+00:00,143.3775,143.3875,143.33550000000002,143.38049999999998,0
2024-09-05 22:30:00+00:00,143.381,143.425,143.3775,143.413,0
2024-09-05 22:45:00+00:00,143.4135,143.458,143.399,143.41649999999998,0
2024-09-06 07:00:00+00:00,142.394,142.413,142.103,142.11950000000002,0
2024-09-06 07:15:00+00:00,142.12,142.3005,142.058,142.2495,0
2024-09-06 07:30:00+00:00,142.25,142.41,142.2305,142.332,0
2024-09-06 07:45:00+00:00,142.3345,142.5375,142.24099999999999,142.5245,0
2024-09-09 01:00:00+00:00,142.7005,142.8,142.6165,142.6745,0
2024-09-09 01:15:00+00:00,142.6735,142.785,142.62099999999998,142.7155,0
2024-09-09 01:30:00+00:00,142.71300000000002,142.88299999999998,142.66750000000002,142.845,0
2024-09-09 01:45:00+00:00,142.8465,142.9835,142.8,142.95850000000002,0
2024-09-09 08:00:00+00:00,143.161,143.245,143.0975,143.2215,0
2024-09-09 08:15:00+00:00,143.221,143.303,143.171,143.303,0
2024-09-09 08:30:00+00:00,143.2995,143.3905,143.297,143.35399999999998,0
2024-09-09 08:45:00+00:00,143.35500000000002,143.436,143.332,143.38150000000002,0
2024-09-09 15:00:00+00:00,142.7375,142.92200000000003,142.71699999999998,142.8105,0
2024-09-09 15:15:00+00:00,142.8155,142.95850000000002,142.748,142.949,0
2024-09-09 15:30:00+00:00,142.9505,143.0125,142.87650000000002,142.892,0
2024-09-09 15:45:00+00:00,142.8905,142.98000000000002,142.8665,142.928,0
2024-09-10 16:00:00+00:00,142.289,142.3595,142.1955,142.33300000000003,0
2024-09-10 16:15:00+00:00,142.334,142.40800000000002,142.3245,142.3245,0
2024-09-10 16:30:00+00:00,142.3235,142.4425,142.321,142.442,0
2024-09-10 16:45:00+00:00,142.4425,142.476,142.4125,142.464,0
2024-09-11 07:00:00+00:00,141.378,141.493,141.264,141.442,0
2024-09-11 07:15:00+00:00,141.44299999999998,141.5355,141.30399999999997,141.40300000000002,0
2024-09-11 07:30:00+00:00,141.404,141.546,141.3375,141.34300000000002,0
2024-09-11 07:45:00+00:00,141.332,141.435,141.16899999999998,141.39,0
2024-09-11 22:00:00+00:00,142.30399999999997,142.3045,142.22899999999998,142.2515,0
2024-09-11 22:15:00+00:00,142.252,142.332,142.233,142.313,0
2024-09-11 22:30:00+00:00,142.314,142.4265,142.314,142.4255,0
2024-09-11 22:45:00+00:00,142.427,142.475,142.417,142.46249999999998,0
2024-09-13 04:00:00+00:00,140.9805,140.9895,140.8095,140.90300000000002,0
2024-09-13 04:15:00+00:00,140.904,140.929,140.813,140.862,0
2024-09-13 04:30:00+00:00,140.86149999999998,140.948,140.6475,140.925,0
2024-09-13 04:45:00+00:00,140.933,141.024,140.9275,140.9575,0
2024-09-13 10:00:00+00:00,140.5735,140.673,140.502,140.595,0
2024-09-13 10:15:00+00:00,140.59550000000002,140.653,140.54399999999998,140.565,0
2024-09-13 10:30:00+00:00,140.5645,140.56599999999997,140.36599999999999,140.399,0
2024-09-13 10:45:00+00:00,140.3995,140.7195,140.3985,140.6995,0
2024-09-13 19:00:00+00:00,140.93349999999998,140.96800000000002,140.9065,140.9435,0
2024-09-13 19:15:00+00:00,140.94549999999998,140.962,140.90300000000002,140.93200000000002,0
2024-09-13 19:30:00+00:00,140.93099999999998,140.942,140.886,140.926,0
2024-09-13 19:45:00+00:00,140.92399999999998,140.942,140.9175,140.9315,0
2024-09-16 13:00:00+00:00,140.2385,140.42149999999998,140.211,140.4065,0
2024-09-16 13:15:00+00:00,140.405,140.4745,140.3265,140.3905,0
2024-09-16 13:30:00+00:00,140.39100000000002,140.482,140.288,140.425,0
2024-09-16 13:45:00+00:00,140.4245,140.4805,140.36700000000002,140.459,0
2024-09-17 05:00:00+00:00,140.683,140.8065,140.68200000000002,140.762,0
2024-09-17 05:15:00+00:00,140.7625,140.79500000000002,140.66500000000002,140.6765,0
2024-09-17 05:30:00+00:00,140.677,140.698,140.507,140.56,0
2024-09-17 05:45:00+00:00,140.56099999999998,140.76049999999998,140.51999999999998,140.7045,0
2024-09-17 11:00:00+00:00,140.66750000000002,140.7425,140.6645,140.6935,0
2024-09-17 11:15:00+00:00,140.70100000000002,140.70600000000002,140.63400000000001,140.6395,0
2024-09-17 11:30:00+00:00,140.639,140.6495,140.53199999999998,140.562,0
2024-09-17 11:45:00+00:00,140.562,140.627,140.48200000000003,140.607,0
2024-09-17 21:00:00+00:00,142.409,142.41500000000002,142.346,142.3935,0
2024-09-17 21:15:00+00:00,142.39350000000002,142.39350000000002,142.3485,142.3535,0
2024-09-17 21:30:00+00:00,142.3545,142.36450000000002,142.3385,142.3595,0
2024-09-17 21:45:00+00:00,142.35899999999998,142.36,142.35399999999998,142.3585,0
2024-09-18 05:00:00+00:00,141.3195,141.4035,141.2825,141.381,0
2024-09-18 05:15:00+00:00,141.3815,141.42700000000002,141.3225,141.41699999999997,0
2024-09-18 05:30:00+00:00,141.4145,141.449,141.2905,141.43599999999998,0
2024-09-18 05:45:00+00:00,141.437,141.5445,141.4125,141.5355,0
2024-09-18 13:00:00+00:00,141.925,141.925,141.679,141.727,0
2024-09-18 13:15:00+00:00,141.728,141.796,141.69,141.7875,0
2024-09-18 13:30:00+00:00,141.78699999999998,141.9125,141.6985,141.83300000000003,0
2024-09-18 13:45:00+00:00,141.83350000000002,141.8955,141.74450000000002,141.7635,0
2024-09-18 21:00:00+00:00,142.288,142.313,142.20999999999998,142.20999999999998,0
2024-09-18 21:15:00+00:00,142.20850000000002,142.24200000000002,142.20850000000002,142.21800000000002,0
2024-09-18 21:30:00+00:00,142.2185,142.2235,142.163,142.1655,0
2024-09-18 21:45:00+00:00,142.166,142.20850000000002,142.13299999999998,142.13299999999998,0
2024-09-19 04:00:00+00:00,143.1735,143.2825,143.083,143.1995,0
2024-09-19 04:15:00+00:00,143.199,143.29649999999998,143.135,143.279,0
2024-09-19 04:30:00+00:00,143.279,143.28699999999998,143.059,143.17849999999999,0
2024-09-19 04:45:00+00:00,143.1865,143.269,143.1175,143.1795,0
2024-09-19 22:00:00+00:00,142.6495,142.656,142.58800000000002,142.6085,0
2024-09-19 22:15:00+00:00,142.60750000000002,142.639,142.565,142.5655,0
2024-09-19 22:30:00+00:00,142.567,142.6325,142.5245,142.57549999999998,0
2024-09-19 22:45:00+00:00,142.575,142.6705,142.55200000000002,142.668,0
2024-09-20 15:00:00+00:00,144.4245,144.4975,144.321,144.4425,0
2024-09-20 15:15:00+00:00,144.4435,144.447,144.344,144.41649999999998,0
2024-09-20 15:30:00+00:00,144.41750000000002,144.425,143.911,143.9885,0
2024-09-20 15:45:00+00:00,143.989,144.04950000000002,143.8495,143.9095,0
2024-09-22 21:00:00+00:00,143.9245,144.113,143.901,143.901,0
2024-09-22 21:15:00+00:00,143.8985,143.90800000000002,143.82999999999998,143.90550000000002,0
2024-09-22 21:30:00+00:00,143.9025,143.9085,143.8265,143.8275,0
2024-09-22 21:45:00+00:00,143.82799999999997,143.9115,143.814,143.89,0
2024-09-23 05:00:00+00:00,144.25650000000002,144.3205,144.2125,144.273,0
2024-09-23 05:15:00+00:00,144.2735,144.2745,144.151,144.1845,0
2024-09-23 05:30:00+00:00,144.1875,144.2265,144.1415,144.203,0
2024-09-23 05:45:00+00:00,144.20600000000002,144.2065,144.1035,144.1165,0
2024-09-23 12:00:00+00:00,143.6175,143.68599999999998,143.4575,143.6805,0
2024-09-23 12:15:00+00:00,143.68,143.7985,143.651,143.7575,0
2024-09-23 12:30:00+00:00,143.757,143.87900000000002,143.72199999999998,143.7355,0
2024-09-23 12:45:00+00:00,143.7345,143.848,143.6825,143.7755,0
2024-09-24 03:00:00+00:00,143.6695,143.70800000000003,143.579,143.586,0
2024-09-24 03:15:00+00:00,143.587,143.713,143.5695,143.69799999999998,0
2024-09-24 03:30:00+00:00,143.695,143.8015,143.6695,143.7615,0
2024-09-24 03:45:00+00:00,143.7645,143.856,143.73700000000002,143.7745,0
2024-09-24 10:00:00+00:00,144.26850000000002,144.3565,144.168,144.1795,0
2024-09-24 10:15:00+00:00,144.17899999999997,144.211,144.1225,144.1415,0
2024-09-24 10:30:00+00:00,144.14,144.17899999999997,143.96800000000002,144.005,0
2024-09-24 10:45:00+00:00,144.001,144.006,143.8775,143.9395,0
2024-09-24 18:00:00+00:00,143.4765,143.49599999999998,143.41699999999997,143.4745,0
2024-09-24 18:15:00+00:00,143.474,143.4865,143.2745,143.3485,0
2024-09-24 18:30:00+00:00,143.349,143.44400000000002,143.2955,143.44,0
2024-09-24 18:45:00+00:00,143.438,143.454,143.35500000000002,143.385,0
2024-09-26 04:00:00+00:00,144.9305,144.9665,144.80200000000002,144.81599999999997,0
2024-09-26 04:15:00+00:00,144.8175,144.8465,144.738,144.837,0
2024-09-26 04:30:00+00:00,144.8375,144.86200000000002,144.7495,144.792,0
2024-09-26 04:45:00+00:00,144.7905,144.7905,144.6285,144.6935,0
2024-09-26 18:00:00+00:00,144.719,144.7745,144.6725,144.6945,0
2024-09-26 18:15:00+00:00,144.6975,144.73000000000002,144.62099999999998,144.72050000000002,0
2024-09-26 18:30:00+00:00,144.7225,144.7545,144.60750000000002,144.60899999999998,0
2024-09-26 18:45:00+00:00,144.6095,144.64249999999998,144.5645,144.6245,0
2024-09-30 01:00:00+00:00,142.6895,142.846,142.6255,142.68,0
2024-09-30 01:15:00+00:00,142.67849999999999,142.6805,142.555,142.5785,0
2024-09-30 01:30:00+00:00,142.5815,142.6515,142.4435,142.6145,0
2024-09-30 01:45:00+00:00,142.6155,142.631,142.418,142.471,0
2024-09-30 17:00:00+00:00,143.1165,143.1285,142.95299999999997,142.96300000000002,0
2024-09-30 17:15:00+00:00,142.9625,143.041,142.95299999999997,142.9845,0
2024-09-30 17:30:00+00:00,142.988,143.0795,142.971,143.067,0
2024-09-30 17:45:00+00:00,143.06650000000002,143.1175,142.93900000000002,143.096,0
2024-10-02 16:00:00+00:00,146.051,146.127,145.914,146.0935,0
2024-10-02 16:15:00+00:00,146.098,146.1375,145.965,146.0905,0
2024-10-02 16:30:00+00:00,146.0915,146.1655,146.07299999999998,146.14600000000002,0
2024-10-02 16:45:00+00:00,146.1455,146.1455,146.0305,146.03199999999998,0
2024-10-03 07:00:00+00:00,146.728,146.86,146.5685,146.56900000000002,0
2024-10-03 07:15:00+00:00,146.572,146.6135,146.356,146.3655,0
2024-10-03 07:30:00+00:00,146.364,146.4595,146.303,146.41500000000002,0
2024-10-03 07:45:00+00:00,146.4135,146.494,146.3165,146.4525,0
2024-10-04 06:00:00+00:00,146.08800000000002,146.131,146.0345,146.05700000000002,0
2024-10-04 06:15:00+00:00,146.05599999999998,146.123,145.9515,146.0455,0
2024-10-04 06:30:00+00:00,146.046,146.16199999999998,146.02100000000002,146.1255,0
2024-10-04 06:45:00+00:00,146.1295,146.2365,146.0625,146.223,0
2024-10-04 15:00:00+00:00,148.5025,148.55,148.43900000000002,148.44650000000001,0
2024-10-04 15:15:00+00:00,148.4495,148.65800000000002,148.429,148.64499999999998,0
2024-10-04 15:30:00+00:00,148.644,148.7095,148.517,148.699,0
2024-10-04 15:45:00+00:00,148.69799999999998,148.764,148.644,148.6995,0
2024-10-07 04:00:00+00:00,148.409,148.4395,148.339,148.39299999999997,0
2024-10-07 04:15:00+00:00,148.3905,148.4125,148.34300000000002,148.3885,0
2024-10-07 04:30:00+00:00,148.3885,148.488,148.3635,148.4415,0
2024-10-07 04:45:00+00:00,148.4395,148.5425,148.41649999999998,148.5395,0
2024-10-07 15:00:00+00:00,148.224,148.2705,148.119,148.2705,0
2024-10-07 15:15:00+00:00,148.2775,148.27800000000002,148.0755,148.0965,0
2024-10-07 15:30:00+00:00,148.095,148.14749999999998,148.002,148.07600000000002,0
2024-10-07 15:45:00+00:00,148.0755,148.136,148.03300000000002,148.1285,0
2024-10-07 23:00:00+00:00,147.69400000000002,148.018,147.688,147.9915,0
2024-10-07 23:15:00+00:00,147.9905,148.0495,147.947,148.007,0
2024-10-07 23:30:00+00:00,148.0075,148.014,147.902,148.0075,0
2024-10-07 23:45:00+00:00,148.00799999999998,148.164,147.983,148.13400000000001,0
2024-10-09 17:00:00+00:00,149.23950000000002,149.248,149.173,149.20499999999998,0
2024-10-09 17:15:00+00:00,149.207,149.26,149.1975,149.25099999999998,0
2024-10-09 17:30:00+00:00,149.2515,149.2945,149.237,149.2655,0
2024-10-09 17:45:00+00:00,149.264,149.2825,149.18099999999998,149.18900000000002,0
2024-10-10 00:00:00+00:00,149.16,149.164,149.0555,149.065,0
2024-10-10 00:15:00+00:00,149.0655,149.10700000000003,149.00400000000002,149.0695,0
2024-10-10 00:30:00+00:00,149.0685,149.14499999999998,149.0125,149.1245,0
2024-10-10 00:45:00+00:00,149.124,149.2945,149.1175,149.2165,0
2024-10-10 16:00:00+00:00,148.5695,148.606,148.48149999999998,148.48399999999998,0
2024-10-10 16:15:00+00:00,148.485,148.54399999999998,148.46300000000002,148.473,0
2024-10-10 16:30:00+00:00,148.47199999999998,148.6455,148.4415,148.63299999999998,0
2024-10-10 16:45:00+00:00,148.6315,148.9615,148.6015,148.921,0
2024-10-11 00:00:00+00:00,148.71249999999998,148.765,148.671,148.672,0
2024-10-11 00:15:00+00:00,148.668,148.7465,148.6285,148.6675,0
2024-10-11 00:30:00+00:00,148.6685,148.7125,148.6385,148.6765,0
2024-10-11 00:45:00+00:00,148.67950000000002,148.745,148.419,148.4625,0
2024-10-11 16:00:00+00:00,149.1245,149.1315,149.0665,149.0735,0
2024-10-11 16:15:00+00:00,149.0745,149.0815,149.012,149.0355,0
2024-10-11 16:30:00+00:00,149.0365,149.05599999999998,149.024,149.0555,0
2024-10-11 16:45:00+00:00,149.05599999999998,149.0745,148.9795,149.00549999999998,0
2024-10-13 22:00:00+00:00,149.1415,149.2745,149.1365,149.233,0
2024-10-13 22:15:00+00:00,149.23250000000002,149.26049999999998,149.19299999999998,149.25799999999998,0
2024-10-13 22:30:00+00:00,149.259,149.2965,149.2575,149.29000000000002,0
2024-10-13 22:45:00+00:00,149.29500000000002,149.338,149.2855,149.337,0
2024-10-14 07:00:00+00:00,149.21300000000002,149.316,149.188,149.26799999999997,0
2024-10-14 07:15:00+00:00,149.26999999999998,149.293,149.2355,149.28,0
2024-10-14 07:30:00+00:00,149.281,149.3355,149.2785,149.303,0
2024-10-14 07:45:00+00:00,149.304,149.39600000000002,149.3015,149.3595,0
2024-10-14 15:00:00+00:00,149.84,149.88049999999998,149.80349999999999,149.86450000000002,0
2024-10-14 15:15:00+00:00,149.8625,149.89800000000002,149.8265,149.8305,0
2024-10-14 15:30:00+00:00,149.83100000000002,149.852,149.8075,149.834,0
2024-10-14 15:45:00+00:00,149.83350000000002,149.872,149.82299999999998,149.827,0
2024-10-15 00:00:00+00:00,149.7245,149.7455,149.6035,149.6875,0
2024-10-15 00:15:00+00:00,149.6855,149.6895,149.579,149.5795,0
2024-10-15 00:30:00+00:00,149.58100000000002,149.6855,149.57,149.6015,0
2024-10-15 00:45:00+00:00,149.601,149.627,149.529,149.57999999999998,0
2024-10-16 01:00:00+00:00,149.27100000000002,149.3005,149.2135,149.22899999999998,0
2024-10-16 01:15:00+00:00,149.227,149.2505,149.114,149.1165,0
2024-10-16 01:30:00+00:00,149.118,149.1405,148.8625,149.0765,0
2024-10-16 01:45:00+00:00,149.07299999999998,149.0865,148.9895,149.03,0
2024-10-16 09:00:00+00:00,149.46699999999998,149.4715,149.371,149.3965,0
2024-10-16 09:15:00+00:00,149.39499999999998,149.40550000000002,149.3195,149.36950000000002,0
2024-10-16 09:30:00+00:00,149.3685,149.4015,149.2585,149.26600000000002,0
2024-10-16 09:45:00+00:00,149.2615,149.2785,149.18099999999998,149.2745,0
2024-10-16 19:00:00+00:00,149.776,149.8075,149.7705,149.797,0
2024-10-16 19:15:00+00:00,149.7975,149.8045,149.7805,149.7805,0
2024-10-16 19:30:00+00:00,149.7745,149.7805,149.748,149.7715,0
2024-10-16 19:45:00+00:00,149.778,149.787,149.7195,149.72050000000002,0
2024-10-17 03:00:00+00:00,149.411,149.4775,149.411,149.45299999999997,0
2024-10-17 03:15:00+00:00,149.45299999999997,149.4675,149.4245,149.4425,0
2024-10-17 03:30:00+00:00,149.44150000000002,149.5395,149.43349999999998,149.5275,0
2024-10-17 03:45:00+00:00,149.5265,149.572,149.516,149.55700000000002,0
2024-10-17 12:00:00+00:00,149.52800000000002,149.5775,149.5255,149.5775,0
2024-10-17 12:15:00+00:00,149.5765,149.6035,149.46300000000002,149.54250000000002,0
2024-10-17 12:30:00+00:00,149.51999999999998,150.0845,149.51999999999998,149.97050000000002,0
2024-10-17 12:45:00+00:00,149.97,149.994,149.775,149.8315,0
2024-10-21 00:00:00+00:00,149.606,149.6175,149.325,149.37,0
2024-10-21 00:15:00+00:00,149.36849999999998,149.423,149.26999999999998,149.29399999999998,0
2024-10-21 00:30:00+00:00,149.293,149.3985,149.2545,149.35899999999998,0
2024-10-21 00:45:00+00:00,149.3585,149.4225,149.2935,149.3835,0
2024-10-21 14:00:00+00:00,150.13,150.1765,150.09550000000002,150.1685,0
2024-10-21 14:15:00+00:00,150.16750000000002,150.2345,150.16750000000002,150.2105,0
2024-10-21 14:30:00+00:00,150.211,150.2655,150.2015,150.236,0
2024-10-21 14:45:00+00:00,150.2365,150.2785,150.16500000000002,150.2385,0
2024-10-22 07:00:00+00:00,150.8285,150.8515,150.695,150.81099999999998,0
2024-10-22 07:15:00+00:00,150.8095,150.96800000000002,150.78449999999998,150.93,0
2024-10-22 07:30:00+00:00,150.926,151.0625,150.90449999999998,150.96949999999998,0
2024-10-22 07:45:00+00:00,150.97000000000003,151.01049999999998,150.9345,151.003,0
2024-10-23 06:00:00+00:00,152.16899999999998,152.34050000000002,152.15499999999997,152.2155,0
2024-10-23 06:15:00+00:00,152.2145,152.293,152.11700000000002,152.198,0
2024-10-23 06:30:00+00:00,152.19650000000001,152.2965,152.13799999999998,152.29399999999998,0
2024-10-23 06:45:00+00:00,152.293,152.3815,152.2825,152.2945,0
2024-10-23 17:00:00+00:00,152.86149999999998,152.88549999999998,152.8225,152.8275,0
2024-10-23 17:15:00+00:00,152.8265,152.89499999999998,152.817,152.84550000000002,0
2024-10-23 17:30:00+00:00,152.84550000000002,152.8935,152.80149999999998,152.8905,0
2024-10-23 17:45:00+00:00,152.8895,152.9085,152.76749999999998,152.777,0
2024-10-24 01:00:00+00:00,152.6385,152.6925,152.608,152.6215,0
2024-10-24 01:15:00+00:00,152.6225,152.7945,152.613,152.72500000000002,0
2024-10-24 01:30:00+00:00,152.7245,152.7835,152.649,152.6725,0
2024-10-24 01:45:00+00:00,152.67399999999998,152.7075,152.6175,152.68,0
2024-10-24 16:00:00+00:00,151.873,151.8835,151.7125,151.7405,0
2024-10-24 16:15:00+00:00,151.746,151.76100000000002,151.68200000000002,151.724,0
2024-10-24 16:30:00+00:00,151.7235,151.772,151.6705,151.691,0
2024-10-24 16:45:00+00:00,151.692,151.728,151.65949999999998,151.69150000000002,0
2024-10-27 23:00:00+00:00,152.9535,153.0035,152.8055,152.9025,0
2024-10-27 23:15:00+00:00,152.90300000000002,153.0395,152.8385,152.84199999999998,0
2024-10-27 23:30:00+00:00,152.84300000000002,152.888,152.7735,152.87650000000002,0
2024-10-27 23:45:00+00:00,152.876,153.0045,152.829,152.95800000000003,0
2024-10-28 05:00:00+00:00,153.6465,153.7465,153.6115,153.71300000000002,0
2024-10-28 05:15:00+00:00,153.7135,153.743,153.642,153.65449999999998,0
2024-10-28 05:30:00+00:00,153.6535,153.68200000000002,153.575,153.648,0
2024-10-28 05:45:00+00:00,153.6465,153.68200000000002,153.4965,153.54000000000002,0
2024-10-28 19:00:00+00:00,153.2625,153.269,153.2135,153.2525,0
2024-10-28 19:15:00+00:00,153.253,153.253,153.215,153.24,0
2024-10-28 19:30:00+00:00,153.2385,153.24,153.2025,153.22500000000002,0
2024-10-28 19:45:00+00:00,153.2245,153.2455,153.207,153.2295,0
2024-10-30 06:00:00+00:00,153.22899999999998,153.3955,153.2245,153.39,0
2024-10-30 06:15:00+00:00,153.39499999999998,153.4645,153.3365,153.34550000000002,0
2024-10-30 06:30:00+00:00,153.34699999999998,153.373,153.257,153.257,0
2024-10-30 06:45:00+00:00,153.25650000000002,153.3015,153.1975,153.2735,0
2024-11-01 08:00:00+00:00,152.5485,152.69400000000002,152.5375,152.6325,0
2024-11-01 08:15:00+00:00,152.6335,152.67950000000002,152.5255,152.6535,0
2024-11-01 08:30:00+00:00,152.654,152.67399999999998,152.599,152.6575,0
2024-11-01 08:45:00+00:00,152.65550000000002,152.688,152.5845,152.64100000000002,0
2024-11-01 16:00:00+00:00,152.9435,152.9765,152.8975,152.9345,0
2024-11-01 16:15:00+00:00,152.935,152.9575,152.86700000000002,152.94400000000002,0
2024-11-01 16:30:00+00:00,152.945,153.04500000000002,152.945,152.974,0
2024-11-01 16:45:00+00:00,152.9755,152.9755,152.8315,152.8955,0
2024-11-04 13:00:00+00:00,151.8105,151.852,151.73149999999998,151.8245,0
2024-11-04 13:15:00+00:00,151.823,152.012,151.7845,152.011,0
2024-11-04 13:30:00+00:00,152.0145,152.0675,151.93400000000003,151.9545,0
2024-11-04 13:45:00+00:00,151.95499999999998,151.9905,151.75599999999997,151.83249999999998,0
2024-11-05 04:00:00+00:00,152.3855,152.47,152.3855,152.45999999999998,0
2024-11-05 04:15:00+00:00,152.462,152.4995,152.45,152.4775,0
2024-11-05 04:30:00+00:00,152.4755,152.4795,152.4105,152.425,0
2024-11-05 04:45:00+00:00,152.426,152.4885,152.4255,152.466,0
2024-11-05 05:00:00+00:00,152.4635,152.534,152.43,152.51299999999998,0
2024-11-05 05:15:00+00:00,152.512,152.546,152.464,152.4845,0
2024-11-05 05:30:00+00:00,152.4845,152.4875,152.3845,152.393,0
2024-11-05 05:45:00+00:00,152.39350000000002,152.4525,152.356,152.4275,0
2024-11-05 06:00:00+00:00,152.428,152.44799999999998,152.3105,152.3355,0
2024-11-05 06:15:00+00:00,152.336,152.3605,152.2655,152.31400000000002,0
2024-11-05 06:30:00+00:00,152.3135,152.39499999999998,152.312,152.35500000000002,0
2024-11-05 06:45:00+00:00,152.3565,152.40550000000002,152.3325,152.35199999999998,0
2024-11-06 00:00:00+00:00,151.4445,151.85750000000002,151.2905,151.84550000000002,0
2024-11-06 00:15:00+00:00,151.845,152.2495,151.77749999999997,152.226,0
2024-11-06 00:30:00+00:00,152.22750000000002,152.69150000000002,152.225,152.673,0
2024-11-06 00:45:00+00:00,152.679,152.9225,152.58350000000002,152.921,0
2024-11-06 15:00:00+00:00,154.289,154.3075,153.983,154.1085,0
2024-11-06 15:15:00+00:00,154.10899999999998,154.31900000000002,154.0775,154.18349999999998,0
2024-11-06 15:30:00+00:00,154.1825,154.263,154.0935,154.2385,0
2024-11-06 15:45:00+00:00,154.23899999999998,154.3665,154.05,154.3535,0
2024-11-07 01:00:00+00:00,154.57999999999998,154.584,154.3835,154.418,0
2024-11-07 01:15:00+00:00,154.41649999999998,154.60000000000002,154.4015,154.56799999999998,0
2024-11-07 01:30:00+00:00,154.568,154.6725,154.4295,154.4435,0
2024-11-07 01:45:00+00:00,154.44400000000002,154.541,154.421,154.5115,0
2024-11-07 08:00:00+00:00,154.0035,154.0725,153.9205,153.9745,0
2024-11-07 08:15:00+00:00,153.976,154.003,153.8195,153.8945,0
2024-11-07 08:30:00+00:00,153.8955,153.998,153.8355,153.973,0
2024-11-07 08:45:00+00:00,153.973,154.05700000000002,153.9275,154.043,0
2024-11-07 23:00:00+00:00,152.945,153.095,152.923,153.0885,0
2024-11-07 23:15:00+00:00,153.09,153.1225,153.0605,153.121,0
2024-11-07 23:30:00+00:00,153.122,153.13299999999998,152.98950000000002,153.043,0
2024-11-07 23:45:00+00:00,153.0435,153.1925,153.0375,153.176,0
2024-11-08 09:00:00+00:00,152.35000000000002,152.4275,152.2715,152.4005,0
2024-11-08 09:15:00+00:00,152.4005,152.4505,152.3505,152.4135,0
2024-11-08 09:30:00+00:00,152.413,152.414,152.2755,152.3225,0
2024-11-08 09:45:00+00:00,152.3235,152.3405,152.2565,152.284,0
2024-11-08 15:00:00+00:00,152.71499999999997,152.791,152.4155,152.4355,0
2024-11-08 15:15:00+00:00,152.435,152.5075,152.41199999999998,152.47000000000003,0
2024-11-08 15:30:00+00:00,152.4695,152.6025,152.46800000000002,152.50799999999998,0
2024-11-08 15:45:00+00:00,152.5075,152.522,152.3835,152.4235,0
2024-11-11 01:00:00+00:00,153.1475,153.166,153.04149999999998,153.0765,0
2024-11-11 01:15:00+00:00,153.0755,153.1495,153.0315,153.0635,0
2024-11-11 01:30:00+00:00,153.0645,153.1895,153.0605,153.1805,0
2024-11-11 01:45:00+00:00,153.18099999999998,153.2245,153.14600000000002,153.2235,0
2024-11-11 08:00:00+00:00,153.642,153.781,153.6155,153.781,0
2024-11-11 08:15:00+00:00,153.78199999999998,153.849,153.76999999999998,153.8375,0
2024-11-11 08:30:00+00:00,153.83800000000002,153.85500000000002,153.7665,153.805,0
2024-11-11 08:45:00+00:00,153.8055,153.856,153.7025,153.7635,0
2024-11-11 18:00:00+00:00,153.88,153.88099999999997,153.7495,153.7775,0
2024-11-11 18:15:00+00:00,153.777,153.7905,153.75,153.78500000000003,0
2024-11-11 18:30:00+00:00,153.788,153.8025,153.774,153.801,0
2024-11-11 18:45:00+00:00,153.8015,153.8135,153.776,153.8065,0
2024-11-12 09:00:00+00:00,153.94099999999997,153.971,153.889,153.959,0
2024-11-12 09:15:00+00:00,153.9595,154.03300000000002,153.8995,154.02999999999997,0
2024-11-12 09:30:00+00:00,154.02999999999997,154.16899999999998,154.029,154.14600000000002,0
2024-11-12 09:45:00+00:00,154.14499999999998,154.155,154.04199999999997,154.108,0
2024-11-12 22:00:00+00:00,154.62,154.643,154.6025,154.643,0
2024-11-12 22:15:00+00:00,154.6395,154.662,154.6395,154.659,0
2024-11-12 22:30:00+00:00,154.6585,154.66750000000002,154.58100000000002,154.602,0
2024-11-12 22:45:00+00:00,154.6015,154.6065,154.52800000000002,154.53199999999998,0
2024-11-13 05:00:00+00:00,154.852,154.852,154.77800000000002,154.827,0
2024-11-13 05:15:00+00:00,154.82799999999997,154.8625,154.7775,154.8115,0
2024-11-13 05:30:00+00:00,154.81099999999998,154.899,154.801,154.853,0
2024-11-13 05:45:00+00:00,154.8525,154.93599999999998,154.8435,154.91699999999997,0
2024-11-13 12:00:00+00:00,154.82,154.8975,154.7505,154.88799999999998,0
2024-11-13 12:15:00+00:00,154.8885,154.894,154.815,154.8725,0
2024-11-13 12:30:00+00:00,154.8745,154.9515,154.86599999999999,154.92399999999998,0
2024-11-13 12:45:00+00:00,154.92399999999998,154.96300000000002,154.91199999999998,154.9245,0
2024-11-14 20:00:00+00:00,155.92649999999998,156.418,155.8885,156.382,0
2024-11-14 20:15:00+00:00,156.38299999999998,156.416,156.1485,156.195,0
2024-11-14 20:30:00+00:00,156.1975,156.312,156.1525,156.2185,0
2024-11-14 20:45:00+00:00,156.219,156.41899999999998,156.219,156.2995,0
2024-11-14 23:00:00+00:00,156.2865,156.38,156.268,156.37400000000002,0
2024-11-14 23:15:00+00:00,156.3745,156.4555,156.37400000000002,156.41649999999998,0
2024-11-14 23:30:00+00:00,156.416,156.41649999999998,156.303,156.32049999999998,0
2024-11-14 23:45:00+00:00,156.321,156.54,156.316,156.4855,0
2024-11-18 01:00:00+00:00,154.274,154.9905,154.1015,154.67700000000002,0
2024-11-18 01:15:00+00:00,154.68,155.144,154.54149999999998,155.0635,0
2024-11-18 01:30:00+00:00,155.063,155.095,154.63049999999998,154.6325,0
2024-11-18 01:45:00+00:00,154.63150000000002,154.7405,154.4925,154.5995,0
2024-11-18 14:00:00+00:00,154.906,154.9725,154.7885,154.85700000000003,0
2024-11-18 14:15:00+00:00,154.857,154.973,154.8205,154.93,0
2024-11-18 14:30:00+00:00,154.93200000000002,154.98700000000002,154.623,154.75900000000001,0
2024-11-18 14:45:00+00:00,154.7595,154.8255,154.587,154.8015,0
2024-11-18 22:00:00+00:00,154.66750000000002,154.66750000000002,154.63600000000002,154.66649999999998,0
2024-11-18 22:15:00+00:00,154.66500000000002,154.666,154.6565,154.6575,0
2024-11-18 22:30:00+00:00,154.6635,154.667,154.6585,154.659,0
2024-11-18 22:45:00+00:00,154.6585,154.66000000000003,154.6505,154.65499999999997,0
2024-11-19 04:00:00+00:00,154.1705,154.30599999999998,154.1155,154.2935,0
2024-11-19 04:15:00+00:00,154.2945,154.40800000000002,154.2835,154.365,0
2024-11-19 04:30:00+00:00,154.365,154.473,154.3605,154.386,0
2024-11-19 04:45:00+00:00,154.38600000000002,154.46300000000002,154.373,154.423,0
2024-11-19 13:00:00+00:00,153.976,154.012,153.7735,153.824,0
2024-11-19 13:15:00+00:00,153.8245,153.8285,153.65800000000002,153.776,0
2024-11-19 13:30:00+00:00,153.777,153.89800000000002,153.4985,153.541,0
2024-11-19 13:45:00+00:00,153.54149999999998,153.64100000000002,153.411,153.474,0
2024-11-19 21:00:00+00:00,154.6875,154.72899999999998,154.6735,154.6855,0
2024-11-19 21:15:00+00:00,154.68599999999998,154.6915,154.6635,154.6835,0
2024-11-19 21:30:00+00:00,154.6825,154.699,154.6645,154.66500000000002,0
2024-11-19 21:45:00+00:00,154.6635,154.6865,154.6225,154.6625,0
2024-11-21 16:00:00+00:00,154.32299999999998,154.4505,154.309,154.4425,0
2024-11-21 16:15:00+00:00,154.4415,154.5625,154.4175,154.5385,0
2024-11-21 16:30:00+00:00,154.54149999999998,154.649,154.5115,154.644,0
2024-11-21 16:45:00+00:00,154.6445,154.66899999999998,154.5345,154.65699999999998,0
2024-11-21 23:00:00+00:00,154.51850000000002,154.531,154.2945,154.35500000000002,0
2024-11-21 23:15:00+00:00,154.3555,154.42950000000002,154.335,154.364,0
2024-11-21 23:30:00+00:00,154.3635,154.3725,154.2245,154.355,0
2024-11-21 23:45:00+00:00,154.3545,154.3545,154.11,154.16,0
2024-11-22 10:00:00+00:00,154.5005,154.555,154.339,154.43400000000003,0
2024-11-22 10:15:00+00:00,154.4355,154.453,154.25599999999997,154.30200000000002,0
2024-11-22 10:30:00+00:00,154.303,154.429,154.293,154.32600000000002,0
2024-11-22 10:45:00+00:00,154.3255,154.404,154.276,154.327,0
2024-11-22 19:00:00+00:00,154.743,154.76,154.664,154.704,0
2024-11-22 19:15:00+00:00,154.7055,154.77800000000002,154.67899999999997,154.755,0
2024-11-22 19:30:00+00:00,154.7545,154.8175,154.752,154.7835,0
2024-11-22 19:45:00+00:00,154.78500000000003,154.813,154.769,154.80399999999997,0
2024-11-25 07:00:00+00:00,154.296,154.3015,154.18599999999998,154.29199999999997,0
2024-11-25 07:15:00+00:00,154.29199999999997,154.36599999999999,154.23899999999998,154.29700000000003,0
2024-11-25 07:30:00+00:00,154.29500000000002,154.3075,154.154,154.20499999999998,0
2024-11-25 07:45:00+00:00,154.204,154.558,154.17899999999997,154.541,0
2024-11-26 01:00:00+00:00,154.017,154.094,153.8775,153.988,0
2024-11-26 01:15:00+00:00,153.98700000000002,154.0335,153.84050000000002,153.95350000000002,0
2024-11-26 01:30:00+00:00,153.95499999999998,154.05700000000002,153.8415,154.041,0
2024-11-26 01:45:00+00:00,154.04149999999998,154.11399999999998,154.027,154.0555,0
2024-11-26 08:00:00+00:00,154.0385,154.0565,153.8265,153.8755,0
2024-11-26 08:15:00+00:00,153.875,153.9335,153.846,153.8635,0
2024-11-26 08:30:00+00:00,153.8625,153.9145,153.7905,153.89,0
2024-11-26 08:45:00+00:00,153.88799999999998,153.971,153.846,153.969,0
2024-11-26 16:00:00+00:00,153.466,153.679,153.45299999999997,153.649,0
2024-11-26 16:15:00+00:00,153.649,153.68400000000003,153.58800000000002,153.61450000000002,0
2024-11-26 16:30:00+00:00,153.61599999999999,153.626,153.4565,153.5795,0
2024-11-26 16:45:00+00:00,153.5805,153.58100000000002,153.417,153.49099999999999,0
2024-11-27 09:00:00+00:00,151.828,151.8955,151.63049999999998,151.6385,0
2024-11-27 09:15:00+00:00,151.63799999999998,151.738,151.6085,151.709,0
2024-11-27 09:30:00+00:00,151.70800000000003,151.7385,151.45600000000002,151.531,0
2024-11-27 09:45:00+00:00,151.5305,151.5305,151.35750000000002,151.4755,0
2024-11-29 18:00:00+00:00,149.60000000000002,149.6865,149.46800000000002,149.602,0
2024-11-29 18:15:00+00:00,149.6015,149.668,149.561,149.652,0
2024-11-29 18:30:00+00:00,149.6535,149.66649999999998,149.63150000000002,149.6635,0
2024-11-29 18:45:00+00:00,149.6635,149.67700000000002,149.648,149.6495,0
2024-12-02 17:00:00+00:00,149.2665,149.411,149.2165,149.3535,0
2024-12-02 17:15:00+00:00,149.353,149.442,149.298,149.4375,0
2024-12-02 17:30:00+00:00,149.438,149.58800000000002,149.3905,149.57150000000001,0
2024-12-02 17:45:00+00:00,149.574,149.627,149.53500000000003,149.599,0
2024-12-03 00:00:00+00:00,149.5185,149.7725,149.50099999999998,149.743,0
2024-12-03 00:15:00+00:00,149.7425,149.8835,149.74200000000002,149.8555,0
2024-12-03 00:30:00+00:00,149.85500000000002,149.9185,149.79500000000002,149.858,0
2024-12-03 00:45:00+00:00,149.85750000000002,149.9335,149.7755,149.8725,0
2024-12-03 07:00:00+00:00,150.1115,150.13299999999998,149.9135,149.916,0
2024-12-03 07:15:00+00:00,149.91649999999998,149.973,149.902,149.9495,0
2024-12-03 07:30:00+00:00,149.947,150.0645,149.875,150.026,0
2024-12-03 07:45:00+00:00,150.027,150.0395,149.9025,150.0085,0
2024-12-04 07:00:00+00:00,150.01049999999998,150.2195,149.9815,150.2135,0
2024-12-04 07:15:00+00:00,150.216,150.37900000000002,150.2,150.364,0
2024-12-04 07:30:00+00:00,150.3645,150.438,150.26,150.3305,0
2024-12-04 07:45:00+00:00,150.33100000000002,150.4055,150.2405,150.3835,0
2024-12-04 21:00:00+00:00,150.5215,150.5985,150.48700000000002,150.5965,0
2024-12-04 21:15:00+00:00,150.5965,150.613,150.5505,150.61200000000002,0
2024-12-04 21:30:00+00:00,150.6125,150.66199999999998,150.60700000000003,150.65800000000002,0
2024-12-04 21:45:00+00:00,150.65699999999998,150.6585,150.5885,150.5885,0
2024-12-05 15:00:00+00:00,150.4855,150.503,150.27999999999997,150.38299999999998,0
2024-12-05 15:15:00+00:00,150.382,150.4425,150.289,150.312,0
2024-12-05 15:30:00+00:00,150.3115,150.489,150.301,150.48250000000002,0
2024-12-05 15:45:00+00:00,150.4835,150.4835,150.178,150.25099999999998,0
2024-12-06 20:00:00+00:00,149.97199999999998,150.0155,149.9555,150.00150000000002,0
2024-12-06 20:15:00+00:00,150.002,150.01549999999997,149.95600000000002,150.007,0
2024-12-06 20:30:00+00:00,150.005,150.0565,149.99200000000002,150.0095,0
2024-12-06 20:45:00+00:00,150.01049999999998,150.03199999999998,149.958,149.962,0
2024-12-09 13:00:00+00:00,150.76999999999998,150.95,150.769,150.9325,0
2024-12-09 13:15:00+00:00,150.93200000000002,150.95,150.8025,150.83800000000002,0
2024-12-09 13:30:00+00:00,150.836,150.8415,150.74450000000002,150.805,0
2024-12-09 13:45:00+00:00,150.8045,150.906,150.796,150.8775,0
2024-12-10 04:00:00+00:00,151.07100000000003,151.0885,150.98700000000002,151.07299999999998,0
2024-12-10 04:15:00+00:00,151.0735,151.0995,151.01100000000002,151.023,0
2024-12-10 04:30:00+00:00,151.0235,151.1355,150.9545,151.108,0
2024-12-10 04:45:00+00:00,151.1085,151.1465,151.0775,151.13049999999998,0
2024-12-10 11:00:00+00:00,151.5885,151.64999999999998,151.579,151.625,0
2024-12-10 11:15:00+00:00,151.62599999999998,151.72699999999998,151.62599999999998,151.6655,0
2024-12-10 11:30:00+00:00,151.6675,151.7135,151.65499999999997,151.6645,0
2024-12-10 11:45:00+00:00,151.6625,151.73700000000002,151.649,151.707,0
2024-12-11 03:00:00+00:00,151.44650000000001,151.482,151.41699999999997,151.462,0
2024-12-11 03:15:00+00:00,151.4625,151.572,151.4535,151.5325,0
2024-12-11 03:30:00+00:00,151.53199999999998,151.6145,151.531,151.56099999999998,0
2024-12-11 03:45:00+00:00,151.562,151.641,151.5365,151.548,0
2024-12-11 12:00:00+00:00,152.5515,152.652,152.52800000000002,152.62400000000002,0
2024-12-11 12:15:00+00:00,152.624,152.66649999999998,152.56599999999997,152.65449999999998,0
2024-12-11 12:30:00+00:00,152.65499999999997,152.70499999999998,152.61700000000002,152.635,0
2024-12-11 12:45:00+00:00,152.6345,152.6945,152.61599999999999,152.6535,0
2024-12-12 11:00:00+00:00,152.31900000000002,152.345,152.231,152.255,0
2024-12-12 11:15:00+00:00,152.2545,152.3345,152.22050000000002,152.24200000000002,0
2024-12-12 11:30:00+00:00,152.2425,152.2895,152.2315,152.2345,0
2024-12-12 11:45:00+00:00,152.23250000000002,152.265,152.16699999999997,152.188,0
2024-12-12 21:00:00+00:00,152.66649999999998,152.67399999999998,152.63099999999997,152.64499999999998,0
2024-12-12 21:15:00+00:00,152.64600000000002,152.65800000000002,152.60199999999998,152.613,0
2024-12-12 21:30:00+00:00,152.6155,152.6925,152.613,152.687,0
2024-12-12 21:45:00+00:00,152.6865,152.6865,152.6255,152.6255,0
2024-12-13 14:00:00+00:00,153.3025,153.413,153.3015,153.4025,0
2024-12-13 14:15:00+00:00,153.402,153.4085,153.3315,153.4065,0
2024-12-13 14:30:00+00:00,153.406,153.63,153.38049999999998,153.6065,0
2024-12-13 14:45:00+00:00,153.608,153.622,153.57299999999998,153.5985,0
2024-12-16 04:00:00+00:00,153.81799999999998,153.8385,153.76299999999998,153.7985,0
2024-12-16 04:15:00+00:00,153.7985,153.8935,153.78300000000002,153.8835,0
2024-12-16 04:30:00+00:00,153.88299999999998,153.88400000000001,153.8025,153.815,0
2024-12-16 04:45:00+00:00,153.8145,153.8325,153.7315,153.745,0
2024-12-16 17:00:00+00:00,154.176,154.2,154.0695,154.0815,0
2024-12-16 17:15:00+00:00,154.082,154.188,154.0555,154.188,0
2024-12-16 17:30:00+00:00,154.18900000000002,154.2515,154.184,154.19099999999997,0
2024-12-16 17:45:00+00:00,154.1905,154.2465,154.14800000000002,154.1535,0
2024-12-17 01:00:00+00:00,154.151,154.2365,154.099,154.1995,0
2024-12-17 01:15:00+00:00,154.199,154.2005,154.02499999999998,154.062,0
2024-12-17 01:30:00+00:00,154.0605,154.10500000000002,153.973,154.07299999999998,0
2024-12-17 01:45:00+00:00,154.073,154.1525,154.019,154.099,0
2024-12-17 17:00:00+00:00,153.4205,153.42399999999998,153.2565,153.365,0
2024-12-17 17:15:00+00:00,153.3655,153.381,153.27300000000002,153.2775,0
2024-12-17 17:30:00+00:00,153.2765,153.3465,153.2455,153.3125,0
2024-12-17 17:45:00+00:00,153.312,153.31599999999997,153.245,153.2725,0
2024-12-18 02:00:00+00:00,153.5925,153.6945,153.57799999999997,153.65699999999998,0
2024-12-18 02:15:00+00:00,153.65449999999998,153.7095,153.65449999999998,153.6695,0
2024-12-18 02:30:00+00:00,153.668,153.687,153.586,153.5895,0
2024-12-18 02:45:00+00:00,153.5895,153.75,153.582,153.6895,0
2024-12-18 18:00:00+00:00,153.82600000000002,153.83800000000002,153.745,153.748,0
2024-12-18 18:15:00+00:00,153.747,153.7685,153.72199999999998,153.75900000000001,0
2024-12-18 18:30:00+00:00,153.7585,153.78500000000003,153.73250000000002,153.753,0
2024-12-18 18:45:00+00:00,153.7525,153.807,153.736,153.762,0
2024-12-19 19:00:00+00:00,157.54149999999998,157.555,157.4055,157.43099999999998,0
2024-12-19 19:15:00+00:00,157.43099999999998,157.52300000000002,157.428,157.50099999999998,0
2024-12-19 19:30:00+00:00,157.5005,157.5045,157.38049999999998,157.416,0
2024-12-19 19:45:00+00:00,157.4175,157.45,157.351,157.4235,0
2024-12-20 16:00:00+00:00,156.50549999999998,156.5875,156.469,156.5675,0
2024-12-20 16:15:00+00:00,156.56799999999998,156.579,156.276,156.34949999999998,0
2024-12-20 16:30:00+00:00,156.346,156.373,156.111,156.23,0
2024-12-20 16:45:00+00:00,156.2285,156.24400000000003,156.101,156.1085,0
2024-12-24 08:00:00+00:00,157.142,157.1795,157.0795,157.0875,0
2024-12-24 08:15:00+00:00,157.0865,157.0875,157.01299999999998,157.0395,0
2024-12-24 08:30:00+00:00,157.039,157.05700000000002,156.9885,157.00150000000002,0
2024-12-24 08:45:00+00:00,157.0005,157.074,156.99,157.05900000000003,0
2024-12-24 16:00:00+00:00,157.3365,157.375,157.3235,157.349,0
2024-12-24 16:15:00+00:00,157.349,157.377,157.3365,157.357,0
2024-12-24 16:30:00+00:00,157.3565,157.37,157.2825,157.3375,0
2024-12-24 16:45:00+00:00,157.33800000000002,157.3635,157.278,157.29899999999998,0
2024-12-26 01:00:00+00:00,157.32999999999998,157.3545,157.245,157.262,0
2024-12-26 01:15:00+00:00,157.2615,157.4755,157.25900000000001,157.4725,0
2024-12-26 01:30:00+00:00,157.4735,157.474,157.422,157.4445,0
2024-12-26 01:45:00+00:00,157.4435,157.459,157.3745,157.423,0
2024-12-26 09:00:00+00:00,157.34550000000002,157.39350000000002,157.3095,157.39350000000002,0
2024-12-26 09:15:00+00:00,157.393,157.4605,157.3845,157.402,0
2024-12-26 09:30:00+00:00,157.4015,157.464,157.399,157.4395,0
2024-12-26 09:45:00+00:00,157.438,157.461,157.40449999999998,157.4345,0
2025-01-02 05:00:00+00:00,157.024,157.067,156.97899999999998,157.059,0
2025-01-02 05:15:00+00:00,157.0595,157.1695,157.0575,157.15550000000002,0
2025-01-02 05:30:00+00:00,157.15449999999998,157.20499999999998,157.1415,157.1705,0
2025-01-02 05:45:00+00:00,157.17000000000002,157.2105,157.16649999999998,157.2095,0
2025-01-03 19:00:00+00:00,157.168,157.1945,157.118,157.142,0
2025-01-03 19:15:00+00:00,157.14100000000002,157.14249999999998,157.1085,157.118,0
2025-01-03 19:30:00+00:00,157.1185,157.1605,157.1085,157.1415,0
2025-01-03 19:45:00+00:00,157.1415,157.228,157.13600000000002,157.2045,0
2025-01-06 09:00:00+00:00,157.667,157.72199999999998,157.59199999999998,157.707,0
2025-01-06 09:15:00+00:00,157.7075,157.7395,157.6795,157.69400000000002,0
2025-01-06 09:30:00+00:00,157.6945,157.707,157.6655,157.704,0
2025-01-06 09:45:00+00:00,157.70499999999998,157.76600000000002,157.6805,157.739,0
2025-01-06 16:00:00+00:00,157.53500000000003,157.5505,157.4185,157.4875,0
2025-01-06 16:15:00+00:00,157.486,157.4995,157.3915,157.3915,0
2025-01-06 16:30:00+00:00,157.392,157.47699999999998,157.3495,157.464,0
2025-01-06 16:45:00+00:00,157.46300000000002,157.613,157.43900000000002,157.54649999999998,0
2025-01-07 10:00:00+00:00,157.609,157.6735,157.565,157.6685,0
2025-01-07 10:15:00+00:00,157.66899999999998,157.72,157.6215,157.702,0
2025-01-07 10:30:00+00:00,157.7025,157.753,157.6875,157.749,0
2025-01-07 10:45:00+00:00,157.7475,157.7845,157.6975,157.7475,0
2025-01-08 02:00:00+00:00,157.97199999999998,157.9935,157.9365,157.9845,0
2025-01-08 02:15:00+00:00,157.98399999999998,158.0575,157.973,158.0355,0
2025-01-08 02:30:00+00:00,158.0355,158.0635,158.0165,158.0555,0
2025-01-08 02:45:00+00:00,158.05599999999998,158.1435,158.055,158.10399999999998,0
2025-01-08 10:00:00+00:00,158.166,158.2255,158.151,158.176,0
2025-01-08 10:15:00+00:00,158.178,158.25,158.173,158.24599999999998,0
2025-01-08 10:30:00+00:00,158.245,158.3245,158.23250000000002,158.3095,0
2025-01-08 10:45:00+00:00,158.3095,158.35000000000002,158.29199999999997,158.3275,0
2025-01-08 17:00:00+00:00,158.32150000000001,158.4035,158.312,158.38299999999998,0
2025-01-08 17:15:00+00:00,158.38299999999998,158.442,158.382,158.39749999999998,0
2025-01-08 17:30:00+00:00,158.3965,158.498,158.3845,158.4655,0
2025-01-08 17:45:00+00:00,158.4675,158.486,158.394,158.394,0
2025-01-09 02:00:00+00:00,158.1105,158.1375,158.058,158.08350000000002,0
2025-01-09 02:15:00+00:00,158.0825,158.091,157.99099999999999,158.079,0
2025-01-09 02:30:00+00:00,158.079,158.1255,158.063,158.07,0
2025-01-09 02:45:00+00:00,158.0695,158.095,158.04199999999997,158.09,0
2025-01-09 08:00:00+00:00,158.192,158.287,158.1675,158.1805,0
2025-01-09 08:15:00+00:00,158.18,158.1815,158.0675,158.11900000000003,0
2025-01-09 08:30:00+00:00,158.11950000000002,158.16500000000002,158.07600000000002,158.10250000000002,0
2025-01-09 08:45:00+00:00,158.103,158.1765,158.0655,158.13400000000001,0
2025-01-10 00:00:00+00:00,158.0445,158.22899999999998,158.003,158.17849999999999,0
2025-01-10 00:15:00+00:00,158.1775,158.2135,158.129,158.1515,0
2025-01-10 00:30:00+00:00,158.152,158.2075,158.143,158.15550000000002,0
2025-01-10 00:45:00+00:00,158.15550000000002,158.20749999999998,157.953,158.0045,0
2025-01-10 09:00:00+00:00,157.825,157.865,157.6255,157.6485,0
2025-01-10 09:15:00+00:00,157.649,157.757,157.631,157.74099999999999,0
2025-01-10 09:30:00+00:00,157.745,157.86,157.745,157.8245,0
2025-01-10 09:45:00+00:00,157.8255,157.94799999999998,157.79149999999998,157.93349999999998,0
2025-01-10 13:00:00+00:00,157.99200000000002,158.05900000000003,157.9565,158.0245,0
2025-01-10 13:15:00+00:00,158.02499999999998,158.02499999999998,157.9035,157.9985,0
2025-01-10 13:30:00+00:00,157.9925,158.88150000000002,157.9555,158.6635,0
2025-01-10 13:45:00+00:00,158.6625,158.7775,158.48399999999998,158.55200000000002,0
2025-01-10 15:00:00+00:00,157.957,158.16500000000002,157.608,157.65699999999998,0
2025-01-10 15:15:00+00:00,157.6575,157.672,157.226,157.37900000000002,0
2025-01-10 15:30:00+00:00,157.3775,157.6065,157.31799999999998,157.526,0
2025-01-10 15:45:00+00:00,157.5255,157.7685,157.4785,157.5575,0
2025-01-12 23:00:00+00:00,157.748,157.84199999999998,157.7055,157.7625,0
2025-01-12 23:15:00+00:00,157.762,157.7985,157.761,157.7745,0
2025-01-12 23:30:00+00:00,157.7745,157.7995,157.7735,157.79500000000002,0
2025-01-12 23:45:00+00:00,157.7945,157.9315,157.79399999999998,157.914,0
2025-01-13 01:00:00+00:00,157.793,157.868,157.755,157.825,0
2025-01-13 01:15:00+00:00,157.8265,157.828,157.6035,157.6355,0
2025-01-13 01:30:00+00:00,157.635,157.63799999999998,157.39499999999998,157.42849999999999,0
2025-01-13 01:45:00+00:00,157.428,157.4515,157.272,157.447,0
2025-01-13 08:00:00+00:00,157.464,157.55900000000003,157.39,157.532,0
2025-01-13 08:15:00+00:00,157.53300000000002,157.5935,157.3945,157.5325,0
2025-01-13 08:30:00+00:00,157.5345,157.671,157.5015,157.56650000000002,0
2025-01-13 08:45:00+00:00,157.566,157.60899999999998,157.529,157.606,0
2025-01-13 14:00:00+00:00,157.2,157.312,157.1095,157.12599999999998,0
2025-01-13 14:15:00+00:00,157.125,157.2225,157.106,157.19099999999997,0
2025-01-13 14:30:00+00:00,157.1905,157.373,157.15449999999998,157.25099999999998,0
2025-01-13 14:45:00+00:00,157.252,157.428,157.2115,157.3555,0
2025-01-13 20:00:00+00:00,157.813,157.8135,157.7025,157.7375,0
2025-01-13 20:15:00+00:00,157.73700000000002,157.764,157.701,157.702,0
2025-01-13 20:30:00+00:00,157.7015,157.7025,157.61399999999998,157.6765,0
2025-01-13 20:45:00+00:00,157.67849999999999,157.683,157.6115,157.652,0
2025-01-14 21:00:00+00:00,157.98250000000002,158.022,157.95499999999998,158.022,0
2025-01-14 21:15:00+00:00,158.02100000000002,158.02100000000002,157.9295,157.95800000000003,0
2025-01-14 21:30:00+00:00,157.959,158.0085,157.958,157.9935,0
2025-01-14 21:45:00+00:00,157.9925,157.994,157.9515,157.9515,0
2025-01-15 13:00:00+00:00,156.98149999999998,157.08100000000002,156.94,157.05700000000002,0
2025-01-15 13:15:00+00:00,157.058,157.089,156.9595,157.002,0
2025-01-15 13:30:00+00:00,156.9025,156.9025,156.253,156.50799999999998,0
2025-01-15 13:45:00+00:00,156.50799999999998,156.58550000000002,156.308,156.39800000000002,0
2025-01-16 12:00:00+00:00,155.786,155.9615,155.7815,155.958,0
2025-01-16 12:15:00+00:00,155.95850000000002,156.09449999999998,155.941,156.09449999999998,0
2025-01-16 12:30:00+00:00,156.09550000000002,156.16,156.08350000000002,156.1395,0
2025-01-16 12:45:00+00:00,156.13799999999998,156.2005,156.094,156.1105,0
2025-01-16 19:00:00+00:00,155.35500000000002,155.378,155.264,155.27100000000002,0
2025-01-16 19:15:00+00:00,155.2715,155.28500000000003,155.18349999999998,155.2245,0
2025-01-16 19:30:00+00:00,155.2245,155.236,155.171,155.2005,0
2025-01-16 19:45:00+00:00,155.199,155.296,155.179,155.29399999999998,0
2025-01-17 15:00:00+00:00,156.0465,156.0495,155.77800000000002,155.8085,0
2025-01-17 15:15:00+00:00,155.80700000000002,155.973,155.8,155.89249999999998,0
2025-01-17 15:30:00+00:00,155.8935,156.14,155.878,156.08800000000002,0
2025-01-17 15:45:00+00:00,156.0885,156.13600000000002,156.04149999999998,156.10750000000002,0
2025-01-17 21:00:00+00:00,156.15050000000002,156.2715,156.12849999999997,156.24450000000002,0
2025-01-17 21:15:00+00:00,156.245,156.2575,156.179,156.185,0
2025-01-17 21:30:00+00:00,156.1845,156.226,156.18349999999998,156.20850000000002,0
2025-01-17 21:45:00+00:00,156.209,156.324,156.20850000000002,156.3,0
2025-01-20 01:00:00+00:00,155.986,156.0505,155.8655,155.9185,0
2025-01-20 01:15:00+00:00,155.91750000000002,156.042,155.905,156.0275,0
2025-01-20 01:30:00+00:00,156.02800000000002,156.1095,156.0165,156.072,0
2025-01-20 01:45:00+00:00,156.0725,156.0725,155.876,155.926,0
2025-01-21 23:00:00+00:00,155.4785,155.834,155.4765,155.7655,0
2025-01-21 23:15:00+00:00,155.76749999999998,155.77100000000002,155.6395,155.66750000000002,0
2025-01-21 23:30:00+00:00,155.668,155.7655,155.644,155.734,0
2025-01-21 23:45:00+00:00,155.7335,155.7875,155.73149999999998,155.746,0
2025-01-22 06:00:00+00:00,155.834,155.8465,155.685,155.813,0
2025-01-22 06:15:00+00:00,155.81400000000002,155.902,155.813,155.8765,0
2025-01-22 06:30:00+00:00,155.8775,155.9765,155.86599999999999,155.8825,0
2025-01-22 06:45:00+00:00,155.88150000000002,155.936,155.8385,155.886,0
2025-01-23 13:00:00+00:00,156.39999999999998,156.42200000000003,156.252,156.3225,0
2025-01-23 13:15:00+00:00,156.3225,156.35899999999998,156.261,156.3025,0
2025-01-23 13:30:00+00:00,156.303,156.3095,156.10500000000002,156.1905,0
2025-01-23 13:45:00+00:00,156.1905,156.26049999999998,156.152,156.209,0
2025-01-23 20:00:00+00:00,155.80399999999997,155.84300000000002,155.7545,155.8005,0
2025-01-23 20:15:00+00:00,155.801,155.8505,155.79399999999998,155.85000000000002,0
2025-01-23 20:30:00+00:00,155.8515,155.88299999999998,155.82150000000001,155.874,0
2025-01-23 20:45:00+00:00,155.8745,155.973,155.8665,155.973,0
2025-01-27 19:00:00+00:00,154.43200000000002,154.5785,154.43200000000002,154.572,0
2025-01-27 19:15:00+00:00,154.57299999999998,154.67149999999998,154.5645,154.653,0
2025-01-27 19:30:00+00:00,154.652,154.72199999999998,154.59300000000002,154.60500000000002,0
2025-01-27 19:45:00+00:00,154.601,154.601,154.4675,154.54500000000002,0
2025-01-29 02:00:00+00:00,155.715,155.7825,155.651,155.652,0
2025-01-29 02:15:00+00:00,155.655,155.659,155.59199999999998,155.61700000000002,0
2025-01-29 02:30:00+00:00,155.617,155.6525,155.59300000000002,155.6455,0
2025-01-29 02:45:00+00:00,155.6505,155.655,155.5985,155.6275,0
2025-01-29 15:00:00+00:00,155.19650000000001,155.3265,155.183,155.183,0
2025-01-29 15:15:00+00:00,155.183,155.1885,155.048,155.154,0
2025-01-29 15:30:00+00:00,155.15300000000002,155.2285,155.02499999999998,155.038,0
2025-01-29 15:45:00+00:00,155.038,155.1165,154.941,155.011,0
2025-01-30 01:00:00+00:00,154.72500000000002,154.72500000000002,154.475,154.508,0
2025-01-30 01:15:00+00:00,154.5125,154.6575,154.4615,154.624,0
2025-01-30 01:30:00+00:00,154.6255,154.687,154.5575,154.648,0
2025-01-30 01:45:00+00:00,154.647,154.66,154.4795,154.64350000000002,0
2025-01-30 09:00:00+00:00,154.48000000000002,154.5935,154.4035,154.4035,0
2025-01-30 09:15:00+00:00,154.401,154.4185,154.3185,154.3935,0
2025-01-30 09:30:00+00:00,154.393,154.4805,154.377,154.4635,0
2025-01-30 09:45:00+00:00,154.4625,154.51799999999997,154.4145,154.452,0
2025-01-30 17:00:00+00:00,154.427,154.4495,154.3415,154.365,0
2025-01-30 17:15:00+00:00,154.365,154.39100000000002,154.303,154.316,0
2025-01-30 17:30:00+00:00,154.313,154.3705,154.262,154.324,0
2025-01-30 17:45:00+00:00,154.3245,154.3495,154.2935,154.2975,0
2025-01-31 17:00:00+00:00,154.9195,154.97500000000002,154.7715,154.876,0
2025-01-31 17:15:00+00:00,154.8775,154.89600000000002,154.66500000000002,154.7345,0
2025-01-31 17:30:00+00:00,154.735,154.824,154.7145,154.73700000000002,0
2025-01-31 17:45:00+00:00,154.7355,154.8065,154.726,154.7645,0
2025-02-02 22:00:00+00:00,154.8195,155.1015,154.77800000000002,155.044,0
2025-02-02 22:15:00+00:00,155.043,155.1405,154.98899999999998,154.99349999999998,0
2025-02-02 22:30:00+00:00,154.988,155.046,154.9105,154.99599999999998,0
2025-02-02 22:45:00+00:00,154.9845,155.063,154.92950000000002,155.0385,0
2025-02-03 14:00:00+00:00,154.6515,154.74849999999998,154.6055,154.6055,0
2025-02-03 14:15:00+00:00,154.606,154.606,154.40699999999998,154.4525,0
2025-02-03 14:30:00+00:00,154.4525,154.582,154.37849999999997,154.518,0
2025-02-03 14:45:00+00:00,154.5165,154.5565,154.449,154.53300000000002,0
2025-02-04 03:00:00+00:00,155.15449999999998,155.15550000000002,155.0695,155.0925,0
2025-02-04 03:15:00+00:00,155.09,155.17849999999999,155.08800000000002,155.14499999999998,0
2025-02-04 03:30:00+00:00,155.14600000000002,155.3055,155.14350000000002,155.262,0
2025-02-04 03:45:00+00:00,155.26049999999998,155.26299999999998,155.197,155.212,0
2025-02-04 16:00:00+00:00,154.67399999999998,154.67399999999998,154.471,154.5725,0
2025-02-04 16:15:00+00:00,154.57150000000001,154.61,154.5145,154.5625,0
2025-02-04 16:30:00+00:00,154.562,154.6235,154.541,154.598,0
2025-02-04 16:45:00+00:00,154.59699999999998,154.5975,154.4675,154.562,0
2025-02-04 21:00:00+00:00,154.2665,154.32,154.23700000000002,154.2895,0
2025-02-04 21:15:00+00:00,154.2905,154.33499999999998,154.2905,154.318,0
2025-02-04 21:30:00+00:00,154.3175,154.32150000000001,154.3015,154.311,0
2025-02-04 21:45:00+00:00,154.3105,154.348,154.3015,154.341,0
2025-02-06 04:00:00+00:00,152.239,152.2995,152.132,152.172,0
2025-02-06 04:15:00+00:00,152.1725,152.2265,152.1485,152.2195,0
2025-02-06 04:30:00+00:00,152.219,152.2925,152.183,152.28300000000002,0
2025-02-06 04:45:00+00:00,152.2865,152.35750000000002,152.283,152.353,0
2025-02-06 20:00:00+00:00,151.389,151.4365,151.35899999999998,151.402,0
2025-02-06 20:15:00+00:00,151.3995,151.495,151.381,151.494,0
2025-02-06 20:30:00+00:00,151.49450000000002,151.53199999999998,151.4365,151.4515,0
2025-02-06 20:45:00+00:00,151.45,151.539,151.45,151.53199999999998,0
2025-02-07 12:00:00+00:00,152.1555,152.24599999999998,152.11950000000002,152.2005,0
2025-02-07 12:15:00+00:00,152.20100000000002,152.2185,152.12599999999998,152.1495,0
2025-02-07 12:30:00+00:00,152.1485,152.1745,152.026,152.058,0
2025-02-07 12:45:00+00:00,152.0575,152.07799999999997,151.986,152.01299999999998,0
2025-02-07 19:00:00+00:00,151.387,151.4215,151.265,151.286,0
2025-02-07 19:15:00+00:00,151.284,151.41899999999998,151.2005,151.363,0
2025-02-07 19:30:00+00:00,151.364,151.52949999999998,151.3515,151.499,0
2025-02-07 19:45:00+00:00,151.498,151.499,151.334,151.38299999999998,0
2025-02-10 00:00:00+00:00,151.87900000000002,151.89,151.696,151.84550000000002,0
2025-02-10 00:15:00+00:00,151.8385,151.84,151.628,151.7235,0
2025-02-10 00:30:00+00:00,151.7225,151.82150000000001,151.6655,151.7705,0
2025-02-10 00:45:00+00:00,151.7695,151.92000000000002,151.72199999999998,151.876,0
2025-02-10 15:00:00+00:00,151.63799999999998,151.65449999999998,151.57100000000003,151.6155,0
2025-02-10 15:15:00+00:00,151.615,151.696,151.6125,151.6345,0
2025-02-10 15:30:00+00:00,151.6335,151.6945,151.575,151.6225,0
2025-02-10 15:45:00+00:00,151.622,151.6875,151.60000000000002,151.61,0
2025-02-10 22:00:00+00:00,151.9975,152.026,151.9455,151.951,0
2025-02-10 22:15:00+00:00,151.95,151.99900000000002,151.945,151.9625,0
2025-02-10 22:30:00+00:00,151.9645,151.9645,151.926,151.93200000000002,0
2025-02-10 22:45:00+00:00,151.93200000000002,151.937,151.88850000000002,151.889,0
2025-02-11 08:00:00+00:00,151.9535,152.0995,151.9145,152.03050000000002,0
2025-02-11 08:15:00+00:00,152.03050000000002,152.0375,151.79399999999998,151.81400000000002,0
2025-02-11 08:30:00+00:00,151.812,151.84199999999998,151.651,151.8225,0
2025-02-11 08:45:00+00:00,151.82299999999998,151.899,151.7975,151.872,0
2025-02-11 15:00:00+00:00,152.296,152.406,152.2355,152.3595,0
2025-02-11 15:15:00+00:00,152.36,152.595,152.36,152.5125,0
2025-02-11 15:30:00+00:00,152.512,152.59699999999998,152.486,152.53449999999998,0
2025-02-11 15:45:00+00:00,152.5345,152.5555,152.45100000000002,152.49400000000003,0
2025-02-12 05:00:00+00:00,153.6895,153.707,153.5915,153.651,0
2025-02-12 05:15:00+00:00,153.6515,153.6825,153.6015,153.6345,0
2025-02-12 05:30:00+00:00,153.6355,153.65449999999998,153.5635,153.624,0
2025-02-12 05:45:00+00:00,153.6245,153.6385,153.53,153.539,0
2025-02-12 10:00:00+00:00,153.5195,153.65449999999998,153.493,153.615,0
2025-02-12 10:15:00+00:00,153.613,153.6635,153.5935,153.6485,0
2025-02-12 10:30:00+00:00,153.64800000000002,153.6985,153.6255,153.6275,0
2025-02-12 10:45:00+00:00,153.627,153.6605,153.5665,153.584,0
2025-02-12 21:00:00+00:00,154.435,154.489,154.41199999999998,154.4405,0
2025-02-12 21:15:00+00:00,154.4405,154.4405,154.3845,154.4205,0
2025-02-12 21:30:00+00:00,154.42000000000002,154.4685,154.37900000000002,154.40449999999998,0
2025-02-12 21:45:00+00:00,154.4035,154.4325,154.392,154.415,0
2025-02-13 09:00:00+00:00,154.022,154.0235,153.8985,153.95350000000002,0
2025-02-13 09:15:00+00:00,153.9535,154.0145,153.914,153.989,0
2025-02-13 09:30:00+00:00,153.99,154.0925,153.985,154.0625,0
2025-02-13 09:45:00+00:00,154.063,154.0655,153.95850000000002,153.9795,0
2025-02-14 01:00:00+00:00,152.6465,152.6465,152.466,152.535,0
2025-02-14 01:15:00+00:00,152.54149999999998,152.5755,152.4495,152.538,0
2025-02-14 01:30:00+00:00,152.5405,152.6165,152.44650000000001,152.55599999999998,0
2025-02-14 01:45:00+00:00,152.5555,152.607,152.49,152.5695,0
2025-02-18 02:00:00+00:00,151.73149999999998,151.788,151.6925,151.738,0
2025-02-18 02:15:00+00:00,151.73700000000002,151.8295,151.714,151.81650000000002,0
2025-02-18 02:30:00+00:00,151.81650000000002,151.8545,151.798,151.8375,0
2025-02-18 02:45:00+00:00,151.8385,151.8495,151.7835,151.84199999999998,0
2025-02-19 10:00:00+00:00,151.6565,151.796,151.6565,151.753,0
2025-02-19 10:15:00+00:00,151.75400000000002,151.83499999999998,151.75400000000002,151.77100000000002,0
2025-02-19 10:30:00+00:00,151.772,151.7925,151.7225,151.74900000000002,0
2025-02-19 10:45:00+00:00,151.7495,151.762,151.7135,151.735,0
2025-02-20 08:00:00+00:00,150.17399999999998,150.336,150.161,150.245,0
2025-02-20 08:15:00+00:00,150.245,150.39100000000002,150.233,150.31799999999998,0
2025-02-20 08:30:00+00:00,150.3175,150.3545,150.235,150.24099999999999,0
2025-02-20 08:45:00+00:00,150.2425,150.349,150.237,150.3425,0
2025-02-21 06:00:00+00:00,150.3635,150.4855,150.2955,150.47899999999998,0
2025-02-21 06:15:00+00:00,150.4815,150.548,150.4595,150.5065,0
2025-02-21 06:30:00+00:00,150.4975,150.5235,150.41899999999998,150.4715,0
2025-02-21 06:45:00+00:00,150.471,150.53300000000002,150.3775,150.51600000000002,0
2025-02-21 15:00:00+00:00,149.7975,149.8315,149.667,149.7405,0
2025-02-21 15:15:00+00:00,149.74,149.84,149.598,149.62900000000002,0
2025-02-21 15:30:00+00:00,149.628,149.67200000000003,149.563,149.5675,0
2025-02-21 15:45:00+00:00,149.56799999999998,149.6275,149.51,149.55200000000002,0
2025-02-24 13:00:00+00:00,149.7635,149.844,149.754,149.8075,0
2025-02-24 13:15:00+00:00,149.80700000000002,149.81900000000002,149.61,149.7255,0
2025-02-24 13:30:00+00:00,149.726,149.79899999999998,149.6355,149.7775,0
2025-02-24 13:45:00+00:00,149.7785,149.87400000000002,149.765,149.765,0
2025-02-24 23:00:00+00:00,149.73149999999998,149.914,149.715,149.90449999999998,0
2025-02-24 23:15:00+00:00,149.902,149.913,149.83350000000002,149.888,0
2025-02-24 23:30:00+00:00,149.8885,149.892,149.781,149.834,0
2025-02-24 23:45:00+00:00,149.8345,149.914,149.8185,149.9125,0
2025-02-25 14:00:00+00:00,149.435,149.54149999999998,149.34500000000003,149.3785,0
2025-02-25 14:15:00+00:00,149.3775,149.385,149.2455,149.298,0
2025-02-25 14:30:00+00:00,149.302,149.4915,149.2895,149.3685,0
2025-02-25 14:45:00+00:00,149.3675,149.3775,149.11200000000002,149.1845,0
2025-02-25 22:00:00+00:00,149.0385,149.06400000000002,149.006,149.022,0
2025-02-25 22:15:00+00:00,149.03,149.118,149.00549999999998,149.053,0
2025-02-25 22:30:00+00:00,149.0515,149.065,149.05,149.05,0
2025-02-25 22:45:00+00:00,149.0485,149.139,149.04649999999998,149.139,0
2025-02-26 07:00:00+00:00,149.574,149.6055,149.357,149.43599999999998,0
2025-02-26 07:15:00+00:00,149.437,149.44549999999998,149.33350000000002,149.3855,0
2025-02-26 07:30:00+00:00,149.389,149.4935,149.33499999999998,149.47699999999998,0
2025-02-26 07:45:00+00:00,149.4765,149.5405,149.4125,149.5315,0
2025-02-26 15:00:00+00:00,149.666,149.8405,149.61599999999999,149.80349999999999,0
2025-02-26 15:15:00+00:00,149.801,149.8875,149.603,149.61399999999998,0
2025-02-26 15:30:00+00:00,149.6135,149.68,149.4505,149.53500000000003,0
2025-02-26 15:45:00+00:00,149.53300000000002,149.539,149.40300000000002,149.489,0
2025-02-26 22:00:00+00:00,149.0905,149.09199999999998,149.06,149.06,0
2025-02-26 22:15:00+00:00,149.062,149.0645,149.059,149.0605,0
2025-02-26 22:30:00+00:00,149.063,149.066,149.034,149.034,0
2025-02-26 22:45:00+00:00,149.03449999999998,149.03699999999998,148.966,148.9905,0
2025-02-27 06:00:00+00:00,149.34550000000002,149.4075,149.296,149.296,0
2025-02-27 06:15:00+00:00,149.2965,149.4185,149.28300000000002,149.414,0
2025-02-27 06:30:00+00:00,149.413,149.4245,149.296,149.316,0
2025-02-27 06:45:00+00:00,149.3165,149.3445,149.2045,149.2595,0
2025-02-27 13:00:00+00:00,149.6555,149.659,149.50900000000001,149.5155,0
2025-02-27 13:15:00+00:00,149.5135,149.5945,149.5095,149.5635,0
2025-02-27 13:30:00+00:00,149.561,149.8825,149.362,149.8095,0
2025-02-27 13:45:00+00:00,149.8105,149.8325,149.5925,149.7265,0
2025-02-27 23:00:00+00:00,149.77949999999998,149.8065,149.5595,149.597,0
2025-02-27 23:15:00+00:00,149.599,149.608,149.54399999999998,149.56,0
2025-02-27 23:30:00+00:00,149.566,149.99900000000002,149.566,149.81099999999998,0
2025-02-27 23:45:00+00:00,149.8045,150.109,149.768,150.089,0
2025-02-28 07:00:00+00:00,150.04500000000002,150.0995,149.94400000000002,149.9615,0
2025-02-28 07:15:00+00:00,149.9595,150.07999999999998,149.9565,150.0455,0
2025-02-28 07:30:00+00:00,150.04500000000002,150.406,149.937,150.35500000000002,0
2025-02-28 07:45:00+00:00,150.3555,150.56900000000002,150.284,150.435,0
2025-02-28 14:00:00+00:00,150.64999999999998,150.7865,150.584,150.773,0
2025-02-28 14:15:00+00:00,150.7735,150.815,150.563,150.5685,0
2025-02-28 14:30:00+00:00,150.57049999999998,150.59199999999998,150.2835,150.566,0
2025-02-28 14:45:00+00:00,150.5675,150.73000000000002,150.47899999999998,150.6885,0
2025-02-28 21:00:00+00:00,150.5115,150.584,150.488,150.542,0
2025-02-28 21:15:00+00:00,150.5425,150.58350000000002,150.5355,150.5685,0
2025-02-28 21:30:00+00:00,150.56799999999998,150.61450000000002,150.566,150.5915,0
2025-02-28 21:45:00+00:00,150.5925,150.628,150.57549999999998,150.598,0
2025-03-03 12:00:00+00:00,151.20850000000002,151.302,151.1275,151.29700000000003,0
2025-03-03 12:15:00+00:00,151.296,151.3,151.18599999999998,151.2045,0
2025-03-03 12:30:00+00:00,151.2055,151.24099999999999,151.115,151.1575,0
2025-03-03 12:45:00+00:00,151.1595,151.3025,151.1585,151.23899999999998,0
2025-03-04 20:00:00+00:00,149.3175,149.32100000000003,149.202,149.291,0
2025-03-04 20:15:00+00:00,149.29149999999998,149.514,149.29000000000002,149.41649999999998,0
2025-03-04 20:30:00+00:00,149.418,149.4235,149.1455,149.18,0
2025-03-04 20:45:00+00:00,149.1805,149.23200000000003,149.01100000000002,149.10199999999998,0
2025-03-05 19:00:00+00:00,148.957,149.1405,148.925,149.11399999999998,0
2025-03-05 19:15:00+00:00,149.1155,149.142,148.97199999999998,148.9785,0
2025-03-05 19:30:00+00:00,148.978,148.99099999999999,148.8585,148.92399999999998,0
2025-03-05 19:45:00+00:00,148.9255,148.93,148.7835,148.7895,0
2025-03-07 05:00:00+00:00,147.6765,147.75,147.66899999999998,147.696,0
2025-03-07 05:15:00+00:00,147.6955,147.755,147.623,147.712,0
2025-03-07 05:30:00+00:00,147.71300000000002,147.7245,147.601,147.60899999999998,0
2025-03-07 05:45:00+00:00,147.60899999999998,147.60899999999998,147.45499999999998,147.45600000000002,0
2025-03-07 17:00:00+00:00,147.1385,147.22699999999998,146.961,147.0525,0
2025-03-07 17:15:00+00:00,147.053,147.253,147.0105,147.2285,0
2025-03-07 17:30:00+00:00,147.23000000000002,147.4735,147.22050000000002,147.461,0
2025-03-07 17:45:00+00:00,147.4625,147.70800000000003,147.4615,147.48950000000002,0
2025-03-11 05:00:00+00:00,146.973,147.063,146.9205,147.06,0
2025-03-11 05:15:00+00:00,147.0585,147.11950000000002,147.0315,147.0375,0
2025-03-11 05:30:00+00:00,147.03699999999998,147.1875,147.02100000000002,147.187,0
2025-03-11 05:45:00+00:00,147.188,147.2885,147.168,147.226,0
2025-03-11 10:00:00+00:00,147.3745,147.5145,147.37099999999998,147.4445,0
2025-03-11 10:15:00+00:00,147.4455,147.62,147.421,147.5965,0
2025-03-11 10:30:00+00:00,147.59699999999998,147.6445,147.5205,147.551,0
2025-03-11 10:45:00+00:00,147.54950000000002,147.5645,147.46300000000002,147.5595,0
2025-03-12 02:00:00+00:00,148.035,148.06400000000002,147.872,147.9685,0
2025-03-12 02:15:00+00:00,147.916,148.06799999999998,147.868,148.0045,0
2025-03-12 02:30:00+00:00,148.005,148.0445,147.963,148.0275,0
2025-03-12 02:45:00+00:00,148.0285,148.0685,148.01,148.0425,0
2025-03-12 22:00:00+00:00,148.2155,148.29500000000002,148.1885,148.274,0
2025-03-12 22:15:00+00:00,148.2745,148.2835,148.19650000000001,148.197,0
2025-03-12 22:30:00+00:00,148.19650000000001,148.2045,148.1415,148.1415,0
2025-03-12 22:45:00+00:00,148.144,148.23000000000002,148.099,148.2285,0
2025-03-17 01:00:00+00:00,148.7945,148.8985,148.7625,148.7705,0
2025-03-17 01:15:00+00:00,148.7715,148.78199999999998,148.6685,148.674,0
2025-03-17 01:30:00+00:00,148.6735,148.6935,148.5975,148.63600000000002,0
2025-03-17 01:45:00+00:00,148.63400000000001,148.6755,148.563,148.61900000000003,0
2025-03-17 15:00:00+00:00,148.6015,148.62400000000002,148.5205,148.6085,0
2025-03-17 15:15:00+00:00,148.60750000000002,148.6605,148.476,148.4975,0
2025-03-17 15:30:00+00:00,148.49599999999998,148.5125,148.442,148.5045,0
2025-03-17 15:45:00+00:00,148.503,148.5775,148.489,148.5575,0
2025-03-17 23:00:00+00:00,149.33100000000002,149.397,149.3145,149.3515,0
2025-03-17 23:15:00+00:00,149.349,149.3705,149.3135,149.36950000000002,0
2025-03-17 23:30:00+00:00,149.369,149.399,149.341,149.35399999999998,0
2025-03-17 23:45:00+00:00,149.35399999999998,149.399,149.3135,149.39800000000002,0
2025-03-18 09:00:00+00:00,149.753,149.796,149.7045,149.716,0
2025-03-18 09:15:00+00:00,149.7165,149.85000000000002,149.712,149.8235,0
2025-03-18 09:30:00+00:00,149.824,149.8305,149.7665,149.812,0
2025-03-18 09:45:00+00:00,149.812,149.8145,149.7505,149.7905,0
2025-03-20 21:00:00+00:00,148.78,148.801,148.7075,148.7705,0
2025-03-20 21:15:00+00:00,148.773,148.785,148.7565,148.76,0
2025-03-20 21:30:00+00:00,148.7605,148.765,148.726,148.756,0
2025-03-20 21:45:00+00:00,148.7545,148.7835,148.747,148.7815,0
2025-03-21 06:00:00+00:00,149.561,149.613,149.49599999999998,149.5355,0
2025-03-21 06:15:00+00:00,149.5365,149.553,149.493,149.527,0
2025-03-21 06:30:00+00:00,149.5335,149.54399999999998,149.442,149.5085,0
2025-03-21 06:45:00+00:00,149.515,149.5825,149.5125,149.5735,0
2025-03-21 14:00:00+00:00,148.872,148.9385,148.80349999999999,148.84300000000002,0
2025-03-21 14:15:00+00:00,148.8425,148.997,148.8395,148.94600000000003,0
2025-03-21 14:30:00+00:00,148.945,148.988,148.8005,148.832,0
2025-03-21 14:45:00+00:00,148.8315,148.88400000000001,148.772,148.8735,0
2025-03-25 10:00:00+00:00,150.49200000000002,150.5035,150.3155,150.328,0
2025-03-25 10:15:00+00:00,150.3285,150.3865,150.30700000000002,150.3485,0
2025-03-25 10:30:00+00:00,150.349,150.40449999999998,150.2045,150.2195,0
2025-03-25 10:45:00+00:00,150.2225,150.2525,150.178,150.2075,0
2025-03-25 22:00:00+00:00,149.893,149.9435,149.89049999999997,149.924,0
2025-03-25 22:15:00+00:00,149.9235,149.949,149.9195,149.9345,0
2025-03-25 22:30:00+00:00,149.934,149.975,149.92849999999999,149.96949999999998,0
2025-03-25 22:45:00+00:00,149.9685,149.98250000000002,149.934,149.96050000000002,0
2025-03-26 06:00:00+00:00,150.473,150.57150000000001,150.4475,150.555,0
2025-03-26 06:15:00+00:00,150.55399999999997,150.60899999999998,150.5215,150.534,0
2025-03-26 06:30:00+00:00,150.534,150.582,150.49099999999999,150.522,0
2025-03-26 06:45:00+00:00,150.5215,150.5375,150.4415,150.4475,0
2025-03-26 13:00:00+00:00,150.39499999999998,150.4355,150.3265,150.3415,0
2025-03-26 13:15:00+00:00,150.339,150.447,150.308,150.442,0
2025-03-26 13:30:00+00:00,150.446,150.551,150.4135,150.5345,0
2025-03-26 13:45:00+00:00,150.535,150.54649999999998,150.3545,150.40499999999997,0
2025-03-27 21:00:00+00:00,151.0455,151.0475,151.0195,151.0225,0
2025-03-27 21:15:00+00:00,151.0205,151.0265,151.0205,151.0205,0
2025-03-27 21:30:00+00:00,151.027,151.0485,151.0215,151.043,0
2025-03-27 21:45:00+00:00,151.04250000000002,151.053,151.024,151.0395,0
2025-03-28 06:00:00+00:00,150.7735,150.808,150.749,150.77949999999998,0
2025-03-28 06:15:00+00:00,150.77999999999997,150.84699999999998,150.7385,150.7415,0
2025-03-28 06:30:00+00:00,150.7425,150.744,150.6475,150.6625,0
2025-03-28 06:45:00+00:00,150.6635,150.6875,150.611,150.6145,0
2025-04-01 08:00:00+00:00,149.62,149.64249999999998,149.55200000000002,149.5825,0
2025-04-01 08:15:00+00:00,149.5815,149.64249999999998,149.5035,149.6265,0
2025-04-01 08:30:00+00:00,149.6255,149.679,149.5815,149.661,0
2025-04-01 08:45:00+00:00,149.661,149.692,149.5975,149.6675,0
2025-04-02 15:00:00+00:00,149.69549999999998,149.8765,149.637,149.8255,0
2025-04-02 15:15:00+00:00,149.825,150.0905,149.8155,150.0325,0
2025-04-02 15:30:00+00:00,150.03300000000002,150.0475,149.9615,149.97000000000003,0
2025-04-02 15:45:00+00:00,149.9675,149.99400000000003,149.8375,149.99200000000002,0
2025-04-02 22:00:00+00:00,148.7105,148.718,148.2465,148.325,0
2025-04-02 22:15:00+00:00,148.3255,148.571,148.156,148.486,0
2025-04-02 22:30:00+00:00,148.486,148.5245,148.3125,148.3775,0
2025-04-02 22:45:00+00:00,148.377,148.47899999999998,148.347,148.417,0
2025-04-04 06:00:00+00:00,145.85500000000002,146.011,145.7945,145.9085,0
2025-04-04 06:15:00+00:00,145.9085,146.09550000000002,145.7755,146.0475,0
2025-04-04 06:30:00+00:00,146.046,146.1395,145.901,146.051,0
2025-04-04 06:45:00+00:00,146.05200000000002,146.15800000000002,145.94299999999998,146.038,0
2025-04-04 14:00:00+00:00,145.715,145.877,145.445,145.464,0
2025-04-04 14:15:00+00:00,145.45850000000002,145.5685,145.29000000000002,145.3395,0
2025-04-04 14:30:00+00:00,145.3375,145.4765,145.2335,145.2335,0
2025-04-04 14:45:00+00:00,145.23250000000002,145.572,145.04649999999998,145.51749999999998,0
2025-04-07 10:00:00+00:00,146.024,146.358,146.0165,146.324,0
2025-04-07 10:15:00+00:00,146.3275,146.49900000000002,146.257,146.3235,0
2025-04-07 10:30:00+00:00,146.3225,146.59500000000003,146.2595,146.59500000000003,0
2025-04-07 10:45:00+00:00,146.59500000000003,146.625,146.179,146.232,0
2025-04-08 07:00:00+00:00,147.243,147.29000000000002,147.053,147.065,0
2025-04-08 07:15:00+00:00,147.067,147.2365,147.0455,147.08800000000002,0
2025-04-08 07:30:00+00:00,147.0885,147.12,146.969,147.0755,0
2025-04-08 07:45:00+00:00,147.0745,147.4125,147.04000000000002,147.3965,0
2025-04-08 15:00:00+00:00,147.3395,147.389,147.14,147.159,0
2025-04-08 15:15:00+00:00,147.15699999999998,147.1705,146.941,146.962,0
2025-04-08 15:30:00+00:00,146.9615,147.082,146.89,147.00400000000002,0
2025-04-08 15:45:00+00:00,147.00549999999998,147.04399999999998,146.8,147.026,0
2025-04-08 23:00:00+00:00,145.97899999999998,146.0085,145.708,145.774,0
2025-04-08 23:15:00+00:00,145.7695,145.8665,145.6475,145.6895,0
2025-04-08 23:30:00+00:00,145.6895,145.7305,145.6115,145.6335,0
2025-04-08 23:45:00+00:00,145.6335,145.88049999999998,145.60250000000002,145.853,0
2025-04-09 22:00:00+00:00,147.3985,147.54149999999998,147.39600000000002,147.4935,0
2025-04-09 22:15:00+00:00,147.494,147.543,147.282,147.4115,0
2025-04-09 22:30:00+00:00,147.40949999999998,147.43,147.3075,147.3465,0
2025-04-09 22:45:00+00:00,147.348,147.4265,147.30700000000002,147.4115,0
2025-04-10 06:00:00+00:00,146.608,146.91000000000003,146.608,146.90449999999998,0
2025-04-10 06:15:00+00:00,146.906,146.9505,146.7575,146.7825,0
2025-04-10 06:30:00+00:00,146.7855,146.9345,146.6925,146.9205,0
2025-04-10 06:45:00+00:00,146.9215,147.14600000000002,146.9185,147.0515,0
2025-04-10 13:00:00+00:00,145.4525,145.54149999999998,145.2775,145.29500000000002,0
2025-04-10 13:15:00+00:00,145.291,145.33300000000003,145.10700000000003,145.13299999999998,0
2025-04-10 13:30:00+00:00,145.1295,145.1935,145.00799999999998,145.0275,0
2025-04-10 13:45:00+00:00,145.027,145.08499999999998,144.77999999999997,144.8155,0
2025-04-11 06:00:00+00:00,143.6045,143.9955,143.5555,143.87099999999998,0
2025-04-11 06:15:00+00:00,143.871,144.089,143.85899999999998,143.91500000000002,0
2025-04-11 06:30:00+00:00,143.913,144.147,143.821,144.0775,0
2025-04-11 06:45:00+00:00,144.08350000000002,144.1395,143.8885,143.8935,0
2025-04-11 14:00:00+00:00,143.1165,143.20600000000002,142.8355,142.88049999999998,0
2025-04-11 14:15:00+00:00,142.885,143.099,142.85000000000002,143.0235,0
2025-04-11 14:30:00+00:00,143.022,143.369,142.9545,143.335,0
2025-04-11 14:45:00+00:00,143.3365,143.6105,143.28300000000002,143.5315,0
2025-04-14 04:00:00+00:00,143.024,143.204,143.0235,143.0675,0
2025-04-14 04:15:00+00:00,143.0685,143.0765,142.665,143.0335,0
2025-04-14 04:30:00+00:00,143.0345,143.0905,142.934,143.0385,0
2025-04-14 04:45:00+00:00,143.03699999999998,143.1555,143.0115,143.0385,0
2025-04-14 21:00:00+00:00,143.054,143.054,143.054,143.054,0
2025-04-14 21:15:00+00:00,143.054,143.0985,142.99200000000002,143.014,0
2025-04-14 21:30:00+00:00,143.0125,143.0235,142.9905,142.9925,0
2025-04-14 21:45:00+00:00,142.9995,143.01,142.9885,142.9935,0
2025-04-15 19:00:00+00:00,143.161,143.22699999999998,143.14100000000002,143.15699999999998,0
2025-04-15 19:15:00+00:00,143.1565,143.20800000000003,143.1535,143.192,0
2025-04-15 19:30:00+00:00,143.191,143.21699999999998,143.15800000000002,143.179,0
2025-04-15 19:45:00+00:00,143.17849999999999,143.21550000000002,143.15800000000002,143.19099999999997,0
2025-04-17 04:00:00+00:00,142.6125,142.66000000000003,142.58100000000002,142.6295,0
2025-04-17 04:15:00+00:00,142.63099999999997,142.65449999999998,142.5895,142.64249999999998,0
2025-04-17 04:30:00+00:00,142.6435,142.683,142.6105,142.652,0
2025-04-17 04:45:00+00:00,142.651,142.69400000000002,142.61399999999998,142.6745,0
2025-04-17 22:00:00+00:00,142.44299999999998,142.4785,142.3755,142.4455,0
2025-04-17 22:15:00+00:00,142.44650000000001,142.486,142.418,142.44299999999998,0
2025-04-17 22:30:00+00:00,142.442,142.471,142.37900000000002,142.393,0
2025-04-17 22:45:00+00:00,142.3905,142.429,142.31650000000002,142.416,0
2025-04-18 11:00:00+00:00,142.3705,142.377,142.32,142.3385,0
2025-04-18 11:15:00+00:00,142.339,142.378,142.333,142.339,0
2025-04-18 11:30:00+00:00,142.339,142.362,142.3125,142.31650000000002,0
2025-04-18 11:45:00+00:00,142.317,142.365,142.2855,142.325,0
2025-04-20 23:00:00+00:00,141.7365,141.7695,141.5115,141.67950000000002,0
2025-04-20 23:15:00+00:00,141.6805,141.681,141.5645,141.614,0
2025-04-20 23:30:00+00:00,141.614,141.65,141.5165,141.623,0
2025-04-20 23:45:00+00:00,141.6225,141.6445,141.5,141.5925,0
2025-04-21 05:00:00+00:00,140.769,140.78199999999998,140.6825,140.727,0
2025-04-21 05:15:00+00:00,140.7275,140.7845,140.6875,140.68900000000002,0
2025-04-21 05:30:00+00:00,140.6895,140.7215,140.622,140.7095,0
2025-04-21 05:45:00+00:00,140.70999999999998,140.7865,140.622,140.649,0
2025-04-21 14:00:00+00:00,140.74450000000002,140.75599999999997,140.6715,140.7185,0
2025-04-21 14:15:00+00:00,140.721,140.7855,140.571,140.603,0
2025-04-21 14:30:00+00:00,140.601,140.8525,140.571,140.8525,0
2025-04-21 14:45:00+00:00,140.8505,140.9195,140.8115,140.90550000000002,0
2025-04-22 17:00:00+00:00,141.284,141.39249999999998,141.18099999999998,141.245,0
2025-04-22 17:15:00+00:00,141.244,141.2475,141.0515,141.11,0
2025-04-22 17:30:00+00:00,141.10899999999998,141.3275,141.0425,141.30900000000003,0
2025-04-22 17:45:00+00:00,141.3075,141.3085,141.086,141.11200000000002,0
2025-04-23 07:00:00+00:00,141.71300000000002,141.7945,141.5425,141.5615,0
2025-04-23 07:15:00+00:00,141.56099999999998,141.6215,141.5315,141.5875,0
2025-04-23 07:30:00+00:00,141.589,141.9145,141.578,141.8795,0
2025-04-23 07:45:00+00:00,141.8775,141.9445,141.744,141.87,0
2025-04-24 03:00:00+00:00,142.7825,142.82,142.744,142.7935,0
2025-04-24 03:15:00+00:00,142.7935,142.8515,142.7655,142.7655,0
2025-04-24 03:30:00+00:00,142.765,142.889,142.74450000000002,142.8865,0
2025-04-24 03:45:00+00:00,142.887,142.8995,142.844,142.8675,0
2025-04-24 16:00:00+00:00,142.65550000000002,142.6865,142.5935,142.6255,0
2025-04-24 16:15:00+00:00,142.6255,142.697,142.57150000000001,142.661,0
2025-04-24 16:30:00+00:00,142.6595,142.792,142.62650000000002,142.687,0
2025-04-24 16:45:00+00:00,142.6875,142.721,142.6275,142.647,0
2025-04-25 08:00:00+00:00,143.40300000000002,143.5225,143.2605,143.273,0
2025-04-25 08:15:00+00:00,143.273,143.3995,143.2525,143.39,0
2025-04-25 08:30:00+00:00,143.39,143.4445,143.30200000000002,143.4445,0
2025-04-25 08:45:00+00:00,143.445,143.4775,143.401,143.418,0
2025-04-25 20:00:00+00:00,143.6495,143.668,143.63299999999998,143.663,0
2025-04-25 20:15:00+00:00,143.6655,143.7115,143.66,143.707,0
2025-04-25 20:30:00+00:00,143.713,143.8465,143.692,143.768,0
2025-04-25 20:45:00+00:00,143.7625,143.7855,143.663,143.6705,0
2025-04-28 09:00:00+00:00,143.54399999999998,143.5795,143.44400000000002,143.485,0
2025-04-28 09:15:00+00:00,143.4845,143.502,143.4135,143.4345,0
2025-04-28 09:30:00+00:00,143.4345,143.4755,143.392,143.45600000000002,0
2025-04-28 09:45:00+00:00,143.4555,143.478,143.3305,143.4535,0
2025-04-29 03:00:00+00:00,142.3825,142.4135,142.3225,142.3865,0
2025-04-29 03:15:00+00:00,142.3885,142.437,142.31900000000002,142.4225,0
2025-04-29 03:30:00+00:00,142.4215,142.4375,142.3705,142.4245,0
2025-04-29 03:45:00+00:00,142.425,142.49200000000002,142.4175,142.43099999999998,0
2025-04-29 22:00:00+00:00,142.308,142.317,142.20100000000002,142.31099999999998,0
2025-04-29 22:15:00+00:00,142.3105,142.3175,142.278,142.2955,0
2025-04-29 22:30:00+00:00,142.296,142.37,142.2945,142.3605,0
2025-04-29 22:45:00+00:00,142.36,142.36,142.233,142.26600000000002,0
2025-04-30 12:00:00+00:00,143.0155,143.0495,142.9915,143.012,0
2025-04-30 12:15:00+00:00,143.0125,143.0145,142.76600000000002,142.851,0
2025-04-30 12:30:00+00:00,142.8475,143.036,142.7925,142.7945,0
2025-04-30 12:45:00+00:00,142.7935,142.8465,142.6885,142.8195,0
2025-05-01 03:00:00+00:00,143.0775,143.4865,142.96800000000002,143.39499999999998,0
2025-05-01 03:15:00+00:00,143.3945,143.5005,143.32299999999998,143.4975,0
2025-05-01 03:30:00+00:00,143.497,143.72050000000002,143.44400000000002,143.707,0
2025-05-01 03:45:00+00:00,143.70850000000002,143.75650000000002,143.6225,143.6905,0
2025-05-01 21:00:00+00:00,145.49849999999998,145.49849999999998,145.43,145.4645,0
2025-05-01 21:15:00+00:00,145.4635,145.503,145.36599999999999,145.433,0
2025-05-01 21:30:00+00:00,145.4305,145.445,145.3405,145.35000000000002,0
2025-05-01 21:45:00+00:00,145.3465,145.368,145.30599999999998,145.324,0
2025-05-02 14:00:00+00:00,143.86700000000002,144.0565,143.731,144.005,0
2025-05-02 14:15:00+00:00,144.0035,144.159,143.993,144.0885,0
2025-05-02 14:30:00+00:00,144.0875,144.0985,143.89499999999998,144.074,0
2025-05-02 14:45:00+00:00,144.0725,144.142,143.9195,144.0095,0
2025-05-05 02:00:00+00:00,144.2345,144.3175,144.14800000000002,144.245,0
2025-05-05 02:15:00+00:00,144.2465,144.288,144.1505,144.2135,0
2025-05-05 02:30:00+00:00,144.2145,144.2215,144.067,144.09300000000002,0
2025-05-05 02:45:00+00:00,144.0995,144.1765,144.0725,144.1715,0
2025-05-05 18:00:00+00:00,144.09699999999998,144.1385,144.0805,144.1155,0
2025-05-05 18:15:00+00:00,144.1145,144.13150000000002,144.098,144.1125,0
2025-05-05 18:30:00+00:00,144.113,144.135,144.07150000000001,144.1215,0
2025-05-05 18:45:00+00:00,144.1215,144.1275,143.8945,143.921,0
2025-05-06 02:00:00+00:00,144.0475,144.0605,143.7985,143.825,0
2025-05-06 02:15:00+00:00,143.8255,143.84300000000002,143.65550000000002,143.7345,0
2025-05-06 02:30:00+00:00,143.735,143.834,143.7275,143.83350000000002,0
2025-05-06 02:45:00+00:00,143.834,143.8525,143.7785,143.82150000000001,0
2025-05-06 21:00:00+00:00,142.526,142.54500000000002,142.4675,142.495,0
2025-05-06 21:15:00+00:00,142.4935,142.54500000000002,142.4375,142.47050000000002,0
2025-05-06 21:30:00+00:00,142.4755,142.478,142.46800000000002,142.471,0
2025-05-06 21:45:00+00:00,142.46949999999998,142.475,142.4185,142.4225,0
2025-05-07 12:00:00+00:00,143.3895,143.45,143.3265,143.36599999999999,0
2025-05-07 12:15:00+00:00,143.3655,143.4375,143.349,143.3915,0
2025-05-07 12:30:00+00:00,143.394,143.401,143.3305,143.33100000000002,0
2025-05-07 12:45:00+00:00,143.3285,143.3595,143.2775,143.3565,0
2025-05-07 21:00:00+00:00,143.825,143.83550000000002,143.7465,143.757,0
2025-05-07 21:15:00+00:00,143.75400000000002,143.75400000000002,143.6975,143.73250000000002,0
2025-05-07 21:30:00+00:00,143.733,143.789,143.726,143.78449999999998,0
2025-05-07 21:45:00+00:00,143.785,143.789,143.75,143.7735,0
2025-05-08 03:00:00+00:00,143.67399999999998,143.678,143.5585,143.572,0
2025-05-08 03:15:00+00:00,143.571,143.6515,143.55900000000003,143.61,0
2025-05-08 03:30:00+00:00,143.6085,143.613,143.53300000000002,143.5455,0
2025-05-08 03:45:00+00:00,143.54500000000002,143.63,143.54149999999998,143.6025,0
2025-05-12 10:00:00+00:00,148.074,148.1885,148.048,148.1635,0
2025-05-12 10:15:00+00:00,148.1645,148.3945,148.1255,148.3395,0
2025-05-12 10:30:00+00:00,148.339,148.5935,148.313,148.5555,0
2025-05-12 10:45:00+00:00,148.555,148.56099999999998,148.333,148.40449999999998,0
2025-05-12 19:00:00+00:00,148.33800000000002,148.40449999999998,148.296,148.32,0
2025-05-12 19:15:00+00:00,148.3195,148.348,148.26749999999998,148.348,0
2025-05-12 19:30:00+00:00,148.3495,148.36399999999998,148.2875,148.3635,0
2025-05-12 19:45:00+00:00,148.36200000000002,148.4395,148.35399999999998,148.3855,0
2025-05-13 03:00:00+00:00,147.961,147.99099999999999,147.91699999999997,147.9175,0
2025-05-13 03:15:00+00:00,147.91899999999998,147.94299999999998,147.8545,147.863,0
2025-05-13 03:30:00+00:00,147.8635,147.8875,147.796,147.8515,0
2025-05-13 03:45:00+00:00,147.85199999999998,147.8585,147.73200000000003,147.7535,0
2025-05-13 11:00:00+00:00,148.058,148.09,148.02949999999998,148.07,0
2025-05-13 11:15:00+00:00,148.06599999999997,148.0705,148.0255,148.041,0
2025-05-13 11:30:00+00:00,148.0405,148.1055,148.0315,148.0935,0
2025-05-13 11:45:00+00:00,148.0945,148.1395,148.05900000000003,148.1185,0
2025-05-13 14:00:00+00:00,147.8845,147.98200000000003,147.8135,147.98200000000003,0
2025-05-13 14:15:00+00:00,147.9815,148.05200000000002,147.8615,147.9645,0
2025-05-13 14:30:00+00:00,147.9645,148.063,147.8535,147.8545,0
2025-05-13 14:45:00+00:00,147.85399999999998,147.957,147.8155,147.8415,0
2025-05-14 02:00:00+00:00,147.2055,147.292,147.119,147.15449999999998,0
2025-05-14 02:15:00+00:00,147.15300000000002,147.2605,147.1205,147.21550000000002,0
2025-05-14 02:30:00+00:00,147.21699999999998,147.3045,147.1875,147.2065,0
2025-05-14 02:45:00+00:00,147.2135,147.247,147.149,147.1975,0
2025-05-14 17:00:00+00:00,146.7,146.733,146.6015,146.64800000000002,0
2025-05-14 17:15:00+00:00,146.647,146.6745,146.442,146.486,0
2025-05-14 17:30:00+00:00,146.48700000000002,146.5875,146.464,146.56400000000002,0
2025-05-14 17:45:00+00:00,146.559,146.6455,146.54399999999998,146.577,0
2025-05-15 07:00:00+00:00,145.5385,145.77800000000002,145.53,145.6465,0
2025-05-15 07:15:00+00:00,145.6465,145.9185,145.6455,145.779,0
2025-05-15 07:30:00+00:00,145.7785,145.8325,145.7225,145.8055,0
2025-05-15 07:45:00+00:00,145.8045,145.9425,145.8015,145.88600000000002,0
2025-05-16 00:00:00+00:00,145.576,145.623,145.25650000000002,145.308,0
2025-05-16 00:15:00+00:00,145.31150000000002,145.38400000000001,145.245,145.3155,0
2025-05-16 00:30:00+00:00,145.312,145.321,145.076,145.1525,0
2025-05-16 00:45:00+00:00,145.148,145.15300000000002,145.0045,145.091,0
2025-05-16 17:00:00+00:00,145.94,146.01,145.905,145.973,0
2025-05-16 17:15:00+00:00,145.97199999999998,146.0335,145.949,145.95999999999998,0
2025-05-16 17:30:00+00:00,145.9595,145.9815,145.94400000000002,145.977,0
2025-05-16 17:45:00+00:00,145.9785,145.9785,145.89600000000002,145.918,0
2025-05-19 04:00:00+00:00,145.2435,145.34199999999998,145.231,145.304,0
2025-05-19 04:15:00+00:00,145.3025,145.3365,145.253,145.26749999999998,0
2025-05-19 04:30:00+00:00,145.2635,145.3115,145.2235,145.29149999999998,0
2025-05-19 04:45:00+00:00,145.3055,145.34500000000003,145.2765,145.3155,0
2025-05-19 20:00:00+00:00,144.8505,144.865,144.7775,144.7885,0
2025-05-19 20:15:00+00:00,144.7865,144.865,144.78,144.86450000000002,0
2025-05-19 20:30:00+00:00,144.8635,144.875,144.8125,144.828,0
2025-05-19 20:45:00+00:00,144.829,144.89499999999998,144.81650000000002,144.8595,0
2025-05-20 11:00:00+00:00,144.5975,144.5985,144.45850000000002,144.47050000000002,0
2025-05-20 11:15:00+00:00,144.47000000000003,144.56400000000002,144.4615,144.53699999999998,0
2025-05-20 11:30:00+00:00,144.53699999999998,144.6725,144.53699999999998,144.6455,0
2025-05-20 11:45:00+00:00,144.6465,144.6505,144.5685,144.5935,0
2025-05-20 23:00:00+00:00,144.4245,144.44299999999998,144.361,144.3645,0
2025-05-20 23:15:00+00:00,144.363,144.4085,144.35700000000003,144.38,0
2025-05-20 23:30:00+00:00,144.38099999999997,144.437,144.36599999999999,144.387,0
2025-05-20 23:45:00+00:00,144.3885,144.3895,144.298,144.32150000000001,0
2025-05-21 15:00:00+00:00,143.67200000000003,143.781,143.61200000000002,143.66699999999997,0
2025-05-21 15:15:00+00:00,143.666,143.76749999999998,143.637,143.6865,0
2025-05-21 15:30:00+00:00,143.6815,143.69099999999997,143.6025,143.625,0
2025-05-21 15:45:00+00:00,143.6245,143.7185,143.6245,143.6865,0
2025-05-22 07:00:00+00:00,143.3325,143.3945,143.2955,143.34300000000002,0
2025-05-22 07:15:00+00:00,143.3445,143.3815,143.1745,143.188,0
2025-05-22 07:30:00+00:00,143.188,143.28300000000002,143.0545,143.0745,0
2025-05-22 07:45:00+00:00,143.0725,143.1025,143.003,143.0545,0
2025-05-22 23:00:00+00:00,143.8175,143.863,143.766,143.84,0
2025-05-22 23:15:00+00:00,143.841,143.9245,143.841,143.88400000000001,0
2025-05-22 23:30:00+00:00,143.882,143.9075,143.8265,143.8625,0
2025-05-22 23:45:00+00:00,143.8585,143.86950000000002,143.77100000000002,143.861,0
2025-05-23 16:00:00+00:00,142.613,142.788,142.6125,142.664,0
2025-05-23 16:15:00+00:00,142.663,142.73700000000002,142.6495,142.714,0
2025-05-23 16:30:00+00:00,142.713,142.713,142.64249999999998,142.65499999999997,0
2025-05-23 16:45:00+00:00,142.656,142.692,142.632,142.6445,0
2025-05-26 03:00:00+00:00,142.344,142.4565,142.3385,142.4545,0
2025-05-26 03:15:00+00:00,142.4555,142.5135,142.4495,142.4975,0
2025-05-26 03:30:00+00:00,142.4965,142.57,142.47899999999998,142.52499999999998,0
2025-05-26 03:45:00+00:00,142.5245,142.5245,142.43200000000002,142.459,0
2025-05-26 17:00:00+00:00,142.7285,142.7285,142.7125,142.719,0
2025-05-26 17:15:00+00:00,142.7195,142.75,142.7195,142.7495,0
2025-05-26 17:30:00+00:00,142.753,142.792,142.753,142.762,0
2025-05-26 17:45:00+00:00,142.7625,142.77499999999998,142.7485,142.7705,0
2025-05-27 10:00:00+00:00,143.914,143.96300000000002,143.898,143.9515,0
2025-05-27 10:15:00+00:00,143.9515,144.0565,143.9445,144.0355,0
2025-05-27 10:30:00+00:00,144.0365,144.152,144.0365,144.05399999999997,0
2025-05-27 10:45:00+00:00,144.05450000000002,144.1795,144.05450000000002,144.144,0
2025-05-28 01:00:00+00:00,144.127,144.77100000000002,144.08999999999997,144.49,0
2025-05-28 01:15:00+00:00,144.4915,144.52100000000002,144.154,144.19549999999998,0
2025-05-28 01:30:00+00:00,144.19400000000002,144.3225,144.1035,144.315,0
2025-05-28 01:45:00+00:00,144.31099999999998,144.38400000000001,144.2595,144.344,0
2025-05-28 15:00:00+00:00,144.851,144.9275,144.827,144.9115,0
2025-05-28 15:15:00+00:00,144.909,144.9955,144.892,144.9275,0
2025-05-28 15:30:00+00:00,144.9275,145.0625,144.921,145.04399999999998,0
2025-05-28 15:45:00+00:00,145.043,145.079,144.98399999999998,145.0495,0
2025-05-29 07:00:00+00:00,145.57999999999998,145.6085,145.35399999999998,145.3635,0
2025-05-29 07:15:00+00:00,145.363,145.45999999999998,145.3525,145.3965,0
2025-05-29 07:30:00+00:00,145.3975,145.49450000000002,145.3065,145.3175,0
2025-05-29 07:45:00+00:00,145.3175,145.3305,145.20299999999997,145.261,0
2025-06-02 00:00:00+00:00,143.7985,143.8015,143.575,143.6045,0
2025-06-02 00:15:00+00:00,143.606,143.63799999999998,143.5755,143.62,0
2025-06-02 00:30:00+00:00,143.6225,143.7345,143.60199999999998,143.6405,0
2025-06-02 00:45:00+00:00,143.63799999999998,143.67899999999997,143.531,143.5385,0
2025-06-03 01:00:00+00:00,142.7105,142.8775,142.7095,142.8645,0
2025-06-03 01:15:00+00:00,142.8635,143.0615,142.8635,143.042,0
2025-06-03 01:30:00+00:00,143.0405,143.228,143.0355,143.1295,0
2025-06-03 01:45:00+00:00,143.13,143.216,143.091,143.1295,0
2025-06-03 18:00:00+00:00,143.849,143.91000000000003,143.8425,143.8865,0
2025-06-03 18:15:00+00:00,143.8875,143.904,143.85399999999998,143.89,0
2025-06-03 18:30:00+00:00,143.89100000000002,143.94400000000002,143.881,143.92700000000002,0
2025-06-03 18:45:00+00:00,143.929,143.9395,143.8945,143.909,0
2025-06-04 01:00:00+00:00,143.993,144.29649999999998,143.8785,143.8915,0
2025-06-04 01:15:00+00:00,143.8905,143.9235,143.7885,143.83350000000002,0
2025-06-04 01:30:00+00:00,143.83350000000002,143.862,143.6775,143.7415,0
2025-06-04 01:45:00+00:00,143.7395,143.761,143.673,143.7575,0
2025-06-04 19:00:00+00:00,142.8095,142.84300000000002,142.789,142.8275,0
2025-06-04 19:15:00+00:00,142.8245,142.89100000000002,142.8055,142.86700000000002,0
2025-06-04 19:30:00+00:00,142.8665,142.9275,142.85000000000002,142.91500000000002,0
2025-06-04 19:45:00+00:00,142.9155,142.921,142.8635,142.885,0
2025-06-05 02:00:00+00:00,142.9245,142.9345,142.8165,142.8785,0
2025-06-05 02:15:00+00:00,142.87900000000002,142.9745,142.86200000000002,142.89100000000002,0
2025-06-05 02:30:00+00:00,142.8905,142.9495,142.82100000000003,142.9125,0
2025-06-05 02:45:00+00:00,142.91199999999998,142.95499999999998,142.877,142.893,0
2025-06-05 11:00:00+00:00,143.13400000000001,143.1515,143.0665,143.094,0
2025-06-05 11:15:00+00:00,143.0935,143.23200000000003,143.06650000000002,143.20850000000002,0
2025-06-05 11:30:00+00:00,143.209,143.3245,143.209,143.284,0
2025-06-05 11:45:00+00:00,143.28300000000002,143.32299999999998,143.253,143.27100000000002,0
2025-06-06 02:00:00+00:00,143.6715,143.813,143.6465,143.79399999999998,0
2025-06-06 02:15:00+00:00,143.796,143.8915,143.75599999999997,143.8355,0
2025-06-06 02:30:00+00:00,143.83499999999998,143.901,143.827,143.8875,0
2025-06-06 02:45:00+00:00,143.88600000000002,143.89600000000002,143.8175,143.8425,0
2025-06-06 06:00:00+00:00,143.869,143.9745,143.81400000000002,143.9635,0
2025-06-06 06:15:00+00:00,143.96699999999998,144.0655,143.9275,144.005,0
2025-06-06 06:30:00+00:00,144.007,144.13400000000001,144.0035,144.08999999999997,0
2025-06-06 06:45:00+00:00,144.0935,144.09699999999998,143.994,144.0265,0
2025-06-06 20:00:00+00:00,144.78699999999998,144.8255,144.78199999999998,144.8235,0
2025-06-06 20:15:00+00:00,144.824,144.82799999999997,144.8015,144.809,0
2025-06-06 20:30:00+00:00,144.8095,144.873,144.808,144.8595,0
2025-06-06 20:45:00+00:00,144.8585,144.892,144.8395,144.86849999999998,0
2025-06-09 10:00:00+00:00,144.1055,144.14499999999998,144.035,144.0425,0
2025-06-09 10:15:00+00:00,144.0435,144.0945,144.0365,144.0635,0
2025-06-09 10:30:00+00:00,144.0625,144.137,144.06099999999998,144.1245,0
2025-06-09 10:45:00+00:00,144.1235,144.1895,144.1085,144.1745,0
2025-06-10 02:00:00+00:00,145.014,145.2905,145.014,145.1815,0
2025-06-10 02:15:00+00:00,145.183,145.221,145.08499999999998,145.16899999999998,0
2025-06-10 02:30:00+00:00,145.17000000000002,145.1995,144.97,145.0325,0
2025-06-10 02:45:00+00:00,145.0305,145.031,144.89749999999998,144.933,0
2025-06-10 16:00:00+00:00,144.9135,144.98950000000002,144.875,144.9435,0
2025-06-10 16:15:00+00:00,144.94299999999998,145.00150000000002,144.94099999999997,144.9925,0
2025-06-10 16:30:00+00:00,144.9935,145.0445,144.952,144.9605,0
2025-06-10 16:45:00+00:00,144.9635,145.00549999999998,144.94600000000003,144.97199999999998,0
2025-06-11 06:00:00+00:00,144.986,145.1295,144.96800000000002,145.108,0
2025-06-11 06:15:00+00:00,145.10750000000002,145.2465,145.09,145.224,0
2025-06-11 06:30:00+00:00,145.2255,145.228,145.077,145.08300000000003,0
2025-06-11 06:45:00+00:00,145.083,145.14800000000002,145.0605,145.1285,0
2025-06-11 22:00:00+00:00,144.54,144.54,144.373,144.4235,0
2025-06-11 22:15:00+00:00,144.426,144.449,144.3785,144.3965,0
2025-06-11 22:30:00+00:00,144.3955,144.434,144.3845,144.399,0
2025-06-11 22:45:00+00:00,144.3995,144.42950000000002,144.199,144.2575,0
2025-06-12 11:00:00+00:00,143.548,143.548,143.4025,143.52100000000002,0
2025-06-12 11:15:00+00:00,143.51549999999997,143.6125,143.48000000000002,143.6065,0
2025-06-12 11:30:00+00:00,143.6055,143.7685,143.5475,143.7195,0
2025-06-12 11:45:00+00:00,143.7175,143.7865,143.608,143.62,0
2025-06-13 00:00:00+00:00,143.0965,143.19400000000002,142.80900000000003,143.1115,0
2025-06-13 00:15:00+00:00,143.1125,143.1625,142.86200000000002,142.9245,0
2025-06-13 00:30:00+00:00,142.92399999999998,143.043,142.793,142.9725,0
2025-06-13 00:45:00+00:00,142.973,143.19099999999997,142.923,143.0395,0
2025-06-13 15:00:00+00:00,144.1255,144.19150000000002,144.0965,144.1445,0
2025-06-13 15:15:00+00:00,144.14350000000002,144.144,143.973,143.9855,0
2025-06-13 15:30:00+00:00,143.986,144.0515,143.9565,144.0505,0
2025-06-13 15:45:00+00:00,144.0485,144.1345,144.0445,144.0475,0
2025-06-16 12:00:00+00:00,144.11700000000002,144.2465,144.1045,144.24,0
2025-06-16 12:15:00+00:00,144.238,144.284,144.175,144.247,0
2025-06-16 12:30:00+00:00,144.24200000000002,144.2755,144.1355,144.24200000000002,0
2025-06-16 12:45:00+00:00,144.2455,144.255,144.082,144.1015,0
2025-06-17 01:00:00+00:00,145.062,145.062,144.869,144.925,0
2025-06-17 01:15:00+00:00,144.9235,144.989,144.8735,144.95499999999998,0
2025-06-17 01:30:00+00:00,144.954,144.95999999999998,144.791,144.838,0
2025-06-17 01:45:00+00:00,144.8375,144.86950000000002,144.81799999999998,144.86950000000002,0
2025-06-17 12:00:00+00:00,144.6155,144.7025,144.608,144.6805,0
2025-06-17 12:15:00+00:00,144.678,144.7025,144.61599999999999,144.63600000000002,0
2025-06-17 12:30:00+00:00,144.646,144.8385,144.392,144.836,0
2025-06-17 12:45:00+00:00,144.8355,144.91649999999998,144.7695,144.85899999999998,0
2025-06-18 03:00:00+00:00,145.122,145.135,145.0915,145.1225,0
2025-06-18 03:15:00+00:00,145.121,145.131,145.042,145.07150000000001,0
2025-06-18 03:30:00+00:00,145.07299999999998,145.0995,145.04899999999998,145.08100000000002,0
2025-06-18 03:45:00+00:00,145.0795,145.10399999999998,145.0645,145.072,0
2025-06-18 18:00:00+00:00,144.74849999999998,144.788,144.33249999999998,144.565,0
2025-06-18 18:15:00+00:00,144.566,144.6695,144.5315,144.599,0
2025-06-18 18:30:00+00:00,144.59550000000002,144.829,144.548,144.812,0
2025-06-18 18:45:00+00:00,144.812,145.0885,144.8045,145.0435,0
2025-06-19 11:00:00+00:00,145.70850000000002,145.7715,145.69,145.69,0
2025-06-19 11:15:00+00:00,145.687,145.709,145.6035,145.63299999999998,0
2025-06-19 11:30:00+00:00,145.6365,145.7065,145.59,145.64600000000002,0
2025-06-19 11:45:00+00:00,145.64499999999998,145.73250000000002,145.6385,145.671,0
2025-06-20 04:00:00+00:00,145.2785,145.305,145.2465,145.2575,0
2025-06-20 04:15:00+00:00,145.2575,145.3235,145.2475,145.3235,0
2025-06-20 04:30:00+00:00,145.322,145.39499999999998,145.321,145.3565,0
2025-06-20 04:45:00+00:00,145.35750000000002,145.3965,145.3415,145.3515,0
2025-06-20 18:00:00+00:00,145.9015,145.923,145.8745,145.886,0
2025-06-20 18:15:00+00:00,145.885,145.9175,145.86,145.8785,0
2025-06-20 18:30:00+00:00,145.877,145.95600000000002,145.87599999999998,145.94,0
2025-06-20 18:45:00+00:00,145.94099999999997,145.9955,145.9385,145.973,0
2025-06-23 08:00:00+00:00,147.3315,147.50400000000002,147.3275,147.493,0
2025-06-23 08:15:00+00:00,147.4925,147.52300000000002,147.376,147.3955,0
2025-06-23 08:30:00+00:00,147.39350000000002,147.5195,147.369,147.488,0
2025-06-23 08:45:00+00:00,147.48700000000002,147.631,147.4595,147.606,0
2025-06-24 07:00:00+00:00,145.19650000000001,145.2415,145.0305,145.0305,0
2025-06-24 07:15:00+00:00,145.031,145.09300000000002,144.99849999999998,145.0435,0
2025-06-24 07:30:00+00:00,145.0455,145.265,145.041,145.2525,0
2025-06-24 07:45:00+00:00,145.25400000000002,145.4085,145.2175,145.32049999999998,0
2025-06-24 15:00:00+00:00,144.74200000000002,144.772,144.6145,144.688,0
2025-06-24 15:15:00+00:00,144.688,144.75799999999998,144.5705,144.7465,0
2025-06-24 15:30:00+00:00,144.7455,144.8735,144.72,144.839,0
2025-06-24 15:45:00+00:00,144.8385,144.90550000000002,144.777,144.901,0
2025-06-24 21:00:00+00:00,144.9345,144.9425,144.90550000000002,144.93099999999998,0
2025-06-24 21:15:00+00:00,144.93099999999998,144.935,144.81099999999998,144.8775,0
2025-06-24 21:30:00+00:00,144.878,144.8905,144.86,144.882,0
2025-06-24 21:45:00+00:00,144.88299999999998,144.8905,144.804,144.81799999999998,0
2025-06-25 05:00:00+00:00,144.9425,145.0555,144.9425,145.0145,0
2025-06-25 05:15:00+00:00,145.01749999999998,145.156,145.0135,145.13150000000002,0
2025-06-25 05:30:00+00:00,145.1335,145.16500000000002,144.989,145.01600000000002,0
2025-06-25 05:45:00+00:00,145.0165,145.1205,145.01600000000002,145.03699999999998,0
2025-06-25 13:00:00+00:00,145.8625,145.9495,145.8625,145.872,0
2025-06-25 13:15:00+00:00,145.872,145.897,145.823,145.8465,0
2025-06-25 13:30:00+00:00,145.846,145.898,145.757,145.7875,0
2025-06-25 13:45:00+00:00,145.78699999999998,145.9065,145.7815,145.8655,0
2025-06-26 02:00:00+00:00,144.7195,144.769,144.661,144.7455,0
2025-06-26 02:15:00+00:00,144.74450000000002,144.7865,144.6885,144.7405,0
2025-06-26 02:30:00+00:00,144.7415,144.8415,144.704,144.714,0
2025-06-26 02:45:00+00:00,144.71300000000002,144.777,144.67149999999998,144.6945,0
2025-06-27 04:00:00+00:00,144.4565,144.4795,144.411,144.4535,0
2025-06-27 04:15:00+00:00,144.4545,144.505,144.435,144.5025,0
2025-06-27 04:30:00+00:00,144.501,144.54649999999998,144.466,144.5035,0
2025-06-27 04:45:00+00:00,144.505,144.58999999999997,144.50400000000002,144.546,0
2025-06-30 09:00:00+00:00,144.115,144.19650000000001,144.10649999999998,144.1325,0
2025-06-30 09:15:00+00:00,144.1285,144.1885,144.054,144.1855,0
2025-06-30 09:30:00+00:00,144.1845,144.22699999999998,144.151,144.1995,0
2025-06-30 09:45:00+00:00,144.1985,144.2685,144.186,144.2665,0
2025-06-30 16:00:00+00:00,144.163,144.27800000000002,144.1415,144.2515,0
2025-06-30 16:15:00+00:00,144.25,144.3705,144.2185,144.3265,0
2025-06-30 16:30:00+00:00,144.324,144.389,144.298,144.3105,0
2025-06-30 16:45:00+00:00,144.3125,144.3245,144.212,144.22500000000002,0
2025-07-01 06:00:00+00:00,143.5815,143.72899999999998,143.553,143.67200000000003,0
2025-07-01 06:15:00+00:00,143.6705,143.762,143.632,143.632,0
2025-07-01 06:30:00+00:00,143.63299999999998,143.68099999999998,143.589,143.6605,0
2025-07-01 06:45:00+00:00,143.6605,143.7115,143.64749999999998,143.67399999999998,0
2025-07-01 09:00:00+00:00,143.041,143.16899999999998,143.02499999999998,143.0355,0
2025-07-01 09:15:00+00:00,143.03699999999998,143.03699999999998,142.9145,142.95499999999998,0
2025-07-01 09:30:00+00:00,142.95350000000002,142.9555,142.8235,142.8675,0
2025-07-01 09:45:00+00:00,142.86450000000002,142.961,142.8355,142.9435,0
2025-07-01 15:00:00+00:00,143.44,143.566,143.44,143.5485,0
2025-07-01 15:15:00+00:00,143.547,143.6165,143.4755,143.607,0
2025-07-01 15:30:00+00:00,143.60750000000002,143.66750000000002,143.5235,143.61700000000002,0
2025-07-01 15:45:00+00:00,143.615,143.6485,143.5485,143.5805,0
2025-07-02 06:00:00+00:00,143.753,143.8065,143.7015,143.7405,0
2025-07-02 06:15:00+00:00,143.738,143.781,143.70749999999998,143.712,0
2025-07-02 06:30:00+00:00,143.7125,143.82600000000002,143.6755,143.8185,0
2025-07-02 06:45:00+00:00,143.82,143.887,143.801,143.8065,0
2025-07-02 20:00:00+00:00,143.618,143.6745,143.61149999999998,143.62900000000002,0
2025-07-02 20:15:00+00:00,143.63,143.65800000000002,143.6255,143.637,0
2025-07-02 20:30:00+00:00,143.6385,143.678,143.6385,143.6625,0
2025-07-02 20:45:00+00:00,143.6615,143.6925,143.648,143.649,0
2025-07-03 14:00:00+00:00,144.7655,144.933,144.64,144.8755,0
2025-07-03 14:15:00+00:00,144.87599999999998,145.0235,144.8435,144.8845,0
2025-07-03 14:30:00+00:00,144.8835,145.0965,144.8835,145.0275,0
2025-07-03 14:45:00+00:00,145.02800000000002,145.13400000000001,145.0095,145.0965,0
2025-07-04 05:00:00+00:00,144.3775,144.4,144.3485,144.363,0
2025-07-04 05:15:00+00:00,144.364,144.38549999999998,144.3505,144.3785,0
2025-07-04 05:30:00+00:00,144.3775,144.381,144.3165,144.36950000000002,0
2025-07-04 05:45:00+00:00,144.37,144.372,144.30700000000002,144.337,0
2025-07-04 20:00:00+00:00,144.5695,144.58350000000002,144.496,144.55149999999998,0
2025-07-04 20:15:00+00:00,144.552,144.57,144.47899999999998,144.54199999999997,0
2025-07-04 20:30:00+00:00,144.5435,144.5645,144.497,144.497,0
2025-07-04 20:45:00+00:00,144.4955,144.5655,144.4755,144.5165,0
2025-07-07 06:00:00+00:00,144.9855,145.11950000000002,144.952,145.042,0
2025-07-07 06:15:00+00:00,145.043,145.094,144.9955,145.0645,0
2025-07-07 06:30:00+00:00,145.065,145.1585,145.0515,145.079,0
2025-07-07 06:45:00+00:00,145.0805,145.1045,145.024,145.025,0
2025-07-07 17:00:00+00:00,146.1205,146.1485,146.05,146.096,0
2025-07-07 17:15:00+00:00,146.095,146.15449999999998,146.08350000000002,146.1445,0
2025-07-07 17:30:00+00:00,146.1455,146.2345,146.0155,146.095,0
2025-07-07 17:45:00+00:00,146.09699999999998,146.1345,146.0605,146.0625,0
2025-07-08 05:00:00+00:00,145.9985,146.09699999999998,145.94650000000001,146.0675,0
2025-07-08 05:15:00+00:00,146.0695,146.10750000000002,146.0525,146.086,0
2025-07-08 05:30:00+00:00,146.08499999999998,146.0985,146.0215,146.0355,0
2025-07-08 05:45:00+00:00,146.0365,146.108,145.9665,146.099,0
2025-07-09 06:00:00+00:00,146.98700000000002,147.0345,146.96949999999998,146.98000000000002,0
2025-07-09 06:15:00+00:00,146.98250000000002,147.01999999999998,146.9675,147.0005,0
2025-07-09 06:30:00+00:00,147.0025,147.0355,146.909,146.95850000000002,0
2025-07-09 06:45:00+00:00,146.95499999999998,146.97050000000002,146.8015,146.80700000000002,0
2025-07-09 20:00:00+00:00,146.317,146.4375,146.3145,146.4325,0
2025-07-09 20:15:00+00:00,146.4325,146.4865,146.416,146.434,0
2025-07-09 20:30:00+00:00,146.4345,146.4745,146.3815,146.3895,0
2025-07-09 20:45:00+00:00,146.3865,146.39100000000002,146.307,146.3375,0
2025-07-10 10:00:00+00:00,146.18,146.24200000000002,146.153,146.21800000000002,0
2025-07-10 10:15:00+00:00,146.219,146.2545,146.142,146.152,0
2025-07-10 10:30:00+00:00,146.1495,146.15249999999997,146.1,146.11,0
2025-07-10 10:45:00+00:00,146.10899999999998,146.12900000000002,146.086,146.122,0
2025-07-11 00:00:00+00:00,146.27800000000002,146.36450000000002,146.246,146.32999999999998,0
2025-07-11 00:15:00+00:00,146.3295,146.41649999999998,146.265,146.386,0
2025-07-11 00:30:00+00:00,146.3845,146.476,146.3635,146.43349999999998,0
2025-07-11 00:45:00+00:00,146.43,146.642,146.414,146.55599999999998,0
2025-07-11 16:00:00+00:00,147.2905,147.37150000000003,147.2545,147.35899999999998,0
2025-07-11 16:15:00+00:00,147.358,147.39249999999998,147.3055,147.38099999999997,0
2025-07-11 16:30:00+00:00,147.38049999999998,147.40699999999998,147.373,147.3745,0
2025-07-11 16:45:00+00:00,147.375,147.4035,147.353,147.369,0
2025-07-14 09:00:00+00:00,147.3195,147.3465,147.2605,147.2695,0
2025-07-14 09:15:00+00:00,147.2715,147.2755,147.1865,147.22899999999998,0
2025-07-14 09:30:00+00:00,147.2285,147.2885,147.1585,147.27300000000002,0
2025-07-14 09:45:00+00:00,147.27249999999998,147.3305,147.2545,147.288,0
2025-07-15 03:00:00+00:00,147.61,147.61,147.55700000000002,147.57850000000002,0
2025-07-15 03:15:00+00:00,147.5805,147.61,147.5555,147.60700000000003,0
2025-07-15 03:30:00+00:00,147.60750000000002,147.67950000000002,147.603,147.672,0
2025-07-15 03:45:00+00:00,147.671,147.686,147.6605,147.673,0
2025-07-15 17:00:00+00:00,148.892,148.983,148.8755,148.90550000000002,0
2025-07-15 17:15:00+00:00,148.9085,148.985,148.902,148.9845,0
2025-07-15 17:30:00+00:00,148.98399999999998,148.99200000000002,148.93900000000002,148.947,0
2025-07-15 17:45:00+00:00,148.94650000000001,148.996,148.933,148.94150000000002,0
2025-07-16 09:00:00+00:00,148.837,148.8885,148.78449999999998,148.786,0
2025-07-16 09:15:00+00:00,148.79,148.821,148.74,148.763,0
2025-07-16 09:30:00+00:00,148.762,148.772,148.6625,148.6945,0
2025-07-16 09:45:00+00:00,148.69299999999998,148.73149999999998,148.65449999999998,148.7185,0
2025-07-16 23:00:00+00:00,147.87599999999998,147.904,147.8395,147.89350000000002,0
2025-07-16 23:15:00+00:00,147.8915,147.89249999999998,147.769,147.84699999999998,0
2025-07-16 23:30:00+00:00,147.848,148.0165,147.848,148.0145,0
2025-07-16 23:45:00+00:00,148.0135,148.071,147.9845,147.9955,0
2025-07-17 18:00:00+00:00,148.66,148.6915,148.644,148.663,0
2025-07-17 18:15:00+00:00,148.66649999999998,148.7455,148.654,148.73250000000002,0
2025-07-17 18:30:00+00:00,148.733,148.7545,148.6895,148.7025,0
2025-07-17 18:45:00+00:00,148.703,148.73700000000002,148.6795,148.7255,0
2025-07-18 07:00:00+00:00,148.7405,148.8095,148.685,148.7385,0
2025-07-18 07:15:00+00:00,148.73950000000002,148.84300000000002,148.65300000000002,148.8,0
2025-07-18 07:30:00+00:00,148.80149999999998,148.8855,148.7745,148.8265,0
2025-07-18 07:45:00+00:00,148.8275,148.8595,148.779,148.7815,0
2025-07-21 02:00:00+00:00,148.519,148.547,148.47199999999998,148.4745,0
2025-07-21 02:15:00+00:00,148.474,148.4835,148.4395,148.4625,0
2025-07-21 02:30:00+00:00,148.4615,148.53300000000002,148.45,148.5315,0
2025-07-21 02:45:00+00:00,148.5305,148.56,148.485,148.5045,0
2025-07-21 11:00:00+00:00,147.75549999999998,147.7665,147.652,147.6565,0
2025-07-21 11:15:00+00:00,147.656,147.74200000000002,147.608,147.712,0
2025-07-21 11:30:00+00:00,147.7115,147.724,147.5555,147.5645,0
2025-07-21 11:45:00+00:00,147.5625,147.57150000000001,147.5095,147.5485,0
2025-07-21 19:00:00+00:00,147.32799999999997,147.34699999999998,147.2725,147.2765,0
2025-07-21 19:15:00+00:00,147.27949999999998,147.373,147.27949999999998,147.35399999999998,0
2025-07-21 19:30:00+00:00,147.3535,147.365,147.2745,147.29700000000003,0
2025-07-21 19:45:00+00:00,147.29649999999998,147.36450000000002,147.288,147.3595,0
2025-07-22 05:00:00+00:00,147.63049999999998,147.656,147.6045,147.6345,0
2025-07-22 05:15:00+00:00,147.637,147.75549999999998,147.637,147.7235,0
2025-07-22 05:30:00+00:00,147.724,147.784,147.7215,147.7725,0
2025-07-22 05:45:00+00:00,147.7725,147.8095,147.7565,147.77300000000002,0
2025-07-22 13:00:00+00:00,146.802,146.89249999999998,146.716,146.7955,0
2025-07-22 13:15:00+00:00,146.797,146.8275,146.6995,146.7775,0
2025-07-22 13:30:00+00:00,146.78199999999998,146.834,146.6825,146.7055,0
2025-07-22 13:45:00+00:00,146.70499999999998,146.71300000000002,146.507,146.5745,0
2025-07-22 20:00:00+00:00,146.563,146.6575,146.553,146.654,0
2025-07-22 20:15:00+00:00,146.654,146.663,146.61200000000002,146.647,0
2025-07-22 20:30:00+00:00,146.64600000000002,146.684,146.64100000000002,146.666,0
2025-07-22 20:45:00+00:00,146.6655,146.6835,146.627,146.63400000000001,0
2025-07-23 04:00:00+00:00,146.925,147.0455,146.9135,147.0035,0
2025-07-23 04:15:00+00:00,147.0045,147.0775,146.95800000000003,146.9715,0
2025-07-23 04:30:00+00:00,146.9725,146.9965,146.92700000000002,146.9575,0
2025-07-23 04:45:00+00:00,146.95850000000002,147.0325,146.9375,146.94549999999998,0
2025-07-23 12:00:00+00:00,146.2075,146.299,146.163,146.29500000000002,0
2025-07-23 12:15:00+00:00,146.296,146.40449999999998,146.25549999999998,146.39499999999998,0
2025-07-23 12:30:00+00:00,146.3945,146.4955,146.382,146.4805,0
2025-07-23 12:45:00+00:00,146.4795,146.49450000000002,146.4105,146.4155,0
2025-07-24 00:00:00+00:00,146.3505,146.46699999999998,146.26799999999997,146.46300000000002,0
2025-07-24 00:15:00+00:00,146.4635,146.48000000000002,146.313,146.3155,0
2025-07-24 00:30:00+00:00,146.316,146.447,146.3095,146.4145,0
2025-07-24 00:45:00+00:00,146.4155,146.4935,146.334,146.43349999999998,0
2025-07-24 09:00:00+00:00,146.546,146.6325,146.524,146.56400000000002,0
2025-07-24 09:15:00+00:00,146.565,146.6185,146.548,146.6035,0
2025-07-24 09:30:00+00:00,146.6045,146.6485,146.5565,146.5985,0
2025-07-24 09:45:00+00:00,146.595,146.6175,146.55399999999997,146.5555,0
2025-07-24 16:00:00+00:00,146.92849999999999,146.95,146.8485,146.937,0
2025-07-24 16:15:00+00:00,146.93599999999998,146.9515,146.89749999999998,146.90949999999998,0
2025-07-24 16:30:00+00:00,146.9085,146.91649999999998,146.7865,146.803,0
2025-07-24 16:45:00+00:00,146.80450000000002,146.9145,146.786,146.9005,0
2025-07-24 20:00:00+00:00,146.93599999999998,146.946,146.88549999999998,146.9265,0
2025-07-24 20:15:00+00:00,146.9275,146.9535,146.906,146.9195,0
2025-07-24 20:30:00+00:00,146.91649999999998,146.98700000000002,146.9145,146.96699999999998,0
2025-07-24 20:45:00+00:00,146.96800000000002,147.0265,146.96699999999998,147.014,0
2025-07-25 01:00:00+00:00,147.2105,147.3775,147.1635,147.3655,0
2025-07-25 01:15:00+00:00,147.3665,147.4505,147.333,147.39749999999998,0
2025-07-25 01:30:00+00:00,147.3985,147.4615,147.341,147.4155,0
2025-07-25 01:45:00+00:00,147.416,147.44650000000001,147.334,147.3615,0
2025-07-25 06:00:00+00:00,146.93599999999998,147.00099999999998,146.8515,146.9425,0
2025-07-25 06:15:00+00:00,146.94299999999998,147.0595,146.934,146.9675,0
2025-07-25 06:30:00+00:00,146.96699999999998,147.055,146.9085,146.951,0
2025-07-25 06:45:00+00:00,146.9515,147.0965,146.9515,147.06,0
2025-07-25 13:00:00+00:00,147.85649999999998,147.9225,147.67399999999998,147.90449999999998,0
2025-07-25 13:15:00+00:00,147.90550000000002,147.91000000000003,147.6035,147.77249999999998,0
2025-07-25 13:30:00+00:00,147.7735,147.8415,147.6035,147.7905,0
2025-07-25 13:45:00+00:00,147.79,147.8285,147.6505,147.671,0
2025-07-25 19:00:00+00:00,147.5645,147.6005,147.5495,147.56,0
2025-07-25 19:15:00+00:00,147.55849999999998,147.57100000000003,147.53199999999998,147.563,0
2025-07-25 19:30:00+00:00,147.5635,147.589,147.5635,147.5795,0
2025-07-25 19:45:00+00:00,147.5775,147.6175,147.572,147.61700000000002,0
2025-07-28 00:00:00+00:00,147.7845,147.802,147.66649999999998,147.735,0
2025-07-28 00:15:00+00:00,147.7355,147.7665,147.66649999999998,147.7495,0
2025-07-28 00:30:00+00:00,147.7485,147.78949999999998,147.6775,147.735,0
2025-07-28 00:45:00+00:00,147.735,147.8125,147.602,147.618,0
2025-07-28 08:00:00+00:00,148.293,148.34500000000003,148.221,148.255,0
2025-07-28 08:15:00+00:00,148.2505,148.2785,148.19650000000001,148.234,0
2025-07-28 08:30:00+00:00,148.235,148.2895,148.152,148.27949999999998,0
2025-07-28 08:45:00+00:00,148.28199999999998,148.375,148.262,148.275,0
2025-07-29 08:00:00+00:00,148.5825,148.608,148.402,148.411,0
2025-07-29 08:15:00+00:00,148.4105,148.46699999999998,148.3565,148.454,0
2025-07-29 08:30:00+00:00,148.4555,148.505,148.42149999999998,148.4645,0
2025-07-29 08:45:00+00:00,148.46550000000002,148.56799999999998,148.459,148.554,0
2025-07-29 15:00:00+00:00,148.477,148.5255,148.3525,148.4125,0
2025-07-29 15:15:00+00:00,148.4075,148.464,148.3725,148.39350000000002,0
2025-07-29 15:30:00+00:00,148.39100000000002,148.5625,148.3615,148.551,0
2025-07-29 15:45:00+00:00,148.55,148.624,148.515,148.5765,0
2025-07-30 06:00:00+00:00,148.029,148.13400000000001,148.02499999999998,148.0825,0
2025-07-30 06:15:00+00:00,148.0815,148.1085,147.941,147.9915,0
2025-07-30 06:30:00+00:00,147.99200000000002,148.0305,147.89,147.9475,0
2025-07-30 06:45:00+00:00,147.949,148.0025,147.86200000000002,147.89800000000002,0
2025-07-30 20:00:00+00:00,149.415,149.4395,149.3635,149.4275,0
2025-07-30 20:15:00+00:00,149.428,149.49099999999999,149.4255,149.4855,0
2025-07-30 20:30:00+00:00,149.485,149.49,149.4735,149.4885,0
2025-07-30 20:45:00+00:00,149.489,149.538,149.4875,149.503,0
2025-07-31 12:00:00+00:00,149.877,149.9035,149.8135,149.8535,0
2025-07-31 12:15:00+00:00,149.84949999999998,149.9895,149.814,149.98000000000002,0
2025-07-31 12:30:00+00:00,149.98399999999998,150.17849999999999,149.9805,150.1775,0
2025-07-31 12:45:00+00:00,150.1765,150.25900000000001,150.1485,150.19150000000002,0
2025-07-31 18:00:00+00:00,150.663,150.7435,150.663,150.71949999999998,0
2025-07-31 18:15:00+00:00,150.72,150.74349999999998,150.69400000000002,150.7425,0
2025-07-31 18:30:00+00:00,150.74200000000002,150.764,150.696,150.7565,0
2025-07-31 18:45:00+00:00,150.757,150.78699999999998,150.73700000000002,150.757,0
2025-08-01 01:00:00+00:00,150.7385,150.89600000000002,150.70600000000002,150.7235,0
2025-08-01 01:15:00+00:00,150.7225,150.76999999999998,150.654,150.65449999999998,0
2025-08-01 01:30:00+00:00,150.642,150.916,150.631,150.88400000000001,0
2025-08-01 01:45:00+00:00,150.885,150.917,150.8365,150.9065,0
2025-08-01 16:00:00+00:00,148.0575,148.11,147.964,147.99099999999999,0
2025-08-01 16:15:00+00:00,147.99,148.01600000000002,147.8625,147.998,0
2025-08-01 16:30:00+00:00,147.997,148.0,147.9075,147.9255,0
2025-08-01 16:45:00+00:00,147.925,148.0025,147.7845,147.828,0
2025-08-04 09:00:00+00:00,147.89600000000002,147.94549999999998,147.822,147.8535,0
2025-08-04 09:15:00+00:00,147.8545,147.85899999999998,147.753,147.76299999999998,0
2025-08-04 09:30:00+00:00,147.7645,147.779,147.67849999999999,147.702,0
2025-08-04 09:45:00+00:00,147.69600000000003,147.82799999999997,147.6945,147.8135,0
2025-08-04 15:00:00+00:00,147.2315,147.34449999999998,147.2225,147.3,0
2025-08-04 15:15:00+00:00,147.3,147.356,147.265,147.29899999999998,0
2025-08-04 15:30:00+00:00,147.298,147.345,147.1155,147.11599999999999,0
2025-08-04 15:45:00+00:00,147.119,147.167,147.046,147.099,0
2025-08-05 06:00:00+00:00,147.1745,147.1755,147.065,147.1175,0
2025-08-05 06:15:00+00:00,147.1175,147.142,147.03300000000002,147.087,0
2025-08-05 06:30:00+00:00,147.089,147.316,147.089,147.30700000000002,0
2025-08-05 06:45:00+00:00,147.309,147.3435,147.2835,147.328,0
2025-08-05 15:00:00+00:00,147.449,147.4965,147.317,147.3185,0
2025-08-05 15:15:00+00:00,147.31650000000002,147.4185,147.30450000000002,147.416,0
2025-08-05 15:30:00+00:00,147.4155,147.5335,147.4005,147.4765,0
2025-08-05 15:45:00+00:00,147.473,147.5695,147.45999999999998,147.49599999999998,0
2025-08-06 14:00:00+00:00,147.248,147.405,147.247,147.3705,0
2025-08-06 14:15:00+00:00,147.36599999999999,147.416,147.262,147.286,0
2025-08-06 14:30:00+00:00,147.285,147.39100000000002,147.273,147.381,0
2025-08-06 14:45:00+00:00,147.37900000000002,147.437,147.34699999999998,147.39100000000002,0
2025-08-07 04:00:00+00:00,147.514,147.535,147.44400000000002,147.4745,0
2025-08-07 04:15:00+00:00,147.47500000000002,147.48250000000002,147.3915,147.4145,0
2025-08-07 04:30:00+00:00,147.4155,147.43200000000002,147.34199999999998,147.3515,0
2025-08-07 04:45:00+00:00,147.3505,147.364,147.2705,147.30450000000002,0
2025-08-07 22:00:00+00:00,147.054,147.0655,146.98000000000002,147.03300000000002,0
2025-08-07 22:15:00+00:00,147.03199999999998,147.058,147.015,147.046,0
2025-08-07 22:30:00+00:00,147.0475,147.0475,146.816,146.8655,0
2025-08-07 22:45:00+00:00,146.8665,146.957,146.8505,146.9505,0
2025-08-08 14:00:00+00:00,147.88150000000002,147.9035,147.7055,147.74599999999998,0
2025-08-08 14:15:00+00:00,147.7455,147.8025,147.692,147.785,0
2025-08-08 14:30:00+00:00,147.7875,147.837,147.7105,147.8095,0
2025-08-08 14:45:00+00:00,147.8095,147.846,147.7335,147.8175,0
2025-08-11 05:00:00+00:00,147.48399999999998,147.5205,147.48399999999998,147.50400000000002,0
2025-08-11 05:15:00+00:00,147.505,147.51749999999998,147.4755,147.50900000000001,0
2025-08-11 05:30:00+00:00,147.5095,147.53300000000002,147.4925,147.51749999999998,0
2025-08-11 05:45:00+00:00,147.519,147.5345,147.48149999999998,147.5235,0
2025-08-11 22:00:00+00:00,148.11,148.21300000000002,148.106,148.19,0
2025-08-11 22:15:00+00:00,148.19099999999997,148.19299999999998,148.14100000000002,148.159,0
2025-08-11 22:30:00+00:00,148.1625,148.231,148.1585,148.224,0
2025-08-11 22:45:00+00:00,148.22699999999998,148.23700000000002,148.192,148.19600000000003,0
2025-08-12 18:00:00+00:00,147.7655,147.7995,147.71949999999998,147.75650000000002,0
2025-08-12 18:15:00+00:00,147.75549999999998,147.8065,147.72750000000002,147.7825,0
2025-08-12 18:30:00+00:00,147.78199999999998,147.78500000000003,147.6935,147.7385,0
2025-08-12 18:45:00+00:00,147.7385,147.7545,147.7215,147.738,0
2025-08-13 02:00:00+00:00,148.058,148.1565,148.046,148.1365,0
2025-08-13 02:15:00+00:00,148.1345,148.16899999999998,148.09199999999998,148.11599999999999,0
2025-08-13 02:30:00+00:00,148.11700000000002,148.11700000000002,148.0325,148.073,0
2025-08-13 02:45:00+00:00,148.07150000000001,148.083,148.0275,148.0475,0
2025-08-13 18:00:00+00:00,147.3915,147.5045,147.3895,147.4865,0
2025-08-13 18:15:00+00:00,147.4835,147.5135,147.47050000000002,147.477,0
2025-08-13 18:30:00+00:00,147.47750000000002,147.4905,147.44,147.47899999999998,0
2025-08-13 18:45:00+00:00,147.47899999999998,147.486,147.417,147.435,0
2025-08-14 17:00:00+00:00,147.85000000000002,147.85000000000002,147.7625,147.77800000000002,0
2025-08-14 17:15:00+00:00,147.7745,147.823,147.753,147.8135,0
2025-08-14 17:30:00+00:00,147.8125,147.9095,147.8125,147.8865,0
2025-08-14 17:45:00+00:00,147.886,147.88799999999998,147.82100000000003,147.86849999999998,0
2025-08-15 11:00:00+00:00,146.954,146.9885,146.9105,146.95749999999998,0
2025-08-15 11:15:00+00:00,146.9565,146.985,146.92399999999998,146.983,0
2025-08-15 11:30:00+00:00,146.98399999999998,147.01749999999998,146.96300000000002,146.9985,0
2025-08-15 11:45:00+00:00,146.99450000000002,147.0555,146.9765,146.9865,0
2025-08-18 07:00:00+00:00,147.3775,147.4225,147.11950000000002,147.1485,0
2025-08-18 07:15:00+00:00,147.14600000000002,147.2775,147.14299999999997,147.23149999999998,0
2025-08-18 07:30:00+00:00,147.2335,147.255,147.1625,147.22750000000002,0
2025-08-18 07:45:00+00:00,147.2295,147.4715,147.22199999999998,147.4555,0
2025-08-18 15:00:00+00:00,147.9435,147.9855,147.9345,147.937,0
2025-08-18 15:15:00+00:00,147.935,147.9715,147.873,147.8795,0
2025-08-18 15:30:00+00:00,147.88299999999998,147.9225,147.77999999999997,147.787,0
2025-08-18 15:45:00+00:00,147.7885,147.7935,147.73700000000002,147.7595,0
2025-08-19 18:00:00+00:00,147.4745,147.51850000000002,147.4525,147.502,0
2025-08-19 18:15:00+00:00,147.502,147.531,147.476,147.5045,0
2025-08-19 18:30:00+00:00,147.503,147.578,147.503,147.5475,0
2025-08-19 18:45:00+00:00,147.54649999999998,147.558,147.47,147.5145,0
2025-08-20 13:00:00+00:00,147.2745,147.41649999999998,147.2535,147.3705,0
2025-08-20 13:15:00+00:00,147.36950000000002,147.44150000000002,147.3425,147.4145,0
2025-08-20 13:30:00+00:00,147.4155,147.423,147.2825,147.2985,0
2025-08-20 13:45:00+00:00,147.299,147.34300000000002,147.0855,147.156,0
2025-08-21 06:00:00+00:00,147.42399999999998,147.44650000000001,147.34300000000002,147.38549999999998,0
2025-08-21 06:15:00+00:00,147.38549999999998,147.529,147.38549999999998,147.5135,0
2025-08-21 06:30:00+00:00,147.5165,147.5745,147.442,147.5695,0
2025-08-21 06:45:00+00:00,147.57150000000001,147.5805,147.5115,147.5645,0
2025-08-21 14:00:00+00:00,147.8025,147.9905,147.7975,147.9515,0
2025-08-21 14:15:00+00:00,147.95299999999997,148.1235,147.95299999999997,148.12099999999998,0
2025-08-21 14:30:00+00:00,148.1215,148.1255,148.04199999999997,148.122,0
2025-08-21 14:45:00+00:00,148.12,148.16899999999998,148.1045,148.1575,0
2025-08-21 20:00:00+00:00,148.3795,148.3835,148.3605,148.37099999999998,0
2025-08-21 20:15:00+00:00,148.3715,148.37400000000002,148.353,148.353,0
2025-08-21 20:30:00+00:00,148.3545,148.35899999999998,148.322,148.324,0
2025-08-21 20:45:00+00:00,148.32299999999998,148.388,148.3225,148.373,0
2025-08-25 04:00:00+00:00,147.34199999999998,147.357,147.3145,147.324,0
2025-08-25 04:15:00+00:00,147.323,147.341,147.2715,147.2985,0
2025-08-25 04:30:00+00:00,147.3,147.3,147.227,147.227,0
2025-08-25 04:45:00+00:00,147.226,147.24599999999998,147.20850000000002,147.233,0
2025-08-25 15:00:00+00:00,147.486,147.50900000000001,147.411,147.4495,0
2025-08-25 15:15:00+00:00,147.4485,147.5195,147.4,147.4415,0
2025-08-25 15:30:00+00:00,147.4445,147.647,147.4445,147.6395,0
2025-08-25 15:45:00+00:00,147.64,147.673,147.60750000000002,147.6135,0
2025-08-25 20:00:00+00:00,147.8195,147.825,147.78300000000002,147.79149999999998,0
2025-08-25 20:15:00+00:00,147.793,147.7995,147.7155,147.745,0
2025-08-25 20:30:00+00:00,147.74400000000003,147.74450000000002,147.67000000000002,147.6715,0
2025-08-25 20:45:00+00:00,147.66899999999998,147.7945,147.66500000000002,147.788,0
2025-08-27 12:00:00+00:00,148.14350000000002,148.1475,148.034,148.041,0
2025-08-27 12:15:00+00:00,148.042,148.0875,147.9975,148.084,0
2025-08-27 12:30:00+00:00,148.086,148.11,148.041,148.0745,0
2025-08-27 12:45:00+00:00,148.076,148.0915,147.985,148.07049999999998,0
2025-08-27 20:00:00+00:00,147.47500000000002,147.5045,147.4555,147.4975,0
2025-08-27 20:15:00+00:00,147.498,147.5185,147.4,147.4765,0
2025-08-27 20:30:00+00:00,147.474,147.485,147.4205,147.4375,0
2025-08-27 20:45:00+00:00,147.4365,147.465,147.39800000000002,147.423,0
2025-08-28 04:00:00+00:00,147.09699999999998,147.197,147.08100000000002,147.18,0
2025-08-28 04:15:00+00:00,147.18200000000002,147.202,147.128,147.1345,0
2025-08-28 04:30:00+00:00,147.1345,147.18200000000002,147.1135,147.18200000000002,0
2025-08-28 04:45:00+00:00,147.1895,147.20749999999998,147.1585,147.16199999999998,0
2025-08-28 14:00:00+00:00,147.0935,147.1175,146.99349999999998,147.01799999999997,0
2025-08-28 14:15:00+00:00,147.01749999999998,147.038,146.8765,146.929,0
2025-08-28 14:30:00+00:00,146.93099999999998,146.99349999999998,146.8795,146.96800000000002,0
2025-08-28 14:45:00+00:00,146.97050000000002,147.04399999999998,146.952,146.97750000000002,0
2025-08-29 05:00:00+00:00,146.9055,146.965,146.9035,146.9535,0
2025-08-29 05:15:00+00:00,146.9545,146.9975,146.9255,146.973,0
2025-08-29 05:30:00+00:00,146.974,147.0255,146.971,147.0035,0
2025-08-29 05:45:00+00:00,147.003,147.026,146.9735,147.0145,0
2025-09-01 12:00:00+00:00,147.15949999999998,147.2045,147.1515,147.1995,0
2025-09-01 12:15:00+00:00,147.199,147.1995,147.154,147.17000000000002,0
2025-09-01 12:30:00+00:00,147.17000000000002,147.2335,147.1635,147.2225,0
2025-09-01 12:45:00+00:00,147.2225,147.231,147.185,147.202,0
2025-09-02 03:00:00+00:00,147.6705,147.673,147.5745,147.59300000000002,0
2025-09-02 03:15:00+00:00,147.5915,147.6415,147.587,147.6055,0
2025-09-02 03:30:00+00:00,147.60399999999998,147.728,147.6,147.714,0
2025-09-02 03:45:00+00:00,147.715,147.7505,147.70049999999998,147.7045,0
2025-09-02 17:00:00+00:00,148.3005,148.3485,148.26,148.269,0
2025-09-02 17:15:00+00:00,148.26999999999998,148.3065,148.2475,148.281,0
2025-09-02 17:30:00+00:00,148.28050000000002,148.398,148.2735,148.369,0
2025-09-02 17:45:00+00:00,148.37,148.4205,148.36599999999999,148.3825,0
2025-09-03 13:00:00+00:00,148.727,148.7975,148.69299999999998,148.7215,0
2025-09-03 13:15:00+00:00,148.71800000000002,148.79250000000002,148.6885,148.6885,0
2025-09-03 13:30:00+00:00,148.688,148.757,148.6245,148.7255,0
2025-09-03 13:45:00+00:00,148.7295,148.767,148.5755,148.642,0
2025-09-04 04:00:00+00:00,148.24599999999998,148.2735,148.2265,148.2665,0
2025-09-04 04:15:00+00:00,148.26850000000002,148.285,148.2015,148.227,0
2025-09-04 04:30:00+00:00,148.226,148.245,148.13,148.16750000000002,0
2025-09-04 04:45:00+00:00,148.167,148.26749999999998,148.16649999999998,148.2425,0
2025-09-04 19:00:00+00:00,148.56650000000002,148.56650000000002,148.50650000000002,148.5105,0
2025-09-04 19:15:00+00:00,148.5095,148.522,148.4885,148.5115,0
2025-09-04 19:30:00+00:00,148.51049999999998,148.515,148.4635,148.4675,0
2025-09-04 19:45:00+00:00,148.4665,148.50900000000001,148.45499999999998,148.4865,0
2025-09-05 10:00:00+00:00,148.1725,148.186,148.154,148.172,0
2025-09-05 10:15:00+00:00,148.1705,148.1705,148.08249999999998,148.09550000000002,0
2025-09-05 10:30:00+00:00,148.0965,148.1405,148.0965,148.1035,0
2025-09-05 10:45:00+00:00,148.10500000000002,148.15449999999998,148.10399999999998,148.1465,0
2025-09-07 22:00:00+00:00,148.02100000000002,148.2345,147.938,148.2265,0
2025-09-07 22:15:00+00:00,148.226,148.227,148.14100000000002,148.171,0
2025-09-07 22:30:00+00:00,148.171,148.4475,148.168,148.414,0
2025-09-07 22:45:00+00:00,148.41699999999997,148.47199999999998,148.3705,148.433,0
2025-09-08 14:00:00+00:00,147.6775,147.73700000000002,147.6255,147.71949999999998,0
2025-09-08 14:15:00+00:00,147.72050000000002,147.8025,147.7015,147.70800000000003,0
2025-09-08 14:30:00+00:00,147.707,147.8745,147.675,147.85399999999998,0
2025-09-08 14:45:00+00:00,147.85399999999998,147.872,147.749,147.7495,0
2025-09-08 23:00:00+00:00,147.406,147.42200000000003,147.351,147.38400000000001,0
2025-09-08 23:15:00+00:00,147.3835,147.3845,147.226,147.2305,0
2025-09-08 23:30:00+00:00,147.22899999999998,147.3275,147.2145,147.296,0
2025-09-08 23:45:00+00:00,147.298,147.38850000000002,147.28699999999998,147.375,0
2025-09-09 04:00:00+00:00,147.36599999999999,147.377,147.28199999999998,147.284,0
2025-09-09 04:15:00+00:00,147.2835,147.30599999999998,147.178,147.178,0
2025-09-09 04:30:00+00:00,147.178,147.221,147.139,147.186,0
2025-09-09 04:45:00+00:00,147.1875,147.1875,147.096,147.1295,0
2025-09-09 11:00:00+00:00,146.471,146.565,146.464,146.563,0
2025-09-09 11:15:00+00:00,146.562,146.6215,146.52800000000002,146.57999999999998,0
2025-09-09 11:30:00+00:00,146.57850000000002,146.625,146.56900000000002,146.6155,0
2025-09-09 11:45:00+00:00,146.61450000000002,146.7655,146.603,146.731,0
2025-09-09 20:00:00+00:00,147.447,147.47050000000002,147.44400000000002,147.4625,0
2025-09-09 20:15:00+00:00,147.461,147.4635,147.4255,147.453,0
2025-09-09 20:30:00+00:00,147.4535,147.46949999999998,147.4085,147.41,0
2025-09-09 20:45:00+00:00,147.40699999999998,147.4545,147.402,147.412,0
2025-09-11 06:00:00+00:00,147.582,147.7005,147.5625,147.69650000000001,0
2025-09-11 06:15:00+00:00,147.697,147.7435,147.67849999999999,147.7105,0
2025-09-11 06:30:00+00:00,147.712,147.7905,147.708,147.722,0
2025-09-11 06:45:00+00:00,147.7225,147.739,147.6745,147.7245,0
2025-09-14 21:00:00+00:00,147.6265,147.638,147.621,147.627,0
2025-09-14 21:15:00+00:00,147.627,147.67000000000002,147.5465,147.6415,0
2025-09-14 21:30:00+00:00,147.64049999999997,147.71800000000002,147.611,147.648,0
2025-09-14 21:45:00+00:00,147.6265,147.673,147.611,147.65300000000002,0
2025-09-15 02:00:00+00:00,147.57799999999997,147.61200000000002,147.5665,147.5685,0
2025-09-15 02:15:00+00:00,147.5695,147.5875,147.55349999999999,147.573,0
2025-09-15 02:30:00+00:00,147.5735,147.5735,147.5305,147.5575,0
2025-09-15 02:45:00+00:00,147.559,147.566,147.50799999999998,147.51749999999998,0
2025-09-16 07:00:00+00:00,146.89499999999998,146.898,146.70999999999998,146.728,0
2025-09-16 07:15:00+00:00,146.727,146.762,146.692,146.72899999999998,0
2025-09-16 07:30:00+00:00,146.72750000000002,146.8425,146.697,146.808,0
2025-09-16 07:45:00+00:00,146.809,146.9005,146.80349999999999,146.89,0
2025-09-16 17:00:00+00:00,146.3565,146.373,146.28199999999998,146.28300000000002,0
2025-09-16 17:15:00+00:00,146.2815,146.376,146.27949999999998,146.369,0
2025-09-16 17:30:00+00:00,146.368,146.3885,146.2955,146.3845,0
2025-09-16 17:45:00+00:00,146.3845,146.402,146.3395,146.377,0
2025-09-17 08:00:00+00:00,146.6685,146.68349999999998,146.6255,146.6565,0
2025-09-17 08:15:00+00:00,146.65699999999998,146.667,146.55849999999998,146.561,0
2025-09-17 08:30:00+00:00,146.558,146.5625,146.4565,146.471,0
2025-09-17 08:45:00+00:00,146.471,146.471,146.3765,146.45499999999998,0
2025-09-17 23:00:00+00:00,146.839,146.86599999999999,146.7705,146.7855,0
2025-09-17 23:15:00+00:00,146.786,146.889,146.7785,146.857,0
2025-09-17 23:30:00+00:00,146.85399999999998,146.9105,146.777,146.8055,0
2025-09-17 23:45:00+00:00,146.8045,146.91,146.8005,146.8855,0
2025-09-18 10:00:00+00:00,147.2745,147.344,147.249,147.34199999999998,0
2025-09-18 10:15:00+00:00,147.341,147.3725,147.253,147.2755,0
2025-09-18 10:30:00+00:00,147.2765,147.28449999999998,147.2295,147.26,0
2025-09-18 10:45:00+00:00,147.2605,147.2825,147.228,147.264,0
2025-09-18 11:00:00+00:00,147.261,147.399,147.2175,147.3225,0
2025-09-18 11:15:00+00:00,147.3225,147.3665,147.2805,147.2845,0
2025-09-18 11:30:00+00:00,147.2835,147.4055,147.236,147.377,0
2025-09-18 11:45:00+00:00,147.374,147.425,147.3425,147.38549999999998,0
2025-09-18 12:00:00+00:00,147.386,147.44650000000001,147.369,147.4255,0
2025-09-18 12:15:00+00:00,147.4235,147.4405,147.37099999999998,147.382,0
2025-09-18 12:30:00+00:00,147.38400000000001,147.654,147.38400000000001,147.6335,0
2025-09-18 12:45:00+00:00,147.63299999999998,147.8025,147.63299999999998,147.7905,0
2025-09-18 15:00:00+00:00,148.013,148.0435,147.90699999999998,147.99349999999998,0
2025-09-18 15:15:00+00:00,147.994,148.019,147.906,147.92950000000002,0
2025-09-18 15:30:00+00:00,147.93200000000002,148.0455,147.9125,148.04000000000002,0
2025-09-18 15:45:00+00:00,148.0395,148.0815,148.0215,148.023,0
2025-09-18 22:00:00+00:00,147.97050000000002,147.98649999999998,147.9435,147.9455,0
2025-09-18 22:15:00+00:00,147.946,147.9655,147.916,147.932,0
2025-09-18 22:30:00+00:00,147.931,147.9795,147.9115,147.9555,0
2025-09-18 22:45:00+00:00,147.954,147.96300000000002,147.93349999999998,147.94400000000002,0
2025-09-19 06:00:00+00:00,147.51299999999998,147.591,147.471,147.57,0
2025-09-19 06:15:00+00:00,147.56900000000002,147.7455,147.567,147.69549999999998,0
2025-09-19 06:30:00+00:00,147.69549999999998,147.92950000000002,147.548,147.691,0
2025-09-19 06:45:00+00:00,147.692,147.98950000000002,147.638,147.852,0
2025-09-22 08:00:00+00:00,148.11700000000002,148.1285,147.8965,147.952,0
2025-09-22 08:15:00+00:00,147.95100000000002,147.9625,147.862,147.899,0
2025-09-22 08:30:00+00:00,147.899,147.9005,147.827,147.833,0
2025-09-22 08:45:00+00:00,147.834,147.8965,147.81799999999998,147.856,0
2025-09-22 17:00:00+00:00,147.7405,147.7815,147.71949999999998,147.767,0
2025-09-22 17:15:00+00:00,147.76749999999998,147.772,147.723,147.73200000000003,0
2025-09-22 17:30:00+00:00,147.73250000000002,147.73399999999998,147.6865,147.687,0
2025-09-22 17:45:00+00:00,147.688,147.704,147.65949999999998,147.6865,0
2025-09-23 11:00:00+00:00,147.7185,147.767,147.6895,147.75549999999998,0
2025-09-23 11:15:00+00:00,147.755,147.776,147.73250000000002,147.76600000000002,0
2025-09-23 11:30:00+00:00,147.76600000000002,147.79649999999998,147.7485,147.7525,0
2025-09-23 11:45:00+00:00,147.752,147.773,147.7345,147.766,0
2025-09-24 03:00:00+00:00,147.77100000000002,147.802,147.7615,147.78050000000002,0
2025-09-24 03:15:00+00:00,147.777,147.8265,147.769,147.824,0
2025-09-24 03:30:00+00:00,147.8265,147.858,147.8145,147.845,0
2025-09-24 03:45:00+00:00,147.845,147.878,147.8415,147.8725,0
2025-09-24 22:00:00+00:00,148.79500000000002,148.8535,148.7885,148.849,0
2025-09-24 22:15:00+00:00,148.8485,148.85250000000002,148.82,148.83800000000002,0
2025-09-24 22:30:00+00:00,148.8395,148.8415,148.793,148.807,0
2025-09-24 22:45:00+00:00,148.8075,148.8095,148.7825,148.8075,0
2025-09-25 14:00:00+00:00,149.4295,149.47750000000002,149.34300000000002,149.4565,0
2025-09-25 14:15:00+00:00,149.45749999999998,149.4805,149.374,149.44549999999998,0
2025-09-25 14:30:00+00:00,149.4445,149.6115,149.44400000000002,149.534,0
2025-09-25 14:45:00+00:00,149.53449999999998,149.637,149.52800000000002,149.637,0
2025-09-26 04:00:00+00:00,149.7065,149.724,149.675,149.68200000000002,0
2025-09-26 04:15:00+00:00,149.683,149.73000000000002,149.66649999999998,149.7255,0
2025-09-26 04:30:00+00:00,149.726,149.731,149.67399999999998,149.692,0
2025-09-26 04:45:00+00:00,149.69150000000002,149.70499999999998,149.64499999999998,149.6455,0
2025-09-29 17:00:00+00:00,148.582,148.6455,148.5685,148.636,0
2025-09-29 17:15:00+00:00,148.635,148.649,148.5985,148.60000000000002,0
2025-09-29 17:30:00+00:00,148.6005,148.6255,148.5725,148.5815,0
2025-09-29 17:45:00+00:00,148.5805,148.59500000000003,148.55349999999999,148.587,0
2025-09-30 07:00:00+00:00,148.075,148.1085,148.04199999999997,148.06099999999998,0
2025-09-30 07:15:00+00:00,148.0615,148.07150000000001,148.014,148.04000000000002,0
2025-09-30 07:30:00+00:00,148.0435,148.17849999999999,147.99099999999999,148.0045,0
2025-09-30 07:45:00+00:00,148.003,148.10649999999998,147.9435,148.052,0
2025-10-01 10:00:00+00:00,147.20850000000002,147.2465,147.1215,147.1255,0
2025-10-01 10:15:00+00:00,147.1285,147.244,147.12849999999997,147.2335,0
2025-10-01 10:30:00+00:00,147.2375,147.264,147.0595,147.0935,0
2025-10-01 10:45:00+00:00,147.09199999999998,147.143,147.06400000000002,147.078,0
2025-10-01 19:00:00+00:00,147.0895,147.096,147.055,147.089,0
2025-10-01 19:15:00+00:00,147.0895,147.16,147.082,147.135,0
2025-10-01 19:30:00+00:00,147.13400000000001,147.149,147.1045,147.124,0
2025-10-01 19:45:00+00:00,147.1245,147.1315,147.0805,147.098,0
2025-10-02 04:00:00+00:00,147.086,147.1655,147.075,147.15550000000002,0
2025-10-02 04:15:00+00:00,147.1535,147.18,147.13549999999998,147.1755,0
2025-10-02 04:30:00+00:00,147.176,147.2,147.1405,147.16750000000002,0
2025-10-02 04:45:00+00:00,147.16649999999998,147.2,147.1505,147.176,0
2025-10-02 06:00:00+00:00,147.1615,147.1645,147.0755,147.1005,0
2025-10-02 06:15:00+00:00,147.1015,147.167,147.0815,147.16500000000002,0
2025-10-02 06:30:00+00:00,147.164,147.3,146.894,147.2975,0
2025-10-02 06:45:00+00:00,147.3005,147.3795,147.14249999999998,147.15800000000002,0
2025-10-03 10:00:00+00:00,147.3665,147.36700000000002,147.328,147.36,0
2025-10-03 10:15:00+00:00,147.36,147.385,147.351,147.37,0
2025-10-03 10:30:00+00:00,147.3705,147.3905,147.313,147.332,0
2025-10-03 10:45:00+00:00,147.33249999999998,147.341,147.31799999999998,147.3245,0
2025-10-03 19:00:00+00:00,147.5015,147.527,147.47899999999998,147.48950000000002,0
2025-10-03 19:15:00+00:00,147.4885,147.4915,147.47,147.4795,0
2025-10-03 19:30:00+00:00,147.4785,147.5025,147.471,147.4715,0
2025-10-03 19:45:00+00:00,147.471,147.49450000000002,147.45850000000002,147.4595,0
2025-10-05 23:00:00+00:00,149.322,149.346,149.256,149.29399999999998,0
2025-10-05 23:15:00+00:00,149.2955,149.4135,149.236,149.4015,0
2025-10-05 23:30:00+00:00,149.40300000000002,149.5905,149.402,149.563,0
2025-10-05 23:45:00+00:00,149.562,149.659,149.55700000000002,149.5855,0
2025-10-06 18:00:00+00:00,150.2055,150.2405,150.1885,150.2095,0
2025-10-06 18:15:00+00:00,150.211,150.219,150.1625,150.178,0
2025-10-06 18:30:00+00:00,150.1825,150.2425,150.1825,150.23000000000002,0
2025-10-06 18:45:00+00:00,150.2265,150.322,150.2265,150.3,0
2025-10-07 10:00:00+00:00,150.757,150.7895,150.72050000000002,150.7775,0
2025-10-07 10:15:00+00:00,150.776,150.7775,150.737,150.7595,0
2025-10-07 10:30:00+00:00,150.76049999999998,150.76049999999998,150.71800000000002,150.728,0
2025-10-07 10:45:00+00:00,150.731,150.79700000000003,150.709,150.774,0
2025-10-07 20:00:00+00:00,151.9085,152.046,151.9085,151.98399999999998,0
2025-10-07 20:15:00+00:00,151.9835,152.03750000000002,151.953,151.95749999999998,0
2025-10-07 20:30:00+00:00,151.95850000000002,151.976,151.9505,151.9515,0
2025-10-07 20:45:00+00:00,151.952,151.9525,151.8835,151.9005,0
2025-10-08 03:00:00+00:00,152.486,152.5445,152.486,152.537,0
2025-10-08 03:15:00+00:00,152.5385,152.566,152.482,152.505,0
2025-10-08 03:30:00+00:00,152.506,152.5435,152.452,152.4625,0
2025-10-08 03:45:00+00:00,152.462,152.486,152.40449999999998,152.4135,0
2025-10-08 10:00:00+00:00,152.97050000000002,152.9975,152.83999999999997,152.864,0
2025-10-08 10:15:00+00:00,152.8675,152.9205,152.764,152.79199999999997,0
2025-10-08 10:30:00+00:00,152.7905,152.9305,152.7885,152.868,0
2025-10-08 10:45:00+00:00,152.8685,152.936,152.653,152.7285,0
2025-10-09 09:00:00+00:00,152.803,152.8105,152.4755,152.79649999999998,0
2025-10-09 09:15:00+00:00,152.797,152.85700000000003,152.6735,152.7105,0
2025-10-09 09:30:00+00:00,152.7105,152.738,152.5925,152.5925,0
2025-10-09 09:45:00+00:00,152.59449999999998,152.6615,152.51850000000002,152.55599999999998,0
2025-10-09 22:00:00+00:00,153.072,153.087,152.994,153.053,0
2025-10-09 22:15:00+00:00,153.05200000000002,153.067,153.0235,153.0645,0
2025-10-09 22:30:00+00:00,153.065,153.074,153.043,153.0665,0
2025-10-09 22:45:00+00:00,153.0645,153.066,153.0315,153.03199999999998,0
2025-10-10 05:00:00+00:00,152.755,152.78,152.6885,152.77499999999998,0
2025-10-10 05:15:00+00:00,152.7745,152.781,152.723,152.761,0
2025-10-10 05:30:00+00:00,152.75799999999998,152.83350000000002,152.7535,152.76600000000002,0
2025-10-10 05:45:00+00:00,152.767,152.851,152.752,152.83350000000002,0
2025-10-13 04:00:00+00:00,151.9325,151.96949999999998,151.8915,151.9005,0
2025-10-13 04:15:00+00:00,151.8985,151.9015,151.8115,151.877,0
2025-10-13 04:30:00+00:00,151.876,151.92700000000002,151.8565,151.9105,0
2025-10-13 04:45:00+00:00,151.91199999999998,151.95499999999998,151.90449999999998,151.913,0
2025-10-14 16:00:00+00:00,151.78199999999998,151.83249999999998,151.7515,151.82150000000001,0
2025-10-14 16:15:00+00:00,151.8195,151.9175,151.6845,151.8225,0
2025-10-14 16:30:00+00:00,151.8235,151.8735,151.68,151.6875,0
2025-10-14 16:45:00+00:00,151.6895,151.7535,151.6705,151.738,0
2025-10-15 00:00:00+00:00,151.7065,151.8275,151.632,151.8165,0
2025-10-15 00:15:00+00:00,151.8145,151.83100000000002,151.6685,151.7215,0
2025-10-15 00:30:00+00:00,151.72050000000002,151.7545,151.54149999999998,151.5625,0
2025-10-15 00:45:00+00:00,151.5605,151.6395,151.4965,151.5655,0
2025-10-15 08:00:00+00:00,151.248,151.3305,151.188,151.3075,0
2025-10-15 08:15:00+00:00,151.308,151.39600000000002,151.2285,151.2465,0
2025-10-15 08:30:00+00:00,151.246,151.25900000000001,151.1525,151.1995,0
2025-10-15 08:45:00+00:00,151.2015,151.2455,151.1255,151.2185,0
2025-10-15 18:00:00+00:00,151.3325,151.39249999999998,151.2865,151.3345,0
2025-10-15 18:15:00+00:00,151.33350000000002,151.361,151.21800000000002,151.26749999999998,0
2025-10-15 18:30:00+00:00,151.2665,151.327,151.2575,151.3175,0
2025-10-15 18:45:00+00:00,151.3195,151.3625,151.3135,151.336,0
2025-10-16 22:00:00+00:00,150.41449999999998,150.43900000000002,150.3585,150.375,0
2025-10-16 22:15:00+00:00,150.3755,150.376,150.262,150.329,0
2025-10-16 22:30:00+00:00,150.32799999999997,150.349,150.27100000000002,150.27999999999997,0
2025-10-16 22:45:00+00:00,150.2845,150.29399999999998,150.24599999999998,150.26299999999998,0
2025-10-17 16:00:00+00:00,150.341,150.5,150.341,150.411,0
2025-10-17 16:15:00+00:00,150.4115,150.4325,150.3505,150.4195,0
2025-10-17 16:30:00+00:00,150.4185,150.45,150.3615,150.4365,0
2025-10-17 16:45:00+00:00,150.4355,150.4355,150.34050000000002,150.40800000000002,0
2025-10-20 04:00:00+00:00,150.725,150.7715,150.678,150.7015,0
2025-10-20 04:15:00+00:00,150.7005,150.7005,150.6135,150.62,0
2025-10-20 04:30:00+00:00,150.61950000000002,150.6215,150.51600000000002,150.5525,0
2025-10-20 04:45:00+00:00,150.5495,150.6525,150.5195,150.60000000000002,0
2025-10-20 19:00:00+00:00,150.692,150.6935,150.6295,150.6695,0
2025-10-20 19:15:00+00:00,150.6685,150.704,150.6575,150.691,0
2025-10-20 19:30:00+00:00,150.689,150.72750000000002,150.689,150.7235,0
2025-10-20 19:45:00+00:00,150.7245,150.7335,150.6935,150.6985,0
2025-10-21 10:00:00+00:00,151.799,151.8885,151.74,151.87,0
2025-10-21 10:15:00+00:00,151.868,151.9475,151.8555,151.92149999999998,0
2025-10-21 10:30:00+00:00,151.923,152.027,151.9085,151.9685,0
2025-10-21 10:45:00+00:00,151.9695,152.051,151.8845,151.927,0
2025-10-22 01:00:00+00:00,151.627,151.64600000000002,151.4905,151.61700000000002,0
2025-10-22 01:15:00+00:00,151.6175,151.7235,151.60399999999998,151.70850000000002,0
2025-10-22 01:30:00+00:00,151.71,151.721,151.66000000000003,151.702,0
2025-10-22 01:45:00+00:00,151.7005,151.7545,151.68900000000002,151.746,0
2025-10-22 17:00:00+00:00,151.767,151.81099999999998,151.701,151.7055,0
2025-10-22 17:15:00+00:00,151.7045,151.7245,151.611,151.687,0
2025-10-22 17:30:00+00:00,151.6865,151.7,151.60649999999998,151.61599999999999,0
2025-10-22 17:45:00+00:00,151.615,151.6925,151.6135,151.6465,0
2025-10-23 09:00:00+00:00,152.6115,152.66649999999998,152.5725,152.61200000000002,0
2025-10-23 09:15:00+00:00,152.6135,152.618,152.51299999999998,152.526,0
2025-10-23 09:30:00+00:00,152.53,152.6255,152.5275,152.595,0
2025-10-23 09:45:00+00:00,152.59550000000002,152.60899999999998,152.56900000000002,152.573,0
2025-10-24 00:00:00+00:00,152.61200000000002,152.61450000000002,152.506,152.55,0
2025-10-24 00:15:00+00:00,152.55450000000002,152.6015,152.52999999999997,152.543,0
2025-10-24 00:30:00+00:00,152.5455,152.5615,152.477,152.541,0
2025-10-24 00:45:00+00:00,152.542,152.66449999999998,152.5275,152.6505,0
2025-10-24 02:00:00+00:00,152.9105,152.915,152.837,152.84550000000002,0
2025-10-24 02:15:00+00:00,152.8465,152.90449999999998,152.8465,152.898,0
2025-10-24 02:30:00+00:00,152.899,152.9125,152.77249999999998,152.8225,0
2025-10-24 02:45:00+00:00,152.822,152.899,152.81799999999998,152.89,0
2025-10-24 03:00:00+00:00,152.892,152.9025,152.864,152.901,0
2025-10-24 03:15:00+00:00,152.8995,152.9155,152.853,152.853,0
2025-10-24 03:30:00+00:00,152.853,152.853,152.776,152.7945,0
2025-10-24 03:45:00+00:00,152.79500000000002,152.796,152.7125,152.7735,0
2025-10-24 05:00:00+00:00,152.892,153.01049999999998,152.892,152.9365,0
2025-10-24 05:15:00+00:00,152.93900000000002,153.0365,152.91649999999998,153.02800000000002,0
2025-10-24 05:30:00+00:00,153.0275,153.038,152.88150000000002,152.9325,0
2025-10-24 05:45:00+00:00,152.933,152.963,152.8955,152.958,0
2025-10-24 18:00:00+00:00,152.80849999999998,152.8485,152.8005,152.8475,0
2025-10-24 18:15:00+00:00,152.8465,152.8705,152.83350000000002,152.8665,0
2025-10-24 18:30:00+00:00,152.8675,152.8755,152.84699999999998,152.8735,0
2025-10-24 18:45:00+00:00,152.8745,152.8915,152.848,152.8655,0
2025-10-27 01:00:00+00:00,152.89,152.9915,152.7335,152.738,0
2025-10-27 01:15:00+00:00,152.73700000000002,152.7965,152.6565,152.7285,0
2025-10-27 01:30:00+00:00,152.72750000000002,152.8025,152.7125,152.7815,0
2025-10-27 01:45:00+00:00,152.78,152.8375,152.75900000000001,152.8365,0
2025-10-27 15:00:00+00:00,153.003,153.11450000000002,152.9875,153.0385,0
2025-10-27 15:15:00+00:00,153.04,153.1105,153.035,153.0915,0
2025-10-27 15:30:00+00:00,153.09050000000002,153.1155,153.0485,153.099,0
2025-10-27 15:45:00+00:00,153.09949999999998,153.1215,153.053,153.09699999999998,0
2025-10-28 09:00:00+00:00,151.9545,152.0255,151.902,151.99099999999999,0
2025-10-28 09:15:00+00:00,151.98899999999998,152.0815,151.947,152.061,0
2025-10-28 09:30:00+00:00,152.06,152.06099999999998,151.875,151.9,0
2025-10-28 09:45:00+00:00,151.898,151.976,151.89350000000002,151.917,0
2025-10-28 23:00:00+00:00,152.1695,152.1825,152.09550000000002,152.101,0
2025-10-28 23:15:00+00:00,152.10000000000002,152.1845,152.098,152.179,0
2025-10-28 23:30:00+00:00,152.18200000000002,152.19600000000003,152.11599999999999,152.11599999999999,0
2025-10-28 23:45:00+00:00,152.114,152.19600000000003,151.7265,151.73899999999998,0
2025-10-29 06:00:00+00:00,152.36450000000002,152.45350000000002,152.3505,152.36450000000002,0
2025-10-29 06:15:00+00:00,152.36450000000002,152.4075,152.265,152.2855,0
2025-10-29 06:30:00+00:00,152.286,152.286,152.2115,152.2165,0
2025-10-29 06:45:00+00:00,152.21800000000002,152.2345,152.13150000000002,152.14600000000002,0
2025-10-30 16:00:00+00:00,154.1725,154.2315,154.135,154.1565,0
2025-10-30 16:15:00+00:00,154.1575,154.199,154.09050000000002,154.09550000000002,0
2025-10-30 16:30:00+00:00,154.096,154.1485,154.0945,154.101,0
2025-10-30 16:45:00+00:00,154.0995,154.14350000000002,154.0685,154.10000000000002,0
2025-10-31 09:00:00+00:00,154.2485,154.29250000000002,154.171,154.187,0
2025-10-31 09:15:00+00:00,154.1875,154.28199999999998,154.1795,154.2425,0
2025-10-31 09:30:00+00:00,154.24,154.257,154.14749999999998,154.14749999999998,0
2025-10-31 09:45:00+00:00,154.14600000000002,154.2,154.113,154.142,0
2025-10-31 17:00:00+00:00,154.1125,154.154,154.103,154.1495,0
2025-10-31 17:15:00+00:00,154.14600000000002,154.17849999999999,154.108,154.1125,0
2025-10-31 17:30:00+00:00,154.113,154.1165,154.082,154.1035,0
2025-10-31 17:45:00+00:00,154.102,154.14100000000002,154.084,154.0965,0
2025-11-02 22:00:00+00:00,154.052,154.06900000000002,154.0245,154.04950000000002,0
2025-11-02 22:15:00+00:00,154.046,154.087,154.0455,154.0795,0
2025-11-02 22:30:00+00:00,154.08249999999998,154.0975,154.05599999999998,154.0865,0
2025-11-02 22:45:00+00:00,154.0855,154.0985,154.058,154.08300000000003,0
2025-11-03 20:00:00+00:00,154.1925,154.20749999999998,154.1755,154.1815,0
2025-11-03 20:15:00+00:00,154.1825,154.219,154.1775,154.21550000000002,0
2025-11-03 20:30:00+00:00,154.2165,154.22050000000002,154.19150000000002,154.1935,0
2025-11-03 20:45:00+00:00,154.19150000000002,154.2055,154.17700000000002,154.195,0
2025-11-04 13:00:00+00:00,153.531,153.54250000000002,153.4275,153.48250000000002,0
2025-11-04 13:15:00+00:00,153.482,153.49349999999998,153.399,153.4275,0
2025-11-04 13:30:00+00:00,153.42700000000002,153.428,153.372,153.38049999999998,0
2025-11-04 13:45:00+00:00,153.38,153.4385,153.3185,153.389,0
2025-11-05 00:00:00+00:00,153.5525,153.748,153.50099999999998,153.591,0
2025-11-05 00:15:00+00:00,153.59199999999998,153.6465,153.4905,153.503,0
2025-11-05 00:30:00+00:00,153.50099999999998,153.5285,153.38049999999998,153.387,0
2025-11-05 00:45:00+00:00,153.3875,153.463,153.23250000000002,153.2375,0
2025-11-05 08:00:00+00:00,153.5605,153.6655,153.515,153.64,0
2025-11-05 08:15:00+00:00,153.6395,153.64350000000002,153.5565,153.5795,0
2025-11-05 08:30:00+00:00,153.5745,153.6045,153.4965,153.523,0
2025-11-05 08:45:00+00:00,153.5235,153.538,153.4195,153.4985,0
2025-11-05 23:00:00+00:00,154.08499999999998,154.0915,154.014,154.0155,0
2025-11-05 23:15:00+00:00,154.01600000000002,154.02249999999998,153.982,154.022,0
2025-11-05 23:30:00+00:00,154.01999999999998,154.07299999999998,153.995,154.06900000000002,0
2025-11-05 23:45:00+00:00,154.071,154.09300000000002,154.04149999999998,154.09,0
2025-11-06 09:00:00+00:00,153.5625,153.701,153.558,153.673,0
2025-11-06 09:15:00+00:00,153.684,153.753,153.67849999999999,153.714,0
2025-11-06 09:30:00+00:00,153.715,153.72050000000002,153.672,153.683,0
2025-11-06 09:45:00+00:00,153.68200000000002,153.77300000000002,153.6735,153.72199999999998,0
2025-11-06 16:00:00+00:00,153.043,153.16899999999998,153.0375,153.135,0
2025-11-06 16:15:00+00:00,153.1345,153.1465,153.06400000000002,153.11950000000002,0
2025-11-06 16:30:00+00:00,153.11700000000002,153.1285,153.013,153.0615,0
2025-11-06 16:45:00+00:00,153.06,153.0885,152.9755,152.98250000000002,0
2025-11-07 01:00:00+00:00,153.186,153.30849999999998,153.14499999999998,153.2875,0
2025-11-07 01:15:00+00:00,153.28699999999998,153.2925,153.188,153.188,0
2025-11-07 01:30:00+00:00,153.184,153.2115,153.05,153.1415,0
2025-11-07 01:45:00+00:00,153.142,153.203,153.111,153.131,0
2025-11-07 08:00:00+00:00,153.3905,153.49099999999999,153.36399999999998,153.4085,0
2025-11-07 08:15:00+00:00,153.414,153.4455,153.36450000000002,153.435,0
2025-11-07 08:30:00+00:00,153.437,153.471,153.35250000000002,153.38299999999998,0
2025-11-07 08:45:00+00:00,153.38,153.515,153.38,153.5095,0
2025-11-10 13:00:00+00:00,154.1185,154.138,154.0765,154.097,0
2025-11-10 13:15:00+00:00,154.096,154.122,154.059,154.089,0
2025-11-10 13:30:00+00:00,154.088,154.10399999999998,154.015,154.03300000000002,0
2025-11-10 13:45:00+00:00,154.03,154.085,153.985,154.0605,0
2025-11-11 13:00:00+00:00,154.197,154.1985,154.135,154.1585,0
2025-11-11 13:15:00+00:00,154.1535,154.1605,153.726,153.8055,0
2025-11-11 13:30:00+00:00,153.8065,153.84550000000002,153.6685,153.714,0
2025-11-11 13:45:00+00:00,153.7145,153.8205,153.687,153.7765,0
2025-11-12 00:00:00+00:00,154.086,154.16500000000002,154.0515,154.066,0
2025-11-12 00:15:00+00:00,154.065,154.19799999999998,154.059,154.1815,0
2025-11-12 00:30:00+00:00,154.1805,154.25900000000001,154.1775,154.2515,0
2025-11-12 00:45:00+00:00,154.2505,154.3045,154.2015,154.3015,0
2025-11-12 13:00:00+00:00,154.808,154.8535,154.7625,154.8515,0
2025-11-12 13:15:00+00:00,154.8525,154.94549999999998,154.833,154.9445,0
2025-11-12 13:30:00+00:00,154.94400000000002,154.994,154.94,154.9545,0
2025-11-12 13:45:00+00:00,154.95499999999998,154.973,154.926,154.9425,0
2025-11-13 07:00:00+00:00,154.89499999999998,154.9515,154.89499999999998,154.9205,0
2025-11-13 07:15:00+00:00,154.9205,154.952,154.8055,154.8095,0
2025-11-13 07:30:00+00:00,154.81,154.85500000000002,154.7375,154.8465,0
2025-11-13 07:45:00+00:00,154.8465,154.85500000000002,154.70499999999998,154.7175,0
2025-11-13 21:00:00+00:00,154.543,154.5875,154.543,154.5705,0
2025-11-13 21:15:00+00:00,154.57100000000003,154.5795,154.5465,154.5465,0
2025-11-13 21:30:00+00:00,154.5475,154.5595,154.4925,154.51850000000002,0
2025-11-13 21:45:00+00:00,154.518,154.5645,154.483,154.5645,0
2025-11-14 09:00:00+00:00,154.5575,154.6685,154.555,154.65699999999998,0
2025-11-14 09:15:00+00:00,154.6565,154.69549999999998,154.628,154.64299999999997,0
2025-11-14 09:30:00+00:00,154.64249999999998,154.6695,154.5935,154.632,0
2025-11-14 09:45:00+00:00,154.6315,154.7025,154.61599999999999,154.6935,0
2025-11-16 22:00:00+00:00,154.57999999999998,154.58999999999997,154.57,154.575,0
2025-11-16 22:15:00+00:00,154.575,154.5915,154.562,154.5685,0
2025-11-16 22:30:00+00:00,154.562,154.57799999999997,154.5275,154.5455,0
2025-11-16 22:45:00+00:00,154.546,154.5565,154.5125,154.53699999999998,0
2025-11-17 11:00:00+00:00,154.844,154.873,154.8145,154.85500000000002,0
2025-11-17 11:15:00+00:00,154.8545,154.8545,154.821,154.8255,0
2025-11-17 11:30:00+00:00,154.827,154.85000000000002,154.793,154.79399999999998,0
2025-11-17 11:45:00+00:00,154.793,154.8135,154.76999999999998,154.79649999999998,0
2025-11-17 16:00:00+00:00,155.199,155.2025,155.109,155.1285,0
2025-11-17 16:15:00+00:00,155.128,155.14499999999998,155.058,155.14249999999998,0
2025-11-17 16:30:00+00:00,155.14249999999998,155.203,155.1345,155.177,0
2025-11-17 16:45:00+00:00,155.176,155.20600000000002,155.167,155.201,0
2025-11-17 22:00:00+00:00,155.2535,155.2655,155.1935,155.2455,0
2025-11-17 22:15:00+00:00,155.24599999999998,155.24599999999998,155.2195,155.2215,0
2025-11-17 22:30:00+00:00,155.22,155.236,155.2195,155.2215,0
2025-11-17 22:45:00+00:00,155.22,155.224,155.188,155.1995,0
2025-11-18 02:00:00+00:00,155.2025,155.28449999999998,155.1935,155.237,0
2025-11-18 02:15:00+00:00,155.234,155.2495,155.1725,155.189,0
2025-11-18 02:30:00+00:00,155.18849999999998,155.2065,155.1755,155.203,0
2025-11-18 02:45:00+00:00,155.203,155.2645,155.187,155.189,0
2025-11-18 07:00:00+00:00,155.1835,155.2195,154.97250000000003,155.0075,0
2025-11-18 07:15:00+00:00,155.00799999999998,155.0205,154.87400000000002,154.9845,0
2025-11-18 07:30:00+00:00,154.9835,155.09199999999998,154.9525,155.034,0
2025-11-18 07:45:00+00:00,155.03300000000002,155.067,154.952,154.998,0
2025-11-18 11:00:00+00:00,155.424,155.4255,155.3635,155.38299999999998,0
2025-11-18 11:15:00+00:00,155.3845,155.42700000000002,155.3845,155.4115,0
2025-11-18 11:30:00+00:00,155.4135,155.42700000000002,155.3625,155.4125,0
2025-11-18 11:45:00+00:00,155.414,155.442,155.4015,155.4275,0
2025-11-19 00:00:00+00:00,155.5285,155.5815,155.4265,155.45999999999998,0
2025-11-19 00:15:00+00:00,155.4605,155.4755,155.3965,155.4235,0
2025-11-19 00:30:00+00:00,155.4255,155.4735,155.422,155.4295,0
2025-11-19 00:45:00+00:00,155.4275,155.48950000000002,155.3745,155.4745,0
2025-11-20 05:00:00+00:00,157.3985,157.54250000000002,157.3985,157.48250000000002,0
2025-11-20 05:15:00+00:00,157.477,157.5355,157.4615,157.48149999999998,0
2025-11-20 05:30:00+00:00,157.4805,157.5465,157.43,157.4955,0
2025-11-20 05:45:00+00:00,157.4975,157.573,157.42950000000002,157.56,0
2025-11-20 13:00:00+00:00,157.7025,157.709,157.58100000000002,157.6725,0
2025-11-20 13:15:00+00:00,157.6725,157.7,157.5875,157.59,0
2025-11-20 13:30:00+00:00,157.5935,157.87900000000002,157.2265,157.514,0
2025-11-20 13:45:00+00:00,157.5125,157.7465,157.5035,157.574,0
2025-11-20 18:00:00+00:00,157.5205,157.695,157.50799999999998,157.6905,0
2025-11-20 18:15:00+00:00,157.6905,157.6975,157.553,157.602,0
2025-11-20 18:30:00+00:00,157.6,157.60899999999998,157.5015,157.5325,0
2025-11-20 18:45:00+00:00,157.5315,157.538,157.42950000000002,157.462,0
2025-11-21 12:00:00+00:00,156.856,156.856,156.751,156.84550000000002,0
2025-11-21 12:15:00+00:00,156.8475,156.89600000000002,156.816,156.8225,0
2025-11-21 12:30:00+00:00,156.82299999999998,156.82799999999997,156.611,156.7095,0
2025-11-21 12:45:00+00:00,156.7095,156.87099999999998,156.659,156.7495,0
2025-11-24 00:00:00+00:00,156.6875,156.74099999999999,156.6625,156.7095,0
2025-11-24 00:15:00+00:00,156.7095,156.76299999999998,156.6985,156.75,0
2025-11-24 00:30:00+00:00,156.749,156.79899999999998,156.747,156.785,0
2025-11-24 00:45:00+00:00,156.7825,156.8,156.7365,156.7385,0
2025-11-24 16:00:00+00:00,156.8005,156.875,156.76999999999998,156.7975,0
2025-11-24 16:15:00+00:00,156.79700000000003,156.897,156.77499999999998,156.88299999999998,0
2025-11-24 16:30:00+00:00,156.88299999999998,156.9215,156.8395,156.9065,0
2025-11-24 16:45:00+00:00,156.905,156.947,156.87099999999998,156.9405,0
2025-11-26 10:00:00+00:00,156.4555,156.45749999999998,156.32850000000002,156.362,0
2025-11-26 10:15:00+00:00,156.36,156.459,156.3465,156.41899999999998,0
2025-11-26 10:30:00+00:00,156.42149999999998,156.4345,156.391,156.4065,0
2025-11-26 10:45:00+00:00,156.41,156.5125,156.40699999999998,156.4785,0
2025-11-26 13:00:00+00:00,156.478,156.51850000000002,156.4085,156.4345,0
2025-11-26 13:15:00+00:00,156.4315,156.437,156.3325,156.35750000000002,0
2025-11-26 13:30:00+00:00,156.356,156.678,156.356,156.6265,0
2025-11-26 13:45:00+00:00,156.63,156.6855,156.6085,156.6645,0
2025-11-27 06:00:00+00:00,155.99,156.0275,155.917,156.018,0
2025-11-27 06:15:00+00:00,156.024,156.137,156.01999999999998,156.1265,0
2025-11-27 06:30:00+00:00,156.1245,156.207,156.111,156.1815,0
2025-11-27 06:45:00+00:00,156.18200000000002,156.1975,156.1375,156.139,0
2025-11-27 17:00:00+00:00,156.279,156.32150000000001,156.273,156.31799999999998,0
2025-11-27 17:15:00+00:00,156.316,156.35000000000002,156.315,156.3345,0
2025-11-27 17:30:00+00:00,156.334,156.3675,156.3305,156.3635,0
2025-11-27 17:45:00+00:00,156.364,156.3685,156.332,156.332,0
2025-12-01 08:00:00+00:00,155.362,155.4375,155.309,155.34550000000002,0
2025-12-01 08:15:00+00:00,155.346,155.3745,155.261,155.31900000000002,0
2025-12-01 08:30:00+00:00,155.32,155.561,155.3155,155.55849999999998,0
2025-12-01 08:45:00+00:00,155.5555,155.563,155.4685,155.48700000000002,0
2025-12-01 23:00:00+00:00,155.4405,155.47250000000003,155.4345,155.45499999999998,0
2025-12-01 23:15:00+00:00,155.45600000000002,155.5,155.453,155.46800000000002,0
2025-12-01 23:30:00+00:00,155.46800000000002,155.52249999999998,155.46800000000002,155.519,0
2025-12-01 23:45:00+00:00,155.518,155.5745,155.518,155.563,0
2025-12-03 09:00:00+00:00,155.66750000000002,155.68200000000002,155.618,155.6325,0
2025-12-03 09:15:00+00:00,155.632,155.6825,155.628,155.66649999999998,0
2025-12-03 09:30:00+00:00,155.666,155.6805,155.52949999999998,155.5485,0
2025-12-03 09:45:00+00:00,155.5495,155.623,155.546,155.623,0
2025-12-04 01:00:00+00:00,155.11950000000002,155.2075,155.1015,155.142,0
2025-12-04 01:15:00+00:00,155.143,155.34699999999998,155.143,155.3075,0
2025-12-04 01:30:00+00:00,155.3065,155.4125,155.2815,155.2955,0
2025-12-04 01:45:00+00:00,155.296,155.301,155.2425,155.2625,0
2025-12-04 08:00:00+00:00,155.245,155.251,154.88049999999998,154.962,0
2025-12-04 08:15:00+00:00,154.9595,155.011,154.7735,154.8145,0
2025-12-04 08:30:00+00:00,154.8155,154.9425,154.8075,154.926,0
2025-12-04 08:45:00+00:00,154.9265,154.995,154.86950000000002,154.9885,0
2025-12-04 17:00:00+00:00,154.909,154.96699999999998,154.8965,154.9445,0
2025-12-04 17:15:00+00:00,154.94400000000002,154.9635,154.891,154.897,0
2025-12-04 17:30:00+00:00,154.898,154.957,154.89600000000002,154.95,0
2025-12-04 17:45:00+00:00,154.949,154.9625,154.923,154.9375,0
2025-12-05 13:00:00+00:00,155.175,155.2455,155.1495,155.219,0
2025-12-05 13:15:00+00:00,155.2175,155.261,155.137,155.1645,0
2025-12-05 13:30:00+00:00,155.1655,155.25,155.10899999999998,155.17950000000002,0
2025-12-05 13:45:00+00:00,155.179,155.1985,155.12599999999998,155.19650000000001,0
2025-12-08 01:00:00+00:00,155.07049999999998,155.151,155.0235,155.03300000000002,0
2025-12-08 01:15:00+00:00,155.035,155.0545,154.97500000000002,155.0375,0
2025-12-08 01:30:00+00:00,155.0385,155.0405,154.9325,154.937,0
2025-12-08 01:45:00+00:00,154.937,154.9925,154.914,154.9205,0
2025-12-08 14:00:00+00:00,155.6295,155.6415,155.546,155.54899999999998,0
2025-12-08 14:15:00+00:00,155.55,155.57850000000002,155.393,155.4915,0
2025-12-08 14:30:00+00:00,155.49200000000002,155.73899999999998,155.486,155.699,0
2025-12-08 14:45:00+00:00,155.699,155.8785,155.697,155.826,0
2025-12-09 13:00:00+00:00,156.357,156.406,156.3125,156.3775,0
2025-12-09 13:15:00+00:00,156.3755,156.486,156.35250000000002,156.48149999999998,0
2025-12-09 13:30:00+00:00,156.4805,156.5165,156.3725,156.376,0
2025-12-09 13:45:00+00:00,156.3745,156.4025,156.2875,156.345,0
2025-12-10 03:00:00+00:00,156.65550000000002,156.6835,156.64499999999998,156.6565,0
2025-12-10 03:15:00+00:00,156.65699999999998,156.6635,156.59550000000002,156.6215,0
2025-12-10 03:30:00+00:00,156.6225,156.6295,156.5605,156.58350000000002,0
2025-12-10 03:45:00+00:00,156.5845,156.5995,156.5635,156.5915,0
2025-12-10 18:00:00+00:00,156.309,156.35250000000002,156.29649999999998,156.3485,0
2025-12-10 18:15:00+00:00,156.3515,156.40550000000002,156.348,156.348,0
2025-12-10 18:30:00+00:00,156.34699999999998,156.47750000000002,156.344,156.448,0
2025-12-10 18:45:00+00:00,156.449,156.45749999999998,156.39499999999998,156.423,0
2025-12-11 11:00:00+00:00,155.8665,155.8835,155.785,155.7865,0
2025-12-11 11:15:00+00:00,155.787,155.81099999999998,155.7595,155.7655,0
2025-12-11 11:30:00+00:00,155.765,155.83350000000002,155.7605,155.76749999999998,0
2025-12-11 11:45:00+00:00,155.769,155.827,155.7635,155.7665,0
2025-12-12 03:00:00+00:00,155.676,155.71,155.676,155.70100000000002,0
2025-12-12 03:15:00+00:00,155.703,155.712,155.63400000000001,155.663,0
2025-12-12 03:30:00+00:00,155.661,155.7125,155.652,155.711,0
2025-12-12 03:45:00+00:00,155.712,155.72699999999998,155.6875,155.714,0
2025-12-12 18:00:00+00:00,155.78300000000002,155.81650000000002,155.7585,155.7715,0
2025-12-12 18:15:00+00:00,155.7705,155.7935,155.73000000000002,155.73250000000002,0
2025-12-12 18:30:00+00:00,155.73149999999998,155.75900000000001,155.7185,155.7575,0
2025-12-12 18:45:00+00:00,155.757,155.7955,155.7525,155.7835,0
2025-12-15 05:00:00+00:00,155.256,155.256,155.1945,155.2245,0
2025-12-15 05:15:00+00:00,155.2225,155.24200000000002,155.15699999999998,155.1615,0
2025-12-15 05:30:00+00:00,155.1605,155.1625,155.0755,155.09050000000002,0
2025-12-15 05:45:00+00:00,155.0925,155.113,155.0345,155.03699999999998,0
2025-12-15 18:00:00+00:00,155.309,155.32049999999998,155.28300000000002,155.31650000000002,0
2025-12-15 18:15:00+00:00,155.3155,155.36700000000002,155.313,155.3595,0
2025-12-15 18:30:00+00:00,155.3605,155.3895,155.3375,155.341,0
2025-12-15 18:45:00+00:00,155.34199999999998,155.3655,155.3355,155.357,0
2025-12-16 10:00:00+00:00,154.83800000000002,154.8565,154.7785,154.84449999999998,0
2025-12-16 10:15:00+00:00,154.8415,154.872,154.8125,154.8715,0
2025-12-16 10:30:00+00:00,154.872,154.9065,154.838,154.87099999999998,0
2025-12-16 10:45:00+00:00,154.87099999999998,154.8875,154.834,154.8715,0
2025-12-16 23:00:00+00:00,154.7415,154.764,154.701,154.761,0
2025-12-16 23:15:00+00:00,154.762,154.78300000000002,154.73399999999998,154.773,0
2025-12-16 23:30:00+00:00,154.774,154.781,154.7375,154.77499999999998,0
2025-12-16 23:45:00+00:00,154.779,154.813,154.75,154.774,0
2025-12-17 12:00:00+00:00,155.54649999999998,155.576,155.5215,155.5475,0
2025-12-17 12:15:00+00:00,155.54649999999998,155.5505,155.5025,155.506,0
2025-12-17 12:30:00+00:00,155.5045,155.50650000000002,155.4545,155.506,0
2025-12-17 12:45:00+00:00,155.5065,155.5455,155.477,155.488,0
2025-12-18 04:00:00+00:00,155.766,155.784,155.70850000000002,155.711,0
2025-12-18 04:15:00+00:00,155.7115,155.7405,155.70999999999998,155.723,0
2025-12-18 04:30:00+00:00,155.724,155.7535,155.703,155.7475,0
2025-12-18 04:45:00+00:00,155.743,155.7635,155.7365,155.7375,0
2025-12-18 21:00:00+00:00,155.61200000000002,155.6355,155.5805,155.58499999999998,0
2025-12-18 21:15:00+00:00,155.5865,155.61200000000002,155.563,155.5775,0
2025-12-18 21:30:00+00:00,155.5785,155.5875,155.5695,155.5725,0
2025-12-18 21:45:00+00:00,155.5735,155.57799999999997,155.551,155.5575,0
2025-12-19 11:00:00+00:00,157.322,157.3585,157.2375,157.3585,0
2025-12-19 11:15:00+00:00,157.361,157.38150000000002,157.2695,157.28449999999998,0
2025-12-19 11:30:00+00:00,157.28300000000002,157.34199999999998,157.269,157.2945,0
2025-12-19 11:45:00+00:00,157.29500000000002,157.3345,157.2435,157.3195,0
2025-12-22 12:00:00+00:00,157.4135,157.4255,157.35750000000002,157.398,0
2025-12-22 12:15:00+00:00,157.39749999999998,157.4295,157.37400000000002,157.4265,0
2025-12-22 12:30:00+00:00,157.4265,157.43099999999998,157.38,157.389,0
2025-12-22 12:45:00+00:00,157.3875,157.421,157.3745,157.398,0
2025-12-23 17:00:00+00:00,156.337,156.352,156.28300000000002,156.338,0
2025-12-23 17:15:00+00:00,156.3365,156.346,156.2615,156.277,0
2025-12-23 17:30:00+00:00,156.2745,156.314,156.2515,156.2745,0
2025-12-23 17:45:00+00:00,156.2765,156.3365,156.26749999999998,156.2975,0
2025-12-24 18:00:00+00:00,155.971,156.019,155.958,155.98250000000002,0
2025-12-24 18:15:00+00:00,155.9795,155.986,155.942,155.983,0
2025-12-24 18:30:00+00:00,155.9835,155.9885,155.962,155.9645,0
2025-12-24 18:45:00+00:00,155.96499999999997,155.969,155.96300000000002,155.9675,0
2025-12-26 11:00:00+00:00,156.402,156.422,156.3775,156.398,0
2025-12-26 11:15:00+00:00,156.3965,156.40699999999998,156.32850000000002,156.374,0
2025-12-26 11:30:00+00:00,156.3745,156.378,156.33350000000002,156.35899999999998,0
2025-12-26 11:45:00+00:00,156.35750000000002,156.406,156.339,156.4025,0
2025-12-26 18:00:00+00:00,156.57,156.5875,156.5135,156.5845,0
2025-12-26 18:15:00+00:00,156.58300000000003,156.5865,156.542,156.554,0
2025-12-26 18:30:00+00:00,156.54899999999998,156.54899999999998,156.438,156.4655,0
2025-12-26 18:45:00+00:00,156.4645,156.5455,156.462,156.54500000000002,0
2025-12-29 06:00:00+00:00,156.312,156.31650000000002,156.24200000000002,156.3125,0
2025-12-29 06:15:00+00:00,156.31349999999998,156.3255,156.176,156.203,0
2025-12-29 06:30:00+00:00,156.2035,156.29149999999998,156.2025,156.2765,0
2025-12-29 06:45:00+00:00,156.28,156.3015,156.1735,156.1865,0
2025-12-29 16:00:00+00:00,155.9375,156.039,155.93099999999998,155.97,0
2025-12-29 16:15:00+00:00,155.9685,156.0925,155.9595,156.0885,0
2025-12-29 16:30:00+00:00,156.0875,156.1015,156.0115,156.024,0
2025-12-29 16:45:00+00:00,156.023,156.11950000000002,156.012,156.10750000000002,0
2025-12-30 01:00:00+00:00,156.25650000000002,156.3275,156.24900000000002,156.252,0
2025-12-30 01:15:00+00:00,156.24900000000002,156.3095,156.2345,156.29250000000002,0
2025-12-30 01:30:00+00:00,156.29149999999998,156.30599999999998,156.2545,156.2575,0
2025-12-30 01:45:00+00:00,156.2635,156.2815,156.2145,156.223,0
2025-12-30 08:00:00+00:00,155.9835,156.025,155.88049999999998,155.9725,0
2025-12-30 08:15:00+00:00,155.969,155.969,155.863,155.8875,0
2025-12-30 08:30:00+00:00,155.8875,155.94299999999998,155.85649999999998,155.939,0
2025-12-30 08:45:00+00:00,155.94150000000002,155.983,155.9225,155.983,0
2025-12-31 04:00:00+00:00,156.494,156.523,156.494,156.522,0
2025-12-31 04:15:00+00:00,156.524,156.57600000000002,156.51999999999998,156.54399999999998,0
2025-12-31 04:30:00+00:00,156.54199999999997,156.57600000000002,156.53199999999998,156.565,0
2025-12-31 04:45:00+00:00,156.565,156.63799999999998,156.56099999999998,156.6135,0
2025-12-31 19:00:00+00:00,156.8885,156.8885,156.82049999999998,156.8255,0
2025-12-31 19:15:00+00:00,156.8245,156.846,156.79899999999998,156.7995,0
2025-12-31 19:30:00+00:00,156.7985,156.8115,156.7465,156.752,0
2025-12-31 19:45:00+00:00,156.751,156.755,156.6765,156.751,0
2026-01-02 01:00:00+00:00,156.566,156.61,156.51999999999998,156.59300000000002,0
2026-01-02 01:15:00+00:00,156.59050000000002,156.626,156.563,156.587,0
2026-01-02 01:30:00+00:00,156.5855,156.6575,156.5805,156.6465,0
2026-01-02 01:45:00+00:00,156.644,156.6575,156.61700000000002,156.6375,0
2026-01-02 14:00:00+00:00,156.90800000000002,156.92000000000002,156.8605,156.88400000000001,0
2026-01-02 14:15:00+00:00,156.8825,156.9075,156.824,156.8395,0
2026-01-02 14:30:00+00:00,156.8385,156.8855,156.8225,156.85700000000003,0
2026-01-02 14:45:00+00:00,156.8595,156.886,156.808,156.8535,0
2026-01-05 01:00:00+00:00,157.1485,157.1835,157.08800000000002,157.102,0
2026-01-05 01:15:00+00:00,157.10399999999998,157.1705,157.0285,157.16750000000002,0
2026-01-05 01:30:00+00:00,157.1695,157.17849999999999,156.99200000000002,157.01,0
2026-01-05 01:45:00+00:00,157.0115,157.0805,156.9405,157.0165,0
2026-01-05 17:00:00+00:00,156.326,156.3845,156.3025,156.3735,0
2026-01-05 17:15:00+00:00,156.3725,156.3845,156.2715,156.303,0
2026-01-05 17:30:00+00:00,156.3005,156.3485,156.2665,156.3395,0
2026-01-05 17:45:00+00:00,156.33800000000002,156.3405,156.31650000000002,156.3305,0
2026-01-06 13:00:00+00:00,156.499,156.5815,156.40300000000002,156.4255,0
2026-01-06 13:15:00+00:00,156.4245,156.4535,156.3875,156.4415,0
2026-01-06 13:30:00+00:00,156.44099999999997,156.45100000000002,156.3525,156.3945,0
2026-01-06 13:45:00+00:00,156.3955,156.45800000000003,156.35649999999998,156.3705,0
2026-01-07 03:00:00+00:00,156.6485,156.654,156.5895,156.6265,0
2026-01-07 03:15:00+00:00,156.6275,156.64350000000002,156.5795,156.58249999999998,0
2026-01-07 03:30:00+00:00,156.5845,156.59449999999998,156.5085,156.5525,0
2026-01-07 03:45:00+00:00,156.5505,156.57,156.5145,156.5625,0
2026-01-08 05:00:00+00:00,156.695,156.7185,156.655,156.65800000000002,0
2026-01-08 05:15:00+00:00,156.6625,156.73250000000002,156.6625,156.7135,0
2026-01-08 05:30:00+00:00,156.7165,156.724,156.67849999999999,156.67950000000002,0
2026-01-08 05:45:00+00:00,156.6775,156.69600000000003,156.644,156.6725,0
2026-01-08 18:00:00+00:00,156.809,156.8585,156.7975,156.8465,0
2026-01-08 18:15:00+00:00,156.84699999999998,156.8555,156.8225,156.848,0
2026-01-08 18:30:00+00:00,156.8465,156.88299999999998,156.8435,156.851,0
2026-01-08 18:45:00+00:00,156.851,156.893,156.841,156.893,0
2026-01-09 09:00:00+00:00,157.6465,157.6635,157.57600000000002,157.63400000000001,0
2026-01-09 09:15:00+00:00,157.63299999999998,157.6755,157.622,157.65949999999998,0
2026-01-09 09:30:00+00:00,157.6605,157.6805,157.63600000000002,157.68,0
2026-01-09 09:45:00+00:00,157.6805,157.7355,157.6625,157.712,0
2026-01-11 22:00:00+00:00,158.115,158.124,158.014,158.0145,0
2026-01-11 22:15:00+00:00,158.013,158.065,158.01,158.065,0
2026-01-11 22:30:00+00:00,158.065,158.065,158.0525,158.063,0
2026-01-11 22:45:00+00:00,158.0635,158.065,158.0515,158.065,0
2026-01-12 17:00:00+00:00,158.15550000000002,158.1735,158.08800000000002,158.09300000000002,0
2026-01-12 17:15:00+00:00,158.09449999999998,158.1565,158.091,158.1055,0
2026-01-12 17:30:00+00:00,158.1065,158.118,158.065,158.08100000000002,0
2026-01-12 17:45:00+00:00,158.07999999999998,158.1065,158.06900000000002,158.0875,0
2026-01-13 06:00:00+00:00,158.785,158.9075,158.785,158.88400000000001,0
2026-01-13 06:15:00+00:00,158.8845,158.9715,158.8625,158.9495,0
2026-01-13 06:30:00+00:00,158.946,158.9635,158.899,158.90800000000002,0
2026-01-13 06:45:00+00:00,158.9075,158.9435,158.7455,158.76049999999998,0
2026-01-13 17:00:00+00:00,159.06799999999998,159.1275,159.055,159.10750000000002,0
2026-01-13 17:15:00+00:00,159.1095,159.1415,159.07299999999998,159.1165,0
2026-01-13 17:30:00+00:00,159.11599999999999,159.121,158.994,158.994,0
2026-01-13 17:45:00+00:00,158.995,159.053,158.97750000000002,159.026,0
2026-01-14 06:00:00+00:00,159.337,159.35250000000002,159.23250000000002,159.243,0
2026-01-14 06:15:00+00:00,159.2425,159.325,159.24099999999999,159.3155,0
2026-01-14 06:30:00+00:00,159.316,159.341,159.1905,159.2025,0
2026-01-14 06:45:00+00:00,159.2005,159.2255,159.137,159.144,0
2026-01-14 20:00:00+00:00,158.5035,158.57,158.4595,158.5375,0
2026-01-14 20:15:00+00:00,158.536,158.559,158.528,158.5345,0
2026-01-14 20:30:00+00:00,158.5335,158.55900000000003,158.4985,158.55900000000003,0
2026-01-14 20:45:00+00:00,158.5595,158.599,158.55349999999999,158.59199999999998,0
2026-01-15 06:00:00+00:00,158.4305,158.514,158.399,158.5045,0
2026-01-15 06:15:00+00:00,158.4985,158.57299999999998,158.49200000000002,158.553,0
2026-01-15 06:30:00+00:00,158.55399999999997,158.63049999999998,158.54899999999998,158.6285,0
2026-01-15 06:45:00+00:00,158.6295,158.6525,158.5875,158.61399999999998,0
2026-01-16 00:00:00+00:00,158.594,158.60000000000002,158.52100000000002,158.558,0
2026-01-16 00:15:00+00:00,158.558,158.596,158.553,158.594,0
2026-01-16 00:30:00+00:00,158.59199999999998,158.611,158.5425,158.5855,0
2026-01-16 00:45:00+00:00,158.585,158.70350000000002,158.5805,158.6555,0
2026-01-16 20:00:00+00:00,158.121,158.121,158.0675,158.0685,0
2026-01-16 20:15:00+00:00,158.073,158.088,158.0565,158.0595,0
2026-01-16 20:30:00+00:00,158.059,158.09449999999998,158.0405,158.0915,0
2026-01-16 20:45:00+00:00,158.089,158.094,158.0475,158.0805,0
2026-01-19 02:00:00+00:00,157.68599999999998,157.8295,157.685,157.78199999999998,0
2026-01-19 02:15:00+00:00,157.786,157.86849999999998,157.764,157.792,0
2026-01-19 02:30:00+00:00,157.79399999999998,157.8905,157.776,157.88799999999998,0
2026-01-19 02:45:00+00:00,157.8835,157.9325,157.8625,157.8665,0
2026-01-19 13:00:00+00:00,158.0195,158.0285,157.935,157.946,0
2026-01-19 13:15:00+00:00,157.94549999999998,157.959,157.925,157.9445,0
2026-01-19 13:30:00+00:00,157.9455,157.946,157.878,157.898,0
2026-01-19 13:45:00+00:00,157.9,157.9475,157.879,157.9215,0
2026-01-20 12:00:00+00:00,157.7515,157.8015,157.722,157.72899999999998,0
2026-01-20 12:15:00+00:00,157.728,157.7295,157.65699999999998,157.702,0
2026-01-20 12:30:00+00:00,157.702,157.852,157.699,157.8125,0
2026-01-20 12:45:00+00:00,157.812,157.8945,157.80599999999998,157.8635,0
2026-01-20 19:00:00+00:00,158.053,158.1505,158.04500000000002,158.143,0
2026-01-20 19:15:00+00:00,158.144,158.14600000000002,158.087,158.132,0
2026-01-20 19:30:00+00:00,158.13299999999998,158.21699999999998,158.1175,158.216,0
2026-01-20 19:45:00+00:00,158.216,158.2995,158.1955,158.2885,0
2026-01-21 14:00:00+00:00,157.88799999999998,158.0865,157.877,158.0195,0
2026-01-21 14:15:00+00:00,158.018,158.1015,157.96300000000002,158.04149999999998,0
2026-01-21 14:30:00+00:00,158.0405,158.1285,157.9905,158.0995,0
2026-01-21 14:45:00+00:00,158.101,158.1515,158.058,158.1135,0
2026-01-22 06:00:00+00:00,158.7165,158.8025,158.707,158.7685,0
2026-01-22 06:15:00+00:00,158.7685,158.8505,158.76749999999998,158.8095,0
2026-01-22 06:30:00+00:00,158.8105,158.8245,158.73200000000003,158.7505,0
2026-01-22 06:45:00+00:00,158.75099999999998,158.8065,158.7425,158.77949999999998,0
2026-01-22 14:00:00+00:00,158.698,158.7635,158.66649999999998,158.7465,0
2026-01-22 14:15:00+00:00,158.7465,158.751,158.61,158.6225,0
2026-01-22 14:30:00+00:00,158.6225,158.6365,158.537,158.5885,0
2026-01-22 14:45:00+00:00,158.589,158.63049999999998,158.558,158.61450000000002,0
2026-01-23 12:00:00+00:00,158.139,158.1845,158.09550000000002,158.1605,0
2026-01-23 12:15:00+00:00,158.1615,158.199,158.1465,158.19400000000002,0
2026-01-23 12:30:00+00:00,158.1935,158.26600000000002,158.1705,158.24450000000002,0
2026-01-23 12:45:00+00:00,158.243,158.24849999999998,158.156,158.1565,0
2026-01-26 00:00:00+00:00,155.151,155.34750000000003,154.9405,155.168,0
2026-01-26 00:15:00+00:00,155.1695,155.215,154.9525,155.06099999999998,0
2026-01-26 00:30:00+00:00,155.0565,155.147,154.765,154.803,0
2026-01-26 00:45:00+00:00,154.805,154.8995,154.668,154.8425,0
2026-01-26 16:00:00+00:00,153.815,153.9725,153.7175,153.9665,0
2026-01-26 16:15:00+00:00,153.965,154.03,153.93200000000002,154.004,0
2026-01-26 16:30:00+00:00,154.0025,154.0165,153.8585,153.90949999999998,0
2026-01-26 16:45:00+00:00,153.909,153.909,153.8,153.8885,0
2026-01-27 06:00:00+00:00,154.5035,154.543,154.4675,154.53,0
2026-01-27 06:15:00+00:00,154.53050000000002,154.59699999999998,154.5145,154.5925,0
2026-01-27 06:30:00+00:00,154.59050000000002,154.6115,154.4495,154.4595,0
2026-01-27 06:45:00+00:00,154.4605,154.5475,154.372,154.5345,0
2026-01-27 18:00:00+00:00,152.76799999999997,152.8505,152.5745,152.841,0
2026-01-27 18:15:00+00:00,152.84,152.8835,152.762,152.77249999999998,0
2026-01-27 18:30:00+00:00,152.7715,152.8055,152.7065,152.73399999999998,0
2026-01-27 18:45:00+00:00,152.733,152.77499999999998,152.6565,152.7655,0
2026-01-28 09:00:00+00:00,152.64,152.7665,152.606,152.6875,0
2026-01-28 09:15:00+00:00,152.684,152.7095,152.596,152.643,0
2026-01-28 09:30:00+00:00,152.65,152.736,152.56599999999997,152.6985,0
2026-01-28 09:45:00+00:00,152.6995,152.7295,152.6055,152.716,0
2026-01-28 21:00:00+00:00,153.3825,153.40499999999997,153.3,153.34449999999998,0
2026-01-28 21:15:00+00:00,153.345,153.4665,153.339,153.45499999999998,0
2026-01-28 21:30:00+00:00,153.45600000000002,153.461,153.372,153.4315,0
2026-01-28 21:45:00+00:00,153.43200000000002,153.45,153.3935,153.41250000000002,0
2026-01-29 12:00:00+00:00,153.45850000000002,153.477,153.3665,153.36849999999998,0
2026-01-29 12:15:00+00:00,153.36950000000002,153.434,153.3675,153.37099999999998,0
2026-01-29 12:30:00+00:00,153.3705,153.424,153.369,153.3775,0
2026-01-29 12:45:00+00:00,153.3775,153.3785,153.22750000000002,153.22750000000002,0
2026-01-30 05:00:00+00:00,153.925,153.9905,153.79000000000002,153.828,0
2026-01-30 05:15:00+00:00,153.83100000000002,153.9475,153.774,153.9205,0
2026-01-30 05:30:00+00:00,153.92149999999998,154.145,153.898,154.099,0
2026-01-30 05:45:00+00:00,154.095,154.09699999999998,153.9205,153.9205,0
2026-02-02 15:00:00+00:00,155.314,155.57999999999998,155.314,155.566,0
2026-02-02 15:15:00+00:00,155.56400000000002,155.6605,155.50549999999998,155.54149999999998,0
2026-02-02 15:30:00+00:00,155.5405,155.6885,155.5115,155.686,0
2026-02-02 15:45:00+00:00,155.6855,155.7035,155.6255,155.6685,0
2026-02-03 05:00:00+00:00,155.41750000000002,155.4435,155.4005,155.42849999999999,0
2026-02-03 05:15:00+00:00,155.429,155.4765,155.4235,155.4235,0
2026-02-03 05:30:00+00:00,155.422,155.426,155.3425,155.42000000000002,0
2026-02-03 05:45:00+00:00,155.4195,155.4615,155.397,155.4315,0
2026-02-03 19:00:00+00:00,155.6525,155.7565,155.649,155.7465,0
2026-02-03 19:15:00+00:00,155.7455,155.8055,155.71550000000002,155.7175,0
2026-02-03 19:30:00+00:00,155.72,155.7545,155.6925,155.75400000000002,0
2026-02-03 19:45:00+00:00,155.7535,155.788,155.7295,155.777,0
2026-02-04 09:00:00+00:00,156.4645,156.47899999999998,156.397,156.4145,0
2026-02-04 09:15:00+00:00,156.414,156.488,156.414,156.4875,0
2026-02-04 09:30:00+00:00,156.488,156.5875,156.48000000000002,156.5775,0
2026-02-04 09:45:00+00:00,156.5775,156.66750000000002,156.5775,156.6485,0
2026-02-05 01:00:00+00:00,156.7835,156.904,156.7825,156.875,0
2026-02-05 01:15:00+00:00,156.87400000000002,156.9435,156.84550000000002,156.9385,0
2026-02-05 01:30:00+00:00,156.94,156.9415,156.892,156.9395,0
2026-02-05 01:45:00+00:00,156.94,156.94,156.8465,156.86399999999998,0
2026-02-05 14:00:00+00:00,156.594,156.772,156.594,156.6275,0
2026-02-05 14:15:00+00:00,156.6275,156.82150000000001,156.6005,156.81900000000002,0
2026-02-05 14:30:00+00:00,156.815,156.9205,156.7335,156.89,0
2026-02-05 14:45:00+00:00,156.8875,156.911,156.84050000000002,156.881,0
2026-02-06 08:00:00+00:00,156.89100000000002,156.945,156.8465,156.89249999999998,0
2026-02-06 08:15:00+00:00,156.8915,156.9275,156.79649999999998,156.8265,0
2026-02-06 08:30:00+00:00,156.8275,156.8845,156.8115,156.8745,0
2026-02-06 08:45:00+00:00,156.8755,156.9905,156.84199999999998,156.9895,0
2026-02-08 23:00:00+00:00,157.435,157.65050000000002,157.38150000000002,157.6445,0
2026-02-08 23:15:00+00:00,157.64499999999998,157.661,157.5775,157.591,0
2026-02-08 23:30:00+00:00,157.589,157.63,157.324,157.447,0
2026-02-08 23:45:00+00:00,157.44650000000001,157.44650000000001,157.0895,157.251,0
2026-02-09 13:00:00+00:00,156.38299999999998,156.394,156.1235,156.1485,0
2026-02-09 13:15:00+00:00,156.151,156.1995,155.9905,156.1095,0
2026-02-09 13:30:00+00:00,156.1105,156.19650000000001,155.97000000000003,156.179,0
2026-02-09 13:45:00+00:00,156.178,156.1875,155.913,155.9315,0
2026-02-10 18:00:00+00:00,154.38150000000002,154.4385,154.3705,154.4315,0
2026-02-10 18:15:00+00:00,154.428,154.4975,154.41649999999998,154.4975,0
2026-02-10 18:30:00+00:00,154.497,154.5445,154.473,154.477,0
2026-02-10 18:45:00+00:00,154.4785,154.53050000000002,154.4725,154.4995,0
2026-02-11 12:00:00+00:00,153.496,153.6055,153.469,153.55149999999998,0
2026-02-11 12:15:00+00:00,153.5525,153.6435,153.536,153.5795,0
2026-02-11 12:30:00+00:00,153.579,153.6625,153.5675,153.601,0
2026-02-11 12:45:00+00:00,153.6015,153.627,153.5285,153.6005,0
2026-02-11 20:00:00+00:00,152.945,153.071,152.9225,153.002,0
2026-02-11 20:15:00+00:00,153.0025,153.089,153.0025,153.036,0
2026-02-11 20:30:00+00:00,153.0365,153.1465,153.0325,153.144,0
2026-02-11 20:45:00+00:00,153.1475,153.25400000000002,153.12900000000002,153.2175,0
2026-02-12 05:00:00+00:00,152.85399999999998,152.9795,152.82150000000001,152.923,0
2026-02-12 05:15:00+00:00,152.92700000000002,153.087,152.8965,153.086,0
2026-02-12 05:30:00+00:00,153.08499999999998,153.192,153.0475,153.1495,0
2026-02-12 05:45:00+00:00,153.1505,153.1735,153.04,153.1035,0
2026-02-12 21:00:00+00:00,152.688,152.75900000000001,152.66899999999998,152.752,0
2026-02-12 21:15:00+00:00,152.753,152.77100000000002,152.7335,152.7505,0
2026-02-12 21:30:00+00:00,152.751,152.773,152.73000000000002,152.767,0
2026-02-12 21:45:00+00:00,152.76600000000002,152.791,152.726,152.73700000000002,0
2026-02-13 13:00:00+00:00,153.2475,153.30450000000002,153.208,153.2815,0
2026-02-13 13:15:00+00:00,153.28300000000002,153.3385,153.2525,153.293,0
2026-02-13 13:30:00+00:00,153.2935,153.29649999999998,152.921,153.2505,0
2026-02-13 13:45:00+00:00,153.2505,153.2735,152.964,153.067,0
2026-02-16 16:00:00+00:00,153.465,153.5225,153.4035,153.4125,0
2026-02-16 16:15:00+00:00,153.409,153.493,153.40449999999998,153.4845,0
2026-02-16 16:30:00+00:00,153.48399999999998,153.501,153.45999999999998,153.481,0
2026-02-16 16:45:00+00:00,153.48250000000002,153.574,153.475,153.4915,0
2026-02-18 02:00:00+00:00,153.44650000000001,153.60250000000002,153.4455,153.5935,0
2026-02-18 02:15:00+00:00,153.5925,153.7035,153.57150000000001,153.6375,0
2026-02-18 02:30:00+00:00,153.6395,153.6705,153.5685,153.5925,0
2026-02-18 02:45:00+00:00,153.59449999999998,153.60649999999998,153.494,153.51999999999998,0
2026-02-19 00:00:00+00:00,154.6885,154.7265,154.62099999999998,154.7255,0
2026-02-19 00:15:00+00:00,154.7245,154.789,154.70850000000002,154.73899999999998,0
2026-02-19 00:30:00+00:00,154.7335,154.836,154.6645,154.796,0
2026-02-19 00:45:00+00:00,154.7945,154.8295,154.6525,154.7335,0
2026-02-19 11:00:00+00:00,154.7055,154.7245,154.6445,154.6725,0
2026-02-19 11:15:00+00:00,154.668,154.7175,154.6245,154.632,0
2026-02-19 11:30:00+00:00,154.631,154.7235,154.631,154.704,0
2026-02-19 11:45:00+00:00,154.7025,154.7025,154.57600000000002,154.6275,0
2026-02-19 22:00:00+00:00,155.00900000000001,155.05200000000002,154.97199999999998,155.05200000000002,0
2026-02-19 22:15:00+00:00,155.0525,155.05849999999998,154.922,154.9265,0
2026-02-19 22:30:00+00:00,154.9265,154.92899999999997,154.9005,154.917,0
2026-02-19 22:45:00+00:00,154.91649999999998,154.98450000000003,154.9155,154.983,0
2026-02-20 04:00:00+00:00,155.144,155.144,155.073,155.1025,0
2026-02-20 04:15:00+00:00,155.10399999999998,155.13,155.084,155.1285,0
2026-02-20 04:30:00+00:00,155.13,155.209,155.13,155.15449999999998,0
2026-02-20 04:45:00+00:00,155.1585,155.2255,155.1405,155.2095,0
2026-02-23 11:00:00+00:00,154.79500000000002,154.8505,154.75650000000002,154.84449999999998,0
2026-02-23 11:15:00+00:00,154.8435,154.894,154.7975,154.8915,0
2026-02-23 11:30:00+00:00,154.89,154.947,154.8765,154.9245,0
2026-02-23 11:45:00+00:00,154.9265,154.9375,154.8915,154.9245,0
2026-02-23 15:00:00+00:00,154.54950000000002,154.55349999999999,154.356,154.3905,0
2026-02-23 15:15:00+00:00,154.39100000000002,154.4755,154.38,154.425,0
2026-02-23 15:30:00+00:00,154.4245,154.527,154.401,154.493,0
2026-02-23 15:45:00+00:00,154.4915,154.50599999999997,154.379,154.4275,0
2026-02-23 21:00:00+00:00,154.71300000000002,154.7335,154.67399999999998,154.72899999999998,0
2026-02-23 21:15:00+00:00,154.728,154.755,154.703,154.7545,0
2026-02-23 21:30:00+00:00,154.75549999999998,154.76600000000002,154.70350000000002,154.7255,0
2026-02-23 21:45:00+00:00,154.7245,154.7265,154.639,154.639,0
2026-02-24 14:00:00+00:00,156.05700000000002,156.1215,155.977,156.11,0
2026-02-24 14:15:00+00:00,156.10899999999998,156.1745,156.06099999999998,156.07600000000002,0
2026-02-24 14:30:00+00:00,156.0765,156.1015,155.937,156.0755,0
2026-02-24 14:45:00+00:00,156.0745,156.1015,155.92000000000002,155.971,0
2026-02-25 04:00:00+00:00,155.827,156.04500000000002,155.825,156.0195,0
2026-02-25 04:15:00+00:00,156.0205,156.023,155.861,155.9105,0
2026-02-25 04:30:00+00:00,155.9115,155.924,155.8225,155.86200000000002,0
2026-02-25 04:45:00+00:00,155.861,155.875,155.702,155.736,0
2026-02-25 14:00:00+00:00,156.69650000000001,156.73000000000002,156.6165,156.728,0
2026-02-25 14:15:00+00:00,156.7285,156.76,156.594,156.61950000000002,0
2026-02-25 14:30:00+00:00,156.61950000000002,156.63,156.4795,156.4795,0
2026-02-25 14:45:00+00:00,156.478,156.622,156.4445,156.6165,0
2026-02-25 22:00:00+00:00,156.3845,156.42950000000002,156.3225,156.363,0
2026-02-25 22:15:00+00:00,156.3605,156.36599999999999,156.264,156.264,0
2026-02-25 22:30:00+00:00,156.2645,156.4225,156.25150000000002,156.36450000000002,0
2026-02-25 22:45:00+00:00,156.36450000000002,156.36450000000002,156.3195,156.32150000000001,0
2026-02-26 13:00:00+00:00,156.0755,156.11599999999999,156.046,156.083,0
2026-02-26 13:15:00+00:00,156.0775,156.0775,155.9425,155.994,0
2026-02-26 13:30:00+00:00,155.995,156.089,155.9755,156.084,0
2026-02-26 13:45:00+00:00,156.0815,156.176,156.0625,156.16199999999998,0
2026-02-27 04:00:00+00:00,155.77499999999998,155.8095,155.724,155.80349999999999,0
2026-02-27 04:15:00+00:00,155.804,155.8375,155.627,155.627,0
2026-02-27 04:30:00+00:00,155.6255,155.6685,155.5455,155.591,0
2026-02-27 04:45:00+00:00,155.5915,155.6115,155.5395,155.591,0
2026-03-02 14:00:00+00:00,157.5205,157.5655,157.4145,157.51100000000002,0
2026-03-02 14:15:00+00:00,157.5115,157.567,157.435,157.55,0
2026-03-02 14:30:00+00:00,157.547,157.5685,157.42200000000003,157.4715,0
2026-03-02 14:45:00+00:00,157.471,157.5255,157.41500000000002,157.4925,0
2026-03-03 03:00:00+00:00,157.2495,157.29199999999997,157.2,157.277,0
2026-03-03 03:15:00+00:00,157.2735,157.3885,157.27100000000002,157.3265,0
2026-03-03 03:30:00+00:00,157.32600000000002,157.33350000000002,157.226,157.2345,0
2026-03-03 03:45:00+00:00,157.235,157.286,157.22500000000002,157.28300000000002,0
2026-03-03 11:00:00+00:00,157.8395,157.9395,157.8045,157.9145,0
2026-03-03 11:15:00+00:00,157.9115,157.97050000000002,157.90800000000002,157.96300000000002,0
2026-03-03 11:30:00+00:00,157.9625,157.9675,157.8635,157.90449999999998,0
2026-03-03 11:45:00+00:00,157.906,157.9355,157.6735,157.683,0
2026-03-03 23:00:00+00:00,157.5855,157.676,157.559,157.5605,0
2026-03-03 23:15:00+00:00,157.5625,157.675,157.5545,157.6445,0
2026-03-03 23:30:00+00:00,157.643,157.733,157.631,157.707,0
2026-03-03 23:45:00+00:00,157.70800000000003,157.7955,157.6955,157.7665,0
2026-03-04 06:00:00+00:00,157.57,157.6555,157.57,157.62599999999998,0
2026-03-04 06:15:00+00:00,157.627,157.6375,157.536,157.574,0
2026-03-04 06:30:00+00:00,157.57600000000002,157.577,157.40449999999998,157.426,0
2026-03-04 06:45:00+00:00,157.42899999999997,157.476,157.382,157.4335,0
2026-03-04 21:00:00+00:00,157.09199999999998,157.1185,157.0625,157.0935,0
2026-03-04 21:15:00+00:00,157.09199999999998,157.0945,157.0285,157.046,0
2026-03-04 21:30:00+00:00,157.0475,157.08300000000003,157.02949999999998,157.06599999999997,0
2026-03-04 21:45:00+00:00,157.0645,157.087,157.01600000000002,157.061,0
2026-03-05 11:00:00+00:00,157.2945,157.3445,157.2425,157.284,0
2026-03-05 11:15:00+00:00,157.2835,157.3545,157.243,157.3185,0
2026-03-05 11:30:00+00:00,157.31900000000002,157.3655,157.2975,157.35899999999998,0
2026-03-05 11:45:00+00:00,157.3605,157.36599999999999,157.308,157.35000000000002,0
2026-03-09 12:00:00+00:00,158.47,158.49599999999998,158.4105,158.435,0
2026-03-09 12:15:00+00:00,158.433,158.4485,158.3515,158.38299999999998,0
2026-03-09 12:30:00+00:00,158.38400000000001,158.48250000000002,158.365,158.477,0
2026-03-09 12:45:00+00:00,158.478,158.601,158.46499999999997,158.57299999999998,0
2026-03-10 04:00:00+00:00,157.8905,157.93200000000002,157.8365,157.8375,0
2026-03-10 04:15:00+00:00,157.8395,157.861,157.798,157.8285,0
2026-03-10 04:30:00+00:00,157.8305,157.8535,157.7775,157.7805,0
2026-03-10 04:45:00+00:00,157.7815,157.8225,157.7635,157.7785,0
2026-03-10 12:00:00+00:00,157.798,157.926,157.78699999999998,157.91000000000003,0
2026-03-10 12:15:00+00:00,157.91199999999998,157.97050000000002,157.9025,157.95850000000002,0
2026-03-10 12:30:00+00:00,157.95800000000003,157.97899999999998,157.898,157.93900000000002,0
2026-03-10 12:45:00+00:00,157.9385,157.9385,157.761,157.81099999999998,0
2026-03-10 20:00:00+00:00,158.0355,158.0905,158.002,158.01600000000002,0
2026-03-10 20:15:00+00:00,158.0165,158.04399999999998,157.97500000000002,158.0285,0
2026-03-10 20:30:00+00:00,158.025,158.0885,158.025,158.0395,0
2026-03-10 20:45:00+00:00,158.039,158.0745,158.03500000000003,158.0485,0
2026-03-11 12:00:00+00:00,158.4995,158.539,158.459,158.50099999999998,0
2026-03-11 12:15:00+00:00,158.5015,158.502,158.3585,158.40449999999998,0
2026-03-11 12:30:00+00:00,158.4135,158.5335,158.325,158.5165,0
2026-03-11 12:45:00+00:00,158.5185,158.6285,158.5185,158.61200000000002,0
2026-03-11 20:00:00+00:00,158.9485,158.971,158.925,158.93,0
2026-03-11 20:15:00+00:00,158.93,158.95850000000002,158.9205,158.9385,0
2026-03-11 20:30:00+00:00,158.938,158.9665,158.92849999999999,158.96300000000002,0
2026-03-11 20:45:00+00:00,158.962,158.9695,158.948,158.9555,0
2026-03-12 11:00:00+00:00,158.719,158.74599999999998,158.67700000000002,158.7215,0
2026-03-12 11:15:00+00:00,158.72050000000002,158.7265,158.66199999999998,158.6745,0
2026-03-12 11:30:00+00:00,158.67399999999998,158.67399999999998,158.5695,158.614,0
2026-03-12 11:45:00+00:00,158.61599999999999,158.716,158.58300000000003,158.69400000000002,0
2026-03-12 19:00:00+00:00,159.4035,159.4275,159.3835,159.418,0
2026-03-12 19:15:00+00:00,159.418,159.43099999999998,159.4065,159.421,0
2026-03-12 19:30:00+00:00,159.4215,159.4215,159.31799999999998,159.3305,0
2026-03-12 19:45:00+00:00,159.332,159.39499999999998,159.315,159.3725,0
2026-03-13 04:00:00+00:00,159.36,159.409,159.3485,159.4065,0
2026-03-13 04:15:00+00:00,159.406,159.45749999999998,159.3745,159.435,0
2026-03-13 04:30:00+00:00,159.43599999999998,159.687,159.43599999999998,159.523,0
2026-03-13 04:45:00+00:00,159.522,159.5395,159.43900000000002,159.5075,0
2026-03-16 05:00:00+00:00,159.56400000000002,159.5855,159.473,159.483,0
2026-03-16 05:15:00+00:00,159.486,159.486,159.4065,159.413,0
2026-03-16 05:30:00+00:00,159.4135,159.4145,159.34550000000002,159.39600000000002,0
2026-03-16 05:45:00+00:00,159.39499999999998,159.4015,159.321,159.345,0
2026-03-16 10:00:00+00:00,159.3195,159.348,159.2645,159.2865,0
2026-03-16 10:15:00+00:00,159.286,159.286,159.20299999999997,159.262,0
2026-03-16 10:30:00+00:00,159.2615,159.291,159.2335,159.2535,0
2026-03-16 10:45:00+00:00,159.2525,159.2655,159.2155,159.2255,0
2026-03-17 03:00:00+00:00,159.36599999999999,159.40699999999998,159.332,159.341,0
2026-03-17 03:15:00+00:00,159.34300000000002,159.3435,159.317,159.31799999999998,0
2026-03-17 03:30:00+00:00,159.3175,159.3425,159.279,159.2975,0
2026-03-17 03:45:00+00:00,159.2975,159.359,159.2975,159.3525,0
2026-03-17 08:00:00+00:00,159.235,159.238,159.1255,159.1575,0
2026-03-17 08:15:00+00:00,159.16,159.214,159.12900000000002,159.13400000000001,0
2026-03-17 08:30:00+00:00,159.1335,159.22000000000003,159.0845,159.0895,0
2026-03-17 08:45:00+00:00,159.0925,159.142,159.0595,159.108,0
2026-03-18 15:00:00+00:00,159.4245,159.44650000000001,159.37099999999998,159.4325,0
2026-03-18 15:15:00+00:00,159.4325,159.49599999999998,159.417,159.46699999999998,0
2026-03-18 15:30:00+00:00,159.4675,159.47199999999998,159.404,159.43200000000002,0
2026-03-18 15:45:00+00:00,159.4335,159.49650000000003,159.4095,159.486,0
2026-03-18 20:00:00+00:00,159.8275,159.84750000000003,159.81099999999998,159.84449999999998,0
2026-03-18 20:15:00+00:00,159.845,159.89600000000002,159.80900000000003,159.892,0
2026-03-18 20:30:00+00:00,159.89249999999998,159.89999999999998,159.8675,159.87650000000002,0
2026-03-18 20:45:00+00:00,159.877,159.901,159.8605,159.86599999999999,0
2026-03-19 01:00:00+00:00,159.77949999999998,159.81599999999997,159.6955,159.6985,0
2026-03-19 01:15:00+00:00,159.69400000000002,159.7345,159.6715,159.678,0
2026-03-19 01:30:00+00:00,159.676,159.676,159.5855,159.631,0
2026-03-19 01:45:00+00:00,159.63,159.6765,159.611,159.664,0
2026-03-19 17:00:00+00:00,158.04700000000003,158.096,158.005,158.01600000000002,0
2026-03-19 17:15:00+00:00,158.017,158.02100000000002,157.861,157.8885,0
2026-03-19 17:30:00+00:00,157.88799999999998,157.902,157.829,157.83499999999998,0
2026-03-19 17:45:00+00:00,157.836,157.85000000000002,157.7995,157.81400000000002,0
2026-03-20 09:00:00+00:00,158.4875,158.5785,158.45299999999997,158.554,0
2026-03-20 09:15:00+00:00,158.5545,158.661,158.5545,158.6335,0
2026-03-20 09:30:00+00:00,158.6315,158.7285,158.628,158.7015,0
2026-03-20 09:45:00+00:00,158.70499999999998,158.864,158.7015,158.836,0
2026-03-20 14:00:00+00:00,159.022,159.1455,159.00799999999998,159.1385,0
2026-03-20 14:15:00+00:00,159.1375,159.18,159.102,159.16750000000002,0
2026-03-20 14:30:00+00:00,159.17000000000002,159.1715,159.075,159.1355,0
2026-03-20 14:45:00+00:00,159.13600000000002,159.1705,159.0765,159.1295,0
2026-03-20 20:00:00+00:00,159.30349999999999,159.327,159.28,159.2995,0
2026-03-20 20:15:00+00:00,159.3025,159.32999999999998,159.28949999999998,159.298,0
2026-03-20 20:30:00+00:00,159.296,159.31900000000002,159.28699999999998,159.29950000000002,0
2026-03-20 20:45:00+00:00,159.3055,159.314,159.2215,159.228,0
2026-03-22 22:00:00+00:00,159.2765,159.4685,159.2765,159.449,0
2026-03-22 22:15:00+00:00,159.448,159.4725,159.277,159.304,0
2026-03-22 22:30:00+00:00,159.30450000000002,159.393,159.2375,159.3765,0
2026-03-22 22:45:00+00:00,159.374,159.3765,159.2945,159.2975,0
2026-03-24 01:00:00+00:00,158.575,158.60500000000002,158.4485,158.4525,0
2026-03-24 01:15:00+00:00,158.45299999999997,158.547,158.45299999999997,158.54000000000002,0
2026-03-24 01:30:00+00:00,158.539,158.643,158.5375,158.5655,0
2026-03-24 01:45:00+00:00,158.566,158.64249999999998,158.5495,158.586,0
2026-03-24 13:00:00+00:00,158.82,158.9365,158.7705,158.898,0
2026-03-24 13:15:00+00:00,158.8965,158.94650000000001,158.8705,158.9305,0
2026-03-24 13:30:00+00:00,158.9295,158.95600000000002,158.8665,158.91899999999998,0
2026-03-24 13:45:00+00:00,158.918,158.939,158.8045,158.8065,0
2026-03-25 05:00:00+00:00,158.88549999999998,158.94400000000002,158.88549999999998,158.9205,0
2026-03-25 05:15:00+00:00,158.9225,158.9455,158.921,158.94400000000002,0
2026-03-25 05:30:00+00:00,158.945,158.971,158.921,158.947,0
2026-03-25 05:45:00+00:00,158.949,159.0205,158.94650000000001,158.995,0
2026-03-25 21:00:00+00:00,159.472,159.4845,159.404,159.404,0
2026-03-25 21:15:00+00:00,159.402,159.4155,159.385,159.3965,0
2026-03-25 21:30:00+00:00,159.3955,159.4135,159.38799999999998,159.3915,0
2026-03-25 21:45:00+00:00,159.392,159.467,159.385,159.398,0
2026-03-26 13:00:00+00:00,159.6355,159.659,159.5765,159.5995,0
2026-03-26 13:15:00+00:00,159.60000000000002,159.602,159.5345,159.5555,0
2026-03-26 13:30:00+00:00,159.56,159.62,159.49099999999999,159.4915,0
2026-03-26 13:45:00+00:00,159.49400000000003,159.624,159.47050000000002,159.526,0
2026-03-27 03:00:00+00:00,159.52949999999998,159.55700000000002,159.5045,159.5545,0
2026-03-27 03:15:00+00:00,159.55399999999997,159.5945,159.5445,159.578,0
2026-03-27 03:30:00+00:00,159.57999999999998,159.6025,159.5585,159.5785,0
2026-03-27 03:45:00+00:00,159.578,159.6255,159.5675,159.6165,0
2026-03-27 16:00:00+00:00,160.164,160.296,160.1135,160.11900000000003,0
2026-03-27 16:15:00+00:00,160.11900000000003,160.14999999999998,160.0995,160.10399999999998,0
2026-03-27 16:30:00+00:00,160.1055,160.16500000000002,160.07,160.118,0
2026-03-27 16:45:00+00:00,160.1175,160.159,160.0865,160.1455,0
2026-03-30 05:00:00+00:00,159.7975,159.8105,159.7045,159.7455,0
2026-03-30 05:15:00+00:00,159.74200000000002,159.7905,159.70749999999998,159.7655,0
2026-03-30 05:30:00+00:00,159.765,159.7765,159.68,159.7435,0
2026-03-30 05:45:00+00:00,159.74200000000002,159.7435,159.6745,159.731,0
2026-03-31 01:00:00+00:00,159.88400000000001,159.973,159.84199999999998,159.8775,0
2026-03-31 01:15:00+00:00,159.8765,159.8785,159.7585,159.77800000000002,0
2026-03-31 01:30:00+00:00,159.7785,159.779,159.6995,159.724,0
2026-03-31 01:45:00+00:00,159.7235,159.755,159.66699999999997,159.75099999999998,0
2026-04-01 01:00:00+00:00,158.789,159.01299999999998,158.7775,158.8465,0
2026-04-01 01:15:00+00:00,158.84699999999998,158.88600000000002,158.7475,158.7495,0
2026-04-01 01:30:00+00:00,158.7485,158.9375,158.7365,158.8555,0
2026-04-01 01:45:00+00:00,158.856,158.8735,158.7465,158.7575,0
2026-04-02 05:00:00+00:00,159.344,159.40550000000002,159.3375,159.402,0
2026-04-02 05:15:00+00:00,159.4025,159.40699999999998,159.3515,159.3725,0
2026-04-02 05:30:00+00:00,159.3715,159.426,159.349,159.3955,0
2026-04-02 05:45:00+00:00,159.397,159.44650000000001,159.3755,159.4425,0
2026-04-02 13:00:00+00:00,159.63,159.6925,159.596,159.6735,0
2026-04-02 13:15:00+00:00,159.6725,159.6725,159.574,159.58499999999998,0
2026-04-02 13:30:00+00:00,159.586,159.649,159.5655,159.64299999999997,0
2026-04-02 13:45:00+00:00,159.644,159.6455,159.45499999999998,159.469,0
2026-04-02 21:00:00+00:00,159.6105,159.611,159.6015,159.603,0
2026-04-02 21:15:00+00:00,159.603,159.6035,159.55849999999998,159.56400000000002,0
2026-04-02 21:30:00+00:00,159.5645,159.595,159.562,159.578,0
2026-04-02 21:45:00+00:00,159.5775,159.586,159.566,159.574,0
2026-04-06 10:00:00+00:00,159.4325,159.45600000000002,159.4145,159.43599999999998,0
2026-04-06 10:15:00+00:00,159.4355,159.4665,159.435,159.45999999999998,0
2026-04-06 10:30:00+00:00,159.4605,159.47500000000002,159.44549999999998,159.4455,0
2026-04-06 10:45:00+00:00,159.445,159.5605,159.445,159.4615,0
2026-04-06 20:00:00+00:00,159.69650000000001,159.714,159.68400000000003,159.7075,0
2026-04-06 20:15:00+00:00,159.707,159.70800000000003,159.689,159.69549999999998,0
2026-04-06 20:30:00+00:00,159.695,159.707,159.68349999999998,159.684,0
2026-04-06 20:45:00+00:00,159.685,159.7015,159.672,159.68,0
2026-04-07 03:00:00+00:00,159.872,159.885,159.858,159.8775,0
2026-04-07 03:15:00+00:00,159.8765,159.8855,159.85700000000003,159.861,0
2026-04-07 03:30:00+00:00,159.86200000000002,159.8745,159.8245,159.8245,0
2026-04-07 03:45:00+00:00,159.825,159.8545,159.824,159.834,0
2026-04-07 10:00:00+00:00,159.638,159.748,159.6175,159.6555,0
2026-04-07 10:15:00+00:00,159.6565,159.76850000000002,159.6285,159.7235,0
2026-04-07 10:30:00+00:00,159.7225,159.7735,159.67700000000002,159.7335,0
2026-04-07 10:45:00+00:00,159.73399999999998,159.793,159.73399999999998,159.7855,0
2026-04-07 22:00:00+00:00,159.5695,159.571,159.38850000000002,159.4445,0
2026-04-07 22:15:00+00:00,159.4435,159.506,159.4305,159.45,0
2026-04-07 22:30:00+00:00,159.45,159.7525,159.054,159.161,0
2026-04-07 22:45:00+00:00,159.1605,159.218,158.85199999999998,158.922,0
2026-04-08 03:00:00+00:00,158.4345,158.4425,158.353,158.3655,0
2026-04-08 03:15:00+00:00,158.36599999999999,158.462,158.3555,158.402,0
2026-04-08 03:30:00+00:00,158.4035,158.4645,158.3795,158.3835,0
2026-04-08 03:45:00+00:00,158.38400000000001,158.45100000000002,158.3645,158.449,0
2026-04-08 16:00:00+00:00,158.392,158.43,158.3565,158.398,0
2026-04-08 16:15:00+00:00,158.3975,158.4485,158.3835,158.42700000000002,0
2026-04-08 16:30:00+00:00,158.426,158.4915,158.4085,158.485,0
2026-04-08 16:45:00+00:00,158.486,158.498,158.4185,158.422,0
2026-04-09 15:00:00+00:00,159.19,159.298,159.1715,159.2585,0
2026-04-09 15:15:00+00:00,159.2615,159.262,159.1215,159.166,0
2026-04-09 15:30:00+00:00,159.1625,159.18349999999998,158.9175,158.9485,0
2026-04-09 15:45:00+00:00,158.94799999999998,158.98000000000002,158.86599999999999,158.8725,0
2026-04-10 00:00:00+00:00,159.09449999999998,159.20299999999997,159.09449999999998,159.18,0
2026-04-10 00:15:00+00:00,159.17950000000002,159.238,159.17700000000002,159.228,0
2026-04-10 00:30:00+00:00,159.2275,159.2415,159.1985,159.226,0
2026-04-10 00:45:00+00:00,159.2265,159.2435,159.1615,159.187,0
2026-04-10 08:00:00+00:00,159.34300000000002,159.3535,159.26999999999998,159.272,0
2026-04-10 08:15:00+00:00,159.27100000000002,159.29399999999998,159.2585,159.2815,0
2026-04-10 08:30:00+00:00,159.28199999999998,159.288,159.24599999999998,159.2715,0
2026-04-10 08:45:00+00:00,159.27100000000002,159.33100000000002,159.2635,159.3195,0
2026-04-13 01:00:00+00:00,159.7055,159.75799999999998,159.656,159.684,0
2026-04-13 01:15:00+00:00,159.683,159.7475,159.6765,159.745,0
2026-04-13 01:30:00+00:00,159.7475,159.7845,159.728,159.75599999999997,0
2026-04-13 01:45:00+00:00,159.75400000000002,159.7565,159.679,159.6885,0
2026-04-13 09:00:00+00:00,159.7105,159.74099999999999,159.68349999999998,159.7245,0
2026-04-13 09:15:00+00:00,159.724,159.73399999999998,159.7025,159.7215,0
2026-04-13 09:30:00+00:00,159.72199999999998,159.724,159.6745,159.71300000000002,0
2026-04-13 09:45:00+00:00,159.7115,159.7425,159.7055,159.7355,0
2026-04-14 02:00:00+00:00,159.2105,159.2435,159.1845,159.21499999999997,0
2026-04-14 02:15:00+00:00,159.2155,159.265,159.199,159.25799999999998,0
2026-04-14 02:30:00+00:00,159.2575,159.26100000000002,159.1875,159.1895,0
2026-04-14 02:45:00+00:00,159.18900000000002,159.2065,159.1265,159.1445,0
2026-04-14 08:00:00+00:00,159.0725,159.122,159.02949999999998,159.1065,0
2026-04-14 08:15:00+00:00,159.10700000000003,159.1705,159.09199999999998,159.11950000000002,0
2026-04-14 08:30:00+00:00,159.119,159.1465,159.0685,159.07,0
2026-04-14 08:45:00+00:00,159.071,159.0965,159.027,159.0665,0
2026-04-15 15:00:00+00:00,158.9905,159.0285,158.93900000000002,158.97050000000002,0
2026-04-15 15:15:00+00:00,158.9715,159.00549999999998,158.865,158.89600000000002,0
2026-04-15 15:30:00+00:00,158.8965,158.99200000000002,158.89600000000002,158.9785,0
2026-04-15 15:45:00+00:00,158.9775,159.0285,158.9375,159.0265,0
2026-04-15 23:00:00+00:00,158.8715,158.872,158.7985,158.8295,0
2026-04-15 23:15:00+00:00,158.829,158.8555,158.80900000000003,158.84300000000002,0
2026-04-15 23:30:00+00:00,158.8435,158.885,158.825,158.8285,0
2026-04-15 23:45:00+00:00,158.82999999999998,158.83100000000002,158.79700000000003,158.81799999999998,0
2026-04-17 00:00:00+00:00,159.2095,159.2665,159.202,159.2255,0
2026-04-17 00:15:00+00:00,159.22500000000002,159.2515,159.1805,159.24,0
2026-04-17 00:30:00+00:00,159.238,159.252,159.224,159.236,0
2026-04-17 00:45:00+00:00,159.23700000000002,159.361,159.2245,159.333,0
2026-04-17 15:00:00+00:00,157.853,157.962,157.7965,157.9425,0
2026-04-17 15:15:00+00:00,157.94299999999998,158.1135,157.86200000000002,158.0925,0
2026-04-17 15:30:00+00:00,158.089,158.17849999999999,157.96699999999998,158.156,0
2026-04-17 15:45:00+00:00,158.154,158.167,158.0255,158.10199999999998,0
